t,global_true,global_noisy,num_pubs_total
0,38.931349999999995,57.09358748102782,40
1,39.16765416666667,-77.96417450218937,40
2,39.37955000000001,6.648619044015838,40
3,38.10624583333333,272.0541890130256,40
4,36.443312500000005,-896.165019622608,40
5,34.51981666666667,-234.83734563179416,42
6,33.905633333333334,117.46322891924447,40
7,33.7196,244.6609844068381,40
8,33.761688888888884,-196.775404516371,45
9,33.743514814814816,62.674812995337916,45
10,33.741451851851856,305.06914896971887,45
11,33.89962222222222,-120.99943952342262,45
12,34.26695555555555,-142.17387743575205,45
13,34.86831111111111,-236.95270573217329,45
14,36.47176111111111,-109.72495565665457,45
15,37.812844444444444,598.2269296746707,45
16,38.165837037037036,211.76266851475503,45
17,37.76506666666667,-152.00500082815603,45
18,37.40123333333334,215.33804184365857,45
19,37.29772222222222,-69.58421172643632,45
20,37.19186666666667,11.082088040464129,45
21,37.309777777777775,414.33389394642523,45
22,37.46649259259259,216.78680804327502,45
23,37.61861111111111,-32.98828827895427,45
24,37.8665,-148.35206370078023,45
25,38.17664444444445,-13.997588129258176,45
26,38.40202222222222,-757.3597934031092,45
27,37.29844444444444,-84.2106332046205,45
28,36.45549814814815,195.53729393694545,45
29,35.594522222222224,-584.7970626885888,45
30,35.36948888888889,74.52614064833959,45
31,34.9341625,81.47424663334252,40
32,34.98174444444444,-242.21687044700232,45
33,34.799955555555556,-13.081920117907437,45
34,35.6329925925926,-429.78070284749106,45
35,36.28304444444444,306.1277085036029,45
36,36.51506666666667,617.139484479761,45
37,36.586311111111115,-340.5213967887446,45
38,36.912822222222225,306.97561756060276,45
39,37.48782962962963,67.17726688217897,45
40,38.23082962962963,156.18807481001045,45
41,39.07451111111111,92.6927052446132,45
42,39.49185555555555,71.26949235511917,45
43,39.807566666666666,-528.5758641643685,45
44,40.09115555555555,-114.10866939837385,45
45,40.41723888888889,57.06050000166851,45
46,40.608896296296294,177.97584535332538,45
47,40.72457037037037,-82.00789604758211,45
48,40.77944444444445,-58.594968530765144,45
49,40.96124814814816,257.8623870995511,45
50,38.761488888888884,571.382298054556,45
51,36.69528888888889,297.7443687664002,45
52,35.24118148148148,-23.402747848529685,45
53,34.88337222222222,74.04692369713821,45
54,34.6443625,-33.968880812031614,40
55,34.15761481481481,-37.489488492572185,43
56,34.10159111111111,-149.43079189090363,45
57,34.06414074074074,-98.13551945062908,45
58,34.034333333333336,-394.5897895078525,45
59,34.056820370370374,35.99856097795206,45
60,34.333822222222224,-16.216890547717604,45
61,35.4390888888889,71.93987057192543,45
62,36.64756666666666,90.1494354871061,45
63,37.27831481481481,-185.75499813652297,45
64,37.926384722222224,414.2150710793541,43
65,38.30304652777778,453.6860684320542,43
66,38.59876064814815,81.18513129894785,43
67,38.76400347222222,-8.530007800146365,43
68,38.635141203703704,-20.84159936816399,43
69,38.51781111111111,-127.95604965709867,43
70,38.946075694444446,-71.0891068031633,43
71,39.54323611111111,-92.010355115081,43
72,40.04569722222222,-156.75582915631892,43
73,40.11068541666667,543.6162658227877,43
74,38.776712499999995,495.2792347569596,43
75,36.67450069444444,77.24948675534657,43
76,35.10783333333334,150.64557945603494,43
77,34.10966458333333,-42.79635818389349,40
78,33.028274999999994,-305.4147888809451,40
79,32.242900000000006,17.081702487364566,40
80,31.637455555555555,34.75761671629685,45
81,31.77555185185185,-276.1454561952697,45
82,32.01508750000001,43.55583575901996,40
83,32.40135,863.4251200660657,40
84,33.074891666666666,-14.051382569680989,40
85,35.3993125,-44.340432826195006,40
86,37.2658625,226.05019468076918,40
87,37.86560833333333,180.00485771915214,40
88,38.01453333333333,-55.62399805929479,40
89,37.97341458333333,100.38841392668074,40
90,37.70436666666667,54.55666815857397,40
91,37.4183625,-66.8957659674198,40
92,37.580975,-263.81713003510157,40
93,37.7976,-56.11335535853864,40
94,37.923125,19.9290498281944,40
95,38.1241,114.6340778886283,40
96,38.496541666666666,-96.75555739854747,40
97,38.68012916666667,104.99369064302232,40
98,38.18157083333334,-144.9530065042249,40
99,36.65940833333334,112.39958889997769,40
100,34.918437499999996,197.56530513842108,40
101,33.59425,197.42560106767684,40
102,32.66369999999999,79.04567804192646,43
103,31.89677777777778,-53.66156775367035,45
104,31.3950962962963,120.87130543179737,45
105,31.05262407407407,256.873588835378,45
106,31.028727777777778,82.32575877771784,45
107,31.391250000000003,626.4408783623949,45
108,31.760074074074076,575.3357331348204,45
109,32.8094962962963,-162.47006193497106,45
110,34.43847777777778,-511.58795017845506,45
111,35.53225555555555,-166.20848199888104,45
112,35.86768518518518,369.6056155975562,45
113,35.894614814814815,458.33521948953785,45
114,35.82985000000001,-117.56610575687277,45
115,35.69471851851851,-22.446810420433764,45
116,35.826166666666666,55.17001242882497,43
117,36.0443,-77.33767276248855,43
118,36.41354444444445,21.143852992040376,43
119,36.559118518518524,129.23111880269212,43
120,36.184451851851854,36.31692567415706,43
121,34.872275925925926,140.15299374615267,43
122,33.146483333333336,43.064217195141865,43
123,31.784662962962962,-1061.9518723800682,43
124,30.998475925925923,-12.998061637784772,43
125,30.51008703703703,27.572399635180926,43
126,30.066787037037038,-10.113403668242427,43
127,29.76617222222223,-34.321062095137826,43
128,29.85582222222222,30.084546739704,43
129,30.53853333333334,8.931654024367695,43
130,31.897105952380958,-328.1031457310433,38
131,34.15659074074074,-78.04367866833803,43
132,34.50210555555556,440.07646699100434,43
133,34.676773611111116,-538.15838816485,41
134,34.93149074074074,-434.97760764597047,43
135,34.9205037037037,-70.8777015038085,43
136,35.191266666666664,68.67040690482294,43
137,35.76648888888889,780.9838116990052,43
138,36.34022407407407,821.2429602351394,43
139,36.807540740740734,834.1298872635156,43
140,37.392133333333334,-244.22432372755503,43
141,37.85432592592592,112.0740172558937,43
142,38.45567222222222,47.602199838085795,43
143,38.863809259259256,-158.42927882615038,43
144,38.10018518518518,441.9810439883583,43
145,36.338300000000004,-98.77773657408491,43
146,34.923907407407405,1178.9373242309243,43
147,33.845874074074075,67.48083032009521,43
148,33.11899259259259,-153.5970098230364,43
149,32.51649259259259,-15.219863082471122,43
150,31.811638888888886,-148.5239467971245,43
151,31.644755555555555,-4.926967760787996,43
152,31.740816666666667,70.79781942674882,43
153,31.828066666666665,137.4466156600387,43
154,32.143205555555554,27.2005396987249,43
155,33.22856111111111,-55.95466597686856,43
156,36.043148214285715,71.47049531196029,38
157,39.57642202380953,13.479690102005566,38
158,41.70542037037036,-19.57804500897948,43
159,41.9710574074074,-40.286329282394874,43
160,40.87328333333333,-122.11725948507252,43
161,39.11307407407408,20.030752685543185,43
162,38.13457222222222,35.07434506047956,43
163,37.939194444444446,335.65890778423943,43
164,37.93980185185185,152.13892323413336,43
165,37.79745555555556,182.3405593201461,43
166,38.067277777777775,-15.237174517639303,43
167,37.88786296296296,-31.828210126602777,43
168,37.3386037037037,106.39269355910183,43
169,36.4688388888889,138.48053811645093,43
170,34.409881481481484,-241.3992826289097,43
171,32.173966666666665,-214.15966754480328,43
172,31.694155555555557,14.572362080062472,43
173,31.117696296296298,-181.1770395307758,43
174,30.863599999999998,508.56452628842766,43
175,31.023129629629626,240.25896712064286,43
176,32.28006666666667,39.93714856969798,43
177,35.74358303571429,-138.75429616104125,38
178,36.84102142857142,-238.93488522561876,38
179,34.819849999999995,654.0278634117922,41
180,34.537916666666675,133.99539571333372,43
181,34.73978703703704,271.53813081513016,43
182,35.50732962962964,-12.071728623381262,43
183,36.13045555555556,-92.20752650962623,43
184,36.625261111111115,-58.760906463806336,43
185,37.184053703703704,269.93440985343017,43
186,37.42990555555556,27.095662377531184,43
187,37.60925185185185,111.16229448411073,43
188,37.80318148148148,213.68262077685483,43
189,37.83233888888889,-88.92034378723227,43
190,38.12210555555556,-303.81793956689376,43
191,38.228935185185186,154.78023403335925,43
192,36.96128928571429,576.1803365360457,38
193,34.53575476190476,535.9527603927592,38
194,32.42887222222222,28.859615966026375,43
195,31.272357407407405,88.39741986644694,43
196,30.427053703703706,147.14161889509543,43
197,29.564951851851852,333.53294796120315,43
198,29.163775925925925,-180.22947687117554,43
199,29.7138,-9.085695998268811,43
200,30.511416666666662,-3.2196175594218843,43
201,31.168532142857146,135.63926886973695,38
202,32.072991666666674,-0.5026951910825019,40
203,33.189641666666674,285.1067963355054,40
204,33.714774999999996,270.46056792718036,40
205,34.37214375,-358.28233822068785,40
206,35.15072407407407,-54.627274181227214,45
207,35.24640624999999,675.2933475849784,40
208,35.55029999999999,-434.05048538840913,45
209,36.020681481481475,33.29505708902156,45
210,36.225370370370364,454.2323346642725,45
211,36.562392592592595,209.11499290133506,45
212,37.31469629629629,-56.890639215660556,45
213,37.904714814814824,75.9085199190416,45
214,38.530837037037045,12.204180488097936,45
215,38.5641,74.88688594868307,45
216,37.30900555555556,312.6571122124835,45
217,35.308187499999995,58.175519145937905,40
218,34.22128333333333,31.666663382772512,45
219,32.39711111111111,-47.34858251740268,45
220,30.1741,-98.03874448922569,40
221,29.209244444444447,44.91623029170714,45
222,28.620222222222218,-292.20966961874507,45
223,28.577425925925922,84.83639100608943,45
224,28.557612962962963,188.28676461710688,45
225,28.502757142857142,577.6113974159714,35
226,28.370090476190473,133.70572067646978,35
227,27.840500000000002,23.10207574034301,40
228,28.098725,22.17766013122321,40
229,29.072570833333334,570.8401966183047,40
230,30.757150000000003,-141.4633633482954,40
231,32.32296666666666,-2.243992891739623,45
232,32.64295,808.4684930388929,40
233,33.22756666666666,-476.60382008470435,45
234,33.519083333333334,125.12035303997325,45
235,34.154229629629626,-497.20455407104646,45
236,34.88830740740741,-43.96244774767035,45
237,35.41973888888889,-305.3721849015006,45
238,36.9664074074074,-337.36753300803184,45
239,38.15447407407407,-228.7653605263955,45
240,37.67941111111111,-154.87516233148162,45
241,36.585574074074074,89.00713227520154,45
242,35.85116666666667,12.474790810636758,45
243,35.293622222222226,228.02964095209,45
244,34.76120740740741,-95.87620183397287,45
245,34.242911111111106,-137.72271637847012,45
246,33.8915037037037,131.90026304022007,45
247,34.01134583333333,286.183373747456,40
248,33.964624074074074,56.30950508974111,45
249,33.95995555555555,127.41239145794475,45
250,33.789408333333334,80.99060992855374,40
251,36.38953333333333,61.60074337692619,40
252,39.98979166666667,295.14685097663767,40
253,41.14294375000001,407.04856761564474,40
254,42.03221111111111,255.6070371727316,45
255,42.36393703703703,-77.71406514220969,45
256,42.679670370370374,292.80421751344636,45
257,42.97403333333334,18.269531192397725,45
258,43.173101851851854,152.38467354892936,45
259,43.89777777777778,9.758987338297665,45
260,44.86184305555555,-134.33693608955855,43
261,45.70295,140.11979047936552,45
262,46.16338518518519,-83.85188438685346,45
263,46.17007777777778,261.78634936348857,45
264,43.921508333333335,252.862600595145,40
265,40.91095833333334,51.258810407598574,40
266,39.08644791666667,-12.491198417157584,40
267,38.05214814814815,73.71464053060777,45
268,36.168740740740745,-193.30902837531715,45
269,34.56628888888889,204.97021662601048,45
270,33.68695370370371,510.6891885646131,45
271,32.495506250000005,196.50607024375984,40
272,32.69835555555555,-98.27826866875118,45
273,32.82608333333334,298.06985990765475,40
274,33.69171851851852,203.9516174287198,45
275,33.766000000000005,-437.25569207451406,35
276,35.96182857142857,-126.39660232553145,38
277,37.132214285714284,78.74990577748792,38
278,37.1551238095238,-257.9486726748467,35
279,37.61287916666667,125.89810665609122,40
280,38.26247222222222,812.0841326261784,43
281,38.38440370370371,-61.079391813654894,45
282,38.3803375,175.64165663097035,43
283,38.20880833333333,-436.70553277712247,40
284,38.70913842592593,-37.17183917709963,43
285,39.14391620370371,438.9942289336101,44
286,39.68617962962963,96.37519004360215,45
287,38.91779583333333,84.47295160595567,40
288,37.72631851851852,382.70592652481463,45
289,36.106277777777784,-143.86962332684746,45
290,34.5985,-632.2231030413539,40
291,33.7454125,-159.6954323010666,40
292,33.08525625,42.03109555069668,40
293,32.555285714285716,30.637311884611503,35
294,32.635287500000004,216.38524364074686,40
295,32.34071428571429,322.38583726468937,35
296,32.8625125,-137.8419625854857,40
297,33.00727142857143,4.78413571015772,38
298,34.171458333333334,0.06954392877693749,40
299,35.8374375,-406.64791444015736,40
300,36.97452083333333,-746.7606228935817,40
301,37.5852375,210.86231291506516,40
302,38.117575,-81.22215929246529,40
303,38.612039583333335,144.98961772893566,43
304,39.13585833333333,4.909817922017211,40
305,40.37357592592593,-181.74508465231222,45
306,40.70590555555556,-128.96508579563192,45
307,40.49063564814815,-46.17052056225385,43
308,40.01307152777778,215.3584806454533,43
309,39.93281782407407,-644.5068760427304,43
310,40.255633333333336,-372.30035377510194,45
311,40.09963888888889,65.2666524683747,45
312,38.7211912037037,125.75380256818718,43
313,35.88897222222222,143.34566333761362,45
314,34.27909375,25.987054666939397,40
315,33.23646875,-28.255214621152284,40
316,32.758746296296295,235.2916210801542,45
317,32.107329166666666,12.87718565366195,40
318,32.372594444444445,-46.210150366221654,45
319,32.08380208333333,-304.9212643113148,40
320,32.29570625,-390.3025287721596,40
321,32.6558875,-308.20118452116617,40
322,33.673904761904765,137.6237900339015,35
323,36.18674166666666,125.90454618871001,40
324,37.1762375,-106.98979845287506,40
325,38.15572083333333,99.51138091263577,43
326,39.27137962962963,-312.4595499684306,45
327,39.9698962962963,283.4882941629685,45
328,40.28152777777778,-229.53310600676815,45
329,39.78323125,-177.09266211134025,40
330,39.73356666666667,27.181052318676098,43
331,39.76284722222222,189.10896316034712,43
332,39.10609768518519,268.6969347344982,43
333,38.69889861111111,-122.35450522994648,43
334,38.75618055555556,-310.16746126865985,43
335,38.50480069444445,198.9413106954647,43
336,37.424652546296294,55.99587818761816,43
337,36.670588888888894,187.75036504493033,45
338,35.130972222222226,376.1857950023172,43
339,34.194583333333334,27.29725895787719,45
340,33.67133703703704,18.67536147179819,45
341,32.86650925925926,72.08334323656581,45
342,32.22810416666666,76.51649450008605,40
343,32.14554166666667,33.90261789923055,40
344,31.879138095238098,-79.69939852660715,35
345,32.0117,51.743632474955945,35
346,32.906150000000004,412.135424207784,40
347,33.846347916666666,600.2346323805004,40
348,34.24108809523809,-19.17895386946598,35
349,34.60925952380952,226.19593152194872,38
350,34.89381458333334,97.88426952196471,40
351,34.78005902777778,-109.71535727381001,43
352,35.179561111111106,-369.9280021763955,45
353,35.255266666666664,-474.25136037843663,45
354,35.19224444444445,-214.34771984783262,45
355,35.43016296296297,-110.3502864921776,45
356,36.11634814814815,226.8857016327798,45
357,36.85001481481481,-62.7757086081304,45
358,37.415048148148145,184.22909724674082,45
359,37.63372777777778,39.30047223666997,45
360,36.87752037037037,-191.4081013554751,45
361,35.33163888888889,179.70415093498497,45
362,33.902975000000005,403.77677667373297,40
363,33.56294814814815,419.6756169217948,45
364,33.516755555555555,126.97844747253689,45
365,33.23629444444445,120.48073528746164,45
366,33.13297222222222,50.50667668138697,45
367,33.072159259259266,-20.83413925096069,45
368,32.95683703703704,628.6112475616088,45
369,32.89339375,-373.2849624185983,40
370,33.98617142857143,396.6116415387961,35
371,35.42990476190476,-110.60905167050095,35
372,35.449708333333334,67.70698363675601,40
373,35.0707375,40.284619406545396,40
374,35.573107407407406,56.081337570320315,45
375,35.917899999999996,97.89375452766234,45
376,36.4551,-139.84579428745963,45
377,36.797922222222226,-71.44850738732524,45
378,37.14961481481481,-178.7501726862192,45
379,37.03658333333333,-523.6279670664957,40
380,37.68898703703703,412.43262092615305,45
381,38.044755555555554,-27.020511678509365,45
382,38.56329259259259,-231.32003709361732,45
383,38.86437222222222,-10.708820465900963,45
384,38.355172222222215,-8.535253138380142,45
385,36.7236,121.30109623450775,38
386,36.11627142857143,-127.41056037663094,35
387,35.93397083333333,113.93953087056887,40
388,34.96135238095238,-307.06471048681533,38
389,34.27279444444444,65.63451194470304,45
390,33.718112500000004,-274.8892915637559,40
391,33.50818611111111,60.57195858678506,30
392,33.5455,42.75803775074492,35
393,33.672610000000006,-133.83395575669454,25
394,34.52814666666667,8.03967469118481,28
395,37.29545833333334,-645.2736045316533,30
396,39.14989166666667,97.99101553517835,30
397,39.71334761904762,-1545.3365419724194,35
398,40.10421428571429,40.93479292927772,35
399,39.759535185185186,40.37432916307306,45
400,39.452490740740735,-335.509957009654,45
401,39.23276666666667,448.0023990623506,45
402,39.090685185185194,82.65138049172546,45
403,39.0494037037037,114.0009899018626,45
404,39.02781041666667,23.5537476773754,40
405,39.69204444444445,133.05590026846107,45
406,39.98946666666667,-140.5865671592179,45
407,38.91740238095238,110.66932659267279,39
408,36.831635416666664,66.86942883027544,39
409,35.91301428571428,538.855765708488,38
410,34.109339999999996,322.0700969817443,25
411,33.84990833333333,83.73731960787165,30
412,33.177727777777775,8.236171453932705,30
413,32.64556666666667,205.44249477245646,30
414,31.562450000000002,344.9780415837407,25
415,31.759449999999998,472.47837847219097,35
416,30.955466666666666,333.1594071781366,28
417,31.657853333333332,-869.0968694834523,25
418,32.29269333333333,284.70543944082146,25
419,34.24838,48.4985465937649,25
420,34.767312698412695,391.8702851452612,33
421,35.2353,15.460827242634444,35
422,34.624021164021165,51.20034539915176,41
423,34.96115416666667,373.0148364751641,40
424,34.932611111111115,56.17386779006264,45
425,34.768564814814816,-139.96675633883456,45
426,34.38556365740741,118.06299084691412,43
427,34.43263425925925,-632.8347544707551,43
428,34.79395509259258,-16.219192798774507,43
429,35.292075,214.02400971946292,43
430,35.724829861111104,65.75582457624168,44
431,36.320364814814816,-175.61675818357932,45
432,34.90839375,-48.28273843100715,40
433,33.15287857142857,525.5091098672007,38
434,31.65261111111111,-715.1922286869511,30
435,30.777435714285712,216.54033309855924,35
436,30.10108333333333,-201.66864014785028,35
437,29.19058095238095,-165.14925646624042,35
438,29.299443750000002,102.123518201318,40
439,29.20867857142857,-232.71900317560423,38
440,28.33313571428572,-33.790210690153955,35
441,28.471741666666667,-22.172867627652828,33
442,28.673011111111112,130.70614748071714,30
443,32.48220666666666,40.139609877928855,25
444,33.95792857142857,25.854885792071634,35
445,33.90825208333333,43.75546007406216,40
446,33.622712500000006,228.13032266451702,39
447,33.29354074074074,200.13633932045275,45
448,33.302233333333334,-183.48389222499463,45
449,32.71644791666667,839.3563208734796,43
450,32.97820902777778,-338.8398171333363,43
451,33.27815648148148,923.1933631101103,43
452,33.6491,-215.02189951630774,45
453,33.87233333333334,-383.85093361395496,40
454,34.34215,139.21582740085097,40
455,34.83736851851852,488.2640120428779,45
456,34.419697916666664,144.85407398636426,40
457,33.44165,112.39495194296344,40
458,32.76692222222222,-319.0189178255279,30
459,31.445390000000003,-294.8699626299782,25
460,30.315511904761905,-213.93157961966207,38
461,30.67911111111111,-425.20123960880846,30
462,30.48334444444444,797.8525600041519,30
463,29.693447619047618,34.246439593453445,35
464,29.101128571428568,5.46399325676672,35
465,29.442157142857145,-65.74000983035512,35
466,30.46946111111111,26.98657083636318,30
467,32.99585333333333,-366.22641288713373,25
468,33.170541666666665,-286.2577986562863,30
469,33.2204,232.43722187480927,40
470,33.14027291666667,-139.14270995533928,40
471,33.33531111111111,-278.4823828149149,45
472,32.96360694444444,-14.574712113220947,43
473,33.234858333333335,320.7802748314158,43
474,35.66364305555556,7.015643299925024,43
475,37.270777314814815,178.77534012493402,43
476,38.794272222222226,867.187388444099,45
477,39.24477407407407,-532.442018385639,45
478,39.40272777777777,-232.71160165145807,45
479,39.207576157407416,131.01278127529787,43
480,37.48935648148148,320.3140728054611,43
481,35.70617222222222,33.01075666387488,45
482,32.92574375,-359.5326026409952,40
483,30.79601904761905,-365.1613625383857,35
484,29.6193625,-280.22207154880886,40
485,28.989366666666665,-179.01430592410082,35
486,28.518225,309.5957297287516,40
487,28.306755555555554,415.0566251940073,45
488,28.14543125,-232.7810195784425,40
489,28.431277083333335,281.2140203704765,40
490,28.846547619047623,193.9204299873975,35
491,31.81511388888889,156.01826182897517,30
492,34.082668749999996,283.58875141850314,40
493,34.65279761904762,-141.96885635737814,35
494,35.97365,43.862396956123526,40
495,36.28066666666667,-30.54706313067306,45
496,36.076011111111114,103.9977793671819,45
497,35.961275,-78.01925059658858,40
498,36.94193888888889,37.82106320245452,45
499,37.30645555555556,-51.57528773052225,45
500,37.45385740740741,57.18671315143915,45
501,37.44033333333333,-163.8778217192072,45
502,37.41362777777778,63.627684613075814,45
503,37.15361111111111,31.998654313085375,45
504,36.23562592592593,-206.66898973809543,45
505,34.230975,52.51906483707458,40
506,32.679945833333335,-150.08819256890143,40
507,30.882552380952376,125.96895634692066,35
508,29.984909523809524,58.22539712973453,35
509,29.62922857142857,-145.5116573773409,35
510,29.609954166666665,35.94461748834489,40
511,29.700388095238093,-67.57559951144616,38
512,29.05126222222222,366.6257301640662,28
513,29.98783095238095,4.568844075664767,35
514,31.331,-336.34580718645276,35
515,33.23681333333334,553.3926100091284,25
516,34.559557142857145,319.2242025993108,35
517,35.01779444444444,-88.8629937726939,36
518,34.989622916666676,-87.37744863133042,43
519,34.3625,-504.1287682695186,30
520,33.20636428571428,-70.50007051904717,35
521,34.26891666666667,-483.76268777538917,35
522,35.08193958333334,473.606918202534,40
523,35.57942916666667,149.56529866085228,40
524,35.89519285714286,61.8438358282565,35
525,35.50708125,-30.33557694357674,40
526,35.29585,-168.18112871744302,45
527,34.615233333333336,5.821777785978661,40
528,32.51754999999999,-153.75414065975298,25
529,31.530586666666665,848.1743772107806,25
530,30.215608333333336,-621.1015914837616,20
531,29.8005625,-52.5217737966625,20
532,29.3197,-2151.578635297261,15
533,29.262040000000002,76.0840977873657,25
534,28.7479875,86.5962696695822,23
535,28.755537500000003,-488.6743521891472,20
536,29.476266666666664,217.14785423860127,18
537,29.97268888888889,-638.1056487256474,15
538,30.1318,40.07076692174381,15
539,30.051658333333336,-91.73105272764747,20
540,30.91074444444444,-154.8823255205363,30
541,32.67184166666667,-487.2805321823435,20
542,33.705146666666664,-375.7351689506739,28
543,34.18199285714286,-440.75024442813555,38
544,34.00826666666667,6.109555746593188,40
545,33.644281481481485,172.23990354464297,45
546,33.659837037037036,248.78623714448526,45
547,33.673831481481486,85.36090049684842,43
548,33.87900952380952,-23.95940020974536,38
549,33.95290476190476,127.84956372406157,38
550,35.29038449074074,-49.43001427833129,44
551,35.68586666666667,143.03006437181227,45
552,35.74193253968254,463.83772559001574,33
553,34.72911333333333,-497.05713154042076,25
554,33.57521333333334,161.70601924150316,25
555,32.3417,-64.00935694961619,28
556,31.610511904761903,211.86760923281054,33
557,31.56808666666667,662.2476278143308,28
558,32.21928666666666,-197.52745318074182,28
559,32.58101190476191,-477.3305706962234,34
560,32.629887499999995,167.1568592029109,20
561,33.170138888888886,-427.7576659707671,30
562,33.088625,196.80368488645504,20
563,34.58985,118.54183825117558,23
564,36.52764666666667,-888.9259897593569,28
565,38.46638333333333,-25.208772248604014,30
566,38.796947619047614,21.017313077261843,38
567,39.07605,-684.0393336965694,35
568,39.20900625,-19.026815692345032,40
569,39.39593333333333,67.50926956045002,40
570,39.774087037037035,-676.9103257051985,45
571,39.825688888888884,-159.6066921191199,45
572,40.06389814814814,322.89548194249176,45
573,40.20732777777778,-20.462972234821457,45
574,40.11219814814815,-45.01335377638186,45
575,39.22823125000001,75.12854415875705,40
576,37.73180833333333,46.80017285107157,40
577,35.599824999999996,614.7171868484891,20
578,34.860749999999996,-208.15541740005094,20
579,33.578700000000005,-193.72157308805396,18
580,33.39556666666667,-224.33966610143878,15
581,32.53093333333333,-820.5065537890413,15
582,31.8267,-202.64405123666933,18
583,32.2862,228.17036587571562,25
584,32.772013333333334,-88.87647912771297,25
585,32.5931875,-190.7580164937304,20
586,32.271719999999995,812.5437119153224,25
587,32.82722,2230.236326851409,25
588,33.65717222222223,-71.27121066217168,30
589,34.71663333333333,21.10665518021618,30
590,36.19606666666667,282.3105714372473,35
591,36.745281250000005,-286.3355612782024,40
592,37.00923703703703,39.91811182201622,45
593,37.27522592592592,233.12167114906015,45
594,37.64807037037038,175.79272574861074,45
595,37.75108888888889,215.4709540724032,45
596,38.159748148148154,-365.76137993497576,45
597,38.52417407407407,118.60106653851923,45
598,38.81491111111111,503.1096427438691,45
599,38.790511111111115,130.16629954537007,45
600,37.494920370370366,2.1481705320784172,45
601,34.166241666666664,-142.17240694319577,40
602,33.0868962962963,465.25289710907884,45
603,32.47776666666667,-4.540439419201768,45
604,32.83638888888889,133.94531773324405,45
605,32.95704814814815,108.08689568823846,45
606,32.68992592592592,237.64658010891327,45
607,32.84874791666667,459.3847831635518,40
608,33.11861851851852,22.043299315879764,45
609,33.56663333333333,-239.34094015604578,45
610,34.35322222222222,59.80105732260409,45
611,35.54610370370371,605.8197048626056,45
612,36.98414814814815,11.782348345237807,45
613,38.55501481481481,218.25112871580632,45
614,39.309444444444445,15.468749897891698,45
615,40.08470740740741,212.60027880219752,45
616,40.44828888888888,-97.90416669652033,45
617,40.753924999999995,1.5403129776834348,40
618,41.13165,165.07466979007972,40
619,41.476866666666666,105.69122113754837,40
620,41.99868333333333,196.56033225892168,40
621,42.155741666666664,529.2604099605799,40
622,42.18466458333334,-14.81558291934531,40
623,41.572245833333334,355.04231949563,40
624,40.50654629629629,-122.23998534386679,43
625,38.85576296296296,-328.8527042792703,45
626,37.40087222222222,-93.51144408768549,45
627,36.09651111111111,182.20969136391722,45
628,34.920403703703705,-15.713966576192824,45
629,34.11267222222222,65.73797555333864,45
630,33.41769629629629,-95.8093214281106,45
631,33.163805555555555,9.852906146912751,45
632,33.03698333333334,-148.14377580978714,45
633,33.397727777777774,-18.639029707169428,45
634,34.22798518518518,265.5992844924568,45
635,35.42018148148148,256.709226516502,45
636,36.48633703703703,413.65793561362955,45
637,37.501866666666665,0.3648775950024259,45
638,38.38781851851852,632.4537135611822,45
639,39.0321037037037,32.73667733665685,45
640,39.449955555555555,288.94439054153383,45
641,39.59352222222222,3.8267149315371256,45
642,39.80821296296296,-39.65774645832736,45
643,39.946037037037044,99.57001976522452,45
644,40.07455925925926,136.52637223869172,45
645,40.49491851851852,158.36045962219072,45
646,40.6556,82.34347481635353,45
647,40.25980740740741,264.5967627850934,45
648,38.83625925925926,102.19782424368137,45
649,36.056185185185186,-73.16837785927802,45
650,34.38361666666667,286.80977047942974,40
651,33.465177777777775,-147.34878890951043,45
652,32.52429259259259,46.462982735440065,45
653,31.861959259259265,-13.713954240515577,45
654,31.142449999999997,85.81162729434263,40
655,30.818822222222217,48.991959592736606,45
656,30.686244444444448,17.361445393503196,45
657,31.007983333333335,219.116892542226,45
658,31.97647777777778,-7.250560270690464,45
659,33.42835555555555,81.9848961396367,45
660,33.88144444444445,34.13375436748491,45
661,31.997522222222223,32.31407202167381,45
662,30.729522222222226,74.40112272226632,45
663,29.577433333333335,861.7594592100062,45
664,28.810977777777776,-95.87931991510196,45
665,28.809888888888885,143.9955218412881,45
666,29.217066666666664,378.85981437365086,45
667,29.530344444444445,62.40392589720491,45
668,30.447985185185182,285.1188978953072,45
669,32.658311111111104,118.82725000780086,45
670,34.41418888888889,-28.275749818350683,45
671,35.81128333333333,218.1303331256083,45
672,36.455122222222215,-96.20079519796793,45
673,36.948792592592596,366.5451723972888,45
674,37.36832222222222,360.6208209826223,45
675,37.79012407407408,91.09457741911311,45
676,38.3117037037037,42.711704442754886,45
677,38.59722962962963,-52.30422375422477,45
678,38.7663,20.45464197227362,45
679,39.09692222222222,140.37135621002597,45
680,39.465659259259255,-57.55212188276694,45
681,39.14467037037037,-116.05884887555379,45
682,37.471722222222226,-43.80262741742699,45
683,35.66527407407408,63.820596773504064,45
684,32.79291666666667,18.943168151509873,45
685,31.095407407407414,32.028898989861965,45
686,29.512844444444443,24.91762395466229,45
687,28.19459444444444,173.5233580863007,45
688,27.823422222222227,-16.285552558782086,45
689,28.046707407407403,164.96763055449483,45
690,28.530724074074072,256.71003950674196,45
691,30.10192592592593,-179.89459646282117,45
692,31.527962962962967,78.15657901722304,45
693,32.870164814814814,37.63808577208347,45
694,34.11382962962963,716.9863961173988,45
695,35.122359259259255,-284.49980487060145,45
696,35.7588962962963,133.50267870016825,45
697,36.09953888888889,-71.37972029132519,45
698,36.442766666666664,853.0691757371297,45
699,36.51231111111111,-24.511163094193158,45
700,36.31222222222222,-271.2770116801362,45
701,36.33389629629629,640.1085350314304,45
702,36.75184444444445,29.21400256262707,45
703,37.42747407407408,30.971024498855982,45
704,38.02654074074074,47.724692920484856,45
705,37.95595925925926,424.24247674885885,45
706,37.03254444444445,33.69613450245637,45
707,36.14237777777778,-463.2484839094074,45
708,34.73994444444445,398.73695405640854,45
709,33.7338537037037,155.03624400075705,45
710,32.98929444444445,142.80464499089297,45
711,32.27017407407408,-244.70292198097678,45
712,31.25041851851852,165.93308077458266,45
713,30.816175925925926,126.36109168260407,45
714,30.850855555555558,362.3748484807361,45
715,31.437666666666665,34.69265728542619,45
716,32.614214814814815,130.75279719111643,45
717,34.4549962962963,275.37416958430714,45
718,35.53522777777778,8.995677841690995,45
719,36.247844444444446,31.611443144412608,45
720,36.81868518518519,-213.61488901776613,45
721,37.14020555555555,-134.85968406621464,45
722,37.24694444444445,76.80162669301261,45
723,37.317372222222225,-54.63892057800616,45
724,37.35206666666667,-141.64414220246113,45
725,37.25588518518519,38.33566985615802,45
726,37.28353333333333,449.0290138325928,45
727,37.36083703703703,-98.70555428247566,45
728,37.337662962962966,152.96470054173523,45
729,36.829977777777785,168.55572800441666,45
730,35.843748148148144,170.8710154121189,45
731,34.32176666666667,370.39640414389163,45
732,32.70452962962963,-45.08180457442748,45
733,31.51053888888889,113.92710799559269,43
734,29.938849074074074,-168.78873081034922,43
735,28.773385185185184,125.35277972161927,45
736,28.89250925925926,25.055263217983807,45
737,29.253274074074074,7.301921881922052,45
738,29.39712777777778,91.07518235668856,45
739,30.08437407407407,22.246027010325186,45
740,30.654448148148152,177.4031285860854,45
741,31.234349999999996,55.49597104741717,45
742,32.14254074074074,245.1898108193313,45
743,32.95229444444444,-39.58207981009752,45
744,33.626031481481476,117.26095301117941,45
745,34.230666666666664,-50.566702116579876,45
746,34.8166,103.79523371072673,45
747,35.207994444444445,-25.942438601387735,45
748,35.77323333333333,-337.315582154014,45
749,36.5980962962963,15.444376891545026,45
750,37.70187407407408,133.51891285043632,45
751,38.047977777777774,-79.97945692610104,45
752,38.606559259259264,86.63114173677937,45
753,38.48992777777777,-212.8279865280731,45
754,37.35942037037037,94.4437002358682,45
755,36.548131481481484,-345.5225489413709,45
756,35.17313333333333,-382.8302688033185,45
757,34.06727037037037,38.36577540740187,45
758,33.20925740740741,-58.01058229633121,45
759,32.61783148148148,-32.61054369567413,45
760,32.082722222222216,95.09455132687356,45
761,31.797903703703703,437.236851219791,45
762,31.698907407407404,37.569674872279535,45
763,31.881524074074076,130.90751508809507,45
764,32.28339259259259,65.90680420073406,45
765,33.684266666666666,-8.250805656062148,45
766,36.106152083333335,120.31320654610911,40
767,37.397275,-111.7684220087763,40
768,37.640838888888894,249.5705254939844,45
769,37.72515,-57.60554736436397,45
770,38.07199444444444,-214.66789438360928,45
771,38.5822,12.258158406758252,45
772,39.02843148148148,-69.23541448040885,45
773,39.203044444444444,-67.90441933531802,45
774,39.371766666666666,98.86351926603959,45
775,40.04286481481481,21.277467446145014,45
776,40.673716666666664,342.5586452454945,45
777,40.6832962962963,182.95430916470676,45
778,38.34904444444444,-30.67782289986092,45
779,36.23710555555556,129.2811671571269,45
780,34.041938888888886,-97.0955447648046,45
781,32.44670925925926,-125.91999157694269,45
782,31.13544444444445,112.69393783728741,45
783,30.421499999999998,-1.9790094459551106,45
784,29.918305555555555,-137.286100019919,45
785,29.65267777777778,-14.36806023977513,45
786,29.69278148148148,-259.07411273442534,45
787,29.844909259259264,-48.08706578120247,45
788,29.960896296296294,298.2977371588286,45
789,31.76453148148148,415.56262942249907,45
790,34.36517222222222,101.60980593587806,45
791,35.78962222222222,-138.79444737906172,43
792,36.688066666666664,46.49705016805436,43
793,37.38129629629629,-51.07064564056159,43
794,37.931355555555555,59.7577800204469,43
795,38.383590740740736,52.09721178152357,43
796,38.50975555555555,25.05340867666715,43
797,38.350100000000005,181.10121663170744,43
798,38.487796296296295,315.0926544685242,43
799,38.90783518518519,239.40810074476485,43
800,39.112649999999995,503.71097461985227,43
801,38.81378518518518,360.05863069286187,43
802,37.36531666666667,-228.64959855857455,43
803,34.77807037037037,-239.51171435132198,43
804,32.66705,982.3226330716205,43
805,31.182496296296296,-438.68178593915565,43
806,30.1080537037037,266.3600370045695,43
807,29.200442592592594,15.900872698861475,43
808,28.634288888888886,-73.35402700081526,43
809,28.302049999999998,145.2041030250376,43
810,28.287455555555557,17.641601851014983,43
811,29.054188888888888,-28.970456444438675,43
812,30.618077777777778,-325.47882611537887,43
813,33.68775555555556,225.01238648235605,43
814,35.308144444444444,30.795022264683933,43
815,36.68558888888889,170.9743514329224,43
816,37.79569814814815,-17.682556671157997,43
817,38.610699999999994,-76.37010103983002,43
818,39.0732,156.90571415180966,43
819,39.23526481481481,259.01721579916403,43
820,38.644194444444445,179.15297821867495,45
821,38.48715185185185,-252.56853086768447,45
822,38.25698888888889,-45.08043501785742,45
823,38.26272592592592,-356.4274579482699,45
824,38.36758888888889,916.349627404906,45
825,37.736894444444445,-146.17750300824417,45
826,36.31980555555556,-16.619496680408886,45
827,34.615868518518525,-24.312752514760163,45
828,32.55603333333333,-98.5351229078258,45
829,30.22502407407407,-137.97207259001914,45
830,28.58367407407407,133.03726053017684,45
831,27.398675925925925,902.0374728868486,45
832,27.018570370370373,94.47628567678538,45
833,26.91430740740741,-145.4371658476409,45
834,26.929844444444445,186.34909746785377,45
835,27.63747407407407,82.68669629212422,45
836,29.02423333333333,-347.9866054467375,45
837,31.43764259259259,13.194891033079386,45
838,33.158431481481486,-7.333171250687599,45
839,34.099296296296295,18.30230522234411,45
840,34.82011111111112,-153.55507041201255,45
841,35.74782592592592,56.528970197551175,45
842,36.520398148148146,113.41922128552746,45
843,36.92379444444445,225.01529335143198,45
844,36.8124111111111,162.88820660687074,45
845,36.520185185185184,-421.3073072000683,45
846,36.10703703703703,194.71195659971005,45
847,36.23102222222222,101.64831171952122,45
848,36.88893703703703,78.79211527949897,45
849,36.795899999999996,-1107.887501901843,45
850,35.656244444444454,-611.6092041471142,45
851,33.85899444444444,-183.64545090541458,45
852,31.7823,-80.66687859631793,45
853,29.926137037037034,-345.5503980316463,45
854,29.091116666666665,-88.62789841417572,45
855,28.830000000000002,-109.94658683616511,45
856,28.52114074074074,214.2278409783719,45
857,28.415179629629627,-132.84011356363456,45
858,28.547392592592594,283.882637402189,45
859,28.81535925925926,-121.75001581088651,45
860,29.06445925925926,-273.34131804153236,45
861,30.70038148148148,150.96874257069376,45
862,33.359737037037036,34.909596830607946,45
863,35.562866666666665,69.2038037289685,45
864,37.13167222222223,-19.22840605790408,45
865,38.177816666666665,58.19876020669824,45
866,38.45157037037036,213.14834195572388,45
867,38.61021111111111,-187.60179696422975,45
868,38.85892222222222,-72.25591687730501,45
869,38.84421111111111,154.7893894131608,45
870,38.92483333333333,-68.13730170427283,45
871,39.176722222222224,77.4572261814765,45
872,39.380655555555556,-29.903304478947454,45
873,38.7032962962963,-306.8007087603369,45
874,37.178200000000004,36.67861004375442,45
875,35.61237222222222,135.22759543955053,45
876,34.18655925925926,741.306567103796,45
877,32.199768518518525,-54.99783018715881,45
878,31.281944444444445,5.2194388337185025,45
879,30.817492592592593,48.832089387483045,45
880,30.90338888888889,67.17445840138132,45
881,31.0820962962963,-241.46628198962645,45
882,31.379477777777776,135.6068001051709,45
883,32.10996296296297,-66.07499983141088,45
884,33.573033333333335,130.53330167259625,45
885,33.844344444444445,-79.07836589630728,45
886,34.87847592592593,-39.37288049705386,45
887,36.436912962962964,-172.994169489984,45
888,37.19206666666666,-50.25419222035114,45
889,37.94287777777778,174.1420598727783,45
890,38.95939259259259,67.37043464263174,45
891,39.508796296296296,550.1057782170368,45
892,39.83147407407407,125.87936212454252,45
893,39.89807777777778,36.80004286081708,45
894,39.90875555555556,8.469214960645356,45
895,39.93685555555557,459.8261127797315,45
896,39.18914814814815,-181.8331988689032,45
897,37.40126666666667,45.10733765524522,45
898,35.871692592592595,303.6806238902814,45
899,34.65321111111111,140.49381037124985,45
900,33.60525555555555,98.25134528785352,45
901,32.69720555555555,60.84263929412614,45
902,31.6909,-144.98555162357155,45
903,30.99009259259259,76.93891867144848,45
904,30.9976,-301.70452819707117,45
905,31.54945555555555,104.39529730286583,45
906,32.40531111111111,-104.50413567009619,45
907,33.37534074074074,-109.58115082859251,45
908,34.99574444444444,-292.3238502611286,45
909,36.096244444444444,46.738526391889756,45
910,36.64844444444444,-58.84397748942542,45
911,36.92422962962963,49.72796590784545,45
912,37.142961111111106,35.94407168762418,45
913,37.35191851851851,14.105526478728585,45
914,37.48488518518518,2.0603309167307344,45
915,37.48357037037037,-78.35272605238485,45
916,37.50836296296296,-268.5838881445582,45
917,37.566722222222225,206.50815477794583,45
918,37.575744444444446,-168.8368695145865,45
919,37.832966666666664,350.61561460162386,45
920,37.85960740740741,17.80655899676337,45
921,36.510674074074075,17.54306112207022,45
922,34.306622222222224,-287.54220391584823,45
923,32.94070000000001,121.68821914565297,45
924,32.19103333333334,-124.95711497207955,45
925,31.244566666666667,-262.68563879197063,45
926,30.23230555555556,134.59240419101138,45
927,29.24420740740741,-13.268278633194022,45
928,28.815103703703706,64.57856142449016,45
929,29.02873333333333,33.62620211382728,45
930,29.677755555555553,-504.3790082244135,45
931,30.160318518518515,162.7259584469524,45
932,32.176262962962966,-80.1806538100347,45
933,35.305529629629625,597.4164211721665,45
934,37.13282592592593,441.8696459159221,45
935,37.25592037037036,143.97169646247042,45
936,36.78431111111111,143.39322265685553,45
937,36.142477777777785,-370.29731861024703,45
938,35.123222222222225,72.17527471050138,45
939,34.65118888888889,135.91498444743226,45
940,35.160348148148145,-405.7228597302906,45
941,36.15004444444445,31.045761005415002,45
942,36.40977777777778,682.8508014992996,45
943,36.41894444444444,-380.8311304515647,45
944,35.98515555555556,66.49603931800806,45
945,34.87456296296297,-310.73970431950136,45
946,33.4166962962963,-69.5721736960812,45
947,32.399081481481474,124.29541770846522,45
948,32.01723333333333,-167.9874695559042,45
949,30.999190740740744,28.23523334776503,45
950,29.8857037037037,456.1792008341908,45
951,29.56514444444444,64.56592658129559,45
952,29.4235925925926,72.06348063038598,45
953,29.534792592592595,266.28221337997667,45
954,30.017948148148157,397.00877277937326,45
955,30.313000000000006,-190.78586473645885,45
956,32.914228571428566,-102.07197375272952,35
957,34.044127777777774,-211.95092537583264,45
958,35.061033333333334,295.90565264916387,45
959,34.755044444444444,223.16426647000822,45
960,34.06771666666667,866.0059597701684,45
961,33.95707407407407,209.63008383710866,45
962,34.267366666666675,-220.7123630195416,45
963,34.58473333333333,388.0623303097668,45
964,34.58091111111112,-724.6370083639193,45
965,34.38235185185186,48.58701996888913,45
966,34.545470370370374,182.53059721152982,45
967,35.03958518518519,302.39970570841615,45
968,35.3284,-52.32769133539347,45
969,34.45065925925926,95.1763982299679,45
970,33.67368518518519,-212.89338969079972,45
971,33.470696296296296,76.9974399006549,45
972,33.05293333333333,-139.4319216507294,45
973,32.12820925925926,9.024428577420636,45
974,31.525496296296296,534.1494261648229,45
975,31.052766666666663,-323.3894155816124,45
976,30.739522222222217,-127.61696561079377,45
977,30.860025925925925,33.572865295957236,45
978,31.174655555555553,-194.4964151127413,45
979,32.02497407407407,391.3133094311722,45
980,33.43317222222222,76.03628202624478,45
981,34.18835555555555,19.95587059191871,45
982,34.53458333333333,198.771016209206,45
983,34.55238888888889,124.6014415120747,45
984,34.469877777777775,153.86723743871363,45
985,34.713137037037036,-41.78092677224004,45
986,35.06804074074074,-148.0955570200284,45
987,34.933588888888885,-596.3114687317122,45
988,34.77494814814814,-251.98126226621935,43
989,34.82626666666666,-77.72200132732712,43
990,35.507979629629624,84.87081870579443,43
991,36.29781111111111,455.8894562508435,43
992,36.33117222222222,348.21046252707316,43
993,35.47086666666667,530.7174103863493,43
994,34.399988888888885,-38.657483804241295,43
995,33.20502777777777,102.99831049109653,43
996,32.82991666666667,-67.58306916503449,43
997,32.31107962962963,-190.6088657086523,43
998,31.912596296296293,-452.83679832911025,43
999,31.841924074074075,72.41230939728231,43
1000,31.74131111111111,-506.3072674883503,43
1001,31.695299999999996,-18.27057393263386,43
1002,31.83215925925926,472.7276665521786,43
1003,32.677903703703706,-118.21267292451729,43
1004,34.891283333333334,-56.99390708872954,43
1005,37.08821666666667,226.46114528475994,43
1006,38.72578518518519,70.48703400605247,43
1007,39.40436296296296,-499.4179426219587,43
1008,39.67198333333333,485.147751611274,43
1009,39.830938888888895,-47.82674648010604,43
1010,39.85792222222222,-146.05395488700572,43
1011,39.85423333333333,-595.1392963352108,43
1012,39.83173703703703,49.00724233142727,43
1013,39.902766666666665,-164.1666663352538,43
1014,40.17711666666666,223.0961156573157,43
1015,40.43179814814815,-921.9846902705002,43
1016,39.6981,-261.15602596701325,43
1017,37.763998148148154,6.8133561533446745,43
1018,36.47474444444445,-792.3964286627216,43
1019,34.788733333333326,97.94712498471452,43
1020,34.33407142857143,45.52729926930158,38
1021,31.773244444444448,-97.86364875806332,43
1022,31.023944444444446,-82.79368857028243,43
1023,30.62944444444444,-367.57677431722516,43
1024,30.566922222222225,501.35473306009715,43
1025,30.820655555555554,-180.10973925793616,43
1026,31.86242037037037,197.34006634452683,43
1027,33.19753703703704,-1.2829389156759774,43
1028,35.50394444444445,-215.60892451477258,43
1029,37.09883888888889,-368.0997519880133,43
1030,37.19542592592593,-136.13045985915005,43
1031,36.71737407407407,-403.9767348596358,43
1032,36.58346111111111,340.19474023463124,43
1033,36.32385925925926,245.2802359894792,43
1034,35.80787962962963,27.54603064324437,43
1035,35.263392592592595,-218.64053332783996,43
1036,34.955822222222224,-36.37816375717691,43
1037,35.158500000000004,20.01028976368464,43
1038,35.725188888888894,-154.47450434014604,43
1039,36.52842592592593,44.515525781050265,43
1040,36.34130925925926,180.34717411798488,43
1041,35.02252222222223,161.9280750368891,43
1042,33.285555555555554,276.4408328919001,43
1043,31.852055555555552,171.62744072289314,43
1044,30.68143148148148,257.8328486329824,43
1045,29.677388888888885,-86.41635903398941,43
1046,28.99437222222222,143.0765742837493,43
1047,28.973923148148145,116.50302000030338,43
1048,28.97298333333334,-36.91755423794586,43
1049,28.701522222222223,84.41920026714403,43
1050,28.79327222222222,-17.166963205569942,43
1051,29.81937777777777,35.267144182863234,43
1052,32.174742592592594,-60.420671873180765,43
1053,33.505864814814814,201.20836522771918,43
1054,34.64533888888889,-250.77166715302945,43
1055,35.190179629629625,162.30738815001104,43
1056,35.412570370370375,540.5909672213683,43
1057,35.23089259259258,-180.09300078583755,43
1058,34.45109814814815,289.2606392026243,43
1059,33.80303888888889,138.01929090295474,43
1060,33.8268074074074,-32.8910456758518,43
1061,34.74924444444444,-147.15800899266412,43
1062,35.662329629629625,320.22044278906185,43
1063,36.15172592592592,-32.70928768314507,43
1064,35.506677777777774,-129.97232422510936,43
1065,33.64532222222222,-249.07598531250176,43
1066,31.711718518518524,120.60870708731963,43
1067,30.810914814814815,-467.50035069860456,43
1068,30.318016666666665,22.634477153469597,43
1069,29.754518518518516,36.69413564082233,43
1070,29.07619444444444,52.51466128268524,43
1071,28.790070370370366,484.5754089004493,43
1072,28.8566037037037,175.717840055486,43
1073,29.205244444444446,139.28584749458253,43
1074,30.31638148148148,293.232053354825,43
1075,31.893333333333334,530.9338413211221,43
1076,33.948146296296294,-37.96685945082269,43
1077,35.22226851851852,147.72755940595744,43
1078,36.2017,90.33953714248298,43
1079,36.691479629629626,216.0990865048381,43
1080,36.82764074074073,239.16212774953857,43
1081,36.85570925925926,384.8453468949112,43
1082,36.84528888888889,220.92403617289108,43
1083,36.9921074074074,-67.54658773972582,43
1084,37.06153333333332,81.32506710271103,43
1085,36.89120555555556,-84.05731279044001,43
1086,36.91167222222222,221.53317136543924,43
1087,37.12743148148148,23.412709398370403,43
1088,36.5514537037037,-75.83939484192007,43
1089,35.510155555555556,-208.78658064538405,43
1090,33.62091111111111,-197.04881679598725,43
1091,31.639618518518517,-141.92489861344765,43
1092,29.997512962962958,29.178041893929137,43
1093,29.039875925925923,-135.76192827819924,43
1094,28.109346296296298,170.46406708086323,43
1095,27.650644444444445,-96.43618245333974,43
1096,27.965340740740743,-91.82383934191547,43
1097,28.282911111111115,90.7783931037222,43
1098,28.597500000000004,894.1745333638811,43
1099,29.60765,46.13840971843466,43
1100,32.052387037037036,148.49434772908364,43
1101,33.83287407407407,-24.05746285107574,43
1102,34.58580555555556,-319.6892815759488,43
1103,34.67101111111111,-140.32035909464076,43
1104,34.72698148148148,591.7331757417759,43
1105,34.66056851851852,36.2304395506396,43
1106,34.03084259259259,694.4860127934469,43
1107,33.4994,-41.32900757437941,43
1108,34.614495238095245,355.5442451216844,33
1109,35.22475744047619,-85.32208063915402,38
1110,35.966071428571425,31.086220112885336,38
1111,36.256235714285715,61.34490454595248,38
1112,35.86320833333333,241.99523703998824,38
1113,34.70869166666667,292.2465453371335,38
1114,33.59476607142857,30.767577166079967,38
1115,32.15695892857143,560.1954227817995,38
1116,30.883316666666666,-182.5466974611748,43
1117,30.31948333333334,-459.4213972195848,43
1118,30.815616666666664,-7.709550452190136,43
1119,30.22625925925926,-39.9889754646342,43
1120,29.751840277777784,-86.31952565364848,41
1121,29.603931944444447,60.25191186804978,41
1122,29.709098611111113,110.44801108683806,41
1123,30.522873611111113,353.1706548020756,41
1124,32.56512777777778,286.54064323214743,41
1125,33.84113611111111,166.19106530035992,41
1126,34.100098611111115,480.46732178207185,41
1127,34.17481527777778,21.580758812041196,41
1128,34.237231944444446,63.74543143587907,41
1129,34.08739861111111,-203.98342323183573,41
1130,33.51740694444445,-287.40769990037273,41
1131,32.68445694444445,702.9462672764962,41
1132,32.44501064814814,466.1990551532674,41
1133,33.272632638888886,413.7934891005261,41
1134,35.155610648148155,746.6676584749005,41
1135,36.84749328703704,225.10151944096708,41
1136,37.407612962962965,-250.9051543456572,41
1137,36.23323657407407,52.045559732191634,43
1138,35.34571018518519,119.50609874225049,43
1139,33.969079166666674,27.55112830161762,43
1140,32.68725,-839.7960690630829,43
1141,30.999090740740748,264.2639584243472,43
1142,29.839295138888883,-111.46172044377194,43
1143,30.012874999999998,80.36900856636764,40
1144,29.964870833333332,120.69326452681594,40
1145,29.89275416666667,-70.98744569362563,40
1146,30.01675416666667,73.29651188475344,40
1147,30.38863333333333,-18.795563076592266,40
1148,31.65040833333334,55.16323144110974,40
1149,32.993029166666666,-282.3544291257212,40
1150,34.4995125,-530.4565777698546,40
1151,35.41983333333333,-45.53675518416942,40
1152,36.38695833333333,59.88172860398298,40
1153,36.925835416666665,41.7284322410825,40
1154,37.2370375,77.02816278789028,40
1155,37.82653333333334,106.58544761266901,40
1156,38.1749625,37.53746458048076,40
1157,38.350370833333336,-31.204482194767472,40
1158,38.206670833333334,-12.508829326976588,40
1159,38.04917916666667,225.0748958456215,40
1160,37.645783333333334,44.956603503316614,40
1161,36.19852291666666,112.39034399046464,40
1162,34.86065833333333,-312.13538797476986,40
1163,33.04192916666666,21.672419217971964,40
1164,31.3711125,355.3080177879621,40
1165,30.142095833333332,7.283067948875779,40
1166,29.17834583333333,-219.1138710108594,40
1167,28.78796041666667,-382.9635992164753,40
1168,28.742525,-158.4265225411922,40
1169,28.606899999999996,391.4764901239042,40
1170,29.110608333333335,127.89411424835434,40
1171,30.081933333333335,-528.8522355012551,40
1172,32.380137500000004,-366.89200448144084,40
1173,33.572075,6.25735059075522,40
1174,34.122875,83.3518795748048,40
1175,34.54236458333334,121.46982956023334,40
1176,34.79324375,259.19703476153325,40
1177,35.04794583333333,-112.89402641675929,40
1178,35.216929166666674,-104.10573459692411,40
1179,35.168720833333325,-416.17330319143656,40
1180,35.144275,272.2928116372573,40
1181,35.48334166666667,-110.04596142777336,40
1182,35.490775,-342.8470579936751,40
1183,35.34449166666666,393.4572070592718,40
1184,34.3360875,23.396324623484247,40
1185,31.471637499999996,-324.8440833387446,40
1186,28.38230416666666,-35.30002570333353,40
1187,26.8521625,61.98626249298378,40
1188,26.28625833333333,-184.49042547070312,40
1189,25.918949999999995,-182.14838834416855,40
1190,25.72971666666667,-48.98934590288227,40
1191,25.742502083333335,-62.642115830970496,40
1192,25.58856875,-4.1137254907240575,40
1193,25.429693750000002,-68.57485068936684,40
1194,25.667833333333334,14.470346554530808,40
1195,26.605349999999998,44.3186903921752,40
1196,29.759375,559.3127769165658,40
1197,31.379166666666663,33.55831173913412,40
1198,31.744725,-443.2611424227786,40
1199,31.8813625,-44.18043902979539,40
1200,32.22351666666667,-457.86611366219785,40
1201,32.45308333333334,416.86923548050015,40
1202,32.9064,2.5913742112510683,40
1203,33.5398,94.29456709520568,40
1204,34.15736666666667,-296.47089928570267,40
1205,34.3708125,-63.03632275231857,40
1206,27.567385185185184,-199.52322925917247,43
1207,27.3866462962963,-32.0233515400008,43
1208,28.15364074074074,-28.730987811323992,45
1209,28.47103333333333,-79.01203483521832,45
1210,29.094388888888886,-8.65948618962856,45
1211,30.382014814814813,-46.50766964810121,45
1212,33.05577407407408,152.47874143460064,45
1213,34.34187222222222,68.41212615287895,45
1214,35.347766666666665,681.5840465511935,45
1215,35.83171111111111,-136.34932692549856,45
1216,35.973940740740744,-38.85682094056857,45
1217,35.04469999999999,253.83931067127224,15
1218,35.54823333333333,40.65142714127365,15
1219,36.6311,-160.8891867763703,18
1220,35.37606666666667,142.38760814749338,15
1221,35.652366666666666,-1248.4236144042313,15
1222,36.09400000000001,542.4983887568322,15
1223,36.51816666666667,324.0031470432408,15
1224,35.96165555555555,-77.86499391476873,15
1225,34.26798888888889,286.50669036892293,15
1226,32.56684444444444,1475.8151146327384,15
1227,29.967266666666667,-73.19884449335314,10
1228,30.912799999999997,-1260.5021041615946,5
1229,31.0272,483.739390395199,8
1230,28.587066666666665,-695.7107379837016,10
1231,27.85676666666667,1029.9991221817218,10
1232,28.181955555555554,1516.738092778777,15
1233,28.054400000000005,-767.8296779556373,15
1234,28.548933333333338,-974.7847588194768,15
1235,29.70606666666667,-839.0645826524584,15
1236,31.139844444444446,62.11716970818033,15
1237,32.59225,634.6731568972777,15
1238,33.50134444444445,1188.4883363505182,15
1239,34.05325555555556,-2724.489415142222,15
1240,34.1959,1449.3219618179396,15
1241,34.29026666666667,-557.615274435903,15
1242,34.13326666666667,-13.78609426187753,15
1243,32.992200000000004,-134.28220495194452,15
1244,31.783088888888887,263.28603685975304,15
1245,32.02210000000001,-199.43074516099546,15
1246,33.36653333333334,-217.21786781575994,15
1247,34.1717,-377.51842226935446,15
1248,33.6997,-219.05651914344182,15
1249,32.29611666666666,-566.1667320142504,15
1250,30.79323333333333,-696.2576869966801,15
1251,29.220633333333332,-588.9283828977291,15
1252,27.72186666666666,-293.87958752904166,15
1253,26.547183333333333,862.5696689721399,15
1254,25.93306666666667,-948.6052846210696,15
1255,25.96016666666667,1602.9429470923897,15
1256,26.565099999999994,414.65298056183616,19
1257,26.66422,85.27662039622382,24
1258,27.300725,1262.5035392387115,23
1259,28.85357777777778,-167.23989304666506,21
1260,31.391225,327.23687080920286,23
1261,32.379238888888885,467.5731831363078,29
1262,33.079766666666664,30.676147083627114,30
1263,34.14948666666667,410.41580638363695,28
1264,34.71519555555556,-74.76434517879812,28
1265,35.20174,163.33399734744665,28
1266,35.26385833333334,-164.35332310233224,30
1267,35.161300000000004,155.81255999311946,30
1268,35.1995888888889,245.77383271258628,30
1269,35.665299999999995,4.504125211237682,30
1270,35.77974166666666,-348.48667519043084,30
1271,35.973038888888894,-485.5326607391282,30
1272,36.18743333333333,172.81084014482315,30
1273,34.881866666666674,43.21918139598763,30
1274,33.8014,-358.40019380431346,30
1275,32.646838888888894,-160.87638655845177,30
1276,31.321511111111114,12.628131137279794,30
1277,30.69492222222222,-24.72159110286947,30
1278,30.454491666666666,-198.10485539797756,30
1279,29.948108333333334,-44.50984439670982,30
1280,29.34383333333334,137.49335537188918,30
1281,28.916183333333333,-238.77021807524534,30
1282,29.51709166666667,41.41074788042628,34
1283,29.80062916666667,157.66555141318017,40
1284,31.561766666666664,203.33348825037893,36
1285,32.76873333333334,-276.5434590728397,36
1286,33.64687619047619,-450.9628961713584,38
1287,34.25247857142857,349.7432962837365,38
1288,34.59887142857143,-143.36905517936174,38
1289,34.9594130952381,192.6948659055646,38
1290,35.44466250000001,106.11796871285712,40
1291,35.599608333333336,146.59591893821096,40
1292,35.618325,233.40452228746886,40
1293,35.841966666666664,57.080452137127864,40
1294,36.159375000000004,-332.87022946241393,40
1295,36.31409166666667,-24.527536744609144,40
1296,35.67713125,-370.23267257979893,40
1297,34.29205416666667,-126.65983342728578,40
1298,32.69101249999999,-105.12974760667296,40
1299,30.97768125,460.9448796074604,40
1300,29.62594166666667,-258.8119829802591,40
1301,28.654025,226.50402766609625,40
1302,27.701787500000002,-49.102767009802925,40
1303,27.224952083333335,209.83656655775548,40
1304,27.26515833333333,482.75712866465335,40
1305,27.971035714285716,383.3592521336922,35
1306,29.308328571428568,-86.5651389993946,35
1307,30.543961904761908,199.22073011207135,35
1308,31.660223809523806,75.81653598357322,35
1309,32.419538095238096,72.50135914092456,35
1310,32.9436375,-400.98519610206677,40
1311,33.23375625,40.1733098199925,40
1312,33.432437500000006,-137.40117488574043,40
1313,33.4354125,554.4015042201142,40
1314,33.42218333333334,4.057506799550996,40
1315,33.6511,83.60678862228174,40
1316,33.80082083333333,62.635630514185934,40
1317,33.84616666666666,21.446326907715495,40
1318,33.773516666666666,98.39285363218234,40
1319,33.767670833333334,-302.64264245029324,40
1320,33.7166125,-212.94198026243114,40
1321,33.1822625,-124.83346540199699,40
1322,32.061,-324.00532184519653,40
1323,30.948737500000004,253.69683841853765,40
1324,30.45937083333333,264.47007687992436,40
1325,29.361733333333337,1944.433402174295,15
1326,29.08233333333333,81.47538965472756,15
1327,28.944800000000004,1153.1026869076852,15
1328,28.772566666666666,-953.1650313134749,15
1329,28.648899999999998,-24.76359300785326,15
1330,28.97053333333334,-36.60062183689678,15
1331,29.81753333333333,214.50077827890607,15
1332,31.171233333333333,66.55445696365085,15
1333,31.897222222222222,609.8663810438132,15
1334,32.778333333333336,-826.7138848631754,15
1335,33.321666666666665,-867.679287256224,15
1336,33.417955555555565,-1698.5131070137568,15
1337,33.36546666666667,507.51406423306196,15
1338,33.290400000000005,-604.7902400841948,15
1339,33.53476666666667,-940.0707573680296,15
1340,33.7798,305.13149168455976,15
1341,33.695566666666664,-1252.0912624119067,15
1342,33.7114,-304.18459397537936,15
1343,33.86595555555556,38.353222562390464,15
1344,33.39993333333334,-1351.5904100905252,15
1345,32.30663333333334,127.21510812725867,15
1346,31.481866666666672,50.660711780376964,15
1347,31.067933333333333,-53.47877447062426,15
1348,30.673944444444448,977.3891175794611,15
1349,29.855699999999995,-55.830944196932435,15
1350,29.019433333333332,542.7974779229259,15
1351,28.47386666666667,-1103.5078531806366,15
1352,28.361611111111113,-895.9601607105361,15
1353,28.59788888888889,-153.6362546078779,15
1354,29.144387500000004,-214.75686118554358,40
1355,29.776804166666672,126.82845370421671,40
1356,31.8188,243.1512616075502,32
1357,32.98648333333333,-3.2517231747277933,40
1358,33.590041666666664,-53.585885712423064,40
1359,34.01215416666666,391.02545073919214,40
1360,34.33620833333333,259.0148419828657,40
1361,34.54905,77.66359540249934,40
1362,34.7108,170.40799460584276,40
1363,34.7864375,95.29259903238325,40
1364,34.724691666666665,-672.4774741107407,40
1365,34.64284583333333,-189.57907510145063,40
1366,34.5801625,74.17342596114926,40
1367,34.547045833333335,-710.2616081183452,40
1368,34.75342916666666,147.11157531720198,40
1369,34.56815,-25.872160280513143,40
1370,33.302212499999996,-241.5620115608574,40
1371,31.865079166666668,-2.8043812499915717,40
1372,30.646644444444444,160.25256598301098,45
1373,29.193022222222226,-38.789602055775944,43
1374,27.938200000000002,-455.70843351619703,43
1375,27.312847222222224,-108.81308048985164,43
1376,26.949431944444445,-42.99853841534521,43
1377,26.58293888888889,-137.80142507100965,43
1378,27.09678564814815,-216.5354608604706,43
1379,28.411203703703706,67.50156191619283,43
1380,30.73523125,-233.0988511631867,43
1381,31.999854166666672,242.61584771410224,43
1382,32.54783472222222,37.30103501138783,43
1383,32.75815601851852,168.2478165769752,43
1384,33.02528819444444,-15.856141815568463,43
1385,33.05273888888889,-373.3512707949802,43
1386,32.82692314814815,-271.29364504227914,43
1387,32.9873625,5.699167446836714,43
1388,33.26813055555556,198.13791806836315,43
1389,33.636066666666665,-277.0408053668383,43
1390,34.18712222222222,-167.3485406194417,45
1391,34.323600000000006,471.30440362439566,45
1392,34.0182962962963,235.35419608316266,45
1393,33.22275555555556,235.5789194213456,45
1394,32.580122222222215,-248.3584690798823,45
1395,32.02016666666667,114.52191689182021,45
1396,31.45091111111111,-258.52979683092286,45
1397,29.881922222222222,8.8934689756512,45
1398,29.998514814814815,498.20202707897744,45
1399,29.922144444444445,59.07128936323685,45
1400,29.78844814814815,13.353273876630816,45
1401,30.108877777777774,3.415901483981319,45
1402,30.67001851851852,-6.498465521432397,45
1403,30.9978962962963,427.85514809740755,45
1404,31.52546666666666,-157.74767660732127,45
1405,32.25553333333333,-59.91842761872128,45
1406,32.90393703703704,-300.4289919687078,45
1407,33.48596666666666,90.1037100834109,45
1408,33.825507407407414,-100.12586403996686,45
1409,34.078244444444444,119.59747784247466,45
1410,34.09731111111111,125.82188490780123,45
1411,33.70032222222222,24.731917910957208,45
1412,32.97554074074075,117.58220229913317,45
1413,32.14609259259259,-283.38887231811526,45
1414,31.72989259259259,-204.41421648469301,45
1415,31.566196296296294,-313.39582319461675,45
1416,31.81352962962963,310.28594213932524,45
1417,31.99181111111111,160.18793785351502,45
1418,31.43527777777778,27.87453645182582,45
1419,29.532231250000002,-119.51990887893692,40
1420,28.392875000000004,-140.83904869747545,40
1421,27.82350416666667,-388.0414156823597,40
1422,27.850849999999998,68.9007488297724,40
1423,27.910125,-366.31960639471447,40
1424,27.928225000000005,400.49568816662617,40
1425,28.020699999999998,-120.84094839988467,40
1426,28.284812499999997,-13.960375091236802,40
1427,28.778441666666662,-242.73623564769258,40
1428,30.42644166666667,67.09232737736,40
1429,31.83010625,178.85963173543263,40
1430,33.497287500000006,302.58344784711215,40
1431,34.368520833333335,6.430770433427689,40
1432,32.967875,162.41879866484666,40
1433,31.290650000000007,-35.49965399956661,40
1434,30.711316666666665,-78.78438459192634,40
1435,31.4455375,23.417116813439193,40
1436,33.00500833333333,29.636638747621245,40
1437,34.51741666666667,-384.1708081446616,40
1438,34.51223095238096,-160.16938671543903,38
1439,34.82205714285715,118.0918058532765,38
1440,34.89148333333333,98.14153890158602,38
1441,34.219904761904765,406.7021409444796,38
1442,33.135911904761905,76.33220221390047,38
1443,32.09907619047619,-290.00826711290176,38
1444,30.93765714285714,-0.7431367649341247,38
1445,29.638324537037033,12.4850055412303,43
1446,28.427402314814817,62.85095453153431,43
1447,27.417293981481482,125.488322776827,43
1448,26.85429027777778,-5.899330266217277,43
1449,27.208222685185184,167.8884790627305,43
1450,27.898649074074076,-300.9805239696538,43
1451,28.643301851851852,-434.23351405499955,43
1452,29.76980648148148,135.93810070355184,43
1453,30.549054629629627,158.67949202600485,43
1454,31.30451111111111,-139.50751181808803,43
1455,31.773616666666662,180.97262164249125,43
1456,32.30848888888889,-291.50948922702173,43
1457,32.9470125,410.88752436486936,43
1458,33.6547625,-147.79064771761958,43
1459,33.964483333333334,-131.53185067350344,43
1460,33.860557407407406,30.326756595705522,43
1461,34.11028333333333,-136.40638059220657,40
1462,34.61467916666667,198.00236233478265,40
1463,35.14361666666667,88.78847994664487,40
1464,35.243325000000006,253.8018039904372,40
1465,34.335879166666665,140.3567500615129,40
1466,32.83107916666667,188.94170940503034,40
1467,31.680575000000005,35.57731740544076,40
1468,30.660721428571424,-164.61948439221982,38
1469,29.5048,697.3950829485943,40
1470,28.901637500000003,-150.101007870342,40
1471,28.875820833333336,-124.45117910641275,40
1472,30.212962500000003,84.28751716700826,40
1473,31.539412500000005,5.7533228293690755,40
1474,32.061733333333336,-241.09982938780047,40
1475,35.006449999999994,-255.42974373049847,38
1476,38.35059821428571,-99.15159128093389,38
1477,38.324059523809524,399.77316794426537,38
1478,38.39179583333333,351.91090827202237,40
1479,38.694923611111115,230.19855080867646,41
1480,38.497091203703704,98.17754771482124,41
1481,38.173609259259266,81.19564012318426,41
1482,37.65893240740741,80.85158116874479,41
1483,37.10435740740741,30.295954384038154,41
1484,36.83219523809524,-351.0797039776297,36
1485,36.3669,329.28618159812896,36
1486,36.03465714285714,132.8731620785697,36
1487,36.057514285714284,62.67019334199034,36
1488,35.269042857142864,-179.56080097045114,39
1489,33.87764305555555,-186.71213736034963,41
1490,32.832525000000004,-80.95777522109304,41
1491,32.13485578703704,103.34388873842512,41
1492,31.263545833333332,-20.751530062212908,41
1493,30.36851388888889,14.06382444675684,41
1494,29.502573611111114,-253.77190413629077,41
1495,29.110575,228.99794908763116,41
1496,29.85184861111111,-542.9128067866709,41
1497,30.83436041666667,156.71601390473649,41
1498,31.29958796296296,277.34882901178435,41
1499,31.799888888888894,162.76865520322605,41
1500,32.408441666666675,-269.3219260644353,41
1501,33.19896342592593,-5.0954876593046805,41
1502,34.47778541666667,-42.48195711672903,41
1503,34.966768055555555,-279.38808806405325,41
1504,34.73716944444444,400.0040376423982,41
1505,34.6344375,245.34282843566535,41
1506,35.02675714285714,60.316913638382275,36
1507,34.66755,744.2851012651515,36
1508,34.20780462962963,227.63564219369547,43
1509,33.86184722222222,25.443455294812967,43
1510,33.82588935185185,-238.06093496720746,43
1511,33.894736574074074,0.514376310376619,43
1512,33.31205578703704,-32.02396740607084,43
1513,32.29301851851852,-220.79956433768686,43
1514,31.15433981481482,189.62397018337265,43
1515,30.05997060185185,181.50023785633547,43
1516,29.116369444444445,-144.78907059446456,43
1517,28.15822847222222,-198.1248512090885,43
1518,27.37525509259259,-106.641702386428,43
1519,27.0871787037037,-582.2218081858093,43
1520,27.264019444444443,187.53206152041952,43
1521,27.20945972222222,64.99507050867035,43
1522,27.38753518518518,173.47832652983774,43
1523,28.30987962962963,-277.81807255436456,43
1524,30.404072222222226,-112.15082114786665,43
1525,31.70255925925926,77.48245769250615,43
1526,32.0169537037037,287.2239966736661,43
1527,31.85210462962963,-114.92649469496786,43
1528,31.736825,-72.27422073011681,43
1529,31.807272685185183,-274.4551830525466,43
1530,32.10854444444444,-124.53506704077816,43
1531,32.50208472222222,-40.46045197124421,43
1532,32.788322685185186,-1019.2439621404458,43
1533,33.33678333333333,-59.5163070334642,43
1534,33.80585138888888,53.860806286644014,43
1535,34.07199398148148,-190.60636073419508,43
1536,33.85218796296296,280.8339435879812,43
1537,32.87731666666666,25.34616951255756,43
1538,32.423479398148146,-108.90455316377097,43
1539,32.51226666666666,-567.867914716313,43
1540,32.55713333333333,-66.6688758580942,43
1541,32.765988425925926,-235.21325583157977,43
1542,33.66999791666667,338.5697098504036,43
1543,35.84964629629629,-128.22487415654584,43
1544,36.328527083333334,66.69884652461081,43
1545,36.4695525462963,123.14226774008162,43
1546,38.707707142857146,178.5564551181487,38
1547,38.61043809523809,22.577337833218177,38
1548,37.6212380952381,178.10183158560392,38
1549,37.54088333333333,-52.5972274554888,38
1550,37.966164285714285,-174.2664448964461,38
1551,38.63001666666666,-443.9345931007557,38
1552,38.64912857142857,-105.12739793718399,38
1553,38.831714285714284,449.98687197243873,38
1554,39.45173253968254,155.220649880157,33
1555,39.139066666666665,-60.66956996844961,36
1556,39.16135238095238,35.65384662001037,38
1557,39.208192857142855,-34.44962663493879,38
1558,39.209604761904764,298.31914656166595,38
1559,39.31647142857143,-103.86208003052748,38
1560,39.26115238095238,-80.0006862290418,38
1561,38.445283333333336,-164.40206325680106,38
1562,38.82832,68.8685342877816,28
1563,36.0836753968254,46.97306342943149,33
1564,35.49867857142857,-258.0944603302674,33
1565,34.996145238095245,149.7169266111187,33
1566,34.74868571428571,451.7546627501059,33
1567,34.79645238095239,25.585325708148133,33
1568,35.20520595238095,74.74205951531252,33
1569,35.929054761904766,62.32063266236662,38
1570,36.68339285714286,324.4496874136079,38
1571,36.50992142857143,-720.571877068486,38
1572,36.95733571428572,-679.4298058634267,38
1573,37.65819761904762,318.3471463773512,38
1574,37.43382857142857,80.39214472829678,38
1575,37.663157142857145,72.90087357110977,38
1576,38.19975714285714,-563.5394886129128,38
1577,38.051816666666674,500.395884439335,38
1578,37.41847619047619,68.25932242528916,38
1579,36.964166666666664,349.2739870629624,38
1580,36.787028571428564,185.85270109419048,38
1581,36.64001190476191,104.63092882968641,38
1582,36.603790476190476,779.8830168885605,38
1583,36.59665238095238,-166.07422486300985,38
1584,35.96256904761904,-251.88669838056288,38
1585,34.69185,127.65331260117186,38
1586,33.348866666666666,96.99391860726493,38
1587,32.39262142857143,59.08927101524212,38
1588,31.598204761904764,164.6325103124405,38
1589,30.817035714285716,71.1777907998643,38
1590,30.246807142857143,-41.80110681340387,38
1591,30.128542857142854,685.5051727879696,38
1592,30.179345238095237,-35.6392416296525,38
1593,30.435797619047623,411.556559058306,38
1594,31.273457142857147,51.32395701668317,38
1595,32.28598095238095,-41.792407721440085,38
1596,33.600321428571434,318.3799962753892,38
1597,34.79027380952381,-249.07890911064112,38
1598,35.489671428571434,26.253078445031647,38
1599,35.69403571428571,-21.898690979693377,38
1600,35.72343571428571,348.6471555722495,38
1601,35.670857142857145,-406.0796273418115,38
1602,36.06910238095238,-28.90856057221024,38
1603,37.188095238095244,286.6928977596547,38
1604,37.80645714285714,36.155354169209716,38
1605,37.837245238095235,-396.4244696246358,38
1606,38.19302142857142,-316.20218956916847,38
1607,38.61217857142857,140.8481817641757,38
1608,38.75796904761905,58.170217539849915,38
1609,37.59645714285714,77.89220482065888,38
1610,36.272895238095245,11.782626486956282,38
1611,35.430285714285716,249.9923607597799,38
1612,34.98773571428571,-56.535442102595574,38
1613,35.160833333333336,48.35096547697829,38
1614,34.93115,-185.8534419699952,38
1615,34.05749285714286,152.11905584546895,38
1616,33.502540476190475,57.4474104462205,38
1617,33.79271904761905,-351.1800054578399,38
1618,34.89684523809524,-260.06514768318243,38
1619,35.59256190476191,-20.51648970041601,38
1620,35.89469761904762,-207.24577754113926,38
1621,36.21792142857143,205.6289499831459,38
1622,36.35295714285714,-583.410046281375,38
1623,36.31312380952381,-88.8966556322577,38
1624,36.446888095238094,-29.417101923591574,38
1625,36.65372857142857,187.9925873369316,38
1626,36.554471428571425,13.577052390115394,38
1627,36.34540714285715,-226.47790453250315,38
1628,36.19441428571429,-43.28819640579505,38
1629,36.07500714285714,245.17490632681634,38
1630,36.29571428571428,-4.415168036023466,38
1631,36.47102380952381,30.376370419096332,38
1632,36.12620476190476,358.12913630936504,38
1633,34.733807142857145,103.35331397712748,38
1634,34.0605380952381,-495.48723365433824,38
1635,33.397885714285714,118.97788183181729,38
1636,32.707873809523804,-58.524923304661684,38
1637,32.23363571428571,-347.6419717843517,38
1638,31.840449999999997,51.78550573394065,38
1639,31.650750000000006,-139.9313876424255,38
1640,31.519721428571426,-34.7230446045636,38
1641,31.573309523809524,-77.20770800818697,38
1642,32.10890714285714,263.5008666441748,38
1643,32.776219047619044,-356.1408261008317,38
1644,33.812799999999996,71.50846418010805,38
1645,34.64469761904762,62.691291625743034,38
1646,35.3316380952381,-109.05605827685685,38
1647,35.78750476190476,-210.02187532221976,38
1648,36.49691428571429,77.40203778979182,38
1649,36.67732857142857,87.28791294724631,38
1650,36.54687619047619,166.16878276022427,38
1651,36.14402857142857,-67.1433869698362,38
1652,36.169890476190474,191.63746322984213,38
1653,36.494285714285716,468.2908699675256,38
1654,36.59016428571428,-11.85944636934218,38
1655,36.69418571428572,285.2358999718689,38
1656,36.6135,111.44040297915015,38
1657,35.70319285714286,64.06285656832489,38
1658,34.7914619047619,222.6808017967263,38
1659,34.15247380952381,-72.25067783674037,38
1660,33.57066428571428,-91.58409155814789,38
1661,33.47801428571429,58.07836227474107,38
1662,33.34389285714286,-399.21260528307823,38
1663,33.09577857142857,31.622211389258155,38
1664,33.50217857142858,-25.849091475759785,38
1665,34.53036904761905,186.87084028826635,38
1666,34.92392857142857,-73.23313271754921,38
1667,35.04906666666667,-467.0646880015821,38
1668,35.62911428571429,-33.512820085738475,38
1669,36.36201428571429,24.437090312543006,38
1670,36.71935952380952,65.98351713303394,38
1671,36.7589,380.81033707433244,38
1672,36.864357142857145,-14.757584307003853,38
1673,36.88672857142857,225.34068359993256,38
1674,36.854676190476184,283.1327431565714,38
1675,36.83285,178.23917596348898,38
1676,36.868747619047625,-48.998605749318685,38
1677,36.98907142857142,-98.29472401821756,38
1678,36.913171428571424,171.8994206880198,38
1679,36.89141428571428,164.3294086293644,38
1680,36.702047619047626,-14.75005697596746,38
1681,35.92329047619047,56.65086352355255,38
1682,34.969164285714285,20.999160798830772,38
1683,34.20112857142857,-23.42878937076889,38
1684,33.597350000000006,35.4184048716749,38
1685,33.29564285714285,64.4649683371614,38
1686,33.280409523809524,128.03927738529617,38
1687,33.35981190476191,5.679680335169124,38
1688,33.00971428571429,-157.38346152429065,38
1689,32.97111904761905,47.58294839016359,38
1690,33.73335238095238,-70.28203977266776,38
1691,34.498938095238096,17.86075572521572,38
1692,35.64490238095239,130.00899437672808,38
1693,36.121135714285714,71.10036927273286,38
1694,36.79050873015873,124.343418929769,33
1695,37.03122261904762,470.85543257714926,33
1696,37.014471428571426,-178.07900733950913,33
1697,36.90602142857143,126.33738291388926,33
1698,36.56139523809524,253.4537690217273,38
1699,36.9332,-598.4138512274071,38
1700,37.08734761904762,-73.33969415577782,38
1701,37.327490476190476,411.99122360630355,38
1702,38.38607142857143,-5.007312962354611,38
1703,39.2048880952381,311.60649571203965,38
1704,39.79169047619048,-516.7559432492075,36
1705,38.93000476190477,-364.84630394808244,36
1706,37.68378095238095,-145.2031092272716,36
1707,36.327214285714284,-148.97153304671014,36
1708,35.57136190476191,23.9069800754245,36
1709,35.32275,63.78605524476447,36
1710,35.21644047619048,-371.8898803476545,36
1711,35.234185714285715,456.6388082979072,36
1712,35.20555238095238,-72.32807706231652,36
1713,35.31660000000001,258.90402990281154,36
1714,36.41168571428571,-211.11604937115223,36
1715,37.21098095238095,-73.28390933002096,36
1716,37.01748333333334,542.4916869836962,36
1717,37.24066666666666,-352.4374329988165,31
1718,36.75192619047618,-32.48641285664071,36
1719,36.87751428571429,163.32078651064973,36
1720,36.834380952380954,57.99125876704217,36
1721,36.948299999999996,-1050.8424263048948,36
1722,37.17787619047619,-75.76101243315219,36
1723,37.28163333333333,-355.9140135889506,36
1724,37.302790476190474,-982.9262259900462,36
1725,37.33455952380952,-449.0216913029755,36
1726,37.57727142857143,24.67716767695891,36
1727,37.7670619047619,105.27577240966076,36
1728,37.32135714285714,20.69613863697876,36
1729,36.33066666666667,-9.209143692963771,36
1730,34.92645238095238,938.1048540687447,36
1731,33.92787142857143,-149.62732289695217,36
1732,32.98693095238095,79.07409827417635,34
1733,32.31690476190475,181.5377489528779,36
1734,31.95109761904762,-150.81974456270672,36
1735,31.87525714285714,-69.5224500219306,36
1736,31.68532619047619,16.53147373517458,36
1737,31.7952,222.453402103341,36
1738,32.632195238095235,-24.502084761209467,36
1739,33.408752380952386,421.602712841138,36
1740,34.205,-672.7395706539958,36
1741,34.92984285714286,-29.6065266213795,36
1742,35.60125476190477,107.82688345140379,36
1743,36.130764285714285,199.19670370235502,36
1744,36.517266666666664,270.0800562774104,36
1745,36.607485714285716,-522.6328050814666,36
1746,36.67647619047618,223.74918500575393,36
1747,36.9688380952381,300.4456503598627,36
1748,37.87856507936508,-83.33881660376503,33
1749,37.84607619047618,629.135859052358,33
1750,37.902859523809525,415.78608499475797,33
1751,38.0711007936508,-76.26639443616723,33
1752,37.84319920634921,-21.594752706842534,33
1753,36.98573571428571,-243.34197504263412,33
1754,35.72925714285715,1.3664728007638516,33
1755,34.19017380952381,239.08890882415483,36
1756,33.374164285714286,615.2380751230797,36
1757,32.60558095238095,-3.531426551328572,36
1758,32.23521428571429,-41.317547476027244,36
1759,31.971992857142858,151.74823426233564,36
1760,31.9701380952381,67.68736123138501,34
1761,32.542095238095236,-280.40622528644303,34
1762,33.23402142857143,26.33136252996146,34
1763,34.05703888888889,-486.98422944079255,34
1764,35.4481,-2.2281641592349217,34
1765,36.315827777777784,-39.224138833875216,34
1766,36.89837142857142,-415.5714361051434,34
1767,37.13088650793651,138.0024252748172,34
1768,33.15327380952381,286.49503800276875,31
1769,32.83291547619048,-203.28886729651163,31
1770,32.827468253968256,-442.79694788375036,31
1771,32.85364047619048,-203.85300015680548,31
1772,36.719857936507935,-35.262875953093754,34
1773,36.668196031746035,39.884001209422394,34
1774,37.14017936507936,-261.3995964647086,34
1775,37.208738888888895,-471.03673108722745,36
1776,37.064800000000005,-120.22717531672761,36
1777,36.543605555555565,110.8883014115089,36
1778,35.80200555555555,85.43446956447012,36
1779,34.868386111111114,217.50792537630753,36
1780,33.85349444444444,146.08309709012704,36
1781,32.95079166666666,-703.1452490453014,36
1782,32.88398650793651,261.75428329660366,33
1783,32.576859523809524,2.819695438968086,33
1784,32.57410396825397,56.285376805292145,33
1785,32.87052142857143,115.91766506423357,33
1786,33.58932619047619,71.80346746948328,33
1787,35.67753333333333,-302.3332203247117,33
1788,38.45658095238095,-147.94188572322022,33
1789,38.508207142857145,56.85131084605375,33
1790,38.20264047619048,112.00180293289465,33
1791,37.95664126984127,-214.5496291066857,33
1792,37.451392857142864,57.498690280750765,33
1793,37.24726507936508,64.66237344526948,33
1794,37.13601428571429,-85.85138116651589,33
1795,36.99673571428571,293.81948476387834,33
1796,36.88919682539683,628.3931381769173,33
1797,36.89303571428571,-118.0572628274902,33
1798,37.35046904761904,-250.12120612658643,33
1799,37.80988571428571,-187.38241741521963,33
1800,37.807,-13.897246892664384,33
1801,37.39883571428572,85.56964879508118,33
1802,36.37020476190476,35.93278384095131,33
1803,35.424725793650786,128.7966240261014,33
1804,34.68345714285714,428.98229286733596,33
1805,34.02889404761905,-96.26510672003587,33
1806,33.77634404761905,119.94586466846313,33
1807,33.57478492063492,-830.3195227118821,33
1808,33.51763571428572,99.01557465414487,33
1809,33.819855555555556,466.7326944962199,33
1810,34.522530952380954,582.3815396286456,33
1811,35.210766666666665,107.61061905086768,33
1812,36.07260714285714,90.27878683737885,33
1813,36.54730555555555,85.56138620630767,33
1814,36.40515952380952,-199.83883180553693,33
1815,36.047754761904756,494.1507430121256,33
1816,36.3631,9.354527697819517,35
1817,36.496830952380954,-232.73292463843808,35
1818,36.14961904761905,-722.8456276767939,36
1819,36.079564285714284,59.32364063316348,36
1820,36.08325238095237,309.8954906769862,36
1821,36.11833253968255,-40.60305026915976,34
1822,36.15695079365079,1159.5732320099848,34
1823,36.196171428571425,-348.90187173225706,34
1824,36.10195793650794,463.87486255291725,34
1825,36.930504761904764,471.9675763733711,34
1826,37.43932777777778,381.13115986341904,34
1827,36.113121428571425,208.30316872854158,34
1828,33.96754841269842,-287.2893112138456,34
1829,33.11275,-51.29228562646389,36
1830,32.833885714285714,-42.29663220851212,38
1831,33.209495238095236,89.70320423852127,38
1832,35.692880952380946,158.9618311380667,33
1833,38.34360714285714,342.7135750274533,38
1834,39.185602380952375,-232.37054090993394,38
1835,39.30085714285714,-199.36857529448991,38
1836,39.20191190476191,202.53917101166095,33
1837,38.95507380952382,15.119736952833229,38
1838,38.667857142857144,-171.10100339674736,38
1839,38.34335238095238,105.82888045221428,38
1840,37.94747142857143,10.19352618612545,38
1841,37.442116666666664,-181.1175292268172,38
1842,37.10932142857143,241.65635261146178,38
1843,36.975002380952375,-135.07871926824095,38
1844,37.04399523809524,407.67574408523905,38
1845,37.33603333333333,8.323298652120489,38
1846,37.45290000000001,121.24132956171147,38
1847,37.560545238095244,-202.61262008661356,38
1848,37.10666428571429,-4.989260648122844,38
1849,35.64320238095238,141.075268415607,38
1850,34.48936428571428,-337.1652037804514,38
1851,33.78611428571428,62.540021101543445,38
1852,29.38366666666667,454.5633708388608,30
1853,32.858876190476195,-196.52565259632826,38
1854,32.45645714285713,268.92869982051366,38
1855,31.50409047619047,-110.71645967065774,38
1856,30.729114285714285,-26.361335844015496,38
1857,30.892580952380957,122.03799566295172,38
1858,32.05888809523809,107.99992833743897,38
1859,33.78769523809523,-153.68537679218093,38
1860,35.36132380952381,123.52465171756344,38
1861,35.04133809523809,-289.2658073034007,38
1862,34.73583571428571,246.74534338568893,38
1863,34.47315714285714,141.1335089131007,38
1864,33.97141428571429,-48.44225506399404,38
1865,33.876085714285715,23.78298621913214,38
1866,33.82820476190476,728.5438481718616,38
1867,33.892242857142854,-361.4385390855472,38
1868,34.02800476190477,-225.5051841575239,38
1869,34.24158571428571,-33.210653365928216,38
1870,34.42385238095238,242.38365327983368,38
1871,34.57351428571429,-35.50425924594379,38
1872,34.07332619047619,-449.41338287669925,38
1873,32.43266428571428,366.43899040806303,38
1874,30.99482142857143,-192.03104543596163,38
1875,30.01065357142857,-289.845450511325,38
1876,29.295760714285713,-79.9777421741415,38
1877,28.886844047619046,-276.5892383065839,38
1878,29.0914,40.40348828992522,38
1879,30.271914285714285,36.513460626704195,38
1880,30.639900000000004,140.6261446697286,38
1881,30.570428571428568,178.4924766896013,38
1882,31.876935714285718,121.46005533006056,38
1883,33.17024285714285,-66.86281856314126,38
1884,32.78057857142856,-184.9569350260582,38
1885,32.42349523809524,86.79333163108697,38
1886,31.945735714285718,-140.4534771856012,38
1887,31.83340714285714,-118.87470883366157,38
1888,31.79401190476191,173.79784749995167,38
1889,31.75372380952381,-199.07060037848262,38
1890,31.651795238095236,-230.6953076390697,38
1891,31.564973809523803,-125.46095660440047,38
1892,31.49918571428571,-110.52427288225141,38
1893,31.58986428571429,-1125.2753249952018,38
1894,31.75981904761905,595.4907665825184,38
1895,31.889380952380954,839.1593741961811,38
1896,31.980119047619052,155.54937563081674,38
1897,30.769040476190476,50.006195967663594,38
1898,30.76993571428572,-157.48215439726428,38
1899,31.092214285714284,248.77804182612766,38
1900,30.20969285714286,147.2091571202419,38
1901,29.181478571428567,404.25909331326716,38
1902,29.46395,228.04944258006586,38
1903,30.79513095238095,-138.0833042809018,38
1904,32.12828571428571,324.65024065372387,33
1905,34.21263015873016,48.17533607955309,33
1906,33.780476190476186,-455.5982317555193,33
1907,32.95661904761904,-269.65923947321465,33
1908,32.85861428571429,1282.4911186864965,38
1909,33.243654761904764,239.50826145229487,38
1910,33.375221428571436,-324.03385335011575,38
1911,32.766480952380945,-23.094909733928596,38
1912,32.29817142857143,687.2628060422845,38
1913,32.253657142857136,66.09813768155345,38
1914,32.42565952380952,-171.87447670099223,38
1915,32.75565476190476,-789.7505218254926,38
1916,33.21627142857143,63.78931356567993,38
1917,33.75086666666667,675.1680175209849,36
1918,33.778883333333326,41.13569298492035,36
1919,33.565623015873015,5.052707489228368,33
1920,33.44858650793651,-91.48657055428626,33
1921,33.012077777777776,296.3625566022723,33
1922,31.807388888888887,-104.29425638858646,33
1923,31.478009523809522,417.6433503118206,33
1924,32.0537119047619,180.3040758823085,33
1925,32.74390714285714,-181.83166490072944,33
1926,33.513087301587305,-93.80764938996226,33
1927,34.00786428571429,252.96348927095204,33
1928,33.828580158730155,-188.0530776284421,33
1929,33.62853015873016,-681.1656036520553,33
1930,33.54424126984127,55.42741020956467,33
1931,33.90628888888889,82.16390513404914,28
1932,33.971584444444446,-306.2211349976161,28
1933,34.45823777777778,-138.9167690476541,28
1934,34.646100000000004,-712.191106200557,28
1935,34.61604285714286,-517.1919981162114,33
1936,34.95480238095239,-490.95230014745243,33
1937,34.980846825396824,-36.49903144759193,33
1938,34.67591666666666,-128.72007612348506,33
1939,34.503957142857146,-234.8078459294403,33
1940,34.57243968253968,-59.00806167850821,33
1941,34.77074047619047,364.2744113645989,33
1942,34.9608261904762,-274.1450150728736,33
1943,35.18985158730159,51.80881979024812,33
1944,35.26202936507937,147.22621827402372,33
1945,35.06525714285714,103.12537665670001,33
1946,34.86773492063492,-756.9058201497226,33
1947,34.614090476190476,395.90183470672673,33
1948,33.68600714285715,338.46530485569184,33
1949,32.88457142857143,-179.0711587731005,33
1950,33.27883571428571,129.1222440960962,37
1951,33.706292857142856,247.15878814180257,38
1952,33.651338095238096,367.0004209545968,38
1953,33.82333571428571,172.69261865554927,38
1954,33.81090476190476,66.60662974985046,38
1955,34.0558,-58.07419535484912,38
1956,35.07848095238096,-541.4918610397829,38
1957,35.56098571428571,-60.20692677556846,38
1958,35.58306944444445,870.60756692204,36
1959,35.44074285714286,219.9393640832171,38
1960,35.420407142857144,-314.0658554011012,38
1961,35.244457142857144,250.58874254292613,38
1962,34.99098095238095,-201.94352961621087,38
1963,35.22482142857143,81.82078139275274,38
1964,35.27314285714286,-64.43861305090276,38
1965,35.07452619047619,49.4133028850125,38
1966,35.43468095238096,20.940984309258724,38
1967,35.881164285714284,372.22339378527874,38
1968,36.23831428571429,-138.73003546655917,38
1969,36.06767142857143,-126.2637505004142,38
1970,35.41257857142857,175.83026961177825,38
1971,34.66052142857143,117.8691893553242,38
1972,33.93593571428571,59.96244646420558,38
1973,33.72057142857143,-107.98272250322826,38
1974,34.22766428571428,-415.11619914326684,38
1975,34.59338571428572,-183.07008458444656,38
1976,34.721823809523805,107.11679942135123,38
1977,35.243692857142854,336.44194349817343,38
1978,35.377228571428574,63.71031529422329,38
1979,35.04084761904762,905.5267447748228,38
1980,34.68588571428572,127.67289054917714,38
1981,34.736399999999996,194.00126617195298,38
1982,35.15380714285714,-99.98377906011456,38
1983,35.436861904761905,208.74332503209348,38
1984,35.25927142857143,-162.32421742620005,38
1985,35.10180714285715,161.7609970778378,38
1986,35.14521666666666,70.4895280670307,38
1987,34.98504285714286,904.3676806682399,38
1988,34.91057142857143,218.9319138877044,38
1989,35.02002142857143,66.43130222398241,38
1990,35.26078333333333,99.15891873985828,38
1991,35.439976190476195,26.386968974582047,38
1992,35.80634047619047,-230.99359593935839,38
1993,36.193416666666664,-51.85196006457468,38
1994,36.277273809523805,204.96156730820036,38
1995,36.43414047619048,101.55639944071342,38
1996,36.43026428571428,-291.63155503351015,38
1997,36.03310714285714,723.3605906978147,38
1998,35.87209047619048,-30.499293009163424,38
1999,35.354483333333334,206.82345940943787,38
2000,34.54857142857143,-103.57122228769964,38
2001,34.438766666666666,-613.7666274568752,38
2002,34.49953333333333,112.25690857296243,38
2003,34.56451428571428,621.4327047637715,38
2004,35.054002380952376,141.8617618112538,38
2005,35.86567857142857,-542.486960344626,38
2006,36.106447619047614,-1079.9242304371287,36
2007,36.53393809523809,-276.36510541979146,36
2008,36.58572142857143,166.22515570804086,38
2009,36.193535714285716,176.83627783684136,38
2010,35.70100714285714,-170.78652282852738,38
2011,35.57439047619048,939.5030200564281,38
2012,35.65478095238095,538.9399779822714,38
2013,35.726485714285715,80.50162420568853,38
2014,35.69005952380952,392.7043236782682,38
2015,35.84594285714286,152.30884727385575,38
2016,35.99967380952381,210.36918367330534,38
2017,36.027342857142855,-37.821631243635224,38
2018,35.81868571428572,-118.69569123469543,38
2019,35.30587380952382,255.744859346152,38
2020,34.69936666666667,-84.67077191615877,38
2021,33.477,-33.94471759902789,38
2022,32.490140476190476,-97.90886039497607,38
2023,32.24362142857143,-589.4967218032948,38
2024,32.028499999999994,39.76056536264178,38
2025,31.94834285714286,-5.043247753082621,38
2026,32.191428571428574,178.85645090675882,38
2027,32.830930952380946,-159.02158847196083,38
2028,34.162049999999994,57.46463895328691,38
2029,35.20455833333334,87.05864054353378,36
2030,35.719838095238096,29.62455160812417,38
2031,35.985521428571424,-124.85558967922555,38
2032,35.547490476190475,-355.9319114548228,38
2033,34.94633333333333,432.4367401227002,38
2034,33.77894285714286,-380.12021274145434,33
2035,34.84906428571429,12.590478030986294,38
2036,34.767297619047625,-15.435269682647025,38
2037,34.645157142857144,432.7276705418612,38
2038,34.04224761904762,66.69392377222071,33
2039,35.21769285714286,-85.3509402537671,38
2040,35.1306,53.989355928429774,38
2041,34.90821904761905,-12.72307991209422,38
2042,34.42780714285715,55.5904434858864,38
2043,33.77643571428571,344.0324485764421,38
2044,33.14566666666666,118.25595543636317,38
2045,32.744366666666664,-306.41393242790866,38
2046,32.60794285714286,147.40090034482688,38
2047,32.52662142857143,-28.92723555146444,38
2048,32.86000714285715,-206.29565908861647,38
2049,34.12705,140.83241774662486,38
2050,35.20874285714286,-1066.1663882409487,38
2051,35.28431904761905,-196.33755971735613,38
2052,35.143909523809526,51.79174498167418,38
2053,35.14284285714286,33.82307133584078,38
2054,35.27807142857143,-669.5984302789618,38
2055,35.046061904761906,34.47674815047917,38
2056,34.79506428571428,-63.1319490988566,38
2057,35.124076190476195,224.72873971731127,38
2058,35.170364285714285,244.6557965897709,38
2059,35.129347619047614,-100.50524340345865,38
2060,35.27721428571429,53.15800575748246,38
2061,35.60205714285714,-2162.3075847328564,38
2062,36.09869285714285,239.04303046182653,38
2063,36.159395238095236,-468.4130446182909,38
2064,36.028685714285714,-104.65758591780128,38
2065,35.91779285714286,-35.82726484553761,38
2066,35.25922619047619,533.3688384594333,38
2067,33.98185992063492,282.33192901883876,33
2068,33.59157142857143,227.43234196663983,38
2069,33.00497619047619,-703.9703786109856,38
2070,34.24187857142857,198.23680192445408,38
2071,35.77950476190476,194.77365421432506,38
2072,35.856561904761904,19.585678688700007,38
2073,35.75637619047619,-14.389086748070795,38
2074,36.11810476190476,350.39718728970735,38
2075,37.164409523809525,-139.096126407211,38
2076,37.53076190476191,50.600130011108654,38
2077,37.29600714285714,326.16943277348645,38
2078,36.84092857142857,-251.90786026151042,38
2079,36.55972380952381,55.700368263191294,38
2080,36.307788095238095,183.51014116751998,38
2081,36.15602619047619,-96.45971735216372,38
2082,36.198992857142855,121.61054527925201,38
2083,36.524752380952386,-145.60155494432422,38
2084,37.05900714285715,-83.16593056977314,38
2085,37.18102380952381,-39.99869878877986,38
2086,37.47680714285714,269.2607378842223,38
2087,37.75832857142857,-29.1585210992936,38
2088,36.898135714285715,-352.3588124475525,38
2089,36.26390714285714,298.3838447640016,38
2090,36.43123333333333,44.683846506263635,38
2091,37.096714285714285,-39.023895764066935,38
2092,37.32498571428571,309.2252986411912,38
2093,36.08092857142857,69.51729097357781,38
2094,34.605935714285714,611.9869035269079,38
2095,34.352628571428575,65.87989202001012,38
2096,34.88507142857143,-20.980738011617134,38
2097,35.86693571428571,-66.45723571717485,38
2098,36.79441428571428,-19.898279233824532,38
2099,36.735802380952386,21.71974445518124,38
2100,36.37914285714286,-47.701133392496025,38
2101,36.4899880952381,195.42440704831634,38
2102,36.20095238095239,-202.7822013800269,38
2103,36.10552619047619,450.19028775476903,38
2104,36.83832857142856,-129.05668936683418,38
2105,37.17504761904762,145.87583711976794,38
2106,37.07106904761905,1257.8736616723966,38
2107,36.970942857142866,-86.3809189685544,38
2108,36.89656904761905,185.20183529834873,38
2109,37.09853571428572,-166.81649317577876,38
2110,37.221442857142854,-125.8368920103994,38
2111,37.06825714285715,86.59631886083193,38
2112,36.69995,-77.36628810021021,38
2113,36.9219,525.6079257276872,38
2114,36.71043809523809,606.630584749495,38
2115,35.57183571428571,-28.702399733569692,38
2116,33.75442142857143,-13.355932227607411,36
2117,34.69226666666666,161.2878574263684,36
2118,35.47508571428571,65.2022884336335,36
2119,34.8946119047619,187.2705800836074,36
2120,34.69222142857143,-161.7849014516221,36
2121,34.79202142857143,-139.65172891195897,36
2122,35.17852857142857,-147.31805181794437,36
2123,35.7445,-211.55940233799186,36
2124,36.3004,-35.355324841783094,36
2125,36.50893809523809,-250.12469234006886,36
2126,36.38803333333333,78.76332290529493,36
2127,36.20637619047619,546.7557988974031,36
2128,35.99333571428571,58.526102976563664,36
2129,36.0095,193.00413484062432,36
2130,36.23398095238095,-41.80850821293189,36
2131,36.2552,71.20420754428409,36
2132,36.26168571428572,132.31646015994863,36
2133,36.37712380952381,260.48409089737,36
2134,36.4433,106.89109657424507,36
2135,36.48764285714285,162.746410429279,36
2136,36.29135000000001,251.9969433454001,36
2137,35.933461904761906,233.9612180954495,36
2138,35.87155476190476,373.08885479715735,36
2139,35.731319047619046,-133.3199294180283,36
2140,34.415499999999994,-127.53017206242107,36
2141,31.252999999999997,-183.65714944673894,13
2142,33.45734285714286,9.571830087819212,32
2143,32.47526666666666,154.69189780666397,36
2144,32.34665952380952,-270.1589185922443,36
2145,32.690804761904765,-140.99501119705712,36
2146,33.19161904761905,74.31743657452697,36
2147,33.32742142857143,-380.7152485059277,32
2148,33.22077142857143,538.4143098374968,27
2149,34.2977,101.63556365462867,36
2150,34.5826,-73.17060702264506,36
2151,35.27255238095238,46.57626769043492,36
2152,35.86775238095238,-85.39010153546546,36
2153,36.033140476190475,90.35517341231372,36
2154,35.77194285714286,-381.67010302777226,36
2155,35.605333333333334,299.50706018886024,36
2156,35.80405714285715,-133.29983992633353,36
2157,36.15484047619047,-686.0640019593592,36
2158,36.423704761904766,110.00181770059535,36
2159,36.45745714285714,125.7634894486826,36
2160,36.25331428571429,82.70003132227467,36
2161,36.392985714285714,10.663888893017397,36
2162,36.536766666666665,-385.96492118627424,36
2163,36.444478571428576,-12.53268929948841,36
2164,36.55586428571429,307.889568727531,36
2165,36.782659523809514,-114.9250102030116,36
2166,36.91504047619047,-67.64949220832808,36
2167,37.1567126984127,19.52478056290992,34
2168,37.53018333333333,-98.94304929877714,33
2169,37.64335238095238,-81.95418826596156,33
2170,37.48513333333333,-40.46608234073734,33
2171,37.22255714285715,36.774100930007535,33
2172,37.03271111111111,36.0269404587205,33
2173,36.717622222222225,88.23095528107248,33
2174,36.38111190476191,-160.4400118218993,33
2175,36.14528095238094,-146.52855422784668,33
2176,35.82266190476191,81.53742061952437,33
2177,35.35176666666666,-238.8972292054243,33
2178,35.23211904761905,19.1555756994007,33
2179,35.29537142857142,-321.9368326294574,33
2180,35.45837619047619,-8.915938820685398,33
2181,35.67281428571429,559.4990426288302,33
2182,36.0209,-689.3296013365169,33
2183,36.10265238095238,533.3954947172178,33
2184,35.22611428571428,273.9179614027396,33
2185,34.01552142857143,-265.9461390462065,35
2186,34.29951428571429,-11.557903744180678,35
2187,34.09835238095238,152.01654265021475,36
2188,32.98662857142857,66.91858951789487,36
2189,32.91794047619048,340.82689264233863,36
2190,32.765007142857144,-103.64808045749038,36
2191,32.130854761904764,-332.2435668626808,36
2192,32.379109523809525,113.06763479664033,36
2193,34.266571428571424,-980.2575393363488,36
2194,34.94736666666667,-231.3237685335091,36
2195,34.75725714285714,-2.0514796150344594,36
2196,35.22325952380952,9.736167791020598,36
2197,35.832664285714294,-370.13079008358494,36
2198,35.96813571428572,-469.36380245870924,36
2199,35.91610476190477,24.675863664556964,36
2200,35.75306904761904,49.10294289953195,36
2201,35.453409523809526,32.18134702140735,36
2202,35.20548095238095,-121.18023002002226,36
2203,35.02472380952381,11.10575618634958,36
2204,35.020671428571426,-55.376250471192925,36
2205,35.35607142857143,-217.19822056992882,36
2206,35.69752857142858,-45.96523159945623,36
2207,35.533314285714276,-128.84987155771293,38
2208,34.92133571428572,-141.16731859893355,38
2209,34.19786190476191,14.865705183875509,38
2210,33.81635476190477,12.447608225455046,38
2211,33.71614761904762,-353.13951052324956,38
2212,32.86233333333333,242.1922632986676,38
2213,33.229661904761905,342.4316323716336,38
2214,34.89986666666666,100.31920931158643,38
2215,35.5756619047619,-89.20448571273062,38
2216,35.605852857142864,732.3400647156474,38
2217,35.81975476190476,40.85874429216471,38
2218,36.14644285714286,29.432712133959885,38
2219,36.39872857142857,446.0071721834725,38
2220,36.26980238095238,-46.85409153991396,38
2221,36.157628571428575,434.21614386457725,38
2222,35.938550000000006,78.52282739125512,38
2223,35.63505714285714,183.42914397871624,38
2224,35.45861428571428,7.3482102894449675,38
2225,35.37388571428572,-43.59095545780596,38
2226,35.29773333333333,-106.72842564498922,38
2227,35.212669047619045,-740.1256535407281,38
2228,35.181692857142856,492.35678837469516,38
2229,35.284421428571434,-220.20088318941526,38
2230,35.29624523809524,153.14571686900047,38
2231,35.36381666666667,133.20381904686485,38
2232,35.0039380952381,109.27491883955118,38
2233,34.38204761904762,-95.42126634014943,34
2234,34.33964666666667,91.84695507721898,28
2235,34.58673333333333,43.14439420299634,28
2236,33.39981999999999,3.569515192180674,28
2237,32.73433999999999,321.6712232210573,28
2238,32.4129,-332.76872809461935,28
2239,32.32819095238095,356.7054641401972,30
2240,33.38035285714285,6.544624616964519,31
2241,33.85615,-563.5872654486525,35
2242,33.69101190476191,456.0850973304699,38
2243,33.92500714285715,-70.21580515456773,38
2244,34.00929047619047,559.5499373942533,38
2245,34.03245476190476,530.2676323780014,38
2246,33.9857,189.44655680547194,38
2247,33.863457142857136,464.43296584218933,38
2248,33.69041428571428,792.3117332659561,38
2249,33.39055,-235.28176605059704,38
2250,33.36064523809524,346.51946060087016,38
2251,33.375033333333334,-270.2689517450119,38
2252,33.59106190476191,-91.4748408862014,38
2253,34.73321428571428,-865.1957701611722,38
2254,35.41909523809524,-197.48714710771145,38
2255,35.124204761904764,13.528006530229895,38
2256,33.976978571428575,300.09107565794335,36
2257,32.62261547619048,112.31061063929735,35
2258,32.84740952380953,-494.9307043889433,38
2259,32.06297857142857,138.97511687110392,36
2260,31.62737857142857,180.5356856753581,36
2261,31.551919047619048,-51.02529490570389,36
2262,31.97950714285715,-69.14477075868001,36
2263,31.994735714285717,-102.25863459762621,36
2264,31.82022380952381,-27.05027115047921,36
2265,31.805292857142867,-51.981336058182244,36
2266,32.00263571428572,-27.331157896261374,36
2267,33.03201428571428,44.40656305974696,36
2268,33.90385714285715,190.88323328419403,36
2269,34.73126904761905,-155.7866308680862,36
2270,35.61831428571428,-423.2938286509696,36
2271,36.50399047619048,-166.7845200646393,36
2272,37.27833571428571,200.88916886072155,36
2273,38.09339047619048,-167.12775054845554,36
2274,38.789647619047614,95.27551677804377,36
2275,39.00859523809523,-0.3768964536851911,36
2276,39.33593809523809,386.1433978411105,36
2277,39.72443333333333,-713.06010717085,36
2278,40.08230952380952,-668.4222699367947,36
2279,40.05269523809524,421.7361257929402,36
2280,39.51737142857142,238.08204728965967,36
2281,38.76069285714286,122.99593598468662,36
2282,38.57706904761905,-63.277876195184405,36
2283,38.39765,266.60216803326716,36
2284,37.639871428571425,-192.83369576929982,36
2285,36.89497142857143,142.8942813417638,36
2286,36.20621666666667,-1.3678919184371026,36
2287,35.7827619047619,43.15591492730506,36
2288,35.56012380952381,471.09524266501086,36
2289,35.587352380952375,-448.13482926874275,36
2290,36.01494761904762,-578.714530747149,36
2291,36.96588333333334,641.6357294046293,36
2292,38.051340476190475,-10.664605932650957,36
2293,39.36340476190476,35.017100419728415,36
2294,40.664388095238095,476.6154041423168,36
2295,41.443307142857144,129.4224050396126,36
2296,41.85760476190476,-187.79300166805854,36
2297,41.97784285714285,544.7482811021555,36
2298,41.942478571428566,264.7882401282258,36
2299,41.9076619047619,237.91105675962194,36
2300,41.94992857142857,-653.665157661929,36
2301,42.07794285714286,-55.81191102906489,36
2302,42.3732761904762,-1047.921132375678,36
2303,42.50938571428571,-232.95508177434897,36
2304,42.35359999999999,347.0958300662021,36
2305,42.02588571428571,32.88751335072993,36
2306,41.16775714285715,-709.9141216899168,36
2307,40.293478571428565,232.8914005608794,36
2308,39.985428571428564,-45.492297239534004,36
2309,39.85848095238096,-880.449656675706,36
2310,40.13704761904762,182.87984737884102,38
2311,41.06559285714285,280.21820684518866,38
2312,42.06140952380953,226.63945598659103,38
2313,42.1832238095238,-303.90166100696456,38
2314,42.78882380952381,-90.75230213728497,38
2315,43.53981904761904,19.350242232398493,38
2316,44.17621428571429,222.22645940523233,38
2317,44.61638333333333,81.34497186454638,38
2318,44.60767619047619,-398.3161135299007,38
2319,44.382647619047624,143.8959706227686,38
2320,44.131766666666664,-287.121051520278,38
2321,44.12718809523809,-79.88120660582473,38
2322,44.40009523809523,-414.85020453458264,38
2323,44.636185714285716,622.3911495987361,38
2324,44.786540476190474,105.19757400541216,38
2325,44.88737857142858,35.45526169226682,38
2326,44.90805476190476,-213.5820158321088,38
2327,44.52670714285714,-268.01980454112373,38
2328,43.474514285714285,92.32195684855878,38
2329,42.196157142857146,-184.0098694921228,38
2330,41.172985714285716,-151.0627782749224,38
2331,40.25681904761905,-229.90371006831924,38
2332,39.62180714285714,486.83865194810176,38
2333,39.32302142857143,148.8173977798366,38
2334,39.15273571428572,53.581949281140076,38
2335,38.684980952380954,63.15173488919751,38
2336,37.63788809523809,91.2149555431892,38
2337,37.15699761904762,189.6511710364673,38
2338,36.94020714285714,4.750925535304454,38
2339,36.86756190476191,-162.8124509967743,38
2340,37.38095952380952,-84.39638660094684,38
2341,37.726126190476194,-119.48668001760707,38
2342,38.11782142857143,423.837090126047,38
2343,38.36564761904762,259.76656717626054,38
2344,38.29354047619048,-73.16126630465956,38
2345,38.29799285714286,-82.25252103331309,38
2346,38.335604761904754,30.427672646277937,38
2347,38.45533095238095,415.64090548255285,38
2348,38.74471904761905,540.9798462373362,38
2349,39.058611904761904,-56.90724454569569,38
2350,39.23205714285714,-125.99880615931454,38
2351,38.94539047619048,57.05352838481477,38
2352,38.10650714285714,331.837327178004,38
2353,37.38973333333333,-605.4150675197576,38
2354,37.13041904761904,-14.935553941882553,38
2355,36.62945714285714,83.61255803910345,38
2356,36.02952142857143,141.6789707666152,38
2357,35.43083571428572,85.92903611645139,38
2358,34.35905238095238,0.670036746378635,38
2359,33.21182857142857,-70.20629855461007,38
2360,33.12822142857143,543.2394179028973,38
2361,33.23395714285714,-516.0855896882109,38
2362,33.2251761904762,-119.03915049173273,38
2363,34.11154761904762,89.93078497714943,38
2364,34.40810952380953,43.704609471593486,38
2365,34.32729285714286,99.77097777778047,38
2366,34.283097619047616,-38.23101340955164,38
2367,34.42393333333333,-26.556384897738205,38
2368,34.71317380952381,-130.09107868261583,38
2369,34.77999047619048,709.6357308777219,38
2370,34.66319285714285,-251.31354215881623,38
2371,34.591730952380956,7.948835166662864,38
2372,34.630292857142855,131.67833203186197,38
2373,34.86905238095238,53.583027100941095,38
2374,35.119654761904755,12.105303053401869,38
2375,35.01134285714286,352.93789856490145,38
2376,33.99051428571429,218.4548684395831,38
2377,32.68604523809524,209.23220593218178,38
2378,31.860669047619048,-34.77568148565482,38
2379,31.60070714285714,-2.303647368194639,38
2380,31.05372142857143,-695.9558830082029,38
2381,30.468700000000002,-120.19169869723989,38
2382,30.286726190476184,17.657643212773912,38
2383,30.63006190476191,-32.040795613536446,38
2384,31.290442857142857,196.6597469730558,38
2385,31.498557142857145,-417.0669246583044,38
2386,31.68369047619048,274.10548988027335,38
2387,32.93340238095239,-64.28207501331818,38
2388,33.291383333333336,354.46010631776676,38
2389,33.672316666666674,78.70230797352261,38
2390,32.98576666666666,225.8871129831067,36
2391,33.964144047619044,93.46982588213086,35
2392,33.73016190476191,639.3098057615061,38
2393,33.83669999999999,190.81766631689578,38
2394,33.96182857142857,67.49237619196666,38
2395,34.152969047619045,-20.29859986516511,38
2396,34.49290476190477,317.058194000699,38
2397,34.778821428571426,-502.1954124783066,38
2398,35.12258571428572,-295.9494886124822,38
2399,34.99450476190476,60.15137160536711,38
2400,33.996221428571424,-138.2998495676079,38
2401,32.9141,-53.86130194737927,38
2402,31.85412857142857,-61.85336150280425,38
2403,31.330326190476192,-15.848492817630785,38
2404,30.965569047619045,-33.930626823070156,38
2405,30.355778571428573,506.6967677309972,38
2406,30.360407142857138,-109.2190096223829,38
2407,30.23376428571429,218.80919241580955,38
2408,30.13583571428571,195.9474884464574,38
2409,30.607335714285718,-69.41763930608536,38
2410,31.256204761904762,-351.94176318695025,38
2411,32.3509,91.06053800937116,38
2412,33.37077142857143,382.4727622596705,38
2413,33.86889285714286,-83.60350537294912,38
2414,34.16471428571428,-147.92086736181267,38
2415,34.30418571428571,25.628767295372825,38
2416,34.256433333333334,-11.95169767843106,38
2417,34.24186904761905,-722.7924466237519,38
2418,34.40670238095238,50.329024147255055,38
2419,34.71202619047619,-235.07127694091758,38
2420,34.92637619047619,38.997937277148054,38
2421,35.233580952380954,-87.91754822543172,38
2422,35.65172857142857,-13.539804710574927,38
2423,35.56984285714286,-44.54953383065123,38
2424,34.70926428571429,-164.2530787439656,38
2425,33.71675238095238,327.4596752113278,38
2426,32.44307857142857,-96.01425021751137,38
2427,31.462116666666667,-237.75872687788748,38
2428,30.701430952380953,-233.66107882024286,38
2429,30.018990476190474,-195.2723588699235,38
2430,29.79066666666667,534.5668269809076,38
2431,29.963928571428575,-81.45948574309662,38
2432,30.656357142857143,-63.823431433281385,38
2433,31.900371428571425,65.54130270648247,38
2434,32.63166904761905,-45.446694433095,38
2435,35.63735952380953,-249.93683675913402,38
2436,37.676857142857145,41.298789026275166,38
2437,38.72799523809524,153.24594956617366,38
2438,38.98480714285714,-357.32359579478697,38
2439,39.379109523809525,-345.2776435329011,38
2440,39.26743333333334,-66.31793586211515,38
2441,38.79323333333333,522.6244598901959,36
2442,38.91020714285714,-8.572519876528197,38
2443,38.98137857142857,-323.10166939439483,38
2444,38.92375,-265.9353260535736,38
2445,38.76549047619048,110.27191874180876,38
2446,37.4984619047619,1208.2589045590128,36
2447,38.854885714285714,390.57558572019263,35
2448,36.89742777777778,76.48962118738737,36
2449,35.80080952380952,45.287266582202506,38
2450,34.232704761904756,-349.00152139887723,36
2451,33.69916666666667,25.592259030487064,36
2452,33.3778380952381,604.2585460078625,36
2453,32.817435714285715,445.93449733355857,36
2454,32.50132857142857,279.94142542896157,36
2455,32.85451428571429,16.373140493998708,36
2456,34.39157142857143,-217.78993266399928,36
2457,36.15772857142857,32.59027903108503,36
2458,36.94381428571428,213.80034555509155,36
2459,36.286680952380955,134.04668860995824,36
2460,35.60441428571428,-736.8846920857694,36
2461,35.57591428571429,-365.78761314535916,36
2462,35.70405476190476,53.37138470791959,36
2463,36.211621428571426,-40.47909462510916,36
2464,36.199380952380956,-245.37955828210855,36
2465,36.023938095238094,110.33328811558118,36
2466,36.066649999999996,333.17926731066876,36
2467,36.18431428571429,431.05752733103594,36
2468,36.20961428571429,153.1915967510281,36
2469,36.36071904761904,74.91100847463035,36
2470,36.59088571428572,478.34825095645306,36
2471,36.61083333333333,138.89169161635635,36
2472,35.231857142857145,276.3806838792521,34
2473,34.28696984126984,418.41440450628954,29
2474,34.59912666666666,4.015595112171674,30
2475,32.919109523809524,-2.7959244568818065,36
2476,32.136588095238096,40.32804702985953,36
2477,31.831930952380958,617.5436339411774,36
2478,31.7789,-192.0080601310331,36
2479,32.390719047619044,378.75922521943295,36
2480,32.421888095238096,263.4755812948825,36
2481,31.574826190476188,-22.283728608543974,36
2482,31.545421428571434,-417.2135162501565,36
2483,32.61530952380953,-91.23191810016073,36
2484,33.6206619047619,228.36622819027968,36
2485,34.50399761904762,-115.73282750084383,36
2486,34.949109523809526,60.56375661950736,36
2487,35.34630000000001,2.7446974977925223,36
2488,35.52005476190476,222.0445898625575,36
2489,35.47927142857143,-508.580479301404,36
2490,35.50415714285714,41.84062369952951,36
2491,35.59414761904762,463.7468007163052,36
2492,35.59807142857143,588.95379089469,36
2493,35.557761904761904,106.85239721787018,36
2494,35.95236111111111,264.1464438027936,34
2495,35.67272619047619,-179.81963027746878,34
2496,34.34047936507936,462.85335503349114,34
2497,32.81780317460318,22.378806343027378,34
2498,31.63285714285714,102.12448231431847,36
2499,31.435333333333336,-8.065793496701584,36
2500,30.931071428571432,-123.5229777821424,36
2501,29.79845714285714,-109.39118831227088,36
2502,31.062057142857146,92.6625758572481,36
2503,32.73020952380953,-234.66496698240238,36
2504,33.70837857142857,-20.928254060540013,36
2505,34.32336547619048,113.29544005366876,38
2506,34.208976785714285,501.24014637930634,38
2507,33.880300000000005,32.19982831421732,36
2508,34.28499166666667,264.5369485729684,38
2509,34.029362500000005,633.960033629825,38
2510,33.36620476190477,-136.3910477381753,36
2511,33.25632857142857,129.6498762226053,36
2512,33.2412761904762,-249.6842613594269,36
2513,33.09294285714286,-71.04806095258856,36
2514,33.14935238095238,209.86005954997438,36
2515,33.90534285714286,458.6551431594728,36
2516,33.71424285714286,-448.17012335172274,36
2517,31.933100000000003,199.59791168058868,36
2518,30.737457142857146,256.5196441141213,36
2519,30.461007738095237,215.7341191914778,38
2520,30.150617857142855,26.66901910878317,38
2521,30.362011904761903,271.35720052389803,38
2522,30.73981964285714,221.3274465994019,38
2523,30.580658928571427,137.253761569361,38
2524,30.169027678571428,-788.9575463568148,38
2525,29.880965476190475,47.44015009283785,38
2526,30.12377619047619,-112.86228934694994,36
2527,31.0982,-77.86992661357328,38
2528,31.74905,-416.723059520738,38
2529,32.19998333333333,-316.49359242262517,38
2530,32.56806666666667,204.13152359763546,38
2531,32.61524523809524,161.78621654209664,38
2532,32.30482142857143,-335.63701390086237,38
2533,32.19444285714286,-42.98428031689022,38
2534,32.328766666666674,-33.49264845868607,38
2535,32.24291428571429,81.38298733193045,38
2536,32.377229166666666,-347.6336954902183,40
2537,32.4622625,59.249428413538155,40
2538,32.744375000000005,144.42935554286754,40
2539,32.74245476190477,-60.6493847504056,38
2540,32.860590476190474,128.96692833915617,38
2541,31.788542857142858,-157.24072798751902,38
2542,30.94455714285715,-298.86184531985305,38
2543,31.050204761904762,20.61566893599972,38
2544,31.094768750000004,-166.91985859325925,40
2545,30.84552083333333,-678.7410859127456,40
2546,30.775558333333333,150.69162347052063,40
2547,31.178025,107.15298589517711,40
2548,31.328075000000002,13.681234338355015,40
2549,31.686047916666666,47.467009094157845,40
2550,32.36539166666667,-491.6999660752778,40
2551,33.21525833333333,11.803162497814888,40
2552,34.65976666666667,-62.72689331284913,40
2553,34.747475,51.30064083429292,40
2554,34.64277916666667,-28.435512690178008,40
2555,34.9339125,-40.7936971901125,40
2556,35.3223625,98.99899016244115,40
2557,35.006762499999994,257.0137501021617,40
2558,34.563120833333336,-191.10784637048175,40
2559,34.18568333333333,-60.987029086438625,40
2560,33.5315125,141.61185221912382,38
2561,33.307790476190476,402.4427852233047,35
2562,33.83567142857143,-264.7581304329017,35
2563,34.1798,729.259911930636,35
2564,34.17350952380952,453.2450328572378,35
2565,34.1007,-112.53780105850318,37
2566,33.837829166666666,79.81264640777931,40
2567,33.44317083333333,145.30497682051404,40
2568,33.2437625,-335.9129025568726,40
2569,33.40421666666667,-108.3401449640843,40
2570,33.654383333333335,233.30722247516547,40
2571,34.688675,252.03867373701303,40
2572,35.226529166666666,-24.665749270624126,40
2573,35.171816666666665,106.86588947026834,40
2574,34.84113958333334,91.67117196563206,40
2575,34.408950000000004,191.04272106555675,40
2576,34.37958333333333,37.04411027664456,40
2577,34.678541666666675,-76.17921437526226,40
2578,34.84549375,-224.1213725749434,40
2579,34.79815000000001,-69.13682782798936,40
2580,34.609387500000004,-246.6917336903476,40
2581,34.6155125,-99.96628426548088,40
2582,34.8176625,40.64484662685588,40
2583,34.89162499999999,33.814996187567985,40
2584,34.86996666666666,-313.3044496863943,40
2585,34.816925,112.67733183999057,40
2586,34.7441625,-58.591937623117985,40
2587,34.832391666666666,378.94513213429866,40
2588,34.755070833333335,442.0051986157121,40
2589,34.423745833333335,14.645866190767986,40
2590,34.44799166666667,-20.95971177697028,40
2591,34.77652500000001,79.0143408344558,40
2592,34.38031666666667,174.59549289238038,40
2593,34.270975,375.86665527751904,40
2594,35.08482083333333,90.4329825308774,40
2595,35.4595125,-64.093028040966,40
2596,35.41376666666666,245.93521147035295,40
2597,35.59815833333333,-321.8956023745543,40
2598,35.93221041666667,-56.6171445637272,40
2599,36.107487500000005,173.39476695048222,40
2600,36.12287083333334,721.9730234697071,40
2601,36.00361666666667,-91.74001178652982,40
2602,36.12448333333333,165.12309657420906,40
2603,36.272912500000004,-135.9283023672271,40
2604,36.3102625,61.94685949823928,40
2605,36.37160416666667,75.49807692834986,40
2606,36.37267916666667,-284.4824308158782,40
2607,36.219745833333334,-89.64170080310484,40
2608,36.130333333333326,183.93937761254534,40
2609,36.09735833333333,-316.4819275941917,40
2610,36.13351250000001,22.012321934038177,40
2611,36.27840416666667,47.1669838760036,40
2612,36.360566666666664,-373.3334153652397,40
2613,36.25517083333333,99.2988759473055,40
2614,36.14372083333334,69.39913299513059,40
2615,35.69275833333334,-328.9996253130464,36
2616,35.10404444444445,45.06601138709427,30
2617,35.39754126984128,1369.6902298955526,32
2618,35.31695476190475,-313.8556723061232,35
2619,35.405654761904756,6.584056945101615,35
2620,35.58378571428572,-19.841100358256405,35
2621,35.24458809523809,80.42070483762116,37
2622,35.70330952380952,333.8934106486951,36
2623,34.12900634920635,-298.2239679917886,33
2624,34.06324444444444,115.11180036929821,34
2625,34.838911111111116,407.58174121517436,36
2626,35.2400625,-87.94138856183125,40
2627,35.36288125,265.8642659815661,40
2628,35.20301488095238,270.6550367437098,38
2629,34.110952380952384,312.61132976500994,37
2630,34.76915833333334,111.03523248267734,40
2631,34.422754166666664,16.302016711136446,40
2632,33.815516666666674,-127.85255426292463,40
2633,33.175125,109.69907955950987,40
2634,33.17122916666666,-205.94825672102468,40
2635,33.5211125,3.7376030432288943,40
2636,33.77044166666667,-510.0538303585722,40
2637,34.29987916666666,-17.032867397552316,40
2638,34.61519464285713,188.2721566886862,38
2639,33.08162380952381,-130.69078883947844,35
2640,32.22855714285715,252.73726685347475,37
2641,33.00867083333333,316.58530015739325,40
2642,33.5512,-161.48521926575543,40
2643,33.910225000000004,-70.46108488013618,40
2644,33.652375,170.2685489835822,40
2645,33.797787500000005,-665.2387937344328,40
2646,33.884812499999995,304.6271586260634,40
2647,33.813116666666666,0.401411038847705,40
2648,34.02974583333334,-53.95643039574081,40
2649,34.23336666666667,197.7815870501886,40
2650,34.36125,-593.4787166598186,40
2651,34.653537500000006,-430.21138709358416,40
2652,34.93840416666667,-172.17323883685867,40
2653,34.957724999999996,477.0308106517584,40
2654,34.833431250000004,-357.74938354676226,40
2655,34.97040833333333,59.90854165471323,40
2656,35.24998333333333,3.952052149085109,40
2657,35.240812500000004,127.72103792339055,40
2658,35.29069583333334,140.54493061885466,40
2659,35.22687499999999,123.01754873809688,40
2660,35.114875,212.56733684828333,40
2661,35.12810833333333,-121.51378194311627,40
2662,35.108625,160.30571183182337,40
2663,35.35644583333334,-19.231494374900933,40
2664,35.7784625,-1272.3421812331383,40
2665,35.872024999999994,43.79860313370086,40
2666,35.24279583333333,62.43798243754283,40
2667,34.804633333333335,-121.0654570273276,40
2668,35.19701666666667,-108.38668014880712,40
2669,36.18039761904762,-663.2858816807593,38
2670,36.06195952380953,85.12583179204962,37
2671,36.79094166666667,-108.02624509776913,40
2672,36.739645833333334,460.6643736275793,40
2673,36.677370833333335,77.0098332131127,40
2674,36.57228541666667,222.70087811732594,40
2675,36.55632083333334,362.23917702751464,40
2676,36.56547916666666,-329.9101350609449,40
2677,36.862495833333334,-203.20315159354448,26
2678,34.107166666666664,129.99978296944002,19
2679,36.361383333333336,117.74682268972039,40
2680,36.571425,35.82482950451564,40
2681,36.601549999999996,-84.15271242614108,40
2682,36.4188,97.30914157853456,40
2683,36.25382916666666,405.4886589443243,40
2684,36.0229375,48.55988927979067,40
2685,35.55450625,-69.2548064654703,40
2686,35.39308749999999,222.47917788964736,40
2687,35.290724999999995,344.66086152670863,40
2688,35.17785833333333,-374.2095796899561,40
2689,35.1511625,378.2014053765809,40
2690,35.30645833333333,-42.91603581031976,40
2691,35.465495833333335,242.5888452872116,40
2692,35.38355,941.5207140879306,40
2693,35.3926375,946.5844753302474,38
2694,34.56288571428571,864.0137920795862,37
2695,35.32143809523809,667.2499118950199,38
2696,35.296933333333335,-630.2231543926085,40
2697,35.36985416666667,10.64450280370276,40
2698,35.1565375,68.35128393832149,40
2699,34.821925,41.52703929022143,40
2700,34.708133333333336,-17.04337440132425,40
2701,35.00674166666666,-114.42784284309178,40
2702,35.636691666666664,-113.54204846049412,40
2703,35.630991666666674,-4.263630583277369,40
2704,35.715975,-58.51271131472531,40
2705,35.5322,197.3597911220591,40
2706,34.9868125,104.73678934947051,40
2707,34.3555125,76.47659036177924,40
2708,34.3010625,60.36711455629796,40
2709,33.66192916666667,161.07464799241166,40
2710,33.1261375,52.03911466664279,40
2711,33.63305,49.59741952002953,40
2712,34.17261666666666,-307.2572499188828,40
2713,34.23146666666666,276.7779669356075,40
2714,34.11609166666667,164.51720915372772,40
2715,34.3850125,-71.64372901245981,40
2716,34.83288333333333,-157.0337868998243,40
2717,35.04931458333333,-632.904019348781,40
2718,34.96859166666667,-116.71912812442116,40
2719,34.702525,269.5143965441111,40
2720,34.66264166666666,-6.649172086108706,40
2721,34.518425,551.2918972855522,40
2722,34.34491666666666,-134.13640961161735,40
2723,34.42369583333333,318.7537240750854,40
2724,34.909054166666664,169.15118885422373,40
2725,35.53777916666667,96.39244961796729,40
2726,35.62029166666667,70.1689698329777,40
2727,35.17470416666667,-65.25445564355427,40
2728,34.4152125,-114.13773185519815,40
2729,34.09278333333334,-149.54941788346162,40
2730,33.291241666666664,-639.6754605920805,40
2731,33.73730357142857,-4.36709171619313,38
2732,32.78949285714286,-495.47079866747544,37
2733,33.358375,39.77054776124212,40
2734,33.8379125,121.08871107969175,40
2735,34.72999166666667,-76.4280400476473,40
2736,35.34522916666667,-59.5099857729806,40
2737,35.759100000000004,105.73970028468763,40
2738,35.985635416666675,196.80566361736442,40
2739,36.313,995.9315305597709,40
2740,36.406816666666664,121.09730353175001,40
2741,36.0362625,-85.1780680960338,40
2742,35.956675000000004,-270.6227883450891,40
2743,35.96709583333333,17.219763633790315,40
2744,35.75533333333333,87.75868534934506,40
2745,35.5182,115.12666272496716,40
2746,35.2676125,152.2732976009969,40
2747,35.056416666666664,162.08352170290868,40
2748,35.12590625,437.9078611143153,40
2749,35.33278333333333,-165.3050861587733,40
2750,35.34922916666667,-52.28943528516081,40
2751,35.19998333333333,-921.9504220507952,40
2752,35.13652083333333,74.35147491733801,40
2753,35.15400416666667,108.78378393663809,40
2754,34.75310416666667,-900.1968956791266,40
2755,34.181016666666665,-40.85386754206222,40
2756,34.6647625,80.65092190473794,40
2757,35.29132916666667,119.78304103901662,40
2758,35.01394583333333,280.6117361276937,40
2759,35.099131250000006,145.79735875732712,40
2760,35.569241964285716,235.21969676468325,38
2761,35.44491190476191,92.31197041892116,37
2762,35.568641666666664,-191.67868110606508,40
2763,35.730312500000004,100.06105255618678,40
2764,35.6193125,-11.222103200458157,40
2765,35.45147916666667,103.32617840880789,40
2766,35.379729166666664,337.4714780360329,40
2767,35.55551785714286,-15.081273343262048,38
2768,35.23241904761905,45.79518027576571,37
2769,35.303495833333336,-460.33543155702785,40
2770,35.147291666666675,89.41469380174175,40
2771,35.04387083333334,132.97198820978613,40
2772,35.26753333333333,82.6656778263226,40
2773,35.53254583333334,471.5219513429222,40
2774,35.54501666666666,90.63237617784021,40
2775,35.28485833333333,-53.49634188411733,40
2776,34.73865,68.09528011442633,40
2777,33.840575,-95.81366290280985,40
2778,33.51040952380953,-35.561475268086724,38
2779,33.79265,24.58112950667715,40
2780,33.43281666666667,-130.1175252075842,40
2781,32.73051666666667,-28.311349799710072,40
2782,32.75870416666667,60.7294355407167,40
2783,33.906275,461.09778717692745,40
2784,34.487499404761905,-16.65338943337109,38
2785,34.557225595238094,130.29502264964037,38
2786,34.72830416666667,87.94196494500616,38
2787,35.016368452380945,-343.9037005945768,38
2788,35.0402880952381,86.48371081629908,38
2789,34.93611071428571,201.17710804952856,38
2790,34.878397023809526,-335.3631888815672,38
2791,34.55829166666666,42.2239606936597,36
2792,34.97398333333333,29.56371667920667,33
2793,34.84345952380952,122.25115541609398,33
2794,34.805528571428574,71.0558752516447,35
2795,34.78142321428571,-189.63790379667807,38
2796,34.66240595238095,-126.01603408646055,38
2797,34.60953035714286,-79.75676120871057,38
2798,34.77782202380953,120.91525255589787,38
2799,34.885335714285716,200.62112442041285,38
2800,34.99423214285714,206.65839302620668,38
2801,35.115789285714285,99.07698121319017,38
2802,35.24462648809524,-193.84957977795236,38
2803,35.15937946428571,50.27364830423441,38
2804,34.67319523809524,23.177785287234187,38
2805,34.30160238095239,942.3146079402958,38
2806,34.07551220238095,-87.4929290708547,38
2807,34.03128095238095,-48.437724651805794,38
2808,34.29234583333333,-316.527692475219,38
2809,34.62853571428571,507.28594151312046,38
2810,34.882276785714296,299.243418655498,38
2811,34.79642916666667,298.75208272286005,40
2812,34.79687916666667,7.0032296938327505,40
2813,34.796074999999995,1026.3391923219137,40
2814,34.69973333333333,-12.660048237181456,40
2815,34.61735833333333,886.7237287582764,40
2816,34.738845833333336,86.63789831202409,40
2817,34.91019166666666,148.89867854370442,40
2818,34.84300833333333,-92.72779289872618,40
2819,34.762699999999995,-87.04014063586816,40
2820,34.872933333333336,20.909566594857093,40
2821,34.94820416666666,583.4635443105266,40
2822,34.94363333333333,24.725916055385333,40
2823,34.95575208333334,389.9585848990534,40
2824,35.044283333333325,311.00699687519506,40
2825,34.75451666666667,-121.5227740881069,40
2826,34.71035,226.3013361876455,40
2827,34.77050416666667,-560.5425307438026,40
2828,34.627412500000005,310.7290319810075,40
2829,34.77395,637.5408532053116,40
2830,35.203625,-306.49439007969596,40
2831,35.199275,434.26951095126196,40
2832,35.2036875,-362.46867997336307,40
2833,35.33286666666667,-10.325241058951065,40
2834,35.3495125,-166.59623298728735,40
2835,35.0460625,-419.921563750441,40
2836,34.5835,233.4306641903944,40
2837,34.42409583333334,122.69346041925152,40
2838,34.412287500000005,-163.95925920687233,40
2839,34.52068333333334,-178.88396836088208,40
2840,34.29595833333333,-145.47303773917338,40
2841,34.12229166666667,-71.86392289943262,40
2842,34.45615,-316.23260796861615,40
2843,34.871341666666666,-316.3159602363736,40
2844,34.568241666666665,287.2652670124206,40
2845,34.226416666666665,103.28273569774305,40
2846,34.272225,4.424396409128672,40
2847,33.92835,11.857305967077462,40
2848,34.1619,-312.7737133178259,40
2849,34.52570833333333,-237.51400619076628,40
2850,34.640679166666665,71.62661394403649,40
2851,34.71147499999999,-11.998891156093663,40
2852,34.90300833333333,306.2517853241806,40
2853,35.03471875,112.61103743734654,40
2854,35.034445833333336,226.87498064289701,40
2855,34.63758125,-57.95486585832951,40
2856,33.90968333333334,-468.8553082783582,40
2857,33.477675,-732.589120393116,40
2858,33.2316125,-113.45097147148324,40
2859,33.15000833333333,281.2178797423338,40
2860,33.621545833333336,53.50273855729276,40
2861,34.16234583333333,-19.19490290144251,40
2862,34.386312499999995,-246.73938629273837,40
2863,34.351493749999996,-193.05759789821565,40
2864,34.65111666666667,123.8671956301393,40
2865,34.80713333333333,-302.418223322822,40
2866,34.779354166666664,619.508329110582,38
2867,34.49992380952381,-783.6251778569714,37
2868,34.414252380952384,385.9410221035917,38
2869,34.756858333333334,76.44646204949464,40
2870,34.27321666666667,224.9708903871338,40
2871,34.305214285714285,151.3767569879231,38
2872,34.63801369047619,158.36426615458305,38
2873,34.558856250000005,581.1986800142517,38
2874,34.063457440476185,-170.82180963323788,38
2875,33.65444642857143,246.57608670370325,38
2876,33.77267142857143,193.6126980641913,38
2877,34.36805535714286,359.6301228231924,38
2878,35.06873095238095,149.18565901456515,38
2879,35.43203333333334,-418.1926453397814,38
2880,35.29437619047619,-55.565659256706475,38
2881,35.059173214285714,368.54884276524825,38
2882,34.72259821428571,122.04248706459867,38
2883,34.65182738095238,92.2362611523115,38
2884,34.90736845238096,153.40142098821306,38
2885,34.967550595238095,314.5099694207734,38
2886,34.296104761904765,-107.45038998877192,38
2887,34.09252321428572,-230.05577295094577,38
2888,34.14919166666666,209.48035750972372,38
2889,34.82238273809524,-33.01935484343447,38
2890,35.23999940476191,337.50459346061496,38
2891,35.29503690476191,416.46236469759924,38
2892,34.91515,391.41476477986197,38
2893,34.287315773809524,412.2293873955473,38
2894,33.85426875,-388.61726671739746,38
2895,33.852269047619046,-64.1379636152,38
2896,33.74602142857143,-223.1004760478581,38
2897,33.89949404761905,386.8840081101481,38
2898,34.348440476190476,69.65700213149796,38
2899,34.57236964285714,-259.6956570727174,38
2900,34.671467261904766,-543.1929599362869,38
2901,34.829194642857146,-340.82575480892024,38
2902,35.15748511904762,99.7724795242787,38
2903,36.02852589285714,140.13913429721563,38
2904,36.32459107142857,-33.870987548562184,38
2905,35.893346428571434,113.94990447504584,38
2906,35.62117738095238,-186.1841847403803,38
2907,35.47284583333333,99.11009208318538,38
2908,35.53670505952381,196.81486494800095,38
2909,35.81326785714286,136.55577587701745,38
2910,35.990409523809525,230.26567740862097,38
2911,36.003795238095236,-188.72140448517354,38
2912,36.273763095238095,37.838881281096235,38
2913,36.31570476190476,516.8207434904659,38
2914,36.18454404761904,496.98092057419296,38
2915,35.90790952380952,-243.3314503721577,38
2916,35.871368452380956,196.14932357173626,38
2917,36.20925416666667,-54.89445107750893,38
2918,36.01837380952381,138.59475393465846,38
2919,35.15696547619048,-57.04602860695017,38
2920,35.422809722222226,-230.76047162937817,36
2921,35.26733809523809,102.86613209390684,35
2922,35.690933928571425,453.34682187337046,38
2923,35.942662500000004,-53.831613100779045,38
2924,36.26884523809524,235.87074755878825,38
2925,37.079680357142855,-288.3147621104575,38
2926,37.52237976190476,164.51285615035763,38
2927,37.30658571428571,37.852825504366486,38
2928,36.99002976190476,576.4071167760296,38
2929,37.017425595238095,120.32395979767102,38
2930,36.75365773809524,156.5867103905021,38
2931,36.24945773809524,345.8939082287795,38
2932,35.86187857142857,318.5876432010959,38
2933,35.726686904761905,-272.8162995706404,38
2934,35.974332738095235,21.726703280805275,38
2935,36.353324404761906,51.713040658226475,38
2936,36.476170833333335,-211.19215930595297,40
2937,36.80045833333334,238.63013866579445,40
2938,36.26920416666667,117.86681754507211,40
2939,35.105938095238095,138.29117578267633,38
2940,34.882826190476194,51.85938876176593,37
2941,34.73757500000001,44.69349897255764,40
2942,35.192037500000005,257.45050201311705,40
2943,35.621812500000004,-167.0969097159323,40
2944,34.9407875,-42.755113039826554,40
2945,34.60245,-40.19364355816172,40
2946,35.54753541666666,-612.5869757177128,40
2947,35.87703333333333,150.76256757103596,40
2948,36.20856666666667,-157.18556848358963,40
2949,37.5002,53.41265764734983,40
2950,37.747862500000004,188.3379842779358,40
2951,37.55326875,303.94008531053805,40
2952,37.464856250000004,-177.38018771852776,40
2953,37.56804583333333,380.02732028610905,40
2954,37.53777916666667,138.49705612026258,40
2955,37.014095833333336,-34.568233168585,40
2956,36.82352916666667,173.79122995231904,40
2957,36.951766666666664,-33.54869319667912,40
2958,36.96055,59.05806427323256,40
2959,37.10805,-61.363611164959174,40
2960,37.424141666666664,-54.896067713468675,40
2961,37.49778333333334,366.4866171880233,40
2962,37.421704166666665,-321.710897187061,40
2963,37.11548333333333,517.9869704457793,40
2964,36.411525,-8.86741108389893,40
2965,36.111216666666664,15.619804493016915,40
2966,35.44176666666666,246.83512007750863,40
2967,34.85288333333333,-112.29851617951817,40
2968,35.18229791666666,1170.5344337462177,40
2969,35.31506666666667,-436.3558971018365,40
2970,35.84824583333334,-10.095314631937292,40
2971,36.5477875,426.1121794702191,40
2972,36.54302916666667,85.51436125355013,40
2973,36.66327083333333,-2.2062878637210446,40
2974,37.239625000000004,43.90968465789028,40
2975,37.364379166666666,519.888314392734,40
2976,37.1425,314.605275437145,40
2977,37.10948333333333,44.331198493671714,40
2978,37.177933333333335,-210.44693731277252,40
2979,37.07609583333333,-295.5222230868095,40
2980,36.88151666666666,-757.2021747769002,40
2981,36.739475,332.07808281261566,40
2982,36.683166666666665,-91.85227090297877,40
2983,36.86157083333334,2.1208149235598697,40
2984,37.16195833333334,81.04408296053799,40
2985,37.356825,13.095227433615399,40
2986,36.41169583333333,-159.0980471572704,40
2987,35.3575,-5.6300158399976326,40
2988,34.662533333333336,-351.5073931166779,40
2989,34.9910625,-285.90292172610543,40
2990,34.851166666666664,-109.14700585875184,40
2991,34.836170833333334,443.0941368602805,40
2992,35.374737499999995,18.062388803783538,40
2993,35.86550416666667,471.8846376778842,40
2994,36.758608333333335,-99.63969545405283,40
2995,37.312125,-140.3533234598766,40
2996,37.75085,-64.35554235414037,40
2997,38.05825625,-31.633755002757383,40
2998,37.728375,83.45939221047794,40
2999,37.53404999999999,28.621602057180453,40
3000,37.40674166666666,-337.44210645462726,40
3001,37.16020416666667,66.81960223431415,40
3002,36.90280416666667,-7.666838495099206,40
3003,36.765429166666664,-59.5540480898827,40
3004,36.80490416666667,425.5215205489441,40
3005,37.091525000000004,-113.93198408472777,40
3006,37.07500833333334,362.7357402435467,40
3007,36.22654166666666,269.05966231708726,40
3008,35.82635833333333,94.94297175174806,40
3009,35.48435,287.34472442257277,40
3010,34.76065416666667,18.77906548235898,40
3011,34.88098333333333,131.28189779106918,40
3012,35.113,-631.5793459570355,40
3013,35.601575000000004,187.5969014165372,40
3014,36.18307083333333,46.91182920734966,40
3015,35.657225,-529.8607478092099,40
3016,35.444095833333336,-65.68296136729084,40
3017,36.10415833333334,451.3692029228933,40
3018,36.2825375,-348.7228456838619,40
3019,36.23941666666666,429.1256655995752,40
3020,36.40331666666666,-50.05948192149817,40
3021,36.4252875,413.5942888502406,40
3022,36.326837499999996,-123.72661503827136,40
3023,36.311062500000006,403.82112121507464,40
3024,36.320012500000004,-263.5379126068261,40
3025,36.33374583333333,88.94279964725061,40
3026,36.511183333333335,316.2940162560157,40
3027,36.712695833333335,224.87076920142619,40
3028,37.0538375,645.6175024188166,40
3029,37.271625,93.47692330821305,40
3030,37.34122083333334,-173.59782334565693,40
3031,36.81285833333333,10.406370865389487,40
3032,35.793033333333334,30.29178236389235,40
3033,35.111937499999996,-9.623868926049902,40
3034,35.184691666666666,-111.5208812834751,40
3035,34.7944375,316.99978005154725,40
3036,33.89154166666667,47.937617001065284,40
3037,33.8021,413.95172615599546,40
3038,34.0125625,-174.5714396757249,40
3039,34.30768333333333,161.7734066035103,40
3040,34.80209375,-375.86455737249696,40
3041,35.22545,397.57907551252873,40
3042,35.88287916666667,-61.206807069525226,40
3043,36.32439791666667,-43.92736186419617,40
3044,36.641912500000004,-460.8795462598095,40
3045,36.875233333333334,-147.82673531567494,40
3046,36.9260875,-40.90506008737396,40
3047,36.914622916666666,286.44956752929284,40
3048,37.037675,319.6429351697121,40
3049,37.146489583333334,555.1949981434277,40
3050,37.13163333333333,-198.53527491876375,40
3051,37.12405833333334,-10.7092213256728,40
3052,37.3508375,-429.7619745039291,40
3053,37.35503333333334,389.0891477517415,40
3054,37.521747619047616,-64.4710345365433,38
3055,37.70542619047619,186.2816791414291,37
3056,38.08327083333334,127.09238662073508,40
3057,37.8521875,-189.8659595444288,40
3058,36.880925000000005,268.62540091625505,40
3059,35.821620833333334,104.93619731091596,40
3060,35.2889,73.07174174653157,40
3061,35.2107625,-500.41884510085674,40
3062,35.751133333333335,-117.27800188017449,40
3063,36.27996666666667,-59.05729509617858,40
3064,36.564195833333336,169.00672469400686,40
3065,37.05232083333333,297.2873600011537,40
3066,37.59941666666667,138.21806414283537,40
3067,37.6924125,40.56618878314754,40
3068,37.665912500000005,512.6228872083178,40
3069,37.57239166666667,171.59619766947696,40
3070,37.35820833333334,-17.277792320696364,40
3071,37.21420416666666,1055.4381291179675,40
3072,37.17144375,72.73801823155029,40
3073,37.04225833333333,61.14595866114094,40
3074,37.13375,642.8336254688069,40
3075,37.53380833333333,282.8647837435724,40
3076,37.527008333333335,-225.0974521003968,40
3077,37.644525,-23.01752802570664,40
3078,37.76148333333333,-435.7601393192038,40
3079,36.65255833333333,0.9666298078731757,40
3080,35.50135,-228.01879595813966,40
3081,34.77742500000001,-153.6268638864829,40
3082,34.26494375,-37.97914349897313,40
3083,33.87770833333333,-159.64317000988842,40
3084,34.213475,-535.096731732502,40
3085,34.95079583333334,57.18748604369968,40
3086,34.79465833333334,441.13492242699135,40
3087,35.046708333333335,359.54071264617204,40
3088,35.43567976190476,30.666791819831243,38
3089,36.83283333333333,17.822068924894197,37
3090,36.39421041666667,-70.2016121025885,40
3091,36.555791666666664,174.41398757087245,40
3092,36.53798333333334,30.03963197768345,40
3093,36.766245833333336,523.873416496837,40
3094,36.904316666666666,371.18528868118193,40
3095,36.76501041666667,-295.1318185452598,40
3096,36.641925,119.13744287267514,40
3097,36.65489583333333,221.59729060679246,40
3098,36.641075,99.02557505458256,40
3099,36.59570833333333,327.298519061224,40
3100,36.76419583333333,89.33517076537453,40
3101,36.9559125,-447.57196512768485,40
3102,37.11475,172.46473627953134,40
3103,35.95301666666667,344.157152829907,40
3104,35.201116666666664,-50.8204914280479,40
3105,34.96286666666667,123.39950711413604,40
3106,34.156625000000005,329.6266075945944,40
3107,33.84694583333333,338.8357809420791,40
3108,33.62113333333333,56.16026503577544,40
3109,33.76112916666666,-53.406730011575235,40
3110,34.52700416666666,-146.9390104983138,40
3111,34.944470833333334,64.31690975489697,40
3112,35.147816666666664,14.691097940436396,40
3113,35.56823333333334,-662.1855559441327,40
3114,36.231995833333336,-628.0494133272797,40
3115,36.98478333333334,1212.0833354615704,40
3116,37.647441666666666,18.52625222214182,40
3117,38.082745833333334,360.25872774324773,40
3118,38.181000000000004,236.82840120523136,40
3119,38.04980833333333,-270.2714071105433,40
3120,37.950195833333325,409.60150267749606,40
3121,37.96971666666666,2.488679311095062,40
3122,38.22770416666667,64.65514835753515,40
3123,38.42554166666666,-65.04555362118985,40
3124,38.514525,-271.94326787753647,40
3125,38.57044166666667,69.67475322324269,40
3126,38.374575,255.02780757929028,40
3127,37.393591666666666,34.92036661414318,40
3128,36.62968333333333,127.43820109308017,40
3129,37.142920833333335,51.24084727801646,40
3130,38.39312708333333,1.2756163305754242,40
3131,38.7366625,-97.55965166871843,40
3132,38.31370208333333,-74.23131636671962,40
3133,37.465158333333335,-184.41652381010607,40
3134,36.632727083333336,-161.06227655570137,40
3135,36.90387499999999,-121.3502687217372,40
3136,37.460391666666666,-493.5042113801939,40
3137,37.50132916666667,-87.5874223766144,40
3138,37.87482708333334,-137.78192428638923,40
3139,38.83175000000001,110.85666444737376,40
3140,39.17944166666667,-291.3021189250647,40
3141,39.34798333333333,268.44678202614034,40
3142,39.942729166666666,80.41212272737313,40
3143,40.12643333333333,-300.86197076167656,40
3144,40.25215,42.84171308638073,40
3145,40.289683333333336,139.89407989437683,40
3146,40.3452875,-393.8364992078817,40
3147,40.615224999999995,-1.8198919839935002,40
3148,40.53985833333333,-433.4941929474669,40
3149,40.43047916666667,300.72184799061466,40
3150,40.16289583333334,-11.016753674719958,40
3151,38.78646666666667,-51.57432416125228,40
3152,37.545145833333336,425.8768564013418,40
3153,37.056866666666664,-81.00456009487239,40
3154,36.95577916666666,201.56862721414876,40
3155,36.086825,179.14389064337445,32
3156,37.6031,254.17538071948422,28
3157,35.44787916666667,216.3817745228768,40
3158,35.62934166666666,37.542115392147295,40
3159,35.89278333333333,-103.3231316651438,40
3160,36.594943750000006,66.60052293459938,40
3161,37.45748333333333,166.38539822895808,40
3162,38.557495833333334,161.11625296476376,40
3163,38.89425416666667,-400.64319667555645,40
3164,39.02822083333333,65.46200444598279,40
3165,39.10814583333333,85.54886091190161,40
3166,39.08847916666667,-143.26769870076376,40
3167,39.131433333333334,134.8023491060718,40
3168,39.18920833333333,183.21877589323813,40
3169,39.255700000000004,195.1800327393767,40
3170,39.31927916666667,229.9830823085547,40
3171,39.40007916666667,138.95881487314904,40
3172,39.88882083333333,-709.2199807802456,40
3173,40.49733333333334,81.64931006520784,40
3174,40.4706625,177.18634178926942,40
3175,39.60194375,-124.54802194401628,40
3176,37.89190982142857,-630.2060708665905,38
3177,37.472409523809525,-290.3563494344454,35
3178,36.97315238095238,347.39154848571656,35
3179,36.48520714285714,42.549524765236086,35
3180,36.019664285714285,55.69508564818784,35
3181,35.65495714285714,-169.4707044364514,35
3182,35.864497619047626,76.91600837518081,35
3183,36.35639047619048,-901.1578911353979,35
3184,36.93279523809524,-65.99645456364027,35
3185,38.11385714285714,548.6711407783524,35
3186,38.71206190476191,330.3619202286277,35
3187,39.06780476190476,-246.40864489690267,35
3188,39.37403571428572,61.10989570556143,35
3189,39.411990476190475,-210.2050279031816,35
3190,39.51419523809524,30.0951073554872,35
3191,39.826528571428575,61.85228232997795,35
3192,39.92880476190476,345.64391418361276,35
3193,39.89850952380952,-144.58947360412031,35
3194,39.74929523809524,-89.40726092135773,35
3195,39.855642857142854,529.5668007111846,35
3196,40.30781428571429,-30.130724894592063,35
3197,40.457590476190475,-488.08423677197993,35
3198,38.62840952380952,-28.75720485193004,35
3199,37.585866666666675,428.97177906618464,35
3200,36.856323809523815,17.90780295034751,35
3201,36.5923,438.5931722801037,35
3202,36.6462,-438.50749440953587,35
3203,36.83222380952381,1237.5067333021946,35
3204,39.16926666666667,-60.7540649840293,33
3205,38.526180952380955,169.88108211797766,32
3206,37.91902380952381,-165.20022616127193,35
3207,37.850890476190486,254.24319231484918,35
3208,38.0713619047619,-174.63619201037818,35
3209,38.76748571428571,-328.48664970187906,35
3210,39.09092857142857,78.86775661752989,35
3211,39.11741904761904,200.16864665557034,35
3212,39.08802380952381,-237.3335161776182,35
3213,39.034619047619046,425.4640798815464,35
3214,38.89407142857142,131.82572193088288,35
3215,38.85460952380952,-433.016606792917,35
3216,38.9394238095238,151.24812986129461,35
3217,39.04498095238095,3.9086461028444717,35
3218,39.12744285714286,83.03516797887356,35
3219,39.07574761904762,-381.8166718521415,35
3220,39.196352380952376,157.66692074234174,35
3221,38.91408571428572,250.45277209360506,35
3222,37.8435,-748.5296916757964,35
3223,36.52411428571428,-142.72433826032488,35
3224,35.64114761904762,339.476882073987,35
3225,34.80678571428571,-31.012051143229982,35
3226,35.236623809523806,-231.87976324609258,35
3227,37.656,66.355198080555,35
3228,38.13700000000001,1050.9247457663678,35
3229,37.3265,-481.9710471263586,35
3230,37.12930238095238,146.4167670466561,35
3231,37.25778571428571,-67.76656209331605,35
3232,37.36167619047619,-16.842511264121185,35
3233,37.599599999999995,-56.68751862208734,35
3234,38.05554285714286,147.17786696834713,35
3235,38.470323809523805,1073.4361078145948,35
3236,38.748980952380954,69.31705789242844,35
3237,38.924414285714285,180.8790526668589,35
3238,38.662085714285716,-80.68679546439807,35
3239,38.48864761904762,385.66549864422234,35
3240,38.437957142857144,-1050.8871303835606,35
3241,38.33181904761906,-70.59986876048833,35
3242,38.23498095238095,21.823011476686304,35
3243,38.51445714285715,173.81462406089008,35
3244,39.02789523809524,-100.79077866417107,35
3245,38.86641428571429,152.93893046748465,35
3246,36.86560476190476,2.477736479022539,35
3247,35.1689380952381,28.27054953672943,35
3248,34.75392916666667,-34.46374388978264,38
3249,34.52161904761905,259.81868962653857,36
3250,34.35015416666666,107.34581148979527,40
3251,34.309012499999994,209.64375451745832,40
3252,35.489687499999995,109.90587357187175,40
3253,36.47190833333333,84.35316266687602,40
3254,36.492758928571426,437.5457843303022,38
3255,37.57489523809524,239.9322612686512,33
3256,40.42140952380952,482.3273612822801,32
3257,40.17321904761905,306.52318519384073,33
3258,38.96796666666667,55.9830451024407,24
3259,33.20146666666666,406.829586548577,13
3260,43.5155,-83.27638967653544,22
3261,38.40689999999999,58.278698324873666,40
3262,38.648716666666665,-192.45279293312828,40
3263,38.88825416666667,114.40931028534085,40
3264,38.783024999999995,445.7301431573502,40
3265,38.73055416666667,130.96602634337182,40
3266,38.8439625,244.28290765565785,40
3267,38.87793333333333,19.80769243048691,40
3268,38.85389166666666,145.25552784502466,40
3269,38.92000416666667,125.03675759330748,40
3270,39.055958333333336,140.09205098934186,40
3271,39.0243375,243.59889678434283,40
3272,38.63452083333333,451.60656247704475,40
3273,37.547250000000005,-109.7382927657411,40
3274,36.64717291666667,137.70382511027472,40
3275,36.01549583333333,-15.257277272796202,40
3276,35.327075,-229.81550249693126,40
3277,34.40783125,-269.65064821159507,40
3278,34.2709375,52.62729432749186,40
3279,34.554685416666665,154.13046901066593,40
3280,34.50895,-149.59094144143916,40
3281,35.060225,12.940242510602996,40
3282,35.7728,176.68484081777243,40
3283,36.19987916666666,393.80624077287285,40
3284,36.917970833333335,154.1384352506688,40
3285,37.68775833333333,67.43020986478489,40
3286,38.446508333333334,-210.65278489691298,40
3287,38.843804166666665,-401.05232436020356,40
3288,38.37137499999999,-42.04294196462519,40
3289,38.45169702380953,-131.35105284712125,38
3290,37.483242857142855,176.76863564675602,37
3291,37.821675,158.63705082332478,40
3292,37.74155833333333,28.411195426920813,40
3293,37.988487500000005,421.31896960047004,40
3294,38.27767083333333,168.85077660216288,40
3295,38.41117083333334,-379.6742117112809,40
3296,38.082883333333335,16.009739694569586,40
3297,37.2978125,-161.6703893402892,40
3298,36.36177083333333,198.01485528393863,40
3299,35.941633333333336,-242.734880191175,40
3300,35.327779166666666,51.993505821501955,40
3301,36.351591666666664,96.66034268838563,40
3302,36.38084583333333,104.77585482758809,40
3303,34.98939166666666,167.1746714809135,40
3304,35.79988125,-467.9896015147496,40
3305,36.818079166666664,152.0301197475984,40
3306,37.3545625,-32.4345801352261,40
3307,37.500025,-377.74505840901526,40
3308,37.455220833333335,-102.8091173607117,40
3309,37.35303333333333,87.93696579680181,40
3310,37.62184166666667,25.845430527425528,40
3311,38.00694583333334,-89.45189927145171,40
3312,38.28265833333334,141.7348235624444,40
3313,38.3646375,-341.838968077925,40
3314,38.47125,-134.3093089122696,40
3315,38.336575,378.0511716335568,40
3316,38.39289166666667,105.87671618330181,40
3317,38.5598375,158.32272075314282,40
3318,38.705075,185.81883689443083,40
3319,39.12051666666667,254.28323615684027,40
3320,39.24427083333334,-335.1206564266596,40
3321,38.78948749999999,129.7967992288717,40
3322,37.636179166666665,33.86383501469602,40
3323,36.425804166666666,68.5784613996708,40
3324,36.0164,104.39804081732473,40
3325,35.71078333333334,436.9988425565886,40
3326,35.92615,-438.33139018820793,40
3327,36.041158333333335,-113.44278194947964,40
3328,36.189791666666665,90.83703967058207,40
3329,37.618975,488.61014746698686,40
3330,38.425,91.6494428645737,40
3331,37.7637125,-280.1453505805329,40
3332,37.86265416666667,672.4019304158954,40
3333,38.24720416666667,309.32281364117165,40
3334,38.51009583333333,80.98430674388649,40
3335,38.38865,15.412686289785636,40
3336,38.46785,85.48564624201953,40
3337,38.638895833333336,199.3611952394906,40
3338,38.8781125,-748.9930897519256,40
3339,39.190954166666664,106.7840010016348,40
3340,39.4386625,339.113558913707,40
3341,39.1417875,121.19022829201614,40
3342,37.626445833333335,-171.74428384848522,40
3343,36.2359,-61.942451697259514,40
3344,35.685091666666665,14.684928278885181,40
3345,35.35231666666667,17.912815051618896,40
3346,35.06120416666666,94.23258845781632,40
3347,34.62020416666667,55.80674488541421,40
3348,34.07192916666666,126.59198256153726,40
3349,33.931779166666665,19.35806890343602,40
3350,34.139452380952385,-239.7511398906878,38
3351,35.665414285714284,-441.1818145019561,35
3352,36.869049999999994,135.84850522645257,37
3353,37.37285178571428,-5.193707773956142,38
3354,38.32391904761904,332.72395458311274,35
3355,38.993871428571424,-790.095767345043,37
3356,38.6356375,-37.10506570270137,40
3357,38.45939166666667,-449.7920832765601,40
3358,38.47387916666667,367.13429781302017,40
3359,38.5165375,313.54515869145916,40
3360,38.51265,86.97258632279618,40
3361,38.53892499999999,35.82486831326089,40
3362,38.72141666666666,502.8899576702855,40
3363,38.77744583333333,-422.3615395670345,40
3364,38.865608333333334,421.72209962110077,40
3365,39.18723333333334,744.1878052533875,40
3366,39.11477083333334,-7.969566483724243,40
3367,37.882508333333334,994.4300601027317,40
3368,36.14,-194.58799947568485,40
3369,35.09332500000001,232.55711526514642,40
3370,34.115320833333335,96.57096163308825,40
3371,33.47187916666667,-14.236753484813441,40
3372,33.09943333333333,643.834429427559,40
3373,33.23688541666667,-9.717338581822503,40
3374,33.54947083333333,294.76593554727003,40
3375,34.782695833333335,-11.064223412300628,40
3376,35.649216666666675,-40.423829598298624,40
3377,36.56747083333333,-336.4067638898677,40
3378,37.24823333333334,-54.93799087751811,40
3379,37.643258333333335,-540.3012403193309,40
3380,37.786720833333334,72.66820461591357,40
3381,37.732068749999996,-93.90969200275023,40
3382,37.89419375,318.80029197178527,40
3383,38.073566666666665,-218.31610257106016,40
3384,37.92008333333333,-1173.570306972498,40
3385,37.71245833333334,236.04638815203433,40
3386,37.754262499999996,642.9700288595163,40
3387,37.843808333333335,169.0234135910344,40
3388,37.8956,744.4134536330857,40
3389,37.768689583333334,-102.56607272520901,40
3390,36.98874166666666,-381.6763627009818,40
3391,35.88749375,120.30223056072714,40
3392,35.76660833333334,356.1222307641745,40
3393,37.24861249999999,151.00566973233938,40
3394,38.08820625,-134.5612962992335,40
3395,36.838076190476194,58.24857276635978,38
3396,35.91253095238095,408.1058678422347,38
3397,35.94172857142858,142.53912134285494,38
3398,36.07866428571428,-91.13907074673482,38
3399,36.578716666666665,-3.179241886821103,38
3400,36.948854761904755,-48.278773706372235,38
3401,36.85211666666667,-469.878448008311,38
3402,36.97265714285714,104.77075790559849,38
3403,37.22320952380953,-152.16715528316524,38
3404,37.08706190476191,-378.64936649219055,36
3405,37.18818095238096,162.0797780545778,36
3406,37.21127142857143,-304.82805777957134,36
3407,36.93750714285714,-214.84805020846306,36
3408,36.99070238095238,-278.9404654945399,36
3409,37.24218571428572,-297.8710540181886,36
3410,37.258159523809525,-774.6845953790873,36
3411,37.00897619047619,-253.76187406478488,36
3412,36.92322380952381,27.307723145689394,36
3413,36.93608571428572,-302.62023607402193,36
3414,36.69922857142857,75.4037859438748,36
3415,36.37072142857143,-506.4444750011247,36
3416,36.74992619047619,52.03237255081644,36
3417,36.6024,155.5316506720714,36
3418,35.80056904761904,42.83638987562103,35
3419,35.77753095238096,-62.098522615591065,35
3420,35.69180476190476,-791.4746131624543,35
3421,35.228009523809526,278.47219772449887,35
3422,35.32104583333333,126.95305566718226,40
3423,35.40393958333333,-159.37232875091084,40
3424,35.546083333333335,714.3347995329868,40
3425,35.959327083333335,419.3209569639978,40
3426,36.3330875,90.09943735337652,40
3427,36.263068749999995,275.6633723093548,40
3428,36.18849791666667,-235.96578130867601,40
3429,36.40833958333333,460.8235135169684,40
3430,36.712843750000005,76.19809775588239,40
3431,36.8210625,91.16900575524289,40
3432,36.869054166666665,-0.40253454555708856,40
3433,36.945258333333335,77.05830647492931,40
3434,36.96339583333334,-37.19330903237059,40
3435,37.04728333333333,63.64434109442476,40
3436,37.381054166666665,-619.0811757821386,40
3437,37.745983333333335,252.5469203864805,40
3438,38.044050000000006,23.754004533657827,40
3439,37.609075000000004,150.4674291956532,40
3440,36.210458333333335,-111.39510352003406,40
3441,35.32640416666667,34.243796336638034,40
3442,35.353975000000005,255.71738554359166,40
3443,36.36564583333334,144.40538316472922,40
3444,37.227660416666666,-76.84587087011163,40
3445,36.83937083333334,83.86632970857309,40
3446,36.46728333333333,-190.35261115854053,40
3447,36.55305833333334,-13.79767182480542,40
3448,36.71844166666666,-181.6279108737371,40
3449,36.8772875,-26.100018696162586,40
3450,36.86794583333334,24.185972259756035,40
3451,36.73360625,-70.57791147123663,40
3452,36.63992916666667,-238.35271089167958,40
3453,36.427800000000005,108.62234488119644,40
3454,36.26246875,-30.86903350395407,40
3455,36.08575,-1203.2204399994328,40
3456,36.08975,127.37296192265751,40
3457,36.00602500000001,-411.7152703550537,40
3458,35.912275,304.84466679079895,40
3459,36.0704875,423.3219402537327,40
3460,36.27686666666667,464.026902974368,40
3461,36.362843749999996,244.58126608426815,40
3462,35.8596625,361.408021149545,40
3463,34.930381249999996,210.02866575071363,40
3464,34.647475,385.3187586026869,40
3465,34.6700125,-93.78222834685776,40
3466,34.925262499999995,166.4283238542914,40
3467,34.979324999999996,421.12947051353643,40
3468,34.23786488095239,-3.231479206341703,38
3469,33.01885238095238,156.48668881679578,37
3470,33.970407142857134,-20.870451271934428,38
3471,35.026574999999994,-116.27370843944708,40
3472,35.54179166666667,26.78924892686334,40
3473,36.33862499999999,-59.898588219732176,40
3474,36.717093750000004,68.09729022439454,40
3475,36.792070833333334,-255.4949276462785,40
3476,36.175468055555555,369.79999957135874,42
3477,36.56147037037037,57.64545245549037,45
3478,36.37055740740741,-299.1990179302651,45
3479,36.060257407407406,-76.26272370799302,45
3480,36.26141481481482,166.1471384939608,45
3481,36.46085185185186,297.2670491643685,45
3482,36.50983518518518,191.92628091393016,45
3483,36.76837037037037,146.3470100120338,45
3484,37.01426851851852,-316.46742416400184,45
3485,36.98732592592593,322.9271467348033,45
3486,36.349577777777775,367.4362049973704,45
3487,35.49706666666667,-19.30602457603397,45
3488,34.99752037037037,613.7923738488055,45
3489,34.65265185185185,-40.70373424154224,45
3490,34.54920740740741,294.5524385169433,45
3491,34.577600000000004,157.79579920567704,45
3492,34.39025185185185,-124.58277700270898,45
3493,34.56074074074074,-32.50490092468573,45
3494,35.30926666666666,135.56517076328817,45
3495,35.910585185185184,959.5642714345452,45
3496,35.98880740740741,1.5438907046012105,45
3497,36.312622222222224,-180.3834164857902,45
3498,37.113194444444446,629.5636820194429,45
3499,37.627007407407405,104.27191016830675,45
3500,38.019855555555566,-422.6593604584306,45
3501,38.38796111111111,153.93068004000406,45
3502,38.43736851851852,32.88518319587441,45
3503,38.33067777777778,-118.12489247315672,45
3504,38.191407407407404,170.5006741189688,45
3505,37.98084444444444,267.3632322104095,45
3506,37.80842962962963,-49.51242567995409,45
3507,38.20876666666667,-156.9516979960488,45
3508,38.5477537037037,-27.74929348749341,45
3509,38.68130740740741,-19.203225417604635,45
3510,38.56663703703704,429.9798027832892,45
3511,38.222262962962965,-89.48652806689526,45
3512,37.550888888888885,37.51041205048061,45
3513,36.78633333333333,173.08986738523691,45
3514,36.335314814814815,210.36673372508272,45
3515,36.16263888888888,29.237079070042597,45
3516,35.622131481481475,24.45750352665374,45
3517,35.167996296296295,-97.89788056830581,45
3518,35.29147037037037,40.338505217777424,45
3519,36.019475925925924,51.935735871424114,45
3520,36.52923333333332,-289.0376023273315,45
3521,36.48462962962963,70.0194299982736,45
3522,36.32998518518518,75.13181495189951,45
3523,36.31264629629629,-152.92621787914692,45
3524,36.486644444444444,-48.32226860146559,45
3525,36.60948888888889,85.34106130119223,45
3526,36.51194074074074,166.96655383876993,45
3527,36.375985185185186,124.52323405380884,45
3528,36.27131296296296,490.2610852845398,45
3529,36.16651111111111,-81.21152982186808,45
3530,36.43710925925926,-97.30689891755829,45
3531,36.73337592592593,-330.31529695399155,45
3532,37.077464814814824,82.47981425450058,45
3533,37.32007222222222,113.61985657579572,45
3534,37.178962962962956,50.02364578358189,45
3535,36.78616111111111,118.09381540389143,45
3536,35.88927407407407,15.265220269601144,45
3537,34.90265925925926,293.60356841781106,45
3538,34.525444444444446,278.995075463136,45
3539,34.452977777777775,28.832575588451235,45
3540,34.463561111111105,34.665017692389526,45
3541,34.3848,-137.51949631985144,45
3542,34.528222222222226,161.62016208190906,45
3543,35.095529629629624,75.94646555422123,45
3544,35.50021481481482,14.358877702593592,45
3545,36.46559259259259,363.640276401458,45
3546,36.53045185185185,-260.729929970398,45
3547,36.5518962962963,93.32820737597413,45
3548,36.8566,1.691194027292589,45
3549,36.398079629629635,163.07946989059712,45
3550,36.096827777777776,40.57240058509343,45
3551,36.153401851851854,123.93050957929007,45
3552,36.143057407407404,-318.53876735175544,43
3553,36.96632222222222,-19.066961417980252,42
3554,36.59650555555555,-23.08170448475135,45
3555,37.14822777777778,156.57565013330262,45
3556,37.37330555555556,-72.62008526981906,45
3557,37.386768518518515,137.85871823789515,45
3558,37.15748888888889,-234.76620262232507,45
3559,36.35763333333334,-106.80762392673044,45
3560,36.18681296296296,196.69475226462552,45
3561,36.50779074074073,-307.739670734118,45
3562,36.001274074074075,-25.7221034865019,45
