dataset,ref_sensor,clamp_mode,subscription_level,scope,range_compatible_fraction,topic_hierarchy_depth_h,normalized_mae_mean,normalized_mae_std,kl_divergence_mean,kl_divergence_std,release_rate_mean,release_rate_std,avg_n_tau_mean,avg_n_tau_std,eps_count_spent_mean,eps_count_spent_std,n_trials
energy,current,static,1,energy,0.6666666666666666,4,0.8433446129782011,0.0116823419636384,0.4870295218650384,0.1720451723291018,0.5029488646406013,0.0030502196545225,5.673708592638072,0.0,1791.6499999989182,0.0,6
energy,current,static,2,energy/building01,0.6666666666666666,4,0.8433446129782011,0.0116823419636384,0.4870295218650384,0.1720451723291018,0.5029488646406013,0.0030502196545225,5.673708592638072,0.0,1791.6499999989182,0.0,6
energy,current,static,3,energy/building01/CT1,0.6666666666666666,4,0.8489701044125999,0.0157166102597131,0.4732687508867141,0.1223182957256829,0.3983851012567558,0.0034003185783266,0.9987162671280664,0.0,1791.6499999989182,0.0,6
energy,current,static,3,energy/building01/CT10,0.6666666666666666,4,0.832430854728771,0.0257116374171522,0.5465206428256488,0.1230300140952128,0.3836477987421383,0.0052165796390847,0.1314500156364015,0.0,479.6500000000749,0.0,6
energy,current,static,3,energy/building01/CT13,0.6666666666666666,4,0.8342461978783171,0.0248716893662475,0.5448853517527894,0.1026401753255577,0.3829006872485133,0.0049203484629212,0.0714667236406366,0.0,468.0500000000722,0.0,6
energy,current,static,3,energy/building01/CT17,0.6666666666666666,4,0.8496841224182067,0.0209006566378023,0.5014385940411502,0.0966344184466029,0.3927184563690871,0.0026868198858082,0.6793625882779019,0.0,828.3499999997944,0.0,6
energy,current,static,3,energy/building01/CT2,0.6666666666666666,4,0.8481547126009824,0.0199938210359678,0.4369851816533812,0.0581088275982399,0.3960419194983819,0.0026382568496469,0.8814472087378641,0.0,1318.399999999349,0.0,6
energy,current,static,3,energy/building01/CT3,0.6666666666666666,4,0.8455565632821548,0.0186184044936408,0.4858280052976763,0.1835473084088037,0.3949348607367475,0.0028204032127504,0.8330525606469003,0.0,1187.199999999468,0.0,6
energy,current,static,3,energy/building01/CT4,0.6666666666666666,4,0.8477627902667061,0.0328572017202669,0.5448439763495876,0.1856468342945281,0.3871805613741098,0.0045843151083737,0.345370758273984,0.0,596.750000000005,0.0,6
energy,current,static,3,energy/building01/CT5,0.6666666666666666,4,0.8371696922548867,0.0293924303992321,0.5733426066455314,0.2011582230109076,0.3839011896336737,0.0046376702539422,0.1289050652107977,0.0,494.55000000007817,0.0,6
energy,current,static,3,energy/building01/CT6,0.6666666666666666,4,0.8486751362491715,0.0157463654813827,0.5034562288743963,0.1622787292927401,0.3983851012567558,0.0034003185783266,0.9987162671280664,0.0,1791.6499999989182,0.0,6
energy,current,static,3,energy/building01/CT7,0.6666666666666666,4,0.8486401130853798,0.0157462129089238,0.5033750113930313,0.1655354126685062,0.3983851012567558,0.0034003185783266,0.9987162671280664,0.0,1791.6499999989182,0.0,6
energy,current,static,3,energy/building01/CT8,0.6666666666666666,4,0.8488429668058438,0.0159451942978613,0.5031637150633242,0.165809814901289,0.3981735687657139,0.0033621616176739,0.986850851082276,0.0,1730.1499999989744,0.0,6
energy,current,static,3,energy/building01/CT9,0.6666666666666666,4,0.8333416726282739,0.0225095964023414,0.5760083716019792,0.152139867748298,0.3819892767261188,0.0050774248971251,0.021118284276179,0.0,456.9500000000696,0.0,6
energy,current,static,4,energy/building01/CT1/current,0.6666666666666666,4,0.8489701044125999,0.0157166102597131,0.4732687508867141,0.1223182957256829,0.3983851012567558,0.0034003185783266,0.9987162671280664,0.0,1791.6499999989182,0.0,6
energy,current,static,4,energy/building01/CT10/current,0.6666666666666666,4,0.832430854728771,0.0257116374171522,0.5465206428256488,0.1230300140952128,0.3836477987421383,0.0052165796390847,0.1314500156364015,0.0,479.6500000000749,0.0,6
energy,current,static,4,energy/building01/CT13/current,0.6666666666666666,4,0.8342461978783171,0.0248716893662475,0.5448853517527894,0.1026401753255577,0.3829006872485133,0.0049203484629212,0.0714667236406366,0.0,468.0500000000722,0.0,6
energy,current,static,4,energy/building01/CT17/current,0.6666666666666666,4,0.8496841224182067,0.0209006566378023,0.5014385940411502,0.0966344184466029,0.3927184563690871,0.0026868198858082,0.6793625882779019,0.0,828.3499999997944,0.0,6
energy,current,static,4,energy/building01/CT2/current,0.6666666666666666,4,0.8481547126009824,0.0199938210359678,0.4369851816533812,0.0581088275982399,0.3960419194983819,0.0026382568496469,0.8814472087378641,0.0,1318.399999999349,0.0,6
energy,current,static,4,energy/building01/CT3/current,0.6666666666666666,4,0.8455565632821548,0.0186184044936408,0.4858280052976763,0.1835473084088037,0.3949348607367475,0.0028204032127504,0.8330525606469003,0.0,1187.199999999468,0.0,6
energy,current,static,4,energy/building01/CT4/current,0.6666666666666666,4,0.8477627902667061,0.0328572017202669,0.5448439763495876,0.1856468342945281,0.3871805613741098,0.0045843151083737,0.345370758273984,0.0,596.750000000005,0.0,6
energy,current,static,4,energy/building01/CT5/current,0.6666666666666666,4,0.8371696922548867,0.0293924303992321,0.5733426066455314,0.2011582230109076,0.3839011896336737,0.0046376702539422,0.1289050652107977,0.0,494.55000000007817,0.0,6
energy,current,static,4,energy/building01/CT6/current,0.6666666666666666,4,0.8486751362491715,0.0157463654813827,0.5034562288743963,0.1622787292927401,0.3983851012567558,0.0034003185783266,0.9987162671280664,0.0,1791.6499999989182,0.0,6
energy,current,static,4,energy/building01/CT7/current,0.6666666666666666,4,0.8486401130853798,0.0157462129089238,0.5033750113930313,0.1655354126685062,0.3983851012567558,0.0034003185783266,0.9987162671280664,0.0,1791.6499999989182,0.0,6
energy,current,static,4,energy/building01/CT8/current,0.6666666666666666,4,0.8488429668058438,0.0159451942978613,0.5031637150633242,0.165809814901289,0.3981735687657139,0.0033621616176739,0.986850851082276,0.0,1730.1499999989744,0.0,6
energy,current,static,4,energy/building01/CT9/current,0.6666666666666666,4,0.8333416726282739,0.0225095964023414,0.5760083716019792,0.152139867748298,0.3819892767261188,0.0050774248971251,0.021118284276179,0.0,456.9500000000696,0.0,6
energy,power_kw,static,1,energy,0.3333333333333333,4,0.8300189754494146,0.0034027560150881,0.4516412960997412,0.1521037350855038,0.5544888789663159,0.0029839087368838,7.861105684704044,0.0,1791.6499999989182,0.0,6
energy,power_kw,static,2,energy/building01,0.3333333333333333,4,0.8300189754494146,0.0034027560150881,0.4516412960997412,0.1521037350855038,0.5544888789663159,0.0029839087368838,7.861105684704044,0.0,1791.6499999989182,0.0,6
energy,power_kw,static,3,energy/building01/CT1,0.3333333333333333,4,0.8486896977659205,0.0157856972967505,0.5044374797104443,0.1668384526715171,0.3983851012567558,0.0034003185783266,0.9987162671280664,0.0,1791.6499999989182,0.0,6
energy,power_kw,static,3,energy/building01/CT10,0.3333333333333333,4,0.848638139923105,0.0157954722707762,0.503888744577623,0.1665266474623553,0.3983851012567558,0.0034003185783266,0.9987162671280664,0.0,1791.6499999989182,0.0,6
energy,power_kw,static,3,energy/building01/CT13,0.3333333333333333,4,0.8337874505919278,0.0257054385029205,0.5442712846524197,0.1099397494101057,0.3828597877946307,0.0050294528307787,0.0717795342875454,0.0,468.10000000007216,0.0,6
energy,power_kw,static,3,energy/building01/CT17,0.3333333333333333,4,0.8487019088425117,0.0157625406707382,0.5059093525529816,0.1696894319039164,0.39839621939421,0.0033856766707067,0.9987162313016298,0.0,1791.5999999989183,0.0,6
energy,power_kw,static,3,energy/building01/CT2,0.3333333333333333,4,0.8489413444839201,0.0164469643391639,0.5036704528832041,0.1653641211256904,0.3983428576790624,0.0033778428280795,0.997916842609014,0.0,1776.1499999989326,0.0,6
energy,power_kw,static,3,energy/building01/CT3,0.3333333333333333,4,0.8495649626795885,0.0175836449868893,0.49773119344935,0.167922161713369,0.3969843256451517,0.0034612529663579,0.9325227963525836,0.0,1398.249999999276,0.0,6
energy,power_kw,static,3,energy/building01/CT4,0.3333333333333333,4,0.8475415628227424,0.0328751987881525,0.545739044424625,0.1871827245339218,0.3871805613741098,0.0045843151083737,0.3454545454545454,0.0,596.750000000005,0.0,6
energy,power_kw,static,3,energy/building01/CT5,0.3333333333333333,4,0.8392914475003513,0.0231794482927765,0.4963829777469145,0.0925143234041744,0.3848951647411211,0.0047239030301763,0.1641157302261281,0.0,506.35000000008085,0.0,6
energy,power_kw,static,3,energy/building01/CT6,0.3333333333333333,4,0.8486380818474006,0.0157936249958928,0.504815969321168,0.1662514241952537,0.3983851012567558,0.0034003185783266,0.9987162671280664,0.0,1791.6499999989182,0.0,6
energy,power_kw,static,3,energy/building01/CT7,0.3333333333333333,4,0.8486323909727265,0.015794138324696,0.5040598387311382,0.1664467634864958,0.3983851012567558,0.0034003185783266,0.9987162671280664,0.0,1791.6499999989182,0.0,6
energy,power_kw,static,3,energy/building01/CT8,0.3333333333333333,4,0.8488460260121561,0.0158952581872174,0.5034303843249103,0.1661191854852822,0.3982069948386103,0.0034080774334668,0.9869713427316849,0.0,1730.7999999989736,0.0,6
energy,power_kw,static,3,energy/building01/CT9,0.3333333333333333,4,0.8334429254704075,0.0197057969027897,0.5864512055759264,0.149153497194448,0.3828633022335312,0.0052364233455876,0.0640373197625106,0.0,471.60000000007295,0.0,6
energy,power_kw,static,4,energy/building01/CT1/power_kw,0.3333333333333333,4,0.8486896977659205,0.0157856972967505,0.5044374797104443,0.1668384526715171,0.3983851012567558,0.0034003185783266,0.9987162671280664,0.0,1791.6499999989182,0.0,6
energy,power_kw,static,4,energy/building01/CT10/power_kw,0.3333333333333333,4,0.848638139923105,0.0157954722707762,0.503888744577623,0.1665266474623553,0.3983851012567558,0.0034003185783266,0.9987162671280664,0.0,1791.6499999989182,0.0,6
energy,power_kw,static,4,energy/building01/CT13/power_kw,0.3333333333333333,4,0.8337874505919278,0.0257054385029205,0.5442712846524197,0.1099397494101057,0.3828597877946307,0.0050294528307787,0.0717795342875454,0.0,468.10000000007216,0.0,6
energy,power_kw,static,4,energy/building01/CT17/power_kw,0.3333333333333333,4,0.8487019088425117,0.0157625406707382,0.5059093525529816,0.1696894319039164,0.39839621939421,0.0033856766707067,0.9987162313016298,0.0,1791.5999999989183,0.0,6
energy,power_kw,static,4,energy/building01/CT2/power_kw,0.3333333333333333,4,0.8489413444839201,0.0164469643391639,0.5036704528832041,0.1653641211256904,0.3983428576790624,0.0033778428280795,0.997916842609014,0.0,1776.1499999989326,0.0,6
energy,power_kw,static,4,energy/building01/CT3/power_kw,0.3333333333333333,4,0.8495649626795885,0.0175836449868893,0.49773119344935,0.167922161713369,0.3969843256451517,0.0034612529663579,0.9325227963525836,0.0,1398.249999999276,0.0,6
energy,power_kw,static,4,energy/building01/CT4/power_kw,0.3333333333333333,4,0.8475415628227424,0.0328751987881525,0.545739044424625,0.1871827245339218,0.3871805613741098,0.0045843151083737,0.3454545454545454,0.0,596.750000000005,0.0,6
energy,power_kw,static,4,energy/building01/CT5/power_kw,0.3333333333333333,4,0.8392914475003513,0.0231794482927765,0.4963829777469145,0.0925143234041744,0.3848951647411211,0.0047239030301763,0.1641157302261281,0.0,506.35000000008085,0.0,6
energy,power_kw,static,4,energy/building01/CT6/power_kw,0.3333333333333333,4,0.8486380818474006,0.0157936249958928,0.504815969321168,0.1662514241952537,0.3983851012567558,0.0034003185783266,0.9987162671280664,0.0,1791.6499999989182,0.0,6
energy,power_kw,static,4,energy/building01/CT7/power_kw,0.3333333333333333,4,0.8486323909727265,0.015794138324696,0.5040598387311382,0.1664467634864958,0.3983851012567558,0.0034003185783266,0.9987162671280664,0.0,1791.6499999989182,0.0,6
energy,power_kw,static,4,energy/building01/CT8/power_kw,0.3333333333333333,4,0.8488460260121561,0.0158952581872174,0.5034303843249103,0.1661191854852822,0.3982069948386103,0.0034080774334668,0.9869713427316849,0.0,1730.7999999989736,0.0,6
energy,power_kw,static,4,energy/building01/CT9/power_kw,0.3333333333333333,4,0.8334429254704075,0.0197057969027897,0.5864512055759264,0.149153497194448,0.3828633022335312,0.0052364233455876,0.0640373197625106,0.0,471.60000000007295,0.0,6
energy,voltage,static,1,energy,0.3333333333333333,4,0.769837288614409,0.0060015495159494,0.4177584413069451,0.1479242263225109,0.6385919869022038,0.003420369299433,11.984595205536795,0.0,1791.6499999989182,0.0,6
energy,voltage,static,2,energy/building01,0.3333333333333333,4,0.769837288614409,0.0060015495159494,0.4177584413069451,0.1479242263225109,0.6385919869022038,0.003420369299433,11.984595205536795,0.0,1791.6499999989182,0.0,6
energy,voltage,static,3,energy/building01/CT1,0.3333333333333333,4,0.8497522065774296,0.0157369083118709,0.4909413451063448,0.1574297798739762,0.3983851012567558,0.0034003185783266,0.9987162671280664,0.0,1791.6499999989182,0.0,6
energy,voltage,static,3,energy/building01/CT10,0.3333333333333333,4,0.8497443774665295,0.0157475640834853,0.491850567689913,0.157916637252737,0.3983851012567558,0.0034003185783266,0.9987162671280664,0.0,1791.6499999989182,0.0,6
energy,voltage,static,3,energy/building01/CT13,0.3333333333333333,4,0.8497413356564474,0.0157414690937624,0.4917118066732309,0.1576387641595546,0.3983851012567558,0.0034003185783266,0.9987162671280664,0.0,1791.6499999989182,0.0,6
energy,voltage,static,3,energy/building01/CT17,0.3333333333333333,4,0.8497328911519234,0.0157418447248795,0.4912659298556836,0.157300317099077,0.3983851012567558,0.0034003185783266,0.9987162671280664,0.0,1791.6499999989182,0.0,6
energy,voltage,static,3,energy/building01/CT2,0.3333333333333333,4,0.8497527548794491,0.0157345229414628,0.4911739446538339,0.1576630435429325,0.3983851012567558,0.0034003185783266,0.9987162671280664,0.0,1791.6499999989182,0.0,6
energy,voltage,static,3,energy/building01/CT3,0.3333333333333333,4,0.8497565569440173,0.0157373419153776,0.491138837728512,0.1576270714422637,0.3983851012567558,0.0034003185783266,0.9987162671280664,0.0,1791.6499999989182,0.0,6
energy,voltage,static,3,energy/building01/CT4,0.3333333333333333,4,0.849755862068842,0.0157387714182222,0.4912248829046899,0.1576512900220694,0.3983851012567558,0.0034003185783266,0.9987162671280664,0.0,1791.6499999989182,0.0,6
energy,voltage,static,3,energy/building01/CT5,0.3333333333333333,4,0.849741261363882,0.0157439826509785,0.4914412440960967,0.1576778148283263,0.3983851012567558,0.0034003185783266,0.9987162671280664,0.0,1791.6499999989182,0.0,6
energy,voltage,static,3,energy/building01/CT6,0.3333333333333333,4,0.8497389323039136,0.0157447564314518,0.4914906039511869,0.1577081920970039,0.3983851012567558,0.0034003185783266,0.9987162671280664,0.0,1791.6499999989182,0.0,6
energy,voltage,static,3,energy/building01/CT7,0.3333333333333333,4,0.849738820263599,0.015745738089863,0.4915720709212582,0.1578569626874985,0.3983851012567558,0.0034003185783266,0.9987162671280664,0.0,1791.6499999989182,0.0,6
energy,voltage,static,3,energy/building01/CT8,0.3333333333333333,4,0.8497456096635285,0.0157506163122117,0.4917984935551556,0.1579439145050423,0.3983851012567558,0.0034003185783266,0.9987162671280664,0.0,1791.6499999989182,0.0,6
energy,voltage,static,3,energy/building01/CT9,0.3333333333333333,4,0.8497458795852464,0.0157485438866995,0.4918322947393119,0.1579885389856165,0.3983851012567558,0.0034003185783266,0.9987162671280664,0.0,1791.6499999989182,0.0,6
energy,voltage,static,4,energy/building01/CT1/voltage,0.3333333333333333,4,0.8497522065774296,0.0157369083118709,0.4909413451063448,0.1574297798739762,0.3983851012567558,0.0034003185783266,0.9987162671280664,0.0,1791.6499999989182,0.0,6
energy,voltage,static,4,energy/building01/CT10/voltage,0.3333333333333333,4,0.8497443774665295,0.0157475640834853,0.491850567689913,0.157916637252737,0.3983851012567558,0.0034003185783266,0.9987162671280664,0.0,1791.6499999989182,0.0,6
energy,voltage,static,4,energy/building01/CT13/voltage,0.3333333333333333,4,0.8497413356564474,0.0157414690937624,0.4917118066732309,0.1576387641595546,0.3983851012567558,0.0034003185783266,0.9987162671280664,0.0,1791.6499999989182,0.0,6
energy,voltage,static,4,energy/building01/CT17/voltage,0.3333333333333333,4,0.8497328911519234,0.0157418447248795,0.4912659298556836,0.157300317099077,0.3983851012567558,0.0034003185783266,0.9987162671280664,0.0,1791.6499999989182,0.0,6
energy,voltage,static,4,energy/building01/CT2/voltage,0.3333333333333333,4,0.8497527548794491,0.0157345229414628,0.4911739446538339,0.1576630435429325,0.3983851012567558,0.0034003185783266,0.9987162671280664,0.0,1791.6499999989182,0.0,6
energy,voltage,static,4,energy/building01/CT3/voltage,0.3333333333333333,4,0.8497565569440173,0.0157373419153776,0.491138837728512,0.1576270714422637,0.3983851012567558,0.0034003185783266,0.9987162671280664,0.0,1791.6499999989182,0.0,6
energy,voltage,static,4,energy/building01/CT4/voltage,0.3333333333333333,4,0.849755862068842,0.0157387714182222,0.4912248829046899,0.1576512900220694,0.3983851012567558,0.0034003185783266,0.9987162671280664,0.0,1791.6499999989182,0.0,6
energy,voltage,static,4,energy/building01/CT5/voltage,0.3333333333333333,4,0.849741261363882,0.0157439826509785,0.4914412440960967,0.1576778148283263,0.3983851012567558,0.0034003185783266,0.9987162671280664,0.0,1791.6499999989182,0.0,6
energy,voltage,static,4,energy/building01/CT6/voltage,0.3333333333333333,4,0.8497389323039136,0.0157447564314518,0.4914906039511869,0.1577081920970039,0.3983851012567558,0.0034003185783266,0.9987162671280664,0.0,1791.6499999989182,0.0,6
energy,voltage,static,4,energy/building01/CT7/voltage,0.3333333333333333,4,0.849738820263599,0.015745738089863,0.4915720709212582,0.1578569626874985,0.3983851012567558,0.0034003185783266,0.9987162671280664,0.0,1791.6499999989182,0.0,6
energy,voltage,static,4,energy/building01/CT8/voltage,0.3333333333333333,4,0.8497456096635285,0.0157506163122117,0.4917984935551556,0.1579439145050423,0.3983851012567558,0.0034003185783266,0.9987162671280664,0.0,1791.6499999989182,0.0,6
energy,voltage,static,4,energy/building01/CT9/voltage,0.3333333333333333,4,0.8497458795852464,0.0157485438866995,0.4918322947393119,0.1579885389856165,0.3983851012567558,0.0034003185783266,0.9987162671280664,0.0,1791.6499999989182,0.0,6
manufacturing,energy,static,1,factory,0.6,5,0.8050600679569238,0.0403971861602002,0.477034214714931,0.1154594644608279,0.5978333333333333,0.0091086039910991,10.0,0.0,49.9999999999993,0.0,6
manufacturing,energy,static,2,factory/line1,0.6,5,0.8050600679569238,0.0403971861602002,0.477034214714931,0.1154594644608279,0.5978333333333333,0.0091086039910991,10.0,0.0,49.9999999999993,0.0,6
manufacturing,energy,static,3,factory/line1/processing,0.6,5,0.8096410503260979,0.0956623828751323,0.4357574306186414,0.0901913910626923,0.4455,0.0125179870586288,3.0,0.0,49.9999999999993,0.0,6
manufacturing,energy,static,3,factory/line1/robotics,0.6,5,0.7985505346628173,0.080331389518715,0.5208309036710941,0.1333826453506435,0.4276666666666666,0.0159582789381144,2.0,0.0,49.9999999999993,0.0,6
manufacturing,energy,static,3,factory/line1/sorting,0.6,5,0.8093073004235679,0.0956393123071007,0.438893134835892,0.0980141980147828,0.4455,0.0125179870586288,3.0,0.0,49.9999999999993,0.0,6
manufacturing,energy,static,3,factory/line1/warehouse,0.6,5,0.7983426570235627,0.0806027279917527,0.4514790731071743,0.1702634816681906,0.4276666666666666,0.0159582789381144,2.0,0.0,49.9999999999993,0.0,6
manufacturing,energy,static,4,factory/line1/processing/machine1,0.6,5,0.7989553506526589,0.0954759285921644,0.4776467060349533,0.1223116658497819,0.4073333333333333,0.0176030300422019,1.0,0.0,49.9999999999993,0.0,6
manufacturing,energy,static,4,factory/line1/processing/machine5,0.6,5,0.7971569979454175,0.0949360699781851,0.4761182559983912,0.13014731366377,0.4073333333333333,0.0176030300422019,1.0,0.0,49.9999999999993,0.0,6
manufacturing,energy,static,4,factory/line1/processing/machine9,0.6,5,0.7985012815584757,0.0956166452543149,0.4891521876081284,0.1449612777681272,0.4073333333333333,0.0176030300422019,1.0,0.0,49.9999999999993,0.0,6
manufacturing,energy,static,4,factory/line1/robotics/machine3,0.6,5,0.7976438221850635,0.0944276782237175,0.4759613530387533,0.1271852278895325,0.4073333333333333,0.0176030300422019,1.0,0.0,49.9999999999993,0.0,6
manufacturing,energy,static,4,factory/line1/robotics/machine7,0.6,5,0.797754607064193,0.0948013993949389,0.4678454779227455,0.1177232480586469,0.4073333333333333,0.0176030300422019,1.0,0.0,49.9999999999993,0.0,6
manufacturing,energy,static,4,factory/line1/sorting/machine0,0.6,5,0.7977101185452127,0.0947362794921389,0.4720351747346545,0.1164572979119493,0.4073333333333333,0.0176030300422019,1.0,0.0,49.9999999999993,0.0,6
manufacturing,energy,static,4,factory/line1/sorting/machine4,0.6,5,0.797432166041153,0.0938892892668546,0.4806615851797127,0.1276104434724726,0.4073333333333333,0.0176030300422019,1.0,0.0,49.9999999999993,0.0,6
manufacturing,energy,static,4,factory/line1/sorting/machine8,0.6,5,0.7979030698241006,0.094372319733325,0.4815055858230589,0.1288703366809479,0.4073333333333333,0.0176030300422019,1.0,0.0,49.9999999999993,0.0,6
manufacturing,energy,static,4,factory/line1/warehouse/machine2,0.6,5,0.7983578368981635,0.095009211806302,0.4821556049585893,0.1182564635083236,0.4073333333333333,0.0176030300422019,1.0,0.0,49.9999999999993,0.0,6
manufacturing,energy,static,4,factory/line1/warehouse/machine6,0.6,5,0.7989614891153476,0.0943303962337376,0.4764711401650716,0.1201042131563949,0.4073333333333333,0.0176030300422019,1.0,0.0,49.9999999999993,0.0,6
manufacturing,energy,static,5,factory/line1/processing/machine1/energy,0.6,5,0.7989553506526589,0.0954759285921644,0.4776467060349533,0.1223116658497819,0.4073333333333333,0.0176030300422019,1.0,0.0,49.9999999999993,0.0,6
manufacturing,energy,static,5,factory/line1/processing/machine5/energy,0.6,5,0.7971569979454175,0.0949360699781851,0.4761182559983912,0.13014731366377,0.4073333333333333,0.0176030300422019,1.0,0.0,49.9999999999993,0.0,6
manufacturing,energy,static,5,factory/line1/processing/machine9/energy,0.6,5,0.7985012815584757,0.0956166452543149,0.4891521876081284,0.1449612777681272,0.4073333333333333,0.0176030300422019,1.0,0.0,49.9999999999993,0.0,6
manufacturing,energy,static,5,factory/line1/robotics/machine3/energy,0.6,5,0.7976438221850635,0.0944276782237175,0.4759613530387533,0.1271852278895325,0.4073333333333333,0.0176030300422019,1.0,0.0,49.9999999999993,0.0,6
manufacturing,energy,static,5,factory/line1/robotics/machine7/energy,0.6,5,0.797754607064193,0.0948013993949389,0.4678454779227455,0.1177232480586469,0.4073333333333333,0.0176030300422019,1.0,0.0,49.9999999999993,0.0,6
manufacturing,energy,static,5,factory/line1/sorting/machine0/energy,0.6,5,0.7977101185452127,0.0947362794921389,0.4720351747346545,0.1164572979119493,0.4073333333333333,0.0176030300422019,1.0,0.0,49.9999999999993,0.0,6
manufacturing,energy,static,5,factory/line1/sorting/machine4/energy,0.6,5,0.797432166041153,0.0938892892668546,0.4806615851797127,0.1276104434724726,0.4073333333333333,0.0176030300422019,1.0,0.0,49.9999999999993,0.0,6
manufacturing,energy,static,5,factory/line1/sorting/machine8/energy,0.6,5,0.7979030698241006,0.094372319733325,0.4815055858230589,0.1288703366809479,0.4073333333333333,0.0176030300422019,1.0,0.0,49.9999999999993,0.0,6
manufacturing,energy,static,5,factory/line1/warehouse/machine2/energy,0.6,5,0.7983578368981635,0.095009211806302,0.4821556049585893,0.1182564635083236,0.4073333333333333,0.0176030300422019,1.0,0.0,49.9999999999993,0.0,6
manufacturing,energy,static,5,factory/line1/warehouse/machine6/energy,0.6,5,0.7989614891153476,0.0943303962337376,0.4764711401650716,0.1201042131563949,0.4073333333333333,0.0176030300422019,1.0,0.0,49.9999999999993,0.0,6
manufacturing,machine_speed,static,1,factory,1.0,5,0.8048813213273927,0.0402676908626059,0.4753994315955133,0.1067561238215927,0.5978333333333333,0.0091086039910991,10.0,0.0,49.9999999999993,0.0,6
manufacturing,machine_speed,static,2,factory/line1,1.0,5,0.8048813213273927,0.0402676908626059,0.4753994315955133,0.1067561238215927,0.5978333333333333,0.0091086039910991,10.0,0.0,49.9999999999993,0.0,6
manufacturing,machine_speed,static,3,factory/line1/processing,1.0,5,0.8092738738392568,0.0954108058694678,0.4369051535032786,0.0953044690489777,0.4455,0.0125179870586288,3.0,0.0,49.9999999999993,0.0,6
manufacturing,machine_speed,static,3,factory/line1/robotics,1.0,5,0.7974808742051217,0.0802243413238568,0.589759312776642,0.1495131028606171,0.4276666666666666,0.0159582789381144,2.0,0.0,49.9999999999993,0.0,6
manufacturing,machine_speed,static,3,factory/line1/sorting,1.0,5,0.8090914457925761,0.0953909515571749,0.4369861291480814,0.0961224475782325,0.4455,0.0125179870586288,3.0,0.0,49.9999999999993,0.0,6
manufacturing,machine_speed,static,3,factory/line1/warehouse,1.0,5,0.7974108201585368,0.0801902580820493,0.5883475522653179,0.1502760166670797,0.4276666666666666,0.0159582789381144,2.0,0.0,49.9999999999993,0.0,6
manufacturing,machine_speed,static,4,factory/line1/processing/machine1,1.0,5,0.7971509256982375,0.0950141033228974,0.4766169349863726,0.1234770616161274,0.4073333333333333,0.0176030300422019,1.0,0.0,49.9999999999993,0.0,6
manufacturing,machine_speed,static,4,factory/line1/processing/machine5,1.0,5,0.7971728892367467,0.0950218712186851,0.4745521730587791,0.1205577720876504,0.4073333333333333,0.0176030300422019,1.0,0.0,49.9999999999993,0.0,6
manufacturing,machine_speed,static,4,factory/line1/processing/machine9,1.0,5,0.7971922569718227,0.0948473974963998,0.4759849702934078,0.1226894492394818,0.4073333333333333,0.0176030300422019,1.0,0.0,49.9999999999993,0.0,6
manufacturing,machine_speed,static,4,factory/line1/robotics/machine3,1.0,5,0.7969942020915918,0.0945493271434863,0.4735157441091374,0.1195830486783797,0.4073333333333333,0.0176030300422019,1.0,0.0,49.9999999999993,0.0,6
manufacturing,machine_speed,static,4,factory/line1/robotics/machine7,1.0,5,0.7972326506049017,0.0949656801020069,0.4780729956939377,0.1212939353110945,0.4073333333333333,0.0176030300422019,1.0,0.0,49.9999999999993,0.0,6
manufacturing,machine_speed,static,4,factory/line1/sorting/machine0,1.0,5,0.7971891453951914,0.0948180874900147,0.4730204067965812,0.1198740744028912,0.4073333333333333,0.0176030300422019,1.0,0.0,49.9999999999993,0.0,6
manufacturing,machine_speed,static,4,factory/line1/sorting/machine4,1.0,5,0.7971750790071045,0.094730753750415,0.4759838285117371,0.1211309145693647,0.4073333333333333,0.0176030300422019,1.0,0.0,49.9999999999993,0.0,6
manufacturing,machine_speed,static,4,factory/line1/sorting/machine8,1.0,5,0.7970650801490642,0.094702439801406,0.4735851344712165,0.1199508067221712,0.4073333333333333,0.0176030300422019,1.0,0.0,49.9999999999993,0.0,6
manufacturing,machine_speed,static,4,factory/line1/warehouse/machine2,1.0,5,0.7971123703899545,0.0951602953729798,0.4733478672057717,0.1204746810559727,0.4073333333333333,0.0176030300422019,1.0,0.0,49.9999999999993,0.0,6
manufacturing,machine_speed,static,4,factory/line1/warehouse/machine6,1.0,5,0.7971281168657359,0.0946809936561916,0.4771052181773776,0.1200184660102578,0.4073333333333333,0.0176030300422019,1.0,0.0,49.9999999999993,0.0,6
manufacturing,machine_speed,static,5,factory/line1/processing/machine1/machine_speed,1.0,5,0.7971509256982375,0.0950141033228974,0.4766169349863726,0.1234770616161274,0.4073333333333333,0.0176030300422019,1.0,0.0,49.9999999999993,0.0,6
manufacturing,machine_speed,static,5,factory/line1/processing/machine5/machine_speed,1.0,5,0.7971728892367467,0.0950218712186851,0.4745521730587791,0.1205577720876504,0.4073333333333333,0.0176030300422019,1.0,0.0,49.9999999999993,0.0,6
manufacturing,machine_speed,static,5,factory/line1/processing/machine9/machine_speed,1.0,5,0.7971922569718227,0.0948473974963998,0.4759849702934078,0.1226894492394818,0.4073333333333333,0.0176030300422019,1.0,0.0,49.9999999999993,0.0,6
manufacturing,machine_speed,static,5,factory/line1/robotics/machine3/machine_speed,1.0,5,0.7969942020915918,0.0945493271434863,0.4735157441091374,0.1195830486783797,0.4073333333333333,0.0176030300422019,1.0,0.0,49.9999999999993,0.0,6
manufacturing,machine_speed,static,5,factory/line1/robotics/machine7/machine_speed,1.0,5,0.7972326506049017,0.0949656801020069,0.4780729956939377,0.1212939353110945,0.4073333333333333,0.0176030300422019,1.0,0.0,49.9999999999993,0.0,6
manufacturing,machine_speed,static,5,factory/line1/sorting/machine0/machine_speed,1.0,5,0.7971891453951914,0.0948180874900147,0.4730204067965812,0.1198740744028912,0.4073333333333333,0.0176030300422019,1.0,0.0,49.9999999999993,0.0,6
manufacturing,machine_speed,static,5,factory/line1/sorting/machine4/machine_speed,1.0,5,0.7971750790071045,0.094730753750415,0.4759838285117371,0.1211309145693647,0.4073333333333333,0.0176030300422019,1.0,0.0,49.9999999999993,0.0,6
manufacturing,machine_speed,static,5,factory/line1/sorting/machine8/machine_speed,1.0,5,0.7970650801490642,0.094702439801406,0.4735851344712165,0.1199508067221712,0.4073333333333333,0.0176030300422019,1.0,0.0,49.9999999999993,0.0,6
manufacturing,machine_speed,static,5,factory/line1/warehouse/machine2/machine_speed,1.0,5,0.7971123703899545,0.0951602953729798,0.4733478672057717,0.1204746810559727,0.4073333333333333,0.0176030300422019,1.0,0.0,49.9999999999993,0.0,6
manufacturing,machine_speed,static,5,factory/line1/warehouse/machine6/machine_speed,1.0,5,0.7971281168657359,0.0946809936561916,0.4771052181773776,0.1200184660102578,0.4073333333333333,0.0176030300422019,1.0,0.0,49.9999999999993,0.0,6
manufacturing,quality,static,1,factory,0.6,5,0.8048416591590977,0.0403092687627249,0.476717072415248,0.1113569636381429,0.5978333333333333,0.0091086039910991,10.0,0.0,49.9999999999993,0.0,6
manufacturing,quality,static,2,factory/line1,0.6,5,0.8048416591590977,0.0403092687627249,0.476717072415248,0.1113569636381429,0.5978333333333333,0.0091086039910991,10.0,0.0,49.9999999999993,0.0,6
manufacturing,quality,static,3,factory/line1/processing,0.6,5,0.8093051506666026,0.095226412087148,0.4323322850630195,0.0938350839602653,0.4455,0.0125179870586288,3.0,0.0,49.9999999999993,0.0,6
manufacturing,quality,static,3,factory/line1/robotics,0.6,5,0.7977615102180242,0.0792116364887651,0.4774652809443691,0.1532118150144461,0.4276666666666666,0.0159582789381144,2.0,0.0,49.9999999999993,0.0,6
manufacturing,quality,static,3,factory/line1/sorting,0.6,5,0.8099223487270396,0.0950619042153298,0.4290041409891105,0.0936571923790275,0.4455,0.0125179870586288,3.0,0.0,49.9999999999993,0.0,6
manufacturing,quality,static,3,factory/line1/warehouse,0.6,5,0.798138888238079,0.0797208854158943,0.506687564005213,0.1336831391886875,0.4276666666666666,0.0159582789381144,2.0,0.0,49.9999999999993,0.0,6
manufacturing,quality,static,4,factory/line1/processing/machine1,0.6,5,0.7979806696425219,0.0948652238040446,0.4891916118717745,0.1461265790387151,0.4073333333333333,0.0176030300422019,1.0,0.0,49.9999999999993,0.0,6
manufacturing,quality,static,4,factory/line1/processing/machine5,0.6,5,0.797584906102346,0.0947359983225616,0.4737383225728015,0.1197263946041705,0.4073333333333333,0.0176030300422019,1.0,0.0,49.9999999999993,0.0,6
manufacturing,quality,static,4,factory/line1/processing/machine9,0.6,5,0.798397075543567,0.093780864736706,0.4839669394953118,0.1195047896262337,0.4073333333333333,0.0176030300422019,1.0,0.0,49.9999999999993,0.0,6
manufacturing,quality,static,4,factory/line1/robotics/machine3,0.6,5,0.7977951803876021,0.0946156326821528,0.4799123304015014,0.1280896353102641,0.4073333333333333,0.0176030300422019,1.0,0.0,49.9999999999993,0.0,6
manufacturing,quality,static,4,factory/line1/robotics/machine7,0.6,5,0.7980405057604404,0.0944868309198942,0.486073369327295,0.1310443590579357,0.4073333333333333,0.0176030300422019,1.0,0.0,49.9999999999993,0.0,6
manufacturing,quality,static,4,factory/line1/sorting/machine0,0.6,5,0.7975213689995294,0.0942485304806221,0.4746560931816247,0.1197959506476419,0.4073333333333333,0.0176030300422019,1.0,0.0,49.9999999999993,0.0,6
manufacturing,quality,static,4,factory/line1/sorting/machine4,0.6,5,0.7979331735234138,0.0944963148958735,0.4732276805440689,0.119170499455224,0.4073333333333333,0.0176030300422019,1.0,0.0,49.9999999999993,0.0,6
manufacturing,quality,static,4,factory/line1/sorting/machine8,0.6,5,0.7987340613469976,0.0950580127401861,0.4748105276276216,0.1247666642583894,0.4073333333333333,0.0176030300422019,1.0,0.0,49.9999999999993,0.0,6
manufacturing,quality,static,4,factory/line1/warehouse/machine2,0.6,5,0.7979408363366544,0.0954429144658092,0.4706224352467843,0.1146180862642429,0.4073333333333333,0.0176030300422019,1.0,0.0,49.9999999999993,0.0,6
manufacturing,quality,static,4,factory/line1/warehouse/machine6,0.6,5,0.7986310373929558,0.095082379547365,0.4699848285466212,0.1155417111595627,0.4073333333333333,0.0176030300422019,1.0,0.0,49.9999999999993,0.0,6
manufacturing,quality,static,5,factory/line1/processing/machine1/quality,0.6,5,0.7979806696425219,0.0948652238040446,0.4891916118717745,0.1461265790387151,0.4073333333333333,0.0176030300422019,1.0,0.0,49.9999999999993,0.0,6
manufacturing,quality,static,5,factory/line1/processing/machine5/quality,0.6,5,0.797584906102346,0.0947359983225616,0.4737383225728015,0.1197263946041705,0.4073333333333333,0.0176030300422019,1.0,0.0,49.9999999999993,0.0,6
manufacturing,quality,static,5,factory/line1/processing/machine9/quality,0.6,5,0.798397075543567,0.093780864736706,0.4839669394953118,0.1195047896262337,0.4073333333333333,0.0176030300422019,1.0,0.0,49.9999999999993,0.0,6
manufacturing,quality,static,5,factory/line1/robotics/machine3/quality,0.6,5,0.7977951803876021,0.0946156326821528,0.4799123304015014,0.1280896353102641,0.4073333333333333,0.0176030300422019,1.0,0.0,49.9999999999993,0.0,6
manufacturing,quality,static,5,factory/line1/robotics/machine7/quality,0.6,5,0.7980405057604404,0.0944868309198942,0.486073369327295,0.1310443590579357,0.4073333333333333,0.0176030300422019,1.0,0.0,49.9999999999993,0.0,6
manufacturing,quality,static,5,factory/line1/sorting/machine0/quality,0.6,5,0.7975213689995294,0.0942485304806221,0.4746560931816247,0.1197959506476419,0.4073333333333333,0.0176030300422019,1.0,0.0,49.9999999999993,0.0,6
manufacturing,quality,static,5,factory/line1/sorting/machine4/quality,0.6,5,0.7979331735234138,0.0944963148958735,0.4732276805440689,0.119170499455224,0.4073333333333333,0.0176030300422019,1.0,0.0,49.9999999999993,0.0,6
manufacturing,quality,static,5,factory/line1/sorting/machine8/quality,0.6,5,0.7987340613469976,0.0950580127401861,0.4748105276276216,0.1247666642583894,0.4073333333333333,0.0176030300422019,1.0,0.0,49.9999999999993,0.0,6
manufacturing,quality,static,5,factory/line1/warehouse/machine2/quality,0.6,5,0.7979408363366544,0.0954429144658092,0.4706224352467843,0.1146180862642429,0.4073333333333333,0.0176030300422019,1.0,0.0,49.9999999999993,0.0,6
manufacturing,quality,static,5,factory/line1/warehouse/machine6/quality,0.6,5,0.7986310373929558,0.095082379547365,0.4699848285466212,0.1155417111595627,0.4073333333333333,0.0176030300422019,1.0,0.0,49.9999999999993,0.0,6
manufacturing,temperature,static,1,factory,0.8,5,0.8049219184813436,0.0403452686805691,0.4773687208393692,0.107574482407854,0.5978333333333333,0.0091086039910991,10.0,0.0,49.9999999999993,0.0,6
manufacturing,temperature,static,2,factory/line1,0.8,5,0.8049219184813436,0.0403452686805691,0.4773687208393692,0.107574482407854,0.5978333333333333,0.0091086039910991,10.0,0.0,49.9999999999993,0.0,6
manufacturing,temperature,static,3,factory/line1/processing,0.8,5,0.809195850610262,0.0951905467418338,0.4351707190599305,0.0927886844719683,0.4455,0.0125179870586288,3.0,0.0,49.9999999999993,0.0,6
manufacturing,temperature,static,3,factory/line1/robotics,0.8,5,0.7973607995202041,0.0800327794648998,0.5880457579046622,0.14501951894991,0.4276666666666666,0.0159582789381144,2.0,0.0,49.9999999999993,0.0,6
manufacturing,temperature,static,3,factory/line1/sorting,0.8,5,0.8091893075777329,0.0954947439761584,0.4378995667574084,0.097402631316339,0.4455,0.0125179870586288,3.0,0.0,49.9999999999993,0.0,6
manufacturing,temperature,static,3,factory/line1/warehouse,0.8,5,0.7973608796863835,0.0799847349857531,0.5735748155343325,0.1296449479558696,0.4276666666666666,0.0159582789381144,2.0,0.0,49.9999999999993,0.0,6
manufacturing,temperature,static,4,factory/line1/processing/machine1,0.8,5,0.7973035190884598,0.0946392852401186,0.4778289929566333,0.1188526270209663,0.4073333333333333,0.0176030300422019,1.0,0.0,49.9999999999993,0.0,6
manufacturing,temperature,static,4,factory/line1/processing/machine5,0.8,5,0.7972265522698173,0.0951141482956526,0.4749552868816341,0.123079533016536,0.4073333333333333,0.0176030300422019,1.0,0.0,49.9999999999993,0.0,6
manufacturing,temperature,static,4,factory/line1/processing/machine9,0.8,5,0.7973650035166497,0.0944113423491377,0.4760275013995969,0.1228838865071692,0.4073333333333333,0.0176030300422019,1.0,0.0,49.9999999999993,0.0,6
manufacturing,temperature,static,4,factory/line1/robotics/machine3,0.8,5,0.7973586040313236,0.0946232131384038,0.4745010808661724,0.1209796544925824,0.4073333333333333,0.0176030300422019,1.0,0.0,49.9999999999993,0.0,6
manufacturing,temperature,static,4,factory/line1/robotics/machine7,0.8,5,0.7971306282760158,0.09464694374478,0.4750154539461174,0.1232339057851567,0.4073333333333333,0.0176030300422019,1.0,0.0,49.9999999999993,0.0,6
manufacturing,temperature,static,4,factory/line1/sorting/machine0,0.8,5,0.7968348098837782,0.0949705283356782,0.47675283979762,0.1222020427526516,0.4073333333333333,0.0176030300422019,1.0,0.0,49.9999999999993,0.0,6
manufacturing,temperature,static,4,factory/line1/sorting/machine4,0.8,5,0.7973521034711096,0.0950570519701178,0.4761363475514833,0.1231570100113233,0.4073333333333333,0.0176030300422019,1.0,0.0,49.9999999999993,0.0,6
manufacturing,temperature,static,4,factory/line1/sorting/machine8,0.8,5,0.7970983386235176,0.0948800691580764,0.4757217258674016,0.1198476641960015,0.4073333333333333,0.0176030300422019,1.0,0.0,49.9999999999993,0.0,6
manufacturing,temperature,static,4,factory/line1/warehouse/machine2,0.8,5,0.7968792520427218,0.0947120486153959,0.4761909975312568,0.1200493965594471,0.4073333333333333,0.0176030300422019,1.0,0.0,49.9999999999993,0.0,6
manufacturing,temperature,static,4,factory/line1/warehouse/machine6,0.8,5,0.7971920845910893,0.0950120040547634,0.473099965042655,0.1196095651317894,0.4073333333333333,0.0176030300422019,1.0,0.0,49.9999999999993,0.0,6
manufacturing,temperature,static,5,factory/line1/processing/machine1/temperature,0.8,5,0.7973035190884598,0.0946392852401186,0.4778289929566333,0.1188526270209663,0.4073333333333333,0.0176030300422019,1.0,0.0,49.9999999999993,0.0,6
manufacturing,temperature,static,5,factory/line1/processing/machine5/temperature,0.8,5,0.7972265522698173,0.0951141482956526,0.4749552868816341,0.123079533016536,0.4073333333333333,0.0176030300422019,1.0,0.0,49.9999999999993,0.0,6
manufacturing,temperature,static,5,factory/line1/processing/machine9/temperature,0.8,5,0.7973650035166497,0.0944113423491377,0.4760275013995969,0.1228838865071692,0.4073333333333333,0.0176030300422019,1.0,0.0,49.9999999999993,0.0,6
manufacturing,temperature,static,5,factory/line1/robotics/machine3/temperature,0.8,5,0.7973586040313236,0.0946232131384038,0.4745010808661724,0.1209796544925824,0.4073333333333333,0.0176030300422019,1.0,0.0,49.9999999999993,0.0,6
manufacturing,temperature,static,5,factory/line1/robotics/machine7/temperature,0.8,5,0.7971306282760158,0.09464694374478,0.4750154539461174,0.1232339057851567,0.4073333333333333,0.0176030300422019,1.0,0.0,49.9999999999993,0.0,6
manufacturing,temperature,static,5,factory/line1/sorting/machine0/temperature,0.8,5,0.7968348098837782,0.0949705283356782,0.47675283979762,0.1222020427526516,0.4073333333333333,0.0176030300422019,1.0,0.0,49.9999999999993,0.0,6
manufacturing,temperature,static,5,factory/line1/sorting/machine4/temperature,0.8,5,0.7973521034711096,0.0950570519701178,0.4761363475514833,0.1231570100113233,0.4073333333333333,0.0176030300422019,1.0,0.0,49.9999999999993,0.0,6
manufacturing,temperature,static,5,factory/line1/sorting/machine8/temperature,0.8,5,0.7970983386235176,0.0948800691580764,0.4757217258674016,0.1198476641960015,0.4073333333333333,0.0176030300422019,1.0,0.0,49.9999999999993,0.0,6
manufacturing,temperature,static,5,factory/line1/warehouse/machine2/temperature,0.8,5,0.7968792520427218,0.0947120486153959,0.4761909975312568,0.1200493965594471,0.4073333333333333,0.0176030300422019,1.0,0.0,49.9999999999993,0.0,6
manufacturing,temperature,static,5,factory/line1/warehouse/machine6/temperature,0.8,5,0.7971920845910893,0.0950120040547634,0.473099965042655,0.1196095651317894,0.4073333333333333,0.0176030300422019,1.0,0.0,49.9999999999993,0.0,6
manufacturing,vibration,static,1,factory,0.2,5,0.8049156572238224,0.0402461417176753,0.4757105560841295,0.1103561669553601,0.5978333333333333,0.0091086039910991,10.0,0.0,49.9999999999993,0.0,6
manufacturing,vibration,static,2,factory/line1,0.2,5,0.8049156572238224,0.0402461417176753,0.4757105560841295,0.1103561669553601,0.5978333333333333,0.0091086039910991,10.0,0.0,49.9999999999993,0.0,6
manufacturing,vibration,static,3,factory/line1/processing,0.2,5,0.8094129077230251,0.0949133184048132,0.4343262886674323,0.0925286461829923,0.4455,0.0125179870586288,3.0,0.0,49.9999999999993,0.0,6
manufacturing,vibration,static,3,factory/line1/robotics,0.2,5,0.7977449581872741,0.0797312085614798,0.528695954834042,0.1331368497770843,0.4276666666666666,0.0159582789381144,2.0,0.0,49.9999999999993,0.0,6
manufacturing,vibration,static,3,factory/line1/sorting,0.2,5,0.8095405421430129,0.095098618317704,0.4336612282424687,0.0929663186070747,0.4455,0.0125179870586288,3.0,0.0,49.9999999999993,0.0,6
manufacturing,vibration,static,3,factory/line1/warehouse,0.2,5,0.7974688094674227,0.0798143809274884,0.4781040527398154,0.2083334392293837,0.4276666666666666,0.0159582789381144,2.0,0.0,49.9999999999993,0.0,6
manufacturing,vibration,static,4,factory/line1/processing/machine1,0.2,5,0.7971065910048155,0.0945369689303564,0.4802678973577922,0.1242899625421578,0.4073333333333333,0.0176030300422019,1.0,0.0,49.9999999999993,0.0,6
manufacturing,vibration,static,4,factory/line1/processing/machine5,0.2,5,0.798516756379375,0.0946281711955954,0.4751329345989941,0.1210276685026405,0.4073333333333333,0.0176030300422019,1.0,0.0,49.9999999999993,0.0,6
manufacturing,vibration,static,4,factory/line1/processing/machine9,0.2,5,0.7969962519479151,0.0954546541608342,0.4777861649855927,0.1347908068221491,0.4073333333333333,0.0176030300422019,1.0,0.0,49.9999999999993,0.0,6
manufacturing,vibration,static,4,factory/line1/robotics/machine3,0.2,5,0.7972470341141503,0.0954626230959819,0.4679989916656919,0.1166199017983817,0.4073333333333333,0.0176030300422019,1.0,0.0,49.9999999999993,0.0,6
manufacturing,vibration,static,4,factory/line1/robotics/machine7,0.2,5,0.7972106839759991,0.0951753428661163,0.480936335993046,0.1275023027503356,0.4073333333333333,0.0176030300422019,1.0,0.0,49.9999999999993,0.0,6
manufacturing,vibration,static,4,factory/line1/sorting/machine0,0.2,5,0.7975916431944827,0.0943988748375812,0.478684493907398,0.1254209702680525,0.4073333333333333,0.0176030300422019,1.0,0.0,49.9999999999993,0.0,6
manufacturing,vibration,static,4,factory/line1/sorting/machine4,0.2,5,0.7974782803054032,0.0953988274915991,0.4807776774412708,0.1258926031069088,0.4073333333333333,0.0176030300422019,1.0,0.0,49.9999999999993,0.0,6
manufacturing,vibration,static,4,factory/line1/sorting/machine8,0.2,5,0.7970811417793211,0.0950862020616421,0.4776697187487155,0.1237898209425304,0.4073333333333333,0.0176030300422019,1.0,0.0,49.9999999999993,0.0,6
manufacturing,vibration,static,4,factory/line1/warehouse/machine2,0.2,5,0.7972791906071706,0.0947992132463607,0.486705958314672,0.1350238834131308,0.4073333333333333,0.0176030300422019,1.0,0.0,49.9999999999993,0.0,6
manufacturing,vibration,static,4,factory/line1/warehouse/machine6,0.2,5,0.7973131429882009,0.0952004497357663,0.4759544930012336,0.1225773122511231,0.4073333333333333,0.0176030300422019,1.0,0.0,49.9999999999993,0.0,6
manufacturing,vibration,static,5,factory/line1/processing/machine1/vibration,0.2,5,0.7971065910048155,0.0945369689303564,0.4802678973577922,0.1242899625421578,0.4073333333333333,0.0176030300422019,1.0,0.0,49.9999999999993,0.0,6
manufacturing,vibration,static,5,factory/line1/processing/machine5/vibration,0.2,5,0.798516756379375,0.0946281711955954,0.4751329345989941,0.1210276685026405,0.4073333333333333,0.0176030300422019,1.0,0.0,49.9999999999993,0.0,6
manufacturing,vibration,static,5,factory/line1/processing/machine9/vibration,0.2,5,0.7969962519479151,0.0954546541608342,0.4777861649855927,0.1347908068221491,0.4073333333333333,0.0176030300422019,1.0,0.0,49.9999999999993,0.0,6
manufacturing,vibration,static,5,factory/line1/robotics/machine3/vibration,0.2,5,0.7972470341141503,0.0954626230959819,0.4679989916656919,0.1166199017983817,0.4073333333333333,0.0176030300422019,1.0,0.0,49.9999999999993,0.0,6
manufacturing,vibration,static,5,factory/line1/robotics/machine7/vibration,0.2,5,0.7972106839759991,0.0951753428661163,0.480936335993046,0.1275023027503356,0.4073333333333333,0.0176030300422019,1.0,0.0,49.9999999999993,0.0,6
manufacturing,vibration,static,5,factory/line1/sorting/machine0/vibration,0.2,5,0.7975916431944827,0.0943988748375812,0.478684493907398,0.1254209702680525,0.4073333333333333,0.0176030300422019,1.0,0.0,49.9999999999993,0.0,6
manufacturing,vibration,static,5,factory/line1/sorting/machine4/vibration,0.2,5,0.7974782803054032,0.0953988274915991,0.4807776774412708,0.1258926031069088,0.4073333333333333,0.0176030300422019,1.0,0.0,49.9999999999993,0.0,6
manufacturing,vibration,static,5,factory/line1/sorting/machine8/vibration,0.2,5,0.7970811417793211,0.0950862020616421,0.4776697187487155,0.1237898209425304,0.4073333333333333,0.0176030300422019,1.0,0.0,49.9999999999993,0.0,6
manufacturing,vibration,static,5,factory/line1/warehouse/machine2/vibration,0.2,5,0.7972791906071706,0.0947992132463607,0.486705958314672,0.1350238834131308,0.4073333333333333,0.0176030300422019,1.0,0.0,49.9999999999993,0.0,6
manufacturing,vibration,static,5,factory/line1/warehouse/machine6/vibration,0.2,5,0.7973131429882009,0.0952004497357663,0.4759544930012336,0.1225773122511231,0.4073333333333333,0.0176030300422019,1.0,0.0,49.9999999999993,0.0,6
mobility,emission,static,1,mobility,1.0,5,0.8608711592291889,0.0943340525563775,0.3813183819169822,0.1125034935777281,0.4912070343725019,0.0081204956669546,5.08273381294964,0.0,41.69999999999977,0.0,6
mobility,emission,static,2,mobility/nyc,1.0,5,0.8608711592291889,0.0943340525563775,0.3813183819169822,0.1125034935777281,0.4912070343725019,0.0081204956669546,5.08273381294964,0.0,41.69999999999977,0.0,6
mobility,emission,static,3,mobility/nyc/NE,1.0,5,0.8557244451939261,0.1282457784595942,0.3951388136393392,0.1516619177334243,0.4169124877089479,0.0305372667714248,1.5663716814159292,0.0,33.90000000000021,0.0,6
mobility,emission,static,3,mobility/nyc/NW,1.0,5,0.8431343658046183,0.1180868893357454,0.3477729182947819,0.1338524865739138,0.4181159420289855,0.0237389357816159,1.5304347826086957,0.0,34.50000000000018,0.0,6
mobility,emission,static,3,mobility/nyc/SE,1.0,5,0.8455529615554083,0.1290678246801241,0.3674278613176137,0.1526783312587935,0.415807560137457,0.0284918599113672,1.5508100147275403,0.0,33.95000000000021,0.0,6
mobility,emission,static,3,mobility/nyc/SW,1.0,5,0.8266739735035524,0.0782100227366025,0.2775670299293619,0.1023625153265195,0.4166666666666667,0.0250142874847079,1.5389048991354466,0.0,34.700000000000166,0.0,6
mobility,emission,static,4,mobility/nyc/NE/cell_2_2,1.0,5,0.8141940416441628,0.1638881098768644,0.349526789380655,0.0735509456003461,0.3955938697318008,0.0326458366346985,0.7902298850574713,0.0,17.400000000000112,0.0,6
mobility,emission,static,4,mobility/nyc/NE/cell_2_3,1.0,5,0.8438103533853528,0.1710248460181911,0.2916166543202108,0.103917650054988,0.3963963963963964,0.0300900301498506,0.7747747747747747,0.0,16.6500000000001,0.0,6
mobility,emission,static,4,mobility/nyc/NE/cell_3_2,1.0,5,0.8088232583475058,0.1526903223837149,0.2734386592287683,0.1373009352865637,0.3949169110459433,0.0322669498115781,0.7712609970674486,0.0,17.050000000000107,0.0,6
mobility,emission,static,4,mobility/nyc/NE/cell_3_3,1.0,5,0.8062133675022384,0.1592227370339098,0.2923443479745306,0.0756289981156376,0.3948412698412698,0.030795542815382,0.7916666666666666,0.0,16.800000000000104,0.0,6
mobility,emission,static,4,mobility/nyc/NW/cell_2_0,1.0,5,0.8270605750012893,0.1695568531713225,0.3342920945338558,0.0814815960184285,0.3953953953953954,0.0295252876952004,0.7777777777777778,0.0,16.6500000000001,0.0,6
mobility,emission,static,4,mobility/nyc/NW/cell_2_1,1.0,5,0.7826823193820633,0.0883585278328968,0.3555658948447091,0.2123445878256846,0.3934506353861193,0.032200250333215,0.7829912023460409,0.0,17.050000000000107,0.0,6
mobility,emission,static,4,mobility/nyc/NW/cell_3_0,1.0,5,0.8006083283496118,0.1418687491054074,0.3618159416736966,0.1054862096828152,0.396370582617001,0.0310021061756154,0.7936962750716332,0.0,17.450000000000113,0.0,6
mobility,emission,static,4,mobility/nyc/NW/cell_3_1,1.0,5,0.8094845367665409,0.1080372257680097,0.4237048156694064,0.1441546482222994,0.3947105788423153,0.0304987799262483,0.7574850299401198,0.0,16.700000000000102,0.0,6
mobility,emission,static,4,mobility/nyc/SE/cell_0_2,1.0,5,0.807878751626104,0.1647287741634388,0.4772457077248995,0.1871208068513366,0.3925818882466281,0.0318400406343889,0.7890173410404624,0.0,17.30000000000011,0.0,6
mobility,emission,static,4,mobility/nyc/SE/cell_0_3,1.0,5,0.8362659116190847,0.1699840685487788,0.3034343761865306,0.0915311941907653,0.3931888544891641,0.0239012496168653,0.7739938080495357,0.0,16.150000000000095,0.0,6
mobility,emission,static,4,mobility/nyc/SE/cell_1_2,1.0,5,0.7931989200762527,0.1068842785998997,0.3685258036043866,0.2086193667961502,0.3963293650793651,0.0310105146993705,0.7529761904761904,0.0,16.800000000000104,0.0,6
mobility,emission,static,4,mobility/nyc/SE/cell_1_3,1.0,5,0.8233466707763245,0.1538893763050971,0.3238592748389727,0.1399219858017411,0.3958930276981853,0.0305620224086448,0.7936962750716332,0.0,17.450000000000113,0.0,6
mobility,emission,static,4,mobility/nyc/SW/cell_0_0,1.0,5,0.8284380956550802,0.1559194710018309,0.3156888408833865,0.1208444599728607,0.3964102564102564,0.0294753599499897,0.7753846153846154,0.0,16.250000000000096,0.0,6
mobility,emission,static,4,mobility/nyc/SW/cell_0_1,1.0,5,0.8211072809688903,0.1596363803670495,0.2998159146966634,0.080111357309198,0.3944603629417383,0.0318382680420258,0.7994269340974212,0.0,17.450000000000113,0.0,6
mobility,emission,static,4,mobility/nyc/SW/cell_1_0,1.0,5,0.8162310357668625,0.1740689438908446,0.3732819455450543,0.1955802060360816,0.3929263565891472,0.0312775928298898,0.7761627906976744,0.0,17.20000000000011,0.0,6
mobility,emission,static,4,mobility/nyc/SW/cell_1_1,1.0,5,0.8257087456774111,0.1446549017277992,0.3103268012348951,0.1139671136688911,0.3943323727185399,0.0329800198161042,0.7780979827089337,0.0,17.35000000000011,0.0,6
mobility,emission,static,5,mobility/nyc/NE/cell_2_2/emission,1.0,5,0.8141940416441628,0.1638881098768644,0.349526789380655,0.0735509456003461,0.3955938697318008,0.0326458366346985,0.7902298850574713,0.0,17.400000000000112,0.0,6
mobility,emission,static,5,mobility/nyc/NE/cell_2_3/emission,1.0,5,0.8438103533853528,0.1710248460181911,0.2916166543202108,0.103917650054988,0.3963963963963964,0.0300900301498506,0.7747747747747747,0.0,16.6500000000001,0.0,6
mobility,emission,static,5,mobility/nyc/NE/cell_3_2/emission,1.0,5,0.8088232583475058,0.1526903223837149,0.2734386592287683,0.1373009352865637,0.3949169110459433,0.0322669498115781,0.7712609970674486,0.0,17.050000000000107,0.0,6
mobility,emission,static,5,mobility/nyc/NE/cell_3_3/emission,1.0,5,0.8062133675022384,0.1592227370339098,0.2923443479745306,0.0756289981156376,0.3948412698412698,0.030795542815382,0.7916666666666666,0.0,16.800000000000104,0.0,6
mobility,emission,static,5,mobility/nyc/NW/cell_2_0/emission,1.0,5,0.8270605750012893,0.1695568531713225,0.3342920945338558,0.0814815960184285,0.3953953953953954,0.0295252876952004,0.7777777777777778,0.0,16.6500000000001,0.0,6
mobility,emission,static,5,mobility/nyc/NW/cell_2_1/emission,1.0,5,0.7826823193820633,0.0883585278328968,0.3555658948447091,0.2123445878256846,0.3934506353861193,0.032200250333215,0.7829912023460409,0.0,17.050000000000107,0.0,6
mobility,emission,static,5,mobility/nyc/NW/cell_3_0/emission,1.0,5,0.8006083283496118,0.1418687491054074,0.3618159416736966,0.1054862096828152,0.396370582617001,0.0310021061756154,0.7936962750716332,0.0,17.450000000000113,0.0,6
mobility,emission,static,5,mobility/nyc/NW/cell_3_1/emission,1.0,5,0.8094845367665409,0.1080372257680097,0.4237048156694064,0.1441546482222994,0.3947105788423153,0.0304987799262483,0.7574850299401198,0.0,16.700000000000102,0.0,6
mobility,emission,static,5,mobility/nyc/SE/cell_0_2/emission,1.0,5,0.807878751626104,0.1647287741634388,0.4772457077248995,0.1871208068513366,0.3925818882466281,0.0318400406343889,0.7890173410404624,0.0,17.30000000000011,0.0,6
mobility,emission,static,5,mobility/nyc/SE/cell_0_3/emission,1.0,5,0.8362659116190847,0.1699840685487788,0.3034343761865306,0.0915311941907653,0.3931888544891641,0.0239012496168653,0.7739938080495357,0.0,16.150000000000095,0.0,6
mobility,emission,static,5,mobility/nyc/SE/cell_1_2/emission,1.0,5,0.7931989200762527,0.1068842785998997,0.3685258036043866,0.2086193667961502,0.3963293650793651,0.0310105146993705,0.7529761904761904,0.0,16.800000000000104,0.0,6
mobility,emission,static,5,mobility/nyc/SE/cell_1_3/emission,1.0,5,0.8233466707763245,0.1538893763050971,0.3238592748389727,0.1399219858017411,0.3958930276981853,0.0305620224086448,0.7936962750716332,0.0,17.450000000000113,0.0,6
mobility,emission,static,5,mobility/nyc/SW/cell_0_0/emission,1.0,5,0.8284380956550802,0.1559194710018309,0.3156888408833865,0.1208444599728607,0.3964102564102564,0.0294753599499897,0.7753846153846154,0.0,16.250000000000096,0.0,6
mobility,emission,static,5,mobility/nyc/SW/cell_0_1/emission,1.0,5,0.8211072809688903,0.1596363803670495,0.2998159146966634,0.080111357309198,0.3944603629417383,0.0318382680420258,0.7994269340974212,0.0,17.450000000000113,0.0,6
mobility,emission,static,5,mobility/nyc/SW/cell_1_0/emission,1.0,5,0.8162310357668625,0.1740689438908446,0.3732819455450543,0.1955802060360816,0.3929263565891472,0.0312775928298898,0.7761627906976744,0.0,17.20000000000011,0.0,6
mobility,emission,static,5,mobility/nyc/SW/cell_1_1/emission,1.0,5,0.8257087456774111,0.1446549017277992,0.3103268012348951,0.1139671136688911,0.3943323727185399,0.0329800198161042,0.7780979827089337,0.0,17.35000000000011,0.0,6
mobility,road_occupancy,static,1,mobility,0.25,5,0.8660120922243794,0.0928767838200791,0.3685756640706185,0.0984642357339096,0.4912070343725019,0.0081204956669546,5.08273381294964,0.0,41.69999999999977,0.0,6
mobility,road_occupancy,static,2,mobility/nyc,0.25,5,0.8660120922243794,0.0928767838200791,0.3685756640706185,0.0984642357339096,0.4912070343725019,0.0081204956669546,5.08273381294964,0.0,41.69999999999977,0.0,6
mobility,road_occupancy,static,3,mobility/nyc/NE,0.25,5,0.8757309098527587,0.1377858526766152,0.2573891442935787,0.1087027137852825,0.4169124877089479,0.0305372667714248,1.5663716814159292,0.0,33.90000000000021,0.0,6
mobility,road_occupancy,static,3,mobility/nyc/NW,0.25,5,0.8677760270394517,0.1204198571239055,0.3251804842378261,0.1214282137032342,0.4181159420289855,0.0237389357816159,1.5304347826086957,0.0,34.50000000000018,0.0,6
mobility,road_occupancy,static,3,mobility/nyc/SE,0.25,5,0.8632759994640784,0.1295764657149924,0.2753693025443706,0.0650935966027559,0.415807560137457,0.0284918599113672,1.5508100147275403,0.0,33.95000000000021,0.0,6
mobility,road_occupancy,static,3,mobility/nyc/SW,0.25,5,0.8467091075316362,0.0752531666738872,0.2687082411462349,0.0898747898701737,0.4166666666666667,0.0250142874847079,1.5389048991354466,0.0,34.700000000000166,0.0,6
mobility,road_occupancy,static,4,mobility/nyc/NE/cell_2_2,0.25,5,0.8660612885050213,0.1603316218346936,0.335449705724425,0.0792404081503695,0.3955938697318008,0.0326458366346985,0.7902298850574713,0.0,17.400000000000112,0.0,6
mobility,road_occupancy,static,4,mobility/nyc/NE/cell_2_3,0.25,5,0.8824452583796657,0.1622908140645471,0.309904312051132,0.0979161623339709,0.3963963963963964,0.0300900301498506,0.7747747747747747,0.0,16.6500000000001,0.0,6
mobility,road_occupancy,static,4,mobility/nyc/NE/cell_3_2,0.25,5,0.8646513408152217,0.1631301769874612,0.331257585494693,0.1668382953041045,0.3949169110459433,0.0322669498115781,0.7712609970674486,0.0,17.050000000000107,0.0,6
mobility,road_occupancy,static,4,mobility/nyc/NE/cell_3_3,0.25,5,0.8646102871314554,0.1544442338791123,0.2640201895966996,0.1257132626476897,0.3948412698412698,0.030795542815382,0.7916666666666666,0.0,16.800000000000104,0.0,6
mobility,road_occupancy,static,4,mobility/nyc/NW/cell_2_0,0.25,5,0.8646511608902637,0.1702640298749277,0.3462686581914236,0.0736328908032682,0.3953953953953954,0.0295252876952004,0.7777777777777778,0.0,16.6500000000001,0.0,6
mobility,road_occupancy,static,4,mobility/nyc/NW/cell_2_1,0.25,5,0.8172268001842841,0.0956813270874587,0.3742559167098763,0.1847379203756028,0.3934506353861193,0.032200250333215,0.7829912023460409,0.0,17.050000000000107,0.0,6
mobility,road_occupancy,static,4,mobility/nyc/NW/cell_3_0,0.25,5,0.8494808094923361,0.149569100663197,0.3552271801998068,0.1287692291810967,0.396370582617001,0.0310021061756154,0.7936962750716332,0.0,17.450000000000113,0.0,6
mobility,road_occupancy,static,4,mobility/nyc/NW/cell_3_1,0.25,5,0.829831222077687,0.1211675088807026,0.386424093520108,0.2208609969406967,0.3947105788423153,0.0304987799262483,0.7574850299401198,0.0,16.700000000000102,0.0,6
mobility,road_occupancy,static,4,mobility/nyc/SE/cell_0_2,0.25,5,0.8452870474168098,0.1770553082026343,0.3493121633244468,0.1009241626352342,0.3925818882466281,0.0318400406343889,0.7890173410404624,0.0,17.30000000000011,0.0,6
mobility,road_occupancy,static,4,mobility/nyc/SE/cell_0_3,0.25,5,0.8732938975810556,0.153235390243117,0.3116272803626652,0.1353087835392115,0.3931888544891641,0.0239012496168653,0.7739938080495357,0.0,16.150000000000095,0.0,6
mobility,road_occupancy,static,4,mobility/nyc/SE/cell_1_2,0.25,5,0.8390271731124942,0.0972965544318557,0.3144233346833857,0.1535637771771856,0.3963293650793651,0.0310105146993705,0.7529761904761904,0.0,16.800000000000104,0.0,6
mobility,road_occupancy,static,4,mobility/nyc/SE/cell_1_3,0.25,5,0.8628345871476464,0.1507123637937371,0.2708905047339309,0.1323422431241561,0.3958930276981853,0.0305620224086448,0.7936962750716332,0.0,17.450000000000113,0.0,6
mobility,road_occupancy,static,4,mobility/nyc/SW/cell_0_0,0.25,5,0.856311043766543,0.1665946852717997,0.3403681856956124,0.1023794711304685,0.3964102564102564,0.0294753599499897,0.7753846153846154,0.0,16.250000000000096,0.0,6
mobility,road_occupancy,static,4,mobility/nyc/SW/cell_0_1,0.25,5,0.85125214735997,0.1626381667539255,0.2715619946017573,0.1202593886719728,0.3944603629417383,0.0318382680420258,0.7994269340974212,0.0,17.450000000000113,0.0,6
mobility,road_occupancy,static,4,mobility/nyc/SW/cell_1_0,0.25,5,0.8674782595368046,0.1954560051424478,0.3500448773619953,0.2044750555014167,0.3929263565891472,0.0312775928298898,0.7761627906976744,0.0,17.20000000000011,0.0,6
mobility,road_occupancy,static,4,mobility/nyc/SW/cell_1_1,0.25,5,0.8659645703689564,0.1469600465142468,0.333640914177204,0.1590791116405324,0.3943323727185399,0.0329800198161042,0.7780979827089337,0.0,17.35000000000011,0.0,6
mobility,road_occupancy,static,5,mobility/nyc/NE/cell_2_2/road_occupancy,0.25,5,0.8660612885050213,0.1603316218346936,0.335449705724425,0.0792404081503695,0.3955938697318008,0.0326458366346985,0.7902298850574713,0.0,17.400000000000112,0.0,6
mobility,road_occupancy,static,5,mobility/nyc/NE/cell_2_3/road_occupancy,0.25,5,0.8824452583796657,0.1622908140645471,0.309904312051132,0.0979161623339709,0.3963963963963964,0.0300900301498506,0.7747747747747747,0.0,16.6500000000001,0.0,6
mobility,road_occupancy,static,5,mobility/nyc/NE/cell_3_2/road_occupancy,0.25,5,0.8646513408152217,0.1631301769874612,0.331257585494693,0.1668382953041045,0.3949169110459433,0.0322669498115781,0.7712609970674486,0.0,17.050000000000107,0.0,6
mobility,road_occupancy,static,5,mobility/nyc/NE/cell_3_3/road_occupancy,0.25,5,0.8646102871314554,0.1544442338791123,0.2640201895966996,0.1257132626476897,0.3948412698412698,0.030795542815382,0.7916666666666666,0.0,16.800000000000104,0.0,6
mobility,road_occupancy,static,5,mobility/nyc/NW/cell_2_0/road_occupancy,0.25,5,0.8646511608902637,0.1702640298749277,0.3462686581914236,0.0736328908032682,0.3953953953953954,0.0295252876952004,0.7777777777777778,0.0,16.6500000000001,0.0,6
mobility,road_occupancy,static,5,mobility/nyc/NW/cell_2_1/road_occupancy,0.25,5,0.8172268001842841,0.0956813270874587,0.3742559167098763,0.1847379203756028,0.3934506353861193,0.032200250333215,0.7829912023460409,0.0,17.050000000000107,0.0,6
mobility,road_occupancy,static,5,mobility/nyc/NW/cell_3_0/road_occupancy,0.25,5,0.8494808094923361,0.149569100663197,0.3552271801998068,0.1287692291810967,0.396370582617001,0.0310021061756154,0.7936962750716332,0.0,17.450000000000113,0.0,6
mobility,road_occupancy,static,5,mobility/nyc/NW/cell_3_1/road_occupancy,0.25,5,0.829831222077687,0.1211675088807026,0.386424093520108,0.2208609969406967,0.3947105788423153,0.0304987799262483,0.7574850299401198,0.0,16.700000000000102,0.0,6
mobility,road_occupancy,static,5,mobility/nyc/SE/cell_0_2/road_occupancy,0.25,5,0.8452870474168098,0.1770553082026343,0.3493121633244468,0.1009241626352342,0.3925818882466281,0.0318400406343889,0.7890173410404624,0.0,17.30000000000011,0.0,6
mobility,road_occupancy,static,5,mobility/nyc/SE/cell_0_3/road_occupancy,0.25,5,0.8732938975810556,0.153235390243117,0.3116272803626652,0.1353087835392115,0.3931888544891641,0.0239012496168653,0.7739938080495357,0.0,16.150000000000095,0.0,6
mobility,road_occupancy,static,5,mobility/nyc/SE/cell_1_2/road_occupancy,0.25,5,0.8390271731124942,0.0972965544318557,0.3144233346833857,0.1535637771771856,0.3963293650793651,0.0310105146993705,0.7529761904761904,0.0,16.800000000000104,0.0,6
mobility,road_occupancy,static,5,mobility/nyc/SE/cell_1_3/road_occupancy,0.25,5,0.8628345871476464,0.1507123637937371,0.2708905047339309,0.1323422431241561,0.3958930276981853,0.0305620224086448,0.7936962750716332,0.0,17.450000000000113,0.0,6
mobility,road_occupancy,static,5,mobility/nyc/SW/cell_0_0/road_occupancy,0.25,5,0.856311043766543,0.1665946852717997,0.3403681856956124,0.1023794711304685,0.3964102564102564,0.0294753599499897,0.7753846153846154,0.0,16.250000000000096,0.0,6
mobility,road_occupancy,static,5,mobility/nyc/SW/cell_0_1/road_occupancy,0.25,5,0.85125214735997,0.1626381667539255,0.2715619946017573,0.1202593886719728,0.3944603629417383,0.0318382680420258,0.7994269340974212,0.0,17.450000000000113,0.0,6
mobility,road_occupancy,static,5,mobility/nyc/SW/cell_1_0/road_occupancy,0.25,5,0.8674782595368046,0.1954560051424478,0.3500448773619953,0.2044750555014167,0.3929263565891472,0.0312775928298898,0.7761627906976744,0.0,17.20000000000011,0.0,6
mobility,road_occupancy,static,5,mobility/nyc/SW/cell_1_1/road_occupancy,0.25,5,0.8659645703689564,0.1469600465142468,0.333640914177204,0.1590791116405324,0.3943323727185399,0.0329800198161042,0.7780979827089337,0.0,17.35000000000011,0.0,6
mobility,traffic_speed,static,1,mobility,0.5,5,0.8617523330626771,0.0957160141194151,0.3811672002690396,0.124514886414063,0.4912070343725019,0.0081204956669546,5.08273381294964,0.0,41.69999999999977,0.0,6
mobility,traffic_speed,static,2,mobility/nyc,0.5,5,0.8617523330626771,0.0957160141194151,0.3811672002690396,0.124514886414063,0.4912070343725019,0.0081204956669546,5.08273381294964,0.0,41.69999999999977,0.0,6
mobility,traffic_speed,static,3,mobility/nyc/NE,0.5,5,0.8619882118543809,0.1292542523104528,0.3664361590562326,0.0635770362444479,0.4169124877089479,0.0305372667714248,1.5663716814159292,0.0,33.90000000000021,0.0,6
mobility,traffic_speed,static,3,mobility/nyc/NW,0.5,5,0.8474564830837336,0.120308548043301,0.2965207205645118,0.0685573319861018,0.4181159420289855,0.0237389357816159,1.5304347826086957,0.0,34.50000000000018,0.0,6
mobility,traffic_speed,static,3,mobility/nyc/SE,0.5,5,0.8444428998163055,0.1322757487664492,0.3237520838082854,0.1493676504050684,0.415807560137457,0.0284918599113672,1.5508100147275403,0.0,33.95000000000021,0.0,6
mobility,traffic_speed,static,3,mobility/nyc/SW,0.5,5,0.8262088610987767,0.0768238572231286,0.3724134926595908,0.1549603128998408,0.4166666666666667,0.0250142874847079,1.5389048991354466,0.0,34.700000000000166,0.0,6
mobility,traffic_speed,static,4,mobility/nyc/NE/cell_2_2,0.5,5,0.8195712602230975,0.1681846328331688,0.2767874162478128,0.0844229586272964,0.3955938697318008,0.0326458366346985,0.7902298850574713,0.0,17.400000000000112,0.0,6
mobility,traffic_speed,static,4,mobility/nyc/NE/cell_2_3,0.5,5,0.8542633814699983,0.162584518033986,0.3526795204536834,0.1923526710808558,0.3963963963963964,0.0300900301498506,0.7747747747747747,0.0,16.6500000000001,0.0,6
mobility,traffic_speed,static,4,mobility/nyc/NE/cell_3_2,0.5,5,0.825835960400287,0.163861975907198,0.3118102376947409,0.2589651960597232,0.3949169110459433,0.0322669498115781,0.7712609970674486,0.0,17.050000000000107,0.0,6
mobility,traffic_speed,static,4,mobility/nyc/NE/cell_3_3,0.5,5,0.8147032871993848,0.1511841533006717,0.3268532733108433,0.2625232862111482,0.3948412698412698,0.030795542815382,0.7916666666666666,0.0,16.800000000000104,0.0,6
mobility,traffic_speed,static,4,mobility/nyc/NW/cell_2_0,0.5,5,0.8373602195022176,0.1686516474680559,0.397990358016119,0.1735666619862872,0.3953953953953954,0.0295252876952004,0.7777777777777778,0.0,16.6500000000001,0.0,6
mobility,traffic_speed,static,4,mobility/nyc/NW/cell_2_1,0.5,5,0.790125015073079,0.0890238588411941,0.3680725892388239,0.1756839709227656,0.3934506353861193,0.032200250333215,0.7829912023460409,0.0,17.050000000000107,0.0,6
mobility,traffic_speed,static,4,mobility/nyc/NW/cell_3_0,0.5,5,0.8171184525635571,0.1614442320876552,0.3242850011662458,0.1314656491001449,0.396370582617001,0.0310021061756154,0.7936962750716332,0.0,17.450000000000113,0.0,6
mobility,traffic_speed,static,4,mobility/nyc/NW/cell_3_1,0.5,5,0.8035539821760945,0.1167871990913811,0.3697595134674241,0.1231654456708623,0.3947105788423153,0.0304987799262483,0.7574850299401198,0.0,16.700000000000102,0.0,6
mobility,traffic_speed,static,4,mobility/nyc/SE/cell_0_2,0.5,5,0.8092377140563162,0.1699373255427716,0.4418129175894771,0.1933832915168666,0.3925818882466281,0.0318400406343889,0.7890173410404624,0.0,17.30000000000011,0.0,6
mobility,traffic_speed,static,4,mobility/nyc/SE/cell_0_3,0.5,5,0.8279538860034008,0.1532747472982667,0.3721074426716408,0.1751513441487123,0.3931888544891641,0.0239012496168653,0.7739938080495357,0.0,16.150000000000095,0.0,6
mobility,traffic_speed,static,4,mobility/nyc/SE/cell_1_2,0.5,5,0.8029824445031912,0.0999848268235628,0.310943087308916,0.1460238205574952,0.3963293650793651,0.0310105146993705,0.7529761904761904,0.0,16.800000000000104,0.0,6
mobility,traffic_speed,static,4,mobility/nyc/SE/cell_1_3,0.5,5,0.8234415428123936,0.1531384569101168,0.3315439585956803,0.2509318317877851,0.3958930276981853,0.0305620224086448,0.7936962750716332,0.0,17.450000000000113,0.0,6
mobility,traffic_speed,static,4,mobility/nyc/SW/cell_0_0,0.5,5,0.824115724415048,0.1519336689701891,0.3461568936283899,0.1033722084163243,0.3964102564102564,0.0294753599499897,0.7753846153846154,0.0,16.250000000000096,0.0,6
mobility,traffic_speed,static,4,mobility/nyc/SW/cell_0_1,0.5,5,0.8264531998895613,0.1687889047485754,0.2947920184828285,0.1834085647693508,0.3944603629417383,0.0318382680420258,0.7994269340974212,0.0,17.450000000000113,0.0,6
mobility,traffic_speed,static,4,mobility/nyc/SW/cell_1_0,0.5,5,0.8306484190111424,0.1854653318120394,0.3334325193240473,0.098863278613068,0.3929263565891472,0.0312775928298898,0.7761627906976744,0.0,17.20000000000011,0.0,6
mobility,traffic_speed,static,4,mobility/nyc/SW/cell_1_1,0.5,5,0.8239028997550671,0.1340446995079691,0.3268064757939911,0.1244043064888068,0.3943323727185399,0.0329800198161042,0.7780979827089337,0.0,17.35000000000011,0.0,6
mobility,traffic_speed,static,5,mobility/nyc/NE/cell_2_2/traffic_speed,0.5,5,0.8195712602230975,0.1681846328331688,0.2767874162478128,0.0844229586272964,0.3955938697318008,0.0326458366346985,0.7902298850574713,0.0,17.400000000000112,0.0,6
mobility,traffic_speed,static,5,mobility/nyc/NE/cell_2_3/traffic_speed,0.5,5,0.8542633814699983,0.162584518033986,0.3526795204536834,0.1923526710808558,0.3963963963963964,0.0300900301498506,0.7747747747747747,0.0,16.6500000000001,0.0,6
mobility,traffic_speed,static,5,mobility/nyc/NE/cell_3_2/traffic_speed,0.5,5,0.825835960400287,0.163861975907198,0.3118102376947409,0.2589651960597232,0.3949169110459433,0.0322669498115781,0.7712609970674486,0.0,17.050000000000107,0.0,6
mobility,traffic_speed,static,5,mobility/nyc/NE/cell_3_3/traffic_speed,0.5,5,0.8147032871993848,0.1511841533006717,0.3268532733108433,0.2625232862111482,0.3948412698412698,0.030795542815382,0.7916666666666666,0.0,16.800000000000104,0.0,6
mobility,traffic_speed,static,5,mobility/nyc/NW/cell_2_0/traffic_speed,0.5,5,0.8373602195022176,0.1686516474680559,0.397990358016119,0.1735666619862872,0.3953953953953954,0.0295252876952004,0.7777777777777778,0.0,16.6500000000001,0.0,6
mobility,traffic_speed,static,5,mobility/nyc/NW/cell_2_1/traffic_speed,0.5,5,0.790125015073079,0.0890238588411941,0.3680725892388239,0.1756839709227656,0.3934506353861193,0.032200250333215,0.7829912023460409,0.0,17.050000000000107,0.0,6
mobility,traffic_speed,static,5,mobility/nyc/NW/cell_3_0/traffic_speed,0.5,5,0.8171184525635571,0.1614442320876552,0.3242850011662458,0.1314656491001449,0.396370582617001,0.0310021061756154,0.7936962750716332,0.0,17.450000000000113,0.0,6
mobility,traffic_speed,static,5,mobility/nyc/NW/cell_3_1/traffic_speed,0.5,5,0.8035539821760945,0.1167871990913811,0.3697595134674241,0.1231654456708623,0.3947105788423153,0.0304987799262483,0.7574850299401198,0.0,16.700000000000102,0.0,6
mobility,traffic_speed,static,5,mobility/nyc/SE/cell_0_2/traffic_speed,0.5,5,0.8092377140563162,0.1699373255427716,0.4418129175894771,0.1933832915168666,0.3925818882466281,0.0318400406343889,0.7890173410404624,0.0,17.30000000000011,0.0,6
mobility,traffic_speed,static,5,mobility/nyc/SE/cell_0_3/traffic_speed,0.5,5,0.8279538860034008,0.1532747472982667,0.3721074426716408,0.1751513441487123,0.3931888544891641,0.0239012496168653,0.7739938080495357,0.0,16.150000000000095,0.0,6
mobility,traffic_speed,static,5,mobility/nyc/SE/cell_1_2/traffic_speed,0.5,5,0.8029824445031912,0.0999848268235628,0.310943087308916,0.1460238205574952,0.3963293650793651,0.0310105146993705,0.7529761904761904,0.0,16.800000000000104,0.0,6
mobility,traffic_speed,static,5,mobility/nyc/SE/cell_1_3/traffic_speed,0.5,5,0.8234415428123936,0.1531384569101168,0.3315439585956803,0.2509318317877851,0.3958930276981853,0.0305620224086448,0.7936962750716332,0.0,17.450000000000113,0.0,6
mobility,traffic_speed,static,5,mobility/nyc/SW/cell_0_0/traffic_speed,0.5,5,0.824115724415048,0.1519336689701891,0.3461568936283899,0.1033722084163243,0.3964102564102564,0.0294753599499897,0.7753846153846154,0.0,16.250000000000096,0.0,6
mobility,traffic_speed,static,5,mobility/nyc/SW/cell_0_1/traffic_speed,0.5,5,0.8264531998895613,0.1687889047485754,0.2947920184828285,0.1834085647693508,0.3944603629417383,0.0318382680420258,0.7994269340974212,0.0,17.450000000000113,0.0,6
mobility,traffic_speed,static,5,mobility/nyc/SW/cell_1_0/traffic_speed,0.5,5,0.8306484190111424,0.1854653318120394,0.3334325193240473,0.098863278613068,0.3929263565891472,0.0312775928298898,0.7761627906976744,0.0,17.20000000000011,0.0,6
mobility,traffic_speed,static,5,mobility/nyc/SW/cell_1_1/traffic_speed,0.5,5,0.8239028997550671,0.1340446995079691,0.3268064757939911,0.1244043064888068,0.3943323727185399,0.0329800198161042,0.7780979827089337,0.0,17.35000000000011,0.0,6
mobility,vehicle_count,static,1,mobility,0.75,5,0.8606515205798729,0.0940337902209635,0.3711892345162947,0.1339505924279121,0.4912070343725019,0.0081204956669546,5.08273381294964,0.0,41.69999999999977,0.0,6
mobility,vehicle_count,static,2,mobility/nyc,0.75,5,0.8606515205798729,0.0940337902209635,0.3711892345162947,0.1339505924279121,0.4912070343725019,0.0081204956669546,5.08273381294964,0.0,41.69999999999977,0.0,6
mobility,vehicle_count,static,3,mobility/nyc/NE,0.75,5,0.8607213911289833,0.1359347903959587,0.4389967208097944,0.1273427365181529,0.4169124877089479,0.0305372667714248,1.5663716814159292,0.0,33.90000000000021,0.0,6
mobility,vehicle_count,static,3,mobility/nyc/NW,0.75,5,0.8414867322090481,0.1159996978503754,0.3399693612343223,0.0587630496389541,0.4181159420289855,0.0237389357816159,1.5304347826086957,0.0,34.50000000000018,0.0,6
mobility,vehicle_count,static,3,mobility/nyc/SE,0.75,5,0.8461423568015438,0.129399986191423,0.3895796967584821,0.1270704104454753,0.415807560137457,0.0284918599113672,1.5508100147275403,0.0,33.95000000000021,0.0,6
mobility,vehicle_count,static,3,mobility/nyc/SW,0.75,5,0.8281919333593164,0.0775217269198526,0.320881493996083,0.1375723267823089,0.4166666666666667,0.0250142874847079,1.5389048991354466,0.0,34.700000000000166,0.0,6
mobility,vehicle_count,static,4,mobility/nyc/NE/cell_2_2,0.75,5,0.8174779126590347,0.1495419956891185,0.410424818807277,0.1898400045401856,0.3955938697318008,0.0326458366346985,0.7902298850574713,0.0,17.400000000000112,0.0,6
mobility,vehicle_count,static,4,mobility/nyc/NE/cell_2_3,0.75,5,0.8416155143118487,0.1549347924296232,0.3229860659203315,0.1575702595130428,0.3963963963963964,0.0300900301498506,0.7747747747747747,0.0,16.6500000000001,0.0,6
mobility,vehicle_count,static,4,mobility/nyc/NE/cell_3_2,0.75,5,0.8140517838824614,0.1642894311998829,0.3206495161124742,0.1987469508184083,0.3949169110459433,0.0322669498115781,0.7712609970674486,0.0,17.050000000000107,0.0,6
mobility,vehicle_count,static,4,mobility/nyc/NE/cell_3_3,0.75,5,0.8118702761067129,0.1555539616420677,0.2483355192091254,0.1026239757160535,0.3948412698412698,0.030795542815382,0.7916666666666666,0.0,16.800000000000104,0.0,6
mobility,vehicle_count,static,4,mobility/nyc/NW/cell_2_0,0.75,5,0.8245188459126501,0.16914967089502,0.3685417356203802,0.1877319730479775,0.3953953953953954,0.0295252876952004,0.7777777777777778,0.0,16.6500000000001,0.0,6
mobility,vehicle_count,static,4,mobility/nyc/NW/cell_2_1,0.75,5,0.7809613118787574,0.0911045826360995,0.4388767293339855,0.1856264548558233,0.3934506353861193,0.032200250333215,0.7829912023460409,0.0,17.050000000000107,0.0,6
mobility,vehicle_count,static,4,mobility/nyc/NW/cell_3_0,0.75,5,0.8060111237505163,0.143604617839226,0.3958106470521258,0.1284108539000611,0.396370582617001,0.0310021061756154,0.7936962750716332,0.0,17.450000000000113,0.0,6
mobility,vehicle_count,static,4,mobility/nyc/NW/cell_3_1,0.75,5,0.7916049265600411,0.1199373094961142,0.4006889459573073,0.2296640417238871,0.3947105788423153,0.0304987799262483,0.7574850299401198,0.0,16.700000000000102,0.0,6
mobility,vehicle_count,static,4,mobility/nyc/SE/cell_0_2,0.75,5,0.8055804428269746,0.1735457338141086,0.3729858246799071,0.1166328696193979,0.3925818882466281,0.0318400406343889,0.7890173410404624,0.0,17.30000000000011,0.0,6
mobility,vehicle_count,static,4,mobility/nyc/SE/cell_0_3,0.75,5,0.822925024486444,0.1594059516823625,0.38434318077126,0.1517514522546728,0.3931888544891641,0.0239012496168653,0.7739938080495357,0.0,16.150000000000095,0.0,6
mobility,vehicle_count,static,4,mobility/nyc/SE/cell_1_2,0.75,5,0.7976697467999275,0.0967250426271742,0.3257761583210841,0.1841464408573132,0.3963293650793651,0.0310105146993705,0.7529761904761904,0.0,16.800000000000104,0.0,6
mobility,vehicle_count,static,4,mobility/nyc/SE/cell_1_3,0.75,5,0.8198210439645338,0.1624822920680074,0.3464478256336604,0.1484857240807892,0.3958930276981853,0.0305620224086448,0.7936962750716332,0.0,17.450000000000113,0.0,6
mobility,vehicle_count,static,4,mobility/nyc/SW/cell_0_0,0.75,5,0.8215702270012616,0.1638965296162878,0.395752827139777,0.1623566687965634,0.3964102564102564,0.0294753599499897,0.7753846153846154,0.0,16.250000000000096,0.0,6
mobility,vehicle_count,static,4,mobility/nyc/SW/cell_0_1,0.75,5,0.8172636733470419,0.1744812144294209,0.2537211415619937,0.1111351973101652,0.3944603629417383,0.0318382680420258,0.7994269340974212,0.0,17.450000000000113,0.0,6
mobility,vehicle_count,static,4,mobility/nyc/SW/cell_1_0,0.75,5,0.8235891447616668,0.1791098962063792,0.3490087915363136,0.134669738580789,0.3929263565891472,0.0312775928298898,0.7761627906976744,0.0,17.20000000000011,0.0,6
mobility,vehicle_count,static,4,mobility/nyc/SW/cell_1_1,0.75,5,0.8212828137728575,0.1249684391511477,0.3072737562823442,0.1292341408552152,0.3943323727185399,0.0329800198161042,0.7780979827089337,0.0,17.35000000000011,0.0,6
mobility,vehicle_count,static,5,mobility/nyc/NE/cell_2_2/vehicle_count,0.75,5,0.8174779126590347,0.1495419956891185,0.410424818807277,0.1898400045401856,0.3955938697318008,0.0326458366346985,0.7902298850574713,0.0,17.400000000000112,0.0,6
mobility,vehicle_count,static,5,mobility/nyc/NE/cell_2_3/vehicle_count,0.75,5,0.8416155143118487,0.1549347924296232,0.3229860659203315,0.1575702595130428,0.3963963963963964,0.0300900301498506,0.7747747747747747,0.0,16.6500000000001,0.0,6
mobility,vehicle_count,static,5,mobility/nyc/NE/cell_3_2/vehicle_count,0.75,5,0.8140517838824614,0.1642894311998829,0.3206495161124742,0.1987469508184083,0.3949169110459433,0.0322669498115781,0.7712609970674486,0.0,17.050000000000107,0.0,6
mobility,vehicle_count,static,5,mobility/nyc/NE/cell_3_3/vehicle_count,0.75,5,0.8118702761067129,0.1555539616420677,0.2483355192091254,0.1026239757160535,0.3948412698412698,0.030795542815382,0.7916666666666666,0.0,16.800000000000104,0.0,6
mobility,vehicle_count,static,5,mobility/nyc/NW/cell_2_0/vehicle_count,0.75,5,0.8245188459126501,0.16914967089502,0.3685417356203802,0.1877319730479775,0.3953953953953954,0.0295252876952004,0.7777777777777778,0.0,16.6500000000001,0.0,6
mobility,vehicle_count,static,5,mobility/nyc/NW/cell_2_1/vehicle_count,0.75,5,0.7809613118787574,0.0911045826360995,0.4388767293339855,0.1856264548558233,0.3934506353861193,0.032200250333215,0.7829912023460409,0.0,17.050000000000107,0.0,6
mobility,vehicle_count,static,5,mobility/nyc/NW/cell_3_0/vehicle_count,0.75,5,0.8060111237505163,0.143604617839226,0.3958106470521258,0.1284108539000611,0.396370582617001,0.0310021061756154,0.7936962750716332,0.0,17.450000000000113,0.0,6
mobility,vehicle_count,static,5,mobility/nyc/NW/cell_3_1/vehicle_count,0.75,5,0.7916049265600411,0.1199373094961142,0.4006889459573073,0.2296640417238871,0.3947105788423153,0.0304987799262483,0.7574850299401198,0.0,16.700000000000102,0.0,6
mobility,vehicle_count,static,5,mobility/nyc/SE/cell_0_2/vehicle_count,0.75,5,0.8055804428269746,0.1735457338141086,0.3729858246799071,0.1166328696193979,0.3925818882466281,0.0318400406343889,0.7890173410404624,0.0,17.30000000000011,0.0,6
mobility,vehicle_count,static,5,mobility/nyc/SE/cell_0_3/vehicle_count,0.75,5,0.822925024486444,0.1594059516823625,0.38434318077126,0.1517514522546728,0.3931888544891641,0.0239012496168653,0.7739938080495357,0.0,16.150000000000095,0.0,6
mobility,vehicle_count,static,5,mobility/nyc/SE/cell_1_2/vehicle_count,0.75,5,0.7976697467999275,0.0967250426271742,0.3257761583210841,0.1841464408573132,0.3963293650793651,0.0310105146993705,0.7529761904761904,0.0,16.800000000000104,0.0,6
mobility,vehicle_count,static,5,mobility/nyc/SE/cell_1_3/vehicle_count,0.75,5,0.8198210439645338,0.1624822920680074,0.3464478256336604,0.1484857240807892,0.3958930276981853,0.0305620224086448,0.7936962750716332,0.0,17.450000000000113,0.0,6
mobility,vehicle_count,static,5,mobility/nyc/SW/cell_0_0/vehicle_count,0.75,5,0.8215702270012616,0.1638965296162878,0.395752827139777,0.1623566687965634,0.3964102564102564,0.0294753599499897,0.7753846153846154,0.0,16.250000000000096,0.0,6
mobility,vehicle_count,static,5,mobility/nyc/SW/cell_0_1/vehicle_count,0.75,5,0.8172636733470419,0.1744812144294209,0.2537211415619937,0.1111351973101652,0.3944603629417383,0.0318382680420258,0.7994269340974212,0.0,17.450000000000113,0.0,6
mobility,vehicle_count,static,5,mobility/nyc/SW/cell_1_0/vehicle_count,0.75,5,0.8235891447616668,0.1791098962063792,0.3490087915363136,0.134669738580789,0.3929263565891472,0.0312775928298898,0.7761627906976744,0.0,17.20000000000011,0.0,6
mobility,vehicle_count,static,5,mobility/nyc/SW/cell_1_1/vehicle_count,0.75,5,0.8212828137728575,0.1249684391511477,0.3072737562823442,0.1292341408552152,0.3943323727185399,0.0329800198161042,0.7780979827089337,0.0,17.35000000000011,0.0,6
pune,humidity,static,1,air_quality,0.2,4,0.8254098645136857,0.0388467401338597,0.3231829747528865,0.0929266610920091,0.5492424242424242,0.0067099974157679,7.677328843995511,0.0,178.20000000000627,0.0,6
pune,humidity,static,2,air_quality/pune,0.2,4,0.8254098645136857,0.0388467401338597,0.3231829747528865,0.0929266610920091,0.5492424242424242,0.0067099974157679,7.677328843995511,0.0,178.20000000000627,0.0,6
pune,humidity,static,3,air_quality/pune/BopadiSquare_65,0.2,4,0.8464760486991453,0.0567758864826914,0.2712401178014665,0.1263210522774835,0.3990961077292012,0.0094008025018269,0.6895406751521861,0.0,90.349999999997,0.0,6
pune,humidity,static,3,air_quality/pune/Chitale_Bandhu_Corner_41,0.2,4,0.8373687376999719,0.0415201347158853,0.3603256994950132,0.1178915757714109,0.4017448512585812,0.0082243681936232,0.995137299771167,0.0,174.8000000000055,0.0,6
pune,humidity,static,3,air_quality/pune/Dr_Baba_Saheb_Ambedkar_Sethu_Junction_60,0.2,4,0.7936821870044545,0.0685695327971375,0.3876611611028002,0.1613061826724819,0.3941771269177127,0.0205342658771965,0.0910041841004184,0.0,47.79999999999942,0.0,6
pune,humidity,static,3,air_quality/pune/Goodluck_Square_Cafe_23,0.2,4,0.8332881552086578,0.0440111685081971,0.3423461899643967,0.1655529069132437,0.4009620826259196,0.0083078201787793,0.9988681380871536,0.0,176.70000000000593,0.0,6
pune,humidity,static,3,air_quality/pune/Hadapsar_Gadital_01,0.2,4,0.8360420865037342,0.0368106747381451,0.3591170279269957,0.1092615466185007,0.4023039215686274,0.0085292427299004,0.986470588235294,0.0,170.0000000000044,0.0,6
pune,humidity,static,3,air_quality/pune/Karve_Statue_Square_5,0.2,4,0.8426150376396436,0.0418313298368499,0.3234126942841653,0.1326277968994088,0.4018804974218987,0.008911211854876,0.9805884137094328,0.0,164.85000000000323,0.0,6
pune,humidity,static,3,air_quality/pune/Lullanagar_Square_14,0.2,4,0.8347576764884831,0.0422777065368842,0.3445419047661989,0.1422646245480566,0.4024081115335868,0.0084515325457911,0.9909330213512724,0.0,170.95000000000462,0.0,6
pune,humidity,static,3,air_quality/pune/PMPML_Bus_Depot_Deccan_15,0.2,4,0.8344810031315478,0.0402968150547553,0.320108773138564,0.1542561490893959,0.4020845566647093,0.0086594442748185,0.98825601879037,0.0,170.30000000000447,0.0,6
pune,humidity,static,3,air_quality/pune/Pune_Railway_Station_28,0.2,4,0.8367257241790362,0.0530431291134043,0.3019070171263941,0.1571450705149582,0.4016779210149375,0.0082694637277286,0.9751381215469612,0.0,162.9000000000028,0.0,6
pune,humidity,static,3,air_quality/pune/Rajashri_Shahu_Bus_stand_19,0.2,4,0.8386158559996932,0.041303373488246,0.3281329513704666,0.1684771153658271,0.4003256150506513,0.0095742337085485,0.9052098408104196,0.0,138.19999999999715,0.0,6
pune,humidity,static,4,air_quality/pune/BopadiSquare_65/humidity,0.2,4,0.8464760486991453,0.0567758864826914,0.2712401178014665,0.1263210522774835,0.3990961077292012,0.0094008025018269,0.6895406751521861,0.0,90.349999999997,0.0,6
pune,humidity,static,4,air_quality/pune/Chitale_Bandhu_Corner_41/humidity,0.2,4,0.8373687376999719,0.0415201347158853,0.3603256994950132,0.1178915757714109,0.4017448512585812,0.0082243681936232,0.995137299771167,0.0,174.8000000000055,0.0,6
pune,humidity,static,4,air_quality/pune/Dr_Baba_Saheb_Ambedkar_Sethu_Junction_60/humidity,0.2,4,0.7936821870044545,0.0685695327971375,0.3876611611028002,0.1613061826724819,0.3941771269177127,0.0205342658771965,0.0910041841004184,0.0,47.79999999999942,0.0,6
pune,humidity,static,4,air_quality/pune/Goodluck_Square_Cafe_23/humidity,0.2,4,0.8332881552086578,0.0440111685081971,0.3423461899643967,0.1655529069132437,0.4009620826259196,0.0083078201787793,0.9988681380871536,0.0,176.70000000000593,0.0,6
pune,humidity,static,4,air_quality/pune/Hadapsar_Gadital_01/humidity,0.2,4,0.8360420865037342,0.0368106747381451,0.3591170279269957,0.1092615466185007,0.4023039215686274,0.0085292427299004,0.986470588235294,0.0,170.0000000000044,0.0,6
pune,humidity,static,4,air_quality/pune/Karve_Statue_Square_5/humidity,0.2,4,0.8426150376396436,0.0418313298368499,0.3234126942841653,0.1326277968994088,0.4018804974218987,0.008911211854876,0.9805884137094328,0.0,164.85000000000323,0.0,6
pune,humidity,static,4,air_quality/pune/Lullanagar_Square_14/humidity,0.2,4,0.8347576764884831,0.0422777065368842,0.3445419047661989,0.1422646245480566,0.4024081115335868,0.0084515325457911,0.9909330213512724,0.0,170.95000000000462,0.0,6
pune,humidity,static,4,air_quality/pune/PMPML_Bus_Depot_Deccan_15/humidity,0.2,4,0.8344810031315478,0.0402968150547553,0.320108773138564,0.1542561490893959,0.4020845566647093,0.0086594442748185,0.98825601879037,0.0,170.30000000000447,0.0,6
pune,humidity,static,4,air_quality/pune/Pune_Railway_Station_28/humidity,0.2,4,0.8367257241790362,0.0530431291134043,0.3019070171263941,0.1571450705149582,0.4016779210149375,0.0082694637277286,0.9751381215469612,0.0,162.9000000000028,0.0,6
pune,humidity,static,4,air_quality/pune/Rajashri_Shahu_Bus_stand_19/humidity,0.2,4,0.8386158559996932,0.041303373488246,0.3281329513704666,0.1684771153658271,0.4003256150506513,0.0095742337085485,0.9052098408104196,0.0,138.19999999999715,0.0,6
pune,ozone,static,1,air_quality,0.8,4,0.8256202360723176,0.0379309187780571,0.5419247015498587,0.123168282379306,0.5576599326599326,0.0063927514451417,8.033950617283951,0.0,178.20000000000627,0.0,6
pune,ozone,static,2,air_quality/pune,0.8,4,0.8256202360723176,0.0379309187780571,0.5419247015498587,0.123168282379306,0.5576599326599326,0.0063927514451417,8.033950617283951,0.0,178.20000000000627,0.0,6
pune,ozone,static,3,air_quality/pune/BopadiSquare_65,0.8,4,0.8394355768075373,0.0568983211954134,0.4809627592150882,0.1334930085057477,0.4001632208922742,0.0093526188453052,0.6996735582154517,0.0,91.89999999999692,0.0,6
pune,ozone,static,3,air_quality/pune/Chitale_Bandhu_Corner_41,0.8,4,0.8322895955395957,0.0436306695183619,0.4635820886300927,0.1188992844733887,0.4014525776132156,0.0083695159526716,0.9960125320421532,0.0,175.55000000000567,0.0,6
pune,ozone,static,3,air_quality/pune/Dr_Baba_Saheb_Ambedkar_Sethu_Junction_60,0.8,4,0.793690737956691,0.0684004357986066,0.4758592229013119,0.1678072572316809,0.3941771269177127,0.0205342658771965,0.0910041841004184,0.0,47.79999999999942,0.0,6
pune,ozone,static,3,air_quality/pune/Goodluck_Square_Cafe_23,0.8,4,0.8316531692605799,0.0435580520884719,0.4635484898257404,0.1158520576165774,0.4011403260767128,0.007848199773173,0.9988690981057392,0.0,176.85000000000596,0.0,6
pune,ozone,static,3,air_quality/pune/Hadapsar_Gadital_01,0.8,4,0.8299694021261567,0.0409440147564462,0.4573196931356609,0.1271686580994619,0.4022787028921998,0.0085692596400212,0.9886064855390008,0.0,171.15000000000467,0.0,6
pune,ozone,static,3,air_quality/pune/Karve_Statue_Square_5,0.8,4,0.8327891428456994,0.0423181664971681,0.4411404499031073,0.1244679766706972,0.4023988005997001,0.0082336013299825,0.985007496251874,0.0,166.75000000000367,0.0,6
pune,ozone,static,3,air_quality/pune/Lullanagar_Square_14,0.8,4,0.8299083383665579,0.041688487210803,0.511092879395481,0.1006272612490799,0.4020036961385079,0.0085566043754437,0.9915377881529034,0.0,171.3500000000047,0.0,6
pune,ozone,static,3,air_quality/pune/PMPML_Bus_Depot_Deccan_15,0.8,4,0.8288753812643392,0.039072078354137,0.4679018869533458,0.1263879505738553,0.4024081115335868,0.0083946579775183,0.988008189529102,0.0,170.95000000000462,0.0,6
pune,ozone,static,3,air_quality/pune/Pune_Railway_Station_28,0.8,4,0.8335975397247505,0.0430193279000656,0.4669050246545973,0.1243541100215501,0.4018780757256202,0.0084479252129441,0.9810183790298282,0.0,165.95000000000348,0.0,6
pune,ozone,static,3,air_quality/pune/Rajashri_Shahu_Bus_stand_19,0.8,4,0.8317062914740182,0.0434767568603637,0.4521407251127847,0.0999316766982915,0.4010564044519902,0.0081711232558699,0.9985851726089418,0.0,176.70000000000593,0.0,6
pune,ozone,static,4,air_quality/pune/BopadiSquare_65/ozone,0.8,4,0.8394355768075373,0.0568983211954134,0.4809627592150882,0.1334930085057477,0.4001632208922742,0.0093526188453052,0.6996735582154517,0.0,91.89999999999692,0.0,6
pune,ozone,static,4,air_quality/pune/Chitale_Bandhu_Corner_41/ozone,0.8,4,0.8322895955395957,0.0436306695183619,0.4635820886300927,0.1188992844733887,0.4014525776132156,0.0083695159526716,0.9960125320421532,0.0,175.55000000000567,0.0,6
pune,ozone,static,4,air_quality/pune/Dr_Baba_Saheb_Ambedkar_Sethu_Junction_60/ozone,0.8,4,0.793690737956691,0.0684004357986066,0.4758592229013119,0.1678072572316809,0.3941771269177127,0.0205342658771965,0.0910041841004184,0.0,47.79999999999942,0.0,6
pune,ozone,static,4,air_quality/pune/Goodluck_Square_Cafe_23/ozone,0.8,4,0.8316531692605799,0.0435580520884719,0.4635484898257404,0.1158520576165774,0.4011403260767128,0.007848199773173,0.9988690981057392,0.0,176.85000000000596,0.0,6
pune,ozone,static,4,air_quality/pune/Hadapsar_Gadital_01/ozone,0.8,4,0.8299694021261567,0.0409440147564462,0.4573196931356609,0.1271686580994619,0.4022787028921998,0.0085692596400212,0.9886064855390008,0.0,171.15000000000467,0.0,6
pune,ozone,static,4,air_quality/pune/Karve_Statue_Square_5/ozone,0.8,4,0.8327891428456994,0.0423181664971681,0.4411404499031073,0.1244679766706972,0.4023988005997001,0.0082336013299825,0.985007496251874,0.0,166.75000000000367,0.0,6
pune,ozone,static,4,air_quality/pune/Lullanagar_Square_14/ozone,0.8,4,0.8299083383665579,0.041688487210803,0.511092879395481,0.1006272612490799,0.4020036961385079,0.0085566043754437,0.9915377881529034,0.0,171.3500000000047,0.0,6
pune,ozone,static,4,air_quality/pune/PMPML_Bus_Depot_Deccan_15/ozone,0.8,4,0.8288753812643392,0.039072078354137,0.4679018869533458,0.1263879505738553,0.4024081115335868,0.0083946579775183,0.988008189529102,0.0,170.95000000000462,0.0,6
pune,ozone,static,4,air_quality/pune/Pune_Railway_Station_28/ozone,0.8,4,0.8335975397247505,0.0430193279000656,0.4669050246545973,0.1243541100215501,0.4018780757256202,0.0084479252129441,0.9810183790298282,0.0,165.95000000000348,0.0,6
pune,ozone,static,4,air_quality/pune/Rajashri_Shahu_Bus_stand_19/ozone,0.8,4,0.8317062914740182,0.0434767568603637,0.4521407251127847,0.0999316766982915,0.4010564044519902,0.0081711232558699,0.9985851726089418,0.0,176.70000000000593,0.0,6
pune,pm10,static,1,air_quality,1.0,4,0.829234709229976,0.0452898535730499,0.5035697385337122,0.0640403568745113,0.552998409579942,0.0044964411416214,7.840303115352231,0.0,178.15000000000626,0.0,6
pune,pm10,static,2,air_quality/pune,1.0,4,0.829234709229976,0.0452898535730499,0.5035697385337122,0.0640403568745113,0.552998409579942,0.0044964411416214,7.840303115352231,0.0,178.15000000000626,0.0,6
pune,pm10,static,3,air_quality/pune/BopadiSquare_65,1.0,4,0.8394515323087766,0.0571333054986564,0.4817328124970707,0.1354339144158391,0.4002175095160413,0.0091960492252788,0.6998368678629691,0.0,91.94999999999692,0.0,6
pune,pm10,static,3,air_quality/pune/Chitale_Bandhu_Corner_41,1.0,4,0.8334133791638064,0.045825984018223,0.4962973393651022,0.1398979187572423,0.4017266335814722,0.0082494930727385,0.9674317617866004,0.0,161.2000000000024,0.0,6
pune,pm10,static,3,air_quality/pune/Dr_Baba_Saheb_Ambedkar_Sethu_Junction_60,1.0,4,0.7936926460717969,0.0684135529470596,0.4760059828312152,0.1688681522047377,0.3941771269177127,0.0205342658771965,0.0910041841004184,0.0,47.79999999999942,0.0,6
pune,pm10,static,3,air_quality/pune/Goodluck_Square_Cafe_23,1.0,4,0.8316395332811611,0.0435494714479927,0.4692481788895035,0.1238987909260309,0.4011403260767128,0.007848199773173,0.9988690981057392,0.0,176.85000000000596,0.0,6
pune,pm10,static,3,air_quality/pune/Hadapsar_Gadital_01,1.0,4,0.8299746118794095,0.0409493849293783,0.5139052554362672,0.1153953387204725,0.4022787028921998,0.0085692596400212,0.9886064855390008,0.0,171.15000000000467,0.0,6
pune,pm10,static,3,air_quality/pune/Karve_Statue_Square_5,1.0,4,0.8380391915788111,0.0432642510880511,0.4099684589279189,0.0909154980425711,0.4018020934498759,0.0080436595411523,0.9582389122693428,0.0,154.45000000000087,0.0,6
pune,pm10,static,3,air_quality/pune/Lullanagar_Square_14,1.0,4,0.8298487408182639,0.0416610504078531,0.515604753132153,0.1148139451044168,0.4020036961385079,0.0085566043754437,0.9915377881529034,0.0,171.3500000000047,0.0,6
pune,pm10,static,3,air_quality/pune/PMPML_Bus_Depot_Deccan_15,1.0,4,0.8288961082305196,0.0390946541510032,0.4672470534901283,0.1272559741956206,0.4024081115335868,0.0083946579775183,0.9883006727113188,0.0,170.95000000000462,0.0,6
pune,pm10,static,3,air_quality/pune/Pune_Railway_Station_28,1.0,4,0.8337215243607546,0.0422318158185648,0.4678600364157717,0.124882819306564,0.4019371675198233,0.0084899588219799,0.9810298102981032,0.0,166.0500000000035,0.0,6
pune,pm10,static,3,air_quality/pune/Rajashri_Shahu_Bus_stand_19,1.0,4,0.8317769800531937,0.0434540150792217,0.4662787549604196,0.1223633620538283,0.401037246581801,0.0080424416040872,0.9985855728429984,0.0,176.75000000000594,0.0,6
pune,pm10,static,4,air_quality/pune/BopadiSquare_65/pm10,1.0,4,0.8394515323087766,0.0571333054986564,0.4817328124970707,0.1354339144158391,0.4002175095160413,0.0091960492252788,0.6998368678629691,0.0,91.94999999999692,0.0,6
pune,pm10,static,4,air_quality/pune/Chitale_Bandhu_Corner_41/pm10,1.0,4,0.8334133791638064,0.045825984018223,0.4962973393651022,0.1398979187572423,0.4017266335814722,0.0082494930727385,0.9674317617866004,0.0,161.2000000000024,0.0,6
pune,pm10,static,4,air_quality/pune/Dr_Baba_Saheb_Ambedkar_Sethu_Junction_60/pm10,1.0,4,0.7936926460717969,0.0684135529470596,0.4760059828312152,0.1688681522047377,0.3941771269177127,0.0205342658771965,0.0910041841004184,0.0,47.79999999999942,0.0,6
pune,pm10,static,4,air_quality/pune/Goodluck_Square_Cafe_23/pm10,1.0,4,0.8316395332811611,0.0435494714479927,0.4692481788895035,0.1238987909260309,0.4011403260767128,0.007848199773173,0.9988690981057392,0.0,176.85000000000596,0.0,6
pune,pm10,static,4,air_quality/pune/Hadapsar_Gadital_01/pm10,1.0,4,0.8299746118794095,0.0409493849293783,0.5139052554362672,0.1153953387204725,0.4022787028921998,0.0085692596400212,0.9886064855390008,0.0,171.15000000000467,0.0,6
pune,pm10,static,4,air_quality/pune/Karve_Statue_Square_5/pm10,1.0,4,0.8380391915788111,0.0432642510880511,0.4099684589279189,0.0909154980425711,0.4018020934498759,0.0080436595411523,0.9582389122693428,0.0,154.45000000000087,0.0,6
pune,pm10,static,4,air_quality/pune/Lullanagar_Square_14/pm10,1.0,4,0.8298487408182639,0.0416610504078531,0.515604753132153,0.1148139451044168,0.4020036961385079,0.0085566043754437,0.9915377881529034,0.0,171.3500000000047,0.0,6
pune,pm10,static,4,air_quality/pune/PMPML_Bus_Depot_Deccan_15/pm10,1.0,4,0.8288961082305196,0.0390946541510032,0.4672470534901283,0.1272559741956206,0.4024081115335868,0.0083946579775183,0.9883006727113188,0.0,170.95000000000462,0.0,6
pune,pm10,static,4,air_quality/pune/Pune_Railway_Station_28/pm10,1.0,4,0.8337215243607546,0.0422318158185648,0.4678600364157717,0.124882819306564,0.4019371675198233,0.0084899588219799,0.9810298102981032,0.0,166.0500000000035,0.0,6
pune,pm10,static,4,air_quality/pune/Rajashri_Shahu_Bus_stand_19/pm10,1.0,4,0.8317769800531937,0.0434540150792217,0.4662787549604196,0.1223633620538283,0.401037246581801,0.0080424416040872,0.9985855728429984,0.0,176.75000000000594,0.0,6
pune,pm2,static,1,air_quality,0.8,4,0.8292348741802154,0.0452956966967557,0.5048211741012539,0.0656261044534627,0.552998409579942,0.0044964411416214,7.840303115352231,0.0,178.15000000000626,0.0,6
pune,pm2,static,2,air_quality/pune,0.8,4,0.8292348741802154,0.0452956966967557,0.5048211741012539,0.0656261044534627,0.552998409579942,0.0044964411416214,7.840303115352231,0.0,178.15000000000626,0.0,6
pune,pm2,static,3,air_quality/pune/BopadiSquare_65,0.8,4,0.8394789269357702,0.0571554603345521,0.4860970534630464,0.1388185621268775,0.4002175095160413,0.0091960492252788,0.6998368678629691,0.0,91.94999999999692,0.0,6
pune,pm2,static,3,air_quality/pune/Chitale_Bandhu_Corner_41,0.8,4,0.833416036961243,0.0458045849634675,0.499032727619817,0.1409242710072534,0.4017266335814722,0.0082494930727385,0.9674317617866004,0.0,161.2000000000024,0.0,6
pune,pm2,static,3,air_quality/pune/Dr_Baba_Saheb_Ambedkar_Sethu_Junction_60,0.8,4,0.793693693467001,0.0684125216960333,0.4760059828312152,0.1688681522047377,0.3941771269177127,0.0205342658771965,0.0910041841004184,0.0,47.79999999999942,0.0,6
pune,pm2,static,3,air_quality/pune/Goodluck_Square_Cafe_23,0.8,4,0.8316328235727188,0.0435394929668376,0.4699055464981532,0.1268818295750624,0.4011403260767128,0.007848199773173,0.9988690981057392,0.0,176.85000000000596,0.0,6
pune,pm2,static,3,air_quality/pune/Hadapsar_Gadital_01,0.8,4,0.8299719707057074,0.0409360754571536,0.5182657169452988,0.119465829470624,0.4022787028921998,0.0085692596400212,0.9886064855390008,0.0,171.15000000000467,0.0,6
pune,pm2,static,3,air_quality/pune/Karve_Statue_Square_5,0.8,4,0.838061268834991,0.0432698396983974,0.4112241867778225,0.0945027623953256,0.4018020934498759,0.0080436595411523,0.9582389122693428,0.0,154.45000000000087,0.0,6
pune,pm2,static,3,air_quality/pune/Lullanagar_Square_14,0.8,4,0.829845309187908,0.041649253750476,0.5181761556397656,0.1180647585026057,0.4020036961385079,0.0085566043754437,0.9915377881529034,0.0,171.3500000000047,0.0,6
pune,pm2,static,3,air_quality/pune/PMPML_Bus_Depot_Deccan_15,0.8,4,0.8289203937865078,0.0390918124497775,0.4678458580691198,0.1287516548362939,0.4024081115335868,0.0083946579775183,0.9883006727113188,0.0,170.95000000000462,0.0,6
pune,pm2,static,3,air_quality/pune/Pune_Railway_Station_28,0.8,4,0.8337214702986525,0.0422274399329693,0.4672817230222556,0.1259482091383376,0.4019371675198233,0.0084899588219799,0.9810298102981032,0.0,166.0500000000035,0.0,6
pune,pm2,static,3,air_quality/pune/Rajashri_Shahu_Bus_stand_19,0.8,4,0.8317887415030834,0.0434323200354608,0.4690234317429195,0.125291858681189,0.401037246581801,0.0080424416040872,0.9985855728429984,0.0,176.75000000000594,0.0,6
pune,pm2,static,4,air_quality/pune/BopadiSquare_65/pm2,0.8,4,0.8394789269357702,0.0571554603345521,0.4860970534630464,0.1388185621268775,0.4002175095160413,0.0091960492252788,0.6998368678629691,0.0,91.94999999999692,0.0,6
pune,pm2,static,4,air_quality/pune/Chitale_Bandhu_Corner_41/pm2,0.8,4,0.833416036961243,0.0458045849634675,0.499032727619817,0.1409242710072534,0.4017266335814722,0.0082494930727385,0.9674317617866004,0.0,161.2000000000024,0.0,6
pune,pm2,static,4,air_quality/pune/Dr_Baba_Saheb_Ambedkar_Sethu_Junction_60/pm2,0.8,4,0.793693693467001,0.0684125216960333,0.4760059828312152,0.1688681522047377,0.3941771269177127,0.0205342658771965,0.0910041841004184,0.0,47.79999999999942,0.0,6
pune,pm2,static,4,air_quality/pune/Goodluck_Square_Cafe_23/pm2,0.8,4,0.8316328235727188,0.0435394929668376,0.4699055464981532,0.1268818295750624,0.4011403260767128,0.007848199773173,0.9988690981057392,0.0,176.85000000000596,0.0,6
pune,pm2,static,4,air_quality/pune/Hadapsar_Gadital_01/pm2,0.8,4,0.8299719707057074,0.0409360754571536,0.5182657169452988,0.119465829470624,0.4022787028921998,0.0085692596400212,0.9886064855390008,0.0,171.15000000000467,0.0,6
pune,pm2,static,4,air_quality/pune/Karve_Statue_Square_5/pm2,0.8,4,0.838061268834991,0.0432698396983974,0.4112241867778225,0.0945027623953256,0.4018020934498759,0.0080436595411523,0.9582389122693428,0.0,154.45000000000087,0.0,6
pune,pm2,static,4,air_quality/pune/Lullanagar_Square_14/pm2,0.8,4,0.829845309187908,0.041649253750476,0.5181761556397656,0.1180647585026057,0.4020036961385079,0.0085566043754437,0.9915377881529034,0.0,171.3500000000047,0.0,6
pune,pm2,static,4,air_quality/pune/PMPML_Bus_Depot_Deccan_15/pm2,0.8,4,0.8289203937865078,0.0390918124497775,0.4678458580691198,0.1287516548362939,0.4024081115335868,0.0083946579775183,0.9883006727113188,0.0,170.95000000000462,0.0,6
pune,pm2,static,4,air_quality/pune/Pune_Railway_Station_28/pm2,0.8,4,0.8337214702986525,0.0422274399329693,0.4672817230222556,0.1259482091383376,0.4019371675198233,0.0084899588219799,0.9810298102981032,0.0,166.0500000000035,0.0,6
pune,pm2,static,4,air_quality/pune/Rajashri_Shahu_Bus_stand_19/pm2,0.8,4,0.8317887415030834,0.0434323200354608,0.4690234317429195,0.125291858681189,0.401037246581801,0.0080424416040872,0.9985855728429984,0.0,176.75000000000594,0.0,6
pune,sound,static,1,air_quality,0.2,4,0.8232900871590441,0.0391173245489008,0.4979131546999238,0.1562540756257829,0.5492424242424242,0.0067099974157679,7.677609427609428,0.0,178.20000000000627,0.0,6
pune,sound,static,2,air_quality/pune,0.2,4,0.8232900871590441,0.0391173245489008,0.4979131546999238,0.1562540756257829,0.5492424242424242,0.0067099974157679,7.677609427609428,0.0,178.20000000000627,0.0,6
pune,sound,static,3,air_quality/pune/BopadiSquare_65,0.2,4,0.8435202560879557,0.0598755582885288,0.2912559533844503,0.1413963444722255,0.3991325212255445,0.0092747089577229,0.6893687707641196,0.0,90.299999999997,0.0,6
pune,sound,static,3,air_quality/pune/Chitale_Bandhu_Corner_41,0.2,4,0.8327971224532732,0.0432802131983388,0.3988172942603744,0.0736033239972506,0.4017448512585812,0.0082243681936232,0.995137299771167,0.0,174.8000000000055,0.0,6
pune,sound,static,3,air_quality/pune/Dr_Baba_Saheb_Ambedkar_Sethu_Junction_60,0.2,4,0.7935102626361217,0.0680732374751256,0.3904112969394764,0.160883604471561,0.3941771269177127,0.0205342658771965,0.0910041841004184,0.0,47.79999999999942,0.0,6
pune,sound,static,3,air_quality/pune/Goodluck_Square_Cafe_23,0.2,4,0.8315871500612041,0.0431351162653215,0.4603861690691657,0.1072324209219154,0.4009620826259196,0.0083078201787793,0.9988681380871536,0.0,176.70000000000593,0.0,6
pune,sound,static,3,air_quality/pune/Hadapsar_Gadital_01,0.2,4,0.8332574739862081,0.0374061065322704,0.4263842276314548,0.0793626387563871,0.4023039215686274,0.0085292427299004,0.986470588235294,0.0,170.0000000000044,0.0,6
pune,sound,static,3,air_quality/pune/Karve_Statue_Square_5,0.2,4,0.8384418533627137,0.0426004436467371,0.4508639771043951,0.1057550878627409,0.4018804974218987,0.008911211854876,0.9805884137094328,0.0,164.85000000000323,0.0,6
pune,sound,static,3,air_quality/pune/Lullanagar_Square_14,0.2,4,0.8317402535753912,0.0408812127699467,0.4503397259300749,0.1191938339360414,0.4024081115335868,0.0084515325457911,0.9909330213512724,0.0,170.95000000000462,0.0,6
pune,sound,static,3,air_quality/pune/PMPML_Bus_Depot_Deccan_15,0.2,4,0.8329226141814243,0.0397721860009882,0.4468112185132857,0.0958444413894487,0.4023578906173564,0.0084528109256559,0.988259465805694,0.0,170.35000000000448,0.0,6
pune,sound,static,3,air_quality/pune/Pune_Railway_Station_28,0.2,4,0.8332192588198514,0.0499528363424691,0.4593507776328243,0.0841722173663385,0.4015035286897821,0.0083351687102255,0.975145750230132,0.0,162.9500000000028,0.0,6
pune,sound,static,3,air_quality/pune/Rajashri_Shahu_Bus_stand_19,0.2,4,0.8361620560201541,0.0397556892992595,0.4405561077080044,0.1473152699584762,0.4003256150506513,0.0095742337085485,0.9052098408104196,0.0,138.19999999999715,0.0,6
pune,sound,static,4,air_quality/pune/BopadiSquare_65/sound,0.2,4,0.8435202560879557,0.0598755582885288,0.2912559533844503,0.1413963444722255,0.3991325212255445,0.0092747089577229,0.6893687707641196,0.0,90.299999999997,0.0,6
pune,sound,static,4,air_quality/pune/Chitale_Bandhu_Corner_41/sound,0.2,4,0.8327971224532732,0.0432802131983388,0.3988172942603744,0.0736033239972506,0.4017448512585812,0.0082243681936232,0.995137299771167,0.0,174.8000000000055,0.0,6
pune,sound,static,4,air_quality/pune/Dr_Baba_Saheb_Ambedkar_Sethu_Junction_60/sound,0.2,4,0.7935102626361217,0.0680732374751256,0.3904112969394764,0.160883604471561,0.3941771269177127,0.0205342658771965,0.0910041841004184,0.0,47.79999999999942,0.0,6
pune,sound,static,4,air_quality/pune/Goodluck_Square_Cafe_23/sound,0.2,4,0.8315871500612041,0.0431351162653215,0.4603861690691657,0.1072324209219154,0.4009620826259196,0.0083078201787793,0.9988681380871536,0.0,176.70000000000593,0.0,6
pune,sound,static,4,air_quality/pune/Hadapsar_Gadital_01/sound,0.2,4,0.8332574739862081,0.0374061065322704,0.4263842276314548,0.0793626387563871,0.4023039215686274,0.0085292427299004,0.986470588235294,0.0,170.0000000000044,0.0,6
pune,sound,static,4,air_quality/pune/Karve_Statue_Square_5/sound,0.2,4,0.8384418533627137,0.0426004436467371,0.4508639771043951,0.1057550878627409,0.4018804974218987,0.008911211854876,0.9805884137094328,0.0,164.85000000000323,0.0,6
pune,sound,static,4,air_quality/pune/Lullanagar_Square_14/sound,0.2,4,0.8317402535753912,0.0408812127699467,0.4503397259300749,0.1191938339360414,0.4024081115335868,0.0084515325457911,0.9909330213512724,0.0,170.95000000000462,0.0,6
pune,sound,static,4,air_quality/pune/PMPML_Bus_Depot_Deccan_15/sound,0.2,4,0.8329226141814243,0.0397721860009882,0.4468112185132857,0.0958444413894487,0.4023578906173564,0.0084528109256559,0.988259465805694,0.0,170.35000000000448,0.0,6
pune,sound,static,4,air_quality/pune/Pune_Railway_Station_28/sound,0.2,4,0.8332192588198514,0.0499528363424691,0.4593507776328243,0.0841722173663385,0.4015035286897821,0.0083351687102255,0.975145750230132,0.0,162.9500000000028,0.0,6
pune,sound,static,4,air_quality/pune/Rajashri_Shahu_Bus_stand_19/sound,0.2,4,0.8361620560201541,0.0397556892992595,0.4405561077080044,0.1473152699584762,0.4003256150506513,0.0095742337085485,0.9052098408104196,0.0,138.19999999999715,0.0,6
traffic,object_count,static,1,traffic,1.0,5,0.893262724991747,0.0729782807821556,0.3471950117054853,0.1133791472112805,0.5120305164319249,0.0254988094080345,5.926056338028169,0.0,28.400000000000272,0.0,6
traffic,object_count,static,2,traffic/intersection01,1.0,5,0.893262724991747,0.0729782807821556,0.3471950117054853,0.1133791472112805,0.5120305164319249,0.0254988094080345,5.926056338028169,0.0,28.400000000000272,0.0,6
traffic,object_count,static,3,traffic/intersection01/lidar,1.0,5,0.8587831714336129,0.1076827498102679,0.3707589490657136,0.1254931455496806,0.4260895170789163,0.0304259912990574,1.9964664310954063,0.0,28.300000000000267,0.0,6
traffic,object_count,static,3,traffic/intersection01/radar,1.0,5,0.8856397576104875,0.1292771647323783,0.3415165812920351,0.16517896765702,0.4688057040998217,0.0214497097418771,3.985739750445633,0.0,28.050000000000264,0.0,6
traffic,object_count,static,4,traffic/intersection01/lidar/OS1_LIDAR_1,1.0,5,0.8485345699727077,0.1369748382471828,0.3673867742830968,0.1648202511633884,0.4045936395759717,0.026957217134644,0.9982332155477032,0.0,28.300000000000267,0.0,6
traffic,object_count,static,4,traffic/intersection01/lidar/OS1_LIDAR_2,1.0,5,0.8518854898103445,0.1361831000191349,0.4168578165019118,0.1862434970182476,0.4045936395759717,0.026957217134644,0.9982332155477032,0.0,28.300000000000267,0.0,6
traffic,object_count,static,4,traffic/intersection01/radar/EVO_RADAR_1,1.0,5,0.8382840941122498,0.1398738301624826,0.4637806991426648,0.20661553221022,0.4043374925727866,0.0278307107796522,0.9964349376114082,0.0,28.050000000000264,0.0,6
traffic,object_count,static,4,traffic/intersection01/radar/EVO_RADAR_2,1.0,5,0.8467035093955637,0.1346538079138816,0.4444439078318367,0.1533041657895856,0.4043374925727866,0.0278307107796522,0.9964349376114082,0.0,28.050000000000264,0.0,6
traffic,object_count,static,4,traffic/intersection01/radar/EVO_RADAR_3,1.0,5,0.8519132947104592,0.1400626779804775,0.4141717643688843,0.1887815888437318,0.4043374925727866,0.0278307107796522,0.9964349376114082,0.0,28.050000000000264,0.0,6
traffic,object_count,static,4,traffic/intersection01/radar/EVO_RADAR_4,1.0,5,0.8407112883405593,0.1318938461747933,0.4373994235842771,0.1824155000206944,0.4043374925727866,0.0278307107796522,0.9964349376114082,0.0,28.050000000000264,0.0,6
traffic,object_count,static,5,traffic/intersection01/lidar/OS1_LIDAR_1/object_count,1.0,5,0.8485345699727077,0.1369748382471828,0.3673867742830968,0.1648202511633884,0.4045936395759717,0.026957217134644,0.9982332155477032,0.0,28.300000000000267,0.0,6
traffic,object_count,static,5,traffic/intersection01/lidar/OS1_LIDAR_2/object_count,1.0,5,0.8518854898103445,0.1361831000191349,0.4168578165019118,0.1862434970182476,0.4045936395759717,0.026957217134644,0.9982332155477032,0.0,28.300000000000267,0.0,6
traffic,object_count,static,5,traffic/intersection01/radar/EVO_RADAR_1/object_count,1.0,5,0.8382840941122498,0.1398738301624826,0.4637806991426648,0.20661553221022,0.4043374925727866,0.0278307107796522,0.9964349376114082,0.0,28.050000000000264,0.0,6
traffic,object_count,static,5,traffic/intersection01/radar/EVO_RADAR_2/object_count,1.0,5,0.8467035093955637,0.1346538079138816,0.4444439078318367,0.1533041657895856,0.4043374925727866,0.0278307107796522,0.9964349376114082,0.0,28.050000000000264,0.0,6
traffic,object_count,static,5,traffic/intersection01/radar/EVO_RADAR_3/object_count,1.0,5,0.8519132947104592,0.1400626779804775,0.4141717643688843,0.1887815888437318,0.4043374925727866,0.0278307107796522,0.9964349376114082,0.0,28.050000000000264,0.0,6
traffic,object_count,static,5,traffic/intersection01/radar/EVO_RADAR_4/object_count,1.0,5,0.8407112883405593,0.1318938461747933,0.4373994235842771,0.1824155000206944,0.4043374925727866,0.0278307107796522,0.9964349376114082,0.0,28.050000000000264,0.0,6
traffic,speed,static,1,traffic,1.0,5,0.8836244096862652,0.0778682070819917,0.5360570697519146,0.0942638804235892,0.5120305164319249,0.0254988094080345,5.926056338028169,0.0,28.400000000000272,0.0,6
traffic,speed,static,2,traffic/intersection01,1.0,5,0.8836244096862652,0.0778682070819917,0.5360570697519146,0.0942638804235892,0.5120305164319249,0.0254988094080345,5.926056338028169,0.0,28.400000000000272,0.0,6
traffic,speed,static,3,traffic/intersection01/lidar,1.0,5,0.8450693930762899,0.1036337238191836,0.4664368835859291,0.1078168757325454,0.4260895170789163,0.0304259912990574,1.9964664310954063,0.0,28.300000000000267,0.0,6
traffic,speed,static,3,traffic/intersection01/radar,1.0,5,0.8766401330185104,0.12857517656351,0.4393364562894781,0.1346253343276411,0.4688057040998217,0.0214497097418771,3.985739750445633,0.0,28.050000000000264,0.0,6
traffic,speed,static,4,traffic/intersection01/lidar/OS1_LIDAR_1,1.0,5,0.8319689394572372,0.1376881149334833,0.4807521143784869,0.2119896174770693,0.4045936395759717,0.026957217134644,0.9982332155477032,0.0,28.300000000000267,0.0,6
traffic,speed,static,4,traffic/intersection01/lidar/OS1_LIDAR_2,1.0,5,0.8341057691768755,0.1396911845940338,0.3929977944323616,0.1996817848889299,0.4045936395759717,0.026957217134644,0.9982332155477032,0.0,28.300000000000267,0.0,6
traffic,speed,static,4,traffic/intersection01/radar/EVO_RADAR_1,1.0,5,0.8359803463457166,0.1372115108961303,0.5529356916737879,0.1180781447472566,0.4043374925727866,0.0278307107796522,0.9964349376114082,0.0,28.050000000000264,0.0,6
traffic,speed,static,4,traffic/intersection01/radar/EVO_RADAR_2,1.0,5,0.8342599991821004,0.1383132607903598,0.5553175099492278,0.08930796025282,0.4043374925727866,0.0278307107796522,0.9964349376114082,0.0,28.050000000000264,0.0,6
traffic,speed,static,4,traffic/intersection01/radar/EVO_RADAR_3,1.0,5,0.83185730096246,0.1374053162763375,0.5087057357637574,0.178203034325576,0.4043374925727866,0.0278307107796522,0.9964349376114082,0.0,28.050000000000264,0.0,6
traffic,speed,static,4,traffic/intersection01/radar/EVO_RADAR_4,1.0,5,0.8379763091314442,0.136361327961704,0.5034569491700815,0.1700878307312626,0.4043374925727866,0.0278307107796522,0.9964349376114082,0.0,28.050000000000264,0.0,6
traffic,speed,static,5,traffic/intersection01/lidar/OS1_LIDAR_1/speed,1.0,5,0.8319689394572372,0.1376881149334833,0.4807521143784869,0.2119896174770693,0.4045936395759717,0.026957217134644,0.9982332155477032,0.0,28.300000000000267,0.0,6
traffic,speed,static,5,traffic/intersection01/lidar/OS1_LIDAR_2/speed,1.0,5,0.8341057691768755,0.1396911845940338,0.3929977944323616,0.1996817848889299,0.4045936395759717,0.026957217134644,0.9982332155477032,0.0,28.300000000000267,0.0,6
traffic,speed,static,5,traffic/intersection01/radar/EVO_RADAR_1/speed,1.0,5,0.8359803463457166,0.1372115108961303,0.5529356916737879,0.1180781447472566,0.4043374925727866,0.0278307107796522,0.9964349376114082,0.0,28.050000000000264,0.0,6
traffic,speed,static,5,traffic/intersection01/radar/EVO_RADAR_2/speed,1.0,5,0.8342599991821004,0.1383132607903598,0.5553175099492278,0.08930796025282,0.4043374925727866,0.0278307107796522,0.9964349376114082,0.0,28.050000000000264,0.0,6
traffic,speed,static,5,traffic/intersection01/radar/EVO_RADAR_3/speed,1.0,5,0.83185730096246,0.1374053162763375,0.5087057357637574,0.178203034325576,0.4043374925727866,0.0278307107796522,0.9964349376114082,0.0,28.050000000000264,0.0,6
traffic,speed,static,5,traffic/intersection01/radar/EVO_RADAR_4/speed,1.0,5,0.8379763091314442,0.136361327961704,0.5034569491700815,0.1700878307312626,0.4043374925727866,0.0278307107796522,0.9964349376114082,0.0,28.050000000000264,0.0,6
wearable,calories_burned,static,1,health,0.5,4,1.054621545718371,0.1646030644491289,0.3934642984170111,0.1765452177123939,0.5966386554621849,0.0340310197164984,8.403361344537815,0.0,5.949999999999986,0.0,6
wearable,calories_burned,static,2,health/hospital01,0.5,4,1.018115043865683,0.4531487246957211,0.3684363885408241,0.2662019617769564,0.4716981132075471,0.0386677387394701,1.8867924528301885,0.0,5.299999999999989,0.0,6
wearable,calories_burned,static,2,health/hospital02,0.5,4,1.1712933945141224,0.4877463138650601,0.3160032680486516,0.1790653781133231,0.4607843137254901,0.0388437746575884,1.8403361344537812,0.0,5.949999999999986,0.0,6
wearable,calories_burned,static,2,health/hospital03,0.5,4,1.0198455319000848,0.4630615164047758,0.323406616848482,0.205390542885671,0.4711538461538461,0.0349344271626633,1.8846153846153844,0.0,5.1999999999999895,0.0,6
wearable,calories_burned,static,2,health/hospital04,0.5,4,1.0217677617557837,0.4405630174656711,0.375741719343964,0.2552058833781773,0.4675925925925925,0.0369211148840312,1.7962962962962965,0.0,5.399999999999989,0.0,6
wearable,calories_burned,static,2,health/hospital05,0.5,4,1.031771184495336,0.4768620359030934,0.3793804644607363,0.2333121440593245,0.4624183006535947,0.0336299757050665,1.872549019607843,0.0,5.09999999999999,0.0,6
wearable,calories_burned,static,3,health/hospital01/Device_10,0.5,4,0.9613161366368482,0.492767963940694,0.416112165778518,0.2770682190383699,0.4391025641025641,0.0461805478316099,0.951923076923077,0.0,5.1999999999999895,0.0,6
wearable,calories_burned,static,3,health/hospital01/Device_5,0.5,4,0.9541680750217784,0.4905077565085546,0.4174760715992285,0.29028012448754,0.4418238993710692,0.0497114015939959,0.9528301886792452,0.0,5.299999999999989,0.0,6
wearable,calories_burned,static,3,health/hospital02/Device_1,0.5,4,0.9565501474364524,0.4876978064385819,0.3112345002300313,0.1659571350940023,0.4396825396825397,0.0464295889184396,0.9523809523809522,0.0,5.249999999999989,0.0,6
wearable,calories_burned,static,3,health/hospital02/Device_6,0.5,4,1.1068032481093175,0.5278056088029525,0.3272613786517469,0.1608448927649914,0.4411764705882353,0.0468633394742812,1.0,0.0,5.949999999999986,0.0,6
wearable,calories_burned,static,3,health/hospital03/Device_2,0.5,4,0.9670816028667152,0.4876557809594251,0.412143365194545,0.2610723351025173,0.4391025641025641,0.0461805478316099,0.951923076923077,0.0,5.1999999999999895,0.0,6
wearable,calories_burned,static,3,health/hospital03/Device_7,0.5,4,0.9678190835260432,0.505776527023374,0.4029360543263202,0.2681811070673531,0.4368932038834951,0.0467634740923972,0.941747572815534,0.0,5.14999999999999,0.0,6
wearable,calories_burned,static,3,health/hospital04/Device_3,0.5,4,0.9824779449590602,0.529732805037729,0.3883564124086736,0.2551318606581582,0.4370748299319727,0.049325591957272,0.9183673469387756,0.0,4.899999999999991,0.0,6
wearable,calories_burned,static,3,health/hospital04/Device_8,0.5,4,0.9512165271097668,0.477188013900504,0.4059803881664359,0.2692133113202505,0.4444444444444445,0.0434297755539206,0.9629629629629628,0.0,5.399999999999989,0.0,6
wearable,calories_burned,static,3,health/hospital05/Device_4,0.5,4,0.960544427889903,0.5090969198962153,0.3647653802497271,0.2540306332272048,0.438943894389439,0.0450105006501183,0.9405940594059404,0.0,5.04999999999999,0.0,6
wearable,calories_burned,static,3,health/hospital05/Device_9,0.5,4,0.96112271471974,0.5050896935111049,0.417629889773019,0.2959952123825946,0.4379084967320261,0.0445692212319798,0.9411764705882352,0.0,5.09999999999999,0.0,6
wearable,calories_burned,static,4,health/hospital01/Device_10/calories_burned,0.5,4,0.9613161366368482,0.492767963940694,0.416112165778518,0.2770682190383699,0.4391025641025641,0.0461805478316099,0.951923076923077,0.0,5.1999999999999895,0.0,6
wearable,calories_burned,static,4,health/hospital01/Device_5/calories_burned,0.5,4,0.9541680750217784,0.4905077565085546,0.4174760715992285,0.29028012448754,0.4418238993710692,0.0497114015939959,0.9528301886792452,0.0,5.299999999999989,0.0,6
wearable,calories_burned,static,4,health/hospital02/Device_1/calories_burned,0.5,4,0.9565501474364524,0.4876978064385819,0.3112345002300313,0.1659571350940023,0.4396825396825397,0.0464295889184396,0.9523809523809522,0.0,5.249999999999989,0.0,6
wearable,calories_burned,static,4,health/hospital02/Device_6/calories_burned,0.5,4,1.1068032481093175,0.5278056088029525,0.3272613786517469,0.1608448927649914,0.4411764705882353,0.0468633394742812,1.0,0.0,5.949999999999986,0.0,6
wearable,calories_burned,static,4,health/hospital03/Device_2/calories_burned,0.5,4,0.9670816028667152,0.4876557809594251,0.412143365194545,0.2610723351025173,0.4391025641025641,0.0461805478316099,0.951923076923077,0.0,5.1999999999999895,0.0,6
wearable,calories_burned,static,4,health/hospital03/Device_7/calories_burned,0.5,4,0.9678190835260432,0.505776527023374,0.4029360543263202,0.2681811070673531,0.4368932038834951,0.0467634740923972,0.941747572815534,0.0,5.14999999999999,0.0,6
wearable,calories_burned,static,4,health/hospital04/Device_3/calories_burned,0.5,4,0.9824779449590602,0.529732805037729,0.3883564124086736,0.2551318606581582,0.4370748299319727,0.049325591957272,0.9183673469387756,0.0,4.899999999999991,0.0,6
wearable,calories_burned,static,4,health/hospital04/Device_8/calories_burned,0.5,4,0.9512165271097668,0.477188013900504,0.4059803881664359,0.2692133113202505,0.4444444444444445,0.0434297755539206,0.9629629629629628,0.0,5.399999999999989,0.0,6
wearable,calories_burned,static,4,health/hospital05/Device_4/calories_burned,0.5,4,0.960544427889903,0.5090969198962153,0.3647653802497271,0.2540306332272048,0.438943894389439,0.0450105006501183,0.9405940594059404,0.0,5.04999999999999,0.0,6
wearable,calories_burned,static,4,health/hospital05/Device_9/calories_burned,0.5,4,0.96112271471974,0.5050896935111049,0.417629889773019,0.2959952123825946,0.4379084967320261,0.0445692212319798,0.9411764705882352,0.0,5.09999999999999,0.0,6
wearable,heart_rate,static,1,health,0.25,4,1.0583723307148851,0.1645355923095652,0.3954680972400257,0.1023626377045203,0.5966386554621849,0.0340310197164984,8.403361344537815,0.0,5.949999999999986,0.0,6
wearable,heart_rate,static,2,health/hospital01,0.25,4,1.022172812539025,0.4578774963495234,0.2685332559341146,0.1202978639303177,0.4716981132075471,0.0386677387394701,1.8867924528301885,0.0,5.299999999999989,0.0,6
wearable,heart_rate,static,2,health/hospital02,0.25,4,1.174098428983259,0.4879796112195373,0.2565124807940206,0.1161545239314124,0.4607843137254901,0.0388437746575884,1.8403361344537812,0.0,5.949999999999986,0.0,6
wearable,heart_rate,static,2,health/hospital03,0.25,4,1.0196774432592826,0.4686227460480995,0.2516487970994365,0.1047353697920582,0.4711538461538461,0.0349344271626633,1.8846153846153844,0.0,5.1999999999999895,0.0,6
wearable,heart_rate,static,2,health/hospital04,0.25,4,1.0379959381578243,0.4348109183748799,0.2686843928089306,0.1556151220135656,0.4675925925925925,0.0369211148840312,1.7962962962962965,0.0,5.399999999999989,0.0,6
wearable,heart_rate,static,2,health/hospital05,0.25,4,1.0479003185671814,0.4863814118649511,0.2291665846558951,0.1262904192663015,0.4624183006535947,0.0336299757050665,1.872549019607843,0.0,5.09999999999999,0.0,6
wearable,heart_rate,static,3,health/hospital01/Device_10,0.25,4,0.984947189447672,0.4862841516505068,0.2551254623611911,0.1613468150068213,0.4391025641025641,0.0461805478316099,0.951923076923077,0.0,5.1999999999999895,0.0,6
wearable,heart_rate,static,3,health/hospital01/Device_5,0.25,4,0.9659922751355156,0.4964922495393131,0.2812575932663914,0.1872491539746297,0.4418238993710692,0.0497114015939959,0.9528301886792452,0.0,5.299999999999989,0.0,6
wearable,heart_rate,static,3,health/hospital02/Device_1,0.25,4,0.9720199977648268,0.4838453121190771,0.2131159139090175,0.1053674818036088,0.4396825396825397,0.0464295889184396,0.9523809523809522,0.0,5.249999999999989,0.0,6
wearable,heart_rate,static,3,health/hospital02/Device_6,0.25,4,1.1171961693624377,0.5295904741567831,0.2505765661098489,0.1608506699990078,0.4411764705882353,0.0468633394742812,1.0,0.0,5.949999999999986,0.0,6
wearable,heart_rate,static,3,health/hospital03/Device_2,0.25,4,0.9841585274612962,0.4830452369595245,0.3265498207519544,0.133523705409805,0.4391025641025641,0.0461805478316099,0.951923076923077,0.0,5.1999999999999895,0.0,6
wearable,heart_rate,static,3,health/hospital03/Device_7,0.25,4,1.003501717843705,0.4897962788001023,0.2137524241911537,0.1220576560647998,0.4368932038834951,0.0467634740923972,0.941747572815534,0.0,5.14999999999999,0.0,6
wearable,heart_rate,static,3,health/hospital04/Device_3,0.25,4,0.9922428856269088,0.5257546945499127,0.2476858760705038,0.1338322068015591,0.4370748299319727,0.049325591957272,0.9183673469387756,0.0,4.899999999999991,0.0,6
wearable,heart_rate,static,3,health/hospital04/Device_8,0.25,4,0.9761846850348168,0.4717122871940463,0.3445173572277447,0.2976126206189635,0.4444444444444445,0.0434297755539206,0.9629629629629628,0.0,5.399999999999989,0.0,6
wearable,heart_rate,static,3,health/hospital05/Device_4,0.25,4,0.9792269029649032,0.4991586369863939,0.2396452823007113,0.1679764033061103,0.438943894389439,0.0450105006501183,0.9405940594059404,0.0,5.04999999999999,0.0,6
wearable,heart_rate,static,3,health/hospital05/Device_9,0.25,4,0.9814251069201436,0.4995339712081225,0.269085005091165,0.1701927347427786,0.4379084967320261,0.0445692212319798,0.9411764705882352,0.0,5.09999999999999,0.0,6
wearable,heart_rate,static,4,health/hospital01/Device_10/heart_rate,0.25,4,0.984947189447672,0.4862841516505068,0.2551254623611911,0.1613468150068213,0.4391025641025641,0.0461805478316099,0.951923076923077,0.0,5.1999999999999895,0.0,6
wearable,heart_rate,static,4,health/hospital01/Device_5/heart_rate,0.25,4,0.9659922751355156,0.4964922495393131,0.2812575932663914,0.1872491539746297,0.4418238993710692,0.0497114015939959,0.9528301886792452,0.0,5.299999999999989,0.0,6
wearable,heart_rate,static,4,health/hospital02/Device_1/heart_rate,0.25,4,0.9720199977648268,0.4838453121190771,0.2131159139090175,0.1053674818036088,0.4396825396825397,0.0464295889184396,0.9523809523809522,0.0,5.249999999999989,0.0,6
wearable,heart_rate,static,4,health/hospital02/Device_6/heart_rate,0.25,4,1.1171961693624377,0.5295904741567831,0.2505765661098489,0.1608506699990078,0.4411764705882353,0.0468633394742812,1.0,0.0,5.949999999999986,0.0,6
wearable,heart_rate,static,4,health/hospital03/Device_2/heart_rate,0.25,4,0.9841585274612962,0.4830452369595245,0.3265498207519544,0.133523705409805,0.4391025641025641,0.0461805478316099,0.951923076923077,0.0,5.1999999999999895,0.0,6
wearable,heart_rate,static,4,health/hospital03/Device_7/heart_rate,0.25,4,1.003501717843705,0.4897962788001023,0.2137524241911537,0.1220576560647998,0.4368932038834951,0.0467634740923972,0.941747572815534,0.0,5.14999999999999,0.0,6
wearable,heart_rate,static,4,health/hospital04/Device_3/heart_rate,0.25,4,0.9922428856269088,0.5257546945499127,0.2476858760705038,0.1338322068015591,0.4370748299319727,0.049325591957272,0.9183673469387756,0.0,4.899999999999991,0.0,6
wearable,heart_rate,static,4,health/hospital04/Device_8/heart_rate,0.25,4,0.9761846850348168,0.4717122871940463,0.3445173572277447,0.2976126206189635,0.4444444444444445,0.0434297755539206,0.9629629629629628,0.0,5.399999999999989,0.0,6
wearable,heart_rate,static,4,health/hospital05/Device_4/heart_rate,0.25,4,0.9792269029649032,0.4991586369863939,0.2396452823007113,0.1679764033061103,0.438943894389439,0.0450105006501183,0.9405940594059404,0.0,5.04999999999999,0.0,6
wearable,heart_rate,static,4,health/hospital05/Device_9/heart_rate,0.25,4,0.9814251069201436,0.4995339712081225,0.269085005091165,0.1701927347427786,0.4379084967320261,0.0445692212319798,0.9411764705882352,0.0,5.09999999999999,0.0,6
wearable,steps,static,1,health,1.0,4,1.0599766150376793,0.1682124771568632,0.295113660689514,0.0978540421912777,0.5966386554621849,0.0340310197164984,8.403361344537815,0.0,5.949999999999986,0.0,6
wearable,steps,static,2,health/hospital01,1.0,4,1.0515135615104212,0.451729421473711,0.3173973041714289,0.2081960193135043,0.4716981132075471,0.0386677387394701,1.8867924528301885,0.0,5.299999999999989,0.0,6
wearable,steps,static,2,health/hospital02,1.0,4,1.198271425851986,0.491436937804854,0.2698058943570349,0.1283418260884171,0.4607843137254901,0.0388437746575884,1.8403361344537812,0.0,5.949999999999986,0.0,6
wearable,steps,static,2,health/hospital03,1.0,4,1.0454753659760658,0.4731792013752189,0.2837060619543204,0.1779770046833843,0.4711538461538461,0.0349344271626633,1.8846153846153844,0.0,5.1999999999999895,0.0,6
wearable,steps,static,2,health/hospital04,1.0,4,1.0607091704775344,0.4225843622439817,0.2621643293619964,0.1429113474400232,0.4675925925925925,0.0369211148840312,1.7962962962962965,0.0,5.399999999999989,0.0,6
wearable,steps,static,2,health/hospital05,1.0,4,1.0780544230919693,0.4778385819842456,0.1989599721429517,0.1200758209645682,0.4624183006535947,0.0336299757050665,1.872549019607843,0.0,5.09999999999999,0.0,6
wearable,steps,static,3,health/hospital01/Device_10,1.0,4,1.0309746912889726,0.4767937338463005,0.2374029330847059,0.1636810446847531,0.4391025641025641,0.0461805478316099,0.951923076923077,0.0,5.1999999999999895,0.0,6
wearable,steps,static,3,health/hospital01/Device_5,1.0,4,1.0098676274036835,0.4890157929715178,0.2631330565844615,0.2117513036827736,0.4418238993710692,0.0497114015939959,0.9528301886792452,0.0,5.299999999999989,0.0,6
wearable,steps,static,3,health/hospital02/Device_1,1.0,4,1.0262609527999964,0.4539213289859902,0.2545039283151193,0.148113014038652,0.4396825396825397,0.0464295889184396,0.9523809523809522,0.0,5.249999999999989,0.0,6
wearable,steps,static,3,health/hospital02/Device_6,1.0,4,1.1646948883221335,0.5390417322621394,0.1865940471427411,0.1075626655224295,0.4411764705882353,0.0468633394742812,1.0,0.0,5.949999999999986,0.0,6
wearable,steps,static,3,health/hospital03/Device_2,1.0,4,1.0377996330147023,0.5225876675367125,0.3338942485132094,0.203394116368447,0.4391025641025641,0.0461805478316099,0.951923076923077,0.0,5.1999999999999895,0.0,6
wearable,steps,static,3,health/hospital03/Device_7,1.0,4,1.0340020070841176,0.491359094603195,0.277855633072417,0.1800677878744956,0.4368932038834951,0.0467634740923972,0.941747572815534,0.0,5.14999999999999,0.0,6
wearable,steps,static,3,health/hospital04/Device_3,1.0,4,1.0544303088067364,0.5056479456439301,0.2185409623051304,0.218308025019936,0.4370748299319727,0.049325591957272,0.9183673469387756,0.0,4.899999999999991,0.0,6
wearable,steps,static,3,health/hospital04/Device_8,1.0,4,1.0270664345456473,0.4630215457284047,0.3048653266694287,0.1922418053361382,0.4444444444444445,0.0434297755539206,0.9629629629629628,0.0,5.399999999999989,0.0,6
wearable,steps,static,3,health/hospital05/Device_4,1.0,4,1.0182534085109372,0.5097725776303099,0.269642502997784,0.1607138465553774,0.438943894389439,0.0450105006501183,0.9405940594059404,0.0,5.04999999999999,0.0,6
wearable,steps,static,3,health/hospital05/Device_9,1.0,4,1.014478616608598,0.4645202431921937,0.3407406378727773,0.1755267763316255,0.4379084967320261,0.0445692212319798,0.9411764705882352,0.0,5.09999999999999,0.0,6
wearable,steps,static,4,health/hospital01/Device_10/steps,1.0,4,1.0309746912889726,0.4767937338463005,0.2374029330847059,0.1636810446847531,0.4391025641025641,0.0461805478316099,0.951923076923077,0.0,5.1999999999999895,0.0,6
wearable,steps,static,4,health/hospital01/Device_5/steps,1.0,4,1.0098676274036835,0.4890157929715178,0.2631330565844615,0.2117513036827736,0.4418238993710692,0.0497114015939959,0.9528301886792452,0.0,5.299999999999989,0.0,6
wearable,steps,static,4,health/hospital02/Device_1/steps,1.0,4,1.0262609527999964,0.4539213289859902,0.2545039283151193,0.148113014038652,0.4396825396825397,0.0464295889184396,0.9523809523809522,0.0,5.249999999999989,0.0,6
wearable,steps,static,4,health/hospital02/Device_6/steps,1.0,4,1.1646948883221335,0.5390417322621394,0.1865940471427411,0.1075626655224295,0.4411764705882353,0.0468633394742812,1.0,0.0,5.949999999999986,0.0,6
wearable,steps,static,4,health/hospital03/Device_2/steps,1.0,4,1.0377996330147023,0.5225876675367125,0.3338942485132094,0.203394116368447,0.4391025641025641,0.0461805478316099,0.951923076923077,0.0,5.1999999999999895,0.0,6
wearable,steps,static,4,health/hospital03/Device_7/steps,1.0,4,1.0340020070841176,0.491359094603195,0.277855633072417,0.1800677878744956,0.4368932038834951,0.0467634740923972,0.941747572815534,0.0,5.14999999999999,0.0,6
wearable,steps,static,4,health/hospital04/Device_3/steps,1.0,4,1.0544303088067364,0.5056479456439301,0.2185409623051304,0.218308025019936,0.4370748299319727,0.049325591957272,0.9183673469387756,0.0,4.899999999999991,0.0,6
wearable,steps,static,4,health/hospital04/Device_8/steps,1.0,4,1.0270664345456473,0.4630215457284047,0.3048653266694287,0.1922418053361382,0.4444444444444445,0.0434297755539206,0.9629629629629628,0.0,5.399999999999989,0.0,6
wearable,steps,static,4,health/hospital05/Device_4/steps,1.0,4,1.0182534085109372,0.5097725776303099,0.269642502997784,0.1607138465553774,0.438943894389439,0.0450105006501183,0.9405940594059404,0.0,5.04999999999999,0.0,6
wearable,steps,static,4,health/hospital05/Device_9/steps,1.0,4,1.014478616608598,0.4645202431921937,0.3407406378727773,0.1755267763316255,0.4379084967320261,0.0445692212319798,0.9411764705882352,0.0,5.09999999999999,0.0,6
wearable,temperature,static,1,health,0.25,4,1.054481839299562,0.1603528835970516,0.3695593590626359,0.181290887389644,0.5966386554621849,0.0340310197164984,8.403361344537815,0.0,5.949999999999986,0.0,6
wearable,temperature,static,2,health/hospital01,0.25,4,1.0298208394762145,0.4578873826910263,0.2660775779628466,0.1628869402171613,0.4716981132075471,0.0386677387394701,1.8867924528301885,0.0,5.299999999999989,0.0,6
wearable,temperature,static,2,health/hospital02,0.25,4,1.172451929780868,0.4807284703404201,0.2766397418289806,0.1440214512707456,0.4607843137254901,0.0388437746575884,1.8403361344537812,0.0,5.949999999999986,0.0,6
wearable,temperature,static,2,health/hospital03,0.25,4,1.0257140490067131,0.4695851604453102,0.2544043999594392,0.1393573084420835,0.4711538461538461,0.0349344271626633,1.8846153846153844,0.0,5.1999999999999895,0.0,6
wearable,temperature,static,2,health/hospital04,0.25,4,1.0328825943631177,0.4361817187971896,0.2739195906039008,0.2208529453334907,0.4675925925925925,0.0369211148840312,1.7962962962962965,0.0,5.399999999999989,0.0,6
wearable,temperature,static,2,health/hospital05,0.25,4,1.0488870429788073,0.4747689044859973,0.2812836076207886,0.1457736867199327,0.4624183006535947,0.0336299757050665,1.872549019607843,0.0,5.09999999999999,0.0,6
wearable,temperature,static,3,health/hospital01/Device_10,0.25,4,1.0002981391648649,0.4787917469078429,0.2903374767620172,0.1788677725833141,0.4391025641025641,0.0461805478316099,0.951923076923077,0.0,5.1999999999999895,0.0,6
wearable,temperature,static,3,health/hospital01/Device_5,0.25,4,0.9741011311915996,0.4982006521051321,0.2620020982619903,0.1549411627826614,0.4418238993710692,0.0497114015939959,0.9528301886792452,0.0,5.299999999999989,0.0,6
wearable,temperature,static,3,health/hospital02/Device_1,0.25,4,0.9713738982637392,0.4791700510043065,0.2709867698308976,0.229268610568737,0.4396825396825397,0.0464295889184396,0.9523809523809522,0.0,5.249999999999989,0.0,6
wearable,temperature,static,3,health/hospital02/Device_6,0.25,4,1.130879667067222,0.5360690856783686,0.2785364981178956,0.0958092039410691,0.4411764705882353,0.0468633394742812,1.0,0.0,5.949999999999986,0.0,6
wearable,temperature,static,3,health/hospital03/Device_2,0.25,4,1.0066921792342265,0.4968657952107853,0.2577083807142919,0.17858124349186,0.4391025641025641,0.0461805478316099,0.951923076923077,0.0,5.1999999999999895,0.0,6
wearable,temperature,static,3,health/hospital03/Device_7,0.25,4,0.9845551028043578,0.4868308881831694,0.2780323882042765,0.188455121593515,0.4368932038834951,0.0467634740923972,0.941747572815534,0.0,5.14999999999999,0.0,6
wearable,temperature,static,3,health/hospital04/Device_3,0.25,4,1.0168397132655231,0.5348846267109328,0.2406792168862254,0.1702058082291446,0.4370748299319727,0.049325591957272,0.9183673469387756,0.0,4.899999999999991,0.0,6
wearable,temperature,static,3,health/hospital04/Device_8,0.25,4,0.9702566063015228,0.4691347714815711,0.2755831648900889,0.1659830079395298,0.4444444444444445,0.0434297755539206,0.9629629629629628,0.0,5.399999999999989,0.0,6
wearable,temperature,static,3,health/hospital05/Device_4,0.25,4,0.9890174980762336,0.5050452549445641,0.3004470060583233,0.1702211329358095,0.438943894389439,0.0450105006501183,0.9405940594059404,0.0,5.04999999999999,0.0,6
wearable,temperature,static,3,health/hospital05/Device_9,0.25,4,1.0046385683775882,0.5327683937749169,0.2659507763621575,0.1474808402977563,0.4379084967320261,0.0445692212319798,0.9411764705882352,0.0,5.09999999999999,0.0,6
wearable,temperature,static,4,health/hospital01/Device_10/temperature,0.25,4,1.0002981391648649,0.4787917469078429,0.2903374767620172,0.1788677725833141,0.4391025641025641,0.0461805478316099,0.951923076923077,0.0,5.1999999999999895,0.0,6
wearable,temperature,static,4,health/hospital01/Device_5/temperature,0.25,4,0.9741011311915996,0.4982006521051321,0.2620020982619903,0.1549411627826614,0.4418238993710692,0.0497114015939959,0.9528301886792452,0.0,5.299999999999989,0.0,6
wearable,temperature,static,4,health/hospital02/Device_1/temperature,0.25,4,0.9713738982637392,0.4791700510043065,0.2709867698308976,0.229268610568737,0.4396825396825397,0.0464295889184396,0.9523809523809522,0.0,5.249999999999989,0.0,6
wearable,temperature,static,4,health/hospital02/Device_6/temperature,0.25,4,1.130879667067222,0.5360690856783686,0.2785364981178956,0.0958092039410691,0.4411764705882353,0.0468633394742812,1.0,0.0,5.949999999999986,0.0,6
wearable,temperature,static,4,health/hospital03/Device_2/temperature,0.25,4,1.0066921792342265,0.4968657952107853,0.2577083807142919,0.17858124349186,0.4391025641025641,0.0461805478316099,0.951923076923077,0.0,5.1999999999999895,0.0,6
wearable,temperature,static,4,health/hospital03/Device_7/temperature,0.25,4,0.9845551028043578,0.4868308881831694,0.2780323882042765,0.188455121593515,0.4368932038834951,0.0467634740923972,0.941747572815534,0.0,5.14999999999999,0.0,6
wearable,temperature,static,4,health/hospital04/Device_3/temperature,0.25,4,1.0168397132655231,0.5348846267109328,0.2406792168862254,0.1702058082291446,0.4370748299319727,0.049325591957272,0.9183673469387756,0.0,4.899999999999991,0.0,6
wearable,temperature,static,4,health/hospital04/Device_8/temperature,0.25,4,0.9702566063015228,0.4691347714815711,0.2755831648900889,0.1659830079395298,0.4444444444444445,0.0434297755539206,0.9629629629629628,0.0,5.399999999999989,0.0,6
wearable,temperature,static,4,health/hospital05/Device_4/temperature,0.25,4,0.9890174980762336,0.5050452549445641,0.3004470060583233,0.1702211329358095,0.438943894389439,0.0450105006501183,0.9405940594059404,0.0,5.04999999999999,0.0,6
wearable,temperature,static,4,health/hospital05/Device_9/temperature,0.25,4,1.0046385683775882,0.5327683937749169,0.2659507763621575,0.1474808402977563,0.4379084967320261,0.0445692212319798,0.9411764705882352,0.0,5.09999999999999,0.0,6
