stream_id,dataset,sensor,clamp_mode,subscription_level,scope,n_pubs,payload_bound,P_min,P_max,epsilon,w,P,strategy,trial,seed,normalized_mae,mae,kl_divergence,release_rate,attribution_advantage,avg_n_tau,eps_count_spent
energy|power_kw|1|energy,energy,power_kw,static,1,energy,12,50.0,1,,1.0,8,1,p_gated_uniform,0,77,1.010520066769676,50.52600333848379,0.9587642830478376,0.9987162671280664,0.1280562502018617,7.861105684704044,0.0
energy|power_kw|1|energy,energy,power_kw,static,1,energy,12,50.0,1,,1.0,8,1,p_gated_uniform,1,1077,1.021248607964745,51.06243039823725,0.935249102813698,0.9987162671280664,0.1280562502018617,7.861105684704044,0.0
energy|power_kw|1|energy,energy,power_kw,static,1,energy,12,50.0,1,,1.0,8,1,p_gated_uniform,2,2077,1.03193396662111,51.5966983310555,1.0282172861472227,0.9987162671280664,0.1280562502018617,7.861105684704044,0.0
energy|power_kw|1|energy,energy,power_kw,static,1,energy,12,50.0,1,,1.0,8,1,p_gated_uniform,3,3077,1.0223033615410089,51.11516807705045,0.7981555153548424,0.9987162671280664,0.1280562502018617,7.861105684704044,0.0
energy|power_kw|1|energy,energy,power_kw,static,1,energy,12,50.0,1,,1.0,8,1,p_gated_uniform,4,4077,1.023929878434971,51.19649392174856,0.8396386286487941,0.9987162671280664,0.1280562502018617,7.861105684704044,0.0
energy|power_kw|1|energy,energy,power_kw,static,1,energy,12,50.0,1,,1.0,8,1,p_gated_uniform,5,5077,1.0229657612319758,51.14828806159879,0.9503803057793124,0.9987162671280664,0.1280562502018617,7.861105684704044,0.0
energy|power_kw|2|energy/building01,energy,power_kw,static,2,energy/building01,12,50.0,1,,1.0,8,1,p_gated_uniform,0,77,1.010520066769676,50.52600333848379,0.9587642830478376,0.9987162671280664,0.1280562502018617,7.861105684704044,0.0
energy|power_kw|2|energy/building01,energy,power_kw,static,2,energy/building01,12,50.0,1,,1.0,8,1,p_gated_uniform,1,1077,1.021248607964745,51.06243039823725,0.935249102813698,0.9987162671280664,0.1280562502018617,7.861105684704044,0.0
energy|power_kw|2|energy/building01,energy,power_kw,static,2,energy/building01,12,50.0,1,,1.0,8,1,p_gated_uniform,2,2077,1.03193396662111,51.5966983310555,1.0282172861472227,0.9987162671280664,0.1280562502018617,7.861105684704044,0.0
energy|power_kw|2|energy/building01,energy,power_kw,static,2,energy/building01,12,50.0,1,,1.0,8,1,p_gated_uniform,3,3077,1.0223033615410089,51.11516807705045,0.7981555153548424,0.9987162671280664,0.1280562502018617,7.861105684704044,0.0
energy|power_kw|2|energy/building01,energy,power_kw,static,2,energy/building01,12,50.0,1,,1.0,8,1,p_gated_uniform,4,4077,1.023929878434971,51.19649392174856,0.8396386286487941,0.9987162671280664,0.1280562502018617,7.861105684704044,0.0
energy|power_kw|2|energy/building01,energy,power_kw,static,2,energy/building01,12,50.0,1,,1.0,8,1,p_gated_uniform,5,5077,1.0229657612319758,51.14828806159879,0.9503803057793124,0.9987162671280664,0.1280562502018617,7.861105684704044,0.0
energy|power_kw|3|energy/building01/CT1,energy,power_kw,static,3,energy/building01/CT1,1,50.0,1,,1.0,8,1,p_gated_uniform,0,77,7.898403510848636,394.9201755424318,0.726613155740923,0.9987162671280664,1.0,0.9987162671280664,0.0
energy|power_kw|3|energy/building01/CT1,energy,power_kw,static,3,energy/building01/CT1,1,50.0,1,,1.0,8,1,p_gated_uniform,1,1077,7.981617390977083,399.0808695488541,0.8579464112791282,0.9987162671280664,1.0,0.9987162671280664,0.0
energy|power_kw|3|energy/building01/CT1,energy,power_kw,static,3,energy/building01/CT1,1,50.0,1,,1.0,8,1,p_gated_uniform,2,2077,8.05518649461334,402.75932473066695,0.9377198464028924,0.9987162671280664,1.0,0.9987162671280664,0.0
energy|power_kw|3|energy/building01/CT1,energy,power_kw,static,3,energy/building01/CT1,1,50.0,1,,1.0,8,1,p_gated_uniform,3,3077,7.981728817060072,399.0864408530037,0.9848117650101386,0.9987162671280664,1.0,0.9987162671280664,0.0
energy|power_kw|3|energy/building01/CT1,energy,power_kw,static,3,energy/building01/CT1,1,50.0,1,,1.0,8,1,p_gated_uniform,4,4077,7.991721718440528,399.5860859220264,0.9126897642498256,0.9987162671280664,1.0,0.9987162671280664,0.0
energy|power_kw|3|energy/building01/CT1,energy,power_kw,static,3,energy/building01/CT1,1,50.0,1,,1.0,8,1,p_gated_uniform,5,5077,7.984857715768562,399.2428857884281,0.9933288215853604,0.9987162671280664,1.0,0.9987162671280664,0.0
energy|power_kw|3|energy/building01/CT2,energy,power_kw,static,3,energy/building01/CT2,1,50.0,1,,1.0,8,1,p_gated_uniform,0,77,7.9123616262979555,395.6180813148978,0.7275234063686086,0.997916842609014,1.0,0.997916842609014,0.0
energy|power_kw|3|energy/building01/CT2,energy,power_kw,static,3,energy/building01/CT2,1,50.0,1,,1.0,8,1,p_gated_uniform,1,1077,7.976627626341386,398.8313813170693,0.858326869343401,0.997916842609014,1.0,0.997916842609014,0.0
energy|power_kw|3|energy/building01/CT2,energy,power_kw,static,3,energy/building01/CT2,1,50.0,1,,1.0,8,1,p_gated_uniform,2,2077,8.045570131750072,402.2785065875036,0.9380591492111938,0.997916842609014,1.0,0.997916842609014,0.0
energy|power_kw|3|energy/building01/CT2,energy,power_kw,static,3,energy/building01/CT2,1,50.0,1,,1.0,8,1,p_gated_uniform,3,3077,7.982779647312684,399.1389823656342,0.9840408746171312,0.997916842609014,1.0,0.997916842609014,0.0
energy|power_kw|3|energy/building01/CT2,energy,power_kw,static,3,energy/building01/CT2,1,50.0,1,,1.0,8,1,p_gated_uniform,4,4077,7.996599012724528,399.8299506362264,0.9133475927544434,0.997916842609014,1.0,0.997916842609014,0.0
energy|power_kw|3|energy/building01/CT2,energy,power_kw,static,3,energy/building01/CT2,1,50.0,1,,1.0,8,1,p_gated_uniform,5,5077,7.9962753209096284,399.81376604548143,0.994767534854662,0.997916842609014,1.0,0.997916842609014,0.0
energy|power_kw|3|energy/building01/CT3,energy,power_kw,static,3,energy/building01/CT3,1,50.0,1,,1.0,8,1,p_gated_uniform,0,77,7.904321448371657,395.2160724185828,0.8784012189073833,0.9325227963525836,1.0,0.9325227963525836,0.0
energy|power_kw|3|energy/building01/CT3,energy,power_kw,static,3,energy/building01/CT3,1,50.0,1,,1.0,8,1,p_gated_uniform,1,1077,8.012328573997376,400.6164286998688,0.7963050943094515,0.9325227963525836,1.0,0.9325227963525836,0.0
energy|power_kw|3|energy/building01/CT3,energy,power_kw,static,3,energy/building01/CT3,1,50.0,1,,1.0,8,1,p_gated_uniform,2,2077,8.02494006637593,401.2470033187965,0.92462707325337,0.9325227963525836,1.0,0.9325227963525836,0.0
energy|power_kw|3|energy/building01/CT3,energy,power_kw,static,3,energy/building01/CT3,1,50.0,1,,1.0,8,1,p_gated_uniform,3,3077,8.03921692855915,401.9608464279575,0.7838638518749056,0.9325227963525836,1.0,0.9325227963525836,0.0
energy|power_kw|3|energy/building01/CT3,energy,power_kw,static,3,energy/building01/CT3,1,50.0,1,,1.0,8,1,p_gated_uniform,4,4077,8.039762985716838,401.9881492858418,0.7600844109460863,0.9325227963525836,1.0,0.9325227963525836,0.0
energy|power_kw|3|energy/building01/CT3,energy,power_kw,static,3,energy/building01/CT3,1,50.0,1,,1.0,8,1,p_gated_uniform,5,5077,7.963518854967586,398.1759427483793,0.7537710547473967,0.9325227963525836,1.0,0.9325227963525836,0.0
energy|power_kw|3|energy/building01/CT4,energy,power_kw,static,3,energy/building01/CT4,1,50.0,1,,1.0,8,1,p_gated_uniform,0,77,7.335914934772758,366.7957467386379,0.6833007539011422,0.3454545454545454,1.0,0.3454545454545454,0.0
energy|power_kw|3|energy/building01/CT4,energy,power_kw,static,3,energy/building01/CT4,1,50.0,1,,1.0,8,1,p_gated_uniform,1,1077,7.425575036358715,371.27875181793576,1.022356465479532,0.3454545454545454,1.0,0.3454545454545454,0.0
energy|power_kw|3|energy/building01/CT4,energy,power_kw,static,3,energy/building01/CT4,1,50.0,1,,1.0,8,1,p_gated_uniform,2,2077,7.53357396955867,376.6786984779335,0.8497684870149705,0.3454545454545454,1.0,0.3454545454545454,0.0
energy|power_kw|3|energy/building01/CT4,energy,power_kw,static,3,energy/building01/CT4,1,50.0,1,,1.0,8,1,p_gated_uniform,3,3077,8.159348689589264,407.9674344794632,0.8064177537292108,0.3454545454545454,1.0,0.3454545454545454,0.0
energy|power_kw|3|energy/building01/CT4,energy,power_kw,static,3,energy/building01/CT4,1,50.0,1,,1.0,8,1,p_gated_uniform,4,4077,7.8100300092609185,390.50150046304594,0.9770757998193736,0.3454545454545454,1.0,0.3454545454545454,0.0
energy|power_kw|3|energy/building01/CT4,energy,power_kw,static,3,energy/building01/CT4,1,50.0,1,,1.0,8,1,p_gated_uniform,5,5077,7.814539067335641,390.726953366782,0.8384449020288817,0.3454545454545454,1.0,0.3454545454545454,0.0
energy|power_kw|3|energy/building01/CT5,energy,power_kw,static,3,energy/building01/CT5,1,50.0,1,,1.0,8,1,p_gated_uniform,0,77,7.293834048933871,364.6917024466935,0.8932936716789476,0.1641157302261281,1.0,0.1641157302261281,0.0
energy|power_kw|3|energy/building01/CT5,energy,power_kw,static,3,energy/building01/CT5,1,50.0,1,,1.0,8,1,p_gated_uniform,1,1077,8.308261178667902,415.4130589333951,0.8893069028811975,0.1641157302261281,1.0,0.1641157302261281,0.0
energy|power_kw|3|energy/building01/CT5,energy,power_kw,static,3,energy/building01/CT5,1,50.0,1,,1.0,8,1,p_gated_uniform,2,2077,8.010296979888963,400.5148489944481,1.0269458289424107,0.1641157302261281,1.0,0.1641157302261281,0.0
energy|power_kw|3|energy/building01/CT5,energy,power_kw,static,3,energy/building01/CT5,1,50.0,1,,1.0,8,1,p_gated_uniform,3,3077,8.27898167823557,413.9490839117785,0.7184145315026771,0.1641157302261281,1.0,0.1641157302261281,0.0
energy|power_kw|3|energy/building01/CT5,energy,power_kw,static,3,energy/building01/CT5,1,50.0,1,,1.0,8,1,p_gated_uniform,4,4077,7.863626555382034,393.1813277691017,0.8712359839188851,0.1641157302261281,1.0,0.1641157302261281,0.0
energy|power_kw|3|energy/building01/CT5,energy,power_kw,static,3,energy/building01/CT5,1,50.0,1,,1.0,8,1,p_gated_uniform,5,5077,7.838712908304022,391.9356454152011,0.7152360073015737,0.1641157302261281,1.0,0.1641157302261281,0.0
energy|power_kw|3|energy/building01/CT6,energy,power_kw,static,3,energy/building01/CT6,1,50.0,1,,1.0,8,1,p_gated_uniform,0,77,7.898403293125681,394.920164656284,0.726555350918148,0.9987162671280664,1.0,0.9987162671280664,0.0
energy|power_kw|3|energy/building01/CT6,energy,power_kw,static,3,energy/building01/CT6,1,50.0,1,,1.0,8,1,p_gated_uniform,1,1077,7.981613728756969,399.0806864378485,0.8584083927437222,0.9987162671280664,1.0,0.9987162671280664,0.0
energy|power_kw|3|energy/building01/CT6,energy,power_kw,static,3,energy/building01/CT6,1,50.0,1,,1.0,8,1,p_gated_uniform,2,2077,8.05518696685029,402.7593483425145,0.9380771841205376,0.9987162671280664,1.0,0.9987162671280664,0.0
energy|power_kw|3|energy/building01/CT6,energy,power_kw,static,3,energy/building01/CT6,1,50.0,1,,1.0,8,1,p_gated_uniform,3,3077,7.981723678454132,399.0861839227066,0.9854114307860063,0.9987162671280664,1.0,0.9987162671280664,0.0
energy|power_kw|3|energy/building01/CT6,energy,power_kw,static,3,energy/building01/CT6,1,50.0,1,,1.0,8,1,p_gated_uniform,4,4077,7.991713099988263,399.5856549994131,0.9135263389444708,0.9987162671280664,1.0,0.9987162671280664,0.0
energy|power_kw|3|energy/building01/CT6,energy,power_kw,static,3,energy/building01/CT6,1,50.0,1,,1.0,8,1,p_gated_uniform,5,5077,7.984849918533238,399.2424959266619,0.9944626984767342,0.9987162671280664,1.0,0.9987162671280664,0.0
energy|power_kw|3|energy/building01/CT7,energy,power_kw,static,3,energy/building01/CT7,1,50.0,1,,1.0,8,1,p_gated_uniform,0,77,7.898405355935567,394.9202677967783,0.7264396649181419,0.9987162671280664,1.0,0.9987162671280664,0.0
energy|power_kw|3|energy/building01/CT7,energy,power_kw,static,3,energy/building01/CT7,1,50.0,1,,1.0,8,1,p_gated_uniform,1,1077,7.981611617388491,399.0805808694245,0.8583422474230965,0.9987162671280664,1.0,0.9987162671280664,0.0
energy|power_kw|3|energy/building01/CT7,energy,power_kw,static,3,energy/building01/CT7,1,50.0,1,,1.0,8,1,p_gated_uniform,2,2077,8.055185232229503,402.7592616114752,0.9380772054523612,0.9987162671280664,1.0,0.9987162671280664,0.0
energy|power_kw|3|energy/building01/CT7,energy,power_kw,static,3,energy/building01/CT7,1,50.0,1,,1.0,8,1,p_gated_uniform,3,3077,7.981719862325612,399.0859931162806,0.9850367638584164,0.9987162671280664,1.0,0.9987162671280664,0.0
energy|power_kw|3|energy/building01/CT7,energy,power_kw,static,3,energy/building01/CT7,1,50.0,1,,1.0,8,1,p_gated_uniform,4,4077,7.991710144891004,399.58550724455023,0.913665834808464,0.9987162671280664,1.0,0.9987162671280664,0.0
energy|power_kw|3|energy/building01/CT7,energy,power_kw,static,3,energy/building01/CT7,1,50.0,1,,1.0,8,1,p_gated_uniform,5,5077,7.984846804178686,399.2423402089343,0.9945384415650522,0.9987162671280664,1.0,0.9987162671280664,0.0
energy|power_kw|3|energy/building01/CT8,energy,power_kw,static,3,energy/building01/CT8,1,50.0,1,,1.0,8,1,p_gated_uniform,0,77,8.056417236443897,402.8208618221949,0.7269078279402509,0.9869713427316849,1.0,0.9869713427316849,0.0
energy|power_kw|3|energy/building01/CT8,energy,power_kw,static,3,energy/building01/CT8,1,50.0,1,,1.0,8,1,p_gated_uniform,1,1077,8.075149798145596,403.75748990727976,0.8591460327013738,0.9869713427316849,1.0,0.9869713427316849,0.0
energy|power_kw|3|energy/building01/CT8,energy,power_kw,static,3,energy/building01/CT8,1,50.0,1,,1.0,8,1,p_gated_uniform,2,2077,8.06933645618512,403.466822809256,0.9378755092891136,0.9869713427316849,1.0,0.9869713427316849,0.0
energy|power_kw|3|energy/building01/CT8,energy,power_kw,static,3,energy/building01/CT8,1,50.0,1,,1.0,8,1,p_gated_uniform,3,3077,8.03066256271762,401.533128135881,0.9827961758886888,0.9869713427316849,1.0,0.9869713427316849,0.0
energy|power_kw|3|energy/building01/CT8,energy,power_kw,static,3,energy/building01/CT8,1,50.0,1,,1.0,8,1,p_gated_uniform,4,4077,7.912671706411296,395.6335853205648,0.914078923449022,0.9869713427316849,1.0,0.9869713427316849,0.0
energy|power_kw|3|energy/building01/CT8,energy,power_kw,static,3,energy/building01/CT8,1,50.0,1,,1.0,8,1,p_gated_uniform,5,5077,8.0099371484402,400.49685742201,0.994152741619463,0.9869713427316849,1.0,0.9869713427316849,0.0
energy|power_kw|3|energy/building01/CT9,energy,power_kw,static,3,energy/building01/CT9,1,50.0,1,,1.0,8,1,p_gated_uniform,0,77,7.809055352564501,390.45276762822505,0.8667191273842174,0.0640373197625106,1.0,0.0640373197625106,0.0
energy|power_kw|3|energy/building01/CT9,energy,power_kw,static,3,energy/building01/CT9,1,50.0,1,,1.0,8,1,p_gated_uniform,1,1077,5.418864906855103,270.9432453427552,1.1311148558274775,0.0640373197625106,1.0,0.0640373197625106,0.0
energy|power_kw|3|energy/building01/CT9,energy,power_kw,static,3,energy/building01/CT9,1,50.0,1,,1.0,8,1,p_gated_uniform,2,2077,7.715864228406406,385.7932114203203,0.8627856332025574,0.0640373197625106,1.0,0.0640373197625106,0.0
energy|power_kw|3|energy/building01/CT9,energy,power_kw,static,3,energy/building01/CT9,1,50.0,1,,1.0,8,1,p_gated_uniform,3,3077,9.462330324803354,473.1165162401677,0.7362737743655884,0.0640373197625106,1.0,0.0640373197625106,0.0
energy|power_kw|3|energy/building01/CT9,energy,power_kw,static,3,energy/building01/CT9,1,50.0,1,,1.0,8,1,p_gated_uniform,4,4077,8.096192732817046,404.8096366408523,1.0728576680721742,0.0640373197625106,1.0,0.0640373197625106,0.0
energy|power_kw|3|energy/building01/CT9,energy,power_kw,static,3,energy/building01/CT9,1,50.0,1,,1.0,8,1,p_gated_uniform,5,5077,8.836658390695234,441.8329195347617,0.8610460207148101,0.0640373197625106,1.0,0.0640373197625106,0.0
energy|power_kw|3|energy/building01/CT10,energy,power_kw,static,3,energy/building01/CT10,1,50.0,1,,1.0,8,1,p_gated_uniform,0,77,7.898406671622224,394.9203335811112,0.726497503463403,0.9987162671280664,1.0,0.9987162671280664,0.0
energy|power_kw|3|energy/building01/CT10,energy,power_kw,static,3,energy/building01/CT10,1,50.0,1,,1.0,8,1,p_gated_uniform,1,1077,7.981610181421644,399.0805090710822,0.8584082497491762,0.9987162671280664,1.0,0.9987162671280664,0.0
energy|power_kw|3|energy/building01/CT10,energy,power_kw,static,3,energy/building01/CT10,1,50.0,1,,1.0,8,1,p_gated_uniform,2,2077,8.055183943333793,402.75919716668966,0.9381486940329774,0.9987162671280664,1.0,0.9987162671280664,0.0
energy|power_kw|3|energy/building01/CT10,energy,power_kw,static,3,energy/building01/CT10,1,50.0,1,,1.0,8,1,p_gated_uniform,3,3077,7.9817209678707775,399.0860483935389,0.9850367638584164,0.9987162671280664,1.0,0.9987162671280664,0.0
energy|power_kw|3|energy/building01/CT10,energy,power_kw,static,3,energy/building01/CT10,1,50.0,1,,1.0,8,1,p_gated_uniform,4,4077,7.991708750691989,399.58543753459946,0.9135960844429744,0.9987162671280664,1.0,0.9987162671280664,0.0
energy|power_kw|3|energy/building01/CT10,energy,power_kw,static,3,energy/building01/CT10,1,50.0,1,,1.0,8,1,p_gated_uniform,5,5077,7.984845079930089,399.2422539965045,0.9945384415650522,0.9987162671280664,1.0,0.9987162671280664,0.0
energy|power_kw|3|energy/building01/CT13,energy,power_kw,static,3,energy/building01/CT13,1,50.0,1,,1.0,8,1,p_gated_uniform,0,77,7.7241539239416035,386.20769619708017,0.8827566711276015,0.0717795342875454,1.0,0.0717795342875454,0.0
energy|power_kw|3|energy/building01/CT13,energy,power_kw,static,3,energy/building01/CT13,1,50.0,1,,1.0,8,1,p_gated_uniform,1,1077,7.863533748153625,393.1766874076813,1.1113990385593688,0.0717795342875454,1.0,0.0717795342875454,0.0
energy|power_kw|3|energy/building01/CT13,energy,power_kw,static,3,energy/building01/CT13,1,50.0,1,,1.0,8,1,p_gated_uniform,2,2077,7.940073479896765,397.0036739948383,0.8576382601921894,0.0717795342875454,1.0,0.0717795342875454,0.0
energy|power_kw|3|energy/building01/CT13,energy,power_kw,static,3,energy/building01/CT13,1,50.0,1,,1.0,8,1,p_gated_uniform,3,3077,8.27358907606206,413.6794538031029,0.7214872787650449,0.0717795342875454,1.0,0.0717795342875454,0.0
energy|power_kw|3|energy/building01/CT13,energy,power_kw,static,3,energy/building01/CT13,1,50.0,1,,1.0,8,1,p_gated_uniform,4,4077,8.978489159174055,448.9244579587028,1.0833205311825398,0.0717795342875454,1.0,0.0717795342875454,0.0
energy|power_kw|3|energy/building01/CT13,energy,power_kw,static,3,energy/building01/CT13,1,50.0,1,,1.0,8,1,p_gated_uniform,5,5077,9.407628375664238,470.3814187832119,0.8662909999884555,0.0717795342875454,1.0,0.0717795342875454,0.0
energy|power_kw|3|energy/building01/CT17,energy,power_kw,static,3,energy/building01/CT17,1,50.0,1,,1.0,8,1,p_gated_uniform,0,77,7.899158527516802,394.9579263758401,0.7268165354865456,0.9987162313016298,1.0,0.9987162313016298,0.0
energy|power_kw|3|energy/building01/CT17,energy,power_kw,static,3,energy/building01/CT17,1,50.0,1,,1.0,8,1,p_gated_uniform,1,1077,7.974754975978827,398.73774879894137,0.85877638920705,0.9987162313016298,1.0,0.9987162313016298,0.0
energy|power_kw|3|energy/building01/CT17,energy,power_kw,static,3,energy/building01/CT17,1,50.0,1,,1.0,8,1,p_gated_uniform,2,2077,8.04448037843499,402.2240189217495,0.9379062709847572,0.9987162313016298,1.0,0.9987162313016298,0.0
energy|power_kw|3|energy/building01/CT17,energy,power_kw,static,3,energy/building01/CT17,1,50.0,1,,1.0,8,1,p_gated_uniform,3,3077,7.978080406436207,398.9040203218103,0.9852334653248488,0.9987162313016298,1.0,0.9987162313016298,0.0
energy|power_kw|3|energy/building01/CT17,energy,power_kw,static,3,energy/building01/CT17,1,50.0,1,,1.0,8,1,p_gated_uniform,4,4077,8.003238114044809,400.1619057022404,0.9131496955399118,0.9987162313016298,1.0,0.9987162313016298,0.0
energy|power_kw|3|energy/building01/CT17,energy,power_kw,static,3,energy/building01/CT17,1,50.0,1,,1.0,8,1,p_gated_uniform,5,5077,7.984878172188243,399.2439086094122,0.9937545243662176,0.9987162313016298,1.0,0.9987162313016298,0.0
energy|power_kw|4|energy/building01/CT1/power_kw,energy,power_kw,static,4,energy/building01/CT1/power_kw,1,50.0,1,,1.0,8,1,p_gated_uniform,0,77,7.898403510848636,394.9201755424318,0.726613155740923,0.9987162671280664,1.0,0.9987162671280664,0.0
energy|power_kw|4|energy/building01/CT1/power_kw,energy,power_kw,static,4,energy/building01/CT1/power_kw,1,50.0,1,,1.0,8,1,p_gated_uniform,1,1077,7.981617390977083,399.0808695488541,0.8579464112791282,0.9987162671280664,1.0,0.9987162671280664,0.0
energy|power_kw|4|energy/building01/CT1/power_kw,energy,power_kw,static,4,energy/building01/CT1/power_kw,1,50.0,1,,1.0,8,1,p_gated_uniform,2,2077,8.05518649461334,402.75932473066695,0.9377198464028924,0.9987162671280664,1.0,0.9987162671280664,0.0
energy|power_kw|4|energy/building01/CT1/power_kw,energy,power_kw,static,4,energy/building01/CT1/power_kw,1,50.0,1,,1.0,8,1,p_gated_uniform,3,3077,7.981728817060072,399.0864408530037,0.9848117650101386,0.9987162671280664,1.0,0.9987162671280664,0.0
energy|power_kw|4|energy/building01/CT1/power_kw,energy,power_kw,static,4,energy/building01/CT1/power_kw,1,50.0,1,,1.0,8,1,p_gated_uniform,4,4077,7.991721718440528,399.5860859220264,0.9126897642498256,0.9987162671280664,1.0,0.9987162671280664,0.0
energy|power_kw|4|energy/building01/CT1/power_kw,energy,power_kw,static,4,energy/building01/CT1/power_kw,1,50.0,1,,1.0,8,1,p_gated_uniform,5,5077,7.984857715768562,399.2428857884281,0.9933288215853604,0.9987162671280664,1.0,0.9987162671280664,0.0
energy|power_kw|4|energy/building01/CT2/power_kw,energy,power_kw,static,4,energy/building01/CT2/power_kw,1,50.0,1,,1.0,8,1,p_gated_uniform,0,77,7.9123616262979555,395.6180813148978,0.7275234063686086,0.997916842609014,1.0,0.997916842609014,0.0
energy|power_kw|4|energy/building01/CT2/power_kw,energy,power_kw,static,4,energy/building01/CT2/power_kw,1,50.0,1,,1.0,8,1,p_gated_uniform,1,1077,7.976627626341386,398.8313813170693,0.858326869343401,0.997916842609014,1.0,0.997916842609014,0.0
energy|power_kw|4|energy/building01/CT2/power_kw,energy,power_kw,static,4,energy/building01/CT2/power_kw,1,50.0,1,,1.0,8,1,p_gated_uniform,2,2077,8.045570131750072,402.2785065875036,0.9380591492111938,0.997916842609014,1.0,0.997916842609014,0.0
energy|power_kw|4|energy/building01/CT2/power_kw,energy,power_kw,static,4,energy/building01/CT2/power_kw,1,50.0,1,,1.0,8,1,p_gated_uniform,3,3077,7.982779647312684,399.1389823656342,0.9840408746171312,0.997916842609014,1.0,0.997916842609014,0.0
energy|power_kw|4|energy/building01/CT2/power_kw,energy,power_kw,static,4,energy/building01/CT2/power_kw,1,50.0,1,,1.0,8,1,p_gated_uniform,4,4077,7.996599012724528,399.8299506362264,0.9133475927544434,0.997916842609014,1.0,0.997916842609014,0.0
energy|power_kw|4|energy/building01/CT2/power_kw,energy,power_kw,static,4,energy/building01/CT2/power_kw,1,50.0,1,,1.0,8,1,p_gated_uniform,5,5077,7.9962753209096284,399.81376604548143,0.994767534854662,0.997916842609014,1.0,0.997916842609014,0.0
energy|power_kw|4|energy/building01/CT3/power_kw,energy,power_kw,static,4,energy/building01/CT3/power_kw,1,50.0,1,,1.0,8,1,p_gated_uniform,0,77,7.904321448371657,395.2160724185828,0.8784012189073833,0.9325227963525836,1.0,0.9325227963525836,0.0
energy|power_kw|4|energy/building01/CT3/power_kw,energy,power_kw,static,4,energy/building01/CT3/power_kw,1,50.0,1,,1.0,8,1,p_gated_uniform,1,1077,8.012328573997376,400.6164286998688,0.7963050943094515,0.9325227963525836,1.0,0.9325227963525836,0.0
energy|power_kw|4|energy/building01/CT3/power_kw,energy,power_kw,static,4,energy/building01/CT3/power_kw,1,50.0,1,,1.0,8,1,p_gated_uniform,2,2077,8.02494006637593,401.2470033187965,0.92462707325337,0.9325227963525836,1.0,0.9325227963525836,0.0
energy|power_kw|4|energy/building01/CT3/power_kw,energy,power_kw,static,4,energy/building01/CT3/power_kw,1,50.0,1,,1.0,8,1,p_gated_uniform,3,3077,8.03921692855915,401.9608464279575,0.7838638518749056,0.9325227963525836,1.0,0.9325227963525836,0.0
energy|power_kw|4|energy/building01/CT3/power_kw,energy,power_kw,static,4,energy/building01/CT3/power_kw,1,50.0,1,,1.0,8,1,p_gated_uniform,4,4077,8.039762985716838,401.9881492858418,0.7600844109460863,0.9325227963525836,1.0,0.9325227963525836,0.0
energy|power_kw|4|energy/building01/CT3/power_kw,energy,power_kw,static,4,energy/building01/CT3/power_kw,1,50.0,1,,1.0,8,1,p_gated_uniform,5,5077,7.963518854967586,398.1759427483793,0.7537710547473967,0.9325227963525836,1.0,0.9325227963525836,0.0
energy|power_kw|4|energy/building01/CT4/power_kw,energy,power_kw,static,4,energy/building01/CT4/power_kw,1,50.0,1,,1.0,8,1,p_gated_uniform,0,77,7.335914934772758,366.7957467386379,0.6833007539011422,0.3454545454545454,1.0,0.3454545454545454,0.0
energy|power_kw|4|energy/building01/CT4/power_kw,energy,power_kw,static,4,energy/building01/CT4/power_kw,1,50.0,1,,1.0,8,1,p_gated_uniform,1,1077,7.425575036358715,371.27875181793576,1.022356465479532,0.3454545454545454,1.0,0.3454545454545454,0.0
energy|power_kw|4|energy/building01/CT4/power_kw,energy,power_kw,static,4,energy/building01/CT4/power_kw,1,50.0,1,,1.0,8,1,p_gated_uniform,2,2077,7.53357396955867,376.6786984779335,0.8497684870149705,0.3454545454545454,1.0,0.3454545454545454,0.0
energy|power_kw|4|energy/building01/CT4/power_kw,energy,power_kw,static,4,energy/building01/CT4/power_kw,1,50.0,1,,1.0,8,1,p_gated_uniform,3,3077,8.159348689589264,407.9674344794632,0.8064177537292108,0.3454545454545454,1.0,0.3454545454545454,0.0
energy|power_kw|4|energy/building01/CT4/power_kw,energy,power_kw,static,4,energy/building01/CT4/power_kw,1,50.0,1,,1.0,8,1,p_gated_uniform,4,4077,7.8100300092609185,390.50150046304594,0.9770757998193736,0.3454545454545454,1.0,0.3454545454545454,0.0
energy|power_kw|4|energy/building01/CT4/power_kw,energy,power_kw,static,4,energy/building01/CT4/power_kw,1,50.0,1,,1.0,8,1,p_gated_uniform,5,5077,7.814539067335641,390.726953366782,0.8384449020288817,0.3454545454545454,1.0,0.3454545454545454,0.0
energy|power_kw|4|energy/building01/CT5/power_kw,energy,power_kw,static,4,energy/building01/CT5/power_kw,1,50.0,1,,1.0,8,1,p_gated_uniform,0,77,7.293834048933871,364.6917024466935,0.8932936716789476,0.1641157302261281,1.0,0.1641157302261281,0.0
energy|power_kw|4|energy/building01/CT5/power_kw,energy,power_kw,static,4,energy/building01/CT5/power_kw,1,50.0,1,,1.0,8,1,p_gated_uniform,1,1077,8.308261178667902,415.4130589333951,0.8893069028811975,0.1641157302261281,1.0,0.1641157302261281,0.0
energy|power_kw|4|energy/building01/CT5/power_kw,energy,power_kw,static,4,energy/building01/CT5/power_kw,1,50.0,1,,1.0,8,1,p_gated_uniform,2,2077,8.010296979888963,400.5148489944481,1.0269458289424107,0.1641157302261281,1.0,0.1641157302261281,0.0
energy|power_kw|4|energy/building01/CT5/power_kw,energy,power_kw,static,4,energy/building01/CT5/power_kw,1,50.0,1,,1.0,8,1,p_gated_uniform,3,3077,8.27898167823557,413.9490839117785,0.7184145315026771,0.1641157302261281,1.0,0.1641157302261281,0.0
energy|power_kw|4|energy/building01/CT5/power_kw,energy,power_kw,static,4,energy/building01/CT5/power_kw,1,50.0,1,,1.0,8,1,p_gated_uniform,4,4077,7.863626555382034,393.1813277691017,0.8712359839188851,0.1641157302261281,1.0,0.1641157302261281,0.0
energy|power_kw|4|energy/building01/CT5/power_kw,energy,power_kw,static,4,energy/building01/CT5/power_kw,1,50.0,1,,1.0,8,1,p_gated_uniform,5,5077,7.838712908304022,391.9356454152011,0.7152360073015737,0.1641157302261281,1.0,0.1641157302261281,0.0
energy|power_kw|4|energy/building01/CT6/power_kw,energy,power_kw,static,4,energy/building01/CT6/power_kw,1,50.0,1,,1.0,8,1,p_gated_uniform,0,77,7.898403293125681,394.920164656284,0.726555350918148,0.9987162671280664,1.0,0.9987162671280664,0.0
energy|power_kw|4|energy/building01/CT6/power_kw,energy,power_kw,static,4,energy/building01/CT6/power_kw,1,50.0,1,,1.0,8,1,p_gated_uniform,1,1077,7.981613728756969,399.0806864378485,0.8584083927437222,0.9987162671280664,1.0,0.9987162671280664,0.0
energy|power_kw|4|energy/building01/CT6/power_kw,energy,power_kw,static,4,energy/building01/CT6/power_kw,1,50.0,1,,1.0,8,1,p_gated_uniform,2,2077,8.05518696685029,402.7593483425145,0.9380771841205376,0.9987162671280664,1.0,0.9987162671280664,0.0
energy|power_kw|4|energy/building01/CT6/power_kw,energy,power_kw,static,4,energy/building01/CT6/power_kw,1,50.0,1,,1.0,8,1,p_gated_uniform,3,3077,7.981723678454132,399.0861839227066,0.9854114307860063,0.9987162671280664,1.0,0.9987162671280664,0.0
energy|power_kw|4|energy/building01/CT6/power_kw,energy,power_kw,static,4,energy/building01/CT6/power_kw,1,50.0,1,,1.0,8,1,p_gated_uniform,4,4077,7.991713099988263,399.5856549994131,0.9135263389444708,0.9987162671280664,1.0,0.9987162671280664,0.0
energy|power_kw|4|energy/building01/CT6/power_kw,energy,power_kw,static,4,energy/building01/CT6/power_kw,1,50.0,1,,1.0,8,1,p_gated_uniform,5,5077,7.984849918533238,399.2424959266619,0.9944626984767342,0.9987162671280664,1.0,0.9987162671280664,0.0
energy|power_kw|4|energy/building01/CT7/power_kw,energy,power_kw,static,4,energy/building01/CT7/power_kw,1,50.0,1,,1.0,8,1,p_gated_uniform,0,77,7.898405355935567,394.9202677967783,0.7264396649181419,0.9987162671280664,1.0,0.9987162671280664,0.0
energy|power_kw|4|energy/building01/CT7/power_kw,energy,power_kw,static,4,energy/building01/CT7/power_kw,1,50.0,1,,1.0,8,1,p_gated_uniform,1,1077,7.981611617388491,399.0805808694245,0.8583422474230965,0.9987162671280664,1.0,0.9987162671280664,0.0
energy|power_kw|4|energy/building01/CT7/power_kw,energy,power_kw,static,4,energy/building01/CT7/power_kw,1,50.0,1,,1.0,8,1,p_gated_uniform,2,2077,8.055185232229503,402.7592616114752,0.9380772054523612,0.9987162671280664,1.0,0.9987162671280664,0.0
energy|power_kw|4|energy/building01/CT7/power_kw,energy,power_kw,static,4,energy/building01/CT7/power_kw,1,50.0,1,,1.0,8,1,p_gated_uniform,3,3077,7.981719862325612,399.0859931162806,0.9850367638584164,0.9987162671280664,1.0,0.9987162671280664,0.0
energy|power_kw|4|energy/building01/CT7/power_kw,energy,power_kw,static,4,energy/building01/CT7/power_kw,1,50.0,1,,1.0,8,1,p_gated_uniform,4,4077,7.991710144891004,399.58550724455023,0.913665834808464,0.9987162671280664,1.0,0.9987162671280664,0.0
energy|power_kw|4|energy/building01/CT7/power_kw,energy,power_kw,static,4,energy/building01/CT7/power_kw,1,50.0,1,,1.0,8,1,p_gated_uniform,5,5077,7.984846804178686,399.2423402089343,0.9945384415650522,0.9987162671280664,1.0,0.9987162671280664,0.0
energy|power_kw|4|energy/building01/CT8/power_kw,energy,power_kw,static,4,energy/building01/CT8/power_kw,1,50.0,1,,1.0,8,1,p_gated_uniform,0,77,8.056417236443897,402.8208618221949,0.7269078279402509,0.9869713427316849,1.0,0.9869713427316849,0.0
energy|power_kw|4|energy/building01/CT8/power_kw,energy,power_kw,static,4,energy/building01/CT8/power_kw,1,50.0,1,,1.0,8,1,p_gated_uniform,1,1077,8.075149798145596,403.75748990727976,0.8591460327013738,0.9869713427316849,1.0,0.9869713427316849,0.0
energy|power_kw|4|energy/building01/CT8/power_kw,energy,power_kw,static,4,energy/building01/CT8/power_kw,1,50.0,1,,1.0,8,1,p_gated_uniform,2,2077,8.06933645618512,403.466822809256,0.9378755092891136,0.9869713427316849,1.0,0.9869713427316849,0.0
energy|power_kw|4|energy/building01/CT8/power_kw,energy,power_kw,static,4,energy/building01/CT8/power_kw,1,50.0,1,,1.0,8,1,p_gated_uniform,3,3077,8.03066256271762,401.533128135881,0.9827961758886888,0.9869713427316849,1.0,0.9869713427316849,0.0
energy|power_kw|4|energy/building01/CT8/power_kw,energy,power_kw,static,4,energy/building01/CT8/power_kw,1,50.0,1,,1.0,8,1,p_gated_uniform,4,4077,7.912671706411296,395.6335853205648,0.914078923449022,0.9869713427316849,1.0,0.9869713427316849,0.0
energy|power_kw|4|energy/building01/CT8/power_kw,energy,power_kw,static,4,energy/building01/CT8/power_kw,1,50.0,1,,1.0,8,1,p_gated_uniform,5,5077,8.0099371484402,400.49685742201,0.994152741619463,0.9869713427316849,1.0,0.9869713427316849,0.0
energy|power_kw|4|energy/building01/CT9/power_kw,energy,power_kw,static,4,energy/building01/CT9/power_kw,1,50.0,1,,1.0,8,1,p_gated_uniform,0,77,7.809055352564501,390.45276762822505,0.8667191273842174,0.0640373197625106,1.0,0.0640373197625106,0.0
energy|power_kw|4|energy/building01/CT9/power_kw,energy,power_kw,static,4,energy/building01/CT9/power_kw,1,50.0,1,,1.0,8,1,p_gated_uniform,1,1077,5.418864906855103,270.9432453427552,1.1311148558274775,0.0640373197625106,1.0,0.0640373197625106,0.0
energy|power_kw|4|energy/building01/CT9/power_kw,energy,power_kw,static,4,energy/building01/CT9/power_kw,1,50.0,1,,1.0,8,1,p_gated_uniform,2,2077,7.715864228406406,385.7932114203203,0.8627856332025574,0.0640373197625106,1.0,0.0640373197625106,0.0
energy|power_kw|4|energy/building01/CT9/power_kw,energy,power_kw,static,4,energy/building01/CT9/power_kw,1,50.0,1,,1.0,8,1,p_gated_uniform,3,3077,9.462330324803354,473.1165162401677,0.7362737743655884,0.0640373197625106,1.0,0.0640373197625106,0.0
energy|power_kw|4|energy/building01/CT9/power_kw,energy,power_kw,static,4,energy/building01/CT9/power_kw,1,50.0,1,,1.0,8,1,p_gated_uniform,4,4077,8.096192732817046,404.8096366408523,1.0728576680721742,0.0640373197625106,1.0,0.0640373197625106,0.0
energy|power_kw|4|energy/building01/CT9/power_kw,energy,power_kw,static,4,energy/building01/CT9/power_kw,1,50.0,1,,1.0,8,1,p_gated_uniform,5,5077,8.836658390695234,441.8329195347617,0.8610460207148101,0.0640373197625106,1.0,0.0640373197625106,0.0
energy|power_kw|4|energy/building01/CT10/power_kw,energy,power_kw,static,4,energy/building01/CT10/power_kw,1,50.0,1,,1.0,8,1,p_gated_uniform,0,77,7.898406671622224,394.9203335811112,0.726497503463403,0.9987162671280664,1.0,0.9987162671280664,0.0
energy|power_kw|4|energy/building01/CT10/power_kw,energy,power_kw,static,4,energy/building01/CT10/power_kw,1,50.0,1,,1.0,8,1,p_gated_uniform,1,1077,7.981610181421644,399.0805090710822,0.8584082497491762,0.9987162671280664,1.0,0.9987162671280664,0.0
energy|power_kw|4|energy/building01/CT10/power_kw,energy,power_kw,static,4,energy/building01/CT10/power_kw,1,50.0,1,,1.0,8,1,p_gated_uniform,2,2077,8.055183943333793,402.75919716668966,0.9381486940329774,0.9987162671280664,1.0,0.9987162671280664,0.0
energy|power_kw|4|energy/building01/CT10/power_kw,energy,power_kw,static,4,energy/building01/CT10/power_kw,1,50.0,1,,1.0,8,1,p_gated_uniform,3,3077,7.9817209678707775,399.0860483935389,0.9850367638584164,0.9987162671280664,1.0,0.9987162671280664,0.0
energy|power_kw|4|energy/building01/CT10/power_kw,energy,power_kw,static,4,energy/building01/CT10/power_kw,1,50.0,1,,1.0,8,1,p_gated_uniform,4,4077,7.991708750691989,399.58543753459946,0.9135960844429744,0.9987162671280664,1.0,0.9987162671280664,0.0
energy|power_kw|4|energy/building01/CT10/power_kw,energy,power_kw,static,4,energy/building01/CT10/power_kw,1,50.0,1,,1.0,8,1,p_gated_uniform,5,5077,7.984845079930089,399.2422539965045,0.9945384415650522,0.9987162671280664,1.0,0.9987162671280664,0.0
energy|power_kw|4|energy/building01/CT13/power_kw,energy,power_kw,static,4,energy/building01/CT13/power_kw,1,50.0,1,,1.0,8,1,p_gated_uniform,0,77,7.7241539239416035,386.20769619708017,0.8827566711276015,0.0717795342875454,1.0,0.0717795342875454,0.0
energy|power_kw|4|energy/building01/CT13/power_kw,energy,power_kw,static,4,energy/building01/CT13/power_kw,1,50.0,1,,1.0,8,1,p_gated_uniform,1,1077,7.863533748153625,393.1766874076813,1.1113990385593688,0.0717795342875454,1.0,0.0717795342875454,0.0
energy|power_kw|4|energy/building01/CT13/power_kw,energy,power_kw,static,4,energy/building01/CT13/power_kw,1,50.0,1,,1.0,8,1,p_gated_uniform,2,2077,7.940073479896765,397.0036739948383,0.8576382601921894,0.0717795342875454,1.0,0.0717795342875454,0.0
energy|power_kw|4|energy/building01/CT13/power_kw,energy,power_kw,static,4,energy/building01/CT13/power_kw,1,50.0,1,,1.0,8,1,p_gated_uniform,3,3077,8.27358907606206,413.6794538031029,0.7214872787650449,0.0717795342875454,1.0,0.0717795342875454,0.0
energy|power_kw|4|energy/building01/CT13/power_kw,energy,power_kw,static,4,energy/building01/CT13/power_kw,1,50.0,1,,1.0,8,1,p_gated_uniform,4,4077,8.978489159174055,448.9244579587028,1.0833205311825398,0.0717795342875454,1.0,0.0717795342875454,0.0
energy|power_kw|4|energy/building01/CT13/power_kw,energy,power_kw,static,4,energy/building01/CT13/power_kw,1,50.0,1,,1.0,8,1,p_gated_uniform,5,5077,9.407628375664238,470.3814187832119,0.8662909999884555,0.0717795342875454,1.0,0.0717795342875454,0.0
energy|power_kw|4|energy/building01/CT17/power_kw,energy,power_kw,static,4,energy/building01/CT17/power_kw,1,50.0,1,,1.0,8,1,p_gated_uniform,0,77,7.899158527516802,394.9579263758401,0.7268165354865456,0.9987162313016298,1.0,0.9987162313016298,0.0
energy|power_kw|4|energy/building01/CT17/power_kw,energy,power_kw,static,4,energy/building01/CT17/power_kw,1,50.0,1,,1.0,8,1,p_gated_uniform,1,1077,7.974754975978827,398.73774879894137,0.85877638920705,0.9987162313016298,1.0,0.9987162313016298,0.0
energy|power_kw|4|energy/building01/CT17/power_kw,energy,power_kw,static,4,energy/building01/CT17/power_kw,1,50.0,1,,1.0,8,1,p_gated_uniform,2,2077,8.04448037843499,402.2240189217495,0.9379062709847572,0.9987162313016298,1.0,0.9987162313016298,0.0
energy|power_kw|4|energy/building01/CT17/power_kw,energy,power_kw,static,4,energy/building01/CT17/power_kw,1,50.0,1,,1.0,8,1,p_gated_uniform,3,3077,7.978080406436207,398.9040203218103,0.9852334653248488,0.9987162313016298,1.0,0.9987162313016298,0.0
energy|power_kw|4|energy/building01/CT17/power_kw,energy,power_kw,static,4,energy/building01/CT17/power_kw,1,50.0,1,,1.0,8,1,p_gated_uniform,4,4077,8.003238114044809,400.1619057022404,0.9131496955399118,0.9987162313016298,1.0,0.9987162313016298,0.0
energy|power_kw|4|energy/building01/CT17/power_kw,energy,power_kw,static,4,energy/building01/CT17/power_kw,1,50.0,1,,1.0,8,1,p_gated_uniform,5,5077,7.984878172188243,399.2439086094122,0.9937545243662176,0.9987162313016298,1.0,0.9987162313016298,0.0
energy|voltage|1|energy,energy,voltage,static,1,energy,12,80.0,1,,1.0,8,1,p_gated_uniform,0,77,0.6606804120656788,52.85443296525431,0.7275538317296084,0.9987162671280664,0.0833333333333333,11.984595205536795,0.0
energy|voltage|1|energy,energy,voltage,static,1,energy,12,80.0,1,,1.0,8,1,p_gated_uniform,1,1077,0.6683148644638132,53.46518915710505,0.8567465698689258,0.9987162671280664,0.0833333333333333,11.984595205536795,0.0
energy|voltage|1|energy,energy,voltage,static,1,energy,12,80.0,1,,1.0,8,1,p_gated_uniform,2,2077,0.6742426217874568,53.93940974299654,0.9449622081461008,0.9987162671280664,0.0833333333333333,11.984595205536795,0.0
energy|voltage|1|energy,energy,voltage,static,1,energy,12,80.0,1,,1.0,8,1,p_gated_uniform,3,3077,0.6683418134437964,53.46734507550371,0.9450016172276778,0.9987162671280664,0.0833333333333333,11.984595205536795,0.0
energy|voltage|1|energy,energy,voltage,static,1,energy,12,80.0,1,,1.0,8,1,p_gated_uniform,4,4077,0.6692462481046817,53.53969984837453,0.9224847914766048,0.9987162671280664,0.0833333333333333,11.984595205536795,0.0
energy|voltage|1|energy,energy,voltage,static,1,energy,12,80.0,1,,1.0,8,1,p_gated_uniform,5,5077,0.668896663497414,53.51173307979312,0.9307710992304952,0.9987162671280664,0.0833333333333333,11.984595205536795,0.0
energy|voltage|2|energy/building01,energy,voltage,static,2,energy/building01,12,80.0,1,,1.0,8,1,p_gated_uniform,0,77,0.6606804120656788,52.85443296525431,0.7275538317296084,0.9987162671280664,0.0833333333333333,11.984595205536795,0.0
energy|voltage|2|energy/building01,energy,voltage,static,2,energy/building01,12,80.0,1,,1.0,8,1,p_gated_uniform,1,1077,0.6683148644638132,53.46518915710505,0.8567465698689258,0.9987162671280664,0.0833333333333333,11.984595205536795,0.0
energy|voltage|2|energy/building01,energy,voltage,static,2,energy/building01,12,80.0,1,,1.0,8,1,p_gated_uniform,2,2077,0.6742426217874568,53.93940974299654,0.9449622081461008,0.9987162671280664,0.0833333333333333,11.984595205536795,0.0
energy|voltage|2|energy/building01,energy,voltage,static,2,energy/building01,12,80.0,1,,1.0,8,1,p_gated_uniform,3,3077,0.6683418134437964,53.46734507550371,0.9450016172276778,0.9987162671280664,0.0833333333333333,11.984595205536795,0.0
energy|voltage|2|energy/building01,energy,voltage,static,2,energy/building01,12,80.0,1,,1.0,8,1,p_gated_uniform,4,4077,0.6692462481046817,53.53969984837453,0.9224847914766048,0.9987162671280664,0.0833333333333333,11.984595205536795,0.0
energy|voltage|2|energy/building01,energy,voltage,static,2,energy/building01,12,80.0,1,,1.0,8,1,p_gated_uniform,5,5077,0.668896663497414,53.51173307979312,0.9307710992304952,0.9987162671280664,0.0833333333333333,11.984595205536795,0.0
energy|voltage|3|energy/building01/CT1,energy,voltage,static,3,energy/building01/CT1,1,80.0,1,,1.0,8,1,p_gated_uniform,0,77,7.8979050952816765,631.8324076225341,0.7267288290377247,0.9987162671280664,1.0,0.9987162671280664,0.0
energy|voltage|3|energy/building01/CT1,energy,voltage,static,3,energy/building01/CT1,1,80.0,1,,1.0,8,1,p_gated_uniform,1,1077,7.982903999626984,638.6323199701587,0.857814464563212,0.9987162671280664,1.0,0.9987162671280664,0.0
energy|voltage|3|energy/building01/CT1,energy,voltage,static,3,energy/building01/CT1,1,80.0,1,,1.0,8,1,p_gated_uniform,2,2077,8.056478533643595,644.5182826914877,0.938506176132834,0.9987162671280664,1.0,0.9987162671280664,0.0
energy|voltage|3|energy/building01/CT1,energy,voltage,static,3,energy/building01/CT1,1,80.0,1,,1.0,8,1,p_gated_uniform,3,3077,7.98327051060716,638.6616408485728,0.986011231335758,0.9987162671280664,1.0,0.9987162671280664,0.0
energy|voltage|3|energy/building01/CT1,energy,voltage,static,3,energy/building01/CT1,1,80.0,1,,1.0,8,1,p_gated_uniform,4,4077,7.993581085132311,639.4864868105849,0.9145031103455252,0.9987162671280664,1.0,0.9987162671280664,0.0
energy|voltage|3|energy/building01/CT1,energy,voltage,static,3,energy/building01/CT1,1,80.0,1,,1.0,8,1,p_gated_uniform,5,5077,7.987975847751184,639.0380678200947,0.9915198035344328,0.9987162671280664,1.0,0.9987162671280664,0.0
energy|voltage|3|energy/building01/CT2,energy,voltage,static,3,energy/building01/CT2,1,80.0,1,,1.0,8,1,p_gated_uniform,0,77,7.897906438317426,631.8325150653941,0.7267288290377247,0.9987162671280664,1.0,0.9987162671280664,0.0
energy|voltage|3|energy/building01/CT2,energy,voltage,static,3,energy/building01/CT2,1,80.0,1,,1.0,8,1,p_gated_uniform,1,1077,7.982902726359326,638.6322181087461,0.8578144546907854,0.9987162671280664,1.0,0.9987162671280664,0.0
energy|voltage|3|energy/building01/CT2,energy,voltage,static,3,energy/building01/CT2,1,80.0,1,,1.0,8,1,p_gated_uniform,2,2077,8.056477260375939,644.518180830075,0.9385062035208582,0.9987162671280664,1.0,0.9987162671280664,0.0
energy|voltage|3|energy/building01/CT2,energy,voltage,static,3,energy/building01/CT2,1,80.0,1,,1.0,8,1,p_gated_uniform,3,3077,7.983269097803321,638.6615278242657,0.9863112455779682,0.9987162671280664,1.0,0.9987162671280664,0.0
energy|voltage|3|energy/building01/CT2,energy,voltage,static,3,energy/building01/CT2,1,80.0,1,,1.0,8,1,p_gated_uniform,4,4077,7.993579788608621,639.4863830886896,0.9144332997603768,0.9987162671280664,1.0,0.9987162671280664,0.0
energy|voltage|3|energy/building01/CT2,energy,voltage,static,3,energy/building01/CT2,1,80.0,1,,1.0,8,1,p_gated_uniform,5,5077,7.9879738070345265,639.0379045627622,0.9916706232136244,0.9987162671280664,1.0,0.9987162671280664,0.0
energy|voltage|3|energy/building01/CT3,energy,voltage,static,3,energy/building01/CT3,1,80.0,1,,1.0,8,1,p_gated_uniform,0,77,7.897906438317426,631.8325150653941,0.7267866843275818,0.9987162671280664,1.0,0.9987162671280664,0.0
energy|voltage|3|energy/building01/CT3,energy,voltage,static,3,energy/building01/CT3,1,80.0,1,,1.0,8,1,p_gated_uniform,1,1077,7.982902726359326,638.6322181087461,0.8577484905220364,0.9987162671280664,1.0,0.9987162671280664,0.0
energy|voltage|3|energy/building01/CT3,energy,voltage,static,3,energy/building01/CT3,1,80.0,1,,1.0,8,1,p_gated_uniform,2,2077,8.056477260375939,644.518180830075,0.9385062035208582,0.9987162671280664,1.0,0.9987162671280664,0.0
energy|voltage|3|energy/building01/CT3,energy,voltage,static,3,energy/building01/CT3,1,80.0,1,,1.0,8,1,p_gated_uniform,3,3077,7.983269097803321,638.6615278242657,0.9863112455779682,0.9987162671280664,1.0,0.9987162671280664,0.0
energy|voltage|3|energy/building01/CT3,energy,voltage,static,3,energy/building01/CT3,1,80.0,1,,1.0,8,1,p_gated_uniform,4,4077,7.993579788608621,639.4863830886896,0.9145031103455252,0.9987162671280664,1.0,0.9987162671280664,0.0
energy|voltage|3|energy/building01/CT3,energy,voltage,static,3,energy/building01/CT3,1,80.0,1,,1.0,8,1,p_gated_uniform,5,5077,7.9879738070345265,639.0379045627622,0.9915952094357092,0.9987162671280664,1.0,0.9987162671280664,0.0
energy|voltage|3|energy/building01/CT4,energy,voltage,static,3,energy/building01/CT4,1,80.0,1,,1.0,8,1,p_gated_uniform,0,77,7.897906438317426,631.8325150653941,0.7267866898515748,0.9987162671280664,1.0,0.9987162671280664,0.0
energy|voltage|3|energy/building01/CT4,energy,voltage,static,3,energy/building01/CT4,1,80.0,1,,1.0,8,1,p_gated_uniform,1,1077,7.982902726359326,638.6322181087461,0.8578144546907854,0.9987162671280664,1.0,0.9987162671280664,0.0
energy|voltage|3|energy/building01/CT4,energy,voltage,static,3,energy/building01/CT4,1,80.0,1,,1.0,8,1,p_gated_uniform,2,2077,8.056477260375939,644.518180830075,0.9384346953692256,0.9987162671280664,1.0,0.9987162671280664,0.0
energy|voltage|3|energy/building01/CT4,energy,voltage,static,3,energy/building01/CT4,1,80.0,1,,1.0,8,1,p_gated_uniform,3,3077,7.983269097803321,638.6615278242657,0.9863112455779682,0.9987162671280664,1.0,0.9987162671280664,0.0
energy|voltage|3|energy/building01/CT4,energy,voltage,static,3,energy/building01/CT4,1,80.0,1,,1.0,8,1,p_gated_uniform,4,4077,7.993579788608621,639.4863830886896,0.9145031103455252,0.9987162671280664,1.0,0.9987162671280664,0.0
energy|voltage|3|energy/building01/CT4,energy,voltage,static,3,energy/building01/CT4,1,80.0,1,,1.0,8,1,p_gated_uniform,5,5077,7.9879738070345265,639.0379045627622,0.9916706232136244,0.9987162671280664,1.0,0.9987162671280664,0.0
energy|voltage|3|energy/building01/CT5,energy,voltage,static,3,energy/building01/CT5,1,80.0,1,,1.0,8,1,p_gated_uniform,0,77,7.897905915056744,631.8324732045395,0.7267866898515748,0.9987162671280664,1.0,0.9987162671280664,0.0
energy|voltage|3|energy/building01/CT5,energy,voltage,static,3,energy/building01/CT5,1,80.0,1,,1.0,8,1,p_gated_uniform,1,1077,7.982902203098645,638.6321762478916,0.8578804911539643,0.9987162671280664,1.0,0.9987162671280664,0.0
energy|voltage|3|energy/building01/CT5,energy,voltage,static,3,energy/building01/CT5,1,80.0,1,,1.0,8,1,p_gated_uniform,2,2077,8.056476737115258,644.5181389692206,0.9384346953692256,0.9987162671280664,1.0,0.9987162671280664,0.0
energy|voltage|3|energy/building01/CT5,energy,voltage,static,3,energy/building01/CT5,1,80.0,1,,1.0,8,1,p_gated_uniform,3,3077,7.98326857454264,638.6614859634112,0.986236233576361,0.9987162671280664,1.0,0.9987162671280664,0.0
energy|voltage|3|energy/building01/CT5,energy,voltage,static,3,energy/building01/CT5,1,80.0,1,,1.0,8,1,p_gated_uniform,4,4077,7.99357926534794,639.4863412278352,0.9145031041903822,0.9987162671280664,1.0,0.9987162671280664,0.0
energy|voltage|3|energy/building01/CT5,energy,voltage,static,3,energy/building01/CT5,1,80.0,1,,1.0,8,1,p_gated_uniform,5,5077,7.987973283773845,639.0378627019077,0.9915952121340464,0.9987162671280664,1.0,0.9987162671280664,0.0
energy|voltage|3|energy/building01/CT6,energy,voltage,static,3,energy/building01/CT6,1,80.0,1,,1.0,8,1,p_gated_uniform,0,77,7.897905938312775,631.832475065022,0.7267866898515748,0.9987162671280664,1.0,0.9987162671280664,0.0
energy|voltage|3|energy/building01/CT6,energy,voltage,static,3,energy/building01/CT6,1,80.0,1,,1.0,8,1,p_gated_uniform,1,1077,7.982902179842616,638.6321743874092,0.8578804911539643,0.9987162671280664,1.0,0.9987162671280664,0.0
energy|voltage|3|energy/building01/CT6,energy,voltage,static,3,energy/building01/CT6,1,80.0,1,,1.0,8,1,p_gated_uniform,2,2077,8.056476713859228,644.5181371087382,0.938506208561543,0.9987162671280664,1.0,0.9987162671280664,0.0
energy|voltage|3|energy/building01/CT6,energy,voltage,static,3,energy/building01/CT6,1,80.0,1,,1.0,8,1,p_gated_uniform,3,3077,7.983268597798668,638.6614878238935,0.986236233576361,0.9987162671280664,1.0,0.9987162671280664,0.0
energy|voltage|3|energy/building01/CT6,energy,voltage,static,3,energy/building01/CT6,1,80.0,1,,1.0,8,1,p_gated_uniform,4,4077,7.99357928860397,639.4863430883177,0.9145031072671927,0.9987162671280664,1.0,0.9987162671280664,0.0
energy|voltage|3|energy/building01/CT6,energy,voltage,static,3,energy/building01/CT6,1,80.0,1,,1.0,8,1,p_gated_uniform,5,5077,7.987973260517815,639.0378608414252,0.9916706259120668,0.9987162671280664,1.0,0.9987162671280664,0.0
energy|voltage|3|energy/building01/CT7,energy,voltage,static,3,energy/building01/CT7,1,80.0,1,,1.0,8,1,p_gated_uniform,0,77,7.897905961568805,631.8324769255044,0.7267866898515748,0.9987162671280664,1.0,0.9987162671280664,0.0
energy|voltage|3|energy/building01/CT7,energy,voltage,static,3,energy/building01/CT7,1,80.0,1,,1.0,8,1,p_gated_uniform,1,1077,7.982902156586585,638.6321725269268,0.857814522632133,0.9987162671280664,1.0,0.9987162671280664,0.0
energy|voltage|3|energy/building01/CT7,energy,voltage,static,3,energy/building01/CT7,1,80.0,1,,1.0,8,1,p_gated_uniform,2,2077,8.056476690603196,644.5181352482557,0.938506208561543,0.9987162671280664,1.0,0.9987162671280664,0.0
energy|voltage|3|energy/building01/CT7,energy,voltage,static,3,energy/building01/CT7,1,80.0,1,,1.0,8,1,p_gated_uniform,3,3077,7.9832686210547,638.661489684376,0.986236233576361,0.9987162671280664,1.0,0.9987162671280664,0.0
energy|voltage|3|energy/building01/CT7,energy,voltage,static,3,energy/building01/CT7,1,80.0,1,,1.0,8,1,p_gated_uniform,4,4077,7.99357931186,639.4863449488,0.9145031041903822,0.9987162671280664,1.0,0.9987162671280664,0.0
energy|voltage|3|energy/building01/CT7,energy,voltage,static,3,energy/building01/CT7,1,80.0,1,,1.0,8,1,p_gated_uniform,5,5077,7.987973237261784,639.0378589809427,0.9916706259120668,0.9987162671280664,1.0,0.9987162671280664,0.0
energy|voltage|3|energy/building01/CT8,energy,voltage,static,3,energy/building01/CT8,1,80.0,1,,1.0,8,1,p_gated_uniform,0,77,7.897903435382514,631.8322748306011,0.7267866898515748,0.9987162671280664,1.0,0.9987162671280664,0.0
energy|voltage|3|energy/building01/CT8,energy,voltage,static,3,energy/building01/CT8,1,80.0,1,,1.0,8,1,p_gated_uniform,1,1077,7.982904892077149,638.6323913661719,0.8578804972394358,0.9987162671280664,1.0,0.9987162671280664,0.0
energy|voltage|3|energy/building01/CT8,energy,voltage,static,3,energy/building01/CT8,1,80.0,1,,1.0,8,1,p_gated_uniform,2,2077,8.05647942609376,644.5183540875008,0.938506208561543,0.9987162671280664,1.0,0.9987162671280664,0.0
energy|voltage|3|energy/building01/CT8,energy,voltage,static,3,energy/building01/CT8,1,80.0,1,,1.0,8,1,p_gated_uniform,3,3077,7.983271170497019,638.6616936397616,0.9861612292786052,0.9987162671280664,1.0,0.9987162671280664,0.0
energy|voltage|3|energy/building01/CT8,energy,voltage,static,3,energy/building01/CT8,1,80.0,1,,1.0,8,1,p_gated_uniform,4,4077,7.99358186130232,639.4865489041856,0.9145031041903822,0.9987162671280664,1.0,0.9987162671280664,0.0
energy|voltage|3|energy/building01/CT8,energy,voltage,static,3,energy/building01/CT8,1,80.0,1,,1.0,8,1,p_gated_uniform,5,5077,7.987975972752348,639.0380778201878,0.9915198116330436,0.9987162671280664,1.0,0.9987162671280664,0.0
energy|voltage|3|energy/building01/CT9,energy,voltage,static,3,energy/building01/CT9,1,80.0,1,,1.0,8,1,p_gated_uniform,0,77,7.897903452824539,631.8322762259631,0.7266709771538299,0.9987162671280664,1.0,0.9987162671280664,0.0
energy|voltage|3|energy/building01/CT9,energy,voltage,static,3,energy/building01/CT9,1,80.0,1,,1.0,8,1,p_gated_uniform,1,1077,7.982904909519171,638.6323927615337,0.8578145251763583,0.9987162671280664,1.0,0.9987162671280664,0.0
energy|voltage|3|energy/building01/CT9,energy,voltage,static,3,energy/building01/CT9,1,80.0,1,,1.0,8,1,p_gated_uniform,2,2077,8.056479443535782,644.5183554828625,0.938506208561543,0.9987162671280664,1.0,0.9987162671280664,0.0
energy|voltage|3|energy/building01/CT9,energy,voltage,static,3,energy/building01/CT9,1,80.0,1,,1.0,8,1,p_gated_uniform,3,3077,7.983271153054997,638.6616922443998,0.9861612292786052,0.9987162671280664,1.0,0.9987162671280664,0.0
energy|voltage|3|energy/building01/CT9,energy,voltage,static,3,energy/building01/CT9,1,80.0,1,,1.0,8,1,p_gated_uniform,4,4077,7.993581843860298,639.4865475088238,0.9145031910294504,0.9987162671280664,1.0,0.9987162671280664,0.0
energy|voltage|3|energy/building01/CT9,energy,voltage,static,3,energy/building01/CT9,1,80.0,1,,1.0,8,1,p_gated_uniform,5,5077,7.98797599019437,639.0380792155496,0.9914444114199996,0.9987162671280664,1.0,0.9987162671280664,0.0
energy|voltage|3|energy/building01/CT10,energy,voltage,static,3,energy/building01/CT10,1,80.0,1,,1.0,8,1,p_gated_uniform,0,77,7.897903452824539,631.8322762259631,0.7268445486212156,0.9987162671280664,1.0,0.9987162671280664,0.0
energy|voltage|3|energy/building01/CT10,energy,voltage,static,3,energy/building01/CT10,1,80.0,1,,1.0,8,1,p_gated_uniform,1,1077,7.982904909519171,638.6323927615337,0.8578145251763583,0.9987162671280664,1.0,0.9987162671280664,0.0
energy|voltage|3|energy/building01/CT10,energy,voltage,static,3,energy/building01/CT10,1,80.0,1,,1.0,8,1,p_gated_uniform,2,2077,8.056479443535782,644.5183554828625,0.938506208561543,0.9987162671280664,1.0,0.9987162671280664,0.0
energy|voltage|3|energy/building01/CT10,energy,voltage,static,3,energy/building01/CT10,1,80.0,1,,1.0,8,1,p_gated_uniform,3,3077,7.983271153054997,638.6616922443998,0.9860862285319084,0.9987162671280664,1.0,0.9987162671280664,0.0
energy|voltage|3|energy/building01/CT10,energy,voltage,static,3,energy/building01/CT10,1,80.0,1,,1.0,8,1,p_gated_uniform,4,4077,7.993581843860298,639.4865475088238,0.9145730064896056,0.9987162671280664,1.0,0.9987162671280664,0.0
energy|voltage|3|energy/building01/CT10,energy,voltage,static,3,energy/building01/CT10,1,80.0,1,,1.0,8,1,p_gated_uniform,5,5077,7.98797599019437,639.0380792155496,0.9914444114199996,0.9987162671280664,1.0,0.9987162671280664,0.0
energy|voltage|3|energy/building01/CT13,energy,voltage,static,3,energy/building01/CT13,1,80.0,1,,1.0,8,1,p_gated_uniform,0,77,7.8979037667809475,631.8323013424758,0.7268445487525356,0.9987162671280664,1.0,0.9987162671280664,0.0
energy|voltage|3|energy/building01/CT13,energy,voltage,static,3,energy/building01/CT13,1,80.0,1,,1.0,8,1,p_gated_uniform,1,1077,7.982905363011763,638.632429040941,0.8578145251763583,0.9987162671280664,1.0,0.9987162671280664,0.0
energy|voltage|3|energy/building01/CT13,energy,voltage,static,3,energy/building01/CT13,1,80.0,1,,1.0,8,1,p_gated_uniform,2,2077,8.056479897028371,644.5183917622697,0.9384346982298218,0.9987162671280664,1.0,0.9987162671280664,0.0
energy|voltage|3|energy/building01/CT13,energy,voltage,static,3,energy/building01/CT13,1,80.0,1,,1.0,8,1,p_gated_uniform,3,3077,7.983271467011406,638.6617173609125,0.9860862219299406,0.9987162671280664,1.0,0.9987162671280664,0.0
energy|voltage|3|energy/building01/CT13,energy,voltage,static,3,energy/building01/CT13,1,80.0,1,,1.0,8,1,p_gated_uniform,4,4077,7.993582157816706,639.4865726253365,0.9145032014000964,0.9987162671280664,1.0,0.9987162671280664,0.0
energy|voltage|3|energy/building01/CT13,energy,voltage,static,3,energy/building01/CT13,1,80.0,1,,1.0,8,1,p_gated_uniform,5,5077,7.987976443686961,639.0381154949569,0.991519813822562,0.9987162671280664,1.0,0.9987162671280664,0.0
energy|voltage|3|energy/building01/CT17,energy,voltage,static,3,energy/building01/CT17,1,80.0,1,,1.0,8,1,p_gated_uniform,0,77,7.89790498190853,631.8323985526824,0.7267866844589408,0.9987162671280664,1.0,0.9987162671280664,0.0
energy|voltage|3|energy/building01/CT17,energy,voltage,static,3,energy/building01/CT17,1,80.0,1,,1.0,8,1,p_gated_uniform,1,1077,7.982904147884179,638.6323318307343,0.8577485453034991,0.9987162671280664,1.0,0.9987162671280664,0.0
energy|voltage|3|energy/building01/CT17,energy,voltage,static,3,energy/building01/CT17,1,80.0,1,,1.0,8,1,p_gated_uniform,2,2077,8.056478681900789,644.5182945520631,0.9383631851119596,0.9987162671280664,1.0,0.9987162671280664,0.0
energy|voltage|3|energy/building01/CT17,energy,voltage,static,3,energy/building01/CT17,1,80.0,1,,1.0,8,1,p_gated_uniform,3,3077,7.983270205371762,638.661616429741,0.9860862306086152,0.9987162671280664,1.0,0.9987162671280664,0.0
energy|voltage|3|energy/building01/CT17,energy,voltage,static,3,energy/building01/CT17,1,80.0,1,,1.0,8,1,p_gated_uniform,4,4077,7.993580896177065,639.4864716941652,0.9144333858500476,0.9987162671280664,1.0,0.9987162671280664,0.0
energy|voltage|3|energy/building01/CT17,energy,voltage,static,3,energy/building01/CT17,1,80.0,1,,1.0,8,1,p_gated_uniform,5,5077,7.987975996008378,639.0380796806703,0.9916706259120668,0.9987162671280664,1.0,0.9987162671280664,0.0
energy|voltage|4|energy/building01/CT1/voltage,energy,voltage,static,4,energy/building01/CT1/voltage,1,80.0,1,,1.0,8,1,p_gated_uniform,0,77,7.8979050952816765,631.8324076225341,0.7267288290377247,0.9987162671280664,1.0,0.9987162671280664,0.0
energy|voltage|4|energy/building01/CT1/voltage,energy,voltage,static,4,energy/building01/CT1/voltage,1,80.0,1,,1.0,8,1,p_gated_uniform,1,1077,7.982903999626984,638.6323199701587,0.857814464563212,0.9987162671280664,1.0,0.9987162671280664,0.0
energy|voltage|4|energy/building01/CT1/voltage,energy,voltage,static,4,energy/building01/CT1/voltage,1,80.0,1,,1.0,8,1,p_gated_uniform,2,2077,8.056478533643595,644.5182826914877,0.938506176132834,0.9987162671280664,1.0,0.9987162671280664,0.0
energy|voltage|4|energy/building01/CT1/voltage,energy,voltage,static,4,energy/building01/CT1/voltage,1,80.0,1,,1.0,8,1,p_gated_uniform,3,3077,7.98327051060716,638.6616408485728,0.986011231335758,0.9987162671280664,1.0,0.9987162671280664,0.0
energy|voltage|4|energy/building01/CT1/voltage,energy,voltage,static,4,energy/building01/CT1/voltage,1,80.0,1,,1.0,8,1,p_gated_uniform,4,4077,7.993581085132311,639.4864868105849,0.9145031103455252,0.9987162671280664,1.0,0.9987162671280664,0.0
energy|voltage|4|energy/building01/CT1/voltage,energy,voltage,static,4,energy/building01/CT1/voltage,1,80.0,1,,1.0,8,1,p_gated_uniform,5,5077,7.987975847751184,639.0380678200947,0.9915198035344328,0.9987162671280664,1.0,0.9987162671280664,0.0
energy|voltage|4|energy/building01/CT2/voltage,energy,voltage,static,4,energy/building01/CT2/voltage,1,80.0,1,,1.0,8,1,p_gated_uniform,0,77,7.897906438317426,631.8325150653941,0.7267288290377247,0.9987162671280664,1.0,0.9987162671280664,0.0
energy|voltage|4|energy/building01/CT2/voltage,energy,voltage,static,4,energy/building01/CT2/voltage,1,80.0,1,,1.0,8,1,p_gated_uniform,1,1077,7.982902726359326,638.6322181087461,0.8578144546907854,0.9987162671280664,1.0,0.9987162671280664,0.0
energy|voltage|4|energy/building01/CT2/voltage,energy,voltage,static,4,energy/building01/CT2/voltage,1,80.0,1,,1.0,8,1,p_gated_uniform,2,2077,8.056477260375939,644.518180830075,0.9385062035208582,0.9987162671280664,1.0,0.9987162671280664,0.0
energy|voltage|4|energy/building01/CT2/voltage,energy,voltage,static,4,energy/building01/CT2/voltage,1,80.0,1,,1.0,8,1,p_gated_uniform,3,3077,7.983269097803321,638.6615278242657,0.9863112455779682,0.9987162671280664,1.0,0.9987162671280664,0.0
energy|voltage|4|energy/building01/CT2/voltage,energy,voltage,static,4,energy/building01/CT2/voltage,1,80.0,1,,1.0,8,1,p_gated_uniform,4,4077,7.993579788608621,639.4863830886896,0.9144332997603768,0.9987162671280664,1.0,0.9987162671280664,0.0
energy|voltage|4|energy/building01/CT2/voltage,energy,voltage,static,4,energy/building01/CT2/voltage,1,80.0,1,,1.0,8,1,p_gated_uniform,5,5077,7.9879738070345265,639.0379045627622,0.9916706232136244,0.9987162671280664,1.0,0.9987162671280664,0.0
energy|voltage|4|energy/building01/CT3/voltage,energy,voltage,static,4,energy/building01/CT3/voltage,1,80.0,1,,1.0,8,1,p_gated_uniform,0,77,7.897906438317426,631.8325150653941,0.7267866843275818,0.9987162671280664,1.0,0.9987162671280664,0.0
energy|voltage|4|energy/building01/CT3/voltage,energy,voltage,static,4,energy/building01/CT3/voltage,1,80.0,1,,1.0,8,1,p_gated_uniform,1,1077,7.982902726359326,638.6322181087461,0.8577484905220364,0.9987162671280664,1.0,0.9987162671280664,0.0
energy|voltage|4|energy/building01/CT3/voltage,energy,voltage,static,4,energy/building01/CT3/voltage,1,80.0,1,,1.0,8,1,p_gated_uniform,2,2077,8.056477260375939,644.518180830075,0.9385062035208582,0.9987162671280664,1.0,0.9987162671280664,0.0
energy|voltage|4|energy/building01/CT3/voltage,energy,voltage,static,4,energy/building01/CT3/voltage,1,80.0,1,,1.0,8,1,p_gated_uniform,3,3077,7.983269097803321,638.6615278242657,0.9863112455779682,0.9987162671280664,1.0,0.9987162671280664,0.0
energy|voltage|4|energy/building01/CT3/voltage,energy,voltage,static,4,energy/building01/CT3/voltage,1,80.0,1,,1.0,8,1,p_gated_uniform,4,4077,7.993579788608621,639.4863830886896,0.9145031103455252,0.9987162671280664,1.0,0.9987162671280664,0.0
energy|voltage|4|energy/building01/CT3/voltage,energy,voltage,static,4,energy/building01/CT3/voltage,1,80.0,1,,1.0,8,1,p_gated_uniform,5,5077,7.9879738070345265,639.0379045627622,0.9915952094357092,0.9987162671280664,1.0,0.9987162671280664,0.0
energy|voltage|4|energy/building01/CT4/voltage,energy,voltage,static,4,energy/building01/CT4/voltage,1,80.0,1,,1.0,8,1,p_gated_uniform,0,77,7.897906438317426,631.8325150653941,0.7267866898515748,0.9987162671280664,1.0,0.9987162671280664,0.0
energy|voltage|4|energy/building01/CT4/voltage,energy,voltage,static,4,energy/building01/CT4/voltage,1,80.0,1,,1.0,8,1,p_gated_uniform,1,1077,7.982902726359326,638.6322181087461,0.8578144546907854,0.9987162671280664,1.0,0.9987162671280664,0.0
energy|voltage|4|energy/building01/CT4/voltage,energy,voltage,static,4,energy/building01/CT4/voltage,1,80.0,1,,1.0,8,1,p_gated_uniform,2,2077,8.056477260375939,644.518180830075,0.9384346953692256,0.9987162671280664,1.0,0.9987162671280664,0.0
energy|voltage|4|energy/building01/CT4/voltage,energy,voltage,static,4,energy/building01/CT4/voltage,1,80.0,1,,1.0,8,1,p_gated_uniform,3,3077,7.983269097803321,638.6615278242657,0.9863112455779682,0.9987162671280664,1.0,0.9987162671280664,0.0
energy|voltage|4|energy/building01/CT4/voltage,energy,voltage,static,4,energy/building01/CT4/voltage,1,80.0,1,,1.0,8,1,p_gated_uniform,4,4077,7.993579788608621,639.4863830886896,0.9145031103455252,0.9987162671280664,1.0,0.9987162671280664,0.0
energy|voltage|4|energy/building01/CT4/voltage,energy,voltage,static,4,energy/building01/CT4/voltage,1,80.0,1,,1.0,8,1,p_gated_uniform,5,5077,7.9879738070345265,639.0379045627622,0.9916706232136244,0.9987162671280664,1.0,0.9987162671280664,0.0
energy|voltage|4|energy/building01/CT5/voltage,energy,voltage,static,4,energy/building01/CT5/voltage,1,80.0,1,,1.0,8,1,p_gated_uniform,0,77,7.897905915056744,631.8324732045395,0.7267866898515748,0.9987162671280664,1.0,0.9987162671280664,0.0
energy|voltage|4|energy/building01/CT5/voltage,energy,voltage,static,4,energy/building01/CT5/voltage,1,80.0,1,,1.0,8,1,p_gated_uniform,1,1077,7.982902203098645,638.6321762478916,0.8578804911539643,0.9987162671280664,1.0,0.9987162671280664,0.0
energy|voltage|4|energy/building01/CT5/voltage,energy,voltage,static,4,energy/building01/CT5/voltage,1,80.0,1,,1.0,8,1,p_gated_uniform,2,2077,8.056476737115258,644.5181389692206,0.9384346953692256,0.9987162671280664,1.0,0.9987162671280664,0.0
energy|voltage|4|energy/building01/CT5/voltage,energy,voltage,static,4,energy/building01/CT5/voltage,1,80.0,1,,1.0,8,1,p_gated_uniform,3,3077,7.98326857454264,638.6614859634112,0.986236233576361,0.9987162671280664,1.0,0.9987162671280664,0.0
energy|voltage|4|energy/building01/CT5/voltage,energy,voltage,static,4,energy/building01/CT5/voltage,1,80.0,1,,1.0,8,1,p_gated_uniform,4,4077,7.99357926534794,639.4863412278352,0.9145031041903822,0.9987162671280664,1.0,0.9987162671280664,0.0
energy|voltage|4|energy/building01/CT5/voltage,energy,voltage,static,4,energy/building01/CT5/voltage,1,80.0,1,,1.0,8,1,p_gated_uniform,5,5077,7.987973283773845,639.0378627019077,0.9915952121340464,0.9987162671280664,1.0,0.9987162671280664,0.0
energy|voltage|4|energy/building01/CT6/voltage,energy,voltage,static,4,energy/building01/CT6/voltage,1,80.0,1,,1.0,8,1,p_gated_uniform,0,77,7.897905938312775,631.832475065022,0.7267866898515748,0.9987162671280664,1.0,0.9987162671280664,0.0
energy|voltage|4|energy/building01/CT6/voltage,energy,voltage,static,4,energy/building01/CT6/voltage,1,80.0,1,,1.0,8,1,p_gated_uniform,1,1077,7.982902179842616,638.6321743874092,0.8578804911539643,0.9987162671280664,1.0,0.9987162671280664,0.0
energy|voltage|4|energy/building01/CT6/voltage,energy,voltage,static,4,energy/building01/CT6/voltage,1,80.0,1,,1.0,8,1,p_gated_uniform,2,2077,8.056476713859228,644.5181371087382,0.938506208561543,0.9987162671280664,1.0,0.9987162671280664,0.0
energy|voltage|4|energy/building01/CT6/voltage,energy,voltage,static,4,energy/building01/CT6/voltage,1,80.0,1,,1.0,8,1,p_gated_uniform,3,3077,7.983268597798668,638.6614878238935,0.986236233576361,0.9987162671280664,1.0,0.9987162671280664,0.0
energy|voltage|4|energy/building01/CT6/voltage,energy,voltage,static,4,energy/building01/CT6/voltage,1,80.0,1,,1.0,8,1,p_gated_uniform,4,4077,7.99357928860397,639.4863430883177,0.9145031072671927,0.9987162671280664,1.0,0.9987162671280664,0.0
energy|voltage|4|energy/building01/CT6/voltage,energy,voltage,static,4,energy/building01/CT6/voltage,1,80.0,1,,1.0,8,1,p_gated_uniform,5,5077,7.987973260517815,639.0378608414252,0.9916706259120668,0.9987162671280664,1.0,0.9987162671280664,0.0
energy|voltage|4|energy/building01/CT7/voltage,energy,voltage,static,4,energy/building01/CT7/voltage,1,80.0,1,,1.0,8,1,p_gated_uniform,0,77,7.897905961568805,631.8324769255044,0.7267866898515748,0.9987162671280664,1.0,0.9987162671280664,0.0
energy|voltage|4|energy/building01/CT7/voltage,energy,voltage,static,4,energy/building01/CT7/voltage,1,80.0,1,,1.0,8,1,p_gated_uniform,1,1077,7.982902156586585,638.6321725269268,0.857814522632133,0.9987162671280664,1.0,0.9987162671280664,0.0
energy|voltage|4|energy/building01/CT7/voltage,energy,voltage,static,4,energy/building01/CT7/voltage,1,80.0,1,,1.0,8,1,p_gated_uniform,2,2077,8.056476690603196,644.5181352482557,0.938506208561543,0.9987162671280664,1.0,0.9987162671280664,0.0
energy|voltage|4|energy/building01/CT7/voltage,energy,voltage,static,4,energy/building01/CT7/voltage,1,80.0,1,,1.0,8,1,p_gated_uniform,3,3077,7.9832686210547,638.661489684376,0.986236233576361,0.9987162671280664,1.0,0.9987162671280664,0.0
energy|voltage|4|energy/building01/CT7/voltage,energy,voltage,static,4,energy/building01/CT7/voltage,1,80.0,1,,1.0,8,1,p_gated_uniform,4,4077,7.99357931186,639.4863449488,0.9145031041903822,0.9987162671280664,1.0,0.9987162671280664,0.0
energy|voltage|4|energy/building01/CT7/voltage,energy,voltage,static,4,energy/building01/CT7/voltage,1,80.0,1,,1.0,8,1,p_gated_uniform,5,5077,7.987973237261784,639.0378589809427,0.9916706259120668,0.9987162671280664,1.0,0.9987162671280664,0.0
energy|voltage|4|energy/building01/CT8/voltage,energy,voltage,static,4,energy/building01/CT8/voltage,1,80.0,1,,1.0,8,1,p_gated_uniform,0,77,7.897903435382514,631.8322748306011,0.7267866898515748,0.9987162671280664,1.0,0.9987162671280664,0.0
energy|voltage|4|energy/building01/CT8/voltage,energy,voltage,static,4,energy/building01/CT8/voltage,1,80.0,1,,1.0,8,1,p_gated_uniform,1,1077,7.982904892077149,638.6323913661719,0.8578804972394358,0.9987162671280664,1.0,0.9987162671280664,0.0
energy|voltage|4|energy/building01/CT8/voltage,energy,voltage,static,4,energy/building01/CT8/voltage,1,80.0,1,,1.0,8,1,p_gated_uniform,2,2077,8.05647942609376,644.5183540875008,0.938506208561543,0.9987162671280664,1.0,0.9987162671280664,0.0
energy|voltage|4|energy/building01/CT8/voltage,energy,voltage,static,4,energy/building01/CT8/voltage,1,80.0,1,,1.0,8,1,p_gated_uniform,3,3077,7.983271170497019,638.6616936397616,0.9861612292786052,0.9987162671280664,1.0,0.9987162671280664,0.0
energy|voltage|4|energy/building01/CT8/voltage,energy,voltage,static,4,energy/building01/CT8/voltage,1,80.0,1,,1.0,8,1,p_gated_uniform,4,4077,7.99358186130232,639.4865489041856,0.9145031041903822,0.9987162671280664,1.0,0.9987162671280664,0.0
energy|voltage|4|energy/building01/CT8/voltage,energy,voltage,static,4,energy/building01/CT8/voltage,1,80.0,1,,1.0,8,1,p_gated_uniform,5,5077,7.987975972752348,639.0380778201878,0.9915198116330436,0.9987162671280664,1.0,0.9987162671280664,0.0
energy|voltage|4|energy/building01/CT9/voltage,energy,voltage,static,4,energy/building01/CT9/voltage,1,80.0,1,,1.0,8,1,p_gated_uniform,0,77,7.897903452824539,631.8322762259631,0.7266709771538299,0.9987162671280664,1.0,0.9987162671280664,0.0
energy|voltage|4|energy/building01/CT9/voltage,energy,voltage,static,4,energy/building01/CT9/voltage,1,80.0,1,,1.0,8,1,p_gated_uniform,1,1077,7.982904909519171,638.6323927615337,0.8578145251763583,0.9987162671280664,1.0,0.9987162671280664,0.0
energy|voltage|4|energy/building01/CT9/voltage,energy,voltage,static,4,energy/building01/CT9/voltage,1,80.0,1,,1.0,8,1,p_gated_uniform,2,2077,8.056479443535782,644.5183554828625,0.938506208561543,0.9987162671280664,1.0,0.9987162671280664,0.0
energy|voltage|4|energy/building01/CT9/voltage,energy,voltage,static,4,energy/building01/CT9/voltage,1,80.0,1,,1.0,8,1,p_gated_uniform,3,3077,7.983271153054997,638.6616922443998,0.9861612292786052,0.9987162671280664,1.0,0.9987162671280664,0.0
energy|voltage|4|energy/building01/CT9/voltage,energy,voltage,static,4,energy/building01/CT9/voltage,1,80.0,1,,1.0,8,1,p_gated_uniform,4,4077,7.993581843860298,639.4865475088238,0.9145031910294504,0.9987162671280664,1.0,0.9987162671280664,0.0
energy|voltage|4|energy/building01/CT9/voltage,energy,voltage,static,4,energy/building01/CT9/voltage,1,80.0,1,,1.0,8,1,p_gated_uniform,5,5077,7.98797599019437,639.0380792155496,0.9914444114199996,0.9987162671280664,1.0,0.9987162671280664,0.0
energy|voltage|4|energy/building01/CT10/voltage,energy,voltage,static,4,energy/building01/CT10/voltage,1,80.0,1,,1.0,8,1,p_gated_uniform,0,77,7.897903452824539,631.8322762259631,0.7268445486212156,0.9987162671280664,1.0,0.9987162671280664,0.0
energy|voltage|4|energy/building01/CT10/voltage,energy,voltage,static,4,energy/building01/CT10/voltage,1,80.0,1,,1.0,8,1,p_gated_uniform,1,1077,7.982904909519171,638.6323927615337,0.8578145251763583,0.9987162671280664,1.0,0.9987162671280664,0.0
energy|voltage|4|energy/building01/CT10/voltage,energy,voltage,static,4,energy/building01/CT10/voltage,1,80.0,1,,1.0,8,1,p_gated_uniform,2,2077,8.056479443535782,644.5183554828625,0.938506208561543,0.9987162671280664,1.0,0.9987162671280664,0.0
energy|voltage|4|energy/building01/CT10/voltage,energy,voltage,static,4,energy/building01/CT10/voltage,1,80.0,1,,1.0,8,1,p_gated_uniform,3,3077,7.983271153054997,638.6616922443998,0.9860862285319084,0.9987162671280664,1.0,0.9987162671280664,0.0
energy|voltage|4|energy/building01/CT10/voltage,energy,voltage,static,4,energy/building01/CT10/voltage,1,80.0,1,,1.0,8,1,p_gated_uniform,4,4077,7.993581843860298,639.4865475088238,0.9145730064896056,0.9987162671280664,1.0,0.9987162671280664,0.0
energy|voltage|4|energy/building01/CT10/voltage,energy,voltage,static,4,energy/building01/CT10/voltage,1,80.0,1,,1.0,8,1,p_gated_uniform,5,5077,7.98797599019437,639.0380792155496,0.9914444114199996,0.9987162671280664,1.0,0.9987162671280664,0.0
energy|voltage|4|energy/building01/CT13/voltage,energy,voltage,static,4,energy/building01/CT13/voltage,1,80.0,1,,1.0,8,1,p_gated_uniform,0,77,7.8979037667809475,631.8323013424758,0.7268445487525356,0.9987162671280664,1.0,0.9987162671280664,0.0
energy|voltage|4|energy/building01/CT13/voltage,energy,voltage,static,4,energy/building01/CT13/voltage,1,80.0,1,,1.0,8,1,p_gated_uniform,1,1077,7.982905363011763,638.632429040941,0.8578145251763583,0.9987162671280664,1.0,0.9987162671280664,0.0
energy|voltage|4|energy/building01/CT13/voltage,energy,voltage,static,4,energy/building01/CT13/voltage,1,80.0,1,,1.0,8,1,p_gated_uniform,2,2077,8.056479897028371,644.5183917622697,0.9384346982298218,0.9987162671280664,1.0,0.9987162671280664,0.0
energy|voltage|4|energy/building01/CT13/voltage,energy,voltage,static,4,energy/building01/CT13/voltage,1,80.0,1,,1.0,8,1,p_gated_uniform,3,3077,7.983271467011406,638.6617173609125,0.9860862219299406,0.9987162671280664,1.0,0.9987162671280664,0.0
energy|voltage|4|energy/building01/CT13/voltage,energy,voltage,static,4,energy/building01/CT13/voltage,1,80.0,1,,1.0,8,1,p_gated_uniform,4,4077,7.993582157816706,639.4865726253365,0.9145032014000964,0.9987162671280664,1.0,0.9987162671280664,0.0
energy|voltage|4|energy/building01/CT13/voltage,energy,voltage,static,4,energy/building01/CT13/voltage,1,80.0,1,,1.0,8,1,p_gated_uniform,5,5077,7.987976443686961,639.0381154949569,0.991519813822562,0.9987162671280664,1.0,0.9987162671280664,0.0
energy|voltage|4|energy/building01/CT17/voltage,energy,voltage,static,4,energy/building01/CT17/voltage,1,80.0,1,,1.0,8,1,p_gated_uniform,0,77,7.89790498190853,631.8323985526824,0.7267866844589408,0.9987162671280664,1.0,0.9987162671280664,0.0
energy|voltage|4|energy/building01/CT17/voltage,energy,voltage,static,4,energy/building01/CT17/voltage,1,80.0,1,,1.0,8,1,p_gated_uniform,1,1077,7.982904147884179,638.6323318307343,0.8577485453034991,0.9987162671280664,1.0,0.9987162671280664,0.0
energy|voltage|4|energy/building01/CT17/voltage,energy,voltage,static,4,energy/building01/CT17/voltage,1,80.0,1,,1.0,8,1,p_gated_uniform,2,2077,8.056478681900789,644.5182945520631,0.9383631851119596,0.9987162671280664,1.0,0.9987162671280664,0.0
energy|voltage|4|energy/building01/CT17/voltage,energy,voltage,static,4,energy/building01/CT17/voltage,1,80.0,1,,1.0,8,1,p_gated_uniform,3,3077,7.983270205371762,638.661616429741,0.9860862306086152,0.9987162671280664,1.0,0.9987162671280664,0.0
energy|voltage|4|energy/building01/CT17/voltage,energy,voltage,static,4,energy/building01/CT17/voltage,1,80.0,1,,1.0,8,1,p_gated_uniform,4,4077,7.993580896177065,639.4864716941652,0.9144333858500476,0.9987162671280664,1.0,0.9987162671280664,0.0
energy|voltage|4|energy/building01/CT17/voltage,energy,voltage,static,4,energy/building01/CT17/voltage,1,80.0,1,,1.0,8,1,p_gated_uniform,5,5077,7.987975996008378,639.0380796806703,0.9916706259120668,0.9987162671280664,1.0,0.9987162671280664,0.0
energy|current|1|energy,energy,current,static,1,energy,12,100.0,1,,1.0,8,1,p_gated_uniform,0,77,1.4790124366981765,147.90124366981766,0.8427168167008798,0.9987162671280664,0.1880202927042561,5.673708592638072,0.0
energy|current|1|energy,energy,current,static,1,energy,12,100.0,1,,1.0,8,1,p_gated_uniform,1,1077,1.4966037267568717,149.66037267568717,0.6368818118866234,0.9987162671280664,0.1880202927042561,5.673708592638072,0.0
energy|current|1|energy,energy,current,static,1,energy,12,100.0,1,,1.0,8,1,p_gated_uniform,2,2077,1.513246147423733,151.32461474237334,0.6627473781020237,0.9987162671280664,0.1880202927042561,5.673708592638072,0.0
energy|current|1|energy,energy,current,static,1,energy,12,100.0,1,,1.0,8,1,p_gated_uniform,3,3077,1.4979093865375506,149.79093865375506,0.6824765242853312,0.9987162671280664,0.1880202927042561,5.673708592638072,0.0
energy|current|1|energy,energy,current,static,1,energy,12,100.0,1,,1.0,8,1,p_gated_uniform,4,4077,1.5014650078380103,150.14650078380106,0.719089283310522,0.9987162671280664,0.1880202927042561,5.673708592638072,0.0
energy|current|1|energy,energy,current,static,1,energy,12,100.0,1,,1.0,8,1,p_gated_uniform,5,5077,1.5062887262206224,150.62887262206223,0.7971191481634121,0.9987162671280664,0.1880202927042561,5.673708592638072,0.0
energy|current|2|energy/building01,energy,current,static,2,energy/building01,12,100.0,1,,1.0,8,1,p_gated_uniform,0,77,1.4790124366981765,147.90124366981766,0.8427168167008798,0.9987162671280664,0.1880202927042561,5.673708592638072,0.0
energy|current|2|energy/building01,energy,current,static,2,energy/building01,12,100.0,1,,1.0,8,1,p_gated_uniform,1,1077,1.4966037267568717,149.66037267568717,0.6368818118866234,0.9987162671280664,0.1880202927042561,5.673708592638072,0.0
energy|current|2|energy/building01,energy,current,static,2,energy/building01,12,100.0,1,,1.0,8,1,p_gated_uniform,2,2077,1.513246147423733,151.32461474237334,0.6627473781020237,0.9987162671280664,0.1880202927042561,5.673708592638072,0.0
energy|current|2|energy/building01,energy,current,static,2,energy/building01,12,100.0,1,,1.0,8,1,p_gated_uniform,3,3077,1.4979093865375506,149.79093865375506,0.6824765242853312,0.9987162671280664,0.1880202927042561,5.673708592638072,0.0
energy|current|2|energy/building01,energy,current,static,2,energy/building01,12,100.0,1,,1.0,8,1,p_gated_uniform,4,4077,1.5014650078380103,150.14650078380106,0.719089283310522,0.9987162671280664,0.1880202927042561,5.673708592638072,0.0
energy|current|2|energy/building01,energy,current,static,2,energy/building01,12,100.0,1,,1.0,8,1,p_gated_uniform,5,5077,1.5062887262206224,150.62887262206223,0.7971191481634121,0.9987162671280664,0.1880202927042561,5.673708592638072,0.0
energy|current|3|energy/building01/CT1,energy,current,static,3,energy/building01/CT1,1,100.0,1,,1.0,8,1,p_gated_uniform,0,77,7.898392975866916,789.8392975866916,0.7270760873355611,0.9987162671280664,1.0,0.9987162671280664,0.0
energy|current|3|energy/building01/CT1,energy,current,static,3,energy/building01/CT1,1,100.0,1,,1.0,8,1,p_gated_uniform,1,1077,7.981632693631061,798.1632693631061,0.8571550712025755,0.9987162671280664,1.0,0.9987162671280664,0.0
energy|current|3|energy/building01/CT1,energy,current,static,3,energy/building01/CT1,1,100.0,1,,1.0,8,1,p_gated_uniform,2,2077,8.05519582735132,805.5195827351318,0.9375053746513872,0.9987162671280664,1.0,0.9987162671280664,0.0
energy|current|3|energy/building01/CT1,energy,current,static,3,energy/building01/CT1,1,100.0,1,,1.0,8,1,p_gated_uniform,3,3077,7.981744078411341,798.1744078411341,0.9818300041537872,0.9987162671280664,1.0,0.9987162671280664,0.0
energy|current|3|energy/building01/CT1,energy,current,static,3,energy/building01/CT1,1,100.0,1,,1.0,8,1,p_gated_uniform,4,4077,7.991745356427857,799.1745356427857,0.9112969983823304,0.9987162671280664,1.0,0.9987162671280664,0.0
energy|current|3|energy/building01/CT1,energy,current,static,3,energy/building01/CT1,1,100.0,1,,1.0,8,1,p_gated_uniform,5,5077,7.984884560855493,798.4884560855493,0.9922075249364732,0.9987162671280664,1.0,0.9987162671280664,0.0
energy|current|3|energy/building01/CT2,energy,current,static,3,energy/building01/CT2,1,100.0,1,,1.0,8,1,p_gated_uniform,0,77,8.029154779135864,802.9154779135863,0.8816248392781457,0.8814472087378641,1.0,0.8814472087378641,0.0
energy|current|3|energy/building01/CT2,energy,current,static,3,energy/building01/CT2,1,100.0,1,,1.0,8,1,p_gated_uniform,1,1077,7.927033405140818,792.7033405140818,0.7969214010940142,0.8814472087378641,1.0,0.8814472087378641,0.0
energy|current|3|energy/building01/CT2,energy,current,static,3,energy/building01/CT2,1,100.0,1,,1.0,8,1,p_gated_uniform,2,2077,8.047005705868632,804.7005705868631,0.9243423970248276,0.8814472087378641,1.0,0.8814472087378641,0.0
energy|current|3|energy/building01/CT2,energy,current,static,3,energy/building01/CT2,1,100.0,1,,1.0,8,1,p_gated_uniform,3,3077,7.981539307394562,798.1539307394562,0.7819192476683355,0.8814472087378641,1.0,0.8814472087378641,0.0
energy|current|3|energy/building01/CT2,energy,current,static,3,energy/building01/CT2,1,100.0,1,,1.0,8,1,p_gated_uniform,4,4077,7.915499473886301,791.5499473886301,0.758071331289462,0.8814472087378641,1.0,0.8814472087378641,0.0
energy|current|3|energy/building01/CT2,energy,current,static,3,energy/building01/CT2,1,100.0,1,,1.0,8,1,p_gated_uniform,5,5077,8.107895617465953,810.7895617465954,0.7532072900181003,0.8814472087378641,1.0,0.8814472087378641,0.0
energy|current|3|energy/building01/CT3,energy,current,static,3,energy/building01/CT3,1,100.0,1,,1.0,8,1,p_gated_uniform,0,77,7.7860593227588994,778.6059322758899,0.7299304919857248,0.8330525606469003,1.0,0.8330525606469003,0.0
energy|current|3|energy/building01/CT3,energy,current,static,3,energy/building01/CT3,1,100.0,1,,1.0,8,1,p_gated_uniform,1,1077,8.058426125597595,805.8426125597596,0.7872093084154103,0.8330525606469003,1.0,0.8330525606469003,0.0
energy|current|3|energy/building01/CT3,energy,current,static,3,energy/building01/CT3,1,100.0,1,,1.0,8,1,p_gated_uniform,2,2077,7.987407104050729,798.740710405073,0.8846395332959697,0.8330525606469003,1.0,0.8330525606469003,0.0
energy|current|3|energy/building01/CT3,energy,current,static,3,energy/building01/CT3,1,100.0,1,,1.0,8,1,p_gated_uniform,3,3077,7.846220796065545,784.6220796065545,0.7781054351454986,0.8330525606469003,1.0,0.8330525606469003,0.0
energy|current|3|energy/building01/CT3,energy,current,static,3,energy/building01/CT3,1,100.0,1,,1.0,8,1,p_gated_uniform,4,4077,7.865623584512066,786.5623584512066,1.0156182644216003,0.8330525606469003,1.0,0.8330525606469003,0.0
energy|current|3|energy/building01/CT3,energy,current,static,3,energy/building01/CT3,1,100.0,1,,1.0,8,1,p_gated_uniform,5,5077,7.974974353457267,797.4974353457267,0.7583288940055172,0.8330525606469003,1.0,0.8330525606469003,0.0
energy|current|3|energy/building01/CT4,energy,current,static,3,energy/building01/CT4,1,100.0,1,,1.0,8,1,p_gated_uniform,0,77,7.964855692486959,796.4855692486959,0.6830571135424424,0.345370758273984,1.0,0.345370758273984,0.0
energy|current|3|energy/building01/CT4,energy,current,static,3,energy/building01/CT4,1,100.0,1,,1.0,8,1,p_gated_uniform,1,1077,7.944258340240999,794.4258340240999,1.0221120493533336,0.345370758273984,1.0,0.345370758273984,0.0
energy|current|3|energy/building01/CT4,energy,current,static,3,energy/building01/CT4,1,100.0,1,,1.0,8,1,p_gated_uniform,2,2077,7.890952462011586,789.0952462011586,0.8506669011534403,0.345370758273984,1.0,0.345370758273984,0.0
energy|current|3|energy/building01/CT4,energy,current,static,3,energy/building01/CT4,1,100.0,1,,1.0,8,1,p_gated_uniform,3,3077,8.35863971204869,835.863971204869,0.8061731406206742,0.345370758273984,1.0,0.345370758273984,0.0
energy|current|3|energy/building01/CT4,energy,current,static,3,energy/building01/CT4,1,100.0,1,,1.0,8,1,p_gated_uniform,4,4077,7.991004417572176,799.1004417572176,0.9768316914779565,0.345370758273984,1.0,0.345370758273984,0.0
energy|current|3|energy/building01/CT4,energy,current,static,3,energy/building01/CT4,1,100.0,1,,1.0,8,1,p_gated_uniform,5,5077,7.638438364589574,763.8438364589574,0.8376366572370434,0.345370758273984,1.0,0.345370758273984,0.0
energy|current|3|energy/building01/CT5,energy,current,static,3,energy/building01/CT5,1,100.0,1,,1.0,8,1,p_gated_uniform,0,77,7.166342112880202,716.6342112880202,0.8818562135411989,0.1289050652107977,1.0,0.1289050652107977,0.0
energy|current|3|energy/building01/CT5,energy,current,static,3,energy/building01/CT5,1,100.0,1,,1.0,8,1,p_gated_uniform,1,1077,8.198556845584118,819.8556845584119,0.8941077724709525,0.1289050652107977,1.0,0.1289050652107977,0.0
energy|current|3|energy/building01/CT5,energy,current,static,3,energy/building01/CT5,1,100.0,1,,1.0,8,1,p_gated_uniform,2,2077,7.5119008408449215,751.1900840844921,0.8520317194769353,0.1289050652107977,1.0,0.1289050652107977,0.0
energy|current|3|energy/building01/CT5,energy,current,static,3,energy/building01/CT5,1,100.0,1,,1.0,8,1,p_gated_uniform,3,3077,9.379935305518272,937.9935305518272,1.0387877174762177,0.1289050652107977,1.0,0.1289050652107977,0.0
energy|current|3|energy/building01/CT5,energy,current,static,3,energy/building01/CT5,1,100.0,1,,1.0,8,1,p_gated_uniform,4,4077,8.449990625545801,844.9990625545801,0.899254792969065,0.1289050652107977,1.0,0.1289050652107977,0.0
energy|current|3|energy/building01/CT5,energy,current,static,3,energy/building01/CT5,1,100.0,1,,1.0,8,1,p_gated_uniform,5,5077,8.776332559548152,877.6332559548151,0.8517482192910525,0.1289050652107977,1.0,0.1289050652107977,0.0
energy|current|3|energy/building01/CT6,energy,current,static,3,energy/building01/CT6,1,100.0,1,,1.0,8,1,p_gated_uniform,0,77,7.898396280548821,789.839628054882,0.7264975359099285,0.9987162671280664,1.0,0.9987162671280664,0.0
energy|current|3|energy/building01/CT6,energy,current,static,3,energy/building01/CT6,1,100.0,1,,1.0,8,1,p_gated_uniform,1,1077,7.98162050049438,798.162050049438,0.8586724512830691,0.9987162671280664,1.0,0.9987162671280664,0.0
energy|current|3|energy/building01/CT6,energy,current,static,3,energy/building01/CT6,1,100.0,1,,1.0,8,1,p_gated_uniform,2,2077,8.055193304072032,805.5193304072033,0.9386492328614958,0.9987162671280664,1.0,0.9987162671280664,0.0
energy|current|3|energy/building01/CT6,energy,current,static,3,energy/building01/CT6,1,100.0,1,,1.0,8,1,p_gated_uniform,3,3077,7.981729592230074,798.1729592230074,0.9850778719684486,0.9987162671280664,1.0,0.9987162671280664,0.0
energy|current|3|energy/building01/CT6,energy,current,static,3,energy/building01/CT6,1,100.0,1,,1.0,8,1,p_gated_uniform,4,4077,7.991722219003324,799.1722219003324,0.913386841652282,0.9987162671280664,1.0,0.9987162671280664,0.0
energy|current|3|energy/building01/CT6,energy,current,static,3,energy/building01/CT6,1,100.0,1,,1.0,8,1,p_gated_uniform,5,5077,7.984858986198984,798.4858986198984,0.9939777420390216,0.9987162671280664,1.0,0.9987162671280664,0.0
energy|current|3|energy/building01/CT7,energy,current,static,3,energy/building01/CT7,1,100.0,1,,1.0,8,1,p_gated_uniform,0,77,7.898403738757732,789.8403738757733,0.7264975036091333,0.9987162671280664,1.0,0.9987162671280664,0.0
energy|current|3|energy/building01/CT7,energy,current,static,3,energy/building01/CT7,1,100.0,1,,1.0,8,1,p_gated_uniform,1,1077,7.981613279496976,798.1613279496976,0.858474256433648,0.9987162671280664,1.0,0.9987162671280664,0.0
energy|current|3|energy/building01/CT7,energy,current,static,3,energy/building01/CT7,1,100.0,1,,1.0,8,1,p_gated_uniform,2,2077,8.05518682261639,805.518682261639,0.9380057229431324,0.9987162671280664,1.0,0.9987162671280664,0.0
energy|current|3|energy/building01/CT7,energy,current,static,3,energy/building01/CT7,1,100.0,1,,1.0,8,1,p_gated_uniform,3,3077,7.981718840967273,798.1718840967272,0.9846282305178856,0.9987162671280664,1.0,0.9987162671280664,0.0
energy|current|3|energy/building01/CT7,energy,current,static,3,energy/building01/CT7,1,100.0,1,,1.0,8,1,p_gated_uniform,4,4077,7.991712100304545,799.1712100304545,0.913665834808464,0.9987162671280664,1.0,0.9987162671280664,0.0
energy|current|3|energy/building01/CT7,energy,current,static,3,energy/building01/CT7,1,100.0,1,,1.0,8,1,p_gated_uniform,5,5077,7.984848876802618,798.4848876802617,0.9940534865131254,0.9987162671280664,1.0,0.9987162671280664,0.0
energy|current|3|energy/building01/CT8,energy,current,static,3,energy/building01/CT8,1,100.0,1,,1.0,8,1,p_gated_uniform,0,77,8.054818660518018,805.4818660518018,0.7270770459013689,0.986850851082276,1.0,0.986850851082276,0.0
energy|current|3|energy/building01/CT8,energy,current,static,3,energy/building01/CT8,1,100.0,1,,1.0,8,1,p_gated_uniform,1,1077,8.077884287175069,807.7884287175068,0.859409179702094,0.986850851082276,1.0,0.986850851082276,0.0
energy|current|3|energy/building01/CT8,energy,current,static,3,energy/building01/CT8,1,100.0,1,,1.0,8,1,p_gated_uniform,2,2077,8.067570860651653,806.7570860651654,0.9376769028721966,0.986850851082276,1.0,0.986850851082276,0.0
energy|current|3|energy/building01/CT8,energy,current,static,3,energy/building01/CT8,1,100.0,1,,1.0,8,1,p_gated_uniform,3,3077,8.029072759047521,802.9072759047522,0.9821074145173584,0.986850851082276,1.0,0.986850851082276,0.0
energy|current|3|energy/building01/CT8,energy,current,static,3,energy/building01/CT8,1,100.0,1,,1.0,8,1,p_gated_uniform,4,4077,7.912551955054098,791.2551955054098,0.9140194119318388,0.986850851082276,1.0,0.986850851082276,0.0
energy|current|3|energy/building01/CT8,energy,current,static,3,energy/building01/CT8,1,100.0,1,,1.0,8,1,p_gated_uniform,5,5077,8.009983402446801,800.9983402446801,0.9936244195404716,0.986850851082276,1.0,0.986850851082276,0.0
energy|current|3|energy/building01/CT9,energy,current,static,3,energy/building01/CT9,1,100.0,1,,1.0,8,1,p_gated_uniform,0,77,8.880012656735673,888.0012656735673,0.8501185877518095,0.021118284276179,1.0,0.021118284276179,0.0
energy|current|3|energy/building01/CT9,energy,current,static,3,energy/building01/CT9,1,100.0,1,,1.0,8,1,p_gated_uniform,1,1077,2.026786570191597,202.6786570191597,0.8127513046626922,0.021118284276179,1.0,0.021118284276179,0.0
energy|current|3|energy/building01/CT9,energy,current,static,3,energy/building01/CT9,1,100.0,1,,1.0,8,1,p_gated_uniform,2,2077,1.409741286181274,140.9741286181274,0.737758323870016,0.021118284276179,1.0,0.021118284276179,0.0
energy|current|3|energy/building01/CT9,energy,current,static,3,energy/building01/CT9,1,100.0,1,,1.0,8,1,p_gated_uniform,3,3077,7.107209973011156,710.7209973011156,0.7835065992643191,0.021118284276179,1.0,0.021118284276179,0.0
energy|current|3|energy/building01/CT9,energy,current,static,3,energy/building01/CT9,1,100.0,1,,1.0,8,1,p_gated_uniform,4,4077,7.406287232906041,740.6287232906041,0.9549038687155488,0.021118284276179,1.0,0.021118284276179,0.0
energy|current|3|energy/building01/CT9,energy,current,static,3,energy/building01/CT9,1,100.0,1,,1.0,8,1,p_gated_uniform,5,5077,2.372055969167912,237.2055969167912,0.9853212608281234,0.021118284276179,1.0,0.021118284276179,0.0
energy|current|3|energy/building01/CT10,energy,current,static,3,energy/building01/CT10,1,100.0,1,,1.0,8,1,p_gated_uniform,0,77,7.643694698388656,764.3694698388656,0.8745818855501925,0.1314500156364015,1.0,0.1314500156364015,0.0
energy|current|3|energy/building01/CT10,energy,current,static,3,energy/building01/CT10,1,100.0,1,,1.0,8,1,p_gated_uniform,1,1077,8.012214809747785,801.2214809747786,0.8966389349718169,0.1314500156364015,1.0,0.1314500156364015,0.0
energy|current|3|energy/building01/CT10,energy,current,static,3,energy/building01/CT10,1,100.0,1,,1.0,8,1,p_gated_uniform,2,2077,7.296310617971509,729.6310617971509,0.8352727836978567,0.1314500156364015,1.0,0.1314500156364015,0.0
energy|current|3|energy/building01/CT10,energy,current,static,3,energy/building01/CT10,1,100.0,1,,1.0,8,1,p_gated_uniform,3,3077,8.016548337563638,801.6548337563637,1.0412840857927883,0.1314500156364015,1.0,0.1314500156364015,0.0
energy|current|3|energy/building01/CT10,energy,current,static,3,energy/building01/CT10,1,100.0,1,,1.0,8,1,p_gated_uniform,4,4077,7.985803326486257,798.5803326486257,0.8998884823734156,0.1314500156364015,1.0,0.1314500156364015,0.0
energy|current|3|energy/building01/CT10,energy,current,static,3,energy/building01/CT10,1,100.0,1,,1.0,8,1,p_gated_uniform,5,5077,8.31664234094083,831.6642340940829,0.8537010917168969,0.1314500156364015,1.0,0.1314500156364015,0.0
energy|current|3|energy/building01/CT13,energy,current,static,3,energy/building01/CT13,1,100.0,1,,1.0,8,1,p_gated_uniform,0,77,7.53647395458687,753.647395458687,0.8818610930593614,0.0714667236406366,1.0,0.0714667236406366,0.0
energy|current|3|energy/building01/CT13,energy,current,static,3,energy/building01/CT13,1,100.0,1,,1.0,8,1,p_gated_uniform,1,1077,7.385102217926714,738.5102217926714,1.1114900176862652,0.0714667236406366,1.0,0.0714667236406366,0.0
energy|current|3|energy/building01/CT13,energy,current,static,3,energy/building01/CT13,1,100.0,1,,1.0,8,1,p_gated_uniform,2,2077,7.9490147346664175,794.9014734666417,0.8566837062951003,0.0714667236406366,1.0,0.0714667236406366,0.0
energy|current|3|energy/building01/CT13,energy,current,static,3,energy/building01/CT13,1,100.0,1,,1.0,8,1,p_gated_uniform,3,3077,8.722321485045617,872.2321485045617,0.7204496968202218,0.0714667236406366,1.0,0.0714667236406366,0.0
energy|current|3|energy/building01/CT13,energy,current,static,3,energy/building01/CT13,1,100.0,1,,1.0,8,1,p_gated_uniform,4,4077,9.270519186073663,927.0519186073664,1.0923902178676252,0.0714667236406366,1.0,0.0714667236406366,0.0
energy|current|3|energy/building01/CT13,energy,current,static,3,energy/building01/CT13,1,100.0,1,,1.0,8,1,p_gated_uniform,5,5077,9.08342452399382,908.342452399382,0.8726754405011957,0.0714667236406366,1.0,0.0714667236406366,0.0
energy|current|3|energy/building01/CT17,energy,current,static,3,energy/building01/CT17,1,100.0,1,,1.0,8,1,p_gated_uniform,0,77,7.874336747147319,787.4336747147319,0.8310718061507916,0.6793625882779019,1.0,0.6793625882779019,0.0
energy|current|3|energy/building01/CT17,energy,current,static,3,energy/building01/CT17,1,100.0,1,,1.0,8,1,p_gated_uniform,1,1077,8.657916204985316,865.7916204985316,0.9500927231730578,0.6793625882779019,1.0,0.6793625882779019,0.0
energy|current|3|energy/building01/CT17,energy,current,static,3,energy/building01/CT17,1,100.0,1,,1.0,8,1,p_gated_uniform,2,2077,8.412297678545295,841.2297678545295,0.8622389911238497,0.6793625882779019,1.0,0.6793625882779019,0.0
energy|current|3|energy/building01/CT17,energy,current,static,3,energy/building01/CT17,1,100.0,1,,1.0,8,1,p_gated_uniform,3,3077,8.1576852132832,815.76852132832,0.7851007260739598,0.6793625882779019,1.0,0.6793625882779019,0.0
energy|current|3|energy/building01/CT17,energy,current,static,3,energy/building01/CT17,1,100.0,1,,1.0,8,1,p_gated_uniform,4,4077,8.7277098845934,872.7709884593401,0.9830186004636526,0.6793625882779019,1.0,0.6793625882779019,0.0
energy|current|3|energy/building01/CT17,energy,current,static,3,energy/building01/CT17,1,100.0,1,,1.0,8,1,p_gated_uniform,5,5077,8.121760742491169,812.1760742491169,0.9112326312864288,0.6793625882779019,1.0,0.6793625882779019,0.0
energy|current|4|energy/building01/CT1/current,energy,current,static,4,energy/building01/CT1/current,1,100.0,1,,1.0,8,1,p_gated_uniform,0,77,7.898392975866916,789.8392975866916,0.7270760873355611,0.9987162671280664,1.0,0.9987162671280664,0.0
energy|current|4|energy/building01/CT1/current,energy,current,static,4,energy/building01/CT1/current,1,100.0,1,,1.0,8,1,p_gated_uniform,1,1077,7.981632693631061,798.1632693631061,0.8571550712025755,0.9987162671280664,1.0,0.9987162671280664,0.0
energy|current|4|energy/building01/CT1/current,energy,current,static,4,energy/building01/CT1/current,1,100.0,1,,1.0,8,1,p_gated_uniform,2,2077,8.05519582735132,805.5195827351318,0.9375053746513872,0.9987162671280664,1.0,0.9987162671280664,0.0
energy|current|4|energy/building01/CT1/current,energy,current,static,4,energy/building01/CT1/current,1,100.0,1,,1.0,8,1,p_gated_uniform,3,3077,7.981744078411341,798.1744078411341,0.9818300041537872,0.9987162671280664,1.0,0.9987162671280664,0.0
energy|current|4|energy/building01/CT1/current,energy,current,static,4,energy/building01/CT1/current,1,100.0,1,,1.0,8,1,p_gated_uniform,4,4077,7.991745356427857,799.1745356427857,0.9112969983823304,0.9987162671280664,1.0,0.9987162671280664,0.0
energy|current|4|energy/building01/CT1/current,energy,current,static,4,energy/building01/CT1/current,1,100.0,1,,1.0,8,1,p_gated_uniform,5,5077,7.984884560855493,798.4884560855493,0.9922075249364732,0.9987162671280664,1.0,0.9987162671280664,0.0
energy|current|4|energy/building01/CT2/current,energy,current,static,4,energy/building01/CT2/current,1,100.0,1,,1.0,8,1,p_gated_uniform,0,77,8.029154779135864,802.9154779135863,0.8816248392781457,0.8814472087378641,1.0,0.8814472087378641,0.0
energy|current|4|energy/building01/CT2/current,energy,current,static,4,energy/building01/CT2/current,1,100.0,1,,1.0,8,1,p_gated_uniform,1,1077,7.927033405140818,792.7033405140818,0.7969214010940142,0.8814472087378641,1.0,0.8814472087378641,0.0
energy|current|4|energy/building01/CT2/current,energy,current,static,4,energy/building01/CT2/current,1,100.0,1,,1.0,8,1,p_gated_uniform,2,2077,8.047005705868632,804.7005705868631,0.9243423970248276,0.8814472087378641,1.0,0.8814472087378641,0.0
energy|current|4|energy/building01/CT2/current,energy,current,static,4,energy/building01/CT2/current,1,100.0,1,,1.0,8,1,p_gated_uniform,3,3077,7.981539307394562,798.1539307394562,0.7819192476683355,0.8814472087378641,1.0,0.8814472087378641,0.0
energy|current|4|energy/building01/CT2/current,energy,current,static,4,energy/building01/CT2/current,1,100.0,1,,1.0,8,1,p_gated_uniform,4,4077,7.915499473886301,791.5499473886301,0.758071331289462,0.8814472087378641,1.0,0.8814472087378641,0.0
energy|current|4|energy/building01/CT2/current,energy,current,static,4,energy/building01/CT2/current,1,100.0,1,,1.0,8,1,p_gated_uniform,5,5077,8.107895617465953,810.7895617465954,0.7532072900181003,0.8814472087378641,1.0,0.8814472087378641,0.0
energy|current|4|energy/building01/CT3/current,energy,current,static,4,energy/building01/CT3/current,1,100.0,1,,1.0,8,1,p_gated_uniform,0,77,7.7860593227588994,778.6059322758899,0.7299304919857248,0.8330525606469003,1.0,0.8330525606469003,0.0
energy|current|4|energy/building01/CT3/current,energy,current,static,4,energy/building01/CT3/current,1,100.0,1,,1.0,8,1,p_gated_uniform,1,1077,8.058426125597595,805.8426125597596,0.7872093084154103,0.8330525606469003,1.0,0.8330525606469003,0.0
energy|current|4|energy/building01/CT3/current,energy,current,static,4,energy/building01/CT3/current,1,100.0,1,,1.0,8,1,p_gated_uniform,2,2077,7.987407104050729,798.740710405073,0.8846395332959697,0.8330525606469003,1.0,0.8330525606469003,0.0
energy|current|4|energy/building01/CT3/current,energy,current,static,4,energy/building01/CT3/current,1,100.0,1,,1.0,8,1,p_gated_uniform,3,3077,7.846220796065545,784.6220796065545,0.7781054351454986,0.8330525606469003,1.0,0.8330525606469003,0.0
energy|current|4|energy/building01/CT3/current,energy,current,static,4,energy/building01/CT3/current,1,100.0,1,,1.0,8,1,p_gated_uniform,4,4077,7.865623584512066,786.5623584512066,1.0156182644216003,0.8330525606469003,1.0,0.8330525606469003,0.0
energy|current|4|energy/building01/CT3/current,energy,current,static,4,energy/building01/CT3/current,1,100.0,1,,1.0,8,1,p_gated_uniform,5,5077,7.974974353457267,797.4974353457267,0.7583288940055172,0.8330525606469003,1.0,0.8330525606469003,0.0
energy|current|4|energy/building01/CT4/current,energy,current,static,4,energy/building01/CT4/current,1,100.0,1,,1.0,8,1,p_gated_uniform,0,77,7.964855692486959,796.4855692486959,0.6830571135424424,0.345370758273984,1.0,0.345370758273984,0.0
energy|current|4|energy/building01/CT4/current,energy,current,static,4,energy/building01/CT4/current,1,100.0,1,,1.0,8,1,p_gated_uniform,1,1077,7.944258340240999,794.4258340240999,1.0221120493533336,0.345370758273984,1.0,0.345370758273984,0.0
energy|current|4|energy/building01/CT4/current,energy,current,static,4,energy/building01/CT4/current,1,100.0,1,,1.0,8,1,p_gated_uniform,2,2077,7.890952462011586,789.0952462011586,0.8506669011534403,0.345370758273984,1.0,0.345370758273984,0.0
energy|current|4|energy/building01/CT4/current,energy,current,static,4,energy/building01/CT4/current,1,100.0,1,,1.0,8,1,p_gated_uniform,3,3077,8.35863971204869,835.863971204869,0.8061731406206742,0.345370758273984,1.0,0.345370758273984,0.0
energy|current|4|energy/building01/CT4/current,energy,current,static,4,energy/building01/CT4/current,1,100.0,1,,1.0,8,1,p_gated_uniform,4,4077,7.991004417572176,799.1004417572176,0.9768316914779565,0.345370758273984,1.0,0.345370758273984,0.0
energy|current|4|energy/building01/CT4/current,energy,current,static,4,energy/building01/CT4/current,1,100.0,1,,1.0,8,1,p_gated_uniform,5,5077,7.638438364589574,763.8438364589574,0.8376366572370434,0.345370758273984,1.0,0.345370758273984,0.0
energy|current|4|energy/building01/CT5/current,energy,current,static,4,energy/building01/CT5/current,1,100.0,1,,1.0,8,1,p_gated_uniform,0,77,7.166342112880202,716.6342112880202,0.8818562135411989,0.1289050652107977,1.0,0.1289050652107977,0.0
energy|current|4|energy/building01/CT5/current,energy,current,static,4,energy/building01/CT5/current,1,100.0,1,,1.0,8,1,p_gated_uniform,1,1077,8.198556845584118,819.8556845584119,0.8941077724709525,0.1289050652107977,1.0,0.1289050652107977,0.0
energy|current|4|energy/building01/CT5/current,energy,current,static,4,energy/building01/CT5/current,1,100.0,1,,1.0,8,1,p_gated_uniform,2,2077,7.5119008408449215,751.1900840844921,0.8520317194769353,0.1289050652107977,1.0,0.1289050652107977,0.0
energy|current|4|energy/building01/CT5/current,energy,current,static,4,energy/building01/CT5/current,1,100.0,1,,1.0,8,1,p_gated_uniform,3,3077,9.379935305518272,937.9935305518272,1.0387877174762177,0.1289050652107977,1.0,0.1289050652107977,0.0
energy|current|4|energy/building01/CT5/current,energy,current,static,4,energy/building01/CT5/current,1,100.0,1,,1.0,8,1,p_gated_uniform,4,4077,8.449990625545801,844.9990625545801,0.899254792969065,0.1289050652107977,1.0,0.1289050652107977,0.0
energy|current|4|energy/building01/CT5/current,energy,current,static,4,energy/building01/CT5/current,1,100.0,1,,1.0,8,1,p_gated_uniform,5,5077,8.776332559548152,877.6332559548151,0.8517482192910525,0.1289050652107977,1.0,0.1289050652107977,0.0
energy|current|4|energy/building01/CT6/current,energy,current,static,4,energy/building01/CT6/current,1,100.0,1,,1.0,8,1,p_gated_uniform,0,77,7.898396280548821,789.839628054882,0.7264975359099285,0.9987162671280664,1.0,0.9987162671280664,0.0
energy|current|4|energy/building01/CT6/current,energy,current,static,4,energy/building01/CT6/current,1,100.0,1,,1.0,8,1,p_gated_uniform,1,1077,7.98162050049438,798.162050049438,0.8586724512830691,0.9987162671280664,1.0,0.9987162671280664,0.0
energy|current|4|energy/building01/CT6/current,energy,current,static,4,energy/building01/CT6/current,1,100.0,1,,1.0,8,1,p_gated_uniform,2,2077,8.055193304072032,805.5193304072033,0.9386492328614958,0.9987162671280664,1.0,0.9987162671280664,0.0
energy|current|4|energy/building01/CT6/current,energy,current,static,4,energy/building01/CT6/current,1,100.0,1,,1.0,8,1,p_gated_uniform,3,3077,7.981729592230074,798.1729592230074,0.9850778719684486,0.9987162671280664,1.0,0.9987162671280664,0.0
energy|current|4|energy/building01/CT6/current,energy,current,static,4,energy/building01/CT6/current,1,100.0,1,,1.0,8,1,p_gated_uniform,4,4077,7.991722219003324,799.1722219003324,0.913386841652282,0.9987162671280664,1.0,0.9987162671280664,0.0
energy|current|4|energy/building01/CT6/current,energy,current,static,4,energy/building01/CT6/current,1,100.0,1,,1.0,8,1,p_gated_uniform,5,5077,7.984858986198984,798.4858986198984,0.9939777420390216,0.9987162671280664,1.0,0.9987162671280664,0.0
energy|current|4|energy/building01/CT7/current,energy,current,static,4,energy/building01/CT7/current,1,100.0,1,,1.0,8,1,p_gated_uniform,0,77,7.898403738757732,789.8403738757733,0.7264975036091333,0.9987162671280664,1.0,0.9987162671280664,0.0
energy|current|4|energy/building01/CT7/current,energy,current,static,4,energy/building01/CT7/current,1,100.0,1,,1.0,8,1,p_gated_uniform,1,1077,7.981613279496976,798.1613279496976,0.858474256433648,0.9987162671280664,1.0,0.9987162671280664,0.0
energy|current|4|energy/building01/CT7/current,energy,current,static,4,energy/building01/CT7/current,1,100.0,1,,1.0,8,1,p_gated_uniform,2,2077,8.05518682261639,805.518682261639,0.9380057229431324,0.9987162671280664,1.0,0.9987162671280664,0.0
energy|current|4|energy/building01/CT7/current,energy,current,static,4,energy/building01/CT7/current,1,100.0,1,,1.0,8,1,p_gated_uniform,3,3077,7.981718840967273,798.1718840967272,0.9846282305178856,0.9987162671280664,1.0,0.9987162671280664,0.0
energy|current|4|energy/building01/CT7/current,energy,current,static,4,energy/building01/CT7/current,1,100.0,1,,1.0,8,1,p_gated_uniform,4,4077,7.991712100304545,799.1712100304545,0.913665834808464,0.9987162671280664,1.0,0.9987162671280664,0.0
energy|current|4|energy/building01/CT7/current,energy,current,static,4,energy/building01/CT7/current,1,100.0,1,,1.0,8,1,p_gated_uniform,5,5077,7.984848876802618,798.4848876802617,0.9940534865131254,0.9987162671280664,1.0,0.9987162671280664,0.0
energy|current|4|energy/building01/CT8/current,energy,current,static,4,energy/building01/CT8/current,1,100.0,1,,1.0,8,1,p_gated_uniform,0,77,8.054818660518018,805.4818660518018,0.7270770459013689,0.986850851082276,1.0,0.986850851082276,0.0
energy|current|4|energy/building01/CT8/current,energy,current,static,4,energy/building01/CT8/current,1,100.0,1,,1.0,8,1,p_gated_uniform,1,1077,8.077884287175069,807.7884287175068,0.859409179702094,0.986850851082276,1.0,0.986850851082276,0.0
energy|current|4|energy/building01/CT8/current,energy,current,static,4,energy/building01/CT8/current,1,100.0,1,,1.0,8,1,p_gated_uniform,2,2077,8.067570860651653,806.7570860651654,0.9376769028721966,0.986850851082276,1.0,0.986850851082276,0.0
energy|current|4|energy/building01/CT8/current,energy,current,static,4,energy/building01/CT8/current,1,100.0,1,,1.0,8,1,p_gated_uniform,3,3077,8.029072759047521,802.9072759047522,0.9821074145173584,0.986850851082276,1.0,0.986850851082276,0.0
energy|current|4|energy/building01/CT8/current,energy,current,static,4,energy/building01/CT8/current,1,100.0,1,,1.0,8,1,p_gated_uniform,4,4077,7.912551955054098,791.2551955054098,0.9140194119318388,0.986850851082276,1.0,0.986850851082276,0.0
energy|current|4|energy/building01/CT8/current,energy,current,static,4,energy/building01/CT8/current,1,100.0,1,,1.0,8,1,p_gated_uniform,5,5077,8.009983402446801,800.9983402446801,0.9936244195404716,0.986850851082276,1.0,0.986850851082276,0.0
energy|current|4|energy/building01/CT9/current,energy,current,static,4,energy/building01/CT9/current,1,100.0,1,,1.0,8,1,p_gated_uniform,0,77,8.880012656735673,888.0012656735673,0.8501185877518095,0.021118284276179,1.0,0.021118284276179,0.0
energy|current|4|energy/building01/CT9/current,energy,current,static,4,energy/building01/CT9/current,1,100.0,1,,1.0,8,1,p_gated_uniform,1,1077,2.026786570191597,202.6786570191597,0.8127513046626922,0.021118284276179,1.0,0.021118284276179,0.0
energy|current|4|energy/building01/CT9/current,energy,current,static,4,energy/building01/CT9/current,1,100.0,1,,1.0,8,1,p_gated_uniform,2,2077,1.409741286181274,140.9741286181274,0.737758323870016,0.021118284276179,1.0,0.021118284276179,0.0
energy|current|4|energy/building01/CT9/current,energy,current,static,4,energy/building01/CT9/current,1,100.0,1,,1.0,8,1,p_gated_uniform,3,3077,7.107209973011156,710.7209973011156,0.7835065992643191,0.021118284276179,1.0,0.021118284276179,0.0
energy|current|4|energy/building01/CT9/current,energy,current,static,4,energy/building01/CT9/current,1,100.0,1,,1.0,8,1,p_gated_uniform,4,4077,7.406287232906041,740.6287232906041,0.9549038687155488,0.021118284276179,1.0,0.021118284276179,0.0
energy|current|4|energy/building01/CT9/current,energy,current,static,4,energy/building01/CT9/current,1,100.0,1,,1.0,8,1,p_gated_uniform,5,5077,2.372055969167912,237.2055969167912,0.9853212608281234,0.021118284276179,1.0,0.021118284276179,0.0
energy|current|4|energy/building01/CT10/current,energy,current,static,4,energy/building01/CT10/current,1,100.0,1,,1.0,8,1,p_gated_uniform,0,77,7.643694698388656,764.3694698388656,0.8745818855501925,0.1314500156364015,1.0,0.1314500156364015,0.0
energy|current|4|energy/building01/CT10/current,energy,current,static,4,energy/building01/CT10/current,1,100.0,1,,1.0,8,1,p_gated_uniform,1,1077,8.012214809747785,801.2214809747786,0.8966389349718169,0.1314500156364015,1.0,0.1314500156364015,0.0
energy|current|4|energy/building01/CT10/current,energy,current,static,4,energy/building01/CT10/current,1,100.0,1,,1.0,8,1,p_gated_uniform,2,2077,7.296310617971509,729.6310617971509,0.8352727836978567,0.1314500156364015,1.0,0.1314500156364015,0.0
energy|current|4|energy/building01/CT10/current,energy,current,static,4,energy/building01/CT10/current,1,100.0,1,,1.0,8,1,p_gated_uniform,3,3077,8.016548337563638,801.6548337563637,1.0412840857927883,0.1314500156364015,1.0,0.1314500156364015,0.0
energy|current|4|energy/building01/CT10/current,energy,current,static,4,energy/building01/CT10/current,1,100.0,1,,1.0,8,1,p_gated_uniform,4,4077,7.985803326486257,798.5803326486257,0.8998884823734156,0.1314500156364015,1.0,0.1314500156364015,0.0
energy|current|4|energy/building01/CT10/current,energy,current,static,4,energy/building01/CT10/current,1,100.0,1,,1.0,8,1,p_gated_uniform,5,5077,8.31664234094083,831.6642340940829,0.8537010917168969,0.1314500156364015,1.0,0.1314500156364015,0.0
energy|current|4|energy/building01/CT13/current,energy,current,static,4,energy/building01/CT13/current,1,100.0,1,,1.0,8,1,p_gated_uniform,0,77,7.53647395458687,753.647395458687,0.8818610930593614,0.0714667236406366,1.0,0.0714667236406366,0.0
energy|current|4|energy/building01/CT13/current,energy,current,static,4,energy/building01/CT13/current,1,100.0,1,,1.0,8,1,p_gated_uniform,1,1077,7.385102217926714,738.5102217926714,1.1114900176862652,0.0714667236406366,1.0,0.0714667236406366,0.0
energy|current|4|energy/building01/CT13/current,energy,current,static,4,energy/building01/CT13/current,1,100.0,1,,1.0,8,1,p_gated_uniform,2,2077,7.9490147346664175,794.9014734666417,0.8566837062951003,0.0714667236406366,1.0,0.0714667236406366,0.0
energy|current|4|energy/building01/CT13/current,energy,current,static,4,energy/building01/CT13/current,1,100.0,1,,1.0,8,1,p_gated_uniform,3,3077,8.722321485045617,872.2321485045617,0.7204496968202218,0.0714667236406366,1.0,0.0714667236406366,0.0
energy|current|4|energy/building01/CT13/current,energy,current,static,4,energy/building01/CT13/current,1,100.0,1,,1.0,8,1,p_gated_uniform,4,4077,9.270519186073663,927.0519186073664,1.0923902178676252,0.0714667236406366,1.0,0.0714667236406366,0.0
energy|current|4|energy/building01/CT13/current,energy,current,static,4,energy/building01/CT13/current,1,100.0,1,,1.0,8,1,p_gated_uniform,5,5077,9.08342452399382,908.342452399382,0.8726754405011957,0.0714667236406366,1.0,0.0714667236406366,0.0
energy|current|4|energy/building01/CT17/current,energy,current,static,4,energy/building01/CT17/current,1,100.0,1,,1.0,8,1,p_gated_uniform,0,77,7.874336747147319,787.4336747147319,0.8310718061507916,0.6793625882779019,1.0,0.6793625882779019,0.0
energy|current|4|energy/building01/CT17/current,energy,current,static,4,energy/building01/CT17/current,1,100.0,1,,1.0,8,1,p_gated_uniform,1,1077,8.657916204985316,865.7916204985316,0.9500927231730578,0.6793625882779019,1.0,0.6793625882779019,0.0
energy|current|4|energy/building01/CT17/current,energy,current,static,4,energy/building01/CT17/current,1,100.0,1,,1.0,8,1,p_gated_uniform,2,2077,8.412297678545295,841.2297678545295,0.8622389911238497,0.6793625882779019,1.0,0.6793625882779019,0.0
energy|current|4|energy/building01/CT17/current,energy,current,static,4,energy/building01/CT17/current,1,100.0,1,,1.0,8,1,p_gated_uniform,3,3077,8.1576852132832,815.76852132832,0.7851007260739598,0.6793625882779019,1.0,0.6793625882779019,0.0
energy|current|4|energy/building01/CT17/current,energy,current,static,4,energy/building01/CT17/current,1,100.0,1,,1.0,8,1,p_gated_uniform,4,4077,8.7277098845934,872.7709884593401,0.9830186004636526,0.6793625882779019,1.0,0.6793625882779019,0.0
energy|current|4|energy/building01/CT17/current,energy,current,static,4,energy/building01/CT17/current,1,100.0,1,,1.0,8,1,p_gated_uniform,5,5077,8.121760742491169,812.1760742491169,0.9112326312864288,0.6793625882779019,1.0,0.6793625882779019,0.0
manufacturing|temperature|1|factory,manufacturing,temperature,static,1,factory,10,200.0,1,,1.0,8,1,p_gated_uniform,0,77,0.7507425833091286,150.1485166618257,0.807483118943403,1.0,0.1,10.0,0.0
manufacturing|temperature|1|factory,manufacturing,temperature,static,1,factory,10,200.0,1,,1.0,8,1,p_gated_uniform,1,1077,0.8092036662215457,161.84073324430915,1.047885426624556,1.0,0.1,10.0,0.0
manufacturing|temperature|1|factory,manufacturing,temperature,static,1,factory,10,200.0,1,,1.0,8,1,p_gated_uniform,2,2077,0.7642454176721908,152.84908353443817,0.8307587907402706,1.0,0.1,10.0,0.0
manufacturing|temperature|1|factory,manufacturing,temperature,static,1,factory,10,200.0,1,,1.0,8,1,p_gated_uniform,3,3077,0.8361086364770982,167.22172729541964,0.7603068160416209,1.0,0.1,10.0,0.0
manufacturing|temperature|1|factory,manufacturing,temperature,static,1,factory,10,200.0,1,,1.0,8,1,p_gated_uniform,4,4077,0.8190993159742354,163.81986319484707,0.8950227954007938,1.0,0.1,10.0,0.0
manufacturing|temperature|1|factory,manufacturing,temperature,static,1,factory,10,200.0,1,,1.0,8,1,p_gated_uniform,5,5077,0.8247843135341257,164.95686270682515,0.9518943848985189,1.0,0.1,10.0,0.0
manufacturing|temperature|2|factory/line1,manufacturing,temperature,static,2,factory/line1,10,200.0,1,,1.0,8,1,p_gated_uniform,0,77,0.7507425833091286,150.1485166618257,0.807483118943403,1.0,0.1,10.0,0.0
manufacturing|temperature|2|factory/line1,manufacturing,temperature,static,2,factory/line1,10,200.0,1,,1.0,8,1,p_gated_uniform,1,1077,0.8092036662215457,161.84073324430915,1.047885426624556,1.0,0.1,10.0,0.0
manufacturing|temperature|2|factory/line1,manufacturing,temperature,static,2,factory/line1,10,200.0,1,,1.0,8,1,p_gated_uniform,2,2077,0.7642454176721908,152.84908353443817,0.8307587907402706,1.0,0.1,10.0,0.0
manufacturing|temperature|2|factory/line1,manufacturing,temperature,static,2,factory/line1,10,200.0,1,,1.0,8,1,p_gated_uniform,3,3077,0.8361086364770982,167.22172729541964,0.7603068160416209,1.0,0.1,10.0,0.0
manufacturing|temperature|2|factory/line1,manufacturing,temperature,static,2,factory/line1,10,200.0,1,,1.0,8,1,p_gated_uniform,4,4077,0.8190993159742354,163.81986319484707,0.8950227954007938,1.0,0.1,10.0,0.0
manufacturing|temperature|2|factory/line1,manufacturing,temperature,static,2,factory/line1,10,200.0,1,,1.0,8,1,p_gated_uniform,5,5077,0.8247843135341257,164.95686270682515,0.9518943848985189,1.0,0.1,10.0,0.0
manufacturing|temperature|3|factory/line1/sorting,manufacturing,temperature,static,3,factory/line1/sorting,3,200.0,1,,1.0,8,1,p_gated_uniform,0,77,2.5024752776970955,500.4950555394191,0.8074816798422491,1.0,0.3333333333333332,3.0,0.0
manufacturing|temperature|3|factory/line1/sorting,manufacturing,temperature,static,3,factory/line1/sorting,3,200.0,1,,1.0,8,1,p_gated_uniform,1,1077,2.69734555407182,539.469110814364,1.0595660978490928,1.0,0.3333333333333332,3.0,0.0
manufacturing|temperature|3|factory/line1/sorting,manufacturing,temperature,static,3,factory/line1/sorting,3,200.0,1,,1.0,8,1,p_gated_uniform,2,2077,2.547484725573969,509.49694511479385,0.8377769128966428,1.0,0.3333333333333332,3.0,0.0
manufacturing|temperature|3|factory/line1/sorting,manufacturing,temperature,static,3,factory/line1/sorting,3,200.0,1,,1.0,8,1,p_gated_uniform,3,3077,2.787028788256994,557.4057576513989,0.7646607174819228,1.0,0.3333333333333332,3.0,0.0
manufacturing|temperature|3|factory/line1/sorting,manufacturing,temperature,static,3,factory/line1/sorting,3,200.0,1,,1.0,8,1,p_gated_uniform,4,4077,2.730331053247452,546.0662106494904,0.8925370274181476,1.0,0.3333333333333332,3.0,0.0
manufacturing|temperature|3|factory/line1/sorting,manufacturing,temperature,static,3,factory/line1/sorting,3,200.0,1,,1.0,8,1,p_gated_uniform,5,5077,2.749281045113752,549.8562090227504,0.9545321070123588,1.0,0.3333333333333332,3.0,0.0
manufacturing|temperature|3|factory/line1/processing,manufacturing,temperature,static,3,factory/line1/processing,3,200.0,1,,1.0,8,1,p_gated_uniform,0,77,2.5024752776970955,500.4950555394191,0.8029366795052619,1.0,0.3333333333333332,3.0,0.0
manufacturing|temperature|3|factory/line1/processing,manufacturing,temperature,static,3,factory/line1/processing,3,200.0,1,,1.0,8,1,p_gated_uniform,1,1077,2.69734555407182,539.469110814364,1.0507885950436997,1.0,0.3333333333333332,3.0,0.0
manufacturing|temperature|3|factory/line1/processing,manufacturing,temperature,static,3,factory/line1/processing,3,200.0,1,,1.0,8,1,p_gated_uniform,2,2077,2.547484725573969,509.49694511479385,0.8401292738019246,1.0,0.3333333333333332,3.0,0.0
manufacturing|temperature|3|factory/line1/processing,manufacturing,temperature,static,3,factory/line1/processing,3,200.0,1,,1.0,8,1,p_gated_uniform,3,3077,2.787028788256994,557.4057576513989,0.7603021876687156,1.0,0.3333333333333332,3.0,0.0
manufacturing|temperature|3|factory/line1/processing,manufacturing,temperature,static,3,factory/line1/processing,3,200.0,1,,1.0,8,1,p_gated_uniform,4,4077,2.730331053247452,546.0662106494904,0.8975113726760449,1.0,0.3333333333333332,3.0,0.0
manufacturing|temperature|3|factory/line1/processing,manufacturing,temperature,static,3,factory/line1/processing,3,200.0,1,,1.0,8,1,p_gated_uniform,5,5077,2.749281045113752,549.8562090227504,0.9492690315283266,1.0,0.3333333333333332,3.0,0.0
manufacturing|temperature|3|factory/line1/warehouse,manufacturing,temperature,static,3,factory/line1/warehouse,2,200.0,1,,1.0,8,1,p_gated_uniform,0,77,3.753712916545643,750.7425833091286,0.8052101197410668,1.0,0.5,2.0,0.0
manufacturing|temperature|3|factory/line1/warehouse,manufacturing,temperature,static,3,factory/line1/warehouse,2,200.0,1,,1.0,8,1,p_gated_uniform,1,1077,4.046018331107729,809.2036662215457,1.0507885950436997,1.0,0.5,2.0,0.0
manufacturing|temperature|3|factory/line1/warehouse,manufacturing,temperature,static,3,factory/line1/warehouse,2,200.0,1,,1.0,8,1,p_gated_uniform,2,2077,3.8212270883609536,764.2454176721907,0.8354320186115501,1.0,0.5,2.0,0.0
manufacturing|temperature|3|factory/line1/warehouse,manufacturing,temperature,static,3,factory/line1/warehouse,2,200.0,1,,1.0,8,1,p_gated_uniform,3,3077,4.180543182385491,836.1086364770981,0.766844903732283,1.0,0.5,2.0,0.0
manufacturing|temperature|3|factory/line1/warehouse,manufacturing,temperature,static,3,factory/line1/warehouse,2,200.0,1,,1.0,8,1,p_gated_uniform,4,4077,4.095496579871177,819.0993159742353,0.8950193767280329,1.0,0.5,2.0,0.0
manufacturing|temperature|3|factory/line1/warehouse,manufacturing,temperature,static,3,factory/line1/warehouse,2,200.0,1,,1.0,8,1,p_gated_uniform,5,5077,4.123921567670628,824.7843135341257,0.9518943848985189,1.0,0.5,2.0,0.0
manufacturing|temperature|3|factory/line1/robotics,manufacturing,temperature,static,3,factory/line1/robotics,2,200.0,1,,1.0,8,1,p_gated_uniform,0,77,3.753712916545644,750.7425833091287,0.8029366795052619,1.0,0.5,2.0,0.0
manufacturing|temperature|3|factory/line1/robotics,manufacturing,temperature,static,3,factory/line1/robotics,2,200.0,1,,1.0,8,1,p_gated_uniform,1,1077,4.046018331107729,809.2036662215457,1.0478775831968214,1.0,0.5,2.0,0.0
manufacturing|temperature|3|factory/line1/robotics,manufacturing,temperature,static,3,factory/line1/robotics,2,200.0,1,,1.0,8,1,p_gated_uniform,2,2077,3.8212270883609536,764.2454176721907,0.8330926531829415,1.0,0.5,2.0,0.0
manufacturing|temperature|3|factory/line1/robotics,manufacturing,temperature,static,3,factory/line1/robotics,2,200.0,1,,1.0,8,1,p_gated_uniform,3,3077,4.180543182385491,836.1086364770981,0.764656073502058,1.0,0.5,2.0,0.0
manufacturing|temperature|3|factory/line1/robotics,manufacturing,temperature,static,3,factory/line1/robotics,2,200.0,1,,1.0,8,1,p_gated_uniform,4,4077,4.095496579871177,819.0993159742353,0.8975113726760449,1.0,0.5,2.0,0.0
manufacturing|temperature|3|factory/line1/robotics,manufacturing,temperature,static,3,factory/line1/robotics,2,200.0,1,,1.0,8,1,p_gated_uniform,5,5077,4.123921567670628,824.7843135341257,0.9518973377217396,1.0,0.5,2.0,0.0
manufacturing|temperature|4|factory/line1/sorting/machine0,manufacturing,temperature,static,4,factory/line1/sorting/machine0,1,200.0,1,,1.0,8,1,p_gated_uniform,0,77,7.507425833091287,1501.4851666182574,0.8029402085390707,1.0,1.0,1.0,0.0
manufacturing|temperature|4|factory/line1/sorting/machine0,manufacturing,temperature,static,4,factory/line1/sorting/machine0,1,200.0,1,,1.0,8,1,p_gated_uniform,1,1077,8.092036662215458,1618.4073324430915,1.0507885950436997,1.0,1.0,1.0,0.0
manufacturing|temperature|4|factory/line1/sorting/machine0,manufacturing,temperature,static,4,factory/line1/sorting/machine0,1,200.0,1,,1.0,8,1,p_gated_uniform,2,2077,7.642454176721907,1528.4908353443814,0.8377769128966428,1.0,1.0,1.0,0.0
manufacturing|temperature|4|factory/line1/sorting/machine0,manufacturing,temperature,static,4,factory/line1/sorting/machine0,1,200.0,1,,1.0,8,1,p_gated_uniform,3,3077,8.361086364770982,1672.2172729541962,0.7712230285947046,1.0,1.0,1.0,0.0
manufacturing|temperature|4|factory/line1/sorting/machine0,manufacturing,temperature,static,4,factory/line1/sorting/machine0,1,200.0,1,,1.0,8,1,p_gated_uniform,4,4077,8.190993159742353,1638.1986319484706,0.8975113726760449,1.0,1.0,1.0,0.0
manufacturing|temperature|4|factory/line1/sorting/machine0,manufacturing,temperature,static,4,factory/line1/sorting/machine0,1,200.0,1,,1.0,8,1,p_gated_uniform,5,5077,8.247843135341256,1649.568627068251,0.9545350650267932,1.0,1.0,1.0,0.0
manufacturing|temperature|4|factory/line1/processing/machine1,manufacturing,temperature,static,4,factory/line1/processing/machine1,1,200.0,1,,1.0,8,1,p_gated_uniform,0,77,7.507425833091287,1501.4851666182574,0.8006754790239533,1.0,1.0,1.0,0.0
manufacturing|temperature|4|factory/line1/processing/machine1,manufacturing,temperature,static,4,factory/line1/processing/machine1,1,200.0,1,,1.0,8,1,p_gated_uniform,1,1077,8.092036662215458,1618.4073324430915,1.0507885950436997,1.0,1.0,1.0,0.0
manufacturing|temperature|4|factory/line1/processing/machine1,manufacturing,temperature,static,4,factory/line1/processing/machine1,1,200.0,1,,1.0,8,1,p_gated_uniform,2,2077,7.642454176721907,1528.4908353443814,0.8401273620932246,1.0,1.0,1.0,0.0
manufacturing|temperature|4|factory/line1/processing/machine1,manufacturing,temperature,static,4,factory/line1/processing/machine1,1,200.0,1,,1.0,8,1,p_gated_uniform,3,3077,8.361086364770982,1672.2172729541962,0.7624767887377362,1.0,1.0,1.0,0.0
manufacturing|temperature|4|factory/line1/processing/machine1,manufacturing,temperature,static,4,factory/line1/processing/machine1,1,200.0,1,,1.0,8,1,p_gated_uniform,4,4077,8.190993159742353,1638.1986319484706,0.8975113726760449,1.0,1.0,1.0,0.0
manufacturing|temperature|4|factory/line1/processing/machine1,manufacturing,temperature,static,4,factory/line1/processing/machine1,1,200.0,1,,1.0,8,1,p_gated_uniform,5,5077,8.247843135341256,1649.568627068251,0.951917644059034,1.0,1.0,1.0,0.0
manufacturing|temperature|4|factory/line1/warehouse/machine2,manufacturing,temperature,static,4,factory/line1/warehouse/machine2,1,200.0,1,,1.0,8,1,p_gated_uniform,0,77,7.507425833091287,1501.4851666182574,0.8006803503530268,1.0,1.0,1.0,0.0
manufacturing|temperature|4|factory/line1/warehouse/machine2,manufacturing,temperature,static,4,factory/line1/warehouse/machine2,1,200.0,1,,1.0,8,1,p_gated_uniform,1,1077,8.092036662215458,1618.4073324430915,1.0537050358544764,1.0,1.0,1.0,0.0
manufacturing|temperature|4|factory/line1/warehouse/machine2,manufacturing,temperature,static,4,factory/line1/warehouse/machine2,1,200.0,1,,1.0,8,1,p_gated_uniform,2,2077,7.642454176721907,1528.4908353443814,0.8330926531829415,1.0,1.0,1.0,0.0
manufacturing|temperature|4|factory/line1/warehouse/machine2,manufacturing,temperature,static,4,factory/line1/warehouse/machine2,1,200.0,1,,1.0,8,1,p_gated_uniform,3,3077,8.361086364770982,1672.2172729541962,0.7690291728116119,1.0,1.0,1.0,0.0
manufacturing|temperature|4|factory/line1/warehouse/machine2,manufacturing,temperature,static,4,factory/line1/warehouse/machine2,1,200.0,1,,1.0,8,1,p_gated_uniform,4,4077,8.190993159742353,1638.1986319484706,0.8950193767280329,1.0,1.0,1.0,0.0
manufacturing|temperature|4|factory/line1/warehouse/machine2,manufacturing,temperature,static,4,factory/line1/warehouse/machine2,1,200.0,1,,1.0,8,1,p_gated_uniform,5,5077,8.247843135341256,1649.568627068251,0.9518943848985189,1.0,1.0,1.0,0.0
manufacturing|temperature|4|factory/line1/robotics/machine3,manufacturing,temperature,static,4,factory/line1/robotics/machine3,1,200.0,1,,1.0,8,1,p_gated_uniform,0,77,7.507425833091287,1501.4851666182574,0.8029384274221729,1.0,1.0,1.0,0.0
manufacturing|temperature|4|factory/line1/robotics/machine3,manufacturing,temperature,static,4,factory/line1/robotics/machine3,1,200.0,1,,1.0,8,1,p_gated_uniform,1,1077,8.092036662215458,1618.4073324430915,1.047880691046008,1.0,1.0,1.0,0.0
manufacturing|temperature|4|factory/line1/robotics/machine3,manufacturing,temperature,static,4,factory/line1/robotics/machine3,1,200.0,1,,1.0,8,1,p_gated_uniform,2,2077,7.642454176721907,1528.4908353443814,0.8330926531829415,1.0,1.0,1.0,0.0
manufacturing|temperature|4|factory/line1/robotics/machine3,manufacturing,temperature,static,4,factory/line1/robotics/machine3,1,200.0,1,,1.0,8,1,p_gated_uniform,3,3077,8.361086364770982,1672.2172729541962,0.764656073502058,1.0,1.0,1.0,0.0
manufacturing|temperature|4|factory/line1/robotics/machine3,manufacturing,temperature,static,4,factory/line1/robotics/machine3,1,200.0,1,,1.0,8,1,p_gated_uniform,4,4077,8.190993159742353,1638.1986319484706,0.8950210703704904,1.0,1.0,1.0,0.0
manufacturing|temperature|4|factory/line1/robotics/machine3,manufacturing,temperature,static,4,factory/line1/robotics/machine3,1,200.0,1,,1.0,8,1,p_gated_uniform,5,5077,8.247843135341256,1649.568627068251,0.9518973377217396,1.0,1.0,1.0,0.0
manufacturing|temperature|4|factory/line1/sorting/machine4,manufacturing,temperature,static,4,factory/line1/sorting/machine4,1,200.0,1,,1.0,8,1,p_gated_uniform,0,77,7.507425833091287,1501.4851666182574,0.8029384274221729,1.0,1.0,1.0,0.0
manufacturing|temperature|4|factory/line1/sorting/machine4,manufacturing,temperature,static,4,factory/line1/sorting/machine4,1,200.0,1,,1.0,8,1,p_gated_uniform,1,1077,8.092036662215458,1618.4073324430915,1.0507909498991108,1.0,1.0,1.0,0.0
manufacturing|temperature|4|factory/line1/sorting/machine4,manufacturing,temperature,static,4,factory/line1/sorting/machine4,1,200.0,1,,1.0,8,1,p_gated_uniform,2,2077,7.642454176721907,1528.4908353443814,0.8401273620932246,1.0,1.0,1.0,0.0
manufacturing|temperature|4|factory/line1/sorting/machine4,manufacturing,temperature,static,4,factory/line1/sorting/machine4,1,200.0,1,,1.0,8,1,p_gated_uniform,3,3077,8.361086364770982,1672.2172729541962,0.7646607174819228,1.0,1.0,1.0,0.0
manufacturing|temperature|4|factory/line1/sorting/machine4,manufacturing,temperature,static,4,factory/line1/sorting/machine4,1,200.0,1,,1.0,8,1,p_gated_uniform,4,4077,8.190993159742353,1638.1986319484706,0.8950193767280329,1.0,1.0,1.0,0.0
manufacturing|temperature|4|factory/line1/sorting/machine4,manufacturing,temperature,static,4,factory/line1/sorting/machine4,1,200.0,1,,1.0,8,1,p_gated_uniform,5,5077,8.247843135341256,1649.568627068251,0.9571768538240468,1.0,1.0,1.0,0.0
manufacturing|temperature|4|factory/line1/processing/machine5,manufacturing,temperature,static,4,factory/line1/processing/machine5,1,200.0,1,,1.0,8,1,p_gated_uniform,0,77,7.507425833091287,1501.4851666182574,0.8052083317775939,1.0,1.0,1.0,0.0
manufacturing|temperature|4|factory/line1/processing/machine5,manufacturing,temperature,static,4,factory/line1/processing/machine5,1,200.0,1,,1.0,8,1,p_gated_uniform,1,1077,8.092036662215458,1618.4073324430915,1.04787992857824,1.0,1.0,1.0,0.0
manufacturing|temperature|4|factory/line1/processing/machine5,manufacturing,temperature,static,4,factory/line1/processing/machine5,1,200.0,1,,1.0,8,1,p_gated_uniform,2,2077,7.642454176721907,1528.4908353443814,0.8401292738019246,1.0,1.0,1.0,0.0
manufacturing|temperature|4|factory/line1/processing/machine5,manufacturing,temperature,static,4,factory/line1/processing/machine5,1,200.0,1,,1.0,8,1,p_gated_uniform,3,3077,8.361086364770982,1672.2172729541962,0.7646559980118925,1.0,1.0,1.0,0.0
manufacturing|temperature|4|factory/line1/processing/machine5,manufacturing,temperature,static,4,factory/line1/processing/machine5,1,200.0,1,,1.0,8,1,p_gated_uniform,4,4077,8.190993159742353,1638.1986319484706,0.8950193767280329,1.0,1.0,1.0,0.0
manufacturing|temperature|4|factory/line1/processing/machine5,manufacturing,temperature,static,4,factory/line1/processing/machine5,1,200.0,1,,1.0,8,1,p_gated_uniform,5,5077,8.247843135341256,1649.568627068251,0.9518997764670576,1.0,1.0,1.0,0.0
manufacturing|temperature|4|factory/line1/warehouse/machine6,manufacturing,temperature,static,4,factory/line1/warehouse/machine6,1,200.0,1,,1.0,8,1,p_gated_uniform,0,77,7.507425833091287,1501.4851666182574,0.8052083317775939,1.0,1.0,1.0,0.0
manufacturing|temperature|4|factory/line1/warehouse/machine6,manufacturing,temperature,static,4,factory/line1/warehouse/machine6,1,200.0,1,,1.0,8,1,p_gated_uniform,1,1077,8.092036662215458,1618.4073324430915,1.047880691046008,1.0,1.0,1.0,0.0
manufacturing|temperature|4|factory/line1/warehouse/machine6,manufacturing,temperature,static,4,factory/line1/warehouse/machine6,1,200.0,1,,1.0,8,1,p_gated_uniform,2,2077,7.642454176721907,1528.4908353443814,0.8377769128966428,1.0,1.0,1.0,0.0
manufacturing|temperature|4|factory/line1/warehouse/machine6,manufacturing,temperature,static,4,factory/line1/warehouse/machine6,1,200.0,1,,1.0,8,1,p_gated_uniform,3,3077,8.361086364770982,1672.2172729541962,0.766844903732283,1.0,1.0,1.0,0.0
manufacturing|temperature|4|factory/line1/warehouse/machine6,manufacturing,temperature,static,4,factory/line1/warehouse/machine6,1,200.0,1,,1.0,8,1,p_gated_uniform,4,4077,8.190993159742353,1638.1986319484706,0.8925353089394473,1.0,1.0,1.0,0.0
manufacturing|temperature|4|factory/line1/warehouse/machine6,manufacturing,temperature,static,4,factory/line1/warehouse/machine6,1,200.0,1,,1.0,8,1,p_gated_uniform,5,5077,8.247843135341256,1649.568627068251,0.9518943848985189,1.0,1.0,1.0,0.0
manufacturing|temperature|4|factory/line1/robotics/machine7,manufacturing,temperature,static,4,factory/line1/robotics/machine7,1,200.0,1,,1.0,8,1,p_gated_uniform,0,77,7.507425833091287,1501.4851666182574,0.8006737048047248,1.0,1.0,1.0,0.0
manufacturing|temperature|4|factory/line1/robotics/machine7,manufacturing,temperature,static,4,factory/line1/robotics/machine7,1,200.0,1,,1.0,8,1,p_gated_uniform,1,1077,8.092036662215458,1618.4073324430915,1.04787992857824,1.0,1.0,1.0,0.0
manufacturing|temperature|4|factory/line1/robotics/machine7,manufacturing,temperature,static,4,factory/line1/robotics/machine7,1,200.0,1,,1.0,8,1,p_gated_uniform,2,2077,7.642454176721907,1528.4908353443814,0.8377788176560055,1.0,1.0,1.0,0.0
manufacturing|temperature|4|factory/line1/robotics/machine7,manufacturing,temperature,static,4,factory/line1/robotics/machine7,1,200.0,1,,1.0,8,1,p_gated_uniform,3,3077,8.361086364770982,1672.2172729541962,0.7712230285947046,1.0,1.0,1.0,0.0
manufacturing|temperature|4|factory/line1/robotics/machine7,manufacturing,temperature,static,4,factory/line1/robotics/machine7,1,200.0,1,,1.0,8,1,p_gated_uniform,4,4077,8.190993159742353,1638.1986319484706,0.8975113726760449,1.0,1.0,1.0,0.0
manufacturing|temperature|4|factory/line1/robotics/machine7,manufacturing,temperature,static,4,factory/line1/robotics/machine7,1,200.0,1,,1.0,8,1,p_gated_uniform,5,5077,8.247843135341256,1649.568627068251,0.9545350650267932,1.0,1.0,1.0,0.0
manufacturing|temperature|4|factory/line1/sorting/machine8,manufacturing,temperature,static,4,factory/line1/sorting/machine8,1,200.0,1,,1.0,8,1,p_gated_uniform,0,77,7.507425833091287,1501.4851666182574,0.8052065769630137,1.0,1.0,1.0,0.0
manufacturing|temperature|4|factory/line1/sorting/machine8,manufacturing,temperature,static,4,factory/line1/sorting/machine8,1,200.0,1,,1.0,8,1,p_gated_uniform,1,1077,8.092036662215458,1618.4073324430915,1.0537073954032927,1.0,1.0,1.0,0.0
manufacturing|temperature|4|factory/line1/sorting/machine8,manufacturing,temperature,static,4,factory/line1/sorting/machine8,1,200.0,1,,1.0,8,1,p_gated_uniform,2,2077,7.642454176721907,1528.4908353443814,0.8330945438862856,1.0,1.0,1.0,0.0
manufacturing|temperature|4|factory/line1/sorting/machine8,manufacturing,temperature,static,4,factory/line1/sorting/machine8,1,200.0,1,,1.0,8,1,p_gated_uniform,3,3077,8.361086364770982,1672.2172729541962,0.7668401696538892,1.0,1.0,1.0,0.0
manufacturing|temperature|4|factory/line1/sorting/machine8,manufacturing,temperature,static,4,factory/line1/sorting/machine8,1,200.0,1,,1.0,8,1,p_gated_uniform,4,4077,8.190993159742353,1638.1986319484706,0.8950193767280329,1.0,1.0,1.0,0.0
manufacturing|temperature|4|factory/line1/sorting/machine8,manufacturing,temperature,static,4,factory/line1/sorting/machine8,1,200.0,1,,1.0,8,1,p_gated_uniform,5,5077,8.247843135341256,1649.568627068251,0.9545321070123588,1.0,1.0,1.0,0.0
manufacturing|temperature|4|factory/line1/processing/machine9,manufacturing,temperature,static,4,factory/line1/processing/machine9,1,200.0,1,,1.0,8,1,p_gated_uniform,0,77,7.507425833091287,1501.4851666182574,0.8006737048047248,1.0,1.0,1.0,0.0
manufacturing|temperature|4|factory/line1/processing/machine9,manufacturing,temperature,static,4,factory/line1/processing/machine9,1,200.0,1,,1.0,8,1,p_gated_uniform,1,1077,8.092036662215458,1618.4073324430915,1.0449812741407352,1.0,1.0,1.0,0.0
manufacturing|temperature|4|factory/line1/processing/machine9,manufacturing,temperature,static,4,factory/line1/processing/machine9,1,200.0,1,,1.0,8,1,p_gated_uniform,2,2077,7.642454176721907,1528.4908353443814,0.8401273620932246,1.0,1.0,1.0,0.0
manufacturing|temperature|4|factory/line1/processing/machine9,manufacturing,temperature,static,4,factory/line1/processing/machine9,1,200.0,1,,1.0,8,1,p_gated_uniform,3,3077,8.361086364770982,1672.2172729541962,0.7646559980118925,1.0,1.0,1.0,0.0
manufacturing|temperature|4|factory/line1/processing/machine9,manufacturing,temperature,static,4,factory/line1/processing/machine9,1,200.0,1,,1.0,8,1,p_gated_uniform,4,4077,8.190993159742353,1638.1986319484706,0.8975097035224658,1.0,1.0,1.0,0.0
manufacturing|temperature|4|factory/line1/processing/machine9,manufacturing,temperature,static,4,factory/line1/processing/machine9,1,200.0,1,,1.0,8,1,p_gated_uniform,5,5077,8.247843135341256,1649.568627068251,0.9518943848985189,1.0,1.0,1.0,0.0
manufacturing|temperature|5|factory/line1/sorting/machine0/temperature,manufacturing,temperature,static,5,factory/line1/sorting/machine0/temperature,1,200.0,1,,1.0,8,1,p_gated_uniform,0,77,7.507425833091287,1501.4851666182574,0.8029402085390707,1.0,1.0,1.0,0.0
manufacturing|temperature|5|factory/line1/sorting/machine0/temperature,manufacturing,temperature,static,5,factory/line1/sorting/machine0/temperature,1,200.0,1,,1.0,8,1,p_gated_uniform,1,1077,8.092036662215458,1618.4073324430915,1.0507885950436997,1.0,1.0,1.0,0.0
manufacturing|temperature|5|factory/line1/sorting/machine0/temperature,manufacturing,temperature,static,5,factory/line1/sorting/machine0/temperature,1,200.0,1,,1.0,8,1,p_gated_uniform,2,2077,7.642454176721907,1528.4908353443814,0.8377769128966428,1.0,1.0,1.0,0.0
manufacturing|temperature|5|factory/line1/sorting/machine0/temperature,manufacturing,temperature,static,5,factory/line1/sorting/machine0/temperature,1,200.0,1,,1.0,8,1,p_gated_uniform,3,3077,8.361086364770982,1672.2172729541962,0.7712230285947046,1.0,1.0,1.0,0.0
manufacturing|temperature|5|factory/line1/sorting/machine0/temperature,manufacturing,temperature,static,5,factory/line1/sorting/machine0/temperature,1,200.0,1,,1.0,8,1,p_gated_uniform,4,4077,8.190993159742353,1638.1986319484706,0.8975113726760449,1.0,1.0,1.0,0.0
manufacturing|temperature|5|factory/line1/sorting/machine0/temperature,manufacturing,temperature,static,5,factory/line1/sorting/machine0/temperature,1,200.0,1,,1.0,8,1,p_gated_uniform,5,5077,8.247843135341256,1649.568627068251,0.9545350650267932,1.0,1.0,1.0,0.0
manufacturing|temperature|5|factory/line1/processing/machine1/temperature,manufacturing,temperature,static,5,factory/line1/processing/machine1/temperature,1,200.0,1,,1.0,8,1,p_gated_uniform,0,77,7.507425833091287,1501.4851666182574,0.8006754790239533,1.0,1.0,1.0,0.0
manufacturing|temperature|5|factory/line1/processing/machine1/temperature,manufacturing,temperature,static,5,factory/line1/processing/machine1/temperature,1,200.0,1,,1.0,8,1,p_gated_uniform,1,1077,8.092036662215458,1618.4073324430915,1.0507885950436997,1.0,1.0,1.0,0.0
manufacturing|temperature|5|factory/line1/processing/machine1/temperature,manufacturing,temperature,static,5,factory/line1/processing/machine1/temperature,1,200.0,1,,1.0,8,1,p_gated_uniform,2,2077,7.642454176721907,1528.4908353443814,0.8401273620932246,1.0,1.0,1.0,0.0
manufacturing|temperature|5|factory/line1/processing/machine1/temperature,manufacturing,temperature,static,5,factory/line1/processing/machine1/temperature,1,200.0,1,,1.0,8,1,p_gated_uniform,3,3077,8.361086364770982,1672.2172729541962,0.7624767887377362,1.0,1.0,1.0,0.0
manufacturing|temperature|5|factory/line1/processing/machine1/temperature,manufacturing,temperature,static,5,factory/line1/processing/machine1/temperature,1,200.0,1,,1.0,8,1,p_gated_uniform,4,4077,8.190993159742353,1638.1986319484706,0.8975113726760449,1.0,1.0,1.0,0.0
manufacturing|temperature|5|factory/line1/processing/machine1/temperature,manufacturing,temperature,static,5,factory/line1/processing/machine1/temperature,1,200.0,1,,1.0,8,1,p_gated_uniform,5,5077,8.247843135341256,1649.568627068251,0.951917644059034,1.0,1.0,1.0,0.0
manufacturing|temperature|5|factory/line1/warehouse/machine2/temperature,manufacturing,temperature,static,5,factory/line1/warehouse/machine2/temperature,1,200.0,1,,1.0,8,1,p_gated_uniform,0,77,7.507425833091287,1501.4851666182574,0.8006803503530268,1.0,1.0,1.0,0.0
manufacturing|temperature|5|factory/line1/warehouse/machine2/temperature,manufacturing,temperature,static,5,factory/line1/warehouse/machine2/temperature,1,200.0,1,,1.0,8,1,p_gated_uniform,1,1077,8.092036662215458,1618.4073324430915,1.0537050358544764,1.0,1.0,1.0,0.0
manufacturing|temperature|5|factory/line1/warehouse/machine2/temperature,manufacturing,temperature,static,5,factory/line1/warehouse/machine2/temperature,1,200.0,1,,1.0,8,1,p_gated_uniform,2,2077,7.642454176721907,1528.4908353443814,0.8330926531829415,1.0,1.0,1.0,0.0
manufacturing|temperature|5|factory/line1/warehouse/machine2/temperature,manufacturing,temperature,static,5,factory/line1/warehouse/machine2/temperature,1,200.0,1,,1.0,8,1,p_gated_uniform,3,3077,8.361086364770982,1672.2172729541962,0.7690291728116119,1.0,1.0,1.0,0.0
manufacturing|temperature|5|factory/line1/warehouse/machine2/temperature,manufacturing,temperature,static,5,factory/line1/warehouse/machine2/temperature,1,200.0,1,,1.0,8,1,p_gated_uniform,4,4077,8.190993159742353,1638.1986319484706,0.8950193767280329,1.0,1.0,1.0,0.0
manufacturing|temperature|5|factory/line1/warehouse/machine2/temperature,manufacturing,temperature,static,5,factory/line1/warehouse/machine2/temperature,1,200.0,1,,1.0,8,1,p_gated_uniform,5,5077,8.247843135341256,1649.568627068251,0.9518943848985189,1.0,1.0,1.0,0.0
manufacturing|temperature|5|factory/line1/robotics/machine3/temperature,manufacturing,temperature,static,5,factory/line1/robotics/machine3/temperature,1,200.0,1,,1.0,8,1,p_gated_uniform,0,77,7.507425833091287,1501.4851666182574,0.8029384274221729,1.0,1.0,1.0,0.0
manufacturing|temperature|5|factory/line1/robotics/machine3/temperature,manufacturing,temperature,static,5,factory/line1/robotics/machine3/temperature,1,200.0,1,,1.0,8,1,p_gated_uniform,1,1077,8.092036662215458,1618.4073324430915,1.047880691046008,1.0,1.0,1.0,0.0
manufacturing|temperature|5|factory/line1/robotics/machine3/temperature,manufacturing,temperature,static,5,factory/line1/robotics/machine3/temperature,1,200.0,1,,1.0,8,1,p_gated_uniform,2,2077,7.642454176721907,1528.4908353443814,0.8330926531829415,1.0,1.0,1.0,0.0
manufacturing|temperature|5|factory/line1/robotics/machine3/temperature,manufacturing,temperature,static,5,factory/line1/robotics/machine3/temperature,1,200.0,1,,1.0,8,1,p_gated_uniform,3,3077,8.361086364770982,1672.2172729541962,0.764656073502058,1.0,1.0,1.0,0.0
manufacturing|temperature|5|factory/line1/robotics/machine3/temperature,manufacturing,temperature,static,5,factory/line1/robotics/machine3/temperature,1,200.0,1,,1.0,8,1,p_gated_uniform,4,4077,8.190993159742353,1638.1986319484706,0.8950210703704904,1.0,1.0,1.0,0.0
manufacturing|temperature|5|factory/line1/robotics/machine3/temperature,manufacturing,temperature,static,5,factory/line1/robotics/machine3/temperature,1,200.0,1,,1.0,8,1,p_gated_uniform,5,5077,8.247843135341256,1649.568627068251,0.9518973377217396,1.0,1.0,1.0,0.0
manufacturing|temperature|5|factory/line1/sorting/machine4/temperature,manufacturing,temperature,static,5,factory/line1/sorting/machine4/temperature,1,200.0,1,,1.0,8,1,p_gated_uniform,0,77,7.507425833091287,1501.4851666182574,0.8029384274221729,1.0,1.0,1.0,0.0
manufacturing|temperature|5|factory/line1/sorting/machine4/temperature,manufacturing,temperature,static,5,factory/line1/sorting/machine4/temperature,1,200.0,1,,1.0,8,1,p_gated_uniform,1,1077,8.092036662215458,1618.4073324430915,1.0507909498991108,1.0,1.0,1.0,0.0
manufacturing|temperature|5|factory/line1/sorting/machine4/temperature,manufacturing,temperature,static,5,factory/line1/sorting/machine4/temperature,1,200.0,1,,1.0,8,1,p_gated_uniform,2,2077,7.642454176721907,1528.4908353443814,0.8401273620932246,1.0,1.0,1.0,0.0
manufacturing|temperature|5|factory/line1/sorting/machine4/temperature,manufacturing,temperature,static,5,factory/line1/sorting/machine4/temperature,1,200.0,1,,1.0,8,1,p_gated_uniform,3,3077,8.361086364770982,1672.2172729541962,0.7646607174819228,1.0,1.0,1.0,0.0
manufacturing|temperature|5|factory/line1/sorting/machine4/temperature,manufacturing,temperature,static,5,factory/line1/sorting/machine4/temperature,1,200.0,1,,1.0,8,1,p_gated_uniform,4,4077,8.190993159742353,1638.1986319484706,0.8950193767280329,1.0,1.0,1.0,0.0
manufacturing|temperature|5|factory/line1/sorting/machine4/temperature,manufacturing,temperature,static,5,factory/line1/sorting/machine4/temperature,1,200.0,1,,1.0,8,1,p_gated_uniform,5,5077,8.247843135341256,1649.568627068251,0.9571768538240468,1.0,1.0,1.0,0.0
manufacturing|temperature|5|factory/line1/processing/machine5/temperature,manufacturing,temperature,static,5,factory/line1/processing/machine5/temperature,1,200.0,1,,1.0,8,1,p_gated_uniform,0,77,7.507425833091287,1501.4851666182574,0.8052083317775939,1.0,1.0,1.0,0.0
manufacturing|temperature|5|factory/line1/processing/machine5/temperature,manufacturing,temperature,static,5,factory/line1/processing/machine5/temperature,1,200.0,1,,1.0,8,1,p_gated_uniform,1,1077,8.092036662215458,1618.4073324430915,1.04787992857824,1.0,1.0,1.0,0.0
manufacturing|temperature|5|factory/line1/processing/machine5/temperature,manufacturing,temperature,static,5,factory/line1/processing/machine5/temperature,1,200.0,1,,1.0,8,1,p_gated_uniform,2,2077,7.642454176721907,1528.4908353443814,0.8401292738019246,1.0,1.0,1.0,0.0
manufacturing|temperature|5|factory/line1/processing/machine5/temperature,manufacturing,temperature,static,5,factory/line1/processing/machine5/temperature,1,200.0,1,,1.0,8,1,p_gated_uniform,3,3077,8.361086364770982,1672.2172729541962,0.7646559980118925,1.0,1.0,1.0,0.0
manufacturing|temperature|5|factory/line1/processing/machine5/temperature,manufacturing,temperature,static,5,factory/line1/processing/machine5/temperature,1,200.0,1,,1.0,8,1,p_gated_uniform,4,4077,8.190993159742353,1638.1986319484706,0.8950193767280329,1.0,1.0,1.0,0.0
manufacturing|temperature|5|factory/line1/processing/machine5/temperature,manufacturing,temperature,static,5,factory/line1/processing/machine5/temperature,1,200.0,1,,1.0,8,1,p_gated_uniform,5,5077,8.247843135341256,1649.568627068251,0.9518997764670576,1.0,1.0,1.0,0.0
manufacturing|temperature|5|factory/line1/warehouse/machine6/temperature,manufacturing,temperature,static,5,factory/line1/warehouse/machine6/temperature,1,200.0,1,,1.0,8,1,p_gated_uniform,0,77,7.507425833091287,1501.4851666182574,0.8052083317775939,1.0,1.0,1.0,0.0
manufacturing|temperature|5|factory/line1/warehouse/machine6/temperature,manufacturing,temperature,static,5,factory/line1/warehouse/machine6/temperature,1,200.0,1,,1.0,8,1,p_gated_uniform,1,1077,8.092036662215458,1618.4073324430915,1.047880691046008,1.0,1.0,1.0,0.0
manufacturing|temperature|5|factory/line1/warehouse/machine6/temperature,manufacturing,temperature,static,5,factory/line1/warehouse/machine6/temperature,1,200.0,1,,1.0,8,1,p_gated_uniform,2,2077,7.642454176721907,1528.4908353443814,0.8377769128966428,1.0,1.0,1.0,0.0
manufacturing|temperature|5|factory/line1/warehouse/machine6/temperature,manufacturing,temperature,static,5,factory/line1/warehouse/machine6/temperature,1,200.0,1,,1.0,8,1,p_gated_uniform,3,3077,8.361086364770982,1672.2172729541962,0.766844903732283,1.0,1.0,1.0,0.0
manufacturing|temperature|5|factory/line1/warehouse/machine6/temperature,manufacturing,temperature,static,5,factory/line1/warehouse/machine6/temperature,1,200.0,1,,1.0,8,1,p_gated_uniform,4,4077,8.190993159742353,1638.1986319484706,0.8925353089394473,1.0,1.0,1.0,0.0
manufacturing|temperature|5|factory/line1/warehouse/machine6/temperature,manufacturing,temperature,static,5,factory/line1/warehouse/machine6/temperature,1,200.0,1,,1.0,8,1,p_gated_uniform,5,5077,8.247843135341256,1649.568627068251,0.9518943848985189,1.0,1.0,1.0,0.0
manufacturing|temperature|5|factory/line1/robotics/machine7/temperature,manufacturing,temperature,static,5,factory/line1/robotics/machine7/temperature,1,200.0,1,,1.0,8,1,p_gated_uniform,0,77,7.507425833091287,1501.4851666182574,0.8006737048047248,1.0,1.0,1.0,0.0
manufacturing|temperature|5|factory/line1/robotics/machine7/temperature,manufacturing,temperature,static,5,factory/line1/robotics/machine7/temperature,1,200.0,1,,1.0,8,1,p_gated_uniform,1,1077,8.092036662215458,1618.4073324430915,1.04787992857824,1.0,1.0,1.0,0.0
manufacturing|temperature|5|factory/line1/robotics/machine7/temperature,manufacturing,temperature,static,5,factory/line1/robotics/machine7/temperature,1,200.0,1,,1.0,8,1,p_gated_uniform,2,2077,7.642454176721907,1528.4908353443814,0.8377788176560055,1.0,1.0,1.0,0.0
manufacturing|temperature|5|factory/line1/robotics/machine7/temperature,manufacturing,temperature,static,5,factory/line1/robotics/machine7/temperature,1,200.0,1,,1.0,8,1,p_gated_uniform,3,3077,8.361086364770982,1672.2172729541962,0.7712230285947046,1.0,1.0,1.0,0.0
manufacturing|temperature|5|factory/line1/robotics/machine7/temperature,manufacturing,temperature,static,5,factory/line1/robotics/machine7/temperature,1,200.0,1,,1.0,8,1,p_gated_uniform,4,4077,8.190993159742353,1638.1986319484706,0.8975113726760449,1.0,1.0,1.0,0.0
manufacturing|temperature|5|factory/line1/robotics/machine7/temperature,manufacturing,temperature,static,5,factory/line1/robotics/machine7/temperature,1,200.0,1,,1.0,8,1,p_gated_uniform,5,5077,8.247843135341256,1649.568627068251,0.9545350650267932,1.0,1.0,1.0,0.0
manufacturing|temperature|5|factory/line1/sorting/machine8/temperature,manufacturing,temperature,static,5,factory/line1/sorting/machine8/temperature,1,200.0,1,,1.0,8,1,p_gated_uniform,0,77,7.507425833091287,1501.4851666182574,0.8052065769630137,1.0,1.0,1.0,0.0
manufacturing|temperature|5|factory/line1/sorting/machine8/temperature,manufacturing,temperature,static,5,factory/line1/sorting/machine8/temperature,1,200.0,1,,1.0,8,1,p_gated_uniform,1,1077,8.092036662215458,1618.4073324430915,1.0537073954032927,1.0,1.0,1.0,0.0
manufacturing|temperature|5|factory/line1/sorting/machine8/temperature,manufacturing,temperature,static,5,factory/line1/sorting/machine8/temperature,1,200.0,1,,1.0,8,1,p_gated_uniform,2,2077,7.642454176721907,1528.4908353443814,0.8330945438862856,1.0,1.0,1.0,0.0
manufacturing|temperature|5|factory/line1/sorting/machine8/temperature,manufacturing,temperature,static,5,factory/line1/sorting/machine8/temperature,1,200.0,1,,1.0,8,1,p_gated_uniform,3,3077,8.361086364770982,1672.2172729541962,0.7668401696538892,1.0,1.0,1.0,0.0
manufacturing|temperature|5|factory/line1/sorting/machine8/temperature,manufacturing,temperature,static,5,factory/line1/sorting/machine8/temperature,1,200.0,1,,1.0,8,1,p_gated_uniform,4,4077,8.190993159742353,1638.1986319484706,0.8950193767280329,1.0,1.0,1.0,0.0
manufacturing|temperature|5|factory/line1/sorting/machine8/temperature,manufacturing,temperature,static,5,factory/line1/sorting/machine8/temperature,1,200.0,1,,1.0,8,1,p_gated_uniform,5,5077,8.247843135341256,1649.568627068251,0.9545321070123588,1.0,1.0,1.0,0.0
manufacturing|temperature|5|factory/line1/processing/machine9/temperature,manufacturing,temperature,static,5,factory/line1/processing/machine9/temperature,1,200.0,1,,1.0,8,1,p_gated_uniform,0,77,7.507425833091287,1501.4851666182574,0.8006737048047248,1.0,1.0,1.0,0.0
manufacturing|temperature|5|factory/line1/processing/machine9/temperature,manufacturing,temperature,static,5,factory/line1/processing/machine9/temperature,1,200.0,1,,1.0,8,1,p_gated_uniform,1,1077,8.092036662215458,1618.4073324430915,1.0449812741407352,1.0,1.0,1.0,0.0
manufacturing|temperature|5|factory/line1/processing/machine9/temperature,manufacturing,temperature,static,5,factory/line1/processing/machine9/temperature,1,200.0,1,,1.0,8,1,p_gated_uniform,2,2077,7.642454176721907,1528.4908353443814,0.8401273620932246,1.0,1.0,1.0,0.0
manufacturing|temperature|5|factory/line1/processing/machine9/temperature,manufacturing,temperature,static,5,factory/line1/processing/machine9/temperature,1,200.0,1,,1.0,8,1,p_gated_uniform,3,3077,8.361086364770982,1672.2172729541962,0.7646559980118925,1.0,1.0,1.0,0.0
manufacturing|temperature|5|factory/line1/processing/machine9/temperature,manufacturing,temperature,static,5,factory/line1/processing/machine9/temperature,1,200.0,1,,1.0,8,1,p_gated_uniform,4,4077,8.190993159742353,1638.1986319484706,0.8975097035224658,1.0,1.0,1.0,0.0
manufacturing|temperature|5|factory/line1/processing/machine9/temperature,manufacturing,temperature,static,5,factory/line1/processing/machine9/temperature,1,200.0,1,,1.0,8,1,p_gated_uniform,5,5077,8.247843135341256,1649.568627068251,0.9518943848985189,1.0,1.0,1.0,0.0
manufacturing|machine_speed|1|factory,manufacturing,machine_speed,static,1,factory,10,5000.0,1,,1.0,8,1,p_gated_uniform,0,77,0.7507425833091286,3753.712916545642,0.8029384274221729,1.0,0.1,10.0,0.0
manufacturing|machine_speed|1|factory,manufacturing,machine_speed,static,1,factory,10,5000.0,1,,1.0,8,1,p_gated_uniform,1,1077,0.8092036662215457,4046.018331107729,1.047880691046008,1.0,0.1,10.0,0.0
manufacturing|machine_speed|1|factory,manufacturing,machine_speed,static,1,factory,10,5000.0,1,,1.0,8,1,p_gated_uniform,2,2077,0.7642454176721906,3821.227088360953,0.8354320186115501,1.0,0.1,10.0,0.0
manufacturing|machine_speed|1|factory,manufacturing,machine_speed,static,1,factory,10,5000.0,1,,1.0,8,1,p_gated_uniform,3,3077,0.8361086364770981,4180.543182385491,0.7624766369184648,1.0,0.1,10.0,0.0
manufacturing|machine_speed|1|factory,manufacturing,machine_speed,static,1,factory,10,5000.0,1,,1.0,8,1,p_gated_uniform,4,4077,0.8190993159742354,4095.496579871177,0.8975113726760449,1.0,0.1,10.0,0.0
manufacturing|machine_speed|1|factory,manufacturing,machine_speed,static,1,factory,10,5000.0,1,,1.0,8,1,p_gated_uniform,5,5077,0.8247843135341256,4123.921567670628,0.962505502845155,1.0,0.1,10.0,0.0
manufacturing|machine_speed|2|factory/line1,manufacturing,machine_speed,static,2,factory/line1,10,5000.0,1,,1.0,8,1,p_gated_uniform,0,77,0.7507425833091286,3753.712916545642,0.8029384274221729,1.0,0.1,10.0,0.0
manufacturing|machine_speed|2|factory/line1,manufacturing,machine_speed,static,2,factory/line1,10,5000.0,1,,1.0,8,1,p_gated_uniform,1,1077,0.8092036662215457,4046.018331107729,1.047880691046008,1.0,0.1,10.0,0.0
manufacturing|machine_speed|2|factory/line1,manufacturing,machine_speed,static,2,factory/line1,10,5000.0,1,,1.0,8,1,p_gated_uniform,2,2077,0.7642454176721906,3821.227088360953,0.8354320186115501,1.0,0.1,10.0,0.0
manufacturing|machine_speed|2|factory/line1,manufacturing,machine_speed,static,2,factory/line1,10,5000.0,1,,1.0,8,1,p_gated_uniform,3,3077,0.8361086364770981,4180.543182385491,0.7624766369184648,1.0,0.1,10.0,0.0
manufacturing|machine_speed|2|factory/line1,manufacturing,machine_speed,static,2,factory/line1,10,5000.0,1,,1.0,8,1,p_gated_uniform,4,4077,0.8190993159742354,4095.496579871177,0.8975113726760449,1.0,0.1,10.0,0.0
manufacturing|machine_speed|2|factory/line1,manufacturing,machine_speed,static,2,factory/line1,10,5000.0,1,,1.0,8,1,p_gated_uniform,5,5077,0.8247843135341256,4123.921567670628,0.962505502845155,1.0,0.1,10.0,0.0
manufacturing|machine_speed|3|factory/line1/sorting,manufacturing,machine_speed,static,3,factory/line1/sorting,3,5000.0,1,,1.0,8,1,p_gated_uniform,0,77,2.502475277697095,12512.376388485476,0.8029384274221729,1.0,0.3333333333333332,3.0,0.0
manufacturing|machine_speed|3|factory/line1/sorting,manufacturing,machine_speed,static,3,factory/line1/sorting,3,5000.0,1,,1.0,8,1,p_gated_uniform,1,1077,2.697345554071819,13486.727770359095,1.0478830411790427,1.0,0.3333333333333332,3.0,0.0
manufacturing|machine_speed|3|factory/line1/sorting,manufacturing,machine_speed,static,3,factory/line1/sorting,3,5000.0,1,,1.0,8,1,p_gated_uniform,2,2077,2.547484725573969,12737.423627869846,0.8377769128966428,1.0,0.3333333333333332,3.0,0.0
manufacturing|machine_speed|3|factory/line1/sorting,manufacturing,machine_speed,static,3,factory/line1/sorting,3,5000.0,1,,1.0,8,1,p_gated_uniform,3,3077,2.7870287882569937,13935.143941284969,0.7690291728116119,1.0,0.3333333333333332,3.0,0.0
manufacturing|machine_speed|3|factory/line1/sorting,manufacturing,machine_speed,static,3,factory/line1/sorting,3,5000.0,1,,1.0,8,1,p_gated_uniform,4,4077,2.7303310532474514,13651.655266237258,0.8950193767280329,1.0,0.3333333333333332,3.0,0.0
manufacturing|machine_speed|3|factory/line1/sorting,manufacturing,machine_speed,static,3,factory/line1/sorting,3,5000.0,1,,1.0,8,1,p_gated_uniform,5,5077,2.7492810451137526,13746.405225568762,0.9545321070123588,1.0,0.3333333333333332,3.0,0.0
manufacturing|machine_speed|3|factory/line1/processing,manufacturing,machine_speed,static,3,factory/line1/processing,3,5000.0,1,,1.0,8,1,p_gated_uniform,0,77,2.502475277697095,12512.376388485476,0.8029402085390707,1.0,0.3333333333333332,3.0,0.0
manufacturing|machine_speed|3|factory/line1/processing,manufacturing,machine_speed,static,3,factory/line1/processing,3,5000.0,1,,1.0,8,1,p_gated_uniform,1,1077,2.697345554071819,13486.727770359095,1.0507885950436997,1.0,0.3333333333333332,3.0,0.0
manufacturing|machine_speed|3|factory/line1/processing,manufacturing,machine_speed,static,3,factory/line1/processing,3,5000.0,1,,1.0,8,1,p_gated_uniform,2,2077,2.547484725573969,12737.423627869846,0.8377769128966428,1.0,0.3333333333333332,3.0,0.0
manufacturing|machine_speed|3|factory/line1/processing,manufacturing,machine_speed,static,3,factory/line1/processing,3,5000.0,1,,1.0,8,1,p_gated_uniform,3,3077,2.7870287882569937,13935.143941284969,0.7668401696538892,1.0,0.3333333333333332,3.0,0.0
manufacturing|machine_speed|3|factory/line1/processing,manufacturing,machine_speed,static,3,factory/line1/processing,3,5000.0,1,,1.0,8,1,p_gated_uniform,4,4077,2.7303310532474514,13651.655266237258,0.8950193767280329,1.0,0.3333333333333332,3.0,0.0
manufacturing|machine_speed|3|factory/line1/processing,manufacturing,machine_speed,static,3,factory/line1/processing,3,5000.0,1,,1.0,8,1,p_gated_uniform,5,5077,2.7492810451137526,13746.405225568762,0.9545321070123588,1.0,0.3333333333333332,3.0,0.0
manufacturing|machine_speed|3|factory/line1/warehouse,manufacturing,machine_speed,static,3,factory/line1/warehouse,2,5000.0,1,,1.0,8,1,p_gated_uniform,0,77,3.753712916545642,18768.564582728213,0.8052083317775939,1.0,0.5,2.0,0.0
manufacturing|machine_speed|3|factory/line1/warehouse,manufacturing,machine_speed,static,3,factory/line1/warehouse,2,5000.0,1,,1.0,8,1,p_gated_uniform,1,1077,4.046018331107728,20230.09165553864,1.0507854824428964,1.0,0.5,2.0,0.0
manufacturing|machine_speed|3|factory/line1/warehouse,manufacturing,machine_speed,static,3,factory/line1/warehouse,2,5000.0,1,,1.0,8,1,p_gated_uniform,2,2077,3.821227088360953,19106.135441804767,0.8330945438862856,1.0,0.5,2.0,0.0
manufacturing|machine_speed|3|factory/line1/warehouse,manufacturing,machine_speed,static,3,factory/line1/warehouse,2,5000.0,1,,1.0,8,1,p_gated_uniform,3,3077,4.180543182385491,20902.71591192745,0.766844903732283,1.0,0.5,2.0,0.0
manufacturing|machine_speed|3|factory/line1/warehouse,manufacturing,machine_speed,static,3,factory/line1/warehouse,2,5000.0,1,,1.0,8,1,p_gated_uniform,4,4077,4.095496579871177,20477.482899355884,0.8975113726760449,1.0,0.5,2.0,0.0
manufacturing|machine_speed|3|factory/line1/warehouse,manufacturing,machine_speed,static,3,factory/line1/warehouse,2,5000.0,1,,1.0,8,1,p_gated_uniform,5,5077,4.123921567670628,20619.607838353146,0.9519147327099924,1.0,0.5,2.0,0.0
manufacturing|machine_speed|3|factory/line1/robotics,manufacturing,machine_speed,static,3,factory/line1/robotics,2,5000.0,1,,1.0,8,1,p_gated_uniform,0,77,3.753712916545642,18768.564582728213,0.8029384274221729,1.0,0.5,2.0,0.0
manufacturing|machine_speed|3|factory/line1/robotics,manufacturing,machine_speed,static,3,factory/line1/robotics,2,5000.0,1,,1.0,8,1,p_gated_uniform,1,1077,4.046018331107728,20230.09165553864,1.0507885950436997,1.0,0.5,2.0,0.0
manufacturing|machine_speed|3|factory/line1/robotics,manufacturing,machine_speed,static,3,factory/line1/robotics,2,5000.0,1,,1.0,8,1,p_gated_uniform,2,2077,3.821227088360953,19106.135441804767,0.8377769128966428,1.0,0.5,2.0,0.0
manufacturing|machine_speed|3|factory/line1/robotics,manufacturing,machine_speed,static,3,factory/line1/robotics,2,5000.0,1,,1.0,8,1,p_gated_uniform,3,3077,4.180543182385491,20902.71591192745,0.7690291728116119,1.0,0.5,2.0,0.0
manufacturing|machine_speed|3|factory/line1/robotics,manufacturing,machine_speed,static,3,factory/line1/robotics,2,5000.0,1,,1.0,8,1,p_gated_uniform,4,4077,4.095496579871177,20477.482899355884,0.8950193767280329,1.0,0.5,2.0,0.0
manufacturing|machine_speed|3|factory/line1/robotics,manufacturing,machine_speed,static,3,factory/line1/robotics,2,5000.0,1,,1.0,8,1,p_gated_uniform,5,5077,4.123921567670628,20619.607838353146,0.9545321070123588,1.0,0.5,2.0,0.0
manufacturing|machine_speed|4|factory/line1/sorting/machine0,manufacturing,machine_speed,static,4,factory/line1/sorting/machine0,1,5000.0,1,,1.0,8,1,p_gated_uniform,0,77,7.507425833091285,37537.12916545643,0.8029384274221729,1.0,1.0,1.0,0.0
manufacturing|machine_speed|4|factory/line1/sorting/machine0,manufacturing,machine_speed,static,4,factory/line1/sorting/machine0,1,5000.0,1,,1.0,8,1,p_gated_uniform,1,1077,8.092036662215458,40460.183311077286,1.0507885950436997,1.0,1.0,1.0,0.0
manufacturing|machine_speed|4|factory/line1/sorting/machine0,manufacturing,machine_speed,static,4,factory/line1/sorting/machine0,1,5000.0,1,,1.0,8,1,p_gated_uniform,2,2077,7.642454176721906,38212.27088360953,0.8354339163693247,1.0,1.0,1.0,0.0
manufacturing|machine_speed|4|factory/line1/sorting/machine0,manufacturing,machine_speed,static,4,factory/line1/sorting/machine0,1,5000.0,1,,1.0,8,1,p_gated_uniform,3,3077,8.361086364770982,41805.43182385491,0.7690291728116119,1.0,1.0,1.0,0.0
manufacturing|machine_speed|4|factory/line1/sorting/machine0,manufacturing,machine_speed,static,4,factory/line1/sorting/machine0,1,5000.0,1,,1.0,8,1,p_gated_uniform,4,4077,8.190993159742353,40954.96579871177,0.8950193767280329,1.0,1.0,1.0,0.0
manufacturing|machine_speed|4|factory/line1/sorting/machine0,manufacturing,machine_speed,static,4,factory/line1/sorting/machine0,1,5000.0,1,,1.0,8,1,p_gated_uniform,5,5077,8.247843135341256,41239.21567670629,0.9545321070123588,1.0,1.0,1.0,0.0
manufacturing|machine_speed|4|factory/line1/processing/machine1,manufacturing,machine_speed,static,4,factory/line1/processing/machine1,1,5000.0,1,,1.0,8,1,p_gated_uniform,0,77,7.507425833091285,37537.12916545643,0.8029384274221729,1.0,1.0,1.0,0.0
manufacturing|machine_speed|4|factory/line1/processing/machine1,manufacturing,machine_speed,static,4,factory/line1/processing/machine1,1,5000.0,1,,1.0,8,1,p_gated_uniform,1,1077,8.092036662215458,40460.183311077286,1.0507885950436997,1.0,1.0,1.0,0.0
manufacturing|machine_speed|4|factory/line1/processing/machine1,manufacturing,machine_speed,static,4,factory/line1/processing/machine1,1,5000.0,1,,1.0,8,1,p_gated_uniform,2,2077,7.642454176721906,38212.27088360953,0.8354320186115501,1.0,1.0,1.0,0.0
manufacturing|machine_speed|4|factory/line1/processing/machine1,manufacturing,machine_speed,static,4,factory/line1/processing/machine1,1,5000.0,1,,1.0,8,1,p_gated_uniform,3,3077,8.361086364770982,41805.43182385491,0.7690291728116119,1.0,1.0,1.0,0.0
manufacturing|machine_speed|4|factory/line1/processing/machine1,manufacturing,machine_speed,static,4,factory/line1/processing/machine1,1,5000.0,1,,1.0,8,1,p_gated_uniform,4,4077,8.190993159742353,40954.96579871177,0.8950193767280329,1.0,1.0,1.0,0.0
manufacturing|machine_speed|4|factory/line1/processing/machine1,manufacturing,machine_speed,static,4,factory/line1/processing/machine1,1,5000.0,1,,1.0,8,1,p_gated_uniform,5,5077,8.247843135341256,41239.21567670629,0.9518943848985189,1.0,1.0,1.0,0.0
manufacturing|machine_speed|4|factory/line1/warehouse/machine2,manufacturing,machine_speed,static,4,factory/line1/warehouse/machine2,1,5000.0,1,,1.0,8,1,p_gated_uniform,0,77,7.507425833091285,37537.12916545643,0.8029384274221729,1.0,1.0,1.0,0.0
manufacturing|machine_speed|4|factory/line1/warehouse/machine2,manufacturing,machine_speed,static,4,factory/line1/warehouse/machine2,1,5000.0,1,,1.0,8,1,p_gated_uniform,1,1077,8.092036662215458,40460.183311077286,1.0507854824428964,1.0,1.0,1.0,0.0
manufacturing|machine_speed|4|factory/line1/warehouse/machine2,manufacturing,machine_speed,static,4,factory/line1/warehouse/machine2,1,5000.0,1,,1.0,8,1,p_gated_uniform,2,2077,7.642454176721906,38212.27088360953,0.8330945438862856,1.0,1.0,1.0,0.0
manufacturing|machine_speed|4|factory/line1/warehouse/machine2,manufacturing,machine_speed,static,4,factory/line1/warehouse/machine2,1,5000.0,1,,1.0,8,1,p_gated_uniform,3,3077,8.361086364770982,41805.43182385491,0.7668401696538892,1.0,1.0,1.0,0.0
manufacturing|machine_speed|4|factory/line1/warehouse/machine2,manufacturing,machine_speed,static,4,factory/line1/warehouse/machine2,1,5000.0,1,,1.0,8,1,p_gated_uniform,4,4077,8.190993159742353,40954.96579871177,0.8950193767280329,1.0,1.0,1.0,0.0
manufacturing|machine_speed|4|factory/line1/warehouse/machine2,manufacturing,machine_speed,static,4,factory/line1/warehouse/machine2,1,5000.0,1,,1.0,8,1,p_gated_uniform,5,5077,8.247843135341256,41239.21567670629,0.9545321070123588,1.0,1.0,1.0,0.0
manufacturing|machine_speed|4|factory/line1/robotics/machine3,manufacturing,machine_speed,static,4,factory/line1/robotics/machine3,1,5000.0,1,,1.0,8,1,p_gated_uniform,0,77,7.507425833091285,37537.12916545643,0.8029384274221729,1.0,1.0,1.0,0.0
manufacturing|machine_speed|4|factory/line1/robotics/machine3,manufacturing,machine_speed,static,4,factory/line1/robotics/machine3,1,5000.0,1,,1.0,8,1,p_gated_uniform,1,1077,8.092036662215458,40460.183311077286,1.0478830411790427,1.0,1.0,1.0,0.0
manufacturing|machine_speed|4|factory/line1/robotics/machine3,manufacturing,machine_speed,static,4,factory/line1/robotics/machine3,1,5000.0,1,,1.0,8,1,p_gated_uniform,2,2077,7.642454176721906,38212.27088360953,0.8354320186115501,1.0,1.0,1.0,0.0
manufacturing|machine_speed|4|factory/line1/robotics/machine3,manufacturing,machine_speed,static,4,factory/line1/robotics/machine3,1,5000.0,1,,1.0,8,1,p_gated_uniform,3,3077,8.361086364770982,41805.43182385491,0.7690339213412888,1.0,1.0,1.0,0.0
manufacturing|machine_speed|4|factory/line1/robotics/machine3,manufacturing,machine_speed,static,4,factory/line1/robotics/machine3,1,5000.0,1,,1.0,8,1,p_gated_uniform,4,4077,8.190993159742353,40954.96579871177,0.8950193767280329,1.0,1.0,1.0,0.0
manufacturing|machine_speed|4|factory/line1/robotics/machine3,manufacturing,machine_speed,static,4,factory/line1/robotics/machine3,1,5000.0,1,,1.0,8,1,p_gated_uniform,5,5077,8.247843135341256,41239.21567670629,0.9545321070123588,1.0,1.0,1.0,0.0
manufacturing|machine_speed|4|factory/line1/sorting/machine4,manufacturing,machine_speed,static,4,factory/line1/sorting/machine4,1,5000.0,1,,1.0,8,1,p_gated_uniform,0,77,7.507425833091285,37537.12916545643,0.8029384274221729,1.0,1.0,1.0,0.0
manufacturing|machine_speed|4|factory/line1/sorting/machine4,manufacturing,machine_speed,static,4,factory/line1/sorting/machine4,1,5000.0,1,,1.0,8,1,p_gated_uniform,1,1077,8.092036662215458,40460.183311077286,1.0507885950436997,1.0,1.0,1.0,0.0
manufacturing|machine_speed|4|factory/line1/sorting/machine4,manufacturing,machine_speed,static,4,factory/line1/sorting/machine4,1,5000.0,1,,1.0,8,1,p_gated_uniform,2,2077,7.642454176721906,38212.27088360953,0.8377769128966428,1.0,1.0,1.0,0.0
manufacturing|machine_speed|4|factory/line1/sorting/machine4,manufacturing,machine_speed,static,4,factory/line1/sorting/machine4,1,5000.0,1,,1.0,8,1,p_gated_uniform,3,3077,8.361086364770982,41805.43182385491,0.7690291728116119,1.0,1.0,1.0,0.0
manufacturing|machine_speed|4|factory/line1/sorting/machine4,manufacturing,machine_speed,static,4,factory/line1/sorting/machine4,1,5000.0,1,,1.0,8,1,p_gated_uniform,4,4077,8.190993159742353,40954.96579871177,0.8950193767280329,1.0,1.0,1.0,0.0
manufacturing|machine_speed|4|factory/line1/sorting/machine4,manufacturing,machine_speed,static,4,factory/line1/sorting/machine4,1,5000.0,1,,1.0,8,1,p_gated_uniform,5,5077,8.247843135341256,41239.21567670629,0.9545321070123588,1.0,1.0,1.0,0.0
manufacturing|machine_speed|4|factory/line1/processing/machine5,manufacturing,machine_speed,static,4,factory/line1/processing/machine5,1,5000.0,1,,1.0,8,1,p_gated_uniform,0,77,7.507425833091285,37537.12916545643,0.8074834415034045,1.0,1.0,1.0,0.0
manufacturing|machine_speed|4|factory/line1/processing/machine5,manufacturing,machine_speed,static,4,factory/line1/processing/machine5,1,5000.0,1,,1.0,8,1,p_gated_uniform,1,1077,8.092036662215458,40460.183311077286,1.0507885950436997,1.0,1.0,1.0,0.0
manufacturing|machine_speed|4|factory/line1/processing/machine5,manufacturing,machine_speed,static,4,factory/line1/processing/machine5,1,5000.0,1,,1.0,8,1,p_gated_uniform,2,2077,7.642454176721906,38212.27088360953,0.8401273620932246,1.0,1.0,1.0,0.0
manufacturing|machine_speed|4|factory/line1/processing/machine5,manufacturing,machine_speed,static,4,factory/line1/processing/machine5,1,5000.0,1,,1.0,8,1,p_gated_uniform,3,3077,8.361086364770982,41805.43182385491,0.7668401696538892,1.0,1.0,1.0,0.0
manufacturing|machine_speed|4|factory/line1/processing/machine5,manufacturing,machine_speed,static,4,factory/line1/processing/machine5,1,5000.0,1,,1.0,8,1,p_gated_uniform,4,4077,8.190993159742353,40954.96579871177,0.8950193767280329,1.0,1.0,1.0,0.0
manufacturing|machine_speed|4|factory/line1/processing/machine5,manufacturing,machine_speed,static,4,factory/line1/processing/machine5,1,5000.0,1,,1.0,8,1,p_gated_uniform,5,5077,8.247843135341256,41239.21567670629,0.9518943848985189,1.0,1.0,1.0,0.0
manufacturing|machine_speed|4|factory/line1/warehouse/machine6,manufacturing,machine_speed,static,4,factory/line1/warehouse/machine6,1,5000.0,1,,1.0,8,1,p_gated_uniform,0,77,7.507425833091285,37537.12916545643,0.8029384274221729,1.0,1.0,1.0,0.0
manufacturing|machine_speed|4|factory/line1/warehouse/machine6,manufacturing,machine_speed,static,4,factory/line1/warehouse/machine6,1,5000.0,1,,1.0,8,1,p_gated_uniform,1,1077,8.092036662215458,40460.183311077286,1.0507854824428964,1.0,1.0,1.0,0.0
manufacturing|machine_speed|4|factory/line1/warehouse/machine6,manufacturing,machine_speed,static,4,factory/line1/warehouse/machine6,1,5000.0,1,,1.0,8,1,p_gated_uniform,2,2077,7.642454176721906,38212.27088360953,0.8377788176560055,1.0,1.0,1.0,0.0
manufacturing|machine_speed|4|factory/line1/warehouse/machine6,manufacturing,machine_speed,static,4,factory/line1/warehouse/machine6,1,5000.0,1,,1.0,8,1,p_gated_uniform,3,3077,8.361086364770982,41805.43182385491,0.766844903732283,1.0,1.0,1.0,0.0
manufacturing|machine_speed|4|factory/line1/warehouse/machine6,manufacturing,machine_speed,static,4,factory/line1/warehouse/machine6,1,5000.0,1,,1.0,8,1,p_gated_uniform,4,4077,8.190993159742353,40954.96579871177,0.8950193767280329,1.0,1.0,1.0,0.0
manufacturing|machine_speed|4|factory/line1/warehouse/machine6,manufacturing,machine_speed,static,4,factory/line1/warehouse/machine6,1,5000.0,1,,1.0,8,1,p_gated_uniform,5,5077,8.247843135341256,41239.21567670629,0.951917644059034,1.0,1.0,1.0,0.0
manufacturing|machine_speed|4|factory/line1/robotics/machine7,manufacturing,machine_speed,static,4,factory/line1/robotics/machine7,1,5000.0,1,,1.0,8,1,p_gated_uniform,0,77,7.507425833091285,37537.12916545643,0.8006737048047248,1.0,1.0,1.0,0.0
manufacturing|machine_speed|4|factory/line1/robotics/machine7,manufacturing,machine_speed,static,4,factory/line1/robotics/machine7,1,5000.0,1,,1.0,8,1,p_gated_uniform,1,1077,8.092036662215458,40460.183311077286,1.0507854824428964,1.0,1.0,1.0,0.0
manufacturing|machine_speed|4|factory/line1/robotics/machine7,manufacturing,machine_speed,static,4,factory/line1/robotics/machine7,1,5000.0,1,,1.0,8,1,p_gated_uniform,2,2077,7.642454176721906,38212.27088360953,0.8401292738019246,1.0,1.0,1.0,0.0
manufacturing|machine_speed|4|factory/line1/robotics/machine7,manufacturing,machine_speed,static,4,factory/line1/robotics/machine7,1,5000.0,1,,1.0,8,1,p_gated_uniform,3,3077,8.361086364770982,41805.43182385491,0.7668401696538892,1.0,1.0,1.0,0.0
manufacturing|machine_speed|4|factory/line1/robotics/machine7,manufacturing,machine_speed,static,4,factory/line1/robotics/machine7,1,5000.0,1,,1.0,8,1,p_gated_uniform,4,4077,8.190993159742353,40954.96579871177,0.8950193767280329,1.0,1.0,1.0,0.0
manufacturing|machine_speed|4|factory/line1/robotics/machine7,manufacturing,machine_speed,static,4,factory/line1/robotics/machine7,1,5000.0,1,,1.0,8,1,p_gated_uniform,5,5077,8.247843135341256,41239.21567670629,0.9518973377217396,1.0,1.0,1.0,0.0
manufacturing|machine_speed|4|factory/line1/sorting/machine8,manufacturing,machine_speed,static,4,factory/line1/sorting/machine8,1,5000.0,1,,1.0,8,1,p_gated_uniform,0,77,7.507425833091285,37537.12916545643,0.8029384274221729,1.0,1.0,1.0,0.0
manufacturing|machine_speed|4|factory/line1/sorting/machine8,manufacturing,machine_speed,static,4,factory/line1/sorting/machine8,1,5000.0,1,,1.0,8,1,p_gated_uniform,1,1077,8.092036662215458,40460.183311077286,1.0507885950436997,1.0,1.0,1.0,0.0
manufacturing|machine_speed|4|factory/line1/sorting/machine8,manufacturing,machine_speed,static,4,factory/line1/sorting/machine8,1,5000.0,1,,1.0,8,1,p_gated_uniform,2,2077,7.642454176721906,38212.27088360953,0.8377788176560055,1.0,1.0,1.0,0.0
manufacturing|machine_speed|4|factory/line1/sorting/machine8,manufacturing,machine_speed,static,4,factory/line1/sorting/machine8,1,5000.0,1,,1.0,8,1,p_gated_uniform,3,3077,8.361086364770982,41805.43182385491,0.7668401696538892,1.0,1.0,1.0,0.0
manufacturing|machine_speed|4|factory/line1/sorting/machine8,manufacturing,machine_speed,static,4,factory/line1/sorting/machine8,1,5000.0,1,,1.0,8,1,p_gated_uniform,4,4077,8.190993159742353,40954.96579871177,0.8950193767280329,1.0,1.0,1.0,0.0
manufacturing|machine_speed|4|factory/line1/sorting/machine8,manufacturing,machine_speed,static,4,factory/line1/sorting/machine8,1,5000.0,1,,1.0,8,1,p_gated_uniform,5,5077,8.247843135341256,41239.21567670629,0.9518943848985189,1.0,1.0,1.0,0.0
manufacturing|machine_speed|4|factory/line1/processing/machine9,manufacturing,machine_speed,static,4,factory/line1/processing/machine9,1,5000.0,1,,1.0,8,1,p_gated_uniform,0,77,7.507425833091285,37537.12916545643,0.8029402085390707,1.0,1.0,1.0,0.0
manufacturing|machine_speed|4|factory/line1/processing/machine9,manufacturing,machine_speed,static,4,factory/line1/processing/machine9,1,5000.0,1,,1.0,8,1,p_gated_uniform,1,1077,8.092036662215458,40460.183311077286,1.0507885950436997,1.0,1.0,1.0,0.0
manufacturing|machine_speed|4|factory/line1/processing/machine9,manufacturing,machine_speed,static,4,factory/line1/processing/machine9,1,5000.0,1,,1.0,8,1,p_gated_uniform,2,2077,7.642454176721906,38212.27088360953,0.8401273620932246,1.0,1.0,1.0,0.0
manufacturing|machine_speed|4|factory/line1/processing/machine9,manufacturing,machine_speed,static,4,factory/line1/processing/machine9,1,5000.0,1,,1.0,8,1,p_gated_uniform,3,3077,8.361086364770982,41805.43182385491,0.7668401696538892,1.0,1.0,1.0,0.0
manufacturing|machine_speed|4|factory/line1/processing/machine9,manufacturing,machine_speed,static,4,factory/line1/processing/machine9,1,5000.0,1,,1.0,8,1,p_gated_uniform,4,4077,8.190993159742353,40954.96579871177,0.8950193767280329,1.0,1.0,1.0,0.0
manufacturing|machine_speed|4|factory/line1/processing/machine9,manufacturing,machine_speed,static,4,factory/line1/processing/machine9,1,5000.0,1,,1.0,8,1,p_gated_uniform,5,5077,8.247843135341256,41239.21567670629,0.9545321070123588,1.0,1.0,1.0,0.0
manufacturing|machine_speed|5|factory/line1/sorting/machine0/machine_speed,manufacturing,machine_speed,static,5,factory/line1/sorting/machine0/machine_speed,1,5000.0,1,,1.0,8,1,p_gated_uniform,0,77,7.507425833091285,37537.12916545643,0.8029384274221729,1.0,1.0,1.0,0.0
manufacturing|machine_speed|5|factory/line1/sorting/machine0/machine_speed,manufacturing,machine_speed,static,5,factory/line1/sorting/machine0/machine_speed,1,5000.0,1,,1.0,8,1,p_gated_uniform,1,1077,8.092036662215458,40460.183311077286,1.0507885950436997,1.0,1.0,1.0,0.0
manufacturing|machine_speed|5|factory/line1/sorting/machine0/machine_speed,manufacturing,machine_speed,static,5,factory/line1/sorting/machine0/machine_speed,1,5000.0,1,,1.0,8,1,p_gated_uniform,2,2077,7.642454176721906,38212.27088360953,0.8354339163693247,1.0,1.0,1.0,0.0
manufacturing|machine_speed|5|factory/line1/sorting/machine0/machine_speed,manufacturing,machine_speed,static,5,factory/line1/sorting/machine0/machine_speed,1,5000.0,1,,1.0,8,1,p_gated_uniform,3,3077,8.361086364770982,41805.43182385491,0.7690291728116119,1.0,1.0,1.0,0.0
manufacturing|machine_speed|5|factory/line1/sorting/machine0/machine_speed,manufacturing,machine_speed,static,5,factory/line1/sorting/machine0/machine_speed,1,5000.0,1,,1.0,8,1,p_gated_uniform,4,4077,8.190993159742353,40954.96579871177,0.8950193767280329,1.0,1.0,1.0,0.0
manufacturing|machine_speed|5|factory/line1/sorting/machine0/machine_speed,manufacturing,machine_speed,static,5,factory/line1/sorting/machine0/machine_speed,1,5000.0,1,,1.0,8,1,p_gated_uniform,5,5077,8.247843135341256,41239.21567670629,0.9545321070123588,1.0,1.0,1.0,0.0
manufacturing|machine_speed|5|factory/line1/processing/machine1/machine_speed,manufacturing,machine_speed,static,5,factory/line1/processing/machine1/machine_speed,1,5000.0,1,,1.0,8,1,p_gated_uniform,0,77,7.507425833091285,37537.12916545643,0.8029384274221729,1.0,1.0,1.0,0.0
manufacturing|machine_speed|5|factory/line1/processing/machine1/machine_speed,manufacturing,machine_speed,static,5,factory/line1/processing/machine1/machine_speed,1,5000.0,1,,1.0,8,1,p_gated_uniform,1,1077,8.092036662215458,40460.183311077286,1.0507885950436997,1.0,1.0,1.0,0.0
manufacturing|machine_speed|5|factory/line1/processing/machine1/machine_speed,manufacturing,machine_speed,static,5,factory/line1/processing/machine1/machine_speed,1,5000.0,1,,1.0,8,1,p_gated_uniform,2,2077,7.642454176721906,38212.27088360953,0.8354320186115501,1.0,1.0,1.0,0.0
manufacturing|machine_speed|5|factory/line1/processing/machine1/machine_speed,manufacturing,machine_speed,static,5,factory/line1/processing/machine1/machine_speed,1,5000.0,1,,1.0,8,1,p_gated_uniform,3,3077,8.361086364770982,41805.43182385491,0.7690291728116119,1.0,1.0,1.0,0.0
manufacturing|machine_speed|5|factory/line1/processing/machine1/machine_speed,manufacturing,machine_speed,static,5,factory/line1/processing/machine1/machine_speed,1,5000.0,1,,1.0,8,1,p_gated_uniform,4,4077,8.190993159742353,40954.96579871177,0.8950193767280329,1.0,1.0,1.0,0.0
manufacturing|machine_speed|5|factory/line1/processing/machine1/machine_speed,manufacturing,machine_speed,static,5,factory/line1/processing/machine1/machine_speed,1,5000.0,1,,1.0,8,1,p_gated_uniform,5,5077,8.247843135341256,41239.21567670629,0.9518943848985189,1.0,1.0,1.0,0.0
manufacturing|machine_speed|5|factory/line1/warehouse/machine2/machine_speed,manufacturing,machine_speed,static,5,factory/line1/warehouse/machine2/machine_speed,1,5000.0,1,,1.0,8,1,p_gated_uniform,0,77,7.507425833091285,37537.12916545643,0.8029384274221729,1.0,1.0,1.0,0.0
manufacturing|machine_speed|5|factory/line1/warehouse/machine2/machine_speed,manufacturing,machine_speed,static,5,factory/line1/warehouse/machine2/machine_speed,1,5000.0,1,,1.0,8,1,p_gated_uniform,1,1077,8.092036662215458,40460.183311077286,1.0507854824428964,1.0,1.0,1.0,0.0
manufacturing|machine_speed|5|factory/line1/warehouse/machine2/machine_speed,manufacturing,machine_speed,static,5,factory/line1/warehouse/machine2/machine_speed,1,5000.0,1,,1.0,8,1,p_gated_uniform,2,2077,7.642454176721906,38212.27088360953,0.8330945438862856,1.0,1.0,1.0,0.0
manufacturing|machine_speed|5|factory/line1/warehouse/machine2/machine_speed,manufacturing,machine_speed,static,5,factory/line1/warehouse/machine2/machine_speed,1,5000.0,1,,1.0,8,1,p_gated_uniform,3,3077,8.361086364770982,41805.43182385491,0.7668401696538892,1.0,1.0,1.0,0.0
manufacturing|machine_speed|5|factory/line1/warehouse/machine2/machine_speed,manufacturing,machine_speed,static,5,factory/line1/warehouse/machine2/machine_speed,1,5000.0,1,,1.0,8,1,p_gated_uniform,4,4077,8.190993159742353,40954.96579871177,0.8950193767280329,1.0,1.0,1.0,0.0
manufacturing|machine_speed|5|factory/line1/warehouse/machine2/machine_speed,manufacturing,machine_speed,static,5,factory/line1/warehouse/machine2/machine_speed,1,5000.0,1,,1.0,8,1,p_gated_uniform,5,5077,8.247843135341256,41239.21567670629,0.9545321070123588,1.0,1.0,1.0,0.0
manufacturing|machine_speed|5|factory/line1/robotics/machine3/machine_speed,manufacturing,machine_speed,static,5,factory/line1/robotics/machine3/machine_speed,1,5000.0,1,,1.0,8,1,p_gated_uniform,0,77,7.507425833091285,37537.12916545643,0.8029384274221729,1.0,1.0,1.0,0.0
manufacturing|machine_speed|5|factory/line1/robotics/machine3/machine_speed,manufacturing,machine_speed,static,5,factory/line1/robotics/machine3/machine_speed,1,5000.0,1,,1.0,8,1,p_gated_uniform,1,1077,8.092036662215458,40460.183311077286,1.0478830411790427,1.0,1.0,1.0,0.0
manufacturing|machine_speed|5|factory/line1/robotics/machine3/machine_speed,manufacturing,machine_speed,static,5,factory/line1/robotics/machine3/machine_speed,1,5000.0,1,,1.0,8,1,p_gated_uniform,2,2077,7.642454176721906,38212.27088360953,0.8354320186115501,1.0,1.0,1.0,0.0
manufacturing|machine_speed|5|factory/line1/robotics/machine3/machine_speed,manufacturing,machine_speed,static,5,factory/line1/robotics/machine3/machine_speed,1,5000.0,1,,1.0,8,1,p_gated_uniform,3,3077,8.361086364770982,41805.43182385491,0.7690339213412888,1.0,1.0,1.0,0.0
manufacturing|machine_speed|5|factory/line1/robotics/machine3/machine_speed,manufacturing,machine_speed,static,5,factory/line1/robotics/machine3/machine_speed,1,5000.0,1,,1.0,8,1,p_gated_uniform,4,4077,8.190993159742353,40954.96579871177,0.8950193767280329,1.0,1.0,1.0,0.0
manufacturing|machine_speed|5|factory/line1/robotics/machine3/machine_speed,manufacturing,machine_speed,static,5,factory/line1/robotics/machine3/machine_speed,1,5000.0,1,,1.0,8,1,p_gated_uniform,5,5077,8.247843135341256,41239.21567670629,0.9545321070123588,1.0,1.0,1.0,0.0
manufacturing|machine_speed|5|factory/line1/sorting/machine4/machine_speed,manufacturing,machine_speed,static,5,factory/line1/sorting/machine4/machine_speed,1,5000.0,1,,1.0,8,1,p_gated_uniform,0,77,7.507425833091285,37537.12916545643,0.8029384274221729,1.0,1.0,1.0,0.0
manufacturing|machine_speed|5|factory/line1/sorting/machine4/machine_speed,manufacturing,machine_speed,static,5,factory/line1/sorting/machine4/machine_speed,1,5000.0,1,,1.0,8,1,p_gated_uniform,1,1077,8.092036662215458,40460.183311077286,1.0507885950436997,1.0,1.0,1.0,0.0
manufacturing|machine_speed|5|factory/line1/sorting/machine4/machine_speed,manufacturing,machine_speed,static,5,factory/line1/sorting/machine4/machine_speed,1,5000.0,1,,1.0,8,1,p_gated_uniform,2,2077,7.642454176721906,38212.27088360953,0.8377769128966428,1.0,1.0,1.0,0.0
manufacturing|machine_speed|5|factory/line1/sorting/machine4/machine_speed,manufacturing,machine_speed,static,5,factory/line1/sorting/machine4/machine_speed,1,5000.0,1,,1.0,8,1,p_gated_uniform,3,3077,8.361086364770982,41805.43182385491,0.7690291728116119,1.0,1.0,1.0,0.0
manufacturing|machine_speed|5|factory/line1/sorting/machine4/machine_speed,manufacturing,machine_speed,static,5,factory/line1/sorting/machine4/machine_speed,1,5000.0,1,,1.0,8,1,p_gated_uniform,4,4077,8.190993159742353,40954.96579871177,0.8950193767280329,1.0,1.0,1.0,0.0
manufacturing|machine_speed|5|factory/line1/sorting/machine4/machine_speed,manufacturing,machine_speed,static,5,factory/line1/sorting/machine4/machine_speed,1,5000.0,1,,1.0,8,1,p_gated_uniform,5,5077,8.247843135341256,41239.21567670629,0.9545321070123588,1.0,1.0,1.0,0.0
manufacturing|machine_speed|5|factory/line1/processing/machine5/machine_speed,manufacturing,machine_speed,static,5,factory/line1/processing/machine5/machine_speed,1,5000.0,1,,1.0,8,1,p_gated_uniform,0,77,7.507425833091285,37537.12916545643,0.8074834415034045,1.0,1.0,1.0,0.0
manufacturing|machine_speed|5|factory/line1/processing/machine5/machine_speed,manufacturing,machine_speed,static,5,factory/line1/processing/machine5/machine_speed,1,5000.0,1,,1.0,8,1,p_gated_uniform,1,1077,8.092036662215458,40460.183311077286,1.0507885950436997,1.0,1.0,1.0,0.0
manufacturing|machine_speed|5|factory/line1/processing/machine5/machine_speed,manufacturing,machine_speed,static,5,factory/line1/processing/machine5/machine_speed,1,5000.0,1,,1.0,8,1,p_gated_uniform,2,2077,7.642454176721906,38212.27088360953,0.8401273620932246,1.0,1.0,1.0,0.0
manufacturing|machine_speed|5|factory/line1/processing/machine5/machine_speed,manufacturing,machine_speed,static,5,factory/line1/processing/machine5/machine_speed,1,5000.0,1,,1.0,8,1,p_gated_uniform,3,3077,8.361086364770982,41805.43182385491,0.7668401696538892,1.0,1.0,1.0,0.0
manufacturing|machine_speed|5|factory/line1/processing/machine5/machine_speed,manufacturing,machine_speed,static,5,factory/line1/processing/machine5/machine_speed,1,5000.0,1,,1.0,8,1,p_gated_uniform,4,4077,8.190993159742353,40954.96579871177,0.8950193767280329,1.0,1.0,1.0,0.0
manufacturing|machine_speed|5|factory/line1/processing/machine5/machine_speed,manufacturing,machine_speed,static,5,factory/line1/processing/machine5/machine_speed,1,5000.0,1,,1.0,8,1,p_gated_uniform,5,5077,8.247843135341256,41239.21567670629,0.9518943848985189,1.0,1.0,1.0,0.0
manufacturing|machine_speed|5|factory/line1/warehouse/machine6/machine_speed,manufacturing,machine_speed,static,5,factory/line1/warehouse/machine6/machine_speed,1,5000.0,1,,1.0,8,1,p_gated_uniform,0,77,7.507425833091285,37537.12916545643,0.8029384274221729,1.0,1.0,1.0,0.0
manufacturing|machine_speed|5|factory/line1/warehouse/machine6/machine_speed,manufacturing,machine_speed,static,5,factory/line1/warehouse/machine6/machine_speed,1,5000.0,1,,1.0,8,1,p_gated_uniform,1,1077,8.092036662215458,40460.183311077286,1.0507854824428964,1.0,1.0,1.0,0.0
manufacturing|machine_speed|5|factory/line1/warehouse/machine6/machine_speed,manufacturing,machine_speed,static,5,factory/line1/warehouse/machine6/machine_speed,1,5000.0,1,,1.0,8,1,p_gated_uniform,2,2077,7.642454176721906,38212.27088360953,0.8377788176560055,1.0,1.0,1.0,0.0
manufacturing|machine_speed|5|factory/line1/warehouse/machine6/machine_speed,manufacturing,machine_speed,static,5,factory/line1/warehouse/machine6/machine_speed,1,5000.0,1,,1.0,8,1,p_gated_uniform,3,3077,8.361086364770982,41805.43182385491,0.766844903732283,1.0,1.0,1.0,0.0
manufacturing|machine_speed|5|factory/line1/warehouse/machine6/machine_speed,manufacturing,machine_speed,static,5,factory/line1/warehouse/machine6/machine_speed,1,5000.0,1,,1.0,8,1,p_gated_uniform,4,4077,8.190993159742353,40954.96579871177,0.8950193767280329,1.0,1.0,1.0,0.0
manufacturing|machine_speed|5|factory/line1/warehouse/machine6/machine_speed,manufacturing,machine_speed,static,5,factory/line1/warehouse/machine6/machine_speed,1,5000.0,1,,1.0,8,1,p_gated_uniform,5,5077,8.247843135341256,41239.21567670629,0.951917644059034,1.0,1.0,1.0,0.0
manufacturing|machine_speed|5|factory/line1/robotics/machine7/machine_speed,manufacturing,machine_speed,static,5,factory/line1/robotics/machine7/machine_speed,1,5000.0,1,,1.0,8,1,p_gated_uniform,0,77,7.507425833091285,37537.12916545643,0.8006737048047248,1.0,1.0,1.0,0.0
manufacturing|machine_speed|5|factory/line1/robotics/machine7/machine_speed,manufacturing,machine_speed,static,5,factory/line1/robotics/machine7/machine_speed,1,5000.0,1,,1.0,8,1,p_gated_uniform,1,1077,8.092036662215458,40460.183311077286,1.0507854824428964,1.0,1.0,1.0,0.0
manufacturing|machine_speed|5|factory/line1/robotics/machine7/machine_speed,manufacturing,machine_speed,static,5,factory/line1/robotics/machine7/machine_speed,1,5000.0,1,,1.0,8,1,p_gated_uniform,2,2077,7.642454176721906,38212.27088360953,0.8401292738019246,1.0,1.0,1.0,0.0
manufacturing|machine_speed|5|factory/line1/robotics/machine7/machine_speed,manufacturing,machine_speed,static,5,factory/line1/robotics/machine7/machine_speed,1,5000.0,1,,1.0,8,1,p_gated_uniform,3,3077,8.361086364770982,41805.43182385491,0.7668401696538892,1.0,1.0,1.0,0.0
manufacturing|machine_speed|5|factory/line1/robotics/machine7/machine_speed,manufacturing,machine_speed,static,5,factory/line1/robotics/machine7/machine_speed,1,5000.0,1,,1.0,8,1,p_gated_uniform,4,4077,8.190993159742353,40954.96579871177,0.8950193767280329,1.0,1.0,1.0,0.0
manufacturing|machine_speed|5|factory/line1/robotics/machine7/machine_speed,manufacturing,machine_speed,static,5,factory/line1/robotics/machine7/machine_speed,1,5000.0,1,,1.0,8,1,p_gated_uniform,5,5077,8.247843135341256,41239.21567670629,0.9518973377217396,1.0,1.0,1.0,0.0
manufacturing|machine_speed|5|factory/line1/sorting/machine8/machine_speed,manufacturing,machine_speed,static,5,factory/line1/sorting/machine8/machine_speed,1,5000.0,1,,1.0,8,1,p_gated_uniform,0,77,7.507425833091285,37537.12916545643,0.8029384274221729,1.0,1.0,1.0,0.0
manufacturing|machine_speed|5|factory/line1/sorting/machine8/machine_speed,manufacturing,machine_speed,static,5,factory/line1/sorting/machine8/machine_speed,1,5000.0,1,,1.0,8,1,p_gated_uniform,1,1077,8.092036662215458,40460.183311077286,1.0507885950436997,1.0,1.0,1.0,0.0
manufacturing|machine_speed|5|factory/line1/sorting/machine8/machine_speed,manufacturing,machine_speed,static,5,factory/line1/sorting/machine8/machine_speed,1,5000.0,1,,1.0,8,1,p_gated_uniform,2,2077,7.642454176721906,38212.27088360953,0.8377788176560055,1.0,1.0,1.0,0.0
manufacturing|machine_speed|5|factory/line1/sorting/machine8/machine_speed,manufacturing,machine_speed,static,5,factory/line1/sorting/machine8/machine_speed,1,5000.0,1,,1.0,8,1,p_gated_uniform,3,3077,8.361086364770982,41805.43182385491,0.7668401696538892,1.0,1.0,1.0,0.0
manufacturing|machine_speed|5|factory/line1/sorting/machine8/machine_speed,manufacturing,machine_speed,static,5,factory/line1/sorting/machine8/machine_speed,1,5000.0,1,,1.0,8,1,p_gated_uniform,4,4077,8.190993159742353,40954.96579871177,0.8950193767280329,1.0,1.0,1.0,0.0
manufacturing|machine_speed|5|factory/line1/sorting/machine8/machine_speed,manufacturing,machine_speed,static,5,factory/line1/sorting/machine8/machine_speed,1,5000.0,1,,1.0,8,1,p_gated_uniform,5,5077,8.247843135341256,41239.21567670629,0.9518943848985189,1.0,1.0,1.0,0.0
manufacturing|machine_speed|5|factory/line1/processing/machine9/machine_speed,manufacturing,machine_speed,static,5,factory/line1/processing/machine9/machine_speed,1,5000.0,1,,1.0,8,1,p_gated_uniform,0,77,7.507425833091285,37537.12916545643,0.8029402085390707,1.0,1.0,1.0,0.0
manufacturing|machine_speed|5|factory/line1/processing/machine9/machine_speed,manufacturing,machine_speed,static,5,factory/line1/processing/machine9/machine_speed,1,5000.0,1,,1.0,8,1,p_gated_uniform,1,1077,8.092036662215458,40460.183311077286,1.0507885950436997,1.0,1.0,1.0,0.0
manufacturing|machine_speed|5|factory/line1/processing/machine9/machine_speed,manufacturing,machine_speed,static,5,factory/line1/processing/machine9/machine_speed,1,5000.0,1,,1.0,8,1,p_gated_uniform,2,2077,7.642454176721906,38212.27088360953,0.8401273620932246,1.0,1.0,1.0,0.0
manufacturing|machine_speed|5|factory/line1/processing/machine9/machine_speed,manufacturing,machine_speed,static,5,factory/line1/processing/machine9/machine_speed,1,5000.0,1,,1.0,8,1,p_gated_uniform,3,3077,8.361086364770982,41805.43182385491,0.7668401696538892,1.0,1.0,1.0,0.0
manufacturing|machine_speed|5|factory/line1/processing/machine9/machine_speed,manufacturing,machine_speed,static,5,factory/line1/processing/machine9/machine_speed,1,5000.0,1,,1.0,8,1,p_gated_uniform,4,4077,8.190993159742353,40954.96579871177,0.8950193767280329,1.0,1.0,1.0,0.0
manufacturing|machine_speed|5|factory/line1/processing/machine9/machine_speed,manufacturing,machine_speed,static,5,factory/line1/processing/machine9/machine_speed,1,5000.0,1,,1.0,8,1,p_gated_uniform,5,5077,8.247843135341256,41239.21567670629,0.9545321070123588,1.0,1.0,1.0,0.0
manufacturing|quality|1|factory,manufacturing,quality,static,1,factory,10,10.0,1,,1.0,8,1,p_gated_uniform,0,77,0.7507425833091286,7.507425833091285,0.7939118161127998,1.0,0.1,10.0,0.0
manufacturing|quality|1|factory,manufacturing,quality,static,1,factory,10,10.0,1,,1.0,8,1,p_gated_uniform,1,1077,0.8092036662215458,8.092036662215458,1.0392100406798244,1.0,0.1,10.0,0.0
manufacturing|quality|1|factory,manufacturing,quality,static,1,factory,10,10.0,1,,1.0,8,1,p_gated_uniform,2,2077,0.7642454176721907,7.642454176721907,0.8307709784906457,1.0,0.1,10.0,0.0
manufacturing|quality|1|factory,manufacturing,quality,static,1,factory,10,10.0,1,,1.0,8,1,p_gated_uniform,3,3077,0.8361086364770982,8.361086364770982,0.754036669973388,1.0,0.1,10.0,0.0
manufacturing|quality|1|factory,manufacturing,quality,static,1,factory,10,10.0,1,,1.0,8,1,p_gated_uniform,4,4077,0.8190993159742354,8.190993159742353,0.8950018352886796,1.0,0.1,10.0,0.0
manufacturing|quality|1|factory,manufacturing,quality,static,1,factory,10,10.0,1,,1.0,8,1,p_gated_uniform,5,5077,0.8247843135341256,8.247843135341256,0.9678231026863032,1.0,0.1,10.0,0.0
manufacturing|quality|2|factory/line1,manufacturing,quality,static,2,factory/line1,10,10.0,1,,1.0,8,1,p_gated_uniform,0,77,0.7507425833091286,7.507425833091285,0.7939118161127998,1.0,0.1,10.0,0.0
manufacturing|quality|2|factory/line1,manufacturing,quality,static,2,factory/line1,10,10.0,1,,1.0,8,1,p_gated_uniform,1,1077,0.8092036662215458,8.092036662215458,1.0392100406798244,1.0,0.1,10.0,0.0
manufacturing|quality|2|factory/line1,manufacturing,quality,static,2,factory/line1,10,10.0,1,,1.0,8,1,p_gated_uniform,2,2077,0.7642454176721907,7.642454176721907,0.8307709784906457,1.0,0.1,10.0,0.0
manufacturing|quality|2|factory/line1,manufacturing,quality,static,2,factory/line1,10,10.0,1,,1.0,8,1,p_gated_uniform,3,3077,0.8361086364770982,8.361086364770982,0.754036669973388,1.0,0.1,10.0,0.0
manufacturing|quality|2|factory/line1,manufacturing,quality,static,2,factory/line1,10,10.0,1,,1.0,8,1,p_gated_uniform,4,4077,0.8190993159742354,8.190993159742353,0.8950018352886796,1.0,0.1,10.0,0.0
manufacturing|quality|2|factory/line1,manufacturing,quality,static,2,factory/line1,10,10.0,1,,1.0,8,1,p_gated_uniform,5,5077,0.8247843135341256,8.247843135341256,0.9678231026863032,1.0,0.1,10.0,0.0
manufacturing|quality|3|factory/line1/sorting,manufacturing,quality,static,3,factory/line1/sorting,3,10.0,1,,1.0,8,1,p_gated_uniform,0,77,2.502475277697095,25.024752776970956,0.7984207721561816,1.0,0.3333333333333332,3.0,0.0
manufacturing|quality|3|factory/line1/sorting,manufacturing,quality,static,3,factory/line1/sorting,3,10.0,1,,1.0,8,1,p_gated_uniform,1,1077,2.697345554071819,26.97345554071819,1.0392298039996708,1.0,0.3333333333333332,3.0,0.0
manufacturing|quality|3|factory/line1/sorting,manufacturing,quality,static,3,factory/line1/sorting,3,10.0,1,,1.0,8,1,p_gated_uniform,2,2077,2.5474847255739688,25.47484725573969,0.8354339163693247,1.0,0.3333333333333332,3.0,0.0
manufacturing|quality|3|factory/line1/sorting,manufacturing,quality,static,3,factory/line1/sorting,3,10.0,1,,1.0,8,1,p_gated_uniform,3,3077,2.787028788256994,27.87028788256994,0.7646559980118925,1.0,0.3333333333333332,3.0,0.0
manufacturing|quality|3|factory/line1/sorting,manufacturing,quality,static,3,factory/line1/sorting,3,10.0,1,,1.0,8,1,p_gated_uniform,4,4077,2.7303310532474514,27.303310532474512,0.8875748310706437,1.0,0.3333333333333332,3.0,0.0
manufacturing|quality|3|factory/line1/sorting,manufacturing,quality,static,3,factory/line1/sorting,3,10.0,1,,1.0,8,1,p_gated_uniform,5,5077,2.749281045113752,27.49281045113752,0.9545529652225716,1.0,0.3333333333333332,3.0,0.0
manufacturing|quality|3|factory/line1/processing,manufacturing,quality,static,3,factory/line1/processing,3,10.0,1,,1.0,8,1,p_gated_uniform,0,77,2.502475277697095,25.024752776970956,0.8006719638371511,1.0,0.3333333333333332,3.0,0.0
manufacturing|quality|3|factory/line1/processing,manufacturing,quality,static,3,factory/line1/processing,3,10.0,1,,1.0,8,1,p_gated_uniform,1,1077,2.697345554071819,26.97345554071819,1.0536995985140911,1.0,0.3333333333333332,3.0,0.0
manufacturing|quality|3|factory/line1/processing,manufacturing,quality,static,3,factory/line1/processing,3,10.0,1,,1.0,8,1,p_gated_uniform,2,2077,2.5474847255739688,25.47484725573969,0.8307606743357413,1.0,0.3333333333333332,3.0,0.0
manufacturing|quality|3|factory/line1/processing,manufacturing,quality,static,3,factory/line1/processing,3,10.0,1,,1.0,8,1,p_gated_uniform,3,3077,2.7870287882569937,27.870287882569936,0.7668405878092025,1.0,0.3333333333333332,3.0,0.0
manufacturing|quality|3|factory/line1/processing,manufacturing,quality,static,3,factory/line1/processing,3,10.0,1,,1.0,8,1,p_gated_uniform,4,4077,2.7303310532474514,27.303310532474512,0.8950227954007938,1.0,0.3333333333333332,3.0,0.0
manufacturing|quality|3|factory/line1/processing,manufacturing,quality,static,3,factory/line1/processing,3,10.0,1,,1.0,8,1,p_gated_uniform,5,5077,2.749281045113752,27.49281045113752,0.9624875714577928,1.0,0.3333333333333332,3.0,0.0
manufacturing|quality|3|factory/line1/warehouse,manufacturing,quality,static,3,factory/line1/warehouse,2,10.0,1,,1.0,8,1,p_gated_uniform,0,77,3.753712916545644,37.53712916545644,0.8052053311667595,1.0,0.5,2.0,0.0
manufacturing|quality|3|factory/line1/warehouse,manufacturing,quality,static,3,factory/line1/warehouse,2,10.0,1,,1.0,8,1,p_gated_uniform,1,1077,4.046018331107729,40.46018331107729,1.04787992857824,1.0,0.5,2.0,0.0
manufacturing|quality|3|factory/line1/warehouse,manufacturing,quality,static,3,factory/line1/warehouse,2,10.0,1,,1.0,8,1,p_gated_uniform,2,2077,3.821227088360954,38.21227088360954,0.837789341008609,1.0,0.5,2.0,0.0
manufacturing|quality|3|factory/line1/warehouse,manufacturing,quality,static,3,factory/line1/warehouse,2,10.0,1,,1.0,8,1,p_gated_uniform,3,3077,4.180543182385491,41.80543182385491,0.7646561792075465,1.0,0.5,2.0,0.0
manufacturing|quality|3|factory/line1/warehouse,manufacturing,quality,static,3,factory/line1/warehouse,2,10.0,1,,1.0,8,1,p_gated_uniform,4,4077,4.095496579871177,40.95496579871177,0.8975130728701055,1.0,0.5,2.0,0.0
manufacturing|quality|3|factory/line1/warehouse,manufacturing,quality,static,3,factory/line1/warehouse,2,10.0,1,,1.0,8,1,p_gated_uniform,5,5077,4.123921567670629,41.23921567670629,0.9598306671089104,1.0,0.5,2.0,0.0
manufacturing|quality|3|factory/line1/robotics,manufacturing,quality,static,3,factory/line1/robotics,2,10.0,1,,1.0,8,1,p_gated_uniform,0,77,3.753712916545642,37.53712916545643,0.8029348497489831,1.0,0.5,2.0,0.0
manufacturing|quality|3|factory/line1/robotics,manufacturing,quality,static,3,factory/line1/robotics,2,10.0,1,,1.0,8,1,p_gated_uniform,1,1077,4.046018331107729,40.46018331107729,1.0420957873345966,1.0,0.5,2.0,0.0
manufacturing|quality|3|factory/line1/robotics,manufacturing,quality,static,3,factory/line1/robotics,2,10.0,1,,1.0,8,1,p_gated_uniform,2,2077,3.821227088360954,38.21227088360954,0.84247925669366,1.0,0.5,2.0,0.0
manufacturing|quality|3|factory/line1/robotics,manufacturing,quality,static,3,factory/line1/robotics,2,10.0,1,,1.0,8,1,p_gated_uniform,3,3077,4.180543182385491,41.80543182385491,0.7668403799091899,1.0,0.5,2.0,0.0
manufacturing|quality|3|factory/line1/robotics,manufacturing,quality,static,3,factory/line1/robotics,2,10.0,1,,1.0,8,1,p_gated_uniform,4,4077,4.095496579871177,40.95496579871177,0.8950276172203215,1.0,0.5,2.0,0.0
manufacturing|quality|3|factory/line1/robotics,manufacturing,quality,static,3,factory/line1/robotics,2,10.0,1,,1.0,8,1,p_gated_uniform,5,5077,4.123921567670629,41.23921567670629,0.959828662737634,1.0,0.5,2.0,0.0
manufacturing|quality|4|factory/line1/sorting/machine0,manufacturing,quality,static,4,factory/line1/sorting/machine0,1,10.0,1,,1.0,8,1,p_gated_uniform,0,77,7.507425833091285,75.07425833091285,0.8052083317775939,1.0,1.0,1.0,0.0
manufacturing|quality|4|factory/line1/sorting/machine0,manufacturing,quality,static,4,factory/line1/sorting/machine0,1,10.0,1,,1.0,8,1,p_gated_uniform,1,1077,8.092036662215458,80.92036662215457,1.0450002311490467,1.0,1.0,1.0,0.0
manufacturing|quality|4|factory/line1/sorting/machine0,manufacturing,quality,static,4,factory/line1/sorting/machine0,1,10.0,1,,1.0,8,1,p_gated_uniform,2,2077,7.642454176721908,76.42454176721908,0.8331069719982518,1.0,1.0,1.0,0.0
manufacturing|quality|4|factory/line1/sorting/machine0,manufacturing,quality,static,4,factory/line1/sorting/machine0,1,10.0,1,,1.0,8,1,p_gated_uniform,3,3077,8.361086364770982,83.61086364770982,0.7712230285947046,1.0,1.0,1.0,0.0
manufacturing|quality|4|factory/line1/sorting/machine0,manufacturing,quality,static,4,factory/line1/sorting/machine0,1,10.0,1,,1.0,8,1,p_gated_uniform,4,4077,8.190993159742353,81.90993159742354,0.8925402439755001,1.0,1.0,1.0,0.0
manufacturing|quality|4|factory/line1/sorting/machine0,manufacturing,quality,static,4,factory/line1/sorting/machine0,1,10.0,1,,1.0,8,1,p_gated_uniform,5,5077,8.247843135341258,82.47843135341257,0.9519147327099924,1.0,1.0,1.0,0.0
manufacturing|quality|4|factory/line1/processing/machine1,manufacturing,quality,static,4,factory/line1/processing/machine1,1,10.0,1,,1.0,8,1,p_gated_uniform,0,77,7.507425833091285,75.07425833091285,0.8006702557950277,1.0,1.0,1.0,0.0
manufacturing|quality|4|factory/line1/processing/machine1,manufacturing,quality,static,4,factory/line1/processing/machine1,1,10.0,1,,1.0,8,1,p_gated_uniform,1,1077,8.092036662215458,80.92036662215457,1.0507909498991108,1.0,1.0,1.0,0.0
manufacturing|quality|4|factory/line1/processing/machine1,manufacturing,quality,static,4,factory/line1/processing/machine1,1,10.0,1,,1.0,8,1,p_gated_uniform,2,2077,7.642454176721908,76.42454176721908,0.8288093912009317,1.0,1.0,1.0,0.0
manufacturing|quality|4|factory/line1/processing/machine1,manufacturing,quality,static,4,factory/line1/processing/machine1,1,10.0,1,,1.0,8,1,p_gated_uniform,3,3077,8.361086364770982,83.61086364770982,0.7712277914211044,1.0,1.0,1.0,0.0
manufacturing|quality|4|factory/line1/processing/machine1,manufacturing,quality,static,4,factory/line1/processing/machine1,1,10.0,1,,1.0,8,1,p_gated_uniform,4,4077,8.190993159742353,81.90993159742354,0.8950025496778999,1.0,1.0,1.0,0.0
manufacturing|quality|4|factory/line1/processing/machine1,manufacturing,quality,static,4,factory/line1/processing/machine1,1,10.0,1,,1.0,8,1,p_gated_uniform,5,5077,8.247843135341258,82.47843135341257,0.9545500538735304,1.0,1.0,1.0,0.0
manufacturing|quality|4|factory/line1/warehouse/machine2,manufacturing,quality,static,4,factory/line1/warehouse/machine2,1,10.0,1,,1.0,8,1,p_gated_uniform,0,77,7.507425833091285,75.07425833091285,0.8029366795052619,1.0,1.0,1.0,0.0
manufacturing|quality|4|factory/line1/warehouse/machine2,manufacturing,quality,static,4,factory/line1/warehouse/machine2,1,10.0,1,,1.0,8,1,p_gated_uniform,1,1077,8.092036662215458,80.92036662215457,1.0478830411790427,1.0,1.0,1.0,0.0
manufacturing|quality|4|factory/line1/warehouse/machine2,manufacturing,quality,static,4,factory/line1/warehouse/machine2,1,10.0,1,,1.0,8,1,p_gated_uniform,2,2077,7.642454176721908,76.42454176721908,0.8307731024477075,1.0,1.0,1.0,0.0
manufacturing|quality|4|factory/line1/warehouse/machine2,manufacturing,quality,static,4,factory/line1/warehouse/machine2,1,10.0,1,,1.0,8,1,p_gated_uniform,3,3077,8.361086364770982,83.61086364770982,0.7646609277372234,1.0,1.0,1.0,0.0
manufacturing|quality|4|factory/line1/warehouse/machine2,manufacturing,quality,static,4,factory/line1/warehouse/machine2,1,10.0,1,,1.0,8,1,p_gated_uniform,4,4077,8.190993159742353,81.90993159742354,0.8975130728701055,1.0,1.0,1.0,0.0
manufacturing|quality|4|factory/line1/warehouse/machine2,manufacturing,quality,static,4,factory/line1/warehouse/machine2,1,10.0,1,,1.0,8,1,p_gated_uniform,5,5077,8.247843135341258,82.47843135341257,0.957179297727194,1.0,1.0,1.0,0.0
manufacturing|quality|4|factory/line1/robotics/machine3,manufacturing,quality,static,4,factory/line1/robotics/machine3,1,10.0,1,,1.0,8,1,p_gated_uniform,0,77,7.507425833091285,75.07425833091285,0.8074814476949214,1.0,1.0,1.0,0.0
manufacturing|quality|4|factory/line1/robotics/machine3,manufacturing,quality,static,4,factory/line1/robotics/machine3,1,10.0,1,,1.0,8,1,p_gated_uniform,1,1077,8.092036662215458,80.92036662215457,1.044984425833688,1.0,1.0,1.0,0.0
manufacturing|quality|4|factory/line1/robotics/machine3,manufacturing,quality,static,4,factory/line1/robotics/machine3,1,10.0,1,,1.0,8,1,p_gated_uniform,2,2077,7.642454176721908,76.42454176721908,0.8401213638608646,1.0,1.0,1.0,0.0
manufacturing|quality|4|factory/line1/robotics/machine3,manufacturing,quality,static,4,factory/line1/robotics/machine3,1,10.0,1,,1.0,8,1,p_gated_uniform,3,3077,8.361086364770982,83.61086364770982,0.7756253831951344,1.0,1.0,1.0,0.0
manufacturing|quality|4|factory/line1/robotics/machine3,manufacturing,quality,static,4,factory/line1/robotics/machine3,1,10.0,1,,1.0,8,1,p_gated_uniform,4,4077,8.190993159742353,81.90993159742354,0.9000178683631693,1.0,1.0,1.0,0.0
manufacturing|quality|4|factory/line1/robotics/machine3,manufacturing,quality,static,4,factory/line1/robotics/machine3,1,10.0,1,,1.0,8,1,p_gated_uniform,5,5077,8.247843135341258,82.47843135341257,0.95717637602911,1.0,1.0,1.0,0.0
manufacturing|quality|4|factory/line1/sorting/machine4,manufacturing,quality,static,4,factory/line1/sorting/machine4,1,10.0,1,,1.0,8,1,p_gated_uniform,0,77,7.507425833091285,75.07425833091285,0.8074834415034045,1.0,1.0,1.0,0.0
manufacturing|quality|4|factory/line1/sorting/machine4,manufacturing,quality,static,4,factory/line1/sorting/machine4,1,10.0,1,,1.0,8,1,p_gated_uniform,1,1077,8.092036662215458,80.92036662215457,1.044984425833688,1.0,1.0,1.0,0.0
manufacturing|quality|4|factory/line1/sorting/machine4,manufacturing,quality,static,4,factory/line1/sorting/machine4,1,10.0,1,,1.0,8,1,p_gated_uniform,2,2077,7.642454176721907,76.42454176721907,0.8401251380530915,1.0,1.0,1.0,0.0
manufacturing|quality|4|factory/line1/sorting/machine4,manufacturing,quality,static,4,factory/line1/sorting/machine4,1,10.0,1,,1.0,8,1,p_gated_uniform,3,3077,8.361086364770982,83.61086364770982,0.7646607174819228,1.0,1.0,1.0,0.0
manufacturing|quality|4|factory/line1/sorting/machine4,manufacturing,quality,static,4,factory/line1/sorting/machine4,1,10.0,1,,1.0,8,1,p_gated_uniform,4,4077,8.190993159742353,81.90993159742354,0.8950196711660015,1.0,1.0,1.0,0.0
manufacturing|quality|4|factory/line1/sorting/machine4,manufacturing,quality,static,4,factory/line1/sorting/machine4,1,10.0,1,,1.0,8,1,p_gated_uniform,5,5077,8.247843135341258,82.47843135341257,0.9545326588852774,1.0,1.0,1.0,0.0
manufacturing|quality|4|factory/line1/processing/machine5,manufacturing,quality,static,4,factory/line1/processing/machine5,1,10.0,1,,1.0,8,1,p_gated_uniform,0,77,7.507425833091285,75.07425833091285,0.8029432987512464,1.0,1.0,1.0,0.0
manufacturing|quality|4|factory/line1/processing/machine5,manufacturing,quality,static,4,factory/line1/processing/machine5,1,10.0,1,,1.0,8,1,p_gated_uniform,1,1077,8.092036662215458,80.92036662215457,1.0507854824428964,1.0,1.0,1.0,0.0
manufacturing|quality|4|factory/line1/processing/machine5,manufacturing,quality,static,4,factory/line1/processing/machine5,1,10.0,1,,1.0,8,1,p_gated_uniform,2,2077,7.642454176721908,76.42454176721908,0.8330926531829415,1.0,1.0,1.0,0.0
manufacturing|quality|4|factory/line1/processing/machine5,manufacturing,quality,static,4,factory/line1/processing/machine5,1,10.0,1,,1.0,8,1,p_gated_uniform,3,3077,8.361086364770982,83.61086364770982,0.762481296331877,1.0,1.0,1.0,0.0
manufacturing|quality|4|factory/line1/processing/machine5,manufacturing,quality,static,4,factory/line1/processing/machine5,1,10.0,1,,1.0,8,1,p_gated_uniform,4,4077,8.190993159742353,81.90993159742354,0.8950210703704904,1.0,1.0,1.0,0.0
manufacturing|quality|4|factory/line1/processing/machine5,manufacturing,quality,static,4,factory/line1/processing/machine5,1,10.0,1,,1.0,8,1,p_gated_uniform,5,5077,8.247843135341258,82.47843135341257,0.962484207566887,1.0,1.0,1.0,0.0
manufacturing|quality|4|factory/line1/warehouse/machine6,manufacturing,quality,static,4,factory/line1/warehouse/machine6,1,10.0,1,,1.0,8,1,p_gated_uniform,0,77,7.507425833091285,75.07425833091285,0.8029372346173581,1.0,1.0,1.0,0.0
manufacturing|quality|4|factory/line1/warehouse/machine6,manufacturing,quality,static,4,factory/line1/warehouse/machine6,1,10.0,1,,1.0,8,1,p_gated_uniform,1,1077,8.092036662215458,80.92036662215457,1.044978171072679,1.0,1.0,1.0,0.0
manufacturing|quality|4|factory/line1/warehouse/machine6,manufacturing,quality,static,4,factory/line1/warehouse/machine6,1,10.0,1,,1.0,8,1,p_gated_uniform,2,2077,7.642454176721908,76.42454176721908,0.8428563658644025,1.0,1.0,1.0,0.0
manufacturing|quality|4|factory/line1/warehouse/machine6,manufacturing,quality,static,4,factory/line1/warehouse/machine6,1,10.0,1,,1.0,8,1,p_gated_uniform,3,3077,8.361086364770982,83.61086364770982,0.7668402597524182,1.0,1.0,1.0,0.0
manufacturing|quality|4|factory/line1/warehouse/machine6,manufacturing,quality,static,4,factory/line1/warehouse/machine6,1,10.0,1,,1.0,8,1,p_gated_uniform,4,4077,8.190993159742353,81.90993159742354,0.8950221152299092,1.0,1.0,1.0,0.0
manufacturing|quality|4|factory/line1/warehouse/machine6,manufacturing,quality,static,4,factory/line1/warehouse/machine6,1,10.0,1,,1.0,8,1,p_gated_uniform,5,5077,8.247843135341258,82.47843135341257,0.9545345457576768,1.0,1.0,1.0,0.0
manufacturing|quality|4|factory/line1/robotics/machine7,manufacturing,quality,static,4,factory/line1/robotics/machine7,1,10.0,1,,1.0,8,1,p_gated_uniform,0,77,7.507425833091285,75.07425833091285,0.8006734237868997,1.0,1.0,1.0,0.0
manufacturing|quality|4|factory/line1/robotics/machine7,manufacturing,quality,static,4,factory/line1/robotics/machine7,1,10.0,1,,1.0,8,1,p_gated_uniform,1,1077,8.092036662215458,80.92036662215457,1.0449836195221531,1.0,1.0,1.0,0.0
manufacturing|quality|4|factory/line1/robotics/machine7,manufacturing,quality,static,4,factory/line1/robotics/machine7,1,10.0,1,,1.0,8,1,p_gated_uniform,2,2077,7.642454176721908,76.42454176721908,0.8424716953716288,1.0,1.0,1.0,0.0
manufacturing|quality|4|factory/line1/robotics/machine7,manufacturing,quality,static,4,factory/line1/robotics/machine7,1,10.0,1,,1.0,8,1,p_gated_uniform,3,3077,8.361086364770982,83.61086364770982,0.7712231474412397,1.0,1.0,1.0,0.0
manufacturing|quality|4|factory/line1/robotics/machine7,manufacturing,quality,static,4,factory/line1/robotics/machine7,1,10.0,1,,1.0,8,1,p_gated_uniform,4,4077,8.190993159742353,81.90993159742354,0.8975196065689083,1.0,1.0,1.0,0.0
manufacturing|quality|4|factory/line1/robotics/machine7,manufacturing,quality,static,4,factory/line1/robotics/machine7,1,10.0,1,,1.0,8,1,p_gated_uniform,5,5077,8.247843135341258,82.47843135341257,0.9545321070123588,1.0,1.0,1.0,0.0
manufacturing|quality|4|factory/line1/sorting/machine8,manufacturing,quality,static,4,factory/line1/sorting/machine8,1,10.0,1,,1.0,8,1,p_gated_uniform,0,77,7.507425833091285,75.07425833091285,0.800678569236129,1.0,1.0,1.0,0.0
manufacturing|quality|4|factory/line1/sorting/machine8,manufacturing,quality,static,4,factory/line1/sorting/machine8,1,10.0,1,,1.0,8,1,p_gated_uniform,1,1077,8.092036662215458,80.92036662215457,1.0508130727677736,1.0,1.0,1.0,0.0
manufacturing|quality|4|factory/line1/sorting/machine8,manufacturing,quality,static,4,factory/line1/sorting/machine8,1,10.0,1,,1.0,8,1,p_gated_uniform,2,2077,7.642454176721908,76.42454176721908,0.8354444467235164,1.0,1.0,1.0,0.0
manufacturing|quality|4|factory/line1/sorting/machine8,manufacturing,quality,static,4,factory/line1/sorting/machine8,1,10.0,1,,1.0,8,1,p_gated_uniform,3,3077,8.361086364770982,83.61086364770982,0.764656073502058,1.0,1.0,1.0,0.0
manufacturing|quality|4|factory/line1/sorting/machine8,manufacturing,quality,static,4,factory/line1/sorting/machine8,1,10.0,1,,1.0,8,1,p_gated_uniform,4,4077,8.190993159742353,81.90993159742354,0.8975196065689083,1.0,1.0,1.0,0.0
manufacturing|quality|4|factory/line1/sorting/machine8,manufacturing,quality,static,4,factory/line1/sorting/machine8,1,10.0,1,,1.0,8,1,p_gated_uniform,5,5077,8.247843135341258,82.47843135341257,0.9545321070123588,1.0,1.0,1.0,0.0
manufacturing|quality|4|factory/line1/processing/machine9,manufacturing,quality,static,4,factory/line1/processing/machine9,1,10.0,1,,1.0,8,1,p_gated_uniform,0,77,7.507425833091285,75.07425833091285,0.8006754790239533,1.0,1.0,1.0,0.0
manufacturing|quality|4|factory/line1/processing/machine9,manufacturing,quality,static,4,factory/line1/processing/machine9,1,10.0,1,,1.0,8,1,p_gated_uniform,1,1077,8.092036662215458,80.92036662215457,1.0478965402051332,1.0,1.0,1.0,0.0
manufacturing|quality|4|factory/line1/processing/machine9,manufacturing,quality,static,4,factory/line1/processing/machine9,1,10.0,1,,1.0,8,1,p_gated_uniform,2,2077,7.642454176721908,76.42454176721908,0.8377629187202165,1.0,1.0,1.0,0.0
manufacturing|quality|4|factory/line1/processing/machine9,manufacturing,quality,static,4,factory/line1/processing/machine9,1,10.0,1,,1.0,8,1,p_gated_uniform,3,3077,8.361086364770982,83.61086364770982,0.7646559980118925,1.0,1.0,1.0,0.0
manufacturing|quality|4|factory/line1/processing/machine9,manufacturing,quality,static,4,factory/line1/processing/machine9,1,10.0,1,,1.0,8,1,p_gated_uniform,4,4077,8.190993159742353,81.90993159742354,0.9000079653167268,1.0,1.0,1.0,0.0
manufacturing|quality|4|factory/line1/processing/machine9,manufacturing,quality,static,4,factory/line1/processing/machine9,1,10.0,1,,1.0,8,1,p_gated_uniform,5,5077,8.247843135341258,82.47843135341257,0.9571774056969652,1.0,1.0,1.0,0.0
manufacturing|quality|5|factory/line1/sorting/machine0/quality,manufacturing,quality,static,5,factory/line1/sorting/machine0/quality,1,10.0,1,,1.0,8,1,p_gated_uniform,0,77,7.507425833091285,75.07425833091285,0.8052083317775939,1.0,1.0,1.0,0.0
manufacturing|quality|5|factory/line1/sorting/machine0/quality,manufacturing,quality,static,5,factory/line1/sorting/machine0/quality,1,10.0,1,,1.0,8,1,p_gated_uniform,1,1077,8.092036662215458,80.92036662215457,1.0450002311490467,1.0,1.0,1.0,0.0
manufacturing|quality|5|factory/line1/sorting/machine0/quality,manufacturing,quality,static,5,factory/line1/sorting/machine0/quality,1,10.0,1,,1.0,8,1,p_gated_uniform,2,2077,7.642454176721908,76.42454176721908,0.8331069719982518,1.0,1.0,1.0,0.0
manufacturing|quality|5|factory/line1/sorting/machine0/quality,manufacturing,quality,static,5,factory/line1/sorting/machine0/quality,1,10.0,1,,1.0,8,1,p_gated_uniform,3,3077,8.361086364770982,83.61086364770982,0.7712230285947046,1.0,1.0,1.0,0.0
manufacturing|quality|5|factory/line1/sorting/machine0/quality,manufacturing,quality,static,5,factory/line1/sorting/machine0/quality,1,10.0,1,,1.0,8,1,p_gated_uniform,4,4077,8.190993159742353,81.90993159742354,0.8925402439755001,1.0,1.0,1.0,0.0
manufacturing|quality|5|factory/line1/sorting/machine0/quality,manufacturing,quality,static,5,factory/line1/sorting/machine0/quality,1,10.0,1,,1.0,8,1,p_gated_uniform,5,5077,8.247843135341258,82.47843135341257,0.9519147327099924,1.0,1.0,1.0,0.0
manufacturing|quality|5|factory/line1/processing/machine1/quality,manufacturing,quality,static,5,factory/line1/processing/machine1/quality,1,10.0,1,,1.0,8,1,p_gated_uniform,0,77,7.507425833091285,75.07425833091285,0.8006702557950277,1.0,1.0,1.0,0.0
manufacturing|quality|5|factory/line1/processing/machine1/quality,manufacturing,quality,static,5,factory/line1/processing/machine1/quality,1,10.0,1,,1.0,8,1,p_gated_uniform,1,1077,8.092036662215458,80.92036662215457,1.0507909498991108,1.0,1.0,1.0,0.0
manufacturing|quality|5|factory/line1/processing/machine1/quality,manufacturing,quality,static,5,factory/line1/processing/machine1/quality,1,10.0,1,,1.0,8,1,p_gated_uniform,2,2077,7.642454176721908,76.42454176721908,0.8288093912009317,1.0,1.0,1.0,0.0
manufacturing|quality|5|factory/line1/processing/machine1/quality,manufacturing,quality,static,5,factory/line1/processing/machine1/quality,1,10.0,1,,1.0,8,1,p_gated_uniform,3,3077,8.361086364770982,83.61086364770982,0.7712277914211044,1.0,1.0,1.0,0.0
manufacturing|quality|5|factory/line1/processing/machine1/quality,manufacturing,quality,static,5,factory/line1/processing/machine1/quality,1,10.0,1,,1.0,8,1,p_gated_uniform,4,4077,8.190993159742353,81.90993159742354,0.8950025496778999,1.0,1.0,1.0,0.0
manufacturing|quality|5|factory/line1/processing/machine1/quality,manufacturing,quality,static,5,factory/line1/processing/machine1/quality,1,10.0,1,,1.0,8,1,p_gated_uniform,5,5077,8.247843135341258,82.47843135341257,0.9545500538735304,1.0,1.0,1.0,0.0
manufacturing|quality|5|factory/line1/warehouse/machine2/quality,manufacturing,quality,static,5,factory/line1/warehouse/machine2/quality,1,10.0,1,,1.0,8,1,p_gated_uniform,0,77,7.507425833091285,75.07425833091285,0.8029366795052619,1.0,1.0,1.0,0.0
manufacturing|quality|5|factory/line1/warehouse/machine2/quality,manufacturing,quality,static,5,factory/line1/warehouse/machine2/quality,1,10.0,1,,1.0,8,1,p_gated_uniform,1,1077,8.092036662215458,80.92036662215457,1.0478830411790427,1.0,1.0,1.0,0.0
manufacturing|quality|5|factory/line1/warehouse/machine2/quality,manufacturing,quality,static,5,factory/line1/warehouse/machine2/quality,1,10.0,1,,1.0,8,1,p_gated_uniform,2,2077,7.642454176721908,76.42454176721908,0.8307731024477075,1.0,1.0,1.0,0.0
manufacturing|quality|5|factory/line1/warehouse/machine2/quality,manufacturing,quality,static,5,factory/line1/warehouse/machine2/quality,1,10.0,1,,1.0,8,1,p_gated_uniform,3,3077,8.361086364770982,83.61086364770982,0.7646609277372234,1.0,1.0,1.0,0.0
manufacturing|quality|5|factory/line1/warehouse/machine2/quality,manufacturing,quality,static,5,factory/line1/warehouse/machine2/quality,1,10.0,1,,1.0,8,1,p_gated_uniform,4,4077,8.190993159742353,81.90993159742354,0.8975130728701055,1.0,1.0,1.0,0.0
manufacturing|quality|5|factory/line1/warehouse/machine2/quality,manufacturing,quality,static,5,factory/line1/warehouse/machine2/quality,1,10.0,1,,1.0,8,1,p_gated_uniform,5,5077,8.247843135341258,82.47843135341257,0.957179297727194,1.0,1.0,1.0,0.0
manufacturing|quality|5|factory/line1/robotics/machine3/quality,manufacturing,quality,static,5,factory/line1/robotics/machine3/quality,1,10.0,1,,1.0,8,1,p_gated_uniform,0,77,7.507425833091285,75.07425833091285,0.8074814476949214,1.0,1.0,1.0,0.0
manufacturing|quality|5|factory/line1/robotics/machine3/quality,manufacturing,quality,static,5,factory/line1/robotics/machine3/quality,1,10.0,1,,1.0,8,1,p_gated_uniform,1,1077,8.092036662215458,80.92036662215457,1.044984425833688,1.0,1.0,1.0,0.0
manufacturing|quality|5|factory/line1/robotics/machine3/quality,manufacturing,quality,static,5,factory/line1/robotics/machine3/quality,1,10.0,1,,1.0,8,1,p_gated_uniform,2,2077,7.642454176721908,76.42454176721908,0.8401213638608646,1.0,1.0,1.0,0.0
manufacturing|quality|5|factory/line1/robotics/machine3/quality,manufacturing,quality,static,5,factory/line1/robotics/machine3/quality,1,10.0,1,,1.0,8,1,p_gated_uniform,3,3077,8.361086364770982,83.61086364770982,0.7756253831951344,1.0,1.0,1.0,0.0
manufacturing|quality|5|factory/line1/robotics/machine3/quality,manufacturing,quality,static,5,factory/line1/robotics/machine3/quality,1,10.0,1,,1.0,8,1,p_gated_uniform,4,4077,8.190993159742353,81.90993159742354,0.9000178683631693,1.0,1.0,1.0,0.0
manufacturing|quality|5|factory/line1/robotics/machine3/quality,manufacturing,quality,static,5,factory/line1/robotics/machine3/quality,1,10.0,1,,1.0,8,1,p_gated_uniform,5,5077,8.247843135341258,82.47843135341257,0.95717637602911,1.0,1.0,1.0,0.0
manufacturing|quality|5|factory/line1/sorting/machine4/quality,manufacturing,quality,static,5,factory/line1/sorting/machine4/quality,1,10.0,1,,1.0,8,1,p_gated_uniform,0,77,7.507425833091285,75.07425833091285,0.8074834415034045,1.0,1.0,1.0,0.0
manufacturing|quality|5|factory/line1/sorting/machine4/quality,manufacturing,quality,static,5,factory/line1/sorting/machine4/quality,1,10.0,1,,1.0,8,1,p_gated_uniform,1,1077,8.092036662215458,80.92036662215457,1.044984425833688,1.0,1.0,1.0,0.0
manufacturing|quality|5|factory/line1/sorting/machine4/quality,manufacturing,quality,static,5,factory/line1/sorting/machine4/quality,1,10.0,1,,1.0,8,1,p_gated_uniform,2,2077,7.642454176721907,76.42454176721907,0.8401251380530915,1.0,1.0,1.0,0.0
manufacturing|quality|5|factory/line1/sorting/machine4/quality,manufacturing,quality,static,5,factory/line1/sorting/machine4/quality,1,10.0,1,,1.0,8,1,p_gated_uniform,3,3077,8.361086364770982,83.61086364770982,0.7646607174819228,1.0,1.0,1.0,0.0
manufacturing|quality|5|factory/line1/sorting/machine4/quality,manufacturing,quality,static,5,factory/line1/sorting/machine4/quality,1,10.0,1,,1.0,8,1,p_gated_uniform,4,4077,8.190993159742353,81.90993159742354,0.8950196711660015,1.0,1.0,1.0,0.0
manufacturing|quality|5|factory/line1/sorting/machine4/quality,manufacturing,quality,static,5,factory/line1/sorting/machine4/quality,1,10.0,1,,1.0,8,1,p_gated_uniform,5,5077,8.247843135341258,82.47843135341257,0.9545326588852774,1.0,1.0,1.0,0.0
manufacturing|quality|5|factory/line1/processing/machine5/quality,manufacturing,quality,static,5,factory/line1/processing/machine5/quality,1,10.0,1,,1.0,8,1,p_gated_uniform,0,77,7.507425833091285,75.07425833091285,0.8029432987512464,1.0,1.0,1.0,0.0
manufacturing|quality|5|factory/line1/processing/machine5/quality,manufacturing,quality,static,5,factory/line1/processing/machine5/quality,1,10.0,1,,1.0,8,1,p_gated_uniform,1,1077,8.092036662215458,80.92036662215457,1.0507854824428964,1.0,1.0,1.0,0.0
manufacturing|quality|5|factory/line1/processing/machine5/quality,manufacturing,quality,static,5,factory/line1/processing/machine5/quality,1,10.0,1,,1.0,8,1,p_gated_uniform,2,2077,7.642454176721908,76.42454176721908,0.8330926531829415,1.0,1.0,1.0,0.0
manufacturing|quality|5|factory/line1/processing/machine5/quality,manufacturing,quality,static,5,factory/line1/processing/machine5/quality,1,10.0,1,,1.0,8,1,p_gated_uniform,3,3077,8.361086364770982,83.61086364770982,0.762481296331877,1.0,1.0,1.0,0.0
manufacturing|quality|5|factory/line1/processing/machine5/quality,manufacturing,quality,static,5,factory/line1/processing/machine5/quality,1,10.0,1,,1.0,8,1,p_gated_uniform,4,4077,8.190993159742353,81.90993159742354,0.8950210703704904,1.0,1.0,1.0,0.0
manufacturing|quality|5|factory/line1/processing/machine5/quality,manufacturing,quality,static,5,factory/line1/processing/machine5/quality,1,10.0,1,,1.0,8,1,p_gated_uniform,5,5077,8.247843135341258,82.47843135341257,0.962484207566887,1.0,1.0,1.0,0.0
manufacturing|quality|5|factory/line1/warehouse/machine6/quality,manufacturing,quality,static,5,factory/line1/warehouse/machine6/quality,1,10.0,1,,1.0,8,1,p_gated_uniform,0,77,7.507425833091285,75.07425833091285,0.8029372346173581,1.0,1.0,1.0,0.0
manufacturing|quality|5|factory/line1/warehouse/machine6/quality,manufacturing,quality,static,5,factory/line1/warehouse/machine6/quality,1,10.0,1,,1.0,8,1,p_gated_uniform,1,1077,8.092036662215458,80.92036662215457,1.044978171072679,1.0,1.0,1.0,0.0
manufacturing|quality|5|factory/line1/warehouse/machine6/quality,manufacturing,quality,static,5,factory/line1/warehouse/machine6/quality,1,10.0,1,,1.0,8,1,p_gated_uniform,2,2077,7.642454176721908,76.42454176721908,0.8428563658644025,1.0,1.0,1.0,0.0
manufacturing|quality|5|factory/line1/warehouse/machine6/quality,manufacturing,quality,static,5,factory/line1/warehouse/machine6/quality,1,10.0,1,,1.0,8,1,p_gated_uniform,3,3077,8.361086364770982,83.61086364770982,0.7668402597524182,1.0,1.0,1.0,0.0
manufacturing|quality|5|factory/line1/warehouse/machine6/quality,manufacturing,quality,static,5,factory/line1/warehouse/machine6/quality,1,10.0,1,,1.0,8,1,p_gated_uniform,4,4077,8.190993159742353,81.90993159742354,0.8950221152299092,1.0,1.0,1.0,0.0
manufacturing|quality|5|factory/line1/warehouse/machine6/quality,manufacturing,quality,static,5,factory/line1/warehouse/machine6/quality,1,10.0,1,,1.0,8,1,p_gated_uniform,5,5077,8.247843135341258,82.47843135341257,0.9545345457576768,1.0,1.0,1.0,0.0
manufacturing|quality|5|factory/line1/robotics/machine7/quality,manufacturing,quality,static,5,factory/line1/robotics/machine7/quality,1,10.0,1,,1.0,8,1,p_gated_uniform,0,77,7.507425833091285,75.07425833091285,0.8006734237868997,1.0,1.0,1.0,0.0
manufacturing|quality|5|factory/line1/robotics/machine7/quality,manufacturing,quality,static,5,factory/line1/robotics/machine7/quality,1,10.0,1,,1.0,8,1,p_gated_uniform,1,1077,8.092036662215458,80.92036662215457,1.0449836195221531,1.0,1.0,1.0,0.0
manufacturing|quality|5|factory/line1/robotics/machine7/quality,manufacturing,quality,static,5,factory/line1/robotics/machine7/quality,1,10.0,1,,1.0,8,1,p_gated_uniform,2,2077,7.642454176721908,76.42454176721908,0.8424716953716288,1.0,1.0,1.0,0.0
manufacturing|quality|5|factory/line1/robotics/machine7/quality,manufacturing,quality,static,5,factory/line1/robotics/machine7/quality,1,10.0,1,,1.0,8,1,p_gated_uniform,3,3077,8.361086364770982,83.61086364770982,0.7712231474412397,1.0,1.0,1.0,0.0
manufacturing|quality|5|factory/line1/robotics/machine7/quality,manufacturing,quality,static,5,factory/line1/robotics/machine7/quality,1,10.0,1,,1.0,8,1,p_gated_uniform,4,4077,8.190993159742353,81.90993159742354,0.8975196065689083,1.0,1.0,1.0,0.0
manufacturing|quality|5|factory/line1/robotics/machine7/quality,manufacturing,quality,static,5,factory/line1/robotics/machine7/quality,1,10.0,1,,1.0,8,1,p_gated_uniform,5,5077,8.247843135341258,82.47843135341257,0.9545321070123588,1.0,1.0,1.0,0.0
manufacturing|quality|5|factory/line1/sorting/machine8/quality,manufacturing,quality,static,5,factory/line1/sorting/machine8/quality,1,10.0,1,,1.0,8,1,p_gated_uniform,0,77,7.507425833091285,75.07425833091285,0.800678569236129,1.0,1.0,1.0,0.0
manufacturing|quality|5|factory/line1/sorting/machine8/quality,manufacturing,quality,static,5,factory/line1/sorting/machine8/quality,1,10.0,1,,1.0,8,1,p_gated_uniform,1,1077,8.092036662215458,80.92036662215457,1.0508130727677736,1.0,1.0,1.0,0.0
manufacturing|quality|5|factory/line1/sorting/machine8/quality,manufacturing,quality,static,5,factory/line1/sorting/machine8/quality,1,10.0,1,,1.0,8,1,p_gated_uniform,2,2077,7.642454176721908,76.42454176721908,0.8354444467235164,1.0,1.0,1.0,0.0
manufacturing|quality|5|factory/line1/sorting/machine8/quality,manufacturing,quality,static,5,factory/line1/sorting/machine8/quality,1,10.0,1,,1.0,8,1,p_gated_uniform,3,3077,8.361086364770982,83.61086364770982,0.764656073502058,1.0,1.0,1.0,0.0
manufacturing|quality|5|factory/line1/sorting/machine8/quality,manufacturing,quality,static,5,factory/line1/sorting/machine8/quality,1,10.0,1,,1.0,8,1,p_gated_uniform,4,4077,8.190993159742353,81.90993159742354,0.8975196065689083,1.0,1.0,1.0,0.0
manufacturing|quality|5|factory/line1/sorting/machine8/quality,manufacturing,quality,static,5,factory/line1/sorting/machine8/quality,1,10.0,1,,1.0,8,1,p_gated_uniform,5,5077,8.247843135341258,82.47843135341257,0.9545321070123588,1.0,1.0,1.0,0.0
manufacturing|quality|5|factory/line1/processing/machine9/quality,manufacturing,quality,static,5,factory/line1/processing/machine9/quality,1,10.0,1,,1.0,8,1,p_gated_uniform,0,77,7.507425833091285,75.07425833091285,0.8006754790239533,1.0,1.0,1.0,0.0
manufacturing|quality|5|factory/line1/processing/machine9/quality,manufacturing,quality,static,5,factory/line1/processing/machine9/quality,1,10.0,1,,1.0,8,1,p_gated_uniform,1,1077,8.092036662215458,80.92036662215457,1.0478965402051332,1.0,1.0,1.0,0.0
manufacturing|quality|5|factory/line1/processing/machine9/quality,manufacturing,quality,static,5,factory/line1/processing/machine9/quality,1,10.0,1,,1.0,8,1,p_gated_uniform,2,2077,7.642454176721908,76.42454176721908,0.8377629187202165,1.0,1.0,1.0,0.0
manufacturing|quality|5|factory/line1/processing/machine9/quality,manufacturing,quality,static,5,factory/line1/processing/machine9/quality,1,10.0,1,,1.0,8,1,p_gated_uniform,3,3077,8.361086364770982,83.61086364770982,0.7646559980118925,1.0,1.0,1.0,0.0
manufacturing|quality|5|factory/line1/processing/machine9/quality,manufacturing,quality,static,5,factory/line1/processing/machine9/quality,1,10.0,1,,1.0,8,1,p_gated_uniform,4,4077,8.190993159742353,81.90993159742354,0.9000079653167268,1.0,1.0,1.0,0.0
manufacturing|quality|5|factory/line1/processing/machine9/quality,manufacturing,quality,static,5,factory/line1/processing/machine9/quality,1,10.0,1,,1.0,8,1,p_gated_uniform,5,5077,8.247843135341258,82.47843135341257,0.9571774056969652,1.0,1.0,1.0,0.0
manufacturing|vibration|1|factory,manufacturing,vibration,static,1,factory,10,1.0,1,,1.0,8,1,p_gated_uniform,0,77,0.7507425833091286,0.7507425833091286,0.8052065769630137,1.0,0.1,10.0,0.0
manufacturing|vibration|1|factory,manufacturing,vibration,static,1,factory,10,1.0,1,,1.0,8,1,p_gated_uniform,1,1077,0.8092036662215457,0.8092036662215457,1.0566269416216596,1.0,0.1,10.0,0.0
manufacturing|vibration|1|factory,manufacturing,vibration,static,1,factory,10,1.0,1,,1.0,8,1,p_gated_uniform,2,2077,0.7642454176721908,0.7642454176721908,0.8311634125023454,1.0,0.1,10.0,0.0
manufacturing|vibration|1|factory,manufacturing,vibration,static,1,factory,10,1.0,1,,1.0,8,1,p_gated_uniform,3,3077,0.8361086364770981,0.8361086364770981,0.7668403799091899,1.0,0.1,10.0,0.0
manufacturing|vibration|1|factory,manufacturing,vibration,static,1,factory,10,1.0,1,,1.0,8,1,p_gated_uniform,4,4077,0.8190993159742355,0.8190993159742355,0.8975157868831034,1.0,0.1,10.0,0.0
manufacturing|vibration|1|factory,manufacturing,vibration,static,1,factory,10,1.0,1,,1.0,8,1,p_gated_uniform,5,5077,0.8247843135341256,0.8247843135341256,0.9545195166362028,1.0,0.1,10.0,0.0
manufacturing|vibration|2|factory/line1,manufacturing,vibration,static,2,factory/line1,10,1.0,1,,1.0,8,1,p_gated_uniform,0,77,0.7507425833091286,0.7507425833091286,0.8052065769630137,1.0,0.1,10.0,0.0
manufacturing|vibration|2|factory/line1,manufacturing,vibration,static,2,factory/line1,10,1.0,1,,1.0,8,1,p_gated_uniform,1,1077,0.8092036662215457,0.8092036662215457,1.0566269416216596,1.0,0.1,10.0,0.0
manufacturing|vibration|2|factory/line1,manufacturing,vibration,static,2,factory/line1,10,1.0,1,,1.0,8,1,p_gated_uniform,2,2077,0.7642454176721908,0.7642454176721908,0.8311634125023454,1.0,0.1,10.0,0.0
manufacturing|vibration|2|factory/line1,manufacturing,vibration,static,2,factory/line1,10,1.0,1,,1.0,8,1,p_gated_uniform,3,3077,0.8361086364770981,0.8361086364770981,0.7668403799091899,1.0,0.1,10.0,0.0
manufacturing|vibration|2|factory/line1,manufacturing,vibration,static,2,factory/line1,10,1.0,1,,1.0,8,1,p_gated_uniform,4,4077,0.8190993159742355,0.8190993159742355,0.8975157868831034,1.0,0.1,10.0,0.0
manufacturing|vibration|2|factory/line1,manufacturing,vibration,static,2,factory/line1,10,1.0,1,,1.0,8,1,p_gated_uniform,5,5077,0.8247843135341256,0.8247843135341256,0.9545195166362028,1.0,0.1,10.0,0.0
manufacturing|vibration|3|factory/line1/sorting,manufacturing,vibration,static,3,factory/line1/sorting,3,1.0,1,,1.0,8,1,p_gated_uniform,0,77,2.5024752776970955,2.5024752776970955,0.8052053311667595,1.0,0.3333333333333332,3.0,0.0
manufacturing|vibration|3|factory/line1/sorting,manufacturing,vibration,static,3,factory/line1/sorting,3,1.0,1,,1.0,8,1,p_gated_uniform,1,1077,2.6973455540718185,2.6973455540718185,1.0420871967842191,1.0,0.3333333333333332,3.0,0.0
manufacturing|vibration|3|factory/line1/sorting,manufacturing,vibration,static,3,factory/line1/sorting,3,1.0,1,,1.0,8,1,p_gated_uniform,2,2077,2.5474847255739688,2.5474847255739688,0.833086697438703,1.0,0.3333333333333332,3.0,0.0
manufacturing|vibration|3|factory/line1/sorting,manufacturing,vibration,static,3,factory/line1/sorting,3,1.0,1,,1.0,8,1,p_gated_uniform,3,3077,2.7870287882569937,2.7870287882569937,0.7603067249611816,1.0,0.3333333333333332,3.0,0.0
manufacturing|vibration|3|factory/line1/sorting,manufacturing,vibration,static,3,factory/line1/sorting,3,1.0,1,,1.0,8,1,p_gated_uniform,4,4077,2.7303310532474505,2.7303310532474505,0.900009641021909,1.0,0.3333333333333332,3.0,0.0
manufacturing|vibration|3|factory/line1/sorting,manufacturing,vibration,static,3,factory/line1/sorting,3,1.0,1,,1.0,8,1,p_gated_uniform,5,5077,2.749281045113752,2.749281045113752,0.9545321070123588,1.0,0.3333333333333332,3.0,0.0
manufacturing|vibration|3|factory/line1/processing,manufacturing,vibration,static,3,factory/line1/processing,3,1.0,1,,1.0,8,1,p_gated_uniform,0,77,2.5024752776970955,2.5024752776970955,0.8006737048047248,1.0,0.3333333333333332,3.0,0.0
manufacturing|vibration|3|factory/line1/processing,manufacturing,vibration,static,3,factory/line1/processing,3,1.0,1,,1.0,8,1,p_gated_uniform,1,1077,2.6973455540718185,2.6973455540718185,1.0566300636382435,1.0,0.3333333333333332,3.0,0.0
manufacturing|vibration|3|factory/line1/processing,manufacturing,vibration,static,3,factory/line1/processing,3,1.0,1,,1.0,8,1,p_gated_uniform,2,2077,2.5474847255739688,2.5474847255739688,0.8401397902051908,1.0,0.3333333333333332,3.0,0.0
manufacturing|vibration|3|factory/line1/processing,manufacturing,vibration,static,3,factory/line1/processing,3,1.0,1,,1.0,8,1,p_gated_uniform,3,3077,2.7870287882569937,2.7870287882569937,0.7690294118149186,1.0,0.3333333333333332,3.0,0.0
manufacturing|vibration|3|factory/line1/processing,manufacturing,vibration,static,3,factory/line1/processing,3,1.0,1,,1.0,8,1,p_gated_uniform,4,4077,2.7303310532474505,2.7303310532474505,0.8975054654280094,1.0,0.3333333333333332,3.0,0.0
manufacturing|vibration|3|factory/line1/processing,manufacturing,vibration,static,3,factory/line1/processing,3,1.0,1,,1.0,8,1,p_gated_uniform,5,5077,2.749281045113752,2.749281045113752,0.949289337865621,1.0,0.3333333333333332,3.0,0.0
manufacturing|vibration|3|factory/line1/warehouse,manufacturing,vibration,static,3,factory/line1/warehouse,2,1.0,1,,1.0,8,1,p_gated_uniform,0,77,3.753712916545643,3.753712916545643,0.798418997936953,1.0,0.5,2.0,0.0
manufacturing|vibration|3|factory/line1/warehouse,manufacturing,vibration,static,3,factory/line1/warehouse,2,1.0,1,,1.0,8,1,p_gated_uniform,1,1077,4.046018331107729,4.046018331107729,1.0507885950436997,1.0,0.5,2.0,0.0
manufacturing|vibration|3|factory/line1/warehouse,manufacturing,vibration,static,3,factory/line1/warehouse,2,1.0,1,,1.0,8,1,p_gated_uniform,2,2077,3.8212270883609536,3.8212270883609536,0.8354320186115501,1.0,0.5,2.0,0.0
manufacturing|vibration|3|factory/line1/warehouse,manufacturing,vibration,static,3,factory/line1/warehouse,2,1.0,1,,1.0,8,1,p_gated_uniform,3,3077,4.180543182385491,4.180543182385491,0.7712231474412397,1.0,0.5,2.0,0.0
manufacturing|vibration|3|factory/line1/warehouse,manufacturing,vibration,static,3,factory/line1/warehouse,2,1.0,1,,1.0,8,1,p_gated_uniform,4,4077,4.095496579871177,4.095496579871177,0.8950221152299092,1.0,0.5,2.0,0.0
manufacturing|vibration|3|factory/line1/warehouse,manufacturing,vibration,static,3,factory/line1/warehouse,2,1.0,1,,1.0,8,1,p_gated_uniform,5,5077,4.123921567670628,4.123921567670628,0.9519118673127556,1.0,0.5,2.0,0.0
manufacturing|vibration|3|factory/line1/robotics,manufacturing,vibration,static,3,factory/line1/robotics,2,1.0,1,,1.0,8,1,p_gated_uniform,0,77,3.753712916545643,3.753712916545643,0.8029384274221729,1.0,0.5,2.0,0.0
manufacturing|vibration|3|factory/line1/robotics,manufacturing,vibration,static,3,factory/line1/robotics,2,1.0,1,,1.0,8,1,p_gated_uniform,1,1077,4.046018331107729,4.046018331107729,1.0537042733867088,1.0,0.5,2.0,0.0
manufacturing|vibration|3|factory/line1/robotics,manufacturing,vibration,static,3,factory/line1/robotics,2,1.0,1,,1.0,8,1,p_gated_uniform,2,2077,3.8212270883609536,3.8212270883609536,0.8330926531829415,1.0,0.5,2.0,0.0
manufacturing|vibration|3|factory/line1/robotics,manufacturing,vibration,static,3,factory/line1/robotics,2,1.0,1,,1.0,8,1,p_gated_uniform,3,3077,4.180543182385491,4.180543182385491,0.7690294118149186,1.0,0.5,2.0,0.0
manufacturing|vibration|3|factory/line1/robotics,manufacturing,vibration,static,3,factory/line1/robotics,2,1.0,1,,1.0,8,1,p_gated_uniform,4,4077,4.095496579871177,4.095496579871177,0.8950254845775489,1.0,0.5,2.0,0.0
manufacturing|vibration|3|factory/line1/robotics,manufacturing,vibration,static,3,factory/line1/robotics,2,1.0,1,,1.0,8,1,p_gated_uniform,5,5077,4.123921567670628,4.123921567670628,0.9545350650267932,1.0,0.5,2.0,0.0
manufacturing|vibration|4|factory/line1/sorting/machine0,manufacturing,vibration,static,4,factory/line1/sorting/machine0,1,1.0,1,,1.0,8,1,p_gated_uniform,0,77,7.507425833091286,7.507425833091286,0.8052035500498618,1.0,1.0,1.0,0.0
manufacturing|vibration|4|factory/line1/sorting/machine0,manufacturing,vibration,static,4,factory/line1/sorting/machine0,1,1.0,1,,1.0,8,1,p_gated_uniform,1,1077,8.092036662215458,8.092036662215458,1.047880691046008,1.0,1.0,1.0,0.0
manufacturing|vibration|4|factory/line1/sorting/machine0,manufacturing,vibration,static,4,factory/line1/sorting/machine0,1,1.0,1,,1.0,8,1,p_gated_uniform,2,2077,7.642454176721907,7.642454176721907,0.8377727910987351,1.0,1.0,1.0,0.0
manufacturing|vibration|4|factory/line1/sorting/machine0,manufacturing,vibration,static,4,factory/line1/sorting/machine0,1,1.0,1,,1.0,8,1,p_gated_uniform,3,3077,8.361086364770982,8.361086364770982,0.7668226736507051,1.0,1.0,1.0,0.0
manufacturing|vibration|4|factory/line1/sorting/machine0,manufacturing,vibration,static,4,factory/line1/sorting/machine0,1,1.0,1,,1.0,8,1,p_gated_uniform,4,4077,8.190993159742353,8.190993159742353,0.8975113726760449,1.0,1.0,1.0,0.0
manufacturing|vibration|4|factory/line1/sorting/machine0,manufacturing,vibration,static,4,factory/line1/sorting/machine0,1,1.0,1,,1.0,8,1,p_gated_uniform,5,5077,8.247843135341256,8.247843135341256,0.9518973377217396,1.0,1.0,1.0,0.0
manufacturing|vibration|4|factory/line1/processing/machine1,manufacturing,vibration,static,4,factory/line1/processing/machine1,1,1.0,1,,1.0,8,1,p_gated_uniform,0,77,7.507425833091286,7.507425833091286,0.8052083317775939,1.0,1.0,1.0,0.0
manufacturing|vibration|4|factory/line1/processing/machine1,manufacturing,vibration,static,4,factory/line1/processing/machine1,1,1.0,1,,1.0,8,1,p_gated_uniform,1,1077,8.092036662215458,8.092036662215458,1.0507885950436997,1.0,1.0,1.0,0.0
manufacturing|vibration|4|factory/line1/processing/machine1,manufacturing,vibration,static,4,factory/line1/processing/machine1,1,1.0,1,,1.0,8,1,p_gated_uniform,2,2077,7.642454176721907,7.642454176721907,0.8401273620932246,1.0,1.0,1.0,0.0
manufacturing|vibration|4|factory/line1/processing/machine1,manufacturing,vibration,static,4,factory/line1/processing/machine1,1,1.0,1,,1.0,8,1,p_gated_uniform,3,3077,8.361086364770982,8.361086364770982,0.7646561792075465,1.0,1.0,1.0,0.0
manufacturing|vibration|4|factory/line1/processing/machine1,manufacturing,vibration,static,4,factory/line1/processing/machine1,1,1.0,1,,1.0,8,1,p_gated_uniform,4,4077,8.190993159742353,8.190993159742353,0.8925336218964149,1.0,1.0,1.0,0.0
manufacturing|vibration|4|factory/line1/processing/machine1,manufacturing,vibration,static,4,factory/line1/processing/machine1,1,1.0,1,,1.0,8,1,p_gated_uniform,5,5077,8.247843135341256,8.247843135341256,0.9571768538240468,1.0,1.0,1.0,0.0
manufacturing|vibration|4|factory/line1/warehouse/machine2,manufacturing,vibration,static,4,factory/line1/warehouse/machine2,1,1.0,1,,1.0,8,1,p_gated_uniform,0,77,7.507425833091286,7.507425833091286,0.8029384274221729,1.0,1.0,1.0,0.0
manufacturing|vibration|4|factory/line1/warehouse/machine2,manufacturing,vibration,static,4,factory/line1/warehouse/machine2,1,1.0,1,,1.0,8,1,p_gated_uniform,1,1077,8.092036662215458,8.092036662215458,1.0537073954032927,1.0,1.0,1.0,0.0
manufacturing|vibration|4|factory/line1/warehouse/machine2,manufacturing,vibration,static,4,factory/line1/warehouse/machine2,1,1.0,1,,1.0,8,1,p_gated_uniform,2,2077,7.642454176721907,7.642454176721907,0.8401292738019246,1.0,1.0,1.0,0.0
manufacturing|vibration|4|factory/line1/warehouse/machine2,manufacturing,vibration,static,4,factory/line1/warehouse/machine2,1,1.0,1,,1.0,8,1,p_gated_uniform,3,3077,8.361086364770982,8.361086364770982,0.7712231474412397,1.0,1.0,1.0,0.0
manufacturing|vibration|4|factory/line1/warehouse/machine2,manufacturing,vibration,static,4,factory/line1/warehouse/machine2,1,1.0,1,,1.0,8,1,p_gated_uniform,4,4077,8.190993159742353,8.190993159742353,0.8950134760794225,1.0,1.0,1.0,0.0
manufacturing|vibration|4|factory/line1/warehouse/machine2,manufacturing,vibration,static,4,factory/line1/warehouse/machine2,1,1.0,1,,1.0,8,1,p_gated_uniform,5,5077,8.247843135341256,8.247843135341256,0.9545321070123588,1.0,1.0,1.0,0.0
manufacturing|vibration|4|factory/line1/robotics/machine3,manufacturing,vibration,static,4,factory/line1/robotics/machine3,1,1.0,1,,1.0,8,1,p_gated_uniform,0,77,7.507425833091286,7.507425833091286,0.8006737048047248,1.0,1.0,1.0,0.0
manufacturing|vibration|4|factory/line1/robotics/machine3,manufacturing,vibration,static,4,factory/line1/robotics/machine3,1,1.0,1,,1.0,8,1,p_gated_uniform,1,1077,8.092036662215458,8.092036662215458,1.04787992857824,1.0,1.0,1.0,0.0
manufacturing|vibration|4|factory/line1/robotics/machine3,manufacturing,vibration,static,4,factory/line1/robotics/machine3,1,1.0,1,,1.0,8,1,p_gated_uniform,2,2077,7.642454176721907,7.642454176721907,0.842483392442493,1.0,1.0,1.0,0.0
manufacturing|vibration|4|factory/line1/robotics/machine3,manufacturing,vibration,static,4,factory/line1/robotics/machine3,1,1.0,1,,1.0,8,1,p_gated_uniform,3,3077,8.361086364770982,8.361086364770982,0.7690294118149186,1.0,1.0,1.0,0.0
manufacturing|vibration|4|factory/line1/robotics/machine3,manufacturing,vibration,static,4,factory/line1/robotics/machine3,1,1.0,1,,1.0,8,1,p_gated_uniform,4,4077,8.190993159742353,8.190993159742353,0.8950210703704904,1.0,1.0,1.0,0.0
manufacturing|vibration|4|factory/line1/robotics/machine3,manufacturing,vibration,static,4,factory/line1/robotics/machine3,1,1.0,1,,1.0,8,1,p_gated_uniform,5,5077,8.247843135341256,8.247843135341256,0.9545350650267932,1.0,1.0,1.0,0.0
manufacturing|vibration|4|factory/line1/sorting/machine4,manufacturing,vibration,static,4,factory/line1/sorting/machine4,1,1.0,1,,1.0,8,1,p_gated_uniform,0,77,7.507425833091286,7.507425833091286,0.8029384274221729,1.0,1.0,1.0,0.0
manufacturing|vibration|4|factory/line1/sorting/machine4,manufacturing,vibration,static,4,factory/line1/sorting/machine4,1,1.0,1,,1.0,8,1,p_gated_uniform,1,1077,8.092036662215458,8.092036662215458,1.0507854824428964,1.0,1.0,1.0,0.0
manufacturing|vibration|4|factory/line1/sorting/machine4,manufacturing,vibration,static,4,factory/line1/sorting/machine4,1,1.0,1,,1.0,8,1,p_gated_uniform,2,2077,7.642454176721907,7.642454176721907,0.8330828468154212,1.0,1.0,1.0,0.0
manufacturing|vibration|4|factory/line1/sorting/machine4,manufacturing,vibration,static,4,factory/line1/sorting/machine4,1,1.0,1,,1.0,8,1,p_gated_uniform,3,3077,8.361086364770982,8.361086364770982,0.7559718687843366,1.0,1.0,1.0,0.0
manufacturing|vibration|4|factory/line1/sorting/machine4,manufacturing,vibration,static,4,factory/line1/sorting/machine4,1,1.0,1,,1.0,8,1,p_gated_uniform,4,4077,8.190993159742353,8.190993159742353,0.8950193767280329,1.0,1.0,1.0,0.0
manufacturing|vibration|4|factory/line1/sorting/machine4,manufacturing,vibration,static,4,factory/line1/sorting/machine4,1,1.0,1,,1.0,8,1,p_gated_uniform,5,5077,8.247843135341256,8.247843135341256,0.9571768538240468,1.0,1.0,1.0,0.0
manufacturing|vibration|4|factory/line1/processing/machine5,manufacturing,vibration,static,4,factory/line1/processing/machine5,1,1.0,1,,1.0,8,1,p_gated_uniform,0,77,7.507425833091286,7.507425833091286,0.8029384274221729,1.0,1.0,1.0,0.0
manufacturing|vibration|4|factory/line1/processing/machine5,manufacturing,vibration,static,4,factory/line1/processing/machine5,1,1.0,1,,1.0,8,1,p_gated_uniform,1,1077,8.092036662215458,8.092036662215458,1.0507885950436997,1.0,1.0,1.0,0.0
manufacturing|vibration|4|factory/line1/processing/machine5,manufacturing,vibration,static,4,factory/line1/processing/machine5,1,1.0,1,,1.0,8,1,p_gated_uniform,2,2077,7.642454176721907,7.642454176721907,0.8401273620932246,1.0,1.0,1.0,0.0
manufacturing|vibration|4|factory/line1/processing/machine5,manufacturing,vibration,static,4,factory/line1/processing/machine5,1,1.0,1,,1.0,8,1,p_gated_uniform,3,3077,8.361086364770982,8.361086364770982,0.7668405301459952,1.0,1.0,1.0,0.0
manufacturing|vibration|4|factory/line1/processing/machine5,manufacturing,vibration,static,4,factory/line1/processing/machine5,1,1.0,1,,1.0,8,1,p_gated_uniform,4,4077,8.190993159742353,8.190993159742353,0.9000079653167268,1.0,1.0,1.0,0.0
manufacturing|vibration|4|factory/line1/processing/machine5,manufacturing,vibration,static,4,factory/line1/processing/machine5,1,1.0,1,,1.0,8,1,p_gated_uniform,5,5077,8.247843135341256,8.247843135341256,0.951917644059034,1.0,1.0,1.0,0.0
manufacturing|vibration|4|factory/line1/warehouse/machine6,manufacturing,vibration,static,4,factory/line1/warehouse/machine6,1,1.0,1,,1.0,8,1,p_gated_uniform,0,77,7.507425833091286,7.507425833091286,0.8006737048047248,1.0,1.0,1.0,0.0
manufacturing|vibration|4|factory/line1/warehouse/machine6,manufacturing,vibration,static,4,factory/line1/warehouse/machine6,1,1.0,1,,1.0,8,1,p_gated_uniform,1,1077,8.092036662215458,8.092036662215458,1.047880691046008,1.0,1.0,1.0,0.0
manufacturing|vibration|4|factory/line1/warehouse/machine6,manufacturing,vibration,static,4,factory/line1/warehouse/machine6,1,1.0,1,,1.0,8,1,p_gated_uniform,2,2077,7.642454176721907,7.642454176721907,0.8330926531829415,1.0,1.0,1.0,0.0
manufacturing|vibration|4|factory/line1/warehouse/machine6,manufacturing,vibration,static,4,factory/line1/warehouse/machine6,1,1.0,1,,1.0,8,1,p_gated_uniform,3,3077,8.361086364770982,8.361086364770982,0.7690340401878238,1.0,1.0,1.0,0.0
manufacturing|vibration|4|factory/line1/warehouse/machine6,manufacturing,vibration,static,4,factory/line1/warehouse/machine6,1,1.0,1,,1.0,8,1,p_gated_uniform,4,4077,8.190993159742353,8.190993159742353,0.8975113726760449,1.0,1.0,1.0,0.0
manufacturing|vibration|4|factory/line1/warehouse/machine6,manufacturing,vibration,static,4,factory/line1/warehouse/machine6,1,1.0,1,,1.0,8,1,p_gated_uniform,5,5077,8.247843135341256,8.247843135341256,0.9545524548238326,1.0,1.0,1.0,0.0
manufacturing|vibration|4|factory/line1/robotics/machine7,manufacturing,vibration,static,4,factory/line1/robotics/machine7,1,1.0,1,,1.0,8,1,p_gated_uniform,0,77,7.507425833091286,7.507425833091286,0.8006754790239533,1.0,1.0,1.0,0.0
manufacturing|vibration|4|factory/line1/robotics/machine7,manufacturing,vibration,static,4,factory/line1/robotics/machine7,1,1.0,1,,1.0,8,1,p_gated_uniform,1,1077,8.092036662215458,8.092036662215458,1.056629301170476,1.0,1.0,1.0,0.0
manufacturing|vibration|4|factory/line1/robotics/machine7,manufacturing,vibration,static,4,factory/line1/robotics/machine7,1,1.0,1,,1.0,8,1,p_gated_uniform,2,2077,7.642454176721907,7.642454176721907,0.8311634125023454,1.0,1.0,1.0,0.0
manufacturing|vibration|4|factory/line1/robotics/machine7,manufacturing,vibration,static,4,factory/line1/robotics/machine7,1,1.0,1,,1.0,8,1,p_gated_uniform,3,3077,8.361086364770982,8.361086364770982,0.769029277361424,1.0,1.0,1.0,0.0
manufacturing|vibration|4|factory/line1/robotics/machine7,manufacturing,vibration,static,4,factory/line1/robotics/machine7,1,1.0,1,,1.0,8,1,p_gated_uniform,4,4077,8.190993159742353,8.190993159742353,0.8925353089394473,1.0,1.0,1.0,0.0
manufacturing|vibration|4|factory/line1/robotics/machine7,manufacturing,vibration,static,4,factory/line1/robotics/machine7,1,1.0,1,,1.0,8,1,p_gated_uniform,5,5077,8.247843135341256,8.247843135341256,0.9624905448468428,1.0,1.0,1.0,0.0
manufacturing|vibration|4|factory/line1/sorting/machine8,manufacturing,vibration,static,4,factory/line1/sorting/machine8,1,1.0,1,,1.0,8,1,p_gated_uniform,0,77,7.507425833091286,7.507425833091286,0.8029384274221729,1.0,1.0,1.0,0.0
manufacturing|vibration|4|factory/line1/sorting/machine8,manufacturing,vibration,static,4,factory/line1/sorting/machine8,1,1.0,1,,1.0,8,1,p_gated_uniform,1,1077,8.092036662215458,8.092036662215458,1.0449812741407352,1.0,1.0,1.0,0.0
manufacturing|vibration|4|factory/line1/sorting/machine8,manufacturing,vibration,static,4,factory/line1/sorting/machine8,1,1.0,1,,1.0,8,1,p_gated_uniform,2,2077,7.642454176721907,7.642454176721907,0.828444710141248,1.0,1.0,1.0,0.0
manufacturing|vibration|4|factory/line1/sorting/machine8,manufacturing,vibration,static,4,factory/line1/sorting/machine8,1,1.0,1,,1.0,8,1,p_gated_uniform,3,3077,8.361086364770982,8.361086364770982,0.7690340401878238,1.0,1.0,1.0,0.0
manufacturing|vibration|4|factory/line1/sorting/machine8,manufacturing,vibration,static,4,factory/line1/sorting/machine8,1,1.0,1,,1.0,8,1,p_gated_uniform,4,4077,8.190993159742353,8.190993159742353,0.8975130728701055,1.0,1.0,1.0,0.0
manufacturing|vibration|4|factory/line1/sorting/machine8,manufacturing,vibration,static,4,factory/line1/sorting/machine8,1,1.0,1,,1.0,8,1,p_gated_uniform,5,5077,8.247843135341256,8.247843135341256,0.9545524548238326,1.0,1.0,1.0,0.0
manufacturing|vibration|4|factory/line1/processing/machine9,manufacturing,vibration,static,4,factory/line1/processing/machine9,1,1.0,1,,1.0,8,1,p_gated_uniform,0,77,7.507425833091286,7.507425833091286,0.8052048549699649,1.0,1.0,1.0,0.0
manufacturing|vibration|4|factory/line1/processing/machine9,manufacturing,vibration,static,4,factory/line1/processing/machine9,1,1.0,1,,1.0,8,1,p_gated_uniform,1,1077,8.092036662215458,8.092036662215458,1.0537042733867088,1.0,1.0,1.0,0.0
manufacturing|vibration|4|factory/line1/processing/machine9,manufacturing,vibration,static,4,factory/line1/processing/machine9,1,1.0,1,,1.0,8,1,p_gated_uniform,2,2077,7.642454176721907,7.642454176721907,0.8354320186115501,1.0,1.0,1.0,0.0
manufacturing|vibration|4|factory/line1/processing/machine9,manufacturing,vibration,static,4,factory/line1/processing/machine9,1,1.0,1,,1.0,8,1,p_gated_uniform,3,3077,8.361086364770982,8.361086364770982,0.7668401095972713,1.0,1.0,1.0,0.0
manufacturing|vibration|4|factory/line1/processing/machine9,manufacturing,vibration,static,4,factory/line1/processing/machine9,1,1.0,1,,1.0,8,1,p_gated_uniform,4,4077,8.190993159742353,8.190993159742353,0.892531965990034,1.0,1.0,1.0,0.0
manufacturing|vibration|4|factory/line1/processing/machine9,manufacturing,vibration,static,4,factory/line1/processing/machine9,1,1.0,1,,1.0,8,1,p_gated_uniform,5,5077,8.247843135341256,8.247843135341256,0.9545529652225716,1.0,1.0,1.0,0.0
manufacturing|vibration|5|factory/line1/sorting/machine0/vibration,manufacturing,vibration,static,5,factory/line1/sorting/machine0/vibration,1,1.0,1,,1.0,8,1,p_gated_uniform,0,77,7.507425833091286,7.507425833091286,0.8052035500498618,1.0,1.0,1.0,0.0
manufacturing|vibration|5|factory/line1/sorting/machine0/vibration,manufacturing,vibration,static,5,factory/line1/sorting/machine0/vibration,1,1.0,1,,1.0,8,1,p_gated_uniform,1,1077,8.092036662215458,8.092036662215458,1.047880691046008,1.0,1.0,1.0,0.0
manufacturing|vibration|5|factory/line1/sorting/machine0/vibration,manufacturing,vibration,static,5,factory/line1/sorting/machine0/vibration,1,1.0,1,,1.0,8,1,p_gated_uniform,2,2077,7.642454176721907,7.642454176721907,0.8377727910987351,1.0,1.0,1.0,0.0
manufacturing|vibration|5|factory/line1/sorting/machine0/vibration,manufacturing,vibration,static,5,factory/line1/sorting/machine0/vibration,1,1.0,1,,1.0,8,1,p_gated_uniform,3,3077,8.361086364770982,8.361086364770982,0.7668226736507051,1.0,1.0,1.0,0.0
manufacturing|vibration|5|factory/line1/sorting/machine0/vibration,manufacturing,vibration,static,5,factory/line1/sorting/machine0/vibration,1,1.0,1,,1.0,8,1,p_gated_uniform,4,4077,8.190993159742353,8.190993159742353,0.8975113726760449,1.0,1.0,1.0,0.0
manufacturing|vibration|5|factory/line1/sorting/machine0/vibration,manufacturing,vibration,static,5,factory/line1/sorting/machine0/vibration,1,1.0,1,,1.0,8,1,p_gated_uniform,5,5077,8.247843135341256,8.247843135341256,0.9518973377217396,1.0,1.0,1.0,0.0
manufacturing|vibration|5|factory/line1/processing/machine1/vibration,manufacturing,vibration,static,5,factory/line1/processing/machine1/vibration,1,1.0,1,,1.0,8,1,p_gated_uniform,0,77,7.507425833091286,7.507425833091286,0.8052083317775939,1.0,1.0,1.0,0.0
manufacturing|vibration|5|factory/line1/processing/machine1/vibration,manufacturing,vibration,static,5,factory/line1/processing/machine1/vibration,1,1.0,1,,1.0,8,1,p_gated_uniform,1,1077,8.092036662215458,8.092036662215458,1.0507885950436997,1.0,1.0,1.0,0.0
manufacturing|vibration|5|factory/line1/processing/machine1/vibration,manufacturing,vibration,static,5,factory/line1/processing/machine1/vibration,1,1.0,1,,1.0,8,1,p_gated_uniform,2,2077,7.642454176721907,7.642454176721907,0.8401273620932246,1.0,1.0,1.0,0.0
manufacturing|vibration|5|factory/line1/processing/machine1/vibration,manufacturing,vibration,static,5,factory/line1/processing/machine1/vibration,1,1.0,1,,1.0,8,1,p_gated_uniform,3,3077,8.361086364770982,8.361086364770982,0.7646561792075465,1.0,1.0,1.0,0.0
manufacturing|vibration|5|factory/line1/processing/machine1/vibration,manufacturing,vibration,static,5,factory/line1/processing/machine1/vibration,1,1.0,1,,1.0,8,1,p_gated_uniform,4,4077,8.190993159742353,8.190993159742353,0.8925336218964149,1.0,1.0,1.0,0.0
manufacturing|vibration|5|factory/line1/processing/machine1/vibration,manufacturing,vibration,static,5,factory/line1/processing/machine1/vibration,1,1.0,1,,1.0,8,1,p_gated_uniform,5,5077,8.247843135341256,8.247843135341256,0.9571768538240468,1.0,1.0,1.0,0.0
manufacturing|vibration|5|factory/line1/warehouse/machine2/vibration,manufacturing,vibration,static,5,factory/line1/warehouse/machine2/vibration,1,1.0,1,,1.0,8,1,p_gated_uniform,0,77,7.507425833091286,7.507425833091286,0.8029384274221729,1.0,1.0,1.0,0.0
manufacturing|vibration|5|factory/line1/warehouse/machine2/vibration,manufacturing,vibration,static,5,factory/line1/warehouse/machine2/vibration,1,1.0,1,,1.0,8,1,p_gated_uniform,1,1077,8.092036662215458,8.092036662215458,1.0537073954032927,1.0,1.0,1.0,0.0
manufacturing|vibration|5|factory/line1/warehouse/machine2/vibration,manufacturing,vibration,static,5,factory/line1/warehouse/machine2/vibration,1,1.0,1,,1.0,8,1,p_gated_uniform,2,2077,7.642454176721907,7.642454176721907,0.8401292738019246,1.0,1.0,1.0,0.0
manufacturing|vibration|5|factory/line1/warehouse/machine2/vibration,manufacturing,vibration,static,5,factory/line1/warehouse/machine2/vibration,1,1.0,1,,1.0,8,1,p_gated_uniform,3,3077,8.361086364770982,8.361086364770982,0.7712231474412397,1.0,1.0,1.0,0.0
manufacturing|vibration|5|factory/line1/warehouse/machine2/vibration,manufacturing,vibration,static,5,factory/line1/warehouse/machine2/vibration,1,1.0,1,,1.0,8,1,p_gated_uniform,4,4077,8.190993159742353,8.190993159742353,0.8950134760794225,1.0,1.0,1.0,0.0
manufacturing|vibration|5|factory/line1/warehouse/machine2/vibration,manufacturing,vibration,static,5,factory/line1/warehouse/machine2/vibration,1,1.0,1,,1.0,8,1,p_gated_uniform,5,5077,8.247843135341256,8.247843135341256,0.9545321070123588,1.0,1.0,1.0,0.0
manufacturing|vibration|5|factory/line1/robotics/machine3/vibration,manufacturing,vibration,static,5,factory/line1/robotics/machine3/vibration,1,1.0,1,,1.0,8,1,p_gated_uniform,0,77,7.507425833091286,7.507425833091286,0.8006737048047248,1.0,1.0,1.0,0.0
manufacturing|vibration|5|factory/line1/robotics/machine3/vibration,manufacturing,vibration,static,5,factory/line1/robotics/machine3/vibration,1,1.0,1,,1.0,8,1,p_gated_uniform,1,1077,8.092036662215458,8.092036662215458,1.04787992857824,1.0,1.0,1.0,0.0
manufacturing|vibration|5|factory/line1/robotics/machine3/vibration,manufacturing,vibration,static,5,factory/line1/robotics/machine3/vibration,1,1.0,1,,1.0,8,1,p_gated_uniform,2,2077,7.642454176721907,7.642454176721907,0.842483392442493,1.0,1.0,1.0,0.0
manufacturing|vibration|5|factory/line1/robotics/machine3/vibration,manufacturing,vibration,static,5,factory/line1/robotics/machine3/vibration,1,1.0,1,,1.0,8,1,p_gated_uniform,3,3077,8.361086364770982,8.361086364770982,0.7690294118149186,1.0,1.0,1.0,0.0
manufacturing|vibration|5|factory/line1/robotics/machine3/vibration,manufacturing,vibration,static,5,factory/line1/robotics/machine3/vibration,1,1.0,1,,1.0,8,1,p_gated_uniform,4,4077,8.190993159742353,8.190993159742353,0.8950210703704904,1.0,1.0,1.0,0.0
manufacturing|vibration|5|factory/line1/robotics/machine3/vibration,manufacturing,vibration,static,5,factory/line1/robotics/machine3/vibration,1,1.0,1,,1.0,8,1,p_gated_uniform,5,5077,8.247843135341256,8.247843135341256,0.9545350650267932,1.0,1.0,1.0,0.0
manufacturing|vibration|5|factory/line1/sorting/machine4/vibration,manufacturing,vibration,static,5,factory/line1/sorting/machine4/vibration,1,1.0,1,,1.0,8,1,p_gated_uniform,0,77,7.507425833091286,7.507425833091286,0.8029384274221729,1.0,1.0,1.0,0.0
manufacturing|vibration|5|factory/line1/sorting/machine4/vibration,manufacturing,vibration,static,5,factory/line1/sorting/machine4/vibration,1,1.0,1,,1.0,8,1,p_gated_uniform,1,1077,8.092036662215458,8.092036662215458,1.0507854824428964,1.0,1.0,1.0,0.0
manufacturing|vibration|5|factory/line1/sorting/machine4/vibration,manufacturing,vibration,static,5,factory/line1/sorting/machine4/vibration,1,1.0,1,,1.0,8,1,p_gated_uniform,2,2077,7.642454176721907,7.642454176721907,0.8330828468154212,1.0,1.0,1.0,0.0
manufacturing|vibration|5|factory/line1/sorting/machine4/vibration,manufacturing,vibration,static,5,factory/line1/sorting/machine4/vibration,1,1.0,1,,1.0,8,1,p_gated_uniform,3,3077,8.361086364770982,8.361086364770982,0.7559718687843366,1.0,1.0,1.0,0.0
manufacturing|vibration|5|factory/line1/sorting/machine4/vibration,manufacturing,vibration,static,5,factory/line1/sorting/machine4/vibration,1,1.0,1,,1.0,8,1,p_gated_uniform,4,4077,8.190993159742353,8.190993159742353,0.8950193767280329,1.0,1.0,1.0,0.0
manufacturing|vibration|5|factory/line1/sorting/machine4/vibration,manufacturing,vibration,static,5,factory/line1/sorting/machine4/vibration,1,1.0,1,,1.0,8,1,p_gated_uniform,5,5077,8.247843135341256,8.247843135341256,0.9571768538240468,1.0,1.0,1.0,0.0
manufacturing|vibration|5|factory/line1/processing/machine5/vibration,manufacturing,vibration,static,5,factory/line1/processing/machine5/vibration,1,1.0,1,,1.0,8,1,p_gated_uniform,0,77,7.507425833091286,7.507425833091286,0.8029384274221729,1.0,1.0,1.0,0.0
manufacturing|vibration|5|factory/line1/processing/machine5/vibration,manufacturing,vibration,static,5,factory/line1/processing/machine5/vibration,1,1.0,1,,1.0,8,1,p_gated_uniform,1,1077,8.092036662215458,8.092036662215458,1.0507885950436997,1.0,1.0,1.0,0.0
manufacturing|vibration|5|factory/line1/processing/machine5/vibration,manufacturing,vibration,static,5,factory/line1/processing/machine5/vibration,1,1.0,1,,1.0,8,1,p_gated_uniform,2,2077,7.642454176721907,7.642454176721907,0.8401273620932246,1.0,1.0,1.0,0.0
manufacturing|vibration|5|factory/line1/processing/machine5/vibration,manufacturing,vibration,static,5,factory/line1/processing/machine5/vibration,1,1.0,1,,1.0,8,1,p_gated_uniform,3,3077,8.361086364770982,8.361086364770982,0.7668405301459952,1.0,1.0,1.0,0.0
manufacturing|vibration|5|factory/line1/processing/machine5/vibration,manufacturing,vibration,static,5,factory/line1/processing/machine5/vibration,1,1.0,1,,1.0,8,1,p_gated_uniform,4,4077,8.190993159742353,8.190993159742353,0.9000079653167268,1.0,1.0,1.0,0.0
manufacturing|vibration|5|factory/line1/processing/machine5/vibration,manufacturing,vibration,static,5,factory/line1/processing/machine5/vibration,1,1.0,1,,1.0,8,1,p_gated_uniform,5,5077,8.247843135341256,8.247843135341256,0.951917644059034,1.0,1.0,1.0,0.0
manufacturing|vibration|5|factory/line1/warehouse/machine6/vibration,manufacturing,vibration,static,5,factory/line1/warehouse/machine6/vibration,1,1.0,1,,1.0,8,1,p_gated_uniform,0,77,7.507425833091286,7.507425833091286,0.8006737048047248,1.0,1.0,1.0,0.0
manufacturing|vibration|5|factory/line1/warehouse/machine6/vibration,manufacturing,vibration,static,5,factory/line1/warehouse/machine6/vibration,1,1.0,1,,1.0,8,1,p_gated_uniform,1,1077,8.092036662215458,8.092036662215458,1.047880691046008,1.0,1.0,1.0,0.0
manufacturing|vibration|5|factory/line1/warehouse/machine6/vibration,manufacturing,vibration,static,5,factory/line1/warehouse/machine6/vibration,1,1.0,1,,1.0,8,1,p_gated_uniform,2,2077,7.642454176721907,7.642454176721907,0.8330926531829415,1.0,1.0,1.0,0.0
manufacturing|vibration|5|factory/line1/warehouse/machine6/vibration,manufacturing,vibration,static,5,factory/line1/warehouse/machine6/vibration,1,1.0,1,,1.0,8,1,p_gated_uniform,3,3077,8.361086364770982,8.361086364770982,0.7690340401878238,1.0,1.0,1.0,0.0
manufacturing|vibration|5|factory/line1/warehouse/machine6/vibration,manufacturing,vibration,static,5,factory/line1/warehouse/machine6/vibration,1,1.0,1,,1.0,8,1,p_gated_uniform,4,4077,8.190993159742353,8.190993159742353,0.8975113726760449,1.0,1.0,1.0,0.0
manufacturing|vibration|5|factory/line1/warehouse/machine6/vibration,manufacturing,vibration,static,5,factory/line1/warehouse/machine6/vibration,1,1.0,1,,1.0,8,1,p_gated_uniform,5,5077,8.247843135341256,8.247843135341256,0.9545524548238326,1.0,1.0,1.0,0.0
manufacturing|vibration|5|factory/line1/robotics/machine7/vibration,manufacturing,vibration,static,5,factory/line1/robotics/machine7/vibration,1,1.0,1,,1.0,8,1,p_gated_uniform,0,77,7.507425833091286,7.507425833091286,0.8006754790239533,1.0,1.0,1.0,0.0
manufacturing|vibration|5|factory/line1/robotics/machine7/vibration,manufacturing,vibration,static,5,factory/line1/robotics/machine7/vibration,1,1.0,1,,1.0,8,1,p_gated_uniform,1,1077,8.092036662215458,8.092036662215458,1.056629301170476,1.0,1.0,1.0,0.0
manufacturing|vibration|5|factory/line1/robotics/machine7/vibration,manufacturing,vibration,static,5,factory/line1/robotics/machine7/vibration,1,1.0,1,,1.0,8,1,p_gated_uniform,2,2077,7.642454176721907,7.642454176721907,0.8311634125023454,1.0,1.0,1.0,0.0
manufacturing|vibration|5|factory/line1/robotics/machine7/vibration,manufacturing,vibration,static,5,factory/line1/robotics/machine7/vibration,1,1.0,1,,1.0,8,1,p_gated_uniform,3,3077,8.361086364770982,8.361086364770982,0.769029277361424,1.0,1.0,1.0,0.0
manufacturing|vibration|5|factory/line1/robotics/machine7/vibration,manufacturing,vibration,static,5,factory/line1/robotics/machine7/vibration,1,1.0,1,,1.0,8,1,p_gated_uniform,4,4077,8.190993159742353,8.190993159742353,0.8925353089394473,1.0,1.0,1.0,0.0
manufacturing|vibration|5|factory/line1/robotics/machine7/vibration,manufacturing,vibration,static,5,factory/line1/robotics/machine7/vibration,1,1.0,1,,1.0,8,1,p_gated_uniform,5,5077,8.247843135341256,8.247843135341256,0.9624905448468428,1.0,1.0,1.0,0.0
manufacturing|vibration|5|factory/line1/sorting/machine8/vibration,manufacturing,vibration,static,5,factory/line1/sorting/machine8/vibration,1,1.0,1,,1.0,8,1,p_gated_uniform,0,77,7.507425833091286,7.507425833091286,0.8029384274221729,1.0,1.0,1.0,0.0
manufacturing|vibration|5|factory/line1/sorting/machine8/vibration,manufacturing,vibration,static,5,factory/line1/sorting/machine8/vibration,1,1.0,1,,1.0,8,1,p_gated_uniform,1,1077,8.092036662215458,8.092036662215458,1.0449812741407352,1.0,1.0,1.0,0.0
manufacturing|vibration|5|factory/line1/sorting/machine8/vibration,manufacturing,vibration,static,5,factory/line1/sorting/machine8/vibration,1,1.0,1,,1.0,8,1,p_gated_uniform,2,2077,7.642454176721907,7.642454176721907,0.828444710141248,1.0,1.0,1.0,0.0
manufacturing|vibration|5|factory/line1/sorting/machine8/vibration,manufacturing,vibration,static,5,factory/line1/sorting/machine8/vibration,1,1.0,1,,1.0,8,1,p_gated_uniform,3,3077,8.361086364770982,8.361086364770982,0.7690340401878238,1.0,1.0,1.0,0.0
manufacturing|vibration|5|factory/line1/sorting/machine8/vibration,manufacturing,vibration,static,5,factory/line1/sorting/machine8/vibration,1,1.0,1,,1.0,8,1,p_gated_uniform,4,4077,8.190993159742353,8.190993159742353,0.8975130728701055,1.0,1.0,1.0,0.0
manufacturing|vibration|5|factory/line1/sorting/machine8/vibration,manufacturing,vibration,static,5,factory/line1/sorting/machine8/vibration,1,1.0,1,,1.0,8,1,p_gated_uniform,5,5077,8.247843135341256,8.247843135341256,0.9545524548238326,1.0,1.0,1.0,0.0
manufacturing|vibration|5|factory/line1/processing/machine9/vibration,manufacturing,vibration,static,5,factory/line1/processing/machine9/vibration,1,1.0,1,,1.0,8,1,p_gated_uniform,0,77,7.507425833091286,7.507425833091286,0.8052048549699649,1.0,1.0,1.0,0.0
manufacturing|vibration|5|factory/line1/processing/machine9/vibration,manufacturing,vibration,static,5,factory/line1/processing/machine9/vibration,1,1.0,1,,1.0,8,1,p_gated_uniform,1,1077,8.092036662215458,8.092036662215458,1.0537042733867088,1.0,1.0,1.0,0.0
manufacturing|vibration|5|factory/line1/processing/machine9/vibration,manufacturing,vibration,static,5,factory/line1/processing/machine9/vibration,1,1.0,1,,1.0,8,1,p_gated_uniform,2,2077,7.642454176721907,7.642454176721907,0.8354320186115501,1.0,1.0,1.0,0.0
manufacturing|vibration|5|factory/line1/processing/machine9/vibration,manufacturing,vibration,static,5,factory/line1/processing/machine9/vibration,1,1.0,1,,1.0,8,1,p_gated_uniform,3,3077,8.361086364770982,8.361086364770982,0.7668401095972713,1.0,1.0,1.0,0.0
manufacturing|vibration|5|factory/line1/processing/machine9/vibration,manufacturing,vibration,static,5,factory/line1/processing/machine9/vibration,1,1.0,1,,1.0,8,1,p_gated_uniform,4,4077,8.190993159742353,8.190993159742353,0.892531965990034,1.0,1.0,1.0,0.0
manufacturing|vibration|5|factory/line1/processing/machine9/vibration,manufacturing,vibration,static,5,factory/line1/processing/machine9/vibration,1,1.0,1,,1.0,8,1,p_gated_uniform,5,5077,8.247843135341256,8.247843135341256,0.9545529652225716,1.0,1.0,1.0,0.0
manufacturing|energy|1|factory,manufacturing,energy,static,1,factory,10,10.0,1,,1.0,8,1,p_gated_uniform,0,77,0.7507425833091286,7.507425833091286,0.8028875542217004,1.0,0.1,10.0,0.0
manufacturing|energy|1|factory,manufacturing,energy,static,1,factory,10,10.0,1,,1.0,8,1,p_gated_uniform,1,1077,0.8092036662215458,8.092036662215458,1.0420871967842191,1.0,0.1,10.0,0.0
manufacturing|energy|1|factory,manufacturing,energy,static,1,factory,10,10.0,1,,1.0,8,1,p_gated_uniform,2,2077,0.7642454176721907,7.642454176721907,0.833468213861602,1.0,0.1,10.0,0.0
manufacturing|energy|1|factory,manufacturing,energy,static,1,factory,10,10.0,1,,1.0,8,1,p_gated_uniform,3,3077,0.8361086364770982,8.361086364770982,0.7581057664810789,1.0,0.1,10.0,0.0
manufacturing|energy|1|factory,manufacturing,energy,static,1,factory,10,10.0,1,,1.0,8,1,p_gated_uniform,4,4077,0.8190993159742354,8.190993159742353,0.8875983179199393,1.0,0.1,10.0,0.0
manufacturing|energy|1|factory,manufacturing,energy,static,1,factory,10,10.0,1,,1.0,8,1,p_gated_uniform,5,5077,0.8247843135341256,8.247843135341256,0.9571953379748772,1.0,0.1,10.0,0.0
manufacturing|energy|2|factory/line1,manufacturing,energy,static,2,factory/line1,10,10.0,1,,1.0,8,1,p_gated_uniform,0,77,0.7507425833091286,7.507425833091286,0.8028875542217004,1.0,0.1,10.0,0.0
manufacturing|energy|2|factory/line1,manufacturing,energy,static,2,factory/line1,10,10.0,1,,1.0,8,1,p_gated_uniform,1,1077,0.8092036662215458,8.092036662215458,1.0420871967842191,1.0,0.1,10.0,0.0
manufacturing|energy|2|factory/line1,manufacturing,energy,static,2,factory/line1,10,10.0,1,,1.0,8,1,p_gated_uniform,2,2077,0.7642454176721907,7.642454176721907,0.833468213861602,1.0,0.1,10.0,0.0
manufacturing|energy|2|factory/line1,manufacturing,energy,static,2,factory/line1,10,10.0,1,,1.0,8,1,p_gated_uniform,3,3077,0.8361086364770982,8.361086364770982,0.7581057664810789,1.0,0.1,10.0,0.0
manufacturing|energy|2|factory/line1,manufacturing,energy,static,2,factory/line1,10,10.0,1,,1.0,8,1,p_gated_uniform,4,4077,0.8190993159742354,8.190993159742353,0.8875983179199393,1.0,0.1,10.0,0.0
manufacturing|energy|2|factory/line1,manufacturing,energy,static,2,factory/line1,10,10.0,1,,1.0,8,1,p_gated_uniform,5,5077,0.8247843135341256,8.247843135341256,0.9571953379748772,1.0,0.1,10.0,0.0
manufacturing|energy|3|factory/line1/sorting,manufacturing,energy,static,3,factory/line1/sorting,3,10.0,1,,1.0,8,1,p_gated_uniform,0,77,2.502475277697095,25.024752776970956,0.8006685803608513,1.0,0.3333333333333332,3.0,0.0
manufacturing|energy|3|factory/line1/sorting,manufacturing,energy,static,3,factory/line1/sorting,3,10.0,1,,1.0,8,1,p_gated_uniform,1,1077,2.697345554071819,26.97345554071819,1.0507831671773078,1.0,0.3333333333333332,3.0,0.0
manufacturing|energy|3|factory/line1/sorting,manufacturing,energy,static,3,factory/line1/sorting,3,10.0,1,,1.0,8,1,p_gated_uniform,2,2077,2.5474847255739688,25.47484725573969,0.8358091418383112,1.0,0.3333333333333332,3.0,0.0
manufacturing|energy|3|factory/line1/sorting,manufacturing,energy,static,3,factory/line1/sorting,3,10.0,1,,1.0,8,1,p_gated_uniform,3,3077,2.787028788256994,27.87028788256994,0.7668448290673016,1.0,0.3333333333333332,3.0,0.0
manufacturing|energy|3|factory/line1/sorting,manufacturing,energy,static,3,factory/line1/sorting,3,10.0,1,,1.0,8,1,p_gated_uniform,4,4077,2.7303310532474514,27.303310532474512,0.8975301193223513,1.0,0.3333333333333332,3.0,0.0
manufacturing|energy|3|factory/line1/sorting,manufacturing,energy,static,3,factory/line1/sorting,3,10.0,1,,1.0,8,1,p_gated_uniform,5,5077,2.749281045113752,27.49281045113752,0.9571774056969652,1.0,0.3333333333333332,3.0,0.0
manufacturing|energy|3|factory/line1/processing,manufacturing,energy,static,3,factory/line1/processing,3,10.0,1,,1.0,8,1,p_gated_uniform,0,77,2.502475277697095,25.024752776970956,0.8006791285670889,1.0,0.3333333333333332,3.0,0.0
manufacturing|energy|3|factory/line1/processing,manufacturing,energy,static,3,factory/line1/processing,3,10.0,1,,1.0,8,1,p_gated_uniform,1,1077,2.697345554071819,26.97345554071819,1.0566269416216596,1.0,0.3333333333333332,3.0,0.0
manufacturing|energy|3|factory/line1/processing,manufacturing,energy,static,3,factory/line1/processing,3,10.0,1,,1.0,8,1,p_gated_uniform,2,2077,2.5474847255739688,25.47484725573969,0.8354320186115501,1.0,0.3333333333333332,3.0,0.0
manufacturing|energy|3|factory/line1/processing,manufacturing,energy,static,3,factory/line1/processing,3,10.0,1,,1.0,8,1,p_gated_uniform,3,3077,2.787028788256994,27.87028788256994,0.7538073328052178,1.0,0.3333333333333332,3.0,0.0
manufacturing|energy|3|factory/line1/processing,manufacturing,energy,static,3,factory/line1/processing,3,10.0,1,,1.0,8,1,p_gated_uniform,4,4077,2.7303310532474514,27.303310532474512,0.8975130728701055,1.0,0.3333333333333332,3.0,0.0
manufacturing|energy|3|factory/line1/processing,manufacturing,energy,static,3,factory/line1/processing,3,10.0,1,,1.0,8,1,p_gated_uniform,5,5077,2.749281045113752,27.49281045113752,0.9545548935691504,1.0,0.3333333333333332,3.0,0.0
manufacturing|energy|3|factory/line1/warehouse,manufacturing,energy,static,3,factory/line1/warehouse,2,10.0,1,,1.0,8,1,p_gated_uniform,0,77,3.753712916545642,37.53712916545643,0.7984172569693794,1.0,0.5,2.0,0.0
manufacturing|energy|3|factory/line1/warehouse,manufacturing,energy,static,3,factory/line1/warehouse,2,10.0,1,,1.0,8,1,p_gated_uniform,1,1077,4.046018331107729,40.46018331107729,1.0478775831968214,1.0,0.5,2.0,0.0
manufacturing|energy|3|factory/line1/warehouse,manufacturing,energy,static,3,factory/line1/warehouse,2,10.0,1,,1.0,8,1,p_gated_uniform,2,2077,3.821227088360954,38.21227088360954,0.8401197493577841,1.0,0.5,2.0,0.0
manufacturing|energy|3|factory/line1/warehouse,manufacturing,energy,static,3,factory/line1/warehouse,2,10.0,1,,1.0,8,1,p_gated_uniform,3,3077,4.180543182385491,41.80543182385491,0.7712277914211044,1.0,0.5,2.0,0.0
manufacturing|energy|3|factory/line1/warehouse,manufacturing,energy,static,3,factory/line1/warehouse,2,10.0,1,,1.0,8,1,p_gated_uniform,4,4077,4.095496579871177,40.95496579871177,0.8900623309713577,1.0,0.5,2.0,0.0
manufacturing|energy|3|factory/line1/warehouse,manufacturing,energy,static,3,factory/line1/warehouse,2,10.0,1,,1.0,8,1,p_gated_uniform,5,5077,4.123921567670629,41.23921567670629,0.9545297060620568,1.0,0.5,2.0,0.0
manufacturing|energy|3|factory/line1/robotics,manufacturing,energy,static,3,factory/line1/robotics,2,10.0,1,,1.0,8,1,p_gated_uniform,0,77,3.753712916545642,37.53712916545643,0.8029372346173581,1.0,0.5,2.0,0.0
manufacturing|energy|3|factory/line1/robotics,manufacturing,energy,static,3,factory/line1/robotics,2,10.0,1,,1.0,8,1,p_gated_uniform,1,1077,4.046018331107729,40.46018331107729,1.0449836195221531,1.0,0.5,2.0,0.0
manufacturing|energy|3|factory/line1/robotics,manufacturing,energy,static,3,factory/line1/robotics,2,10.0,1,,1.0,8,1,p_gated_uniform,2,2077,3.821227088360954,38.21227088360954,0.8354320186115501,1.0,0.5,2.0,0.0
manufacturing|energy|3|factory/line1/robotics,manufacturing,energy,static,3,factory/line1/robotics,2,10.0,1,,1.0,8,1,p_gated_uniform,3,3077,4.180543182385491,41.80543182385491,0.7603022945491513,1.0,0.5,2.0,0.0
manufacturing|energy|3|factory/line1/robotics,manufacturing,energy,static,3,factory/line1/robotics,2,10.0,1,,1.0,8,1,p_gated_uniform,4,4077,4.095496579871177,40.95496579871177,0.8975141111779212,1.0,0.5,2.0,0.0
manufacturing|energy|3|factory/line1/robotics,manufacturing,energy,static,3,factory/line1/robotics,2,10.0,1,,1.0,8,1,p_gated_uniform,5,5077,4.123921567670629,41.23921567670629,0.9492864265165796,1.0,0.5,2.0,0.0
manufacturing|energy|4|factory/line1/sorting/machine0,manufacturing,energy,static,4,factory/line1/sorting/machine0,1,10.0,1,,1.0,8,1,p_gated_uniform,0,77,7.507425833091285,75.07425833091285,0.8006702557950277,1.0,1.0,1.0,0.0
manufacturing|energy|4|factory/line1/sorting/machine0,manufacturing,energy,static,4,factory/line1/sorting/machine0,1,10.0,1,,1.0,8,1,p_gated_uniform,1,1077,8.092036662215458,80.92036662215457,1.0537066635256265,1.0,1.0,1.0,0.0
manufacturing|energy|4|factory/line1/sorting/machine0,manufacturing,energy,static,4,factory/line1/sorting/machine0,1,10.0,1,,1.0,8,1,p_gated_uniform,2,2077,7.642454176721908,76.42454176721908,0.833085040447501,1.0,1.0,1.0,0.0
manufacturing|energy|4|factory/line1/sorting/machine0,manufacturing,energy,static,4,factory/line1/sorting/machine0,1,10.0,1,,1.0,8,1,p_gated_uniform,3,3077,8.361086364770982,83.61086364770982,0.7690339213412888,1.0,1.0,1.0,0.0
manufacturing|energy|4|factory/line1/sorting/machine0,manufacturing,energy,static,4,factory/line1/sorting/machine0,1,10.0,1,,1.0,8,1,p_gated_uniform,4,4077,8.190993159742353,81.90993159742354,0.8950303031295554,1.0,1.0,1.0,0.0
manufacturing|energy|4|factory/line1/sorting/machine0,manufacturing,energy,static,4,factory/line1/sorting/machine0,1,10.0,1,,1.0,8,1,p_gated_uniform,5,5077,8.247843135341258,82.47843135341257,0.9545326588852774,1.0,1.0,1.0,0.0
manufacturing|energy|4|factory/line1/processing/machine1,manufacturing,energy,static,4,factory/line1/processing/machine1,1,10.0,1,,1.0,8,1,p_gated_uniform,0,77,7.507425833091285,75.07425833091285,0.8052119411897082,1.0,1.0,1.0,0.0
manufacturing|energy|4|factory/line1/processing/machine1,manufacturing,energy,static,4,factory/line1/processing/machine1,1,10.0,1,,1.0,8,1,p_gated_uniform,1,1077,8.092036662215458,80.92036662215457,1.0507878325759317,1.0,1.0,1.0,0.0
manufacturing|energy|4|factory/line1/processing/machine1,manufacturing,energy,static,4,factory/line1/processing/machine1,1,10.0,1,,1.0,8,1,p_gated_uniform,2,2077,7.642454176721908,76.42454176721908,0.8354203215406858,1.0,1.0,1.0,0.0
manufacturing|energy|4|factory/line1/processing/machine1,manufacturing,energy,static,4,factory/line1/processing/machine1,1,10.0,1,,1.0,8,1,p_gated_uniform,3,3077,8.361086364770982,83.61086364770982,0.7624767887377362,1.0,1.0,1.0,0.0
manufacturing|energy|4|factory/line1/processing/machine1,manufacturing,energy,static,4,factory/line1/processing/machine1,1,10.0,1,,1.0,8,1,p_gated_uniform,4,4077,8.190993159742353,81.90993159742354,0.8950193767280329,1.0,1.0,1.0,0.0
manufacturing|energy|4|factory/line1/processing/machine1,manufacturing,energy,static,4,factory/line1/processing/machine1,1,10.0,1,,1.0,8,1,p_gated_uniform,5,5077,8.247843135341258,82.47843135341257,0.9571972016355204,1.0,1.0,1.0,0.0
manufacturing|energy|4|factory/line1/warehouse/machine2,manufacturing,energy,static,4,factory/line1/warehouse/machine2,1,10.0,1,,1.0,8,1,p_gated_uniform,0,77,7.507425833091285,75.07425833091285,0.8074782545119987,1.0,1.0,1.0,0.0
manufacturing|energy|4|factory/line1/warehouse/machine2,manufacturing,energy,static,4,factory/line1/warehouse/machine2,1,10.0,1,,1.0,8,1,p_gated_uniform,1,1077,8.092036662215458,80.92036662215457,1.0478965402051332,1.0,1.0,1.0,0.0
manufacturing|energy|4|factory/line1/warehouse/machine2,manufacturing,energy,static,4,factory/line1/warehouse/machine2,1,10.0,1,,1.0,8,1,p_gated_uniform,2,2077,7.642454176721908,76.42454176721908,0.8401197493577841,1.0,1.0,1.0,0.0
manufacturing|energy|4|factory/line1/warehouse/machine2,manufacturing,energy,static,4,factory/line1/warehouse/machine2,1,10.0,1,,1.0,8,1,p_gated_uniform,3,3077,8.361086364770982,83.61086364770982,0.7712277914211044,1.0,1.0,1.0,0.0
manufacturing|energy|4|factory/line1/warehouse/machine2,manufacturing,energy,static,4,factory/line1/warehouse/machine2,1,10.0,1,,1.0,8,1,p_gated_uniform,4,4077,8.190993159742353,81.90993159742354,0.8925435249428575,1.0,1.0,1.0,0.0
manufacturing|energy|4|factory/line1/warehouse/machine2,manufacturing,energy,static,4,factory/line1/warehouse/machine2,1,10.0,1,,1.0,8,1,p_gated_uniform,5,5077,8.247843135341258,82.47843135341257,0.9545321070123588,1.0,1.0,1.0,0.0
manufacturing|energy|4|factory/line1/robotics/machine3,manufacturing,energy,static,4,factory/line1/robotics/machine3,1,10.0,1,,1.0,8,1,p_gated_uniform,0,77,7.507425833091285,75.07425833091285,0.8006791285670889,1.0,1.0,1.0,0.0
manufacturing|energy|4|factory/line1/robotics/machine3,manufacturing,energy,static,4,factory/line1/robotics/machine3,1,10.0,1,,1.0,8,1,p_gated_uniform,1,1077,8.092036662215458,80.92036662215457,1.04787992857824,1.0,1.0,1.0,0.0
manufacturing|energy|4|factory/line1/robotics/machine3,manufacturing,energy,static,4,factory/line1/robotics/machine3,1,10.0,1,,1.0,8,1,p_gated_uniform,2,2077,7.642454176721908,76.42454176721908,0.8401232332937288,1.0,1.0,1.0,0.0
manufacturing|energy|4|factory/line1/robotics/machine3,manufacturing,energy,static,4,factory/line1/robotics/machine3,1,10.0,1,,1.0,8,1,p_gated_uniform,3,3077,8.361086364770982,83.61086364770982,0.7668402597524182,1.0,1.0,1.0,0.0
manufacturing|energy|4|factory/line1/robotics/machine3,manufacturing,energy,static,4,factory/line1/robotics/machine3,1,10.0,1,,1.0,8,1,p_gated_uniform,4,4077,8.190993159742353,81.90993159742354,0.8975141111779212,1.0,1.0,1.0,0.0
manufacturing|energy|4|factory/line1/robotics/machine3,manufacturing,energy,static,4,factory/line1/robotics/machine3,1,10.0,1,,1.0,8,1,p_gated_uniform,5,5077,8.247843135341258,82.47843135341257,0.9518943848985189,1.0,1.0,1.0,0.0
manufacturing|energy|4|factory/line1/sorting/machine4,manufacturing,energy,static,4,factory/line1/sorting/machine4,1,10.0,1,,1.0,8,1,p_gated_uniform,0,77,7.507425833091285,75.07425833091285,0.8006754790239533,1.0,1.0,1.0,0.0
manufacturing|energy|4|factory/line1/sorting/machine4,manufacturing,energy,static,4,factory/line1/sorting/machine4,1,10.0,1,,1.0,8,1,p_gated_uniform,1,1077,8.092036662215458,80.92036662215457,1.0449789636562767,1.0,1.0,1.0,0.0
manufacturing|energy|4|factory/line1/sorting/machine4,manufacturing,energy,static,4,factory/line1/sorting/machine4,1,10.0,1,,1.0,8,1,p_gated_uniform,2,2077,7.642454176721908,76.42454176721908,0.8311377763454655,1.0,1.0,1.0,0.0
manufacturing|energy|4|factory/line1/sorting/machine4,manufacturing,energy,static,4,factory/line1/sorting/machine4,1,10.0,1,,1.0,8,1,p_gated_uniform,3,3077,8.361086364770982,83.61086364770982,0.7603067553194743,1.0,1.0,1.0,0.0
manufacturing|energy|4|factory/line1/sorting/machine4,manufacturing,energy,static,4,factory/line1/sorting/machine4,1,10.0,1,,1.0,8,1,p_gated_uniform,4,4077,8.190993159742353,81.90993159742354,0.8950227954007938,1.0,1.0,1.0,0.0
manufacturing|energy|4|factory/line1/sorting/machine4,manufacturing,energy,static,4,factory/line1/sorting/machine4,1,10.0,1,,1.0,8,1,p_gated_uniform,5,5077,8.247843135341258,82.47843135341257,0.9492869043115164,1.0,1.0,1.0,0.0
manufacturing|energy|4|factory/line1/processing/machine5,manufacturing,energy,static,4,factory/line1/processing/machine5,1,10.0,1,,1.0,8,1,p_gated_uniform,0,77,7.507425833091285,75.07425833091285,0.800676821319218,1.0,1.0,1.0,0.0
manufacturing|energy|4|factory/line1/processing/machine5,manufacturing,energy,static,4,factory/line1/processing/machine5,1,10.0,1,,1.0,8,1,p_gated_uniform,1,1077,8.092036662215458,80.92036662215457,1.0508075520520113,1.0,1.0,1.0,0.0
manufacturing|energy|4|factory/line1/processing/machine5,manufacturing,energy,static,4,factory/line1/processing/machine5,1,10.0,1,,1.0,8,1,p_gated_uniform,2,2077,7.642454176721908,76.42454176721908,0.835446344481291,1.0,1.0,1.0,0.0
manufacturing|energy|4|factory/line1/processing/machine5,manufacturing,energy,static,4,factory/line1/processing/machine5,1,10.0,1,,1.0,8,1,p_gated_uniform,3,3077,8.361086364770982,83.61086364770982,0.7559719608796938,1.0,1.0,1.0,0.0
manufacturing|energy|4|factory/line1/processing/machine5,manufacturing,energy,static,4,factory/line1/processing/machine5,1,10.0,1,,1.0,8,1,p_gated_uniform,4,4077,8.190993159742353,81.90993159742354,0.8975113726760449,1.0,1.0,1.0,0.0
manufacturing|energy|4|factory/line1/processing/machine5,manufacturing,energy,static,4,factory/line1/processing/machine5,1,10.0,1,,1.0,8,1,p_gated_uniform,5,5077,8.247843135341258,82.47843135341257,0.9545500538735304,1.0,1.0,1.0,0.0
manufacturing|energy|4|factory/line1/warehouse/machine6,manufacturing,energy,static,4,factory/line1/warehouse/machine6,1,10.0,1,,1.0,8,1,p_gated_uniform,0,77,7.507425833091285,75.07425833091285,0.7984159077247773,1.0,1.0,1.0,0.0
manufacturing|energy|4|factory/line1/warehouse/machine6,manufacturing,energy,static,4,factory/line1/warehouse/machine6,1,10.0,1,,1.0,8,1,p_gated_uniform,1,1077,8.092036662215458,80.92036662215457,1.0507885950436997,1.0,1.0,1.0,0.0
manufacturing|energy|4|factory/line1/warehouse/machine6,manufacturing,energy,static,4,factory/line1/warehouse/machine6,1,10.0,1,,1.0,8,1,p_gated_uniform,2,2077,7.642454176721908,76.42454176721908,0.8401251380530915,1.0,1.0,1.0,0.0
manufacturing|energy|4|factory/line1/warehouse/machine6,manufacturing,energy,static,4,factory/line1/warehouse/machine6,1,10.0,1,,1.0,8,1,p_gated_uniform,3,3077,8.361086364770982,83.61086364770982,0.766844903732283,1.0,1.0,1.0,0.0
manufacturing|energy|4|factory/line1/warehouse/machine6,manufacturing,energy,static,4,factory/line1/warehouse/machine6,1,10.0,1,,1.0,8,1,p_gated_uniform,4,4077,8.190993159742353,81.90993159742354,0.8975196065689083,1.0,1.0,1.0,0.0
manufacturing|energy|4|factory/line1/warehouse/machine6,manufacturing,energy,static,4,factory/line1/warehouse/machine6,1,10.0,1,,1.0,8,1,p_gated_uniform,5,5077,8.247843135341258,82.47843135341257,0.9545297060620568,1.0,1.0,1.0,0.0
manufacturing|energy|4|factory/line1/robotics/machine7,manufacturing,energy,static,4,factory/line1/robotics/machine7,1,10.0,1,,1.0,8,1,p_gated_uniform,0,77,7.507425833091285,75.07425833091285,0.8074834415034045,1.0,1.0,1.0,0.0
manufacturing|energy|4|factory/line1/robotics/machine7,manufacturing,energy,static,4,factory/line1/robotics/machine7,1,10.0,1,,1.0,8,1,p_gated_uniform,1,1077,8.092036662215458,80.92036662215457,1.0479004844816835,1.0,1.0,1.0,0.0
manufacturing|energy|4|factory/line1/robotics/machine7,manufacturing,energy,static,4,factory/line1/robotics/machine7,1,10.0,1,,1.0,8,1,p_gated_uniform,2,2077,7.642454176721908,76.42454176721908,0.828444710141248,1.0,1.0,1.0,0.0
manufacturing|energy|4|factory/line1/robotics/machine7,manufacturing,energy,static,4,factory/line1/robotics/machine7,1,10.0,1,,1.0,8,1,p_gated_uniform,3,3077,8.361086364770982,83.61086364770982,0.7668402597524182,1.0,1.0,1.0,0.0
manufacturing|energy|4|factory/line1/robotics/machine7,manufacturing,energy,static,4,factory/line1/robotics/machine7,1,10.0,1,,1.0,8,1,p_gated_uniform,4,4077,8.190993159742353,81.90993159742354,0.8950193767280329,1.0,1.0,1.0,0.0
manufacturing|energy|4|factory/line1/robotics/machine7,manufacturing,energy,static,4,factory/line1/robotics/machine7,1,10.0,1,,1.0,8,1,p_gated_uniform,5,5077,8.247843135341258,82.47843135341257,0.9571972016355204,1.0,1.0,1.0,0.0
manufacturing|energy|4|factory/line1/sorting/machine8,manufacturing,energy,static,4,factory/line1/sorting/machine8,1,10.0,1,,1.0,8,1,p_gated_uniform,0,77,7.507425833091285,75.07425833091285,0.800676821319218,1.0,1.0,1.0,0.0
manufacturing|energy|4|factory/line1/sorting/machine8,manufacturing,energy,static,4,factory/line1/sorting/machine8,1,10.0,1,,1.0,8,1,p_gated_uniform,1,1077,8.092036662215458,80.92036662215457,1.04787992857824,1.0,1.0,1.0,0.0
manufacturing|energy|4|factory/line1/sorting/machine8,manufacturing,energy,static,4,factory/line1/sorting/machine8,1,10.0,1,,1.0,8,1,p_gated_uniform,2,2077,7.642454176721908,76.42454176721908,0.8354339163693247,1.0,1.0,1.0,0.0
manufacturing|energy|4|factory/line1/sorting/machine8,manufacturing,energy,static,4,factory/line1/sorting/machine8,1,10.0,1,,1.0,8,1,p_gated_uniform,3,3077,8.361086364770982,83.61086364770982,0.7668402597524182,1.0,1.0,1.0,0.0
manufacturing|energy|4|factory/line1/sorting/machine8,manufacturing,energy,static,4,factory/line1/sorting/machine8,1,10.0,1,,1.0,8,1,p_gated_uniform,4,4077,8.190993159742353,81.90993159742354,0.8975113726760449,1.0,1.0,1.0,0.0
manufacturing|energy|4|factory/line1/sorting/machine8,manufacturing,energy,static,4,factory/line1/sorting/machine8,1,10.0,1,,1.0,8,1,p_gated_uniform,5,5077,8.247843135341258,82.47843135341257,0.9598292146105524,1.0,1.0,1.0,0.0
manufacturing|energy|4|factory/line1/processing/machine9,manufacturing,energy,static,4,factory/line1/processing/machine9,1,10.0,1,,1.0,8,1,p_gated_uniform,0,77,7.507425833091285,75.07425833091285,0.8006772868299729,1.0,1.0,1.0,0.0
manufacturing|energy|4|factory/line1/processing/machine9,manufacturing,energy,static,4,factory/line1/processing/machine9,1,10.0,1,,1.0,8,1,p_gated_uniform,1,1077,8.092036662215458,80.92036662215457,1.0566269416216596,1.0,1.0,1.0,0.0
manufacturing|energy|4|factory/line1/processing/machine9,manufacturing,energy,static,4,factory/line1/processing/machine9,1,10.0,1,,1.0,8,1,p_gated_uniform,2,2077,7.642454176721908,76.42454176721908,0.8354320186115501,1.0,1.0,1.0,0.0
manufacturing|energy|4|factory/line1/processing/machine9,manufacturing,energy,static,4,factory/line1/processing/machine9,1,10.0,1,,1.0,8,1,p_gated_uniform,3,3077,8.361086364770982,83.61086364770982,0.7559497133677403,1.0,1.0,1.0,0.0
manufacturing|energy|4|factory/line1/processing/machine9,manufacturing,energy,static,4,factory/line1/processing/machine9,1,10.0,1,,1.0,8,1,p_gated_uniform,4,4077,8.190993159742353,81.90993159742354,0.8975130728701055,1.0,1.0,1.0,0.0
manufacturing|energy|4|factory/line1/processing/machine9,manufacturing,energy,static,4,factory/line1/processing/machine9,1,10.0,1,,1.0,8,1,p_gated_uniform,5,5077,8.247843135341258,82.47843135341257,0.9545345457576768,1.0,1.0,1.0,0.0
manufacturing|energy|5|factory/line1/sorting/machine0/energy,manufacturing,energy,static,5,factory/line1/sorting/machine0/energy,1,10.0,1,,1.0,8,1,p_gated_uniform,0,77,7.507425833091285,75.07425833091285,0.8006702557950277,1.0,1.0,1.0,0.0
manufacturing|energy|5|factory/line1/sorting/machine0/energy,manufacturing,energy,static,5,factory/line1/sorting/machine0/energy,1,10.0,1,,1.0,8,1,p_gated_uniform,1,1077,8.092036662215458,80.92036662215457,1.0537066635256265,1.0,1.0,1.0,0.0
manufacturing|energy|5|factory/line1/sorting/machine0/energy,manufacturing,energy,static,5,factory/line1/sorting/machine0/energy,1,10.0,1,,1.0,8,1,p_gated_uniform,2,2077,7.642454176721908,76.42454176721908,0.833085040447501,1.0,1.0,1.0,0.0
manufacturing|energy|5|factory/line1/sorting/machine0/energy,manufacturing,energy,static,5,factory/line1/sorting/machine0/energy,1,10.0,1,,1.0,8,1,p_gated_uniform,3,3077,8.361086364770982,83.61086364770982,0.7690339213412888,1.0,1.0,1.0,0.0
manufacturing|energy|5|factory/line1/sorting/machine0/energy,manufacturing,energy,static,5,factory/line1/sorting/machine0/energy,1,10.0,1,,1.0,8,1,p_gated_uniform,4,4077,8.190993159742353,81.90993159742354,0.8950303031295554,1.0,1.0,1.0,0.0
manufacturing|energy|5|factory/line1/sorting/machine0/energy,manufacturing,energy,static,5,factory/line1/sorting/machine0/energy,1,10.0,1,,1.0,8,1,p_gated_uniform,5,5077,8.247843135341258,82.47843135341257,0.9545326588852774,1.0,1.0,1.0,0.0
manufacturing|energy|5|factory/line1/processing/machine1/energy,manufacturing,energy,static,5,factory/line1/processing/machine1/energy,1,10.0,1,,1.0,8,1,p_gated_uniform,0,77,7.507425833091285,75.07425833091285,0.8052119411897082,1.0,1.0,1.0,0.0
manufacturing|energy|5|factory/line1/processing/machine1/energy,manufacturing,energy,static,5,factory/line1/processing/machine1/energy,1,10.0,1,,1.0,8,1,p_gated_uniform,1,1077,8.092036662215458,80.92036662215457,1.0507878325759317,1.0,1.0,1.0,0.0
manufacturing|energy|5|factory/line1/processing/machine1/energy,manufacturing,energy,static,5,factory/line1/processing/machine1/energy,1,10.0,1,,1.0,8,1,p_gated_uniform,2,2077,7.642454176721908,76.42454176721908,0.8354203215406858,1.0,1.0,1.0,0.0
manufacturing|energy|5|factory/line1/processing/machine1/energy,manufacturing,energy,static,5,factory/line1/processing/machine1/energy,1,10.0,1,,1.0,8,1,p_gated_uniform,3,3077,8.361086364770982,83.61086364770982,0.7624767887377362,1.0,1.0,1.0,0.0
manufacturing|energy|5|factory/line1/processing/machine1/energy,manufacturing,energy,static,5,factory/line1/processing/machine1/energy,1,10.0,1,,1.0,8,1,p_gated_uniform,4,4077,8.190993159742353,81.90993159742354,0.8950193767280329,1.0,1.0,1.0,0.0
manufacturing|energy|5|factory/line1/processing/machine1/energy,manufacturing,energy,static,5,factory/line1/processing/machine1/energy,1,10.0,1,,1.0,8,1,p_gated_uniform,5,5077,8.247843135341258,82.47843135341257,0.9571972016355204,1.0,1.0,1.0,0.0
manufacturing|energy|5|factory/line1/warehouse/machine2/energy,manufacturing,energy,static,5,factory/line1/warehouse/machine2/energy,1,10.0,1,,1.0,8,1,p_gated_uniform,0,77,7.507425833091285,75.07425833091285,0.8074782545119987,1.0,1.0,1.0,0.0
manufacturing|energy|5|factory/line1/warehouse/machine2/energy,manufacturing,energy,static,5,factory/line1/warehouse/machine2/energy,1,10.0,1,,1.0,8,1,p_gated_uniform,1,1077,8.092036662215458,80.92036662215457,1.0478965402051332,1.0,1.0,1.0,0.0
manufacturing|energy|5|factory/line1/warehouse/machine2/energy,manufacturing,energy,static,5,factory/line1/warehouse/machine2/energy,1,10.0,1,,1.0,8,1,p_gated_uniform,2,2077,7.642454176721908,76.42454176721908,0.8401197493577841,1.0,1.0,1.0,0.0
manufacturing|energy|5|factory/line1/warehouse/machine2/energy,manufacturing,energy,static,5,factory/line1/warehouse/machine2/energy,1,10.0,1,,1.0,8,1,p_gated_uniform,3,3077,8.361086364770982,83.61086364770982,0.7712277914211044,1.0,1.0,1.0,0.0
manufacturing|energy|5|factory/line1/warehouse/machine2/energy,manufacturing,energy,static,5,factory/line1/warehouse/machine2/energy,1,10.0,1,,1.0,8,1,p_gated_uniform,4,4077,8.190993159742353,81.90993159742354,0.8925435249428575,1.0,1.0,1.0,0.0
manufacturing|energy|5|factory/line1/warehouse/machine2/energy,manufacturing,energy,static,5,factory/line1/warehouse/machine2/energy,1,10.0,1,,1.0,8,1,p_gated_uniform,5,5077,8.247843135341258,82.47843135341257,0.9545321070123588,1.0,1.0,1.0,0.0
manufacturing|energy|5|factory/line1/robotics/machine3/energy,manufacturing,energy,static,5,factory/line1/robotics/machine3/energy,1,10.0,1,,1.0,8,1,p_gated_uniform,0,77,7.507425833091285,75.07425833091285,0.8006791285670889,1.0,1.0,1.0,0.0
manufacturing|energy|5|factory/line1/robotics/machine3/energy,manufacturing,energy,static,5,factory/line1/robotics/machine3/energy,1,10.0,1,,1.0,8,1,p_gated_uniform,1,1077,8.092036662215458,80.92036662215457,1.04787992857824,1.0,1.0,1.0,0.0
manufacturing|energy|5|factory/line1/robotics/machine3/energy,manufacturing,energy,static,5,factory/line1/robotics/machine3/energy,1,10.0,1,,1.0,8,1,p_gated_uniform,2,2077,7.642454176721908,76.42454176721908,0.8401232332937288,1.0,1.0,1.0,0.0
manufacturing|energy|5|factory/line1/robotics/machine3/energy,manufacturing,energy,static,5,factory/line1/robotics/machine3/energy,1,10.0,1,,1.0,8,1,p_gated_uniform,3,3077,8.361086364770982,83.61086364770982,0.7668402597524182,1.0,1.0,1.0,0.0
manufacturing|energy|5|factory/line1/robotics/machine3/energy,manufacturing,energy,static,5,factory/line1/robotics/machine3/energy,1,10.0,1,,1.0,8,1,p_gated_uniform,4,4077,8.190993159742353,81.90993159742354,0.8975141111779212,1.0,1.0,1.0,0.0
manufacturing|energy|5|factory/line1/robotics/machine3/energy,manufacturing,energy,static,5,factory/line1/robotics/machine3/energy,1,10.0,1,,1.0,8,1,p_gated_uniform,5,5077,8.247843135341258,82.47843135341257,0.9518943848985189,1.0,1.0,1.0,0.0
manufacturing|energy|5|factory/line1/sorting/machine4/energy,manufacturing,energy,static,5,factory/line1/sorting/machine4/energy,1,10.0,1,,1.0,8,1,p_gated_uniform,0,77,7.507425833091285,75.07425833091285,0.8006754790239533,1.0,1.0,1.0,0.0
manufacturing|energy|5|factory/line1/sorting/machine4/energy,manufacturing,energy,static,5,factory/line1/sorting/machine4/energy,1,10.0,1,,1.0,8,1,p_gated_uniform,1,1077,8.092036662215458,80.92036662215457,1.0449789636562767,1.0,1.0,1.0,0.0
manufacturing|energy|5|factory/line1/sorting/machine4/energy,manufacturing,energy,static,5,factory/line1/sorting/machine4/energy,1,10.0,1,,1.0,8,1,p_gated_uniform,2,2077,7.642454176721908,76.42454176721908,0.8311377763454655,1.0,1.0,1.0,0.0
manufacturing|energy|5|factory/line1/sorting/machine4/energy,manufacturing,energy,static,5,factory/line1/sorting/machine4/energy,1,10.0,1,,1.0,8,1,p_gated_uniform,3,3077,8.361086364770982,83.61086364770982,0.7603067553194743,1.0,1.0,1.0,0.0
manufacturing|energy|5|factory/line1/sorting/machine4/energy,manufacturing,energy,static,5,factory/line1/sorting/machine4/energy,1,10.0,1,,1.0,8,1,p_gated_uniform,4,4077,8.190993159742353,81.90993159742354,0.8950227954007938,1.0,1.0,1.0,0.0
manufacturing|energy|5|factory/line1/sorting/machine4/energy,manufacturing,energy,static,5,factory/line1/sorting/machine4/energy,1,10.0,1,,1.0,8,1,p_gated_uniform,5,5077,8.247843135341258,82.47843135341257,0.9492869043115164,1.0,1.0,1.0,0.0
manufacturing|energy|5|factory/line1/processing/machine5/energy,manufacturing,energy,static,5,factory/line1/processing/machine5/energy,1,10.0,1,,1.0,8,1,p_gated_uniform,0,77,7.507425833091285,75.07425833091285,0.800676821319218,1.0,1.0,1.0,0.0
manufacturing|energy|5|factory/line1/processing/machine5/energy,manufacturing,energy,static,5,factory/line1/processing/machine5/energy,1,10.0,1,,1.0,8,1,p_gated_uniform,1,1077,8.092036662215458,80.92036662215457,1.0508075520520113,1.0,1.0,1.0,0.0
manufacturing|energy|5|factory/line1/processing/machine5/energy,manufacturing,energy,static,5,factory/line1/processing/machine5/energy,1,10.0,1,,1.0,8,1,p_gated_uniform,2,2077,7.642454176721908,76.42454176721908,0.835446344481291,1.0,1.0,1.0,0.0
manufacturing|energy|5|factory/line1/processing/machine5/energy,manufacturing,energy,static,5,factory/line1/processing/machine5/energy,1,10.0,1,,1.0,8,1,p_gated_uniform,3,3077,8.361086364770982,83.61086364770982,0.7559719608796938,1.0,1.0,1.0,0.0
manufacturing|energy|5|factory/line1/processing/machine5/energy,manufacturing,energy,static,5,factory/line1/processing/machine5/energy,1,10.0,1,,1.0,8,1,p_gated_uniform,4,4077,8.190993159742353,81.90993159742354,0.8975113726760449,1.0,1.0,1.0,0.0
manufacturing|energy|5|factory/line1/processing/machine5/energy,manufacturing,energy,static,5,factory/line1/processing/machine5/energy,1,10.0,1,,1.0,8,1,p_gated_uniform,5,5077,8.247843135341258,82.47843135341257,0.9545500538735304,1.0,1.0,1.0,0.0
manufacturing|energy|5|factory/line1/warehouse/machine6/energy,manufacturing,energy,static,5,factory/line1/warehouse/machine6/energy,1,10.0,1,,1.0,8,1,p_gated_uniform,0,77,7.507425833091285,75.07425833091285,0.7984159077247773,1.0,1.0,1.0,0.0
manufacturing|energy|5|factory/line1/warehouse/machine6/energy,manufacturing,energy,static,5,factory/line1/warehouse/machine6/energy,1,10.0,1,,1.0,8,1,p_gated_uniform,1,1077,8.092036662215458,80.92036662215457,1.0507885950436997,1.0,1.0,1.0,0.0
manufacturing|energy|5|factory/line1/warehouse/machine6/energy,manufacturing,energy,static,5,factory/line1/warehouse/machine6/energy,1,10.0,1,,1.0,8,1,p_gated_uniform,2,2077,7.642454176721908,76.42454176721908,0.8401251380530915,1.0,1.0,1.0,0.0
manufacturing|energy|5|factory/line1/warehouse/machine6/energy,manufacturing,energy,static,5,factory/line1/warehouse/machine6/energy,1,10.0,1,,1.0,8,1,p_gated_uniform,3,3077,8.361086364770982,83.61086364770982,0.766844903732283,1.0,1.0,1.0,0.0
manufacturing|energy|5|factory/line1/warehouse/machine6/energy,manufacturing,energy,static,5,factory/line1/warehouse/machine6/energy,1,10.0,1,,1.0,8,1,p_gated_uniform,4,4077,8.190993159742353,81.90993159742354,0.8975196065689083,1.0,1.0,1.0,0.0
manufacturing|energy|5|factory/line1/warehouse/machine6/energy,manufacturing,energy,static,5,factory/line1/warehouse/machine6/energy,1,10.0,1,,1.0,8,1,p_gated_uniform,5,5077,8.247843135341258,82.47843135341257,0.9545297060620568,1.0,1.0,1.0,0.0
manufacturing|energy|5|factory/line1/robotics/machine7/energy,manufacturing,energy,static,5,factory/line1/robotics/machine7/energy,1,10.0,1,,1.0,8,1,p_gated_uniform,0,77,7.507425833091285,75.07425833091285,0.8074834415034045,1.0,1.0,1.0,0.0
manufacturing|energy|5|factory/line1/robotics/machine7/energy,manufacturing,energy,static,5,factory/line1/robotics/machine7/energy,1,10.0,1,,1.0,8,1,p_gated_uniform,1,1077,8.092036662215458,80.92036662215457,1.0479004844816835,1.0,1.0,1.0,0.0
manufacturing|energy|5|factory/line1/robotics/machine7/energy,manufacturing,energy,static,5,factory/line1/robotics/machine7/energy,1,10.0,1,,1.0,8,1,p_gated_uniform,2,2077,7.642454176721908,76.42454176721908,0.828444710141248,1.0,1.0,1.0,0.0
manufacturing|energy|5|factory/line1/robotics/machine7/energy,manufacturing,energy,static,5,factory/line1/robotics/machine7/energy,1,10.0,1,,1.0,8,1,p_gated_uniform,3,3077,8.361086364770982,83.61086364770982,0.7668402597524182,1.0,1.0,1.0,0.0
manufacturing|energy|5|factory/line1/robotics/machine7/energy,manufacturing,energy,static,5,factory/line1/robotics/machine7/energy,1,10.0,1,,1.0,8,1,p_gated_uniform,4,4077,8.190993159742353,81.90993159742354,0.8950193767280329,1.0,1.0,1.0,0.0
manufacturing|energy|5|factory/line1/robotics/machine7/energy,manufacturing,energy,static,5,factory/line1/robotics/machine7/energy,1,10.0,1,,1.0,8,1,p_gated_uniform,5,5077,8.247843135341258,82.47843135341257,0.9571972016355204,1.0,1.0,1.0,0.0
manufacturing|energy|5|factory/line1/sorting/machine8/energy,manufacturing,energy,static,5,factory/line1/sorting/machine8/energy,1,10.0,1,,1.0,8,1,p_gated_uniform,0,77,7.507425833091285,75.07425833091285,0.800676821319218,1.0,1.0,1.0,0.0
manufacturing|energy|5|factory/line1/sorting/machine8/energy,manufacturing,energy,static,5,factory/line1/sorting/machine8/energy,1,10.0,1,,1.0,8,1,p_gated_uniform,1,1077,8.092036662215458,80.92036662215457,1.04787992857824,1.0,1.0,1.0,0.0
manufacturing|energy|5|factory/line1/sorting/machine8/energy,manufacturing,energy,static,5,factory/line1/sorting/machine8/energy,1,10.0,1,,1.0,8,1,p_gated_uniform,2,2077,7.642454176721908,76.42454176721908,0.8354339163693247,1.0,1.0,1.0,0.0
manufacturing|energy|5|factory/line1/sorting/machine8/energy,manufacturing,energy,static,5,factory/line1/sorting/machine8/energy,1,10.0,1,,1.0,8,1,p_gated_uniform,3,3077,8.361086364770982,83.61086364770982,0.7668402597524182,1.0,1.0,1.0,0.0
manufacturing|energy|5|factory/line1/sorting/machine8/energy,manufacturing,energy,static,5,factory/line1/sorting/machine8/energy,1,10.0,1,,1.0,8,1,p_gated_uniform,4,4077,8.190993159742353,81.90993159742354,0.8975113726760449,1.0,1.0,1.0,0.0
manufacturing|energy|5|factory/line1/sorting/machine8/energy,manufacturing,energy,static,5,factory/line1/sorting/machine8/energy,1,10.0,1,,1.0,8,1,p_gated_uniform,5,5077,8.247843135341258,82.47843135341257,0.9598292146105524,1.0,1.0,1.0,0.0
manufacturing|energy|5|factory/line1/processing/machine9/energy,manufacturing,energy,static,5,factory/line1/processing/machine9/energy,1,10.0,1,,1.0,8,1,p_gated_uniform,0,77,7.507425833091285,75.07425833091285,0.8006772868299729,1.0,1.0,1.0,0.0
manufacturing|energy|5|factory/line1/processing/machine9/energy,manufacturing,energy,static,5,factory/line1/processing/machine9/energy,1,10.0,1,,1.0,8,1,p_gated_uniform,1,1077,8.092036662215458,80.92036662215457,1.0566269416216596,1.0,1.0,1.0,0.0
manufacturing|energy|5|factory/line1/processing/machine9/energy,manufacturing,energy,static,5,factory/line1/processing/machine9/energy,1,10.0,1,,1.0,8,1,p_gated_uniform,2,2077,7.642454176721908,76.42454176721908,0.8354320186115501,1.0,1.0,1.0,0.0
manufacturing|energy|5|factory/line1/processing/machine9/energy,manufacturing,energy,static,5,factory/line1/processing/machine9/energy,1,10.0,1,,1.0,8,1,p_gated_uniform,3,3077,8.361086364770982,83.61086364770982,0.7559497133677403,1.0,1.0,1.0,0.0
manufacturing|energy|5|factory/line1/processing/machine9/energy,manufacturing,energy,static,5,factory/line1/processing/machine9/energy,1,10.0,1,,1.0,8,1,p_gated_uniform,4,4077,8.190993159742353,81.90993159742354,0.8975130728701055,1.0,1.0,1.0,0.0
manufacturing|energy|5|factory/line1/processing/machine9/energy,manufacturing,energy,static,5,factory/line1/processing/machine9/energy,1,10.0,1,,1.0,8,1,p_gated_uniform,5,5077,8.247843135341258,82.47843135341257,0.9545345457576768,1.0,1.0,1.0,0.0
mobility|traffic_speed|1|mobility,mobility,traffic_speed,static,1,mobility,16,120.0,1,,1.0,8,1,p_gated_uniform,0,77,1.5359217983408984,184.3106158009078,0.9955827692629472,1.0,0.2026179056754596,5.08273381294964,0.0
mobility|traffic_speed|1|mobility,mobility,traffic_speed,static,1,mobility,16,120.0,1,,1.0,8,1,p_gated_uniform,1,1077,1.6196415644937778,194.35698773925333,0.7614231231229738,1.0,0.2026179056754596,5.08273381294964,0.0
mobility|traffic_speed|1|mobility,mobility,traffic_speed,static,1,mobility,16,120.0,1,,1.0,8,1,p_gated_uniform,2,2077,1.5394849728135689,184.73819673762824,0.8424113805591247,1.0,0.2026179056754596,5.08273381294964,0.0
mobility|traffic_speed|1|mobility,mobility,traffic_speed,static,1,mobility,16,120.0,1,,1.0,8,1,p_gated_uniform,3,3077,1.6923582461617852,203.08298953941423,0.7306065102600495,1.0,0.2026179056754596,5.08273381294964,0.0
mobility|traffic_speed|1|mobility,mobility,traffic_speed,static,1,mobility,16,120.0,1,,1.0,8,1,p_gated_uniform,4,4077,1.655334274280884,198.64011291370608,0.8381516306728156,1.0,0.2026179056754596,5.08273381294964,0.0
mobility|traffic_speed|1|mobility,mobility,traffic_speed,static,1,mobility,16,120.0,1,,1.0,8,1,p_gated_uniform,5,5077,1.6793067667783688,201.51681201340423,0.7228363781177858,1.0,0.2026179056754596,5.08273381294964,0.0
mobility|traffic_speed|2|mobility/nyc,mobility,traffic_speed,static,2,mobility/nyc,16,120.0,1,,1.0,8,1,p_gated_uniform,0,77,1.5359217983408984,184.3106158009078,0.9955827692629472,1.0,0.2026179056754596,5.08273381294964,0.0
mobility|traffic_speed|2|mobility/nyc,mobility,traffic_speed,static,2,mobility/nyc,16,120.0,1,,1.0,8,1,p_gated_uniform,1,1077,1.6196415644937778,194.35698773925333,0.7614231231229738,1.0,0.2026179056754596,5.08273381294964,0.0
mobility|traffic_speed|2|mobility/nyc,mobility,traffic_speed,static,2,mobility/nyc,16,120.0,1,,1.0,8,1,p_gated_uniform,2,2077,1.5394849728135689,184.73819673762824,0.8424113805591247,1.0,0.2026179056754596,5.08273381294964,0.0
mobility|traffic_speed|2|mobility/nyc,mobility,traffic_speed,static,2,mobility/nyc,16,120.0,1,,1.0,8,1,p_gated_uniform,3,3077,1.6923582461617852,203.08298953941423,0.7306065102600495,1.0,0.2026179056754596,5.08273381294964,0.0
mobility|traffic_speed|2|mobility/nyc,mobility,traffic_speed,static,2,mobility/nyc,16,120.0,1,,1.0,8,1,p_gated_uniform,4,4077,1.655334274280884,198.64011291370608,0.8381516306728156,1.0,0.2026179056754596,5.08273381294964,0.0
mobility|traffic_speed|2|mobility/nyc,mobility,traffic_speed,static,2,mobility/nyc,16,120.0,1,,1.0,8,1,p_gated_uniform,5,5077,1.6793067667783688,201.51681201340423,0.7228363781177858,1.0,0.2026179056754596,5.08273381294964,0.0
mobility|traffic_speed|3|mobility/nyc/SW,mobility,traffic_speed,static,3,mobility/nyc/SW,4,120.0,1,,1.0,8,1,p_gated_uniform,0,77,5.678617113099916,681.4340535719899,0.7937066281743161,0.9985590778097982,0.7585377585377585,1.5389048991354466,0.0
mobility|traffic_speed|3|mobility/nyc/SW,mobility,traffic_speed,static,3,mobility/nyc/SW,4,120.0,1,,1.0,8,1,p_gated_uniform,1,1077,5.790589081837015,694.8706898204418,0.868176116017783,0.9985590778097982,0.7585377585377585,1.5389048991354466,0.0
mobility|traffic_speed|3|mobility/nyc/SW,mobility,traffic_speed,static,3,mobility/nyc/SW,4,120.0,1,,1.0,8,1,p_gated_uniform,2,2077,5.899402866936983,707.928344032438,0.9495698607521308,0.9985590778097982,0.7585377585377585,1.5389048991354466,0.0
mobility|traffic_speed|3|mobility/nyc/SW,mobility,traffic_speed,static,3,mobility/nyc/SW,4,120.0,1,,1.0,8,1,p_gated_uniform,3,3077,6.379609344997808,765.553121399737,0.5044324095632711,0.9985590778097982,0.7585377585377585,1.5389048991354466,0.0
mobility|traffic_speed|3|mobility/nyc/SW,mobility,traffic_speed,static,3,mobility/nyc/SW,4,120.0,1,,1.0,8,1,p_gated_uniform,4,4077,6.31171100410019,757.4053204920228,0.7596322914590246,0.9985590778097982,0.7585377585377585,1.5389048991354466,0.0
mobility|traffic_speed|3|mobility/nyc/SW,mobility,traffic_speed,static,3,mobility/nyc/SW,4,120.0,1,,1.0,8,1,p_gated_uniform,5,5077,6.218783276845958,746.253993221515,0.8528941016496832,0.9985590778097982,0.7585377585377585,1.5389048991354466,0.0
mobility|traffic_speed|3|mobility/nyc/SE,mobility,traffic_speed,static,3,mobility/nyc/SE,4,120.0,1,,1.0,8,1,p_gated_uniform,0,77,5.701619488889355,684.1943386667226,0.9111690622855028,0.9970544918998528,0.7523387493845395,1.5508100147275403,0.0
mobility|traffic_speed|3|mobility/nyc/SE,mobility,traffic_speed,static,3,mobility/nyc/SE,4,120.0,1,,1.0,8,1,p_gated_uniform,1,1077,5.904562987011441,708.5475584413729,0.8582742872213075,0.9970544918998528,0.7523387493845395,1.5508100147275403,0.0
mobility|traffic_speed|3|mobility/nyc/SE,mobility,traffic_speed,static,3,mobility/nyc/SE,4,120.0,1,,1.0,8,1,p_gated_uniform,2,2077,5.719621421326548,686.3545705591857,0.7122271783760946,0.9970544918998528,0.7523387493845395,1.5508100147275403,0.0
mobility|traffic_speed|3|mobility/nyc/SE,mobility,traffic_speed,static,3,mobility/nyc/SE,4,120.0,1,,1.0,8,1,p_gated_uniform,3,3077,6.012209680117035,721.4651616140442,0.8131289237763935,0.9970544918998528,0.7523387493845395,1.5508100147275403,0.0
mobility|traffic_speed|3|mobility/nyc/SE,mobility,traffic_speed,static,3,mobility/nyc/SE,4,120.0,1,,1.0,8,1,p_gated_uniform,4,4077,6.543126054999052,785.1751265998863,0.903953252958896,0.9970544918998528,0.7523387493845395,1.5508100147275403,0.0
mobility|traffic_speed|3|mobility/nyc/SE,mobility,traffic_speed,static,3,mobility/nyc/SE,4,120.0,1,,1.0,8,1,p_gated_uniform,5,5077,6.325943153001039,759.1131783601247,0.5912635620217268,0.9970544918998528,0.7523387493845395,1.5508100147275403,0.0
mobility|traffic_speed|3|mobility/nyc/NW,mobility,traffic_speed,static,3,mobility/nyc/NW,4,120.0,1,,1.0,8,1,p_gated_uniform,0,77,5.782455267058212,693.8946320469854,0.7134032311200327,0.9971014492753624,0.7639292635658914,1.5304347826086957,0.0
mobility|traffic_speed|3|mobility/nyc/NW,mobility,traffic_speed,static,3,mobility/nyc/NW,4,120.0,1,,1.0,8,1,p_gated_uniform,1,1077,5.9604411987458406,715.2529438495009,0.913879099329332,0.9971014492753624,0.7639292635658914,1.5304347826086957,0.0
mobility|traffic_speed|3|mobility/nyc/NW,mobility,traffic_speed,static,3,mobility/nyc/NW,4,120.0,1,,1.0,8,1,p_gated_uniform,2,2077,5.828531013017749,699.4237215621298,0.6554661272819338,0.9971014492753624,0.7639292635658914,1.5304347826086957,0.0
mobility|traffic_speed|3|mobility/nyc/NW,mobility,traffic_speed,static,3,mobility/nyc/NW,4,120.0,1,,1.0,8,1,p_gated_uniform,3,3077,6.280254971261469,753.6305965513762,0.8378736988863603,0.9971014492753624,0.7639292635658914,1.5304347826086957,0.0
mobility|traffic_speed|3|mobility/nyc/NW,mobility,traffic_speed,static,3,mobility/nyc/NW,4,120.0,1,,1.0,8,1,p_gated_uniform,4,4077,6.3703393613700205,764.4407233644025,0.8107082998255151,0.9971014492753624,0.7639292635658914,1.5304347826086957,0.0
mobility|traffic_speed|3|mobility/nyc/NW,mobility,traffic_speed,static,3,mobility/nyc/NW,4,120.0,1,,1.0,8,1,p_gated_uniform,5,5077,6.544855485215146,785.3826582258175,0.6121576808195583,0.9971014492753624,0.7639292635658914,1.5304347826086957,0.0
mobility|traffic_speed|3|mobility/nyc/NE,mobility,traffic_speed,static,3,mobility/nyc/NE,4,120.0,1,,1.0,8,1,p_gated_uniform,0,77,5.690419942390908,682.850393086909,0.5866923890554063,0.9970501474926252,0.7475345167652859,1.5663716814159292,0.0
mobility|traffic_speed|3|mobility/nyc/NE,mobility,traffic_speed,static,3,mobility/nyc/NE,4,120.0,1,,1.0,8,1,p_gated_uniform,1,1077,5.774650176157049,692.9580211388459,0.7292695811640093,0.9970501474926252,0.7475345167652859,1.5663716814159292,0.0
mobility|traffic_speed|3|mobility/nyc/NE,mobility,traffic_speed,static,3,mobility/nyc/NE,4,120.0,1,,1.0,8,1,p_gated_uniform,2,2077,5.611527668741954,673.3833202490345,0.7249134817292829,0.9970501474926252,0.7475345167652859,1.5663716814159292,0.0
mobility|traffic_speed|3|mobility/nyc/NE,mobility,traffic_speed,static,3,mobility/nyc/NE,4,120.0,1,,1.0,8,1,p_gated_uniform,3,3077,5.999181205386569,719.9017446463884,0.525983841158319,0.9970501474926252,0.7475345167652859,1.5663716814159292,0.0
mobility|traffic_speed|3|mobility/nyc/NE,mobility,traffic_speed,static,3,mobility/nyc/NE,4,120.0,1,,1.0,8,1,p_gated_uniform,4,4077,6.302109271620141,756.253112594417,0.7528862687952679,0.9970501474926252,0.7475345167652859,1.5663716814159292,0.0
mobility|traffic_speed|3|mobility/nyc/NE,mobility,traffic_speed,static,3,mobility/nyc/NE,4,120.0,1,,1.0,8,1,p_gated_uniform,5,5077,6.223052115267274,746.7662538320728,0.6196735307827719,0.9970501474926252,0.7475345167652859,1.5663716814159292,0.0
mobility|traffic_speed|4|mobility/nyc/SW/cell_0_0,mobility,traffic_speed,static,4,mobility/nyc/SW/cell_0_0,1,120.0,1,,1.0,8,1,p_gated_uniform,0,77,8.202300523269457,984.2760627923348,0.692704660004559,0.7753846153846153,1.0,0.7753846153846153,0.0
mobility|traffic_speed|4|mobility/nyc/SW/cell_0_0,mobility,traffic_speed,static,4,mobility/nyc/SW/cell_0_0,1,120.0,1,,1.0,8,1,p_gated_uniform,1,1077,7.750016401975756,930.0019682370908,0.9960454103109818,0.7753846153846153,1.0,0.7753846153846153,0.0
mobility|traffic_speed|4|mobility/nyc/SW/cell_0_0,mobility,traffic_speed,static,4,mobility/nyc/SW/cell_0_0,1,120.0,1,,1.0,8,1,p_gated_uniform,2,2077,8.36529968139804,1003.8359617677648,0.6548838922022168,0.7753846153846153,1.0,0.7753846153846153,0.0
mobility|traffic_speed|4|mobility/nyc/SW/cell_0_0,mobility,traffic_speed,static,4,mobility/nyc/SW/cell_0_0,1,120.0,1,,1.0,8,1,p_gated_uniform,3,3077,8.229810128156666,987.5772153788,0.7797593537376177,0.7753846153846153,1.0,0.7753846153846153,0.0
mobility|traffic_speed|4|mobility/nyc/SW/cell_0_0,mobility,traffic_speed,static,4,mobility/nyc/SW/cell_0_0,1,120.0,1,,1.0,8,1,p_gated_uniform,4,4077,8.016467482005549,961.9760978406658,0.9069433526078856,0.7753846153846153,1.0,0.7753846153846153,0.0
mobility|traffic_speed|4|mobility/nyc/SW/cell_0_0,mobility,traffic_speed,static,4,mobility/nyc/SW/cell_0_0,1,120.0,1,,1.0,8,1,p_gated_uniform,5,5077,8.11344721418106,973.6136657017272,0.4849821192630599,0.7753846153846153,1.0,0.7753846153846153,0.0
mobility|traffic_speed|4|mobility/nyc/SW/cell_0_1,mobility,traffic_speed,static,4,mobility/nyc/SW/cell_0_1,1,120.0,1,,1.0,8,1,p_gated_uniform,0,77,8.514575163101766,1021.749019572212,0.7741102561568759,0.7994269340974212,1.0,0.7994269340974212,0.0
mobility|traffic_speed|4|mobility/nyc/SW/cell_0_1,mobility,traffic_speed,static,4,mobility/nyc/SW/cell_0_1,1,120.0,1,,1.0,8,1,p_gated_uniform,1,1077,7.491984206521806,899.0381047826168,0.8844439905784264,0.7994269340974212,1.0,0.7994269340974212,0.0
mobility|traffic_speed|4|mobility/nyc/SW/cell_0_1,mobility,traffic_speed,static,4,mobility/nyc/SW/cell_0_1,1,120.0,1,,1.0,8,1,p_gated_uniform,2,2077,7.393327324873118,887.1992789847742,1.0328093944176766,0.7994269340974212,1.0,0.7994269340974212,0.0
mobility|traffic_speed|4|mobility/nyc/SW/cell_0_1,mobility,traffic_speed,static,4,mobility/nyc/SW/cell_0_1,1,120.0,1,,1.0,8,1,p_gated_uniform,3,3077,8.08281127543513,969.9373530522156,0.7520382887585533,0.7994269340974212,1.0,0.7994269340974212,0.0
mobility|traffic_speed|4|mobility/nyc/SW/cell_0_1,mobility,traffic_speed,static,4,mobility/nyc/SW/cell_0_1,1,120.0,1,,1.0,8,1,p_gated_uniform,4,4077,8.002192800801836,960.2631360962204,1.0062047108916996,0.7994269340974212,1.0,0.7994269340974212,0.0
mobility|traffic_speed|4|mobility/nyc/SW/cell_0_1,mobility,traffic_speed,static,4,mobility/nyc/SW/cell_0_1,1,120.0,1,,1.0,8,1,p_gated_uniform,5,5077,8.049383552290616,965.926026274874,0.9111727518134386,0.7994269340974212,1.0,0.7994269340974212,0.0
mobility|traffic_speed|4|mobility/nyc/SE/cell_0_2,mobility,traffic_speed,static,4,mobility/nyc/SE/cell_0_2,1,120.0,1,,1.0,8,1,p_gated_uniform,0,77,7.872369663319728,944.6843595983672,0.9003785025343567,0.7890173410404624,1.0,0.7890173410404624,0.0
mobility|traffic_speed|4|mobility/nyc/SE/cell_0_2,mobility,traffic_speed,static,4,mobility/nyc/SE/cell_0_2,1,120.0,1,,1.0,8,1,p_gated_uniform,1,1077,7.464645996152106,895.7575195382528,0.862176412653926,0.7890173410404624,1.0,0.7890173410404624,0.0
mobility|traffic_speed|4|mobility/nyc/SE/cell_0_2,mobility,traffic_speed,static,4,mobility/nyc/SE/cell_0_2,1,120.0,1,,1.0,8,1,p_gated_uniform,2,2077,8.01299468820809,961.5593625849708,1.0210540203924776,0.7890173410404624,1.0,0.7890173410404624,0.0
mobility|traffic_speed|4|mobility/nyc/SE/cell_0_2,mobility,traffic_speed,static,4,mobility/nyc/SE/cell_0_2,1,120.0,1,,1.0,8,1,p_gated_uniform,3,3077,8.281312827704978,993.7575393245976,0.7145927512431283,0.7890173410404624,1.0,0.7890173410404624,0.0
mobility|traffic_speed|4|mobility/nyc/SE/cell_0_2,mobility,traffic_speed,static,4,mobility/nyc/SE/cell_0_2,1,120.0,1,,1.0,8,1,p_gated_uniform,4,4077,8.03684353245794,964.4212238949528,0.9837308943939548,0.7890173410404624,1.0,0.7890173410404624,0.0
mobility|traffic_speed|4|mobility/nyc/SE/cell_0_2,mobility,traffic_speed,static,4,mobility/nyc/SE/cell_0_2,1,120.0,1,,1.0,8,1,p_gated_uniform,5,5077,8.162799024635328,979.5358829562392,0.92672143997247,0.7890173410404624,1.0,0.7890173410404624,0.0
mobility|traffic_speed|4|mobility/nyc/SE/cell_0_3,mobility,traffic_speed,static,4,mobility/nyc/SE/cell_0_3,1,120.0,1,,1.0,8,1,p_gated_uniform,0,77,8.446929978190145,1013.6315973828172,0.693207107832598,0.7739938080495357,1.0,0.7739938080495357,0.0
mobility|traffic_speed|4|mobility/nyc/SE/cell_0_3,mobility,traffic_speed,static,4,mobility/nyc/SE/cell_0_3,1,120.0,1,,1.0,8,1,p_gated_uniform,1,1077,7.846767003536489,941.6120404243788,0.9656105652511277,0.7739938080495357,1.0,0.7739938080495357,0.0
mobility|traffic_speed|4|mobility/nyc/SE/cell_0_3,mobility,traffic_speed,static,4,mobility/nyc/SE/cell_0_3,1,120.0,1,,1.0,8,1,p_gated_uniform,2,2077,7.873273257512922,944.7927909015508,0.6616280216975836,0.7739938080495357,1.0,0.7739938080495357,0.0
mobility|traffic_speed|4|mobility/nyc/SE/cell_0_3,mobility,traffic_speed,static,4,mobility/nyc/SE/cell_0_3,1,120.0,1,,1.0,8,1,p_gated_uniform,3,3077,8.295285428043352,995.4342513652024,0.7895961526537104,0.7739938080495357,1.0,0.7739938080495357,0.0
mobility|traffic_speed|4|mobility/nyc/SE/cell_0_3,mobility,traffic_speed,static,4,mobility/nyc/SE/cell_0_3,1,120.0,1,,1.0,8,1,p_gated_uniform,4,4077,7.937700632924185,952.524075950902,0.8986274111498721,0.7739938080495357,1.0,0.7739938080495357,0.0
mobility|traffic_speed|4|mobility/nyc/SE/cell_0_3,mobility,traffic_speed,static,4,mobility/nyc/SE/cell_0_3,1,120.0,1,,1.0,8,1,p_gated_uniform,5,5077,8.11111991588073,973.3343899056875,0.6746174538952396,0.7739938080495357,1.0,0.7739938080495357,0.0
mobility|traffic_speed|4|mobility/nyc/SW/cell_1_0,mobility,traffic_speed,static,4,mobility/nyc/SW/cell_1_0,1,120.0,1,,1.0,8,1,p_gated_uniform,0,77,8.31442878000806,997.731453600967,0.6793954766246618,0.7761627906976745,1.0,0.7761627906976745,0.0
mobility|traffic_speed|4|mobility/nyc/SW/cell_1_0,mobility,traffic_speed,static,4,mobility/nyc/SW/cell_1_0,1,120.0,1,,1.0,8,1,p_gated_uniform,1,1077,7.528045534945162,903.3654641934196,0.8945773069400574,0.7761627906976745,1.0,0.7761627906976745,0.0
mobility|traffic_speed|4|mobility/nyc/SW/cell_1_0,mobility,traffic_speed,static,4,mobility/nyc/SW/cell_1_0,1,120.0,1,,1.0,8,1,p_gated_uniform,2,2077,8.05915678232678,967.0988138792136,0.9666972739409296,0.7761627906976745,1.0,0.7761627906976745,0.0
mobility|traffic_speed|4|mobility/nyc/SW/cell_1_0,mobility,traffic_speed,static,4,mobility/nyc/SW/cell_1_0,1,120.0,1,,1.0,8,1,p_gated_uniform,3,3077,7.798630473889953,935.8356568667944,0.7313189299911589,0.7761627906976745,1.0,0.7761627906976745,0.0
mobility|traffic_speed|4|mobility/nyc/SW/cell_1_0,mobility,traffic_speed,static,4,mobility/nyc/SW/cell_1_0,1,120.0,1,,1.0,8,1,p_gated_uniform,4,4077,8.301778251547272,996.2133901856728,1.0023470248718154,0.7761627906976745,1.0,0.7761627906976745,0.0
mobility|traffic_speed|4|mobility/nyc/SW/cell_1_0,mobility,traffic_speed,static,4,mobility/nyc/SW/cell_1_0,1,120.0,1,,1.0,8,1,p_gated_uniform,5,5077,7.928847306308386,951.4616767570064,0.4271545237798388,0.7761627906976745,1.0,0.7761627906976745,0.0
mobility|traffic_speed|4|mobility/nyc/SW/cell_1_1,mobility,traffic_speed,static,4,mobility/nyc/SW/cell_1_1,1,120.0,1,,1.0,8,1,p_gated_uniform,0,77,8.197307341969234,983.676881036308,0.9272242128530808,0.7780979827089337,1.0,0.7780979827089337,0.0
mobility|traffic_speed|4|mobility/nyc/SW/cell_1_1,mobility,traffic_speed,static,4,mobility/nyc/SW/cell_1_1,1,120.0,1,,1.0,8,1,p_gated_uniform,1,1077,7.699610871177824,923.9533045413388,0.8781028483346595,0.7780979827089337,1.0,0.7780979827089337,0.0
mobility|traffic_speed|4|mobility/nyc/SW/cell_1_1,mobility,traffic_speed,static,4,mobility/nyc/SW/cell_1_1,1,120.0,1,,1.0,8,1,p_gated_uniform,2,2077,7.683434989964271,922.0121987957124,0.978278394152954,0.7780979827089337,1.0,0.7780979827089337,0.0
mobility|traffic_speed|4|mobility/nyc/SW/cell_1_1,mobility,traffic_speed,static,4,mobility/nyc/SW/cell_1_1,1,120.0,1,,1.0,8,1,p_gated_uniform,3,3077,7.936785958160026,952.4143149792033,0.7110676039430899,0.7780979827089337,1.0,0.7780979827089337,0.0
mobility|traffic_speed|4|mobility/nyc/SW/cell_1_1,mobility,traffic_speed,static,4,mobility/nyc/SW/cell_1_1,1,120.0,1,,1.0,8,1,p_gated_uniform,4,4077,8.255843301303939,990.7011961564726,0.9928907858415902,0.7780979827089337,1.0,0.7780979827089337,0.0
mobility|traffic_speed|4|mobility/nyc/SW/cell_1_1,mobility,traffic_speed,static,4,mobility/nyc/SW/cell_1_1,1,120.0,1,,1.0,8,1,p_gated_uniform,5,5077,8.02029540129895,962.435448155874,0.7679972178129082,0.7780979827089337,1.0,0.7780979827089337,0.0
mobility|traffic_speed|4|mobility/nyc/SE/cell_1_2,mobility,traffic_speed,static,4,mobility/nyc/SE/cell_1_2,1,120.0,1,,1.0,8,1,p_gated_uniform,0,77,7.952710723616192,954.3252868339432,0.721677065054016,0.7529761904761905,1.0,0.7529761904761905,0.0
mobility|traffic_speed|4|mobility/nyc/SE/cell_1_2,mobility,traffic_speed,static,4,mobility/nyc/SE/cell_1_2,1,120.0,1,,1.0,8,1,p_gated_uniform,1,1077,7.679913550075942,921.5896260091132,1.0114061526257478,0.7529761904761905,1.0,0.7529761904761905,0.0
mobility|traffic_speed|4|mobility/nyc/SE/cell_1_2,mobility,traffic_speed,static,4,mobility/nyc/SE/cell_1_2,1,120.0,1,,1.0,8,1,p_gated_uniform,2,2077,7.919918732157765,950.3902478589316,0.6659000429074237,0.7529761904761905,1.0,0.7529761904761905,0.0
mobility|traffic_speed|4|mobility/nyc/SE/cell_1_2,mobility,traffic_speed,static,4,mobility/nyc/SE/cell_1_2,1,120.0,1,,1.0,8,1,p_gated_uniform,3,3077,8.493647427741122,1019.2376913289346,0.7836427298151876,0.7529761904761905,1.0,0.7529761904761905,0.0
mobility|traffic_speed|4|mobility/nyc/SE/cell_1_2,mobility,traffic_speed,static,4,mobility/nyc/SE/cell_1_2,1,120.0,1,,1.0,8,1,p_gated_uniform,4,4077,8.294596043428093,995.3515252113712,0.9110366202529252,0.7529761904761905,1.0,0.7529761904761905,0.0
mobility|traffic_speed|4|mobility/nyc/SE/cell_1_2,mobility,traffic_speed,static,4,mobility/nyc/SE/cell_1_2,1,120.0,1,,1.0,8,1,p_gated_uniform,5,5077,8.334570191530153,1000.1484229836184,0.6574202220105084,0.7529761904761905,1.0,0.7529761904761905,0.0
mobility|traffic_speed|4|mobility/nyc/SE/cell_1_3,mobility,traffic_speed,static,4,mobility/nyc/SE/cell_1_3,1,120.0,1,,1.0,8,1,p_gated_uniform,0,77,8.34450394173499,1001.3404730081988,0.4320170237478089,0.7936962750716332,1.0,0.7936962750716332,0.0
mobility|traffic_speed|4|mobility/nyc/SE/cell_1_3,mobility,traffic_speed,static,4,mobility/nyc/SE/cell_1_3,1,120.0,1,,1.0,8,1,p_gated_uniform,1,1077,7.40764416636708,888.9172999640496,0.8504919480955878,0.7936962750716332,1.0,0.7936962750716332,0.0
mobility|traffic_speed|4|mobility/nyc/SE/cell_1_3,mobility,traffic_speed,static,4,mobility/nyc/SE/cell_1_3,1,120.0,1,,1.0,8,1,p_gated_uniform,2,2077,8.11988643066566,974.3863716798792,1.016048652757132,0.7936962750716332,1.0,0.7936962750716332,0.0
mobility|traffic_speed|4|mobility/nyc/SE/cell_1_3,mobility,traffic_speed,static,4,mobility/nyc/SE/cell_1_3,1,120.0,1,,1.0,8,1,p_gated_uniform,3,3077,7.858154117005987,942.9784940407184,0.7291191451458361,0.7936962750716332,1.0,0.7936962750716332,0.0
mobility|traffic_speed|4|mobility/nyc/SE/cell_1_3,mobility,traffic_speed,static,4,mobility/nyc/SE/cell_1_3,1,120.0,1,,1.0,8,1,p_gated_uniform,4,4077,8.1320484631105,975.84581557326,1.0195315422333464,0.7936962750716332,1.0,0.7936962750716332,0.0
mobility|traffic_speed|4|mobility/nyc/SE/cell_1_3,mobility,traffic_speed,static,4,mobility/nyc/SE/cell_1_3,1,120.0,1,,1.0,8,1,p_gated_uniform,5,5077,8.390345925603063,1006.8415110723676,0.90378461613476,0.7936962750716332,1.0,0.7936962750716332,0.0
mobility|traffic_speed|4|mobility/nyc/NW/cell_2_0,mobility,traffic_speed,static,4,mobility/nyc/NW/cell_2_0,1,120.0,1,,1.0,8,1,p_gated_uniform,0,77,8.8092092358354,1057.105108300248,0.9342492525888216,0.7777777777777778,1.0,0.7777777777777778,0.0
mobility|traffic_speed|4|mobility/nyc/NW/cell_2_0,mobility,traffic_speed,static,4,mobility/nyc/NW/cell_2_0,1,120.0,1,,1.0,8,1,p_gated_uniform,1,1077,7.492094159627618,899.0512991553143,0.8731953540556654,0.7777777777777778,1.0,0.7777777777777778,0.0
mobility|traffic_speed|4|mobility/nyc/NW/cell_2_0,mobility,traffic_speed,static,4,mobility/nyc/NW/cell_2_0,1,120.0,1,,1.0,8,1,p_gated_uniform,2,2077,7.426970496415612,891.2364595698734,1.0233402899293147,0.7777777777777778,1.0,0.7777777777777778,0.0
mobility|traffic_speed|4|mobility/nyc/NW/cell_2_0,mobility,traffic_speed,static,4,mobility/nyc/NW/cell_2_0,1,120.0,1,,1.0,8,1,p_gated_uniform,3,3077,8.212971596118027,985.5565915341632,0.7329393322679464,0.7777777777777778,1.0,0.7777777777777778,0.0
mobility|traffic_speed|4|mobility/nyc/NW/cell_2_0,mobility,traffic_speed,static,4,mobility/nyc/NW/cell_2_0,1,120.0,1,,1.0,8,1,p_gated_uniform,4,4077,8.083874577247315,970.0649492696778,0.9603175166833636,0.7777777777777778,1.0,0.7777777777777778,0.0
mobility|traffic_speed|4|mobility/nyc/NW/cell_2_0,mobility,traffic_speed,static,4,mobility/nyc/NW/cell_2_0,1,120.0,1,,1.0,8,1,p_gated_uniform,5,5077,7.781194639278341,933.7433567134008,0.8053997810744938,0.7777777777777778,1.0,0.7777777777777778,0.0
mobility|traffic_speed|4|mobility/nyc/NW/cell_2_1,mobility,traffic_speed,static,4,mobility/nyc/NW/cell_2_1,1,120.0,1,,1.0,8,1,p_gated_uniform,0,77,8.321565897554855,998.5879077065824,0.9159967429091646,0.782991202346041,1.0,0.782991202346041,0.0
mobility|traffic_speed|4|mobility/nyc/NW/cell_2_1,mobility,traffic_speed,static,4,mobility/nyc/NW/cell_2_1,1,120.0,1,,1.0,8,1,p_gated_uniform,1,1077,7.497905054447953,899.7486065337544,0.8757011818285247,0.782991202346041,1.0,0.782991202346041,0.0
mobility|traffic_speed|4|mobility/nyc/NW/cell_2_1,mobility,traffic_speed,static,4,mobility/nyc/NW/cell_2_1,1,120.0,1,,1.0,8,1,p_gated_uniform,2,2077,7.83610007780497,940.3320093365965,1.0302013560957153,0.782991202346041,1.0,0.782991202346041,0.0
mobility|traffic_speed|4|mobility/nyc/NW/cell_2_1,mobility,traffic_speed,static,4,mobility/nyc/NW/cell_2_1,1,120.0,1,,1.0,8,1,p_gated_uniform,3,3077,8.001051659967077,960.1261991960492,0.7233722591456753,0.782991202346041,1.0,0.782991202346041,0.0
mobility|traffic_speed|4|mobility/nyc/NW/cell_2_1,mobility,traffic_speed,static,4,mobility/nyc/NW/cell_2_1,1,120.0,1,,1.0,8,1,p_gated_uniform,4,4077,8.1439315183813,977.2717822057562,0.9813837334793653,0.782991202346041,1.0,0.782991202346041,0.0
mobility|traffic_speed|4|mobility/nyc/NW/cell_2_1,mobility,traffic_speed,static,4,mobility/nyc/NW/cell_2_1,1,120.0,1,,1.0,8,1,p_gated_uniform,5,5077,8.05216902787905,966.2602833454858,0.8758417418858591,0.782991202346041,1.0,0.782991202346041,0.0
mobility|traffic_speed|4|mobility/nyc/NE/cell_2_2,mobility,traffic_speed,static,4,mobility/nyc/NE/cell_2_2,1,120.0,1,,1.0,8,1,p_gated_uniform,0,77,8.185545981508861,982.2655177810634,0.9175068830905148,0.7902298850574713,1.0,0.7902298850574713,0.0
mobility|traffic_speed|4|mobility/nyc/NE/cell_2_2,mobility,traffic_speed,static,4,mobility/nyc/NE/cell_2_2,1,120.0,1,,1.0,8,1,p_gated_uniform,1,1077,7.5500098446686845,906.0011813602422,0.8696157021134364,0.7902298850574713,1.0,0.7902298850574713,0.0
mobility|traffic_speed|4|mobility/nyc/NE/cell_2_2,mobility,traffic_speed,static,4,mobility/nyc/NE/cell_2_2,1,120.0,1,,1.0,8,1,p_gated_uniform,2,2077,7.597047768989477,911.6457322787372,1.0391012514178872,0.7902298850574713,1.0,0.7902298850574713,0.0
mobility|traffic_speed|4|mobility/nyc/NE/cell_2_2,mobility,traffic_speed,static,4,mobility/nyc/NE/cell_2_2,1,120.0,1,,1.0,8,1,p_gated_uniform,3,3077,8.427378729515947,1011.2854475419136,0.7299134155742742,0.7902298850574713,1.0,0.7902298850574713,0.0
mobility|traffic_speed|4|mobility/nyc/NE/cell_2_2,mobility,traffic_speed,static,4,mobility/nyc/NE/cell_2_2,1,120.0,1,,1.0,8,1,p_gated_uniform,4,4077,8.039002142322476,964.6802570786972,0.9610598897796386,0.7902298850574713,1.0,0.7902298850574713,0.0
mobility|traffic_speed|4|mobility/nyc/NE/cell_2_2,mobility,traffic_speed,static,4,mobility/nyc/NE/cell_2_2,1,120.0,1,,1.0,8,1,p_gated_uniform,5,5077,7.945801181178769,953.4961417414524,0.7894500260956673,0.7902298850574713,1.0,0.7902298850574713,0.0
mobility|traffic_speed|4|mobility/nyc/NE/cell_2_3,mobility,traffic_speed,static,4,mobility/nyc/NE/cell_2_3,1,120.0,1,,1.0,8,1,p_gated_uniform,0,77,8.161050881268482,979.3261057522176,0.542873730577538,0.7747747747747747,1.0,0.7747747747747747,0.0
mobility|traffic_speed|4|mobility/nyc/NE/cell_2_3,mobility,traffic_speed,static,4,mobility/nyc/NE/cell_2_3,1,120.0,1,,1.0,8,1,p_gated_uniform,1,1077,7.470059297132452,896.4071156558942,0.8690879287822942,0.7747747747747747,1.0,0.7747747747747747,0.0
mobility|traffic_speed|4|mobility/nyc/NE/cell_2_3,mobility,traffic_speed,static,4,mobility/nyc/NE/cell_2_3,1,120.0,1,,1.0,8,1,p_gated_uniform,2,2077,7.76395426697351,931.6745120368212,0.9645191533061768,0.7747747747747747,1.0,0.7747747747747747,0.0
mobility|traffic_speed|4|mobility/nyc/NE/cell_2_3,mobility,traffic_speed,static,4,mobility/nyc/NE/cell_2_3,1,120.0,1,,1.0,8,1,p_gated_uniform,3,3077,8.484299490166704,1018.1159388200044,0.7372547284520764,0.7747747747747747,1.0,0.7747747747747747,0.0
mobility|traffic_speed|4|mobility/nyc/NE/cell_2_3,mobility,traffic_speed,static,4,mobility/nyc/NE/cell_2_3,1,120.0,1,,1.0,8,1,p_gated_uniform,4,4077,8.381630774152606,1005.7956928983128,1.0003802788448546,0.7747747747747747,1.0,0.7747747747747747,0.0
mobility|traffic_speed|4|mobility/nyc/NE/cell_2_3,mobility,traffic_speed,static,4,mobility/nyc/NE/cell_2_3,1,120.0,1,,1.0,8,1,p_gated_uniform,5,5077,7.977132636964248,957.2559164357098,0.7750867289100271,0.7747747747747747,1.0,0.7747747747747747,0.0
mobility|traffic_speed|4|mobility/nyc/NW/cell_3_0,mobility,traffic_speed,static,4,mobility/nyc/NW/cell_3_0,1,120.0,1,,1.0,8,1,p_gated_uniform,0,77,8.121969275666336,974.6363130799604,0.9251812848130824,0.7936962750716332,1.0,0.7936962750716332,0.0
mobility|traffic_speed|4|mobility/nyc/NW/cell_3_0,mobility,traffic_speed,static,4,mobility/nyc/NW/cell_3_0,1,120.0,1,,1.0,8,1,p_gated_uniform,1,1077,7.711118740511227,925.3342488613472,0.8588741963278885,0.7936962750716332,1.0,0.7936962750716332,0.0
mobility|traffic_speed|4|mobility/nyc/NW/cell_3_0,mobility,traffic_speed,static,4,mobility/nyc/NW/cell_3_0,1,120.0,1,,1.0,8,1,p_gated_uniform,2,2077,8.012399090113357,961.4878908136028,0.9953818821059518,0.7936962750716332,1.0,0.7936962750716332,0.0
mobility|traffic_speed|4|mobility/nyc/NW/cell_3_0,mobility,traffic_speed,static,4,mobility/nyc/NW/cell_3_0,1,120.0,1,,1.0,8,1,p_gated_uniform,3,3077,7.6111863306927265,913.3423596831273,0.713685925962771,0.7936962750716332,1.0,0.7936962750716332,0.0
mobility|traffic_speed|4|mobility/nyc/NW/cell_3_0,mobility,traffic_speed,static,4,mobility/nyc/NW/cell_3_0,1,120.0,1,,1.0,8,1,p_gated_uniform,4,4077,8.129123471627672,975.4948165953208,0.8817884382172423,0.7936962750716332,1.0,0.7936962750716332,0.0
mobility|traffic_speed|4|mobility/nyc/NW/cell_3_0,mobility,traffic_speed,static,4,mobility/nyc/NW/cell_3_0,1,120.0,1,,1.0,8,1,p_gated_uniform,5,5077,8.091257180578998,970.9508616694798,0.3970527583110874,0.7936962750716332,1.0,0.7936962750716332,0.0
mobility|traffic_speed|4|mobility/nyc/NW/cell_3_1,mobility,traffic_speed,static,4,mobility/nyc/NW/cell_3_1,1,120.0,1,,1.0,8,1,p_gated_uniform,0,77,8.394792586729844,1007.3751104075812,0.6964995379415209,0.7574850299401198,1.0,0.7574850299401198,0.0
mobility|traffic_speed|4|mobility/nyc/NW/cell_3_1,mobility,traffic_speed,static,4,mobility/nyc/NW/cell_3_1,1,120.0,1,,1.0,8,1,p_gated_uniform,1,1077,7.366011251832576,883.9213502199092,0.978209820131945,0.7574850299401198,1.0,0.7574850299401198,0.0
mobility|traffic_speed|4|mobility/nyc/NW/cell_3_1,mobility,traffic_speed,static,4,mobility/nyc/NW/cell_3_1,1,120.0,1,,1.0,8,1,p_gated_uniform,2,2077,7.87916926165031,945.5003113980372,0.6741728924565726,0.7574850299401198,1.0,0.7574850299401198,0.0
mobility|traffic_speed|4|mobility/nyc/NW/cell_3_1,mobility,traffic_speed,static,4,mobility/nyc/NW/cell_3_1,1,120.0,1,,1.0,8,1,p_gated_uniform,3,3077,7.69504146799519,923.4049761594227,0.7927300202765271,0.7574850299401198,1.0,0.7574850299401198,0.0
mobility|traffic_speed|4|mobility/nyc/NW/cell_3_1,mobility,traffic_speed,static,4,mobility/nyc/NW/cell_3_1,1,120.0,1,,1.0,8,1,p_gated_uniform,4,4077,8.210489826470878,985.2587791765052,0.8910833446298542,0.7574850299401198,1.0,0.7574850299401198,0.0
mobility|traffic_speed|4|mobility/nyc/NW/cell_3_1,mobility,traffic_speed,static,4,mobility/nyc/NW/cell_3_1,1,120.0,1,,1.0,8,1,p_gated_uniform,5,5077,8.120113280520739,974.4135936624888,0.7766217443523021,0.7574850299401198,1.0,0.7574850299401198,0.0
mobility|traffic_speed|4|mobility/nyc/NE/cell_3_2,mobility,traffic_speed,static,4,mobility/nyc/NE/cell_3_2,1,120.0,1,,1.0,8,1,p_gated_uniform,0,77,7.789412248415415,934.7294698098498,0.9104191114748114,0.7712609970674487,1.0,0.7712609970674487,0.0
mobility|traffic_speed|4|mobility/nyc/NE/cell_3_2,mobility,traffic_speed,static,4,mobility/nyc/NE/cell_3_2,1,120.0,1,,1.0,8,1,p_gated_uniform,1,1077,8.490175636758028,1018.8210764109632,0.8601129901725062,0.7712609970674487,1.0,0.7712609970674487,0.0
mobility|traffic_speed|4|mobility/nyc/NE/cell_3_2,mobility,traffic_speed,static,4,mobility/nyc/NE/cell_3_2,1,120.0,1,,1.0,8,1,p_gated_uniform,2,2077,7.803680318115172,936.4416381738208,0.9949417363188044,0.7712609970674487,1.0,0.7712609970674487,0.0
mobility|traffic_speed|4|mobility/nyc/NE/cell_3_2,mobility,traffic_speed,static,4,mobility/nyc/NE/cell_3_2,1,120.0,1,,1.0,8,1,p_gated_uniform,3,3077,8.173096130121884,980.771535614626,0.7239256757115733,0.7712609970674487,1.0,0.7712609970674487,0.0
mobility|traffic_speed|4|mobility/nyc/NE/cell_3_2,mobility,traffic_speed,static,4,mobility/nyc/NE/cell_3_2,1,120.0,1,,1.0,8,1,p_gated_uniform,4,4077,8.393671154415904,1007.2405385299083,0.9656550633980606,0.7712609970674487,1.0,0.7712609970674487,0.0
mobility|traffic_speed|4|mobility/nyc/NE/cell_3_2,mobility,traffic_speed,static,4,mobility/nyc/NE/cell_3_2,1,120.0,1,,1.0,8,1,p_gated_uniform,5,5077,8.510017058424307,1021.2020470109168,0.918450715160584,0.7712609970674487,1.0,0.7712609970674487,0.0
mobility|traffic_speed|4|mobility/nyc/NE/cell_3_3,mobility,traffic_speed,static,4,mobility/nyc/NE/cell_3_3,1,120.0,1,,1.0,8,1,p_gated_uniform,0,77,8.469744995814516,1016.369399497742,0.9120681644781428,0.7916666666666666,1.0,0.7916666666666666,0.0
mobility|traffic_speed|4|mobility/nyc/NE/cell_3_3,mobility,traffic_speed,static,4,mobility/nyc/NE/cell_3_3,1,120.0,1,,1.0,8,1,p_gated_uniform,1,1077,7.4934198508063155,899.2103820967578,0.8442394856447119,0.7916666666666666,1.0,0.7916666666666666,0.0
mobility|traffic_speed|4|mobility/nyc/NE/cell_3_3,mobility,traffic_speed,static,4,mobility/nyc/NE/cell_3_3,1,120.0,1,,1.0,8,1,p_gated_uniform,2,2077,7.868957972413077,944.2749566895692,0.994194028106976,0.7916666666666666,1.0,0.7916666666666666,0.0
mobility|traffic_speed|4|mobility/nyc/NE/cell_3_3,mobility,traffic_speed,static,4,mobility/nyc/NE/cell_3_3,1,120.0,1,,1.0,8,1,p_gated_uniform,3,3077,8.215800834476019,985.8961001371222,0.7274962437084538,0.7916666666666666,1.0,0.7916666666666666,0.0
mobility|traffic_speed|4|mobility/nyc/NE/cell_3_3,mobility,traffic_speed,static,4,mobility/nyc/NE/cell_3_3,1,120.0,1,,1.0,8,1,p_gated_uniform,4,4077,8.124404974362019,974.9285969234422,0.9669989645357656,0.7916666666666666,1.0,0.7916666666666666,0.0
mobility|traffic_speed|4|mobility/nyc/NE/cell_3_3,mobility,traffic_speed,static,4,mobility/nyc/NE/cell_3_3,1,120.0,1,,1.0,8,1,p_gated_uniform,5,5077,7.437767132314429,892.5320558777314,0.5793868251550854,0.7916666666666666,1.0,0.7916666666666666,0.0
mobility|traffic_speed|5|mobility/nyc/SW/cell_0_0/traffic_speed,mobility,traffic_speed,static,5,mobility/nyc/SW/cell_0_0/traffic_speed,1,120.0,1,,1.0,8,1,p_gated_uniform,0,77,8.202300523269457,984.2760627923348,0.692704660004559,0.7753846153846153,1.0,0.7753846153846153,0.0
mobility|traffic_speed|5|mobility/nyc/SW/cell_0_0/traffic_speed,mobility,traffic_speed,static,5,mobility/nyc/SW/cell_0_0/traffic_speed,1,120.0,1,,1.0,8,1,p_gated_uniform,1,1077,7.750016401975756,930.0019682370908,0.9960454103109818,0.7753846153846153,1.0,0.7753846153846153,0.0
mobility|traffic_speed|5|mobility/nyc/SW/cell_0_0/traffic_speed,mobility,traffic_speed,static,5,mobility/nyc/SW/cell_0_0/traffic_speed,1,120.0,1,,1.0,8,1,p_gated_uniform,2,2077,8.36529968139804,1003.8359617677648,0.6548838922022168,0.7753846153846153,1.0,0.7753846153846153,0.0
mobility|traffic_speed|5|mobility/nyc/SW/cell_0_0/traffic_speed,mobility,traffic_speed,static,5,mobility/nyc/SW/cell_0_0/traffic_speed,1,120.0,1,,1.0,8,1,p_gated_uniform,3,3077,8.229810128156666,987.5772153788,0.7797593537376177,0.7753846153846153,1.0,0.7753846153846153,0.0
mobility|traffic_speed|5|mobility/nyc/SW/cell_0_0/traffic_speed,mobility,traffic_speed,static,5,mobility/nyc/SW/cell_0_0/traffic_speed,1,120.0,1,,1.0,8,1,p_gated_uniform,4,4077,8.016467482005549,961.9760978406658,0.9069433526078856,0.7753846153846153,1.0,0.7753846153846153,0.0
mobility|traffic_speed|5|mobility/nyc/SW/cell_0_0/traffic_speed,mobility,traffic_speed,static,5,mobility/nyc/SW/cell_0_0/traffic_speed,1,120.0,1,,1.0,8,1,p_gated_uniform,5,5077,8.11344721418106,973.6136657017272,0.4849821192630599,0.7753846153846153,1.0,0.7753846153846153,0.0
mobility|traffic_speed|5|mobility/nyc/SW/cell_0_1/traffic_speed,mobility,traffic_speed,static,5,mobility/nyc/SW/cell_0_1/traffic_speed,1,120.0,1,,1.0,8,1,p_gated_uniform,0,77,8.514575163101766,1021.749019572212,0.7741102561568759,0.7994269340974212,1.0,0.7994269340974212,0.0
mobility|traffic_speed|5|mobility/nyc/SW/cell_0_1/traffic_speed,mobility,traffic_speed,static,5,mobility/nyc/SW/cell_0_1/traffic_speed,1,120.0,1,,1.0,8,1,p_gated_uniform,1,1077,7.491984206521806,899.0381047826168,0.8844439905784264,0.7994269340974212,1.0,0.7994269340974212,0.0
mobility|traffic_speed|5|mobility/nyc/SW/cell_0_1/traffic_speed,mobility,traffic_speed,static,5,mobility/nyc/SW/cell_0_1/traffic_speed,1,120.0,1,,1.0,8,1,p_gated_uniform,2,2077,7.393327324873118,887.1992789847742,1.0328093944176766,0.7994269340974212,1.0,0.7994269340974212,0.0
mobility|traffic_speed|5|mobility/nyc/SW/cell_0_1/traffic_speed,mobility,traffic_speed,static,5,mobility/nyc/SW/cell_0_1/traffic_speed,1,120.0,1,,1.0,8,1,p_gated_uniform,3,3077,8.08281127543513,969.9373530522156,0.7520382887585533,0.7994269340974212,1.0,0.7994269340974212,0.0
mobility|traffic_speed|5|mobility/nyc/SW/cell_0_1/traffic_speed,mobility,traffic_speed,static,5,mobility/nyc/SW/cell_0_1/traffic_speed,1,120.0,1,,1.0,8,1,p_gated_uniform,4,4077,8.002192800801836,960.2631360962204,1.0062047108916996,0.7994269340974212,1.0,0.7994269340974212,0.0
mobility|traffic_speed|5|mobility/nyc/SW/cell_0_1/traffic_speed,mobility,traffic_speed,static,5,mobility/nyc/SW/cell_0_1/traffic_speed,1,120.0,1,,1.0,8,1,p_gated_uniform,5,5077,8.049383552290616,965.926026274874,0.9111727518134386,0.7994269340974212,1.0,0.7994269340974212,0.0
mobility|traffic_speed|5|mobility/nyc/SE/cell_0_2/traffic_speed,mobility,traffic_speed,static,5,mobility/nyc/SE/cell_0_2/traffic_speed,1,120.0,1,,1.0,8,1,p_gated_uniform,0,77,7.872369663319728,944.6843595983672,0.9003785025343567,0.7890173410404624,1.0,0.7890173410404624,0.0
mobility|traffic_speed|5|mobility/nyc/SE/cell_0_2/traffic_speed,mobility,traffic_speed,static,5,mobility/nyc/SE/cell_0_2/traffic_speed,1,120.0,1,,1.0,8,1,p_gated_uniform,1,1077,7.464645996152106,895.7575195382528,0.862176412653926,0.7890173410404624,1.0,0.7890173410404624,0.0
mobility|traffic_speed|5|mobility/nyc/SE/cell_0_2/traffic_speed,mobility,traffic_speed,static,5,mobility/nyc/SE/cell_0_2/traffic_speed,1,120.0,1,,1.0,8,1,p_gated_uniform,2,2077,8.01299468820809,961.5593625849708,1.0210540203924776,0.7890173410404624,1.0,0.7890173410404624,0.0
mobility|traffic_speed|5|mobility/nyc/SE/cell_0_2/traffic_speed,mobility,traffic_speed,static,5,mobility/nyc/SE/cell_0_2/traffic_speed,1,120.0,1,,1.0,8,1,p_gated_uniform,3,3077,8.281312827704978,993.7575393245976,0.7145927512431283,0.7890173410404624,1.0,0.7890173410404624,0.0
mobility|traffic_speed|5|mobility/nyc/SE/cell_0_2/traffic_speed,mobility,traffic_speed,static,5,mobility/nyc/SE/cell_0_2/traffic_speed,1,120.0,1,,1.0,8,1,p_gated_uniform,4,4077,8.03684353245794,964.4212238949528,0.9837308943939548,0.7890173410404624,1.0,0.7890173410404624,0.0
mobility|traffic_speed|5|mobility/nyc/SE/cell_0_2/traffic_speed,mobility,traffic_speed,static,5,mobility/nyc/SE/cell_0_2/traffic_speed,1,120.0,1,,1.0,8,1,p_gated_uniform,5,5077,8.162799024635328,979.5358829562392,0.92672143997247,0.7890173410404624,1.0,0.7890173410404624,0.0
mobility|traffic_speed|5|mobility/nyc/SE/cell_0_3/traffic_speed,mobility,traffic_speed,static,5,mobility/nyc/SE/cell_0_3/traffic_speed,1,120.0,1,,1.0,8,1,p_gated_uniform,0,77,8.446929978190145,1013.6315973828172,0.693207107832598,0.7739938080495357,1.0,0.7739938080495357,0.0
mobility|traffic_speed|5|mobility/nyc/SE/cell_0_3/traffic_speed,mobility,traffic_speed,static,5,mobility/nyc/SE/cell_0_3/traffic_speed,1,120.0,1,,1.0,8,1,p_gated_uniform,1,1077,7.846767003536489,941.6120404243788,0.9656105652511277,0.7739938080495357,1.0,0.7739938080495357,0.0
mobility|traffic_speed|5|mobility/nyc/SE/cell_0_3/traffic_speed,mobility,traffic_speed,static,5,mobility/nyc/SE/cell_0_3/traffic_speed,1,120.0,1,,1.0,8,1,p_gated_uniform,2,2077,7.873273257512922,944.7927909015508,0.6616280216975836,0.7739938080495357,1.0,0.7739938080495357,0.0
mobility|traffic_speed|5|mobility/nyc/SE/cell_0_3/traffic_speed,mobility,traffic_speed,static,5,mobility/nyc/SE/cell_0_3/traffic_speed,1,120.0,1,,1.0,8,1,p_gated_uniform,3,3077,8.295285428043352,995.4342513652024,0.7895961526537104,0.7739938080495357,1.0,0.7739938080495357,0.0
mobility|traffic_speed|5|mobility/nyc/SE/cell_0_3/traffic_speed,mobility,traffic_speed,static,5,mobility/nyc/SE/cell_0_3/traffic_speed,1,120.0,1,,1.0,8,1,p_gated_uniform,4,4077,7.937700632924185,952.524075950902,0.8986274111498721,0.7739938080495357,1.0,0.7739938080495357,0.0
mobility|traffic_speed|5|mobility/nyc/SE/cell_0_3/traffic_speed,mobility,traffic_speed,static,5,mobility/nyc/SE/cell_0_3/traffic_speed,1,120.0,1,,1.0,8,1,p_gated_uniform,5,5077,8.11111991588073,973.3343899056875,0.6746174538952396,0.7739938080495357,1.0,0.7739938080495357,0.0
mobility|traffic_speed|5|mobility/nyc/SW/cell_1_0/traffic_speed,mobility,traffic_speed,static,5,mobility/nyc/SW/cell_1_0/traffic_speed,1,120.0,1,,1.0,8,1,p_gated_uniform,0,77,8.31442878000806,997.731453600967,0.6793954766246618,0.7761627906976745,1.0,0.7761627906976745,0.0
mobility|traffic_speed|5|mobility/nyc/SW/cell_1_0/traffic_speed,mobility,traffic_speed,static,5,mobility/nyc/SW/cell_1_0/traffic_speed,1,120.0,1,,1.0,8,1,p_gated_uniform,1,1077,7.528045534945162,903.3654641934196,0.8945773069400574,0.7761627906976745,1.0,0.7761627906976745,0.0
mobility|traffic_speed|5|mobility/nyc/SW/cell_1_0/traffic_speed,mobility,traffic_speed,static,5,mobility/nyc/SW/cell_1_0/traffic_speed,1,120.0,1,,1.0,8,1,p_gated_uniform,2,2077,8.05915678232678,967.0988138792136,0.9666972739409296,0.7761627906976745,1.0,0.7761627906976745,0.0
mobility|traffic_speed|5|mobility/nyc/SW/cell_1_0/traffic_speed,mobility,traffic_speed,static,5,mobility/nyc/SW/cell_1_0/traffic_speed,1,120.0,1,,1.0,8,1,p_gated_uniform,3,3077,7.798630473889953,935.8356568667944,0.7313189299911589,0.7761627906976745,1.0,0.7761627906976745,0.0
mobility|traffic_speed|5|mobility/nyc/SW/cell_1_0/traffic_speed,mobility,traffic_speed,static,5,mobility/nyc/SW/cell_1_0/traffic_speed,1,120.0,1,,1.0,8,1,p_gated_uniform,4,4077,8.301778251547272,996.2133901856728,1.0023470248718154,0.7761627906976745,1.0,0.7761627906976745,0.0
mobility|traffic_speed|5|mobility/nyc/SW/cell_1_0/traffic_speed,mobility,traffic_speed,static,5,mobility/nyc/SW/cell_1_0/traffic_speed,1,120.0,1,,1.0,8,1,p_gated_uniform,5,5077,7.928847306308386,951.4616767570064,0.4271545237798388,0.7761627906976745,1.0,0.7761627906976745,0.0
mobility|traffic_speed|5|mobility/nyc/SW/cell_1_1/traffic_speed,mobility,traffic_speed,static,5,mobility/nyc/SW/cell_1_1/traffic_speed,1,120.0,1,,1.0,8,1,p_gated_uniform,0,77,8.197307341969234,983.676881036308,0.9272242128530808,0.7780979827089337,1.0,0.7780979827089337,0.0
mobility|traffic_speed|5|mobility/nyc/SW/cell_1_1/traffic_speed,mobility,traffic_speed,static,5,mobility/nyc/SW/cell_1_1/traffic_speed,1,120.0,1,,1.0,8,1,p_gated_uniform,1,1077,7.699610871177824,923.9533045413388,0.8781028483346595,0.7780979827089337,1.0,0.7780979827089337,0.0
mobility|traffic_speed|5|mobility/nyc/SW/cell_1_1/traffic_speed,mobility,traffic_speed,static,5,mobility/nyc/SW/cell_1_1/traffic_speed,1,120.0,1,,1.0,8,1,p_gated_uniform,2,2077,7.683434989964271,922.0121987957124,0.978278394152954,0.7780979827089337,1.0,0.7780979827089337,0.0
mobility|traffic_speed|5|mobility/nyc/SW/cell_1_1/traffic_speed,mobility,traffic_speed,static,5,mobility/nyc/SW/cell_1_1/traffic_speed,1,120.0,1,,1.0,8,1,p_gated_uniform,3,3077,7.936785958160026,952.4143149792033,0.7110676039430899,0.7780979827089337,1.0,0.7780979827089337,0.0
mobility|traffic_speed|5|mobility/nyc/SW/cell_1_1/traffic_speed,mobility,traffic_speed,static,5,mobility/nyc/SW/cell_1_1/traffic_speed,1,120.0,1,,1.0,8,1,p_gated_uniform,4,4077,8.255843301303939,990.7011961564726,0.9928907858415902,0.7780979827089337,1.0,0.7780979827089337,0.0
mobility|traffic_speed|5|mobility/nyc/SW/cell_1_1/traffic_speed,mobility,traffic_speed,static,5,mobility/nyc/SW/cell_1_1/traffic_speed,1,120.0,1,,1.0,8,1,p_gated_uniform,5,5077,8.02029540129895,962.435448155874,0.7679972178129082,0.7780979827089337,1.0,0.7780979827089337,0.0
mobility|traffic_speed|5|mobility/nyc/SE/cell_1_2/traffic_speed,mobility,traffic_speed,static,5,mobility/nyc/SE/cell_1_2/traffic_speed,1,120.0,1,,1.0,8,1,p_gated_uniform,0,77,7.952710723616192,954.3252868339432,0.721677065054016,0.7529761904761905,1.0,0.7529761904761905,0.0
mobility|traffic_speed|5|mobility/nyc/SE/cell_1_2/traffic_speed,mobility,traffic_speed,static,5,mobility/nyc/SE/cell_1_2/traffic_speed,1,120.0,1,,1.0,8,1,p_gated_uniform,1,1077,7.679913550075942,921.5896260091132,1.0114061526257478,0.7529761904761905,1.0,0.7529761904761905,0.0
mobility|traffic_speed|5|mobility/nyc/SE/cell_1_2/traffic_speed,mobility,traffic_speed,static,5,mobility/nyc/SE/cell_1_2/traffic_speed,1,120.0,1,,1.0,8,1,p_gated_uniform,2,2077,7.919918732157765,950.3902478589316,0.6659000429074237,0.7529761904761905,1.0,0.7529761904761905,0.0
mobility|traffic_speed|5|mobility/nyc/SE/cell_1_2/traffic_speed,mobility,traffic_speed,static,5,mobility/nyc/SE/cell_1_2/traffic_speed,1,120.0,1,,1.0,8,1,p_gated_uniform,3,3077,8.493647427741122,1019.2376913289346,0.7836427298151876,0.7529761904761905,1.0,0.7529761904761905,0.0
mobility|traffic_speed|5|mobility/nyc/SE/cell_1_2/traffic_speed,mobility,traffic_speed,static,5,mobility/nyc/SE/cell_1_2/traffic_speed,1,120.0,1,,1.0,8,1,p_gated_uniform,4,4077,8.294596043428093,995.3515252113712,0.9110366202529252,0.7529761904761905,1.0,0.7529761904761905,0.0
mobility|traffic_speed|5|mobility/nyc/SE/cell_1_2/traffic_speed,mobility,traffic_speed,static,5,mobility/nyc/SE/cell_1_2/traffic_speed,1,120.0,1,,1.0,8,1,p_gated_uniform,5,5077,8.334570191530153,1000.1484229836184,0.6574202220105084,0.7529761904761905,1.0,0.7529761904761905,0.0
mobility|traffic_speed|5|mobility/nyc/SE/cell_1_3/traffic_speed,mobility,traffic_speed,static,5,mobility/nyc/SE/cell_1_3/traffic_speed,1,120.0,1,,1.0,8,1,p_gated_uniform,0,77,8.34450394173499,1001.3404730081988,0.4320170237478089,0.7936962750716332,1.0,0.7936962750716332,0.0
mobility|traffic_speed|5|mobility/nyc/SE/cell_1_3/traffic_speed,mobility,traffic_speed,static,5,mobility/nyc/SE/cell_1_3/traffic_speed,1,120.0,1,,1.0,8,1,p_gated_uniform,1,1077,7.40764416636708,888.9172999640496,0.8504919480955878,0.7936962750716332,1.0,0.7936962750716332,0.0
mobility|traffic_speed|5|mobility/nyc/SE/cell_1_3/traffic_speed,mobility,traffic_speed,static,5,mobility/nyc/SE/cell_1_3/traffic_speed,1,120.0,1,,1.0,8,1,p_gated_uniform,2,2077,8.11988643066566,974.3863716798792,1.016048652757132,0.7936962750716332,1.0,0.7936962750716332,0.0
mobility|traffic_speed|5|mobility/nyc/SE/cell_1_3/traffic_speed,mobility,traffic_speed,static,5,mobility/nyc/SE/cell_1_3/traffic_speed,1,120.0,1,,1.0,8,1,p_gated_uniform,3,3077,7.858154117005987,942.9784940407184,0.7291191451458361,0.7936962750716332,1.0,0.7936962750716332,0.0
mobility|traffic_speed|5|mobility/nyc/SE/cell_1_3/traffic_speed,mobility,traffic_speed,static,5,mobility/nyc/SE/cell_1_3/traffic_speed,1,120.0,1,,1.0,8,1,p_gated_uniform,4,4077,8.1320484631105,975.84581557326,1.0195315422333464,0.7936962750716332,1.0,0.7936962750716332,0.0
mobility|traffic_speed|5|mobility/nyc/SE/cell_1_3/traffic_speed,mobility,traffic_speed,static,5,mobility/nyc/SE/cell_1_3/traffic_speed,1,120.0,1,,1.0,8,1,p_gated_uniform,5,5077,8.390345925603063,1006.8415110723676,0.90378461613476,0.7936962750716332,1.0,0.7936962750716332,0.0
mobility|traffic_speed|5|mobility/nyc/NW/cell_2_0/traffic_speed,mobility,traffic_speed,static,5,mobility/nyc/NW/cell_2_0/traffic_speed,1,120.0,1,,1.0,8,1,p_gated_uniform,0,77,8.8092092358354,1057.105108300248,0.9342492525888216,0.7777777777777778,1.0,0.7777777777777778,0.0
mobility|traffic_speed|5|mobility/nyc/NW/cell_2_0/traffic_speed,mobility,traffic_speed,static,5,mobility/nyc/NW/cell_2_0/traffic_speed,1,120.0,1,,1.0,8,1,p_gated_uniform,1,1077,7.492094159627618,899.0512991553143,0.8731953540556654,0.7777777777777778,1.0,0.7777777777777778,0.0
mobility|traffic_speed|5|mobility/nyc/NW/cell_2_0/traffic_speed,mobility,traffic_speed,static,5,mobility/nyc/NW/cell_2_0/traffic_speed,1,120.0,1,,1.0,8,1,p_gated_uniform,2,2077,7.426970496415612,891.2364595698734,1.0233402899293147,0.7777777777777778,1.0,0.7777777777777778,0.0
mobility|traffic_speed|5|mobility/nyc/NW/cell_2_0/traffic_speed,mobility,traffic_speed,static,5,mobility/nyc/NW/cell_2_0/traffic_speed,1,120.0,1,,1.0,8,1,p_gated_uniform,3,3077,8.212971596118027,985.5565915341632,0.7329393322679464,0.7777777777777778,1.0,0.7777777777777778,0.0
mobility|traffic_speed|5|mobility/nyc/NW/cell_2_0/traffic_speed,mobility,traffic_speed,static,5,mobility/nyc/NW/cell_2_0/traffic_speed,1,120.0,1,,1.0,8,1,p_gated_uniform,4,4077,8.083874577247315,970.0649492696778,0.9603175166833636,0.7777777777777778,1.0,0.7777777777777778,0.0
mobility|traffic_speed|5|mobility/nyc/NW/cell_2_0/traffic_speed,mobility,traffic_speed,static,5,mobility/nyc/NW/cell_2_0/traffic_speed,1,120.0,1,,1.0,8,1,p_gated_uniform,5,5077,7.781194639278341,933.7433567134008,0.8053997810744938,0.7777777777777778,1.0,0.7777777777777778,0.0
mobility|traffic_speed|5|mobility/nyc/NW/cell_2_1/traffic_speed,mobility,traffic_speed,static,5,mobility/nyc/NW/cell_2_1/traffic_speed,1,120.0,1,,1.0,8,1,p_gated_uniform,0,77,8.321565897554855,998.5879077065824,0.9159967429091646,0.782991202346041,1.0,0.782991202346041,0.0
mobility|traffic_speed|5|mobility/nyc/NW/cell_2_1/traffic_speed,mobility,traffic_speed,static,5,mobility/nyc/NW/cell_2_1/traffic_speed,1,120.0,1,,1.0,8,1,p_gated_uniform,1,1077,7.497905054447953,899.7486065337544,0.8757011818285247,0.782991202346041,1.0,0.782991202346041,0.0
mobility|traffic_speed|5|mobility/nyc/NW/cell_2_1/traffic_speed,mobility,traffic_speed,static,5,mobility/nyc/NW/cell_2_1/traffic_speed,1,120.0,1,,1.0,8,1,p_gated_uniform,2,2077,7.83610007780497,940.3320093365965,1.0302013560957153,0.782991202346041,1.0,0.782991202346041,0.0
mobility|traffic_speed|5|mobility/nyc/NW/cell_2_1/traffic_speed,mobility,traffic_speed,static,5,mobility/nyc/NW/cell_2_1/traffic_speed,1,120.0,1,,1.0,8,1,p_gated_uniform,3,3077,8.001051659967077,960.1261991960492,0.7233722591456753,0.782991202346041,1.0,0.782991202346041,0.0
mobility|traffic_speed|5|mobility/nyc/NW/cell_2_1/traffic_speed,mobility,traffic_speed,static,5,mobility/nyc/NW/cell_2_1/traffic_speed,1,120.0,1,,1.0,8,1,p_gated_uniform,4,4077,8.1439315183813,977.2717822057562,0.9813837334793653,0.782991202346041,1.0,0.782991202346041,0.0
mobility|traffic_speed|5|mobility/nyc/NW/cell_2_1/traffic_speed,mobility,traffic_speed,static,5,mobility/nyc/NW/cell_2_1/traffic_speed,1,120.0,1,,1.0,8,1,p_gated_uniform,5,5077,8.05216902787905,966.2602833454858,0.8758417418858591,0.782991202346041,1.0,0.782991202346041,0.0
mobility|traffic_speed|5|mobility/nyc/NE/cell_2_2/traffic_speed,mobility,traffic_speed,static,5,mobility/nyc/NE/cell_2_2/traffic_speed,1,120.0,1,,1.0,8,1,p_gated_uniform,0,77,8.185545981508861,982.2655177810634,0.9175068830905148,0.7902298850574713,1.0,0.7902298850574713,0.0
mobility|traffic_speed|5|mobility/nyc/NE/cell_2_2/traffic_speed,mobility,traffic_speed,static,5,mobility/nyc/NE/cell_2_2/traffic_speed,1,120.0,1,,1.0,8,1,p_gated_uniform,1,1077,7.5500098446686845,906.0011813602422,0.8696157021134364,0.7902298850574713,1.0,0.7902298850574713,0.0
mobility|traffic_speed|5|mobility/nyc/NE/cell_2_2/traffic_speed,mobility,traffic_speed,static,5,mobility/nyc/NE/cell_2_2/traffic_speed,1,120.0,1,,1.0,8,1,p_gated_uniform,2,2077,7.597047768989477,911.6457322787372,1.0391012514178872,0.7902298850574713,1.0,0.7902298850574713,0.0
mobility|traffic_speed|5|mobility/nyc/NE/cell_2_2/traffic_speed,mobility,traffic_speed,static,5,mobility/nyc/NE/cell_2_2/traffic_speed,1,120.0,1,,1.0,8,1,p_gated_uniform,3,3077,8.427378729515947,1011.2854475419136,0.7299134155742742,0.7902298850574713,1.0,0.7902298850574713,0.0
mobility|traffic_speed|5|mobility/nyc/NE/cell_2_2/traffic_speed,mobility,traffic_speed,static,5,mobility/nyc/NE/cell_2_2/traffic_speed,1,120.0,1,,1.0,8,1,p_gated_uniform,4,4077,8.039002142322476,964.6802570786972,0.9610598897796386,0.7902298850574713,1.0,0.7902298850574713,0.0
mobility|traffic_speed|5|mobility/nyc/NE/cell_2_2/traffic_speed,mobility,traffic_speed,static,5,mobility/nyc/NE/cell_2_2/traffic_speed,1,120.0,1,,1.0,8,1,p_gated_uniform,5,5077,7.945801181178769,953.4961417414524,0.7894500260956673,0.7902298850574713,1.0,0.7902298850574713,0.0
mobility|traffic_speed|5|mobility/nyc/NE/cell_2_3/traffic_speed,mobility,traffic_speed,static,5,mobility/nyc/NE/cell_2_3/traffic_speed,1,120.0,1,,1.0,8,1,p_gated_uniform,0,77,8.161050881268482,979.3261057522176,0.542873730577538,0.7747747747747747,1.0,0.7747747747747747,0.0
mobility|traffic_speed|5|mobility/nyc/NE/cell_2_3/traffic_speed,mobility,traffic_speed,static,5,mobility/nyc/NE/cell_2_3/traffic_speed,1,120.0,1,,1.0,8,1,p_gated_uniform,1,1077,7.470059297132452,896.4071156558942,0.8690879287822942,0.7747747747747747,1.0,0.7747747747747747,0.0
mobility|traffic_speed|5|mobility/nyc/NE/cell_2_3/traffic_speed,mobility,traffic_speed,static,5,mobility/nyc/NE/cell_2_3/traffic_speed,1,120.0,1,,1.0,8,1,p_gated_uniform,2,2077,7.76395426697351,931.6745120368212,0.9645191533061768,0.7747747747747747,1.0,0.7747747747747747,0.0
mobility|traffic_speed|5|mobility/nyc/NE/cell_2_3/traffic_speed,mobility,traffic_speed,static,5,mobility/nyc/NE/cell_2_3/traffic_speed,1,120.0,1,,1.0,8,1,p_gated_uniform,3,3077,8.484299490166704,1018.1159388200044,0.7372547284520764,0.7747747747747747,1.0,0.7747747747747747,0.0
mobility|traffic_speed|5|mobility/nyc/NE/cell_2_3/traffic_speed,mobility,traffic_speed,static,5,mobility/nyc/NE/cell_2_3/traffic_speed,1,120.0,1,,1.0,8,1,p_gated_uniform,4,4077,8.381630774152606,1005.7956928983128,1.0003802788448546,0.7747747747747747,1.0,0.7747747747747747,0.0
mobility|traffic_speed|5|mobility/nyc/NE/cell_2_3/traffic_speed,mobility,traffic_speed,static,5,mobility/nyc/NE/cell_2_3/traffic_speed,1,120.0,1,,1.0,8,1,p_gated_uniform,5,5077,7.977132636964248,957.2559164357098,0.7750867289100271,0.7747747747747747,1.0,0.7747747747747747,0.0
mobility|traffic_speed|5|mobility/nyc/NW/cell_3_0/traffic_speed,mobility,traffic_speed,static,5,mobility/nyc/NW/cell_3_0/traffic_speed,1,120.0,1,,1.0,8,1,p_gated_uniform,0,77,8.121969275666336,974.6363130799604,0.9251812848130824,0.7936962750716332,1.0,0.7936962750716332,0.0
mobility|traffic_speed|5|mobility/nyc/NW/cell_3_0/traffic_speed,mobility,traffic_speed,static,5,mobility/nyc/NW/cell_3_0/traffic_speed,1,120.0,1,,1.0,8,1,p_gated_uniform,1,1077,7.711118740511227,925.3342488613472,0.8588741963278885,0.7936962750716332,1.0,0.7936962750716332,0.0
mobility|traffic_speed|5|mobility/nyc/NW/cell_3_0/traffic_speed,mobility,traffic_speed,static,5,mobility/nyc/NW/cell_3_0/traffic_speed,1,120.0,1,,1.0,8,1,p_gated_uniform,2,2077,8.012399090113357,961.4878908136028,0.9953818821059518,0.7936962750716332,1.0,0.7936962750716332,0.0
mobility|traffic_speed|5|mobility/nyc/NW/cell_3_0/traffic_speed,mobility,traffic_speed,static,5,mobility/nyc/NW/cell_3_0/traffic_speed,1,120.0,1,,1.0,8,1,p_gated_uniform,3,3077,7.6111863306927265,913.3423596831273,0.713685925962771,0.7936962750716332,1.0,0.7936962750716332,0.0
mobility|traffic_speed|5|mobility/nyc/NW/cell_3_0/traffic_speed,mobility,traffic_speed,static,5,mobility/nyc/NW/cell_3_0/traffic_speed,1,120.0,1,,1.0,8,1,p_gated_uniform,4,4077,8.129123471627672,975.4948165953208,0.8817884382172423,0.7936962750716332,1.0,0.7936962750716332,0.0
mobility|traffic_speed|5|mobility/nyc/NW/cell_3_0/traffic_speed,mobility,traffic_speed,static,5,mobility/nyc/NW/cell_3_0/traffic_speed,1,120.0,1,,1.0,8,1,p_gated_uniform,5,5077,8.091257180578998,970.9508616694798,0.3970527583110874,0.7936962750716332,1.0,0.7936962750716332,0.0
mobility|traffic_speed|5|mobility/nyc/NW/cell_3_1/traffic_speed,mobility,traffic_speed,static,5,mobility/nyc/NW/cell_3_1/traffic_speed,1,120.0,1,,1.0,8,1,p_gated_uniform,0,77,8.394792586729844,1007.3751104075812,0.6964995379415209,0.7574850299401198,1.0,0.7574850299401198,0.0
mobility|traffic_speed|5|mobility/nyc/NW/cell_3_1/traffic_speed,mobility,traffic_speed,static,5,mobility/nyc/NW/cell_3_1/traffic_speed,1,120.0,1,,1.0,8,1,p_gated_uniform,1,1077,7.366011251832576,883.9213502199092,0.978209820131945,0.7574850299401198,1.0,0.7574850299401198,0.0
mobility|traffic_speed|5|mobility/nyc/NW/cell_3_1/traffic_speed,mobility,traffic_speed,static,5,mobility/nyc/NW/cell_3_1/traffic_speed,1,120.0,1,,1.0,8,1,p_gated_uniform,2,2077,7.87916926165031,945.5003113980372,0.6741728924565726,0.7574850299401198,1.0,0.7574850299401198,0.0
mobility|traffic_speed|5|mobility/nyc/NW/cell_3_1/traffic_speed,mobility,traffic_speed,static,5,mobility/nyc/NW/cell_3_1/traffic_speed,1,120.0,1,,1.0,8,1,p_gated_uniform,3,3077,7.69504146799519,923.4049761594227,0.7927300202765271,0.7574850299401198,1.0,0.7574850299401198,0.0
mobility|traffic_speed|5|mobility/nyc/NW/cell_3_1/traffic_speed,mobility,traffic_speed,static,5,mobility/nyc/NW/cell_3_1/traffic_speed,1,120.0,1,,1.0,8,1,p_gated_uniform,4,4077,8.210489826470878,985.2587791765052,0.8910833446298542,0.7574850299401198,1.0,0.7574850299401198,0.0
mobility|traffic_speed|5|mobility/nyc/NW/cell_3_1/traffic_speed,mobility,traffic_speed,static,5,mobility/nyc/NW/cell_3_1/traffic_speed,1,120.0,1,,1.0,8,1,p_gated_uniform,5,5077,8.120113280520739,974.4135936624888,0.7766217443523021,0.7574850299401198,1.0,0.7574850299401198,0.0
mobility|traffic_speed|5|mobility/nyc/NE/cell_3_2/traffic_speed,mobility,traffic_speed,static,5,mobility/nyc/NE/cell_3_2/traffic_speed,1,120.0,1,,1.0,8,1,p_gated_uniform,0,77,7.789412248415415,934.7294698098498,0.9104191114748114,0.7712609970674487,1.0,0.7712609970674487,0.0
mobility|traffic_speed|5|mobility/nyc/NE/cell_3_2/traffic_speed,mobility,traffic_speed,static,5,mobility/nyc/NE/cell_3_2/traffic_speed,1,120.0,1,,1.0,8,1,p_gated_uniform,1,1077,8.490175636758028,1018.8210764109632,0.8601129901725062,0.7712609970674487,1.0,0.7712609970674487,0.0
mobility|traffic_speed|5|mobility/nyc/NE/cell_3_2/traffic_speed,mobility,traffic_speed,static,5,mobility/nyc/NE/cell_3_2/traffic_speed,1,120.0,1,,1.0,8,1,p_gated_uniform,2,2077,7.803680318115172,936.4416381738208,0.9949417363188044,0.7712609970674487,1.0,0.7712609970674487,0.0
mobility|traffic_speed|5|mobility/nyc/NE/cell_3_2/traffic_speed,mobility,traffic_speed,static,5,mobility/nyc/NE/cell_3_2/traffic_speed,1,120.0,1,,1.0,8,1,p_gated_uniform,3,3077,8.173096130121884,980.771535614626,0.7239256757115733,0.7712609970674487,1.0,0.7712609970674487,0.0
mobility|traffic_speed|5|mobility/nyc/NE/cell_3_2/traffic_speed,mobility,traffic_speed,static,5,mobility/nyc/NE/cell_3_2/traffic_speed,1,120.0,1,,1.0,8,1,p_gated_uniform,4,4077,8.393671154415904,1007.2405385299083,0.9656550633980606,0.7712609970674487,1.0,0.7712609970674487,0.0
mobility|traffic_speed|5|mobility/nyc/NE/cell_3_2/traffic_speed,mobility,traffic_speed,static,5,mobility/nyc/NE/cell_3_2/traffic_speed,1,120.0,1,,1.0,8,1,p_gated_uniform,5,5077,8.510017058424307,1021.2020470109168,0.918450715160584,0.7712609970674487,1.0,0.7712609970674487,0.0
mobility|traffic_speed|5|mobility/nyc/NE/cell_3_3/traffic_speed,mobility,traffic_speed,static,5,mobility/nyc/NE/cell_3_3/traffic_speed,1,120.0,1,,1.0,8,1,p_gated_uniform,0,77,8.469744995814516,1016.369399497742,0.9120681644781428,0.7916666666666666,1.0,0.7916666666666666,0.0
mobility|traffic_speed|5|mobility/nyc/NE/cell_3_3/traffic_speed,mobility,traffic_speed,static,5,mobility/nyc/NE/cell_3_3/traffic_speed,1,120.0,1,,1.0,8,1,p_gated_uniform,1,1077,7.4934198508063155,899.2103820967578,0.8442394856447119,0.7916666666666666,1.0,0.7916666666666666,0.0
mobility|traffic_speed|5|mobility/nyc/NE/cell_3_3/traffic_speed,mobility,traffic_speed,static,5,mobility/nyc/NE/cell_3_3/traffic_speed,1,120.0,1,,1.0,8,1,p_gated_uniform,2,2077,7.868957972413077,944.2749566895692,0.994194028106976,0.7916666666666666,1.0,0.7916666666666666,0.0
mobility|traffic_speed|5|mobility/nyc/NE/cell_3_3/traffic_speed,mobility,traffic_speed,static,5,mobility/nyc/NE/cell_3_3/traffic_speed,1,120.0,1,,1.0,8,1,p_gated_uniform,3,3077,8.215800834476019,985.8961001371222,0.7274962437084538,0.7916666666666666,1.0,0.7916666666666666,0.0
mobility|traffic_speed|5|mobility/nyc/NE/cell_3_3/traffic_speed,mobility,traffic_speed,static,5,mobility/nyc/NE/cell_3_3/traffic_speed,1,120.0,1,,1.0,8,1,p_gated_uniform,4,4077,8.124404974362019,974.9285969234422,0.9669989645357656,0.7916666666666666,1.0,0.7916666666666666,0.0
mobility|traffic_speed|5|mobility/nyc/NE/cell_3_3/traffic_speed,mobility,traffic_speed,static,5,mobility/nyc/NE/cell_3_3/traffic_speed,1,120.0,1,,1.0,8,1,p_gated_uniform,5,5077,7.437767132314429,892.5320558777314,0.5793868251550854,0.7916666666666666,1.0,0.7916666666666666,0.0
mobility|vehicle_count|1|mobility,mobility,vehicle_count,static,1,mobility,16,500.0,1,,1.0,8,1,p_gated_uniform,0,77,1.5359217983408988,767.9608991704494,1.00578357066241,1.0,0.2026179056754596,5.08273381294964,0.0
mobility|vehicle_count|1|mobility,mobility,vehicle_count,static,1,mobility,16,500.0,1,,1.0,8,1,p_gated_uniform,1,1077,1.6196415644937778,809.8207822468889,0.7483191675913502,1.0,0.2026179056754596,5.08273381294964,0.0
mobility|vehicle_count|1|mobility,mobility,vehicle_count,static,1,mobility,16,500.0,1,,1.0,8,1,p_gated_uniform,2,2077,1.5394849728135689,769.7424864067843,0.4734967862889095,1.0,0.2026179056754596,5.08273381294964,0.0
mobility|vehicle_count|1|mobility,mobility,vehicle_count,static,1,mobility,16,500.0,1,,1.0,8,1,p_gated_uniform,3,3077,1.692358246161785,846.1791230808925,0.738388308576362,1.0,0.2026179056754596,5.08273381294964,0.0
mobility|vehicle_count|1|mobility,mobility,vehicle_count,static,1,mobility,16,500.0,1,,1.0,8,1,p_gated_uniform,4,4077,1.655334274280884,827.6671371404419,0.8906849706021414,1.0,0.2026179056754596,5.08273381294964,0.0
mobility|vehicle_count|1|mobility,mobility,vehicle_count,static,1,mobility,16,500.0,1,,1.0,8,1,p_gated_uniform,5,5077,1.6793067667783688,839.6533833891843,0.720464919175862,1.0,0.2026179056754596,5.08273381294964,0.0
mobility|vehicle_count|2|mobility/nyc,mobility,vehicle_count,static,2,mobility/nyc,16,500.0,1,,1.0,8,1,p_gated_uniform,0,77,1.5359217983408988,767.9608991704494,1.00578357066241,1.0,0.2026179056754596,5.08273381294964,0.0
mobility|vehicle_count|2|mobility/nyc,mobility,vehicle_count,static,2,mobility/nyc,16,500.0,1,,1.0,8,1,p_gated_uniform,1,1077,1.6196415644937778,809.8207822468889,0.7483191675913502,1.0,0.2026179056754596,5.08273381294964,0.0
mobility|vehicle_count|2|mobility/nyc,mobility,vehicle_count,static,2,mobility/nyc,16,500.0,1,,1.0,8,1,p_gated_uniform,2,2077,1.5394849728135689,769.7424864067843,0.4734967862889095,1.0,0.2026179056754596,5.08273381294964,0.0
mobility|vehicle_count|2|mobility/nyc,mobility,vehicle_count,static,2,mobility/nyc,16,500.0,1,,1.0,8,1,p_gated_uniform,3,3077,1.692358246161785,846.1791230808925,0.738388308576362,1.0,0.2026179056754596,5.08273381294964,0.0
mobility|vehicle_count|2|mobility/nyc,mobility,vehicle_count,static,2,mobility/nyc,16,500.0,1,,1.0,8,1,p_gated_uniform,4,4077,1.655334274280884,827.6671371404419,0.8906849706021414,1.0,0.2026179056754596,5.08273381294964,0.0
mobility|vehicle_count|2|mobility/nyc,mobility,vehicle_count,static,2,mobility/nyc,16,500.0,1,,1.0,8,1,p_gated_uniform,5,5077,1.6793067667783688,839.6533833891843,0.720464919175862,1.0,0.2026179056754596,5.08273381294964,0.0
mobility|vehicle_count|3|mobility/nyc/SW,mobility,vehicle_count,static,3,mobility/nyc/SW,4,500.0,1,,1.0,8,1,p_gated_uniform,0,77,5.678676085590889,2839.338042795445,0.7840283889109059,0.9985590778097982,0.7585377585377585,1.5389048991354466,0.0
mobility|vehicle_count|3|mobility/nyc/SW,mobility,vehicle_count,static,3,mobility/nyc/SW,4,500.0,1,,1.0,8,1,p_gated_uniform,1,1077,5.790530109346042,2895.265054673021,0.8647551047498658,0.9985590778097982,0.7585377585377585,1.5389048991354466,0.0
mobility|vehicle_count|3|mobility/nyc/SW,mobility,vehicle_count,static,3,mobility/nyc/SW,4,500.0,1,,1.0,8,1,p_gated_uniform,2,2077,5.89934389444601,2949.6719472230047,0.9688569100562092,0.9985590778097982,0.7585377585377585,1.5389048991354466,0.0
mobility|vehicle_count|3|mobility/nyc/SW,mobility,vehicle_count,static,3,mobility/nyc/SW,4,500.0,1,,1.0,8,1,p_gated_uniform,3,3077,6.379550372506835,3189.775186253418,0.5091982979542607,0.9985590778097982,0.7585377585377585,1.5389048991354466,0.0
mobility|vehicle_count|3|mobility/nyc/SW,mobility,vehicle_count,static,3,mobility/nyc/SW,4,500.0,1,,1.0,8,1,p_gated_uniform,4,4077,6.311652031609216,3155.826015804608,0.7690292256129911,0.9985590778097982,0.7585377585377585,1.5389048991354466,0.0
mobility|vehicle_count|3|mobility/nyc/SW,mobility,vehicle_count,static,3,mobility/nyc/SW,4,500.0,1,,1.0,8,1,p_gated_uniform,5,5077,6.218842249336935,3109.421124668467,0.8495638592003548,0.9985590778097982,0.7585377585377585,1.5389048991354466,0.0
mobility|vehicle_count|3|mobility/nyc/SE,mobility,vehicle_count,static,3,mobility/nyc/SE,4,500.0,1,,1.0,8,1,p_gated_uniform,0,77,5.701676309709573,2850.8381548547864,0.892469013740563,0.9970544918998528,0.7523387493845395,1.5508100147275403,0.0
mobility|vehicle_count|3|mobility/nyc/SE,mobility,vehicle_count,static,3,mobility/nyc/SE,4,500.0,1,,1.0,8,1,p_gated_uniform,1,1077,5.904301951463768,2952.150975731884,0.8617294978739061,0.9970544918998528,0.7523387493845395,1.5508100147275403,0.0
mobility|vehicle_count|3|mobility/nyc/SE,mobility,vehicle_count,static,3,mobility/nyc/SE,4,500.0,1,,1.0,8,1,p_gated_uniform,2,2077,5.71956460050633,2859.782300253165,0.7091601317614394,0.9970544918998528,0.7523387493845395,1.5508100147275403,0.0
mobility|vehicle_count|3|mobility/nyc/SE,mobility,vehicle_count,static,3,mobility/nyc/SE,4,500.0,1,,1.0,8,1,p_gated_uniform,3,3077,6.011948644569361,3005.9743222846805,0.7895961991537777,0.9970544918998528,0.7523387493845395,1.5508100147275403,0.0
mobility|vehicle_count|3|mobility/nyc/SE,mobility,vehicle_count,static,3,mobility/nyc/SE,4,500.0,1,,1.0,8,1,p_gated_uniform,4,4077,6.542865019451378,3271.432509725689,0.9002315028978076,0.9970544918998528,0.7523387493845395,1.5508100147275403,0.0
mobility|vehicle_count|3|mobility/nyc/SE,mobility,vehicle_count,static,3,mobility/nyc/SE,4,500.0,1,,1.0,8,1,p_gated_uniform,5,5077,6.325682117453366,3162.841058726683,0.593973255444623,0.9970544918998528,0.7523387493845395,1.5508100147275403,0.0
mobility|vehicle_count|3|mobility/nyc/NW,mobility,vehicle_count,static,3,mobility/nyc/NW,4,500.0,1,,1.0,8,1,p_gated_uniform,0,77,5.782449975643304,2891.224987821652,0.7075285889759964,0.9971014492753624,0.7639292635658914,1.5304347826086957,0.0
mobility|vehicle_count|3|mobility/nyc/NW,mobility,vehicle_count,static,3,mobility/nyc/NW,4,500.0,1,,1.0,8,1,p_gated_uniform,1,1077,5.9604359073309325,2980.217953665466,0.9064748730011836,0.9971014492753624,0.7639292635658914,1.5304347826086957,0.0
mobility|vehicle_count|3|mobility/nyc/NW,mobility,vehicle_count,static,3,mobility/nyc/NW,4,500.0,1,,1.0,8,1,p_gated_uniform,2,2077,5.82852572160284,2914.26286080142,0.6413387279744533,0.9971014492753624,0.7639292635658914,1.5304347826086957,0.0
mobility|vehicle_count|3|mobility/nyc/NW,mobility,vehicle_count,static,3,mobility/nyc/NW,4,500.0,1,,1.0,8,1,p_gated_uniform,3,3077,6.280480789357657,3140.2403946788286,0.82763868462603,0.9971014492753624,0.7639292635658914,1.5304347826086957,0.0
mobility|vehicle_count|3|mobility/nyc/NW,mobility,vehicle_count,static,3,mobility/nyc/NW,4,500.0,1,,1.0,8,1,p_gated_uniform,4,4077,6.37034465278493,3185.172326392465,0.8007662348948538,0.9971014492753624,0.7639292635658914,1.5304347826086957,0.0
mobility|vehicle_count|3|mobility/nyc/NW,mobility,vehicle_count,static,3,mobility/nyc/NW,4,500.0,1,,1.0,8,1,p_gated_uniform,5,5077,6.544860776630054,3272.430388315028,0.6122101889798479,0.9971014492753624,0.7639292635658914,1.5304347826086957,0.0
mobility|vehicle_count|3|mobility/nyc/NE,mobility,vehicle_count,static,3,mobility/nyc/NE,4,500.0,1,,1.0,8,1,p_gated_uniform,0,77,5.691290919062924,2845.645459531462,0.5733467125974268,0.9970501474926252,0.7475345167652859,1.5663716814159292,0.0
mobility|vehicle_count|3|mobility/nyc/NE,mobility,vehicle_count,static,3,mobility/nyc/NE,4,500.0,1,,1.0,8,1,p_gated_uniform,1,1077,5.774495875439381,2887.2479377196905,0.7611087831904679,0.9970501474926252,0.7475345167652859,1.5663716814159292,0.0
mobility|vehicle_count|3|mobility/nyc/NE,mobility,vehicle_count,static,3,mobility/nyc/NE,4,500.0,1,,1.0,8,1,p_gated_uniform,2,2077,5.610656692069937,2805.3283460349685,0.7063990612141482,0.9970501474926252,0.7475345167652859,1.5663716814159292,0.0
mobility|vehicle_count|3|mobility/nyc/NE,mobility,vehicle_count,static,3,mobility/nyc/NE,4,500.0,1,,1.0,8,1,p_gated_uniform,3,3077,5.998310228714553,2999.1551143572765,0.5083914556753416,0.9970501474926252,0.7475345167652859,1.5663716814159292,0.0
mobility|vehicle_count|3|mobility/nyc/NE,mobility,vehicle_count,static,3,mobility/nyc/NE,4,500.0,1,,1.0,8,1,p_gated_uniform,4,4077,6.301238294948123,3150.6191474740617,0.7592732896766653,0.9970501474926252,0.7475345167652859,1.5663716814159292,0.0
mobility|vehicle_count|3|mobility/nyc/NE,mobility,vehicle_count,static,3,mobility/nyc/NE,4,500.0,1,,1.0,8,1,p_gated_uniform,5,5077,6.22392309193929,3111.961545969645,0.636795403637497,0.9970501474926252,0.7475345167652859,1.5663716814159292,0.0
mobility|vehicle_count|4|mobility/nyc/SW/cell_0_0,mobility,vehicle_count,static,4,mobility/nyc/SW/cell_0_0,1,500.0,1,,1.0,8,1,p_gated_uniform,0,77,8.208722491914148,4104.361245957074,0.7004821216193184,0.7753846153846153,1.0,0.7753846153846153,0.0
mobility|vehicle_count|4|mobility/nyc/SW/cell_0_0,mobility,vehicle_count,static,4,mobility/nyc/SW/cell_0_0,1,500.0,1,,1.0,8,1,p_gated_uniform,1,1077,7.751244770362744,3875.622385181372,0.9520834693654336,0.7753846153846153,1.0,0.7753846153846153,0.0
mobility|vehicle_count|4|mobility/nyc/SW/cell_0_0,mobility,vehicle_count,static,4,mobility/nyc/SW/cell_0_0,1,500.0,1,,1.0,8,1,p_gated_uniform,2,2077,8.358770050619407,4179.385025309703,0.6862666866153118,0.7753846153846153,1.0,0.7753846153846153,0.0
mobility|vehicle_count|4|mobility/nyc/SW/cell_0_0,mobility,vehicle_count,static,4,mobility/nyc/SW/cell_0_0,1,500.0,1,,1.0,8,1,p_gated_uniform,3,3077,8.22586083040683,4112.930415203416,0.7977210486820394,0.7753846153846153,1.0,0.7753846153846153,0.0
mobility|vehicle_count|4|mobility/nyc/SW/cell_0_0,mobility,vehicle_count,static,4,mobility/nyc/SW/cell_0_0,1,500.0,1,,1.0,8,1,p_gated_uniform,4,4077,8.012023941830323,4006.011970915162,0.9276182481635494,0.7753846153846153,1.0,0.7753846153846153,0.0
mobility|vehicle_count|4|mobility/nyc/SW/cell_0_0,mobility,vehicle_count,static,4,mobility/nyc/SW/cell_0_0,1,500.0,1,,1.0,8,1,p_gated_uniform,5,5077,8.108734855474264,4054.367427737133,1.0637502820100866,0.7753846153846153,1.0,0.7753846153846153,0.0
mobility|vehicle_count|4|mobility/nyc/SW/cell_0_1,mobility,vehicle_count,static,4,mobility/nyc/SW/cell_0_1,1,500.0,1,,1.0,8,1,p_gated_uniform,0,77,8.517679180763498,4258.839590381749,0.9041575034252182,0.7994269340974212,1.0,0.7994269340974212,0.0
mobility|vehicle_count|4|mobility/nyc/SW/cell_0_1,mobility,vehicle_count,static,4,mobility/nyc/SW/cell_0_1,1,500.0,1,,1.0,8,1,p_gated_uniform,1,1077,7.493205988800253,3746.602994400127,0.8489234008477248,0.7994269340974212,1.0,0.7994269340974212,0.0
mobility|vehicle_count|4|mobility/nyc/SW/cell_0_1,mobility,vehicle_count,static,4,mobility/nyc/SW/cell_0_1,1,500.0,1,,1.0,8,1,p_gated_uniform,2,2077,7.393806601585707,3696.9033007928538,1.0018233872448046,0.7994269340974212,1.0,0.7994269340974212,0.0
mobility|vehicle_count|4|mobility/nyc/SW/cell_0_1,mobility,vehicle_count,static,4,mobility/nyc/SW/cell_0_1,1,500.0,1,,1.0,8,1,p_gated_uniform,3,3077,8.071445527342616,4035.722763671308,0.7136207226768237,0.7994269340974212,1.0,0.7994269340974212,0.0
mobility|vehicle_count|4|mobility/nyc/SW/cell_0_1,mobility,vehicle_count,static,4,mobility/nyc/SW/cell_0_1,1,500.0,1,,1.0,8,1,p_gated_uniform,4,4077,7.988605605653645,3994.302802826823,0.9760114922166386,0.7994269340974212,1.0,0.7994269340974212,0.0
mobility|vehicle_count|4|mobility/nyc/SW/cell_0_1,mobility,vehicle_count,static,4,mobility/nyc/SW/cell_0_1,1,500.0,1,,1.0,8,1,p_gated_uniform,5,5077,8.03772455416071,4018.8622770803545,0.9113468359671144,0.7994269340974212,1.0,0.7994269340974212,0.0
mobility|vehicle_count|4|mobility/nyc/SE/cell_0_2,mobility,vehicle_count,static,4,mobility/nyc/SE/cell_0_2,1,500.0,1,,1.0,8,1,p_gated_uniform,0,77,7.874773975492593,3937.386987746296,0.6851209262406593,0.7890173410404624,1.0,0.7890173410404624,0.0
mobility|vehicle_count|4|mobility/nyc/SE/cell_0_2,mobility,vehicle_count,static,4,mobility/nyc/SE/cell_0_2,1,500.0,1,,1.0,8,1,p_gated_uniform,1,1077,7.470605122343637,3735.3025611718185,0.870966713455521,0.7890173410404624,1.0,0.7890173410404624,0.0
mobility|vehicle_count|4|mobility/nyc/SE/cell_0_2,mobility,vehicle_count,static,4,mobility/nyc/SE/cell_0_2,1,500.0,1,,1.0,8,1,p_gated_uniform,2,2077,8.007821657784193,4003.910828892097,1.0105395257539649,0.7890173410404624,1.0,0.7890173410404624,0.0
mobility|vehicle_count|4|mobility/nyc/SE/cell_0_2,mobility,vehicle_count,static,4,mobility/nyc/SE/cell_0_2,1,500.0,1,,1.0,8,1,p_gated_uniform,3,3077,8.284823113287944,4142.411556643972,0.7146965331967214,0.7890173410404624,1.0,0.7890173410404624,0.0
mobility|vehicle_count|4|mobility/nyc/SE/cell_0_2,mobility,vehicle_count,static,4,mobility/nyc/SE/cell_0_2,1,500.0,1,,1.0,8,1,p_gated_uniform,4,4077,8.041342244135452,4020.671122067726,0.973464984229182,0.7890173410404624,1.0,0.7890173410404624,0.0
mobility|vehicle_count|4|mobility/nyc/SE/cell_0_2,mobility,vehicle_count,static,4,mobility/nyc/SE/cell_0_2,1,500.0,1,,1.0,8,1,p_gated_uniform,5,5077,8.15656036957196,4078.28018478598,0.9170875623746668,0.7890173410404624,1.0,0.7890173410404624,0.0
mobility|vehicle_count|4|mobility/nyc/SE/cell_0_3,mobility,vehicle_count,static,4,mobility/nyc/SE/cell_0_3,1,500.0,1,,1.0,8,1,p_gated_uniform,0,77,8.455390784185724,4227.695392092862,0.71021415460853,0.7739938080495357,1.0,0.7739938080495357,0.0
mobility|vehicle_count|4|mobility/nyc/SE/cell_0_3,mobility,vehicle_count,static,4,mobility/nyc/SE/cell_0_3,1,500.0,1,,1.0,8,1,p_gated_uniform,1,1077,7.850409154875922,3925.204577437961,0.9331392004079494,0.7739938080495357,1.0,0.7739938080495357,0.0
mobility|vehicle_count|4|mobility/nyc/SE/cell_0_3,mobility,vehicle_count,static,4,mobility/nyc/SE/cell_0_3,1,500.0,1,,1.0,8,1,p_gated_uniform,2,2077,7.874115693520323,3937.057846760161,0.6620697850823889,0.7739938080495357,1.0,0.7739938080495357,0.0
mobility|vehicle_count|4|mobility/nyc/SE/cell_0_3,mobility,vehicle_count,static,4,mobility/nyc/SE/cell_0_3,1,500.0,1,,1.0,8,1,p_gated_uniform,3,3077,8.30119237935451,4150.596189677255,0.807825751945901,0.7739938080495357,1.0,0.7739938080495357,0.0
mobility|vehicle_count|4|mobility/nyc/SE/cell_0_3,mobility,vehicle_count,static,4,mobility/nyc/SE/cell_0_3,1,500.0,1,,1.0,8,1,p_gated_uniform,4,4077,7.934262278248244,3967.131139124122,0.8784415878493838,0.7739938080495357,1.0,0.7739938080495357,0.0
mobility|vehicle_count|4|mobility/nyc/SE/cell_0_3,mobility,vehicle_count,static,4,mobility/nyc/SE/cell_0_3,1,500.0,1,,1.0,8,1,p_gated_uniform,5,5077,8.107600365074045,4053.8001825370234,0.7314076357549832,0.7739938080495357,1.0,0.7739938080495357,0.0
mobility|vehicle_count|4|mobility/nyc/SW/cell_1_0,mobility,vehicle_count,static,4,mobility/nyc/SW/cell_1_0,1,500.0,1,,1.0,8,1,p_gated_uniform,0,77,8.325482705756789,4162.7413528783945,0.5237060483197151,0.7761627906976745,1.0,0.7761627906976745,0.0
mobility|vehicle_count|4|mobility/nyc/SW/cell_1_0,mobility,vehicle_count,static,4,mobility/nyc/SW/cell_1_0,1,500.0,1,,1.0,8,1,p_gated_uniform,1,1077,7.532296420852104,3766.148210426052,0.8571601139203321,0.7761627906976745,1.0,0.7761627906976745,0.0
mobility|vehicle_count|4|mobility/nyc/SW/cell_1_0,mobility,vehicle_count,static,4,mobility/nyc/SW/cell_1_0,1,500.0,1,,1.0,8,1,p_gated_uniform,2,2077,8.066631805234053,4033.3159026170265,1.0084774946880424,0.7761627906976745,1.0,0.7761627906976745,0.0
mobility|vehicle_count|4|mobility/nyc/SW/cell_1_0,mobility,vehicle_count,static,4,mobility/nyc/SW/cell_1_0,1,500.0,1,,1.0,8,1,p_gated_uniform,3,3077,7.786670621374454,3893.335310687227,0.7393852730715852,0.7761627906976745,1.0,0.7761627906976745,0.0
mobility|vehicle_count|4|mobility/nyc/SW/cell_1_0,mobility,vehicle_count,static,4,mobility/nyc/SW/cell_1_0,1,500.0,1,,1.0,8,1,p_gated_uniform,4,4077,8.2945339505758,4147.2669752879,0.9919075644282496,0.7761627906976745,1.0,0.7761627906976745,0.0
mobility|vehicle_count|4|mobility/nyc/SW/cell_1_0,mobility,vehicle_count,static,4,mobility/nyc/SW/cell_1_0,1,500.0,1,,1.0,8,1,p_gated_uniform,5,5077,7.932541146080007,3966.270573040004,0.4430590573194964,0.7761627906976745,1.0,0.7761627906976745,0.0
mobility|vehicle_count|4|mobility/nyc/SW/cell_1_1,mobility,vehicle_count,static,4,mobility/nyc/SW/cell_1_1,1,500.0,1,,1.0,8,1,p_gated_uniform,0,77,8.182489524238436,4091.244762119218,0.9078867629342948,0.7780979827089337,1.0,0.7780979827089337,0.0
mobility|vehicle_count|4|mobility/nyc/SW/cell_1_1,mobility,vehicle_count,static,4,mobility/nyc/SW/cell_1_1,1,500.0,1,,1.0,8,1,p_gated_uniform,1,1077,7.699798621199346,3849.899310599673,0.8411968031498753,0.7780979827089337,1.0,0.7780979827089337,0.0
mobility|vehicle_count|4|mobility/nyc/SW/cell_1_1,mobility,vehicle_count,static,4,mobility/nyc/SW/cell_1_1,1,500.0,1,,1.0,8,1,p_gated_uniform,2,2077,7.673292505902309,3836.6462529511546,1.0310577986874787,0.7780979827089337,1.0,0.7780979827089337,0.0
mobility|vehicle_count|4|mobility/nyc/SW/cell_1_1,mobility,vehicle_count,static,4,mobility/nyc/SW/cell_1_1,1,500.0,1,,1.0,8,1,p_gated_uniform,3,3077,7.928931948800355,3964.4659744001774,0.7032928239037401,0.7780979827089337,1.0,0.7780979827089337,0.0
mobility|vehicle_count|4|mobility/nyc/SW/cell_1_1,mobility,vehicle_count,static,4,mobility/nyc/SW/cell_1_1,1,500.0,1,,1.0,8,1,p_gated_uniform,4,4077,8.251693384486012,4125.846692243006,0.9620151589429686,0.7780979827089337,1.0,0.7780979827089337,0.0
mobility|vehicle_count|4|mobility/nyc/SW/cell_1_1,mobility,vehicle_count,static,4,mobility/nyc/SW/cell_1_1,1,500.0,1,,1.0,8,1,p_gated_uniform,5,5077,8.013234478782445,4006.6172393912234,0.6280870435444598,0.7780979827089337,1.0,0.7780979827089337,0.0
mobility|vehicle_count|4|mobility/nyc/SE/cell_1_2,mobility,vehicle_count,static,4,mobility/nyc/SE/cell_1_2,1,500.0,1,,1.0,8,1,p_gated_uniform,0,77,7.939666128396586,3969.833064198293,0.7128369846656745,0.7529761904761905,1.0,0.7529761904761905,0.0
mobility|vehicle_count|4|mobility/nyc/SE/cell_1_2,mobility,vehicle_count,static,4,mobility/nyc/SE/cell_1_2,1,500.0,1,,1.0,8,1,p_gated_uniform,1,1077,7.674681438086242,3837.3407190431208,1.0004196648809414,0.7529761904761905,1.0,0.7529761904761905,0.0
mobility|vehicle_count|4|mobility/nyc/SE/cell_1_2,mobility,vehicle_count,static,4,mobility/nyc/SE/cell_1_2,1,500.0,1,,1.0,8,1,p_gated_uniform,2,2077,7.910022245059235,3955.011122529617,0.6662737786904489,0.7529761904761905,1.0,0.7529761904761905,0.0
mobility|vehicle_count|4|mobility/nyc/SE/cell_1_2,mobility,vehicle_count,static,4,mobility/nyc/SE/cell_1_2,1,500.0,1,,1.0,8,1,p_gated_uniform,3,3077,8.48516430962504,4242.58215481252,0.8018756618310596,0.7529761904761905,1.0,0.7529761904761905,0.0
mobility|vehicle_count|4|mobility/nyc/SE/cell_1_2,mobility,vehicle_count,static,4,mobility/nyc/SE/cell_1_2,1,500.0,1,,1.0,8,1,p_gated_uniform,4,4077,8.278588181967939,4139.294090983969,0.9108611408390148,0.7529761904761905,1.0,0.7529761904761905,0.0
mobility|vehicle_count|4|mobility/nyc/SE/cell_1_2,mobility,vehicle_count,static,4,mobility/nyc/SE/cell_1_2,1,500.0,1,,1.0,8,1,p_gated_uniform,5,5077,8.332729813190872,4166.364906595436,0.8363004927158996,0.7529761904761905,1.0,0.7529761904761905,0.0
mobility|vehicle_count|4|mobility/nyc/SE/cell_1_3,mobility,vehicle_count,static,4,mobility/nyc/SE/cell_1_3,1,500.0,1,,1.0,8,1,p_gated_uniform,0,77,8.338651877769268,4169.325938884634,0.9250538251862858,0.7936962750716332,1.0,0.7936962750716332,0.0
mobility|vehicle_count|4|mobility/nyc/SE/cell_1_3,mobility,vehicle_count,static,4,mobility/nyc/SE/cell_1_3,1,500.0,1,,1.0,8,1,p_gated_uniform,1,1077,7.412991232185529,3706.495616092765,0.8502442313372552,0.7936962750716332,1.0,0.7936962750716332,0.0
mobility|vehicle_count|4|mobility/nyc/SE/cell_1_3,mobility,vehicle_count,static,4,mobility/nyc/SE/cell_1_3,1,500.0,1,,1.0,8,1,p_gated_uniform,2,2077,8.122405716050453,4061.2028580252263,1.0148901397978651,0.7936962750716332,1.0,0.7936962750716332,0.0
mobility|vehicle_count|4|mobility/nyc/SE/cell_1_3,mobility,vehicle_count,static,4,mobility/nyc/SE/cell_1_3,1,500.0,1,,1.0,8,1,p_gated_uniform,3,3077,7.853187901948573,3926.593950974287,0.7214076149831748,0.7936962750716332,1.0,0.7936962750716332,0.0
mobility|vehicle_count|4|mobility/nyc/SE/cell_1_3,mobility,vehicle_count,static,4,mobility/nyc/SE/cell_1_3,1,500.0,1,,1.0,8,1,p_gated_uniform,4,4077,8.133213105374606,4066.606552687303,0.9683826840783498,0.7936962750716332,1.0,0.7936962750716332,0.0
mobility|vehicle_count|4|mobility/nyc/SE/cell_1_3,mobility,vehicle_count,static,4,mobility/nyc/SE/cell_1_3,1,500.0,1,,1.0,8,1,p_gated_uniform,5,5077,8.375819751018694,4187.909875509347,0.9321042249584705,0.7936962750716332,1.0,0.7936962750716332,0.0
mobility|vehicle_count|4|mobility/nyc/NW/cell_2_0,mobility,vehicle_count,static,4,mobility/nyc/NW/cell_2_0,1,500.0,1,,1.0,8,1,p_gated_uniform,0,77,8.803411789277169,4401.705894638584,0.9550949401304452,0.7777777777777778,1.0,0.7777777777777778,0.0
mobility|vehicle_count|4|mobility/nyc/NW/cell_2_0,mobility,vehicle_count,static,4,mobility/nyc/NW/cell_2_0,1,500.0,1,,1.0,8,1,p_gated_uniform,1,1077,7.505586009477953,3752.793004738976,0.8928142490289861,0.7777777777777778,1.0,0.7777777777777778,0.0
mobility|vehicle_count|4|mobility/nyc/NW/cell_2_0,mobility,vehicle_count,static,4,mobility/nyc/NW/cell_2_0,1,500.0,1,,1.0,8,1,p_gated_uniform,2,2077,7.424204575528909,3712.102287764454,0.9372912027988556,0.7777777777777778,1.0,0.7777777777777778,0.0
mobility|vehicle_count|4|mobility/nyc/NW/cell_2_0,mobility,vehicle_count,static,4,mobility/nyc/NW/cell_2_0,1,500.0,1,,1.0,8,1,p_gated_uniform,3,3077,8.214398550820913,4107.199275410457,0.7411680651300797,0.7777777777777778,1.0,0.7777777777777778,0.0
mobility|vehicle_count|4|mobility/nyc/NW/cell_2_0,mobility,vehicle_count,static,4,mobility/nyc/NW/cell_2_0,1,500.0,1,,1.0,8,1,p_gated_uniform,4,4077,8.079038545140554,4039.519272570277,0.9709374797293214,0.7777777777777778,1.0,0.7777777777777778,0.0
mobility|vehicle_count|4|mobility/nyc/NW/cell_2_0,mobility,vehicle_count,static,4,mobility/nyc/NW/cell_2_0,1,500.0,1,,1.0,8,1,p_gated_uniform,5,5077,7.7874475771082095,3893.723788554105,0.7699689549303738,0.7777777777777778,1.0,0.7777777777777778,0.0
mobility|vehicle_count|4|mobility/nyc/NW/cell_2_1,mobility,vehicle_count,static,4,mobility/nyc/NW/cell_2_1,1,500.0,1,,1.0,8,1,p_gated_uniform,0,77,8.320200874988062,4160.100437494031,0.9258086891374364,0.782991202346041,1.0,0.782991202346041,0.0
mobility|vehicle_count|4|mobility/nyc/NW/cell_2_1,mobility,vehicle_count,static,4,mobility/nyc/NW/cell_2_1,1,500.0,1,,1.0,8,1,p_gated_uniform,1,1077,7.490711979160314,3745.355989580157,0.8664215898280716,0.782991202346041,1.0,0.782991202346041,0.0
mobility|vehicle_count|4|mobility/nyc/NW/cell_2_1,mobility,vehicle_count,static,4,mobility/nyc/NW/cell_2_1,1,500.0,1,,1.0,8,1,p_gated_uniform,2,2077,7.825505724426005,3912.7528622130026,1.0195160689463043,0.782991202346041,1.0,0.782991202346041,0.0
mobility|vehicle_count|4|mobility/nyc/NW/cell_2_1,mobility,vehicle_count,static,4,mobility/nyc/NW/cell_2_1,1,500.0,1,,1.0,8,1,p_gated_uniform,3,3077,7.998765790322823,3999.3828951614114,0.7233204893424704,0.782991202346041,1.0,0.782991202346041,0.0
mobility|vehicle_count|4|mobility/nyc/NW/cell_2_1,mobility,vehicle_count,static,4,mobility/nyc/NW/cell_2_1,1,500.0,1,,1.0,8,1,p_gated_uniform,4,4077,8.144668054346893,4072.334027173446,0.9606212274304424,0.782991202346041,1.0,0.782991202346041,0.0
mobility|vehicle_count|4|mobility/nyc/NW/cell_2_1,mobility,vehicle_count,static,4,mobility/nyc/NW/cell_2_1,1,500.0,1,,1.0,8,1,p_gated_uniform,5,5077,8.048185522381099,4024.092761190549,0.9339262672426916,0.782991202346041,1.0,0.782991202346041,0.0
mobility|vehicle_count|4|mobility/nyc/NE/cell_2_2,mobility,vehicle_count,static,4,mobility/nyc/NE/cell_2_2,1,500.0,1,,1.0,8,1,p_gated_uniform,0,77,8.184278271353374,4092.139135676687,0.9178689403544548,0.7902298850574713,1.0,0.7902298850574713,0.0
mobility|vehicle_count|4|mobility/nyc/NE/cell_2_2,mobility,vehicle_count,static,4,mobility/nyc/NE/cell_2_2,1,500.0,1,,1.0,8,1,p_gated_uniform,1,1077,7.543398191175137,3771.699095587569,0.8605042324695888,0.7902298850574713,1.0,0.7902298850574713,0.0
mobility|vehicle_count|4|mobility/nyc/NE/cell_2_2,mobility,vehicle_count,static,4,mobility/nyc/NE/cell_2_2,1,500.0,1,,1.0,8,1,p_gated_uniform,2,2077,7.593943041954021,3796.97152097701,1.017815842024028,0.7902298850574713,1.0,0.7902298850574713,0.0
mobility|vehicle_count|4|mobility/nyc/NE/cell_2_2,mobility,vehicle_count,static,4,mobility/nyc/NE/cell_2_2,1,500.0,1,,1.0,8,1,p_gated_uniform,3,3077,8.430414323142642,4215.207161571321,0.7220109804936913,0.7902298850574713,1.0,0.7902298850574713,0.0
mobility|vehicle_count|4|mobility/nyc/NE/cell_2_2,mobility,vehicle_count,static,4,mobility/nyc/NE/cell_2_2,1,500.0,1,,1.0,8,1,p_gated_uniform,4,4077,8.03758416845457,4018.792084227285,0.960911975560064,0.7902298850574713,1.0,0.7902298850574713,0.0
mobility|vehicle_count|4|mobility/nyc/NE/cell_2_2,mobility,vehicle_count,static,4,mobility/nyc/NE/cell_2_2,1,500.0,1,,1.0,8,1,p_gated_uniform,5,5077,7.940409213864645,3970.2046069323214,0.8779658819619104,0.7902298850574713,1.0,0.7902298850574713,0.0
mobility|vehicle_count|4|mobility/nyc/NE/cell_2_3,mobility,vehicle_count,static,4,mobility/nyc/NE/cell_2_3,1,500.0,1,,1.0,8,1,p_gated_uniform,0,77,8.173857223618052,4086.928611809026,0.910321744852176,0.7747747747747747,1.0,0.7747747747747747,0.0
mobility|vehicle_count|4|mobility/nyc/NE/cell_2_3,mobility,vehicle_count,static,4,mobility/nyc/NE/cell_2_3,1,500.0,1,,1.0,8,1,p_gated_uniform,1,1077,7.474471620953059,3737.2358104765294,0.8689041102656127,0.7747747747747747,1.0,0.7747747747747747,0.0
mobility|vehicle_count|4|mobility/nyc/NE/cell_2_3,mobility,vehicle_count,static,4,mobility/nyc/NE/cell_2_3,1,500.0,1,,1.0,8,1,p_gated_uniform,2,2077,7.7512342104464995,3875.61710522325,0.943864216927388,0.7747747747747747,1.0,0.7747747747747747,0.0
mobility|vehicle_count|4|mobility/nyc/NE/cell_2_3,mobility,vehicle_count,static,4,mobility/nyc/NE/cell_2_3,1,500.0,1,,1.0,8,1,p_gated_uniform,3,3077,8.495146010318967,4247.573005159484,0.7371704356043614,0.7747747747747747,1.0,0.7747747747747747,0.0
mobility|vehicle_count|4|mobility/nyc/NE/cell_2_3,mobility,vehicle_count,static,4,mobility/nyc/NE/cell_2_3,1,500.0,1,,1.0,8,1,p_gated_uniform,4,4077,8.367119585986682,4183.559792993341,0.9777234638725626,0.7747747747747747,1.0,0.7747747747747747,0.0
mobility|vehicle_count|4|mobility/nyc/NE/cell_2_3,mobility,vehicle_count,static,4,mobility/nyc/NE/cell_2_3,1,500.0,1,,1.0,8,1,p_gated_uniform,5,5077,7.966641583081254,3983.320791540627,0.7839123450945255,0.7747747747747747,1.0,0.7747747747747747,0.0
mobility|vehicle_count|4|mobility/nyc/NW/cell_3_0,mobility,vehicle_count,static,4,mobility/nyc/NW/cell_3_0,1,500.0,1,,1.0,8,1,p_gated_uniform,0,77,8.140866749154668,4070.433374577334,0.8785781209633801,0.7936962750716332,1.0,0.7936962750716332,0.0
mobility|vehicle_count|4|mobility/nyc/NW/cell_3_0,mobility,vehicle_count,static,4,mobility/nyc/NW/cell_3_0,1,500.0,1,,1.0,8,1,p_gated_uniform,1,1077,7.720013720892635,3860.0068604463177,0.8680327090842025,0.7936962750716332,1.0,0.7936962750716332,0.0
mobility|vehicle_count|4|mobility/nyc/NW/cell_3_0,mobility,vehicle_count,static,4,mobility/nyc/NW/cell_3_0,1,500.0,1,,1.0,8,1,p_gated_uniform,2,2077,8.012407153705817,4006.203576852909,1.057551820407896,0.7936962750716332,1.0,0.7936962750716332,0.0
mobility|vehicle_count|4|mobility/nyc/NW/cell_3_0,mobility,vehicle_count,static,4,mobility/nyc/NW/cell_3_0,1,500.0,1,,1.0,8,1,p_gated_uniform,3,3077,7.616227235064276,3808.113617532138,0.7137532177279604,0.7936962750716332,1.0,0.7936962750716332,0.0
mobility|vehicle_count|4|mobility/nyc/NW/cell_3_0,mobility,vehicle_count,static,4,mobility/nyc/NW/cell_3_0,1,500.0,1,,1.0,8,1,p_gated_uniform,4,4077,8.11881248546824,4059.40624273412,0.9785320858911644,0.7936962750716332,1.0,0.7936962750716332,0.0
mobility|vehicle_count|4|mobility/nyc/NW/cell_3_0,mobility,vehicle_count,static,4,mobility/nyc/NW/cell_3_0,1,500.0,1,,1.0,8,1,p_gated_uniform,5,5077,8.083972123093725,4041.986061546862,0.9037542131827782,0.7936962750716332,1.0,0.7936962750716332,0.0
mobility|vehicle_count|4|mobility/nyc/NW/cell_3_1,mobility,vehicle_count,static,4,mobility/nyc/NW/cell_3_1,1,500.0,1,,1.0,8,1,p_gated_uniform,0,77,8.399095043501863,4199.547521750931,0.6964995379415209,0.7574850299401198,1.0,0.7574850299401198,0.0
mobility|vehicle_count|4|mobility/nyc/NW/cell_3_1,mobility,vehicle_count,static,4,mobility/nyc/NW/cell_3_1,1,500.0,1,,1.0,8,1,p_gated_uniform,1,1077,7.3751757069382355,3687.587853469118,1.0001121442848142,0.7574850299401198,1.0,0.7574850299401198,0.0
mobility|vehicle_count|4|mobility/nyc/NW/cell_3_1,mobility,vehicle_count,static,4,mobility/nyc/NW/cell_3_1,1,500.0,1,,1.0,8,1,p_gated_uniform,2,2077,7.888545580445098,3944.272790222549,0.6504834304700039,0.7574850299401198,1.0,0.7574850299401198,0.0
mobility|vehicle_count|4|mobility/nyc/NW/cell_3_1,mobility,vehicle_count,static,4,mobility/nyc/NW/cell_3_1,1,500.0,1,,1.0,8,1,p_gated_uniform,3,3077,7.691134616738682,3845.567308369341,0.7835982688556283,0.7574850299401198,1.0,0.7574850299401198,0.0
mobility|vehicle_count|4|mobility/nyc/NW/cell_3_1,mobility,vehicle_count,static,4,mobility/nyc/NW/cell_3_1,1,500.0,1,,1.0,8,1,p_gated_uniform,4,4077,8.198126435635459,4099.063217817729,0.9110392877180278,0.7574850299401198,1.0,0.7574850299401198,0.0
mobility|vehicle_count|4|mobility/nyc/NW/cell_3_1,mobility,vehicle_count,static,4,mobility/nyc/NW/cell_3_1,1,500.0,1,,1.0,8,1,p_gated_uniform,5,5077,8.112205184817434,4056.102592408717,0.6340048785783984,0.7574850299401198,1.0,0.7574850299401198,0.0
mobility|vehicle_count|4|mobility/nyc/NE/cell_3_2,mobility,vehicle_count,static,4,mobility/nyc/NE/cell_3_2,1,500.0,1,,1.0,8,1,p_gated_uniform,0,77,7.788914726219686,3894.4573631098433,0.9401415140158792,0.7712609970674487,1.0,0.7712609970674487,0.0
mobility|vehicle_count|4|mobility/nyc/NE/cell_3_2,mobility,vehicle_count,static,4,mobility/nyc/NE/cell_3_2,1,500.0,1,,1.0,8,1,p_gated_uniform,1,1077,8.486785586458657,4243.392793229328,0.8602187430233662,0.7712609970674487,1.0,0.7712609970674487,0.0
mobility|vehicle_count|4|mobility/nyc/NE/cell_3_2,mobility,vehicle_count,static,4,mobility/nyc/NE/cell_3_2,1,500.0,1,,1.0,8,1,p_gated_uniform,2,2077,7.793219277998808,3896.609638999404,0.9633377580294809,0.7712609970674487,1.0,0.7712609970674487,0.0
mobility|vehicle_count|4|mobility/nyc/NE/cell_3_2,mobility,vehicle_count,static,4,mobility/nyc/NE/cell_3_2,1,500.0,1,,1.0,8,1,p_gated_uniform,3,3077,8.177262962042334,4088.631481021168,0.7077896128486838,0.7712609970674487,1.0,0.7712609970674487,0.0
mobility|vehicle_count|4|mobility/nyc/NE/cell_3_2,mobility,vehicle_count,static,4,mobility/nyc/NE/cell_3_2,1,500.0,1,,1.0,8,1,p_gated_uniform,4,4077,8.404973439386513,4202.486719693256,0.9763605594874882,0.7712609970674487,1.0,0.7712609970674487,0.0
mobility|vehicle_count|4|mobility/nyc/NE/cell_3_2,mobility,vehicle_count,static,4,mobility/nyc/NE/cell_3_2,1,500.0,1,,1.0,8,1,p_gated_uniform,5,5077,8.520689167726683,4260.3445838633415,0.9282820244960112,0.7712609970674487,1.0,0.7712609970674487,0.0
mobility|vehicle_count|4|mobility/nyc/NE/cell_3_3,mobility,vehicle_count,static,4,mobility/nyc/NE/cell_3_3,1,500.0,1,,1.0,8,1,p_gated_uniform,0,77,8.46335407890096,4231.677039450479,0.7366687738423747,0.7916666666666666,1.0,0.7916666666666666,0.0
mobility|vehicle_count|4|mobility/nyc/NE/cell_3_3,mobility,vehicle_count,static,4,mobility/nyc/NE/cell_3_3,1,500.0,1,,1.0,8,1,p_gated_uniform,1,1077,7.503185788225463,3751.5928941127313,0.86221492757793,0.7916666666666666,1.0,0.7916666666666666,0.0
mobility|vehicle_count|4|mobility/nyc/NE/cell_3_3,mobility,vehicle_count,static,4,mobility/nyc/NE/cell_3_3,1,500.0,1,,1.0,8,1,p_gated_uniform,2,2077,7.871346337626189,3935.6731688130944,0.9835788617606565,0.7916666666666666,1.0,0.7916666666666666,0.0
mobility|vehicle_count|4|mobility/nyc/NE/cell_3_3,mobility,vehicle_count,static,4,mobility/nyc/NE/cell_3_3,1,500.0,1,,1.0,8,1,p_gated_uniform,3,3077,8.22324089821803,4111.620449109015,0.7114404611951706,0.7916666666666666,1.0,0.7916666666666666,0.0
mobility|vehicle_count|4|mobility/nyc/NE/cell_3_3,mobility,vehicle_count,static,4,mobility/nyc/NE/cell_3_3,1,500.0,1,,1.0,8,1,p_gated_uniform,4,4077,8.121178597969097,4060.589298984549,0.9670600915249936,0.7916666666666666,1.0,0.7916666666666666,0.0
mobility|vehicle_count|4|mobility/nyc/NE/cell_3_3,mobility,vehicle_count,static,4,mobility/nyc/NE/cell_3_3,1,500.0,1,,1.0,8,1,p_gated_uniform,5,5077,7.436355798539489,3718.177899269744,0.9005988227467396,0.7916666666666666,1.0,0.7916666666666666,0.0
mobility|vehicle_count|5|mobility/nyc/SW/cell_0_0/vehicle_count,mobility,vehicle_count,static,5,mobility/nyc/SW/cell_0_0/vehicle_count,1,500.0,1,,1.0,8,1,p_gated_uniform,0,77,8.208722491914148,4104.361245957074,0.7004821216193184,0.7753846153846153,1.0,0.7753846153846153,0.0
mobility|vehicle_count|5|mobility/nyc/SW/cell_0_0/vehicle_count,mobility,vehicle_count,static,5,mobility/nyc/SW/cell_0_0/vehicle_count,1,500.0,1,,1.0,8,1,p_gated_uniform,1,1077,7.751244770362744,3875.622385181372,0.9520834693654336,0.7753846153846153,1.0,0.7753846153846153,0.0
mobility|vehicle_count|5|mobility/nyc/SW/cell_0_0/vehicle_count,mobility,vehicle_count,static,5,mobility/nyc/SW/cell_0_0/vehicle_count,1,500.0,1,,1.0,8,1,p_gated_uniform,2,2077,8.358770050619407,4179.385025309703,0.6862666866153118,0.7753846153846153,1.0,0.7753846153846153,0.0
mobility|vehicle_count|5|mobility/nyc/SW/cell_0_0/vehicle_count,mobility,vehicle_count,static,5,mobility/nyc/SW/cell_0_0/vehicle_count,1,500.0,1,,1.0,8,1,p_gated_uniform,3,3077,8.22586083040683,4112.930415203416,0.7977210486820394,0.7753846153846153,1.0,0.7753846153846153,0.0
mobility|vehicle_count|5|mobility/nyc/SW/cell_0_0/vehicle_count,mobility,vehicle_count,static,5,mobility/nyc/SW/cell_0_0/vehicle_count,1,500.0,1,,1.0,8,1,p_gated_uniform,4,4077,8.012023941830323,4006.011970915162,0.9276182481635494,0.7753846153846153,1.0,0.7753846153846153,0.0
mobility|vehicle_count|5|mobility/nyc/SW/cell_0_0/vehicle_count,mobility,vehicle_count,static,5,mobility/nyc/SW/cell_0_0/vehicle_count,1,500.0,1,,1.0,8,1,p_gated_uniform,5,5077,8.108734855474264,4054.367427737133,1.0637502820100866,0.7753846153846153,1.0,0.7753846153846153,0.0
mobility|vehicle_count|5|mobility/nyc/SW/cell_0_1/vehicle_count,mobility,vehicle_count,static,5,mobility/nyc/SW/cell_0_1/vehicle_count,1,500.0,1,,1.0,8,1,p_gated_uniform,0,77,8.517679180763498,4258.839590381749,0.9041575034252182,0.7994269340974212,1.0,0.7994269340974212,0.0
mobility|vehicle_count|5|mobility/nyc/SW/cell_0_1/vehicle_count,mobility,vehicle_count,static,5,mobility/nyc/SW/cell_0_1/vehicle_count,1,500.0,1,,1.0,8,1,p_gated_uniform,1,1077,7.493205988800253,3746.602994400127,0.8489234008477248,0.7994269340974212,1.0,0.7994269340974212,0.0
mobility|vehicle_count|5|mobility/nyc/SW/cell_0_1/vehicle_count,mobility,vehicle_count,static,5,mobility/nyc/SW/cell_0_1/vehicle_count,1,500.0,1,,1.0,8,1,p_gated_uniform,2,2077,7.393806601585707,3696.9033007928538,1.0018233872448046,0.7994269340974212,1.0,0.7994269340974212,0.0
mobility|vehicle_count|5|mobility/nyc/SW/cell_0_1/vehicle_count,mobility,vehicle_count,static,5,mobility/nyc/SW/cell_0_1/vehicle_count,1,500.0,1,,1.0,8,1,p_gated_uniform,3,3077,8.071445527342616,4035.722763671308,0.7136207226768237,0.7994269340974212,1.0,0.7994269340974212,0.0
mobility|vehicle_count|5|mobility/nyc/SW/cell_0_1/vehicle_count,mobility,vehicle_count,static,5,mobility/nyc/SW/cell_0_1/vehicle_count,1,500.0,1,,1.0,8,1,p_gated_uniform,4,4077,7.988605605653645,3994.302802826823,0.9760114922166386,0.7994269340974212,1.0,0.7994269340974212,0.0
mobility|vehicle_count|5|mobility/nyc/SW/cell_0_1/vehicle_count,mobility,vehicle_count,static,5,mobility/nyc/SW/cell_0_1/vehicle_count,1,500.0,1,,1.0,8,1,p_gated_uniform,5,5077,8.03772455416071,4018.8622770803545,0.9113468359671144,0.7994269340974212,1.0,0.7994269340974212,0.0
mobility|vehicle_count|5|mobility/nyc/SE/cell_0_2/vehicle_count,mobility,vehicle_count,static,5,mobility/nyc/SE/cell_0_2/vehicle_count,1,500.0,1,,1.0,8,1,p_gated_uniform,0,77,7.874773975492593,3937.386987746296,0.6851209262406593,0.7890173410404624,1.0,0.7890173410404624,0.0
mobility|vehicle_count|5|mobility/nyc/SE/cell_0_2/vehicle_count,mobility,vehicle_count,static,5,mobility/nyc/SE/cell_0_2/vehicle_count,1,500.0,1,,1.0,8,1,p_gated_uniform,1,1077,7.470605122343637,3735.3025611718185,0.870966713455521,0.7890173410404624,1.0,0.7890173410404624,0.0
mobility|vehicle_count|5|mobility/nyc/SE/cell_0_2/vehicle_count,mobility,vehicle_count,static,5,mobility/nyc/SE/cell_0_2/vehicle_count,1,500.0,1,,1.0,8,1,p_gated_uniform,2,2077,8.007821657784193,4003.910828892097,1.0105395257539649,0.7890173410404624,1.0,0.7890173410404624,0.0
mobility|vehicle_count|5|mobility/nyc/SE/cell_0_2/vehicle_count,mobility,vehicle_count,static,5,mobility/nyc/SE/cell_0_2/vehicle_count,1,500.0,1,,1.0,8,1,p_gated_uniform,3,3077,8.284823113287944,4142.411556643972,0.7146965331967214,0.7890173410404624,1.0,0.7890173410404624,0.0
mobility|vehicle_count|5|mobility/nyc/SE/cell_0_2/vehicle_count,mobility,vehicle_count,static,5,mobility/nyc/SE/cell_0_2/vehicle_count,1,500.0,1,,1.0,8,1,p_gated_uniform,4,4077,8.041342244135452,4020.671122067726,0.973464984229182,0.7890173410404624,1.0,0.7890173410404624,0.0
mobility|vehicle_count|5|mobility/nyc/SE/cell_0_2/vehicle_count,mobility,vehicle_count,static,5,mobility/nyc/SE/cell_0_2/vehicle_count,1,500.0,1,,1.0,8,1,p_gated_uniform,5,5077,8.15656036957196,4078.28018478598,0.9170875623746668,0.7890173410404624,1.0,0.7890173410404624,0.0
mobility|vehicle_count|5|mobility/nyc/SE/cell_0_3/vehicle_count,mobility,vehicle_count,static,5,mobility/nyc/SE/cell_0_3/vehicle_count,1,500.0,1,,1.0,8,1,p_gated_uniform,0,77,8.455390784185724,4227.695392092862,0.71021415460853,0.7739938080495357,1.0,0.7739938080495357,0.0
mobility|vehicle_count|5|mobility/nyc/SE/cell_0_3/vehicle_count,mobility,vehicle_count,static,5,mobility/nyc/SE/cell_0_3/vehicle_count,1,500.0,1,,1.0,8,1,p_gated_uniform,1,1077,7.850409154875922,3925.204577437961,0.9331392004079494,0.7739938080495357,1.0,0.7739938080495357,0.0
mobility|vehicle_count|5|mobility/nyc/SE/cell_0_3/vehicle_count,mobility,vehicle_count,static,5,mobility/nyc/SE/cell_0_3/vehicle_count,1,500.0,1,,1.0,8,1,p_gated_uniform,2,2077,7.874115693520323,3937.057846760161,0.6620697850823889,0.7739938080495357,1.0,0.7739938080495357,0.0
mobility|vehicle_count|5|mobility/nyc/SE/cell_0_3/vehicle_count,mobility,vehicle_count,static,5,mobility/nyc/SE/cell_0_3/vehicle_count,1,500.0,1,,1.0,8,1,p_gated_uniform,3,3077,8.30119237935451,4150.596189677255,0.807825751945901,0.7739938080495357,1.0,0.7739938080495357,0.0
mobility|vehicle_count|5|mobility/nyc/SE/cell_0_3/vehicle_count,mobility,vehicle_count,static,5,mobility/nyc/SE/cell_0_3/vehicle_count,1,500.0,1,,1.0,8,1,p_gated_uniform,4,4077,7.934262278248244,3967.131139124122,0.8784415878493838,0.7739938080495357,1.0,0.7739938080495357,0.0
mobility|vehicle_count|5|mobility/nyc/SE/cell_0_3/vehicle_count,mobility,vehicle_count,static,5,mobility/nyc/SE/cell_0_3/vehicle_count,1,500.0,1,,1.0,8,1,p_gated_uniform,5,5077,8.107600365074045,4053.8001825370234,0.7314076357549832,0.7739938080495357,1.0,0.7739938080495357,0.0
mobility|vehicle_count|5|mobility/nyc/SW/cell_1_0/vehicle_count,mobility,vehicle_count,static,5,mobility/nyc/SW/cell_1_0/vehicle_count,1,500.0,1,,1.0,8,1,p_gated_uniform,0,77,8.325482705756789,4162.7413528783945,0.5237060483197151,0.7761627906976745,1.0,0.7761627906976745,0.0
mobility|vehicle_count|5|mobility/nyc/SW/cell_1_0/vehicle_count,mobility,vehicle_count,static,5,mobility/nyc/SW/cell_1_0/vehicle_count,1,500.0,1,,1.0,8,1,p_gated_uniform,1,1077,7.532296420852104,3766.148210426052,0.8571601139203321,0.7761627906976745,1.0,0.7761627906976745,0.0
mobility|vehicle_count|5|mobility/nyc/SW/cell_1_0/vehicle_count,mobility,vehicle_count,static,5,mobility/nyc/SW/cell_1_0/vehicle_count,1,500.0,1,,1.0,8,1,p_gated_uniform,2,2077,8.066631805234053,4033.3159026170265,1.0084774946880424,0.7761627906976745,1.0,0.7761627906976745,0.0
mobility|vehicle_count|5|mobility/nyc/SW/cell_1_0/vehicle_count,mobility,vehicle_count,static,5,mobility/nyc/SW/cell_1_0/vehicle_count,1,500.0,1,,1.0,8,1,p_gated_uniform,3,3077,7.786670621374454,3893.335310687227,0.7393852730715852,0.7761627906976745,1.0,0.7761627906976745,0.0
mobility|vehicle_count|5|mobility/nyc/SW/cell_1_0/vehicle_count,mobility,vehicle_count,static,5,mobility/nyc/SW/cell_1_0/vehicle_count,1,500.0,1,,1.0,8,1,p_gated_uniform,4,4077,8.2945339505758,4147.2669752879,0.9919075644282496,0.7761627906976745,1.0,0.7761627906976745,0.0
mobility|vehicle_count|5|mobility/nyc/SW/cell_1_0/vehicle_count,mobility,vehicle_count,static,5,mobility/nyc/SW/cell_1_0/vehicle_count,1,500.0,1,,1.0,8,1,p_gated_uniform,5,5077,7.932541146080007,3966.270573040004,0.4430590573194964,0.7761627906976745,1.0,0.7761627906976745,0.0
mobility|vehicle_count|5|mobility/nyc/SW/cell_1_1/vehicle_count,mobility,vehicle_count,static,5,mobility/nyc/SW/cell_1_1/vehicle_count,1,500.0,1,,1.0,8,1,p_gated_uniform,0,77,8.182489524238436,4091.244762119218,0.9078867629342948,0.7780979827089337,1.0,0.7780979827089337,0.0
mobility|vehicle_count|5|mobility/nyc/SW/cell_1_1/vehicle_count,mobility,vehicle_count,static,5,mobility/nyc/SW/cell_1_1/vehicle_count,1,500.0,1,,1.0,8,1,p_gated_uniform,1,1077,7.699798621199346,3849.899310599673,0.8411968031498753,0.7780979827089337,1.0,0.7780979827089337,0.0
mobility|vehicle_count|5|mobility/nyc/SW/cell_1_1/vehicle_count,mobility,vehicle_count,static,5,mobility/nyc/SW/cell_1_1/vehicle_count,1,500.0,1,,1.0,8,1,p_gated_uniform,2,2077,7.673292505902309,3836.6462529511546,1.0310577986874787,0.7780979827089337,1.0,0.7780979827089337,0.0
mobility|vehicle_count|5|mobility/nyc/SW/cell_1_1/vehicle_count,mobility,vehicle_count,static,5,mobility/nyc/SW/cell_1_1/vehicle_count,1,500.0,1,,1.0,8,1,p_gated_uniform,3,3077,7.928931948800355,3964.4659744001774,0.7032928239037401,0.7780979827089337,1.0,0.7780979827089337,0.0
mobility|vehicle_count|5|mobility/nyc/SW/cell_1_1/vehicle_count,mobility,vehicle_count,static,5,mobility/nyc/SW/cell_1_1/vehicle_count,1,500.0,1,,1.0,8,1,p_gated_uniform,4,4077,8.251693384486012,4125.846692243006,0.9620151589429686,0.7780979827089337,1.0,0.7780979827089337,0.0
mobility|vehicle_count|5|mobility/nyc/SW/cell_1_1/vehicle_count,mobility,vehicle_count,static,5,mobility/nyc/SW/cell_1_1/vehicle_count,1,500.0,1,,1.0,8,1,p_gated_uniform,5,5077,8.013234478782445,4006.6172393912234,0.6280870435444598,0.7780979827089337,1.0,0.7780979827089337,0.0
mobility|vehicle_count|5|mobility/nyc/SE/cell_1_2/vehicle_count,mobility,vehicle_count,static,5,mobility/nyc/SE/cell_1_2/vehicle_count,1,500.0,1,,1.0,8,1,p_gated_uniform,0,77,7.939666128396586,3969.833064198293,0.7128369846656745,0.7529761904761905,1.0,0.7529761904761905,0.0
mobility|vehicle_count|5|mobility/nyc/SE/cell_1_2/vehicle_count,mobility,vehicle_count,static,5,mobility/nyc/SE/cell_1_2/vehicle_count,1,500.0,1,,1.0,8,1,p_gated_uniform,1,1077,7.674681438086242,3837.3407190431208,1.0004196648809414,0.7529761904761905,1.0,0.7529761904761905,0.0
mobility|vehicle_count|5|mobility/nyc/SE/cell_1_2/vehicle_count,mobility,vehicle_count,static,5,mobility/nyc/SE/cell_1_2/vehicle_count,1,500.0,1,,1.0,8,1,p_gated_uniform,2,2077,7.910022245059235,3955.011122529617,0.6662737786904489,0.7529761904761905,1.0,0.7529761904761905,0.0
mobility|vehicle_count|5|mobility/nyc/SE/cell_1_2/vehicle_count,mobility,vehicle_count,static,5,mobility/nyc/SE/cell_1_2/vehicle_count,1,500.0,1,,1.0,8,1,p_gated_uniform,3,3077,8.48516430962504,4242.58215481252,0.8018756618310596,0.7529761904761905,1.0,0.7529761904761905,0.0
mobility|vehicle_count|5|mobility/nyc/SE/cell_1_2/vehicle_count,mobility,vehicle_count,static,5,mobility/nyc/SE/cell_1_2/vehicle_count,1,500.0,1,,1.0,8,1,p_gated_uniform,4,4077,8.278588181967939,4139.294090983969,0.9108611408390148,0.7529761904761905,1.0,0.7529761904761905,0.0
mobility|vehicle_count|5|mobility/nyc/SE/cell_1_2/vehicle_count,mobility,vehicle_count,static,5,mobility/nyc/SE/cell_1_2/vehicle_count,1,500.0,1,,1.0,8,1,p_gated_uniform,5,5077,8.332729813190872,4166.364906595436,0.8363004927158996,0.7529761904761905,1.0,0.7529761904761905,0.0
mobility|vehicle_count|5|mobility/nyc/SE/cell_1_3/vehicle_count,mobility,vehicle_count,static,5,mobility/nyc/SE/cell_1_3/vehicle_count,1,500.0,1,,1.0,8,1,p_gated_uniform,0,77,8.338651877769268,4169.325938884634,0.9250538251862858,0.7936962750716332,1.0,0.7936962750716332,0.0
mobility|vehicle_count|5|mobility/nyc/SE/cell_1_3/vehicle_count,mobility,vehicle_count,static,5,mobility/nyc/SE/cell_1_3/vehicle_count,1,500.0,1,,1.0,8,1,p_gated_uniform,1,1077,7.412991232185529,3706.495616092765,0.8502442313372552,0.7936962750716332,1.0,0.7936962750716332,0.0
mobility|vehicle_count|5|mobility/nyc/SE/cell_1_3/vehicle_count,mobility,vehicle_count,static,5,mobility/nyc/SE/cell_1_3/vehicle_count,1,500.0,1,,1.0,8,1,p_gated_uniform,2,2077,8.122405716050453,4061.2028580252263,1.0148901397978651,0.7936962750716332,1.0,0.7936962750716332,0.0
mobility|vehicle_count|5|mobility/nyc/SE/cell_1_3/vehicle_count,mobility,vehicle_count,static,5,mobility/nyc/SE/cell_1_3/vehicle_count,1,500.0,1,,1.0,8,1,p_gated_uniform,3,3077,7.853187901948573,3926.593950974287,0.7214076149831748,0.7936962750716332,1.0,0.7936962750716332,0.0
mobility|vehicle_count|5|mobility/nyc/SE/cell_1_3/vehicle_count,mobility,vehicle_count,static,5,mobility/nyc/SE/cell_1_3/vehicle_count,1,500.0,1,,1.0,8,1,p_gated_uniform,4,4077,8.133213105374606,4066.606552687303,0.9683826840783498,0.7936962750716332,1.0,0.7936962750716332,0.0
mobility|vehicle_count|5|mobility/nyc/SE/cell_1_3/vehicle_count,mobility,vehicle_count,static,5,mobility/nyc/SE/cell_1_3/vehicle_count,1,500.0,1,,1.0,8,1,p_gated_uniform,5,5077,8.375819751018694,4187.909875509347,0.9321042249584705,0.7936962750716332,1.0,0.7936962750716332,0.0
mobility|vehicle_count|5|mobility/nyc/NW/cell_2_0/vehicle_count,mobility,vehicle_count,static,5,mobility/nyc/NW/cell_2_0/vehicle_count,1,500.0,1,,1.0,8,1,p_gated_uniform,0,77,8.803411789277169,4401.705894638584,0.9550949401304452,0.7777777777777778,1.0,0.7777777777777778,0.0
mobility|vehicle_count|5|mobility/nyc/NW/cell_2_0/vehicle_count,mobility,vehicle_count,static,5,mobility/nyc/NW/cell_2_0/vehicle_count,1,500.0,1,,1.0,8,1,p_gated_uniform,1,1077,7.505586009477953,3752.793004738976,0.8928142490289861,0.7777777777777778,1.0,0.7777777777777778,0.0
mobility|vehicle_count|5|mobility/nyc/NW/cell_2_0/vehicle_count,mobility,vehicle_count,static,5,mobility/nyc/NW/cell_2_0/vehicle_count,1,500.0,1,,1.0,8,1,p_gated_uniform,2,2077,7.424204575528909,3712.102287764454,0.9372912027988556,0.7777777777777778,1.0,0.7777777777777778,0.0
mobility|vehicle_count|5|mobility/nyc/NW/cell_2_0/vehicle_count,mobility,vehicle_count,static,5,mobility/nyc/NW/cell_2_0/vehicle_count,1,500.0,1,,1.0,8,1,p_gated_uniform,3,3077,8.214398550820913,4107.199275410457,0.7411680651300797,0.7777777777777778,1.0,0.7777777777777778,0.0
mobility|vehicle_count|5|mobility/nyc/NW/cell_2_0/vehicle_count,mobility,vehicle_count,static,5,mobility/nyc/NW/cell_2_0/vehicle_count,1,500.0,1,,1.0,8,1,p_gated_uniform,4,4077,8.079038545140554,4039.519272570277,0.9709374797293214,0.7777777777777778,1.0,0.7777777777777778,0.0
mobility|vehicle_count|5|mobility/nyc/NW/cell_2_0/vehicle_count,mobility,vehicle_count,static,5,mobility/nyc/NW/cell_2_0/vehicle_count,1,500.0,1,,1.0,8,1,p_gated_uniform,5,5077,7.7874475771082095,3893.723788554105,0.7699689549303738,0.7777777777777778,1.0,0.7777777777777778,0.0
mobility|vehicle_count|5|mobility/nyc/NW/cell_2_1/vehicle_count,mobility,vehicle_count,static,5,mobility/nyc/NW/cell_2_1/vehicle_count,1,500.0,1,,1.0,8,1,p_gated_uniform,0,77,8.320200874988062,4160.100437494031,0.9258086891374364,0.782991202346041,1.0,0.782991202346041,0.0
mobility|vehicle_count|5|mobility/nyc/NW/cell_2_1/vehicle_count,mobility,vehicle_count,static,5,mobility/nyc/NW/cell_2_1/vehicle_count,1,500.0,1,,1.0,8,1,p_gated_uniform,1,1077,7.490711979160314,3745.355989580157,0.8664215898280716,0.782991202346041,1.0,0.782991202346041,0.0
mobility|vehicle_count|5|mobility/nyc/NW/cell_2_1/vehicle_count,mobility,vehicle_count,static,5,mobility/nyc/NW/cell_2_1/vehicle_count,1,500.0,1,,1.0,8,1,p_gated_uniform,2,2077,7.825505724426005,3912.7528622130026,1.0195160689463043,0.782991202346041,1.0,0.782991202346041,0.0
mobility|vehicle_count|5|mobility/nyc/NW/cell_2_1/vehicle_count,mobility,vehicle_count,static,5,mobility/nyc/NW/cell_2_1/vehicle_count,1,500.0,1,,1.0,8,1,p_gated_uniform,3,3077,7.998765790322823,3999.3828951614114,0.7233204893424704,0.782991202346041,1.0,0.782991202346041,0.0
mobility|vehicle_count|5|mobility/nyc/NW/cell_2_1/vehicle_count,mobility,vehicle_count,static,5,mobility/nyc/NW/cell_2_1/vehicle_count,1,500.0,1,,1.0,8,1,p_gated_uniform,4,4077,8.144668054346893,4072.334027173446,0.9606212274304424,0.782991202346041,1.0,0.782991202346041,0.0
mobility|vehicle_count|5|mobility/nyc/NW/cell_2_1/vehicle_count,mobility,vehicle_count,static,5,mobility/nyc/NW/cell_2_1/vehicle_count,1,500.0,1,,1.0,8,1,p_gated_uniform,5,5077,8.048185522381099,4024.092761190549,0.9339262672426916,0.782991202346041,1.0,0.782991202346041,0.0
mobility|vehicle_count|5|mobility/nyc/NE/cell_2_2/vehicle_count,mobility,vehicle_count,static,5,mobility/nyc/NE/cell_2_2/vehicle_count,1,500.0,1,,1.0,8,1,p_gated_uniform,0,77,8.184278271353374,4092.139135676687,0.9178689403544548,0.7902298850574713,1.0,0.7902298850574713,0.0
mobility|vehicle_count|5|mobility/nyc/NE/cell_2_2/vehicle_count,mobility,vehicle_count,static,5,mobility/nyc/NE/cell_2_2/vehicle_count,1,500.0,1,,1.0,8,1,p_gated_uniform,1,1077,7.543398191175137,3771.699095587569,0.8605042324695888,0.7902298850574713,1.0,0.7902298850574713,0.0
mobility|vehicle_count|5|mobility/nyc/NE/cell_2_2/vehicle_count,mobility,vehicle_count,static,5,mobility/nyc/NE/cell_2_2/vehicle_count,1,500.0,1,,1.0,8,1,p_gated_uniform,2,2077,7.593943041954021,3796.97152097701,1.017815842024028,0.7902298850574713,1.0,0.7902298850574713,0.0
mobility|vehicle_count|5|mobility/nyc/NE/cell_2_2/vehicle_count,mobility,vehicle_count,static,5,mobility/nyc/NE/cell_2_2/vehicle_count,1,500.0,1,,1.0,8,1,p_gated_uniform,3,3077,8.430414323142642,4215.207161571321,0.7220109804936913,0.7902298850574713,1.0,0.7902298850574713,0.0
mobility|vehicle_count|5|mobility/nyc/NE/cell_2_2/vehicle_count,mobility,vehicle_count,static,5,mobility/nyc/NE/cell_2_2/vehicle_count,1,500.0,1,,1.0,8,1,p_gated_uniform,4,4077,8.03758416845457,4018.792084227285,0.960911975560064,0.7902298850574713,1.0,0.7902298850574713,0.0
mobility|vehicle_count|5|mobility/nyc/NE/cell_2_2/vehicle_count,mobility,vehicle_count,static,5,mobility/nyc/NE/cell_2_2/vehicle_count,1,500.0,1,,1.0,8,1,p_gated_uniform,5,5077,7.940409213864645,3970.2046069323214,0.8779658819619104,0.7902298850574713,1.0,0.7902298850574713,0.0
mobility|vehicle_count|5|mobility/nyc/NE/cell_2_3/vehicle_count,mobility,vehicle_count,static,5,mobility/nyc/NE/cell_2_3/vehicle_count,1,500.0,1,,1.0,8,1,p_gated_uniform,0,77,8.173857223618052,4086.928611809026,0.910321744852176,0.7747747747747747,1.0,0.7747747747747747,0.0
mobility|vehicle_count|5|mobility/nyc/NE/cell_2_3/vehicle_count,mobility,vehicle_count,static,5,mobility/nyc/NE/cell_2_3/vehicle_count,1,500.0,1,,1.0,8,1,p_gated_uniform,1,1077,7.474471620953059,3737.2358104765294,0.8689041102656127,0.7747747747747747,1.0,0.7747747747747747,0.0
mobility|vehicle_count|5|mobility/nyc/NE/cell_2_3/vehicle_count,mobility,vehicle_count,static,5,mobility/nyc/NE/cell_2_3/vehicle_count,1,500.0,1,,1.0,8,1,p_gated_uniform,2,2077,7.7512342104464995,3875.61710522325,0.943864216927388,0.7747747747747747,1.0,0.7747747747747747,0.0
mobility|vehicle_count|5|mobility/nyc/NE/cell_2_3/vehicle_count,mobility,vehicle_count,static,5,mobility/nyc/NE/cell_2_3/vehicle_count,1,500.0,1,,1.0,8,1,p_gated_uniform,3,3077,8.495146010318967,4247.573005159484,0.7371704356043614,0.7747747747747747,1.0,0.7747747747747747,0.0
mobility|vehicle_count|5|mobility/nyc/NE/cell_2_3/vehicle_count,mobility,vehicle_count,static,5,mobility/nyc/NE/cell_2_3/vehicle_count,1,500.0,1,,1.0,8,1,p_gated_uniform,4,4077,8.367119585986682,4183.559792993341,0.9777234638725626,0.7747747747747747,1.0,0.7747747747747747,0.0
mobility|vehicle_count|5|mobility/nyc/NE/cell_2_3/vehicle_count,mobility,vehicle_count,static,5,mobility/nyc/NE/cell_2_3/vehicle_count,1,500.0,1,,1.0,8,1,p_gated_uniform,5,5077,7.966641583081254,3983.320791540627,0.7839123450945255,0.7747747747747747,1.0,0.7747747747747747,0.0
mobility|vehicle_count|5|mobility/nyc/NW/cell_3_0/vehicle_count,mobility,vehicle_count,static,5,mobility/nyc/NW/cell_3_0/vehicle_count,1,500.0,1,,1.0,8,1,p_gated_uniform,0,77,8.140866749154668,4070.433374577334,0.8785781209633801,0.7936962750716332,1.0,0.7936962750716332,0.0
mobility|vehicle_count|5|mobility/nyc/NW/cell_3_0/vehicle_count,mobility,vehicle_count,static,5,mobility/nyc/NW/cell_3_0/vehicle_count,1,500.0,1,,1.0,8,1,p_gated_uniform,1,1077,7.720013720892635,3860.0068604463177,0.8680327090842025,0.7936962750716332,1.0,0.7936962750716332,0.0
mobility|vehicle_count|5|mobility/nyc/NW/cell_3_0/vehicle_count,mobility,vehicle_count,static,5,mobility/nyc/NW/cell_3_0/vehicle_count,1,500.0,1,,1.0,8,1,p_gated_uniform,2,2077,8.012407153705817,4006.203576852909,1.057551820407896,0.7936962750716332,1.0,0.7936962750716332,0.0
mobility|vehicle_count|5|mobility/nyc/NW/cell_3_0/vehicle_count,mobility,vehicle_count,static,5,mobility/nyc/NW/cell_3_0/vehicle_count,1,500.0,1,,1.0,8,1,p_gated_uniform,3,3077,7.616227235064276,3808.113617532138,0.7137532177279604,0.7936962750716332,1.0,0.7936962750716332,0.0
mobility|vehicle_count|5|mobility/nyc/NW/cell_3_0/vehicle_count,mobility,vehicle_count,static,5,mobility/nyc/NW/cell_3_0/vehicle_count,1,500.0,1,,1.0,8,1,p_gated_uniform,4,4077,8.11881248546824,4059.40624273412,0.9785320858911644,0.7936962750716332,1.0,0.7936962750716332,0.0
mobility|vehicle_count|5|mobility/nyc/NW/cell_3_0/vehicle_count,mobility,vehicle_count,static,5,mobility/nyc/NW/cell_3_0/vehicle_count,1,500.0,1,,1.0,8,1,p_gated_uniform,5,5077,8.083972123093725,4041.986061546862,0.9037542131827782,0.7936962750716332,1.0,0.7936962750716332,0.0
mobility|vehicle_count|5|mobility/nyc/NW/cell_3_1/vehicle_count,mobility,vehicle_count,static,5,mobility/nyc/NW/cell_3_1/vehicle_count,1,500.0,1,,1.0,8,1,p_gated_uniform,0,77,8.399095043501863,4199.547521750931,0.6964995379415209,0.7574850299401198,1.0,0.7574850299401198,0.0
mobility|vehicle_count|5|mobility/nyc/NW/cell_3_1/vehicle_count,mobility,vehicle_count,static,5,mobility/nyc/NW/cell_3_1/vehicle_count,1,500.0,1,,1.0,8,1,p_gated_uniform,1,1077,7.3751757069382355,3687.587853469118,1.0001121442848142,0.7574850299401198,1.0,0.7574850299401198,0.0
mobility|vehicle_count|5|mobility/nyc/NW/cell_3_1/vehicle_count,mobility,vehicle_count,static,5,mobility/nyc/NW/cell_3_1/vehicle_count,1,500.0,1,,1.0,8,1,p_gated_uniform,2,2077,7.888545580445098,3944.272790222549,0.6504834304700039,0.7574850299401198,1.0,0.7574850299401198,0.0
mobility|vehicle_count|5|mobility/nyc/NW/cell_3_1/vehicle_count,mobility,vehicle_count,static,5,mobility/nyc/NW/cell_3_1/vehicle_count,1,500.0,1,,1.0,8,1,p_gated_uniform,3,3077,7.691134616738682,3845.567308369341,0.7835982688556283,0.7574850299401198,1.0,0.7574850299401198,0.0
mobility|vehicle_count|5|mobility/nyc/NW/cell_3_1/vehicle_count,mobility,vehicle_count,static,5,mobility/nyc/NW/cell_3_1/vehicle_count,1,500.0,1,,1.0,8,1,p_gated_uniform,4,4077,8.198126435635459,4099.063217817729,0.9110392877180278,0.7574850299401198,1.0,0.7574850299401198,0.0
mobility|vehicle_count|5|mobility/nyc/NW/cell_3_1/vehicle_count,mobility,vehicle_count,static,5,mobility/nyc/NW/cell_3_1/vehicle_count,1,500.0,1,,1.0,8,1,p_gated_uniform,5,5077,8.112205184817434,4056.102592408717,0.6340048785783984,0.7574850299401198,1.0,0.7574850299401198,0.0
mobility|vehicle_count|5|mobility/nyc/NE/cell_3_2/vehicle_count,mobility,vehicle_count,static,5,mobility/nyc/NE/cell_3_2/vehicle_count,1,500.0,1,,1.0,8,1,p_gated_uniform,0,77,7.788914726219686,3894.4573631098433,0.9401415140158792,0.7712609970674487,1.0,0.7712609970674487,0.0
mobility|vehicle_count|5|mobility/nyc/NE/cell_3_2/vehicle_count,mobility,vehicle_count,static,5,mobility/nyc/NE/cell_3_2/vehicle_count,1,500.0,1,,1.0,8,1,p_gated_uniform,1,1077,8.486785586458657,4243.392793229328,0.8602187430233662,0.7712609970674487,1.0,0.7712609970674487,0.0
mobility|vehicle_count|5|mobility/nyc/NE/cell_3_2/vehicle_count,mobility,vehicle_count,static,5,mobility/nyc/NE/cell_3_2/vehicle_count,1,500.0,1,,1.0,8,1,p_gated_uniform,2,2077,7.793219277998808,3896.609638999404,0.9633377580294809,0.7712609970674487,1.0,0.7712609970674487,0.0
mobility|vehicle_count|5|mobility/nyc/NE/cell_3_2/vehicle_count,mobility,vehicle_count,static,5,mobility/nyc/NE/cell_3_2/vehicle_count,1,500.0,1,,1.0,8,1,p_gated_uniform,3,3077,8.177262962042334,4088.631481021168,0.7077896128486838,0.7712609970674487,1.0,0.7712609970674487,0.0
mobility|vehicle_count|5|mobility/nyc/NE/cell_3_2/vehicle_count,mobility,vehicle_count,static,5,mobility/nyc/NE/cell_3_2/vehicle_count,1,500.0,1,,1.0,8,1,p_gated_uniform,4,4077,8.404973439386513,4202.486719693256,0.9763605594874882,0.7712609970674487,1.0,0.7712609970674487,0.0
mobility|vehicle_count|5|mobility/nyc/NE/cell_3_2/vehicle_count,mobility,vehicle_count,static,5,mobility/nyc/NE/cell_3_2/vehicle_count,1,500.0,1,,1.0,8,1,p_gated_uniform,5,5077,8.520689167726683,4260.3445838633415,0.9282820244960112,0.7712609970674487,1.0,0.7712609970674487,0.0
mobility|vehicle_count|5|mobility/nyc/NE/cell_3_3/vehicle_count,mobility,vehicle_count,static,5,mobility/nyc/NE/cell_3_3/vehicle_count,1,500.0,1,,1.0,8,1,p_gated_uniform,0,77,8.46335407890096,4231.677039450479,0.7366687738423747,0.7916666666666666,1.0,0.7916666666666666,0.0
mobility|vehicle_count|5|mobility/nyc/NE/cell_3_3/vehicle_count,mobility,vehicle_count,static,5,mobility/nyc/NE/cell_3_3/vehicle_count,1,500.0,1,,1.0,8,1,p_gated_uniform,1,1077,7.503185788225463,3751.5928941127313,0.86221492757793,0.7916666666666666,1.0,0.7916666666666666,0.0
mobility|vehicle_count|5|mobility/nyc/NE/cell_3_3/vehicle_count,mobility,vehicle_count,static,5,mobility/nyc/NE/cell_3_3/vehicle_count,1,500.0,1,,1.0,8,1,p_gated_uniform,2,2077,7.871346337626189,3935.6731688130944,0.9835788617606565,0.7916666666666666,1.0,0.7916666666666666,0.0
mobility|vehicle_count|5|mobility/nyc/NE/cell_3_3/vehicle_count,mobility,vehicle_count,static,5,mobility/nyc/NE/cell_3_3/vehicle_count,1,500.0,1,,1.0,8,1,p_gated_uniform,3,3077,8.22324089821803,4111.620449109015,0.7114404611951706,0.7916666666666666,1.0,0.7916666666666666,0.0
mobility|vehicle_count|5|mobility/nyc/NE/cell_3_3/vehicle_count,mobility,vehicle_count,static,5,mobility/nyc/NE/cell_3_3/vehicle_count,1,500.0,1,,1.0,8,1,p_gated_uniform,4,4077,8.121178597969097,4060.589298984549,0.9670600915249936,0.7916666666666666,1.0,0.7916666666666666,0.0
mobility|vehicle_count|5|mobility/nyc/NE/cell_3_3/vehicle_count,mobility,vehicle_count,static,5,mobility/nyc/NE/cell_3_3/vehicle_count,1,500.0,1,,1.0,8,1,p_gated_uniform,5,5077,7.436355798539489,3718.177899269744,0.9005988227467396,0.7916666666666666,1.0,0.7916666666666666,0.0
mobility|road_occupancy|1|mobility,mobility,road_occupancy,static,1,mobility,16,100.0,1,,1.0,8,1,p_gated_uniform,0,77,1.5359217983408984,153.59217983408985,0.8701714480742481,1.0,0.2026179056754596,5.08273381294964,0.0
mobility|road_occupancy|1|mobility,mobility,road_occupancy,static,1,mobility,16,100.0,1,,1.0,8,1,p_gated_uniform,1,1077,1.6196415644937778,161.96415644937778,0.7852176783626268,1.0,0.2026179056754596,5.08273381294964,0.0
mobility|road_occupancy|1|mobility,mobility,road_occupancy,static,1,mobility,16,100.0,1,,1.0,8,1,p_gated_uniform,2,2077,1.5394849728135689,153.94849728135688,0.6042902874991494,1.0,0.2026179056754596,5.08273381294964,0.0
mobility|road_occupancy|1|mobility,mobility,road_occupancy,static,1,mobility,16,100.0,1,,1.0,8,1,p_gated_uniform,3,3077,1.6923582461617852,169.23582461617852,0.7486645309636919,1.0,0.2026179056754596,5.08273381294964,0.0
mobility|road_occupancy|1|mobility,mobility,road_occupancy,static,1,mobility,16,100.0,1,,1.0,8,1,p_gated_uniform,4,4077,1.6553342742808836,165.53342742808837,0.8994112325145488,1.0,0.2026179056754596,5.08273381294964,0.0
mobility|road_occupancy|1|mobility,mobility,road_occupancy,static,1,mobility,16,100.0,1,,1.0,8,1,p_gated_uniform,5,5077,1.6793067667783688,167.93067667783689,0.7178285998268022,1.0,0.2026179056754596,5.08273381294964,0.0
mobility|road_occupancy|2|mobility/nyc,mobility,road_occupancy,static,2,mobility/nyc,16,100.0,1,,1.0,8,1,p_gated_uniform,0,77,1.5359217983408984,153.59217983408985,0.8701714480742481,1.0,0.2026179056754596,5.08273381294964,0.0
mobility|road_occupancy|2|mobility/nyc,mobility,road_occupancy,static,2,mobility/nyc,16,100.0,1,,1.0,8,1,p_gated_uniform,1,1077,1.6196415644937778,161.96415644937778,0.7852176783626268,1.0,0.2026179056754596,5.08273381294964,0.0
mobility|road_occupancy|2|mobility/nyc,mobility,road_occupancy,static,2,mobility/nyc,16,100.0,1,,1.0,8,1,p_gated_uniform,2,2077,1.5394849728135689,153.94849728135688,0.6042902874991494,1.0,0.2026179056754596,5.08273381294964,0.0
mobility|road_occupancy|2|mobility/nyc,mobility,road_occupancy,static,2,mobility/nyc,16,100.0,1,,1.0,8,1,p_gated_uniform,3,3077,1.6923582461617852,169.23582461617852,0.7486645309636919,1.0,0.2026179056754596,5.08273381294964,0.0
mobility|road_occupancy|2|mobility/nyc,mobility,road_occupancy,static,2,mobility/nyc,16,100.0,1,,1.0,8,1,p_gated_uniform,4,4077,1.6553342742808836,165.53342742808837,0.8994112325145488,1.0,0.2026179056754596,5.08273381294964,0.0
mobility|road_occupancy|2|mobility/nyc,mobility,road_occupancy,static,2,mobility/nyc,16,100.0,1,,1.0,8,1,p_gated_uniform,5,5077,1.6793067667783688,167.93067667783689,0.7178285998268022,1.0,0.2026179056754596,5.08273381294964,0.0
mobility|road_occupancy|3|mobility/nyc/SW,mobility,road_occupancy,static,3,mobility/nyc/SW,4,100.0,1,,1.0,8,1,p_gated_uniform,0,77,5.679181587953589,567.9181587953589,0.7808789484857336,0.9985590778097982,0.7585377585377585,1.5389048991354466,0.0
mobility|road_occupancy|3|mobility/nyc/SW,mobility,road_occupancy,static,3,mobility/nyc/SW,4,100.0,1,,1.0,8,1,p_gated_uniform,1,1077,5.790024606983343,579.0024606983343,0.8858547521898705,0.9985590778097982,0.7585377585377585,1.5389048991354466,0.0
mobility|road_occupancy|3|mobility/nyc/SW,mobility,road_occupancy,static,3,mobility/nyc/SW,4,100.0,1,,1.0,8,1,p_gated_uniform,2,2077,5.898838392083309,589.883839208331,0.961188358588676,0.9985590778097982,0.7585377585377585,1.5389048991354466,0.0
mobility|road_occupancy|3|mobility/nyc/SW,mobility,road_occupancy,static,3,mobility/nyc/SW,4,100.0,1,,1.0,8,1,p_gated_uniform,3,3077,6.379044870144135,637.9044870144135,0.5044020568183246,0.9985590778097982,0.7585377585377585,1.5389048991354466,0.0
mobility|road_occupancy|3|mobility/nyc/SW,mobility,road_occupancy,static,3,mobility/nyc/SW,4,100.0,1,,1.0,8,1,p_gated_uniform,4,4077,6.311819876612791,631.1819876612791,0.8013732674785216,0.9985590778097982,0.7585377585377585,1.5389048991354466,0.0
mobility|road_occupancy|3|mobility/nyc/SW,mobility,road_occupancy,static,3,mobility/nyc/SW,4,100.0,1,,1.0,8,1,p_gated_uniform,5,5077,6.219347751699632,621.9347751699632,0.8494975763863567,0.9985590778097982,0.7585377585377585,1.5389048991354466,0.0
mobility|road_occupancy|3|mobility/nyc/SE,mobility,road_occupancy,static,3,mobility/nyc/SE,4,100.0,1,,1.0,8,1,p_gated_uniform,0,77,5.7020071048626,570.2007104862599,0.8742851194274757,0.9970544918998528,0.7523387493845395,1.5508100147275403,0.0
mobility|road_occupancy|3|mobility/nyc/SE,mobility,road_occupancy,static,3,mobility/nyc/SE,4,100.0,1,,1.0,8,1,p_gated_uniform,1,1077,5.903864306655512,590.3864306655512,0.8762799209868278,0.9970544918998528,0.7523387493845395,1.5508100147275403,0.0
mobility|road_occupancy|3|mobility/nyc/SE,mobility,road_occupancy,static,3,mobility/nyc/SE,4,100.0,1,,1.0,8,1,p_gated_uniform,2,2077,5.719233805353303,571.9233805353304,0.7152185250626005,0.9970544918998528,0.7523387493845395,1.5508100147275403,0.0
mobility|road_occupancy|3|mobility/nyc/SE,mobility,road_occupancy,static,3,mobility/nyc/SE,4,100.0,1,,1.0,8,1,p_gated_uniform,3,3077,6.011510999761107,601.1510999761107,0.7760947353076305,0.9970544918998528,0.7523387493845395,1.5508100147275403,0.0
mobility|road_occupancy|3|mobility/nyc/SE,mobility,road_occupancy,static,3,mobility/nyc/SE,4,100.0,1,,1.0,8,1,p_gated_uniform,4,4077,6.542427374643125,654.2427374643125,0.9115030964157548,0.9970544918998528,0.7523387493845395,1.5508100147275403,0.0
mobility|road_occupancy|3|mobility/nyc/SE,mobility,road_occupancy,static,3,mobility/nyc/SE,4,100.0,1,,1.0,8,1,p_gated_uniform,5,5077,6.325244472645111,632.5244472645111,0.607711489350158,0.9970544918998528,0.7523387493845395,1.5508100147275403,0.0
mobility|road_occupancy|3|mobility/nyc/NW,mobility,road_occupancy,static,3,mobility/nyc/NW,4,100.0,1,,1.0,8,1,p_gated_uniform,0,77,5.782637694330873,578.2637694330873,0.7256753737253456,0.9971014492753624,0.7639292635658914,1.5304347826086957,0.0
mobility|road_occupancy|3|mobility/nyc/NW,mobility,road_occupancy,static,3,mobility/nyc/NW,4,100.0,1,,1.0,8,1,p_gated_uniform,1,1077,5.960623626018503,596.0623626018503,0.8740464697536424,0.9971014492753624,0.7639292635658914,1.5304347826086957,0.0
mobility|road_occupancy|3|mobility/nyc/NW,mobility,road_occupancy,static,3,mobility/nyc/NW,4,100.0,1,,1.0,8,1,p_gated_uniform,2,2077,5.82871344029041,582.871344029041,0.6273856174381852,0.9971014492753624,0.7639292635658914,1.5304347826086957,0.0
mobility|road_occupancy|3|mobility/nyc/NW,mobility,road_occupancy,static,3,mobility/nyc/NW,4,100.0,1,,1.0,8,1,p_gated_uniform,3,3077,6.281097808745751,628.1097808745751,0.8344173997318529,0.9971014492753624,0.7639292635658914,1.5304347826086957,0.0
mobility|road_occupancy|3|mobility/nyc/NW,mobility,road_occupancy,static,3,mobility/nyc/NW,4,100.0,1,,1.0,8,1,p_gated_uniform,4,4077,6.370156934097361,637.0156934097361,0.817579530932008,0.9971014492753624,0.7639292635658914,1.5304347826086957,0.0
mobility|road_occupancy|3|mobility/nyc/NW,mobility,road_occupancy,static,3,mobility/nyc/NW,4,100.0,1,,1.0,8,1,p_gated_uniform,5,5077,6.544673057942484,654.4673057942484,0.6095852610767006,0.9971014492753624,0.7639292635658914,1.5304347826086957,0.0
mobility|road_occupancy|3|mobility/nyc/NE,mobility,road_occupancy,static,3,mobility/nyc/NE,4,100.0,1,,1.0,8,1,p_gated_uniform,0,77,5.690536756990474,569.0536756990474,0.5758970364075549,0.9970501474926252,0.7475345167652859,1.5663716814159292,0.0
mobility|road_occupancy|3|mobility/nyc/NE,mobility,road_occupancy,static,3,mobility/nyc/NE,4,100.0,1,,1.0,8,1,p_gated_uniform,1,1077,5.774565749349202,577.4565749349202,0.7450788648111656,0.9970501474926252,0.7475345167652859,1.5663716814159292,0.0
mobility|road_occupancy|3|mobility/nyc/NE,mobility,road_occupancy,static,3,mobility/nyc/NE,4,100.0,1,,1.0,8,1,p_gated_uniform,2,2077,5.611410854142389,561.1410854142389,0.7034665313735756,0.9970501474926252,0.7475345167652859,1.5663716814159292,0.0
mobility|road_occupancy|3|mobility/nyc/NE,mobility,road_occupancy,static,3,mobility/nyc/NE,4,100.0,1,,1.0,8,1,p_gated_uniform,3,3077,5.999064390787005,599.9064390787005,0.4886678738776806,0.9970501474926252,0.7475345167652859,1.5663716814159292,0.0
mobility|road_occupancy|3|mobility/nyc/NE,mobility,road_occupancy,static,3,mobility/nyc/NE,4,100.0,1,,1.0,8,1,p_gated_uniform,4,4077,6.301992457020575,630.1992457020575,0.7755301873081955,0.9970501474926252,0.7475345167652859,1.5663716814159292,0.0
mobility|road_occupancy|3|mobility/nyc/NE,mobility,road_occupancy,static,3,mobility/nyc/NE,4,100.0,1,,1.0,8,1,p_gated_uniform,5,5077,6.223168929866839,622.3168929866839,0.6282013949291242,0.9970501474926252,0.7475345167652859,1.5663716814159292,0.0
mobility|road_occupancy|4|mobility/nyc/SW/cell_0_0,mobility,road_occupancy,static,4,mobility/nyc/SW/cell_0_0,1,100.0,1,,1.0,8,1,p_gated_uniform,0,77,8.203573183874301,820.35731838743,0.7092452238181658,0.7753846153846153,1.0,0.7753846153846153,0.0
mobility|road_occupancy|4|mobility/nyc/SW/cell_0_0,mobility,road_occupancy,static,4,mobility/nyc/SW/cell_0_0,1,100.0,1,,1.0,8,1,p_gated_uniform,1,1077,7.748070029233412,774.8070029233412,0.984577780554654,0.7753846153846153,1.0,0.7753846153846153,0.0
mobility|road_occupancy|4|mobility/nyc/SW/cell_0_0,mobility,road_occupancy,static,4,mobility/nyc/SW/cell_0_0,1,100.0,1,,1.0,8,1,p_gated_uniform,2,2077,8.362638413026074,836.2638413026075,0.6549936685105126,0.7753846153846153,1.0,0.7753846153846153,0.0
mobility|road_occupancy|4|mobility/nyc/SW/cell_0_0,mobility,road_occupancy,static,4,mobility/nyc/SW/cell_0_0,1,100.0,1,,1.0,8,1,p_gated_uniform,3,3077,8.241011394717386,824.1011394717386,0.7886472059331164,0.7753846153846153,1.0,0.7753846153846153,0.0
mobility|road_occupancy|4|mobility/nyc/SW/cell_0_0,mobility,road_occupancy,static,4,mobility/nyc/SW/cell_0_0,1,100.0,1,,1.0,8,1,p_gated_uniform,4,4077,8.019232027086334,801.9232027086334,0.9381498280878148,0.7753846153846153,1.0,0.7753846153846153,0.0
mobility|road_occupancy|4|mobility/nyc/SW/cell_0_0,mobility,road_occupancy,static,4,mobility/nyc/SW/cell_0_0,1,100.0,1,,1.0,8,1,p_gated_uniform,5,5077,8.12756777820585,812.7567778205852,0.8067168117175082,0.7753846153846153,1.0,0.7753846153846153,0.0
mobility|road_occupancy|4|mobility/nyc/SW/cell_0_1,mobility,road_occupancy,static,4,mobility/nyc/SW/cell_0_1,1,100.0,1,,1.0,8,1,p_gated_uniform,0,77,8.528130933413557,852.8130933413557,0.5350448704089122,0.7994269340974212,1.0,0.7994269340974212,0.0
mobility|road_occupancy|4|mobility/nyc/SW/cell_0_1,mobility,road_occupancy,static,4,mobility/nyc/SW/cell_0_1,1,100.0,1,,1.0,8,1,p_gated_uniform,1,1077,7.503807319374512,750.3807319374512,0.8845863944736146,0.7994269340974212,1.0,0.7994269340974212,0.0
mobility|road_occupancy|4|mobility/nyc/SW/cell_0_1,mobility,road_occupancy,static,4,mobility/nyc/SW/cell_0_1,1,100.0,1,,1.0,8,1,p_gated_uniform,2,2077,7.404399507850351,740.4399507850351,1.0541430235954667,0.7994269340974212,1.0,0.7994269340974212,0.0
mobility|road_occupancy|4|mobility/nyc/SW/cell_0_1,mobility,road_occupancy,static,4,mobility/nyc/SW/cell_0_1,1,100.0,1,,1.0,8,1,p_gated_uniform,3,3077,8.074421216886856,807.4421216886857,0.7060320715949094,0.7994269340974212,1.0,0.7994269340974212,0.0
mobility|road_occupancy|4|mobility/nyc/SW/cell_0_1,mobility,road_occupancy,static,4,mobility/nyc/SW/cell_0_1,1,100.0,1,,1.0,8,1,p_gated_uniform,4,4077,8.016636122973102,801.6636122973102,1.0165450934970777,0.7994269340974212,1.0,0.7994269340974212,0.0
mobility|road_occupancy|4|mobility/nyc/SW/cell_0_1,mobility,road_occupancy,static,4,mobility/nyc/SW/cell_0_1,1,100.0,1,,1.0,8,1,p_gated_uniform,5,5077,8.0541625802822,805.4162580282201,0.8927872390285804,0.7994269340974212,1.0,0.7994269340974212,0.0
mobility|road_occupancy|4|mobility/nyc/SE/cell_0_2,mobility,road_occupancy,static,4,mobility/nyc/SE/cell_0_2,1,100.0,1,,1.0,8,1,p_gated_uniform,0,77,7.891012430204293,789.1012430204294,0.4987394914933435,0.7890173410404624,1.0,0.7890173410404624,0.0
mobility|road_occupancy|4|mobility/nyc/SE/cell_0_2,mobility,road_occupancy,static,4,mobility/nyc/SE/cell_0_2,1,100.0,1,,1.0,8,1,p_gated_uniform,1,1077,7.475064861233005,747.5064861233004,0.8711358899774168,0.7890173410404624,1.0,0.7890173410404624,0.0
mobility|road_occupancy|4|mobility/nyc/SE/cell_0_2,mobility,road_occupancy,static,4,mobility/nyc/SE/cell_0_2,1,100.0,1,,1.0,8,1,p_gated_uniform,2,2077,8.00829379715169,800.8293797151691,1.053474197418799,0.7890173410404624,1.0,0.7890173410404624,0.0
mobility|road_occupancy|4|mobility/nyc/SE/cell_0_2,mobility,road_occupancy,static,4,mobility/nyc/SE/cell_0_2,1,100.0,1,,1.0,8,1,p_gated_uniform,3,3077,8.266478948228858,826.6478948228857,0.7223698210676486,0.7890173410404624,1.0,0.7890173410404624,0.0
mobility|road_occupancy|4|mobility/nyc/SE/cell_0_2,mobility,road_occupancy,static,4,mobility/nyc/SE/cell_0_2,1,100.0,1,,1.0,8,1,p_gated_uniform,4,4077,8.044159406005221,804.415940600522,0.6239673490568225,0.7890173410404624,1.0,0.7890173410404624,0.0
mobility|road_occupancy|4|mobility/nyc/SE/cell_0_2,mobility,road_occupancy,static,4,mobility/nyc/SE/cell_0_2,1,100.0,1,,1.0,8,1,p_gated_uniform,5,5077,8.17529009198595,817.529009198595,0.6755275187521672,0.7890173410404624,1.0,0.7890173410404624,0.0
mobility|road_occupancy|4|mobility/nyc/SE/cell_0_3,mobility,road_occupancy,static,4,mobility/nyc/SE/cell_0_3,1,100.0,1,,1.0,8,1,p_gated_uniform,0,77,8.443733577907121,844.3733577907121,0.7262244601364897,0.7739938080495357,1.0,0.7739938080495357,0.0
mobility|road_occupancy|4|mobility/nyc/SE/cell_0_3,mobility,road_occupancy,static,4,mobility/nyc/SE/cell_0_3,1,100.0,1,,1.0,8,1,p_gated_uniform,1,1077,7.8607036240746115,786.0703624074612,0.8406587600586065,0.7739938080495357,1.0,0.7739938080495357,0.0
mobility|road_occupancy|4|mobility/nyc/SE/cell_0_3,mobility,road_occupancy,static,4,mobility/nyc/SE/cell_0_3,1,100.0,1,,1.0,8,1,p_gated_uniform,2,2077,7.879420665180998,787.9420665180998,0.6540736119922597,0.7739938080495357,1.0,0.7739938080495357,0.0
mobility|road_occupancy|4|mobility/nyc/SE/cell_0_3,mobility,road_occupancy,static,4,mobility/nyc/SE/cell_0_3,1,100.0,1,,1.0,8,1,p_gated_uniform,3,3077,8.288506733273016,828.8506733273016,0.7893272820041944,0.7739938080495357,1.0,0.7739938080495357,0.0
mobility|road_occupancy|4|mobility/nyc/SE/cell_0_3,mobility,road_occupancy,static,4,mobility/nyc/SE/cell_0_3,1,100.0,1,,1.0,8,1,p_gated_uniform,4,4077,7.969973790762838,796.9973790762838,0.9303830717719482,0.7739938080495357,1.0,0.7739938080495357,0.0
mobility|road_occupancy|4|mobility/nyc/SE/cell_0_3,mobility,road_occupancy,static,4,mobility/nyc/SE/cell_0_3,1,100.0,1,,1.0,8,1,p_gated_uniform,5,5077,8.10780892694975,810.7808926949749,0.4335532849257535,0.7739938080495357,1.0,0.7739938080495357,0.0
mobility|road_occupancy|4|mobility/nyc/SW/cell_1_0,mobility,road_occupancy,static,4,mobility/nyc/SW/cell_1_0,1,100.0,1,,1.0,8,1,p_gated_uniform,0,77,8.299788826412518,829.9788826412519,0.8869747823791011,0.7761627906976745,1.0,0.7761627906976745,0.0
mobility|road_occupancy|4|mobility/nyc/SW/cell_1_0,mobility,road_occupancy,static,4,mobility/nyc/SW/cell_1_0,1,100.0,1,,1.0,8,1,p_gated_uniform,1,1077,7.544922667260486,754.4922667260486,0.8484373287594175,0.7761627906976745,1.0,0.7761627906976745,0.0
mobility|road_occupancy|4|mobility/nyc/SW/cell_1_0,mobility,road_occupancy,static,4,mobility/nyc/SW/cell_1_0,1,100.0,1,,1.0,8,1,p_gated_uniform,2,2077,8.07189579997264,807.1895799972641,0.987400415213554,0.7761627906976745,1.0,0.7761627906976745,0.0
mobility|road_occupancy|4|mobility/nyc/SW/cell_1_0,mobility,road_occupancy,static,4,mobility/nyc/SW/cell_1_0,1,100.0,1,,1.0,8,1,p_gated_uniform,3,3077,7.803752906207693,780.3752906207693,0.7392759266274769,0.7761627906976745,1.0,0.7761627906976745,0.0
mobility|road_occupancy|4|mobility/nyc/SW/cell_1_0,mobility,road_occupancy,static,4,mobility/nyc/SW/cell_1_0,1,100.0,1,,1.0,8,1,p_gated_uniform,4,4077,8.305629908970264,830.5629908970265,1.0134070038791791,0.7761627906976745,1.0,0.7761627906976745,0.0
mobility|road_occupancy|4|mobility/nyc/SW/cell_1_0,mobility,road_occupancy,static,4,mobility/nyc/SW/cell_1_0,1,100.0,1,,1.0,8,1,p_gated_uniform,5,5077,7.919704260590106,791.9704260590106,0.8759524360583599,0.7761627906976745,1.0,0.7761627906976745,0.0
mobility|road_occupancy|4|mobility/nyc/SW/cell_1_1,mobility,road_occupancy,static,4,mobility/nyc/SW/cell_1_1,1,100.0,1,,1.0,8,1,p_gated_uniform,0,77,8.196615127322538,819.6615127322538,0.4686315978365235,0.7780979827089337,1.0,0.7780979827089337,0.0
mobility|road_occupancy|4|mobility/nyc/SW/cell_1_1,mobility,road_occupancy,static,4,mobility/nyc/SW/cell_1_1,1,100.0,1,,1.0,8,1,p_gated_uniform,1,1077,7.7037243197003,770.37243197003,0.8503576562928779,0.7780979827089337,1.0,0.7780979827089337,0.0
mobility|road_occupancy|4|mobility/nyc/SW/cell_1_1,mobility,road_occupancy,static,4,mobility/nyc/SW/cell_1_1,1,100.0,1,,1.0,8,1,p_gated_uniform,2,2077,7.695533813749238,769.5533813749238,0.9990543395626276,0.7780979827089337,1.0,0.7780979827089337,0.0
mobility|road_occupancy|4|mobility/nyc/SW/cell_1_1,mobility,road_occupancy,static,4,mobility/nyc/SW/cell_1_1,1,100.0,1,,1.0,8,1,p_gated_uniform,3,3077,7.935342272920738,793.5342272920738,0.7189588187572261,0.7780979827089337,1.0,0.7780979827089337,0.0
mobility|road_occupancy|4|mobility/nyc/SW/cell_1_1,mobility,road_occupancy,static,4,mobility/nyc/SW/cell_1_1,1,100.0,1,,1.0,8,1,p_gated_uniform,4,4077,8.26516873515448,826.5168735154481,0.6333977217007133,0.7780979827089337,1.0,0.7780979827089337,0.0
mobility|road_occupancy|4|mobility/nyc/SW/cell_1_1,mobility,road_occupancy,static,4,mobility/nyc/SW/cell_1_1,1,100.0,1,,1.0,8,1,p_gated_uniform,5,5077,8.022705280637275,802.2705280637276,0.7837548703282331,0.7780979827089337,1.0,0.7780979827089337,0.0
mobility|road_occupancy|4|mobility/nyc/SE/cell_1_2,mobility,road_occupancy,static,4,mobility/nyc/SE/cell_1_2,1,100.0,1,,1.0,8,1,p_gated_uniform,0,77,7.951835564601133,795.1835564601133,0.6967611730706319,0.7529761904761905,1.0,0.7529761904761905,0.0
mobility|road_occupancy|4|mobility/nyc/SE/cell_1_2,mobility,road_occupancy,static,4,mobility/nyc/SE/cell_1_2,1,100.0,1,,1.0,8,1,p_gated_uniform,1,1077,7.668685078617838,766.8685078617839,1.022786597455756,0.7529761904761905,1.0,0.7529761904761905,0.0
mobility|road_occupancy|4|mobility/nyc/SE/cell_1_2,mobility,road_occupancy,static,4,mobility/nyc/SE/cell_1_2,1,100.0,1,,1.0,8,1,p_gated_uniform,2,2077,7.922773159059719,792.2773159059719,0.6742814394056575,0.7529761904761905,1.0,0.7529761904761905,0.0
mobility|road_occupancy|4|mobility/nyc/SE/cell_1_2,mobility,road_occupancy,static,4,mobility/nyc/SE/cell_1_2,1,100.0,1,,1.0,8,1,p_gated_uniform,3,3077,8.498109947670812,849.8109947670813,0.7840878104192635,0.7529761904761905,1.0,0.7529761904761905,0.0
mobility|road_occupancy|4|mobility/nyc/SE/cell_1_2,mobility,road_occupancy,static,4,mobility/nyc/SE/cell_1_2,1,100.0,1,,1.0,8,1,p_gated_uniform,4,4077,8.289274977962478,828.9274977962477,0.8709527715435137,0.7529761904761905,1.0,0.7529761904761905,0.0
mobility|road_occupancy|4|mobility/nyc/SE/cell_1_2,mobility,road_occupancy,static,4,mobility/nyc/SE/cell_1_2,1,100.0,1,,1.0,8,1,p_gated_uniform,5,5077,8.33688583352032,833.6885833520321,0.6653039050756463,0.7529761904761905,1.0,0.7529761904761905,0.0
mobility|road_occupancy|4|mobility/nyc/SE/cell_1_3,mobility,road_occupancy,static,4,mobility/nyc/SE/cell_1_3,1,100.0,1,,1.0,8,1,p_gated_uniform,0,77,8.352784517689544,835.2784517689545,0.8971612503824777,0.7936962750716332,1.0,0.7936962750716332,0.0
mobility|road_occupancy|4|mobility/nyc/SE/cell_1_3,mobility,road_occupancy,static,4,mobility/nyc/SE/cell_1_3,1,100.0,1,,1.0,8,1,p_gated_uniform,1,1077,7.397489114095602,739.7489114095603,0.8860729459637081,0.7936962750716332,1.0,0.7936962750716332,0.0
mobility|road_occupancy|4|mobility/nyc/SE/cell_1_3,mobility,road_occupancy,static,4,mobility/nyc/SE/cell_1_3,1,100.0,1,,1.0,8,1,p_gated_uniform,2,2077,8.111322887423459,811.1322887423458,1.0056383272670033,0.7936962750716332,1.0,0.7936962750716332,0.0
mobility|road_occupancy|4|mobility/nyc/SE/cell_1_3,mobility,road_occupancy,static,4,mobility/nyc/SE/cell_1_3,1,100.0,1,,1.0,8,1,p_gated_uniform,3,3077,7.867188704775815,786.7188704775815,0.7368896521457684,0.7936962750716332,1.0,0.7936962750716332,0.0
mobility|road_occupancy|4|mobility/nyc/SE/cell_1_3,mobility,road_occupancy,static,4,mobility/nyc/SE/cell_1_3,1,100.0,1,,1.0,8,1,p_gated_uniform,4,4077,8.128085345092709,812.8085345092709,0.9885559135544536,0.7936962750716332,1.0,0.7936962750716332,0.0
mobility|road_occupancy|4|mobility/nyc/SE/cell_1_3,mobility,road_occupancy,static,4,mobility/nyc/SE/cell_1_3,1,100.0,1,,1.0,8,1,p_gated_uniform,5,5077,8.402493628424093,840.2493628424093,0.3883675189989908,0.7936962750716332,1.0,0.7936962750716332,0.0
mobility|road_occupancy|4|mobility/nyc/NW/cell_2_0,mobility,road_occupancy,static,4,mobility/nyc/NW/cell_2_0,1,100.0,1,,1.0,8,1,p_gated_uniform,0,77,8.784296472103748,878.4296472103748,0.5782952679779171,0.7777777777777778,1.0,0.7777777777777778,0.0
mobility|road_occupancy|4|mobility/nyc/NW/cell_2_0,mobility,road_occupancy,static,4,mobility/nyc/NW/cell_2_0,1,100.0,1,,1.0,8,1,p_gated_uniform,1,1077,7.514539339387941,751.4539339387941,0.8926877739871533,0.7777777777777778,1.0,0.7777777777777778,0.0
mobility|road_occupancy|4|mobility/nyc/NW/cell_2_0,mobility,road_occupancy,static,4,mobility/nyc/NW/cell_2_0,1,100.0,1,,1.0,8,1,p_gated_uniform,2,2077,7.441500384775833,744.1500384775833,0.968481691255806,0.7777777777777778,1.0,0.7777777777777778,0.0
mobility|road_occupancy|4|mobility/nyc/NW/cell_2_0,mobility,road_occupancy,static,4,mobility/nyc/NW/cell_2_0,1,100.0,1,,1.0,8,1,p_gated_uniform,3,3077,8.225162610465114,822.5162610465114,0.7411371500763202,0.7777777777777778,1.0,0.7777777777777778,0.0
mobility|road_occupancy|4|mobility/nyc/NW/cell_2_0,mobility,road_occupancy,static,4,mobility/nyc/NW/cell_2_0,1,100.0,1,,1.0,8,1,p_gated_uniform,4,4077,8.067880048092517,806.7880048092518,0.9819009333852434,0.7777777777777778,1.0,0.7777777777777778,0.0
mobility|road_occupancy|4|mobility/nyc/NW/cell_2_0,mobility,road_occupancy,static,4,mobility/nyc/NW/cell_2_0,1,100.0,1,,1.0,8,1,p_gated_uniform,5,5077,7.79830474179213,779.830474179213,0.7880141758954888,0.7777777777777778,1.0,0.7777777777777778,0.0
mobility|road_occupancy|4|mobility/nyc/NW/cell_2_1,mobility,road_occupancy,static,4,mobility/nyc/NW/cell_2_1,1,100.0,1,,1.0,8,1,p_gated_uniform,0,77,8.325728027149086,832.5728027149087,0.4397723570010506,0.782991202346041,1.0,0.782991202346041,0.0
mobility|road_occupancy|4|mobility/nyc/NW/cell_2_1,mobility,road_occupancy,static,4,mobility/nyc/NW/cell_2_1,1,100.0,1,,1.0,8,1,p_gated_uniform,1,1077,7.490868187073313,749.0868187073313,0.8853199086179383,0.782991202346041,1.0,0.782991202346041,0.0
mobility|road_occupancy|4|mobility/nyc/NW/cell_2_1,mobility,road_occupancy,static,4,mobility/nyc/NW/cell_2_1,1,100.0,1,,1.0,8,1,p_gated_uniform,2,2077,7.830658381533572,783.0658381533573,1.0524788271557046,0.782991202346041,1.0,0.782991202346041,0.0
mobility|road_occupancy|4|mobility/nyc/NW/cell_2_1,mobility,road_occupancy,static,4,mobility/nyc/NW/cell_2_1,1,100.0,1,,1.0,8,1,p_gated_uniform,3,3077,7.996956297832238,799.6956297832238,0.7312525719119894,0.782991202346041,1.0,0.782991202346041,0.0
mobility|road_occupancy|4|mobility/nyc/NW/cell_2_1,mobility,road_occupancy,static,4,mobility/nyc/NW/cell_2_1,1,100.0,1,,1.0,8,1,p_gated_uniform,4,4077,8.148407773830225,814.8407773830226,0.9613234557306666,0.782991202346041,1.0,0.782991202346041,0.0
mobility|road_occupancy|4|mobility/nyc/NW/cell_2_1,mobility,road_occupancy,static,4,mobility/nyc/NW/cell_2_1,1,100.0,1,,1.0,8,1,p_gated_uniform,5,5077,8.053787909257514,805.3787909257513,0.3920258300755879,0.782991202346041,1.0,0.782991202346041,0.0
mobility|road_occupancy|4|mobility/nyc/NE/cell_2_2,mobility,road_occupancy,static,4,mobility/nyc/NE/cell_2_2,1,100.0,1,,1.0,8,1,p_gated_uniform,0,77,8.189888660905552,818.9888660905552,0.4591222667204543,0.7902298850574713,1.0,0.7902298850574713,0.0
mobility|road_occupancy|4|mobility/nyc/NE/cell_2_2,mobility,road_occupancy,static,4,mobility/nyc/NE/cell_2_2,1,100.0,1,,1.0,8,1,p_gated_uniform,1,1077,7.563822036666595,756.3822036666595,0.8786144266796139,0.7902298850574713,1.0,0.7902298850574713,0.0
mobility|road_occupancy|4|mobility/nyc/NE/cell_2_2,mobility,road_occupancy,static,4,mobility/nyc/NE/cell_2_2,1,100.0,1,,1.0,8,1,p_gated_uniform,2,2077,7.608285506201457,760.8285506201457,0.8479114579588533,0.7902298850574713,1.0,0.7902298850574713,0.0
mobility|road_occupancy|4|mobility/nyc/NE/cell_2_2,mobility,road_occupancy,static,4,mobility/nyc/NE/cell_2_2,1,100.0,1,,1.0,8,1,p_gated_uniform,3,3077,8.426403934420938,842.6403934420938,0.7220491549987101,0.7902298850574713,1.0,0.7902298850574713,0.0
mobility|road_occupancy|4|mobility/nyc/NE/cell_2_2,mobility,road_occupancy,static,4,mobility/nyc/NE/cell_2_2,1,100.0,1,,1.0,8,1,p_gated_uniform,4,4077,8.03834053557906,803.834053557906,0.6169865288033112,0.7902298850574713,1.0,0.7902298850574713,0.0
mobility|road_occupancy|4|mobility/nyc/NE/cell_2_2,mobility,road_occupancy,static,4,mobility/nyc/NE/cell_2_2,1,100.0,1,,1.0,8,1,p_gated_uniform,5,5077,7.939286138830109,793.9286138830109,0.9151442325251584,0.7902298850574713,1.0,0.7902298850574713,0.0
mobility|road_occupancy|4|mobility/nyc/NE/cell_2_3,mobility,road_occupancy,static,4,mobility/nyc/NE/cell_2_3,1,100.0,1,,1.0,8,1,p_gated_uniform,0,77,8.152198884705596,815.2198884705596,0.920118956428942,0.7747747747747747,1.0,0.7747747747747747,0.0
mobility|road_occupancy|4|mobility/nyc/NE/cell_2_3,mobility,road_occupancy,static,4,mobility/nyc/NE/cell_2_3,1,100.0,1,,1.0,8,1,p_gated_uniform,1,1077,7.454079441587482,745.4079441587483,0.8889753558826067,0.7747747747747747,1.0,0.7747747747747747,0.0
mobility|road_occupancy|4|mobility/nyc/NE/cell_2_3,mobility,road_occupancy,static,4,mobility/nyc/NE/cell_2_3,1,100.0,1,,1.0,8,1,p_gated_uniform,2,2077,7.757068612181922,775.7068612181922,0.9645997637258216,0.7747747747747747,1.0,0.7747747747747747,0.0
mobility|road_occupancy|4|mobility/nyc/NE/cell_2_3,mobility,road_occupancy,static,4,mobility/nyc/NE/cell_2_3,1,100.0,1,,1.0,8,1,p_gated_uniform,3,3077,8.481284103576275,848.1284103576274,0.7287708207609214,0.7747747747747747,1.0,0.7747747747747747,0.0
mobility|road_occupancy|4|mobility/nyc/NE/cell_2_3,mobility,road_occupancy,static,4,mobility/nyc/NE/cell_2_3,1,100.0,1,,1.0,8,1,p_gated_uniform,4,4077,8.366812904865114,836.6812904865113,0.7677266869233396,0.7747747747747747,1.0,0.7747747747747747,0.0
mobility|road_occupancy|4|mobility/nyc/NE/cell_2_3,mobility,road_occupancy,static,4,mobility/nyc/NE/cell_2_3,1,100.0,1,,1.0,8,1,p_gated_uniform,5,5077,7.9948029988922,799.48029988922,0.7659205643149439,0.7747747747747747,1.0,0.7747747747747747,0.0
mobility|road_occupancy|4|mobility/nyc/NW/cell_3_0,mobility,road_occupancy,static,4,mobility/nyc/NW/cell_3_0,1,100.0,1,,1.0,8,1,p_gated_uniform,0,77,8.137358147855775,813.7358147855774,0.41765705662908,0.7936962750716332,1.0,0.7936962750716332,0.0
mobility|road_occupancy|4|mobility/nyc/NW/cell_3_0,mobility,road_occupancy,static,4,mobility/nyc/NW/cell_3_0,1,100.0,1,,1.0,8,1,p_gated_uniform,1,1077,7.715588972469483,771.5588972469483,0.8860769236426516,0.7936962750716332,1.0,0.7936962750716332,0.0
mobility|road_occupancy|4|mobility/nyc/NW/cell_3_0,mobility,road_occupancy,static,4,mobility/nyc/NW/cell_3_0,1,100.0,1,,1.0,8,1,p_gated_uniform,2,2077,8.02489987740218,802.4899877402181,1.004864540354203,0.7936962750716332,1.0,0.7936962750716332,0.0
mobility|road_occupancy|4|mobility/nyc/NW/cell_3_0,mobility,road_occupancy,static,4,mobility/nyc/NW/cell_3_0,1,100.0,1,,1.0,8,1,p_gated_uniform,3,3077,7.616328730333916,761.6328730333917,0.7214001758395835,0.7936962750716332,1.0,0.7936962750716332,0.0
mobility|road_occupancy|4|mobility/nyc/NW/cell_3_0,mobility,road_occupancy,static,4,mobility/nyc/NW/cell_3_0,1,100.0,1,,1.0,8,1,p_gated_uniform,4,4077,8.116874721194982,811.6874721194981,0.978586805003034,0.7936962750716332,1.0,0.7936962750716332,0.0
mobility|road_occupancy|4|mobility/nyc/NW/cell_3_0,mobility,road_occupancy,static,4,mobility/nyc/NW/cell_3_0,1,100.0,1,,1.0,8,1,p_gated_uniform,5,5077,8.092019080022354,809.2019080022354,0.8406973626662089,0.7936962750716332,1.0,0.7936962750716332,0.0
mobility|road_occupancy|4|mobility/nyc/NW/cell_3_1,mobility,road_occupancy,static,4,mobility/nyc/NW/cell_3_1,1,100.0,1,,1.0,8,1,p_gated_uniform,0,77,8.408423673064442,840.8423673064442,0.7132977369630159,0.7574850299401198,1.0,0.7574850299401198,0.0
mobility|road_occupancy|4|mobility/nyc/NW/cell_3_1,mobility,road_occupancy,static,4,mobility/nyc/NW/cell_3_1,1,100.0,1,,1.0,8,1,p_gated_uniform,1,1077,7.374885782171864,737.4885782171864,0.9895791691775464,0.7574850299401198,1.0,0.7574850299401198,0.0
mobility|road_occupancy|4|mobility/nyc/NW/cell_3_1,mobility,road_occupancy,static,4,mobility/nyc/NW/cell_3_1,1,100.0,1,,1.0,8,1,p_gated_uniform,2,2077,7.913030731592015,791.3030731592015,0.6985660578738822,0.7574850299401198,1.0,0.7574850299401198,0.0
mobility|road_occupancy|4|mobility/nyc/NW/cell_3_1,mobility,road_occupancy,static,4,mobility/nyc/NW/cell_3_1,1,100.0,1,,1.0,8,1,p_gated_uniform,3,3077,7.692237248382274,769.2237248382274,0.7928626494228436,0.7574850299401198,1.0,0.7574850299401198,0.0
mobility|road_occupancy|4|mobility/nyc/NW/cell_3_1,mobility,road_occupancy,static,4,mobility/nyc/NW/cell_3_1,1,100.0,1,,1.0,8,1,p_gated_uniform,4,4077,8.205568712357394,820.5568712357394,0.911241243446048,0.7574850299401198,1.0,0.7574850299401198,0.0
mobility|road_occupancy|4|mobility/nyc/NW/cell_3_1,mobility,road_occupancy,static,4,mobility/nyc/NW/cell_3_1,1,100.0,1,,1.0,8,1,p_gated_uniform,5,5077,8.109954353289492,810.9954353289492,0.5563718556091078,0.7574850299401198,1.0,0.7574850299401198,0.0
mobility|road_occupancy|4|mobility/nyc/NE/cell_3_2,mobility,road_occupancy,static,4,mobility/nyc/NE/cell_3_2,1,100.0,1,,1.0,8,1,p_gated_uniform,0,77,7.785218033866093,778.5218033866092,0.9198150315262352,0.7712609970674487,1.0,0.7712609970674487,0.0
mobility|road_occupancy|4|mobility/nyc/NE/cell_3_2,mobility,road_occupancy,static,4,mobility/nyc/NE/cell_3_2,1,100.0,1,,1.0,8,1,p_gated_uniform,1,1077,8.467398702399896,846.7398702399896,0.8602138070184951,0.7712609970674487,1.0,0.7712609970674487,0.0
mobility|road_occupancy|4|mobility/nyc/NE/cell_3_2,mobility,road_occupancy,static,4,mobility/nyc/NE/cell_3_2,1,100.0,1,,1.0,8,1,p_gated_uniform,2,2077,7.812973310077673,781.2973310077673,0.98435766261957,0.7712609970674487,1.0,0.7712609970674487,0.0
mobility|road_occupancy|4|mobility/nyc/NE/cell_3_2,mobility,road_occupancy,static,4,mobility/nyc/NE/cell_3_2,1,100.0,1,,1.0,8,1,p_gated_uniform,3,3077,8.191192377826702,819.1192377826702,0.7403394341985011,0.7712609970674487,1.0,0.7712609970674487,0.0
mobility|road_occupancy|4|mobility/nyc/NE/cell_3_2,mobility,road_occupancy,static,4,mobility/nyc/NE/cell_3_2,1,100.0,1,,1.0,8,1,p_gated_uniform,4,4077,8.405118835390251,840.5118835390251,0.966348435254752,0.7712609970674487,1.0,0.7712609970674487,0.0
mobility|road_occupancy|4|mobility/nyc/NE/cell_3_2,mobility,road_occupancy,static,4,mobility/nyc/NE/cell_3_2,1,100.0,1,,1.0,8,1,p_gated_uniform,5,5077,8.504332605125308,850.4332605125308,0.7278393222090767,0.7712609970674487,1.0,0.7712609970674487,0.0
mobility|road_occupancy|4|mobility/nyc/NE/cell_3_3,mobility,road_occupancy,static,4,mobility/nyc/NE/cell_3_3,1,100.0,1,,1.0,8,1,p_gated_uniform,0,77,8.471891325957897,847.1891325957897,0.4495526262257135,0.7916666666666666,1.0,0.7916666666666666,0.0
mobility|road_occupancy|4|mobility/nyc/NE/cell_3_3,mobility,road_occupancy,static,4,mobility/nyc/NE/cell_3_3,1,100.0,1,,1.0,8,1,p_gated_uniform,1,1077,7.504453000861151,750.4453000861151,0.8623295465056003,0.7916666666666666,1.0,0.7916666666666666,0.0
mobility|road_occupancy|4|mobility/nyc/NE/cell_3_3,mobility,road_occupancy,static,4,mobility/nyc/NE/cell_3_3,1,100.0,1,,1.0,8,1,p_gated_uniform,2,2077,7.887103490528659,788.7103490528659,0.9943274301262562,0.7916666666666666,1.0,0.7916666666666666,0.0
mobility|road_occupancy|4|mobility/nyc/NE/cell_3_3,mobility,road_occupancy,static,4,mobility/nyc/NE/cell_3_3,1,100.0,1,,1.0,8,1,p_gated_uniform,3,3077,8.226862900546621,822.6862900546621,0.7194750794235643,0.7916666666666666,1.0,0.7916666666666666,0.0
mobility|road_occupancy|4|mobility/nyc/NE/cell_3_3,mobility,road_occupancy,static,4,mobility/nyc/NE/cell_3_3,1,100.0,1,,1.0,8,1,p_gated_uniform,4,4077,8.14118089161594,814.1180891615941,0.6813339984151036,0.7916666666666666,1.0,0.7916666666666666,0.0
mobility|road_occupancy|4|mobility/nyc/NE/cell_3_3,mobility,road_occupancy,static,4,mobility/nyc/NE/cell_3_3,1,100.0,1,,1.0,8,1,p_gated_uniform,5,5077,7.449287517102559,744.9287517102559,0.4744888213600942,0.7916666666666666,1.0,0.7916666666666666,0.0
mobility|road_occupancy|5|mobility/nyc/SW/cell_0_0/road_occupancy,mobility,road_occupancy,static,5,mobility/nyc/SW/cell_0_0/road_occupancy,1,100.0,1,,1.0,8,1,p_gated_uniform,0,77,8.203573183874301,820.35731838743,0.7092452238181658,0.7753846153846153,1.0,0.7753846153846153,0.0
mobility|road_occupancy|5|mobility/nyc/SW/cell_0_0/road_occupancy,mobility,road_occupancy,static,5,mobility/nyc/SW/cell_0_0/road_occupancy,1,100.0,1,,1.0,8,1,p_gated_uniform,1,1077,7.748070029233412,774.8070029233412,0.984577780554654,0.7753846153846153,1.0,0.7753846153846153,0.0
mobility|road_occupancy|5|mobility/nyc/SW/cell_0_0/road_occupancy,mobility,road_occupancy,static,5,mobility/nyc/SW/cell_0_0/road_occupancy,1,100.0,1,,1.0,8,1,p_gated_uniform,2,2077,8.362638413026074,836.2638413026075,0.6549936685105126,0.7753846153846153,1.0,0.7753846153846153,0.0
mobility|road_occupancy|5|mobility/nyc/SW/cell_0_0/road_occupancy,mobility,road_occupancy,static,5,mobility/nyc/SW/cell_0_0/road_occupancy,1,100.0,1,,1.0,8,1,p_gated_uniform,3,3077,8.241011394717386,824.1011394717386,0.7886472059331164,0.7753846153846153,1.0,0.7753846153846153,0.0
mobility|road_occupancy|5|mobility/nyc/SW/cell_0_0/road_occupancy,mobility,road_occupancy,static,5,mobility/nyc/SW/cell_0_0/road_occupancy,1,100.0,1,,1.0,8,1,p_gated_uniform,4,4077,8.019232027086334,801.9232027086334,0.9381498280878148,0.7753846153846153,1.0,0.7753846153846153,0.0
mobility|road_occupancy|5|mobility/nyc/SW/cell_0_0/road_occupancy,mobility,road_occupancy,static,5,mobility/nyc/SW/cell_0_0/road_occupancy,1,100.0,1,,1.0,8,1,p_gated_uniform,5,5077,8.12756777820585,812.7567778205852,0.8067168117175082,0.7753846153846153,1.0,0.7753846153846153,0.0
mobility|road_occupancy|5|mobility/nyc/SW/cell_0_1/road_occupancy,mobility,road_occupancy,static,5,mobility/nyc/SW/cell_0_1/road_occupancy,1,100.0,1,,1.0,8,1,p_gated_uniform,0,77,8.528130933413557,852.8130933413557,0.5350448704089122,0.7994269340974212,1.0,0.7994269340974212,0.0
mobility|road_occupancy|5|mobility/nyc/SW/cell_0_1/road_occupancy,mobility,road_occupancy,static,5,mobility/nyc/SW/cell_0_1/road_occupancy,1,100.0,1,,1.0,8,1,p_gated_uniform,1,1077,7.503807319374512,750.3807319374512,0.8845863944736146,0.7994269340974212,1.0,0.7994269340974212,0.0
mobility|road_occupancy|5|mobility/nyc/SW/cell_0_1/road_occupancy,mobility,road_occupancy,static,5,mobility/nyc/SW/cell_0_1/road_occupancy,1,100.0,1,,1.0,8,1,p_gated_uniform,2,2077,7.404399507850351,740.4399507850351,1.0541430235954667,0.7994269340974212,1.0,0.7994269340974212,0.0
mobility|road_occupancy|5|mobility/nyc/SW/cell_0_1/road_occupancy,mobility,road_occupancy,static,5,mobility/nyc/SW/cell_0_1/road_occupancy,1,100.0,1,,1.0,8,1,p_gated_uniform,3,3077,8.074421216886856,807.4421216886857,0.7060320715949094,0.7994269340974212,1.0,0.7994269340974212,0.0
mobility|road_occupancy|5|mobility/nyc/SW/cell_0_1/road_occupancy,mobility,road_occupancy,static,5,mobility/nyc/SW/cell_0_1/road_occupancy,1,100.0,1,,1.0,8,1,p_gated_uniform,4,4077,8.016636122973102,801.6636122973102,1.0165450934970777,0.7994269340974212,1.0,0.7994269340974212,0.0
mobility|road_occupancy|5|mobility/nyc/SW/cell_0_1/road_occupancy,mobility,road_occupancy,static,5,mobility/nyc/SW/cell_0_1/road_occupancy,1,100.0,1,,1.0,8,1,p_gated_uniform,5,5077,8.0541625802822,805.4162580282201,0.8927872390285804,0.7994269340974212,1.0,0.7994269340974212,0.0
mobility|road_occupancy|5|mobility/nyc/SE/cell_0_2/road_occupancy,mobility,road_occupancy,static,5,mobility/nyc/SE/cell_0_2/road_occupancy,1,100.0,1,,1.0,8,1,p_gated_uniform,0,77,7.891012430204293,789.1012430204294,0.4987394914933435,0.7890173410404624,1.0,0.7890173410404624,0.0
mobility|road_occupancy|5|mobility/nyc/SE/cell_0_2/road_occupancy,mobility,road_occupancy,static,5,mobility/nyc/SE/cell_0_2/road_occupancy,1,100.0,1,,1.0,8,1,p_gated_uniform,1,1077,7.475064861233005,747.5064861233004,0.8711358899774168,0.7890173410404624,1.0,0.7890173410404624,0.0
mobility|road_occupancy|5|mobility/nyc/SE/cell_0_2/road_occupancy,mobility,road_occupancy,static,5,mobility/nyc/SE/cell_0_2/road_occupancy,1,100.0,1,,1.0,8,1,p_gated_uniform,2,2077,8.00829379715169,800.8293797151691,1.053474197418799,0.7890173410404624,1.0,0.7890173410404624,0.0
mobility|road_occupancy|5|mobility/nyc/SE/cell_0_2/road_occupancy,mobility,road_occupancy,static,5,mobility/nyc/SE/cell_0_2/road_occupancy,1,100.0,1,,1.0,8,1,p_gated_uniform,3,3077,8.266478948228858,826.6478948228857,0.7223698210676486,0.7890173410404624,1.0,0.7890173410404624,0.0
mobility|road_occupancy|5|mobility/nyc/SE/cell_0_2/road_occupancy,mobility,road_occupancy,static,5,mobility/nyc/SE/cell_0_2/road_occupancy,1,100.0,1,,1.0,8,1,p_gated_uniform,4,4077,8.044159406005221,804.415940600522,0.6239673490568225,0.7890173410404624,1.0,0.7890173410404624,0.0
mobility|road_occupancy|5|mobility/nyc/SE/cell_0_2/road_occupancy,mobility,road_occupancy,static,5,mobility/nyc/SE/cell_0_2/road_occupancy,1,100.0,1,,1.0,8,1,p_gated_uniform,5,5077,8.17529009198595,817.529009198595,0.6755275187521672,0.7890173410404624,1.0,0.7890173410404624,0.0
mobility|road_occupancy|5|mobility/nyc/SE/cell_0_3/road_occupancy,mobility,road_occupancy,static,5,mobility/nyc/SE/cell_0_3/road_occupancy,1,100.0,1,,1.0,8,1,p_gated_uniform,0,77,8.443733577907121,844.3733577907121,0.7262244601364897,0.7739938080495357,1.0,0.7739938080495357,0.0
mobility|road_occupancy|5|mobility/nyc/SE/cell_0_3/road_occupancy,mobility,road_occupancy,static,5,mobility/nyc/SE/cell_0_3/road_occupancy,1,100.0,1,,1.0,8,1,p_gated_uniform,1,1077,7.8607036240746115,786.0703624074612,0.8406587600586065,0.7739938080495357,1.0,0.7739938080495357,0.0
mobility|road_occupancy|5|mobility/nyc/SE/cell_0_3/road_occupancy,mobility,road_occupancy,static,5,mobility/nyc/SE/cell_0_3/road_occupancy,1,100.0,1,,1.0,8,1,p_gated_uniform,2,2077,7.879420665180998,787.9420665180998,0.6540736119922597,0.7739938080495357,1.0,0.7739938080495357,0.0
mobility|road_occupancy|5|mobility/nyc/SE/cell_0_3/road_occupancy,mobility,road_occupancy,static,5,mobility/nyc/SE/cell_0_3/road_occupancy,1,100.0,1,,1.0,8,1,p_gated_uniform,3,3077,8.288506733273016,828.8506733273016,0.7893272820041944,0.7739938080495357,1.0,0.7739938080495357,0.0
mobility|road_occupancy|5|mobility/nyc/SE/cell_0_3/road_occupancy,mobility,road_occupancy,static,5,mobility/nyc/SE/cell_0_3/road_occupancy,1,100.0,1,,1.0,8,1,p_gated_uniform,4,4077,7.969973790762838,796.9973790762838,0.9303830717719482,0.7739938080495357,1.0,0.7739938080495357,0.0
mobility|road_occupancy|5|mobility/nyc/SE/cell_0_3/road_occupancy,mobility,road_occupancy,static,5,mobility/nyc/SE/cell_0_3/road_occupancy,1,100.0,1,,1.0,8,1,p_gated_uniform,5,5077,8.10780892694975,810.7808926949749,0.4335532849257535,0.7739938080495357,1.0,0.7739938080495357,0.0
mobility|road_occupancy|5|mobility/nyc/SW/cell_1_0/road_occupancy,mobility,road_occupancy,static,5,mobility/nyc/SW/cell_1_0/road_occupancy,1,100.0,1,,1.0,8,1,p_gated_uniform,0,77,8.299788826412518,829.9788826412519,0.8869747823791011,0.7761627906976745,1.0,0.7761627906976745,0.0
mobility|road_occupancy|5|mobility/nyc/SW/cell_1_0/road_occupancy,mobility,road_occupancy,static,5,mobility/nyc/SW/cell_1_0/road_occupancy,1,100.0,1,,1.0,8,1,p_gated_uniform,1,1077,7.544922667260486,754.4922667260486,0.8484373287594175,0.7761627906976745,1.0,0.7761627906976745,0.0
mobility|road_occupancy|5|mobility/nyc/SW/cell_1_0/road_occupancy,mobility,road_occupancy,static,5,mobility/nyc/SW/cell_1_0/road_occupancy,1,100.0,1,,1.0,8,1,p_gated_uniform,2,2077,8.07189579997264,807.1895799972641,0.987400415213554,0.7761627906976745,1.0,0.7761627906976745,0.0
mobility|road_occupancy|5|mobility/nyc/SW/cell_1_0/road_occupancy,mobility,road_occupancy,static,5,mobility/nyc/SW/cell_1_0/road_occupancy,1,100.0,1,,1.0,8,1,p_gated_uniform,3,3077,7.803752906207693,780.3752906207693,0.7392759266274769,0.7761627906976745,1.0,0.7761627906976745,0.0
mobility|road_occupancy|5|mobility/nyc/SW/cell_1_0/road_occupancy,mobility,road_occupancy,static,5,mobility/nyc/SW/cell_1_0/road_occupancy,1,100.0,1,,1.0,8,1,p_gated_uniform,4,4077,8.305629908970264,830.5629908970265,1.0134070038791791,0.7761627906976745,1.0,0.7761627906976745,0.0
mobility|road_occupancy|5|mobility/nyc/SW/cell_1_0/road_occupancy,mobility,road_occupancy,static,5,mobility/nyc/SW/cell_1_0/road_occupancy,1,100.0,1,,1.0,8,1,p_gated_uniform,5,5077,7.919704260590106,791.9704260590106,0.8759524360583599,0.7761627906976745,1.0,0.7761627906976745,0.0
mobility|road_occupancy|5|mobility/nyc/SW/cell_1_1/road_occupancy,mobility,road_occupancy,static,5,mobility/nyc/SW/cell_1_1/road_occupancy,1,100.0,1,,1.0,8,1,p_gated_uniform,0,77,8.196615127322538,819.6615127322538,0.4686315978365235,0.7780979827089337,1.0,0.7780979827089337,0.0
mobility|road_occupancy|5|mobility/nyc/SW/cell_1_1/road_occupancy,mobility,road_occupancy,static,5,mobility/nyc/SW/cell_1_1/road_occupancy,1,100.0,1,,1.0,8,1,p_gated_uniform,1,1077,7.7037243197003,770.37243197003,0.8503576562928779,0.7780979827089337,1.0,0.7780979827089337,0.0
mobility|road_occupancy|5|mobility/nyc/SW/cell_1_1/road_occupancy,mobility,road_occupancy,static,5,mobility/nyc/SW/cell_1_1/road_occupancy,1,100.0,1,,1.0,8,1,p_gated_uniform,2,2077,7.695533813749238,769.5533813749238,0.9990543395626276,0.7780979827089337,1.0,0.7780979827089337,0.0
mobility|road_occupancy|5|mobility/nyc/SW/cell_1_1/road_occupancy,mobility,road_occupancy,static,5,mobility/nyc/SW/cell_1_1/road_occupancy,1,100.0,1,,1.0,8,1,p_gated_uniform,3,3077,7.935342272920738,793.5342272920738,0.7189588187572261,0.7780979827089337,1.0,0.7780979827089337,0.0
mobility|road_occupancy|5|mobility/nyc/SW/cell_1_1/road_occupancy,mobility,road_occupancy,static,5,mobility/nyc/SW/cell_1_1/road_occupancy,1,100.0,1,,1.0,8,1,p_gated_uniform,4,4077,8.26516873515448,826.5168735154481,0.6333977217007133,0.7780979827089337,1.0,0.7780979827089337,0.0
mobility|road_occupancy|5|mobility/nyc/SW/cell_1_1/road_occupancy,mobility,road_occupancy,static,5,mobility/nyc/SW/cell_1_1/road_occupancy,1,100.0,1,,1.0,8,1,p_gated_uniform,5,5077,8.022705280637275,802.2705280637276,0.7837548703282331,0.7780979827089337,1.0,0.7780979827089337,0.0
mobility|road_occupancy|5|mobility/nyc/SE/cell_1_2/road_occupancy,mobility,road_occupancy,static,5,mobility/nyc/SE/cell_1_2/road_occupancy,1,100.0,1,,1.0,8,1,p_gated_uniform,0,77,7.951835564601133,795.1835564601133,0.6967611730706319,0.7529761904761905,1.0,0.7529761904761905,0.0
mobility|road_occupancy|5|mobility/nyc/SE/cell_1_2/road_occupancy,mobility,road_occupancy,static,5,mobility/nyc/SE/cell_1_2/road_occupancy,1,100.0,1,,1.0,8,1,p_gated_uniform,1,1077,7.668685078617838,766.8685078617839,1.022786597455756,0.7529761904761905,1.0,0.7529761904761905,0.0
mobility|road_occupancy|5|mobility/nyc/SE/cell_1_2/road_occupancy,mobility,road_occupancy,static,5,mobility/nyc/SE/cell_1_2/road_occupancy,1,100.0,1,,1.0,8,1,p_gated_uniform,2,2077,7.922773159059719,792.2773159059719,0.6742814394056575,0.7529761904761905,1.0,0.7529761904761905,0.0
mobility|road_occupancy|5|mobility/nyc/SE/cell_1_2/road_occupancy,mobility,road_occupancy,static,5,mobility/nyc/SE/cell_1_2/road_occupancy,1,100.0,1,,1.0,8,1,p_gated_uniform,3,3077,8.498109947670812,849.8109947670813,0.7840878104192635,0.7529761904761905,1.0,0.7529761904761905,0.0
mobility|road_occupancy|5|mobility/nyc/SE/cell_1_2/road_occupancy,mobility,road_occupancy,static,5,mobility/nyc/SE/cell_1_2/road_occupancy,1,100.0,1,,1.0,8,1,p_gated_uniform,4,4077,8.289274977962478,828.9274977962477,0.8709527715435137,0.7529761904761905,1.0,0.7529761904761905,0.0
mobility|road_occupancy|5|mobility/nyc/SE/cell_1_2/road_occupancy,mobility,road_occupancy,static,5,mobility/nyc/SE/cell_1_2/road_occupancy,1,100.0,1,,1.0,8,1,p_gated_uniform,5,5077,8.33688583352032,833.6885833520321,0.6653039050756463,0.7529761904761905,1.0,0.7529761904761905,0.0
mobility|road_occupancy|5|mobility/nyc/SE/cell_1_3/road_occupancy,mobility,road_occupancy,static,5,mobility/nyc/SE/cell_1_3/road_occupancy,1,100.0,1,,1.0,8,1,p_gated_uniform,0,77,8.352784517689544,835.2784517689545,0.8971612503824777,0.7936962750716332,1.0,0.7936962750716332,0.0
mobility|road_occupancy|5|mobility/nyc/SE/cell_1_3/road_occupancy,mobility,road_occupancy,static,5,mobility/nyc/SE/cell_1_3/road_occupancy,1,100.0,1,,1.0,8,1,p_gated_uniform,1,1077,7.397489114095602,739.7489114095603,0.8860729459637081,0.7936962750716332,1.0,0.7936962750716332,0.0
mobility|road_occupancy|5|mobility/nyc/SE/cell_1_3/road_occupancy,mobility,road_occupancy,static,5,mobility/nyc/SE/cell_1_3/road_occupancy,1,100.0,1,,1.0,8,1,p_gated_uniform,2,2077,8.111322887423459,811.1322887423458,1.0056383272670033,0.7936962750716332,1.0,0.7936962750716332,0.0
mobility|road_occupancy|5|mobility/nyc/SE/cell_1_3/road_occupancy,mobility,road_occupancy,static,5,mobility/nyc/SE/cell_1_3/road_occupancy,1,100.0,1,,1.0,8,1,p_gated_uniform,3,3077,7.867188704775815,786.7188704775815,0.7368896521457684,0.7936962750716332,1.0,0.7936962750716332,0.0
mobility|road_occupancy|5|mobility/nyc/SE/cell_1_3/road_occupancy,mobility,road_occupancy,static,5,mobility/nyc/SE/cell_1_3/road_occupancy,1,100.0,1,,1.0,8,1,p_gated_uniform,4,4077,8.128085345092709,812.8085345092709,0.9885559135544536,0.7936962750716332,1.0,0.7936962750716332,0.0
mobility|road_occupancy|5|mobility/nyc/SE/cell_1_3/road_occupancy,mobility,road_occupancy,static,5,mobility/nyc/SE/cell_1_3/road_occupancy,1,100.0,1,,1.0,8,1,p_gated_uniform,5,5077,8.402493628424093,840.2493628424093,0.3883675189989908,0.7936962750716332,1.0,0.7936962750716332,0.0
mobility|road_occupancy|5|mobility/nyc/NW/cell_2_0/road_occupancy,mobility,road_occupancy,static,5,mobility/nyc/NW/cell_2_0/road_occupancy,1,100.0,1,,1.0,8,1,p_gated_uniform,0,77,8.784296472103748,878.4296472103748,0.5782952679779171,0.7777777777777778,1.0,0.7777777777777778,0.0
mobility|road_occupancy|5|mobility/nyc/NW/cell_2_0/road_occupancy,mobility,road_occupancy,static,5,mobility/nyc/NW/cell_2_0/road_occupancy,1,100.0,1,,1.0,8,1,p_gated_uniform,1,1077,7.514539339387941,751.4539339387941,0.8926877739871533,0.7777777777777778,1.0,0.7777777777777778,0.0
mobility|road_occupancy|5|mobility/nyc/NW/cell_2_0/road_occupancy,mobility,road_occupancy,static,5,mobility/nyc/NW/cell_2_0/road_occupancy,1,100.0,1,,1.0,8,1,p_gated_uniform,2,2077,7.441500384775833,744.1500384775833,0.968481691255806,0.7777777777777778,1.0,0.7777777777777778,0.0
mobility|road_occupancy|5|mobility/nyc/NW/cell_2_0/road_occupancy,mobility,road_occupancy,static,5,mobility/nyc/NW/cell_2_0/road_occupancy,1,100.0,1,,1.0,8,1,p_gated_uniform,3,3077,8.225162610465114,822.5162610465114,0.7411371500763202,0.7777777777777778,1.0,0.7777777777777778,0.0
mobility|road_occupancy|5|mobility/nyc/NW/cell_2_0/road_occupancy,mobility,road_occupancy,static,5,mobility/nyc/NW/cell_2_0/road_occupancy,1,100.0,1,,1.0,8,1,p_gated_uniform,4,4077,8.067880048092517,806.7880048092518,0.9819009333852434,0.7777777777777778,1.0,0.7777777777777778,0.0
mobility|road_occupancy|5|mobility/nyc/NW/cell_2_0/road_occupancy,mobility,road_occupancy,static,5,mobility/nyc/NW/cell_2_0/road_occupancy,1,100.0,1,,1.0,8,1,p_gated_uniform,5,5077,7.79830474179213,779.830474179213,0.7880141758954888,0.7777777777777778,1.0,0.7777777777777778,0.0
mobility|road_occupancy|5|mobility/nyc/NW/cell_2_1/road_occupancy,mobility,road_occupancy,static,5,mobility/nyc/NW/cell_2_1/road_occupancy,1,100.0,1,,1.0,8,1,p_gated_uniform,0,77,8.325728027149086,832.5728027149087,0.4397723570010506,0.782991202346041,1.0,0.782991202346041,0.0
mobility|road_occupancy|5|mobility/nyc/NW/cell_2_1/road_occupancy,mobility,road_occupancy,static,5,mobility/nyc/NW/cell_2_1/road_occupancy,1,100.0,1,,1.0,8,1,p_gated_uniform,1,1077,7.490868187073313,749.0868187073313,0.8853199086179383,0.782991202346041,1.0,0.782991202346041,0.0
mobility|road_occupancy|5|mobility/nyc/NW/cell_2_1/road_occupancy,mobility,road_occupancy,static,5,mobility/nyc/NW/cell_2_1/road_occupancy,1,100.0,1,,1.0,8,1,p_gated_uniform,2,2077,7.830658381533572,783.0658381533573,1.0524788271557046,0.782991202346041,1.0,0.782991202346041,0.0
mobility|road_occupancy|5|mobility/nyc/NW/cell_2_1/road_occupancy,mobility,road_occupancy,static,5,mobility/nyc/NW/cell_2_1/road_occupancy,1,100.0,1,,1.0,8,1,p_gated_uniform,3,3077,7.996956297832238,799.6956297832238,0.7312525719119894,0.782991202346041,1.0,0.782991202346041,0.0
mobility|road_occupancy|5|mobility/nyc/NW/cell_2_1/road_occupancy,mobility,road_occupancy,static,5,mobility/nyc/NW/cell_2_1/road_occupancy,1,100.0,1,,1.0,8,1,p_gated_uniform,4,4077,8.148407773830225,814.8407773830226,0.9613234557306666,0.782991202346041,1.0,0.782991202346041,0.0
mobility|road_occupancy|5|mobility/nyc/NW/cell_2_1/road_occupancy,mobility,road_occupancy,static,5,mobility/nyc/NW/cell_2_1/road_occupancy,1,100.0,1,,1.0,8,1,p_gated_uniform,5,5077,8.053787909257514,805.3787909257513,0.3920258300755879,0.782991202346041,1.0,0.782991202346041,0.0
mobility|road_occupancy|5|mobility/nyc/NE/cell_2_2/road_occupancy,mobility,road_occupancy,static,5,mobility/nyc/NE/cell_2_2/road_occupancy,1,100.0,1,,1.0,8,1,p_gated_uniform,0,77,8.189888660905552,818.9888660905552,0.4591222667204543,0.7902298850574713,1.0,0.7902298850574713,0.0
mobility|road_occupancy|5|mobility/nyc/NE/cell_2_2/road_occupancy,mobility,road_occupancy,static,5,mobility/nyc/NE/cell_2_2/road_occupancy,1,100.0,1,,1.0,8,1,p_gated_uniform,1,1077,7.563822036666595,756.3822036666595,0.8786144266796139,0.7902298850574713,1.0,0.7902298850574713,0.0
mobility|road_occupancy|5|mobility/nyc/NE/cell_2_2/road_occupancy,mobility,road_occupancy,static,5,mobility/nyc/NE/cell_2_2/road_occupancy,1,100.0,1,,1.0,8,1,p_gated_uniform,2,2077,7.608285506201457,760.8285506201457,0.8479114579588533,0.7902298850574713,1.0,0.7902298850574713,0.0
mobility|road_occupancy|5|mobility/nyc/NE/cell_2_2/road_occupancy,mobility,road_occupancy,static,5,mobility/nyc/NE/cell_2_2/road_occupancy,1,100.0,1,,1.0,8,1,p_gated_uniform,3,3077,8.426403934420938,842.6403934420938,0.7220491549987101,0.7902298850574713,1.0,0.7902298850574713,0.0
mobility|road_occupancy|5|mobility/nyc/NE/cell_2_2/road_occupancy,mobility,road_occupancy,static,5,mobility/nyc/NE/cell_2_2/road_occupancy,1,100.0,1,,1.0,8,1,p_gated_uniform,4,4077,8.03834053557906,803.834053557906,0.6169865288033112,0.7902298850574713,1.0,0.7902298850574713,0.0
mobility|road_occupancy|5|mobility/nyc/NE/cell_2_2/road_occupancy,mobility,road_occupancy,static,5,mobility/nyc/NE/cell_2_2/road_occupancy,1,100.0,1,,1.0,8,1,p_gated_uniform,5,5077,7.939286138830109,793.9286138830109,0.9151442325251584,0.7902298850574713,1.0,0.7902298850574713,0.0
mobility|road_occupancy|5|mobility/nyc/NE/cell_2_3/road_occupancy,mobility,road_occupancy,static,5,mobility/nyc/NE/cell_2_3/road_occupancy,1,100.0,1,,1.0,8,1,p_gated_uniform,0,77,8.152198884705596,815.2198884705596,0.920118956428942,0.7747747747747747,1.0,0.7747747747747747,0.0
mobility|road_occupancy|5|mobility/nyc/NE/cell_2_3/road_occupancy,mobility,road_occupancy,static,5,mobility/nyc/NE/cell_2_3/road_occupancy,1,100.0,1,,1.0,8,1,p_gated_uniform,1,1077,7.454079441587482,745.4079441587483,0.8889753558826067,0.7747747747747747,1.0,0.7747747747747747,0.0
mobility|road_occupancy|5|mobility/nyc/NE/cell_2_3/road_occupancy,mobility,road_occupancy,static,5,mobility/nyc/NE/cell_2_3/road_occupancy,1,100.0,1,,1.0,8,1,p_gated_uniform,2,2077,7.757068612181922,775.7068612181922,0.9645997637258216,0.7747747747747747,1.0,0.7747747747747747,0.0
mobility|road_occupancy|5|mobility/nyc/NE/cell_2_3/road_occupancy,mobility,road_occupancy,static,5,mobility/nyc/NE/cell_2_3/road_occupancy,1,100.0,1,,1.0,8,1,p_gated_uniform,3,3077,8.481284103576275,848.1284103576274,0.7287708207609214,0.7747747747747747,1.0,0.7747747747747747,0.0
mobility|road_occupancy|5|mobility/nyc/NE/cell_2_3/road_occupancy,mobility,road_occupancy,static,5,mobility/nyc/NE/cell_2_3/road_occupancy,1,100.0,1,,1.0,8,1,p_gated_uniform,4,4077,8.366812904865114,836.6812904865113,0.7677266869233396,0.7747747747747747,1.0,0.7747747747747747,0.0
mobility|road_occupancy|5|mobility/nyc/NE/cell_2_3/road_occupancy,mobility,road_occupancy,static,5,mobility/nyc/NE/cell_2_3/road_occupancy,1,100.0,1,,1.0,8,1,p_gated_uniform,5,5077,7.9948029988922,799.48029988922,0.7659205643149439,0.7747747747747747,1.0,0.7747747747747747,0.0
mobility|road_occupancy|5|mobility/nyc/NW/cell_3_0/road_occupancy,mobility,road_occupancy,static,5,mobility/nyc/NW/cell_3_0/road_occupancy,1,100.0,1,,1.0,8,1,p_gated_uniform,0,77,8.137358147855775,813.7358147855774,0.41765705662908,0.7936962750716332,1.0,0.7936962750716332,0.0
mobility|road_occupancy|5|mobility/nyc/NW/cell_3_0/road_occupancy,mobility,road_occupancy,static,5,mobility/nyc/NW/cell_3_0/road_occupancy,1,100.0,1,,1.0,8,1,p_gated_uniform,1,1077,7.715588972469483,771.5588972469483,0.8860769236426516,0.7936962750716332,1.0,0.7936962750716332,0.0
mobility|road_occupancy|5|mobility/nyc/NW/cell_3_0/road_occupancy,mobility,road_occupancy,static,5,mobility/nyc/NW/cell_3_0/road_occupancy,1,100.0,1,,1.0,8,1,p_gated_uniform,2,2077,8.02489987740218,802.4899877402181,1.004864540354203,0.7936962750716332,1.0,0.7936962750716332,0.0
mobility|road_occupancy|5|mobility/nyc/NW/cell_3_0/road_occupancy,mobility,road_occupancy,static,5,mobility/nyc/NW/cell_3_0/road_occupancy,1,100.0,1,,1.0,8,1,p_gated_uniform,3,3077,7.616328730333916,761.6328730333917,0.7214001758395835,0.7936962750716332,1.0,0.7936962750716332,0.0
mobility|road_occupancy|5|mobility/nyc/NW/cell_3_0/road_occupancy,mobility,road_occupancy,static,5,mobility/nyc/NW/cell_3_0/road_occupancy,1,100.0,1,,1.0,8,1,p_gated_uniform,4,4077,8.116874721194982,811.6874721194981,0.978586805003034,0.7936962750716332,1.0,0.7936962750716332,0.0
mobility|road_occupancy|5|mobility/nyc/NW/cell_3_0/road_occupancy,mobility,road_occupancy,static,5,mobility/nyc/NW/cell_3_0/road_occupancy,1,100.0,1,,1.0,8,1,p_gated_uniform,5,5077,8.092019080022354,809.2019080022354,0.8406973626662089,0.7936962750716332,1.0,0.7936962750716332,0.0
mobility|road_occupancy|5|mobility/nyc/NW/cell_3_1/road_occupancy,mobility,road_occupancy,static,5,mobility/nyc/NW/cell_3_1/road_occupancy,1,100.0,1,,1.0,8,1,p_gated_uniform,0,77,8.408423673064442,840.8423673064442,0.7132977369630159,0.7574850299401198,1.0,0.7574850299401198,0.0
mobility|road_occupancy|5|mobility/nyc/NW/cell_3_1/road_occupancy,mobility,road_occupancy,static,5,mobility/nyc/NW/cell_3_1/road_occupancy,1,100.0,1,,1.0,8,1,p_gated_uniform,1,1077,7.374885782171864,737.4885782171864,0.9895791691775464,0.7574850299401198,1.0,0.7574850299401198,0.0
mobility|road_occupancy|5|mobility/nyc/NW/cell_3_1/road_occupancy,mobility,road_occupancy,static,5,mobility/nyc/NW/cell_3_1/road_occupancy,1,100.0,1,,1.0,8,1,p_gated_uniform,2,2077,7.913030731592015,791.3030731592015,0.6985660578738822,0.7574850299401198,1.0,0.7574850299401198,0.0
mobility|road_occupancy|5|mobility/nyc/NW/cell_3_1/road_occupancy,mobility,road_occupancy,static,5,mobility/nyc/NW/cell_3_1/road_occupancy,1,100.0,1,,1.0,8,1,p_gated_uniform,3,3077,7.692237248382274,769.2237248382274,0.7928626494228436,0.7574850299401198,1.0,0.7574850299401198,0.0
mobility|road_occupancy|5|mobility/nyc/NW/cell_3_1/road_occupancy,mobility,road_occupancy,static,5,mobility/nyc/NW/cell_3_1/road_occupancy,1,100.0,1,,1.0,8,1,p_gated_uniform,4,4077,8.205568712357394,820.5568712357394,0.911241243446048,0.7574850299401198,1.0,0.7574850299401198,0.0
mobility|road_occupancy|5|mobility/nyc/NW/cell_3_1/road_occupancy,mobility,road_occupancy,static,5,mobility/nyc/NW/cell_3_1/road_occupancy,1,100.0,1,,1.0,8,1,p_gated_uniform,5,5077,8.109954353289492,810.9954353289492,0.5563718556091078,0.7574850299401198,1.0,0.7574850299401198,0.0
mobility|road_occupancy|5|mobility/nyc/NE/cell_3_2/road_occupancy,mobility,road_occupancy,static,5,mobility/nyc/NE/cell_3_2/road_occupancy,1,100.0,1,,1.0,8,1,p_gated_uniform,0,77,7.785218033866093,778.5218033866092,0.9198150315262352,0.7712609970674487,1.0,0.7712609970674487,0.0
mobility|road_occupancy|5|mobility/nyc/NE/cell_3_2/road_occupancy,mobility,road_occupancy,static,5,mobility/nyc/NE/cell_3_2/road_occupancy,1,100.0,1,,1.0,8,1,p_gated_uniform,1,1077,8.467398702399896,846.7398702399896,0.8602138070184951,0.7712609970674487,1.0,0.7712609970674487,0.0
mobility|road_occupancy|5|mobility/nyc/NE/cell_3_2/road_occupancy,mobility,road_occupancy,static,5,mobility/nyc/NE/cell_3_2/road_occupancy,1,100.0,1,,1.0,8,1,p_gated_uniform,2,2077,7.812973310077673,781.2973310077673,0.98435766261957,0.7712609970674487,1.0,0.7712609970674487,0.0
mobility|road_occupancy|5|mobility/nyc/NE/cell_3_2/road_occupancy,mobility,road_occupancy,static,5,mobility/nyc/NE/cell_3_2/road_occupancy,1,100.0,1,,1.0,8,1,p_gated_uniform,3,3077,8.191192377826702,819.1192377826702,0.7403394341985011,0.7712609970674487,1.0,0.7712609970674487,0.0
mobility|road_occupancy|5|mobility/nyc/NE/cell_3_2/road_occupancy,mobility,road_occupancy,static,5,mobility/nyc/NE/cell_3_2/road_occupancy,1,100.0,1,,1.0,8,1,p_gated_uniform,4,4077,8.405118835390251,840.5118835390251,0.966348435254752,0.7712609970674487,1.0,0.7712609970674487,0.0
mobility|road_occupancy|5|mobility/nyc/NE/cell_3_2/road_occupancy,mobility,road_occupancy,static,5,mobility/nyc/NE/cell_3_2/road_occupancy,1,100.0,1,,1.0,8,1,p_gated_uniform,5,5077,8.504332605125308,850.4332605125308,0.7278393222090767,0.7712609970674487,1.0,0.7712609970674487,0.0
mobility|road_occupancy|5|mobility/nyc/NE/cell_3_3/road_occupancy,mobility,road_occupancy,static,5,mobility/nyc/NE/cell_3_3/road_occupancy,1,100.0,1,,1.0,8,1,p_gated_uniform,0,77,8.471891325957897,847.1891325957897,0.4495526262257135,0.7916666666666666,1.0,0.7916666666666666,0.0
mobility|road_occupancy|5|mobility/nyc/NE/cell_3_3/road_occupancy,mobility,road_occupancy,static,5,mobility/nyc/NE/cell_3_3/road_occupancy,1,100.0,1,,1.0,8,1,p_gated_uniform,1,1077,7.504453000861151,750.4453000861151,0.8623295465056003,0.7916666666666666,1.0,0.7916666666666666,0.0
mobility|road_occupancy|5|mobility/nyc/NE/cell_3_3/road_occupancy,mobility,road_occupancy,static,5,mobility/nyc/NE/cell_3_3/road_occupancy,1,100.0,1,,1.0,8,1,p_gated_uniform,2,2077,7.887103490528659,788.7103490528659,0.9943274301262562,0.7916666666666666,1.0,0.7916666666666666,0.0
mobility|road_occupancy|5|mobility/nyc/NE/cell_3_3/road_occupancy,mobility,road_occupancy,static,5,mobility/nyc/NE/cell_3_3/road_occupancy,1,100.0,1,,1.0,8,1,p_gated_uniform,3,3077,8.226862900546621,822.6862900546621,0.7194750794235643,0.7916666666666666,1.0,0.7916666666666666,0.0
mobility|road_occupancy|5|mobility/nyc/NE/cell_3_3/road_occupancy,mobility,road_occupancy,static,5,mobility/nyc/NE/cell_3_3/road_occupancy,1,100.0,1,,1.0,8,1,p_gated_uniform,4,4077,8.14118089161594,814.1180891615941,0.6813339984151036,0.7916666666666666,1.0,0.7916666666666666,0.0
mobility|road_occupancy|5|mobility/nyc/NE/cell_3_3/road_occupancy,mobility,road_occupancy,static,5,mobility/nyc/NE/cell_3_3/road_occupancy,1,100.0,1,,1.0,8,1,p_gated_uniform,5,5077,7.449287517102559,744.9287517102559,0.4744888213600942,0.7916666666666666,1.0,0.7916666666666666,0.0
mobility|emission|1|mobility,mobility,emission,static,1,mobility,16,800.0,1,,1.0,8,1,p_gated_uniform,0,77,1.5359217983408984,1228.7374386727188,1.045879367816805,1.0,0.2026179056754596,5.08273381294964,0.0
mobility|emission|1|mobility,mobility,emission,static,1,mobility,16,800.0,1,,1.0,8,1,p_gated_uniform,1,1077,1.6196415644937778,1295.7132515950225,0.7930274545694668,1.0,0.2026179056754596,5.08273381294964,0.0
mobility|emission|1|mobility,mobility,emission,static,1,mobility,16,800.0,1,,1.0,8,1,p_gated_uniform,2,2077,1.5394849728135689,1231.587978250855,0.7725492671597824,1.0,0.2026179056754596,5.08273381294964,0.0
mobility|emission|1|mobility,mobility,emission,static,1,mobility,16,800.0,1,,1.0,8,1,p_gated_uniform,3,3077,1.6923582461617852,1353.8865969294282,0.7433554646047992,1.0,0.2026179056754596,5.08273381294964,0.0
mobility|emission|1|mobility,mobility,emission,static,1,mobility,16,800.0,1,,1.0,8,1,p_gated_uniform,4,4077,1.6553342742808836,1324.267419424707,0.869748443269874,1.0,0.2026179056754596,5.08273381294964,0.0
mobility|emission|1|mobility,mobility,emission,static,1,mobility,16,800.0,1,,1.0,8,1,p_gated_uniform,5,5077,1.6793067667783688,1343.445413422695,0.7329367414120049,1.0,0.2026179056754596,5.08273381294964,0.0
mobility|emission|2|mobility/nyc,mobility,emission,static,2,mobility/nyc,16,800.0,1,,1.0,8,1,p_gated_uniform,0,77,1.5359217983408984,1228.7374386727188,1.045879367816805,1.0,0.2026179056754596,5.08273381294964,0.0
mobility|emission|2|mobility/nyc,mobility,emission,static,2,mobility/nyc,16,800.0,1,,1.0,8,1,p_gated_uniform,1,1077,1.6196415644937778,1295.7132515950225,0.7930274545694668,1.0,0.2026179056754596,5.08273381294964,0.0
mobility|emission|2|mobility/nyc,mobility,emission,static,2,mobility/nyc,16,800.0,1,,1.0,8,1,p_gated_uniform,2,2077,1.5394849728135689,1231.587978250855,0.7725492671597824,1.0,0.2026179056754596,5.08273381294964,0.0
mobility|emission|2|mobility/nyc,mobility,emission,static,2,mobility/nyc,16,800.0,1,,1.0,8,1,p_gated_uniform,3,3077,1.6923582461617852,1353.8865969294282,0.7433554646047992,1.0,0.2026179056754596,5.08273381294964,0.0
mobility|emission|2|mobility/nyc,mobility,emission,static,2,mobility/nyc,16,800.0,1,,1.0,8,1,p_gated_uniform,4,4077,1.6553342742808836,1324.267419424707,0.869748443269874,1.0,0.2026179056754596,5.08273381294964,0.0
mobility|emission|2|mobility/nyc,mobility,emission,static,2,mobility/nyc,16,800.0,1,,1.0,8,1,p_gated_uniform,5,5077,1.6793067667783688,1343.445413422695,0.7329367414120049,1.0,0.2026179056754596,5.08273381294964,0.0
mobility|emission|3|mobility/nyc/SW,mobility,emission,static,3,mobility/nyc/SW,4,800.0,1,,1.0,8,1,p_gated_uniform,0,77,5.678230339294502,4542.584271435601,0.7841239647816215,0.9985590778097982,0.7585377585377585,1.5389048991354466,0.0
mobility|emission|3|mobility/nyc/SW,mobility,emission,static,3,mobility/nyc/SW,4,800.0,1,,1.0,8,1,p_gated_uniform,1,1077,5.79097585564243,4632.780684513944,0.914970434569888,0.9985590778097982,0.7585377585377585,1.5389048991354466,0.0
mobility|emission|3|mobility/nyc/SW,mobility,emission,static,3,mobility/nyc/SW,4,800.0,1,,1.0,8,1,p_gated_uniform,2,2077,5.899789640742398,4719.831712593918,0.9767155424053832,0.9985590778097982,0.7585377585377585,1.5389048991354466,0.0
mobility|emission|3|mobility/nyc/SW,mobility,emission,static,3,mobility/nyc/SW,4,800.0,1,,1.0,8,1,p_gated_uniform,3,3077,6.379996118803223,5103.996895042578,0.531488844985753,0.9985590778097982,0.7585377585377585,1.5389048991354466,0.0
mobility|emission|3|mobility/nyc/SW,mobility,emission,static,3,mobility/nyc/SW,4,800.0,1,,1.0,8,1,p_gated_uniform,4,4077,6.3120977779056044,5049.678222324484,0.7627960584517596,0.9985590778097982,0.7585377585377585,1.5389048991354466,0.0
mobility|emission|3|mobility/nyc/SW,mobility,emission,static,3,mobility/nyc/SW,4,800.0,1,,1.0,8,1,p_gated_uniform,5,5077,6.2183965030405455,4974.717202432436,0.8774870001357312,0.9985590778097982,0.7585377585377585,1.5389048991354466,0.0
mobility|emission|3|mobility/nyc/SE,mobility,emission,static,3,mobility/nyc/SE,4,800.0,1,,1.0,8,1,p_gated_uniform,0,77,5.701399610518172,4561.119688414537,0.9149859475082026,0.9970544918998528,0.7523387493845395,1.5508100147275403,0.0
mobility|emission|3|mobility/nyc/SE,mobility,emission,static,3,mobility/nyc/SE,4,800.0,1,,1.0,8,1,p_gated_uniform,1,1077,5.904545843350991,4723.6366746807935,0.8689255647585666,0.9970544918998528,0.7523387493845395,1.5508100147275403,0.0
mobility|emission|3|mobility/nyc/SE,mobility,emission,static,3,mobility/nyc/SE,4,800.0,1,,1.0,8,1,p_gated_uniform,2,2077,5.719841299697732,4575.873039758186,0.7031578288561636,0.9970544918998528,0.7523387493845395,1.5508100147275403,0.0
mobility|emission|3|mobility/nyc/SE,mobility,emission,static,3,mobility/nyc/SE,4,800.0,1,,1.0,8,1,p_gated_uniform,3,3077,6.012192536456586,4809.754029165269,0.8301018698077759,0.9970544918998528,0.7523387493845395,1.5508100147275403,0.0
mobility|emission|3|mobility/nyc/SE,mobility,emission,static,3,mobility/nyc/SE,4,800.0,1,,1.0,8,1,p_gated_uniform,4,4077,6.543108911338606,5234.487129070884,0.9076092153561608,0.9970544918998528,0.7523387493845395,1.5508100147275403,0.0
mobility|emission|3|mobility/nyc/SE,mobility,emission,static,3,mobility/nyc/SE,4,800.0,1,,1.0,8,1,p_gated_uniform,5,5077,6.32592600934059,5060.740807472472,0.6047740378187221,0.9970544918998528,0.7523387493845395,1.5508100147275403,0.0
mobility|emission|3|mobility/nyc/NW,mobility,emission,static,3,mobility/nyc/NW,4,800.0,1,,1.0,8,1,p_gated_uniform,0,77,5.782650014021847,4626.120011217477,0.7075001725206443,0.9971014492753624,0.7639292635658914,1.5304347826086957,0.0
mobility|emission|3|mobility/nyc/NW,mobility,emission,static,3,mobility/nyc/NW,4,800.0,1,,1.0,8,1,p_gated_uniform,1,1077,5.960635945709477,4768.508756567581,0.940275260241874,0.9971014492753624,0.7639292635658914,1.5304347826086957,0.0
mobility|emission|3|mobility/nyc/NW,mobility,emission,static,3,mobility/nyc/NW,4,800.0,1,,1.0,8,1,p_gated_uniform,2,2077,5.828725759981384,4662.980607985107,0.6302249172490408,0.9971014492753624,0.7639292635658914,1.5304347826086957,0.0
mobility|emission|3|mobility/nyc/NW,mobility,emission,static,3,mobility/nyc/NW,4,800.0,1,,1.0,8,1,p_gated_uniform,3,3077,6.280846298366105,5024.677038692884,0.8482061527947923,0.9971014492753624,0.7639292635658914,1.5304347826086957,0.0
mobility|emission|3|mobility/nyc/NW,mobility,emission,static,3,mobility/nyc/NW,4,800.0,1,,1.0,8,1,p_gated_uniform,4,4077,6.370144614406386,5096.115691525109,0.8107540786485191,0.9971014492753624,0.7639292635658914,1.5304347826086957,0.0
mobility|emission|3|mobility/nyc/NW,mobility,emission,static,3,mobility/nyc/NW,4,800.0,1,,1.0,8,1,p_gated_uniform,5,5077,6.544660738251511,5235.728590601208,0.6067082222567262,0.9971014492753624,0.7639292635658914,1.5304347826086957,0.0
mobility|emission|3|mobility/nyc/NE,mobility,emission,static,3,mobility/nyc/NE,4,800.0,1,,1.0,8,1,p_gated_uniform,0,77,5.69101959618876,4552.815676951008,0.5900847184294975,0.9970501474926252,0.7475345167652859,1.5663716814159292,0.0
mobility|emission|3|mobility/nyc/NE,mobility,emission,static,3,mobility/nyc/NE,4,800.0,1,,1.0,8,1,p_gated_uniform,1,1077,5.774748092611524,4619.798474089219,0.7419745103413575,0.9970501474926252,0.7475345167652859,1.5663716814159292,0.0
mobility|emission|3|mobility/nyc/NE,mobility,emission,static,3,mobility/nyc/NE,4,800.0,1,,1.0,8,1,p_gated_uniform,2,2077,5.610928014944102,4488.742411955282,0.7156268246925555,0.9970501474926252,0.7475345167652859,1.5663716814159292,0.0
mobility|emission|3|mobility/nyc/NE,mobility,emission,static,3,mobility/nyc/NE,4,800.0,1,,1.0,8,1,p_gated_uniform,3,3077,5.998581551588717,4798.8652412709735,0.5109076219545213,0.9970501474926252,0.7475345167652859,1.5663716814159292,0.0
mobility|emission|3|mobility/nyc/NE,mobility,emission,static,3,mobility/nyc/NE,4,800.0,1,,1.0,8,1,p_gated_uniform,4,4077,6.301509617822288,5041.207694257831,0.765827067960129,0.9970501474926252,0.7475345167652859,1.5663716814159292,0.0
mobility|emission|3|mobility/nyc/NE,mobility,emission,static,3,mobility/nyc/NE,4,800.0,1,,1.0,8,1,p_gated_uniform,5,5077,6.223651769065127,4978.921415252102,0.619747001130313,0.9970501474926252,0.7475345167652859,1.5663716814159292,0.0
mobility|emission|4|mobility/nyc/SW/cell_0_0,mobility,emission,static,4,mobility/nyc/SW/cell_0_0,1,800.0,1,,1.0,8,1,p_gated_uniform,0,77,8.204469451973607,6563.575561578886,0.700929548503855,0.7753846153846153,1.0,0.7753846153846153,0.0
mobility|emission|4|mobility/nyc/SW/cell_0_0,mobility,emission,static,4,mobility/nyc/SW/cell_0_0,1,800.0,1,,1.0,8,1,p_gated_uniform,1,1077,7.739592704442697,6191.6741635541575,1.018667814501586,0.7753846153846153,1.0,0.7753846153846153,0.0
mobility|emission|4|mobility/nyc/SW/cell_0_0,mobility,emission,static,4,mobility/nyc/SW/cell_0_0,1,800.0,1,,1.0,8,1,p_gated_uniform,2,2077,8.369206192349019,6695.364953879214,0.6698049520583773,0.7753846153846153,1.0,0.7753846153846153,0.0
mobility|emission|4|mobility/nyc/SW/cell_0_0,mobility,emission,static,4,mobility/nyc/SW/cell_0_0,1,800.0,1,,1.0,8,1,p_gated_uniform,3,3077,8.23271941351021,6586.175530808168,0.7977361451194575,0.7753846153846153,1.0,0.7753846153846153,0.0
mobility|emission|4|mobility/nyc/SW/cell_0_0,mobility,emission,static,4,mobility/nyc/SW/cell_0_0,1,800.0,1,,1.0,8,1,p_gated_uniform,4,4077,8.010831342775523,6408.665074220418,0.927705284814585,0.7753846153846153,1.0,0.7753846153846153,0.0
mobility|emission|4|mobility/nyc/SW/cell_0_0,mobility,emission,static,4,mobility/nyc/SW/cell_0_0,1,800.0,1,,1.0,8,1,p_gated_uniform,5,5077,8.116209898259996,6492.967918607997,0.8190303531122342,0.7753846153846153,1.0,0.7753846153846153,0.0
mobility|emission|4|mobility/nyc/SW/cell_0_1,mobility,emission,static,4,mobility/nyc/SW/cell_0_1,1,800.0,1,,1.0,8,1,p_gated_uniform,0,77,8.511805767453193,6809.444613962554,0.904544936320952,0.7994269340974212,1.0,0.7994269340974212,0.0
mobility|emission|4|mobility/nyc/SW/cell_0_1,mobility,emission,static,4,mobility/nyc/SW/cell_0_1,1,800.0,1,,1.0,8,1,p_gated_uniform,1,1077,7.4920966097113855,5993.677287769108,0.8663412792134911,0.7994269340974212,1.0,0.7994269340974212,0.0
mobility|emission|4|mobility/nyc/SW/cell_0_1,mobility,emission,static,4,mobility/nyc/SW/cell_0_1,1,800.0,1,,1.0,8,1,p_gated_uniform,2,2077,7.393908331853063,5915.12666548245,1.0120357543246867,0.7994269340974212,1.0,0.7994269340974212,0.0
mobility|emission|4|mobility/nyc/SW/cell_0_1,mobility,emission,static,4,mobility/nyc/SW/cell_0_1,1,800.0,1,,1.0,8,1,p_gated_uniform,3,3077,8.082980795301715,6466.384636241372,0.7365069175147001,0.7994269340974212,1.0,0.7994269340974212,0.0
mobility|emission|4|mobility/nyc/SW/cell_0_1,mobility,emission,static,4,mobility/nyc/SW/cell_0_1,1,800.0,1,,1.0,8,1,p_gated_uniform,4,4077,7.981879243633071,6385.503394906457,0.985970990849258,0.7994269340974212,1.0,0.7994269340974212,0.0
mobility|emission|4|mobility/nyc/SW/cell_0_1,mobility,emission,static,4,mobility/nyc/SW/cell_0_1,1,800.0,1,,1.0,8,1,p_gated_uniform,5,5077,8.048450598822981,6438.7604790583855,0.902051007510486,0.7994269340974212,1.0,0.7994269340974212,0.0
mobility|emission|4|mobility/nyc/SE/cell_0_2,mobility,emission,static,4,mobility/nyc/SE/cell_0_2,1,800.0,1,,1.0,8,1,p_gated_uniform,0,77,7.884743971446723,6307.795177157379,0.909852199767984,0.7890173410404624,1.0,0.7890173410404624,0.0
mobility|emission|4|mobility/nyc/SE/cell_0_2,mobility,emission,static,4,mobility/nyc/SE/cell_0_2,1,800.0,1,,1.0,8,1,p_gated_uniform,1,1077,7.470752979820862,5976.60238385669,0.880227146300912,0.7890173410404624,1.0,0.7890173410404624,0.0
mobility|emission|4|mobility/nyc/SE/cell_0_2,mobility,emission,static,4,mobility/nyc/SE/cell_0_2,1,800.0,1,,1.0,8,1,p_gated_uniform,2,2077,8.010132218083907,6408.105774467126,0.9999074597645584,0.7890173410404624,1.0,0.7890173410404624,0.0
mobility|emission|4|mobility/nyc/SE/cell_0_2,mobility,emission,static,4,mobility/nyc/SE/cell_0_2,1,800.0,1,,1.0,8,1,p_gated_uniform,3,3077,8.2789520634368,6623.16165074944,0.738162992161678,0.7890173410404624,1.0,0.7890173410404624,0.0
mobility|emission|4|mobility/nyc/SE/cell_0_2,mobility,emission,static,4,mobility/nyc/SE/cell_0_2,1,800.0,1,,1.0,8,1,p_gated_uniform,4,4077,8.04370329873345,6434.96263898676,0.973542707758706,0.7890173410404624,1.0,0.7890173410404624,0.0
mobility|emission|4|mobility/nyc/SE/cell_0_2,mobility,emission,static,4,mobility/nyc/SE/cell_0_2,1,800.0,1,,1.0,8,1,p_gated_uniform,5,5077,8.170158890968494,6536.127112774795,0.9266783586037248,0.7890173410404624,1.0,0.7890173410404624,0.0
mobility|emission|4|mobility/nyc/SE/cell_0_3,mobility,emission,static,4,mobility/nyc/SE/cell_0_3,1,800.0,1,,1.0,8,1,p_gated_uniform,0,77,8.454178605071954,6763.342884057563,0.726487680806359,0.7739938080495357,1.0,0.7739938080495357,0.0
mobility|emission|4|mobility/nyc/SE/cell_0_3,mobility,emission,static,4,mobility/nyc/SE/cell_0_3,1,800.0,1,,1.0,8,1,p_gated_uniform,1,1077,7.840215380544943,6272.172304435954,0.9655141220090911,0.7739938080495357,1.0,0.7739938080495357,0.0
mobility|emission|4|mobility/nyc/SE/cell_0_3,mobility,emission,static,4,mobility/nyc/SE/cell_0_3,1,800.0,1,,1.0,8,1,p_gated_uniform,2,2077,7.863569970298755,6290.855976239004,0.6699932100660886,0.7739938080495357,1.0,0.7739938080495357,0.0
mobility|emission|4|mobility/nyc/SE/cell_0_3,mobility,emission,static,4,mobility/nyc/SE/cell_0_3,1,800.0,1,,1.0,8,1,p_gated_uniform,3,3077,8.293529700914833,6634.823760731866,0.7895568542462486,0.7739938080495357,1.0,0.7739938080495357,0.0
mobility|emission|4|mobility/nyc/SE/cell_0_3,mobility,emission,static,4,mobility/nyc/SE/cell_0_3,1,800.0,1,,1.0,8,1,p_gated_uniform,4,4077,7.938091660995435,6350.473328796348,0.8788214923542571,0.7739938080495357,1.0,0.7739938080495357,0.0
mobility|emission|4|mobility/nyc/SE/cell_0_3,mobility,emission,static,4,mobility/nyc/SE/cell_0_3,1,800.0,1,,1.0,8,1,p_gated_uniform,5,5077,8.100414021376674,6480.331217101339,0.4002306104254706,0.7739938080495357,1.0,0.7739938080495357,0.0
mobility|emission|4|mobility/nyc/SW/cell_1_0,mobility,emission,static,4,mobility/nyc/SW/cell_1_0,1,800.0,1,,1.0,8,1,p_gated_uniform,0,77,8.326623214736196,6661.298571788958,0.916070196098958,0.7761627906976745,1.0,0.7761627906976745,0.0
mobility|emission|4|mobility/nyc/SW/cell_1_0,mobility,emission,static,4,mobility/nyc/SW/cell_1_0,1,800.0,1,,1.0,8,1,p_gated_uniform,1,1077,7.532689853030152,6026.151882424121,0.8570752427587975,0.7761627906976745,1.0,0.7761627906976745,0.0
mobility|emission|4|mobility/nyc/SW/cell_1_0,mobility,emission,static,4,mobility/nyc/SW/cell_1_0,1,800.0,1,,1.0,8,1,p_gated_uniform,2,2077,8.073178751741121,6458.543001392897,0.9877165828401482,0.7761627906976745,1.0,0.7761627906976745,0.0
mobility|emission|4|mobility/nyc/SW/cell_1_0,mobility,emission,static,4,mobility/nyc/SW/cell_1_0,1,800.0,1,,1.0,8,1,p_gated_uniform,3,3077,7.792634810802829,6234.107848642263,0.7232067890074614,0.7761627906976745,1.0,0.7761627906976745,0.0
mobility|emission|4|mobility/nyc/SW/cell_1_0,mobility,emission,static,4,mobility/nyc/SW/cell_1_0,1,800.0,1,,1.0,8,1,p_gated_uniform,4,4077,8.299326409545861,6639.461127636689,0.991872175309893,0.7761627906976745,1.0,0.7761627906976745,0.0
mobility|emission|4|mobility/nyc/SW/cell_1_0,mobility,emission,static,4,mobility/nyc/SW/cell_1_0,1,800.0,1,,1.0,8,1,p_gated_uniform,5,5077,7.93437925321181,6347.503402569449,0.9142460865159228,0.7761627906976745,1.0,0.7761627906976745,0.0
mobility|emission|4|mobility/nyc/SW/cell_1_1,mobility,emission,static,4,mobility/nyc/SW/cell_1_1,1,800.0,1,,1.0,8,1,p_gated_uniform,0,77,8.188072564903534,6550.458051922827,0.765201061117844,0.7780979827089337,1.0,0.7780979827089337,0.0
mobility|emission|4|mobility/nyc/SW/cell_1_1,mobility,emission,static,4,mobility/nyc/SW/cell_1_1,1,800.0,1,,1.0,8,1,p_gated_uniform,1,1077,7.703457694464021,6162.766155571217,0.8595256011572382,0.7780979827089337,1.0,0.7780979827089337,0.0
mobility|emission|4|mobility/nyc/SW/cell_1_1,mobility,emission,static,4,mobility/nyc/SW/cell_1_1,1,800.0,1,,1.0,8,1,p_gated_uniform,2,2077,7.683932625733591,6147.146100586872,0.988467380169896,0.7780979827089337,1.0,0.7780979827089337,0.0
mobility|emission|4|mobility/nyc/SW/cell_1_1,mobility,emission,static,4,mobility/nyc/SW/cell_1_1,1,800.0,1,,1.0,8,1,p_gated_uniform,3,3077,7.928498396796858,6342.798717437487,0.7110572174839748,0.7780979827089337,1.0,0.7780979827089337,0.0
mobility|emission|4|mobility/nyc/SW/cell_1_1,mobility,emission,static,4,mobility/nyc/SW/cell_1_1,1,800.0,1,,1.0,8,1,p_gated_uniform,4,4077,8.27084630076371,6616.677040610968,0.9620252623178058,0.7780979827089337,1.0,0.7780979827089337,0.0
mobility|emission|4|mobility/nyc/SW/cell_1_1,mobility,emission,static,4,mobility/nyc/SW/cell_1_1,1,800.0,1,,1.0,8,1,p_gated_uniform,5,5077,8.011915608205761,6409.532486564609,0.392718139663304,0.7780979827089337,1.0,0.7780979827089337,0.0
mobility|emission|4|mobility/nyc/SE/cell_1_2,mobility,emission,static,4,mobility/nyc/SE/cell_1_2,1,800.0,1,,1.0,8,1,p_gated_uniform,0,77,7.95137244845419,6361.097958763352,0.7133040896854118,0.7529761904761905,1.0,0.7529761904761905,0.0
mobility|emission|4|mobility/nyc/SE/cell_1_2,mobility,emission,static,4,mobility/nyc/SE/cell_1_2,1,800.0,1,,1.0,8,1,p_gated_uniform,1,1077,7.669958745496886,6135.966996397508,1.0227842054042395,0.7529761904761905,1.0,0.7529761904761905,0.0
mobility|emission|4|mobility/nyc/SE/cell_1_2,mobility,emission,static,4,mobility/nyc/SE/cell_1_2,1,800.0,1,,1.0,8,1,p_gated_uniform,2,2077,7.915336287898726,6332.269030318981,0.6659248216255682,0.7529761904761905,1.0,0.7529761904761905,0.0
mobility|emission|4|mobility/nyc/SE/cell_1_2,mobility,emission,static,4,mobility/nyc/SE/cell_1_2,1,800.0,1,,1.0,8,1,p_gated_uniform,3,3077,8.486564327348495,6789.251461878795,0.7748757792240962,0.7529761904761905,1.0,0.7529761904761905,0.0
mobility|emission|4|mobility/nyc/SE/cell_1_2,mobility,emission,static,4,mobility/nyc/SE/cell_1_2,1,800.0,1,,1.0,8,1,p_gated_uniform,4,4077,8.287438981182014,6629.95118494561,0.9217541153706084,0.7529761904761905,1.0,0.7529761904761905,0.0
mobility|emission|4|mobility/nyc/SE/cell_1_2,mobility,emission,static,4,mobility/nyc/SE/cell_1_2,1,800.0,1,,1.0,8,1,p_gated_uniform,5,5077,8.329546903773732,6663.637523018985,1.0798022937495182,0.7529761904761905,1.0,0.7529761904761905,0.0
mobility|emission|4|mobility/nyc/SE/cell_1_3,mobility,emission,static,4,mobility/nyc/SE/cell_1_3,1,800.0,1,,1.0,8,1,p_gated_uniform,0,77,8.345083020625154,6676.066416500123,0.9443083743637872,0.7936962750716332,1.0,0.7936962750716332,0.0
mobility|emission|4|mobility/nyc/SE/cell_1_3,mobility,emission,static,4,mobility/nyc/SE/cell_1_3,1,800.0,1,,1.0,8,1,p_gated_uniform,1,1077,7.408843232247901,5927.074585798321,0.8768905751867069,0.7936962750716332,1.0,0.7936962750716332,0.0
mobility|emission|4|mobility/nyc/SE/cell_1_3,mobility,emission,static,4,mobility/nyc/SE/cell_1_3,1,800.0,1,,1.0,8,1,p_gated_uniform,2,2077,8.122388045065426,6497.910436052341,1.0360651871058772,0.7936962750716332,1.0,0.7936962750716332,0.0
mobility|emission|4|mobility/nyc/SE/cell_1_3,mobility,emission,static,4,mobility/nyc/SE/cell_1_3,1,800.0,1,,1.0,8,1,p_gated_uniform,3,3077,7.853241620751899,6282.59329660152,0.7290605265957281,0.7936962750716332,1.0,0.7936962750716332,0.0
mobility|emission|4|mobility/nyc/SE/cell_1_3,mobility,emission,static,4,mobility/nyc/SE/cell_1_3,1,800.0,1,,1.0,8,1,p_gated_uniform,4,4077,8.13056283382557,6504.450267060456,0.9885782867175018,0.7936962750716332,1.0,0.7936962750716332,0.0
mobility|emission|4|mobility/nyc/SE/cell_1_3,mobility,emission,static,4,mobility/nyc/SE/cell_1_3,1,800.0,1,,1.0,8,1,p_gated_uniform,5,5077,8.378506759160544,6702.805407328435,0.6626239270441406,0.7936962750716332,1.0,0.7936962750716332,0.0
mobility|emission|4|mobility/nyc/NW/cell_2_0,mobility,emission,static,4,mobility/nyc/NW/cell_2_0,1,800.0,1,,1.0,8,1,p_gated_uniform,0,77,8.805783827203689,7044.627061762951,0.9348279671793636,0.7777777777777778,1.0,0.7777777777777778,0.0
mobility|emission|4|mobility/nyc/NW/cell_2_0,mobility,emission,static,4,mobility/nyc/NW/cell_2_0,1,800.0,1,,1.0,8,1,p_gated_uniform,1,1077,7.504344312311601,6003.475449849281,0.8730731701074937,0.7777777777777778,1.0,0.7777777777777778,0.0
mobility|emission|4|mobility/nyc/NW/cell_2_0,mobility,emission,static,4,mobility/nyc/NW/cell_2_0,1,800.0,1,,1.0,8,1,p_gated_uniform,2,2077,7.4247767756983025,5939.821420558642,0.9580844807374832,0.7777777777777778,1.0,0.7777777777777778,0.0
mobility|emission|4|mobility/nyc/NW/cell_2_0,mobility,emission,static,4,mobility/nyc/NW/cell_2_0,1,800.0,1,,1.0,8,1,p_gated_uniform,3,3077,8.21130482874713,6569.043862997704,0.7245791400974392,0.7777777777777778,1.0,0.7777777777777778,0.0
mobility|emission|4|mobility/nyc/NW/cell_2_0,mobility,emission,static,4,mobility/nyc/NW/cell_2_0,1,800.0,1,,1.0,8,1,p_gated_uniform,4,4077,8.084309242424299,6467.447393939438,1.0035564684176213,0.7777777777777778,1.0,0.7777777777777778,0.0
mobility|emission|4|mobility/nyc/NW/cell_2_0,mobility,emission,static,4,mobility/nyc/NW/cell_2_0,1,800.0,1,,1.0,8,1,p_gated_uniform,5,5077,7.786565399221014,6229.252319376811,0.7530650295512646,0.7777777777777778,1.0,0.7777777777777778,0.0
mobility|emission|4|mobility/nyc/NW/cell_2_1,mobility,emission,static,4,mobility/nyc/NW/cell_2_1,1,800.0,1,,1.0,8,1,p_gated_uniform,0,77,8.311574734752375,6649.2597878019,0.7596959458797024,0.782991202346041,1.0,0.782991202346041,0.0
mobility|emission|4|mobility/nyc/NW/cell_2_1,mobility,emission,static,4,mobility/nyc/NW/cell_2_1,1,800.0,1,,1.0,8,1,p_gated_uniform,1,1077,7.502171500238561,6001.737200190849,0.8757804881281401,0.782991202346041,1.0,0.782991202346041,0.0
mobility|emission|4|mobility/nyc/NW/cell_2_1,mobility,emission,static,4,mobility/nyc/NW/cell_2_1,1,800.0,1,,1.0,8,1,p_gated_uniform,2,2077,7.834951597451413,6267.961277961131,0.9980476530908706,0.782991202346041,1.0,0.782991202346041,0.0
mobility|emission|4|mobility/nyc/NW/cell_2_1,mobility,emission,static,4,mobility/nyc/NW/cell_2_1,1,800.0,1,,1.0,8,1,p_gated_uniform,3,3077,8.000945296291583,6400.756237033267,0.7232785444361065,0.782991202346041,1.0,0.782991202346041,0.0
mobility|emission|4|mobility/nyc/NW/cell_2_1,mobility,emission,static,4,mobility/nyc/NW/cell_2_1,1,800.0,1,,1.0,8,1,p_gated_uniform,4,4077,8.141755161079653,6513.404128863723,0.8742589040156589,0.782991202346041,1.0,0.782991202346041,0.0
mobility|emission|4|mobility/nyc/NW/cell_2_1,mobility,emission,static,4,mobility/nyc/NW/cell_2_1,1,800.0,1,,1.0,8,1,p_gated_uniform,5,5077,8.055784058597066,6444.627246877652,0.8949076542791126,0.782991202346041,1.0,0.782991202346041,0.0
mobility|emission|4|mobility/nyc/NE/cell_2_2,mobility,emission,static,4,mobility/nyc/NE/cell_2_2,1,800.0,1,,1.0,8,1,p_gated_uniform,0,77,8.188016620951988,6550.413296761591,0.9270055460091936,0.7902298850574713,1.0,0.7902298850574713,0.0
mobility|emission|4|mobility/nyc/NE/cell_2_2,mobility,emission,static,4,mobility/nyc/NE/cell_2_2,1,800.0,1,,1.0,8,1,p_gated_uniform,1,1077,7.535653725033004,6028.522980026403,0.8786903598522852,0.7902298850574713,1.0,0.7902298850574713,0.0
mobility|emission|4|mobility/nyc/NE/cell_2_2,mobility,emission,static,4,mobility/nyc/NE/cell_2_2,1,800.0,1,,1.0,8,1,p_gated_uniform,2,2077,7.598944694123674,6079.155755298939,1.0179000308700688,0.7902298850574713,1.0,0.7902298850574713,0.0
mobility|emission|4|mobility/nyc/NE/cell_2_2,mobility,emission,static,4,mobility/nyc/NE/cell_2_2,1,800.0,1,,1.0,8,1,p_gated_uniform,3,3077,8.435955734392014,6748.76458751361,0.729902349919743,0.7902298850574713,1.0,0.7902298850574713,0.0
mobility|emission|4|mobility/nyc/NE/cell_2_2,mobility,emission,static,4,mobility/nyc/NE/cell_2_2,1,800.0,1,,1.0,8,1,p_gated_uniform,4,4077,8.035734066180817,6428.587252944654,0.9810724418530694,0.7902298850574713,1.0,0.7902298850574713,0.0
mobility|emission|4|mobility/nyc/NE/cell_2_2,mobility,emission,static,4,mobility/nyc/NE/cell_2_2,1,800.0,1,,1.0,8,1,p_gated_uniform,5,5077,7.944024340146109,6355.219472116887,0.8642610722935106,0.7902298850574713,1.0,0.7902298850574713,0.0
mobility|emission|4|mobility/nyc/NE/cell_2_3,mobility,emission,static,4,mobility/nyc/NE/cell_2_3,1,800.0,1,,1.0,8,1,p_gated_uniform,0,77,8.157779760113673,6526.223808090938,0.8903449127183453,0.7747747747747747,1.0,0.7747747747747747,0.0
mobility|emission|4|mobility/nyc/NE/cell_2_3,mobility,emission,static,4,mobility/nyc/NE/cell_2_3,1,800.0,1,,1.0,8,1,p_gated_uniform,1,1077,7.472073792118017,5977.659033694414,0.8788830101811759,0.7747747747747747,1.0,0.7747747747747747,0.0
mobility|emission|4|mobility/nyc/NE/cell_2_3,mobility,emission,static,4,mobility/nyc/NE/cell_2_3,1,800.0,1,,1.0,8,1,p_gated_uniform,2,2077,7.751498075723158,6201.198460578527,0.9334327081442187,0.7747747747747747,1.0,0.7747747747747747,0.0
mobility|emission|4|mobility/nyc/NE/cell_2_3,mobility,emission,static,4,mobility/nyc/NE/cell_2_3,1,800.0,1,,1.0,8,1,p_gated_uniform,3,3077,8.490812305888117,6792.649844710493,0.7288245323205435,0.7747747747747747,1.0,0.7747747747747747,0.0
mobility|emission|4|mobility/nyc/NE/cell_2_3,mobility,emission,static,4,mobility/nyc/NE/cell_2_3,1,800.0,1,,1.0,8,1,p_gated_uniform,4,4077,8.373063296896964,6698.450637517571,0.9886029129239696,0.7747747747747747,1.0,0.7747747747747747,0.0
mobility|emission|4|mobility/nyc/NE/cell_2_3,mobility,emission,static,4,mobility/nyc/NE/cell_2_3,1,800.0,1,,1.0,8,1,p_gated_uniform,5,5077,7.969336843204648,6375.469474563718,0.7746532142079595,0.7747747747747747,1.0,0.7747747747747747,0.0
mobility|emission|4|mobility/nyc/NW/cell_3_0,mobility,emission,static,4,mobility/nyc/NW/cell_3_0,1,800.0,1,,1.0,8,1,p_gated_uniform,0,77,8.128266407311926,6502.613125849542,0.9154558284537104,0.7936962750716332,1.0,0.7936962750716332,0.0
mobility|emission|4|mobility/nyc/NW/cell_3_0,mobility,emission,static,4,mobility/nyc/NW/cell_3_0,1,800.0,1,,1.0,8,1,p_gated_uniform,1,1077,7.71834383697339,6174.675069578712,0.8768148992264475,0.7936962750716332,1.0,0.7936962750716332,0.0
mobility|emission|4|mobility/nyc/NW/cell_3_0,mobility,emission,static,4,mobility/nyc/NW/cell_3_0,1,800.0,1,,1.0,8,1,p_gated_uniform,2,2077,8.006247457246944,6404.997965797556,0.9843561462063696,0.7936962750716332,1.0,0.7936962750716332,0.0
mobility|emission|4|mobility/nyc/NW/cell_3_0,mobility,emission,static,4,mobility/nyc/NW/cell_3_0,1,800.0,1,,1.0,8,1,p_gated_uniform,3,3077,7.611055777150529,6088.844621720424,0.7368968074507555,0.7936962750716332,1.0,0.7936962750716332,0.0
mobility|emission|4|mobility/nyc/NW/cell_3_0,mobility,emission,static,4,mobility/nyc/NW/cell_3_0,1,800.0,1,,1.0,8,1,p_gated_uniform,4,4077,8.124808563270143,6499.846850616115,0.978476873111707,0.7936962750716332,1.0,0.7936962750716332,0.0
mobility|emission|4|mobility/nyc/NW/cell_3_0,mobility,emission,static,4,mobility/nyc/NW/cell_3_0,1,800.0,1,,1.0,8,1,p_gated_uniform,5,5077,8.084579025232113,6467.66322018569,0.90378461613476,0.7936962750716332,1.0,0.7936962750716332,0.0
mobility|emission|4|mobility/nyc/NW/cell_3_1,mobility,emission,static,4,mobility/nyc/NW/cell_3_1,1,800.0,1,,1.0,8,1,p_gated_uniform,0,77,8.398251500049481,6718.601200039585,0.7130414123336666,0.7574850299401198,1.0,0.7574850299401198,0.0
mobility|emission|4|mobility/nyc/NW/cell_3_1,mobility,emission,static,4,mobility/nyc/NW/cell_3_1,1,800.0,1,,1.0,8,1,p_gated_uniform,1,1077,7.377379517896696,5901.903614317357,1.0343927343682238,0.7574850299401198,1.0,0.7574850299401198,0.0
mobility|emission|4|mobility/nyc/NW/cell_3_1,mobility,emission,static,4,mobility/nyc/NW/cell_3_1,1,800.0,1,,1.0,8,1,p_gated_uniform,2,2077,7.901927785441136,6321.542228352909,0.6659000429074237,0.7574850299401198,1.0,0.7574850299401198,0.0
mobility|emission|4|mobility/nyc/NW/cell_3_1,mobility,emission,static,4,mobility/nyc/NW/cell_3_1,1,800.0,1,,1.0,8,1,p_gated_uniform,3,3077,7.697712669210042,6158.170135368034,0.7925828732974806,0.7574850299401198,1.0,0.7574850299401198,0.0
mobility|emission|4|mobility/nyc/NW/cell_3_1,mobility,emission,static,4,mobility/nyc/NW/cell_3_1,1,800.0,1,,1.0,8,1,p_gated_uniform,4,4077,8.210532495603251,6568.425996482601,0.9214521732904648,0.7574850299401198,1.0,0.7574850299401198,0.0
mobility|emission|4|mobility/nyc/NW/cell_3_1,mobility,emission,static,4,mobility/nyc/NW/cell_3_1,1,800.0,1,,1.0,8,1,p_gated_uniform,5,5077,8.108486763717197,6486.789410973757,0.4303864982727304,0.7574850299401198,1.0,0.7574850299401198,0.0
mobility|emission|4|mobility/nyc/NE/cell_3_2,mobility,emission,static,4,mobility/nyc/NE/cell_3_2,1,800.0,1,,1.0,8,1,p_gated_uniform,0,77,7.78933798448778,6231.470387590224,0.910146772508178,0.7712609970674487,1.0,0.7712609970674487,0.0
mobility|emission|4|mobility/nyc/NE/cell_3_2,mobility,emission,static,4,mobility/nyc/NE/cell_3_2,1,800.0,1,,1.0,8,1,p_gated_uniform,1,1077,8.478660596621172,6782.928477296937,0.8884565946107104,0.7712609970674487,1.0,0.7712609970674487,0.0
mobility|emission|4|mobility/nyc/NE/cell_3_2,mobility,emission,static,4,mobility/nyc/NE/cell_3_2,1,800.0,1,,1.0,8,1,p_gated_uniform,2,2077,7.795577289635839,6236.461831708672,0.9844929036480956,0.7712609970674487,1.0,0.7712609970674487,0.0
mobility|emission|4|mobility/nyc/NE/cell_3_2,mobility,emission,static,4,mobility/nyc/NE/cell_3_2,1,800.0,1,,1.0,8,1,p_gated_uniform,3,3077,8.18034400228879,6544.275201831032,0.7239189401062502,0.7712609970674487,1.0,0.7712609970674487,0.0
mobility|emission|4|mobility/nyc/NE/cell_3_2,mobility,emission,static,4,mobility/nyc/NE/cell_3_2,1,800.0,1,,1.0,8,1,p_gated_uniform,4,4077,8.399314097452812,6719.45127796225,0.95520458784985,0.7712609970674487,1.0,0.7712609970674487,0.0
mobility|emission|4|mobility/nyc/NE/cell_3_2,mobility,emission,static,4,mobility/nyc/NE/cell_3_2,1,800.0,1,,1.0,8,1,p_gated_uniform,5,5077,8.51517006225504,6812.136049804032,0.7559684037331733,0.7712609970674487,1.0,0.7712609970674487,0.0
mobility|emission|4|mobility/nyc/NE/cell_3_3,mobility,emission,static,4,mobility/nyc/NE/cell_3_3,1,800.0,1,,1.0,8,1,p_gated_uniform,0,77,8.478165031239408,6782.532024991527,0.5050636705815315,0.7916666666666666,1.0,0.7916666666666666,0.0
mobility|emission|4|mobility/nyc/NE/cell_3_3,mobility,emission,static,4,mobility/nyc/NE/cell_3_3,1,800.0,1,,1.0,8,1,p_gated_uniform,1,1077,7.5039142524727485,6003.131401978199,0.8624583822685656,0.7916666666666666,1.0,0.7916666666666666,0.0
mobility|emission|4|mobility/nyc/NE/cell_3_3,mobility,emission,static,4,mobility/nyc/NE/cell_3_3,1,800.0,1,,1.0,8,1,p_gated_uniform,2,2077,7.872676161289855,6298.140929031884,0.973001136014646,0.7916666666666666,1.0,0.7916666666666666,0.0
mobility|emission|4|mobility/nyc/NE/cell_3_3,mobility,emission,static,4,mobility/nyc/NE/cell_3_3,1,800.0,1,,1.0,8,1,p_gated_uniform,3,3077,8.223710445051411,6578.9683560411295,0.703566442491319,0.7916666666666666,1.0,0.7916666666666666,0.0
mobility|emission|4|mobility/nyc/NE/cell_3_3,mobility,emission,static,4,mobility/nyc/NE/cell_3_3,1,800.0,1,,1.0,8,1,p_gated_uniform,4,4077,8.114346481235863,6491.477184988691,0.956700062783699,0.7916666666666666,1.0,0.7916666666666666,0.0
mobility|emission|4|mobility/nyc/NE/cell_3_3,mobility,emission,static,4,mobility/nyc/NE/cell_3_3,1,800.0,1,,1.0,8,1,p_gated_uniform,5,5077,7.440919135210855,5952.735308168684,0.7594961244688543,0.7916666666666666,1.0,0.7916666666666666,0.0
mobility|emission|5|mobility/nyc/SW/cell_0_0/emission,mobility,emission,static,5,mobility/nyc/SW/cell_0_0/emission,1,800.0,1,,1.0,8,1,p_gated_uniform,0,77,8.204469451973607,6563.575561578886,0.700929548503855,0.7753846153846153,1.0,0.7753846153846153,0.0
mobility|emission|5|mobility/nyc/SW/cell_0_0/emission,mobility,emission,static,5,mobility/nyc/SW/cell_0_0/emission,1,800.0,1,,1.0,8,1,p_gated_uniform,1,1077,7.739592704442697,6191.6741635541575,1.018667814501586,0.7753846153846153,1.0,0.7753846153846153,0.0
mobility|emission|5|mobility/nyc/SW/cell_0_0/emission,mobility,emission,static,5,mobility/nyc/SW/cell_0_0/emission,1,800.0,1,,1.0,8,1,p_gated_uniform,2,2077,8.369206192349019,6695.364953879214,0.6698049520583773,0.7753846153846153,1.0,0.7753846153846153,0.0
mobility|emission|5|mobility/nyc/SW/cell_0_0/emission,mobility,emission,static,5,mobility/nyc/SW/cell_0_0/emission,1,800.0,1,,1.0,8,1,p_gated_uniform,3,3077,8.23271941351021,6586.175530808168,0.7977361451194575,0.7753846153846153,1.0,0.7753846153846153,0.0
mobility|emission|5|mobility/nyc/SW/cell_0_0/emission,mobility,emission,static,5,mobility/nyc/SW/cell_0_0/emission,1,800.0,1,,1.0,8,1,p_gated_uniform,4,4077,8.010831342775523,6408.665074220418,0.927705284814585,0.7753846153846153,1.0,0.7753846153846153,0.0
mobility|emission|5|mobility/nyc/SW/cell_0_0/emission,mobility,emission,static,5,mobility/nyc/SW/cell_0_0/emission,1,800.0,1,,1.0,8,1,p_gated_uniform,5,5077,8.116209898259996,6492.967918607997,0.8190303531122342,0.7753846153846153,1.0,0.7753846153846153,0.0
mobility|emission|5|mobility/nyc/SW/cell_0_1/emission,mobility,emission,static,5,mobility/nyc/SW/cell_0_1/emission,1,800.0,1,,1.0,8,1,p_gated_uniform,0,77,8.511805767453193,6809.444613962554,0.904544936320952,0.7994269340974212,1.0,0.7994269340974212,0.0
mobility|emission|5|mobility/nyc/SW/cell_0_1/emission,mobility,emission,static,5,mobility/nyc/SW/cell_0_1/emission,1,800.0,1,,1.0,8,1,p_gated_uniform,1,1077,7.4920966097113855,5993.677287769108,0.8663412792134911,0.7994269340974212,1.0,0.7994269340974212,0.0
mobility|emission|5|mobility/nyc/SW/cell_0_1/emission,mobility,emission,static,5,mobility/nyc/SW/cell_0_1/emission,1,800.0,1,,1.0,8,1,p_gated_uniform,2,2077,7.393908331853063,5915.12666548245,1.0120357543246867,0.7994269340974212,1.0,0.7994269340974212,0.0
mobility|emission|5|mobility/nyc/SW/cell_0_1/emission,mobility,emission,static,5,mobility/nyc/SW/cell_0_1/emission,1,800.0,1,,1.0,8,1,p_gated_uniform,3,3077,8.082980795301715,6466.384636241372,0.7365069175147001,0.7994269340974212,1.0,0.7994269340974212,0.0
mobility|emission|5|mobility/nyc/SW/cell_0_1/emission,mobility,emission,static,5,mobility/nyc/SW/cell_0_1/emission,1,800.0,1,,1.0,8,1,p_gated_uniform,4,4077,7.981879243633071,6385.503394906457,0.985970990849258,0.7994269340974212,1.0,0.7994269340974212,0.0
mobility|emission|5|mobility/nyc/SW/cell_0_1/emission,mobility,emission,static,5,mobility/nyc/SW/cell_0_1/emission,1,800.0,1,,1.0,8,1,p_gated_uniform,5,5077,8.048450598822981,6438.7604790583855,0.902051007510486,0.7994269340974212,1.0,0.7994269340974212,0.0
mobility|emission|5|mobility/nyc/SE/cell_0_2/emission,mobility,emission,static,5,mobility/nyc/SE/cell_0_2/emission,1,800.0,1,,1.0,8,1,p_gated_uniform,0,77,7.884743971446723,6307.795177157379,0.909852199767984,0.7890173410404624,1.0,0.7890173410404624,0.0
mobility|emission|5|mobility/nyc/SE/cell_0_2/emission,mobility,emission,static,5,mobility/nyc/SE/cell_0_2/emission,1,800.0,1,,1.0,8,1,p_gated_uniform,1,1077,7.470752979820862,5976.60238385669,0.880227146300912,0.7890173410404624,1.0,0.7890173410404624,0.0
mobility|emission|5|mobility/nyc/SE/cell_0_2/emission,mobility,emission,static,5,mobility/nyc/SE/cell_0_2/emission,1,800.0,1,,1.0,8,1,p_gated_uniform,2,2077,8.010132218083907,6408.105774467126,0.9999074597645584,0.7890173410404624,1.0,0.7890173410404624,0.0
mobility|emission|5|mobility/nyc/SE/cell_0_2/emission,mobility,emission,static,5,mobility/nyc/SE/cell_0_2/emission,1,800.0,1,,1.0,8,1,p_gated_uniform,3,3077,8.2789520634368,6623.16165074944,0.738162992161678,0.7890173410404624,1.0,0.7890173410404624,0.0
mobility|emission|5|mobility/nyc/SE/cell_0_2/emission,mobility,emission,static,5,mobility/nyc/SE/cell_0_2/emission,1,800.0,1,,1.0,8,1,p_gated_uniform,4,4077,8.04370329873345,6434.96263898676,0.973542707758706,0.7890173410404624,1.0,0.7890173410404624,0.0
mobility|emission|5|mobility/nyc/SE/cell_0_2/emission,mobility,emission,static,5,mobility/nyc/SE/cell_0_2/emission,1,800.0,1,,1.0,8,1,p_gated_uniform,5,5077,8.170158890968494,6536.127112774795,0.9266783586037248,0.7890173410404624,1.0,0.7890173410404624,0.0
mobility|emission|5|mobility/nyc/SE/cell_0_3/emission,mobility,emission,static,5,mobility/nyc/SE/cell_0_3/emission,1,800.0,1,,1.0,8,1,p_gated_uniform,0,77,8.454178605071954,6763.342884057563,0.726487680806359,0.7739938080495357,1.0,0.7739938080495357,0.0
mobility|emission|5|mobility/nyc/SE/cell_0_3/emission,mobility,emission,static,5,mobility/nyc/SE/cell_0_3/emission,1,800.0,1,,1.0,8,1,p_gated_uniform,1,1077,7.840215380544943,6272.172304435954,0.9655141220090911,0.7739938080495357,1.0,0.7739938080495357,0.0
mobility|emission|5|mobility/nyc/SE/cell_0_3/emission,mobility,emission,static,5,mobility/nyc/SE/cell_0_3/emission,1,800.0,1,,1.0,8,1,p_gated_uniform,2,2077,7.863569970298755,6290.855976239004,0.6699932100660886,0.7739938080495357,1.0,0.7739938080495357,0.0
mobility|emission|5|mobility/nyc/SE/cell_0_3/emission,mobility,emission,static,5,mobility/nyc/SE/cell_0_3/emission,1,800.0,1,,1.0,8,1,p_gated_uniform,3,3077,8.293529700914833,6634.823760731866,0.7895568542462486,0.7739938080495357,1.0,0.7739938080495357,0.0
mobility|emission|5|mobility/nyc/SE/cell_0_3/emission,mobility,emission,static,5,mobility/nyc/SE/cell_0_3/emission,1,800.0,1,,1.0,8,1,p_gated_uniform,4,4077,7.938091660995435,6350.473328796348,0.8788214923542571,0.7739938080495357,1.0,0.7739938080495357,0.0
mobility|emission|5|mobility/nyc/SE/cell_0_3/emission,mobility,emission,static,5,mobility/nyc/SE/cell_0_3/emission,1,800.0,1,,1.0,8,1,p_gated_uniform,5,5077,8.100414021376674,6480.331217101339,0.4002306104254706,0.7739938080495357,1.0,0.7739938080495357,0.0
mobility|emission|5|mobility/nyc/SW/cell_1_0/emission,mobility,emission,static,5,mobility/nyc/SW/cell_1_0/emission,1,800.0,1,,1.0,8,1,p_gated_uniform,0,77,8.326623214736196,6661.298571788958,0.916070196098958,0.7761627906976745,1.0,0.7761627906976745,0.0
mobility|emission|5|mobility/nyc/SW/cell_1_0/emission,mobility,emission,static,5,mobility/nyc/SW/cell_1_0/emission,1,800.0,1,,1.0,8,1,p_gated_uniform,1,1077,7.532689853030152,6026.151882424121,0.8570752427587975,0.7761627906976745,1.0,0.7761627906976745,0.0
mobility|emission|5|mobility/nyc/SW/cell_1_0/emission,mobility,emission,static,5,mobility/nyc/SW/cell_1_0/emission,1,800.0,1,,1.0,8,1,p_gated_uniform,2,2077,8.073178751741121,6458.543001392897,0.9877165828401482,0.7761627906976745,1.0,0.7761627906976745,0.0
mobility|emission|5|mobility/nyc/SW/cell_1_0/emission,mobility,emission,static,5,mobility/nyc/SW/cell_1_0/emission,1,800.0,1,,1.0,8,1,p_gated_uniform,3,3077,7.792634810802829,6234.107848642263,0.7232067890074614,0.7761627906976745,1.0,0.7761627906976745,0.0
mobility|emission|5|mobility/nyc/SW/cell_1_0/emission,mobility,emission,static,5,mobility/nyc/SW/cell_1_0/emission,1,800.0,1,,1.0,8,1,p_gated_uniform,4,4077,8.299326409545861,6639.461127636689,0.991872175309893,0.7761627906976745,1.0,0.7761627906976745,0.0
mobility|emission|5|mobility/nyc/SW/cell_1_0/emission,mobility,emission,static,5,mobility/nyc/SW/cell_1_0/emission,1,800.0,1,,1.0,8,1,p_gated_uniform,5,5077,7.93437925321181,6347.503402569449,0.9142460865159228,0.7761627906976745,1.0,0.7761627906976745,0.0
mobility|emission|5|mobility/nyc/SW/cell_1_1/emission,mobility,emission,static,5,mobility/nyc/SW/cell_1_1/emission,1,800.0,1,,1.0,8,1,p_gated_uniform,0,77,8.188072564903534,6550.458051922827,0.765201061117844,0.7780979827089337,1.0,0.7780979827089337,0.0
mobility|emission|5|mobility/nyc/SW/cell_1_1/emission,mobility,emission,static,5,mobility/nyc/SW/cell_1_1/emission,1,800.0,1,,1.0,8,1,p_gated_uniform,1,1077,7.703457694464021,6162.766155571217,0.8595256011572382,0.7780979827089337,1.0,0.7780979827089337,0.0
mobility|emission|5|mobility/nyc/SW/cell_1_1/emission,mobility,emission,static,5,mobility/nyc/SW/cell_1_1/emission,1,800.0,1,,1.0,8,1,p_gated_uniform,2,2077,7.683932625733591,6147.146100586872,0.988467380169896,0.7780979827089337,1.0,0.7780979827089337,0.0
mobility|emission|5|mobility/nyc/SW/cell_1_1/emission,mobility,emission,static,5,mobility/nyc/SW/cell_1_1/emission,1,800.0,1,,1.0,8,1,p_gated_uniform,3,3077,7.928498396796858,6342.798717437487,0.7110572174839748,0.7780979827089337,1.0,0.7780979827089337,0.0
mobility|emission|5|mobility/nyc/SW/cell_1_1/emission,mobility,emission,static,5,mobility/nyc/SW/cell_1_1/emission,1,800.0,1,,1.0,8,1,p_gated_uniform,4,4077,8.27084630076371,6616.677040610968,0.9620252623178058,0.7780979827089337,1.0,0.7780979827089337,0.0
mobility|emission|5|mobility/nyc/SW/cell_1_1/emission,mobility,emission,static,5,mobility/nyc/SW/cell_1_1/emission,1,800.0,1,,1.0,8,1,p_gated_uniform,5,5077,8.011915608205761,6409.532486564609,0.392718139663304,0.7780979827089337,1.0,0.7780979827089337,0.0
mobility|emission|5|mobility/nyc/SE/cell_1_2/emission,mobility,emission,static,5,mobility/nyc/SE/cell_1_2/emission,1,800.0,1,,1.0,8,1,p_gated_uniform,0,77,7.95137244845419,6361.097958763352,0.7133040896854118,0.7529761904761905,1.0,0.7529761904761905,0.0
mobility|emission|5|mobility/nyc/SE/cell_1_2/emission,mobility,emission,static,5,mobility/nyc/SE/cell_1_2/emission,1,800.0,1,,1.0,8,1,p_gated_uniform,1,1077,7.669958745496886,6135.966996397508,1.0227842054042395,0.7529761904761905,1.0,0.7529761904761905,0.0
mobility|emission|5|mobility/nyc/SE/cell_1_2/emission,mobility,emission,static,5,mobility/nyc/SE/cell_1_2/emission,1,800.0,1,,1.0,8,1,p_gated_uniform,2,2077,7.915336287898726,6332.269030318981,0.6659248216255682,0.7529761904761905,1.0,0.7529761904761905,0.0
mobility|emission|5|mobility/nyc/SE/cell_1_2/emission,mobility,emission,static,5,mobility/nyc/SE/cell_1_2/emission,1,800.0,1,,1.0,8,1,p_gated_uniform,3,3077,8.486564327348495,6789.251461878795,0.7748757792240962,0.7529761904761905,1.0,0.7529761904761905,0.0
mobility|emission|5|mobility/nyc/SE/cell_1_2/emission,mobility,emission,static,5,mobility/nyc/SE/cell_1_2/emission,1,800.0,1,,1.0,8,1,p_gated_uniform,4,4077,8.287438981182014,6629.95118494561,0.9217541153706084,0.7529761904761905,1.0,0.7529761904761905,0.0
mobility|emission|5|mobility/nyc/SE/cell_1_2/emission,mobility,emission,static,5,mobility/nyc/SE/cell_1_2/emission,1,800.0,1,,1.0,8,1,p_gated_uniform,5,5077,8.329546903773732,6663.637523018985,1.0798022937495182,0.7529761904761905,1.0,0.7529761904761905,0.0
mobility|emission|5|mobility/nyc/SE/cell_1_3/emission,mobility,emission,static,5,mobility/nyc/SE/cell_1_3/emission,1,800.0,1,,1.0,8,1,p_gated_uniform,0,77,8.345083020625154,6676.066416500123,0.9443083743637872,0.7936962750716332,1.0,0.7936962750716332,0.0
mobility|emission|5|mobility/nyc/SE/cell_1_3/emission,mobility,emission,static,5,mobility/nyc/SE/cell_1_3/emission,1,800.0,1,,1.0,8,1,p_gated_uniform,1,1077,7.408843232247901,5927.074585798321,0.8768905751867069,0.7936962750716332,1.0,0.7936962750716332,0.0
mobility|emission|5|mobility/nyc/SE/cell_1_3/emission,mobility,emission,static,5,mobility/nyc/SE/cell_1_3/emission,1,800.0,1,,1.0,8,1,p_gated_uniform,2,2077,8.122388045065426,6497.910436052341,1.0360651871058772,0.7936962750716332,1.0,0.7936962750716332,0.0
mobility|emission|5|mobility/nyc/SE/cell_1_3/emission,mobility,emission,static,5,mobility/nyc/SE/cell_1_3/emission,1,800.0,1,,1.0,8,1,p_gated_uniform,3,3077,7.853241620751899,6282.59329660152,0.7290605265957281,0.7936962750716332,1.0,0.7936962750716332,0.0
mobility|emission|5|mobility/nyc/SE/cell_1_3/emission,mobility,emission,static,5,mobility/nyc/SE/cell_1_3/emission,1,800.0,1,,1.0,8,1,p_gated_uniform,4,4077,8.13056283382557,6504.450267060456,0.9885782867175018,0.7936962750716332,1.0,0.7936962750716332,0.0
mobility|emission|5|mobility/nyc/SE/cell_1_3/emission,mobility,emission,static,5,mobility/nyc/SE/cell_1_3/emission,1,800.0,1,,1.0,8,1,p_gated_uniform,5,5077,8.378506759160544,6702.805407328435,0.6626239270441406,0.7936962750716332,1.0,0.7936962750716332,0.0
mobility|emission|5|mobility/nyc/NW/cell_2_0/emission,mobility,emission,static,5,mobility/nyc/NW/cell_2_0/emission,1,800.0,1,,1.0,8,1,p_gated_uniform,0,77,8.805783827203689,7044.627061762951,0.9348279671793636,0.7777777777777778,1.0,0.7777777777777778,0.0
mobility|emission|5|mobility/nyc/NW/cell_2_0/emission,mobility,emission,static,5,mobility/nyc/NW/cell_2_0/emission,1,800.0,1,,1.0,8,1,p_gated_uniform,1,1077,7.504344312311601,6003.475449849281,0.8730731701074937,0.7777777777777778,1.0,0.7777777777777778,0.0
mobility|emission|5|mobility/nyc/NW/cell_2_0/emission,mobility,emission,static,5,mobility/nyc/NW/cell_2_0/emission,1,800.0,1,,1.0,8,1,p_gated_uniform,2,2077,7.4247767756983025,5939.821420558642,0.9580844807374832,0.7777777777777778,1.0,0.7777777777777778,0.0
mobility|emission|5|mobility/nyc/NW/cell_2_0/emission,mobility,emission,static,5,mobility/nyc/NW/cell_2_0/emission,1,800.0,1,,1.0,8,1,p_gated_uniform,3,3077,8.21130482874713,6569.043862997704,0.7245791400974392,0.7777777777777778,1.0,0.7777777777777778,0.0
mobility|emission|5|mobility/nyc/NW/cell_2_0/emission,mobility,emission,static,5,mobility/nyc/NW/cell_2_0/emission,1,800.0,1,,1.0,8,1,p_gated_uniform,4,4077,8.084309242424299,6467.447393939438,1.0035564684176213,0.7777777777777778,1.0,0.7777777777777778,0.0
mobility|emission|5|mobility/nyc/NW/cell_2_0/emission,mobility,emission,static,5,mobility/nyc/NW/cell_2_0/emission,1,800.0,1,,1.0,8,1,p_gated_uniform,5,5077,7.786565399221014,6229.252319376811,0.7530650295512646,0.7777777777777778,1.0,0.7777777777777778,0.0
mobility|emission|5|mobility/nyc/NW/cell_2_1/emission,mobility,emission,static,5,mobility/nyc/NW/cell_2_1/emission,1,800.0,1,,1.0,8,1,p_gated_uniform,0,77,8.311574734752375,6649.2597878019,0.7596959458797024,0.782991202346041,1.0,0.782991202346041,0.0
mobility|emission|5|mobility/nyc/NW/cell_2_1/emission,mobility,emission,static,5,mobility/nyc/NW/cell_2_1/emission,1,800.0,1,,1.0,8,1,p_gated_uniform,1,1077,7.502171500238561,6001.737200190849,0.8757804881281401,0.782991202346041,1.0,0.782991202346041,0.0
mobility|emission|5|mobility/nyc/NW/cell_2_1/emission,mobility,emission,static,5,mobility/nyc/NW/cell_2_1/emission,1,800.0,1,,1.0,8,1,p_gated_uniform,2,2077,7.834951597451413,6267.961277961131,0.9980476530908706,0.782991202346041,1.0,0.782991202346041,0.0
mobility|emission|5|mobility/nyc/NW/cell_2_1/emission,mobility,emission,static,5,mobility/nyc/NW/cell_2_1/emission,1,800.0,1,,1.0,8,1,p_gated_uniform,3,3077,8.000945296291583,6400.756237033267,0.7232785444361065,0.782991202346041,1.0,0.782991202346041,0.0
mobility|emission|5|mobility/nyc/NW/cell_2_1/emission,mobility,emission,static,5,mobility/nyc/NW/cell_2_1/emission,1,800.0,1,,1.0,8,1,p_gated_uniform,4,4077,8.141755161079653,6513.404128863723,0.8742589040156589,0.782991202346041,1.0,0.782991202346041,0.0
mobility|emission|5|mobility/nyc/NW/cell_2_1/emission,mobility,emission,static,5,mobility/nyc/NW/cell_2_1/emission,1,800.0,1,,1.0,8,1,p_gated_uniform,5,5077,8.055784058597066,6444.627246877652,0.8949076542791126,0.782991202346041,1.0,0.782991202346041,0.0
mobility|emission|5|mobility/nyc/NE/cell_2_2/emission,mobility,emission,static,5,mobility/nyc/NE/cell_2_2/emission,1,800.0,1,,1.0,8,1,p_gated_uniform,0,77,8.188016620951988,6550.413296761591,0.9270055460091936,0.7902298850574713,1.0,0.7902298850574713,0.0
mobility|emission|5|mobility/nyc/NE/cell_2_2/emission,mobility,emission,static,5,mobility/nyc/NE/cell_2_2/emission,1,800.0,1,,1.0,8,1,p_gated_uniform,1,1077,7.535653725033004,6028.522980026403,0.8786903598522852,0.7902298850574713,1.0,0.7902298850574713,0.0
mobility|emission|5|mobility/nyc/NE/cell_2_2/emission,mobility,emission,static,5,mobility/nyc/NE/cell_2_2/emission,1,800.0,1,,1.0,8,1,p_gated_uniform,2,2077,7.598944694123674,6079.155755298939,1.0179000308700688,0.7902298850574713,1.0,0.7902298850574713,0.0
mobility|emission|5|mobility/nyc/NE/cell_2_2/emission,mobility,emission,static,5,mobility/nyc/NE/cell_2_2/emission,1,800.0,1,,1.0,8,1,p_gated_uniform,3,3077,8.435955734392014,6748.76458751361,0.729902349919743,0.7902298850574713,1.0,0.7902298850574713,0.0
mobility|emission|5|mobility/nyc/NE/cell_2_2/emission,mobility,emission,static,5,mobility/nyc/NE/cell_2_2/emission,1,800.0,1,,1.0,8,1,p_gated_uniform,4,4077,8.035734066180817,6428.587252944654,0.9810724418530694,0.7902298850574713,1.0,0.7902298850574713,0.0
mobility|emission|5|mobility/nyc/NE/cell_2_2/emission,mobility,emission,static,5,mobility/nyc/NE/cell_2_2/emission,1,800.0,1,,1.0,8,1,p_gated_uniform,5,5077,7.944024340146109,6355.219472116887,0.8642610722935106,0.7902298850574713,1.0,0.7902298850574713,0.0
mobility|emission|5|mobility/nyc/NE/cell_2_3/emission,mobility,emission,static,5,mobility/nyc/NE/cell_2_3/emission,1,800.0,1,,1.0,8,1,p_gated_uniform,0,77,8.157779760113673,6526.223808090938,0.8903449127183453,0.7747747747747747,1.0,0.7747747747747747,0.0
mobility|emission|5|mobility/nyc/NE/cell_2_3/emission,mobility,emission,static,5,mobility/nyc/NE/cell_2_3/emission,1,800.0,1,,1.0,8,1,p_gated_uniform,1,1077,7.472073792118017,5977.659033694414,0.8788830101811759,0.7747747747747747,1.0,0.7747747747747747,0.0
mobility|emission|5|mobility/nyc/NE/cell_2_3/emission,mobility,emission,static,5,mobility/nyc/NE/cell_2_3/emission,1,800.0,1,,1.0,8,1,p_gated_uniform,2,2077,7.751498075723158,6201.198460578527,0.9334327081442187,0.7747747747747747,1.0,0.7747747747747747,0.0
mobility|emission|5|mobility/nyc/NE/cell_2_3/emission,mobility,emission,static,5,mobility/nyc/NE/cell_2_3/emission,1,800.0,1,,1.0,8,1,p_gated_uniform,3,3077,8.490812305888117,6792.649844710493,0.7288245323205435,0.7747747747747747,1.0,0.7747747747747747,0.0
mobility|emission|5|mobility/nyc/NE/cell_2_3/emission,mobility,emission,static,5,mobility/nyc/NE/cell_2_3/emission,1,800.0,1,,1.0,8,1,p_gated_uniform,4,4077,8.373063296896964,6698.450637517571,0.9886029129239696,0.7747747747747747,1.0,0.7747747747747747,0.0
mobility|emission|5|mobility/nyc/NE/cell_2_3/emission,mobility,emission,static,5,mobility/nyc/NE/cell_2_3/emission,1,800.0,1,,1.0,8,1,p_gated_uniform,5,5077,7.969336843204648,6375.469474563718,0.7746532142079595,0.7747747747747747,1.0,0.7747747747747747,0.0
mobility|emission|5|mobility/nyc/NW/cell_3_0/emission,mobility,emission,static,5,mobility/nyc/NW/cell_3_0/emission,1,800.0,1,,1.0,8,1,p_gated_uniform,0,77,8.128266407311926,6502.613125849542,0.9154558284537104,0.7936962750716332,1.0,0.7936962750716332,0.0
mobility|emission|5|mobility/nyc/NW/cell_3_0/emission,mobility,emission,static,5,mobility/nyc/NW/cell_3_0/emission,1,800.0,1,,1.0,8,1,p_gated_uniform,1,1077,7.71834383697339,6174.675069578712,0.8768148992264475,0.7936962750716332,1.0,0.7936962750716332,0.0
mobility|emission|5|mobility/nyc/NW/cell_3_0/emission,mobility,emission,static,5,mobility/nyc/NW/cell_3_0/emission,1,800.0,1,,1.0,8,1,p_gated_uniform,2,2077,8.006247457246944,6404.997965797556,0.9843561462063696,0.7936962750716332,1.0,0.7936962750716332,0.0
mobility|emission|5|mobility/nyc/NW/cell_3_0/emission,mobility,emission,static,5,mobility/nyc/NW/cell_3_0/emission,1,800.0,1,,1.0,8,1,p_gated_uniform,3,3077,7.611055777150529,6088.844621720424,0.7368968074507555,0.7936962750716332,1.0,0.7936962750716332,0.0
mobility|emission|5|mobility/nyc/NW/cell_3_0/emission,mobility,emission,static,5,mobility/nyc/NW/cell_3_0/emission,1,800.0,1,,1.0,8,1,p_gated_uniform,4,4077,8.124808563270143,6499.846850616115,0.978476873111707,0.7936962750716332,1.0,0.7936962750716332,0.0
mobility|emission|5|mobility/nyc/NW/cell_3_0/emission,mobility,emission,static,5,mobility/nyc/NW/cell_3_0/emission,1,800.0,1,,1.0,8,1,p_gated_uniform,5,5077,8.084579025232113,6467.66322018569,0.90378461613476,0.7936962750716332,1.0,0.7936962750716332,0.0
mobility|emission|5|mobility/nyc/NW/cell_3_1/emission,mobility,emission,static,5,mobility/nyc/NW/cell_3_1/emission,1,800.0,1,,1.0,8,1,p_gated_uniform,0,77,8.398251500049481,6718.601200039585,0.7130414123336666,0.7574850299401198,1.0,0.7574850299401198,0.0
mobility|emission|5|mobility/nyc/NW/cell_3_1/emission,mobility,emission,static,5,mobility/nyc/NW/cell_3_1/emission,1,800.0,1,,1.0,8,1,p_gated_uniform,1,1077,7.377379517896696,5901.903614317357,1.0343927343682238,0.7574850299401198,1.0,0.7574850299401198,0.0
mobility|emission|5|mobility/nyc/NW/cell_3_1/emission,mobility,emission,static,5,mobility/nyc/NW/cell_3_1/emission,1,800.0,1,,1.0,8,1,p_gated_uniform,2,2077,7.901927785441136,6321.542228352909,0.6659000429074237,0.7574850299401198,1.0,0.7574850299401198,0.0
mobility|emission|5|mobility/nyc/NW/cell_3_1/emission,mobility,emission,static,5,mobility/nyc/NW/cell_3_1/emission,1,800.0,1,,1.0,8,1,p_gated_uniform,3,3077,7.697712669210042,6158.170135368034,0.7925828732974806,0.7574850299401198,1.0,0.7574850299401198,0.0
mobility|emission|5|mobility/nyc/NW/cell_3_1/emission,mobility,emission,static,5,mobility/nyc/NW/cell_3_1/emission,1,800.0,1,,1.0,8,1,p_gated_uniform,4,4077,8.210532495603251,6568.425996482601,0.9214521732904648,0.7574850299401198,1.0,0.7574850299401198,0.0
mobility|emission|5|mobility/nyc/NW/cell_3_1/emission,mobility,emission,static,5,mobility/nyc/NW/cell_3_1/emission,1,800.0,1,,1.0,8,1,p_gated_uniform,5,5077,8.108486763717197,6486.789410973757,0.4303864982727304,0.7574850299401198,1.0,0.7574850299401198,0.0
mobility|emission|5|mobility/nyc/NE/cell_3_2/emission,mobility,emission,static,5,mobility/nyc/NE/cell_3_2/emission,1,800.0,1,,1.0,8,1,p_gated_uniform,0,77,7.78933798448778,6231.470387590224,0.910146772508178,0.7712609970674487,1.0,0.7712609970674487,0.0
mobility|emission|5|mobility/nyc/NE/cell_3_2/emission,mobility,emission,static,5,mobility/nyc/NE/cell_3_2/emission,1,800.0,1,,1.0,8,1,p_gated_uniform,1,1077,8.478660596621172,6782.928477296937,0.8884565946107104,0.7712609970674487,1.0,0.7712609970674487,0.0
mobility|emission|5|mobility/nyc/NE/cell_3_2/emission,mobility,emission,static,5,mobility/nyc/NE/cell_3_2/emission,1,800.0,1,,1.0,8,1,p_gated_uniform,2,2077,7.795577289635839,6236.461831708672,0.9844929036480956,0.7712609970674487,1.0,0.7712609970674487,0.0
mobility|emission|5|mobility/nyc/NE/cell_3_2/emission,mobility,emission,static,5,mobility/nyc/NE/cell_3_2/emission,1,800.0,1,,1.0,8,1,p_gated_uniform,3,3077,8.18034400228879,6544.275201831032,0.7239189401062502,0.7712609970674487,1.0,0.7712609970674487,0.0
mobility|emission|5|mobility/nyc/NE/cell_3_2/emission,mobility,emission,static,5,mobility/nyc/NE/cell_3_2/emission,1,800.0,1,,1.0,8,1,p_gated_uniform,4,4077,8.399314097452812,6719.45127796225,0.95520458784985,0.7712609970674487,1.0,0.7712609970674487,0.0
mobility|emission|5|mobility/nyc/NE/cell_3_2/emission,mobility,emission,static,5,mobility/nyc/NE/cell_3_2/emission,1,800.0,1,,1.0,8,1,p_gated_uniform,5,5077,8.51517006225504,6812.136049804032,0.7559684037331733,0.7712609970674487,1.0,0.7712609970674487,0.0
mobility|emission|5|mobility/nyc/NE/cell_3_3/emission,mobility,emission,static,5,mobility/nyc/NE/cell_3_3/emission,1,800.0,1,,1.0,8,1,p_gated_uniform,0,77,8.478165031239408,6782.532024991527,0.5050636705815315,0.7916666666666666,1.0,0.7916666666666666,0.0
mobility|emission|5|mobility/nyc/NE/cell_3_3/emission,mobility,emission,static,5,mobility/nyc/NE/cell_3_3/emission,1,800.0,1,,1.0,8,1,p_gated_uniform,1,1077,7.5039142524727485,6003.131401978199,0.8624583822685656,0.7916666666666666,1.0,0.7916666666666666,0.0
mobility|emission|5|mobility/nyc/NE/cell_3_3/emission,mobility,emission,static,5,mobility/nyc/NE/cell_3_3/emission,1,800.0,1,,1.0,8,1,p_gated_uniform,2,2077,7.872676161289855,6298.140929031884,0.973001136014646,0.7916666666666666,1.0,0.7916666666666666,0.0
mobility|emission|5|mobility/nyc/NE/cell_3_3/emission,mobility,emission,static,5,mobility/nyc/NE/cell_3_3/emission,1,800.0,1,,1.0,8,1,p_gated_uniform,3,3077,8.223710445051411,6578.9683560411295,0.703566442491319,0.7916666666666666,1.0,0.7916666666666666,0.0
mobility|emission|5|mobility/nyc/NE/cell_3_3/emission,mobility,emission,static,5,mobility/nyc/NE/cell_3_3/emission,1,800.0,1,,1.0,8,1,p_gated_uniform,4,4077,8.114346481235863,6491.477184988691,0.956700062783699,0.7916666666666666,1.0,0.7916666666666666,0.0
mobility|emission|5|mobility/nyc/NE/cell_3_3/emission,mobility,emission,static,5,mobility/nyc/NE/cell_3_3/emission,1,800.0,1,,1.0,8,1,p_gated_uniform,5,5077,7.440919135210855,5952.735308168684,0.7594961244688543,0.7916666666666666,1.0,0.7916666666666666,0.0
pune|pm10|1|air_quality,pune,pm10,static,1,air_quality,10,1000.0,6,,1.0,8,6,p_gated_uniform,0,77,0.9895857154057268,989.5857154057268,0.6261960771168005,0.9666011787819252,0.1262893368729605,7.840303115352231,0.0
pune|pm10|1|air_quality,pune,pm10,static,1,air_quality,10,1000.0,6,,1.0,8,6,p_gated_uniform,1,1077,1.009727343041082,1009.727343041082,0.910392586558171,0.9666011787819252,0.1262893368729605,7.840303115352231,0.0
pune|pm10|1|air_quality,pune,pm10,static,1,air_quality,10,1000.0,6,,1.0,8,6,p_gated_uniform,2,2077,1.004479549375516,1004.479549375516,0.8711178312621873,0.9666011787819252,0.1262893368729605,7.840303115352231,0.0
pune|pm10|1|air_quality,pune,pm10,static,1,air_quality,10,1000.0,6,,1.0,8,6,p_gated_uniform,3,3077,1.0017067072171948,1001.7067072171948,0.6426258585249658,0.9666011787819252,0.1262893368729605,7.840303115352231,0.0
pune|pm10|1|air_quality,pune,pm10,static,1,air_quality,10,1000.0,6,,1.0,8,6,p_gated_uniform,4,4077,1.0182483543409522,1018.248354340952,0.8853948635435663,0.9666011787819252,0.1262893368729605,7.840303115352231,0.0
pune|pm10|1|air_quality,pune,pm10,static,1,air_quality,10,1000.0,6,,1.0,8,6,p_gated_uniform,5,5077,1.0191688291435026,1019.1688291435026,0.729169859048201,0.9666011787819252,0.1262893368729605,7.840303115352231,0.0
pune|pm10|2|air_quality/pune,pune,pm10,static,2,air_quality/pune,10,1000.0,6,,1.0,8,6,p_gated_uniform,0,77,0.9895857154057268,989.5857154057268,0.6261960771168005,0.9666011787819252,0.1262893368729605,7.840303115352231,0.0
pune|pm10|2|air_quality/pune,pune,pm10,static,2,air_quality/pune,10,1000.0,6,,1.0,8,6,p_gated_uniform,1,1077,1.009727343041082,1009.727343041082,0.910392586558171,0.9666011787819252,0.1262893368729605,7.840303115352231,0.0
pune|pm10|2|air_quality/pune,pune,pm10,static,2,air_quality/pune,10,1000.0,6,,1.0,8,6,p_gated_uniform,2,2077,1.004479549375516,1004.479549375516,0.8711178312621873,0.9666011787819252,0.1262893368729605,7.840303115352231,0.0
pune|pm10|2|air_quality/pune,pune,pm10,static,2,air_quality/pune,10,1000.0,6,,1.0,8,6,p_gated_uniform,3,3077,1.0017067072171948,1001.7067072171948,0.6426258585249658,0.9666011787819252,0.1262893368729605,7.840303115352231,0.0
pune|pm10|2|air_quality/pune,pune,pm10,static,2,air_quality/pune,10,1000.0,6,,1.0,8,6,p_gated_uniform,4,4077,1.0182483543409522,1018.248354340952,0.8853948635435663,0.9666011787819252,0.1262893368729605,7.840303115352231,0.0
pune|pm10|2|air_quality/pune,pune,pm10,static,2,air_quality/pune,10,1000.0,6,,1.0,8,6,p_gated_uniform,5,5077,1.0191688291435026,1019.1688291435026,0.729169859048201,0.9666011787819252,0.1262893368729605,7.840303115352231,0.0
pune|pm10|3|air_quality/pune/BopadiSquare_65,pune,pm10,static,3,air_quality/pune/BopadiSquare_65,1,1000.0,6,,1.0,8,6,p_gated_uniform,0,77,,,,0.0,,0.6998368678629691,0.0
pune|pm10|3|air_quality/pune/BopadiSquare_65,pune,pm10,static,3,air_quality/pune/BopadiSquare_65,1,1000.0,6,,1.0,8,6,p_gated_uniform,1,1077,,,,0.0,,0.6998368678629691,0.0
pune|pm10|3|air_quality/pune/BopadiSquare_65,pune,pm10,static,3,air_quality/pune/BopadiSquare_65,1,1000.0,6,,1.0,8,6,p_gated_uniform,2,2077,,,,0.0,,0.6998368678629691,0.0
pune|pm10|3|air_quality/pune/BopadiSquare_65,pune,pm10,static,3,air_quality/pune/BopadiSquare_65,1,1000.0,6,,1.0,8,6,p_gated_uniform,3,3077,,,,0.0,,0.6998368678629691,0.0
pune|pm10|3|air_quality/pune/BopadiSquare_65,pune,pm10,static,3,air_quality/pune/BopadiSquare_65,1,1000.0,6,,1.0,8,6,p_gated_uniform,4,4077,,,,0.0,,0.6998368678629691,0.0
pune|pm10|3|air_quality/pune/BopadiSquare_65,pune,pm10,static,3,air_quality/pune/BopadiSquare_65,1,1000.0,6,,1.0,8,6,p_gated_uniform,5,5077,,,,0.0,,0.6998368678629691,0.0
pune|pm10|3|air_quality/pune/Chitale_Bandhu_Corner_41,pune,pm10,static,3,air_quality/pune/Chitale_Bandhu_Corner_41,1,1000.0,6,,1.0,8,6,p_gated_uniform,0,77,,,,0.0,,0.9674317617866004,0.0
pune|pm10|3|air_quality/pune/Chitale_Bandhu_Corner_41,pune,pm10,static,3,air_quality/pune/Chitale_Bandhu_Corner_41,1,1000.0,6,,1.0,8,6,p_gated_uniform,1,1077,,,,0.0,,0.9674317617866004,0.0
pune|pm10|3|air_quality/pune/Chitale_Bandhu_Corner_41,pune,pm10,static,3,air_quality/pune/Chitale_Bandhu_Corner_41,1,1000.0,6,,1.0,8,6,p_gated_uniform,2,2077,,,,0.0,,0.9674317617866004,0.0
pune|pm10|3|air_quality/pune/Chitale_Bandhu_Corner_41,pune,pm10,static,3,air_quality/pune/Chitale_Bandhu_Corner_41,1,1000.0,6,,1.0,8,6,p_gated_uniform,3,3077,,,,0.0,,0.9674317617866004,0.0
pune|pm10|3|air_quality/pune/Chitale_Bandhu_Corner_41,pune,pm10,static,3,air_quality/pune/Chitale_Bandhu_Corner_41,1,1000.0,6,,1.0,8,6,p_gated_uniform,4,4077,,,,0.0,,0.9674317617866004,0.0
pune|pm10|3|air_quality/pune/Chitale_Bandhu_Corner_41,pune,pm10,static,3,air_quality/pune/Chitale_Bandhu_Corner_41,1,1000.0,6,,1.0,8,6,p_gated_uniform,5,5077,,,,0.0,,0.9674317617866004,0.0
pune|pm10|3|air_quality/pune/Dr_Baba_Saheb_Ambedkar_Sethu_Junction_60,pune,pm10,static,3,air_quality/pune/Dr_Baba_Saheb_Ambedkar_Sethu_Junction_60,1,1000.0,6,,1.0,8,6,p_gated_uniform,0,77,,,,0.0,,0.0910041841004184,0.0
pune|pm10|3|air_quality/pune/Dr_Baba_Saheb_Ambedkar_Sethu_Junction_60,pune,pm10,static,3,air_quality/pune/Dr_Baba_Saheb_Ambedkar_Sethu_Junction_60,1,1000.0,6,,1.0,8,6,p_gated_uniform,1,1077,,,,0.0,,0.0910041841004184,0.0
pune|pm10|3|air_quality/pune/Dr_Baba_Saheb_Ambedkar_Sethu_Junction_60,pune,pm10,static,3,air_quality/pune/Dr_Baba_Saheb_Ambedkar_Sethu_Junction_60,1,1000.0,6,,1.0,8,6,p_gated_uniform,2,2077,,,,0.0,,0.0910041841004184,0.0
pune|pm10|3|air_quality/pune/Dr_Baba_Saheb_Ambedkar_Sethu_Junction_60,pune,pm10,static,3,air_quality/pune/Dr_Baba_Saheb_Ambedkar_Sethu_Junction_60,1,1000.0,6,,1.0,8,6,p_gated_uniform,3,3077,,,,0.0,,0.0910041841004184,0.0
pune|pm10|3|air_quality/pune/Dr_Baba_Saheb_Ambedkar_Sethu_Junction_60,pune,pm10,static,3,air_quality/pune/Dr_Baba_Saheb_Ambedkar_Sethu_Junction_60,1,1000.0,6,,1.0,8,6,p_gated_uniform,4,4077,,,,0.0,,0.0910041841004184,0.0
pune|pm10|3|air_quality/pune/Dr_Baba_Saheb_Ambedkar_Sethu_Junction_60,pune,pm10,static,3,air_quality/pune/Dr_Baba_Saheb_Ambedkar_Sethu_Junction_60,1,1000.0,6,,1.0,8,6,p_gated_uniform,5,5077,,,,0.0,,0.0910041841004184,0.0
pune|pm10|3|air_quality/pune/Goodluck_Square_Cafe_23,pune,pm10,static,3,air_quality/pune/Goodluck_Square_Cafe_23,1,1000.0,6,,1.0,8,6,p_gated_uniform,0,77,,,,0.0,,0.9988690981057392,0.0
pune|pm10|3|air_quality/pune/Goodluck_Square_Cafe_23,pune,pm10,static,3,air_quality/pune/Goodluck_Square_Cafe_23,1,1000.0,6,,1.0,8,6,p_gated_uniform,1,1077,,,,0.0,,0.9988690981057392,0.0
pune|pm10|3|air_quality/pune/Goodluck_Square_Cafe_23,pune,pm10,static,3,air_quality/pune/Goodluck_Square_Cafe_23,1,1000.0,6,,1.0,8,6,p_gated_uniform,2,2077,,,,0.0,,0.9988690981057392,0.0
pune|pm10|3|air_quality/pune/Goodluck_Square_Cafe_23,pune,pm10,static,3,air_quality/pune/Goodluck_Square_Cafe_23,1,1000.0,6,,1.0,8,6,p_gated_uniform,3,3077,,,,0.0,,0.9988690981057392,0.0
pune|pm10|3|air_quality/pune/Goodluck_Square_Cafe_23,pune,pm10,static,3,air_quality/pune/Goodluck_Square_Cafe_23,1,1000.0,6,,1.0,8,6,p_gated_uniform,4,4077,,,,0.0,,0.9988690981057392,0.0
pune|pm10|3|air_quality/pune/Goodluck_Square_Cafe_23,pune,pm10,static,3,air_quality/pune/Goodluck_Square_Cafe_23,1,1000.0,6,,1.0,8,6,p_gated_uniform,5,5077,,,,0.0,,0.9988690981057392,0.0
pune|pm10|3|air_quality/pune/Hadapsar_Gadital_01,pune,pm10,static,3,air_quality/pune/Hadapsar_Gadital_01,1,1000.0,6,,1.0,8,6,p_gated_uniform,0,77,,,,0.0,,0.9886064855390008,0.0
pune|pm10|3|air_quality/pune/Hadapsar_Gadital_01,pune,pm10,static,3,air_quality/pune/Hadapsar_Gadital_01,1,1000.0,6,,1.0,8,6,p_gated_uniform,1,1077,,,,0.0,,0.9886064855390008,0.0
pune|pm10|3|air_quality/pune/Hadapsar_Gadital_01,pune,pm10,static,3,air_quality/pune/Hadapsar_Gadital_01,1,1000.0,6,,1.0,8,6,p_gated_uniform,2,2077,,,,0.0,,0.9886064855390008,0.0
pune|pm10|3|air_quality/pune/Hadapsar_Gadital_01,pune,pm10,static,3,air_quality/pune/Hadapsar_Gadital_01,1,1000.0,6,,1.0,8,6,p_gated_uniform,3,3077,,,,0.0,,0.9886064855390008,0.0
pune|pm10|3|air_quality/pune/Hadapsar_Gadital_01,pune,pm10,static,3,air_quality/pune/Hadapsar_Gadital_01,1,1000.0,6,,1.0,8,6,p_gated_uniform,4,4077,,,,0.0,,0.9886064855390008,0.0
pune|pm10|3|air_quality/pune/Hadapsar_Gadital_01,pune,pm10,static,3,air_quality/pune/Hadapsar_Gadital_01,1,1000.0,6,,1.0,8,6,p_gated_uniform,5,5077,,,,0.0,,0.9886064855390008,0.0
pune|pm10|3|air_quality/pune/Karve_Statue_Square_5,pune,pm10,static,3,air_quality/pune/Karve_Statue_Square_5,1,1000.0,6,,1.0,8,6,p_gated_uniform,0,77,,,,0.0,,0.9582389122693428,0.0
pune|pm10|3|air_quality/pune/Karve_Statue_Square_5,pune,pm10,static,3,air_quality/pune/Karve_Statue_Square_5,1,1000.0,6,,1.0,8,6,p_gated_uniform,1,1077,,,,0.0,,0.9582389122693428,0.0
pune|pm10|3|air_quality/pune/Karve_Statue_Square_5,pune,pm10,static,3,air_quality/pune/Karve_Statue_Square_5,1,1000.0,6,,1.0,8,6,p_gated_uniform,2,2077,,,,0.0,,0.9582389122693428,0.0
pune|pm10|3|air_quality/pune/Karve_Statue_Square_5,pune,pm10,static,3,air_quality/pune/Karve_Statue_Square_5,1,1000.0,6,,1.0,8,6,p_gated_uniform,3,3077,,,,0.0,,0.9582389122693428,0.0
pune|pm10|3|air_quality/pune/Karve_Statue_Square_5,pune,pm10,static,3,air_quality/pune/Karve_Statue_Square_5,1,1000.0,6,,1.0,8,6,p_gated_uniform,4,4077,,,,0.0,,0.9582389122693428,0.0
pune|pm10|3|air_quality/pune/Karve_Statue_Square_5,pune,pm10,static,3,air_quality/pune/Karve_Statue_Square_5,1,1000.0,6,,1.0,8,6,p_gated_uniform,5,5077,,,,0.0,,0.9582389122693428,0.0
pune|pm10|3|air_quality/pune/Lullanagar_Square_14,pune,pm10,static,3,air_quality/pune/Lullanagar_Square_14,1,1000.0,6,,1.0,8,6,p_gated_uniform,0,77,,,,0.0,,0.9915377881529034,0.0
pune|pm10|3|air_quality/pune/Lullanagar_Square_14,pune,pm10,static,3,air_quality/pune/Lullanagar_Square_14,1,1000.0,6,,1.0,8,6,p_gated_uniform,1,1077,,,,0.0,,0.9915377881529034,0.0
pune|pm10|3|air_quality/pune/Lullanagar_Square_14,pune,pm10,static,3,air_quality/pune/Lullanagar_Square_14,1,1000.0,6,,1.0,8,6,p_gated_uniform,2,2077,,,,0.0,,0.9915377881529034,0.0
pune|pm10|3|air_quality/pune/Lullanagar_Square_14,pune,pm10,static,3,air_quality/pune/Lullanagar_Square_14,1,1000.0,6,,1.0,8,6,p_gated_uniform,3,3077,,,,0.0,,0.9915377881529034,0.0
pune|pm10|3|air_quality/pune/Lullanagar_Square_14,pune,pm10,static,3,air_quality/pune/Lullanagar_Square_14,1,1000.0,6,,1.0,8,6,p_gated_uniform,4,4077,,,,0.0,,0.9915377881529034,0.0
pune|pm10|3|air_quality/pune/Lullanagar_Square_14,pune,pm10,static,3,air_quality/pune/Lullanagar_Square_14,1,1000.0,6,,1.0,8,6,p_gated_uniform,5,5077,,,,0.0,,0.9915377881529034,0.0
pune|pm10|3|air_quality/pune/PMPML_Bus_Depot_Deccan_15,pune,pm10,static,3,air_quality/pune/PMPML_Bus_Depot_Deccan_15,1,1000.0,6,,1.0,8,6,p_gated_uniform,0,77,,,,0.0,,0.988300672711319,0.0
pune|pm10|3|air_quality/pune/PMPML_Bus_Depot_Deccan_15,pune,pm10,static,3,air_quality/pune/PMPML_Bus_Depot_Deccan_15,1,1000.0,6,,1.0,8,6,p_gated_uniform,1,1077,,,,0.0,,0.988300672711319,0.0
pune|pm10|3|air_quality/pune/PMPML_Bus_Depot_Deccan_15,pune,pm10,static,3,air_quality/pune/PMPML_Bus_Depot_Deccan_15,1,1000.0,6,,1.0,8,6,p_gated_uniform,2,2077,,,,0.0,,0.988300672711319,0.0
pune|pm10|3|air_quality/pune/PMPML_Bus_Depot_Deccan_15,pune,pm10,static,3,air_quality/pune/PMPML_Bus_Depot_Deccan_15,1,1000.0,6,,1.0,8,6,p_gated_uniform,3,3077,,,,0.0,,0.988300672711319,0.0
pune|pm10|3|air_quality/pune/PMPML_Bus_Depot_Deccan_15,pune,pm10,static,3,air_quality/pune/PMPML_Bus_Depot_Deccan_15,1,1000.0,6,,1.0,8,6,p_gated_uniform,4,4077,,,,0.0,,0.988300672711319,0.0
pune|pm10|3|air_quality/pune/PMPML_Bus_Depot_Deccan_15,pune,pm10,static,3,air_quality/pune/PMPML_Bus_Depot_Deccan_15,1,1000.0,6,,1.0,8,6,p_gated_uniform,5,5077,,,,0.0,,0.988300672711319,0.0
pune|pm10|3|air_quality/pune/Pune_Railway_Station_28,pune,pm10,static,3,air_quality/pune/Pune_Railway_Station_28,1,1000.0,6,,1.0,8,6,p_gated_uniform,0,77,,,,0.0,,0.981029810298103,0.0
pune|pm10|3|air_quality/pune/Pune_Railway_Station_28,pune,pm10,static,3,air_quality/pune/Pune_Railway_Station_28,1,1000.0,6,,1.0,8,6,p_gated_uniform,1,1077,,,,0.0,,0.981029810298103,0.0
pune|pm10|3|air_quality/pune/Pune_Railway_Station_28,pune,pm10,static,3,air_quality/pune/Pune_Railway_Station_28,1,1000.0,6,,1.0,8,6,p_gated_uniform,2,2077,,,,0.0,,0.981029810298103,0.0
pune|pm10|3|air_quality/pune/Pune_Railway_Station_28,pune,pm10,static,3,air_quality/pune/Pune_Railway_Station_28,1,1000.0,6,,1.0,8,6,p_gated_uniform,3,3077,,,,0.0,,0.981029810298103,0.0
pune|pm10|3|air_quality/pune/Pune_Railway_Station_28,pune,pm10,static,3,air_quality/pune/Pune_Railway_Station_28,1,1000.0,6,,1.0,8,6,p_gated_uniform,4,4077,,,,0.0,,0.981029810298103,0.0
pune|pm10|3|air_quality/pune/Pune_Railway_Station_28,pune,pm10,static,3,air_quality/pune/Pune_Railway_Station_28,1,1000.0,6,,1.0,8,6,p_gated_uniform,5,5077,,,,0.0,,0.981029810298103,0.0
pune|pm10|3|air_quality/pune/Rajashri_Shahu_Bus_stand_19,pune,pm10,static,3,air_quality/pune/Rajashri_Shahu_Bus_stand_19,1,1000.0,6,,1.0,8,6,p_gated_uniform,0,77,,,,0.0,,0.9985855728429984,0.0
pune|pm10|3|air_quality/pune/Rajashri_Shahu_Bus_stand_19,pune,pm10,static,3,air_quality/pune/Rajashri_Shahu_Bus_stand_19,1,1000.0,6,,1.0,8,6,p_gated_uniform,1,1077,,,,0.0,,0.9985855728429984,0.0
pune|pm10|3|air_quality/pune/Rajashri_Shahu_Bus_stand_19,pune,pm10,static,3,air_quality/pune/Rajashri_Shahu_Bus_stand_19,1,1000.0,6,,1.0,8,6,p_gated_uniform,2,2077,,,,0.0,,0.9985855728429984,0.0
pune|pm10|3|air_quality/pune/Rajashri_Shahu_Bus_stand_19,pune,pm10,static,3,air_quality/pune/Rajashri_Shahu_Bus_stand_19,1,1000.0,6,,1.0,8,6,p_gated_uniform,3,3077,,,,0.0,,0.9985855728429984,0.0
pune|pm10|3|air_quality/pune/Rajashri_Shahu_Bus_stand_19,pune,pm10,static,3,air_quality/pune/Rajashri_Shahu_Bus_stand_19,1,1000.0,6,,1.0,8,6,p_gated_uniform,4,4077,,,,0.0,,0.9985855728429984,0.0
pune|pm10|3|air_quality/pune/Rajashri_Shahu_Bus_stand_19,pune,pm10,static,3,air_quality/pune/Rajashri_Shahu_Bus_stand_19,1,1000.0,6,,1.0,8,6,p_gated_uniform,5,5077,,,,0.0,,0.9985855728429984,0.0
pune|pm10|4|air_quality/pune/BopadiSquare_65/pm10,pune,pm10,static,4,air_quality/pune/BopadiSquare_65/pm10,1,1000.0,6,,1.0,8,6,p_gated_uniform,0,77,,,,0.0,,0.6998368678629691,0.0
pune|pm10|4|air_quality/pune/BopadiSquare_65/pm10,pune,pm10,static,4,air_quality/pune/BopadiSquare_65/pm10,1,1000.0,6,,1.0,8,6,p_gated_uniform,1,1077,,,,0.0,,0.6998368678629691,0.0
pune|pm10|4|air_quality/pune/BopadiSquare_65/pm10,pune,pm10,static,4,air_quality/pune/BopadiSquare_65/pm10,1,1000.0,6,,1.0,8,6,p_gated_uniform,2,2077,,,,0.0,,0.6998368678629691,0.0
pune|pm10|4|air_quality/pune/BopadiSquare_65/pm10,pune,pm10,static,4,air_quality/pune/BopadiSquare_65/pm10,1,1000.0,6,,1.0,8,6,p_gated_uniform,3,3077,,,,0.0,,0.6998368678629691,0.0
pune|pm10|4|air_quality/pune/BopadiSquare_65/pm10,pune,pm10,static,4,air_quality/pune/BopadiSquare_65/pm10,1,1000.0,6,,1.0,8,6,p_gated_uniform,4,4077,,,,0.0,,0.6998368678629691,0.0
pune|pm10|4|air_quality/pune/BopadiSquare_65/pm10,pune,pm10,static,4,air_quality/pune/BopadiSquare_65/pm10,1,1000.0,6,,1.0,8,6,p_gated_uniform,5,5077,,,,0.0,,0.6998368678629691,0.0
pune|pm10|4|air_quality/pune/Chitale_Bandhu_Corner_41/pm10,pune,pm10,static,4,air_quality/pune/Chitale_Bandhu_Corner_41/pm10,1,1000.0,6,,1.0,8,6,p_gated_uniform,0,77,,,,0.0,,0.9674317617866004,0.0
pune|pm10|4|air_quality/pune/Chitale_Bandhu_Corner_41/pm10,pune,pm10,static,4,air_quality/pune/Chitale_Bandhu_Corner_41/pm10,1,1000.0,6,,1.0,8,6,p_gated_uniform,1,1077,,,,0.0,,0.9674317617866004,0.0
pune|pm10|4|air_quality/pune/Chitale_Bandhu_Corner_41/pm10,pune,pm10,static,4,air_quality/pune/Chitale_Bandhu_Corner_41/pm10,1,1000.0,6,,1.0,8,6,p_gated_uniform,2,2077,,,,0.0,,0.9674317617866004,0.0
pune|pm10|4|air_quality/pune/Chitale_Bandhu_Corner_41/pm10,pune,pm10,static,4,air_quality/pune/Chitale_Bandhu_Corner_41/pm10,1,1000.0,6,,1.0,8,6,p_gated_uniform,3,3077,,,,0.0,,0.9674317617866004,0.0
pune|pm10|4|air_quality/pune/Chitale_Bandhu_Corner_41/pm10,pune,pm10,static,4,air_quality/pune/Chitale_Bandhu_Corner_41/pm10,1,1000.0,6,,1.0,8,6,p_gated_uniform,4,4077,,,,0.0,,0.9674317617866004,0.0
pune|pm10|4|air_quality/pune/Chitale_Bandhu_Corner_41/pm10,pune,pm10,static,4,air_quality/pune/Chitale_Bandhu_Corner_41/pm10,1,1000.0,6,,1.0,8,6,p_gated_uniform,5,5077,,,,0.0,,0.9674317617866004,0.0
pune|pm10|4|air_quality/pune/Dr_Baba_Saheb_Ambedkar_Sethu_Junction_60/pm10,pune,pm10,static,4,air_quality/pune/Dr_Baba_Saheb_Ambedkar_Sethu_Junction_60/pm10,1,1000.0,6,,1.0,8,6,p_gated_uniform,0,77,,,,0.0,,0.0910041841004184,0.0
pune|pm10|4|air_quality/pune/Dr_Baba_Saheb_Ambedkar_Sethu_Junction_60/pm10,pune,pm10,static,4,air_quality/pune/Dr_Baba_Saheb_Ambedkar_Sethu_Junction_60/pm10,1,1000.0,6,,1.0,8,6,p_gated_uniform,1,1077,,,,0.0,,0.0910041841004184,0.0
pune|pm10|4|air_quality/pune/Dr_Baba_Saheb_Ambedkar_Sethu_Junction_60/pm10,pune,pm10,static,4,air_quality/pune/Dr_Baba_Saheb_Ambedkar_Sethu_Junction_60/pm10,1,1000.0,6,,1.0,8,6,p_gated_uniform,2,2077,,,,0.0,,0.0910041841004184,0.0
pune|pm10|4|air_quality/pune/Dr_Baba_Saheb_Ambedkar_Sethu_Junction_60/pm10,pune,pm10,static,4,air_quality/pune/Dr_Baba_Saheb_Ambedkar_Sethu_Junction_60/pm10,1,1000.0,6,,1.0,8,6,p_gated_uniform,3,3077,,,,0.0,,0.0910041841004184,0.0
pune|pm10|4|air_quality/pune/Dr_Baba_Saheb_Ambedkar_Sethu_Junction_60/pm10,pune,pm10,static,4,air_quality/pune/Dr_Baba_Saheb_Ambedkar_Sethu_Junction_60/pm10,1,1000.0,6,,1.0,8,6,p_gated_uniform,4,4077,,,,0.0,,0.0910041841004184,0.0
pune|pm10|4|air_quality/pune/Dr_Baba_Saheb_Ambedkar_Sethu_Junction_60/pm10,pune,pm10,static,4,air_quality/pune/Dr_Baba_Saheb_Ambedkar_Sethu_Junction_60/pm10,1,1000.0,6,,1.0,8,6,p_gated_uniform,5,5077,,,,0.0,,0.0910041841004184,0.0
pune|pm10|4|air_quality/pune/Goodluck_Square_Cafe_23/pm10,pune,pm10,static,4,air_quality/pune/Goodluck_Square_Cafe_23/pm10,1,1000.0,6,,1.0,8,6,p_gated_uniform,0,77,,,,0.0,,0.9988690981057392,0.0
pune|pm10|4|air_quality/pune/Goodluck_Square_Cafe_23/pm10,pune,pm10,static,4,air_quality/pune/Goodluck_Square_Cafe_23/pm10,1,1000.0,6,,1.0,8,6,p_gated_uniform,1,1077,,,,0.0,,0.9988690981057392,0.0
pune|pm10|4|air_quality/pune/Goodluck_Square_Cafe_23/pm10,pune,pm10,static,4,air_quality/pune/Goodluck_Square_Cafe_23/pm10,1,1000.0,6,,1.0,8,6,p_gated_uniform,2,2077,,,,0.0,,0.9988690981057392,0.0
pune|pm10|4|air_quality/pune/Goodluck_Square_Cafe_23/pm10,pune,pm10,static,4,air_quality/pune/Goodluck_Square_Cafe_23/pm10,1,1000.0,6,,1.0,8,6,p_gated_uniform,3,3077,,,,0.0,,0.9988690981057392,0.0
pune|pm10|4|air_quality/pune/Goodluck_Square_Cafe_23/pm10,pune,pm10,static,4,air_quality/pune/Goodluck_Square_Cafe_23/pm10,1,1000.0,6,,1.0,8,6,p_gated_uniform,4,4077,,,,0.0,,0.9988690981057392,0.0
pune|pm10|4|air_quality/pune/Goodluck_Square_Cafe_23/pm10,pune,pm10,static,4,air_quality/pune/Goodluck_Square_Cafe_23/pm10,1,1000.0,6,,1.0,8,6,p_gated_uniform,5,5077,,,,0.0,,0.9988690981057392,0.0
pune|pm10|4|air_quality/pune/Hadapsar_Gadital_01/pm10,pune,pm10,static,4,air_quality/pune/Hadapsar_Gadital_01/pm10,1,1000.0,6,,1.0,8,6,p_gated_uniform,0,77,,,,0.0,,0.9886064855390008,0.0
pune|pm10|4|air_quality/pune/Hadapsar_Gadital_01/pm10,pune,pm10,static,4,air_quality/pune/Hadapsar_Gadital_01/pm10,1,1000.0,6,,1.0,8,6,p_gated_uniform,1,1077,,,,0.0,,0.9886064855390008,0.0
pune|pm10|4|air_quality/pune/Hadapsar_Gadital_01/pm10,pune,pm10,static,4,air_quality/pune/Hadapsar_Gadital_01/pm10,1,1000.0,6,,1.0,8,6,p_gated_uniform,2,2077,,,,0.0,,0.9886064855390008,0.0
pune|pm10|4|air_quality/pune/Hadapsar_Gadital_01/pm10,pune,pm10,static,4,air_quality/pune/Hadapsar_Gadital_01/pm10,1,1000.0,6,,1.0,8,6,p_gated_uniform,3,3077,,,,0.0,,0.9886064855390008,0.0
pune|pm10|4|air_quality/pune/Hadapsar_Gadital_01/pm10,pune,pm10,static,4,air_quality/pune/Hadapsar_Gadital_01/pm10,1,1000.0,6,,1.0,8,6,p_gated_uniform,4,4077,,,,0.0,,0.9886064855390008,0.0
pune|pm10|4|air_quality/pune/Hadapsar_Gadital_01/pm10,pune,pm10,static,4,air_quality/pune/Hadapsar_Gadital_01/pm10,1,1000.0,6,,1.0,8,6,p_gated_uniform,5,5077,,,,0.0,,0.9886064855390008,0.0
pune|pm10|4|air_quality/pune/Karve_Statue_Square_5/pm10,pune,pm10,static,4,air_quality/pune/Karve_Statue_Square_5/pm10,1,1000.0,6,,1.0,8,6,p_gated_uniform,0,77,,,,0.0,,0.9582389122693428,0.0
pune|pm10|4|air_quality/pune/Karve_Statue_Square_5/pm10,pune,pm10,static,4,air_quality/pune/Karve_Statue_Square_5/pm10,1,1000.0,6,,1.0,8,6,p_gated_uniform,1,1077,,,,0.0,,0.9582389122693428,0.0
pune|pm10|4|air_quality/pune/Karve_Statue_Square_5/pm10,pune,pm10,static,4,air_quality/pune/Karve_Statue_Square_5/pm10,1,1000.0,6,,1.0,8,6,p_gated_uniform,2,2077,,,,0.0,,0.9582389122693428,0.0
pune|pm10|4|air_quality/pune/Karve_Statue_Square_5/pm10,pune,pm10,static,4,air_quality/pune/Karve_Statue_Square_5/pm10,1,1000.0,6,,1.0,8,6,p_gated_uniform,3,3077,,,,0.0,,0.9582389122693428,0.0
pune|pm10|4|air_quality/pune/Karve_Statue_Square_5/pm10,pune,pm10,static,4,air_quality/pune/Karve_Statue_Square_5/pm10,1,1000.0,6,,1.0,8,6,p_gated_uniform,4,4077,,,,0.0,,0.9582389122693428,0.0
pune|pm10|4|air_quality/pune/Karve_Statue_Square_5/pm10,pune,pm10,static,4,air_quality/pune/Karve_Statue_Square_5/pm10,1,1000.0,6,,1.0,8,6,p_gated_uniform,5,5077,,,,0.0,,0.9582389122693428,0.0
pune|pm10|4|air_quality/pune/Lullanagar_Square_14/pm10,pune,pm10,static,4,air_quality/pune/Lullanagar_Square_14/pm10,1,1000.0,6,,1.0,8,6,p_gated_uniform,0,77,,,,0.0,,0.9915377881529034,0.0
pune|pm10|4|air_quality/pune/Lullanagar_Square_14/pm10,pune,pm10,static,4,air_quality/pune/Lullanagar_Square_14/pm10,1,1000.0,6,,1.0,8,6,p_gated_uniform,1,1077,,,,0.0,,0.9915377881529034,0.0
pune|pm10|4|air_quality/pune/Lullanagar_Square_14/pm10,pune,pm10,static,4,air_quality/pune/Lullanagar_Square_14/pm10,1,1000.0,6,,1.0,8,6,p_gated_uniform,2,2077,,,,0.0,,0.9915377881529034,0.0
pune|pm10|4|air_quality/pune/Lullanagar_Square_14/pm10,pune,pm10,static,4,air_quality/pune/Lullanagar_Square_14/pm10,1,1000.0,6,,1.0,8,6,p_gated_uniform,3,3077,,,,0.0,,0.9915377881529034,0.0
pune|pm10|4|air_quality/pune/Lullanagar_Square_14/pm10,pune,pm10,static,4,air_quality/pune/Lullanagar_Square_14/pm10,1,1000.0,6,,1.0,8,6,p_gated_uniform,4,4077,,,,0.0,,0.9915377881529034,0.0
pune|pm10|4|air_quality/pune/Lullanagar_Square_14/pm10,pune,pm10,static,4,air_quality/pune/Lullanagar_Square_14/pm10,1,1000.0,6,,1.0,8,6,p_gated_uniform,5,5077,,,,0.0,,0.9915377881529034,0.0
pune|pm10|4|air_quality/pune/PMPML_Bus_Depot_Deccan_15/pm10,pune,pm10,static,4,air_quality/pune/PMPML_Bus_Depot_Deccan_15/pm10,1,1000.0,6,,1.0,8,6,p_gated_uniform,0,77,,,,0.0,,0.988300672711319,0.0
pune|pm10|4|air_quality/pune/PMPML_Bus_Depot_Deccan_15/pm10,pune,pm10,static,4,air_quality/pune/PMPML_Bus_Depot_Deccan_15/pm10,1,1000.0,6,,1.0,8,6,p_gated_uniform,1,1077,,,,0.0,,0.988300672711319,0.0
pune|pm10|4|air_quality/pune/PMPML_Bus_Depot_Deccan_15/pm10,pune,pm10,static,4,air_quality/pune/PMPML_Bus_Depot_Deccan_15/pm10,1,1000.0,6,,1.0,8,6,p_gated_uniform,2,2077,,,,0.0,,0.988300672711319,0.0
pune|pm10|4|air_quality/pune/PMPML_Bus_Depot_Deccan_15/pm10,pune,pm10,static,4,air_quality/pune/PMPML_Bus_Depot_Deccan_15/pm10,1,1000.0,6,,1.0,8,6,p_gated_uniform,3,3077,,,,0.0,,0.988300672711319,0.0
pune|pm10|4|air_quality/pune/PMPML_Bus_Depot_Deccan_15/pm10,pune,pm10,static,4,air_quality/pune/PMPML_Bus_Depot_Deccan_15/pm10,1,1000.0,6,,1.0,8,6,p_gated_uniform,4,4077,,,,0.0,,0.988300672711319,0.0
pune|pm10|4|air_quality/pune/PMPML_Bus_Depot_Deccan_15/pm10,pune,pm10,static,4,air_quality/pune/PMPML_Bus_Depot_Deccan_15/pm10,1,1000.0,6,,1.0,8,6,p_gated_uniform,5,5077,,,,0.0,,0.988300672711319,0.0
pune|pm10|4|air_quality/pune/Pune_Railway_Station_28/pm10,pune,pm10,static,4,air_quality/pune/Pune_Railway_Station_28/pm10,1,1000.0,6,,1.0,8,6,p_gated_uniform,0,77,,,,0.0,,0.981029810298103,0.0
pune|pm10|4|air_quality/pune/Pune_Railway_Station_28/pm10,pune,pm10,static,4,air_quality/pune/Pune_Railway_Station_28/pm10,1,1000.0,6,,1.0,8,6,p_gated_uniform,1,1077,,,,0.0,,0.981029810298103,0.0
pune|pm10|4|air_quality/pune/Pune_Railway_Station_28/pm10,pune,pm10,static,4,air_quality/pune/Pune_Railway_Station_28/pm10,1,1000.0,6,,1.0,8,6,p_gated_uniform,2,2077,,,,0.0,,0.981029810298103,0.0
pune|pm10|4|air_quality/pune/Pune_Railway_Station_28/pm10,pune,pm10,static,4,air_quality/pune/Pune_Railway_Station_28/pm10,1,1000.0,6,,1.0,8,6,p_gated_uniform,3,3077,,,,0.0,,0.981029810298103,0.0
pune|pm10|4|air_quality/pune/Pune_Railway_Station_28/pm10,pune,pm10,static,4,air_quality/pune/Pune_Railway_Station_28/pm10,1,1000.0,6,,1.0,8,6,p_gated_uniform,4,4077,,,,0.0,,0.981029810298103,0.0
pune|pm10|4|air_quality/pune/Pune_Railway_Station_28/pm10,pune,pm10,static,4,air_quality/pune/Pune_Railway_Station_28/pm10,1,1000.0,6,,1.0,8,6,p_gated_uniform,5,5077,,,,0.0,,0.981029810298103,0.0
pune|pm10|4|air_quality/pune/Rajashri_Shahu_Bus_stand_19/pm10,pune,pm10,static,4,air_quality/pune/Rajashri_Shahu_Bus_stand_19/pm10,1,1000.0,6,,1.0,8,6,p_gated_uniform,0,77,,,,0.0,,0.9985855728429984,0.0
pune|pm10|4|air_quality/pune/Rajashri_Shahu_Bus_stand_19/pm10,pune,pm10,static,4,air_quality/pune/Rajashri_Shahu_Bus_stand_19/pm10,1,1000.0,6,,1.0,8,6,p_gated_uniform,1,1077,,,,0.0,,0.9985855728429984,0.0
pune|pm10|4|air_quality/pune/Rajashri_Shahu_Bus_stand_19/pm10,pune,pm10,static,4,air_quality/pune/Rajashri_Shahu_Bus_stand_19/pm10,1,1000.0,6,,1.0,8,6,p_gated_uniform,2,2077,,,,0.0,,0.9985855728429984,0.0
pune|pm10|4|air_quality/pune/Rajashri_Shahu_Bus_stand_19/pm10,pune,pm10,static,4,air_quality/pune/Rajashri_Shahu_Bus_stand_19/pm10,1,1000.0,6,,1.0,8,6,p_gated_uniform,3,3077,,,,0.0,,0.9985855728429984,0.0
pune|pm10|4|air_quality/pune/Rajashri_Shahu_Bus_stand_19/pm10,pune,pm10,static,4,air_quality/pune/Rajashri_Shahu_Bus_stand_19/pm10,1,1000.0,6,,1.0,8,6,p_gated_uniform,4,4077,,,,0.0,,0.9985855728429984,0.0
pune|pm10|4|air_quality/pune/Rajashri_Shahu_Bus_stand_19/pm10,pune,pm10,static,4,air_quality/pune/Rajashri_Shahu_Bus_stand_19/pm10,1,1000.0,6,,1.0,8,6,p_gated_uniform,5,5077,,,,0.0,,0.9985855728429984,0.0
pune|pm2|1|air_quality,pune,pm2,static,1,air_quality,10,500.0,6,,1.0,8,6,p_gated_uniform,0,77,0.9895603480944276,494.7801740472138,0.6245628834505216,0.9666011787819252,0.1262893368729605,7.840303115352231,0.0
pune|pm2|1|air_quality,pune,pm2,static,1,air_quality,10,500.0,6,,1.0,8,6,p_gated_uniform,1,1077,1.00975735202896,504.8786760144801,0.9067675009423348,0.9666011787819252,0.1262893368729605,7.840303115352231,0.0
pune|pm2|1|air_quality,pune,pm2,static,1,air_quality,10,500.0,6,,1.0,8,6,p_gated_uniform,2,2077,1.0044580751964536,502.22903759822674,0.8746122879332819,0.9666011787819252,0.1262893368729605,7.840303115352231,0.0
pune|pm2|1|air_quality,pune,pm2,static,1,air_quality,10,500.0,6,,1.0,8,6,p_gated_uniform,3,3077,1.0016763576477663,500.8381788238832,0.6420697973063864,0.9666011787819252,0.1262893368729605,7.840303115352231,0.0
pune|pm2|1|air_quality,pune,pm2,static,1,air_quality,10,500.0,6,,1.0,8,6,p_gated_uniform,4,4077,1.0182233489950023,509.1116744975012,0.8875222304865712,0.9666011787819252,0.1262893368729605,7.840303115352231,0.0
pune|pm2|1|air_quality,pune,pm2,static,1,air_quality,10,500.0,6,,1.0,8,6,p_gated_uniform,5,5077,1.0191490013499098,509.5745006749549,0.7328104098690018,0.9666011787819252,0.1262893368729605,7.840303115352231,0.0
pune|pm2|2|air_quality/pune,pune,pm2,static,2,air_quality/pune,10,500.0,6,,1.0,8,6,p_gated_uniform,0,77,0.9895603480944276,494.7801740472138,0.6245628834505216,0.9666011787819252,0.1262893368729605,7.840303115352231,0.0
pune|pm2|2|air_quality/pune,pune,pm2,static,2,air_quality/pune,10,500.0,6,,1.0,8,6,p_gated_uniform,1,1077,1.00975735202896,504.8786760144801,0.9067675009423348,0.9666011787819252,0.1262893368729605,7.840303115352231,0.0
pune|pm2|2|air_quality/pune,pune,pm2,static,2,air_quality/pune,10,500.0,6,,1.0,8,6,p_gated_uniform,2,2077,1.0044580751964536,502.22903759822674,0.8746122879332819,0.9666011787819252,0.1262893368729605,7.840303115352231,0.0
pune|pm2|2|air_quality/pune,pune,pm2,static,2,air_quality/pune,10,500.0,6,,1.0,8,6,p_gated_uniform,3,3077,1.0016763576477663,500.8381788238832,0.6420697973063864,0.9666011787819252,0.1262893368729605,7.840303115352231,0.0
pune|pm2|2|air_quality/pune,pune,pm2,static,2,air_quality/pune,10,500.0,6,,1.0,8,6,p_gated_uniform,4,4077,1.0182233489950023,509.1116744975012,0.8875222304865712,0.9666011787819252,0.1262893368729605,7.840303115352231,0.0
pune|pm2|2|air_quality/pune,pune,pm2,static,2,air_quality/pune,10,500.0,6,,1.0,8,6,p_gated_uniform,5,5077,1.0191490013499098,509.5745006749549,0.7328104098690018,0.9666011787819252,0.1262893368729605,7.840303115352231,0.0
pune|pm2|3|air_quality/pune/BopadiSquare_65,pune,pm2,static,3,air_quality/pune/BopadiSquare_65,1,500.0,6,,1.0,8,6,p_gated_uniform,0,77,,,,0.0,,0.6998368678629691,0.0
pune|pm2|3|air_quality/pune/BopadiSquare_65,pune,pm2,static,3,air_quality/pune/BopadiSquare_65,1,500.0,6,,1.0,8,6,p_gated_uniform,1,1077,,,,0.0,,0.6998368678629691,0.0
pune|pm2|3|air_quality/pune/BopadiSquare_65,pune,pm2,static,3,air_quality/pune/BopadiSquare_65,1,500.0,6,,1.0,8,6,p_gated_uniform,2,2077,,,,0.0,,0.6998368678629691,0.0
pune|pm2|3|air_quality/pune/BopadiSquare_65,pune,pm2,static,3,air_quality/pune/BopadiSquare_65,1,500.0,6,,1.0,8,6,p_gated_uniform,3,3077,,,,0.0,,0.6998368678629691,0.0
pune|pm2|3|air_quality/pune/BopadiSquare_65,pune,pm2,static,3,air_quality/pune/BopadiSquare_65,1,500.0,6,,1.0,8,6,p_gated_uniform,4,4077,,,,0.0,,0.6998368678629691,0.0
pune|pm2|3|air_quality/pune/BopadiSquare_65,pune,pm2,static,3,air_quality/pune/BopadiSquare_65,1,500.0,6,,1.0,8,6,p_gated_uniform,5,5077,,,,0.0,,0.6998368678629691,0.0
pune|pm2|3|air_quality/pune/Chitale_Bandhu_Corner_41,pune,pm2,static,3,air_quality/pune/Chitale_Bandhu_Corner_41,1,500.0,6,,1.0,8,6,p_gated_uniform,0,77,,,,0.0,,0.9674317617866004,0.0
pune|pm2|3|air_quality/pune/Chitale_Bandhu_Corner_41,pune,pm2,static,3,air_quality/pune/Chitale_Bandhu_Corner_41,1,500.0,6,,1.0,8,6,p_gated_uniform,1,1077,,,,0.0,,0.9674317617866004,0.0
pune|pm2|3|air_quality/pune/Chitale_Bandhu_Corner_41,pune,pm2,static,3,air_quality/pune/Chitale_Bandhu_Corner_41,1,500.0,6,,1.0,8,6,p_gated_uniform,2,2077,,,,0.0,,0.9674317617866004,0.0
pune|pm2|3|air_quality/pune/Chitale_Bandhu_Corner_41,pune,pm2,static,3,air_quality/pune/Chitale_Bandhu_Corner_41,1,500.0,6,,1.0,8,6,p_gated_uniform,3,3077,,,,0.0,,0.9674317617866004,0.0
pune|pm2|3|air_quality/pune/Chitale_Bandhu_Corner_41,pune,pm2,static,3,air_quality/pune/Chitale_Bandhu_Corner_41,1,500.0,6,,1.0,8,6,p_gated_uniform,4,4077,,,,0.0,,0.9674317617866004,0.0
pune|pm2|3|air_quality/pune/Chitale_Bandhu_Corner_41,pune,pm2,static,3,air_quality/pune/Chitale_Bandhu_Corner_41,1,500.0,6,,1.0,8,6,p_gated_uniform,5,5077,,,,0.0,,0.9674317617866004,0.0
pune|pm2|3|air_quality/pune/Dr_Baba_Saheb_Ambedkar_Sethu_Junction_60,pune,pm2,static,3,air_quality/pune/Dr_Baba_Saheb_Ambedkar_Sethu_Junction_60,1,500.0,6,,1.0,8,6,p_gated_uniform,0,77,,,,0.0,,0.0910041841004184,0.0
pune|pm2|3|air_quality/pune/Dr_Baba_Saheb_Ambedkar_Sethu_Junction_60,pune,pm2,static,3,air_quality/pune/Dr_Baba_Saheb_Ambedkar_Sethu_Junction_60,1,500.0,6,,1.0,8,6,p_gated_uniform,1,1077,,,,0.0,,0.0910041841004184,0.0
pune|pm2|3|air_quality/pune/Dr_Baba_Saheb_Ambedkar_Sethu_Junction_60,pune,pm2,static,3,air_quality/pune/Dr_Baba_Saheb_Ambedkar_Sethu_Junction_60,1,500.0,6,,1.0,8,6,p_gated_uniform,2,2077,,,,0.0,,0.0910041841004184,0.0
pune|pm2|3|air_quality/pune/Dr_Baba_Saheb_Ambedkar_Sethu_Junction_60,pune,pm2,static,3,air_quality/pune/Dr_Baba_Saheb_Ambedkar_Sethu_Junction_60,1,500.0,6,,1.0,8,6,p_gated_uniform,3,3077,,,,0.0,,0.0910041841004184,0.0
pune|pm2|3|air_quality/pune/Dr_Baba_Saheb_Ambedkar_Sethu_Junction_60,pune,pm2,static,3,air_quality/pune/Dr_Baba_Saheb_Ambedkar_Sethu_Junction_60,1,500.0,6,,1.0,8,6,p_gated_uniform,4,4077,,,,0.0,,0.0910041841004184,0.0
pune|pm2|3|air_quality/pune/Dr_Baba_Saheb_Ambedkar_Sethu_Junction_60,pune,pm2,static,3,air_quality/pune/Dr_Baba_Saheb_Ambedkar_Sethu_Junction_60,1,500.0,6,,1.0,8,6,p_gated_uniform,5,5077,,,,0.0,,0.0910041841004184,0.0
pune|pm2|3|air_quality/pune/Goodluck_Square_Cafe_23,pune,pm2,static,3,air_quality/pune/Goodluck_Square_Cafe_23,1,500.0,6,,1.0,8,6,p_gated_uniform,0,77,,,,0.0,,0.9988690981057392,0.0
pune|pm2|3|air_quality/pune/Goodluck_Square_Cafe_23,pune,pm2,static,3,air_quality/pune/Goodluck_Square_Cafe_23,1,500.0,6,,1.0,8,6,p_gated_uniform,1,1077,,,,0.0,,0.9988690981057392,0.0
pune|pm2|3|air_quality/pune/Goodluck_Square_Cafe_23,pune,pm2,static,3,air_quality/pune/Goodluck_Square_Cafe_23,1,500.0,6,,1.0,8,6,p_gated_uniform,2,2077,,,,0.0,,0.9988690981057392,0.0
pune|pm2|3|air_quality/pune/Goodluck_Square_Cafe_23,pune,pm2,static,3,air_quality/pune/Goodluck_Square_Cafe_23,1,500.0,6,,1.0,8,6,p_gated_uniform,3,3077,,,,0.0,,0.9988690981057392,0.0
pune|pm2|3|air_quality/pune/Goodluck_Square_Cafe_23,pune,pm2,static,3,air_quality/pune/Goodluck_Square_Cafe_23,1,500.0,6,,1.0,8,6,p_gated_uniform,4,4077,,,,0.0,,0.9988690981057392,0.0
pune|pm2|3|air_quality/pune/Goodluck_Square_Cafe_23,pune,pm2,static,3,air_quality/pune/Goodluck_Square_Cafe_23,1,500.0,6,,1.0,8,6,p_gated_uniform,5,5077,,,,0.0,,0.9988690981057392,0.0
pune|pm2|3|air_quality/pune/Hadapsar_Gadital_01,pune,pm2,static,3,air_quality/pune/Hadapsar_Gadital_01,1,500.0,6,,1.0,8,6,p_gated_uniform,0,77,,,,0.0,,0.9886064855390008,0.0
pune|pm2|3|air_quality/pune/Hadapsar_Gadital_01,pune,pm2,static,3,air_quality/pune/Hadapsar_Gadital_01,1,500.0,6,,1.0,8,6,p_gated_uniform,1,1077,,,,0.0,,0.9886064855390008,0.0
pune|pm2|3|air_quality/pune/Hadapsar_Gadital_01,pune,pm2,static,3,air_quality/pune/Hadapsar_Gadital_01,1,500.0,6,,1.0,8,6,p_gated_uniform,2,2077,,,,0.0,,0.9886064855390008,0.0
pune|pm2|3|air_quality/pune/Hadapsar_Gadital_01,pune,pm2,static,3,air_quality/pune/Hadapsar_Gadital_01,1,500.0,6,,1.0,8,6,p_gated_uniform,3,3077,,,,0.0,,0.9886064855390008,0.0
pune|pm2|3|air_quality/pune/Hadapsar_Gadital_01,pune,pm2,static,3,air_quality/pune/Hadapsar_Gadital_01,1,500.0,6,,1.0,8,6,p_gated_uniform,4,4077,,,,0.0,,0.9886064855390008,0.0
pune|pm2|3|air_quality/pune/Hadapsar_Gadital_01,pune,pm2,static,3,air_quality/pune/Hadapsar_Gadital_01,1,500.0,6,,1.0,8,6,p_gated_uniform,5,5077,,,,0.0,,0.9886064855390008,0.0
pune|pm2|3|air_quality/pune/Karve_Statue_Square_5,pune,pm2,static,3,air_quality/pune/Karve_Statue_Square_5,1,500.0,6,,1.0,8,6,p_gated_uniform,0,77,,,,0.0,,0.9582389122693428,0.0
pune|pm2|3|air_quality/pune/Karve_Statue_Square_5,pune,pm2,static,3,air_quality/pune/Karve_Statue_Square_5,1,500.0,6,,1.0,8,6,p_gated_uniform,1,1077,,,,0.0,,0.9582389122693428,0.0
pune|pm2|3|air_quality/pune/Karve_Statue_Square_5,pune,pm2,static,3,air_quality/pune/Karve_Statue_Square_5,1,500.0,6,,1.0,8,6,p_gated_uniform,2,2077,,,,0.0,,0.9582389122693428,0.0
pune|pm2|3|air_quality/pune/Karve_Statue_Square_5,pune,pm2,static,3,air_quality/pune/Karve_Statue_Square_5,1,500.0,6,,1.0,8,6,p_gated_uniform,3,3077,,,,0.0,,0.9582389122693428,0.0
pune|pm2|3|air_quality/pune/Karve_Statue_Square_5,pune,pm2,static,3,air_quality/pune/Karve_Statue_Square_5,1,500.0,6,,1.0,8,6,p_gated_uniform,4,4077,,,,0.0,,0.9582389122693428,0.0
pune|pm2|3|air_quality/pune/Karve_Statue_Square_5,pune,pm2,static,3,air_quality/pune/Karve_Statue_Square_5,1,500.0,6,,1.0,8,6,p_gated_uniform,5,5077,,,,0.0,,0.9582389122693428,0.0
pune|pm2|3|air_quality/pune/Lullanagar_Square_14,pune,pm2,static,3,air_quality/pune/Lullanagar_Square_14,1,500.0,6,,1.0,8,6,p_gated_uniform,0,77,,,,0.0,,0.9915377881529034,0.0
pune|pm2|3|air_quality/pune/Lullanagar_Square_14,pune,pm2,static,3,air_quality/pune/Lullanagar_Square_14,1,500.0,6,,1.0,8,6,p_gated_uniform,1,1077,,,,0.0,,0.9915377881529034,0.0
pune|pm2|3|air_quality/pune/Lullanagar_Square_14,pune,pm2,static,3,air_quality/pune/Lullanagar_Square_14,1,500.0,6,,1.0,8,6,p_gated_uniform,2,2077,,,,0.0,,0.9915377881529034,0.0
pune|pm2|3|air_quality/pune/Lullanagar_Square_14,pune,pm2,static,3,air_quality/pune/Lullanagar_Square_14,1,500.0,6,,1.0,8,6,p_gated_uniform,3,3077,,,,0.0,,0.9915377881529034,0.0
pune|pm2|3|air_quality/pune/Lullanagar_Square_14,pune,pm2,static,3,air_quality/pune/Lullanagar_Square_14,1,500.0,6,,1.0,8,6,p_gated_uniform,4,4077,,,,0.0,,0.9915377881529034,0.0
pune|pm2|3|air_quality/pune/Lullanagar_Square_14,pune,pm2,static,3,air_quality/pune/Lullanagar_Square_14,1,500.0,6,,1.0,8,6,p_gated_uniform,5,5077,,,,0.0,,0.9915377881529034,0.0
pune|pm2|3|air_quality/pune/PMPML_Bus_Depot_Deccan_15,pune,pm2,static,3,air_quality/pune/PMPML_Bus_Depot_Deccan_15,1,500.0,6,,1.0,8,6,p_gated_uniform,0,77,,,,0.0,,0.988300672711319,0.0
pune|pm2|3|air_quality/pune/PMPML_Bus_Depot_Deccan_15,pune,pm2,static,3,air_quality/pune/PMPML_Bus_Depot_Deccan_15,1,500.0,6,,1.0,8,6,p_gated_uniform,1,1077,,,,0.0,,0.988300672711319,0.0
pune|pm2|3|air_quality/pune/PMPML_Bus_Depot_Deccan_15,pune,pm2,static,3,air_quality/pune/PMPML_Bus_Depot_Deccan_15,1,500.0,6,,1.0,8,6,p_gated_uniform,2,2077,,,,0.0,,0.988300672711319,0.0
pune|pm2|3|air_quality/pune/PMPML_Bus_Depot_Deccan_15,pune,pm2,static,3,air_quality/pune/PMPML_Bus_Depot_Deccan_15,1,500.0,6,,1.0,8,6,p_gated_uniform,3,3077,,,,0.0,,0.988300672711319,0.0
pune|pm2|3|air_quality/pune/PMPML_Bus_Depot_Deccan_15,pune,pm2,static,3,air_quality/pune/PMPML_Bus_Depot_Deccan_15,1,500.0,6,,1.0,8,6,p_gated_uniform,4,4077,,,,0.0,,0.988300672711319,0.0
pune|pm2|3|air_quality/pune/PMPML_Bus_Depot_Deccan_15,pune,pm2,static,3,air_quality/pune/PMPML_Bus_Depot_Deccan_15,1,500.0,6,,1.0,8,6,p_gated_uniform,5,5077,,,,0.0,,0.988300672711319,0.0
pune|pm2|3|air_quality/pune/Pune_Railway_Station_28,pune,pm2,static,3,air_quality/pune/Pune_Railway_Station_28,1,500.0,6,,1.0,8,6,p_gated_uniform,0,77,,,,0.0,,0.981029810298103,0.0
pune|pm2|3|air_quality/pune/Pune_Railway_Station_28,pune,pm2,static,3,air_quality/pune/Pune_Railway_Station_28,1,500.0,6,,1.0,8,6,p_gated_uniform,1,1077,,,,0.0,,0.981029810298103,0.0
pune|pm2|3|air_quality/pune/Pune_Railway_Station_28,pune,pm2,static,3,air_quality/pune/Pune_Railway_Station_28,1,500.0,6,,1.0,8,6,p_gated_uniform,2,2077,,,,0.0,,0.981029810298103,0.0
pune|pm2|3|air_quality/pune/Pune_Railway_Station_28,pune,pm2,static,3,air_quality/pune/Pune_Railway_Station_28,1,500.0,6,,1.0,8,6,p_gated_uniform,3,3077,,,,0.0,,0.981029810298103,0.0
pune|pm2|3|air_quality/pune/Pune_Railway_Station_28,pune,pm2,static,3,air_quality/pune/Pune_Railway_Station_28,1,500.0,6,,1.0,8,6,p_gated_uniform,4,4077,,,,0.0,,0.981029810298103,0.0
pune|pm2|3|air_quality/pune/Pune_Railway_Station_28,pune,pm2,static,3,air_quality/pune/Pune_Railway_Station_28,1,500.0,6,,1.0,8,6,p_gated_uniform,5,5077,,,,0.0,,0.981029810298103,0.0
pune|pm2|3|air_quality/pune/Rajashri_Shahu_Bus_stand_19,pune,pm2,static,3,air_quality/pune/Rajashri_Shahu_Bus_stand_19,1,500.0,6,,1.0,8,6,p_gated_uniform,0,77,,,,0.0,,0.9985855728429984,0.0
pune|pm2|3|air_quality/pune/Rajashri_Shahu_Bus_stand_19,pune,pm2,static,3,air_quality/pune/Rajashri_Shahu_Bus_stand_19,1,500.0,6,,1.0,8,6,p_gated_uniform,1,1077,,,,0.0,,0.9985855728429984,0.0
pune|pm2|3|air_quality/pune/Rajashri_Shahu_Bus_stand_19,pune,pm2,static,3,air_quality/pune/Rajashri_Shahu_Bus_stand_19,1,500.0,6,,1.0,8,6,p_gated_uniform,2,2077,,,,0.0,,0.9985855728429984,0.0
pune|pm2|3|air_quality/pune/Rajashri_Shahu_Bus_stand_19,pune,pm2,static,3,air_quality/pune/Rajashri_Shahu_Bus_stand_19,1,500.0,6,,1.0,8,6,p_gated_uniform,3,3077,,,,0.0,,0.9985855728429984,0.0
pune|pm2|3|air_quality/pune/Rajashri_Shahu_Bus_stand_19,pune,pm2,static,3,air_quality/pune/Rajashri_Shahu_Bus_stand_19,1,500.0,6,,1.0,8,6,p_gated_uniform,4,4077,,,,0.0,,0.9985855728429984,0.0
pune|pm2|3|air_quality/pune/Rajashri_Shahu_Bus_stand_19,pune,pm2,static,3,air_quality/pune/Rajashri_Shahu_Bus_stand_19,1,500.0,6,,1.0,8,6,p_gated_uniform,5,5077,,,,0.0,,0.9985855728429984,0.0
pune|pm2|4|air_quality/pune/BopadiSquare_65/pm2,pune,pm2,static,4,air_quality/pune/BopadiSquare_65/pm2,1,500.0,6,,1.0,8,6,p_gated_uniform,0,77,,,,0.0,,0.6998368678629691,0.0
pune|pm2|4|air_quality/pune/BopadiSquare_65/pm2,pune,pm2,static,4,air_quality/pune/BopadiSquare_65/pm2,1,500.0,6,,1.0,8,6,p_gated_uniform,1,1077,,,,0.0,,0.6998368678629691,0.0
pune|pm2|4|air_quality/pune/BopadiSquare_65/pm2,pune,pm2,static,4,air_quality/pune/BopadiSquare_65/pm2,1,500.0,6,,1.0,8,6,p_gated_uniform,2,2077,,,,0.0,,0.6998368678629691,0.0
pune|pm2|4|air_quality/pune/BopadiSquare_65/pm2,pune,pm2,static,4,air_quality/pune/BopadiSquare_65/pm2,1,500.0,6,,1.0,8,6,p_gated_uniform,3,3077,,,,0.0,,0.6998368678629691,0.0
pune|pm2|4|air_quality/pune/BopadiSquare_65/pm2,pune,pm2,static,4,air_quality/pune/BopadiSquare_65/pm2,1,500.0,6,,1.0,8,6,p_gated_uniform,4,4077,,,,0.0,,0.6998368678629691,0.0
pune|pm2|4|air_quality/pune/BopadiSquare_65/pm2,pune,pm2,static,4,air_quality/pune/BopadiSquare_65/pm2,1,500.0,6,,1.0,8,6,p_gated_uniform,5,5077,,,,0.0,,0.6998368678629691,0.0
pune|pm2|4|air_quality/pune/Chitale_Bandhu_Corner_41/pm2,pune,pm2,static,4,air_quality/pune/Chitale_Bandhu_Corner_41/pm2,1,500.0,6,,1.0,8,6,p_gated_uniform,0,77,,,,0.0,,0.9674317617866004,0.0
pune|pm2|4|air_quality/pune/Chitale_Bandhu_Corner_41/pm2,pune,pm2,static,4,air_quality/pune/Chitale_Bandhu_Corner_41/pm2,1,500.0,6,,1.0,8,6,p_gated_uniform,1,1077,,,,0.0,,0.9674317617866004,0.0
pune|pm2|4|air_quality/pune/Chitale_Bandhu_Corner_41/pm2,pune,pm2,static,4,air_quality/pune/Chitale_Bandhu_Corner_41/pm2,1,500.0,6,,1.0,8,6,p_gated_uniform,2,2077,,,,0.0,,0.9674317617866004,0.0
pune|pm2|4|air_quality/pune/Chitale_Bandhu_Corner_41/pm2,pune,pm2,static,4,air_quality/pune/Chitale_Bandhu_Corner_41/pm2,1,500.0,6,,1.0,8,6,p_gated_uniform,3,3077,,,,0.0,,0.9674317617866004,0.0
pune|pm2|4|air_quality/pune/Chitale_Bandhu_Corner_41/pm2,pune,pm2,static,4,air_quality/pune/Chitale_Bandhu_Corner_41/pm2,1,500.0,6,,1.0,8,6,p_gated_uniform,4,4077,,,,0.0,,0.9674317617866004,0.0
pune|pm2|4|air_quality/pune/Chitale_Bandhu_Corner_41/pm2,pune,pm2,static,4,air_quality/pune/Chitale_Bandhu_Corner_41/pm2,1,500.0,6,,1.0,8,6,p_gated_uniform,5,5077,,,,0.0,,0.9674317617866004,0.0
pune|pm2|4|air_quality/pune/Dr_Baba_Saheb_Ambedkar_Sethu_Junction_60/pm2,pune,pm2,static,4,air_quality/pune/Dr_Baba_Saheb_Ambedkar_Sethu_Junction_60/pm2,1,500.0,6,,1.0,8,6,p_gated_uniform,0,77,,,,0.0,,0.0910041841004184,0.0
pune|pm2|4|air_quality/pune/Dr_Baba_Saheb_Ambedkar_Sethu_Junction_60/pm2,pune,pm2,static,4,air_quality/pune/Dr_Baba_Saheb_Ambedkar_Sethu_Junction_60/pm2,1,500.0,6,,1.0,8,6,p_gated_uniform,1,1077,,,,0.0,,0.0910041841004184,0.0
pune|pm2|4|air_quality/pune/Dr_Baba_Saheb_Ambedkar_Sethu_Junction_60/pm2,pune,pm2,static,4,air_quality/pune/Dr_Baba_Saheb_Ambedkar_Sethu_Junction_60/pm2,1,500.0,6,,1.0,8,6,p_gated_uniform,2,2077,,,,0.0,,0.0910041841004184,0.0
pune|pm2|4|air_quality/pune/Dr_Baba_Saheb_Ambedkar_Sethu_Junction_60/pm2,pune,pm2,static,4,air_quality/pune/Dr_Baba_Saheb_Ambedkar_Sethu_Junction_60/pm2,1,500.0,6,,1.0,8,6,p_gated_uniform,3,3077,,,,0.0,,0.0910041841004184,0.0
pune|pm2|4|air_quality/pune/Dr_Baba_Saheb_Ambedkar_Sethu_Junction_60/pm2,pune,pm2,static,4,air_quality/pune/Dr_Baba_Saheb_Ambedkar_Sethu_Junction_60/pm2,1,500.0,6,,1.0,8,6,p_gated_uniform,4,4077,,,,0.0,,0.0910041841004184,0.0
pune|pm2|4|air_quality/pune/Dr_Baba_Saheb_Ambedkar_Sethu_Junction_60/pm2,pune,pm2,static,4,air_quality/pune/Dr_Baba_Saheb_Ambedkar_Sethu_Junction_60/pm2,1,500.0,6,,1.0,8,6,p_gated_uniform,5,5077,,,,0.0,,0.0910041841004184,0.0
pune|pm2|4|air_quality/pune/Goodluck_Square_Cafe_23/pm2,pune,pm2,static,4,air_quality/pune/Goodluck_Square_Cafe_23/pm2,1,500.0,6,,1.0,8,6,p_gated_uniform,0,77,,,,0.0,,0.9988690981057392,0.0
pune|pm2|4|air_quality/pune/Goodluck_Square_Cafe_23/pm2,pune,pm2,static,4,air_quality/pune/Goodluck_Square_Cafe_23/pm2,1,500.0,6,,1.0,8,6,p_gated_uniform,1,1077,,,,0.0,,0.9988690981057392,0.0
pune|pm2|4|air_quality/pune/Goodluck_Square_Cafe_23/pm2,pune,pm2,static,4,air_quality/pune/Goodluck_Square_Cafe_23/pm2,1,500.0,6,,1.0,8,6,p_gated_uniform,2,2077,,,,0.0,,0.9988690981057392,0.0
pune|pm2|4|air_quality/pune/Goodluck_Square_Cafe_23/pm2,pune,pm2,static,4,air_quality/pune/Goodluck_Square_Cafe_23/pm2,1,500.0,6,,1.0,8,6,p_gated_uniform,3,3077,,,,0.0,,0.9988690981057392,0.0
pune|pm2|4|air_quality/pune/Goodluck_Square_Cafe_23/pm2,pune,pm2,static,4,air_quality/pune/Goodluck_Square_Cafe_23/pm2,1,500.0,6,,1.0,8,6,p_gated_uniform,4,4077,,,,0.0,,0.9988690981057392,0.0
pune|pm2|4|air_quality/pune/Goodluck_Square_Cafe_23/pm2,pune,pm2,static,4,air_quality/pune/Goodluck_Square_Cafe_23/pm2,1,500.0,6,,1.0,8,6,p_gated_uniform,5,5077,,,,0.0,,0.9988690981057392,0.0
pune|pm2|4|air_quality/pune/Hadapsar_Gadital_01/pm2,pune,pm2,static,4,air_quality/pune/Hadapsar_Gadital_01/pm2,1,500.0,6,,1.0,8,6,p_gated_uniform,0,77,,,,0.0,,0.9886064855390008,0.0
pune|pm2|4|air_quality/pune/Hadapsar_Gadital_01/pm2,pune,pm2,static,4,air_quality/pune/Hadapsar_Gadital_01/pm2,1,500.0,6,,1.0,8,6,p_gated_uniform,1,1077,,,,0.0,,0.9886064855390008,0.0
pune|pm2|4|air_quality/pune/Hadapsar_Gadital_01/pm2,pune,pm2,static,4,air_quality/pune/Hadapsar_Gadital_01/pm2,1,500.0,6,,1.0,8,6,p_gated_uniform,2,2077,,,,0.0,,0.9886064855390008,0.0
pune|pm2|4|air_quality/pune/Hadapsar_Gadital_01/pm2,pune,pm2,static,4,air_quality/pune/Hadapsar_Gadital_01/pm2,1,500.0,6,,1.0,8,6,p_gated_uniform,3,3077,,,,0.0,,0.9886064855390008,0.0
pune|pm2|4|air_quality/pune/Hadapsar_Gadital_01/pm2,pune,pm2,static,4,air_quality/pune/Hadapsar_Gadital_01/pm2,1,500.0,6,,1.0,8,6,p_gated_uniform,4,4077,,,,0.0,,0.9886064855390008,0.0
pune|pm2|4|air_quality/pune/Hadapsar_Gadital_01/pm2,pune,pm2,static,4,air_quality/pune/Hadapsar_Gadital_01/pm2,1,500.0,6,,1.0,8,6,p_gated_uniform,5,5077,,,,0.0,,0.9886064855390008,0.0
pune|pm2|4|air_quality/pune/Karve_Statue_Square_5/pm2,pune,pm2,static,4,air_quality/pune/Karve_Statue_Square_5/pm2,1,500.0,6,,1.0,8,6,p_gated_uniform,0,77,,,,0.0,,0.9582389122693428,0.0
pune|pm2|4|air_quality/pune/Karve_Statue_Square_5/pm2,pune,pm2,static,4,air_quality/pune/Karve_Statue_Square_5/pm2,1,500.0,6,,1.0,8,6,p_gated_uniform,1,1077,,,,0.0,,0.9582389122693428,0.0
pune|pm2|4|air_quality/pune/Karve_Statue_Square_5/pm2,pune,pm2,static,4,air_quality/pune/Karve_Statue_Square_5/pm2,1,500.0,6,,1.0,8,6,p_gated_uniform,2,2077,,,,0.0,,0.9582389122693428,0.0
pune|pm2|4|air_quality/pune/Karve_Statue_Square_5/pm2,pune,pm2,static,4,air_quality/pune/Karve_Statue_Square_5/pm2,1,500.0,6,,1.0,8,6,p_gated_uniform,3,3077,,,,0.0,,0.9582389122693428,0.0
pune|pm2|4|air_quality/pune/Karve_Statue_Square_5/pm2,pune,pm2,static,4,air_quality/pune/Karve_Statue_Square_5/pm2,1,500.0,6,,1.0,8,6,p_gated_uniform,4,4077,,,,0.0,,0.9582389122693428,0.0
pune|pm2|4|air_quality/pune/Karve_Statue_Square_5/pm2,pune,pm2,static,4,air_quality/pune/Karve_Statue_Square_5/pm2,1,500.0,6,,1.0,8,6,p_gated_uniform,5,5077,,,,0.0,,0.9582389122693428,0.0
pune|pm2|4|air_quality/pune/Lullanagar_Square_14/pm2,pune,pm2,static,4,air_quality/pune/Lullanagar_Square_14/pm2,1,500.0,6,,1.0,8,6,p_gated_uniform,0,77,,,,0.0,,0.9915377881529034,0.0
pune|pm2|4|air_quality/pune/Lullanagar_Square_14/pm2,pune,pm2,static,4,air_quality/pune/Lullanagar_Square_14/pm2,1,500.0,6,,1.0,8,6,p_gated_uniform,1,1077,,,,0.0,,0.9915377881529034,0.0
pune|pm2|4|air_quality/pune/Lullanagar_Square_14/pm2,pune,pm2,static,4,air_quality/pune/Lullanagar_Square_14/pm2,1,500.0,6,,1.0,8,6,p_gated_uniform,2,2077,,,,0.0,,0.9915377881529034,0.0
pune|pm2|4|air_quality/pune/Lullanagar_Square_14/pm2,pune,pm2,static,4,air_quality/pune/Lullanagar_Square_14/pm2,1,500.0,6,,1.0,8,6,p_gated_uniform,3,3077,,,,0.0,,0.9915377881529034,0.0
pune|pm2|4|air_quality/pune/Lullanagar_Square_14/pm2,pune,pm2,static,4,air_quality/pune/Lullanagar_Square_14/pm2,1,500.0,6,,1.0,8,6,p_gated_uniform,4,4077,,,,0.0,,0.9915377881529034,0.0
pune|pm2|4|air_quality/pune/Lullanagar_Square_14/pm2,pune,pm2,static,4,air_quality/pune/Lullanagar_Square_14/pm2,1,500.0,6,,1.0,8,6,p_gated_uniform,5,5077,,,,0.0,,0.9915377881529034,0.0
pune|pm2|4|air_quality/pune/PMPML_Bus_Depot_Deccan_15/pm2,pune,pm2,static,4,air_quality/pune/PMPML_Bus_Depot_Deccan_15/pm2,1,500.0,6,,1.0,8,6,p_gated_uniform,0,77,,,,0.0,,0.988300672711319,0.0
pune|pm2|4|air_quality/pune/PMPML_Bus_Depot_Deccan_15/pm2,pune,pm2,static,4,air_quality/pune/PMPML_Bus_Depot_Deccan_15/pm2,1,500.0,6,,1.0,8,6,p_gated_uniform,1,1077,,,,0.0,,0.988300672711319,0.0
pune|pm2|4|air_quality/pune/PMPML_Bus_Depot_Deccan_15/pm2,pune,pm2,static,4,air_quality/pune/PMPML_Bus_Depot_Deccan_15/pm2,1,500.0,6,,1.0,8,6,p_gated_uniform,2,2077,,,,0.0,,0.988300672711319,0.0
pune|pm2|4|air_quality/pune/PMPML_Bus_Depot_Deccan_15/pm2,pune,pm2,static,4,air_quality/pune/PMPML_Bus_Depot_Deccan_15/pm2,1,500.0,6,,1.0,8,6,p_gated_uniform,3,3077,,,,0.0,,0.988300672711319,0.0
pune|pm2|4|air_quality/pune/PMPML_Bus_Depot_Deccan_15/pm2,pune,pm2,static,4,air_quality/pune/PMPML_Bus_Depot_Deccan_15/pm2,1,500.0,6,,1.0,8,6,p_gated_uniform,4,4077,,,,0.0,,0.988300672711319,0.0
pune|pm2|4|air_quality/pune/PMPML_Bus_Depot_Deccan_15/pm2,pune,pm2,static,4,air_quality/pune/PMPML_Bus_Depot_Deccan_15/pm2,1,500.0,6,,1.0,8,6,p_gated_uniform,5,5077,,,,0.0,,0.988300672711319,0.0
pune|pm2|4|air_quality/pune/Pune_Railway_Station_28/pm2,pune,pm2,static,4,air_quality/pune/Pune_Railway_Station_28/pm2,1,500.0,6,,1.0,8,6,p_gated_uniform,0,77,,,,0.0,,0.981029810298103,0.0
pune|pm2|4|air_quality/pune/Pune_Railway_Station_28/pm2,pune,pm2,static,4,air_quality/pune/Pune_Railway_Station_28/pm2,1,500.0,6,,1.0,8,6,p_gated_uniform,1,1077,,,,0.0,,0.981029810298103,0.0
pune|pm2|4|air_quality/pune/Pune_Railway_Station_28/pm2,pune,pm2,static,4,air_quality/pune/Pune_Railway_Station_28/pm2,1,500.0,6,,1.0,8,6,p_gated_uniform,2,2077,,,,0.0,,0.981029810298103,0.0
pune|pm2|4|air_quality/pune/Pune_Railway_Station_28/pm2,pune,pm2,static,4,air_quality/pune/Pune_Railway_Station_28/pm2,1,500.0,6,,1.0,8,6,p_gated_uniform,3,3077,,,,0.0,,0.981029810298103,0.0
pune|pm2|4|air_quality/pune/Pune_Railway_Station_28/pm2,pune,pm2,static,4,air_quality/pune/Pune_Railway_Station_28/pm2,1,500.0,6,,1.0,8,6,p_gated_uniform,4,4077,,,,0.0,,0.981029810298103,0.0
pune|pm2|4|air_quality/pune/Pune_Railway_Station_28/pm2,pune,pm2,static,4,air_quality/pune/Pune_Railway_Station_28/pm2,1,500.0,6,,1.0,8,6,p_gated_uniform,5,5077,,,,0.0,,0.981029810298103,0.0
pune|pm2|4|air_quality/pune/Rajashri_Shahu_Bus_stand_19/pm2,pune,pm2,static,4,air_quality/pune/Rajashri_Shahu_Bus_stand_19/pm2,1,500.0,6,,1.0,8,6,p_gated_uniform,0,77,,,,0.0,,0.9985855728429984,0.0
pune|pm2|4|air_quality/pune/Rajashri_Shahu_Bus_stand_19/pm2,pune,pm2,static,4,air_quality/pune/Rajashri_Shahu_Bus_stand_19/pm2,1,500.0,6,,1.0,8,6,p_gated_uniform,1,1077,,,,0.0,,0.9985855728429984,0.0
pune|pm2|4|air_quality/pune/Rajashri_Shahu_Bus_stand_19/pm2,pune,pm2,static,4,air_quality/pune/Rajashri_Shahu_Bus_stand_19/pm2,1,500.0,6,,1.0,8,6,p_gated_uniform,2,2077,,,,0.0,,0.9985855728429984,0.0
pune|pm2|4|air_quality/pune/Rajashri_Shahu_Bus_stand_19/pm2,pune,pm2,static,4,air_quality/pune/Rajashri_Shahu_Bus_stand_19/pm2,1,500.0,6,,1.0,8,6,p_gated_uniform,3,3077,,,,0.0,,0.9985855728429984,0.0
pune|pm2|4|air_quality/pune/Rajashri_Shahu_Bus_stand_19/pm2,pune,pm2,static,4,air_quality/pune/Rajashri_Shahu_Bus_stand_19/pm2,1,500.0,6,,1.0,8,6,p_gated_uniform,4,4077,,,,0.0,,0.9985855728429984,0.0
pune|pm2|4|air_quality/pune/Rajashri_Shahu_Bus_stand_19/pm2,pune,pm2,static,4,air_quality/pune/Rajashri_Shahu_Bus_stand_19/pm2,1,500.0,6,,1.0,8,6,p_gated_uniform,5,5077,,,,0.0,,0.9985855728429984,0.0
pune|humidity|1|air_quality,pune,humidity,static,1,air_quality,10,100.0,6,,1.0,8,6,p_gated_uniform,0,77,1.0426252564358,104.26252564358,0.5264323182778893,0.9598765432098766,0.129145729226115,7.677328843995511,0.0
pune|humidity|1|air_quality,pune,humidity,static,1,air_quality,10,100.0,6,,1.0,8,6,p_gated_uniform,1,1077,1.04973161945282,104.97316194528202,0.8977740503978383,0.9598765432098766,0.129145729226115,7.677328843995511,0.0
pune|humidity|1|air_quality,pune,humidity,static,1,air_quality,10,100.0,6,,1.0,8,6,p_gated_uniform,2,2077,1.022033548084996,102.2033548084996,0.4686489618520168,0.9598765432098766,0.129145729226115,7.677328843995511,0.0
pune|humidity|1|air_quality,pune,humidity,static,1,air_quality,10,100.0,6,,1.0,8,6,p_gated_uniform,3,3077,1.0397057362907998,103.97057362907998,0.6697661889565749,0.9598765432098766,0.129145729226115,7.677328843995511,0.0
pune|humidity|1|air_quality,pune,humidity,static,1,air_quality,10,100.0,6,,1.0,8,6,p_gated_uniform,4,4077,1.0775338924911722,107.75338924911722,0.8075760147301108,0.9598765432098766,0.129145729226115,7.677328843995511,0.0
pune|humidity|1|air_quality,pune,humidity,static,1,air_quality,10,100.0,6,,1.0,8,6,p_gated_uniform,5,5077,1.0847437368901984,108.47437368901984,0.6704001594272038,0.9598765432098766,0.129145729226115,7.677328843995511,0.0
pune|humidity|2|air_quality/pune,pune,humidity,static,2,air_quality/pune,10,100.0,6,,1.0,8,6,p_gated_uniform,0,77,1.0426252564358,104.26252564358,0.5264323182778893,0.9598765432098766,0.129145729226115,7.677328843995511,0.0
pune|humidity|2|air_quality/pune,pune,humidity,static,2,air_quality/pune,10,100.0,6,,1.0,8,6,p_gated_uniform,1,1077,1.04973161945282,104.97316194528202,0.8977740503978383,0.9598765432098766,0.129145729226115,7.677328843995511,0.0
pune|humidity|2|air_quality/pune,pune,humidity,static,2,air_quality/pune,10,100.0,6,,1.0,8,6,p_gated_uniform,2,2077,1.022033548084996,102.2033548084996,0.4686489618520168,0.9598765432098766,0.129145729226115,7.677328843995511,0.0
pune|humidity|2|air_quality/pune,pune,humidity,static,2,air_quality/pune,10,100.0,6,,1.0,8,6,p_gated_uniform,3,3077,1.0397057362907998,103.97057362907998,0.6697661889565749,0.9598765432098766,0.129145729226115,7.677328843995511,0.0
pune|humidity|2|air_quality/pune,pune,humidity,static,2,air_quality/pune,10,100.0,6,,1.0,8,6,p_gated_uniform,4,4077,1.0775338924911722,107.75338924911722,0.8075760147301108,0.9598765432098766,0.129145729226115,7.677328843995511,0.0
pune|humidity|2|air_quality/pune,pune,humidity,static,2,air_quality/pune,10,100.0,6,,1.0,8,6,p_gated_uniform,5,5077,1.0847437368901984,108.47437368901984,0.6704001594272038,0.9598765432098766,0.129145729226115,7.677328843995511,0.0
pune|humidity|3|air_quality/pune/BopadiSquare_65,pune,humidity,static,3,air_quality/pune/BopadiSquare_65,1,100.0,6,,1.0,8,6,p_gated_uniform,0,77,,,,0.0,,0.689540675152186,0.0
pune|humidity|3|air_quality/pune/BopadiSquare_65,pune,humidity,static,3,air_quality/pune/BopadiSquare_65,1,100.0,6,,1.0,8,6,p_gated_uniform,1,1077,,,,0.0,,0.689540675152186,0.0
pune|humidity|3|air_quality/pune/BopadiSquare_65,pune,humidity,static,3,air_quality/pune/BopadiSquare_65,1,100.0,6,,1.0,8,6,p_gated_uniform,2,2077,,,,0.0,,0.689540675152186,0.0
pune|humidity|3|air_quality/pune/BopadiSquare_65,pune,humidity,static,3,air_quality/pune/BopadiSquare_65,1,100.0,6,,1.0,8,6,p_gated_uniform,3,3077,,,,0.0,,0.689540675152186,0.0
pune|humidity|3|air_quality/pune/BopadiSquare_65,pune,humidity,static,3,air_quality/pune/BopadiSquare_65,1,100.0,6,,1.0,8,6,p_gated_uniform,4,4077,,,,0.0,,0.689540675152186,0.0
pune|humidity|3|air_quality/pune/BopadiSquare_65,pune,humidity,static,3,air_quality/pune/BopadiSquare_65,1,100.0,6,,1.0,8,6,p_gated_uniform,5,5077,,,,0.0,,0.689540675152186,0.0
pune|humidity|3|air_quality/pune/Chitale_Bandhu_Corner_41,pune,humidity,static,3,air_quality/pune/Chitale_Bandhu_Corner_41,1,100.0,6,,1.0,8,6,p_gated_uniform,0,77,,,,0.0,,0.995137299771167,0.0
pune|humidity|3|air_quality/pune/Chitale_Bandhu_Corner_41,pune,humidity,static,3,air_quality/pune/Chitale_Bandhu_Corner_41,1,100.0,6,,1.0,8,6,p_gated_uniform,1,1077,,,,0.0,,0.995137299771167,0.0
pune|humidity|3|air_quality/pune/Chitale_Bandhu_Corner_41,pune,humidity,static,3,air_quality/pune/Chitale_Bandhu_Corner_41,1,100.0,6,,1.0,8,6,p_gated_uniform,2,2077,,,,0.0,,0.995137299771167,0.0
pune|humidity|3|air_quality/pune/Chitale_Bandhu_Corner_41,pune,humidity,static,3,air_quality/pune/Chitale_Bandhu_Corner_41,1,100.0,6,,1.0,8,6,p_gated_uniform,3,3077,,,,0.0,,0.995137299771167,0.0
pune|humidity|3|air_quality/pune/Chitale_Bandhu_Corner_41,pune,humidity,static,3,air_quality/pune/Chitale_Bandhu_Corner_41,1,100.0,6,,1.0,8,6,p_gated_uniform,4,4077,,,,0.0,,0.995137299771167,0.0
pune|humidity|3|air_quality/pune/Chitale_Bandhu_Corner_41,pune,humidity,static,3,air_quality/pune/Chitale_Bandhu_Corner_41,1,100.0,6,,1.0,8,6,p_gated_uniform,5,5077,,,,0.0,,0.995137299771167,0.0
pune|humidity|3|air_quality/pune/Dr_Baba_Saheb_Ambedkar_Sethu_Junction_60,pune,humidity,static,3,air_quality/pune/Dr_Baba_Saheb_Ambedkar_Sethu_Junction_60,1,100.0,6,,1.0,8,6,p_gated_uniform,0,77,,,,0.0,,0.0910041841004184,0.0
pune|humidity|3|air_quality/pune/Dr_Baba_Saheb_Ambedkar_Sethu_Junction_60,pune,humidity,static,3,air_quality/pune/Dr_Baba_Saheb_Ambedkar_Sethu_Junction_60,1,100.0,6,,1.0,8,6,p_gated_uniform,1,1077,,,,0.0,,0.0910041841004184,0.0
pune|humidity|3|air_quality/pune/Dr_Baba_Saheb_Ambedkar_Sethu_Junction_60,pune,humidity,static,3,air_quality/pune/Dr_Baba_Saheb_Ambedkar_Sethu_Junction_60,1,100.0,6,,1.0,8,6,p_gated_uniform,2,2077,,,,0.0,,0.0910041841004184,0.0
pune|humidity|3|air_quality/pune/Dr_Baba_Saheb_Ambedkar_Sethu_Junction_60,pune,humidity,static,3,air_quality/pune/Dr_Baba_Saheb_Ambedkar_Sethu_Junction_60,1,100.0,6,,1.0,8,6,p_gated_uniform,3,3077,,,,0.0,,0.0910041841004184,0.0
pune|humidity|3|air_quality/pune/Dr_Baba_Saheb_Ambedkar_Sethu_Junction_60,pune,humidity,static,3,air_quality/pune/Dr_Baba_Saheb_Ambedkar_Sethu_Junction_60,1,100.0,6,,1.0,8,6,p_gated_uniform,4,4077,,,,0.0,,0.0910041841004184,0.0
pune|humidity|3|air_quality/pune/Dr_Baba_Saheb_Ambedkar_Sethu_Junction_60,pune,humidity,static,3,air_quality/pune/Dr_Baba_Saheb_Ambedkar_Sethu_Junction_60,1,100.0,6,,1.0,8,6,p_gated_uniform,5,5077,,,,0.0,,0.0910041841004184,0.0
pune|humidity|3|air_quality/pune/Goodluck_Square_Cafe_23,pune,humidity,static,3,air_quality/pune/Goodluck_Square_Cafe_23,1,100.0,6,,1.0,8,6,p_gated_uniform,0,77,,,,0.0,,0.9988681380871534,0.0
pune|humidity|3|air_quality/pune/Goodluck_Square_Cafe_23,pune,humidity,static,3,air_quality/pune/Goodluck_Square_Cafe_23,1,100.0,6,,1.0,8,6,p_gated_uniform,1,1077,,,,0.0,,0.9988681380871534,0.0
pune|humidity|3|air_quality/pune/Goodluck_Square_Cafe_23,pune,humidity,static,3,air_quality/pune/Goodluck_Square_Cafe_23,1,100.0,6,,1.0,8,6,p_gated_uniform,2,2077,,,,0.0,,0.9988681380871534,0.0
pune|humidity|3|air_quality/pune/Goodluck_Square_Cafe_23,pune,humidity,static,3,air_quality/pune/Goodluck_Square_Cafe_23,1,100.0,6,,1.0,8,6,p_gated_uniform,3,3077,,,,0.0,,0.9988681380871534,0.0
pune|humidity|3|air_quality/pune/Goodluck_Square_Cafe_23,pune,humidity,static,3,air_quality/pune/Goodluck_Square_Cafe_23,1,100.0,6,,1.0,8,6,p_gated_uniform,4,4077,,,,0.0,,0.9988681380871534,0.0
pune|humidity|3|air_quality/pune/Goodluck_Square_Cafe_23,pune,humidity,static,3,air_quality/pune/Goodluck_Square_Cafe_23,1,100.0,6,,1.0,8,6,p_gated_uniform,5,5077,,,,0.0,,0.9988681380871534,0.0
pune|humidity|3|air_quality/pune/Hadapsar_Gadital_01,pune,humidity,static,3,air_quality/pune/Hadapsar_Gadital_01,1,100.0,6,,1.0,8,6,p_gated_uniform,0,77,,,,0.0,,0.986470588235294,0.0
pune|humidity|3|air_quality/pune/Hadapsar_Gadital_01,pune,humidity,static,3,air_quality/pune/Hadapsar_Gadital_01,1,100.0,6,,1.0,8,6,p_gated_uniform,1,1077,,,,0.0,,0.986470588235294,0.0
pune|humidity|3|air_quality/pune/Hadapsar_Gadital_01,pune,humidity,static,3,air_quality/pune/Hadapsar_Gadital_01,1,100.0,6,,1.0,8,6,p_gated_uniform,2,2077,,,,0.0,,0.986470588235294,0.0
pune|humidity|3|air_quality/pune/Hadapsar_Gadital_01,pune,humidity,static,3,air_quality/pune/Hadapsar_Gadital_01,1,100.0,6,,1.0,8,6,p_gated_uniform,3,3077,,,,0.0,,0.986470588235294,0.0
pune|humidity|3|air_quality/pune/Hadapsar_Gadital_01,pune,humidity,static,3,air_quality/pune/Hadapsar_Gadital_01,1,100.0,6,,1.0,8,6,p_gated_uniform,4,4077,,,,0.0,,0.986470588235294,0.0
pune|humidity|3|air_quality/pune/Hadapsar_Gadital_01,pune,humidity,static,3,air_quality/pune/Hadapsar_Gadital_01,1,100.0,6,,1.0,8,6,p_gated_uniform,5,5077,,,,0.0,,0.986470588235294,0.0
pune|humidity|3|air_quality/pune/Karve_Statue_Square_5,pune,humidity,static,3,air_quality/pune/Karve_Statue_Square_5,1,100.0,6,,1.0,8,6,p_gated_uniform,0,77,,,,0.0,,0.9805884137094328,0.0
pune|humidity|3|air_quality/pune/Karve_Statue_Square_5,pune,humidity,static,3,air_quality/pune/Karve_Statue_Square_5,1,100.0,6,,1.0,8,6,p_gated_uniform,1,1077,,,,0.0,,0.9805884137094328,0.0
pune|humidity|3|air_quality/pune/Karve_Statue_Square_5,pune,humidity,static,3,air_quality/pune/Karve_Statue_Square_5,1,100.0,6,,1.0,8,6,p_gated_uniform,2,2077,,,,0.0,,0.9805884137094328,0.0
pune|humidity|3|air_quality/pune/Karve_Statue_Square_5,pune,humidity,static,3,air_quality/pune/Karve_Statue_Square_5,1,100.0,6,,1.0,8,6,p_gated_uniform,3,3077,,,,0.0,,0.9805884137094328,0.0
pune|humidity|3|air_quality/pune/Karve_Statue_Square_5,pune,humidity,static,3,air_quality/pune/Karve_Statue_Square_5,1,100.0,6,,1.0,8,6,p_gated_uniform,4,4077,,,,0.0,,0.9805884137094328,0.0
pune|humidity|3|air_quality/pune/Karve_Statue_Square_5,pune,humidity,static,3,air_quality/pune/Karve_Statue_Square_5,1,100.0,6,,1.0,8,6,p_gated_uniform,5,5077,,,,0.0,,0.9805884137094328,0.0
pune|humidity|3|air_quality/pune/Lullanagar_Square_14,pune,humidity,static,3,air_quality/pune/Lullanagar_Square_14,1,100.0,6,,1.0,8,6,p_gated_uniform,0,77,,,,0.0,,0.9909330213512724,0.0
pune|humidity|3|air_quality/pune/Lullanagar_Square_14,pune,humidity,static,3,air_quality/pune/Lullanagar_Square_14,1,100.0,6,,1.0,8,6,p_gated_uniform,1,1077,,,,0.0,,0.9909330213512724,0.0
pune|humidity|3|air_quality/pune/Lullanagar_Square_14,pune,humidity,static,3,air_quality/pune/Lullanagar_Square_14,1,100.0,6,,1.0,8,6,p_gated_uniform,2,2077,,,,0.0,,0.9909330213512724,0.0
pune|humidity|3|air_quality/pune/Lullanagar_Square_14,pune,humidity,static,3,air_quality/pune/Lullanagar_Square_14,1,100.0,6,,1.0,8,6,p_gated_uniform,3,3077,,,,0.0,,0.9909330213512724,0.0
pune|humidity|3|air_quality/pune/Lullanagar_Square_14,pune,humidity,static,3,air_quality/pune/Lullanagar_Square_14,1,100.0,6,,1.0,8,6,p_gated_uniform,4,4077,,,,0.0,,0.9909330213512724,0.0
pune|humidity|3|air_quality/pune/Lullanagar_Square_14,pune,humidity,static,3,air_quality/pune/Lullanagar_Square_14,1,100.0,6,,1.0,8,6,p_gated_uniform,5,5077,,,,0.0,,0.9909330213512724,0.0
pune|humidity|3|air_quality/pune/PMPML_Bus_Depot_Deccan_15,pune,humidity,static,3,air_quality/pune/PMPML_Bus_Depot_Deccan_15,1,100.0,6,,1.0,8,6,p_gated_uniform,0,77,,,,0.0,,0.98825601879037,0.0
pune|humidity|3|air_quality/pune/PMPML_Bus_Depot_Deccan_15,pune,humidity,static,3,air_quality/pune/PMPML_Bus_Depot_Deccan_15,1,100.0,6,,1.0,8,6,p_gated_uniform,1,1077,,,,0.0,,0.98825601879037,0.0
pune|humidity|3|air_quality/pune/PMPML_Bus_Depot_Deccan_15,pune,humidity,static,3,air_quality/pune/PMPML_Bus_Depot_Deccan_15,1,100.0,6,,1.0,8,6,p_gated_uniform,2,2077,,,,0.0,,0.98825601879037,0.0
pune|humidity|3|air_quality/pune/PMPML_Bus_Depot_Deccan_15,pune,humidity,static,3,air_quality/pune/PMPML_Bus_Depot_Deccan_15,1,100.0,6,,1.0,8,6,p_gated_uniform,3,3077,,,,0.0,,0.98825601879037,0.0
pune|humidity|3|air_quality/pune/PMPML_Bus_Depot_Deccan_15,pune,humidity,static,3,air_quality/pune/PMPML_Bus_Depot_Deccan_15,1,100.0,6,,1.0,8,6,p_gated_uniform,4,4077,,,,0.0,,0.98825601879037,0.0
pune|humidity|3|air_quality/pune/PMPML_Bus_Depot_Deccan_15,pune,humidity,static,3,air_quality/pune/PMPML_Bus_Depot_Deccan_15,1,100.0,6,,1.0,8,6,p_gated_uniform,5,5077,,,,0.0,,0.98825601879037,0.0
pune|humidity|3|air_quality/pune/Pune_Railway_Station_28,pune,humidity,static,3,air_quality/pune/Pune_Railway_Station_28,1,100.0,6,,1.0,8,6,p_gated_uniform,0,77,,,,0.0,,0.9751381215469612,0.0
pune|humidity|3|air_quality/pune/Pune_Railway_Station_28,pune,humidity,static,3,air_quality/pune/Pune_Railway_Station_28,1,100.0,6,,1.0,8,6,p_gated_uniform,1,1077,,,,0.0,,0.9751381215469612,0.0
pune|humidity|3|air_quality/pune/Pune_Railway_Station_28,pune,humidity,static,3,air_quality/pune/Pune_Railway_Station_28,1,100.0,6,,1.0,8,6,p_gated_uniform,2,2077,,,,0.0,,0.9751381215469612,0.0
pune|humidity|3|air_quality/pune/Pune_Railway_Station_28,pune,humidity,static,3,air_quality/pune/Pune_Railway_Station_28,1,100.0,6,,1.0,8,6,p_gated_uniform,3,3077,,,,0.0,,0.9751381215469612,0.0
pune|humidity|3|air_quality/pune/Pune_Railway_Station_28,pune,humidity,static,3,air_quality/pune/Pune_Railway_Station_28,1,100.0,6,,1.0,8,6,p_gated_uniform,4,4077,,,,0.0,,0.9751381215469612,0.0
pune|humidity|3|air_quality/pune/Pune_Railway_Station_28,pune,humidity,static,3,air_quality/pune/Pune_Railway_Station_28,1,100.0,6,,1.0,8,6,p_gated_uniform,5,5077,,,,0.0,,0.9751381215469612,0.0
pune|humidity|3|air_quality/pune/Rajashri_Shahu_Bus_stand_19,pune,humidity,static,3,air_quality/pune/Rajashri_Shahu_Bus_stand_19,1,100.0,6,,1.0,8,6,p_gated_uniform,0,77,,,,0.0,,0.9052098408104196,0.0
pune|humidity|3|air_quality/pune/Rajashri_Shahu_Bus_stand_19,pune,humidity,static,3,air_quality/pune/Rajashri_Shahu_Bus_stand_19,1,100.0,6,,1.0,8,6,p_gated_uniform,1,1077,,,,0.0,,0.9052098408104196,0.0
pune|humidity|3|air_quality/pune/Rajashri_Shahu_Bus_stand_19,pune,humidity,static,3,air_quality/pune/Rajashri_Shahu_Bus_stand_19,1,100.0,6,,1.0,8,6,p_gated_uniform,2,2077,,,,0.0,,0.9052098408104196,0.0
pune|humidity|3|air_quality/pune/Rajashri_Shahu_Bus_stand_19,pune,humidity,static,3,air_quality/pune/Rajashri_Shahu_Bus_stand_19,1,100.0,6,,1.0,8,6,p_gated_uniform,3,3077,,,,0.0,,0.9052098408104196,0.0
pune|humidity|3|air_quality/pune/Rajashri_Shahu_Bus_stand_19,pune,humidity,static,3,air_quality/pune/Rajashri_Shahu_Bus_stand_19,1,100.0,6,,1.0,8,6,p_gated_uniform,4,4077,,,,0.0,,0.9052098408104196,0.0
pune|humidity|3|air_quality/pune/Rajashri_Shahu_Bus_stand_19,pune,humidity,static,3,air_quality/pune/Rajashri_Shahu_Bus_stand_19,1,100.0,6,,1.0,8,6,p_gated_uniform,5,5077,,,,0.0,,0.9052098408104196,0.0
pune|humidity|4|air_quality/pune/BopadiSquare_65/humidity,pune,humidity,static,4,air_quality/pune/BopadiSquare_65/humidity,1,100.0,6,,1.0,8,6,p_gated_uniform,0,77,,,,0.0,,0.689540675152186,0.0
pune|humidity|4|air_quality/pune/BopadiSquare_65/humidity,pune,humidity,static,4,air_quality/pune/BopadiSquare_65/humidity,1,100.0,6,,1.0,8,6,p_gated_uniform,1,1077,,,,0.0,,0.689540675152186,0.0
pune|humidity|4|air_quality/pune/BopadiSquare_65/humidity,pune,humidity,static,4,air_quality/pune/BopadiSquare_65/humidity,1,100.0,6,,1.0,8,6,p_gated_uniform,2,2077,,,,0.0,,0.689540675152186,0.0
pune|humidity|4|air_quality/pune/BopadiSquare_65/humidity,pune,humidity,static,4,air_quality/pune/BopadiSquare_65/humidity,1,100.0,6,,1.0,8,6,p_gated_uniform,3,3077,,,,0.0,,0.689540675152186,0.0
pune|humidity|4|air_quality/pune/BopadiSquare_65/humidity,pune,humidity,static,4,air_quality/pune/BopadiSquare_65/humidity,1,100.0,6,,1.0,8,6,p_gated_uniform,4,4077,,,,0.0,,0.689540675152186,0.0
pune|humidity|4|air_quality/pune/BopadiSquare_65/humidity,pune,humidity,static,4,air_quality/pune/BopadiSquare_65/humidity,1,100.0,6,,1.0,8,6,p_gated_uniform,5,5077,,,,0.0,,0.689540675152186,0.0
pune|humidity|4|air_quality/pune/Chitale_Bandhu_Corner_41/humidity,pune,humidity,static,4,air_quality/pune/Chitale_Bandhu_Corner_41/humidity,1,100.0,6,,1.0,8,6,p_gated_uniform,0,77,,,,0.0,,0.995137299771167,0.0
pune|humidity|4|air_quality/pune/Chitale_Bandhu_Corner_41/humidity,pune,humidity,static,4,air_quality/pune/Chitale_Bandhu_Corner_41/humidity,1,100.0,6,,1.0,8,6,p_gated_uniform,1,1077,,,,0.0,,0.995137299771167,0.0
pune|humidity|4|air_quality/pune/Chitale_Bandhu_Corner_41/humidity,pune,humidity,static,4,air_quality/pune/Chitale_Bandhu_Corner_41/humidity,1,100.0,6,,1.0,8,6,p_gated_uniform,2,2077,,,,0.0,,0.995137299771167,0.0
pune|humidity|4|air_quality/pune/Chitale_Bandhu_Corner_41/humidity,pune,humidity,static,4,air_quality/pune/Chitale_Bandhu_Corner_41/humidity,1,100.0,6,,1.0,8,6,p_gated_uniform,3,3077,,,,0.0,,0.995137299771167,0.0
pune|humidity|4|air_quality/pune/Chitale_Bandhu_Corner_41/humidity,pune,humidity,static,4,air_quality/pune/Chitale_Bandhu_Corner_41/humidity,1,100.0,6,,1.0,8,6,p_gated_uniform,4,4077,,,,0.0,,0.995137299771167,0.0
pune|humidity|4|air_quality/pune/Chitale_Bandhu_Corner_41/humidity,pune,humidity,static,4,air_quality/pune/Chitale_Bandhu_Corner_41/humidity,1,100.0,6,,1.0,8,6,p_gated_uniform,5,5077,,,,0.0,,0.995137299771167,0.0
pune|humidity|4|air_quality/pune/Dr_Baba_Saheb_Ambedkar_Sethu_Junction_60/humidity,pune,humidity,static,4,air_quality/pune/Dr_Baba_Saheb_Ambedkar_Sethu_Junction_60/humidity,1,100.0,6,,1.0,8,6,p_gated_uniform,0,77,,,,0.0,,0.0910041841004184,0.0
pune|humidity|4|air_quality/pune/Dr_Baba_Saheb_Ambedkar_Sethu_Junction_60/humidity,pune,humidity,static,4,air_quality/pune/Dr_Baba_Saheb_Ambedkar_Sethu_Junction_60/humidity,1,100.0,6,,1.0,8,6,p_gated_uniform,1,1077,,,,0.0,,0.0910041841004184,0.0
pune|humidity|4|air_quality/pune/Dr_Baba_Saheb_Ambedkar_Sethu_Junction_60/humidity,pune,humidity,static,4,air_quality/pune/Dr_Baba_Saheb_Ambedkar_Sethu_Junction_60/humidity,1,100.0,6,,1.0,8,6,p_gated_uniform,2,2077,,,,0.0,,0.0910041841004184,0.0
pune|humidity|4|air_quality/pune/Dr_Baba_Saheb_Ambedkar_Sethu_Junction_60/humidity,pune,humidity,static,4,air_quality/pune/Dr_Baba_Saheb_Ambedkar_Sethu_Junction_60/humidity,1,100.0,6,,1.0,8,6,p_gated_uniform,3,3077,,,,0.0,,0.0910041841004184,0.0
pune|humidity|4|air_quality/pune/Dr_Baba_Saheb_Ambedkar_Sethu_Junction_60/humidity,pune,humidity,static,4,air_quality/pune/Dr_Baba_Saheb_Ambedkar_Sethu_Junction_60/humidity,1,100.0,6,,1.0,8,6,p_gated_uniform,4,4077,,,,0.0,,0.0910041841004184,0.0
pune|humidity|4|air_quality/pune/Dr_Baba_Saheb_Ambedkar_Sethu_Junction_60/humidity,pune,humidity,static,4,air_quality/pune/Dr_Baba_Saheb_Ambedkar_Sethu_Junction_60/humidity,1,100.0,6,,1.0,8,6,p_gated_uniform,5,5077,,,,0.0,,0.0910041841004184,0.0
pune|humidity|4|air_quality/pune/Goodluck_Square_Cafe_23/humidity,pune,humidity,static,4,air_quality/pune/Goodluck_Square_Cafe_23/humidity,1,100.0,6,,1.0,8,6,p_gated_uniform,0,77,,,,0.0,,0.9988681380871534,0.0
pune|humidity|4|air_quality/pune/Goodluck_Square_Cafe_23/humidity,pune,humidity,static,4,air_quality/pune/Goodluck_Square_Cafe_23/humidity,1,100.0,6,,1.0,8,6,p_gated_uniform,1,1077,,,,0.0,,0.9988681380871534,0.0
pune|humidity|4|air_quality/pune/Goodluck_Square_Cafe_23/humidity,pune,humidity,static,4,air_quality/pune/Goodluck_Square_Cafe_23/humidity,1,100.0,6,,1.0,8,6,p_gated_uniform,2,2077,,,,0.0,,0.9988681380871534,0.0
pune|humidity|4|air_quality/pune/Goodluck_Square_Cafe_23/humidity,pune,humidity,static,4,air_quality/pune/Goodluck_Square_Cafe_23/humidity,1,100.0,6,,1.0,8,6,p_gated_uniform,3,3077,,,,0.0,,0.9988681380871534,0.0
pune|humidity|4|air_quality/pune/Goodluck_Square_Cafe_23/humidity,pune,humidity,static,4,air_quality/pune/Goodluck_Square_Cafe_23/humidity,1,100.0,6,,1.0,8,6,p_gated_uniform,4,4077,,,,0.0,,0.9988681380871534,0.0
pune|humidity|4|air_quality/pune/Goodluck_Square_Cafe_23/humidity,pune,humidity,static,4,air_quality/pune/Goodluck_Square_Cafe_23/humidity,1,100.0,6,,1.0,8,6,p_gated_uniform,5,5077,,,,0.0,,0.9988681380871534,0.0
pune|humidity|4|air_quality/pune/Hadapsar_Gadital_01/humidity,pune,humidity,static,4,air_quality/pune/Hadapsar_Gadital_01/humidity,1,100.0,6,,1.0,8,6,p_gated_uniform,0,77,,,,0.0,,0.986470588235294,0.0
pune|humidity|4|air_quality/pune/Hadapsar_Gadital_01/humidity,pune,humidity,static,4,air_quality/pune/Hadapsar_Gadital_01/humidity,1,100.0,6,,1.0,8,6,p_gated_uniform,1,1077,,,,0.0,,0.986470588235294,0.0
pune|humidity|4|air_quality/pune/Hadapsar_Gadital_01/humidity,pune,humidity,static,4,air_quality/pune/Hadapsar_Gadital_01/humidity,1,100.0,6,,1.0,8,6,p_gated_uniform,2,2077,,,,0.0,,0.986470588235294,0.0
pune|humidity|4|air_quality/pune/Hadapsar_Gadital_01/humidity,pune,humidity,static,4,air_quality/pune/Hadapsar_Gadital_01/humidity,1,100.0,6,,1.0,8,6,p_gated_uniform,3,3077,,,,0.0,,0.986470588235294,0.0
pune|humidity|4|air_quality/pune/Hadapsar_Gadital_01/humidity,pune,humidity,static,4,air_quality/pune/Hadapsar_Gadital_01/humidity,1,100.0,6,,1.0,8,6,p_gated_uniform,4,4077,,,,0.0,,0.986470588235294,0.0
pune|humidity|4|air_quality/pune/Hadapsar_Gadital_01/humidity,pune,humidity,static,4,air_quality/pune/Hadapsar_Gadital_01/humidity,1,100.0,6,,1.0,8,6,p_gated_uniform,5,5077,,,,0.0,,0.986470588235294,0.0
pune|humidity|4|air_quality/pune/Karve_Statue_Square_5/humidity,pune,humidity,static,4,air_quality/pune/Karve_Statue_Square_5/humidity,1,100.0,6,,1.0,8,6,p_gated_uniform,0,77,,,,0.0,,0.9805884137094328,0.0
pune|humidity|4|air_quality/pune/Karve_Statue_Square_5/humidity,pune,humidity,static,4,air_quality/pune/Karve_Statue_Square_5/humidity,1,100.0,6,,1.0,8,6,p_gated_uniform,1,1077,,,,0.0,,0.9805884137094328,0.0
pune|humidity|4|air_quality/pune/Karve_Statue_Square_5/humidity,pune,humidity,static,4,air_quality/pune/Karve_Statue_Square_5/humidity,1,100.0,6,,1.0,8,6,p_gated_uniform,2,2077,,,,0.0,,0.9805884137094328,0.0
pune|humidity|4|air_quality/pune/Karve_Statue_Square_5/humidity,pune,humidity,static,4,air_quality/pune/Karve_Statue_Square_5/humidity,1,100.0,6,,1.0,8,6,p_gated_uniform,3,3077,,,,0.0,,0.9805884137094328,0.0
pune|humidity|4|air_quality/pune/Karve_Statue_Square_5/humidity,pune,humidity,static,4,air_quality/pune/Karve_Statue_Square_5/humidity,1,100.0,6,,1.0,8,6,p_gated_uniform,4,4077,,,,0.0,,0.9805884137094328,0.0
pune|humidity|4|air_quality/pune/Karve_Statue_Square_5/humidity,pune,humidity,static,4,air_quality/pune/Karve_Statue_Square_5/humidity,1,100.0,6,,1.0,8,6,p_gated_uniform,5,5077,,,,0.0,,0.9805884137094328,0.0
pune|humidity|4|air_quality/pune/Lullanagar_Square_14/humidity,pune,humidity,static,4,air_quality/pune/Lullanagar_Square_14/humidity,1,100.0,6,,1.0,8,6,p_gated_uniform,0,77,,,,0.0,,0.9909330213512724,0.0
pune|humidity|4|air_quality/pune/Lullanagar_Square_14/humidity,pune,humidity,static,4,air_quality/pune/Lullanagar_Square_14/humidity,1,100.0,6,,1.0,8,6,p_gated_uniform,1,1077,,,,0.0,,0.9909330213512724,0.0
pune|humidity|4|air_quality/pune/Lullanagar_Square_14/humidity,pune,humidity,static,4,air_quality/pune/Lullanagar_Square_14/humidity,1,100.0,6,,1.0,8,6,p_gated_uniform,2,2077,,,,0.0,,0.9909330213512724,0.0
pune|humidity|4|air_quality/pune/Lullanagar_Square_14/humidity,pune,humidity,static,4,air_quality/pune/Lullanagar_Square_14/humidity,1,100.0,6,,1.0,8,6,p_gated_uniform,3,3077,,,,0.0,,0.9909330213512724,0.0
pune|humidity|4|air_quality/pune/Lullanagar_Square_14/humidity,pune,humidity,static,4,air_quality/pune/Lullanagar_Square_14/humidity,1,100.0,6,,1.0,8,6,p_gated_uniform,4,4077,,,,0.0,,0.9909330213512724,0.0
pune|humidity|4|air_quality/pune/Lullanagar_Square_14/humidity,pune,humidity,static,4,air_quality/pune/Lullanagar_Square_14/humidity,1,100.0,6,,1.0,8,6,p_gated_uniform,5,5077,,,,0.0,,0.9909330213512724,0.0
pune|humidity|4|air_quality/pune/PMPML_Bus_Depot_Deccan_15/humidity,pune,humidity,static,4,air_quality/pune/PMPML_Bus_Depot_Deccan_15/humidity,1,100.0,6,,1.0,8,6,p_gated_uniform,0,77,,,,0.0,,0.98825601879037,0.0
pune|humidity|4|air_quality/pune/PMPML_Bus_Depot_Deccan_15/humidity,pune,humidity,static,4,air_quality/pune/PMPML_Bus_Depot_Deccan_15/humidity,1,100.0,6,,1.0,8,6,p_gated_uniform,1,1077,,,,0.0,,0.98825601879037,0.0
pune|humidity|4|air_quality/pune/PMPML_Bus_Depot_Deccan_15/humidity,pune,humidity,static,4,air_quality/pune/PMPML_Bus_Depot_Deccan_15/humidity,1,100.0,6,,1.0,8,6,p_gated_uniform,2,2077,,,,0.0,,0.98825601879037,0.0
pune|humidity|4|air_quality/pune/PMPML_Bus_Depot_Deccan_15/humidity,pune,humidity,static,4,air_quality/pune/PMPML_Bus_Depot_Deccan_15/humidity,1,100.0,6,,1.0,8,6,p_gated_uniform,3,3077,,,,0.0,,0.98825601879037,0.0
pune|humidity|4|air_quality/pune/PMPML_Bus_Depot_Deccan_15/humidity,pune,humidity,static,4,air_quality/pune/PMPML_Bus_Depot_Deccan_15/humidity,1,100.0,6,,1.0,8,6,p_gated_uniform,4,4077,,,,0.0,,0.98825601879037,0.0
pune|humidity|4|air_quality/pune/PMPML_Bus_Depot_Deccan_15/humidity,pune,humidity,static,4,air_quality/pune/PMPML_Bus_Depot_Deccan_15/humidity,1,100.0,6,,1.0,8,6,p_gated_uniform,5,5077,,,,0.0,,0.98825601879037,0.0
pune|humidity|4|air_quality/pune/Pune_Railway_Station_28/humidity,pune,humidity,static,4,air_quality/pune/Pune_Railway_Station_28/humidity,1,100.0,6,,1.0,8,6,p_gated_uniform,0,77,,,,0.0,,0.9751381215469612,0.0
pune|humidity|4|air_quality/pune/Pune_Railway_Station_28/humidity,pune,humidity,static,4,air_quality/pune/Pune_Railway_Station_28/humidity,1,100.0,6,,1.0,8,6,p_gated_uniform,1,1077,,,,0.0,,0.9751381215469612,0.0
pune|humidity|4|air_quality/pune/Pune_Railway_Station_28/humidity,pune,humidity,static,4,air_quality/pune/Pune_Railway_Station_28/humidity,1,100.0,6,,1.0,8,6,p_gated_uniform,2,2077,,,,0.0,,0.9751381215469612,0.0
pune|humidity|4|air_quality/pune/Pune_Railway_Station_28/humidity,pune,humidity,static,4,air_quality/pune/Pune_Railway_Station_28/humidity,1,100.0,6,,1.0,8,6,p_gated_uniform,3,3077,,,,0.0,,0.9751381215469612,0.0
pune|humidity|4|air_quality/pune/Pune_Railway_Station_28/humidity,pune,humidity,static,4,air_quality/pune/Pune_Railway_Station_28/humidity,1,100.0,6,,1.0,8,6,p_gated_uniform,4,4077,,,,0.0,,0.9751381215469612,0.0
pune|humidity|4|air_quality/pune/Pune_Railway_Station_28/humidity,pune,humidity,static,4,air_quality/pune/Pune_Railway_Station_28/humidity,1,100.0,6,,1.0,8,6,p_gated_uniform,5,5077,,,,0.0,,0.9751381215469612,0.0
pune|humidity|4|air_quality/pune/Rajashri_Shahu_Bus_stand_19/humidity,pune,humidity,static,4,air_quality/pune/Rajashri_Shahu_Bus_stand_19/humidity,1,100.0,6,,1.0,8,6,p_gated_uniform,0,77,,,,0.0,,0.9052098408104196,0.0
pune|humidity|4|air_quality/pune/Rajashri_Shahu_Bus_stand_19/humidity,pune,humidity,static,4,air_quality/pune/Rajashri_Shahu_Bus_stand_19/humidity,1,100.0,6,,1.0,8,6,p_gated_uniform,1,1077,,,,0.0,,0.9052098408104196,0.0
pune|humidity|4|air_quality/pune/Rajashri_Shahu_Bus_stand_19/humidity,pune,humidity,static,4,air_quality/pune/Rajashri_Shahu_Bus_stand_19/humidity,1,100.0,6,,1.0,8,6,p_gated_uniform,2,2077,,,,0.0,,0.9052098408104196,0.0
pune|humidity|4|air_quality/pune/Rajashri_Shahu_Bus_stand_19/humidity,pune,humidity,static,4,air_quality/pune/Rajashri_Shahu_Bus_stand_19/humidity,1,100.0,6,,1.0,8,6,p_gated_uniform,3,3077,,,,0.0,,0.9052098408104196,0.0
pune|humidity|4|air_quality/pune/Rajashri_Shahu_Bus_stand_19/humidity,pune,humidity,static,4,air_quality/pune/Rajashri_Shahu_Bus_stand_19/humidity,1,100.0,6,,1.0,8,6,p_gated_uniform,4,4077,,,,0.0,,0.9052098408104196,0.0
pune|humidity|4|air_quality/pune/Rajashri_Shahu_Bus_stand_19/humidity,pune,humidity,static,4,air_quality/pune/Rajashri_Shahu_Bus_stand_19/humidity,1,100.0,6,,1.0,8,6,p_gated_uniform,5,5077,,,,0.0,,0.9052098408104196,0.0
pune|sound|1|air_quality,pune,sound,static,1,air_quality,10,120.0,6,,1.0,8,6,p_gated_uniform,0,77,1.0414234789853445,124.97081747824132,0.5900527459242423,0.9598765432098766,0.1291376094430756,7.677609427609427,0.0
pune|sound|1|air_quality,pune,sound,static,1,air_quality,10,120.0,6,,1.0,8,6,p_gated_uniform,1,1077,1.049106928736607,125.89283144839284,0.9182347713092724,0.9598765432098766,0.1291376094430756,7.677609427609427,0.0
pune|sound|1|air_quality,pune,sound,static,1,air_quality,10,120.0,6,,1.0,8,6,p_gated_uniform,2,2077,1.0202070984514335,122.42485181417204,0.8001834164057127,0.9598765432098766,0.1291376094430756,7.677609427609427,0.0
pune|sound|1|air_quality,pune,sound,static,1,air_quality,10,120.0,6,,1.0,8,6,p_gated_uniform,3,3077,1.0393435391806216,124.7212247016746,0.6612879503564525,0.9598765432098766,0.1291376094430756,7.677609427609427,0.0
pune|sound|1|air_quality,pune,sound,static,1,air_quality,10,120.0,6,,1.0,8,6,p_gated_uniform,4,4077,1.0788233017408948,129.4587962089074,0.7675368496559473,0.9598765432098766,0.1291376094430756,7.677609427609427,0.0
pune|sound|1|air_quality,pune,sound,static,1,air_quality,10,120.0,6,,1.0,8,6,p_gated_uniform,5,5077,1.0834125331396582,130.009503976759,0.6376605780495483,0.9598765432098766,0.1291376094430756,7.677609427609427,0.0
pune|sound|2|air_quality/pune,pune,sound,static,2,air_quality/pune,10,120.0,6,,1.0,8,6,p_gated_uniform,0,77,1.0414234789853445,124.97081747824132,0.5900527459242423,0.9598765432098766,0.1291376094430756,7.677609427609427,0.0
pune|sound|2|air_quality/pune,pune,sound,static,2,air_quality/pune,10,120.0,6,,1.0,8,6,p_gated_uniform,1,1077,1.049106928736607,125.89283144839284,0.9182347713092724,0.9598765432098766,0.1291376094430756,7.677609427609427,0.0
pune|sound|2|air_quality/pune,pune,sound,static,2,air_quality/pune,10,120.0,6,,1.0,8,6,p_gated_uniform,2,2077,1.0202070984514335,122.42485181417204,0.8001834164057127,0.9598765432098766,0.1291376094430756,7.677609427609427,0.0
pune|sound|2|air_quality/pune,pune,sound,static,2,air_quality/pune,10,120.0,6,,1.0,8,6,p_gated_uniform,3,3077,1.0393435391806216,124.7212247016746,0.6612879503564525,0.9598765432098766,0.1291376094430756,7.677609427609427,0.0
pune|sound|2|air_quality/pune,pune,sound,static,2,air_quality/pune,10,120.0,6,,1.0,8,6,p_gated_uniform,4,4077,1.0788233017408948,129.4587962089074,0.7675368496559473,0.9598765432098766,0.1291376094430756,7.677609427609427,0.0
pune|sound|2|air_quality/pune,pune,sound,static,2,air_quality/pune,10,120.0,6,,1.0,8,6,p_gated_uniform,5,5077,1.0834125331396582,130.009503976759,0.6376605780495483,0.9598765432098766,0.1291376094430756,7.677609427609427,0.0
pune|sound|3|air_quality/pune/BopadiSquare_65,pune,sound,static,3,air_quality/pune/BopadiSquare_65,1,120.0,6,,1.0,8,6,p_gated_uniform,0,77,,,,0.0,,0.6893687707641196,0.0
pune|sound|3|air_quality/pune/BopadiSquare_65,pune,sound,static,3,air_quality/pune/BopadiSquare_65,1,120.0,6,,1.0,8,6,p_gated_uniform,1,1077,,,,0.0,,0.6893687707641196,0.0
pune|sound|3|air_quality/pune/BopadiSquare_65,pune,sound,static,3,air_quality/pune/BopadiSquare_65,1,120.0,6,,1.0,8,6,p_gated_uniform,2,2077,,,,0.0,,0.6893687707641196,0.0
pune|sound|3|air_quality/pune/BopadiSquare_65,pune,sound,static,3,air_quality/pune/BopadiSquare_65,1,120.0,6,,1.0,8,6,p_gated_uniform,3,3077,,,,0.0,,0.6893687707641196,0.0
pune|sound|3|air_quality/pune/BopadiSquare_65,pune,sound,static,3,air_quality/pune/BopadiSquare_65,1,120.0,6,,1.0,8,6,p_gated_uniform,4,4077,,,,0.0,,0.6893687707641196,0.0
pune|sound|3|air_quality/pune/BopadiSquare_65,pune,sound,static,3,air_quality/pune/BopadiSquare_65,1,120.0,6,,1.0,8,6,p_gated_uniform,5,5077,,,,0.0,,0.6893687707641196,0.0
pune|sound|3|air_quality/pune/Chitale_Bandhu_Corner_41,pune,sound,static,3,air_quality/pune/Chitale_Bandhu_Corner_41,1,120.0,6,,1.0,8,6,p_gated_uniform,0,77,,,,0.0,,0.995137299771167,0.0
pune|sound|3|air_quality/pune/Chitale_Bandhu_Corner_41,pune,sound,static,3,air_quality/pune/Chitale_Bandhu_Corner_41,1,120.0,6,,1.0,8,6,p_gated_uniform,1,1077,,,,0.0,,0.995137299771167,0.0
pune|sound|3|air_quality/pune/Chitale_Bandhu_Corner_41,pune,sound,static,3,air_quality/pune/Chitale_Bandhu_Corner_41,1,120.0,6,,1.0,8,6,p_gated_uniform,2,2077,,,,0.0,,0.995137299771167,0.0
pune|sound|3|air_quality/pune/Chitale_Bandhu_Corner_41,pune,sound,static,3,air_quality/pune/Chitale_Bandhu_Corner_41,1,120.0,6,,1.0,8,6,p_gated_uniform,3,3077,,,,0.0,,0.995137299771167,0.0
pune|sound|3|air_quality/pune/Chitale_Bandhu_Corner_41,pune,sound,static,3,air_quality/pune/Chitale_Bandhu_Corner_41,1,120.0,6,,1.0,8,6,p_gated_uniform,4,4077,,,,0.0,,0.995137299771167,0.0
pune|sound|3|air_quality/pune/Chitale_Bandhu_Corner_41,pune,sound,static,3,air_quality/pune/Chitale_Bandhu_Corner_41,1,120.0,6,,1.0,8,6,p_gated_uniform,5,5077,,,,0.0,,0.995137299771167,0.0
pune|sound|3|air_quality/pune/Dr_Baba_Saheb_Ambedkar_Sethu_Junction_60,pune,sound,static,3,air_quality/pune/Dr_Baba_Saheb_Ambedkar_Sethu_Junction_60,1,120.0,6,,1.0,8,6,p_gated_uniform,0,77,,,,0.0,,0.0910041841004184,0.0
pune|sound|3|air_quality/pune/Dr_Baba_Saheb_Ambedkar_Sethu_Junction_60,pune,sound,static,3,air_quality/pune/Dr_Baba_Saheb_Ambedkar_Sethu_Junction_60,1,120.0,6,,1.0,8,6,p_gated_uniform,1,1077,,,,0.0,,0.0910041841004184,0.0
pune|sound|3|air_quality/pune/Dr_Baba_Saheb_Ambedkar_Sethu_Junction_60,pune,sound,static,3,air_quality/pune/Dr_Baba_Saheb_Ambedkar_Sethu_Junction_60,1,120.0,6,,1.0,8,6,p_gated_uniform,2,2077,,,,0.0,,0.0910041841004184,0.0
pune|sound|3|air_quality/pune/Dr_Baba_Saheb_Ambedkar_Sethu_Junction_60,pune,sound,static,3,air_quality/pune/Dr_Baba_Saheb_Ambedkar_Sethu_Junction_60,1,120.0,6,,1.0,8,6,p_gated_uniform,3,3077,,,,0.0,,0.0910041841004184,0.0
pune|sound|3|air_quality/pune/Dr_Baba_Saheb_Ambedkar_Sethu_Junction_60,pune,sound,static,3,air_quality/pune/Dr_Baba_Saheb_Ambedkar_Sethu_Junction_60,1,120.0,6,,1.0,8,6,p_gated_uniform,4,4077,,,,0.0,,0.0910041841004184,0.0
pune|sound|3|air_quality/pune/Dr_Baba_Saheb_Ambedkar_Sethu_Junction_60,pune,sound,static,3,air_quality/pune/Dr_Baba_Saheb_Ambedkar_Sethu_Junction_60,1,120.0,6,,1.0,8,6,p_gated_uniform,5,5077,,,,0.0,,0.0910041841004184,0.0
pune|sound|3|air_quality/pune/Goodluck_Square_Cafe_23,pune,sound,static,3,air_quality/pune/Goodluck_Square_Cafe_23,1,120.0,6,,1.0,8,6,p_gated_uniform,0,77,,,,0.0,,0.9988681380871534,0.0
pune|sound|3|air_quality/pune/Goodluck_Square_Cafe_23,pune,sound,static,3,air_quality/pune/Goodluck_Square_Cafe_23,1,120.0,6,,1.0,8,6,p_gated_uniform,1,1077,,,,0.0,,0.9988681380871534,0.0
pune|sound|3|air_quality/pune/Goodluck_Square_Cafe_23,pune,sound,static,3,air_quality/pune/Goodluck_Square_Cafe_23,1,120.0,6,,1.0,8,6,p_gated_uniform,2,2077,,,,0.0,,0.9988681380871534,0.0
pune|sound|3|air_quality/pune/Goodluck_Square_Cafe_23,pune,sound,static,3,air_quality/pune/Goodluck_Square_Cafe_23,1,120.0,6,,1.0,8,6,p_gated_uniform,3,3077,,,,0.0,,0.9988681380871534,0.0
pune|sound|3|air_quality/pune/Goodluck_Square_Cafe_23,pune,sound,static,3,air_quality/pune/Goodluck_Square_Cafe_23,1,120.0,6,,1.0,8,6,p_gated_uniform,4,4077,,,,0.0,,0.9988681380871534,0.0
pune|sound|3|air_quality/pune/Goodluck_Square_Cafe_23,pune,sound,static,3,air_quality/pune/Goodluck_Square_Cafe_23,1,120.0,6,,1.0,8,6,p_gated_uniform,5,5077,,,,0.0,,0.9988681380871534,0.0
pune|sound|3|air_quality/pune/Hadapsar_Gadital_01,pune,sound,static,3,air_quality/pune/Hadapsar_Gadital_01,1,120.0,6,,1.0,8,6,p_gated_uniform,0,77,,,,0.0,,0.986470588235294,0.0
pune|sound|3|air_quality/pune/Hadapsar_Gadital_01,pune,sound,static,3,air_quality/pune/Hadapsar_Gadital_01,1,120.0,6,,1.0,8,6,p_gated_uniform,1,1077,,,,0.0,,0.986470588235294,0.0
pune|sound|3|air_quality/pune/Hadapsar_Gadital_01,pune,sound,static,3,air_quality/pune/Hadapsar_Gadital_01,1,120.0,6,,1.0,8,6,p_gated_uniform,2,2077,,,,0.0,,0.986470588235294,0.0
pune|sound|3|air_quality/pune/Hadapsar_Gadital_01,pune,sound,static,3,air_quality/pune/Hadapsar_Gadital_01,1,120.0,6,,1.0,8,6,p_gated_uniform,3,3077,,,,0.0,,0.986470588235294,0.0
pune|sound|3|air_quality/pune/Hadapsar_Gadital_01,pune,sound,static,3,air_quality/pune/Hadapsar_Gadital_01,1,120.0,6,,1.0,8,6,p_gated_uniform,4,4077,,,,0.0,,0.986470588235294,0.0
pune|sound|3|air_quality/pune/Hadapsar_Gadital_01,pune,sound,static,3,air_quality/pune/Hadapsar_Gadital_01,1,120.0,6,,1.0,8,6,p_gated_uniform,5,5077,,,,0.0,,0.986470588235294,0.0
pune|sound|3|air_quality/pune/Karve_Statue_Square_5,pune,sound,static,3,air_quality/pune/Karve_Statue_Square_5,1,120.0,6,,1.0,8,6,p_gated_uniform,0,77,,,,0.0,,0.9805884137094328,0.0
pune|sound|3|air_quality/pune/Karve_Statue_Square_5,pune,sound,static,3,air_quality/pune/Karve_Statue_Square_5,1,120.0,6,,1.0,8,6,p_gated_uniform,1,1077,,,,0.0,,0.9805884137094328,0.0
pune|sound|3|air_quality/pune/Karve_Statue_Square_5,pune,sound,static,3,air_quality/pune/Karve_Statue_Square_5,1,120.0,6,,1.0,8,6,p_gated_uniform,2,2077,,,,0.0,,0.9805884137094328,0.0
pune|sound|3|air_quality/pune/Karve_Statue_Square_5,pune,sound,static,3,air_quality/pune/Karve_Statue_Square_5,1,120.0,6,,1.0,8,6,p_gated_uniform,3,3077,,,,0.0,,0.9805884137094328,0.0
pune|sound|3|air_quality/pune/Karve_Statue_Square_5,pune,sound,static,3,air_quality/pune/Karve_Statue_Square_5,1,120.0,6,,1.0,8,6,p_gated_uniform,4,4077,,,,0.0,,0.9805884137094328,0.0
pune|sound|3|air_quality/pune/Karve_Statue_Square_5,pune,sound,static,3,air_quality/pune/Karve_Statue_Square_5,1,120.0,6,,1.0,8,6,p_gated_uniform,5,5077,,,,0.0,,0.9805884137094328,0.0
pune|sound|3|air_quality/pune/Lullanagar_Square_14,pune,sound,static,3,air_quality/pune/Lullanagar_Square_14,1,120.0,6,,1.0,8,6,p_gated_uniform,0,77,,,,0.0,,0.9909330213512724,0.0
pune|sound|3|air_quality/pune/Lullanagar_Square_14,pune,sound,static,3,air_quality/pune/Lullanagar_Square_14,1,120.0,6,,1.0,8,6,p_gated_uniform,1,1077,,,,0.0,,0.9909330213512724,0.0
pune|sound|3|air_quality/pune/Lullanagar_Square_14,pune,sound,static,3,air_quality/pune/Lullanagar_Square_14,1,120.0,6,,1.0,8,6,p_gated_uniform,2,2077,,,,0.0,,0.9909330213512724,0.0
pune|sound|3|air_quality/pune/Lullanagar_Square_14,pune,sound,static,3,air_quality/pune/Lullanagar_Square_14,1,120.0,6,,1.0,8,6,p_gated_uniform,3,3077,,,,0.0,,0.9909330213512724,0.0
pune|sound|3|air_quality/pune/Lullanagar_Square_14,pune,sound,static,3,air_quality/pune/Lullanagar_Square_14,1,120.0,6,,1.0,8,6,p_gated_uniform,4,4077,,,,0.0,,0.9909330213512724,0.0
pune|sound|3|air_quality/pune/Lullanagar_Square_14,pune,sound,static,3,air_quality/pune/Lullanagar_Square_14,1,120.0,6,,1.0,8,6,p_gated_uniform,5,5077,,,,0.0,,0.9909330213512724,0.0
pune|sound|3|air_quality/pune/PMPML_Bus_Depot_Deccan_15,pune,sound,static,3,air_quality/pune/PMPML_Bus_Depot_Deccan_15,1,120.0,6,,1.0,8,6,p_gated_uniform,0,77,,,,0.0,,0.988259465805694,0.0
pune|sound|3|air_quality/pune/PMPML_Bus_Depot_Deccan_15,pune,sound,static,3,air_quality/pune/PMPML_Bus_Depot_Deccan_15,1,120.0,6,,1.0,8,6,p_gated_uniform,1,1077,,,,0.0,,0.988259465805694,0.0
pune|sound|3|air_quality/pune/PMPML_Bus_Depot_Deccan_15,pune,sound,static,3,air_quality/pune/PMPML_Bus_Depot_Deccan_15,1,120.0,6,,1.0,8,6,p_gated_uniform,2,2077,,,,0.0,,0.988259465805694,0.0
pune|sound|3|air_quality/pune/PMPML_Bus_Depot_Deccan_15,pune,sound,static,3,air_quality/pune/PMPML_Bus_Depot_Deccan_15,1,120.0,6,,1.0,8,6,p_gated_uniform,3,3077,,,,0.0,,0.988259465805694,0.0
pune|sound|3|air_quality/pune/PMPML_Bus_Depot_Deccan_15,pune,sound,static,3,air_quality/pune/PMPML_Bus_Depot_Deccan_15,1,120.0,6,,1.0,8,6,p_gated_uniform,4,4077,,,,0.0,,0.988259465805694,0.0
pune|sound|3|air_quality/pune/PMPML_Bus_Depot_Deccan_15,pune,sound,static,3,air_quality/pune/PMPML_Bus_Depot_Deccan_15,1,120.0,6,,1.0,8,6,p_gated_uniform,5,5077,,,,0.0,,0.988259465805694,0.0
pune|sound|3|air_quality/pune/Pune_Railway_Station_28,pune,sound,static,3,air_quality/pune/Pune_Railway_Station_28,1,120.0,6,,1.0,8,6,p_gated_uniform,0,77,,,,0.0,,0.975145750230132,0.0
pune|sound|3|air_quality/pune/Pune_Railway_Station_28,pune,sound,static,3,air_quality/pune/Pune_Railway_Station_28,1,120.0,6,,1.0,8,6,p_gated_uniform,1,1077,,,,0.0,,0.975145750230132,0.0
pune|sound|3|air_quality/pune/Pune_Railway_Station_28,pune,sound,static,3,air_quality/pune/Pune_Railway_Station_28,1,120.0,6,,1.0,8,6,p_gated_uniform,2,2077,,,,0.0,,0.975145750230132,0.0
pune|sound|3|air_quality/pune/Pune_Railway_Station_28,pune,sound,static,3,air_quality/pune/Pune_Railway_Station_28,1,120.0,6,,1.0,8,6,p_gated_uniform,3,3077,,,,0.0,,0.975145750230132,0.0
pune|sound|3|air_quality/pune/Pune_Railway_Station_28,pune,sound,static,3,air_quality/pune/Pune_Railway_Station_28,1,120.0,6,,1.0,8,6,p_gated_uniform,4,4077,,,,0.0,,0.975145750230132,0.0
pune|sound|3|air_quality/pune/Pune_Railway_Station_28,pune,sound,static,3,air_quality/pune/Pune_Railway_Station_28,1,120.0,6,,1.0,8,6,p_gated_uniform,5,5077,,,,0.0,,0.975145750230132,0.0
pune|sound|3|air_quality/pune/Rajashri_Shahu_Bus_stand_19,pune,sound,static,3,air_quality/pune/Rajashri_Shahu_Bus_stand_19,1,120.0,6,,1.0,8,6,p_gated_uniform,0,77,,,,0.0,,0.9052098408104196,0.0
pune|sound|3|air_quality/pune/Rajashri_Shahu_Bus_stand_19,pune,sound,static,3,air_quality/pune/Rajashri_Shahu_Bus_stand_19,1,120.0,6,,1.0,8,6,p_gated_uniform,1,1077,,,,0.0,,0.9052098408104196,0.0
pune|sound|3|air_quality/pune/Rajashri_Shahu_Bus_stand_19,pune,sound,static,3,air_quality/pune/Rajashri_Shahu_Bus_stand_19,1,120.0,6,,1.0,8,6,p_gated_uniform,2,2077,,,,0.0,,0.9052098408104196,0.0
pune|sound|3|air_quality/pune/Rajashri_Shahu_Bus_stand_19,pune,sound,static,3,air_quality/pune/Rajashri_Shahu_Bus_stand_19,1,120.0,6,,1.0,8,6,p_gated_uniform,3,3077,,,,0.0,,0.9052098408104196,0.0
pune|sound|3|air_quality/pune/Rajashri_Shahu_Bus_stand_19,pune,sound,static,3,air_quality/pune/Rajashri_Shahu_Bus_stand_19,1,120.0,6,,1.0,8,6,p_gated_uniform,4,4077,,,,0.0,,0.9052098408104196,0.0
pune|sound|3|air_quality/pune/Rajashri_Shahu_Bus_stand_19,pune,sound,static,3,air_quality/pune/Rajashri_Shahu_Bus_stand_19,1,120.0,6,,1.0,8,6,p_gated_uniform,5,5077,,,,0.0,,0.9052098408104196,0.0
pune|sound|4|air_quality/pune/BopadiSquare_65/sound,pune,sound,static,4,air_quality/pune/BopadiSquare_65/sound,1,120.0,6,,1.0,8,6,p_gated_uniform,0,77,,,,0.0,,0.6893687707641196,0.0
pune|sound|4|air_quality/pune/BopadiSquare_65/sound,pune,sound,static,4,air_quality/pune/BopadiSquare_65/sound,1,120.0,6,,1.0,8,6,p_gated_uniform,1,1077,,,,0.0,,0.6893687707641196,0.0
pune|sound|4|air_quality/pune/BopadiSquare_65/sound,pune,sound,static,4,air_quality/pune/BopadiSquare_65/sound,1,120.0,6,,1.0,8,6,p_gated_uniform,2,2077,,,,0.0,,0.6893687707641196,0.0
pune|sound|4|air_quality/pune/BopadiSquare_65/sound,pune,sound,static,4,air_quality/pune/BopadiSquare_65/sound,1,120.0,6,,1.0,8,6,p_gated_uniform,3,3077,,,,0.0,,0.6893687707641196,0.0
pune|sound|4|air_quality/pune/BopadiSquare_65/sound,pune,sound,static,4,air_quality/pune/BopadiSquare_65/sound,1,120.0,6,,1.0,8,6,p_gated_uniform,4,4077,,,,0.0,,0.6893687707641196,0.0
pune|sound|4|air_quality/pune/BopadiSquare_65/sound,pune,sound,static,4,air_quality/pune/BopadiSquare_65/sound,1,120.0,6,,1.0,8,6,p_gated_uniform,5,5077,,,,0.0,,0.6893687707641196,0.0
pune|sound|4|air_quality/pune/Chitale_Bandhu_Corner_41/sound,pune,sound,static,4,air_quality/pune/Chitale_Bandhu_Corner_41/sound,1,120.0,6,,1.0,8,6,p_gated_uniform,0,77,,,,0.0,,0.995137299771167,0.0
pune|sound|4|air_quality/pune/Chitale_Bandhu_Corner_41/sound,pune,sound,static,4,air_quality/pune/Chitale_Bandhu_Corner_41/sound,1,120.0,6,,1.0,8,6,p_gated_uniform,1,1077,,,,0.0,,0.995137299771167,0.0
pune|sound|4|air_quality/pune/Chitale_Bandhu_Corner_41/sound,pune,sound,static,4,air_quality/pune/Chitale_Bandhu_Corner_41/sound,1,120.0,6,,1.0,8,6,p_gated_uniform,2,2077,,,,0.0,,0.995137299771167,0.0
pune|sound|4|air_quality/pune/Chitale_Bandhu_Corner_41/sound,pune,sound,static,4,air_quality/pune/Chitale_Bandhu_Corner_41/sound,1,120.0,6,,1.0,8,6,p_gated_uniform,3,3077,,,,0.0,,0.995137299771167,0.0
pune|sound|4|air_quality/pune/Chitale_Bandhu_Corner_41/sound,pune,sound,static,4,air_quality/pune/Chitale_Bandhu_Corner_41/sound,1,120.0,6,,1.0,8,6,p_gated_uniform,4,4077,,,,0.0,,0.995137299771167,0.0
pune|sound|4|air_quality/pune/Chitale_Bandhu_Corner_41/sound,pune,sound,static,4,air_quality/pune/Chitale_Bandhu_Corner_41/sound,1,120.0,6,,1.0,8,6,p_gated_uniform,5,5077,,,,0.0,,0.995137299771167,0.0
pune|sound|4|air_quality/pune/Dr_Baba_Saheb_Ambedkar_Sethu_Junction_60/sound,pune,sound,static,4,air_quality/pune/Dr_Baba_Saheb_Ambedkar_Sethu_Junction_60/sound,1,120.0,6,,1.0,8,6,p_gated_uniform,0,77,,,,0.0,,0.0910041841004184,0.0
pune|sound|4|air_quality/pune/Dr_Baba_Saheb_Ambedkar_Sethu_Junction_60/sound,pune,sound,static,4,air_quality/pune/Dr_Baba_Saheb_Ambedkar_Sethu_Junction_60/sound,1,120.0,6,,1.0,8,6,p_gated_uniform,1,1077,,,,0.0,,0.0910041841004184,0.0
pune|sound|4|air_quality/pune/Dr_Baba_Saheb_Ambedkar_Sethu_Junction_60/sound,pune,sound,static,4,air_quality/pune/Dr_Baba_Saheb_Ambedkar_Sethu_Junction_60/sound,1,120.0,6,,1.0,8,6,p_gated_uniform,2,2077,,,,0.0,,0.0910041841004184,0.0
pune|sound|4|air_quality/pune/Dr_Baba_Saheb_Ambedkar_Sethu_Junction_60/sound,pune,sound,static,4,air_quality/pune/Dr_Baba_Saheb_Ambedkar_Sethu_Junction_60/sound,1,120.0,6,,1.0,8,6,p_gated_uniform,3,3077,,,,0.0,,0.0910041841004184,0.0
pune|sound|4|air_quality/pune/Dr_Baba_Saheb_Ambedkar_Sethu_Junction_60/sound,pune,sound,static,4,air_quality/pune/Dr_Baba_Saheb_Ambedkar_Sethu_Junction_60/sound,1,120.0,6,,1.0,8,6,p_gated_uniform,4,4077,,,,0.0,,0.0910041841004184,0.0
pune|sound|4|air_quality/pune/Dr_Baba_Saheb_Ambedkar_Sethu_Junction_60/sound,pune,sound,static,4,air_quality/pune/Dr_Baba_Saheb_Ambedkar_Sethu_Junction_60/sound,1,120.0,6,,1.0,8,6,p_gated_uniform,5,5077,,,,0.0,,0.0910041841004184,0.0
pune|sound|4|air_quality/pune/Goodluck_Square_Cafe_23/sound,pune,sound,static,4,air_quality/pune/Goodluck_Square_Cafe_23/sound,1,120.0,6,,1.0,8,6,p_gated_uniform,0,77,,,,0.0,,0.9988681380871534,0.0
pune|sound|4|air_quality/pune/Goodluck_Square_Cafe_23/sound,pune,sound,static,4,air_quality/pune/Goodluck_Square_Cafe_23/sound,1,120.0,6,,1.0,8,6,p_gated_uniform,1,1077,,,,0.0,,0.9988681380871534,0.0
pune|sound|4|air_quality/pune/Goodluck_Square_Cafe_23/sound,pune,sound,static,4,air_quality/pune/Goodluck_Square_Cafe_23/sound,1,120.0,6,,1.0,8,6,p_gated_uniform,2,2077,,,,0.0,,0.9988681380871534,0.0
pune|sound|4|air_quality/pune/Goodluck_Square_Cafe_23/sound,pune,sound,static,4,air_quality/pune/Goodluck_Square_Cafe_23/sound,1,120.0,6,,1.0,8,6,p_gated_uniform,3,3077,,,,0.0,,0.9988681380871534,0.0
pune|sound|4|air_quality/pune/Goodluck_Square_Cafe_23/sound,pune,sound,static,4,air_quality/pune/Goodluck_Square_Cafe_23/sound,1,120.0,6,,1.0,8,6,p_gated_uniform,4,4077,,,,0.0,,0.9988681380871534,0.0
pune|sound|4|air_quality/pune/Goodluck_Square_Cafe_23/sound,pune,sound,static,4,air_quality/pune/Goodluck_Square_Cafe_23/sound,1,120.0,6,,1.0,8,6,p_gated_uniform,5,5077,,,,0.0,,0.9988681380871534,0.0
pune|sound|4|air_quality/pune/Hadapsar_Gadital_01/sound,pune,sound,static,4,air_quality/pune/Hadapsar_Gadital_01/sound,1,120.0,6,,1.0,8,6,p_gated_uniform,0,77,,,,0.0,,0.986470588235294,0.0
pune|sound|4|air_quality/pune/Hadapsar_Gadital_01/sound,pune,sound,static,4,air_quality/pune/Hadapsar_Gadital_01/sound,1,120.0,6,,1.0,8,6,p_gated_uniform,1,1077,,,,0.0,,0.986470588235294,0.0
pune|sound|4|air_quality/pune/Hadapsar_Gadital_01/sound,pune,sound,static,4,air_quality/pune/Hadapsar_Gadital_01/sound,1,120.0,6,,1.0,8,6,p_gated_uniform,2,2077,,,,0.0,,0.986470588235294,0.0
pune|sound|4|air_quality/pune/Hadapsar_Gadital_01/sound,pune,sound,static,4,air_quality/pune/Hadapsar_Gadital_01/sound,1,120.0,6,,1.0,8,6,p_gated_uniform,3,3077,,,,0.0,,0.986470588235294,0.0
pune|sound|4|air_quality/pune/Hadapsar_Gadital_01/sound,pune,sound,static,4,air_quality/pune/Hadapsar_Gadital_01/sound,1,120.0,6,,1.0,8,6,p_gated_uniform,4,4077,,,,0.0,,0.986470588235294,0.0
pune|sound|4|air_quality/pune/Hadapsar_Gadital_01/sound,pune,sound,static,4,air_quality/pune/Hadapsar_Gadital_01/sound,1,120.0,6,,1.0,8,6,p_gated_uniform,5,5077,,,,0.0,,0.986470588235294,0.0
pune|sound|4|air_quality/pune/Karve_Statue_Square_5/sound,pune,sound,static,4,air_quality/pune/Karve_Statue_Square_5/sound,1,120.0,6,,1.0,8,6,p_gated_uniform,0,77,,,,0.0,,0.9805884137094328,0.0
pune|sound|4|air_quality/pune/Karve_Statue_Square_5/sound,pune,sound,static,4,air_quality/pune/Karve_Statue_Square_5/sound,1,120.0,6,,1.0,8,6,p_gated_uniform,1,1077,,,,0.0,,0.9805884137094328,0.0
pune|sound|4|air_quality/pune/Karve_Statue_Square_5/sound,pune,sound,static,4,air_quality/pune/Karve_Statue_Square_5/sound,1,120.0,6,,1.0,8,6,p_gated_uniform,2,2077,,,,0.0,,0.9805884137094328,0.0
pune|sound|4|air_quality/pune/Karve_Statue_Square_5/sound,pune,sound,static,4,air_quality/pune/Karve_Statue_Square_5/sound,1,120.0,6,,1.0,8,6,p_gated_uniform,3,3077,,,,0.0,,0.9805884137094328,0.0
pune|sound|4|air_quality/pune/Karve_Statue_Square_5/sound,pune,sound,static,4,air_quality/pune/Karve_Statue_Square_5/sound,1,120.0,6,,1.0,8,6,p_gated_uniform,4,4077,,,,0.0,,0.9805884137094328,0.0
pune|sound|4|air_quality/pune/Karve_Statue_Square_5/sound,pune,sound,static,4,air_quality/pune/Karve_Statue_Square_5/sound,1,120.0,6,,1.0,8,6,p_gated_uniform,5,5077,,,,0.0,,0.9805884137094328,0.0
pune|sound|4|air_quality/pune/Lullanagar_Square_14/sound,pune,sound,static,4,air_quality/pune/Lullanagar_Square_14/sound,1,120.0,6,,1.0,8,6,p_gated_uniform,0,77,,,,0.0,,0.9909330213512724,0.0
pune|sound|4|air_quality/pune/Lullanagar_Square_14/sound,pune,sound,static,4,air_quality/pune/Lullanagar_Square_14/sound,1,120.0,6,,1.0,8,6,p_gated_uniform,1,1077,,,,0.0,,0.9909330213512724,0.0
pune|sound|4|air_quality/pune/Lullanagar_Square_14/sound,pune,sound,static,4,air_quality/pune/Lullanagar_Square_14/sound,1,120.0,6,,1.0,8,6,p_gated_uniform,2,2077,,,,0.0,,0.9909330213512724,0.0
pune|sound|4|air_quality/pune/Lullanagar_Square_14/sound,pune,sound,static,4,air_quality/pune/Lullanagar_Square_14/sound,1,120.0,6,,1.0,8,6,p_gated_uniform,3,3077,,,,0.0,,0.9909330213512724,0.0
pune|sound|4|air_quality/pune/Lullanagar_Square_14/sound,pune,sound,static,4,air_quality/pune/Lullanagar_Square_14/sound,1,120.0,6,,1.0,8,6,p_gated_uniform,4,4077,,,,0.0,,0.9909330213512724,0.0
pune|sound|4|air_quality/pune/Lullanagar_Square_14/sound,pune,sound,static,4,air_quality/pune/Lullanagar_Square_14/sound,1,120.0,6,,1.0,8,6,p_gated_uniform,5,5077,,,,0.0,,0.9909330213512724,0.0
pune|sound|4|air_quality/pune/PMPML_Bus_Depot_Deccan_15/sound,pune,sound,static,4,air_quality/pune/PMPML_Bus_Depot_Deccan_15/sound,1,120.0,6,,1.0,8,6,p_gated_uniform,0,77,,,,0.0,,0.988259465805694,0.0
pune|sound|4|air_quality/pune/PMPML_Bus_Depot_Deccan_15/sound,pune,sound,static,4,air_quality/pune/PMPML_Bus_Depot_Deccan_15/sound,1,120.0,6,,1.0,8,6,p_gated_uniform,1,1077,,,,0.0,,0.988259465805694,0.0
pune|sound|4|air_quality/pune/PMPML_Bus_Depot_Deccan_15/sound,pune,sound,static,4,air_quality/pune/PMPML_Bus_Depot_Deccan_15/sound,1,120.0,6,,1.0,8,6,p_gated_uniform,2,2077,,,,0.0,,0.988259465805694,0.0
pune|sound|4|air_quality/pune/PMPML_Bus_Depot_Deccan_15/sound,pune,sound,static,4,air_quality/pune/PMPML_Bus_Depot_Deccan_15/sound,1,120.0,6,,1.0,8,6,p_gated_uniform,3,3077,,,,0.0,,0.988259465805694,0.0
pune|sound|4|air_quality/pune/PMPML_Bus_Depot_Deccan_15/sound,pune,sound,static,4,air_quality/pune/PMPML_Bus_Depot_Deccan_15/sound,1,120.0,6,,1.0,8,6,p_gated_uniform,4,4077,,,,0.0,,0.988259465805694,0.0
pune|sound|4|air_quality/pune/PMPML_Bus_Depot_Deccan_15/sound,pune,sound,static,4,air_quality/pune/PMPML_Bus_Depot_Deccan_15/sound,1,120.0,6,,1.0,8,6,p_gated_uniform,5,5077,,,,0.0,,0.988259465805694,0.0
pune|sound|4|air_quality/pune/Pune_Railway_Station_28/sound,pune,sound,static,4,air_quality/pune/Pune_Railway_Station_28/sound,1,120.0,6,,1.0,8,6,p_gated_uniform,0,77,,,,0.0,,0.975145750230132,0.0
pune|sound|4|air_quality/pune/Pune_Railway_Station_28/sound,pune,sound,static,4,air_quality/pune/Pune_Railway_Station_28/sound,1,120.0,6,,1.0,8,6,p_gated_uniform,1,1077,,,,0.0,,0.975145750230132,0.0
pune|sound|4|air_quality/pune/Pune_Railway_Station_28/sound,pune,sound,static,4,air_quality/pune/Pune_Railway_Station_28/sound,1,120.0,6,,1.0,8,6,p_gated_uniform,2,2077,,,,0.0,,0.975145750230132,0.0
pune|sound|4|air_quality/pune/Pune_Railway_Station_28/sound,pune,sound,static,4,air_quality/pune/Pune_Railway_Station_28/sound,1,120.0,6,,1.0,8,6,p_gated_uniform,3,3077,,,,0.0,,0.975145750230132,0.0
pune|sound|4|air_quality/pune/Pune_Railway_Station_28/sound,pune,sound,static,4,air_quality/pune/Pune_Railway_Station_28/sound,1,120.0,6,,1.0,8,6,p_gated_uniform,4,4077,,,,0.0,,0.975145750230132,0.0
pune|sound|4|air_quality/pune/Pune_Railway_Station_28/sound,pune,sound,static,4,air_quality/pune/Pune_Railway_Station_28/sound,1,120.0,6,,1.0,8,6,p_gated_uniform,5,5077,,,,0.0,,0.975145750230132,0.0
pune|sound|4|air_quality/pune/Rajashri_Shahu_Bus_stand_19/sound,pune,sound,static,4,air_quality/pune/Rajashri_Shahu_Bus_stand_19/sound,1,120.0,6,,1.0,8,6,p_gated_uniform,0,77,,,,0.0,,0.9052098408104196,0.0
pune|sound|4|air_quality/pune/Rajashri_Shahu_Bus_stand_19/sound,pune,sound,static,4,air_quality/pune/Rajashri_Shahu_Bus_stand_19/sound,1,120.0,6,,1.0,8,6,p_gated_uniform,1,1077,,,,0.0,,0.9052098408104196,0.0
pune|sound|4|air_quality/pune/Rajashri_Shahu_Bus_stand_19/sound,pune,sound,static,4,air_quality/pune/Rajashri_Shahu_Bus_stand_19/sound,1,120.0,6,,1.0,8,6,p_gated_uniform,2,2077,,,,0.0,,0.9052098408104196,0.0
pune|sound|4|air_quality/pune/Rajashri_Shahu_Bus_stand_19/sound,pune,sound,static,4,air_quality/pune/Rajashri_Shahu_Bus_stand_19/sound,1,120.0,6,,1.0,8,6,p_gated_uniform,3,3077,,,,0.0,,0.9052098408104196,0.0
pune|sound|4|air_quality/pune/Rajashri_Shahu_Bus_stand_19/sound,pune,sound,static,4,air_quality/pune/Rajashri_Shahu_Bus_stand_19/sound,1,120.0,6,,1.0,8,6,p_gated_uniform,4,4077,,,,0.0,,0.9052098408104196,0.0
pune|sound|4|air_quality/pune/Rajashri_Shahu_Bus_stand_19/sound,pune,sound,static,4,air_quality/pune/Rajashri_Shahu_Bus_stand_19/sound,1,120.0,6,,1.0,8,6,p_gated_uniform,5,5077,,,,0.0,,0.9052098408104196,0.0
pune|ozone|1|air_quality,pune,ozone,static,1,air_quality,10,500.0,6,,1.0,8,6,p_gated_uniform,0,77,0.9643866409424096,482.1933204712048,0.6103742709143879,0.9666105499438832,0.1229461837952404,8.033950617283951,0.0
pune|ozone|1|air_quality,pune,ozone,static,1,air_quality,10,500.0,6,,1.0,8,6,p_gated_uniform,1,1077,0.9841558339817,492.0779169908501,0.9071901768901128,0.9666105499438832,0.1229461837952404,8.033950617283951,0.0
pune|ozone|1|air_quality,pune,ozone,static,1,air_quality,10,500.0,6,,1.0,8,6,p_gated_uniform,2,2077,0.9727306533567712,486.36532667838566,0.8588883239764622,0.9666105499438832,0.1229461837952404,8.033950617283951,0.0
pune|ozone|1|air_quality,pune,ozone,static,1,air_quality,10,500.0,6,,1.0,8,6,p_gated_uniform,3,3077,0.9771061262710552,488.5530631355277,0.6522049581113589,0.9666105499438832,0.1229461837952404,8.033950617283951,0.0
pune|ozone|1|air_quality,pune,ozone,static,1,air_quality,10,500.0,6,,1.0,8,6,p_gated_uniform,4,4077,0.996782270402946,498.391135201473,0.8694995475662447,0.9666105499438832,0.1229461837952404,8.033950617283951,0.0
pune|ozone|1|air_quality,pune,ozone,static,1,air_quality,10,500.0,6,,1.0,8,6,p_gated_uniform,5,5077,1.0016485468111092,500.82427340555455,0.8895481388121167,0.9666105499438832,0.1229461837952404,8.033950617283951,0.0
pune|ozone|2|air_quality/pune,pune,ozone,static,2,air_quality/pune,10,500.0,6,,1.0,8,6,p_gated_uniform,0,77,0.9643866409424096,482.1933204712048,0.6103742709143879,0.9666105499438832,0.1229461837952404,8.033950617283951,0.0
pune|ozone|2|air_quality/pune,pune,ozone,static,2,air_quality/pune,10,500.0,6,,1.0,8,6,p_gated_uniform,1,1077,0.9841558339817,492.0779169908501,0.9071901768901128,0.9666105499438832,0.1229461837952404,8.033950617283951,0.0
pune|ozone|2|air_quality/pune,pune,ozone,static,2,air_quality/pune,10,500.0,6,,1.0,8,6,p_gated_uniform,2,2077,0.9727306533567712,486.36532667838566,0.8588883239764622,0.9666105499438832,0.1229461837952404,8.033950617283951,0.0
pune|ozone|2|air_quality/pune,pune,ozone,static,2,air_quality/pune,10,500.0,6,,1.0,8,6,p_gated_uniform,3,3077,0.9771061262710552,488.5530631355277,0.6522049581113589,0.9666105499438832,0.1229461837952404,8.033950617283951,0.0
pune|ozone|2|air_quality/pune,pune,ozone,static,2,air_quality/pune,10,500.0,6,,1.0,8,6,p_gated_uniform,4,4077,0.996782270402946,498.391135201473,0.8694995475662447,0.9666105499438832,0.1229461837952404,8.033950617283951,0.0
pune|ozone|2|air_quality/pune,pune,ozone,static,2,air_quality/pune,10,500.0,6,,1.0,8,6,p_gated_uniform,5,5077,1.0016485468111092,500.82427340555455,0.8895481388121167,0.9666105499438832,0.1229461837952404,8.033950617283951,0.0
pune|ozone|3|air_quality/pune/BopadiSquare_65,pune,ozone,static,3,air_quality/pune/BopadiSquare_65,1,500.0,6,,1.0,8,6,p_gated_uniform,0,77,,,,0.0,,0.6996735582154516,0.0
pune|ozone|3|air_quality/pune/BopadiSquare_65,pune,ozone,static,3,air_quality/pune/BopadiSquare_65,1,500.0,6,,1.0,8,6,p_gated_uniform,1,1077,,,,0.0,,0.6996735582154516,0.0
pune|ozone|3|air_quality/pune/BopadiSquare_65,pune,ozone,static,3,air_quality/pune/BopadiSquare_65,1,500.0,6,,1.0,8,6,p_gated_uniform,2,2077,,,,0.0,,0.6996735582154516,0.0
pune|ozone|3|air_quality/pune/BopadiSquare_65,pune,ozone,static,3,air_quality/pune/BopadiSquare_65,1,500.0,6,,1.0,8,6,p_gated_uniform,3,3077,,,,0.0,,0.6996735582154516,0.0
pune|ozone|3|air_quality/pune/BopadiSquare_65,pune,ozone,static,3,air_quality/pune/BopadiSquare_65,1,500.0,6,,1.0,8,6,p_gated_uniform,4,4077,,,,0.0,,0.6996735582154516,0.0
pune|ozone|3|air_quality/pune/BopadiSquare_65,pune,ozone,static,3,air_quality/pune/BopadiSquare_65,1,500.0,6,,1.0,8,6,p_gated_uniform,5,5077,,,,0.0,,0.6996735582154516,0.0
pune|ozone|3|air_quality/pune/Chitale_Bandhu_Corner_41,pune,ozone,static,3,air_quality/pune/Chitale_Bandhu_Corner_41,1,500.0,6,,1.0,8,6,p_gated_uniform,0,77,,,,0.0,,0.9960125320421532,0.0
pune|ozone|3|air_quality/pune/Chitale_Bandhu_Corner_41,pune,ozone,static,3,air_quality/pune/Chitale_Bandhu_Corner_41,1,500.0,6,,1.0,8,6,p_gated_uniform,1,1077,,,,0.0,,0.9960125320421532,0.0
pune|ozone|3|air_quality/pune/Chitale_Bandhu_Corner_41,pune,ozone,static,3,air_quality/pune/Chitale_Bandhu_Corner_41,1,500.0,6,,1.0,8,6,p_gated_uniform,2,2077,,,,0.0,,0.9960125320421532,0.0
pune|ozone|3|air_quality/pune/Chitale_Bandhu_Corner_41,pune,ozone,static,3,air_quality/pune/Chitale_Bandhu_Corner_41,1,500.0,6,,1.0,8,6,p_gated_uniform,3,3077,,,,0.0,,0.9960125320421532,0.0
pune|ozone|3|air_quality/pune/Chitale_Bandhu_Corner_41,pune,ozone,static,3,air_quality/pune/Chitale_Bandhu_Corner_41,1,500.0,6,,1.0,8,6,p_gated_uniform,4,4077,,,,0.0,,0.9960125320421532,0.0
pune|ozone|3|air_quality/pune/Chitale_Bandhu_Corner_41,pune,ozone,static,3,air_quality/pune/Chitale_Bandhu_Corner_41,1,500.0,6,,1.0,8,6,p_gated_uniform,5,5077,,,,0.0,,0.9960125320421532,0.0
pune|ozone|3|air_quality/pune/Dr_Baba_Saheb_Ambedkar_Sethu_Junction_60,pune,ozone,static,3,air_quality/pune/Dr_Baba_Saheb_Ambedkar_Sethu_Junction_60,1,500.0,6,,1.0,8,6,p_gated_uniform,0,77,,,,0.0,,0.0910041841004184,0.0
pune|ozone|3|air_quality/pune/Dr_Baba_Saheb_Ambedkar_Sethu_Junction_60,pune,ozone,static,3,air_quality/pune/Dr_Baba_Saheb_Ambedkar_Sethu_Junction_60,1,500.0,6,,1.0,8,6,p_gated_uniform,1,1077,,,,0.0,,0.0910041841004184,0.0
pune|ozone|3|air_quality/pune/Dr_Baba_Saheb_Ambedkar_Sethu_Junction_60,pune,ozone,static,3,air_quality/pune/Dr_Baba_Saheb_Ambedkar_Sethu_Junction_60,1,500.0,6,,1.0,8,6,p_gated_uniform,2,2077,,,,0.0,,0.0910041841004184,0.0
pune|ozone|3|air_quality/pune/Dr_Baba_Saheb_Ambedkar_Sethu_Junction_60,pune,ozone,static,3,air_quality/pune/Dr_Baba_Saheb_Ambedkar_Sethu_Junction_60,1,500.0,6,,1.0,8,6,p_gated_uniform,3,3077,,,,0.0,,0.0910041841004184,0.0
pune|ozone|3|air_quality/pune/Dr_Baba_Saheb_Ambedkar_Sethu_Junction_60,pune,ozone,static,3,air_quality/pune/Dr_Baba_Saheb_Ambedkar_Sethu_Junction_60,1,500.0,6,,1.0,8,6,p_gated_uniform,4,4077,,,,0.0,,0.0910041841004184,0.0
pune|ozone|3|air_quality/pune/Dr_Baba_Saheb_Ambedkar_Sethu_Junction_60,pune,ozone,static,3,air_quality/pune/Dr_Baba_Saheb_Ambedkar_Sethu_Junction_60,1,500.0,6,,1.0,8,6,p_gated_uniform,5,5077,,,,0.0,,0.0910041841004184,0.0
pune|ozone|3|air_quality/pune/Goodluck_Square_Cafe_23,pune,ozone,static,3,air_quality/pune/Goodluck_Square_Cafe_23,1,500.0,6,,1.0,8,6,p_gated_uniform,0,77,,,,0.0,,0.9988690981057392,0.0
pune|ozone|3|air_quality/pune/Goodluck_Square_Cafe_23,pune,ozone,static,3,air_quality/pune/Goodluck_Square_Cafe_23,1,500.0,6,,1.0,8,6,p_gated_uniform,1,1077,,,,0.0,,0.9988690981057392,0.0
pune|ozone|3|air_quality/pune/Goodluck_Square_Cafe_23,pune,ozone,static,3,air_quality/pune/Goodluck_Square_Cafe_23,1,500.0,6,,1.0,8,6,p_gated_uniform,2,2077,,,,0.0,,0.9988690981057392,0.0
pune|ozone|3|air_quality/pune/Goodluck_Square_Cafe_23,pune,ozone,static,3,air_quality/pune/Goodluck_Square_Cafe_23,1,500.0,6,,1.0,8,6,p_gated_uniform,3,3077,,,,0.0,,0.9988690981057392,0.0
pune|ozone|3|air_quality/pune/Goodluck_Square_Cafe_23,pune,ozone,static,3,air_quality/pune/Goodluck_Square_Cafe_23,1,500.0,6,,1.0,8,6,p_gated_uniform,4,4077,,,,0.0,,0.9988690981057392,0.0
pune|ozone|3|air_quality/pune/Goodluck_Square_Cafe_23,pune,ozone,static,3,air_quality/pune/Goodluck_Square_Cafe_23,1,500.0,6,,1.0,8,6,p_gated_uniform,5,5077,,,,0.0,,0.9988690981057392,0.0
pune|ozone|3|air_quality/pune/Hadapsar_Gadital_01,pune,ozone,static,3,air_quality/pune/Hadapsar_Gadital_01,1,500.0,6,,1.0,8,6,p_gated_uniform,0,77,,,,0.0,,0.9886064855390008,0.0
pune|ozone|3|air_quality/pune/Hadapsar_Gadital_01,pune,ozone,static,3,air_quality/pune/Hadapsar_Gadital_01,1,500.0,6,,1.0,8,6,p_gated_uniform,1,1077,,,,0.0,,0.9886064855390008,0.0
pune|ozone|3|air_quality/pune/Hadapsar_Gadital_01,pune,ozone,static,3,air_quality/pune/Hadapsar_Gadital_01,1,500.0,6,,1.0,8,6,p_gated_uniform,2,2077,,,,0.0,,0.9886064855390008,0.0
pune|ozone|3|air_quality/pune/Hadapsar_Gadital_01,pune,ozone,static,3,air_quality/pune/Hadapsar_Gadital_01,1,500.0,6,,1.0,8,6,p_gated_uniform,3,3077,,,,0.0,,0.9886064855390008,0.0
pune|ozone|3|air_quality/pune/Hadapsar_Gadital_01,pune,ozone,static,3,air_quality/pune/Hadapsar_Gadital_01,1,500.0,6,,1.0,8,6,p_gated_uniform,4,4077,,,,0.0,,0.9886064855390008,0.0
pune|ozone|3|air_quality/pune/Hadapsar_Gadital_01,pune,ozone,static,3,air_quality/pune/Hadapsar_Gadital_01,1,500.0,6,,1.0,8,6,p_gated_uniform,5,5077,,,,0.0,,0.9886064855390008,0.0
pune|ozone|3|air_quality/pune/Karve_Statue_Square_5,pune,ozone,static,3,air_quality/pune/Karve_Statue_Square_5,1,500.0,6,,1.0,8,6,p_gated_uniform,0,77,,,,0.0,,0.985007496251874,0.0
pune|ozone|3|air_quality/pune/Karve_Statue_Square_5,pune,ozone,static,3,air_quality/pune/Karve_Statue_Square_5,1,500.0,6,,1.0,8,6,p_gated_uniform,1,1077,,,,0.0,,0.985007496251874,0.0
pune|ozone|3|air_quality/pune/Karve_Statue_Square_5,pune,ozone,static,3,air_quality/pune/Karve_Statue_Square_5,1,500.0,6,,1.0,8,6,p_gated_uniform,2,2077,,,,0.0,,0.985007496251874,0.0
pune|ozone|3|air_quality/pune/Karve_Statue_Square_5,pune,ozone,static,3,air_quality/pune/Karve_Statue_Square_5,1,500.0,6,,1.0,8,6,p_gated_uniform,3,3077,,,,0.0,,0.985007496251874,0.0
pune|ozone|3|air_quality/pune/Karve_Statue_Square_5,pune,ozone,static,3,air_quality/pune/Karve_Statue_Square_5,1,500.0,6,,1.0,8,6,p_gated_uniform,4,4077,,,,0.0,,0.985007496251874,0.0
pune|ozone|3|air_quality/pune/Karve_Statue_Square_5,pune,ozone,static,3,air_quality/pune/Karve_Statue_Square_5,1,500.0,6,,1.0,8,6,p_gated_uniform,5,5077,,,,0.0,,0.985007496251874,0.0
pune|ozone|3|air_quality/pune/Lullanagar_Square_14,pune,ozone,static,3,air_quality/pune/Lullanagar_Square_14,1,500.0,6,,1.0,8,6,p_gated_uniform,0,77,,,,0.0,,0.9915377881529034,0.0
pune|ozone|3|air_quality/pune/Lullanagar_Square_14,pune,ozone,static,3,air_quality/pune/Lullanagar_Square_14,1,500.0,6,,1.0,8,6,p_gated_uniform,1,1077,,,,0.0,,0.9915377881529034,0.0
pune|ozone|3|air_quality/pune/Lullanagar_Square_14,pune,ozone,static,3,air_quality/pune/Lullanagar_Square_14,1,500.0,6,,1.0,8,6,p_gated_uniform,2,2077,,,,0.0,,0.9915377881529034,0.0
pune|ozone|3|air_quality/pune/Lullanagar_Square_14,pune,ozone,static,3,air_quality/pune/Lullanagar_Square_14,1,500.0,6,,1.0,8,6,p_gated_uniform,3,3077,,,,0.0,,0.9915377881529034,0.0
pune|ozone|3|air_quality/pune/Lullanagar_Square_14,pune,ozone,static,3,air_quality/pune/Lullanagar_Square_14,1,500.0,6,,1.0,8,6,p_gated_uniform,4,4077,,,,0.0,,0.9915377881529034,0.0
pune|ozone|3|air_quality/pune/Lullanagar_Square_14,pune,ozone,static,3,air_quality/pune/Lullanagar_Square_14,1,500.0,6,,1.0,8,6,p_gated_uniform,5,5077,,,,0.0,,0.9915377881529034,0.0
pune|ozone|3|air_quality/pune/PMPML_Bus_Depot_Deccan_15,pune,ozone,static,3,air_quality/pune/PMPML_Bus_Depot_Deccan_15,1,500.0,6,,1.0,8,6,p_gated_uniform,0,77,,,,0.0,,0.988008189529102,0.0
pune|ozone|3|air_quality/pune/PMPML_Bus_Depot_Deccan_15,pune,ozone,static,3,air_quality/pune/PMPML_Bus_Depot_Deccan_15,1,500.0,6,,1.0,8,6,p_gated_uniform,1,1077,,,,0.0,,0.988008189529102,0.0
pune|ozone|3|air_quality/pune/PMPML_Bus_Depot_Deccan_15,pune,ozone,static,3,air_quality/pune/PMPML_Bus_Depot_Deccan_15,1,500.0,6,,1.0,8,6,p_gated_uniform,2,2077,,,,0.0,,0.988008189529102,0.0
pune|ozone|3|air_quality/pune/PMPML_Bus_Depot_Deccan_15,pune,ozone,static,3,air_quality/pune/PMPML_Bus_Depot_Deccan_15,1,500.0,6,,1.0,8,6,p_gated_uniform,3,3077,,,,0.0,,0.988008189529102,0.0
pune|ozone|3|air_quality/pune/PMPML_Bus_Depot_Deccan_15,pune,ozone,static,3,air_quality/pune/PMPML_Bus_Depot_Deccan_15,1,500.0,6,,1.0,8,6,p_gated_uniform,4,4077,,,,0.0,,0.988008189529102,0.0
pune|ozone|3|air_quality/pune/PMPML_Bus_Depot_Deccan_15,pune,ozone,static,3,air_quality/pune/PMPML_Bus_Depot_Deccan_15,1,500.0,6,,1.0,8,6,p_gated_uniform,5,5077,,,,0.0,,0.988008189529102,0.0
pune|ozone|3|air_quality/pune/Pune_Railway_Station_28,pune,ozone,static,3,air_quality/pune/Pune_Railway_Station_28,1,500.0,6,,1.0,8,6,p_gated_uniform,0,77,,,,0.0,,0.9810183790298282,0.0
pune|ozone|3|air_quality/pune/Pune_Railway_Station_28,pune,ozone,static,3,air_quality/pune/Pune_Railway_Station_28,1,500.0,6,,1.0,8,6,p_gated_uniform,1,1077,,,,0.0,,0.9810183790298282,0.0
pune|ozone|3|air_quality/pune/Pune_Railway_Station_28,pune,ozone,static,3,air_quality/pune/Pune_Railway_Station_28,1,500.0,6,,1.0,8,6,p_gated_uniform,2,2077,,,,0.0,,0.9810183790298282,0.0
pune|ozone|3|air_quality/pune/Pune_Railway_Station_28,pune,ozone,static,3,air_quality/pune/Pune_Railway_Station_28,1,500.0,6,,1.0,8,6,p_gated_uniform,3,3077,,,,0.0,,0.9810183790298282,0.0
pune|ozone|3|air_quality/pune/Pune_Railway_Station_28,pune,ozone,static,3,air_quality/pune/Pune_Railway_Station_28,1,500.0,6,,1.0,8,6,p_gated_uniform,4,4077,,,,0.0,,0.9810183790298282,0.0
pune|ozone|3|air_quality/pune/Pune_Railway_Station_28,pune,ozone,static,3,air_quality/pune/Pune_Railway_Station_28,1,500.0,6,,1.0,8,6,p_gated_uniform,5,5077,,,,0.0,,0.9810183790298282,0.0
pune|ozone|3|air_quality/pune/Rajashri_Shahu_Bus_stand_19,pune,ozone,static,3,air_quality/pune/Rajashri_Shahu_Bus_stand_19,1,500.0,6,,1.0,8,6,p_gated_uniform,0,77,,,,0.0,,0.9985851726089418,0.0
pune|ozone|3|air_quality/pune/Rajashri_Shahu_Bus_stand_19,pune,ozone,static,3,air_quality/pune/Rajashri_Shahu_Bus_stand_19,1,500.0,6,,1.0,8,6,p_gated_uniform,1,1077,,,,0.0,,0.9985851726089418,0.0
pune|ozone|3|air_quality/pune/Rajashri_Shahu_Bus_stand_19,pune,ozone,static,3,air_quality/pune/Rajashri_Shahu_Bus_stand_19,1,500.0,6,,1.0,8,6,p_gated_uniform,2,2077,,,,0.0,,0.9985851726089418,0.0
pune|ozone|3|air_quality/pune/Rajashri_Shahu_Bus_stand_19,pune,ozone,static,3,air_quality/pune/Rajashri_Shahu_Bus_stand_19,1,500.0,6,,1.0,8,6,p_gated_uniform,3,3077,,,,0.0,,0.9985851726089418,0.0
pune|ozone|3|air_quality/pune/Rajashri_Shahu_Bus_stand_19,pune,ozone,static,3,air_quality/pune/Rajashri_Shahu_Bus_stand_19,1,500.0,6,,1.0,8,6,p_gated_uniform,4,4077,,,,0.0,,0.9985851726089418,0.0
pune|ozone|3|air_quality/pune/Rajashri_Shahu_Bus_stand_19,pune,ozone,static,3,air_quality/pune/Rajashri_Shahu_Bus_stand_19,1,500.0,6,,1.0,8,6,p_gated_uniform,5,5077,,,,0.0,,0.9985851726089418,0.0
pune|ozone|4|air_quality/pune/BopadiSquare_65/ozone,pune,ozone,static,4,air_quality/pune/BopadiSquare_65/ozone,1,500.0,6,,1.0,8,6,p_gated_uniform,0,77,,,,0.0,,0.6996735582154516,0.0
pune|ozone|4|air_quality/pune/BopadiSquare_65/ozone,pune,ozone,static,4,air_quality/pune/BopadiSquare_65/ozone,1,500.0,6,,1.0,8,6,p_gated_uniform,1,1077,,,,0.0,,0.6996735582154516,0.0
pune|ozone|4|air_quality/pune/BopadiSquare_65/ozone,pune,ozone,static,4,air_quality/pune/BopadiSquare_65/ozone,1,500.0,6,,1.0,8,6,p_gated_uniform,2,2077,,,,0.0,,0.6996735582154516,0.0
pune|ozone|4|air_quality/pune/BopadiSquare_65/ozone,pune,ozone,static,4,air_quality/pune/BopadiSquare_65/ozone,1,500.0,6,,1.0,8,6,p_gated_uniform,3,3077,,,,0.0,,0.6996735582154516,0.0
pune|ozone|4|air_quality/pune/BopadiSquare_65/ozone,pune,ozone,static,4,air_quality/pune/BopadiSquare_65/ozone,1,500.0,6,,1.0,8,6,p_gated_uniform,4,4077,,,,0.0,,0.6996735582154516,0.0
pune|ozone|4|air_quality/pune/BopadiSquare_65/ozone,pune,ozone,static,4,air_quality/pune/BopadiSquare_65/ozone,1,500.0,6,,1.0,8,6,p_gated_uniform,5,5077,,,,0.0,,0.6996735582154516,0.0
pune|ozone|4|air_quality/pune/Chitale_Bandhu_Corner_41/ozone,pune,ozone,static,4,air_quality/pune/Chitale_Bandhu_Corner_41/ozone,1,500.0,6,,1.0,8,6,p_gated_uniform,0,77,,,,0.0,,0.9960125320421532,0.0
pune|ozone|4|air_quality/pune/Chitale_Bandhu_Corner_41/ozone,pune,ozone,static,4,air_quality/pune/Chitale_Bandhu_Corner_41/ozone,1,500.0,6,,1.0,8,6,p_gated_uniform,1,1077,,,,0.0,,0.9960125320421532,0.0
pune|ozone|4|air_quality/pune/Chitale_Bandhu_Corner_41/ozone,pune,ozone,static,4,air_quality/pune/Chitale_Bandhu_Corner_41/ozone,1,500.0,6,,1.0,8,6,p_gated_uniform,2,2077,,,,0.0,,0.9960125320421532,0.0
pune|ozone|4|air_quality/pune/Chitale_Bandhu_Corner_41/ozone,pune,ozone,static,4,air_quality/pune/Chitale_Bandhu_Corner_41/ozone,1,500.0,6,,1.0,8,6,p_gated_uniform,3,3077,,,,0.0,,0.9960125320421532,0.0
pune|ozone|4|air_quality/pune/Chitale_Bandhu_Corner_41/ozone,pune,ozone,static,4,air_quality/pune/Chitale_Bandhu_Corner_41/ozone,1,500.0,6,,1.0,8,6,p_gated_uniform,4,4077,,,,0.0,,0.9960125320421532,0.0
pune|ozone|4|air_quality/pune/Chitale_Bandhu_Corner_41/ozone,pune,ozone,static,4,air_quality/pune/Chitale_Bandhu_Corner_41/ozone,1,500.0,6,,1.0,8,6,p_gated_uniform,5,5077,,,,0.0,,0.9960125320421532,0.0
pune|ozone|4|air_quality/pune/Dr_Baba_Saheb_Ambedkar_Sethu_Junction_60/ozone,pune,ozone,static,4,air_quality/pune/Dr_Baba_Saheb_Ambedkar_Sethu_Junction_60/ozone,1,500.0,6,,1.0,8,6,p_gated_uniform,0,77,,,,0.0,,0.0910041841004184,0.0
pune|ozone|4|air_quality/pune/Dr_Baba_Saheb_Ambedkar_Sethu_Junction_60/ozone,pune,ozone,static,4,air_quality/pune/Dr_Baba_Saheb_Ambedkar_Sethu_Junction_60/ozone,1,500.0,6,,1.0,8,6,p_gated_uniform,1,1077,,,,0.0,,0.0910041841004184,0.0
pune|ozone|4|air_quality/pune/Dr_Baba_Saheb_Ambedkar_Sethu_Junction_60/ozone,pune,ozone,static,4,air_quality/pune/Dr_Baba_Saheb_Ambedkar_Sethu_Junction_60/ozone,1,500.0,6,,1.0,8,6,p_gated_uniform,2,2077,,,,0.0,,0.0910041841004184,0.0
pune|ozone|4|air_quality/pune/Dr_Baba_Saheb_Ambedkar_Sethu_Junction_60/ozone,pune,ozone,static,4,air_quality/pune/Dr_Baba_Saheb_Ambedkar_Sethu_Junction_60/ozone,1,500.0,6,,1.0,8,6,p_gated_uniform,3,3077,,,,0.0,,0.0910041841004184,0.0
pune|ozone|4|air_quality/pune/Dr_Baba_Saheb_Ambedkar_Sethu_Junction_60/ozone,pune,ozone,static,4,air_quality/pune/Dr_Baba_Saheb_Ambedkar_Sethu_Junction_60/ozone,1,500.0,6,,1.0,8,6,p_gated_uniform,4,4077,,,,0.0,,0.0910041841004184,0.0
pune|ozone|4|air_quality/pune/Dr_Baba_Saheb_Ambedkar_Sethu_Junction_60/ozone,pune,ozone,static,4,air_quality/pune/Dr_Baba_Saheb_Ambedkar_Sethu_Junction_60/ozone,1,500.0,6,,1.0,8,6,p_gated_uniform,5,5077,,,,0.0,,0.0910041841004184,0.0
pune|ozone|4|air_quality/pune/Goodluck_Square_Cafe_23/ozone,pune,ozone,static,4,air_quality/pune/Goodluck_Square_Cafe_23/ozone,1,500.0,6,,1.0,8,6,p_gated_uniform,0,77,,,,0.0,,0.9988690981057392,0.0
pune|ozone|4|air_quality/pune/Goodluck_Square_Cafe_23/ozone,pune,ozone,static,4,air_quality/pune/Goodluck_Square_Cafe_23/ozone,1,500.0,6,,1.0,8,6,p_gated_uniform,1,1077,,,,0.0,,0.9988690981057392,0.0
pune|ozone|4|air_quality/pune/Goodluck_Square_Cafe_23/ozone,pune,ozone,static,4,air_quality/pune/Goodluck_Square_Cafe_23/ozone,1,500.0,6,,1.0,8,6,p_gated_uniform,2,2077,,,,0.0,,0.9988690981057392,0.0
pune|ozone|4|air_quality/pune/Goodluck_Square_Cafe_23/ozone,pune,ozone,static,4,air_quality/pune/Goodluck_Square_Cafe_23/ozone,1,500.0,6,,1.0,8,6,p_gated_uniform,3,3077,,,,0.0,,0.9988690981057392,0.0
pune|ozone|4|air_quality/pune/Goodluck_Square_Cafe_23/ozone,pune,ozone,static,4,air_quality/pune/Goodluck_Square_Cafe_23/ozone,1,500.0,6,,1.0,8,6,p_gated_uniform,4,4077,,,,0.0,,0.9988690981057392,0.0
pune|ozone|4|air_quality/pune/Goodluck_Square_Cafe_23/ozone,pune,ozone,static,4,air_quality/pune/Goodluck_Square_Cafe_23/ozone,1,500.0,6,,1.0,8,6,p_gated_uniform,5,5077,,,,0.0,,0.9988690981057392,0.0
pune|ozone|4|air_quality/pune/Hadapsar_Gadital_01/ozone,pune,ozone,static,4,air_quality/pune/Hadapsar_Gadital_01/ozone,1,500.0,6,,1.0,8,6,p_gated_uniform,0,77,,,,0.0,,0.9886064855390008,0.0
pune|ozone|4|air_quality/pune/Hadapsar_Gadital_01/ozone,pune,ozone,static,4,air_quality/pune/Hadapsar_Gadital_01/ozone,1,500.0,6,,1.0,8,6,p_gated_uniform,1,1077,,,,0.0,,0.9886064855390008,0.0
pune|ozone|4|air_quality/pune/Hadapsar_Gadital_01/ozone,pune,ozone,static,4,air_quality/pune/Hadapsar_Gadital_01/ozone,1,500.0,6,,1.0,8,6,p_gated_uniform,2,2077,,,,0.0,,0.9886064855390008,0.0
pune|ozone|4|air_quality/pune/Hadapsar_Gadital_01/ozone,pune,ozone,static,4,air_quality/pune/Hadapsar_Gadital_01/ozone,1,500.0,6,,1.0,8,6,p_gated_uniform,3,3077,,,,0.0,,0.9886064855390008,0.0
pune|ozone|4|air_quality/pune/Hadapsar_Gadital_01/ozone,pune,ozone,static,4,air_quality/pune/Hadapsar_Gadital_01/ozone,1,500.0,6,,1.0,8,6,p_gated_uniform,4,4077,,,,0.0,,0.9886064855390008,0.0
pune|ozone|4|air_quality/pune/Hadapsar_Gadital_01/ozone,pune,ozone,static,4,air_quality/pune/Hadapsar_Gadital_01/ozone,1,500.0,6,,1.0,8,6,p_gated_uniform,5,5077,,,,0.0,,0.9886064855390008,0.0
pune|ozone|4|air_quality/pune/Karve_Statue_Square_5/ozone,pune,ozone,static,4,air_quality/pune/Karve_Statue_Square_5/ozone,1,500.0,6,,1.0,8,6,p_gated_uniform,0,77,,,,0.0,,0.985007496251874,0.0
pune|ozone|4|air_quality/pune/Karve_Statue_Square_5/ozone,pune,ozone,static,4,air_quality/pune/Karve_Statue_Square_5/ozone,1,500.0,6,,1.0,8,6,p_gated_uniform,1,1077,,,,0.0,,0.985007496251874,0.0
pune|ozone|4|air_quality/pune/Karve_Statue_Square_5/ozone,pune,ozone,static,4,air_quality/pune/Karve_Statue_Square_5/ozone,1,500.0,6,,1.0,8,6,p_gated_uniform,2,2077,,,,0.0,,0.985007496251874,0.0
pune|ozone|4|air_quality/pune/Karve_Statue_Square_5/ozone,pune,ozone,static,4,air_quality/pune/Karve_Statue_Square_5/ozone,1,500.0,6,,1.0,8,6,p_gated_uniform,3,3077,,,,0.0,,0.985007496251874,0.0
pune|ozone|4|air_quality/pune/Karve_Statue_Square_5/ozone,pune,ozone,static,4,air_quality/pune/Karve_Statue_Square_5/ozone,1,500.0,6,,1.0,8,6,p_gated_uniform,4,4077,,,,0.0,,0.985007496251874,0.0
pune|ozone|4|air_quality/pune/Karve_Statue_Square_5/ozone,pune,ozone,static,4,air_quality/pune/Karve_Statue_Square_5/ozone,1,500.0,6,,1.0,8,6,p_gated_uniform,5,5077,,,,0.0,,0.985007496251874,0.0
pune|ozone|4|air_quality/pune/Lullanagar_Square_14/ozone,pune,ozone,static,4,air_quality/pune/Lullanagar_Square_14/ozone,1,500.0,6,,1.0,8,6,p_gated_uniform,0,77,,,,0.0,,0.9915377881529034,0.0
pune|ozone|4|air_quality/pune/Lullanagar_Square_14/ozone,pune,ozone,static,4,air_quality/pune/Lullanagar_Square_14/ozone,1,500.0,6,,1.0,8,6,p_gated_uniform,1,1077,,,,0.0,,0.9915377881529034,0.0
pune|ozone|4|air_quality/pune/Lullanagar_Square_14/ozone,pune,ozone,static,4,air_quality/pune/Lullanagar_Square_14/ozone,1,500.0,6,,1.0,8,6,p_gated_uniform,2,2077,,,,0.0,,0.9915377881529034,0.0
pune|ozone|4|air_quality/pune/Lullanagar_Square_14/ozone,pune,ozone,static,4,air_quality/pune/Lullanagar_Square_14/ozone,1,500.0,6,,1.0,8,6,p_gated_uniform,3,3077,,,,0.0,,0.9915377881529034,0.0
pune|ozone|4|air_quality/pune/Lullanagar_Square_14/ozone,pune,ozone,static,4,air_quality/pune/Lullanagar_Square_14/ozone,1,500.0,6,,1.0,8,6,p_gated_uniform,4,4077,,,,0.0,,0.9915377881529034,0.0
pune|ozone|4|air_quality/pune/Lullanagar_Square_14/ozone,pune,ozone,static,4,air_quality/pune/Lullanagar_Square_14/ozone,1,500.0,6,,1.0,8,6,p_gated_uniform,5,5077,,,,0.0,,0.9915377881529034,0.0
pune|ozone|4|air_quality/pune/PMPML_Bus_Depot_Deccan_15/ozone,pune,ozone,static,4,air_quality/pune/PMPML_Bus_Depot_Deccan_15/ozone,1,500.0,6,,1.0,8,6,p_gated_uniform,0,77,,,,0.0,,0.988008189529102,0.0
pune|ozone|4|air_quality/pune/PMPML_Bus_Depot_Deccan_15/ozone,pune,ozone,static,4,air_quality/pune/PMPML_Bus_Depot_Deccan_15/ozone,1,500.0,6,,1.0,8,6,p_gated_uniform,1,1077,,,,0.0,,0.988008189529102,0.0
pune|ozone|4|air_quality/pune/PMPML_Bus_Depot_Deccan_15/ozone,pune,ozone,static,4,air_quality/pune/PMPML_Bus_Depot_Deccan_15/ozone,1,500.0,6,,1.0,8,6,p_gated_uniform,2,2077,,,,0.0,,0.988008189529102,0.0
pune|ozone|4|air_quality/pune/PMPML_Bus_Depot_Deccan_15/ozone,pune,ozone,static,4,air_quality/pune/PMPML_Bus_Depot_Deccan_15/ozone,1,500.0,6,,1.0,8,6,p_gated_uniform,3,3077,,,,0.0,,0.988008189529102,0.0
pune|ozone|4|air_quality/pune/PMPML_Bus_Depot_Deccan_15/ozone,pune,ozone,static,4,air_quality/pune/PMPML_Bus_Depot_Deccan_15/ozone,1,500.0,6,,1.0,8,6,p_gated_uniform,4,4077,,,,0.0,,0.988008189529102,0.0
pune|ozone|4|air_quality/pune/PMPML_Bus_Depot_Deccan_15/ozone,pune,ozone,static,4,air_quality/pune/PMPML_Bus_Depot_Deccan_15/ozone,1,500.0,6,,1.0,8,6,p_gated_uniform,5,5077,,,,0.0,,0.988008189529102,0.0
pune|ozone|4|air_quality/pune/Pune_Railway_Station_28/ozone,pune,ozone,static,4,air_quality/pune/Pune_Railway_Station_28/ozone,1,500.0,6,,1.0,8,6,p_gated_uniform,0,77,,,,0.0,,0.9810183790298282,0.0
pune|ozone|4|air_quality/pune/Pune_Railway_Station_28/ozone,pune,ozone,static,4,air_quality/pune/Pune_Railway_Station_28/ozone,1,500.0,6,,1.0,8,6,p_gated_uniform,1,1077,,,,0.0,,0.9810183790298282,0.0
pune|ozone|4|air_quality/pune/Pune_Railway_Station_28/ozone,pune,ozone,static,4,air_quality/pune/Pune_Railway_Station_28/ozone,1,500.0,6,,1.0,8,6,p_gated_uniform,2,2077,,,,0.0,,0.9810183790298282,0.0
pune|ozone|4|air_quality/pune/Pune_Railway_Station_28/ozone,pune,ozone,static,4,air_quality/pune/Pune_Railway_Station_28/ozone,1,500.0,6,,1.0,8,6,p_gated_uniform,3,3077,,,,0.0,,0.9810183790298282,0.0
pune|ozone|4|air_quality/pune/Pune_Railway_Station_28/ozone,pune,ozone,static,4,air_quality/pune/Pune_Railway_Station_28/ozone,1,500.0,6,,1.0,8,6,p_gated_uniform,4,4077,,,,0.0,,0.9810183790298282,0.0
pune|ozone|4|air_quality/pune/Pune_Railway_Station_28/ozone,pune,ozone,static,4,air_quality/pune/Pune_Railway_Station_28/ozone,1,500.0,6,,1.0,8,6,p_gated_uniform,5,5077,,,,0.0,,0.9810183790298282,0.0
pune|ozone|4|air_quality/pune/Rajashri_Shahu_Bus_stand_19/ozone,pune,ozone,static,4,air_quality/pune/Rajashri_Shahu_Bus_stand_19/ozone,1,500.0,6,,1.0,8,6,p_gated_uniform,0,77,,,,0.0,,0.9985851726089418,0.0
pune|ozone|4|air_quality/pune/Rajashri_Shahu_Bus_stand_19/ozone,pune,ozone,static,4,air_quality/pune/Rajashri_Shahu_Bus_stand_19/ozone,1,500.0,6,,1.0,8,6,p_gated_uniform,1,1077,,,,0.0,,0.9985851726089418,0.0
pune|ozone|4|air_quality/pune/Rajashri_Shahu_Bus_stand_19/ozone,pune,ozone,static,4,air_quality/pune/Rajashri_Shahu_Bus_stand_19/ozone,1,500.0,6,,1.0,8,6,p_gated_uniform,2,2077,,,,0.0,,0.9985851726089418,0.0
pune|ozone|4|air_quality/pune/Rajashri_Shahu_Bus_stand_19/ozone,pune,ozone,static,4,air_quality/pune/Rajashri_Shahu_Bus_stand_19/ozone,1,500.0,6,,1.0,8,6,p_gated_uniform,3,3077,,,,0.0,,0.9985851726089418,0.0
pune|ozone|4|air_quality/pune/Rajashri_Shahu_Bus_stand_19/ozone,pune,ozone,static,4,air_quality/pune/Rajashri_Shahu_Bus_stand_19/ozone,1,500.0,6,,1.0,8,6,p_gated_uniform,4,4077,,,,0.0,,0.9985851726089418,0.0
pune|ozone|4|air_quality/pune/Rajashri_Shahu_Bus_stand_19/ozone,pune,ozone,static,4,air_quality/pune/Rajashri_Shahu_Bus_stand_19/ozone,1,500.0,6,,1.0,8,6,p_gated_uniform,5,5077,,,,0.0,,0.9985851726089418,0.0
traffic|speed|1|traffic,traffic,speed,static,1,traffic,6,50.0,3,,1.0,8,3,p_gated_uniform,0,77,1.2936579396575154,64.68289698287577,0.921304796740683,0.9841549295774648,0.1671138938580799,5.926056338028169,0.0
traffic|speed|1|traffic,traffic,speed,static,1,traffic,6,50.0,3,,1.0,8,3,p_gated_uniform,1,1077,1.3027795916060914,65.13897958030456,0.9324340787288818,0.9841549295774648,0.1671138938580799,5.926056338028169,0.0
traffic|speed|1|traffic,traffic,speed,static,1,traffic,6,50.0,3,,1.0,8,3,p_gated_uniform,2,2077,1.28133959533514,64.066979766757,0.8588731294385343,0.9841549295774648,0.1671138938580799,5.926056338028169,0.0
traffic|speed|1|traffic,traffic,speed,static,1,traffic,6,50.0,3,,1.0,8,3,p_gated_uniform,3,3077,1.324696877734883,66.23484388674416,0.9264131463126491,0.9841549295774648,0.1671138938580799,5.926056338028169,0.0
traffic|speed|1|traffic,traffic,speed,static,1,traffic,6,50.0,3,,1.0,8,3,p_gated_uniform,4,4077,1.3831282522275428,69.15641261137714,1.0987584915992064,0.9841549295774648,0.1671138938580799,5.926056338028169,0.0
traffic|speed|1|traffic,traffic,speed,static,1,traffic,6,50.0,3,,1.0,8,3,p_gated_uniform,5,5077,1.3920629104851592,69.60314552425795,0.8747383423031484,0.9841549295774648,0.1671138938580799,5.926056338028169,0.0
traffic|speed|2|traffic/intersection01,traffic,speed,static,2,traffic/intersection01,6,50.0,3,,1.0,8,3,p_gated_uniform,0,77,1.2936579396575154,64.68289698287577,0.921304796740683,0.9841549295774648,0.1671138938580799,5.926056338028169,0.0
traffic|speed|2|traffic/intersection01,traffic,speed,static,2,traffic/intersection01,6,50.0,3,,1.0,8,3,p_gated_uniform,1,1077,1.3027795916060914,65.13897958030456,0.9324340787288818,0.9841549295774648,0.1671138938580799,5.926056338028169,0.0
traffic|speed|2|traffic/intersection01,traffic,speed,static,2,traffic/intersection01,6,50.0,3,,1.0,8,3,p_gated_uniform,2,2077,1.28133959533514,64.066979766757,0.8588731294385343,0.9841549295774648,0.1671138938580799,5.926056338028169,0.0
traffic|speed|2|traffic/intersection01,traffic,speed,static,2,traffic/intersection01,6,50.0,3,,1.0,8,3,p_gated_uniform,3,3077,1.324696877734883,66.23484388674416,0.9264131463126491,0.9841549295774648,0.1671138938580799,5.926056338028169,0.0
traffic|speed|2|traffic/intersection01,traffic,speed,static,2,traffic/intersection01,6,50.0,3,,1.0,8,3,p_gated_uniform,4,4077,1.3831282522275428,69.15641261137714,1.0987584915992064,0.9841549295774648,0.1671138938580799,5.926056338028169,0.0
traffic|speed|2|traffic/intersection01,traffic,speed,static,2,traffic/intersection01,6,50.0,3,,1.0,8,3,p_gated_uniform,5,5077,1.3920629104851592,69.60314552425795,0.8747383423031484,0.9841549295774648,0.1671138938580799,5.926056338028169,0.0
traffic|speed|3|traffic/intersection01/radar,traffic,speed,static,3,traffic/intersection01/radar,4,50.0,3,,1.0,8,3,p_gated_uniform,0,77,1.937170013502356,96.8585006751178,0.8984833004415753,0.9964349376114082,0.25,3.985739750445633,0.0
traffic|speed|3|traffic/intersection01/radar,traffic,speed,static,3,traffic/intersection01/radar,4,50.0,3,,1.0,8,3,p_gated_uniform,1,1077,1.9434025439046223,97.17012719523112,1.0337488355021467,0.9964349376114082,0.25,3.985739750445633,0.0
traffic|speed|3|traffic/intersection01/radar,traffic,speed,static,3,traffic/intersection01/radar,4,50.0,3,,1.0,8,3,p_gated_uniform,2,2077,1.920763002822308,96.0381501411154,0.8374857542836704,0.9964349376114082,0.25,3.985739750445633,0.0
traffic|speed|3|traffic/intersection01/radar,traffic,speed,static,3,traffic/intersection01/radar,4,50.0,3,,1.0,8,3,p_gated_uniform,3,3077,1.9811942956617223,99.05971478308612,0.9359676874663798,0.9964349376114082,0.25,3.985739750445633,0.0
traffic|speed|3|traffic/intersection01/radar,traffic,speed,static,3,traffic/intersection01/radar,4,50.0,3,,1.0,8,3,p_gated_uniform,4,4077,2.0696319290114853,103.48159645057429,1.0933703021098031,0.9964349376114082,0.25,3.985739750445633,0.0
traffic|speed|3|traffic/intersection01/radar,traffic,speed,static,3,traffic/intersection01/radar,4,50.0,3,,1.0,8,3,p_gated_uniform,5,5077,2.085447939253569,104.27239696267846,0.8659871923651872,0.9964349376114082,0.25,3.985739750445633,0.0
traffic|speed|3|traffic/intersection01/lidar,traffic,speed,static,3,traffic/intersection01/lidar,2,50.0,3,,1.0,8,3,p_gated_uniform,0,77,,,,0.0,,1.9964664310954063,0.0
traffic|speed|3|traffic/intersection01/lidar,traffic,speed,static,3,traffic/intersection01/lidar,2,50.0,3,,1.0,8,3,p_gated_uniform,1,1077,,,,0.0,,1.9964664310954063,0.0
traffic|speed|3|traffic/intersection01/lidar,traffic,speed,static,3,traffic/intersection01/lidar,2,50.0,3,,1.0,8,3,p_gated_uniform,2,2077,,,,0.0,,1.9964664310954063,0.0
traffic|speed|3|traffic/intersection01/lidar,traffic,speed,static,3,traffic/intersection01/lidar,2,50.0,3,,1.0,8,3,p_gated_uniform,3,3077,,,,0.0,,1.9964664310954063,0.0
traffic|speed|3|traffic/intersection01/lidar,traffic,speed,static,3,traffic/intersection01/lidar,2,50.0,3,,1.0,8,3,p_gated_uniform,4,4077,,,,0.0,,1.9964664310954063,0.0
traffic|speed|3|traffic/intersection01/lidar,traffic,speed,static,3,traffic/intersection01/lidar,2,50.0,3,,1.0,8,3,p_gated_uniform,5,5077,,,,0.0,,1.9964664310954063,0.0
traffic|speed|4|traffic/intersection01/radar/EVO_RADAR_1,traffic,speed,static,4,traffic/intersection01/radar/EVO_RADAR_1,1,50.0,3,,1.0,8,3,p_gated_uniform,0,77,,,,0.0,,0.9964349376114082,0.0
traffic|speed|4|traffic/intersection01/radar/EVO_RADAR_1,traffic,speed,static,4,traffic/intersection01/radar/EVO_RADAR_1,1,50.0,3,,1.0,8,3,p_gated_uniform,1,1077,,,,0.0,,0.9964349376114082,0.0
traffic|speed|4|traffic/intersection01/radar/EVO_RADAR_1,traffic,speed,static,4,traffic/intersection01/radar/EVO_RADAR_1,1,50.0,3,,1.0,8,3,p_gated_uniform,2,2077,,,,0.0,,0.9964349376114082,0.0
traffic|speed|4|traffic/intersection01/radar/EVO_RADAR_1,traffic,speed,static,4,traffic/intersection01/radar/EVO_RADAR_1,1,50.0,3,,1.0,8,3,p_gated_uniform,3,3077,,,,0.0,,0.9964349376114082,0.0
traffic|speed|4|traffic/intersection01/radar/EVO_RADAR_1,traffic,speed,static,4,traffic/intersection01/radar/EVO_RADAR_1,1,50.0,3,,1.0,8,3,p_gated_uniform,4,4077,,,,0.0,,0.9964349376114082,0.0
traffic|speed|4|traffic/intersection01/radar/EVO_RADAR_1,traffic,speed,static,4,traffic/intersection01/radar/EVO_RADAR_1,1,50.0,3,,1.0,8,3,p_gated_uniform,5,5077,,,,0.0,,0.9964349376114082,0.0
traffic|speed|4|traffic/intersection01/radar/EVO_RADAR_2,traffic,speed,static,4,traffic/intersection01/radar/EVO_RADAR_2,1,50.0,3,,1.0,8,3,p_gated_uniform,0,77,,,,0.0,,0.9964349376114082,0.0
traffic|speed|4|traffic/intersection01/radar/EVO_RADAR_2,traffic,speed,static,4,traffic/intersection01/radar/EVO_RADAR_2,1,50.0,3,,1.0,8,3,p_gated_uniform,1,1077,,,,0.0,,0.9964349376114082,0.0
traffic|speed|4|traffic/intersection01/radar/EVO_RADAR_2,traffic,speed,static,4,traffic/intersection01/radar/EVO_RADAR_2,1,50.0,3,,1.0,8,3,p_gated_uniform,2,2077,,,,0.0,,0.9964349376114082,0.0
traffic|speed|4|traffic/intersection01/radar/EVO_RADAR_2,traffic,speed,static,4,traffic/intersection01/radar/EVO_RADAR_2,1,50.0,3,,1.0,8,3,p_gated_uniform,3,3077,,,,0.0,,0.9964349376114082,0.0
traffic|speed|4|traffic/intersection01/radar/EVO_RADAR_2,traffic,speed,static,4,traffic/intersection01/radar/EVO_RADAR_2,1,50.0,3,,1.0,8,3,p_gated_uniform,4,4077,,,,0.0,,0.9964349376114082,0.0
traffic|speed|4|traffic/intersection01/radar/EVO_RADAR_2,traffic,speed,static,4,traffic/intersection01/radar/EVO_RADAR_2,1,50.0,3,,1.0,8,3,p_gated_uniform,5,5077,,,,0.0,,0.9964349376114082,0.0
traffic|speed|4|traffic/intersection01/radar/EVO_RADAR_3,traffic,speed,static,4,traffic/intersection01/radar/EVO_RADAR_3,1,50.0,3,,1.0,8,3,p_gated_uniform,0,77,,,,0.0,,0.9964349376114082,0.0
traffic|speed|4|traffic/intersection01/radar/EVO_RADAR_3,traffic,speed,static,4,traffic/intersection01/radar/EVO_RADAR_3,1,50.0,3,,1.0,8,3,p_gated_uniform,1,1077,,,,0.0,,0.9964349376114082,0.0
traffic|speed|4|traffic/intersection01/radar/EVO_RADAR_3,traffic,speed,static,4,traffic/intersection01/radar/EVO_RADAR_3,1,50.0,3,,1.0,8,3,p_gated_uniform,2,2077,,,,0.0,,0.9964349376114082,0.0
traffic|speed|4|traffic/intersection01/radar/EVO_RADAR_3,traffic,speed,static,4,traffic/intersection01/radar/EVO_RADAR_3,1,50.0,3,,1.0,8,3,p_gated_uniform,3,3077,,,,0.0,,0.9964349376114082,0.0
traffic|speed|4|traffic/intersection01/radar/EVO_RADAR_3,traffic,speed,static,4,traffic/intersection01/radar/EVO_RADAR_3,1,50.0,3,,1.0,8,3,p_gated_uniform,4,4077,,,,0.0,,0.9964349376114082,0.0
traffic|speed|4|traffic/intersection01/radar/EVO_RADAR_3,traffic,speed,static,4,traffic/intersection01/radar/EVO_RADAR_3,1,50.0,3,,1.0,8,3,p_gated_uniform,5,5077,,,,0.0,,0.9964349376114082,0.0
traffic|speed|4|traffic/intersection01/radar/EVO_RADAR_4,traffic,speed,static,4,traffic/intersection01/radar/EVO_RADAR_4,1,50.0,3,,1.0,8,3,p_gated_uniform,0,77,,,,0.0,,0.9964349376114082,0.0
traffic|speed|4|traffic/intersection01/radar/EVO_RADAR_4,traffic,speed,static,4,traffic/intersection01/radar/EVO_RADAR_4,1,50.0,3,,1.0,8,3,p_gated_uniform,1,1077,,,,0.0,,0.9964349376114082,0.0
traffic|speed|4|traffic/intersection01/radar/EVO_RADAR_4,traffic,speed,static,4,traffic/intersection01/radar/EVO_RADAR_4,1,50.0,3,,1.0,8,3,p_gated_uniform,2,2077,,,,0.0,,0.9964349376114082,0.0
traffic|speed|4|traffic/intersection01/radar/EVO_RADAR_4,traffic,speed,static,4,traffic/intersection01/radar/EVO_RADAR_4,1,50.0,3,,1.0,8,3,p_gated_uniform,3,3077,,,,0.0,,0.9964349376114082,0.0
traffic|speed|4|traffic/intersection01/radar/EVO_RADAR_4,traffic,speed,static,4,traffic/intersection01/radar/EVO_RADAR_4,1,50.0,3,,1.0,8,3,p_gated_uniform,4,4077,,,,0.0,,0.9964349376114082,0.0
traffic|speed|4|traffic/intersection01/radar/EVO_RADAR_4,traffic,speed,static,4,traffic/intersection01/radar/EVO_RADAR_4,1,50.0,3,,1.0,8,3,p_gated_uniform,5,5077,,,,0.0,,0.9964349376114082,0.0
traffic|speed|4|traffic/intersection01/lidar/OS1_LIDAR_1,traffic,speed,static,4,traffic/intersection01/lidar/OS1_LIDAR_1,1,50.0,3,,1.0,8,3,p_gated_uniform,0,77,,,,0.0,,0.9982332155477032,0.0
traffic|speed|4|traffic/intersection01/lidar/OS1_LIDAR_1,traffic,speed,static,4,traffic/intersection01/lidar/OS1_LIDAR_1,1,50.0,3,,1.0,8,3,p_gated_uniform,1,1077,,,,0.0,,0.9982332155477032,0.0
traffic|speed|4|traffic/intersection01/lidar/OS1_LIDAR_1,traffic,speed,static,4,traffic/intersection01/lidar/OS1_LIDAR_1,1,50.0,3,,1.0,8,3,p_gated_uniform,2,2077,,,,0.0,,0.9982332155477032,0.0
traffic|speed|4|traffic/intersection01/lidar/OS1_LIDAR_1,traffic,speed,static,4,traffic/intersection01/lidar/OS1_LIDAR_1,1,50.0,3,,1.0,8,3,p_gated_uniform,3,3077,,,,0.0,,0.9982332155477032,0.0
traffic|speed|4|traffic/intersection01/lidar/OS1_LIDAR_1,traffic,speed,static,4,traffic/intersection01/lidar/OS1_LIDAR_1,1,50.0,3,,1.0,8,3,p_gated_uniform,4,4077,,,,0.0,,0.9982332155477032,0.0
traffic|speed|4|traffic/intersection01/lidar/OS1_LIDAR_1,traffic,speed,static,4,traffic/intersection01/lidar/OS1_LIDAR_1,1,50.0,3,,1.0,8,3,p_gated_uniform,5,5077,,,,0.0,,0.9982332155477032,0.0
traffic|speed|4|traffic/intersection01/lidar/OS1_LIDAR_2,traffic,speed,static,4,traffic/intersection01/lidar/OS1_LIDAR_2,1,50.0,3,,1.0,8,3,p_gated_uniform,0,77,,,,0.0,,0.9982332155477032,0.0
traffic|speed|4|traffic/intersection01/lidar/OS1_LIDAR_2,traffic,speed,static,4,traffic/intersection01/lidar/OS1_LIDAR_2,1,50.0,3,,1.0,8,3,p_gated_uniform,1,1077,,,,0.0,,0.9982332155477032,0.0
traffic|speed|4|traffic/intersection01/lidar/OS1_LIDAR_2,traffic,speed,static,4,traffic/intersection01/lidar/OS1_LIDAR_2,1,50.0,3,,1.0,8,3,p_gated_uniform,2,2077,,,,0.0,,0.9982332155477032,0.0
traffic|speed|4|traffic/intersection01/lidar/OS1_LIDAR_2,traffic,speed,static,4,traffic/intersection01/lidar/OS1_LIDAR_2,1,50.0,3,,1.0,8,3,p_gated_uniform,3,3077,,,,0.0,,0.9982332155477032,0.0
traffic|speed|4|traffic/intersection01/lidar/OS1_LIDAR_2,traffic,speed,static,4,traffic/intersection01/lidar/OS1_LIDAR_2,1,50.0,3,,1.0,8,3,p_gated_uniform,4,4077,,,,0.0,,0.9982332155477032,0.0
traffic|speed|4|traffic/intersection01/lidar/OS1_LIDAR_2,traffic,speed,static,4,traffic/intersection01/lidar/OS1_LIDAR_2,1,50.0,3,,1.0,8,3,p_gated_uniform,5,5077,,,,0.0,,0.9982332155477032,0.0
traffic|speed|5|traffic/intersection01/radar/EVO_RADAR_1/speed,traffic,speed,static,5,traffic/intersection01/radar/EVO_RADAR_1/speed,1,50.0,3,,1.0,8,3,p_gated_uniform,0,77,,,,0.0,,0.9964349376114082,0.0
traffic|speed|5|traffic/intersection01/radar/EVO_RADAR_1/speed,traffic,speed,static,5,traffic/intersection01/radar/EVO_RADAR_1/speed,1,50.0,3,,1.0,8,3,p_gated_uniform,1,1077,,,,0.0,,0.9964349376114082,0.0
traffic|speed|5|traffic/intersection01/radar/EVO_RADAR_1/speed,traffic,speed,static,5,traffic/intersection01/radar/EVO_RADAR_1/speed,1,50.0,3,,1.0,8,3,p_gated_uniform,2,2077,,,,0.0,,0.9964349376114082,0.0
traffic|speed|5|traffic/intersection01/radar/EVO_RADAR_1/speed,traffic,speed,static,5,traffic/intersection01/radar/EVO_RADAR_1/speed,1,50.0,3,,1.0,8,3,p_gated_uniform,3,3077,,,,0.0,,0.9964349376114082,0.0
traffic|speed|5|traffic/intersection01/radar/EVO_RADAR_1/speed,traffic,speed,static,5,traffic/intersection01/radar/EVO_RADAR_1/speed,1,50.0,3,,1.0,8,3,p_gated_uniform,4,4077,,,,0.0,,0.9964349376114082,0.0
traffic|speed|5|traffic/intersection01/radar/EVO_RADAR_1/speed,traffic,speed,static,5,traffic/intersection01/radar/EVO_RADAR_1/speed,1,50.0,3,,1.0,8,3,p_gated_uniform,5,5077,,,,0.0,,0.9964349376114082,0.0
traffic|speed|5|traffic/intersection01/radar/EVO_RADAR_2/speed,traffic,speed,static,5,traffic/intersection01/radar/EVO_RADAR_2/speed,1,50.0,3,,1.0,8,3,p_gated_uniform,0,77,,,,0.0,,0.9964349376114082,0.0
traffic|speed|5|traffic/intersection01/radar/EVO_RADAR_2/speed,traffic,speed,static,5,traffic/intersection01/radar/EVO_RADAR_2/speed,1,50.0,3,,1.0,8,3,p_gated_uniform,1,1077,,,,0.0,,0.9964349376114082,0.0
traffic|speed|5|traffic/intersection01/radar/EVO_RADAR_2/speed,traffic,speed,static,5,traffic/intersection01/radar/EVO_RADAR_2/speed,1,50.0,3,,1.0,8,3,p_gated_uniform,2,2077,,,,0.0,,0.9964349376114082,0.0
traffic|speed|5|traffic/intersection01/radar/EVO_RADAR_2/speed,traffic,speed,static,5,traffic/intersection01/radar/EVO_RADAR_2/speed,1,50.0,3,,1.0,8,3,p_gated_uniform,3,3077,,,,0.0,,0.9964349376114082,0.0
traffic|speed|5|traffic/intersection01/radar/EVO_RADAR_2/speed,traffic,speed,static,5,traffic/intersection01/radar/EVO_RADAR_2/speed,1,50.0,3,,1.0,8,3,p_gated_uniform,4,4077,,,,0.0,,0.9964349376114082,0.0
traffic|speed|5|traffic/intersection01/radar/EVO_RADAR_2/speed,traffic,speed,static,5,traffic/intersection01/radar/EVO_RADAR_2/speed,1,50.0,3,,1.0,8,3,p_gated_uniform,5,5077,,,,0.0,,0.9964349376114082,0.0
traffic|speed|5|traffic/intersection01/radar/EVO_RADAR_3/speed,traffic,speed,static,5,traffic/intersection01/radar/EVO_RADAR_3/speed,1,50.0,3,,1.0,8,3,p_gated_uniform,0,77,,,,0.0,,0.9964349376114082,0.0
traffic|speed|5|traffic/intersection01/radar/EVO_RADAR_3/speed,traffic,speed,static,5,traffic/intersection01/radar/EVO_RADAR_3/speed,1,50.0,3,,1.0,8,3,p_gated_uniform,1,1077,,,,0.0,,0.9964349376114082,0.0
traffic|speed|5|traffic/intersection01/radar/EVO_RADAR_3/speed,traffic,speed,static,5,traffic/intersection01/radar/EVO_RADAR_3/speed,1,50.0,3,,1.0,8,3,p_gated_uniform,2,2077,,,,0.0,,0.9964349376114082,0.0
traffic|speed|5|traffic/intersection01/radar/EVO_RADAR_3/speed,traffic,speed,static,5,traffic/intersection01/radar/EVO_RADAR_3/speed,1,50.0,3,,1.0,8,3,p_gated_uniform,3,3077,,,,0.0,,0.9964349376114082,0.0
traffic|speed|5|traffic/intersection01/radar/EVO_RADAR_3/speed,traffic,speed,static,5,traffic/intersection01/radar/EVO_RADAR_3/speed,1,50.0,3,,1.0,8,3,p_gated_uniform,4,4077,,,,0.0,,0.9964349376114082,0.0
traffic|speed|5|traffic/intersection01/radar/EVO_RADAR_3/speed,traffic,speed,static,5,traffic/intersection01/radar/EVO_RADAR_3/speed,1,50.0,3,,1.0,8,3,p_gated_uniform,5,5077,,,,0.0,,0.9964349376114082,0.0
traffic|speed|5|traffic/intersection01/radar/EVO_RADAR_4/speed,traffic,speed,static,5,traffic/intersection01/radar/EVO_RADAR_4/speed,1,50.0,3,,1.0,8,3,p_gated_uniform,0,77,,,,0.0,,0.9964349376114082,0.0
traffic|speed|5|traffic/intersection01/radar/EVO_RADAR_4/speed,traffic,speed,static,5,traffic/intersection01/radar/EVO_RADAR_4/speed,1,50.0,3,,1.0,8,3,p_gated_uniform,1,1077,,,,0.0,,0.9964349376114082,0.0
traffic|speed|5|traffic/intersection01/radar/EVO_RADAR_4/speed,traffic,speed,static,5,traffic/intersection01/radar/EVO_RADAR_4/speed,1,50.0,3,,1.0,8,3,p_gated_uniform,2,2077,,,,0.0,,0.9964349376114082,0.0
traffic|speed|5|traffic/intersection01/radar/EVO_RADAR_4/speed,traffic,speed,static,5,traffic/intersection01/radar/EVO_RADAR_4/speed,1,50.0,3,,1.0,8,3,p_gated_uniform,3,3077,,,,0.0,,0.9964349376114082,0.0
traffic|speed|5|traffic/intersection01/radar/EVO_RADAR_4/speed,traffic,speed,static,5,traffic/intersection01/radar/EVO_RADAR_4/speed,1,50.0,3,,1.0,8,3,p_gated_uniform,4,4077,,,,0.0,,0.9964349376114082,0.0
traffic|speed|5|traffic/intersection01/radar/EVO_RADAR_4/speed,traffic,speed,static,5,traffic/intersection01/radar/EVO_RADAR_4/speed,1,50.0,3,,1.0,8,3,p_gated_uniform,5,5077,,,,0.0,,0.9964349376114082,0.0
traffic|speed|5|traffic/intersection01/lidar/OS1_LIDAR_1/speed,traffic,speed,static,5,traffic/intersection01/lidar/OS1_LIDAR_1/speed,1,50.0,3,,1.0,8,3,p_gated_uniform,0,77,,,,0.0,,0.9982332155477032,0.0
traffic|speed|5|traffic/intersection01/lidar/OS1_LIDAR_1/speed,traffic,speed,static,5,traffic/intersection01/lidar/OS1_LIDAR_1/speed,1,50.0,3,,1.0,8,3,p_gated_uniform,1,1077,,,,0.0,,0.9982332155477032,0.0
traffic|speed|5|traffic/intersection01/lidar/OS1_LIDAR_1/speed,traffic,speed,static,5,traffic/intersection01/lidar/OS1_LIDAR_1/speed,1,50.0,3,,1.0,8,3,p_gated_uniform,2,2077,,,,0.0,,0.9982332155477032,0.0
traffic|speed|5|traffic/intersection01/lidar/OS1_LIDAR_1/speed,traffic,speed,static,5,traffic/intersection01/lidar/OS1_LIDAR_1/speed,1,50.0,3,,1.0,8,3,p_gated_uniform,3,3077,,,,0.0,,0.9982332155477032,0.0
traffic|speed|5|traffic/intersection01/lidar/OS1_LIDAR_1/speed,traffic,speed,static,5,traffic/intersection01/lidar/OS1_LIDAR_1/speed,1,50.0,3,,1.0,8,3,p_gated_uniform,4,4077,,,,0.0,,0.9982332155477032,0.0
traffic|speed|5|traffic/intersection01/lidar/OS1_LIDAR_1/speed,traffic,speed,static,5,traffic/intersection01/lidar/OS1_LIDAR_1/speed,1,50.0,3,,1.0,8,3,p_gated_uniform,5,5077,,,,0.0,,0.9982332155477032,0.0
traffic|speed|5|traffic/intersection01/lidar/OS1_LIDAR_2/speed,traffic,speed,static,5,traffic/intersection01/lidar/OS1_LIDAR_2/speed,1,50.0,3,,1.0,8,3,p_gated_uniform,0,77,,,,0.0,,0.9982332155477032,0.0
traffic|speed|5|traffic/intersection01/lidar/OS1_LIDAR_2/speed,traffic,speed,static,5,traffic/intersection01/lidar/OS1_LIDAR_2/speed,1,50.0,3,,1.0,8,3,p_gated_uniform,1,1077,,,,0.0,,0.9982332155477032,0.0
traffic|speed|5|traffic/intersection01/lidar/OS1_LIDAR_2/speed,traffic,speed,static,5,traffic/intersection01/lidar/OS1_LIDAR_2/speed,1,50.0,3,,1.0,8,3,p_gated_uniform,2,2077,,,,0.0,,0.9982332155477032,0.0
traffic|speed|5|traffic/intersection01/lidar/OS1_LIDAR_2/speed,traffic,speed,static,5,traffic/intersection01/lidar/OS1_LIDAR_2/speed,1,50.0,3,,1.0,8,3,p_gated_uniform,3,3077,,,,0.0,,0.9982332155477032,0.0
traffic|speed|5|traffic/intersection01/lidar/OS1_LIDAR_2/speed,traffic,speed,static,5,traffic/intersection01/lidar/OS1_LIDAR_2/speed,1,50.0,3,,1.0,8,3,p_gated_uniform,4,4077,,,,0.0,,0.9982332155477032,0.0
traffic|speed|5|traffic/intersection01/lidar/OS1_LIDAR_2/speed,traffic,speed,static,5,traffic/intersection01/lidar/OS1_LIDAR_2/speed,1,50.0,3,,1.0,8,3,p_gated_uniform,5,5077,,,,0.0,,0.9982332155477032,0.0
traffic|object_count|1|traffic,traffic,object_count,static,1,traffic,6,50.0,3,,1.0,8,3,p_gated_uniform,0,77,1.2936579396575154,64.68289698287577,0.8628436957455818,0.9841549295774648,0.1671138938580799,5.926056338028169,0.0
traffic|object_count|1|traffic,traffic,object_count,static,1,traffic,6,50.0,3,,1.0,8,3,p_gated_uniform,1,1077,1.3027795916060914,65.13897958030456,0.9003358829825101,0.9841549295774648,0.1671138938580799,5.926056338028169,0.0
traffic|object_count|1|traffic,traffic,object_count,static,1,traffic,6,50.0,3,,1.0,8,3,p_gated_uniform,2,2077,1.28133959533514,64.066979766757,0.9403696049734144,0.9841549295774648,0.1671138938580799,5.926056338028169,0.0
traffic|object_count|1|traffic,traffic,object_count,static,1,traffic,6,50.0,3,,1.0,8,3,p_gated_uniform,3,3077,1.324696877734883,66.23484388674416,0.4872361323046207,0.9841549295774648,0.1671138938580799,5.926056338028169,0.0
traffic|object_count|1|traffic,traffic,object_count,static,1,traffic,6,50.0,3,,1.0,8,3,p_gated_uniform,4,4077,1.3831282522275428,69.15641261137714,1.110638585206427,0.9841549295774648,0.1671138938580799,5.926056338028169,0.0
traffic|object_count|1|traffic,traffic,object_count,static,1,traffic,6,50.0,3,,1.0,8,3,p_gated_uniform,5,5077,1.3920629104851592,69.60314552425795,0.8879172302278587,0.9841549295774648,0.1671138938580799,5.926056338028169,0.0
traffic|object_count|2|traffic/intersection01,traffic,object_count,static,2,traffic/intersection01,6,50.0,3,,1.0,8,3,p_gated_uniform,0,77,1.2936579396575154,64.68289698287577,0.8628436957455818,0.9841549295774648,0.1671138938580799,5.926056338028169,0.0
traffic|object_count|2|traffic/intersection01,traffic,object_count,static,2,traffic/intersection01,6,50.0,3,,1.0,8,3,p_gated_uniform,1,1077,1.3027795916060914,65.13897958030456,0.9003358829825101,0.9841549295774648,0.1671138938580799,5.926056338028169,0.0
traffic|object_count|2|traffic/intersection01,traffic,object_count,static,2,traffic/intersection01,6,50.0,3,,1.0,8,3,p_gated_uniform,2,2077,1.28133959533514,64.066979766757,0.9403696049734144,0.9841549295774648,0.1671138938580799,5.926056338028169,0.0
traffic|object_count|2|traffic/intersection01,traffic,object_count,static,2,traffic/intersection01,6,50.0,3,,1.0,8,3,p_gated_uniform,3,3077,1.324696877734883,66.23484388674416,0.4872361323046207,0.9841549295774648,0.1671138938580799,5.926056338028169,0.0
traffic|object_count|2|traffic/intersection01,traffic,object_count,static,2,traffic/intersection01,6,50.0,3,,1.0,8,3,p_gated_uniform,4,4077,1.3831282522275428,69.15641261137714,1.110638585206427,0.9841549295774648,0.1671138938580799,5.926056338028169,0.0
traffic|object_count|2|traffic/intersection01,traffic,object_count,static,2,traffic/intersection01,6,50.0,3,,1.0,8,3,p_gated_uniform,5,5077,1.3920629104851592,69.60314552425795,0.8879172302278587,0.9841549295774648,0.1671138938580799,5.926056338028169,0.0
traffic|object_count|3|traffic/intersection01/radar,traffic,object_count,static,3,traffic/intersection01/radar,4,50.0,3,,1.0,8,3,p_gated_uniform,0,77,1.937170013502356,96.8585006751178,0.8715527245005342,0.9964349376114082,0.25,3.985739750445633,0.0
traffic|object_count|3|traffic/intersection01/radar,traffic,object_count,static,3,traffic/intersection01/radar,4,50.0,3,,1.0,8,3,p_gated_uniform,1,1077,1.9434025439046223,97.17012719523112,1.0734582807069144,0.9964349376114082,0.25,3.985739750445633,0.0
traffic|object_count|3|traffic/intersection01/radar,traffic,object_count,static,3,traffic/intersection01/radar,4,50.0,3,,1.0,8,3,p_gated_uniform,2,2077,1.920763002822308,96.0381501411154,0.8631155537825034,0.9964349376114082,0.25,3.985739750445633,0.0
traffic|object_count|3|traffic/intersection01/radar,traffic,object_count,static,3,traffic/intersection01/radar,4,50.0,3,,1.0,8,3,p_gated_uniform,3,3077,1.9811942956617223,99.05971478308612,0.9736988575888242,0.9964349376114082,0.25,3.985739750445633,0.0
traffic|object_count|3|traffic/intersection01/radar,traffic,object_count,static,3,traffic/intersection01/radar,4,50.0,3,,1.0,8,3,p_gated_uniform,4,4077,2.0696319290114853,103.48159645057429,1.1156677838216211,0.9964349376114082,0.25,3.985739750445633,0.0
traffic|object_count|3|traffic/intersection01/radar,traffic,object_count,static,3,traffic/intersection01/radar,4,50.0,3,,1.0,8,3,p_gated_uniform,5,5077,2.085447939253569,104.27239696267846,0.8615511101887018,0.9964349376114082,0.25,3.985739750445633,0.0
traffic|object_count|3|traffic/intersection01/lidar,traffic,object_count,static,3,traffic/intersection01/lidar,2,50.0,3,,1.0,8,3,p_gated_uniform,0,77,,,,0.0,,1.9964664310954063,0.0
traffic|object_count|3|traffic/intersection01/lidar,traffic,object_count,static,3,traffic/intersection01/lidar,2,50.0,3,,1.0,8,3,p_gated_uniform,1,1077,,,,0.0,,1.9964664310954063,0.0
traffic|object_count|3|traffic/intersection01/lidar,traffic,object_count,static,3,traffic/intersection01/lidar,2,50.0,3,,1.0,8,3,p_gated_uniform,2,2077,,,,0.0,,1.9964664310954063,0.0
traffic|object_count|3|traffic/intersection01/lidar,traffic,object_count,static,3,traffic/intersection01/lidar,2,50.0,3,,1.0,8,3,p_gated_uniform,3,3077,,,,0.0,,1.9964664310954063,0.0
traffic|object_count|3|traffic/intersection01/lidar,traffic,object_count,static,3,traffic/intersection01/lidar,2,50.0,3,,1.0,8,3,p_gated_uniform,4,4077,,,,0.0,,1.9964664310954063,0.0
traffic|object_count|3|traffic/intersection01/lidar,traffic,object_count,static,3,traffic/intersection01/lidar,2,50.0,3,,1.0,8,3,p_gated_uniform,5,5077,,,,0.0,,1.9964664310954063,0.0
traffic|object_count|4|traffic/intersection01/radar/EVO_RADAR_1,traffic,object_count,static,4,traffic/intersection01/radar/EVO_RADAR_1,1,50.0,3,,1.0,8,3,p_gated_uniform,0,77,,,,0.0,,0.9964349376114082,0.0
traffic|object_count|4|traffic/intersection01/radar/EVO_RADAR_1,traffic,object_count,static,4,traffic/intersection01/radar/EVO_RADAR_1,1,50.0,3,,1.0,8,3,p_gated_uniform,1,1077,,,,0.0,,0.9964349376114082,0.0
traffic|object_count|4|traffic/intersection01/radar/EVO_RADAR_1,traffic,object_count,static,4,traffic/intersection01/radar/EVO_RADAR_1,1,50.0,3,,1.0,8,3,p_gated_uniform,2,2077,,,,0.0,,0.9964349376114082,0.0
traffic|object_count|4|traffic/intersection01/radar/EVO_RADAR_1,traffic,object_count,static,4,traffic/intersection01/radar/EVO_RADAR_1,1,50.0,3,,1.0,8,3,p_gated_uniform,3,3077,,,,0.0,,0.9964349376114082,0.0
traffic|object_count|4|traffic/intersection01/radar/EVO_RADAR_1,traffic,object_count,static,4,traffic/intersection01/radar/EVO_RADAR_1,1,50.0,3,,1.0,8,3,p_gated_uniform,4,4077,,,,0.0,,0.9964349376114082,0.0
traffic|object_count|4|traffic/intersection01/radar/EVO_RADAR_1,traffic,object_count,static,4,traffic/intersection01/radar/EVO_RADAR_1,1,50.0,3,,1.0,8,3,p_gated_uniform,5,5077,,,,0.0,,0.9964349376114082,0.0
traffic|object_count|4|traffic/intersection01/radar/EVO_RADAR_2,traffic,object_count,static,4,traffic/intersection01/radar/EVO_RADAR_2,1,50.0,3,,1.0,8,3,p_gated_uniform,0,77,,,,0.0,,0.9964349376114082,0.0
traffic|object_count|4|traffic/intersection01/radar/EVO_RADAR_2,traffic,object_count,static,4,traffic/intersection01/radar/EVO_RADAR_2,1,50.0,3,,1.0,8,3,p_gated_uniform,1,1077,,,,0.0,,0.9964349376114082,0.0
traffic|object_count|4|traffic/intersection01/radar/EVO_RADAR_2,traffic,object_count,static,4,traffic/intersection01/radar/EVO_RADAR_2,1,50.0,3,,1.0,8,3,p_gated_uniform,2,2077,,,,0.0,,0.9964349376114082,0.0
traffic|object_count|4|traffic/intersection01/radar/EVO_RADAR_2,traffic,object_count,static,4,traffic/intersection01/radar/EVO_RADAR_2,1,50.0,3,,1.0,8,3,p_gated_uniform,3,3077,,,,0.0,,0.9964349376114082,0.0
traffic|object_count|4|traffic/intersection01/radar/EVO_RADAR_2,traffic,object_count,static,4,traffic/intersection01/radar/EVO_RADAR_2,1,50.0,3,,1.0,8,3,p_gated_uniform,4,4077,,,,0.0,,0.9964349376114082,0.0
traffic|object_count|4|traffic/intersection01/radar/EVO_RADAR_2,traffic,object_count,static,4,traffic/intersection01/radar/EVO_RADAR_2,1,50.0,3,,1.0,8,3,p_gated_uniform,5,5077,,,,0.0,,0.9964349376114082,0.0
traffic|object_count|4|traffic/intersection01/radar/EVO_RADAR_3,traffic,object_count,static,4,traffic/intersection01/radar/EVO_RADAR_3,1,50.0,3,,1.0,8,3,p_gated_uniform,0,77,,,,0.0,,0.9964349376114082,0.0
traffic|object_count|4|traffic/intersection01/radar/EVO_RADAR_3,traffic,object_count,static,4,traffic/intersection01/radar/EVO_RADAR_3,1,50.0,3,,1.0,8,3,p_gated_uniform,1,1077,,,,0.0,,0.9964349376114082,0.0
traffic|object_count|4|traffic/intersection01/radar/EVO_RADAR_3,traffic,object_count,static,4,traffic/intersection01/radar/EVO_RADAR_3,1,50.0,3,,1.0,8,3,p_gated_uniform,2,2077,,,,0.0,,0.9964349376114082,0.0
traffic|object_count|4|traffic/intersection01/radar/EVO_RADAR_3,traffic,object_count,static,4,traffic/intersection01/radar/EVO_RADAR_3,1,50.0,3,,1.0,8,3,p_gated_uniform,3,3077,,,,0.0,,0.9964349376114082,0.0
traffic|object_count|4|traffic/intersection01/radar/EVO_RADAR_3,traffic,object_count,static,4,traffic/intersection01/radar/EVO_RADAR_3,1,50.0,3,,1.0,8,3,p_gated_uniform,4,4077,,,,0.0,,0.9964349376114082,0.0
traffic|object_count|4|traffic/intersection01/radar/EVO_RADAR_3,traffic,object_count,static,4,traffic/intersection01/radar/EVO_RADAR_3,1,50.0,3,,1.0,8,3,p_gated_uniform,5,5077,,,,0.0,,0.9964349376114082,0.0
traffic|object_count|4|traffic/intersection01/radar/EVO_RADAR_4,traffic,object_count,static,4,traffic/intersection01/radar/EVO_RADAR_4,1,50.0,3,,1.0,8,3,p_gated_uniform,0,77,,,,0.0,,0.9964349376114082,0.0
traffic|object_count|4|traffic/intersection01/radar/EVO_RADAR_4,traffic,object_count,static,4,traffic/intersection01/radar/EVO_RADAR_4,1,50.0,3,,1.0,8,3,p_gated_uniform,1,1077,,,,0.0,,0.9964349376114082,0.0
traffic|object_count|4|traffic/intersection01/radar/EVO_RADAR_4,traffic,object_count,static,4,traffic/intersection01/radar/EVO_RADAR_4,1,50.0,3,,1.0,8,3,p_gated_uniform,2,2077,,,,0.0,,0.9964349376114082,0.0
traffic|object_count|4|traffic/intersection01/radar/EVO_RADAR_4,traffic,object_count,static,4,traffic/intersection01/radar/EVO_RADAR_4,1,50.0,3,,1.0,8,3,p_gated_uniform,3,3077,,,,0.0,,0.9964349376114082,0.0
traffic|object_count|4|traffic/intersection01/radar/EVO_RADAR_4,traffic,object_count,static,4,traffic/intersection01/radar/EVO_RADAR_4,1,50.0,3,,1.0,8,3,p_gated_uniform,4,4077,,,,0.0,,0.9964349376114082,0.0
traffic|object_count|4|traffic/intersection01/radar/EVO_RADAR_4,traffic,object_count,static,4,traffic/intersection01/radar/EVO_RADAR_4,1,50.0,3,,1.0,8,3,p_gated_uniform,5,5077,,,,0.0,,0.9964349376114082,0.0
traffic|object_count|4|traffic/intersection01/lidar/OS1_LIDAR_1,traffic,object_count,static,4,traffic/intersection01/lidar/OS1_LIDAR_1,1,50.0,3,,1.0,8,3,p_gated_uniform,0,77,,,,0.0,,0.9982332155477032,0.0
traffic|object_count|4|traffic/intersection01/lidar/OS1_LIDAR_1,traffic,object_count,static,4,traffic/intersection01/lidar/OS1_LIDAR_1,1,50.0,3,,1.0,8,3,p_gated_uniform,1,1077,,,,0.0,,0.9982332155477032,0.0
traffic|object_count|4|traffic/intersection01/lidar/OS1_LIDAR_1,traffic,object_count,static,4,traffic/intersection01/lidar/OS1_LIDAR_1,1,50.0,3,,1.0,8,3,p_gated_uniform,2,2077,,,,0.0,,0.9982332155477032,0.0
traffic|object_count|4|traffic/intersection01/lidar/OS1_LIDAR_1,traffic,object_count,static,4,traffic/intersection01/lidar/OS1_LIDAR_1,1,50.0,3,,1.0,8,3,p_gated_uniform,3,3077,,,,0.0,,0.9982332155477032,0.0
traffic|object_count|4|traffic/intersection01/lidar/OS1_LIDAR_1,traffic,object_count,static,4,traffic/intersection01/lidar/OS1_LIDAR_1,1,50.0,3,,1.0,8,3,p_gated_uniform,4,4077,,,,0.0,,0.9982332155477032,0.0
traffic|object_count|4|traffic/intersection01/lidar/OS1_LIDAR_1,traffic,object_count,static,4,traffic/intersection01/lidar/OS1_LIDAR_1,1,50.0,3,,1.0,8,3,p_gated_uniform,5,5077,,,,0.0,,0.9982332155477032,0.0
traffic|object_count|4|traffic/intersection01/lidar/OS1_LIDAR_2,traffic,object_count,static,4,traffic/intersection01/lidar/OS1_LIDAR_2,1,50.0,3,,1.0,8,3,p_gated_uniform,0,77,,,,0.0,,0.9982332155477032,0.0
traffic|object_count|4|traffic/intersection01/lidar/OS1_LIDAR_2,traffic,object_count,static,4,traffic/intersection01/lidar/OS1_LIDAR_2,1,50.0,3,,1.0,8,3,p_gated_uniform,1,1077,,,,0.0,,0.9982332155477032,0.0
traffic|object_count|4|traffic/intersection01/lidar/OS1_LIDAR_2,traffic,object_count,static,4,traffic/intersection01/lidar/OS1_LIDAR_2,1,50.0,3,,1.0,8,3,p_gated_uniform,2,2077,,,,0.0,,0.9982332155477032,0.0
traffic|object_count|4|traffic/intersection01/lidar/OS1_LIDAR_2,traffic,object_count,static,4,traffic/intersection01/lidar/OS1_LIDAR_2,1,50.0,3,,1.0,8,3,p_gated_uniform,3,3077,,,,0.0,,0.9982332155477032,0.0
traffic|object_count|4|traffic/intersection01/lidar/OS1_LIDAR_2,traffic,object_count,static,4,traffic/intersection01/lidar/OS1_LIDAR_2,1,50.0,3,,1.0,8,3,p_gated_uniform,4,4077,,,,0.0,,0.9982332155477032,0.0
traffic|object_count|4|traffic/intersection01/lidar/OS1_LIDAR_2,traffic,object_count,static,4,traffic/intersection01/lidar/OS1_LIDAR_2,1,50.0,3,,1.0,8,3,p_gated_uniform,5,5077,,,,0.0,,0.9982332155477032,0.0
traffic|object_count|5|traffic/intersection01/radar/EVO_RADAR_1/object_count,traffic,object_count,static,5,traffic/intersection01/radar/EVO_RADAR_1/object_count,1,50.0,3,,1.0,8,3,p_gated_uniform,0,77,,,,0.0,,0.9964349376114082,0.0
traffic|object_count|5|traffic/intersection01/radar/EVO_RADAR_1/object_count,traffic,object_count,static,5,traffic/intersection01/radar/EVO_RADAR_1/object_count,1,50.0,3,,1.0,8,3,p_gated_uniform,1,1077,,,,0.0,,0.9964349376114082,0.0
traffic|object_count|5|traffic/intersection01/radar/EVO_RADAR_1/object_count,traffic,object_count,static,5,traffic/intersection01/radar/EVO_RADAR_1/object_count,1,50.0,3,,1.0,8,3,p_gated_uniform,2,2077,,,,0.0,,0.9964349376114082,0.0
traffic|object_count|5|traffic/intersection01/radar/EVO_RADAR_1/object_count,traffic,object_count,static,5,traffic/intersection01/radar/EVO_RADAR_1/object_count,1,50.0,3,,1.0,8,3,p_gated_uniform,3,3077,,,,0.0,,0.9964349376114082,0.0
traffic|object_count|5|traffic/intersection01/radar/EVO_RADAR_1/object_count,traffic,object_count,static,5,traffic/intersection01/radar/EVO_RADAR_1/object_count,1,50.0,3,,1.0,8,3,p_gated_uniform,4,4077,,,,0.0,,0.9964349376114082,0.0
traffic|object_count|5|traffic/intersection01/radar/EVO_RADAR_1/object_count,traffic,object_count,static,5,traffic/intersection01/radar/EVO_RADAR_1/object_count,1,50.0,3,,1.0,8,3,p_gated_uniform,5,5077,,,,0.0,,0.9964349376114082,0.0
traffic|object_count|5|traffic/intersection01/radar/EVO_RADAR_2/object_count,traffic,object_count,static,5,traffic/intersection01/radar/EVO_RADAR_2/object_count,1,50.0,3,,1.0,8,3,p_gated_uniform,0,77,,,,0.0,,0.9964349376114082,0.0
traffic|object_count|5|traffic/intersection01/radar/EVO_RADAR_2/object_count,traffic,object_count,static,5,traffic/intersection01/radar/EVO_RADAR_2/object_count,1,50.0,3,,1.0,8,3,p_gated_uniform,1,1077,,,,0.0,,0.9964349376114082,0.0
traffic|object_count|5|traffic/intersection01/radar/EVO_RADAR_2/object_count,traffic,object_count,static,5,traffic/intersection01/radar/EVO_RADAR_2/object_count,1,50.0,3,,1.0,8,3,p_gated_uniform,2,2077,,,,0.0,,0.9964349376114082,0.0
traffic|object_count|5|traffic/intersection01/radar/EVO_RADAR_2/object_count,traffic,object_count,static,5,traffic/intersection01/radar/EVO_RADAR_2/object_count,1,50.0,3,,1.0,8,3,p_gated_uniform,3,3077,,,,0.0,,0.9964349376114082,0.0
traffic|object_count|5|traffic/intersection01/radar/EVO_RADAR_2/object_count,traffic,object_count,static,5,traffic/intersection01/radar/EVO_RADAR_2/object_count,1,50.0,3,,1.0,8,3,p_gated_uniform,4,4077,,,,0.0,,0.9964349376114082,0.0
traffic|object_count|5|traffic/intersection01/radar/EVO_RADAR_2/object_count,traffic,object_count,static,5,traffic/intersection01/radar/EVO_RADAR_2/object_count,1,50.0,3,,1.0,8,3,p_gated_uniform,5,5077,,,,0.0,,0.9964349376114082,0.0
traffic|object_count|5|traffic/intersection01/radar/EVO_RADAR_3/object_count,traffic,object_count,static,5,traffic/intersection01/radar/EVO_RADAR_3/object_count,1,50.0,3,,1.0,8,3,p_gated_uniform,0,77,,,,0.0,,0.9964349376114082,0.0
traffic|object_count|5|traffic/intersection01/radar/EVO_RADAR_3/object_count,traffic,object_count,static,5,traffic/intersection01/radar/EVO_RADAR_3/object_count,1,50.0,3,,1.0,8,3,p_gated_uniform,1,1077,,,,0.0,,0.9964349376114082,0.0
traffic|object_count|5|traffic/intersection01/radar/EVO_RADAR_3/object_count,traffic,object_count,static,5,traffic/intersection01/radar/EVO_RADAR_3/object_count,1,50.0,3,,1.0,8,3,p_gated_uniform,2,2077,,,,0.0,,0.9964349376114082,0.0
traffic|object_count|5|traffic/intersection01/radar/EVO_RADAR_3/object_count,traffic,object_count,static,5,traffic/intersection01/radar/EVO_RADAR_3/object_count,1,50.0,3,,1.0,8,3,p_gated_uniform,3,3077,,,,0.0,,0.9964349376114082,0.0
traffic|object_count|5|traffic/intersection01/radar/EVO_RADAR_3/object_count,traffic,object_count,static,5,traffic/intersection01/radar/EVO_RADAR_3/object_count,1,50.0,3,,1.0,8,3,p_gated_uniform,4,4077,,,,0.0,,0.9964349376114082,0.0
traffic|object_count|5|traffic/intersection01/radar/EVO_RADAR_3/object_count,traffic,object_count,static,5,traffic/intersection01/radar/EVO_RADAR_3/object_count,1,50.0,3,,1.0,8,3,p_gated_uniform,5,5077,,,,0.0,,0.9964349376114082,0.0
traffic|object_count|5|traffic/intersection01/radar/EVO_RADAR_4/object_count,traffic,object_count,static,5,traffic/intersection01/radar/EVO_RADAR_4/object_count,1,50.0,3,,1.0,8,3,p_gated_uniform,0,77,,,,0.0,,0.9964349376114082,0.0
traffic|object_count|5|traffic/intersection01/radar/EVO_RADAR_4/object_count,traffic,object_count,static,5,traffic/intersection01/radar/EVO_RADAR_4/object_count,1,50.0,3,,1.0,8,3,p_gated_uniform,1,1077,,,,0.0,,0.9964349376114082,0.0
traffic|object_count|5|traffic/intersection01/radar/EVO_RADAR_4/object_count,traffic,object_count,static,5,traffic/intersection01/radar/EVO_RADAR_4/object_count,1,50.0,3,,1.0,8,3,p_gated_uniform,2,2077,,,,0.0,,0.9964349376114082,0.0
traffic|object_count|5|traffic/intersection01/radar/EVO_RADAR_4/object_count,traffic,object_count,static,5,traffic/intersection01/radar/EVO_RADAR_4/object_count,1,50.0,3,,1.0,8,3,p_gated_uniform,3,3077,,,,0.0,,0.9964349376114082,0.0
traffic|object_count|5|traffic/intersection01/radar/EVO_RADAR_4/object_count,traffic,object_count,static,5,traffic/intersection01/radar/EVO_RADAR_4/object_count,1,50.0,3,,1.0,8,3,p_gated_uniform,4,4077,,,,0.0,,0.9964349376114082,0.0
traffic|object_count|5|traffic/intersection01/radar/EVO_RADAR_4/object_count,traffic,object_count,static,5,traffic/intersection01/radar/EVO_RADAR_4/object_count,1,50.0,3,,1.0,8,3,p_gated_uniform,5,5077,,,,0.0,,0.9964349376114082,0.0
traffic|object_count|5|traffic/intersection01/lidar/OS1_LIDAR_1/object_count,traffic,object_count,static,5,traffic/intersection01/lidar/OS1_LIDAR_1/object_count,1,50.0,3,,1.0,8,3,p_gated_uniform,0,77,,,,0.0,,0.9982332155477032,0.0
traffic|object_count|5|traffic/intersection01/lidar/OS1_LIDAR_1/object_count,traffic,object_count,static,5,traffic/intersection01/lidar/OS1_LIDAR_1/object_count,1,50.0,3,,1.0,8,3,p_gated_uniform,1,1077,,,,0.0,,0.9982332155477032,0.0
traffic|object_count|5|traffic/intersection01/lidar/OS1_LIDAR_1/object_count,traffic,object_count,static,5,traffic/intersection01/lidar/OS1_LIDAR_1/object_count,1,50.0,3,,1.0,8,3,p_gated_uniform,2,2077,,,,0.0,,0.9982332155477032,0.0
traffic|object_count|5|traffic/intersection01/lidar/OS1_LIDAR_1/object_count,traffic,object_count,static,5,traffic/intersection01/lidar/OS1_LIDAR_1/object_count,1,50.0,3,,1.0,8,3,p_gated_uniform,3,3077,,,,0.0,,0.9982332155477032,0.0
traffic|object_count|5|traffic/intersection01/lidar/OS1_LIDAR_1/object_count,traffic,object_count,static,5,traffic/intersection01/lidar/OS1_LIDAR_1/object_count,1,50.0,3,,1.0,8,3,p_gated_uniform,4,4077,,,,0.0,,0.9982332155477032,0.0
traffic|object_count|5|traffic/intersection01/lidar/OS1_LIDAR_1/object_count,traffic,object_count,static,5,traffic/intersection01/lidar/OS1_LIDAR_1/object_count,1,50.0,3,,1.0,8,3,p_gated_uniform,5,5077,,,,0.0,,0.9982332155477032,0.0
traffic|object_count|5|traffic/intersection01/lidar/OS1_LIDAR_2/object_count,traffic,object_count,static,5,traffic/intersection01/lidar/OS1_LIDAR_2/object_count,1,50.0,3,,1.0,8,3,p_gated_uniform,0,77,,,,0.0,,0.9982332155477032,0.0
traffic|object_count|5|traffic/intersection01/lidar/OS1_LIDAR_2/object_count,traffic,object_count,static,5,traffic/intersection01/lidar/OS1_LIDAR_2/object_count,1,50.0,3,,1.0,8,3,p_gated_uniform,1,1077,,,,0.0,,0.9982332155477032,0.0
traffic|object_count|5|traffic/intersection01/lidar/OS1_LIDAR_2/object_count,traffic,object_count,static,5,traffic/intersection01/lidar/OS1_LIDAR_2/object_count,1,50.0,3,,1.0,8,3,p_gated_uniform,2,2077,,,,0.0,,0.9982332155477032,0.0
traffic|object_count|5|traffic/intersection01/lidar/OS1_LIDAR_2/object_count,traffic,object_count,static,5,traffic/intersection01/lidar/OS1_LIDAR_2/object_count,1,50.0,3,,1.0,8,3,p_gated_uniform,3,3077,,,,0.0,,0.9982332155477032,0.0
traffic|object_count|5|traffic/intersection01/lidar/OS1_LIDAR_2/object_count,traffic,object_count,static,5,traffic/intersection01/lidar/OS1_LIDAR_2/object_count,1,50.0,3,,1.0,8,3,p_gated_uniform,4,4077,,,,0.0,,0.9982332155477032,0.0
traffic|object_count|5|traffic/intersection01/lidar/OS1_LIDAR_2/object_count,traffic,object_count,static,5,traffic/intersection01/lidar/OS1_LIDAR_2/object_count,1,50.0,3,,1.0,8,3,p_gated_uniform,5,5077,,,,0.0,,0.9982332155477032,0.0
wearable|heart_rate|1|health,wearable,heart_rate,static,1,health,10,190.0,4,,1.0,8,4,p_gated_uniform,0,77,1.3618311597832902,258.7479203588251,0.6158317358114372,0.8403361344537815,0.1040674603174602,8.403361344537815,0.0
wearable|heart_rate|1|health,wearable,heart_rate,static,1,health,10,190.0,4,,1.0,8,4,p_gated_uniform,1,1077,0.8670992628033046,164.74885993262788,0.8886267676814408,0.8403361344537815,0.1040674603174602,8.403361344537815,0.0
wearable|heart_rate|1|health,wearable,heart_rate,static,1,health,10,190.0,4,,1.0,8,4,p_gated_uniform,2,2077,1.3105485778730304,249.00422979587577,0.7329792011765129,0.8403361344537815,0.1040674603174602,8.403361344537815,0.0
wearable|heart_rate|1|health,wearable,heart_rate,static,1,health,10,190.0,4,,1.0,8,4,p_gated_uniform,3,3077,2.6851574550924617,510.1799164675677,0.3235010317517453,0.8403361344537815,0.1040674603174602,8.403361344537815,0.0
wearable|heart_rate|1|health,wearable,heart_rate,static,1,health,10,190.0,4,,1.0,8,4,p_gated_uniform,4,4077,0.9582568694294124,182.06880519158835,0.7061238159875906,0.8403361344537815,0.1040674603174602,8.403361344537815,0.0
wearable|heart_rate|1|health,wearable,heart_rate,static,1,health,10,190.0,4,,1.0,8,4,p_gated_uniform,5,5077,1.242677262270718,236.10867983143643,0.8130074815158784,0.8403361344537815,0.1040674603174602,8.403361344537815,0.0
wearable|heart_rate|2|health/hospital02,wearable,heart_rate,static,2,health/hospital02,2,190.0,4,,1.0,8,4,p_gated_uniform,0,77,,,,0.0,,1.8403361344537812,0.0
wearable|heart_rate|2|health/hospital02,wearable,heart_rate,static,2,health/hospital02,2,190.0,4,,1.0,8,4,p_gated_uniform,1,1077,,,,0.0,,1.8403361344537812,0.0
wearable|heart_rate|2|health/hospital02,wearable,heart_rate,static,2,health/hospital02,2,190.0,4,,1.0,8,4,p_gated_uniform,2,2077,,,,0.0,,1.8403361344537812,0.0
wearable|heart_rate|2|health/hospital02,wearable,heart_rate,static,2,health/hospital02,2,190.0,4,,1.0,8,4,p_gated_uniform,3,3077,,,,0.0,,1.8403361344537812,0.0
wearable|heart_rate|2|health/hospital02,wearable,heart_rate,static,2,health/hospital02,2,190.0,4,,1.0,8,4,p_gated_uniform,4,4077,,,,0.0,,1.8403361344537812,0.0
wearable|heart_rate|2|health/hospital02,wearable,heart_rate,static,2,health/hospital02,2,190.0,4,,1.0,8,4,p_gated_uniform,5,5077,,,,0.0,,1.8403361344537812,0.0
wearable|heart_rate|2|health/hospital01,wearable,heart_rate,static,2,health/hospital01,2,190.0,4,,1.0,8,4,p_gated_uniform,0,77,,,,0.0,,1.8867924528301887,0.0
wearable|heart_rate|2|health/hospital01,wearable,heart_rate,static,2,health/hospital01,2,190.0,4,,1.0,8,4,p_gated_uniform,1,1077,,,,0.0,,1.8867924528301887,0.0
wearable|heart_rate|2|health/hospital01,wearable,heart_rate,static,2,health/hospital01,2,190.0,4,,1.0,8,4,p_gated_uniform,2,2077,,,,0.0,,1.8867924528301887,0.0
wearable|heart_rate|2|health/hospital01,wearable,heart_rate,static,2,health/hospital01,2,190.0,4,,1.0,8,4,p_gated_uniform,3,3077,,,,0.0,,1.8867924528301887,0.0
wearable|heart_rate|2|health/hospital01,wearable,heart_rate,static,2,health/hospital01,2,190.0,4,,1.0,8,4,p_gated_uniform,4,4077,,,,0.0,,1.8867924528301887,0.0
wearable|heart_rate|2|health/hospital01,wearable,heart_rate,static,2,health/hospital01,2,190.0,4,,1.0,8,4,p_gated_uniform,5,5077,,,,0.0,,1.8867924528301887,0.0
wearable|heart_rate|2|health/hospital03,wearable,heart_rate,static,2,health/hospital03,2,190.0,4,,1.0,8,4,p_gated_uniform,0,77,,,,0.0,,1.8846153846153848,0.0
wearable|heart_rate|2|health/hospital03,wearable,heart_rate,static,2,health/hospital03,2,190.0,4,,1.0,8,4,p_gated_uniform,1,1077,,,,0.0,,1.8846153846153848,0.0
wearable|heart_rate|2|health/hospital03,wearable,heart_rate,static,2,health/hospital03,2,190.0,4,,1.0,8,4,p_gated_uniform,2,2077,,,,0.0,,1.8846153846153848,0.0
wearable|heart_rate|2|health/hospital03,wearable,heart_rate,static,2,health/hospital03,2,190.0,4,,1.0,8,4,p_gated_uniform,3,3077,,,,0.0,,1.8846153846153848,0.0
wearable|heart_rate|2|health/hospital03,wearable,heart_rate,static,2,health/hospital03,2,190.0,4,,1.0,8,4,p_gated_uniform,4,4077,,,,0.0,,1.8846153846153848,0.0
wearable|heart_rate|2|health/hospital03,wearable,heart_rate,static,2,health/hospital03,2,190.0,4,,1.0,8,4,p_gated_uniform,5,5077,,,,0.0,,1.8846153846153848,0.0
wearable|heart_rate|2|health/hospital04,wearable,heart_rate,static,2,health/hospital04,2,190.0,4,,1.0,8,4,p_gated_uniform,0,77,,,,0.0,,1.7962962962962965,0.0
wearable|heart_rate|2|health/hospital04,wearable,heart_rate,static,2,health/hospital04,2,190.0,4,,1.0,8,4,p_gated_uniform,1,1077,,,,0.0,,1.7962962962962965,0.0
wearable|heart_rate|2|health/hospital04,wearable,heart_rate,static,2,health/hospital04,2,190.0,4,,1.0,8,4,p_gated_uniform,2,2077,,,,0.0,,1.7962962962962965,0.0
wearable|heart_rate|2|health/hospital04,wearable,heart_rate,static,2,health/hospital04,2,190.0,4,,1.0,8,4,p_gated_uniform,3,3077,,,,0.0,,1.7962962962962965,0.0
wearable|heart_rate|2|health/hospital04,wearable,heart_rate,static,2,health/hospital04,2,190.0,4,,1.0,8,4,p_gated_uniform,4,4077,,,,0.0,,1.7962962962962965,0.0
wearable|heart_rate|2|health/hospital04,wearable,heart_rate,static,2,health/hospital04,2,190.0,4,,1.0,8,4,p_gated_uniform,5,5077,,,,0.0,,1.7962962962962965,0.0
wearable|heart_rate|2|health/hospital05,wearable,heart_rate,static,2,health/hospital05,2,190.0,4,,1.0,8,4,p_gated_uniform,0,77,,,,0.0,,1.8725490196078431,0.0
wearable|heart_rate|2|health/hospital05,wearable,heart_rate,static,2,health/hospital05,2,190.0,4,,1.0,8,4,p_gated_uniform,1,1077,,,,0.0,,1.8725490196078431,0.0
wearable|heart_rate|2|health/hospital05,wearable,heart_rate,static,2,health/hospital05,2,190.0,4,,1.0,8,4,p_gated_uniform,2,2077,,,,0.0,,1.8725490196078431,0.0
wearable|heart_rate|2|health/hospital05,wearable,heart_rate,static,2,health/hospital05,2,190.0,4,,1.0,8,4,p_gated_uniform,3,3077,,,,0.0,,1.8725490196078431,0.0
wearable|heart_rate|2|health/hospital05,wearable,heart_rate,static,2,health/hospital05,2,190.0,4,,1.0,8,4,p_gated_uniform,4,4077,,,,0.0,,1.8725490196078431,0.0
wearable|heart_rate|2|health/hospital05,wearable,heart_rate,static,2,health/hospital05,2,190.0,4,,1.0,8,4,p_gated_uniform,5,5077,,,,0.0,,1.8725490196078431,0.0
wearable|heart_rate|3|health/hospital02/Device_1,wearable,heart_rate,static,3,health/hospital02/Device_1,1,190.0,4,,1.0,8,4,p_gated_uniform,0,77,,,,0.0,,0.9523809523809524,0.0
wearable|heart_rate|3|health/hospital02/Device_1,wearable,heart_rate,static,3,health/hospital02/Device_1,1,190.0,4,,1.0,8,4,p_gated_uniform,1,1077,,,,0.0,,0.9523809523809524,0.0
wearable|heart_rate|3|health/hospital02/Device_1,wearable,heart_rate,static,3,health/hospital02/Device_1,1,190.0,4,,1.0,8,4,p_gated_uniform,2,2077,,,,0.0,,0.9523809523809524,0.0
wearable|heart_rate|3|health/hospital02/Device_1,wearable,heart_rate,static,3,health/hospital02/Device_1,1,190.0,4,,1.0,8,4,p_gated_uniform,3,3077,,,,0.0,,0.9523809523809524,0.0
wearable|heart_rate|3|health/hospital02/Device_1,wearable,heart_rate,static,3,health/hospital02/Device_1,1,190.0,4,,1.0,8,4,p_gated_uniform,4,4077,,,,0.0,,0.9523809523809524,0.0
wearable|heart_rate|3|health/hospital02/Device_1,wearable,heart_rate,static,3,health/hospital02/Device_1,1,190.0,4,,1.0,8,4,p_gated_uniform,5,5077,,,,0.0,,0.9523809523809524,0.0
wearable|heart_rate|3|health/hospital01/Device_10,wearable,heart_rate,static,3,health/hospital01/Device_10,1,190.0,4,,1.0,8,4,p_gated_uniform,0,77,,,,0.0,,0.9519230769230768,0.0
wearable|heart_rate|3|health/hospital01/Device_10,wearable,heart_rate,static,3,health/hospital01/Device_10,1,190.0,4,,1.0,8,4,p_gated_uniform,1,1077,,,,0.0,,0.9519230769230768,0.0
wearable|heart_rate|3|health/hospital01/Device_10,wearable,heart_rate,static,3,health/hospital01/Device_10,1,190.0,4,,1.0,8,4,p_gated_uniform,2,2077,,,,0.0,,0.9519230769230768,0.0
wearable|heart_rate|3|health/hospital01/Device_10,wearable,heart_rate,static,3,health/hospital01/Device_10,1,190.0,4,,1.0,8,4,p_gated_uniform,3,3077,,,,0.0,,0.9519230769230768,0.0
wearable|heart_rate|3|health/hospital01/Device_10,wearable,heart_rate,static,3,health/hospital01/Device_10,1,190.0,4,,1.0,8,4,p_gated_uniform,4,4077,,,,0.0,,0.9519230769230768,0.0
wearable|heart_rate|3|health/hospital01/Device_10,wearable,heart_rate,static,3,health/hospital01/Device_10,1,190.0,4,,1.0,8,4,p_gated_uniform,5,5077,,,,0.0,,0.9519230769230768,0.0
wearable|heart_rate|3|health/hospital03/Device_2,wearable,heart_rate,static,3,health/hospital03/Device_2,1,190.0,4,,1.0,8,4,p_gated_uniform,0,77,,,,0.0,,0.9519230769230768,0.0
wearable|heart_rate|3|health/hospital03/Device_2,wearable,heart_rate,static,3,health/hospital03/Device_2,1,190.0,4,,1.0,8,4,p_gated_uniform,1,1077,,,,0.0,,0.9519230769230768,0.0
wearable|heart_rate|3|health/hospital03/Device_2,wearable,heart_rate,static,3,health/hospital03/Device_2,1,190.0,4,,1.0,8,4,p_gated_uniform,2,2077,,,,0.0,,0.9519230769230768,0.0
wearable|heart_rate|3|health/hospital03/Device_2,wearable,heart_rate,static,3,health/hospital03/Device_2,1,190.0,4,,1.0,8,4,p_gated_uniform,3,3077,,,,0.0,,0.9519230769230768,0.0
wearable|heart_rate|3|health/hospital03/Device_2,wearable,heart_rate,static,3,health/hospital03/Device_2,1,190.0,4,,1.0,8,4,p_gated_uniform,4,4077,,,,0.0,,0.9519230769230768,0.0
wearable|heart_rate|3|health/hospital03/Device_2,wearable,heart_rate,static,3,health/hospital03/Device_2,1,190.0,4,,1.0,8,4,p_gated_uniform,5,5077,,,,0.0,,0.9519230769230768,0.0
wearable|heart_rate|3|health/hospital04/Device_3,wearable,heart_rate,static,3,health/hospital04/Device_3,1,190.0,4,,1.0,8,4,p_gated_uniform,0,77,,,,0.0,,0.9183673469387756,0.0
wearable|heart_rate|3|health/hospital04/Device_3,wearable,heart_rate,static,3,health/hospital04/Device_3,1,190.0,4,,1.0,8,4,p_gated_uniform,1,1077,,,,0.0,,0.9183673469387756,0.0
wearable|heart_rate|3|health/hospital04/Device_3,wearable,heart_rate,static,3,health/hospital04/Device_3,1,190.0,4,,1.0,8,4,p_gated_uniform,2,2077,,,,0.0,,0.9183673469387756,0.0
wearable|heart_rate|3|health/hospital04/Device_3,wearable,heart_rate,static,3,health/hospital04/Device_3,1,190.0,4,,1.0,8,4,p_gated_uniform,3,3077,,,,0.0,,0.9183673469387756,0.0
wearable|heart_rate|3|health/hospital04/Device_3,wearable,heart_rate,static,3,health/hospital04/Device_3,1,190.0,4,,1.0,8,4,p_gated_uniform,4,4077,,,,0.0,,0.9183673469387756,0.0
wearable|heart_rate|3|health/hospital04/Device_3,wearable,heart_rate,static,3,health/hospital04/Device_3,1,190.0,4,,1.0,8,4,p_gated_uniform,5,5077,,,,0.0,,0.9183673469387756,0.0
wearable|heart_rate|3|health/hospital05/Device_4,wearable,heart_rate,static,3,health/hospital05/Device_4,1,190.0,4,,1.0,8,4,p_gated_uniform,0,77,,,,0.0,,0.9405940594059404,0.0
wearable|heart_rate|3|health/hospital05/Device_4,wearable,heart_rate,static,3,health/hospital05/Device_4,1,190.0,4,,1.0,8,4,p_gated_uniform,1,1077,,,,0.0,,0.9405940594059404,0.0
wearable|heart_rate|3|health/hospital05/Device_4,wearable,heart_rate,static,3,health/hospital05/Device_4,1,190.0,4,,1.0,8,4,p_gated_uniform,2,2077,,,,0.0,,0.9405940594059404,0.0
wearable|heart_rate|3|health/hospital05/Device_4,wearable,heart_rate,static,3,health/hospital05/Device_4,1,190.0,4,,1.0,8,4,p_gated_uniform,3,3077,,,,0.0,,0.9405940594059404,0.0
wearable|heart_rate|3|health/hospital05/Device_4,wearable,heart_rate,static,3,health/hospital05/Device_4,1,190.0,4,,1.0,8,4,p_gated_uniform,4,4077,,,,0.0,,0.9405940594059404,0.0
wearable|heart_rate|3|health/hospital05/Device_4,wearable,heart_rate,static,3,health/hospital05/Device_4,1,190.0,4,,1.0,8,4,p_gated_uniform,5,5077,,,,0.0,,0.9405940594059404,0.0
wearable|heart_rate|3|health/hospital01/Device_5,wearable,heart_rate,static,3,health/hospital01/Device_5,1,190.0,4,,1.0,8,4,p_gated_uniform,0,77,,,,0.0,,0.9528301886792452,0.0
wearable|heart_rate|3|health/hospital01/Device_5,wearable,heart_rate,static,3,health/hospital01/Device_5,1,190.0,4,,1.0,8,4,p_gated_uniform,1,1077,,,,0.0,,0.9528301886792452,0.0
wearable|heart_rate|3|health/hospital01/Device_5,wearable,heart_rate,static,3,health/hospital01/Device_5,1,190.0,4,,1.0,8,4,p_gated_uniform,2,2077,,,,0.0,,0.9528301886792452,0.0
wearable|heart_rate|3|health/hospital01/Device_5,wearable,heart_rate,static,3,health/hospital01/Device_5,1,190.0,4,,1.0,8,4,p_gated_uniform,3,3077,,,,0.0,,0.9528301886792452,0.0
wearable|heart_rate|3|health/hospital01/Device_5,wearable,heart_rate,static,3,health/hospital01/Device_5,1,190.0,4,,1.0,8,4,p_gated_uniform,4,4077,,,,0.0,,0.9528301886792452,0.0
wearable|heart_rate|3|health/hospital01/Device_5,wearable,heart_rate,static,3,health/hospital01/Device_5,1,190.0,4,,1.0,8,4,p_gated_uniform,5,5077,,,,0.0,,0.9528301886792452,0.0
wearable|heart_rate|3|health/hospital02/Device_6,wearable,heart_rate,static,3,health/hospital02/Device_6,1,190.0,4,,1.0,8,4,p_gated_uniform,0,77,,,,0.0,,1.0,0.0
wearable|heart_rate|3|health/hospital02/Device_6,wearable,heart_rate,static,3,health/hospital02/Device_6,1,190.0,4,,1.0,8,4,p_gated_uniform,1,1077,,,,0.0,,1.0,0.0
wearable|heart_rate|3|health/hospital02/Device_6,wearable,heart_rate,static,3,health/hospital02/Device_6,1,190.0,4,,1.0,8,4,p_gated_uniform,2,2077,,,,0.0,,1.0,0.0
wearable|heart_rate|3|health/hospital02/Device_6,wearable,heart_rate,static,3,health/hospital02/Device_6,1,190.0,4,,1.0,8,4,p_gated_uniform,3,3077,,,,0.0,,1.0,0.0
wearable|heart_rate|3|health/hospital02/Device_6,wearable,heart_rate,static,3,health/hospital02/Device_6,1,190.0,4,,1.0,8,4,p_gated_uniform,4,4077,,,,0.0,,1.0,0.0
wearable|heart_rate|3|health/hospital02/Device_6,wearable,heart_rate,static,3,health/hospital02/Device_6,1,190.0,4,,1.0,8,4,p_gated_uniform,5,5077,,,,0.0,,1.0,0.0
wearable|heart_rate|3|health/hospital03/Device_7,wearable,heart_rate,static,3,health/hospital03/Device_7,1,190.0,4,,1.0,8,4,p_gated_uniform,0,77,,,,0.0,,0.941747572815534,0.0
wearable|heart_rate|3|health/hospital03/Device_7,wearable,heart_rate,static,3,health/hospital03/Device_7,1,190.0,4,,1.0,8,4,p_gated_uniform,1,1077,,,,0.0,,0.941747572815534,0.0
wearable|heart_rate|3|health/hospital03/Device_7,wearable,heart_rate,static,3,health/hospital03/Device_7,1,190.0,4,,1.0,8,4,p_gated_uniform,2,2077,,,,0.0,,0.941747572815534,0.0
wearable|heart_rate|3|health/hospital03/Device_7,wearable,heart_rate,static,3,health/hospital03/Device_7,1,190.0,4,,1.0,8,4,p_gated_uniform,3,3077,,,,0.0,,0.941747572815534,0.0
wearable|heart_rate|3|health/hospital03/Device_7,wearable,heart_rate,static,3,health/hospital03/Device_7,1,190.0,4,,1.0,8,4,p_gated_uniform,4,4077,,,,0.0,,0.941747572815534,0.0
wearable|heart_rate|3|health/hospital03/Device_7,wearable,heart_rate,static,3,health/hospital03/Device_7,1,190.0,4,,1.0,8,4,p_gated_uniform,5,5077,,,,0.0,,0.941747572815534,0.0
wearable|heart_rate|3|health/hospital04/Device_8,wearable,heart_rate,static,3,health/hospital04/Device_8,1,190.0,4,,1.0,8,4,p_gated_uniform,0,77,,,,0.0,,0.9629629629629628,0.0
wearable|heart_rate|3|health/hospital04/Device_8,wearable,heart_rate,static,3,health/hospital04/Device_8,1,190.0,4,,1.0,8,4,p_gated_uniform,1,1077,,,,0.0,,0.9629629629629628,0.0
wearable|heart_rate|3|health/hospital04/Device_8,wearable,heart_rate,static,3,health/hospital04/Device_8,1,190.0,4,,1.0,8,4,p_gated_uniform,2,2077,,,,0.0,,0.9629629629629628,0.0
wearable|heart_rate|3|health/hospital04/Device_8,wearable,heart_rate,static,3,health/hospital04/Device_8,1,190.0,4,,1.0,8,4,p_gated_uniform,3,3077,,,,0.0,,0.9629629629629628,0.0
wearable|heart_rate|3|health/hospital04/Device_8,wearable,heart_rate,static,3,health/hospital04/Device_8,1,190.0,4,,1.0,8,4,p_gated_uniform,4,4077,,,,0.0,,0.9629629629629628,0.0
wearable|heart_rate|3|health/hospital04/Device_8,wearable,heart_rate,static,3,health/hospital04/Device_8,1,190.0,4,,1.0,8,4,p_gated_uniform,5,5077,,,,0.0,,0.9629629629629628,0.0
wearable|heart_rate|3|health/hospital05/Device_9,wearable,heart_rate,static,3,health/hospital05/Device_9,1,190.0,4,,1.0,8,4,p_gated_uniform,0,77,,,,0.0,,0.9411764705882352,0.0
wearable|heart_rate|3|health/hospital05/Device_9,wearable,heart_rate,static,3,health/hospital05/Device_9,1,190.0,4,,1.0,8,4,p_gated_uniform,1,1077,,,,0.0,,0.9411764705882352,0.0
wearable|heart_rate|3|health/hospital05/Device_9,wearable,heart_rate,static,3,health/hospital05/Device_9,1,190.0,4,,1.0,8,4,p_gated_uniform,2,2077,,,,0.0,,0.9411764705882352,0.0
wearable|heart_rate|3|health/hospital05/Device_9,wearable,heart_rate,static,3,health/hospital05/Device_9,1,190.0,4,,1.0,8,4,p_gated_uniform,3,3077,,,,0.0,,0.9411764705882352,0.0
wearable|heart_rate|3|health/hospital05/Device_9,wearable,heart_rate,static,3,health/hospital05/Device_9,1,190.0,4,,1.0,8,4,p_gated_uniform,4,4077,,,,0.0,,0.9411764705882352,0.0
wearable|heart_rate|3|health/hospital05/Device_9,wearable,heart_rate,static,3,health/hospital05/Device_9,1,190.0,4,,1.0,8,4,p_gated_uniform,5,5077,,,,0.0,,0.9411764705882352,0.0
wearable|heart_rate|4|health/hospital02/Device_1/heart_rate,wearable,heart_rate,static,4,health/hospital02/Device_1/heart_rate,1,190.0,4,,1.0,8,4,p_gated_uniform,0,77,,,,0.0,,0.9523809523809524,0.0
wearable|heart_rate|4|health/hospital02/Device_1/heart_rate,wearable,heart_rate,static,4,health/hospital02/Device_1/heart_rate,1,190.0,4,,1.0,8,4,p_gated_uniform,1,1077,,,,0.0,,0.9523809523809524,0.0
wearable|heart_rate|4|health/hospital02/Device_1/heart_rate,wearable,heart_rate,static,4,health/hospital02/Device_1/heart_rate,1,190.0,4,,1.0,8,4,p_gated_uniform,2,2077,,,,0.0,,0.9523809523809524,0.0
wearable|heart_rate|4|health/hospital02/Device_1/heart_rate,wearable,heart_rate,static,4,health/hospital02/Device_1/heart_rate,1,190.0,4,,1.0,8,4,p_gated_uniform,3,3077,,,,0.0,,0.9523809523809524,0.0
wearable|heart_rate|4|health/hospital02/Device_1/heart_rate,wearable,heart_rate,static,4,health/hospital02/Device_1/heart_rate,1,190.0,4,,1.0,8,4,p_gated_uniform,4,4077,,,,0.0,,0.9523809523809524,0.0
wearable|heart_rate|4|health/hospital02/Device_1/heart_rate,wearable,heart_rate,static,4,health/hospital02/Device_1/heart_rate,1,190.0,4,,1.0,8,4,p_gated_uniform,5,5077,,,,0.0,,0.9523809523809524,0.0
wearable|heart_rate|4|health/hospital01/Device_10/heart_rate,wearable,heart_rate,static,4,health/hospital01/Device_10/heart_rate,1,190.0,4,,1.0,8,4,p_gated_uniform,0,77,,,,0.0,,0.9519230769230768,0.0
wearable|heart_rate|4|health/hospital01/Device_10/heart_rate,wearable,heart_rate,static,4,health/hospital01/Device_10/heart_rate,1,190.0,4,,1.0,8,4,p_gated_uniform,1,1077,,,,0.0,,0.9519230769230768,0.0
wearable|heart_rate|4|health/hospital01/Device_10/heart_rate,wearable,heart_rate,static,4,health/hospital01/Device_10/heart_rate,1,190.0,4,,1.0,8,4,p_gated_uniform,2,2077,,,,0.0,,0.9519230769230768,0.0
wearable|heart_rate|4|health/hospital01/Device_10/heart_rate,wearable,heart_rate,static,4,health/hospital01/Device_10/heart_rate,1,190.0,4,,1.0,8,4,p_gated_uniform,3,3077,,,,0.0,,0.9519230769230768,0.0
wearable|heart_rate|4|health/hospital01/Device_10/heart_rate,wearable,heart_rate,static,4,health/hospital01/Device_10/heart_rate,1,190.0,4,,1.0,8,4,p_gated_uniform,4,4077,,,,0.0,,0.9519230769230768,0.0
wearable|heart_rate|4|health/hospital01/Device_10/heart_rate,wearable,heart_rate,static,4,health/hospital01/Device_10/heart_rate,1,190.0,4,,1.0,8,4,p_gated_uniform,5,5077,,,,0.0,,0.9519230769230768,0.0
wearable|heart_rate|4|health/hospital03/Device_2/heart_rate,wearable,heart_rate,static,4,health/hospital03/Device_2/heart_rate,1,190.0,4,,1.0,8,4,p_gated_uniform,0,77,,,,0.0,,0.9519230769230768,0.0
wearable|heart_rate|4|health/hospital03/Device_2/heart_rate,wearable,heart_rate,static,4,health/hospital03/Device_2/heart_rate,1,190.0,4,,1.0,8,4,p_gated_uniform,1,1077,,,,0.0,,0.9519230769230768,0.0
wearable|heart_rate|4|health/hospital03/Device_2/heart_rate,wearable,heart_rate,static,4,health/hospital03/Device_2/heart_rate,1,190.0,4,,1.0,8,4,p_gated_uniform,2,2077,,,,0.0,,0.9519230769230768,0.0
wearable|heart_rate|4|health/hospital03/Device_2/heart_rate,wearable,heart_rate,static,4,health/hospital03/Device_2/heart_rate,1,190.0,4,,1.0,8,4,p_gated_uniform,3,3077,,,,0.0,,0.9519230769230768,0.0
wearable|heart_rate|4|health/hospital03/Device_2/heart_rate,wearable,heart_rate,static,4,health/hospital03/Device_2/heart_rate,1,190.0,4,,1.0,8,4,p_gated_uniform,4,4077,,,,0.0,,0.9519230769230768,0.0
wearable|heart_rate|4|health/hospital03/Device_2/heart_rate,wearable,heart_rate,static,4,health/hospital03/Device_2/heart_rate,1,190.0,4,,1.0,8,4,p_gated_uniform,5,5077,,,,0.0,,0.9519230769230768,0.0
wearable|heart_rate|4|health/hospital04/Device_3/heart_rate,wearable,heart_rate,static,4,health/hospital04/Device_3/heart_rate,1,190.0,4,,1.0,8,4,p_gated_uniform,0,77,,,,0.0,,0.9183673469387756,0.0
wearable|heart_rate|4|health/hospital04/Device_3/heart_rate,wearable,heart_rate,static,4,health/hospital04/Device_3/heart_rate,1,190.0,4,,1.0,8,4,p_gated_uniform,1,1077,,,,0.0,,0.9183673469387756,0.0
wearable|heart_rate|4|health/hospital04/Device_3/heart_rate,wearable,heart_rate,static,4,health/hospital04/Device_3/heart_rate,1,190.0,4,,1.0,8,4,p_gated_uniform,2,2077,,,,0.0,,0.9183673469387756,0.0
wearable|heart_rate|4|health/hospital04/Device_3/heart_rate,wearable,heart_rate,static,4,health/hospital04/Device_3/heart_rate,1,190.0,4,,1.0,8,4,p_gated_uniform,3,3077,,,,0.0,,0.9183673469387756,0.0
wearable|heart_rate|4|health/hospital04/Device_3/heart_rate,wearable,heart_rate,static,4,health/hospital04/Device_3/heart_rate,1,190.0,4,,1.0,8,4,p_gated_uniform,4,4077,,,,0.0,,0.9183673469387756,0.0
wearable|heart_rate|4|health/hospital04/Device_3/heart_rate,wearable,heart_rate,static,4,health/hospital04/Device_3/heart_rate,1,190.0,4,,1.0,8,4,p_gated_uniform,5,5077,,,,0.0,,0.9183673469387756,0.0
wearable|heart_rate|4|health/hospital05/Device_4/heart_rate,wearable,heart_rate,static,4,health/hospital05/Device_4/heart_rate,1,190.0,4,,1.0,8,4,p_gated_uniform,0,77,,,,0.0,,0.9405940594059404,0.0
wearable|heart_rate|4|health/hospital05/Device_4/heart_rate,wearable,heart_rate,static,4,health/hospital05/Device_4/heart_rate,1,190.0,4,,1.0,8,4,p_gated_uniform,1,1077,,,,0.0,,0.9405940594059404,0.0
wearable|heart_rate|4|health/hospital05/Device_4/heart_rate,wearable,heart_rate,static,4,health/hospital05/Device_4/heart_rate,1,190.0,4,,1.0,8,4,p_gated_uniform,2,2077,,,,0.0,,0.9405940594059404,0.0
wearable|heart_rate|4|health/hospital05/Device_4/heart_rate,wearable,heart_rate,static,4,health/hospital05/Device_4/heart_rate,1,190.0,4,,1.0,8,4,p_gated_uniform,3,3077,,,,0.0,,0.9405940594059404,0.0
wearable|heart_rate|4|health/hospital05/Device_4/heart_rate,wearable,heart_rate,static,4,health/hospital05/Device_4/heart_rate,1,190.0,4,,1.0,8,4,p_gated_uniform,4,4077,,,,0.0,,0.9405940594059404,0.0
wearable|heart_rate|4|health/hospital05/Device_4/heart_rate,wearable,heart_rate,static,4,health/hospital05/Device_4/heart_rate,1,190.0,4,,1.0,8,4,p_gated_uniform,5,5077,,,,0.0,,0.9405940594059404,0.0
wearable|heart_rate|4|health/hospital01/Device_5/heart_rate,wearable,heart_rate,static,4,health/hospital01/Device_5/heart_rate,1,190.0,4,,1.0,8,4,p_gated_uniform,0,77,,,,0.0,,0.9528301886792452,0.0
wearable|heart_rate|4|health/hospital01/Device_5/heart_rate,wearable,heart_rate,static,4,health/hospital01/Device_5/heart_rate,1,190.0,4,,1.0,8,4,p_gated_uniform,1,1077,,,,0.0,,0.9528301886792452,0.0
wearable|heart_rate|4|health/hospital01/Device_5/heart_rate,wearable,heart_rate,static,4,health/hospital01/Device_5/heart_rate,1,190.0,4,,1.0,8,4,p_gated_uniform,2,2077,,,,0.0,,0.9528301886792452,0.0
wearable|heart_rate|4|health/hospital01/Device_5/heart_rate,wearable,heart_rate,static,4,health/hospital01/Device_5/heart_rate,1,190.0,4,,1.0,8,4,p_gated_uniform,3,3077,,,,0.0,,0.9528301886792452,0.0
wearable|heart_rate|4|health/hospital01/Device_5/heart_rate,wearable,heart_rate,static,4,health/hospital01/Device_5/heart_rate,1,190.0,4,,1.0,8,4,p_gated_uniform,4,4077,,,,0.0,,0.9528301886792452,0.0
wearable|heart_rate|4|health/hospital01/Device_5/heart_rate,wearable,heart_rate,static,4,health/hospital01/Device_5/heart_rate,1,190.0,4,,1.0,8,4,p_gated_uniform,5,5077,,,,0.0,,0.9528301886792452,0.0
wearable|heart_rate|4|health/hospital02/Device_6/heart_rate,wearable,heart_rate,static,4,health/hospital02/Device_6/heart_rate,1,190.0,4,,1.0,8,4,p_gated_uniform,0,77,,,,0.0,,1.0,0.0
wearable|heart_rate|4|health/hospital02/Device_6/heart_rate,wearable,heart_rate,static,4,health/hospital02/Device_6/heart_rate,1,190.0,4,,1.0,8,4,p_gated_uniform,1,1077,,,,0.0,,1.0,0.0
wearable|heart_rate|4|health/hospital02/Device_6/heart_rate,wearable,heart_rate,static,4,health/hospital02/Device_6/heart_rate,1,190.0,4,,1.0,8,4,p_gated_uniform,2,2077,,,,0.0,,1.0,0.0
wearable|heart_rate|4|health/hospital02/Device_6/heart_rate,wearable,heart_rate,static,4,health/hospital02/Device_6/heart_rate,1,190.0,4,,1.0,8,4,p_gated_uniform,3,3077,,,,0.0,,1.0,0.0
wearable|heart_rate|4|health/hospital02/Device_6/heart_rate,wearable,heart_rate,static,4,health/hospital02/Device_6/heart_rate,1,190.0,4,,1.0,8,4,p_gated_uniform,4,4077,,,,0.0,,1.0,0.0
wearable|heart_rate|4|health/hospital02/Device_6/heart_rate,wearable,heart_rate,static,4,health/hospital02/Device_6/heart_rate,1,190.0,4,,1.0,8,4,p_gated_uniform,5,5077,,,,0.0,,1.0,0.0
wearable|heart_rate|4|health/hospital03/Device_7/heart_rate,wearable,heart_rate,static,4,health/hospital03/Device_7/heart_rate,1,190.0,4,,1.0,8,4,p_gated_uniform,0,77,,,,0.0,,0.941747572815534,0.0
wearable|heart_rate|4|health/hospital03/Device_7/heart_rate,wearable,heart_rate,static,4,health/hospital03/Device_7/heart_rate,1,190.0,4,,1.0,8,4,p_gated_uniform,1,1077,,,,0.0,,0.941747572815534,0.0
wearable|heart_rate|4|health/hospital03/Device_7/heart_rate,wearable,heart_rate,static,4,health/hospital03/Device_7/heart_rate,1,190.0,4,,1.0,8,4,p_gated_uniform,2,2077,,,,0.0,,0.941747572815534,0.0
wearable|heart_rate|4|health/hospital03/Device_7/heart_rate,wearable,heart_rate,static,4,health/hospital03/Device_7/heart_rate,1,190.0,4,,1.0,8,4,p_gated_uniform,3,3077,,,,0.0,,0.941747572815534,0.0
wearable|heart_rate|4|health/hospital03/Device_7/heart_rate,wearable,heart_rate,static,4,health/hospital03/Device_7/heart_rate,1,190.0,4,,1.0,8,4,p_gated_uniform,4,4077,,,,0.0,,0.941747572815534,0.0
wearable|heart_rate|4|health/hospital03/Device_7/heart_rate,wearable,heart_rate,static,4,health/hospital03/Device_7/heart_rate,1,190.0,4,,1.0,8,4,p_gated_uniform,5,5077,,,,0.0,,0.941747572815534,0.0
wearable|heart_rate|4|health/hospital04/Device_8/heart_rate,wearable,heart_rate,static,4,health/hospital04/Device_8/heart_rate,1,190.0,4,,1.0,8,4,p_gated_uniform,0,77,,,,0.0,,0.9629629629629628,0.0
wearable|heart_rate|4|health/hospital04/Device_8/heart_rate,wearable,heart_rate,static,4,health/hospital04/Device_8/heart_rate,1,190.0,4,,1.0,8,4,p_gated_uniform,1,1077,,,,0.0,,0.9629629629629628,0.0
wearable|heart_rate|4|health/hospital04/Device_8/heart_rate,wearable,heart_rate,static,4,health/hospital04/Device_8/heart_rate,1,190.0,4,,1.0,8,4,p_gated_uniform,2,2077,,,,0.0,,0.9629629629629628,0.0
wearable|heart_rate|4|health/hospital04/Device_8/heart_rate,wearable,heart_rate,static,4,health/hospital04/Device_8/heart_rate,1,190.0,4,,1.0,8,4,p_gated_uniform,3,3077,,,,0.0,,0.9629629629629628,0.0
wearable|heart_rate|4|health/hospital04/Device_8/heart_rate,wearable,heart_rate,static,4,health/hospital04/Device_8/heart_rate,1,190.0,4,,1.0,8,4,p_gated_uniform,4,4077,,,,0.0,,0.9629629629629628,0.0
wearable|heart_rate|4|health/hospital04/Device_8/heart_rate,wearable,heart_rate,static,4,health/hospital04/Device_8/heart_rate,1,190.0,4,,1.0,8,4,p_gated_uniform,5,5077,,,,0.0,,0.9629629629629628,0.0
wearable|heart_rate|4|health/hospital05/Device_9/heart_rate,wearable,heart_rate,static,4,health/hospital05/Device_9/heart_rate,1,190.0,4,,1.0,8,4,p_gated_uniform,0,77,,,,0.0,,0.9411764705882352,0.0
wearable|heart_rate|4|health/hospital05/Device_9/heart_rate,wearable,heart_rate,static,4,health/hospital05/Device_9/heart_rate,1,190.0,4,,1.0,8,4,p_gated_uniform,1,1077,,,,0.0,,0.9411764705882352,0.0
wearable|heart_rate|4|health/hospital05/Device_9/heart_rate,wearable,heart_rate,static,4,health/hospital05/Device_9/heart_rate,1,190.0,4,,1.0,8,4,p_gated_uniform,2,2077,,,,0.0,,0.9411764705882352,0.0
wearable|heart_rate|4|health/hospital05/Device_9/heart_rate,wearable,heart_rate,static,4,health/hospital05/Device_9/heart_rate,1,190.0,4,,1.0,8,4,p_gated_uniform,3,3077,,,,0.0,,0.9411764705882352,0.0
wearable|heart_rate|4|health/hospital05/Device_9/heart_rate,wearable,heart_rate,static,4,health/hospital05/Device_9/heart_rate,1,190.0,4,,1.0,8,4,p_gated_uniform,4,4077,,,,0.0,,0.9411764705882352,0.0
wearable|heart_rate|4|health/hospital05/Device_9/heart_rate,wearable,heart_rate,static,4,health/hospital05/Device_9/heart_rate,1,190.0,4,,1.0,8,4,p_gated_uniform,5,5077,,,,0.0,,0.9411764705882352,0.0
wearable|steps|1|health,wearable,steps,static,1,health,10,5000.0,4,,1.0,8,4,p_gated_uniform,0,77,1.348070476333711,6740.352381668556,0.6621891469750469,0.8403361344537815,0.1040674603174602,8.403361344537815,0.0
wearable|steps|1|health,wearable,steps,static,1,health,10,5000.0,4,,1.0,8,4,p_gated_uniform,1,1077,0.8545098757285565,4272.549378642782,0.6586670683335047,0.8403361344537815,0.1040674603174602,8.403361344537815,0.0
wearable|steps|1|health,wearable,steps,static,1,health,10,5000.0,4,,1.0,8,4,p_gated_uniform,2,2077,1.296787894423452,6483.939472117259,0.7826078283466498,0.8403361344537815,0.1040674603174602,8.403361344537815,0.0
wearable|steps|1|health,wearable,steps,static,1,health,10,5000.0,4,,1.0,8,4,p_gated_uniform,3,3077,2.6989181385420413,13494.590692710206,0.3235010317517453,0.8403361344537815,0.1040674603174602,8.403361344537815,0.0
wearable|steps|1|health,wearable,steps,static,1,health,10,5000.0,4,,1.0,8,4,p_gated_uniform,4,4077,0.9444961859798336,4722.480929899168,0.7957106707021937,0.8403361344537815,0.1040674603174602,8.403361344537815,0.0
wearable|steps|1|health,wearable,steps,static,1,health,10,5000.0,4,,1.0,8,4,p_gated_uniform,5,5077,1.2289165788211396,6144.582894105698,0.7892573035425113,0.8403361344537815,0.1040674603174602,8.403361344537815,0.0
wearable|steps|2|health/hospital02,wearable,steps,static,2,health/hospital02,2,5000.0,4,,1.0,8,4,p_gated_uniform,0,77,,,,0.0,,1.8403361344537812,0.0
wearable|steps|2|health/hospital02,wearable,steps,static,2,health/hospital02,2,5000.0,4,,1.0,8,4,p_gated_uniform,1,1077,,,,0.0,,1.8403361344537812,0.0
wearable|steps|2|health/hospital02,wearable,steps,static,2,health/hospital02,2,5000.0,4,,1.0,8,4,p_gated_uniform,2,2077,,,,0.0,,1.8403361344537812,0.0
wearable|steps|2|health/hospital02,wearable,steps,static,2,health/hospital02,2,5000.0,4,,1.0,8,4,p_gated_uniform,3,3077,,,,0.0,,1.8403361344537812,0.0
wearable|steps|2|health/hospital02,wearable,steps,static,2,health/hospital02,2,5000.0,4,,1.0,8,4,p_gated_uniform,4,4077,,,,0.0,,1.8403361344537812,0.0
wearable|steps|2|health/hospital02,wearable,steps,static,2,health/hospital02,2,5000.0,4,,1.0,8,4,p_gated_uniform,5,5077,,,,0.0,,1.8403361344537812,0.0
wearable|steps|2|health/hospital01,wearable,steps,static,2,health/hospital01,2,5000.0,4,,1.0,8,4,p_gated_uniform,0,77,,,,0.0,,1.8867924528301887,0.0
wearable|steps|2|health/hospital01,wearable,steps,static,2,health/hospital01,2,5000.0,4,,1.0,8,4,p_gated_uniform,1,1077,,,,0.0,,1.8867924528301887,0.0
wearable|steps|2|health/hospital01,wearable,steps,static,2,health/hospital01,2,5000.0,4,,1.0,8,4,p_gated_uniform,2,2077,,,,0.0,,1.8867924528301887,0.0
wearable|steps|2|health/hospital01,wearable,steps,static,2,health/hospital01,2,5000.0,4,,1.0,8,4,p_gated_uniform,3,3077,,,,0.0,,1.8867924528301887,0.0
wearable|steps|2|health/hospital01,wearable,steps,static,2,health/hospital01,2,5000.0,4,,1.0,8,4,p_gated_uniform,4,4077,,,,0.0,,1.8867924528301887,0.0
wearable|steps|2|health/hospital01,wearable,steps,static,2,health/hospital01,2,5000.0,4,,1.0,8,4,p_gated_uniform,5,5077,,,,0.0,,1.8867924528301887,0.0
wearable|steps|2|health/hospital03,wearable,steps,static,2,health/hospital03,2,5000.0,4,,1.0,8,4,p_gated_uniform,0,77,,,,0.0,,1.8846153846153848,0.0
wearable|steps|2|health/hospital03,wearable,steps,static,2,health/hospital03,2,5000.0,4,,1.0,8,4,p_gated_uniform,1,1077,,,,0.0,,1.8846153846153848,0.0
wearable|steps|2|health/hospital03,wearable,steps,static,2,health/hospital03,2,5000.0,4,,1.0,8,4,p_gated_uniform,2,2077,,,,0.0,,1.8846153846153848,0.0
wearable|steps|2|health/hospital03,wearable,steps,static,2,health/hospital03,2,5000.0,4,,1.0,8,4,p_gated_uniform,3,3077,,,,0.0,,1.8846153846153848,0.0
wearable|steps|2|health/hospital03,wearable,steps,static,2,health/hospital03,2,5000.0,4,,1.0,8,4,p_gated_uniform,4,4077,,,,0.0,,1.8846153846153848,0.0
wearable|steps|2|health/hospital03,wearable,steps,static,2,health/hospital03,2,5000.0,4,,1.0,8,4,p_gated_uniform,5,5077,,,,0.0,,1.8846153846153848,0.0
wearable|steps|2|health/hospital04,wearable,steps,static,2,health/hospital04,2,5000.0,4,,1.0,8,4,p_gated_uniform,0,77,,,,0.0,,1.7962962962962965,0.0
wearable|steps|2|health/hospital04,wearable,steps,static,2,health/hospital04,2,5000.0,4,,1.0,8,4,p_gated_uniform,1,1077,,,,0.0,,1.7962962962962965,0.0
wearable|steps|2|health/hospital04,wearable,steps,static,2,health/hospital04,2,5000.0,4,,1.0,8,4,p_gated_uniform,2,2077,,,,0.0,,1.7962962962962965,0.0
wearable|steps|2|health/hospital04,wearable,steps,static,2,health/hospital04,2,5000.0,4,,1.0,8,4,p_gated_uniform,3,3077,,,,0.0,,1.7962962962962965,0.0
wearable|steps|2|health/hospital04,wearable,steps,static,2,health/hospital04,2,5000.0,4,,1.0,8,4,p_gated_uniform,4,4077,,,,0.0,,1.7962962962962965,0.0
wearable|steps|2|health/hospital04,wearable,steps,static,2,health/hospital04,2,5000.0,4,,1.0,8,4,p_gated_uniform,5,5077,,,,0.0,,1.7962962962962965,0.0
wearable|steps|2|health/hospital05,wearable,steps,static,2,health/hospital05,2,5000.0,4,,1.0,8,4,p_gated_uniform,0,77,,,,0.0,,1.8725490196078431,0.0
wearable|steps|2|health/hospital05,wearable,steps,static,2,health/hospital05,2,5000.0,4,,1.0,8,4,p_gated_uniform,1,1077,,,,0.0,,1.8725490196078431,0.0
wearable|steps|2|health/hospital05,wearable,steps,static,2,health/hospital05,2,5000.0,4,,1.0,8,4,p_gated_uniform,2,2077,,,,0.0,,1.8725490196078431,0.0
wearable|steps|2|health/hospital05,wearable,steps,static,2,health/hospital05,2,5000.0,4,,1.0,8,4,p_gated_uniform,3,3077,,,,0.0,,1.8725490196078431,0.0
wearable|steps|2|health/hospital05,wearable,steps,static,2,health/hospital05,2,5000.0,4,,1.0,8,4,p_gated_uniform,4,4077,,,,0.0,,1.8725490196078431,0.0
wearable|steps|2|health/hospital05,wearable,steps,static,2,health/hospital05,2,5000.0,4,,1.0,8,4,p_gated_uniform,5,5077,,,,0.0,,1.8725490196078431,0.0
wearable|steps|3|health/hospital02/Device_1,wearable,steps,static,3,health/hospital02/Device_1,1,5000.0,4,,1.0,8,4,p_gated_uniform,0,77,,,,0.0,,0.9523809523809524,0.0
wearable|steps|3|health/hospital02/Device_1,wearable,steps,static,3,health/hospital02/Device_1,1,5000.0,4,,1.0,8,4,p_gated_uniform,1,1077,,,,0.0,,0.9523809523809524,0.0
wearable|steps|3|health/hospital02/Device_1,wearable,steps,static,3,health/hospital02/Device_1,1,5000.0,4,,1.0,8,4,p_gated_uniform,2,2077,,,,0.0,,0.9523809523809524,0.0
wearable|steps|3|health/hospital02/Device_1,wearable,steps,static,3,health/hospital02/Device_1,1,5000.0,4,,1.0,8,4,p_gated_uniform,3,3077,,,,0.0,,0.9523809523809524,0.0
wearable|steps|3|health/hospital02/Device_1,wearable,steps,static,3,health/hospital02/Device_1,1,5000.0,4,,1.0,8,4,p_gated_uniform,4,4077,,,,0.0,,0.9523809523809524,0.0
wearable|steps|3|health/hospital02/Device_1,wearable,steps,static,3,health/hospital02/Device_1,1,5000.0,4,,1.0,8,4,p_gated_uniform,5,5077,,,,0.0,,0.9523809523809524,0.0
wearable|steps|3|health/hospital01/Device_10,wearable,steps,static,3,health/hospital01/Device_10,1,5000.0,4,,1.0,8,4,p_gated_uniform,0,77,,,,0.0,,0.9519230769230768,0.0
wearable|steps|3|health/hospital01/Device_10,wearable,steps,static,3,health/hospital01/Device_10,1,5000.0,4,,1.0,8,4,p_gated_uniform,1,1077,,,,0.0,,0.9519230769230768,0.0
wearable|steps|3|health/hospital01/Device_10,wearable,steps,static,3,health/hospital01/Device_10,1,5000.0,4,,1.0,8,4,p_gated_uniform,2,2077,,,,0.0,,0.9519230769230768,0.0
wearable|steps|3|health/hospital01/Device_10,wearable,steps,static,3,health/hospital01/Device_10,1,5000.0,4,,1.0,8,4,p_gated_uniform,3,3077,,,,0.0,,0.9519230769230768,0.0
wearable|steps|3|health/hospital01/Device_10,wearable,steps,static,3,health/hospital01/Device_10,1,5000.0,4,,1.0,8,4,p_gated_uniform,4,4077,,,,0.0,,0.9519230769230768,0.0
wearable|steps|3|health/hospital01/Device_10,wearable,steps,static,3,health/hospital01/Device_10,1,5000.0,4,,1.0,8,4,p_gated_uniform,5,5077,,,,0.0,,0.9519230769230768,0.0
wearable|steps|3|health/hospital03/Device_2,wearable,steps,static,3,health/hospital03/Device_2,1,5000.0,4,,1.0,8,4,p_gated_uniform,0,77,,,,0.0,,0.9519230769230768,0.0
wearable|steps|3|health/hospital03/Device_2,wearable,steps,static,3,health/hospital03/Device_2,1,5000.0,4,,1.0,8,4,p_gated_uniform,1,1077,,,,0.0,,0.9519230769230768,0.0
wearable|steps|3|health/hospital03/Device_2,wearable,steps,static,3,health/hospital03/Device_2,1,5000.0,4,,1.0,8,4,p_gated_uniform,2,2077,,,,0.0,,0.9519230769230768,0.0
wearable|steps|3|health/hospital03/Device_2,wearable,steps,static,3,health/hospital03/Device_2,1,5000.0,4,,1.0,8,4,p_gated_uniform,3,3077,,,,0.0,,0.9519230769230768,0.0
wearable|steps|3|health/hospital03/Device_2,wearable,steps,static,3,health/hospital03/Device_2,1,5000.0,4,,1.0,8,4,p_gated_uniform,4,4077,,,,0.0,,0.9519230769230768,0.0
wearable|steps|3|health/hospital03/Device_2,wearable,steps,static,3,health/hospital03/Device_2,1,5000.0,4,,1.0,8,4,p_gated_uniform,5,5077,,,,0.0,,0.9519230769230768,0.0
wearable|steps|3|health/hospital04/Device_3,wearable,steps,static,3,health/hospital04/Device_3,1,5000.0,4,,1.0,8,4,p_gated_uniform,0,77,,,,0.0,,0.9183673469387756,0.0
wearable|steps|3|health/hospital04/Device_3,wearable,steps,static,3,health/hospital04/Device_3,1,5000.0,4,,1.0,8,4,p_gated_uniform,1,1077,,,,0.0,,0.9183673469387756,0.0
wearable|steps|3|health/hospital04/Device_3,wearable,steps,static,3,health/hospital04/Device_3,1,5000.0,4,,1.0,8,4,p_gated_uniform,2,2077,,,,0.0,,0.9183673469387756,0.0
wearable|steps|3|health/hospital04/Device_3,wearable,steps,static,3,health/hospital04/Device_3,1,5000.0,4,,1.0,8,4,p_gated_uniform,3,3077,,,,0.0,,0.9183673469387756,0.0
wearable|steps|3|health/hospital04/Device_3,wearable,steps,static,3,health/hospital04/Device_3,1,5000.0,4,,1.0,8,4,p_gated_uniform,4,4077,,,,0.0,,0.9183673469387756,0.0
wearable|steps|3|health/hospital04/Device_3,wearable,steps,static,3,health/hospital04/Device_3,1,5000.0,4,,1.0,8,4,p_gated_uniform,5,5077,,,,0.0,,0.9183673469387756,0.0
wearable|steps|3|health/hospital05/Device_4,wearable,steps,static,3,health/hospital05/Device_4,1,5000.0,4,,1.0,8,4,p_gated_uniform,0,77,,,,0.0,,0.9405940594059404,0.0
wearable|steps|3|health/hospital05/Device_4,wearable,steps,static,3,health/hospital05/Device_4,1,5000.0,4,,1.0,8,4,p_gated_uniform,1,1077,,,,0.0,,0.9405940594059404,0.0
wearable|steps|3|health/hospital05/Device_4,wearable,steps,static,3,health/hospital05/Device_4,1,5000.0,4,,1.0,8,4,p_gated_uniform,2,2077,,,,0.0,,0.9405940594059404,0.0
wearable|steps|3|health/hospital05/Device_4,wearable,steps,static,3,health/hospital05/Device_4,1,5000.0,4,,1.0,8,4,p_gated_uniform,3,3077,,,,0.0,,0.9405940594059404,0.0
wearable|steps|3|health/hospital05/Device_4,wearable,steps,static,3,health/hospital05/Device_4,1,5000.0,4,,1.0,8,4,p_gated_uniform,4,4077,,,,0.0,,0.9405940594059404,0.0
wearable|steps|3|health/hospital05/Device_4,wearable,steps,static,3,health/hospital05/Device_4,1,5000.0,4,,1.0,8,4,p_gated_uniform,5,5077,,,,0.0,,0.9405940594059404,0.0
wearable|steps|3|health/hospital01/Device_5,wearable,steps,static,3,health/hospital01/Device_5,1,5000.0,4,,1.0,8,4,p_gated_uniform,0,77,,,,0.0,,0.9528301886792452,0.0
wearable|steps|3|health/hospital01/Device_5,wearable,steps,static,3,health/hospital01/Device_5,1,5000.0,4,,1.0,8,4,p_gated_uniform,1,1077,,,,0.0,,0.9528301886792452,0.0
wearable|steps|3|health/hospital01/Device_5,wearable,steps,static,3,health/hospital01/Device_5,1,5000.0,4,,1.0,8,4,p_gated_uniform,2,2077,,,,0.0,,0.9528301886792452,0.0
wearable|steps|3|health/hospital01/Device_5,wearable,steps,static,3,health/hospital01/Device_5,1,5000.0,4,,1.0,8,4,p_gated_uniform,3,3077,,,,0.0,,0.9528301886792452,0.0
wearable|steps|3|health/hospital01/Device_5,wearable,steps,static,3,health/hospital01/Device_5,1,5000.0,4,,1.0,8,4,p_gated_uniform,4,4077,,,,0.0,,0.9528301886792452,0.0
wearable|steps|3|health/hospital01/Device_5,wearable,steps,static,3,health/hospital01/Device_5,1,5000.0,4,,1.0,8,4,p_gated_uniform,5,5077,,,,0.0,,0.9528301886792452,0.0
wearable|steps|3|health/hospital02/Device_6,wearable,steps,static,3,health/hospital02/Device_6,1,5000.0,4,,1.0,8,4,p_gated_uniform,0,77,,,,0.0,,1.0,0.0
wearable|steps|3|health/hospital02/Device_6,wearable,steps,static,3,health/hospital02/Device_6,1,5000.0,4,,1.0,8,4,p_gated_uniform,1,1077,,,,0.0,,1.0,0.0
wearable|steps|3|health/hospital02/Device_6,wearable,steps,static,3,health/hospital02/Device_6,1,5000.0,4,,1.0,8,4,p_gated_uniform,2,2077,,,,0.0,,1.0,0.0
wearable|steps|3|health/hospital02/Device_6,wearable,steps,static,3,health/hospital02/Device_6,1,5000.0,4,,1.0,8,4,p_gated_uniform,3,3077,,,,0.0,,1.0,0.0
wearable|steps|3|health/hospital02/Device_6,wearable,steps,static,3,health/hospital02/Device_6,1,5000.0,4,,1.0,8,4,p_gated_uniform,4,4077,,,,0.0,,1.0,0.0
wearable|steps|3|health/hospital02/Device_6,wearable,steps,static,3,health/hospital02/Device_6,1,5000.0,4,,1.0,8,4,p_gated_uniform,5,5077,,,,0.0,,1.0,0.0
wearable|steps|3|health/hospital03/Device_7,wearable,steps,static,3,health/hospital03/Device_7,1,5000.0,4,,1.0,8,4,p_gated_uniform,0,77,,,,0.0,,0.941747572815534,0.0
wearable|steps|3|health/hospital03/Device_7,wearable,steps,static,3,health/hospital03/Device_7,1,5000.0,4,,1.0,8,4,p_gated_uniform,1,1077,,,,0.0,,0.941747572815534,0.0
wearable|steps|3|health/hospital03/Device_7,wearable,steps,static,3,health/hospital03/Device_7,1,5000.0,4,,1.0,8,4,p_gated_uniform,2,2077,,,,0.0,,0.941747572815534,0.0
wearable|steps|3|health/hospital03/Device_7,wearable,steps,static,3,health/hospital03/Device_7,1,5000.0,4,,1.0,8,4,p_gated_uniform,3,3077,,,,0.0,,0.941747572815534,0.0
wearable|steps|3|health/hospital03/Device_7,wearable,steps,static,3,health/hospital03/Device_7,1,5000.0,4,,1.0,8,4,p_gated_uniform,4,4077,,,,0.0,,0.941747572815534,0.0
wearable|steps|3|health/hospital03/Device_7,wearable,steps,static,3,health/hospital03/Device_7,1,5000.0,4,,1.0,8,4,p_gated_uniform,5,5077,,,,0.0,,0.941747572815534,0.0
wearable|steps|3|health/hospital04/Device_8,wearable,steps,static,3,health/hospital04/Device_8,1,5000.0,4,,1.0,8,4,p_gated_uniform,0,77,,,,0.0,,0.9629629629629628,0.0
wearable|steps|3|health/hospital04/Device_8,wearable,steps,static,3,health/hospital04/Device_8,1,5000.0,4,,1.0,8,4,p_gated_uniform,1,1077,,,,0.0,,0.9629629629629628,0.0
wearable|steps|3|health/hospital04/Device_8,wearable,steps,static,3,health/hospital04/Device_8,1,5000.0,4,,1.0,8,4,p_gated_uniform,2,2077,,,,0.0,,0.9629629629629628,0.0
wearable|steps|3|health/hospital04/Device_8,wearable,steps,static,3,health/hospital04/Device_8,1,5000.0,4,,1.0,8,4,p_gated_uniform,3,3077,,,,0.0,,0.9629629629629628,0.0
wearable|steps|3|health/hospital04/Device_8,wearable,steps,static,3,health/hospital04/Device_8,1,5000.0,4,,1.0,8,4,p_gated_uniform,4,4077,,,,0.0,,0.9629629629629628,0.0
wearable|steps|3|health/hospital04/Device_8,wearable,steps,static,3,health/hospital04/Device_8,1,5000.0,4,,1.0,8,4,p_gated_uniform,5,5077,,,,0.0,,0.9629629629629628,0.0
wearable|steps|3|health/hospital05/Device_9,wearable,steps,static,3,health/hospital05/Device_9,1,5000.0,4,,1.0,8,4,p_gated_uniform,0,77,,,,0.0,,0.9411764705882352,0.0
wearable|steps|3|health/hospital05/Device_9,wearable,steps,static,3,health/hospital05/Device_9,1,5000.0,4,,1.0,8,4,p_gated_uniform,1,1077,,,,0.0,,0.9411764705882352,0.0
wearable|steps|3|health/hospital05/Device_9,wearable,steps,static,3,health/hospital05/Device_9,1,5000.0,4,,1.0,8,4,p_gated_uniform,2,2077,,,,0.0,,0.9411764705882352,0.0
wearable|steps|3|health/hospital05/Device_9,wearable,steps,static,3,health/hospital05/Device_9,1,5000.0,4,,1.0,8,4,p_gated_uniform,3,3077,,,,0.0,,0.9411764705882352,0.0
wearable|steps|3|health/hospital05/Device_9,wearable,steps,static,3,health/hospital05/Device_9,1,5000.0,4,,1.0,8,4,p_gated_uniform,4,4077,,,,0.0,,0.9411764705882352,0.0
wearable|steps|3|health/hospital05/Device_9,wearable,steps,static,3,health/hospital05/Device_9,1,5000.0,4,,1.0,8,4,p_gated_uniform,5,5077,,,,0.0,,0.9411764705882352,0.0
wearable|steps|4|health/hospital02/Device_1/steps,wearable,steps,static,4,health/hospital02/Device_1/steps,1,5000.0,4,,1.0,8,4,p_gated_uniform,0,77,,,,0.0,,0.9523809523809524,0.0
wearable|steps|4|health/hospital02/Device_1/steps,wearable,steps,static,4,health/hospital02/Device_1/steps,1,5000.0,4,,1.0,8,4,p_gated_uniform,1,1077,,,,0.0,,0.9523809523809524,0.0
wearable|steps|4|health/hospital02/Device_1/steps,wearable,steps,static,4,health/hospital02/Device_1/steps,1,5000.0,4,,1.0,8,4,p_gated_uniform,2,2077,,,,0.0,,0.9523809523809524,0.0
wearable|steps|4|health/hospital02/Device_1/steps,wearable,steps,static,4,health/hospital02/Device_1/steps,1,5000.0,4,,1.0,8,4,p_gated_uniform,3,3077,,,,0.0,,0.9523809523809524,0.0
wearable|steps|4|health/hospital02/Device_1/steps,wearable,steps,static,4,health/hospital02/Device_1/steps,1,5000.0,4,,1.0,8,4,p_gated_uniform,4,4077,,,,0.0,,0.9523809523809524,0.0
wearable|steps|4|health/hospital02/Device_1/steps,wearable,steps,static,4,health/hospital02/Device_1/steps,1,5000.0,4,,1.0,8,4,p_gated_uniform,5,5077,,,,0.0,,0.9523809523809524,0.0
wearable|steps|4|health/hospital01/Device_10/steps,wearable,steps,static,4,health/hospital01/Device_10/steps,1,5000.0,4,,1.0,8,4,p_gated_uniform,0,77,,,,0.0,,0.9519230769230768,0.0
wearable|steps|4|health/hospital01/Device_10/steps,wearable,steps,static,4,health/hospital01/Device_10/steps,1,5000.0,4,,1.0,8,4,p_gated_uniform,1,1077,,,,0.0,,0.9519230769230768,0.0
wearable|steps|4|health/hospital01/Device_10/steps,wearable,steps,static,4,health/hospital01/Device_10/steps,1,5000.0,4,,1.0,8,4,p_gated_uniform,2,2077,,,,0.0,,0.9519230769230768,0.0
wearable|steps|4|health/hospital01/Device_10/steps,wearable,steps,static,4,health/hospital01/Device_10/steps,1,5000.0,4,,1.0,8,4,p_gated_uniform,3,3077,,,,0.0,,0.9519230769230768,0.0
wearable|steps|4|health/hospital01/Device_10/steps,wearable,steps,static,4,health/hospital01/Device_10/steps,1,5000.0,4,,1.0,8,4,p_gated_uniform,4,4077,,,,0.0,,0.9519230769230768,0.0
wearable|steps|4|health/hospital01/Device_10/steps,wearable,steps,static,4,health/hospital01/Device_10/steps,1,5000.0,4,,1.0,8,4,p_gated_uniform,5,5077,,,,0.0,,0.9519230769230768,0.0
wearable|steps|4|health/hospital03/Device_2/steps,wearable,steps,static,4,health/hospital03/Device_2/steps,1,5000.0,4,,1.0,8,4,p_gated_uniform,0,77,,,,0.0,,0.9519230769230768,0.0
wearable|steps|4|health/hospital03/Device_2/steps,wearable,steps,static,4,health/hospital03/Device_2/steps,1,5000.0,4,,1.0,8,4,p_gated_uniform,1,1077,,,,0.0,,0.9519230769230768,0.0
wearable|steps|4|health/hospital03/Device_2/steps,wearable,steps,static,4,health/hospital03/Device_2/steps,1,5000.0,4,,1.0,8,4,p_gated_uniform,2,2077,,,,0.0,,0.9519230769230768,0.0
wearable|steps|4|health/hospital03/Device_2/steps,wearable,steps,static,4,health/hospital03/Device_2/steps,1,5000.0,4,,1.0,8,4,p_gated_uniform,3,3077,,,,0.0,,0.9519230769230768,0.0
wearable|steps|4|health/hospital03/Device_2/steps,wearable,steps,static,4,health/hospital03/Device_2/steps,1,5000.0,4,,1.0,8,4,p_gated_uniform,4,4077,,,,0.0,,0.9519230769230768,0.0
wearable|steps|4|health/hospital03/Device_2/steps,wearable,steps,static,4,health/hospital03/Device_2/steps,1,5000.0,4,,1.0,8,4,p_gated_uniform,5,5077,,,,0.0,,0.9519230769230768,0.0
wearable|steps|4|health/hospital04/Device_3/steps,wearable,steps,static,4,health/hospital04/Device_3/steps,1,5000.0,4,,1.0,8,4,p_gated_uniform,0,77,,,,0.0,,0.9183673469387756,0.0
wearable|steps|4|health/hospital04/Device_3/steps,wearable,steps,static,4,health/hospital04/Device_3/steps,1,5000.0,4,,1.0,8,4,p_gated_uniform,1,1077,,,,0.0,,0.9183673469387756,0.0
wearable|steps|4|health/hospital04/Device_3/steps,wearable,steps,static,4,health/hospital04/Device_3/steps,1,5000.0,4,,1.0,8,4,p_gated_uniform,2,2077,,,,0.0,,0.9183673469387756,0.0
wearable|steps|4|health/hospital04/Device_3/steps,wearable,steps,static,4,health/hospital04/Device_3/steps,1,5000.0,4,,1.0,8,4,p_gated_uniform,3,3077,,,,0.0,,0.9183673469387756,0.0
wearable|steps|4|health/hospital04/Device_3/steps,wearable,steps,static,4,health/hospital04/Device_3/steps,1,5000.0,4,,1.0,8,4,p_gated_uniform,4,4077,,,,0.0,,0.9183673469387756,0.0
wearable|steps|4|health/hospital04/Device_3/steps,wearable,steps,static,4,health/hospital04/Device_3/steps,1,5000.0,4,,1.0,8,4,p_gated_uniform,5,5077,,,,0.0,,0.9183673469387756,0.0
wearable|steps|4|health/hospital05/Device_4/steps,wearable,steps,static,4,health/hospital05/Device_4/steps,1,5000.0,4,,1.0,8,4,p_gated_uniform,0,77,,,,0.0,,0.9405940594059404,0.0
wearable|steps|4|health/hospital05/Device_4/steps,wearable,steps,static,4,health/hospital05/Device_4/steps,1,5000.0,4,,1.0,8,4,p_gated_uniform,1,1077,,,,0.0,,0.9405940594059404,0.0
wearable|steps|4|health/hospital05/Device_4/steps,wearable,steps,static,4,health/hospital05/Device_4/steps,1,5000.0,4,,1.0,8,4,p_gated_uniform,2,2077,,,,0.0,,0.9405940594059404,0.0
wearable|steps|4|health/hospital05/Device_4/steps,wearable,steps,static,4,health/hospital05/Device_4/steps,1,5000.0,4,,1.0,8,4,p_gated_uniform,3,3077,,,,0.0,,0.9405940594059404,0.0
wearable|steps|4|health/hospital05/Device_4/steps,wearable,steps,static,4,health/hospital05/Device_4/steps,1,5000.0,4,,1.0,8,4,p_gated_uniform,4,4077,,,,0.0,,0.9405940594059404,0.0
wearable|steps|4|health/hospital05/Device_4/steps,wearable,steps,static,4,health/hospital05/Device_4/steps,1,5000.0,4,,1.0,8,4,p_gated_uniform,5,5077,,,,0.0,,0.9405940594059404,0.0
wearable|steps|4|health/hospital01/Device_5/steps,wearable,steps,static,4,health/hospital01/Device_5/steps,1,5000.0,4,,1.0,8,4,p_gated_uniform,0,77,,,,0.0,,0.9528301886792452,0.0
wearable|steps|4|health/hospital01/Device_5/steps,wearable,steps,static,4,health/hospital01/Device_5/steps,1,5000.0,4,,1.0,8,4,p_gated_uniform,1,1077,,,,0.0,,0.9528301886792452,0.0
wearable|steps|4|health/hospital01/Device_5/steps,wearable,steps,static,4,health/hospital01/Device_5/steps,1,5000.0,4,,1.0,8,4,p_gated_uniform,2,2077,,,,0.0,,0.9528301886792452,0.0
wearable|steps|4|health/hospital01/Device_5/steps,wearable,steps,static,4,health/hospital01/Device_5/steps,1,5000.0,4,,1.0,8,4,p_gated_uniform,3,3077,,,,0.0,,0.9528301886792452,0.0
wearable|steps|4|health/hospital01/Device_5/steps,wearable,steps,static,4,health/hospital01/Device_5/steps,1,5000.0,4,,1.0,8,4,p_gated_uniform,4,4077,,,,0.0,,0.9528301886792452,0.0
wearable|steps|4|health/hospital01/Device_5/steps,wearable,steps,static,4,health/hospital01/Device_5/steps,1,5000.0,4,,1.0,8,4,p_gated_uniform,5,5077,,,,0.0,,0.9528301886792452,0.0
wearable|steps|4|health/hospital02/Device_6/steps,wearable,steps,static,4,health/hospital02/Device_6/steps,1,5000.0,4,,1.0,8,4,p_gated_uniform,0,77,,,,0.0,,1.0,0.0
wearable|steps|4|health/hospital02/Device_6/steps,wearable,steps,static,4,health/hospital02/Device_6/steps,1,5000.0,4,,1.0,8,4,p_gated_uniform,1,1077,,,,0.0,,1.0,0.0
wearable|steps|4|health/hospital02/Device_6/steps,wearable,steps,static,4,health/hospital02/Device_6/steps,1,5000.0,4,,1.0,8,4,p_gated_uniform,2,2077,,,,0.0,,1.0,0.0
wearable|steps|4|health/hospital02/Device_6/steps,wearable,steps,static,4,health/hospital02/Device_6/steps,1,5000.0,4,,1.0,8,4,p_gated_uniform,3,3077,,,,0.0,,1.0,0.0
wearable|steps|4|health/hospital02/Device_6/steps,wearable,steps,static,4,health/hospital02/Device_6/steps,1,5000.0,4,,1.0,8,4,p_gated_uniform,4,4077,,,,0.0,,1.0,0.0
wearable|steps|4|health/hospital02/Device_6/steps,wearable,steps,static,4,health/hospital02/Device_6/steps,1,5000.0,4,,1.0,8,4,p_gated_uniform,5,5077,,,,0.0,,1.0,0.0
wearable|steps|4|health/hospital03/Device_7/steps,wearable,steps,static,4,health/hospital03/Device_7/steps,1,5000.0,4,,1.0,8,4,p_gated_uniform,0,77,,,,0.0,,0.941747572815534,0.0
wearable|steps|4|health/hospital03/Device_7/steps,wearable,steps,static,4,health/hospital03/Device_7/steps,1,5000.0,4,,1.0,8,4,p_gated_uniform,1,1077,,,,0.0,,0.941747572815534,0.0
wearable|steps|4|health/hospital03/Device_7/steps,wearable,steps,static,4,health/hospital03/Device_7/steps,1,5000.0,4,,1.0,8,4,p_gated_uniform,2,2077,,,,0.0,,0.941747572815534,0.0
wearable|steps|4|health/hospital03/Device_7/steps,wearable,steps,static,4,health/hospital03/Device_7/steps,1,5000.0,4,,1.0,8,4,p_gated_uniform,3,3077,,,,0.0,,0.941747572815534,0.0
wearable|steps|4|health/hospital03/Device_7/steps,wearable,steps,static,4,health/hospital03/Device_7/steps,1,5000.0,4,,1.0,8,4,p_gated_uniform,4,4077,,,,0.0,,0.941747572815534,0.0
wearable|steps|4|health/hospital03/Device_7/steps,wearable,steps,static,4,health/hospital03/Device_7/steps,1,5000.0,4,,1.0,8,4,p_gated_uniform,5,5077,,,,0.0,,0.941747572815534,0.0
wearable|steps|4|health/hospital04/Device_8/steps,wearable,steps,static,4,health/hospital04/Device_8/steps,1,5000.0,4,,1.0,8,4,p_gated_uniform,0,77,,,,0.0,,0.9629629629629628,0.0
wearable|steps|4|health/hospital04/Device_8/steps,wearable,steps,static,4,health/hospital04/Device_8/steps,1,5000.0,4,,1.0,8,4,p_gated_uniform,1,1077,,,,0.0,,0.9629629629629628,0.0
wearable|steps|4|health/hospital04/Device_8/steps,wearable,steps,static,4,health/hospital04/Device_8/steps,1,5000.0,4,,1.0,8,4,p_gated_uniform,2,2077,,,,0.0,,0.9629629629629628,0.0
wearable|steps|4|health/hospital04/Device_8/steps,wearable,steps,static,4,health/hospital04/Device_8/steps,1,5000.0,4,,1.0,8,4,p_gated_uniform,3,3077,,,,0.0,,0.9629629629629628,0.0
wearable|steps|4|health/hospital04/Device_8/steps,wearable,steps,static,4,health/hospital04/Device_8/steps,1,5000.0,4,,1.0,8,4,p_gated_uniform,4,4077,,,,0.0,,0.9629629629629628,0.0
wearable|steps|4|health/hospital04/Device_8/steps,wearable,steps,static,4,health/hospital04/Device_8/steps,1,5000.0,4,,1.0,8,4,p_gated_uniform,5,5077,,,,0.0,,0.9629629629629628,0.0
wearable|steps|4|health/hospital05/Device_9/steps,wearable,steps,static,4,health/hospital05/Device_9/steps,1,5000.0,4,,1.0,8,4,p_gated_uniform,0,77,,,,0.0,,0.9411764705882352,0.0
wearable|steps|4|health/hospital05/Device_9/steps,wearable,steps,static,4,health/hospital05/Device_9/steps,1,5000.0,4,,1.0,8,4,p_gated_uniform,1,1077,,,,0.0,,0.9411764705882352,0.0
wearable|steps|4|health/hospital05/Device_9/steps,wearable,steps,static,4,health/hospital05/Device_9/steps,1,5000.0,4,,1.0,8,4,p_gated_uniform,2,2077,,,,0.0,,0.9411764705882352,0.0
wearable|steps|4|health/hospital05/Device_9/steps,wearable,steps,static,4,health/hospital05/Device_9/steps,1,5000.0,4,,1.0,8,4,p_gated_uniform,3,3077,,,,0.0,,0.9411764705882352,0.0
wearable|steps|4|health/hospital05/Device_9/steps,wearable,steps,static,4,health/hospital05/Device_9/steps,1,5000.0,4,,1.0,8,4,p_gated_uniform,4,4077,,,,0.0,,0.9411764705882352,0.0
wearable|steps|4|health/hospital05/Device_9/steps,wearable,steps,static,4,health/hospital05/Device_9/steps,1,5000.0,4,,1.0,8,4,p_gated_uniform,5,5077,,,,0.0,,0.9411764705882352,0.0
wearable|temperature|1|health,wearable,temperature,static,1,health,10,30.0,4,,1.0,8,4,p_gated_uniform,0,77,1.3722535392613977,41.16760617784193,0.8773407930671319,0.8403361344537815,0.1040674603174602,8.403361344537815,0.0
wearable|temperature|1|health,wearable,temperature,static,1,health,10,30.0,4,,1.0,8,4,p_gated_uniform,1,1077,0.8775216422814116,26.325649268442348,0.943501384389678,0.8403361344537815,0.1040674603174602,8.403361344537815,0.0
wearable|temperature|1|health,wearable,temperature,static,1,health,10,30.0,4,,1.0,8,4,p_gated_uniform,2,2077,1.320970957351138,39.62912872053414,0.6537874442613252,0.8403361344537815,0.1040674603174602,8.403361344537815,0.0
wearable|temperature|1|health,wearable,temperature,static,1,health,10,30.0,4,,1.0,8,4,p_gated_uniform,3,3077,2.674735075614355,80.24205226843064,0.309796348526579,0.8403361344537815,0.1040674603174602,8.403361344537815,0.0
wearable|temperature|1|health,wearable,temperature,static,1,health,10,30.0,4,,1.0,8,4,p_gated_uniform,4,4077,0.9686792489075192,29.060377467225575,0.7732701034494299,0.8403361344537815,0.1040674603174602,8.403361344537815,0.0
wearable|temperature|1|health,wearable,temperature,static,1,health,10,30.0,4,,1.0,8,4,p_gated_uniform,5,5077,1.2530996417488256,37.59298925246477,0.9413625741797818,0.8403361344537815,0.1040674603174602,8.403361344537815,0.0
wearable|temperature|2|health/hospital02,wearable,temperature,static,2,health/hospital02,2,30.0,4,,1.0,8,4,p_gated_uniform,0,77,,,,0.0,,1.8403361344537812,0.0
wearable|temperature|2|health/hospital02,wearable,temperature,static,2,health/hospital02,2,30.0,4,,1.0,8,4,p_gated_uniform,1,1077,,,,0.0,,1.8403361344537812,0.0
wearable|temperature|2|health/hospital02,wearable,temperature,static,2,health/hospital02,2,30.0,4,,1.0,8,4,p_gated_uniform,2,2077,,,,0.0,,1.8403361344537812,0.0
wearable|temperature|2|health/hospital02,wearable,temperature,static,2,health/hospital02,2,30.0,4,,1.0,8,4,p_gated_uniform,3,3077,,,,0.0,,1.8403361344537812,0.0
wearable|temperature|2|health/hospital02,wearable,temperature,static,2,health/hospital02,2,30.0,4,,1.0,8,4,p_gated_uniform,4,4077,,,,0.0,,1.8403361344537812,0.0
wearable|temperature|2|health/hospital02,wearable,temperature,static,2,health/hospital02,2,30.0,4,,1.0,8,4,p_gated_uniform,5,5077,,,,0.0,,1.8403361344537812,0.0
wearable|temperature|2|health/hospital01,wearable,temperature,static,2,health/hospital01,2,30.0,4,,1.0,8,4,p_gated_uniform,0,77,,,,0.0,,1.8867924528301887,0.0
wearable|temperature|2|health/hospital01,wearable,temperature,static,2,health/hospital01,2,30.0,4,,1.0,8,4,p_gated_uniform,1,1077,,,,0.0,,1.8867924528301887,0.0
wearable|temperature|2|health/hospital01,wearable,temperature,static,2,health/hospital01,2,30.0,4,,1.0,8,4,p_gated_uniform,2,2077,,,,0.0,,1.8867924528301887,0.0
wearable|temperature|2|health/hospital01,wearable,temperature,static,2,health/hospital01,2,30.0,4,,1.0,8,4,p_gated_uniform,3,3077,,,,0.0,,1.8867924528301887,0.0
wearable|temperature|2|health/hospital01,wearable,temperature,static,2,health/hospital01,2,30.0,4,,1.0,8,4,p_gated_uniform,4,4077,,,,0.0,,1.8867924528301887,0.0
wearable|temperature|2|health/hospital01,wearable,temperature,static,2,health/hospital01,2,30.0,4,,1.0,8,4,p_gated_uniform,5,5077,,,,0.0,,1.8867924528301887,0.0
wearable|temperature|2|health/hospital03,wearable,temperature,static,2,health/hospital03,2,30.0,4,,1.0,8,4,p_gated_uniform,0,77,,,,0.0,,1.8846153846153848,0.0
wearable|temperature|2|health/hospital03,wearable,temperature,static,2,health/hospital03,2,30.0,4,,1.0,8,4,p_gated_uniform,1,1077,,,,0.0,,1.8846153846153848,0.0
wearable|temperature|2|health/hospital03,wearable,temperature,static,2,health/hospital03,2,30.0,4,,1.0,8,4,p_gated_uniform,2,2077,,,,0.0,,1.8846153846153848,0.0
wearable|temperature|2|health/hospital03,wearable,temperature,static,2,health/hospital03,2,30.0,4,,1.0,8,4,p_gated_uniform,3,3077,,,,0.0,,1.8846153846153848,0.0
wearable|temperature|2|health/hospital03,wearable,temperature,static,2,health/hospital03,2,30.0,4,,1.0,8,4,p_gated_uniform,4,4077,,,,0.0,,1.8846153846153848,0.0
wearable|temperature|2|health/hospital03,wearable,temperature,static,2,health/hospital03,2,30.0,4,,1.0,8,4,p_gated_uniform,5,5077,,,,0.0,,1.8846153846153848,0.0
wearable|temperature|2|health/hospital04,wearable,temperature,static,2,health/hospital04,2,30.0,4,,1.0,8,4,p_gated_uniform,0,77,,,,0.0,,1.7962962962962965,0.0
wearable|temperature|2|health/hospital04,wearable,temperature,static,2,health/hospital04,2,30.0,4,,1.0,8,4,p_gated_uniform,1,1077,,,,0.0,,1.7962962962962965,0.0
wearable|temperature|2|health/hospital04,wearable,temperature,static,2,health/hospital04,2,30.0,4,,1.0,8,4,p_gated_uniform,2,2077,,,,0.0,,1.7962962962962965,0.0
wearable|temperature|2|health/hospital04,wearable,temperature,static,2,health/hospital04,2,30.0,4,,1.0,8,4,p_gated_uniform,3,3077,,,,0.0,,1.7962962962962965,0.0
wearable|temperature|2|health/hospital04,wearable,temperature,static,2,health/hospital04,2,30.0,4,,1.0,8,4,p_gated_uniform,4,4077,,,,0.0,,1.7962962962962965,0.0
wearable|temperature|2|health/hospital04,wearable,temperature,static,2,health/hospital04,2,30.0,4,,1.0,8,4,p_gated_uniform,5,5077,,,,0.0,,1.7962962962962965,0.0
wearable|temperature|2|health/hospital05,wearable,temperature,static,2,health/hospital05,2,30.0,4,,1.0,8,4,p_gated_uniform,0,77,,,,0.0,,1.8725490196078431,0.0
wearable|temperature|2|health/hospital05,wearable,temperature,static,2,health/hospital05,2,30.0,4,,1.0,8,4,p_gated_uniform,1,1077,,,,0.0,,1.8725490196078431,0.0
wearable|temperature|2|health/hospital05,wearable,temperature,static,2,health/hospital05,2,30.0,4,,1.0,8,4,p_gated_uniform,2,2077,,,,0.0,,1.8725490196078431,0.0
wearable|temperature|2|health/hospital05,wearable,temperature,static,2,health/hospital05,2,30.0,4,,1.0,8,4,p_gated_uniform,3,3077,,,,0.0,,1.8725490196078431,0.0
wearable|temperature|2|health/hospital05,wearable,temperature,static,2,health/hospital05,2,30.0,4,,1.0,8,4,p_gated_uniform,4,4077,,,,0.0,,1.8725490196078431,0.0
wearable|temperature|2|health/hospital05,wearable,temperature,static,2,health/hospital05,2,30.0,4,,1.0,8,4,p_gated_uniform,5,5077,,,,0.0,,1.8725490196078431,0.0
wearable|temperature|3|health/hospital02/Device_1,wearable,temperature,static,3,health/hospital02/Device_1,1,30.0,4,,1.0,8,4,p_gated_uniform,0,77,,,,0.0,,0.9523809523809524,0.0
wearable|temperature|3|health/hospital02/Device_1,wearable,temperature,static,3,health/hospital02/Device_1,1,30.0,4,,1.0,8,4,p_gated_uniform,1,1077,,,,0.0,,0.9523809523809524,0.0
wearable|temperature|3|health/hospital02/Device_1,wearable,temperature,static,3,health/hospital02/Device_1,1,30.0,4,,1.0,8,4,p_gated_uniform,2,2077,,,,0.0,,0.9523809523809524,0.0
wearable|temperature|3|health/hospital02/Device_1,wearable,temperature,static,3,health/hospital02/Device_1,1,30.0,4,,1.0,8,4,p_gated_uniform,3,3077,,,,0.0,,0.9523809523809524,0.0
wearable|temperature|3|health/hospital02/Device_1,wearable,temperature,static,3,health/hospital02/Device_1,1,30.0,4,,1.0,8,4,p_gated_uniform,4,4077,,,,0.0,,0.9523809523809524,0.0
wearable|temperature|3|health/hospital02/Device_1,wearable,temperature,static,3,health/hospital02/Device_1,1,30.0,4,,1.0,8,4,p_gated_uniform,5,5077,,,,0.0,,0.9523809523809524,0.0
wearable|temperature|3|health/hospital01/Device_10,wearable,temperature,static,3,health/hospital01/Device_10,1,30.0,4,,1.0,8,4,p_gated_uniform,0,77,,,,0.0,,0.9519230769230768,0.0
wearable|temperature|3|health/hospital01/Device_10,wearable,temperature,static,3,health/hospital01/Device_10,1,30.0,4,,1.0,8,4,p_gated_uniform,1,1077,,,,0.0,,0.9519230769230768,0.0
wearable|temperature|3|health/hospital01/Device_10,wearable,temperature,static,3,health/hospital01/Device_10,1,30.0,4,,1.0,8,4,p_gated_uniform,2,2077,,,,0.0,,0.9519230769230768,0.0
wearable|temperature|3|health/hospital01/Device_10,wearable,temperature,static,3,health/hospital01/Device_10,1,30.0,4,,1.0,8,4,p_gated_uniform,3,3077,,,,0.0,,0.9519230769230768,0.0
wearable|temperature|3|health/hospital01/Device_10,wearable,temperature,static,3,health/hospital01/Device_10,1,30.0,4,,1.0,8,4,p_gated_uniform,4,4077,,,,0.0,,0.9519230769230768,0.0
wearable|temperature|3|health/hospital01/Device_10,wearable,temperature,static,3,health/hospital01/Device_10,1,30.0,4,,1.0,8,4,p_gated_uniform,5,5077,,,,0.0,,0.9519230769230768,0.0
wearable|temperature|3|health/hospital03/Device_2,wearable,temperature,static,3,health/hospital03/Device_2,1,30.0,4,,1.0,8,4,p_gated_uniform,0,77,,,,0.0,,0.9519230769230768,0.0
wearable|temperature|3|health/hospital03/Device_2,wearable,temperature,static,3,health/hospital03/Device_2,1,30.0,4,,1.0,8,4,p_gated_uniform,1,1077,,,,0.0,,0.9519230769230768,0.0
wearable|temperature|3|health/hospital03/Device_2,wearable,temperature,static,3,health/hospital03/Device_2,1,30.0,4,,1.0,8,4,p_gated_uniform,2,2077,,,,0.0,,0.9519230769230768,0.0
wearable|temperature|3|health/hospital03/Device_2,wearable,temperature,static,3,health/hospital03/Device_2,1,30.0,4,,1.0,8,4,p_gated_uniform,3,3077,,,,0.0,,0.9519230769230768,0.0
wearable|temperature|3|health/hospital03/Device_2,wearable,temperature,static,3,health/hospital03/Device_2,1,30.0,4,,1.0,8,4,p_gated_uniform,4,4077,,,,0.0,,0.9519230769230768,0.0
wearable|temperature|3|health/hospital03/Device_2,wearable,temperature,static,3,health/hospital03/Device_2,1,30.0,4,,1.0,8,4,p_gated_uniform,5,5077,,,,0.0,,0.9519230769230768,0.0
wearable|temperature|3|health/hospital04/Device_3,wearable,temperature,static,3,health/hospital04/Device_3,1,30.0,4,,1.0,8,4,p_gated_uniform,0,77,,,,0.0,,0.9183673469387756,0.0
wearable|temperature|3|health/hospital04/Device_3,wearable,temperature,static,3,health/hospital04/Device_3,1,30.0,4,,1.0,8,4,p_gated_uniform,1,1077,,,,0.0,,0.9183673469387756,0.0
wearable|temperature|3|health/hospital04/Device_3,wearable,temperature,static,3,health/hospital04/Device_3,1,30.0,4,,1.0,8,4,p_gated_uniform,2,2077,,,,0.0,,0.9183673469387756,0.0
wearable|temperature|3|health/hospital04/Device_3,wearable,temperature,static,3,health/hospital04/Device_3,1,30.0,4,,1.0,8,4,p_gated_uniform,3,3077,,,,0.0,,0.9183673469387756,0.0
wearable|temperature|3|health/hospital04/Device_3,wearable,temperature,static,3,health/hospital04/Device_3,1,30.0,4,,1.0,8,4,p_gated_uniform,4,4077,,,,0.0,,0.9183673469387756,0.0
wearable|temperature|3|health/hospital04/Device_3,wearable,temperature,static,3,health/hospital04/Device_3,1,30.0,4,,1.0,8,4,p_gated_uniform,5,5077,,,,0.0,,0.9183673469387756,0.0
wearable|temperature|3|health/hospital05/Device_4,wearable,temperature,static,3,health/hospital05/Device_4,1,30.0,4,,1.0,8,4,p_gated_uniform,0,77,,,,0.0,,0.9405940594059404,0.0
wearable|temperature|3|health/hospital05/Device_4,wearable,temperature,static,3,health/hospital05/Device_4,1,30.0,4,,1.0,8,4,p_gated_uniform,1,1077,,,,0.0,,0.9405940594059404,0.0
wearable|temperature|3|health/hospital05/Device_4,wearable,temperature,static,3,health/hospital05/Device_4,1,30.0,4,,1.0,8,4,p_gated_uniform,2,2077,,,,0.0,,0.9405940594059404,0.0
wearable|temperature|3|health/hospital05/Device_4,wearable,temperature,static,3,health/hospital05/Device_4,1,30.0,4,,1.0,8,4,p_gated_uniform,3,3077,,,,0.0,,0.9405940594059404,0.0
wearable|temperature|3|health/hospital05/Device_4,wearable,temperature,static,3,health/hospital05/Device_4,1,30.0,4,,1.0,8,4,p_gated_uniform,4,4077,,,,0.0,,0.9405940594059404,0.0
wearable|temperature|3|health/hospital05/Device_4,wearable,temperature,static,3,health/hospital05/Device_4,1,30.0,4,,1.0,8,4,p_gated_uniform,5,5077,,,,0.0,,0.9405940594059404,0.0
wearable|temperature|3|health/hospital01/Device_5,wearable,temperature,static,3,health/hospital01/Device_5,1,30.0,4,,1.0,8,4,p_gated_uniform,0,77,,,,0.0,,0.9528301886792452,0.0
wearable|temperature|3|health/hospital01/Device_5,wearable,temperature,static,3,health/hospital01/Device_5,1,30.0,4,,1.0,8,4,p_gated_uniform,1,1077,,,,0.0,,0.9528301886792452,0.0
wearable|temperature|3|health/hospital01/Device_5,wearable,temperature,static,3,health/hospital01/Device_5,1,30.0,4,,1.0,8,4,p_gated_uniform,2,2077,,,,0.0,,0.9528301886792452,0.0
wearable|temperature|3|health/hospital01/Device_5,wearable,temperature,static,3,health/hospital01/Device_5,1,30.0,4,,1.0,8,4,p_gated_uniform,3,3077,,,,0.0,,0.9528301886792452,0.0
wearable|temperature|3|health/hospital01/Device_5,wearable,temperature,static,3,health/hospital01/Device_5,1,30.0,4,,1.0,8,4,p_gated_uniform,4,4077,,,,0.0,,0.9528301886792452,0.0
wearable|temperature|3|health/hospital01/Device_5,wearable,temperature,static,3,health/hospital01/Device_5,1,30.0,4,,1.0,8,4,p_gated_uniform,5,5077,,,,0.0,,0.9528301886792452,0.0
wearable|temperature|3|health/hospital02/Device_6,wearable,temperature,static,3,health/hospital02/Device_6,1,30.0,4,,1.0,8,4,p_gated_uniform,0,77,,,,0.0,,1.0,0.0
wearable|temperature|3|health/hospital02/Device_6,wearable,temperature,static,3,health/hospital02/Device_6,1,30.0,4,,1.0,8,4,p_gated_uniform,1,1077,,,,0.0,,1.0,0.0
wearable|temperature|3|health/hospital02/Device_6,wearable,temperature,static,3,health/hospital02/Device_6,1,30.0,4,,1.0,8,4,p_gated_uniform,2,2077,,,,0.0,,1.0,0.0
wearable|temperature|3|health/hospital02/Device_6,wearable,temperature,static,3,health/hospital02/Device_6,1,30.0,4,,1.0,8,4,p_gated_uniform,3,3077,,,,0.0,,1.0,0.0
wearable|temperature|3|health/hospital02/Device_6,wearable,temperature,static,3,health/hospital02/Device_6,1,30.0,4,,1.0,8,4,p_gated_uniform,4,4077,,,,0.0,,1.0,0.0
wearable|temperature|3|health/hospital02/Device_6,wearable,temperature,static,3,health/hospital02/Device_6,1,30.0,4,,1.0,8,4,p_gated_uniform,5,5077,,,,0.0,,1.0,0.0
wearable|temperature|3|health/hospital03/Device_7,wearable,temperature,static,3,health/hospital03/Device_7,1,30.0,4,,1.0,8,4,p_gated_uniform,0,77,,,,0.0,,0.941747572815534,0.0
wearable|temperature|3|health/hospital03/Device_7,wearable,temperature,static,3,health/hospital03/Device_7,1,30.0,4,,1.0,8,4,p_gated_uniform,1,1077,,,,0.0,,0.941747572815534,0.0
wearable|temperature|3|health/hospital03/Device_7,wearable,temperature,static,3,health/hospital03/Device_7,1,30.0,4,,1.0,8,4,p_gated_uniform,2,2077,,,,0.0,,0.941747572815534,0.0
wearable|temperature|3|health/hospital03/Device_7,wearable,temperature,static,3,health/hospital03/Device_7,1,30.0,4,,1.0,8,4,p_gated_uniform,3,3077,,,,0.0,,0.941747572815534,0.0
wearable|temperature|3|health/hospital03/Device_7,wearable,temperature,static,3,health/hospital03/Device_7,1,30.0,4,,1.0,8,4,p_gated_uniform,4,4077,,,,0.0,,0.941747572815534,0.0
wearable|temperature|3|health/hospital03/Device_7,wearable,temperature,static,3,health/hospital03/Device_7,1,30.0,4,,1.0,8,4,p_gated_uniform,5,5077,,,,0.0,,0.941747572815534,0.0
wearable|temperature|3|health/hospital04/Device_8,wearable,temperature,static,3,health/hospital04/Device_8,1,30.0,4,,1.0,8,4,p_gated_uniform,0,77,,,,0.0,,0.9629629629629628,0.0
wearable|temperature|3|health/hospital04/Device_8,wearable,temperature,static,3,health/hospital04/Device_8,1,30.0,4,,1.0,8,4,p_gated_uniform,1,1077,,,,0.0,,0.9629629629629628,0.0
wearable|temperature|3|health/hospital04/Device_8,wearable,temperature,static,3,health/hospital04/Device_8,1,30.0,4,,1.0,8,4,p_gated_uniform,2,2077,,,,0.0,,0.9629629629629628,0.0
wearable|temperature|3|health/hospital04/Device_8,wearable,temperature,static,3,health/hospital04/Device_8,1,30.0,4,,1.0,8,4,p_gated_uniform,3,3077,,,,0.0,,0.9629629629629628,0.0
wearable|temperature|3|health/hospital04/Device_8,wearable,temperature,static,3,health/hospital04/Device_8,1,30.0,4,,1.0,8,4,p_gated_uniform,4,4077,,,,0.0,,0.9629629629629628,0.0
wearable|temperature|3|health/hospital04/Device_8,wearable,temperature,static,3,health/hospital04/Device_8,1,30.0,4,,1.0,8,4,p_gated_uniform,5,5077,,,,0.0,,0.9629629629629628,0.0
wearable|temperature|3|health/hospital05/Device_9,wearable,temperature,static,3,health/hospital05/Device_9,1,30.0,4,,1.0,8,4,p_gated_uniform,0,77,,,,0.0,,0.9411764705882352,0.0
wearable|temperature|3|health/hospital05/Device_9,wearable,temperature,static,3,health/hospital05/Device_9,1,30.0,4,,1.0,8,4,p_gated_uniform,1,1077,,,,0.0,,0.9411764705882352,0.0
wearable|temperature|3|health/hospital05/Device_9,wearable,temperature,static,3,health/hospital05/Device_9,1,30.0,4,,1.0,8,4,p_gated_uniform,2,2077,,,,0.0,,0.9411764705882352,0.0
wearable|temperature|3|health/hospital05/Device_9,wearable,temperature,static,3,health/hospital05/Device_9,1,30.0,4,,1.0,8,4,p_gated_uniform,3,3077,,,,0.0,,0.9411764705882352,0.0
wearable|temperature|3|health/hospital05/Device_9,wearable,temperature,static,3,health/hospital05/Device_9,1,30.0,4,,1.0,8,4,p_gated_uniform,4,4077,,,,0.0,,0.9411764705882352,0.0
wearable|temperature|3|health/hospital05/Device_9,wearable,temperature,static,3,health/hospital05/Device_9,1,30.0,4,,1.0,8,4,p_gated_uniform,5,5077,,,,0.0,,0.9411764705882352,0.0
wearable|temperature|4|health/hospital02/Device_1/temperature,wearable,temperature,static,4,health/hospital02/Device_1/temperature,1,30.0,4,,1.0,8,4,p_gated_uniform,0,77,,,,0.0,,0.9523809523809524,0.0
wearable|temperature|4|health/hospital02/Device_1/temperature,wearable,temperature,static,4,health/hospital02/Device_1/temperature,1,30.0,4,,1.0,8,4,p_gated_uniform,1,1077,,,,0.0,,0.9523809523809524,0.0
wearable|temperature|4|health/hospital02/Device_1/temperature,wearable,temperature,static,4,health/hospital02/Device_1/temperature,1,30.0,4,,1.0,8,4,p_gated_uniform,2,2077,,,,0.0,,0.9523809523809524,0.0
wearable|temperature|4|health/hospital02/Device_1/temperature,wearable,temperature,static,4,health/hospital02/Device_1/temperature,1,30.0,4,,1.0,8,4,p_gated_uniform,3,3077,,,,0.0,,0.9523809523809524,0.0
wearable|temperature|4|health/hospital02/Device_1/temperature,wearable,temperature,static,4,health/hospital02/Device_1/temperature,1,30.0,4,,1.0,8,4,p_gated_uniform,4,4077,,,,0.0,,0.9523809523809524,0.0
wearable|temperature|4|health/hospital02/Device_1/temperature,wearable,temperature,static,4,health/hospital02/Device_1/temperature,1,30.0,4,,1.0,8,4,p_gated_uniform,5,5077,,,,0.0,,0.9523809523809524,0.0
wearable|temperature|4|health/hospital01/Device_10/temperature,wearable,temperature,static,4,health/hospital01/Device_10/temperature,1,30.0,4,,1.0,8,4,p_gated_uniform,0,77,,,,0.0,,0.9519230769230768,0.0
wearable|temperature|4|health/hospital01/Device_10/temperature,wearable,temperature,static,4,health/hospital01/Device_10/temperature,1,30.0,4,,1.0,8,4,p_gated_uniform,1,1077,,,,0.0,,0.9519230769230768,0.0
wearable|temperature|4|health/hospital01/Device_10/temperature,wearable,temperature,static,4,health/hospital01/Device_10/temperature,1,30.0,4,,1.0,8,4,p_gated_uniform,2,2077,,,,0.0,,0.9519230769230768,0.0
wearable|temperature|4|health/hospital01/Device_10/temperature,wearable,temperature,static,4,health/hospital01/Device_10/temperature,1,30.0,4,,1.0,8,4,p_gated_uniform,3,3077,,,,0.0,,0.9519230769230768,0.0
wearable|temperature|4|health/hospital01/Device_10/temperature,wearable,temperature,static,4,health/hospital01/Device_10/temperature,1,30.0,4,,1.0,8,4,p_gated_uniform,4,4077,,,,0.0,,0.9519230769230768,0.0
wearable|temperature|4|health/hospital01/Device_10/temperature,wearable,temperature,static,4,health/hospital01/Device_10/temperature,1,30.0,4,,1.0,8,4,p_gated_uniform,5,5077,,,,0.0,,0.9519230769230768,0.0
wearable|temperature|4|health/hospital03/Device_2/temperature,wearable,temperature,static,4,health/hospital03/Device_2/temperature,1,30.0,4,,1.0,8,4,p_gated_uniform,0,77,,,,0.0,,0.9519230769230768,0.0
wearable|temperature|4|health/hospital03/Device_2/temperature,wearable,temperature,static,4,health/hospital03/Device_2/temperature,1,30.0,4,,1.0,8,4,p_gated_uniform,1,1077,,,,0.0,,0.9519230769230768,0.0
wearable|temperature|4|health/hospital03/Device_2/temperature,wearable,temperature,static,4,health/hospital03/Device_2/temperature,1,30.0,4,,1.0,8,4,p_gated_uniform,2,2077,,,,0.0,,0.9519230769230768,0.0
wearable|temperature|4|health/hospital03/Device_2/temperature,wearable,temperature,static,4,health/hospital03/Device_2/temperature,1,30.0,4,,1.0,8,4,p_gated_uniform,3,3077,,,,0.0,,0.9519230769230768,0.0
wearable|temperature|4|health/hospital03/Device_2/temperature,wearable,temperature,static,4,health/hospital03/Device_2/temperature,1,30.0,4,,1.0,8,4,p_gated_uniform,4,4077,,,,0.0,,0.9519230769230768,0.0
wearable|temperature|4|health/hospital03/Device_2/temperature,wearable,temperature,static,4,health/hospital03/Device_2/temperature,1,30.0,4,,1.0,8,4,p_gated_uniform,5,5077,,,,0.0,,0.9519230769230768,0.0
wearable|temperature|4|health/hospital04/Device_3/temperature,wearable,temperature,static,4,health/hospital04/Device_3/temperature,1,30.0,4,,1.0,8,4,p_gated_uniform,0,77,,,,0.0,,0.9183673469387756,0.0
wearable|temperature|4|health/hospital04/Device_3/temperature,wearable,temperature,static,4,health/hospital04/Device_3/temperature,1,30.0,4,,1.0,8,4,p_gated_uniform,1,1077,,,,0.0,,0.9183673469387756,0.0
wearable|temperature|4|health/hospital04/Device_3/temperature,wearable,temperature,static,4,health/hospital04/Device_3/temperature,1,30.0,4,,1.0,8,4,p_gated_uniform,2,2077,,,,0.0,,0.9183673469387756,0.0
wearable|temperature|4|health/hospital04/Device_3/temperature,wearable,temperature,static,4,health/hospital04/Device_3/temperature,1,30.0,4,,1.0,8,4,p_gated_uniform,3,3077,,,,0.0,,0.9183673469387756,0.0
wearable|temperature|4|health/hospital04/Device_3/temperature,wearable,temperature,static,4,health/hospital04/Device_3/temperature,1,30.0,4,,1.0,8,4,p_gated_uniform,4,4077,,,,0.0,,0.9183673469387756,0.0
wearable|temperature|4|health/hospital04/Device_3/temperature,wearable,temperature,static,4,health/hospital04/Device_3/temperature,1,30.0,4,,1.0,8,4,p_gated_uniform,5,5077,,,,0.0,,0.9183673469387756,0.0
wearable|temperature|4|health/hospital05/Device_4/temperature,wearable,temperature,static,4,health/hospital05/Device_4/temperature,1,30.0,4,,1.0,8,4,p_gated_uniform,0,77,,,,0.0,,0.9405940594059404,0.0
wearable|temperature|4|health/hospital05/Device_4/temperature,wearable,temperature,static,4,health/hospital05/Device_4/temperature,1,30.0,4,,1.0,8,4,p_gated_uniform,1,1077,,,,0.0,,0.9405940594059404,0.0
wearable|temperature|4|health/hospital05/Device_4/temperature,wearable,temperature,static,4,health/hospital05/Device_4/temperature,1,30.0,4,,1.0,8,4,p_gated_uniform,2,2077,,,,0.0,,0.9405940594059404,0.0
wearable|temperature|4|health/hospital05/Device_4/temperature,wearable,temperature,static,4,health/hospital05/Device_4/temperature,1,30.0,4,,1.0,8,4,p_gated_uniform,3,3077,,,,0.0,,0.9405940594059404,0.0
wearable|temperature|4|health/hospital05/Device_4/temperature,wearable,temperature,static,4,health/hospital05/Device_4/temperature,1,30.0,4,,1.0,8,4,p_gated_uniform,4,4077,,,,0.0,,0.9405940594059404,0.0
wearable|temperature|4|health/hospital05/Device_4/temperature,wearable,temperature,static,4,health/hospital05/Device_4/temperature,1,30.0,4,,1.0,8,4,p_gated_uniform,5,5077,,,,0.0,,0.9405940594059404,0.0
wearable|temperature|4|health/hospital01/Device_5/temperature,wearable,temperature,static,4,health/hospital01/Device_5/temperature,1,30.0,4,,1.0,8,4,p_gated_uniform,0,77,,,,0.0,,0.9528301886792452,0.0
wearable|temperature|4|health/hospital01/Device_5/temperature,wearable,temperature,static,4,health/hospital01/Device_5/temperature,1,30.0,4,,1.0,8,4,p_gated_uniform,1,1077,,,,0.0,,0.9528301886792452,0.0
wearable|temperature|4|health/hospital01/Device_5/temperature,wearable,temperature,static,4,health/hospital01/Device_5/temperature,1,30.0,4,,1.0,8,4,p_gated_uniform,2,2077,,,,0.0,,0.9528301886792452,0.0
wearable|temperature|4|health/hospital01/Device_5/temperature,wearable,temperature,static,4,health/hospital01/Device_5/temperature,1,30.0,4,,1.0,8,4,p_gated_uniform,3,3077,,,,0.0,,0.9528301886792452,0.0
wearable|temperature|4|health/hospital01/Device_5/temperature,wearable,temperature,static,4,health/hospital01/Device_5/temperature,1,30.0,4,,1.0,8,4,p_gated_uniform,4,4077,,,,0.0,,0.9528301886792452,0.0
wearable|temperature|4|health/hospital01/Device_5/temperature,wearable,temperature,static,4,health/hospital01/Device_5/temperature,1,30.0,4,,1.0,8,4,p_gated_uniform,5,5077,,,,0.0,,0.9528301886792452,0.0
wearable|temperature|4|health/hospital02/Device_6/temperature,wearable,temperature,static,4,health/hospital02/Device_6/temperature,1,30.0,4,,1.0,8,4,p_gated_uniform,0,77,,,,0.0,,1.0,0.0
wearable|temperature|4|health/hospital02/Device_6/temperature,wearable,temperature,static,4,health/hospital02/Device_6/temperature,1,30.0,4,,1.0,8,4,p_gated_uniform,1,1077,,,,0.0,,1.0,0.0
wearable|temperature|4|health/hospital02/Device_6/temperature,wearable,temperature,static,4,health/hospital02/Device_6/temperature,1,30.0,4,,1.0,8,4,p_gated_uniform,2,2077,,,,0.0,,1.0,0.0
wearable|temperature|4|health/hospital02/Device_6/temperature,wearable,temperature,static,4,health/hospital02/Device_6/temperature,1,30.0,4,,1.0,8,4,p_gated_uniform,3,3077,,,,0.0,,1.0,0.0
wearable|temperature|4|health/hospital02/Device_6/temperature,wearable,temperature,static,4,health/hospital02/Device_6/temperature,1,30.0,4,,1.0,8,4,p_gated_uniform,4,4077,,,,0.0,,1.0,0.0
wearable|temperature|4|health/hospital02/Device_6/temperature,wearable,temperature,static,4,health/hospital02/Device_6/temperature,1,30.0,4,,1.0,8,4,p_gated_uniform,5,5077,,,,0.0,,1.0,0.0
wearable|temperature|4|health/hospital03/Device_7/temperature,wearable,temperature,static,4,health/hospital03/Device_7/temperature,1,30.0,4,,1.0,8,4,p_gated_uniform,0,77,,,,0.0,,0.941747572815534,0.0
wearable|temperature|4|health/hospital03/Device_7/temperature,wearable,temperature,static,4,health/hospital03/Device_7/temperature,1,30.0,4,,1.0,8,4,p_gated_uniform,1,1077,,,,0.0,,0.941747572815534,0.0
wearable|temperature|4|health/hospital03/Device_7/temperature,wearable,temperature,static,4,health/hospital03/Device_7/temperature,1,30.0,4,,1.0,8,4,p_gated_uniform,2,2077,,,,0.0,,0.941747572815534,0.0
wearable|temperature|4|health/hospital03/Device_7/temperature,wearable,temperature,static,4,health/hospital03/Device_7/temperature,1,30.0,4,,1.0,8,4,p_gated_uniform,3,3077,,,,0.0,,0.941747572815534,0.0
wearable|temperature|4|health/hospital03/Device_7/temperature,wearable,temperature,static,4,health/hospital03/Device_7/temperature,1,30.0,4,,1.0,8,4,p_gated_uniform,4,4077,,,,0.0,,0.941747572815534,0.0
wearable|temperature|4|health/hospital03/Device_7/temperature,wearable,temperature,static,4,health/hospital03/Device_7/temperature,1,30.0,4,,1.0,8,4,p_gated_uniform,5,5077,,,,0.0,,0.941747572815534,0.0
wearable|temperature|4|health/hospital04/Device_8/temperature,wearable,temperature,static,4,health/hospital04/Device_8/temperature,1,30.0,4,,1.0,8,4,p_gated_uniform,0,77,,,,0.0,,0.9629629629629628,0.0
wearable|temperature|4|health/hospital04/Device_8/temperature,wearable,temperature,static,4,health/hospital04/Device_8/temperature,1,30.0,4,,1.0,8,4,p_gated_uniform,1,1077,,,,0.0,,0.9629629629629628,0.0
wearable|temperature|4|health/hospital04/Device_8/temperature,wearable,temperature,static,4,health/hospital04/Device_8/temperature,1,30.0,4,,1.0,8,4,p_gated_uniform,2,2077,,,,0.0,,0.9629629629629628,0.0
wearable|temperature|4|health/hospital04/Device_8/temperature,wearable,temperature,static,4,health/hospital04/Device_8/temperature,1,30.0,4,,1.0,8,4,p_gated_uniform,3,3077,,,,0.0,,0.9629629629629628,0.0
wearable|temperature|4|health/hospital04/Device_8/temperature,wearable,temperature,static,4,health/hospital04/Device_8/temperature,1,30.0,4,,1.0,8,4,p_gated_uniform,4,4077,,,,0.0,,0.9629629629629628,0.0
wearable|temperature|4|health/hospital04/Device_8/temperature,wearable,temperature,static,4,health/hospital04/Device_8/temperature,1,30.0,4,,1.0,8,4,p_gated_uniform,5,5077,,,,0.0,,0.9629629629629628,0.0
wearable|temperature|4|health/hospital05/Device_9/temperature,wearable,temperature,static,4,health/hospital05/Device_9/temperature,1,30.0,4,,1.0,8,4,p_gated_uniform,0,77,,,,0.0,,0.9411764705882352,0.0
wearable|temperature|4|health/hospital05/Device_9/temperature,wearable,temperature,static,4,health/hospital05/Device_9/temperature,1,30.0,4,,1.0,8,4,p_gated_uniform,1,1077,,,,0.0,,0.9411764705882352,0.0
wearable|temperature|4|health/hospital05/Device_9/temperature,wearable,temperature,static,4,health/hospital05/Device_9/temperature,1,30.0,4,,1.0,8,4,p_gated_uniform,2,2077,,,,0.0,,0.9411764705882352,0.0
wearable|temperature|4|health/hospital05/Device_9/temperature,wearable,temperature,static,4,health/hospital05/Device_9/temperature,1,30.0,4,,1.0,8,4,p_gated_uniform,3,3077,,,,0.0,,0.9411764705882352,0.0
wearable|temperature|4|health/hospital05/Device_9/temperature,wearable,temperature,static,4,health/hospital05/Device_9/temperature,1,30.0,4,,1.0,8,4,p_gated_uniform,4,4077,,,,0.0,,0.9411764705882352,0.0
wearable|temperature|4|health/hospital05/Device_9/temperature,wearable,temperature,static,4,health/hospital05/Device_9/temperature,1,30.0,4,,1.0,8,4,p_gated_uniform,5,5077,,,,0.0,,0.9411764705882352,0.0
wearable|calories_burned|1|health,wearable,calories_burned,static,1,health,10,50.0,4,,1.0,8,4,p_gated_uniform,0,77,1.358748497244591,67.93742486222955,0.9572079982690184,0.8403361344537815,0.1040674603174602,8.403361344537815,0.0
wearable|calories_burned|1|health,wearable,calories_burned,static,1,health,10,50.0,4,,1.0,8,4,p_gated_uniform,1,1077,0.8640166002646049,43.200830013230245,0.9160656716723868,0.8403361344537815,0.1040674603174602,8.403361344537815,0.0
wearable|calories_burned|1|health,wearable,calories_burned,static,1,health,10,50.0,4,,1.0,8,4,p_gated_uniform,2,2077,1.307465915334331,65.37329576671655,0.7780140233224795,0.8403361344537815,0.1040674603174602,8.403361344537815,0.0
wearable|calories_burned|1|health,wearable,calories_burned,static,1,health,10,50.0,4,,1.0,8,4,p_gated_uniform,3,3077,2.688240117631162,134.41200588155812,0.33734225571421,0.8403361344537815,0.1040674603174602,8.403361344537815,0.0
wearable|calories_burned|1|health,wearable,calories_burned,static,1,health,10,50.0,4,,1.0,8,4,p_gated_uniform,4,4077,0.955174206890713,47.75871034453565,0.7301609995215312,0.8403361344537815,0.1040674603174602,8.403361344537815,0.0
wearable|calories_burned|1|health,wearable,calories_burned,static,1,health,10,50.0,4,,1.0,8,4,p_gated_uniform,5,5077,1.2395945997320184,61.97972998660092,0.8130074815158784,0.8403361344537815,0.1040674603174602,8.403361344537815,0.0
wearable|calories_burned|2|health/hospital02,wearable,calories_burned,static,2,health/hospital02,2,50.0,4,,1.0,8,4,p_gated_uniform,0,77,,,,0.0,,1.8403361344537812,0.0
wearable|calories_burned|2|health/hospital02,wearable,calories_burned,static,2,health/hospital02,2,50.0,4,,1.0,8,4,p_gated_uniform,1,1077,,,,0.0,,1.8403361344537812,0.0
wearable|calories_burned|2|health/hospital02,wearable,calories_burned,static,2,health/hospital02,2,50.0,4,,1.0,8,4,p_gated_uniform,2,2077,,,,0.0,,1.8403361344537812,0.0
wearable|calories_burned|2|health/hospital02,wearable,calories_burned,static,2,health/hospital02,2,50.0,4,,1.0,8,4,p_gated_uniform,3,3077,,,,0.0,,1.8403361344537812,0.0
wearable|calories_burned|2|health/hospital02,wearable,calories_burned,static,2,health/hospital02,2,50.0,4,,1.0,8,4,p_gated_uniform,4,4077,,,,0.0,,1.8403361344537812,0.0
wearable|calories_burned|2|health/hospital02,wearable,calories_burned,static,2,health/hospital02,2,50.0,4,,1.0,8,4,p_gated_uniform,5,5077,,,,0.0,,1.8403361344537812,0.0
wearable|calories_burned|2|health/hospital01,wearable,calories_burned,static,2,health/hospital01,2,50.0,4,,1.0,8,4,p_gated_uniform,0,77,,,,0.0,,1.8867924528301887,0.0
wearable|calories_burned|2|health/hospital01,wearable,calories_burned,static,2,health/hospital01,2,50.0,4,,1.0,8,4,p_gated_uniform,1,1077,,,,0.0,,1.8867924528301887,0.0
wearable|calories_burned|2|health/hospital01,wearable,calories_burned,static,2,health/hospital01,2,50.0,4,,1.0,8,4,p_gated_uniform,2,2077,,,,0.0,,1.8867924528301887,0.0
wearable|calories_burned|2|health/hospital01,wearable,calories_burned,static,2,health/hospital01,2,50.0,4,,1.0,8,4,p_gated_uniform,3,3077,,,,0.0,,1.8867924528301887,0.0
wearable|calories_burned|2|health/hospital01,wearable,calories_burned,static,2,health/hospital01,2,50.0,4,,1.0,8,4,p_gated_uniform,4,4077,,,,0.0,,1.8867924528301887,0.0
wearable|calories_burned|2|health/hospital01,wearable,calories_burned,static,2,health/hospital01,2,50.0,4,,1.0,8,4,p_gated_uniform,5,5077,,,,0.0,,1.8867924528301887,0.0
wearable|calories_burned|2|health/hospital03,wearable,calories_burned,static,2,health/hospital03,2,50.0,4,,1.0,8,4,p_gated_uniform,0,77,,,,0.0,,1.8846153846153848,0.0
wearable|calories_burned|2|health/hospital03,wearable,calories_burned,static,2,health/hospital03,2,50.0,4,,1.0,8,4,p_gated_uniform,1,1077,,,,0.0,,1.8846153846153848,0.0
wearable|calories_burned|2|health/hospital03,wearable,calories_burned,static,2,health/hospital03,2,50.0,4,,1.0,8,4,p_gated_uniform,2,2077,,,,0.0,,1.8846153846153848,0.0
wearable|calories_burned|2|health/hospital03,wearable,calories_burned,static,2,health/hospital03,2,50.0,4,,1.0,8,4,p_gated_uniform,3,3077,,,,0.0,,1.8846153846153848,0.0
wearable|calories_burned|2|health/hospital03,wearable,calories_burned,static,2,health/hospital03,2,50.0,4,,1.0,8,4,p_gated_uniform,4,4077,,,,0.0,,1.8846153846153848,0.0
wearable|calories_burned|2|health/hospital03,wearable,calories_burned,static,2,health/hospital03,2,50.0,4,,1.0,8,4,p_gated_uniform,5,5077,,,,0.0,,1.8846153846153848,0.0
wearable|calories_burned|2|health/hospital04,wearable,calories_burned,static,2,health/hospital04,2,50.0,4,,1.0,8,4,p_gated_uniform,0,77,,,,0.0,,1.7962962962962965,0.0
wearable|calories_burned|2|health/hospital04,wearable,calories_burned,static,2,health/hospital04,2,50.0,4,,1.0,8,4,p_gated_uniform,1,1077,,,,0.0,,1.7962962962962965,0.0
wearable|calories_burned|2|health/hospital04,wearable,calories_burned,static,2,health/hospital04,2,50.0,4,,1.0,8,4,p_gated_uniform,2,2077,,,,0.0,,1.7962962962962965,0.0
wearable|calories_burned|2|health/hospital04,wearable,calories_burned,static,2,health/hospital04,2,50.0,4,,1.0,8,4,p_gated_uniform,3,3077,,,,0.0,,1.7962962962962965,0.0
wearable|calories_burned|2|health/hospital04,wearable,calories_burned,static,2,health/hospital04,2,50.0,4,,1.0,8,4,p_gated_uniform,4,4077,,,,0.0,,1.7962962962962965,0.0
wearable|calories_burned|2|health/hospital04,wearable,calories_burned,static,2,health/hospital04,2,50.0,4,,1.0,8,4,p_gated_uniform,5,5077,,,,0.0,,1.7962962962962965,0.0
wearable|calories_burned|2|health/hospital05,wearable,calories_burned,static,2,health/hospital05,2,50.0,4,,1.0,8,4,p_gated_uniform,0,77,,,,0.0,,1.8725490196078431,0.0
wearable|calories_burned|2|health/hospital05,wearable,calories_burned,static,2,health/hospital05,2,50.0,4,,1.0,8,4,p_gated_uniform,1,1077,,,,0.0,,1.8725490196078431,0.0
wearable|calories_burned|2|health/hospital05,wearable,calories_burned,static,2,health/hospital05,2,50.0,4,,1.0,8,4,p_gated_uniform,2,2077,,,,0.0,,1.8725490196078431,0.0
wearable|calories_burned|2|health/hospital05,wearable,calories_burned,static,2,health/hospital05,2,50.0,4,,1.0,8,4,p_gated_uniform,3,3077,,,,0.0,,1.8725490196078431,0.0
wearable|calories_burned|2|health/hospital05,wearable,calories_burned,static,2,health/hospital05,2,50.0,4,,1.0,8,4,p_gated_uniform,4,4077,,,,0.0,,1.8725490196078431,0.0
wearable|calories_burned|2|health/hospital05,wearable,calories_burned,static,2,health/hospital05,2,50.0,4,,1.0,8,4,p_gated_uniform,5,5077,,,,0.0,,1.8725490196078431,0.0
wearable|calories_burned|3|health/hospital02/Device_1,wearable,calories_burned,static,3,health/hospital02/Device_1,1,50.0,4,,1.0,8,4,p_gated_uniform,0,77,,,,0.0,,0.9523809523809524,0.0
wearable|calories_burned|3|health/hospital02/Device_1,wearable,calories_burned,static,3,health/hospital02/Device_1,1,50.0,4,,1.0,8,4,p_gated_uniform,1,1077,,,,0.0,,0.9523809523809524,0.0
wearable|calories_burned|3|health/hospital02/Device_1,wearable,calories_burned,static,3,health/hospital02/Device_1,1,50.0,4,,1.0,8,4,p_gated_uniform,2,2077,,,,0.0,,0.9523809523809524,0.0
wearable|calories_burned|3|health/hospital02/Device_1,wearable,calories_burned,static,3,health/hospital02/Device_1,1,50.0,4,,1.0,8,4,p_gated_uniform,3,3077,,,,0.0,,0.9523809523809524,0.0
wearable|calories_burned|3|health/hospital02/Device_1,wearable,calories_burned,static,3,health/hospital02/Device_1,1,50.0,4,,1.0,8,4,p_gated_uniform,4,4077,,,,0.0,,0.9523809523809524,0.0
wearable|calories_burned|3|health/hospital02/Device_1,wearable,calories_burned,static,3,health/hospital02/Device_1,1,50.0,4,,1.0,8,4,p_gated_uniform,5,5077,,,,0.0,,0.9523809523809524,0.0
wearable|calories_burned|3|health/hospital01/Device_10,wearable,calories_burned,static,3,health/hospital01/Device_10,1,50.0,4,,1.0,8,4,p_gated_uniform,0,77,,,,0.0,,0.9519230769230768,0.0
wearable|calories_burned|3|health/hospital01/Device_10,wearable,calories_burned,static,3,health/hospital01/Device_10,1,50.0,4,,1.0,8,4,p_gated_uniform,1,1077,,,,0.0,,0.9519230769230768,0.0
wearable|calories_burned|3|health/hospital01/Device_10,wearable,calories_burned,static,3,health/hospital01/Device_10,1,50.0,4,,1.0,8,4,p_gated_uniform,2,2077,,,,0.0,,0.9519230769230768,0.0
wearable|calories_burned|3|health/hospital01/Device_10,wearable,calories_burned,static,3,health/hospital01/Device_10,1,50.0,4,,1.0,8,4,p_gated_uniform,3,3077,,,,0.0,,0.9519230769230768,0.0
wearable|calories_burned|3|health/hospital01/Device_10,wearable,calories_burned,static,3,health/hospital01/Device_10,1,50.0,4,,1.0,8,4,p_gated_uniform,4,4077,,,,0.0,,0.9519230769230768,0.0
wearable|calories_burned|3|health/hospital01/Device_10,wearable,calories_burned,static,3,health/hospital01/Device_10,1,50.0,4,,1.0,8,4,p_gated_uniform,5,5077,,,,0.0,,0.9519230769230768,0.0
wearable|calories_burned|3|health/hospital03/Device_2,wearable,calories_burned,static,3,health/hospital03/Device_2,1,50.0,4,,1.0,8,4,p_gated_uniform,0,77,,,,0.0,,0.9519230769230768,0.0
wearable|calories_burned|3|health/hospital03/Device_2,wearable,calories_burned,static,3,health/hospital03/Device_2,1,50.0,4,,1.0,8,4,p_gated_uniform,1,1077,,,,0.0,,0.9519230769230768,0.0
wearable|calories_burned|3|health/hospital03/Device_2,wearable,calories_burned,static,3,health/hospital03/Device_2,1,50.0,4,,1.0,8,4,p_gated_uniform,2,2077,,,,0.0,,0.9519230769230768,0.0
wearable|calories_burned|3|health/hospital03/Device_2,wearable,calories_burned,static,3,health/hospital03/Device_2,1,50.0,4,,1.0,8,4,p_gated_uniform,3,3077,,,,0.0,,0.9519230769230768,0.0
wearable|calories_burned|3|health/hospital03/Device_2,wearable,calories_burned,static,3,health/hospital03/Device_2,1,50.0,4,,1.0,8,4,p_gated_uniform,4,4077,,,,0.0,,0.9519230769230768,0.0
wearable|calories_burned|3|health/hospital03/Device_2,wearable,calories_burned,static,3,health/hospital03/Device_2,1,50.0,4,,1.0,8,4,p_gated_uniform,5,5077,,,,0.0,,0.9519230769230768,0.0
wearable|calories_burned|3|health/hospital04/Device_3,wearable,calories_burned,static,3,health/hospital04/Device_3,1,50.0,4,,1.0,8,4,p_gated_uniform,0,77,,,,0.0,,0.9183673469387756,0.0
wearable|calories_burned|3|health/hospital04/Device_3,wearable,calories_burned,static,3,health/hospital04/Device_3,1,50.0,4,,1.0,8,4,p_gated_uniform,1,1077,,,,0.0,,0.9183673469387756,0.0
wearable|calories_burned|3|health/hospital04/Device_3,wearable,calories_burned,static,3,health/hospital04/Device_3,1,50.0,4,,1.0,8,4,p_gated_uniform,2,2077,,,,0.0,,0.9183673469387756,0.0
wearable|calories_burned|3|health/hospital04/Device_3,wearable,calories_burned,static,3,health/hospital04/Device_3,1,50.0,4,,1.0,8,4,p_gated_uniform,3,3077,,,,0.0,,0.9183673469387756,0.0
wearable|calories_burned|3|health/hospital04/Device_3,wearable,calories_burned,static,3,health/hospital04/Device_3,1,50.0,4,,1.0,8,4,p_gated_uniform,4,4077,,,,0.0,,0.9183673469387756,0.0
wearable|calories_burned|3|health/hospital04/Device_3,wearable,calories_burned,static,3,health/hospital04/Device_3,1,50.0,4,,1.0,8,4,p_gated_uniform,5,5077,,,,0.0,,0.9183673469387756,0.0
wearable|calories_burned|3|health/hospital05/Device_4,wearable,calories_burned,static,3,health/hospital05/Device_4,1,50.0,4,,1.0,8,4,p_gated_uniform,0,77,,,,0.0,,0.9405940594059404,0.0
wearable|calories_burned|3|health/hospital05/Device_4,wearable,calories_burned,static,3,health/hospital05/Device_4,1,50.0,4,,1.0,8,4,p_gated_uniform,1,1077,,,,0.0,,0.9405940594059404,0.0
wearable|calories_burned|3|health/hospital05/Device_4,wearable,calories_burned,static,3,health/hospital05/Device_4,1,50.0,4,,1.0,8,4,p_gated_uniform,2,2077,,,,0.0,,0.9405940594059404,0.0
wearable|calories_burned|3|health/hospital05/Device_4,wearable,calories_burned,static,3,health/hospital05/Device_4,1,50.0,4,,1.0,8,4,p_gated_uniform,3,3077,,,,0.0,,0.9405940594059404,0.0
wearable|calories_burned|3|health/hospital05/Device_4,wearable,calories_burned,static,3,health/hospital05/Device_4,1,50.0,4,,1.0,8,4,p_gated_uniform,4,4077,,,,0.0,,0.9405940594059404,0.0
wearable|calories_burned|3|health/hospital05/Device_4,wearable,calories_burned,static,3,health/hospital05/Device_4,1,50.0,4,,1.0,8,4,p_gated_uniform,5,5077,,,,0.0,,0.9405940594059404,0.0
wearable|calories_burned|3|health/hospital01/Device_5,wearable,calories_burned,static,3,health/hospital01/Device_5,1,50.0,4,,1.0,8,4,p_gated_uniform,0,77,,,,0.0,,0.9528301886792452,0.0
wearable|calories_burned|3|health/hospital01/Device_5,wearable,calories_burned,static,3,health/hospital01/Device_5,1,50.0,4,,1.0,8,4,p_gated_uniform,1,1077,,,,0.0,,0.9528301886792452,0.0
wearable|calories_burned|3|health/hospital01/Device_5,wearable,calories_burned,static,3,health/hospital01/Device_5,1,50.0,4,,1.0,8,4,p_gated_uniform,2,2077,,,,0.0,,0.9528301886792452,0.0
wearable|calories_burned|3|health/hospital01/Device_5,wearable,calories_burned,static,3,health/hospital01/Device_5,1,50.0,4,,1.0,8,4,p_gated_uniform,3,3077,,,,0.0,,0.9528301886792452,0.0
wearable|calories_burned|3|health/hospital01/Device_5,wearable,calories_burned,static,3,health/hospital01/Device_5,1,50.0,4,,1.0,8,4,p_gated_uniform,4,4077,,,,0.0,,0.9528301886792452,0.0
wearable|calories_burned|3|health/hospital01/Device_5,wearable,calories_burned,static,3,health/hospital01/Device_5,1,50.0,4,,1.0,8,4,p_gated_uniform,5,5077,,,,0.0,,0.9528301886792452,0.0
wearable|calories_burned|3|health/hospital02/Device_6,wearable,calories_burned,static,3,health/hospital02/Device_6,1,50.0,4,,1.0,8,4,p_gated_uniform,0,77,,,,0.0,,1.0,0.0
wearable|calories_burned|3|health/hospital02/Device_6,wearable,calories_burned,static,3,health/hospital02/Device_6,1,50.0,4,,1.0,8,4,p_gated_uniform,1,1077,,,,0.0,,1.0,0.0
wearable|calories_burned|3|health/hospital02/Device_6,wearable,calories_burned,static,3,health/hospital02/Device_6,1,50.0,4,,1.0,8,4,p_gated_uniform,2,2077,,,,0.0,,1.0,0.0
wearable|calories_burned|3|health/hospital02/Device_6,wearable,calories_burned,static,3,health/hospital02/Device_6,1,50.0,4,,1.0,8,4,p_gated_uniform,3,3077,,,,0.0,,1.0,0.0
wearable|calories_burned|3|health/hospital02/Device_6,wearable,calories_burned,static,3,health/hospital02/Device_6,1,50.0,4,,1.0,8,4,p_gated_uniform,4,4077,,,,0.0,,1.0,0.0
wearable|calories_burned|3|health/hospital02/Device_6,wearable,calories_burned,static,3,health/hospital02/Device_6,1,50.0,4,,1.0,8,4,p_gated_uniform,5,5077,,,,0.0,,1.0,0.0
wearable|calories_burned|3|health/hospital03/Device_7,wearable,calories_burned,static,3,health/hospital03/Device_7,1,50.0,4,,1.0,8,4,p_gated_uniform,0,77,,,,0.0,,0.941747572815534,0.0
wearable|calories_burned|3|health/hospital03/Device_7,wearable,calories_burned,static,3,health/hospital03/Device_7,1,50.0,4,,1.0,8,4,p_gated_uniform,1,1077,,,,0.0,,0.941747572815534,0.0
wearable|calories_burned|3|health/hospital03/Device_7,wearable,calories_burned,static,3,health/hospital03/Device_7,1,50.0,4,,1.0,8,4,p_gated_uniform,2,2077,,,,0.0,,0.941747572815534,0.0
wearable|calories_burned|3|health/hospital03/Device_7,wearable,calories_burned,static,3,health/hospital03/Device_7,1,50.0,4,,1.0,8,4,p_gated_uniform,3,3077,,,,0.0,,0.941747572815534,0.0
wearable|calories_burned|3|health/hospital03/Device_7,wearable,calories_burned,static,3,health/hospital03/Device_7,1,50.0,4,,1.0,8,4,p_gated_uniform,4,4077,,,,0.0,,0.941747572815534,0.0
wearable|calories_burned|3|health/hospital03/Device_7,wearable,calories_burned,static,3,health/hospital03/Device_7,1,50.0,4,,1.0,8,4,p_gated_uniform,5,5077,,,,0.0,,0.941747572815534,0.0
wearable|calories_burned|3|health/hospital04/Device_8,wearable,calories_burned,static,3,health/hospital04/Device_8,1,50.0,4,,1.0,8,4,p_gated_uniform,0,77,,,,0.0,,0.9629629629629628,0.0
wearable|calories_burned|3|health/hospital04/Device_8,wearable,calories_burned,static,3,health/hospital04/Device_8,1,50.0,4,,1.0,8,4,p_gated_uniform,1,1077,,,,0.0,,0.9629629629629628,0.0
wearable|calories_burned|3|health/hospital04/Device_8,wearable,calories_burned,static,3,health/hospital04/Device_8,1,50.0,4,,1.0,8,4,p_gated_uniform,2,2077,,,,0.0,,0.9629629629629628,0.0
wearable|calories_burned|3|health/hospital04/Device_8,wearable,calories_burned,static,3,health/hospital04/Device_8,1,50.0,4,,1.0,8,4,p_gated_uniform,3,3077,,,,0.0,,0.9629629629629628,0.0
wearable|calories_burned|3|health/hospital04/Device_8,wearable,calories_burned,static,3,health/hospital04/Device_8,1,50.0,4,,1.0,8,4,p_gated_uniform,4,4077,,,,0.0,,0.9629629629629628,0.0
wearable|calories_burned|3|health/hospital04/Device_8,wearable,calories_burned,static,3,health/hospital04/Device_8,1,50.0,4,,1.0,8,4,p_gated_uniform,5,5077,,,,0.0,,0.9629629629629628,0.0
wearable|calories_burned|3|health/hospital05/Device_9,wearable,calories_burned,static,3,health/hospital05/Device_9,1,50.0,4,,1.0,8,4,p_gated_uniform,0,77,,,,0.0,,0.9411764705882352,0.0
wearable|calories_burned|3|health/hospital05/Device_9,wearable,calories_burned,static,3,health/hospital05/Device_9,1,50.0,4,,1.0,8,4,p_gated_uniform,1,1077,,,,0.0,,0.9411764705882352,0.0
wearable|calories_burned|3|health/hospital05/Device_9,wearable,calories_burned,static,3,health/hospital05/Device_9,1,50.0,4,,1.0,8,4,p_gated_uniform,2,2077,,,,0.0,,0.9411764705882352,0.0
wearable|calories_burned|3|health/hospital05/Device_9,wearable,calories_burned,static,3,health/hospital05/Device_9,1,50.0,4,,1.0,8,4,p_gated_uniform,3,3077,,,,0.0,,0.9411764705882352,0.0
wearable|calories_burned|3|health/hospital05/Device_9,wearable,calories_burned,static,3,health/hospital05/Device_9,1,50.0,4,,1.0,8,4,p_gated_uniform,4,4077,,,,0.0,,0.9411764705882352,0.0
wearable|calories_burned|3|health/hospital05/Device_9,wearable,calories_burned,static,3,health/hospital05/Device_9,1,50.0,4,,1.0,8,4,p_gated_uniform,5,5077,,,,0.0,,0.9411764705882352,0.0
wearable|calories_burned|4|health/hospital02/Device_1/calories_burned,wearable,calories_burned,static,4,health/hospital02/Device_1/calories_burned,1,50.0,4,,1.0,8,4,p_gated_uniform,0,77,,,,0.0,,0.9523809523809524,0.0
wearable|calories_burned|4|health/hospital02/Device_1/calories_burned,wearable,calories_burned,static,4,health/hospital02/Device_1/calories_burned,1,50.0,4,,1.0,8,4,p_gated_uniform,1,1077,,,,0.0,,0.9523809523809524,0.0
wearable|calories_burned|4|health/hospital02/Device_1/calories_burned,wearable,calories_burned,static,4,health/hospital02/Device_1/calories_burned,1,50.0,4,,1.0,8,4,p_gated_uniform,2,2077,,,,0.0,,0.9523809523809524,0.0
wearable|calories_burned|4|health/hospital02/Device_1/calories_burned,wearable,calories_burned,static,4,health/hospital02/Device_1/calories_burned,1,50.0,4,,1.0,8,4,p_gated_uniform,3,3077,,,,0.0,,0.9523809523809524,0.0
wearable|calories_burned|4|health/hospital02/Device_1/calories_burned,wearable,calories_burned,static,4,health/hospital02/Device_1/calories_burned,1,50.0,4,,1.0,8,4,p_gated_uniform,4,4077,,,,0.0,,0.9523809523809524,0.0
wearable|calories_burned|4|health/hospital02/Device_1/calories_burned,wearable,calories_burned,static,4,health/hospital02/Device_1/calories_burned,1,50.0,4,,1.0,8,4,p_gated_uniform,5,5077,,,,0.0,,0.9523809523809524,0.0
wearable|calories_burned|4|health/hospital01/Device_10/calories_burned,wearable,calories_burned,static,4,health/hospital01/Device_10/calories_burned,1,50.0,4,,1.0,8,4,p_gated_uniform,0,77,,,,0.0,,0.9519230769230768,0.0
wearable|calories_burned|4|health/hospital01/Device_10/calories_burned,wearable,calories_burned,static,4,health/hospital01/Device_10/calories_burned,1,50.0,4,,1.0,8,4,p_gated_uniform,1,1077,,,,0.0,,0.9519230769230768,0.0
wearable|calories_burned|4|health/hospital01/Device_10/calories_burned,wearable,calories_burned,static,4,health/hospital01/Device_10/calories_burned,1,50.0,4,,1.0,8,4,p_gated_uniform,2,2077,,,,0.0,,0.9519230769230768,0.0
wearable|calories_burned|4|health/hospital01/Device_10/calories_burned,wearable,calories_burned,static,4,health/hospital01/Device_10/calories_burned,1,50.0,4,,1.0,8,4,p_gated_uniform,3,3077,,,,0.0,,0.9519230769230768,0.0
wearable|calories_burned|4|health/hospital01/Device_10/calories_burned,wearable,calories_burned,static,4,health/hospital01/Device_10/calories_burned,1,50.0,4,,1.0,8,4,p_gated_uniform,4,4077,,,,0.0,,0.9519230769230768,0.0
wearable|calories_burned|4|health/hospital01/Device_10/calories_burned,wearable,calories_burned,static,4,health/hospital01/Device_10/calories_burned,1,50.0,4,,1.0,8,4,p_gated_uniform,5,5077,,,,0.0,,0.9519230769230768,0.0
wearable|calories_burned|4|health/hospital03/Device_2/calories_burned,wearable,calories_burned,static,4,health/hospital03/Device_2/calories_burned,1,50.0,4,,1.0,8,4,p_gated_uniform,0,77,,,,0.0,,0.9519230769230768,0.0
wearable|calories_burned|4|health/hospital03/Device_2/calories_burned,wearable,calories_burned,static,4,health/hospital03/Device_2/calories_burned,1,50.0,4,,1.0,8,4,p_gated_uniform,1,1077,,,,0.0,,0.9519230769230768,0.0
wearable|calories_burned|4|health/hospital03/Device_2/calories_burned,wearable,calories_burned,static,4,health/hospital03/Device_2/calories_burned,1,50.0,4,,1.0,8,4,p_gated_uniform,2,2077,,,,0.0,,0.9519230769230768,0.0
wearable|calories_burned|4|health/hospital03/Device_2/calories_burned,wearable,calories_burned,static,4,health/hospital03/Device_2/calories_burned,1,50.0,4,,1.0,8,4,p_gated_uniform,3,3077,,,,0.0,,0.9519230769230768,0.0
wearable|calories_burned|4|health/hospital03/Device_2/calories_burned,wearable,calories_burned,static,4,health/hospital03/Device_2/calories_burned,1,50.0,4,,1.0,8,4,p_gated_uniform,4,4077,,,,0.0,,0.9519230769230768,0.0
wearable|calories_burned|4|health/hospital03/Device_2/calories_burned,wearable,calories_burned,static,4,health/hospital03/Device_2/calories_burned,1,50.0,4,,1.0,8,4,p_gated_uniform,5,5077,,,,0.0,,0.9519230769230768,0.0
wearable|calories_burned|4|health/hospital04/Device_3/calories_burned,wearable,calories_burned,static,4,health/hospital04/Device_3/calories_burned,1,50.0,4,,1.0,8,4,p_gated_uniform,0,77,,,,0.0,,0.9183673469387756,0.0
wearable|calories_burned|4|health/hospital04/Device_3/calories_burned,wearable,calories_burned,static,4,health/hospital04/Device_3/calories_burned,1,50.0,4,,1.0,8,4,p_gated_uniform,1,1077,,,,0.0,,0.9183673469387756,0.0
wearable|calories_burned|4|health/hospital04/Device_3/calories_burned,wearable,calories_burned,static,4,health/hospital04/Device_3/calories_burned,1,50.0,4,,1.0,8,4,p_gated_uniform,2,2077,,,,0.0,,0.9183673469387756,0.0
wearable|calories_burned|4|health/hospital04/Device_3/calories_burned,wearable,calories_burned,static,4,health/hospital04/Device_3/calories_burned,1,50.0,4,,1.0,8,4,p_gated_uniform,3,3077,,,,0.0,,0.9183673469387756,0.0
wearable|calories_burned|4|health/hospital04/Device_3/calories_burned,wearable,calories_burned,static,4,health/hospital04/Device_3/calories_burned,1,50.0,4,,1.0,8,4,p_gated_uniform,4,4077,,,,0.0,,0.9183673469387756,0.0
wearable|calories_burned|4|health/hospital04/Device_3/calories_burned,wearable,calories_burned,static,4,health/hospital04/Device_3/calories_burned,1,50.0,4,,1.0,8,4,p_gated_uniform,5,5077,,,,0.0,,0.9183673469387756,0.0
wearable|calories_burned|4|health/hospital05/Device_4/calories_burned,wearable,calories_burned,static,4,health/hospital05/Device_4/calories_burned,1,50.0,4,,1.0,8,4,p_gated_uniform,0,77,,,,0.0,,0.9405940594059404,0.0
wearable|calories_burned|4|health/hospital05/Device_4/calories_burned,wearable,calories_burned,static,4,health/hospital05/Device_4/calories_burned,1,50.0,4,,1.0,8,4,p_gated_uniform,1,1077,,,,0.0,,0.9405940594059404,0.0
wearable|calories_burned|4|health/hospital05/Device_4/calories_burned,wearable,calories_burned,static,4,health/hospital05/Device_4/calories_burned,1,50.0,4,,1.0,8,4,p_gated_uniform,2,2077,,,,0.0,,0.9405940594059404,0.0
wearable|calories_burned|4|health/hospital05/Device_4/calories_burned,wearable,calories_burned,static,4,health/hospital05/Device_4/calories_burned,1,50.0,4,,1.0,8,4,p_gated_uniform,3,3077,,,,0.0,,0.9405940594059404,0.0
wearable|calories_burned|4|health/hospital05/Device_4/calories_burned,wearable,calories_burned,static,4,health/hospital05/Device_4/calories_burned,1,50.0,4,,1.0,8,4,p_gated_uniform,4,4077,,,,0.0,,0.9405940594059404,0.0
wearable|calories_burned|4|health/hospital05/Device_4/calories_burned,wearable,calories_burned,static,4,health/hospital05/Device_4/calories_burned,1,50.0,4,,1.0,8,4,p_gated_uniform,5,5077,,,,0.0,,0.9405940594059404,0.0
wearable|calories_burned|4|health/hospital01/Device_5/calories_burned,wearable,calories_burned,static,4,health/hospital01/Device_5/calories_burned,1,50.0,4,,1.0,8,4,p_gated_uniform,0,77,,,,0.0,,0.9528301886792452,0.0
wearable|calories_burned|4|health/hospital01/Device_5/calories_burned,wearable,calories_burned,static,4,health/hospital01/Device_5/calories_burned,1,50.0,4,,1.0,8,4,p_gated_uniform,1,1077,,,,0.0,,0.9528301886792452,0.0
wearable|calories_burned|4|health/hospital01/Device_5/calories_burned,wearable,calories_burned,static,4,health/hospital01/Device_5/calories_burned,1,50.0,4,,1.0,8,4,p_gated_uniform,2,2077,,,,0.0,,0.9528301886792452,0.0
wearable|calories_burned|4|health/hospital01/Device_5/calories_burned,wearable,calories_burned,static,4,health/hospital01/Device_5/calories_burned,1,50.0,4,,1.0,8,4,p_gated_uniform,3,3077,,,,0.0,,0.9528301886792452,0.0
wearable|calories_burned|4|health/hospital01/Device_5/calories_burned,wearable,calories_burned,static,4,health/hospital01/Device_5/calories_burned,1,50.0,4,,1.0,8,4,p_gated_uniform,4,4077,,,,0.0,,0.9528301886792452,0.0
wearable|calories_burned|4|health/hospital01/Device_5/calories_burned,wearable,calories_burned,static,4,health/hospital01/Device_5/calories_burned,1,50.0,4,,1.0,8,4,p_gated_uniform,5,5077,,,,0.0,,0.9528301886792452,0.0
wearable|calories_burned|4|health/hospital02/Device_6/calories_burned,wearable,calories_burned,static,4,health/hospital02/Device_6/calories_burned,1,50.0,4,,1.0,8,4,p_gated_uniform,0,77,,,,0.0,,1.0,0.0
wearable|calories_burned|4|health/hospital02/Device_6/calories_burned,wearable,calories_burned,static,4,health/hospital02/Device_6/calories_burned,1,50.0,4,,1.0,8,4,p_gated_uniform,1,1077,,,,0.0,,1.0,0.0
wearable|calories_burned|4|health/hospital02/Device_6/calories_burned,wearable,calories_burned,static,4,health/hospital02/Device_6/calories_burned,1,50.0,4,,1.0,8,4,p_gated_uniform,2,2077,,,,0.0,,1.0,0.0
wearable|calories_burned|4|health/hospital02/Device_6/calories_burned,wearable,calories_burned,static,4,health/hospital02/Device_6/calories_burned,1,50.0,4,,1.0,8,4,p_gated_uniform,3,3077,,,,0.0,,1.0,0.0
wearable|calories_burned|4|health/hospital02/Device_6/calories_burned,wearable,calories_burned,static,4,health/hospital02/Device_6/calories_burned,1,50.0,4,,1.0,8,4,p_gated_uniform,4,4077,,,,0.0,,1.0,0.0
wearable|calories_burned|4|health/hospital02/Device_6/calories_burned,wearable,calories_burned,static,4,health/hospital02/Device_6/calories_burned,1,50.0,4,,1.0,8,4,p_gated_uniform,5,5077,,,,0.0,,1.0,0.0
wearable|calories_burned|4|health/hospital03/Device_7/calories_burned,wearable,calories_burned,static,4,health/hospital03/Device_7/calories_burned,1,50.0,4,,1.0,8,4,p_gated_uniform,0,77,,,,0.0,,0.941747572815534,0.0
wearable|calories_burned|4|health/hospital03/Device_7/calories_burned,wearable,calories_burned,static,4,health/hospital03/Device_7/calories_burned,1,50.0,4,,1.0,8,4,p_gated_uniform,1,1077,,,,0.0,,0.941747572815534,0.0
wearable|calories_burned|4|health/hospital03/Device_7/calories_burned,wearable,calories_burned,static,4,health/hospital03/Device_7/calories_burned,1,50.0,4,,1.0,8,4,p_gated_uniform,2,2077,,,,0.0,,0.941747572815534,0.0
wearable|calories_burned|4|health/hospital03/Device_7/calories_burned,wearable,calories_burned,static,4,health/hospital03/Device_7/calories_burned,1,50.0,4,,1.0,8,4,p_gated_uniform,3,3077,,,,0.0,,0.941747572815534,0.0
wearable|calories_burned|4|health/hospital03/Device_7/calories_burned,wearable,calories_burned,static,4,health/hospital03/Device_7/calories_burned,1,50.0,4,,1.0,8,4,p_gated_uniform,4,4077,,,,0.0,,0.941747572815534,0.0
wearable|calories_burned|4|health/hospital03/Device_7/calories_burned,wearable,calories_burned,static,4,health/hospital03/Device_7/calories_burned,1,50.0,4,,1.0,8,4,p_gated_uniform,5,5077,,,,0.0,,0.941747572815534,0.0
wearable|calories_burned|4|health/hospital04/Device_8/calories_burned,wearable,calories_burned,static,4,health/hospital04/Device_8/calories_burned,1,50.0,4,,1.0,8,4,p_gated_uniform,0,77,,,,0.0,,0.9629629629629628,0.0
wearable|calories_burned|4|health/hospital04/Device_8/calories_burned,wearable,calories_burned,static,4,health/hospital04/Device_8/calories_burned,1,50.0,4,,1.0,8,4,p_gated_uniform,1,1077,,,,0.0,,0.9629629629629628,0.0
wearable|calories_burned|4|health/hospital04/Device_8/calories_burned,wearable,calories_burned,static,4,health/hospital04/Device_8/calories_burned,1,50.0,4,,1.0,8,4,p_gated_uniform,2,2077,,,,0.0,,0.9629629629629628,0.0
wearable|calories_burned|4|health/hospital04/Device_8/calories_burned,wearable,calories_burned,static,4,health/hospital04/Device_8/calories_burned,1,50.0,4,,1.0,8,4,p_gated_uniform,3,3077,,,,0.0,,0.9629629629629628,0.0
wearable|calories_burned|4|health/hospital04/Device_8/calories_burned,wearable,calories_burned,static,4,health/hospital04/Device_8/calories_burned,1,50.0,4,,1.0,8,4,p_gated_uniform,4,4077,,,,0.0,,0.9629629629629628,0.0
wearable|calories_burned|4|health/hospital04/Device_8/calories_burned,wearable,calories_burned,static,4,health/hospital04/Device_8/calories_burned,1,50.0,4,,1.0,8,4,p_gated_uniform,5,5077,,,,0.0,,0.9629629629629628,0.0
wearable|calories_burned|4|health/hospital05/Device_9/calories_burned,wearable,calories_burned,static,4,health/hospital05/Device_9/calories_burned,1,50.0,4,,1.0,8,4,p_gated_uniform,0,77,,,,0.0,,0.9411764705882352,0.0
wearable|calories_burned|4|health/hospital05/Device_9/calories_burned,wearable,calories_burned,static,4,health/hospital05/Device_9/calories_burned,1,50.0,4,,1.0,8,4,p_gated_uniform,1,1077,,,,0.0,,0.9411764705882352,0.0
wearable|calories_burned|4|health/hospital05/Device_9/calories_burned,wearable,calories_burned,static,4,health/hospital05/Device_9/calories_burned,1,50.0,4,,1.0,8,4,p_gated_uniform,2,2077,,,,0.0,,0.9411764705882352,0.0
wearable|calories_burned|4|health/hospital05/Device_9/calories_burned,wearable,calories_burned,static,4,health/hospital05/Device_9/calories_burned,1,50.0,4,,1.0,8,4,p_gated_uniform,3,3077,,,,0.0,,0.9411764705882352,0.0
wearable|calories_burned|4|health/hospital05/Device_9/calories_burned,wearable,calories_burned,static,4,health/hospital05/Device_9/calories_burned,1,50.0,4,,1.0,8,4,p_gated_uniform,4,4077,,,,0.0,,0.9411764705882352,0.0
wearable|calories_burned|4|health/hospital05/Device_9/calories_burned,wearable,calories_burned,static,4,health/hospital05/Device_9/calories_burned,1,50.0,4,,1.0,8,4,p_gated_uniform,5,5077,,,,0.0,,0.9411764705882352,0.0
