dataset,sensor,strategy,epsilon,w,P_min,P_max,delta_t,k_ext,epsilon_count,mae,normalized_mae,kl_divergence,release_rate,avg_n_tau,n_logical_timestamps
energy,power_kw_eps2.0,uniform,2.0,8,1,,1,0,0.0,25.24540234562208,0.5049080469124416,0.8821253415030252,0.9944977073780742,7.827900514103098,35985
energy,power_kw_eps2.0,uniform,2.0,8,1,4.0,1,0,0.0,49.315892207493214,0.9863178441498642,0.7269027584799401,0.9944977073780742,7.827900514103098,35985
energy,power_kw_eps2.0,uniform,2.0,8,1,8.0,1,0,0.0,25.64680689080991,0.5129361378161982,0.8886333652440578,0.9944977073780742,7.827900514103098,35985
energy,power_kw_eps2.0,uniform,2.0,8,1,16.0,1,0,0.0,25.24540234562208,0.5049080469124416,0.8821253415030252,0.9944977073780742,7.827900514103098,35985
energy,power_kw_eps2.0,uniform,2.0,8,2,,1,0,0.0,25.24540234562208,0.5049080469124416,0.8821253415030252,0.9944977073780742,7.827900514103098,35985
energy,power_kw_eps2.0,uniform,2.0,8,2,4.0,1,0,0.0,49.315892207493214,0.9863178441498642,0.7269027584799401,0.9944977073780742,7.827900514103098,35985
energy,power_kw_eps2.0,uniform,2.0,8,2,8.0,1,0,0.0,25.64680689080991,0.5129361378161982,0.8886333652440578,0.9944977073780742,7.827900514103098,35985
energy,power_kw_eps2.0,uniform,2.0,8,2,16.0,1,0,0.0,25.24540234562208,0.5049080469124416,0.8821253415030252,0.9944977073780742,7.827900514103098,35985
energy,power_kw_eps2.0,uniform,2.0,8,3,,1,0,0.0,25.24540234562208,0.5049080469124416,0.8821253415030252,0.9944977073780742,7.827900514103098,35985
energy,power_kw_eps2.0,uniform,2.0,8,3,4.0,1,0,0.0,49.315892207493214,0.9863178441498642,0.7269027584799401,0.9944977073780742,7.827900514103098,35985
energy,power_kw_eps2.0,uniform,2.0,8,3,8.0,1,0,0.0,25.64680689080991,0.5129361378161982,0.8886333652440578,0.9944977073780742,7.827900514103098,35985
energy,power_kw_eps2.0,uniform,2.0,8,3,16.0,1,0,0.0,25.24540234562208,0.5049080469124416,0.8821253415030252,0.9944977073780742,7.827900514103098,35985
energy,power_kw_eps2.0,uniform,2.0,8,4,,1,0,0.0,25.24540234562208,0.5049080469124416,0.8821253415030252,0.9944977073780742,7.827900514103098,35985
energy,power_kw_eps2.0,uniform,2.0,8,4,4.0,1,0,0.0,49.315892207493214,0.9863178441498642,0.7269027584799401,0.9944977073780742,7.827900514103098,35985
energy,power_kw_eps2.0,uniform,2.0,8,4,8.0,1,0,0.0,25.64680689080991,0.5129361378161982,0.8886333652440578,0.9944977073780742,7.827900514103098,35985
energy,power_kw_eps2.0,uniform,2.0,8,4,16.0,1,0,0.0,25.24540234562208,0.5049080469124416,0.8821253415030252,0.9944977073780742,7.827900514103098,35985
energy,power_kw_eps2.0,uniform,2.0,8,6,,1,0,0.0,25.24540234562208,0.5049080469124416,0.8821253415030252,0.9944977073780742,7.827900514103098,35985
energy,power_kw_eps2.0,uniform,2.0,8,6,8.0,1,0,0.0,25.64680689080991,0.5129361378161982,0.8886333652440578,0.9944977073780742,7.827900514103098,35985
energy,power_kw_eps2.0,uniform,2.0,8,6,16.0,1,0,0.0,25.24540234562208,0.5049080469124416,0.8821253415030252,0.9944977073780742,7.827900514103098,35985
energy,power_kw_eps2.0,uniform,2.0,8,1,,1,2,0.0,25.261255887329156,0.5052251177465831,0.8821253415030252,0.9982705235850372,7.857597143574437,35849
energy,power_kw_eps2.0,uniform,2.0,8,1,4.0,1,2,0.0,49.35979491854748,0.9871958983709496,0.7269027584799401,0.9982705235850372,7.857597143574437,35849
energy,power_kw_eps2.0,uniform,2.0,8,1,8.0,1,2,0.0,25.663770629090326,0.5132754125818065,0.8886333652440578,0.9982705235850372,7.857597143574437,35849
energy,power_kw_eps2.0,uniform,2.0,8,1,16.0,1,2,0.0,25.261255887329156,0.5052251177465831,0.8821253415030252,0.9982705235850372,7.857597143574437,35849
energy,power_kw_eps2.0,uniform,2.0,8,2,,1,2,0.0,25.261255887329156,0.5052251177465831,0.8821253415030252,0.9982705235850372,7.857597143574437,35849
energy,power_kw_eps2.0,uniform,2.0,8,2,4.0,1,2,0.0,49.35979491854748,0.9871958983709496,0.7269027584799401,0.9982705235850372,7.857597143574437,35849
energy,power_kw_eps2.0,uniform,2.0,8,2,8.0,1,2,0.0,25.663770629090326,0.5132754125818065,0.8886333652440578,0.9982705235850372,7.857597143574437,35849
energy,power_kw_eps2.0,uniform,2.0,8,2,16.0,1,2,0.0,25.261255887329156,0.5052251177465831,0.8821253415030252,0.9982705235850372,7.857597143574437,35849
energy,power_kw_eps2.0,uniform,2.0,8,3,,1,2,0.0,25.261255887329156,0.5052251177465831,0.8821253415030252,0.9982705235850372,7.857597143574437,35849
energy,power_kw_eps2.0,uniform,2.0,8,3,4.0,1,2,0.0,49.35979491854748,0.9871958983709496,0.7269027584799401,0.9982705235850372,7.857597143574437,35849
energy,power_kw_eps2.0,uniform,2.0,8,3,8.0,1,2,0.0,25.663770629090326,0.5132754125818065,0.8886333652440578,0.9982705235850372,7.857597143574437,35849
energy,power_kw_eps2.0,uniform,2.0,8,3,16.0,1,2,0.0,25.261255887329156,0.5052251177465831,0.8821253415030252,0.9982705235850372,7.857597143574437,35849
energy,power_kw_eps2.0,uniform,2.0,8,4,,1,2,0.0,25.261255887329156,0.5052251177465831,0.8821253415030252,0.9982705235850372,7.857597143574437,35849
energy,power_kw_eps2.0,uniform,2.0,8,4,4.0,1,2,0.0,49.35979491854748,0.9871958983709496,0.7269027584799401,0.9982705235850372,7.857597143574437,35849
energy,power_kw_eps2.0,uniform,2.0,8,4,8.0,1,2,0.0,25.663770629090326,0.5132754125818065,0.8886333652440578,0.9982705235850372,7.857597143574437,35849
energy,power_kw_eps2.0,uniform,2.0,8,4,16.0,1,2,0.0,25.261255887329156,0.5052251177465831,0.8821253415030252,0.9982705235850372,7.857597143574437,35849
energy,power_kw_eps2.0,uniform,2.0,8,6,,1,2,0.0,25.261255887329156,0.5052251177465831,0.8821253415030252,0.9982705235850372,7.857597143574437,35849
energy,power_kw_eps2.0,uniform,2.0,8,6,8.0,1,2,0.0,25.663770629090326,0.5132754125818065,0.8886333652440578,0.9982705235850372,7.857597143574437,35849
energy,power_kw_eps2.0,uniform,2.0,8,6,16.0,1,2,0.0,25.261255887329156,0.5052251177465831,0.8821253415030252,0.9982705235850372,7.857597143574437,35849
energy,power_kw_eps2.0,uniform,2.0,8,1,,1,4,0.0,25.26370472733241,0.5052740945466482,0.8821253415030252,0.9989950590402814,7.86330011445161,35823
energy,power_kw_eps2.0,uniform,2.0,8,1,4.0,1,4,0.0,49.36743803730098,0.9873487607460195,0.7269027584799401,0.9989950590402814,7.86330011445161,35823
energy,power_kw_eps2.0,uniform,2.0,8,1,8.0,1,4,0.0,25.666511610546994,0.5133302322109399,0.8886333652440578,0.9989950590402814,7.86330011445161,35823
energy,power_kw_eps2.0,uniform,2.0,8,1,16.0,1,4,0.0,25.26370472733241,0.5052740945466482,0.8821253415030252,0.9989950590402814,7.86330011445161,35823
energy,power_kw_eps2.0,uniform,2.0,8,2,,1,4,0.0,25.26370472733241,0.5052740945466482,0.8821253415030252,0.9989950590402814,7.86330011445161,35823
energy,power_kw_eps2.0,uniform,2.0,8,2,4.0,1,4,0.0,49.36743803730098,0.9873487607460195,0.7269027584799401,0.9989950590402814,7.86330011445161,35823
energy,power_kw_eps2.0,uniform,2.0,8,2,8.0,1,4,0.0,25.666511610546994,0.5133302322109399,0.8886333652440578,0.9989950590402814,7.86330011445161,35823
energy,power_kw_eps2.0,uniform,2.0,8,2,16.0,1,4,0.0,25.26370472733241,0.5052740945466482,0.8821253415030252,0.9989950590402814,7.86330011445161,35823
energy,power_kw_eps2.0,uniform,2.0,8,3,,1,4,0.0,25.26370472733241,0.5052740945466482,0.8821253415030252,0.9989950590402814,7.86330011445161,35823
energy,power_kw_eps2.0,uniform,2.0,8,3,4.0,1,4,0.0,49.36743803730098,0.9873487607460195,0.7269027584799401,0.9989950590402814,7.86330011445161,35823
energy,power_kw_eps2.0,uniform,2.0,8,3,8.0,1,4,0.0,25.666511610546994,0.5133302322109399,0.8886333652440578,0.9989950590402814,7.86330011445161,35823
energy,power_kw_eps2.0,uniform,2.0,8,3,16.0,1,4,0.0,25.26370472733241,0.5052740945466482,0.8821253415030252,0.9989950590402814,7.86330011445161,35823
energy,power_kw_eps2.0,uniform,2.0,8,4,,1,4,0.0,25.26370472733241,0.5052740945466482,0.8821253415030252,0.9989950590402814,7.86330011445161,35823
energy,power_kw_eps2.0,uniform,2.0,8,4,4.0,1,4,0.0,49.36743803730098,0.9873487607460195,0.7269027584799401,0.9989950590402814,7.86330011445161,35823
energy,power_kw_eps2.0,uniform,2.0,8,4,8.0,1,4,0.0,25.666511610546994,0.5133302322109399,0.8886333652440578,0.9989950590402814,7.86330011445161,35823
energy,power_kw_eps2.0,uniform,2.0,8,4,16.0,1,4,0.0,25.26370472733241,0.5052740945466482,0.8821253415030252,0.9989950590402814,7.86330011445161,35823
energy,power_kw_eps2.0,uniform,2.0,8,6,,1,4,0.0,25.26370472733241,0.5052740945466482,0.8821253415030252,0.9989950590402814,7.86330011445161,35823
energy,power_kw_eps2.0,uniform,2.0,8,6,8.0,1,4,0.0,25.666511610546994,0.5133302322109399,0.8886333652440578,0.9989950590402814,7.86330011445161,35823
energy,power_kw_eps2.0,uniform,2.0,8,6,16.0,1,4,0.0,25.26370472733241,0.5052740945466482,0.8821253415030252,0.9989950590402814,7.86330011445161,35823
energy,power_kw_eps2.0,uniform,2.0,8,1,,2,0,0.0,25.0937304503013,0.501874609006026,0.7345370254257704,0.9947757461234925,7.911187684099372,17993
energy,power_kw_eps2.0,uniform,2.0,8,1,4.0,2,0,0.0,49.452905134840314,0.9890581026968063,0.7292437009141017,0.9947757461234925,7.911187684099372,17993
energy,power_kw_eps2.0,uniform,2.0,8,1,8.0,2,0,0.0,25.562965966979863,0.5112593193395972,0.750270380354529,0.9947757461234925,7.911187684099372,17993
energy,power_kw_eps2.0,uniform,2.0,8,1,16.0,2,0,0.0,25.0937304503013,0.501874609006026,0.7345370254257704,0.9947757461234925,7.911187684099372,17993
energy,power_kw_eps2.0,uniform,2.0,8,2,,2,0,0.0,25.0937304503013,0.501874609006026,0.7345370254257704,0.9947757461234925,7.911187684099372,17993
energy,power_kw_eps2.0,uniform,2.0,8,2,4.0,2,0,0.0,49.452905134840314,0.9890581026968063,0.7292437009141017,0.9947757461234925,7.911187684099372,17993
energy,power_kw_eps2.0,uniform,2.0,8,2,8.0,2,0,0.0,25.562965966979863,0.5112593193395972,0.750270380354529,0.9947757461234925,7.911187684099372,17993
energy,power_kw_eps2.0,uniform,2.0,8,2,16.0,2,0,0.0,25.0937304503013,0.501874609006026,0.7345370254257704,0.9947757461234925,7.911187684099372,17993
energy,power_kw_eps2.0,uniform,2.0,8,3,,2,0,0.0,25.0937304503013,0.501874609006026,0.7345370254257704,0.9947757461234925,7.911187684099372,17993
energy,power_kw_eps2.0,uniform,2.0,8,3,4.0,2,0,0.0,49.452905134840314,0.9890581026968063,0.7292437009141017,0.9947757461234925,7.911187684099372,17993
energy,power_kw_eps2.0,uniform,2.0,8,3,8.0,2,0,0.0,25.562965966979863,0.5112593193395972,0.750270380354529,0.9947757461234925,7.911187684099372,17993
energy,power_kw_eps2.0,uniform,2.0,8,3,16.0,2,0,0.0,25.0937304503013,0.501874609006026,0.7345370254257704,0.9947757461234925,7.911187684099372,17993
energy,power_kw_eps2.0,uniform,2.0,8,4,,2,0,0.0,25.0937304503013,0.501874609006026,0.7345370254257704,0.9947757461234925,7.911187684099372,17993
energy,power_kw_eps2.0,uniform,2.0,8,4,4.0,2,0,0.0,49.452905134840314,0.9890581026968063,0.7292437009141017,0.9947757461234925,7.911187684099372,17993
energy,power_kw_eps2.0,uniform,2.0,8,4,8.0,2,0,0.0,25.562965966979863,0.5112593193395972,0.750270380354529,0.9947757461234925,7.911187684099372,17993
energy,power_kw_eps2.0,uniform,2.0,8,4,16.0,2,0,0.0,25.0937304503013,0.501874609006026,0.7345370254257704,0.9947757461234925,7.911187684099372,17993
energy,power_kw_eps2.0,uniform,2.0,8,6,,2,0,0.0,25.0937304503013,0.501874609006026,0.7345370254257704,0.9947757461234925,7.911187684099372,17993
energy,power_kw_eps2.0,uniform,2.0,8,6,8.0,2,0,0.0,25.562965966979863,0.5112593193395972,0.750270380354529,0.9947757461234925,7.911187684099372,17993
energy,power_kw_eps2.0,uniform,2.0,8,6,16.0,2,0,0.0,25.0937304503013,0.501874609006026,0.7345370254257704,0.9947757461234925,7.911187684099372,17993
energy,power_kw_eps2.0,uniform,2.0,8,1,,2,2,0.0,25.08100794496365,0.5016201588992729,0.7345370254257704,0.998493807876827,7.940756443155194,17926
energy,power_kw_eps2.0,uniform,2.0,8,1,4.0,2,2,0.0,49.43467307353559,0.9886934614707118,0.7292437009141017,0.998493807876827,7.940756443155194,17926
energy,power_kw_eps2.0,uniform,2.0,8,1,8.0,2,2,0.0,25.55152224090427,0.5110304448180853,0.750270380354529,0.998493807876827,7.940756443155194,17926
energy,power_kw_eps2.0,uniform,2.0,8,1,16.0,2,2,0.0,25.08100794496365,0.5016201588992729,0.7345370254257704,0.998493807876827,7.940756443155194,17926
energy,power_kw_eps2.0,uniform,2.0,8,2,,2,2,0.0,25.08100794496365,0.5016201588992729,0.7345370254257704,0.998493807876827,7.940756443155194,17926
energy,power_kw_eps2.0,uniform,2.0,8,2,4.0,2,2,0.0,49.43467307353559,0.9886934614707118,0.7292437009141017,0.998493807876827,7.940756443155194,17926
energy,power_kw_eps2.0,uniform,2.0,8,2,8.0,2,2,0.0,25.55152224090427,0.5110304448180853,0.750270380354529,0.998493807876827,7.940756443155194,17926
energy,power_kw_eps2.0,uniform,2.0,8,2,16.0,2,2,0.0,25.08100794496365,0.5016201588992729,0.7345370254257704,0.998493807876827,7.940756443155194,17926
energy,power_kw_eps2.0,uniform,2.0,8,3,,2,2,0.0,25.08100794496365,0.5016201588992729,0.7345370254257704,0.998493807876827,7.940756443155194,17926
energy,power_kw_eps2.0,uniform,2.0,8,3,4.0,2,2,0.0,49.43467307353559,0.9886934614707118,0.7292437009141017,0.998493807876827,7.940756443155194,17926
energy,power_kw_eps2.0,uniform,2.0,8,3,8.0,2,2,0.0,25.55152224090427,0.5110304448180853,0.750270380354529,0.998493807876827,7.940756443155194,17926
energy,power_kw_eps2.0,uniform,2.0,8,3,16.0,2,2,0.0,25.08100794496365,0.5016201588992729,0.7345370254257704,0.998493807876827,7.940756443155194,17926
energy,power_kw_eps2.0,uniform,2.0,8,4,,2,2,0.0,25.08100794496365,0.5016201588992729,0.7345370254257704,0.998493807876827,7.940756443155194,17926
energy,power_kw_eps2.0,uniform,2.0,8,4,4.0,2,2,0.0,49.43467307353559,0.9886934614707118,0.7292437009141017,0.998493807876827,7.940756443155194,17926
energy,power_kw_eps2.0,uniform,2.0,8,4,8.0,2,2,0.0,25.55152224090427,0.5110304448180853,0.750270380354529,0.998493807876827,7.940756443155194,17926
energy,power_kw_eps2.0,uniform,2.0,8,4,16.0,2,2,0.0,25.08100794496365,0.5016201588992729,0.7345370254257704,0.998493807876827,7.940756443155194,17926
energy,power_kw_eps2.0,uniform,2.0,8,6,,2,2,0.0,25.08100794496365,0.5016201588992729,0.7345370254257704,0.998493807876827,7.940756443155194,17926
energy,power_kw_eps2.0,uniform,2.0,8,6,8.0,2,2,0.0,25.55152224090427,0.5110304448180853,0.750270380354529,0.998493807876827,7.940756443155194,17926
energy,power_kw_eps2.0,uniform,2.0,8,6,16.0,2,2,0.0,25.08100794496365,0.5016201588992729,0.7345370254257704,0.998493807876827,7.940756443155194,17926
energy,power_kw_eps2.0,uniform,2.0,8,1,,2,4,0.0,25.076286457792115,0.5015257291558423,0.7345370254257704,0.999106893664527,7.945632151828077,17915
energy,power_kw_eps2.0,uniform,2.0,8,1,4.0,2,4,0.0,49.4271851515906,0.9885437030318119,0.7292437009141017,0.999106893664527,7.945632151828077,17915
energy,power_kw_eps2.0,uniform,2.0,8,1,8.0,2,4,0.0,25.547089654500546,0.5109417930900109,0.750270380354529,0.999106893664527,7.945632151828077,17915
energy,power_kw_eps2.0,uniform,2.0,8,1,16.0,2,4,0.0,25.076286457792115,0.5015257291558423,0.7345370254257704,0.999106893664527,7.945632151828077,17915
energy,power_kw_eps2.0,uniform,2.0,8,2,,2,4,0.0,25.076286457792115,0.5015257291558423,0.7345370254257704,0.999106893664527,7.945632151828077,17915
energy,power_kw_eps2.0,uniform,2.0,8,2,4.0,2,4,0.0,49.4271851515906,0.9885437030318119,0.7292437009141017,0.999106893664527,7.945632151828077,17915
energy,power_kw_eps2.0,uniform,2.0,8,2,8.0,2,4,0.0,25.547089654500546,0.5109417930900109,0.750270380354529,0.999106893664527,7.945632151828077,17915
energy,power_kw_eps2.0,uniform,2.0,8,2,16.0,2,4,0.0,25.076286457792115,0.5015257291558423,0.7345370254257704,0.999106893664527,7.945632151828077,17915
energy,power_kw_eps2.0,uniform,2.0,8,3,,2,4,0.0,25.076286457792115,0.5015257291558423,0.7345370254257704,0.999106893664527,7.945632151828077,17915
energy,power_kw_eps2.0,uniform,2.0,8,3,4.0,2,4,0.0,49.4271851515906,0.9885437030318119,0.7292437009141017,0.999106893664527,7.945632151828077,17915
energy,power_kw_eps2.0,uniform,2.0,8,3,8.0,2,4,0.0,25.547089654500546,0.5109417930900109,0.750270380354529,0.999106893664527,7.945632151828077,17915
energy,power_kw_eps2.0,uniform,2.0,8,3,16.0,2,4,0.0,25.076286457792115,0.5015257291558423,0.7345370254257704,0.999106893664527,7.945632151828077,17915
energy,power_kw_eps2.0,uniform,2.0,8,4,,2,4,0.0,25.076286457792115,0.5015257291558423,0.7345370254257704,0.999106893664527,7.945632151828077,17915
energy,power_kw_eps2.0,uniform,2.0,8,4,4.0,2,4,0.0,49.4271851515906,0.9885437030318119,0.7292437009141017,0.999106893664527,7.945632151828077,17915
energy,power_kw_eps2.0,uniform,2.0,8,4,8.0,2,4,0.0,25.547089654500546,0.5109417930900109,0.750270380354529,0.999106893664527,7.945632151828077,17915
energy,power_kw_eps2.0,uniform,2.0,8,4,16.0,2,4,0.0,25.076286457792115,0.5015257291558423,0.7345370254257704,0.999106893664527,7.945632151828077,17915
energy,power_kw_eps2.0,uniform,2.0,8,6,,2,4,0.0,25.076286457792115,0.5015257291558423,0.7345370254257704,0.999106893664527,7.945632151828077,17915
energy,power_kw_eps2.0,uniform,2.0,8,6,8.0,2,4,0.0,25.547089654500546,0.5109417930900109,0.750270380354529,0.999106893664527,7.945632151828077,17915
energy,power_kw_eps2.0,uniform,2.0,8,6,16.0,2,4,0.0,25.076286457792115,0.5015257291558423,0.7345370254257704,0.999106893664527,7.945632151828077,17915
energy,power_kw_eps2.0,uniform,2.0,8,1,,4,0,0.0,24.684095851068992,0.49368191702137987,0.8223932300122143,0.9952206290985884,8.02867622540847,8997
energy,power_kw_eps2.0,uniform,2.0,8,1,4.0,4,0,0.0,49.35774178087776,0.9871548356175552,0.8321431675611266,0.9952206290985884,8.02867622540847,8997
energy,power_kw_eps2.0,uniform,2.0,8,1,8.0,4,0,0.0,25.312629802873484,0.5062525960574696,0.8424380814310864,0.9952206290985884,8.02867622540847,8997
energy,power_kw_eps2.0,uniform,2.0,8,1,16.0,4,0,0.0,24.684095851068992,0.49368191702137987,0.8223932300122143,0.9952206290985884,8.02867622540847,8997
energy,power_kw_eps2.0,uniform,2.0,8,2,,4,0,0.0,24.684095851068992,0.49368191702137987,0.8223932300122143,0.9952206290985884,8.02867622540847,8997
energy,power_kw_eps2.0,uniform,2.0,8,2,4.0,4,0,0.0,49.35774178087776,0.9871548356175552,0.8321431675611266,0.9952206290985884,8.02867622540847,8997
energy,power_kw_eps2.0,uniform,2.0,8,2,8.0,4,0,0.0,25.312629802873484,0.5062525960574696,0.8424380814310864,0.9952206290985884,8.02867622540847,8997
energy,power_kw_eps2.0,uniform,2.0,8,2,16.0,4,0,0.0,24.684095851068992,0.49368191702137987,0.8223932300122143,0.9952206290985884,8.02867622540847,8997
energy,power_kw_eps2.0,uniform,2.0,8,3,,4,0,0.0,24.684095851068992,0.49368191702137987,0.8223932300122143,0.9952206290985884,8.02867622540847,8997
energy,power_kw_eps2.0,uniform,2.0,8,3,4.0,4,0,0.0,49.35774178087776,0.9871548356175552,0.8321431675611266,0.9952206290985884,8.02867622540847,8997
energy,power_kw_eps2.0,uniform,2.0,8,3,8.0,4,0,0.0,25.312629802873484,0.5062525960574696,0.8424380814310864,0.9952206290985884,8.02867622540847,8997
energy,power_kw_eps2.0,uniform,2.0,8,3,16.0,4,0,0.0,24.684095851068992,0.49368191702137987,0.8223932300122143,0.9952206290985884,8.02867622540847,8997
energy,power_kw_eps2.0,uniform,2.0,8,4,,4,0,0.0,24.684095851068992,0.49368191702137987,0.8223932300122143,0.9952206290985884,8.02867622540847,8997
energy,power_kw_eps2.0,uniform,2.0,8,4,4.0,4,0,0.0,49.35774178087776,0.9871548356175552,0.8321431675611266,0.9952206290985884,8.02867622540847,8997
energy,power_kw_eps2.0,uniform,2.0,8,4,8.0,4,0,0.0,25.312629802873484,0.5062525960574696,0.8424380814310864,0.9952206290985884,8.02867622540847,8997
energy,power_kw_eps2.0,uniform,2.0,8,4,16.0,4,0,0.0,24.684095851068992,0.49368191702137987,0.8223932300122143,0.9952206290985884,8.02867622540847,8997
energy,power_kw_eps2.0,uniform,2.0,8,6,,4,0,0.0,24.684095851068992,0.49368191702137987,0.8223932300122143,0.9952206290985884,8.02867622540847,8997
energy,power_kw_eps2.0,uniform,2.0,8,6,8.0,4,0,0.0,25.312629802873484,0.5062525960574696,0.8424380814310864,0.9952206290985884,8.02867622540847,8997
energy,power_kw_eps2.0,uniform,2.0,8,6,16.0,4,0,0.0,24.684095851068992,0.49368191702137987,0.8223932300122143,0.9952206290985884,8.02867622540847,8997
energy,power_kw_eps2.0,uniform,2.0,8,1,,4,2,0.0,24.668349496505183,0.49336698993010364,0.8223932300122143,0.9987730061349693,8.05733407696598,8965
energy,power_kw_eps2.0,uniform,2.0,8,1,4.0,4,2,0.0,49.33247554366159,0.9866495108732317,0.8321431675611266,0.9987730061349693,8.05733407696598,8965
energy,power_kw_eps2.0,uniform,2.0,8,1,8.0,4,2,0.0,25.29713907480943,0.5059427814961885,0.8424380814310864,0.9987730061349693,8.05733407696598,8965
energy,power_kw_eps2.0,uniform,2.0,8,1,16.0,4,2,0.0,24.668349496505183,0.49336698993010364,0.8223932300122143,0.9987730061349693,8.05733407696598,8965
energy,power_kw_eps2.0,uniform,2.0,8,2,,4,2,0.0,24.668349496505183,0.49336698993010364,0.8223932300122143,0.9987730061349693,8.05733407696598,8965
energy,power_kw_eps2.0,uniform,2.0,8,2,4.0,4,2,0.0,49.33247554366159,0.9866495108732317,0.8321431675611266,0.9987730061349693,8.05733407696598,8965
energy,power_kw_eps2.0,uniform,2.0,8,2,8.0,4,2,0.0,25.29713907480943,0.5059427814961885,0.8424380814310864,0.9987730061349693,8.05733407696598,8965
energy,power_kw_eps2.0,uniform,2.0,8,2,16.0,4,2,0.0,24.668349496505183,0.49336698993010364,0.8223932300122143,0.9987730061349693,8.05733407696598,8965
energy,power_kw_eps2.0,uniform,2.0,8,3,,4,2,0.0,24.668349496505183,0.49336698993010364,0.8223932300122143,0.9987730061349693,8.05733407696598,8965
energy,power_kw_eps2.0,uniform,2.0,8,3,4.0,4,2,0.0,49.33247554366159,0.9866495108732317,0.8321431675611266,0.9987730061349693,8.05733407696598,8965
energy,power_kw_eps2.0,uniform,2.0,8,3,8.0,4,2,0.0,25.29713907480943,0.5059427814961885,0.8424380814310864,0.9987730061349693,8.05733407696598,8965
energy,power_kw_eps2.0,uniform,2.0,8,3,16.0,4,2,0.0,24.668349496505183,0.49336698993010364,0.8223932300122143,0.9987730061349693,8.05733407696598,8965
energy,power_kw_eps2.0,uniform,2.0,8,4,,4,2,0.0,24.668349496505183,0.49336698993010364,0.8223932300122143,0.9987730061349693,8.05733407696598,8965
energy,power_kw_eps2.0,uniform,2.0,8,4,4.0,4,2,0.0,49.33247554366159,0.9866495108732317,0.8321431675611266,0.9987730061349693,8.05733407696598,8965
energy,power_kw_eps2.0,uniform,2.0,8,4,8.0,4,2,0.0,25.29713907480943,0.5059427814961885,0.8424380814310864,0.9987730061349693,8.05733407696598,8965
energy,power_kw_eps2.0,uniform,2.0,8,4,16.0,4,2,0.0,24.668349496505183,0.49336698993010364,0.8223932300122143,0.9987730061349693,8.05733407696598,8965
energy,power_kw_eps2.0,uniform,2.0,8,6,,4,2,0.0,24.668349496505183,0.49336698993010364,0.8223932300122143,0.9987730061349693,8.05733407696598,8965
energy,power_kw_eps2.0,uniform,2.0,8,6,8.0,4,2,0.0,25.29713907480943,0.5059427814961885,0.8424380814310864,0.9987730061349693,8.05733407696598,8965
energy,power_kw_eps2.0,uniform,2.0,8,6,16.0,4,2,0.0,24.668349496505183,0.49336698993010364,0.8223932300122143,0.9987730061349693,8.05733407696598,8965
energy,power_kw_eps2.0,uniform,2.0,8,1,,4,4,0.0,24.66438427557508,0.4932876855115016,0.8223932300122143,0.9993303571428571,8.061830357142858,8960
energy,power_kw_eps2.0,uniform,2.0,8,1,4.0,4,4,0.0,49.32538064371765,0.9865076128743531,0.8321431675611266,0.9993303571428571,8.061830357142858,8960
energy,power_kw_eps2.0,uniform,2.0,8,1,8.0,4,4,0.0,25.293524740920788,0.5058704948184157,0.8424380814310864,0.9993303571428571,8.061830357142858,8960
energy,power_kw_eps2.0,uniform,2.0,8,1,16.0,4,4,0.0,24.66438427557508,0.4932876855115016,0.8223932300122143,0.9993303571428571,8.061830357142858,8960
energy,power_kw_eps2.0,uniform,2.0,8,2,,4,4,0.0,24.66438427557508,0.4932876855115016,0.8223932300122143,0.9993303571428571,8.061830357142858,8960
energy,power_kw_eps2.0,uniform,2.0,8,2,4.0,4,4,0.0,49.32538064371765,0.9865076128743531,0.8321431675611266,0.9993303571428571,8.061830357142858,8960
energy,power_kw_eps2.0,uniform,2.0,8,2,8.0,4,4,0.0,25.293524740920788,0.5058704948184157,0.8424380814310864,0.9993303571428571,8.061830357142858,8960
energy,power_kw_eps2.0,uniform,2.0,8,2,16.0,4,4,0.0,24.66438427557508,0.4932876855115016,0.8223932300122143,0.9993303571428571,8.061830357142858,8960
energy,power_kw_eps2.0,uniform,2.0,8,3,,4,4,0.0,24.66438427557508,0.4932876855115016,0.8223932300122143,0.9993303571428571,8.061830357142858,8960
energy,power_kw_eps2.0,uniform,2.0,8,3,4.0,4,4,0.0,49.32538064371765,0.9865076128743531,0.8321431675611266,0.9993303571428571,8.061830357142858,8960
energy,power_kw_eps2.0,uniform,2.0,8,3,8.0,4,4,0.0,25.293524740920788,0.5058704948184157,0.8424380814310864,0.9993303571428571,8.061830357142858,8960
energy,power_kw_eps2.0,uniform,2.0,8,3,16.0,4,4,0.0,24.66438427557508,0.4932876855115016,0.8223932300122143,0.9993303571428571,8.061830357142858,8960
energy,power_kw_eps2.0,uniform,2.0,8,4,,4,4,0.0,24.66438427557508,0.4932876855115016,0.8223932300122143,0.9993303571428571,8.061830357142858,8960
energy,power_kw_eps2.0,uniform,2.0,8,4,4.0,4,4,0.0,49.32538064371765,0.9865076128743531,0.8321431675611266,0.9993303571428571,8.061830357142858,8960
energy,power_kw_eps2.0,uniform,2.0,8,4,8.0,4,4,0.0,25.293524740920788,0.5058704948184157,0.8424380814310864,0.9993303571428571,8.061830357142858,8960
energy,power_kw_eps2.0,uniform,2.0,8,4,16.0,4,4,0.0,24.66438427557508,0.4932876855115016,0.8223932300122143,0.9993303571428571,8.061830357142858,8960
energy,power_kw_eps2.0,uniform,2.0,8,6,,4,4,0.0,24.66438427557508,0.4932876855115016,0.8223932300122143,0.9993303571428571,8.061830357142858,8960
energy,power_kw_eps2.0,uniform,2.0,8,6,8.0,4,4,0.0,25.293524740920788,0.5058704948184157,0.8424380814310864,0.9993303571428571,8.061830357142858,8960
energy,power_kw_eps2.0,uniform,2.0,8,6,16.0,4,4,0.0,24.66438427557508,0.4932876855115016,0.8223932300122143,0.9993303571428571,8.061830357142858,8960
energy,power_kw_eps2.0,sample,2.0,8,1,,1,0,0.0,3.1444312245914645,0.06288862449182929,0.5921888664790208,0.1243851604835348,7.827900514103098,35985
energy,power_kw_eps2.0,sample,2.0,8,1,4.0,1,0,0.0,6.141367513376642,0.12282735026753284,0.6736530425923318,0.1243851604835348,7.827900514103098,35985
energy,power_kw_eps2.0,sample,2.0,8,1,8.0,1,0,0.0,3.1944464602898233,0.06388892920579646,0.6047731617590896,0.1243851604835348,7.827900514103098,35985
energy,power_kw_eps2.0,sample,2.0,8,1,16.0,1,0,0.0,3.1444312245914645,0.06288862449182929,0.5921888664790208,0.1243851604835348,7.827900514103098,35985
energy,power_kw_eps2.0,sample,2.0,8,2,,1,0,0.0,3.1444312245914645,0.06288862449182929,0.5921888664790208,0.1243851604835348,7.827900514103098,35985
energy,power_kw_eps2.0,sample,2.0,8,2,4.0,1,0,0.0,6.141367513376642,0.12282735026753284,0.6736530425923318,0.1243851604835348,7.827900514103098,35985
energy,power_kw_eps2.0,sample,2.0,8,2,8.0,1,0,0.0,3.1944464602898233,0.06388892920579646,0.6047731617590896,0.1243851604835348,7.827900514103098,35985
energy,power_kw_eps2.0,sample,2.0,8,2,16.0,1,0,0.0,3.1444312245914645,0.06288862449182929,0.5921888664790208,0.1243851604835348,7.827900514103098,35985
energy,power_kw_eps2.0,sample,2.0,8,3,,1,0,0.0,3.1444312245914645,0.06288862449182929,0.5921888664790208,0.1243851604835348,7.827900514103098,35985
energy,power_kw_eps2.0,sample,2.0,8,3,4.0,1,0,0.0,6.141367513376642,0.12282735026753284,0.6736530425923318,0.1243851604835348,7.827900514103098,35985
energy,power_kw_eps2.0,sample,2.0,8,3,8.0,1,0,0.0,3.1944464602898233,0.06388892920579646,0.6047731617590896,0.1243851604835348,7.827900514103098,35985
energy,power_kw_eps2.0,sample,2.0,8,3,16.0,1,0,0.0,3.1444312245914645,0.06288862449182929,0.5921888664790208,0.1243851604835348,7.827900514103098,35985
energy,power_kw_eps2.0,sample,2.0,8,4,,1,0,0.0,3.1444312245914645,0.06288862449182929,0.5921888664790208,0.1243851604835348,7.827900514103098,35985
energy,power_kw_eps2.0,sample,2.0,8,4,4.0,1,0,0.0,6.141367513376642,0.12282735026753284,0.6736530425923318,0.1243851604835348,7.827900514103098,35985
energy,power_kw_eps2.0,sample,2.0,8,4,8.0,1,0,0.0,3.1944464602898233,0.06388892920579646,0.6047731617590896,0.1243851604835348,7.827900514103098,35985
energy,power_kw_eps2.0,sample,2.0,8,4,16.0,1,0,0.0,3.1444312245914645,0.06288862449182929,0.5921888664790208,0.1243851604835348,7.827900514103098,35985
energy,power_kw_eps2.0,sample,2.0,8,6,,1,0,0.0,3.1444312245914645,0.06288862449182929,0.5921888664790208,0.1243851604835348,7.827900514103098,35985
energy,power_kw_eps2.0,sample,2.0,8,6,8.0,1,0,0.0,3.1944464602898233,0.06388892920579646,0.6047731617590896,0.1243851604835348,7.827900514103098,35985
energy,power_kw_eps2.0,sample,2.0,8,6,16.0,1,0,0.0,3.1444312245914645,0.06288862449182929,0.5921888664790208,0.1243851604835348,7.827900514103098,35985
energy,power_kw_eps2.0,sample,2.0,8,1,,1,2,0.0,3.145705728788773,0.06291411457577546,0.6630564275057081,0.12480124968618371,7.857597143574437,35849
energy,power_kw_eps2.0,sample,2.0,8,1,4.0,1,2,0.0,6.145376230111157,0.12290752460222315,0.6718768257718905,0.12480124968618371,7.857597143574437,35849
energy,power_kw_eps2.0,sample,2.0,8,1,8.0,1,2,0.0,3.1978114609393997,0.06395622921878799,0.6752834223781244,0.12480124968618371,7.857597143574437,35849
energy,power_kw_eps2.0,sample,2.0,8,1,16.0,1,2,0.0,3.145705728788773,0.06291411457577546,0.6630564275057081,0.12480124968618371,7.857597143574437,35849
energy,power_kw_eps2.0,sample,2.0,8,2,,1,2,0.0,3.145705728788773,0.06291411457577546,0.6630564275057081,0.12480124968618371,7.857597143574437,35849
energy,power_kw_eps2.0,sample,2.0,8,2,4.0,1,2,0.0,6.145376230111157,0.12290752460222315,0.6718768257718905,0.12480124968618371,7.857597143574437,35849
energy,power_kw_eps2.0,sample,2.0,8,2,8.0,1,2,0.0,3.1978114609393997,0.06395622921878799,0.6752834223781244,0.12480124968618371,7.857597143574437,35849
energy,power_kw_eps2.0,sample,2.0,8,2,16.0,1,2,0.0,3.145705728788773,0.06291411457577546,0.6630564275057081,0.12480124968618371,7.857597143574437,35849
energy,power_kw_eps2.0,sample,2.0,8,3,,1,2,0.0,3.145705728788773,0.06291411457577546,0.6630564275057081,0.12480124968618371,7.857597143574437,35849
energy,power_kw_eps2.0,sample,2.0,8,3,4.0,1,2,0.0,6.145376230111157,0.12290752460222315,0.6718768257718905,0.12480124968618371,7.857597143574437,35849
energy,power_kw_eps2.0,sample,2.0,8,3,8.0,1,2,0.0,3.1978114609393997,0.06395622921878799,0.6752834223781244,0.12480124968618371,7.857597143574437,35849
energy,power_kw_eps2.0,sample,2.0,8,3,16.0,1,2,0.0,3.145705728788773,0.06291411457577546,0.6630564275057081,0.12480124968618371,7.857597143574437,35849
energy,power_kw_eps2.0,sample,2.0,8,4,,1,2,0.0,3.145705728788773,0.06291411457577546,0.6630564275057081,0.12480124968618371,7.857597143574437,35849
energy,power_kw_eps2.0,sample,2.0,8,4,4.0,1,2,0.0,6.145376230111157,0.12290752460222315,0.6718768257718905,0.12480124968618371,7.857597143574437,35849
energy,power_kw_eps2.0,sample,2.0,8,4,8.0,1,2,0.0,3.1978114609393997,0.06395622921878799,0.6752834223781244,0.12480124968618371,7.857597143574437,35849
energy,power_kw_eps2.0,sample,2.0,8,4,16.0,1,2,0.0,3.145705728788773,0.06291411457577546,0.6630564275057081,0.12480124968618371,7.857597143574437,35849
energy,power_kw_eps2.0,sample,2.0,8,6,,1,2,0.0,3.145705728788773,0.06291411457577546,0.6630564275057081,0.12480124968618371,7.857597143574437,35849
energy,power_kw_eps2.0,sample,2.0,8,6,8.0,1,2,0.0,3.1978114609393997,0.06395622921878799,0.6752834223781244,0.12480124968618371,7.857597143574437,35849
energy,power_kw_eps2.0,sample,2.0,8,6,16.0,1,2,0.0,3.145705728788773,0.06291411457577546,0.6630564275057081,0.12480124968618371,7.857597143574437,35849
energy,power_kw_eps2.0,sample,2.0,8,1,,1,4,0.0,3.1403646459997216,0.06280729291999443,0.7245159500382178,0.12491974429835581,7.86330011445161,35823
energy,power_kw_eps2.0,sample,2.0,8,1,4.0,1,4,0.0,6.135638486980118,0.12271276973960235,0.6795831018185733,0.12491974429835581,7.86330011445161,35823
energy,power_kw_eps2.0,sample,2.0,8,1,8.0,1,4,0.0,3.191097632682681,0.06382195265365362,0.7318730481837882,0.12491974429835581,7.86330011445161,35823
energy,power_kw_eps2.0,sample,2.0,8,1,16.0,1,4,0.0,3.1403646459997216,0.06280729291999443,0.7245159500382178,0.12491974429835581,7.86330011445161,35823
energy,power_kw_eps2.0,sample,2.0,8,2,,1,4,0.0,3.1403646459997216,0.06280729291999443,0.7245159500382178,0.12491974429835581,7.86330011445161,35823
energy,power_kw_eps2.0,sample,2.0,8,2,4.0,1,4,0.0,6.135638486980118,0.12271276973960235,0.6795831018185733,0.12491974429835581,7.86330011445161,35823
energy,power_kw_eps2.0,sample,2.0,8,2,8.0,1,4,0.0,3.191097632682681,0.06382195265365362,0.7318730481837882,0.12491974429835581,7.86330011445161,35823
energy,power_kw_eps2.0,sample,2.0,8,2,16.0,1,4,0.0,3.1403646459997216,0.06280729291999443,0.7245159500382178,0.12491974429835581,7.86330011445161,35823
energy,power_kw_eps2.0,sample,2.0,8,3,,1,4,0.0,3.1403646459997216,0.06280729291999443,0.7245159500382178,0.12491974429835581,7.86330011445161,35823
energy,power_kw_eps2.0,sample,2.0,8,3,4.0,1,4,0.0,6.135638486980118,0.12271276973960235,0.6795831018185733,0.12491974429835581,7.86330011445161,35823
energy,power_kw_eps2.0,sample,2.0,8,3,8.0,1,4,0.0,3.191097632682681,0.06382195265365362,0.7318730481837882,0.12491974429835581,7.86330011445161,35823
energy,power_kw_eps2.0,sample,2.0,8,3,16.0,1,4,0.0,3.1403646459997216,0.06280729291999443,0.7245159500382178,0.12491974429835581,7.86330011445161,35823
energy,power_kw_eps2.0,sample,2.0,8,4,,1,4,0.0,3.1403646459997216,0.06280729291999443,0.7245159500382178,0.12491974429835581,7.86330011445161,35823
energy,power_kw_eps2.0,sample,2.0,8,4,4.0,1,4,0.0,6.135638486980118,0.12271276973960235,0.6795831018185733,0.12491974429835581,7.86330011445161,35823
energy,power_kw_eps2.0,sample,2.0,8,4,8.0,1,4,0.0,3.191097632682681,0.06382195265365362,0.7318730481837882,0.12491974429835581,7.86330011445161,35823
energy,power_kw_eps2.0,sample,2.0,8,4,16.0,1,4,0.0,3.1403646459997216,0.06280729291999443,0.7245159500382178,0.12491974429835581,7.86330011445161,35823
energy,power_kw_eps2.0,sample,2.0,8,6,,1,4,0.0,3.1403646459997216,0.06280729291999443,0.7245159500382178,0.12491974429835581,7.86330011445161,35823
energy,power_kw_eps2.0,sample,2.0,8,6,8.0,1,4,0.0,3.191097632682681,0.06382195265365362,0.7318730481837882,0.12491974429835581,7.86330011445161,35823
energy,power_kw_eps2.0,sample,2.0,8,6,16.0,1,4,0.0,3.1403646459997216,0.06280729291999443,0.7245159500382178,0.12491974429835581,7.86330011445161,35823
energy,power_kw_eps2.0,sample,2.0,8,1,,2,0,0.0,3.1208752445698895,0.06241750489139779,0.7549223039639518,0.12443728116489745,7.911187684099372,17993
energy,power_kw_eps2.0,sample,2.0,8,1,4.0,2,0,0.0,6.1735254067158705,0.12347050813431741,0.6881901530719751,0.12443728116489745,7.911187684099372,17993
energy,power_kw_eps2.0,sample,2.0,8,1,8.0,2,0,0.0,3.188142144413097,0.06376284288826194,0.7192711499274099,0.12443728116489745,7.911187684099372,17993
energy,power_kw_eps2.0,sample,2.0,8,1,16.0,2,0,0.0,3.1208752445698895,0.06241750489139779,0.7549223039639518,0.12443728116489745,7.911187684099372,17993
energy,power_kw_eps2.0,sample,2.0,8,2,,2,0,0.0,3.1208752445698895,0.06241750489139779,0.7549223039639518,0.12443728116489745,7.911187684099372,17993
energy,power_kw_eps2.0,sample,2.0,8,2,4.0,2,0,0.0,6.1735254067158705,0.12347050813431741,0.6881901530719751,0.12443728116489745,7.911187684099372,17993
energy,power_kw_eps2.0,sample,2.0,8,2,8.0,2,0,0.0,3.188142144413097,0.06376284288826194,0.7192711499274099,0.12443728116489745,7.911187684099372,17993
energy,power_kw_eps2.0,sample,2.0,8,2,16.0,2,0,0.0,3.1208752445698895,0.06241750489139779,0.7549223039639518,0.12443728116489745,7.911187684099372,17993
energy,power_kw_eps2.0,sample,2.0,8,3,,2,0,0.0,3.1208752445698895,0.06241750489139779,0.7549223039639518,0.12443728116489745,7.911187684099372,17993
energy,power_kw_eps2.0,sample,2.0,8,3,4.0,2,0,0.0,6.1735254067158705,0.12347050813431741,0.6881901530719751,0.12443728116489745,7.911187684099372,17993
energy,power_kw_eps2.0,sample,2.0,8,3,8.0,2,0,0.0,3.188142144413097,0.06376284288826194,0.7192711499274099,0.12443728116489745,7.911187684099372,17993
energy,power_kw_eps2.0,sample,2.0,8,3,16.0,2,0,0.0,3.1208752445698895,0.06241750489139779,0.7549223039639518,0.12443728116489745,7.911187684099372,17993
energy,power_kw_eps2.0,sample,2.0,8,4,,2,0,0.0,3.1208752445698895,0.06241750489139779,0.7549223039639518,0.12443728116489745,7.911187684099372,17993
energy,power_kw_eps2.0,sample,2.0,8,4,4.0,2,0,0.0,6.1735254067158705,0.12347050813431741,0.6881901530719751,0.12443728116489745,7.911187684099372,17993
energy,power_kw_eps2.0,sample,2.0,8,4,8.0,2,0,0.0,3.188142144413097,0.06376284288826194,0.7192711499274099,0.12443728116489745,7.911187684099372,17993
energy,power_kw_eps2.0,sample,2.0,8,4,16.0,2,0,0.0,3.1208752445698895,0.06241750489139779,0.7549223039639518,0.12443728116489745,7.911187684099372,17993
energy,power_kw_eps2.0,sample,2.0,8,6,,2,0,0.0,3.1208752445698895,0.06241750489139779,0.7549223039639518,0.12443728116489745,7.911187684099372,17993
energy,power_kw_eps2.0,sample,2.0,8,6,8.0,2,0,0.0,3.188142144413097,0.06376284288826194,0.7192711499274099,0.12443728116489745,7.911187684099372,17993
energy,power_kw_eps2.0,sample,2.0,8,6,16.0,2,0,0.0,3.1208752445698895,0.06241750489139779,0.7549223039639518,0.12443728116489745,7.911187684099372,17993
energy,power_kw_eps2.0,sample,2.0,8,1,,2,2,0.0,3.1155297167454656,0.06231059433490931,1.002102495336141,0.12484659154301016,7.940756443155194,17926
energy,power_kw_eps2.0,sample,2.0,8,1,4.0,2,2,0.0,6.1499354425283315,0.12299870885056663,0.6823862377968694,0.12484659154301016,7.940756443155194,17926
energy,power_kw_eps2.0,sample,2.0,8,1,8.0,2,2,0.0,3.1750041673566036,0.06350008334713207,0.7167220769204401,0.12484659154301016,7.940756443155194,17926
energy,power_kw_eps2.0,sample,2.0,8,1,16.0,2,2,0.0,3.1155297167454656,0.06231059433490931,1.002102495336141,0.12484659154301016,7.940756443155194,17926
energy,power_kw_eps2.0,sample,2.0,8,2,,2,2,0.0,3.1155297167454656,0.06231059433490931,1.002102495336141,0.12484659154301016,7.940756443155194,17926
energy,power_kw_eps2.0,sample,2.0,8,2,4.0,2,2,0.0,6.1499354425283315,0.12299870885056663,0.6823862377968694,0.12484659154301016,7.940756443155194,17926
energy,power_kw_eps2.0,sample,2.0,8,2,8.0,2,2,0.0,3.1750041673566036,0.06350008334713207,0.7167220769204401,0.12484659154301016,7.940756443155194,17926
energy,power_kw_eps2.0,sample,2.0,8,2,16.0,2,2,0.0,3.1155297167454656,0.06231059433490931,1.002102495336141,0.12484659154301016,7.940756443155194,17926
energy,power_kw_eps2.0,sample,2.0,8,3,,2,2,0.0,3.1155297167454656,0.06231059433490931,1.002102495336141,0.12484659154301016,7.940756443155194,17926
energy,power_kw_eps2.0,sample,2.0,8,3,4.0,2,2,0.0,6.1499354425283315,0.12299870885056663,0.6823862377968694,0.12484659154301016,7.940756443155194,17926
energy,power_kw_eps2.0,sample,2.0,8,3,8.0,2,2,0.0,3.1750041673566036,0.06350008334713207,0.7167220769204401,0.12484659154301016,7.940756443155194,17926
energy,power_kw_eps2.0,sample,2.0,8,3,16.0,2,2,0.0,3.1155297167454656,0.06231059433490931,1.002102495336141,0.12484659154301016,7.940756443155194,17926
energy,power_kw_eps2.0,sample,2.0,8,4,,2,2,0.0,3.1155297167454656,0.06231059433490931,1.002102495336141,0.12484659154301016,7.940756443155194,17926
energy,power_kw_eps2.0,sample,2.0,8,4,4.0,2,2,0.0,6.1499354425283315,0.12299870885056663,0.6823862377968694,0.12484659154301016,7.940756443155194,17926
energy,power_kw_eps2.0,sample,2.0,8,4,8.0,2,2,0.0,3.1750041673566036,0.06350008334713207,0.7167220769204401,0.12484659154301016,7.940756443155194,17926
energy,power_kw_eps2.0,sample,2.0,8,4,16.0,2,2,0.0,3.1155297167454656,0.06231059433490931,1.002102495336141,0.12484659154301016,7.940756443155194,17926
energy,power_kw_eps2.0,sample,2.0,8,6,,2,2,0.0,3.1155297167454656,0.06231059433490931,1.002102495336141,0.12484659154301016,7.940756443155194,17926
energy,power_kw_eps2.0,sample,2.0,8,6,8.0,2,2,0.0,3.1750041673566036,0.06350008334713207,0.7167220769204401,0.12484659154301016,7.940756443155194,17926
energy,power_kw_eps2.0,sample,2.0,8,6,16.0,2,2,0.0,3.1155297167454656,0.06231059433490931,1.002102495336141,0.12484659154301016,7.940756443155194,17926
energy,power_kw_eps2.0,sample,2.0,8,1,,2,4,0.0,3.109821965638838,0.06219643931277676,0.8169397423834587,0.12486742952832822,7.945632151828077,17915
energy,power_kw_eps2.0,sample,2.0,8,1,4.0,2,4,0.0,6.157090559310285,0.12314181118620571,0.6828482629222028,0.12486742952832822,7.945632151828077,17915
energy,power_kw_eps2.0,sample,2.0,8,1,8.0,2,4,0.0,3.1759305023764317,0.06351861004752864,0.7182111904927725,0.12486742952832822,7.945632151828077,17915
energy,power_kw_eps2.0,sample,2.0,8,1,16.0,2,4,0.0,3.109821965638838,0.06219643931277676,0.8169397423834587,0.12486742952832822,7.945632151828077,17915
energy,power_kw_eps2.0,sample,2.0,8,2,,2,4,0.0,3.109821965638838,0.06219643931277676,0.8169397423834587,0.12486742952832822,7.945632151828077,17915
energy,power_kw_eps2.0,sample,2.0,8,2,4.0,2,4,0.0,6.157090559310285,0.12314181118620571,0.6828482629222028,0.12486742952832822,7.945632151828077,17915
energy,power_kw_eps2.0,sample,2.0,8,2,8.0,2,4,0.0,3.1759305023764317,0.06351861004752864,0.7182111904927725,0.12486742952832822,7.945632151828077,17915
energy,power_kw_eps2.0,sample,2.0,8,2,16.0,2,4,0.0,3.109821965638838,0.06219643931277676,0.8169397423834587,0.12486742952832822,7.945632151828077,17915
energy,power_kw_eps2.0,sample,2.0,8,3,,2,4,0.0,3.109821965638838,0.06219643931277676,0.8169397423834587,0.12486742952832822,7.945632151828077,17915
energy,power_kw_eps2.0,sample,2.0,8,3,4.0,2,4,0.0,6.157090559310285,0.12314181118620571,0.6828482629222028,0.12486742952832822,7.945632151828077,17915
energy,power_kw_eps2.0,sample,2.0,8,3,8.0,2,4,0.0,3.1759305023764317,0.06351861004752864,0.7182111904927725,0.12486742952832822,7.945632151828077,17915
energy,power_kw_eps2.0,sample,2.0,8,3,16.0,2,4,0.0,3.109821965638838,0.06219643931277676,0.8169397423834587,0.12486742952832822,7.945632151828077,17915
energy,power_kw_eps2.0,sample,2.0,8,4,,2,4,0.0,3.109821965638838,0.06219643931277676,0.8169397423834587,0.12486742952832822,7.945632151828077,17915
energy,power_kw_eps2.0,sample,2.0,8,4,4.0,2,4,0.0,6.157090559310285,0.12314181118620571,0.6828482629222028,0.12486742952832822,7.945632151828077,17915
energy,power_kw_eps2.0,sample,2.0,8,4,8.0,2,4,0.0,3.1759305023764317,0.06351861004752864,0.7182111904927725,0.12486742952832822,7.945632151828077,17915
energy,power_kw_eps2.0,sample,2.0,8,4,16.0,2,4,0.0,3.109821965638838,0.06219643931277676,0.8169397423834587,0.12486742952832822,7.945632151828077,17915
energy,power_kw_eps2.0,sample,2.0,8,6,,2,4,0.0,3.109821965638838,0.06219643931277676,0.8169397423834587,0.12486742952832822,7.945632151828077,17915
energy,power_kw_eps2.0,sample,2.0,8,6,8.0,2,4,0.0,3.1759305023764317,0.06351861004752864,0.7182111904927725,0.12486742952832822,7.945632151828077,17915
energy,power_kw_eps2.0,sample,2.0,8,6,16.0,2,4,0.0,3.109821965638838,0.06219643931277676,0.8169397423834587,0.12486742952832822,7.945632151828077,17915
energy,power_kw_eps2.0,sample,2.0,8,1,,4,0,0.0,2.9479786762095346,0.05895957352419069,0.8288592828502892,0.12459708791819496,8.02867622540847,8997
energy,power_kw_eps2.0,sample,2.0,8,1,4.0,4,0,0.0,5.90155707332071,0.11803114146641419,0.8359686009826225,0.12459708791819496,8.02867622540847,8997
energy,power_kw_eps2.0,sample,2.0,8,1,8.0,4,0,0.0,3.0199437385877053,0.0603988747717541,0.8368291400173058,0.12459708791819496,8.02867622540847,8997
energy,power_kw_eps2.0,sample,2.0,8,1,16.0,4,0,0.0,2.9479786762095346,0.05895957352419069,0.8288592828502892,0.12459708791819496,8.02867622540847,8997
energy,power_kw_eps2.0,sample,2.0,8,2,,4,0,0.0,2.9479786762095346,0.05895957352419069,0.8288592828502892,0.12459708791819496,8.02867622540847,8997
energy,power_kw_eps2.0,sample,2.0,8,2,4.0,4,0,0.0,5.90155707332071,0.11803114146641419,0.8359686009826225,0.12459708791819496,8.02867622540847,8997
energy,power_kw_eps2.0,sample,2.0,8,2,8.0,4,0,0.0,3.0199437385877053,0.0603988747717541,0.8368291400173058,0.12459708791819496,8.02867622540847,8997
energy,power_kw_eps2.0,sample,2.0,8,2,16.0,4,0,0.0,2.9479786762095346,0.05895957352419069,0.8288592828502892,0.12459708791819496,8.02867622540847,8997
energy,power_kw_eps2.0,sample,2.0,8,3,,4,0,0.0,2.9479786762095346,0.05895957352419069,0.8288592828502892,0.12459708791819496,8.02867622540847,8997
energy,power_kw_eps2.0,sample,2.0,8,3,4.0,4,0,0.0,5.90155707332071,0.11803114146641419,0.8359686009826225,0.12459708791819496,8.02867622540847,8997
energy,power_kw_eps2.0,sample,2.0,8,3,8.0,4,0,0.0,3.0199437385877053,0.0603988747717541,0.8368291400173058,0.12459708791819496,8.02867622540847,8997
energy,power_kw_eps2.0,sample,2.0,8,3,16.0,4,0,0.0,2.9479786762095346,0.05895957352419069,0.8288592828502892,0.12459708791819496,8.02867622540847,8997
energy,power_kw_eps2.0,sample,2.0,8,4,,4,0,0.0,2.9479786762095346,0.05895957352419069,0.8288592828502892,0.12459708791819496,8.02867622540847,8997
energy,power_kw_eps2.0,sample,2.0,8,4,4.0,4,0,0.0,5.90155707332071,0.11803114146641419,0.8359686009826225,0.12459708791819496,8.02867622540847,8997
energy,power_kw_eps2.0,sample,2.0,8,4,8.0,4,0,0.0,3.0199437385877053,0.0603988747717541,0.8368291400173058,0.12459708791819496,8.02867622540847,8997
energy,power_kw_eps2.0,sample,2.0,8,4,16.0,4,0,0.0,2.9479786762095346,0.05895957352419069,0.8288592828502892,0.12459708791819496,8.02867622540847,8997
energy,power_kw_eps2.0,sample,2.0,8,6,,4,0,0.0,2.9479786762095346,0.05895957352419069,0.8288592828502892,0.12459708791819496,8.02867622540847,8997
energy,power_kw_eps2.0,sample,2.0,8,6,8.0,4,0,0.0,3.0199437385877053,0.0603988747717541,0.8368291400173058,0.12459708791819496,8.02867622540847,8997
energy,power_kw_eps2.0,sample,2.0,8,6,16.0,4,0,0.0,2.9479786762095346,0.05895957352419069,0.8288592828502892,0.12459708791819496,8.02867622540847,8997
energy,power_kw_eps2.0,sample,2.0,8,1,,4,2,0.0,2.959884358763353,0.05919768717526706,0.8192065387287322,0.1249302844394869,8.05733407696598,8965
energy,power_kw_eps2.0,sample,2.0,8,1,4.0,4,2,0.0,5.910299336371666,0.11820598672743332,0.8476996487483561,0.1249302844394869,8.05733407696598,8965
energy,power_kw_eps2.0,sample,2.0,8,1,8.0,4,2,0.0,3.031555172508646,0.06063110345017292,0.8356818905822853,0.1249302844394869,8.05733407696598,8965
energy,power_kw_eps2.0,sample,2.0,8,1,16.0,4,2,0.0,2.959884358763353,0.05919768717526706,0.8192065387287322,0.1249302844394869,8.05733407696598,8965
energy,power_kw_eps2.0,sample,2.0,8,2,,4,2,0.0,2.959884358763353,0.05919768717526706,0.8192065387287322,0.1249302844394869,8.05733407696598,8965
energy,power_kw_eps2.0,sample,2.0,8,2,4.0,4,2,0.0,5.910299336371666,0.11820598672743332,0.8476996487483561,0.1249302844394869,8.05733407696598,8965
energy,power_kw_eps2.0,sample,2.0,8,2,8.0,4,2,0.0,3.031555172508646,0.06063110345017292,0.8356818905822853,0.1249302844394869,8.05733407696598,8965
energy,power_kw_eps2.0,sample,2.0,8,2,16.0,4,2,0.0,2.959884358763353,0.05919768717526706,0.8192065387287322,0.1249302844394869,8.05733407696598,8965
energy,power_kw_eps2.0,sample,2.0,8,3,,4,2,0.0,2.959884358763353,0.05919768717526706,0.8192065387287322,0.1249302844394869,8.05733407696598,8965
energy,power_kw_eps2.0,sample,2.0,8,3,4.0,4,2,0.0,5.910299336371666,0.11820598672743332,0.8476996487483561,0.1249302844394869,8.05733407696598,8965
energy,power_kw_eps2.0,sample,2.0,8,3,8.0,4,2,0.0,3.031555172508646,0.06063110345017292,0.8356818905822853,0.1249302844394869,8.05733407696598,8965
energy,power_kw_eps2.0,sample,2.0,8,3,16.0,4,2,0.0,2.959884358763353,0.05919768717526706,0.8192065387287322,0.1249302844394869,8.05733407696598,8965
energy,power_kw_eps2.0,sample,2.0,8,4,,4,2,0.0,2.959884358763353,0.05919768717526706,0.8192065387287322,0.1249302844394869,8.05733407696598,8965
energy,power_kw_eps2.0,sample,2.0,8,4,4.0,4,2,0.0,5.910299336371666,0.11820598672743332,0.8476996487483561,0.1249302844394869,8.05733407696598,8965
energy,power_kw_eps2.0,sample,2.0,8,4,8.0,4,2,0.0,3.031555172508646,0.06063110345017292,0.8356818905822853,0.1249302844394869,8.05733407696598,8965
energy,power_kw_eps2.0,sample,2.0,8,4,16.0,4,2,0.0,2.959884358763353,0.05919768717526706,0.8192065387287322,0.1249302844394869,8.05733407696598,8965
energy,power_kw_eps2.0,sample,2.0,8,6,,4,2,0.0,2.959884358763353,0.05919768717526706,0.8192065387287322,0.1249302844394869,8.05733407696598,8965
energy,power_kw_eps2.0,sample,2.0,8,6,8.0,4,2,0.0,3.031555172508646,0.06063110345017292,0.8356818905822853,0.1249302844394869,8.05733407696598,8965
energy,power_kw_eps2.0,sample,2.0,8,6,16.0,4,2,0.0,2.959884358763353,0.05919768717526706,0.8192065387287322,0.1249302844394869,8.05733407696598,8965
energy,power_kw_eps2.0,sample,2.0,8,1,,4,4,0.0,2.944215188653996,0.05888430377307992,0.81047297434118,0.12488839285714286,8.061830357142858,8960
energy,power_kw_eps2.0,sample,2.0,8,1,4.0,4,4,0.0,5.914584429059809,0.11829168858119617,0.8510279495365003,0.12488839285714286,8.061830357142858,8960
energy,power_kw_eps2.0,sample,2.0,8,1,8.0,4,4,0.0,3.0300996599470835,0.06060199319894167,0.8307743094064881,0.12488839285714286,8.061830357142858,8960
energy,power_kw_eps2.0,sample,2.0,8,1,16.0,4,4,0.0,2.944215188653996,0.05888430377307992,0.81047297434118,0.12488839285714286,8.061830357142858,8960
energy,power_kw_eps2.0,sample,2.0,8,2,,4,4,0.0,2.944215188653996,0.05888430377307992,0.81047297434118,0.12488839285714286,8.061830357142858,8960
energy,power_kw_eps2.0,sample,2.0,8,2,4.0,4,4,0.0,5.914584429059809,0.11829168858119617,0.8510279495365003,0.12488839285714286,8.061830357142858,8960
energy,power_kw_eps2.0,sample,2.0,8,2,8.0,4,4,0.0,3.0300996599470835,0.06060199319894167,0.8307743094064881,0.12488839285714286,8.061830357142858,8960
energy,power_kw_eps2.0,sample,2.0,8,2,16.0,4,4,0.0,2.944215188653996,0.05888430377307992,0.81047297434118,0.12488839285714286,8.061830357142858,8960
energy,power_kw_eps2.0,sample,2.0,8,3,,4,4,0.0,2.944215188653996,0.05888430377307992,0.81047297434118,0.12488839285714286,8.061830357142858,8960
energy,power_kw_eps2.0,sample,2.0,8,3,4.0,4,4,0.0,5.914584429059809,0.11829168858119617,0.8510279495365003,0.12488839285714286,8.061830357142858,8960
energy,power_kw_eps2.0,sample,2.0,8,3,8.0,4,4,0.0,3.0300996599470835,0.06060199319894167,0.8307743094064881,0.12488839285714286,8.061830357142858,8960
energy,power_kw_eps2.0,sample,2.0,8,3,16.0,4,4,0.0,2.944215188653996,0.05888430377307992,0.81047297434118,0.12488839285714286,8.061830357142858,8960
energy,power_kw_eps2.0,sample,2.0,8,4,,4,4,0.0,2.944215188653996,0.05888430377307992,0.81047297434118,0.12488839285714286,8.061830357142858,8960
energy,power_kw_eps2.0,sample,2.0,8,4,4.0,4,4,0.0,5.914584429059809,0.11829168858119617,0.8510279495365003,0.12488839285714286,8.061830357142858,8960
energy,power_kw_eps2.0,sample,2.0,8,4,8.0,4,4,0.0,3.0300996599470835,0.06060199319894167,0.8307743094064881,0.12488839285714286,8.061830357142858,8960
energy,power_kw_eps2.0,sample,2.0,8,4,16.0,4,4,0.0,2.944215188653996,0.05888430377307992,0.81047297434118,0.12488839285714286,8.061830357142858,8960
energy,power_kw_eps2.0,sample,2.0,8,6,,4,4,0.0,2.944215188653996,0.05888430377307992,0.81047297434118,0.12488839285714286,8.061830357142858,8960
energy,power_kw_eps2.0,sample,2.0,8,6,8.0,4,4,0.0,3.0300996599470835,0.06060199319894167,0.8307743094064881,0.12488839285714286,8.061830357142858,8960
energy,power_kw_eps2.0,sample,2.0,8,6,16.0,4,4,0.0,2.944215188653996,0.05888430377307992,0.81047297434118,0.12488839285714286,8.061830357142858,8960
energy,power_kw_eps2.0,budget_distribution,2.0,8,1,,1,0,0.0,39.18099629733585,0.783619925946717,0.3652513017518053,0.6245935806586077,7.827900514103098,35985
energy,power_kw_eps2.0,budget_distribution,2.0,8,1,4.0,1,0,0.0,78.81680583777054,1.5763361167554109,0.17525844509451216,0.6411838265944143,7.827900514103098,35985
energy,power_kw_eps2.0,budget_distribution,2.0,8,1,8.0,1,0,0.0,39.74230639931355,0.794846127986271,0.23391775177691454,0.6240100041684035,7.827900514103098,35985
energy,power_kw_eps2.0,budget_distribution,2.0,8,1,16.0,1,0,0.0,39.18099629733585,0.783619925946717,0.3652513017518053,0.6245935806586077,7.827900514103098,35985
energy,power_kw_eps2.0,budget_distribution,2.0,8,2,,1,0,0.0,39.18099629733585,0.783619925946717,0.3652513017518053,0.6245935806586077,7.827900514103098,35985
energy,power_kw_eps2.0,budget_distribution,2.0,8,2,4.0,1,0,0.0,78.81680583777054,1.5763361167554109,0.17525844509451216,0.6411838265944143,7.827900514103098,35985
energy,power_kw_eps2.0,budget_distribution,2.0,8,2,8.0,1,0,0.0,39.74230639931355,0.794846127986271,0.23391775177691454,0.6240100041684035,7.827900514103098,35985
energy,power_kw_eps2.0,budget_distribution,2.0,8,2,16.0,1,0,0.0,39.18099629733585,0.783619925946717,0.3652513017518053,0.6245935806586077,7.827900514103098,35985
energy,power_kw_eps2.0,budget_distribution,2.0,8,3,,1,0,0.0,39.18099629733585,0.783619925946717,0.3652513017518053,0.6245935806586077,7.827900514103098,35985
energy,power_kw_eps2.0,budget_distribution,2.0,8,3,4.0,1,0,0.0,78.81680583777054,1.5763361167554109,0.17525844509451216,0.6411838265944143,7.827900514103098,35985
energy,power_kw_eps2.0,budget_distribution,2.0,8,3,8.0,1,0,0.0,39.74230639931355,0.794846127986271,0.23391775177691454,0.6240100041684035,7.827900514103098,35985
energy,power_kw_eps2.0,budget_distribution,2.0,8,3,16.0,1,0,0.0,39.18099629733585,0.783619925946717,0.3652513017518053,0.6245935806586077,7.827900514103098,35985
energy,power_kw_eps2.0,budget_distribution,2.0,8,4,,1,0,0.0,39.18099629733585,0.783619925946717,0.3652513017518053,0.6245935806586077,7.827900514103098,35985
energy,power_kw_eps2.0,budget_distribution,2.0,8,4,4.0,1,0,0.0,78.81680583777054,1.5763361167554109,0.17525844509451216,0.6411838265944143,7.827900514103098,35985
energy,power_kw_eps2.0,budget_distribution,2.0,8,4,8.0,1,0,0.0,39.74230639931355,0.794846127986271,0.23391775177691454,0.6240100041684035,7.827900514103098,35985
energy,power_kw_eps2.0,budget_distribution,2.0,8,4,16.0,1,0,0.0,39.18099629733585,0.783619925946717,0.3652513017518053,0.6245935806586077,7.827900514103098,35985
energy,power_kw_eps2.0,budget_distribution,2.0,8,6,,1,0,0.0,39.18099629733585,0.783619925946717,0.3652513017518053,0.6245935806586077,7.827900514103098,35985
energy,power_kw_eps2.0,budget_distribution,2.0,8,6,8.0,1,0,0.0,39.74230639931355,0.794846127986271,0.23391775177691454,0.6240100041684035,7.827900514103098,35985
energy,power_kw_eps2.0,budget_distribution,2.0,8,6,16.0,1,0,0.0,39.18099629733585,0.783619925946717,0.3652513017518053,0.6245935806586077,7.827900514103098,35985
energy,power_kw_eps2.0,budget_distribution,2.0,8,1,,1,2,0.0,39.08828435031382,0.7817656870062764,0.09284380217581192,0.6262099361209518,7.857597143574437,35849
energy,power_kw_eps2.0,budget_distribution,2.0,8,1,4.0,1,2,0.0,78.95839443568765,1.579167888713753,0.17565872193245438,0.6438673324221038,7.857597143574437,35849
energy,power_kw_eps2.0,budget_distribution,2.0,8,1,8.0,1,2,0.0,39.89112395079759,0.7978224790159518,0.08703750977305552,0.6269630952048871,7.857597143574437,35849
energy,power_kw_eps2.0,budget_distribution,2.0,8,1,16.0,1,2,0.0,39.08828435031382,0.7817656870062764,0.09284380217581192,0.6262099361209518,7.857597143574437,35849
energy,power_kw_eps2.0,budget_distribution,2.0,8,2,,1,2,0.0,39.08828435031382,0.7817656870062764,0.09284380217581192,0.6262099361209518,7.857597143574437,35849
energy,power_kw_eps2.0,budget_distribution,2.0,8,2,4.0,1,2,0.0,78.95839443568765,1.579167888713753,0.17565872193245438,0.6438673324221038,7.857597143574437,35849
energy,power_kw_eps2.0,budget_distribution,2.0,8,2,8.0,1,2,0.0,39.89112395079759,0.7978224790159518,0.08703750977305552,0.6269630952048871,7.857597143574437,35849
energy,power_kw_eps2.0,budget_distribution,2.0,8,2,16.0,1,2,0.0,39.08828435031382,0.7817656870062764,0.09284380217581192,0.6262099361209518,7.857597143574437,35849
energy,power_kw_eps2.0,budget_distribution,2.0,8,3,,1,2,0.0,39.08828435031382,0.7817656870062764,0.09284380217581192,0.6262099361209518,7.857597143574437,35849
energy,power_kw_eps2.0,budget_distribution,2.0,8,3,4.0,1,2,0.0,78.95839443568765,1.579167888713753,0.17565872193245438,0.6438673324221038,7.857597143574437,35849
energy,power_kw_eps2.0,budget_distribution,2.0,8,3,8.0,1,2,0.0,39.89112395079759,0.7978224790159518,0.08703750977305552,0.6269630952048871,7.857597143574437,35849
energy,power_kw_eps2.0,budget_distribution,2.0,8,3,16.0,1,2,0.0,39.08828435031382,0.7817656870062764,0.09284380217581192,0.6262099361209518,7.857597143574437,35849
energy,power_kw_eps2.0,budget_distribution,2.0,8,4,,1,2,0.0,39.08828435031382,0.7817656870062764,0.09284380217581192,0.6262099361209518,7.857597143574437,35849
energy,power_kw_eps2.0,budget_distribution,2.0,8,4,4.0,1,2,0.0,78.95839443568765,1.579167888713753,0.17565872193245438,0.6438673324221038,7.857597143574437,35849
energy,power_kw_eps2.0,budget_distribution,2.0,8,4,8.0,1,2,0.0,39.89112395079759,0.7978224790159518,0.08703750977305552,0.6269630952048871,7.857597143574437,35849
energy,power_kw_eps2.0,budget_distribution,2.0,8,4,16.0,1,2,0.0,39.08828435031382,0.7817656870062764,0.09284380217581192,0.6262099361209518,7.857597143574437,35849
energy,power_kw_eps2.0,budget_distribution,2.0,8,6,,1,2,0.0,39.08828435031382,0.7817656870062764,0.09284380217581192,0.6262099361209518,7.857597143574437,35849
energy,power_kw_eps2.0,budget_distribution,2.0,8,6,8.0,1,2,0.0,39.89112395079759,0.7978224790159518,0.08703750977305552,0.6269630952048871,7.857597143574437,35849
energy,power_kw_eps2.0,budget_distribution,2.0,8,6,16.0,1,2,0.0,39.08828435031382,0.7817656870062764,0.09284380217581192,0.6262099361209518,7.857597143574437,35849
energy,power_kw_eps2.0,budget_distribution,2.0,8,1,,1,4,0.0,39.083988950209516,0.7816797790041903,0.09284380217581192,0.6266644334645339,7.86330011445161,35823
energy,power_kw_eps2.0,budget_distribution,2.0,8,1,4.0,1,4,0.0,78.9889389500357,1.579778779000714,0.17565872193245438,0.6443346453395863,7.86330011445161,35823
energy,power_kw_eps2.0,budget_distribution,2.0,8,1,8.0,1,4,0.0,39.89030568689533,0.7978061137379067,0.08703750977305552,0.6274181391843229,7.86330011445161,35823
energy,power_kw_eps2.0,budget_distribution,2.0,8,1,16.0,1,4,0.0,39.083988950209516,0.7816797790041903,0.09284380217581192,0.6266644334645339,7.86330011445161,35823
energy,power_kw_eps2.0,budget_distribution,2.0,8,2,,1,4,0.0,39.083988950209516,0.7816797790041903,0.09284380217581192,0.6266644334645339,7.86330011445161,35823
energy,power_kw_eps2.0,budget_distribution,2.0,8,2,4.0,1,4,0.0,78.9889389500357,1.579778779000714,0.17565872193245438,0.6443346453395863,7.86330011445161,35823
energy,power_kw_eps2.0,budget_distribution,2.0,8,2,8.0,1,4,0.0,39.89030568689533,0.7978061137379067,0.08703750977305552,0.6274181391843229,7.86330011445161,35823
energy,power_kw_eps2.0,budget_distribution,2.0,8,2,16.0,1,4,0.0,39.083988950209516,0.7816797790041903,0.09284380217581192,0.6266644334645339,7.86330011445161,35823
energy,power_kw_eps2.0,budget_distribution,2.0,8,3,,1,4,0.0,39.083988950209516,0.7816797790041903,0.09284380217581192,0.6266644334645339,7.86330011445161,35823
energy,power_kw_eps2.0,budget_distribution,2.0,8,3,4.0,1,4,0.0,78.9889389500357,1.579778779000714,0.17565872193245438,0.6443346453395863,7.86330011445161,35823
energy,power_kw_eps2.0,budget_distribution,2.0,8,3,8.0,1,4,0.0,39.89030568689533,0.7978061137379067,0.08703750977305552,0.6274181391843229,7.86330011445161,35823
energy,power_kw_eps2.0,budget_distribution,2.0,8,3,16.0,1,4,0.0,39.083988950209516,0.7816797790041903,0.09284380217581192,0.6266644334645339,7.86330011445161,35823
energy,power_kw_eps2.0,budget_distribution,2.0,8,4,,1,4,0.0,39.083988950209516,0.7816797790041903,0.09284380217581192,0.6266644334645339,7.86330011445161,35823
energy,power_kw_eps2.0,budget_distribution,2.0,8,4,4.0,1,4,0.0,78.9889389500357,1.579778779000714,0.17565872193245438,0.6443346453395863,7.86330011445161,35823
energy,power_kw_eps2.0,budget_distribution,2.0,8,4,8.0,1,4,0.0,39.89030568689533,0.7978061137379067,0.08703750977305552,0.6274181391843229,7.86330011445161,35823
energy,power_kw_eps2.0,budget_distribution,2.0,8,4,16.0,1,4,0.0,39.083988950209516,0.7816797790041903,0.09284380217581192,0.6266644334645339,7.86330011445161,35823
energy,power_kw_eps2.0,budget_distribution,2.0,8,6,,1,4,0.0,39.083988950209516,0.7816797790041903,0.09284380217581192,0.6266644334645339,7.86330011445161,35823
energy,power_kw_eps2.0,budget_distribution,2.0,8,6,8.0,1,4,0.0,39.89030568689533,0.7978061137379067,0.08703750977305552,0.6274181391843229,7.86330011445161,35823
energy,power_kw_eps2.0,budget_distribution,2.0,8,6,16.0,1,4,0.0,39.083988950209516,0.7816797790041903,0.09284380217581192,0.6266644334645339,7.86330011445161,35823
energy,power_kw_eps2.0,budget_distribution,2.0,8,1,,2,0,0.0,40.6785432253334,0.8135708645066679,0.15709681967591566,0.6219640971488912,7.911187684099372,17993
energy,power_kw_eps2.0,budget_distribution,2.0,8,1,4.0,2,0,0.0,78.52331551468853,1.5704663102937706,0.2400107024833281,0.6397487911965765,7.911187684099372,17993
energy,power_kw_eps2.0,budget_distribution,2.0,8,1,8.0,2,0,0.0,41.26084958256935,0.825216991651387,0.2400457410859803,0.6219640971488912,7.911187684099372,17993
energy,power_kw_eps2.0,budget_distribution,2.0,8,1,16.0,2,0,0.0,40.6785432253334,0.8135708645066679,0.15709681967591566,0.6219640971488912,7.911187684099372,17993
energy,power_kw_eps2.0,budget_distribution,2.0,8,2,,2,0,0.0,40.6785432253334,0.8135708645066679,0.15709681967591566,0.6219640971488912,7.911187684099372,17993
energy,power_kw_eps2.0,budget_distribution,2.0,8,2,4.0,2,0,0.0,78.52331551468853,1.5704663102937706,0.2400107024833281,0.6397487911965765,7.911187684099372,17993
energy,power_kw_eps2.0,budget_distribution,2.0,8,2,8.0,2,0,0.0,41.26084958256935,0.825216991651387,0.2400457410859803,0.6219640971488912,7.911187684099372,17993
energy,power_kw_eps2.0,budget_distribution,2.0,8,2,16.0,2,0,0.0,40.6785432253334,0.8135708645066679,0.15709681967591566,0.6219640971488912,7.911187684099372,17993
energy,power_kw_eps2.0,budget_distribution,2.0,8,3,,2,0,0.0,40.6785432253334,0.8135708645066679,0.15709681967591566,0.6219640971488912,7.911187684099372,17993
energy,power_kw_eps2.0,budget_distribution,2.0,8,3,4.0,2,0,0.0,78.52331551468853,1.5704663102937706,0.2400107024833281,0.6397487911965765,7.911187684099372,17993
energy,power_kw_eps2.0,budget_distribution,2.0,8,3,8.0,2,0,0.0,41.26084958256935,0.825216991651387,0.2400457410859803,0.6219640971488912,7.911187684099372,17993
energy,power_kw_eps2.0,budget_distribution,2.0,8,3,16.0,2,0,0.0,40.6785432253334,0.8135708645066679,0.15709681967591566,0.6219640971488912,7.911187684099372,17993
energy,power_kw_eps2.0,budget_distribution,2.0,8,4,,2,0,0.0,40.6785432253334,0.8135708645066679,0.15709681967591566,0.6219640971488912,7.911187684099372,17993
energy,power_kw_eps2.0,budget_distribution,2.0,8,4,4.0,2,0,0.0,78.52331551468853,1.5704663102937706,0.2400107024833281,0.6397487911965765,7.911187684099372,17993
energy,power_kw_eps2.0,budget_distribution,2.0,8,4,8.0,2,0,0.0,41.26084958256935,0.825216991651387,0.2400457410859803,0.6219640971488912,7.911187684099372,17993
energy,power_kw_eps2.0,budget_distribution,2.0,8,4,16.0,2,0,0.0,40.6785432253334,0.8135708645066679,0.15709681967591566,0.6219640971488912,7.911187684099372,17993
energy,power_kw_eps2.0,budget_distribution,2.0,8,6,,2,0,0.0,40.6785432253334,0.8135708645066679,0.15709681967591566,0.6219640971488912,7.911187684099372,17993
energy,power_kw_eps2.0,budget_distribution,2.0,8,6,8.0,2,0,0.0,41.26084958256935,0.825216991651387,0.2400457410859803,0.6219640971488912,7.911187684099372,17993
energy,power_kw_eps2.0,budget_distribution,2.0,8,6,16.0,2,0,0.0,40.6785432253334,0.8135708645066679,0.15709681967591566,0.6219640971488912,7.911187684099372,17993
energy,power_kw_eps2.0,budget_distribution,2.0,8,1,,2,2,0.0,39.22773574805955,0.784554714961191,0.15818747014018428,0.6242887426085016,7.940756443155194,17926
energy,power_kw_eps2.0,budget_distribution,2.0,8,1,4.0,2,2,0.0,78.63349310034249,1.5726698620068498,0.24057996967568285,0.642418832980029,7.940756443155194,17926
energy,power_kw_eps2.0,budget_distribution,2.0,8,1,8.0,2,2,0.0,39.79707153879107,0.7959414307758215,0.23992322229045682,0.6242887426085016,7.940756443155194,17926
energy,power_kw_eps2.0,budget_distribution,2.0,8,1,16.0,2,2,0.0,39.22773574805955,0.784554714961191,0.15818747014018428,0.6242887426085016,7.940756443155194,17926
energy,power_kw_eps2.0,budget_distribution,2.0,8,2,,2,2,0.0,39.22773574805955,0.784554714961191,0.15818747014018428,0.6242887426085016,7.940756443155194,17926
energy,power_kw_eps2.0,budget_distribution,2.0,8,2,4.0,2,2,0.0,78.63349310034249,1.5726698620068498,0.24057996967568285,0.642418832980029,7.940756443155194,17926
energy,power_kw_eps2.0,budget_distribution,2.0,8,2,8.0,2,2,0.0,39.79707153879107,0.7959414307758215,0.23992322229045682,0.6242887426085016,7.940756443155194,17926
energy,power_kw_eps2.0,budget_distribution,2.0,8,2,16.0,2,2,0.0,39.22773574805955,0.784554714961191,0.15818747014018428,0.6242887426085016,7.940756443155194,17926
energy,power_kw_eps2.0,budget_distribution,2.0,8,3,,2,2,0.0,39.22773574805955,0.784554714961191,0.15818747014018428,0.6242887426085016,7.940756443155194,17926
energy,power_kw_eps2.0,budget_distribution,2.0,8,3,4.0,2,2,0.0,78.63349310034249,1.5726698620068498,0.24057996967568285,0.642418832980029,7.940756443155194,17926
energy,power_kw_eps2.0,budget_distribution,2.0,8,3,8.0,2,2,0.0,39.79707153879107,0.7959414307758215,0.23992322229045682,0.6242887426085016,7.940756443155194,17926
energy,power_kw_eps2.0,budget_distribution,2.0,8,3,16.0,2,2,0.0,39.22773574805955,0.784554714961191,0.15818747014018428,0.6242887426085016,7.940756443155194,17926
energy,power_kw_eps2.0,budget_distribution,2.0,8,4,,2,2,0.0,39.22773574805955,0.784554714961191,0.15818747014018428,0.6242887426085016,7.940756443155194,17926
energy,power_kw_eps2.0,budget_distribution,2.0,8,4,4.0,2,2,0.0,78.63349310034249,1.5726698620068498,0.24057996967568285,0.642418832980029,7.940756443155194,17926
energy,power_kw_eps2.0,budget_distribution,2.0,8,4,8.0,2,2,0.0,39.79707153879107,0.7959414307758215,0.23992322229045682,0.6242887426085016,7.940756443155194,17926
energy,power_kw_eps2.0,budget_distribution,2.0,8,4,16.0,2,2,0.0,39.22773574805955,0.784554714961191,0.15818747014018428,0.6242887426085016,7.940756443155194,17926
energy,power_kw_eps2.0,budget_distribution,2.0,8,6,,2,2,0.0,39.22773574805955,0.784554714961191,0.15818747014018428,0.6242887426085016,7.940756443155194,17926
energy,power_kw_eps2.0,budget_distribution,2.0,8,6,8.0,2,2,0.0,39.79707153879107,0.7959414307758215,0.23992322229045682,0.6242887426085016,7.940756443155194,17926
energy,power_kw_eps2.0,budget_distribution,2.0,8,6,16.0,2,2,0.0,39.22773574805955,0.784554714961191,0.15818747014018428,0.6242887426085016,7.940756443155194,17926
energy,power_kw_eps2.0,budget_distribution,2.0,8,1,,2,4,0.0,39.1987870240397,0.7839757404807941,0.1581947551150992,0.6246720625174434,7.945632151828077,17915
energy,power_kw_eps2.0,budget_distribution,2.0,8,1,4.0,2,4,0.0,78.66011967549557,1.5732023935099113,0.24057996967568285,0.6428132849567402,7.945632151828077,17915
energy,power_kw_eps2.0,budget_distribution,2.0,8,1,8.0,2,4,0.0,39.7564399959019,0.795128799918038,0.24006483570563747,0.6246720625174434,7.945632151828077,17915
energy,power_kw_eps2.0,budget_distribution,2.0,8,1,16.0,2,4,0.0,39.1987870240397,0.7839757404807941,0.1581947551150992,0.6246720625174434,7.945632151828077,17915
energy,power_kw_eps2.0,budget_distribution,2.0,8,2,,2,4,0.0,39.1987870240397,0.7839757404807941,0.1581947551150992,0.6246720625174434,7.945632151828077,17915
energy,power_kw_eps2.0,budget_distribution,2.0,8,2,4.0,2,4,0.0,78.66011967549557,1.5732023935099113,0.24057996967568285,0.6428132849567402,7.945632151828077,17915
energy,power_kw_eps2.0,budget_distribution,2.0,8,2,8.0,2,4,0.0,39.7564399959019,0.795128799918038,0.24006483570563747,0.6246720625174434,7.945632151828077,17915
energy,power_kw_eps2.0,budget_distribution,2.0,8,2,16.0,2,4,0.0,39.1987870240397,0.7839757404807941,0.1581947551150992,0.6246720625174434,7.945632151828077,17915
energy,power_kw_eps2.0,budget_distribution,2.0,8,3,,2,4,0.0,39.1987870240397,0.7839757404807941,0.1581947551150992,0.6246720625174434,7.945632151828077,17915
energy,power_kw_eps2.0,budget_distribution,2.0,8,3,4.0,2,4,0.0,78.66011967549557,1.5732023935099113,0.24057996967568285,0.6428132849567402,7.945632151828077,17915
energy,power_kw_eps2.0,budget_distribution,2.0,8,3,8.0,2,4,0.0,39.7564399959019,0.795128799918038,0.24006483570563747,0.6246720625174434,7.945632151828077,17915
energy,power_kw_eps2.0,budget_distribution,2.0,8,3,16.0,2,4,0.0,39.1987870240397,0.7839757404807941,0.1581947551150992,0.6246720625174434,7.945632151828077,17915
energy,power_kw_eps2.0,budget_distribution,2.0,8,4,,2,4,0.0,39.1987870240397,0.7839757404807941,0.1581947551150992,0.6246720625174434,7.945632151828077,17915
energy,power_kw_eps2.0,budget_distribution,2.0,8,4,4.0,2,4,0.0,78.66011967549557,1.5732023935099113,0.24057996967568285,0.6428132849567402,7.945632151828077,17915
energy,power_kw_eps2.0,budget_distribution,2.0,8,4,8.0,2,4,0.0,39.7564399959019,0.795128799918038,0.24006483570563747,0.6246720625174434,7.945632151828077,17915
energy,power_kw_eps2.0,budget_distribution,2.0,8,4,16.0,2,4,0.0,39.1987870240397,0.7839757404807941,0.1581947551150992,0.6246720625174434,7.945632151828077,17915
energy,power_kw_eps2.0,budget_distribution,2.0,8,6,,2,4,0.0,39.1987870240397,0.7839757404807941,0.1581947551150992,0.6246720625174434,7.945632151828077,17915
energy,power_kw_eps2.0,budget_distribution,2.0,8,6,8.0,2,4,0.0,39.7564399959019,0.795128799918038,0.24006483570563747,0.6246720625174434,7.945632151828077,17915
energy,power_kw_eps2.0,budget_distribution,2.0,8,6,16.0,2,4,0.0,39.1987870240397,0.7839757404807941,0.1581947551150992,0.6246720625174434,7.945632151828077,17915
energy,power_kw_eps2.0,budget_distribution,2.0,8,1,,4,0,0.0,37.74815057767573,0.7549630115535146,0.2710851978032342,0.6209847727020118,8.02867622540847,8997
energy,power_kw_eps2.0,budget_distribution,2.0,8,1,4.0,4,0,0.0,77.53144506424127,1.5506289012848253,0.22367925181487036,0.6415471823941313,8.02867622540847,8997
energy,power_kw_eps2.0,budget_distribution,2.0,8,1,8.0,4,0,0.0,38.948741339969544,0.7789748267993909,0.22578042666620515,0.6213182171835057,8.02867622540847,8997
energy,power_kw_eps2.0,budget_distribution,2.0,8,1,16.0,4,0,0.0,37.74815057767573,0.7549630115535146,0.2710851978032342,0.6209847727020118,8.02867622540847,8997
energy,power_kw_eps2.0,budget_distribution,2.0,8,2,,4,0,0.0,37.74815057767573,0.7549630115535146,0.2710851978032342,0.6209847727020118,8.02867622540847,8997
energy,power_kw_eps2.0,budget_distribution,2.0,8,2,4.0,4,0,0.0,77.53144506424127,1.5506289012848253,0.22367925181487036,0.6415471823941313,8.02867622540847,8997
energy,power_kw_eps2.0,budget_distribution,2.0,8,2,8.0,4,0,0.0,38.948741339969544,0.7789748267993909,0.22578042666620515,0.6213182171835057,8.02867622540847,8997
energy,power_kw_eps2.0,budget_distribution,2.0,8,2,16.0,4,0,0.0,37.74815057767573,0.7549630115535146,0.2710851978032342,0.6209847727020118,8.02867622540847,8997
energy,power_kw_eps2.0,budget_distribution,2.0,8,3,,4,0,0.0,37.74815057767573,0.7549630115535146,0.2710851978032342,0.6209847727020118,8.02867622540847,8997
energy,power_kw_eps2.0,budget_distribution,2.0,8,3,4.0,4,0,0.0,77.53144506424127,1.5506289012848253,0.22367925181487036,0.6415471823941313,8.02867622540847,8997
energy,power_kw_eps2.0,budget_distribution,2.0,8,3,8.0,4,0,0.0,38.948741339969544,0.7789748267993909,0.22578042666620515,0.6213182171835057,8.02867622540847,8997
energy,power_kw_eps2.0,budget_distribution,2.0,8,3,16.0,4,0,0.0,37.74815057767573,0.7549630115535146,0.2710851978032342,0.6209847727020118,8.02867622540847,8997
energy,power_kw_eps2.0,budget_distribution,2.0,8,4,,4,0,0.0,37.74815057767573,0.7549630115535146,0.2710851978032342,0.6209847727020118,8.02867622540847,8997
energy,power_kw_eps2.0,budget_distribution,2.0,8,4,4.0,4,0,0.0,77.53144506424127,1.5506289012848253,0.22367925181487036,0.6415471823941313,8.02867622540847,8997
energy,power_kw_eps2.0,budget_distribution,2.0,8,4,8.0,4,0,0.0,38.948741339969544,0.7789748267993909,0.22578042666620515,0.6213182171835057,8.02867622540847,8997
energy,power_kw_eps2.0,budget_distribution,2.0,8,4,16.0,4,0,0.0,37.74815057767573,0.7549630115535146,0.2710851978032342,0.6209847727020118,8.02867622540847,8997
energy,power_kw_eps2.0,budget_distribution,2.0,8,6,,4,0,0.0,37.74815057767573,0.7549630115535146,0.2710851978032342,0.6209847727020118,8.02867622540847,8997
energy,power_kw_eps2.0,budget_distribution,2.0,8,6,8.0,4,0,0.0,38.948741339969544,0.7789748267993909,0.22578042666620515,0.6213182171835057,8.02867622540847,8997
energy,power_kw_eps2.0,budget_distribution,2.0,8,6,16.0,4,0,0.0,37.74815057767573,0.7549630115535146,0.2710851978032342,0.6209847727020118,8.02867622540847,8997
energy,power_kw_eps2.0,budget_distribution,2.0,8,1,,4,2,0.0,37.77889189847866,0.7555778379695732,0.27108891059017154,0.6232013385387618,8.05733407696598,8965
energy,power_kw_eps2.0,budget_distribution,2.0,8,1,4.0,4,2,0.0,77.5770849449906,1.551541698899812,0.22353940031712574,0.6438371444506413,8.05733407696598,8965
energy,power_kw_eps2.0,budget_distribution,2.0,8,1,8.0,4,2,0.0,38.80422665209755,0.7760845330419509,0.221714178555239,0.6238706079196876,8.05733407696598,8965
energy,power_kw_eps2.0,budget_distribution,2.0,8,1,16.0,4,2,0.0,37.77889189847866,0.7555778379695732,0.27108891059017154,0.6232013385387618,8.05733407696598,8965
energy,power_kw_eps2.0,budget_distribution,2.0,8,2,,4,2,0.0,37.77889189847866,0.7555778379695732,0.27108891059017154,0.6232013385387618,8.05733407696598,8965
energy,power_kw_eps2.0,budget_distribution,2.0,8,2,4.0,4,2,0.0,77.5770849449906,1.551541698899812,0.22353940031712574,0.6438371444506413,8.05733407696598,8965
energy,power_kw_eps2.0,budget_distribution,2.0,8,2,8.0,4,2,0.0,38.80422665209755,0.7760845330419509,0.221714178555239,0.6238706079196876,8.05733407696598,8965
energy,power_kw_eps2.0,budget_distribution,2.0,8,2,16.0,4,2,0.0,37.77889189847866,0.7555778379695732,0.27108891059017154,0.6232013385387618,8.05733407696598,8965
energy,power_kw_eps2.0,budget_distribution,2.0,8,3,,4,2,0.0,37.77889189847866,0.7555778379695732,0.27108891059017154,0.6232013385387618,8.05733407696598,8965
energy,power_kw_eps2.0,budget_distribution,2.0,8,3,4.0,4,2,0.0,77.5770849449906,1.551541698899812,0.22353940031712574,0.6438371444506413,8.05733407696598,8965
energy,power_kw_eps2.0,budget_distribution,2.0,8,3,8.0,4,2,0.0,38.80422665209755,0.7760845330419509,0.221714178555239,0.6238706079196876,8.05733407696598,8965
energy,power_kw_eps2.0,budget_distribution,2.0,8,3,16.0,4,2,0.0,37.77889189847866,0.7555778379695732,0.27108891059017154,0.6232013385387618,8.05733407696598,8965
energy,power_kw_eps2.0,budget_distribution,2.0,8,4,,4,2,0.0,37.77889189847866,0.7555778379695732,0.27108891059017154,0.6232013385387618,8.05733407696598,8965
energy,power_kw_eps2.0,budget_distribution,2.0,8,4,4.0,4,2,0.0,77.5770849449906,1.551541698899812,0.22353940031712574,0.6438371444506413,8.05733407696598,8965
energy,power_kw_eps2.0,budget_distribution,2.0,8,4,8.0,4,2,0.0,38.80422665209755,0.7760845330419509,0.221714178555239,0.6238706079196876,8.05733407696598,8965
energy,power_kw_eps2.0,budget_distribution,2.0,8,4,16.0,4,2,0.0,37.77889189847866,0.7555778379695732,0.27108891059017154,0.6232013385387618,8.05733407696598,8965
energy,power_kw_eps2.0,budget_distribution,2.0,8,6,,4,2,0.0,37.77889189847866,0.7555778379695732,0.27108891059017154,0.6232013385387618,8.05733407696598,8965
energy,power_kw_eps2.0,budget_distribution,2.0,8,6,8.0,4,2,0.0,38.80422665209755,0.7760845330419509,0.221714178555239,0.6238706079196876,8.05733407696598,8965
energy,power_kw_eps2.0,budget_distribution,2.0,8,6,16.0,4,2,0.0,37.77889189847866,0.7555778379695732,0.27108891059017154,0.6232013385387618,8.05733407696598,8965
energy,power_kw_eps2.0,budget_distribution,2.0,8,1,,4,4,0.0,37.773105290365855,0.7554621058073171,0.27108891059017154,0.6235491071428572,8.061830357142858,8960
energy,power_kw_eps2.0,budget_distribution,2.0,8,1,4.0,4,4,0.0,77.61637298504301,1.5523274597008603,0.223678916199988,0.6441964285714286,8.061830357142858,8960
energy,power_kw_eps2.0,budget_distribution,2.0,8,1,8.0,4,4,0.0,38.798848740830266,0.7759769748166053,0.221714178555239,0.62421875,8.061830357142858,8960
energy,power_kw_eps2.0,budget_distribution,2.0,8,1,16.0,4,4,0.0,37.773105290365855,0.7554621058073171,0.27108891059017154,0.6235491071428572,8.061830357142858,8960
energy,power_kw_eps2.0,budget_distribution,2.0,8,2,,4,4,0.0,37.773105290365855,0.7554621058073171,0.27108891059017154,0.6235491071428572,8.061830357142858,8960
energy,power_kw_eps2.0,budget_distribution,2.0,8,2,4.0,4,4,0.0,77.61637298504301,1.5523274597008603,0.223678916199988,0.6441964285714286,8.061830357142858,8960
energy,power_kw_eps2.0,budget_distribution,2.0,8,2,8.0,4,4,0.0,38.798848740830266,0.7759769748166053,0.221714178555239,0.62421875,8.061830357142858,8960
energy,power_kw_eps2.0,budget_distribution,2.0,8,2,16.0,4,4,0.0,37.773105290365855,0.7554621058073171,0.27108891059017154,0.6235491071428572,8.061830357142858,8960
energy,power_kw_eps2.0,budget_distribution,2.0,8,3,,4,4,0.0,37.773105290365855,0.7554621058073171,0.27108891059017154,0.6235491071428572,8.061830357142858,8960
energy,power_kw_eps2.0,budget_distribution,2.0,8,3,4.0,4,4,0.0,77.61637298504301,1.5523274597008603,0.223678916199988,0.6441964285714286,8.061830357142858,8960
energy,power_kw_eps2.0,budget_distribution,2.0,8,3,8.0,4,4,0.0,38.798848740830266,0.7759769748166053,0.221714178555239,0.62421875,8.061830357142858,8960
energy,power_kw_eps2.0,budget_distribution,2.0,8,3,16.0,4,4,0.0,37.773105290365855,0.7554621058073171,0.27108891059017154,0.6235491071428572,8.061830357142858,8960
energy,power_kw_eps2.0,budget_distribution,2.0,8,4,,4,4,0.0,37.773105290365855,0.7554621058073171,0.27108891059017154,0.6235491071428572,8.061830357142858,8960
energy,power_kw_eps2.0,budget_distribution,2.0,8,4,4.0,4,4,0.0,77.61637298504301,1.5523274597008603,0.223678916199988,0.6441964285714286,8.061830357142858,8960
energy,power_kw_eps2.0,budget_distribution,2.0,8,4,8.0,4,4,0.0,38.798848740830266,0.7759769748166053,0.221714178555239,0.62421875,8.061830357142858,8960
energy,power_kw_eps2.0,budget_distribution,2.0,8,4,16.0,4,4,0.0,37.773105290365855,0.7554621058073171,0.27108891059017154,0.6235491071428572,8.061830357142858,8960
energy,power_kw_eps2.0,budget_distribution,2.0,8,6,,4,4,0.0,37.773105290365855,0.7554621058073171,0.27108891059017154,0.6235491071428572,8.061830357142858,8960
energy,power_kw_eps2.0,budget_distribution,2.0,8,6,8.0,4,4,0.0,38.798848740830266,0.7759769748166053,0.221714178555239,0.62421875,8.061830357142858,8960
energy,power_kw_eps2.0,budget_distribution,2.0,8,6,16.0,4,4,0.0,37.773105290365855,0.7554621058073171,0.27108891059017154,0.6235491071428572,8.061830357142858,8960
energy,power_kw_eps2.0,budget_absorption,2.0,8,1,,1,0,0.0,28.819551449011744,0.5763910289802349,0.47704523183335124,0.47653188828678616,7.827900514103098,35985
energy,power_kw_eps2.0,budget_absorption,2.0,8,1,4.0,1,0,0.0,57.985044432994485,1.1597008886598896,0.8283167339487224,0.498513269417813,7.827900514103098,35985
energy,power_kw_eps2.0,budget_absorption,2.0,8,1,8.0,1,0,0.0,29.347528972073324,0.5869505794414664,0.6178662075104463,0.48008892594136443,7.827900514103098,35985
energy,power_kw_eps2.0,budget_absorption,2.0,8,1,16.0,1,0,0.0,28.819551449011744,0.5763910289802349,0.47704523183335124,0.47653188828678616,7.827900514103098,35985
energy,power_kw_eps2.0,budget_absorption,2.0,8,2,,1,0,0.0,28.819551449011744,0.5763910289802349,0.47704523183335124,0.47653188828678616,7.827900514103098,35985
energy,power_kw_eps2.0,budget_absorption,2.0,8,2,4.0,1,0,0.0,57.985044432994485,1.1597008886598896,0.8283167339487224,0.498513269417813,7.827900514103098,35985
energy,power_kw_eps2.0,budget_absorption,2.0,8,2,8.0,1,0,0.0,29.347528972073324,0.5869505794414664,0.6178662075104463,0.48008892594136443,7.827900514103098,35985
energy,power_kw_eps2.0,budget_absorption,2.0,8,2,16.0,1,0,0.0,28.819551449011744,0.5763910289802349,0.47704523183335124,0.47653188828678616,7.827900514103098,35985
energy,power_kw_eps2.0,budget_absorption,2.0,8,3,,1,0,0.0,28.819551449011744,0.5763910289802349,0.47704523183335124,0.47653188828678616,7.827900514103098,35985
energy,power_kw_eps2.0,budget_absorption,2.0,8,3,4.0,1,0,0.0,57.985044432994485,1.1597008886598896,0.8283167339487224,0.498513269417813,7.827900514103098,35985
energy,power_kw_eps2.0,budget_absorption,2.0,8,3,8.0,1,0,0.0,29.347528972073324,0.5869505794414664,0.6178662075104463,0.48008892594136443,7.827900514103098,35985
energy,power_kw_eps2.0,budget_absorption,2.0,8,3,16.0,1,0,0.0,28.819551449011744,0.5763910289802349,0.47704523183335124,0.47653188828678616,7.827900514103098,35985
energy,power_kw_eps2.0,budget_absorption,2.0,8,4,,1,0,0.0,28.819551449011744,0.5763910289802349,0.47704523183335124,0.47653188828678616,7.827900514103098,35985
energy,power_kw_eps2.0,budget_absorption,2.0,8,4,4.0,1,0,0.0,57.985044432994485,1.1597008886598896,0.8283167339487224,0.498513269417813,7.827900514103098,35985
energy,power_kw_eps2.0,budget_absorption,2.0,8,4,8.0,1,0,0.0,29.347528972073324,0.5869505794414664,0.6178662075104463,0.48008892594136443,7.827900514103098,35985
energy,power_kw_eps2.0,budget_absorption,2.0,8,4,16.0,1,0,0.0,28.819551449011744,0.5763910289802349,0.47704523183335124,0.47653188828678616,7.827900514103098,35985
energy,power_kw_eps2.0,budget_absorption,2.0,8,6,,1,0,0.0,28.819551449011744,0.5763910289802349,0.47704523183335124,0.47653188828678616,7.827900514103098,35985
energy,power_kw_eps2.0,budget_absorption,2.0,8,6,8.0,1,0,0.0,29.347528972073324,0.5869505794414664,0.6178662075104463,0.48008892594136443,7.827900514103098,35985
energy,power_kw_eps2.0,budget_absorption,2.0,8,6,16.0,1,0,0.0,28.819551449011744,0.5763910289802349,0.47704523183335124,0.47653188828678616,7.827900514103098,35985
energy,power_kw_eps2.0,budget_absorption,2.0,8,1,,1,2,0.0,28.731993579612404,0.574639871592248,0.47704523183335124,0.4783397026416357,7.857597143574437,35849
energy,power_kw_eps2.0,budget_absorption,2.0,8,1,4.0,1,2,0.0,58.01975632706712,1.1603951265413424,0.8283167339487224,0.5004044743228542,7.857597143574437,35849
energy,power_kw_eps2.0,budget_absorption,2.0,8,1,8.0,1,2,0.0,29.35058940137184,0.5870117880274368,0.6178662075104463,0.48191023459510723,7.857597143574437,35849
energy,power_kw_eps2.0,budget_absorption,2.0,8,1,16.0,1,2,0.0,28.731993579612404,0.574639871592248,0.47704523183335124,0.4783397026416357,7.857597143574437,35849
energy,power_kw_eps2.0,budget_absorption,2.0,8,2,,1,2,0.0,28.731993579612404,0.574639871592248,0.47704523183335124,0.4783397026416357,7.857597143574437,35849
energy,power_kw_eps2.0,budget_absorption,2.0,8,2,4.0,1,2,0.0,58.01975632706712,1.1603951265413424,0.8283167339487224,0.5004044743228542,7.857597143574437,35849
energy,power_kw_eps2.0,budget_absorption,2.0,8,2,8.0,1,2,0.0,29.35058940137184,0.5870117880274368,0.6178662075104463,0.48191023459510723,7.857597143574437,35849
energy,power_kw_eps2.0,budget_absorption,2.0,8,2,16.0,1,2,0.0,28.731993579612404,0.574639871592248,0.47704523183335124,0.4783397026416357,7.857597143574437,35849
energy,power_kw_eps2.0,budget_absorption,2.0,8,3,,1,2,0.0,28.731993579612404,0.574639871592248,0.47704523183335124,0.4783397026416357,7.857597143574437,35849
energy,power_kw_eps2.0,budget_absorption,2.0,8,3,4.0,1,2,0.0,58.01975632706712,1.1603951265413424,0.8283167339487224,0.5004044743228542,7.857597143574437,35849
energy,power_kw_eps2.0,budget_absorption,2.0,8,3,8.0,1,2,0.0,29.35058940137184,0.5870117880274368,0.6178662075104463,0.48191023459510723,7.857597143574437,35849
energy,power_kw_eps2.0,budget_absorption,2.0,8,3,16.0,1,2,0.0,28.731993579612404,0.574639871592248,0.47704523183335124,0.4783397026416357,7.857597143574437,35849
energy,power_kw_eps2.0,budget_absorption,2.0,8,4,,1,2,0.0,28.731993579612404,0.574639871592248,0.47704523183335124,0.4783397026416357,7.857597143574437,35849
energy,power_kw_eps2.0,budget_absorption,2.0,8,4,4.0,1,2,0.0,58.01975632706712,1.1603951265413424,0.8283167339487224,0.5004044743228542,7.857597143574437,35849
energy,power_kw_eps2.0,budget_absorption,2.0,8,4,8.0,1,2,0.0,29.35058940137184,0.5870117880274368,0.6178662075104463,0.48191023459510723,7.857597143574437,35849
energy,power_kw_eps2.0,budget_absorption,2.0,8,4,16.0,1,2,0.0,28.731993579612404,0.574639871592248,0.47704523183335124,0.4783397026416357,7.857597143574437,35849
energy,power_kw_eps2.0,budget_absorption,2.0,8,6,,1,2,0.0,28.731993579612404,0.574639871592248,0.47704523183335124,0.4783397026416357,7.857597143574437,35849
energy,power_kw_eps2.0,budget_absorption,2.0,8,6,8.0,1,2,0.0,29.35058940137184,0.5870117880274368,0.6178662075104463,0.48191023459510723,7.857597143574437,35849
energy,power_kw_eps2.0,budget_absorption,2.0,8,6,16.0,1,2,0.0,28.731993579612404,0.574639871592248,0.47704523183335124,0.4783397026416357,7.857597143574437,35849
energy,power_kw_eps2.0,budget_absorption,2.0,8,1,,1,4,0.0,28.713920863854753,0.574278417277095,0.47704523183335124,0.4786868771459677,7.86330011445161,35823
energy,power_kw_eps2.0,budget_absorption,2.0,8,1,4.0,1,4,0.0,58.03186973024822,1.1606373946049644,0.8283167339487224,0.5007676632331184,7.86330011445161,35823
energy,power_kw_eps2.0,budget_absorption,2.0,8,1,8.0,1,4,0.0,29.3519990016322,0.587039980032644,0.6178662075104463,0.48226000055830054,7.86330011445161,35823
energy,power_kw_eps2.0,budget_absorption,2.0,8,1,16.0,1,4,0.0,28.713920863854753,0.574278417277095,0.47704523183335124,0.4786868771459677,7.86330011445161,35823
energy,power_kw_eps2.0,budget_absorption,2.0,8,2,,1,4,0.0,28.713920863854753,0.574278417277095,0.47704523183335124,0.4786868771459677,7.86330011445161,35823
energy,power_kw_eps2.0,budget_absorption,2.0,8,2,4.0,1,4,0.0,58.03186973024822,1.1606373946049644,0.8283167339487224,0.5007676632331184,7.86330011445161,35823
energy,power_kw_eps2.0,budget_absorption,2.0,8,2,8.0,1,4,0.0,29.3519990016322,0.587039980032644,0.6178662075104463,0.48226000055830054,7.86330011445161,35823
energy,power_kw_eps2.0,budget_absorption,2.0,8,2,16.0,1,4,0.0,28.713920863854753,0.574278417277095,0.47704523183335124,0.4786868771459677,7.86330011445161,35823
energy,power_kw_eps2.0,budget_absorption,2.0,8,3,,1,4,0.0,28.713920863854753,0.574278417277095,0.47704523183335124,0.4786868771459677,7.86330011445161,35823
energy,power_kw_eps2.0,budget_absorption,2.0,8,3,4.0,1,4,0.0,58.03186973024822,1.1606373946049644,0.8283167339487224,0.5007676632331184,7.86330011445161,35823
energy,power_kw_eps2.0,budget_absorption,2.0,8,3,8.0,1,4,0.0,29.3519990016322,0.587039980032644,0.6178662075104463,0.48226000055830054,7.86330011445161,35823
energy,power_kw_eps2.0,budget_absorption,2.0,8,3,16.0,1,4,0.0,28.713920863854753,0.574278417277095,0.47704523183335124,0.4786868771459677,7.86330011445161,35823
energy,power_kw_eps2.0,budget_absorption,2.0,8,4,,1,4,0.0,28.713920863854753,0.574278417277095,0.47704523183335124,0.4786868771459677,7.86330011445161,35823
energy,power_kw_eps2.0,budget_absorption,2.0,8,4,4.0,1,4,0.0,58.03186973024822,1.1606373946049644,0.8283167339487224,0.5007676632331184,7.86330011445161,35823
energy,power_kw_eps2.0,budget_absorption,2.0,8,4,8.0,1,4,0.0,29.3519990016322,0.587039980032644,0.6178662075104463,0.48226000055830054,7.86330011445161,35823
energy,power_kw_eps2.0,budget_absorption,2.0,8,4,16.0,1,4,0.0,28.713920863854753,0.574278417277095,0.47704523183335124,0.4786868771459677,7.86330011445161,35823
energy,power_kw_eps2.0,budget_absorption,2.0,8,6,,1,4,0.0,28.713920863854753,0.574278417277095,0.47704523183335124,0.4786868771459677,7.86330011445161,35823
energy,power_kw_eps2.0,budget_absorption,2.0,8,6,8.0,1,4,0.0,29.3519990016322,0.587039980032644,0.6178662075104463,0.48226000055830054,7.86330011445161,35823
energy,power_kw_eps2.0,budget_absorption,2.0,8,6,16.0,1,4,0.0,28.713920863854753,0.574278417277095,0.47704523183335124,0.4786868771459677,7.86330011445161,35823
energy,power_kw_eps2.0,budget_absorption,2.0,8,1,,2,0,0.0,28.461070655378325,0.5692214131075665,0.4906967273171409,0.4781303840382371,7.911187684099372,17993
energy,power_kw_eps2.0,budget_absorption,2.0,8,1,4.0,2,0,0.0,58.002417249236174,1.1600483449847234,0.550784006790243,0.4970821986328016,7.911187684099372,17993
energy,power_kw_eps2.0,budget_absorption,2.0,8,1,8.0,2,0,0.0,29.04398216204942,0.5808796432409884,0.5059691852348039,0.47974212193630855,7.911187684099372,17993
energy,power_kw_eps2.0,budget_absorption,2.0,8,1,16.0,2,0,0.0,28.461070655378325,0.5692214131075665,0.4906967273171409,0.4781303840382371,7.911187684099372,17993
energy,power_kw_eps2.0,budget_absorption,2.0,8,2,,2,0,0.0,28.461070655378325,0.5692214131075665,0.4906967273171409,0.4781303840382371,7.911187684099372,17993
energy,power_kw_eps2.0,budget_absorption,2.0,8,2,4.0,2,0,0.0,58.002417249236174,1.1600483449847234,0.550784006790243,0.4970821986328016,7.911187684099372,17993
energy,power_kw_eps2.0,budget_absorption,2.0,8,2,8.0,2,0,0.0,29.04398216204942,0.5808796432409884,0.5059691852348039,0.47974212193630855,7.911187684099372,17993
energy,power_kw_eps2.0,budget_absorption,2.0,8,2,16.0,2,0,0.0,28.461070655378325,0.5692214131075665,0.4906967273171409,0.4781303840382371,7.911187684099372,17993
energy,power_kw_eps2.0,budget_absorption,2.0,8,3,,2,0,0.0,28.461070655378325,0.5692214131075665,0.4906967273171409,0.4781303840382371,7.911187684099372,17993
energy,power_kw_eps2.0,budget_absorption,2.0,8,3,4.0,2,0,0.0,58.002417249236174,1.1600483449847234,0.550784006790243,0.4970821986328016,7.911187684099372,17993
energy,power_kw_eps2.0,budget_absorption,2.0,8,3,8.0,2,0,0.0,29.04398216204942,0.5808796432409884,0.5059691852348039,0.47974212193630855,7.911187684099372,17993
energy,power_kw_eps2.0,budget_absorption,2.0,8,3,16.0,2,0,0.0,28.461070655378325,0.5692214131075665,0.4906967273171409,0.4781303840382371,7.911187684099372,17993
energy,power_kw_eps2.0,budget_absorption,2.0,8,4,,2,0,0.0,28.461070655378325,0.5692214131075665,0.4906967273171409,0.4781303840382371,7.911187684099372,17993
energy,power_kw_eps2.0,budget_absorption,2.0,8,4,4.0,2,0,0.0,58.002417249236174,1.1600483449847234,0.550784006790243,0.4970821986328016,7.911187684099372,17993
energy,power_kw_eps2.0,budget_absorption,2.0,8,4,8.0,2,0,0.0,29.04398216204942,0.5808796432409884,0.5059691852348039,0.47974212193630855,7.911187684099372,17993
energy,power_kw_eps2.0,budget_absorption,2.0,8,4,16.0,2,0,0.0,28.461070655378325,0.5692214131075665,0.4906967273171409,0.4781303840382371,7.911187684099372,17993
energy,power_kw_eps2.0,budget_absorption,2.0,8,6,,2,0,0.0,28.461070655378325,0.5692214131075665,0.4906967273171409,0.4781303840382371,7.911187684099372,17993
energy,power_kw_eps2.0,budget_absorption,2.0,8,6,8.0,2,0,0.0,29.04398216204942,0.5808796432409884,0.5059691852348039,0.47974212193630855,7.911187684099372,17993
energy,power_kw_eps2.0,budget_absorption,2.0,8,6,16.0,2,0,0.0,28.461070655378325,0.5692214131075665,0.4906967273171409,0.4781303840382371,7.911187684099372,17993
energy,power_kw_eps2.0,budget_absorption,2.0,8,1,,2,2,0.0,28.486972807661605,0.5697394561532321,0.4906967273171409,0.47991743835769274,7.940756443155194,17926
energy,power_kw_eps2.0,budget_absorption,2.0,8,1,4.0,2,2,0.0,57.97439510747047,1.1594879021494093,0.550784006790243,0.49894008702443376,7.940756443155194,17926
energy,power_kw_eps2.0,budget_absorption,2.0,8,1,8.0,2,2,0.0,29.093294628012078,0.5818658925602416,0.5059691852348039,0.48153520026776747,7.940756443155194,17926
energy,power_kw_eps2.0,budget_absorption,2.0,8,1,16.0,2,2,0.0,28.486972807661605,0.5697394561532321,0.4906967273171409,0.47991743835769274,7.940756443155194,17926
energy,power_kw_eps2.0,budget_absorption,2.0,8,2,,2,2,0.0,28.486972807661605,0.5697394561532321,0.4906967273171409,0.47991743835769274,7.940756443155194,17926
energy,power_kw_eps2.0,budget_absorption,2.0,8,2,4.0,2,2,0.0,57.97439510747047,1.1594879021494093,0.550784006790243,0.49894008702443376,7.940756443155194,17926
energy,power_kw_eps2.0,budget_absorption,2.0,8,2,8.0,2,2,0.0,29.093294628012078,0.5818658925602416,0.5059691852348039,0.48153520026776747,7.940756443155194,17926
energy,power_kw_eps2.0,budget_absorption,2.0,8,2,16.0,2,2,0.0,28.486972807661605,0.5697394561532321,0.4906967273171409,0.47991743835769274,7.940756443155194,17926
energy,power_kw_eps2.0,budget_absorption,2.0,8,3,,2,2,0.0,28.486972807661605,0.5697394561532321,0.4906967273171409,0.47991743835769274,7.940756443155194,17926
energy,power_kw_eps2.0,budget_absorption,2.0,8,3,4.0,2,2,0.0,57.97439510747047,1.1594879021494093,0.550784006790243,0.49894008702443376,7.940756443155194,17926
energy,power_kw_eps2.0,budget_absorption,2.0,8,3,8.0,2,2,0.0,29.093294628012078,0.5818658925602416,0.5059691852348039,0.48153520026776747,7.940756443155194,17926
energy,power_kw_eps2.0,budget_absorption,2.0,8,3,16.0,2,2,0.0,28.486972807661605,0.5697394561532321,0.4906967273171409,0.47991743835769274,7.940756443155194,17926
energy,power_kw_eps2.0,budget_absorption,2.0,8,4,,2,2,0.0,28.486972807661605,0.5697394561532321,0.4906967273171409,0.47991743835769274,7.940756443155194,17926
energy,power_kw_eps2.0,budget_absorption,2.0,8,4,4.0,2,2,0.0,57.97439510747047,1.1594879021494093,0.550784006790243,0.49894008702443376,7.940756443155194,17926
energy,power_kw_eps2.0,budget_absorption,2.0,8,4,8.0,2,2,0.0,29.093294628012078,0.5818658925602416,0.5059691852348039,0.48153520026776747,7.940756443155194,17926
energy,power_kw_eps2.0,budget_absorption,2.0,8,4,16.0,2,2,0.0,28.486972807661605,0.5697394561532321,0.4906967273171409,0.47991743835769274,7.940756443155194,17926
energy,power_kw_eps2.0,budget_absorption,2.0,8,6,,2,2,0.0,28.486972807661605,0.5697394561532321,0.4906967273171409,0.47991743835769274,7.940756443155194,17926
energy,power_kw_eps2.0,budget_absorption,2.0,8,6,8.0,2,2,0.0,29.093294628012078,0.5818658925602416,0.5059691852348039,0.48153520026776747,7.940756443155194,17926
energy,power_kw_eps2.0,budget_absorption,2.0,8,6,16.0,2,2,0.0,28.486972807661605,0.5697394561532321,0.4906967273171409,0.47991743835769274,7.940756443155194,17926
energy,power_kw_eps2.0,budget_absorption,2.0,8,1,,2,4,0.0,28.492786501756438,0.5698557300351288,0.4906967273171409,0.48021211275467485,7.945632151828077,17915
energy,power_kw_eps2.0,budget_absorption,2.0,8,1,4.0,2,4,0.0,57.98404417931522,1.1596808835863044,0.550784006790243,0.4992464415294446,7.945632151828077,17915
energy,power_kw_eps2.0,budget_absorption,2.0,8,1,8.0,2,4,0.0,29.099490146322566,0.5819898029264513,0.5059691852348039,0.4818308679877198,7.945632151828077,17915
energy,power_kw_eps2.0,budget_absorption,2.0,8,1,16.0,2,4,0.0,28.492786501756438,0.5698557300351288,0.4906967273171409,0.48021211275467485,7.945632151828077,17915
energy,power_kw_eps2.0,budget_absorption,2.0,8,2,,2,4,0.0,28.492786501756438,0.5698557300351288,0.4906967273171409,0.48021211275467485,7.945632151828077,17915
energy,power_kw_eps2.0,budget_absorption,2.0,8,2,4.0,2,4,0.0,57.98404417931522,1.1596808835863044,0.550784006790243,0.4992464415294446,7.945632151828077,17915
energy,power_kw_eps2.0,budget_absorption,2.0,8,2,8.0,2,4,0.0,29.099490146322566,0.5819898029264513,0.5059691852348039,0.4818308679877198,7.945632151828077,17915
energy,power_kw_eps2.0,budget_absorption,2.0,8,2,16.0,2,4,0.0,28.492786501756438,0.5698557300351288,0.4906967273171409,0.48021211275467485,7.945632151828077,17915
energy,power_kw_eps2.0,budget_absorption,2.0,8,3,,2,4,0.0,28.492786501756438,0.5698557300351288,0.4906967273171409,0.48021211275467485,7.945632151828077,17915
energy,power_kw_eps2.0,budget_absorption,2.0,8,3,4.0,2,4,0.0,57.98404417931522,1.1596808835863044,0.550784006790243,0.4992464415294446,7.945632151828077,17915
energy,power_kw_eps2.0,budget_absorption,2.0,8,3,8.0,2,4,0.0,29.099490146322566,0.5819898029264513,0.5059691852348039,0.4818308679877198,7.945632151828077,17915
energy,power_kw_eps2.0,budget_absorption,2.0,8,3,16.0,2,4,0.0,28.492786501756438,0.5698557300351288,0.4906967273171409,0.48021211275467485,7.945632151828077,17915
energy,power_kw_eps2.0,budget_absorption,2.0,8,4,,2,4,0.0,28.492786501756438,0.5698557300351288,0.4906967273171409,0.48021211275467485,7.945632151828077,17915
energy,power_kw_eps2.0,budget_absorption,2.0,8,4,4.0,2,4,0.0,57.98404417931522,1.1596808835863044,0.550784006790243,0.4992464415294446,7.945632151828077,17915
energy,power_kw_eps2.0,budget_absorption,2.0,8,4,8.0,2,4,0.0,29.099490146322566,0.5819898029264513,0.5059691852348039,0.4818308679877198,7.945632151828077,17915
energy,power_kw_eps2.0,budget_absorption,2.0,8,4,16.0,2,4,0.0,28.492786501756438,0.5698557300351288,0.4906967273171409,0.48021211275467485,7.945632151828077,17915
energy,power_kw_eps2.0,budget_absorption,2.0,8,6,,2,4,0.0,28.492786501756438,0.5698557300351288,0.4906967273171409,0.48021211275467485,7.945632151828077,17915
energy,power_kw_eps2.0,budget_absorption,2.0,8,6,8.0,2,4,0.0,29.099490146322566,0.5819898029264513,0.5059691852348039,0.4818308679877198,7.945632151828077,17915
energy,power_kw_eps2.0,budget_absorption,2.0,8,6,16.0,2,4,0.0,28.492786501756438,0.5698557300351288,0.4906967273171409,0.48021211275467485,7.945632151828077,17915
energy,power_kw_eps2.0,budget_absorption,2.0,8,1,,4,0,0.0,27.520724154816833,0.5504144830963367,0.4667305521022256,0.4713793486717795,8.02867622540847,8997
energy,power_kw_eps2.0,budget_absorption,2.0,8,1,4.0,4,0,0.0,57.58438635228179,1.1516877270456358,0.5902702212508387,0.4937201289318662,8.02867622540847,8997
energy,power_kw_eps2.0,budget_absorption,2.0,8,1,8.0,4,0,0.0,28.58029620668186,0.5716059241336372,0.4711489269363559,0.47415805268422806,8.02867622540847,8997
energy,power_kw_eps2.0,budget_absorption,2.0,8,1,16.0,4,0,0.0,27.520724154816833,0.5504144830963367,0.4667305521022256,0.4713793486717795,8.02867622540847,8997
energy,power_kw_eps2.0,budget_absorption,2.0,8,2,,4,0,0.0,27.520724154816833,0.5504144830963367,0.4667305521022256,0.4713793486717795,8.02867622540847,8997
energy,power_kw_eps2.0,budget_absorption,2.0,8,2,4.0,4,0,0.0,57.58438635228179,1.1516877270456358,0.5902702212508387,0.4937201289318662,8.02867622540847,8997
energy,power_kw_eps2.0,budget_absorption,2.0,8,2,8.0,4,0,0.0,28.58029620668186,0.5716059241336372,0.4711489269363559,0.47415805268422806,8.02867622540847,8997
energy,power_kw_eps2.0,budget_absorption,2.0,8,2,16.0,4,0,0.0,27.520724154816833,0.5504144830963367,0.4667305521022256,0.4713793486717795,8.02867622540847,8997
energy,power_kw_eps2.0,budget_absorption,2.0,8,3,,4,0,0.0,27.520724154816833,0.5504144830963367,0.4667305521022256,0.4713793486717795,8.02867622540847,8997
energy,power_kw_eps2.0,budget_absorption,2.0,8,3,4.0,4,0,0.0,57.58438635228179,1.1516877270456358,0.5902702212508387,0.4937201289318662,8.02867622540847,8997
energy,power_kw_eps2.0,budget_absorption,2.0,8,3,8.0,4,0,0.0,28.58029620668186,0.5716059241336372,0.4711489269363559,0.47415805268422806,8.02867622540847,8997
energy,power_kw_eps2.0,budget_absorption,2.0,8,3,16.0,4,0,0.0,27.520724154816833,0.5504144830963367,0.4667305521022256,0.4713793486717795,8.02867622540847,8997
energy,power_kw_eps2.0,budget_absorption,2.0,8,4,,4,0,0.0,27.520724154816833,0.5504144830963367,0.4667305521022256,0.4713793486717795,8.02867622540847,8997
energy,power_kw_eps2.0,budget_absorption,2.0,8,4,4.0,4,0,0.0,57.58438635228179,1.1516877270456358,0.5902702212508387,0.4937201289318662,8.02867622540847,8997
energy,power_kw_eps2.0,budget_absorption,2.0,8,4,8.0,4,0,0.0,28.58029620668186,0.5716059241336372,0.4711489269363559,0.47415805268422806,8.02867622540847,8997
energy,power_kw_eps2.0,budget_absorption,2.0,8,4,16.0,4,0,0.0,27.520724154816833,0.5504144830963367,0.4667305521022256,0.4713793486717795,8.02867622540847,8997
energy,power_kw_eps2.0,budget_absorption,2.0,8,6,,4,0,0.0,27.520724154816833,0.5504144830963367,0.4667305521022256,0.4713793486717795,8.02867622540847,8997
energy,power_kw_eps2.0,budget_absorption,2.0,8,6,8.0,4,0,0.0,28.58029620668186,0.5716059241336372,0.4711489269363559,0.47415805268422806,8.02867622540847,8997
energy,power_kw_eps2.0,budget_absorption,2.0,8,6,16.0,4,0,0.0,27.520724154816833,0.5504144830963367,0.4667305521022256,0.4713793486717795,8.02867622540847,8997
energy,power_kw_eps2.0,budget_absorption,2.0,8,1,,4,2,0.0,27.532635352261206,0.5506527070452241,0.4667305521022256,0.4730619074177356,8.05733407696598,8965
energy,power_kw_eps2.0,budget_absorption,2.0,8,1,4.0,4,2,0.0,57.576289015565955,1.151525780311319,0.5902702212508387,0.4954824316787507,8.05733407696598,8965
energy,power_kw_eps2.0,budget_absorption,2.0,8,1,8.0,4,2,0.0,28.611901686553498,0.57223803373107,0.4711489269363559,0.4758505298382599,8.05733407696598,8965
energy,power_kw_eps2.0,budget_absorption,2.0,8,1,16.0,4,2,0.0,27.532635352261206,0.5506527070452241,0.4667305521022256,0.4730619074177356,8.05733407696598,8965
energy,power_kw_eps2.0,budget_absorption,2.0,8,2,,4,2,0.0,27.532635352261206,0.5506527070452241,0.4667305521022256,0.4730619074177356,8.05733407696598,8965
energy,power_kw_eps2.0,budget_absorption,2.0,8,2,4.0,4,2,0.0,57.576289015565955,1.151525780311319,0.5902702212508387,0.4954824316787507,8.05733407696598,8965
energy,power_kw_eps2.0,budget_absorption,2.0,8,2,8.0,4,2,0.0,28.611901686553498,0.57223803373107,0.4711489269363559,0.4758505298382599,8.05733407696598,8965
energy,power_kw_eps2.0,budget_absorption,2.0,8,2,16.0,4,2,0.0,27.532635352261206,0.5506527070452241,0.4667305521022256,0.4730619074177356,8.05733407696598,8965
energy,power_kw_eps2.0,budget_absorption,2.0,8,3,,4,2,0.0,27.532635352261206,0.5506527070452241,0.4667305521022256,0.4730619074177356,8.05733407696598,8965
energy,power_kw_eps2.0,budget_absorption,2.0,8,3,4.0,4,2,0.0,57.576289015565955,1.151525780311319,0.5902702212508387,0.4954824316787507,8.05733407696598,8965
energy,power_kw_eps2.0,budget_absorption,2.0,8,3,8.0,4,2,0.0,28.611901686553498,0.57223803373107,0.4711489269363559,0.4758505298382599,8.05733407696598,8965
energy,power_kw_eps2.0,budget_absorption,2.0,8,3,16.0,4,2,0.0,27.532635352261206,0.5506527070452241,0.4667305521022256,0.4730619074177356,8.05733407696598,8965
energy,power_kw_eps2.0,budget_absorption,2.0,8,4,,4,2,0.0,27.532635352261206,0.5506527070452241,0.4667305521022256,0.4730619074177356,8.05733407696598,8965
energy,power_kw_eps2.0,budget_absorption,2.0,8,4,4.0,4,2,0.0,57.576289015565955,1.151525780311319,0.5902702212508387,0.4954824316787507,8.05733407696598,8965
energy,power_kw_eps2.0,budget_absorption,2.0,8,4,8.0,4,2,0.0,28.611901686553498,0.57223803373107,0.4711489269363559,0.4758505298382599,8.05733407696598,8965
energy,power_kw_eps2.0,budget_absorption,2.0,8,4,16.0,4,2,0.0,27.532635352261206,0.5506527070452241,0.4667305521022256,0.4730619074177356,8.05733407696598,8965
energy,power_kw_eps2.0,budget_absorption,2.0,8,6,,4,2,0.0,27.532635352261206,0.5506527070452241,0.4667305521022256,0.4730619074177356,8.05733407696598,8965
energy,power_kw_eps2.0,budget_absorption,2.0,8,6,8.0,4,2,0.0,28.611901686553498,0.57223803373107,0.4711489269363559,0.4758505298382599,8.05733407696598,8965
energy,power_kw_eps2.0,budget_absorption,2.0,8,6,16.0,4,2,0.0,27.532635352261206,0.5506527070452241,0.4667305521022256,0.4730619074177356,8.05733407696598,8965
energy,power_kw_eps2.0,budget_absorption,2.0,8,1,,4,4,0.0,27.537499989005134,0.5507499997801026,0.4667305521022256,0.4733258928571429,8.061830357142858,8960
energy,power_kw_eps2.0,budget_absorption,2.0,8,1,4.0,4,4,0.0,57.578599708187525,1.1515719941637506,0.5902702212508387,0.49575892857142856,8.061830357142858,8960
energy,power_kw_eps2.0,budget_absorption,2.0,8,1,8.0,4,4,0.0,28.611647254548586,0.5722329450909718,0.4711489269363559,0.47611607142857143,8.061830357142858,8960
energy,power_kw_eps2.0,budget_absorption,2.0,8,1,16.0,4,4,0.0,27.537499989005134,0.5507499997801026,0.4667305521022256,0.4733258928571429,8.061830357142858,8960
energy,power_kw_eps2.0,budget_absorption,2.0,8,2,,4,4,0.0,27.537499989005134,0.5507499997801026,0.4667305521022256,0.4733258928571429,8.061830357142858,8960
energy,power_kw_eps2.0,budget_absorption,2.0,8,2,4.0,4,4,0.0,57.578599708187525,1.1515719941637506,0.5902702212508387,0.49575892857142856,8.061830357142858,8960
energy,power_kw_eps2.0,budget_absorption,2.0,8,2,8.0,4,4,0.0,28.611647254548586,0.5722329450909718,0.4711489269363559,0.47611607142857143,8.061830357142858,8960
energy,power_kw_eps2.0,budget_absorption,2.0,8,2,16.0,4,4,0.0,27.537499989005134,0.5507499997801026,0.4667305521022256,0.4733258928571429,8.061830357142858,8960
energy,power_kw_eps2.0,budget_absorption,2.0,8,3,,4,4,0.0,27.537499989005134,0.5507499997801026,0.4667305521022256,0.4733258928571429,8.061830357142858,8960
energy,power_kw_eps2.0,budget_absorption,2.0,8,3,4.0,4,4,0.0,57.578599708187525,1.1515719941637506,0.5902702212508387,0.49575892857142856,8.061830357142858,8960
energy,power_kw_eps2.0,budget_absorption,2.0,8,3,8.0,4,4,0.0,28.611647254548586,0.5722329450909718,0.4711489269363559,0.47611607142857143,8.061830357142858,8960
energy,power_kw_eps2.0,budget_absorption,2.0,8,3,16.0,4,4,0.0,27.537499989005134,0.5507499997801026,0.4667305521022256,0.4733258928571429,8.061830357142858,8960
energy,power_kw_eps2.0,budget_absorption,2.0,8,4,,4,4,0.0,27.537499989005134,0.5507499997801026,0.4667305521022256,0.4733258928571429,8.061830357142858,8960
energy,power_kw_eps2.0,budget_absorption,2.0,8,4,4.0,4,4,0.0,57.578599708187525,1.1515719941637506,0.5902702212508387,0.49575892857142856,8.061830357142858,8960
energy,power_kw_eps2.0,budget_absorption,2.0,8,4,8.0,4,4,0.0,28.611647254548586,0.5722329450909718,0.4711489269363559,0.47611607142857143,8.061830357142858,8960
energy,power_kw_eps2.0,budget_absorption,2.0,8,4,16.0,4,4,0.0,27.537499989005134,0.5507499997801026,0.4667305521022256,0.4733258928571429,8.061830357142858,8960
energy,power_kw_eps2.0,budget_absorption,2.0,8,6,,4,4,0.0,27.537499989005134,0.5507499997801026,0.4667305521022256,0.4733258928571429,8.061830357142858,8960
energy,power_kw_eps2.0,budget_absorption,2.0,8,6,8.0,4,4,0.0,28.611647254548586,0.5722329450909718,0.4711489269363559,0.47611607142857143,8.061830357142858,8960
energy,power_kw_eps2.0,budget_absorption,2.0,8,6,16.0,4,4,0.0,27.537499989005134,0.5507499997801026,0.4667305521022256,0.4733258928571429,8.061830357142858,8960
energy,power_kw_eps2.0,p_gated_uniform,2.0,8,1,,1,0,0.0,25.24540234562208,0.5049080469124416,0.8821253415030252,0.9944977073780742,7.827900514103098,35985
energy,power_kw_eps2.0,p_gated_uniform,2.0,8,1,4.0,1,0,0.0,49.315892207493214,0.9863178441498642,0.7269027584799401,0.9944977073780742,7.827900514103098,35985
energy,power_kw_eps2.0,p_gated_uniform,2.0,8,1,8.0,1,0,0.0,25.64680689080991,0.5129361378161982,0.8886333652440578,0.9944977073780742,7.827900514103098,35985
energy,power_kw_eps2.0,p_gated_uniform,2.0,8,1,16.0,1,0,0.0,25.24540234562208,0.5049080469124416,0.8821253415030252,0.9944977073780742,7.827900514103098,35985
energy,power_kw_eps2.0,p_gated_uniform,2.0,8,2,,1,0,0.0,25.24540234562208,0.5049080469124416,0.8821253415030252,0.9944977073780742,7.827900514103098,35985
energy,power_kw_eps2.0,p_gated_uniform,2.0,8,2,4.0,1,0,0.0,49.315892207493214,0.9863178441498642,0.7269027584799401,0.9944977073780742,7.827900514103098,35985
energy,power_kw_eps2.0,p_gated_uniform,2.0,8,2,8.0,1,0,0.0,25.64680689080991,0.5129361378161982,0.8886333652440578,0.9944977073780742,7.827900514103098,35985
energy,power_kw_eps2.0,p_gated_uniform,2.0,8,2,16.0,1,0,0.0,25.24540234562208,0.5049080469124416,0.8821253415030252,0.9944977073780742,7.827900514103098,35985
energy,power_kw_eps2.0,p_gated_uniform,2.0,8,3,,1,0,0.0,25.24540234562208,0.5049080469124416,0.8821253415030252,0.9944977073780742,7.827900514103098,35985
energy,power_kw_eps2.0,p_gated_uniform,2.0,8,3,4.0,1,0,0.0,49.315892207493214,0.9863178441498642,0.7269027584799401,0.9944977073780742,7.827900514103098,35985
energy,power_kw_eps2.0,p_gated_uniform,2.0,8,3,8.0,1,0,0.0,25.64680689080991,0.5129361378161982,0.8886333652440578,0.9944977073780742,7.827900514103098,35985
energy,power_kw_eps2.0,p_gated_uniform,2.0,8,3,16.0,1,0,0.0,25.24540234562208,0.5049080469124416,0.8821253415030252,0.9944977073780742,7.827900514103098,35985
energy,power_kw_eps2.0,p_gated_uniform,2.0,8,4,,1,0,0.0,25.24540234562208,0.5049080469124416,0.8821253415030252,0.9944977073780742,7.827900514103098,35985
energy,power_kw_eps2.0,p_gated_uniform,2.0,8,4,4.0,1,0,0.0,49.315892207493214,0.9863178441498642,0.7269027584799401,0.9944977073780742,7.827900514103098,35985
energy,power_kw_eps2.0,p_gated_uniform,2.0,8,4,8.0,1,0,0.0,25.64680689080991,0.5129361378161982,0.8886333652440578,0.9944977073780742,7.827900514103098,35985
energy,power_kw_eps2.0,p_gated_uniform,2.0,8,4,16.0,1,0,0.0,25.24540234562208,0.5049080469124416,0.8821253415030252,0.9944977073780742,7.827900514103098,35985
energy,power_kw_eps2.0,p_gated_uniform,2.0,8,6,,1,0,0.0,25.24540234562208,0.5049080469124416,0.8821253415030252,0.9944977073780742,7.827900514103098,35985
energy,power_kw_eps2.0,p_gated_uniform,2.0,8,6,8.0,1,0,0.0,25.64680689080991,0.5129361378161982,0.8886333652440578,0.9944977073780742,7.827900514103098,35985
energy,power_kw_eps2.0,p_gated_uniform,2.0,8,6,16.0,1,0,0.0,25.24540234562208,0.5049080469124416,0.8821253415030252,0.9944977073780742,7.827900514103098,35985
energy,power_kw_eps2.0,p_gated_uniform,2.0,8,1,,1,2,0.0,25.261255887329156,0.5052251177465831,0.8821253415030252,0.9982705235850372,7.857597143574437,35849
energy,power_kw_eps2.0,p_gated_uniform,2.0,8,1,4.0,1,2,0.0,49.35979491854748,0.9871958983709496,0.7269027584799401,0.9982705235850372,7.857597143574437,35849
energy,power_kw_eps2.0,p_gated_uniform,2.0,8,1,8.0,1,2,0.0,25.663770629090326,0.5132754125818065,0.8886333652440578,0.9982705235850372,7.857597143574437,35849
energy,power_kw_eps2.0,p_gated_uniform,2.0,8,1,16.0,1,2,0.0,25.261255887329156,0.5052251177465831,0.8821253415030252,0.9982705235850372,7.857597143574437,35849
energy,power_kw_eps2.0,p_gated_uniform,2.0,8,2,,1,2,0.0,25.261255887329156,0.5052251177465831,0.8821253415030252,0.9982705235850372,7.857597143574437,35849
energy,power_kw_eps2.0,p_gated_uniform,2.0,8,2,4.0,1,2,0.0,49.35979491854748,0.9871958983709496,0.7269027584799401,0.9982705235850372,7.857597143574437,35849
energy,power_kw_eps2.0,p_gated_uniform,2.0,8,2,8.0,1,2,0.0,25.663770629090326,0.5132754125818065,0.8886333652440578,0.9982705235850372,7.857597143574437,35849
energy,power_kw_eps2.0,p_gated_uniform,2.0,8,2,16.0,1,2,0.0,25.261255887329156,0.5052251177465831,0.8821253415030252,0.9982705235850372,7.857597143574437,35849
energy,power_kw_eps2.0,p_gated_uniform,2.0,8,3,,1,2,0.0,25.261255887329156,0.5052251177465831,0.8821253415030252,0.9982705235850372,7.857597143574437,35849
energy,power_kw_eps2.0,p_gated_uniform,2.0,8,3,4.0,1,2,0.0,49.35979491854748,0.9871958983709496,0.7269027584799401,0.9982705235850372,7.857597143574437,35849
energy,power_kw_eps2.0,p_gated_uniform,2.0,8,3,8.0,1,2,0.0,25.663770629090326,0.5132754125818065,0.8886333652440578,0.9982705235850372,7.857597143574437,35849
energy,power_kw_eps2.0,p_gated_uniform,2.0,8,3,16.0,1,2,0.0,25.261255887329156,0.5052251177465831,0.8821253415030252,0.9982705235850372,7.857597143574437,35849
energy,power_kw_eps2.0,p_gated_uniform,2.0,8,4,,1,2,0.0,25.261255887329156,0.5052251177465831,0.8821253415030252,0.9982705235850372,7.857597143574437,35849
energy,power_kw_eps2.0,p_gated_uniform,2.0,8,4,4.0,1,2,0.0,49.35979491854748,0.9871958983709496,0.7269027584799401,0.9982705235850372,7.857597143574437,35849
energy,power_kw_eps2.0,p_gated_uniform,2.0,8,4,8.0,1,2,0.0,25.663770629090326,0.5132754125818065,0.8886333652440578,0.9982705235850372,7.857597143574437,35849
energy,power_kw_eps2.0,p_gated_uniform,2.0,8,4,16.0,1,2,0.0,25.261255887329156,0.5052251177465831,0.8821253415030252,0.9982705235850372,7.857597143574437,35849
energy,power_kw_eps2.0,p_gated_uniform,2.0,8,6,,1,2,0.0,25.261255887329156,0.5052251177465831,0.8821253415030252,0.9982705235850372,7.857597143574437,35849
energy,power_kw_eps2.0,p_gated_uniform,2.0,8,6,8.0,1,2,0.0,25.663770629090326,0.5132754125818065,0.8886333652440578,0.9982705235850372,7.857597143574437,35849
energy,power_kw_eps2.0,p_gated_uniform,2.0,8,6,16.0,1,2,0.0,25.261255887329156,0.5052251177465831,0.8821253415030252,0.9982705235850372,7.857597143574437,35849
energy,power_kw_eps2.0,p_gated_uniform,2.0,8,1,,1,4,0.0,25.26370472733241,0.5052740945466482,0.8821253415030252,0.9989950590402814,7.86330011445161,35823
energy,power_kw_eps2.0,p_gated_uniform,2.0,8,1,4.0,1,4,0.0,49.36743803730098,0.9873487607460195,0.7269027584799401,0.9989950590402814,7.86330011445161,35823
energy,power_kw_eps2.0,p_gated_uniform,2.0,8,1,8.0,1,4,0.0,25.666511610546994,0.5133302322109399,0.8886333652440578,0.9989950590402814,7.86330011445161,35823
energy,power_kw_eps2.0,p_gated_uniform,2.0,8,1,16.0,1,4,0.0,25.26370472733241,0.5052740945466482,0.8821253415030252,0.9989950590402814,7.86330011445161,35823
energy,power_kw_eps2.0,p_gated_uniform,2.0,8,2,,1,4,0.0,25.26370472733241,0.5052740945466482,0.8821253415030252,0.9989950590402814,7.86330011445161,35823
energy,power_kw_eps2.0,p_gated_uniform,2.0,8,2,4.0,1,4,0.0,49.36743803730098,0.9873487607460195,0.7269027584799401,0.9989950590402814,7.86330011445161,35823
energy,power_kw_eps2.0,p_gated_uniform,2.0,8,2,8.0,1,4,0.0,25.666511610546994,0.5133302322109399,0.8886333652440578,0.9989950590402814,7.86330011445161,35823
energy,power_kw_eps2.0,p_gated_uniform,2.0,8,2,16.0,1,4,0.0,25.26370472733241,0.5052740945466482,0.8821253415030252,0.9989950590402814,7.86330011445161,35823
energy,power_kw_eps2.0,p_gated_uniform,2.0,8,3,,1,4,0.0,25.26370472733241,0.5052740945466482,0.8821253415030252,0.9989950590402814,7.86330011445161,35823
energy,power_kw_eps2.0,p_gated_uniform,2.0,8,3,4.0,1,4,0.0,49.36743803730098,0.9873487607460195,0.7269027584799401,0.9989950590402814,7.86330011445161,35823
energy,power_kw_eps2.0,p_gated_uniform,2.0,8,3,8.0,1,4,0.0,25.666511610546994,0.5133302322109399,0.8886333652440578,0.9989950590402814,7.86330011445161,35823
energy,power_kw_eps2.0,p_gated_uniform,2.0,8,3,16.0,1,4,0.0,25.26370472733241,0.5052740945466482,0.8821253415030252,0.9989950590402814,7.86330011445161,35823
energy,power_kw_eps2.0,p_gated_uniform,2.0,8,4,,1,4,0.0,25.26370472733241,0.5052740945466482,0.8821253415030252,0.9989950590402814,7.86330011445161,35823
energy,power_kw_eps2.0,p_gated_uniform,2.0,8,4,4.0,1,4,0.0,49.36743803730098,0.9873487607460195,0.7269027584799401,0.9989950590402814,7.86330011445161,35823
energy,power_kw_eps2.0,p_gated_uniform,2.0,8,4,8.0,1,4,0.0,25.666511610546994,0.5133302322109399,0.8886333652440578,0.9989950590402814,7.86330011445161,35823
energy,power_kw_eps2.0,p_gated_uniform,2.0,8,4,16.0,1,4,0.0,25.26370472733241,0.5052740945466482,0.8821253415030252,0.9989950590402814,7.86330011445161,35823
energy,power_kw_eps2.0,p_gated_uniform,2.0,8,6,,1,4,0.0,25.26370472733241,0.5052740945466482,0.8821253415030252,0.9989950590402814,7.86330011445161,35823
energy,power_kw_eps2.0,p_gated_uniform,2.0,8,6,8.0,1,4,0.0,25.666511610546994,0.5133302322109399,0.8886333652440578,0.9989950590402814,7.86330011445161,35823
energy,power_kw_eps2.0,p_gated_uniform,2.0,8,6,16.0,1,4,0.0,25.26370472733241,0.5052740945466482,0.8821253415030252,0.9989950590402814,7.86330011445161,35823
energy,power_kw_eps2.0,p_gated_uniform,2.0,8,1,,2,0,0.0,25.0937304503013,0.501874609006026,0.7345370254257704,0.9947757461234925,7.911187684099372,17993
energy,power_kw_eps2.0,p_gated_uniform,2.0,8,1,4.0,2,0,0.0,49.452905134840314,0.9890581026968063,0.7292437009141017,0.9947757461234925,7.911187684099372,17993
energy,power_kw_eps2.0,p_gated_uniform,2.0,8,1,8.0,2,0,0.0,25.562965966979863,0.5112593193395972,0.750270380354529,0.9947757461234925,7.911187684099372,17993
energy,power_kw_eps2.0,p_gated_uniform,2.0,8,1,16.0,2,0,0.0,25.0937304503013,0.501874609006026,0.7345370254257704,0.9947757461234925,7.911187684099372,17993
energy,power_kw_eps2.0,p_gated_uniform,2.0,8,2,,2,0,0.0,25.0937304503013,0.501874609006026,0.7345370254257704,0.9947757461234925,7.911187684099372,17993
energy,power_kw_eps2.0,p_gated_uniform,2.0,8,2,4.0,2,0,0.0,49.452905134840314,0.9890581026968063,0.7292437009141017,0.9947757461234925,7.911187684099372,17993
energy,power_kw_eps2.0,p_gated_uniform,2.0,8,2,8.0,2,0,0.0,25.562965966979863,0.5112593193395972,0.750270380354529,0.9947757461234925,7.911187684099372,17993
energy,power_kw_eps2.0,p_gated_uniform,2.0,8,2,16.0,2,0,0.0,25.0937304503013,0.501874609006026,0.7345370254257704,0.9947757461234925,7.911187684099372,17993
energy,power_kw_eps2.0,p_gated_uniform,2.0,8,3,,2,0,0.0,25.0937304503013,0.501874609006026,0.7345370254257704,0.9947757461234925,7.911187684099372,17993
energy,power_kw_eps2.0,p_gated_uniform,2.0,8,3,4.0,2,0,0.0,49.452905134840314,0.9890581026968063,0.7292437009141017,0.9947757461234925,7.911187684099372,17993
energy,power_kw_eps2.0,p_gated_uniform,2.0,8,3,8.0,2,0,0.0,25.562965966979863,0.5112593193395972,0.750270380354529,0.9947757461234925,7.911187684099372,17993
energy,power_kw_eps2.0,p_gated_uniform,2.0,8,3,16.0,2,0,0.0,25.0937304503013,0.501874609006026,0.7345370254257704,0.9947757461234925,7.911187684099372,17993
energy,power_kw_eps2.0,p_gated_uniform,2.0,8,4,,2,0,0.0,25.0937304503013,0.501874609006026,0.7345370254257704,0.9947757461234925,7.911187684099372,17993
energy,power_kw_eps2.0,p_gated_uniform,2.0,8,4,4.0,2,0,0.0,49.452905134840314,0.9890581026968063,0.7292437009141017,0.9947757461234925,7.911187684099372,17993
energy,power_kw_eps2.0,p_gated_uniform,2.0,8,4,8.0,2,0,0.0,25.562965966979863,0.5112593193395972,0.750270380354529,0.9947757461234925,7.911187684099372,17993
energy,power_kw_eps2.0,p_gated_uniform,2.0,8,4,16.0,2,0,0.0,25.0937304503013,0.501874609006026,0.7345370254257704,0.9947757461234925,7.911187684099372,17993
energy,power_kw_eps2.0,p_gated_uniform,2.0,8,6,,2,0,0.0,25.0937304503013,0.501874609006026,0.7345370254257704,0.9947757461234925,7.911187684099372,17993
energy,power_kw_eps2.0,p_gated_uniform,2.0,8,6,8.0,2,0,0.0,25.562965966979863,0.5112593193395972,0.750270380354529,0.9947757461234925,7.911187684099372,17993
energy,power_kw_eps2.0,p_gated_uniform,2.0,8,6,16.0,2,0,0.0,25.0937304503013,0.501874609006026,0.7345370254257704,0.9947757461234925,7.911187684099372,17993
energy,power_kw_eps2.0,p_gated_uniform,2.0,8,1,,2,2,0.0,25.08100794496365,0.5016201588992729,0.7345370254257704,0.998493807876827,7.940756443155194,17926
energy,power_kw_eps2.0,p_gated_uniform,2.0,8,1,4.0,2,2,0.0,49.43467307353559,0.9886934614707118,0.7292437009141017,0.998493807876827,7.940756443155194,17926
energy,power_kw_eps2.0,p_gated_uniform,2.0,8,1,8.0,2,2,0.0,25.55152224090427,0.5110304448180853,0.750270380354529,0.998493807876827,7.940756443155194,17926
energy,power_kw_eps2.0,p_gated_uniform,2.0,8,1,16.0,2,2,0.0,25.08100794496365,0.5016201588992729,0.7345370254257704,0.998493807876827,7.940756443155194,17926
energy,power_kw_eps2.0,p_gated_uniform,2.0,8,2,,2,2,0.0,25.08100794496365,0.5016201588992729,0.7345370254257704,0.998493807876827,7.940756443155194,17926
energy,power_kw_eps2.0,p_gated_uniform,2.0,8,2,4.0,2,2,0.0,49.43467307353559,0.9886934614707118,0.7292437009141017,0.998493807876827,7.940756443155194,17926
energy,power_kw_eps2.0,p_gated_uniform,2.0,8,2,8.0,2,2,0.0,25.55152224090427,0.5110304448180853,0.750270380354529,0.998493807876827,7.940756443155194,17926
energy,power_kw_eps2.0,p_gated_uniform,2.0,8,2,16.0,2,2,0.0,25.08100794496365,0.5016201588992729,0.7345370254257704,0.998493807876827,7.940756443155194,17926
energy,power_kw_eps2.0,p_gated_uniform,2.0,8,3,,2,2,0.0,25.08100794496365,0.5016201588992729,0.7345370254257704,0.998493807876827,7.940756443155194,17926
energy,power_kw_eps2.0,p_gated_uniform,2.0,8,3,4.0,2,2,0.0,49.43467307353559,0.9886934614707118,0.7292437009141017,0.998493807876827,7.940756443155194,17926
energy,power_kw_eps2.0,p_gated_uniform,2.0,8,3,8.0,2,2,0.0,25.55152224090427,0.5110304448180853,0.750270380354529,0.998493807876827,7.940756443155194,17926
energy,power_kw_eps2.0,p_gated_uniform,2.0,8,3,16.0,2,2,0.0,25.08100794496365,0.5016201588992729,0.7345370254257704,0.998493807876827,7.940756443155194,17926
energy,power_kw_eps2.0,p_gated_uniform,2.0,8,4,,2,2,0.0,25.08100794496365,0.5016201588992729,0.7345370254257704,0.998493807876827,7.940756443155194,17926
energy,power_kw_eps2.0,p_gated_uniform,2.0,8,4,4.0,2,2,0.0,49.43467307353559,0.9886934614707118,0.7292437009141017,0.998493807876827,7.940756443155194,17926
energy,power_kw_eps2.0,p_gated_uniform,2.0,8,4,8.0,2,2,0.0,25.55152224090427,0.5110304448180853,0.750270380354529,0.998493807876827,7.940756443155194,17926
energy,power_kw_eps2.0,p_gated_uniform,2.0,8,4,16.0,2,2,0.0,25.08100794496365,0.5016201588992729,0.7345370254257704,0.998493807876827,7.940756443155194,17926
energy,power_kw_eps2.0,p_gated_uniform,2.0,8,6,,2,2,0.0,25.08100794496365,0.5016201588992729,0.7345370254257704,0.998493807876827,7.940756443155194,17926
energy,power_kw_eps2.0,p_gated_uniform,2.0,8,6,8.0,2,2,0.0,25.55152224090427,0.5110304448180853,0.750270380354529,0.998493807876827,7.940756443155194,17926
energy,power_kw_eps2.0,p_gated_uniform,2.0,8,6,16.0,2,2,0.0,25.08100794496365,0.5016201588992729,0.7345370254257704,0.998493807876827,7.940756443155194,17926
energy,power_kw_eps2.0,p_gated_uniform,2.0,8,1,,2,4,0.0,25.076286457792115,0.5015257291558423,0.7345370254257704,0.999106893664527,7.945632151828077,17915
energy,power_kw_eps2.0,p_gated_uniform,2.0,8,1,4.0,2,4,0.0,49.4271851515906,0.9885437030318119,0.7292437009141017,0.999106893664527,7.945632151828077,17915
energy,power_kw_eps2.0,p_gated_uniform,2.0,8,1,8.0,2,4,0.0,25.547089654500546,0.5109417930900109,0.750270380354529,0.999106893664527,7.945632151828077,17915
energy,power_kw_eps2.0,p_gated_uniform,2.0,8,1,16.0,2,4,0.0,25.076286457792115,0.5015257291558423,0.7345370254257704,0.999106893664527,7.945632151828077,17915
energy,power_kw_eps2.0,p_gated_uniform,2.0,8,2,,2,4,0.0,25.076286457792115,0.5015257291558423,0.7345370254257704,0.999106893664527,7.945632151828077,17915
energy,power_kw_eps2.0,p_gated_uniform,2.0,8,2,4.0,2,4,0.0,49.4271851515906,0.9885437030318119,0.7292437009141017,0.999106893664527,7.945632151828077,17915
energy,power_kw_eps2.0,p_gated_uniform,2.0,8,2,8.0,2,4,0.0,25.547089654500546,0.5109417930900109,0.750270380354529,0.999106893664527,7.945632151828077,17915
energy,power_kw_eps2.0,p_gated_uniform,2.0,8,2,16.0,2,4,0.0,25.076286457792115,0.5015257291558423,0.7345370254257704,0.999106893664527,7.945632151828077,17915
energy,power_kw_eps2.0,p_gated_uniform,2.0,8,3,,2,4,0.0,25.076286457792115,0.5015257291558423,0.7345370254257704,0.999106893664527,7.945632151828077,17915
energy,power_kw_eps2.0,p_gated_uniform,2.0,8,3,4.0,2,4,0.0,49.4271851515906,0.9885437030318119,0.7292437009141017,0.999106893664527,7.945632151828077,17915
energy,power_kw_eps2.0,p_gated_uniform,2.0,8,3,8.0,2,4,0.0,25.547089654500546,0.5109417930900109,0.750270380354529,0.999106893664527,7.945632151828077,17915
energy,power_kw_eps2.0,p_gated_uniform,2.0,8,3,16.0,2,4,0.0,25.076286457792115,0.5015257291558423,0.7345370254257704,0.999106893664527,7.945632151828077,17915
energy,power_kw_eps2.0,p_gated_uniform,2.0,8,4,,2,4,0.0,25.076286457792115,0.5015257291558423,0.7345370254257704,0.999106893664527,7.945632151828077,17915
energy,power_kw_eps2.0,p_gated_uniform,2.0,8,4,4.0,2,4,0.0,49.4271851515906,0.9885437030318119,0.7292437009141017,0.999106893664527,7.945632151828077,17915
energy,power_kw_eps2.0,p_gated_uniform,2.0,8,4,8.0,2,4,0.0,25.547089654500546,0.5109417930900109,0.750270380354529,0.999106893664527,7.945632151828077,17915
energy,power_kw_eps2.0,p_gated_uniform,2.0,8,4,16.0,2,4,0.0,25.076286457792115,0.5015257291558423,0.7345370254257704,0.999106893664527,7.945632151828077,17915
energy,power_kw_eps2.0,p_gated_uniform,2.0,8,6,,2,4,0.0,25.076286457792115,0.5015257291558423,0.7345370254257704,0.999106893664527,7.945632151828077,17915
energy,power_kw_eps2.0,p_gated_uniform,2.0,8,6,8.0,2,4,0.0,25.547089654500546,0.5109417930900109,0.750270380354529,0.999106893664527,7.945632151828077,17915
energy,power_kw_eps2.0,p_gated_uniform,2.0,8,6,16.0,2,4,0.0,25.076286457792115,0.5015257291558423,0.7345370254257704,0.999106893664527,7.945632151828077,17915
energy,power_kw_eps2.0,p_gated_uniform,2.0,8,1,,4,0,0.0,24.684095851068992,0.49368191702137987,0.8223932300122143,0.9952206290985884,8.02867622540847,8997
energy,power_kw_eps2.0,p_gated_uniform,2.0,8,1,4.0,4,0,0.0,49.35774178087776,0.9871548356175552,0.8321431675611266,0.9952206290985884,8.02867622540847,8997
energy,power_kw_eps2.0,p_gated_uniform,2.0,8,1,8.0,4,0,0.0,25.312629802873484,0.5062525960574696,0.8424380814310864,0.9952206290985884,8.02867622540847,8997
energy,power_kw_eps2.0,p_gated_uniform,2.0,8,1,16.0,4,0,0.0,24.684095851068992,0.49368191702137987,0.8223932300122143,0.9952206290985884,8.02867622540847,8997
energy,power_kw_eps2.0,p_gated_uniform,2.0,8,2,,4,0,0.0,24.684095851068992,0.49368191702137987,0.8223932300122143,0.9952206290985884,8.02867622540847,8997
energy,power_kw_eps2.0,p_gated_uniform,2.0,8,2,4.0,4,0,0.0,49.35774178087776,0.9871548356175552,0.8321431675611266,0.9952206290985884,8.02867622540847,8997
energy,power_kw_eps2.0,p_gated_uniform,2.0,8,2,8.0,4,0,0.0,25.312629802873484,0.5062525960574696,0.8424380814310864,0.9952206290985884,8.02867622540847,8997
energy,power_kw_eps2.0,p_gated_uniform,2.0,8,2,16.0,4,0,0.0,24.684095851068992,0.49368191702137987,0.8223932300122143,0.9952206290985884,8.02867622540847,8997
energy,power_kw_eps2.0,p_gated_uniform,2.0,8,3,,4,0,0.0,24.684095851068992,0.49368191702137987,0.8223932300122143,0.9952206290985884,8.02867622540847,8997
energy,power_kw_eps2.0,p_gated_uniform,2.0,8,3,4.0,4,0,0.0,49.35774178087776,0.9871548356175552,0.8321431675611266,0.9952206290985884,8.02867622540847,8997
energy,power_kw_eps2.0,p_gated_uniform,2.0,8,3,8.0,4,0,0.0,25.312629802873484,0.5062525960574696,0.8424380814310864,0.9952206290985884,8.02867622540847,8997
energy,power_kw_eps2.0,p_gated_uniform,2.0,8,3,16.0,4,0,0.0,24.684095851068992,0.49368191702137987,0.8223932300122143,0.9952206290985884,8.02867622540847,8997
energy,power_kw_eps2.0,p_gated_uniform,2.0,8,4,,4,0,0.0,24.684095851068992,0.49368191702137987,0.8223932300122143,0.9952206290985884,8.02867622540847,8997
energy,power_kw_eps2.0,p_gated_uniform,2.0,8,4,4.0,4,0,0.0,49.35774178087776,0.9871548356175552,0.8321431675611266,0.9952206290985884,8.02867622540847,8997
energy,power_kw_eps2.0,p_gated_uniform,2.0,8,4,8.0,4,0,0.0,25.312629802873484,0.5062525960574696,0.8424380814310864,0.9952206290985884,8.02867622540847,8997
energy,power_kw_eps2.0,p_gated_uniform,2.0,8,4,16.0,4,0,0.0,24.684095851068992,0.49368191702137987,0.8223932300122143,0.9952206290985884,8.02867622540847,8997
energy,power_kw_eps2.0,p_gated_uniform,2.0,8,6,,4,0,0.0,24.684095851068992,0.49368191702137987,0.8223932300122143,0.9952206290985884,8.02867622540847,8997
energy,power_kw_eps2.0,p_gated_uniform,2.0,8,6,8.0,4,0,0.0,25.312629802873484,0.5062525960574696,0.8424380814310864,0.9952206290985884,8.02867622540847,8997
energy,power_kw_eps2.0,p_gated_uniform,2.0,8,6,16.0,4,0,0.0,24.684095851068992,0.49368191702137987,0.8223932300122143,0.9952206290985884,8.02867622540847,8997
energy,power_kw_eps2.0,p_gated_uniform,2.0,8,1,,4,2,0.0,24.668349496505183,0.49336698993010364,0.8223932300122143,0.9987730061349693,8.05733407696598,8965
energy,power_kw_eps2.0,p_gated_uniform,2.0,8,1,4.0,4,2,0.0,49.33247554366159,0.9866495108732317,0.8321431675611266,0.9987730061349693,8.05733407696598,8965
energy,power_kw_eps2.0,p_gated_uniform,2.0,8,1,8.0,4,2,0.0,25.29713907480943,0.5059427814961885,0.8424380814310864,0.9987730061349693,8.05733407696598,8965
energy,power_kw_eps2.0,p_gated_uniform,2.0,8,1,16.0,4,2,0.0,24.668349496505183,0.49336698993010364,0.8223932300122143,0.9987730061349693,8.05733407696598,8965
energy,power_kw_eps2.0,p_gated_uniform,2.0,8,2,,4,2,0.0,24.668349496505183,0.49336698993010364,0.8223932300122143,0.9987730061349693,8.05733407696598,8965
energy,power_kw_eps2.0,p_gated_uniform,2.0,8,2,4.0,4,2,0.0,49.33247554366159,0.9866495108732317,0.8321431675611266,0.9987730061349693,8.05733407696598,8965
energy,power_kw_eps2.0,p_gated_uniform,2.0,8,2,8.0,4,2,0.0,25.29713907480943,0.5059427814961885,0.8424380814310864,0.9987730061349693,8.05733407696598,8965
energy,power_kw_eps2.0,p_gated_uniform,2.0,8,2,16.0,4,2,0.0,24.668349496505183,0.49336698993010364,0.8223932300122143,0.9987730061349693,8.05733407696598,8965
energy,power_kw_eps2.0,p_gated_uniform,2.0,8,3,,4,2,0.0,24.668349496505183,0.49336698993010364,0.8223932300122143,0.9987730061349693,8.05733407696598,8965
energy,power_kw_eps2.0,p_gated_uniform,2.0,8,3,4.0,4,2,0.0,49.33247554366159,0.9866495108732317,0.8321431675611266,0.9987730061349693,8.05733407696598,8965
energy,power_kw_eps2.0,p_gated_uniform,2.0,8,3,8.0,4,2,0.0,25.29713907480943,0.5059427814961885,0.8424380814310864,0.9987730061349693,8.05733407696598,8965
energy,power_kw_eps2.0,p_gated_uniform,2.0,8,3,16.0,4,2,0.0,24.668349496505183,0.49336698993010364,0.8223932300122143,0.9987730061349693,8.05733407696598,8965
energy,power_kw_eps2.0,p_gated_uniform,2.0,8,4,,4,2,0.0,24.668349496505183,0.49336698993010364,0.8223932300122143,0.9987730061349693,8.05733407696598,8965
energy,power_kw_eps2.0,p_gated_uniform,2.0,8,4,4.0,4,2,0.0,49.33247554366159,0.9866495108732317,0.8321431675611266,0.9987730061349693,8.05733407696598,8965
energy,power_kw_eps2.0,p_gated_uniform,2.0,8,4,8.0,4,2,0.0,25.29713907480943,0.5059427814961885,0.8424380814310864,0.9987730061349693,8.05733407696598,8965
energy,power_kw_eps2.0,p_gated_uniform,2.0,8,4,16.0,4,2,0.0,24.668349496505183,0.49336698993010364,0.8223932300122143,0.9987730061349693,8.05733407696598,8965
energy,power_kw_eps2.0,p_gated_uniform,2.0,8,6,,4,2,0.0,24.668349496505183,0.49336698993010364,0.8223932300122143,0.9987730061349693,8.05733407696598,8965
energy,power_kw_eps2.0,p_gated_uniform,2.0,8,6,8.0,4,2,0.0,25.29713907480943,0.5059427814961885,0.8424380814310864,0.9987730061349693,8.05733407696598,8965
energy,power_kw_eps2.0,p_gated_uniform,2.0,8,6,16.0,4,2,0.0,24.668349496505183,0.49336698993010364,0.8223932300122143,0.9987730061349693,8.05733407696598,8965
energy,power_kw_eps2.0,p_gated_uniform,2.0,8,1,,4,4,0.0,24.66438427557508,0.4932876855115016,0.8223932300122143,0.9993303571428571,8.061830357142858,8960
energy,power_kw_eps2.0,p_gated_uniform,2.0,8,1,4.0,4,4,0.0,49.32538064371765,0.9865076128743531,0.8321431675611266,0.9993303571428571,8.061830357142858,8960
energy,power_kw_eps2.0,p_gated_uniform,2.0,8,1,8.0,4,4,0.0,25.293524740920788,0.5058704948184157,0.8424380814310864,0.9993303571428571,8.061830357142858,8960
energy,power_kw_eps2.0,p_gated_uniform,2.0,8,1,16.0,4,4,0.0,24.66438427557508,0.4932876855115016,0.8223932300122143,0.9993303571428571,8.061830357142858,8960
energy,power_kw_eps2.0,p_gated_uniform,2.0,8,2,,4,4,0.0,24.66438427557508,0.4932876855115016,0.8223932300122143,0.9993303571428571,8.061830357142858,8960
energy,power_kw_eps2.0,p_gated_uniform,2.0,8,2,4.0,4,4,0.0,49.32538064371765,0.9865076128743531,0.8321431675611266,0.9993303571428571,8.061830357142858,8960
energy,power_kw_eps2.0,p_gated_uniform,2.0,8,2,8.0,4,4,0.0,25.293524740920788,0.5058704948184157,0.8424380814310864,0.9993303571428571,8.061830357142858,8960
energy,power_kw_eps2.0,p_gated_uniform,2.0,8,2,16.0,4,4,0.0,24.66438427557508,0.4932876855115016,0.8223932300122143,0.9993303571428571,8.061830357142858,8960
energy,power_kw_eps2.0,p_gated_uniform,2.0,8,3,,4,4,0.0,24.66438427557508,0.4932876855115016,0.8223932300122143,0.9993303571428571,8.061830357142858,8960
energy,power_kw_eps2.0,p_gated_uniform,2.0,8,3,4.0,4,4,0.0,49.32538064371765,0.9865076128743531,0.8321431675611266,0.9993303571428571,8.061830357142858,8960
energy,power_kw_eps2.0,p_gated_uniform,2.0,8,3,8.0,4,4,0.0,25.293524740920788,0.5058704948184157,0.8424380814310864,0.9993303571428571,8.061830357142858,8960
energy,power_kw_eps2.0,p_gated_uniform,2.0,8,3,16.0,4,4,0.0,24.66438427557508,0.4932876855115016,0.8223932300122143,0.9993303571428571,8.061830357142858,8960
energy,power_kw_eps2.0,p_gated_uniform,2.0,8,4,,4,4,0.0,24.66438427557508,0.4932876855115016,0.8223932300122143,0.9993303571428571,8.061830357142858,8960
energy,power_kw_eps2.0,p_gated_uniform,2.0,8,4,4.0,4,4,0.0,49.32538064371765,0.9865076128743531,0.8321431675611266,0.9993303571428571,8.061830357142858,8960
energy,power_kw_eps2.0,p_gated_uniform,2.0,8,4,8.0,4,4,0.0,25.293524740920788,0.5058704948184157,0.8424380814310864,0.9993303571428571,8.061830357142858,8960
energy,power_kw_eps2.0,p_gated_uniform,2.0,8,4,16.0,4,4,0.0,24.66438427557508,0.4932876855115016,0.8223932300122143,0.9993303571428571,8.061830357142858,8960
energy,power_kw_eps2.0,p_gated_uniform,2.0,8,6,,4,4,0.0,24.66438427557508,0.4932876855115016,0.8223932300122143,0.9993303571428571,8.061830357142858,8960
energy,power_kw_eps2.0,p_gated_uniform,2.0,8,6,8.0,4,4,0.0,25.293524740920788,0.5058704948184157,0.8424380814310864,0.9993303571428571,8.061830357142858,8960
energy,power_kw_eps2.0,p_gated_uniform,2.0,8,6,16.0,4,4,0.0,24.66438427557508,0.4932876855115016,0.8223932300122143,0.9993303571428571,8.061830357142858,8960
energy,power_kw_eps2.0,p_gated_sample,2.0,8,1,,1,0,0.0,3.1444312245914645,0.06288862449182929,0.5921888664790208,0.1243851604835348,7.827900514103098,35985
energy,power_kw_eps2.0,p_gated_sample,2.0,8,1,4.0,1,0,0.0,6.141367513376642,0.12282735026753284,0.6736530425923318,0.1243851604835348,7.827900514103098,35985
energy,power_kw_eps2.0,p_gated_sample,2.0,8,1,8.0,1,0,0.0,3.1944464602898233,0.06388892920579646,0.6047731617590896,0.1243851604835348,7.827900514103098,35985
energy,power_kw_eps2.0,p_gated_sample,2.0,8,1,16.0,1,0,0.0,3.1444312245914645,0.06288862449182929,0.5921888664790208,0.1243851604835348,7.827900514103098,35985
energy,power_kw_eps2.0,p_gated_sample,2.0,8,2,,1,0,0.0,3.1444312245914645,0.06288862449182929,0.5921888664790208,0.1243851604835348,7.827900514103098,35985
energy,power_kw_eps2.0,p_gated_sample,2.0,8,2,4.0,1,0,0.0,6.141367513376642,0.12282735026753284,0.6736530425923318,0.1243851604835348,7.827900514103098,35985
energy,power_kw_eps2.0,p_gated_sample,2.0,8,2,8.0,1,0,0.0,3.1944464602898233,0.06388892920579646,0.6047731617590896,0.1243851604835348,7.827900514103098,35985
energy,power_kw_eps2.0,p_gated_sample,2.0,8,2,16.0,1,0,0.0,3.1444312245914645,0.06288862449182929,0.5921888664790208,0.1243851604835348,7.827900514103098,35985
energy,power_kw_eps2.0,p_gated_sample,2.0,8,3,,1,0,0.0,3.1444312245914645,0.06288862449182929,0.5921888664790208,0.1243851604835348,7.827900514103098,35985
energy,power_kw_eps2.0,p_gated_sample,2.0,8,3,4.0,1,0,0.0,6.141367513376642,0.12282735026753284,0.6736530425923318,0.1243851604835348,7.827900514103098,35985
energy,power_kw_eps2.0,p_gated_sample,2.0,8,3,8.0,1,0,0.0,3.1944464602898233,0.06388892920579646,0.6047731617590896,0.1243851604835348,7.827900514103098,35985
energy,power_kw_eps2.0,p_gated_sample,2.0,8,3,16.0,1,0,0.0,3.1444312245914645,0.06288862449182929,0.5921888664790208,0.1243851604835348,7.827900514103098,35985
energy,power_kw_eps2.0,p_gated_sample,2.0,8,4,,1,0,0.0,3.1444312245914645,0.06288862449182929,0.5921888664790208,0.1243851604835348,7.827900514103098,35985
energy,power_kw_eps2.0,p_gated_sample,2.0,8,4,4.0,1,0,0.0,6.141367513376642,0.12282735026753284,0.6736530425923318,0.1243851604835348,7.827900514103098,35985
energy,power_kw_eps2.0,p_gated_sample,2.0,8,4,8.0,1,0,0.0,3.1944464602898233,0.06388892920579646,0.6047731617590896,0.1243851604835348,7.827900514103098,35985
energy,power_kw_eps2.0,p_gated_sample,2.0,8,4,16.0,1,0,0.0,3.1444312245914645,0.06288862449182929,0.5921888664790208,0.1243851604835348,7.827900514103098,35985
energy,power_kw_eps2.0,p_gated_sample,2.0,8,6,,1,0,0.0,3.1444312245914645,0.06288862449182929,0.5921888664790208,0.1243851604835348,7.827900514103098,35985
energy,power_kw_eps2.0,p_gated_sample,2.0,8,6,8.0,1,0,0.0,3.1944464602898233,0.06388892920579646,0.6047731617590896,0.1243851604835348,7.827900514103098,35985
energy,power_kw_eps2.0,p_gated_sample,2.0,8,6,16.0,1,0,0.0,3.1444312245914645,0.06288862449182929,0.5921888664790208,0.1243851604835348,7.827900514103098,35985
energy,power_kw_eps2.0,p_gated_sample,2.0,8,1,,1,2,0.0,3.145705728788773,0.06291411457577546,0.6630564275057081,0.12480124968618371,7.857597143574437,35849
energy,power_kw_eps2.0,p_gated_sample,2.0,8,1,4.0,1,2,0.0,6.145376230111157,0.12290752460222315,0.6718768257718905,0.12480124968618371,7.857597143574437,35849
energy,power_kw_eps2.0,p_gated_sample,2.0,8,1,8.0,1,2,0.0,3.1978114609393997,0.06395622921878799,0.6752834223781244,0.12480124968618371,7.857597143574437,35849
energy,power_kw_eps2.0,p_gated_sample,2.0,8,1,16.0,1,2,0.0,3.145705728788773,0.06291411457577546,0.6630564275057081,0.12480124968618371,7.857597143574437,35849
energy,power_kw_eps2.0,p_gated_sample,2.0,8,2,,1,2,0.0,3.145705728788773,0.06291411457577546,0.6630564275057081,0.12480124968618371,7.857597143574437,35849
energy,power_kw_eps2.0,p_gated_sample,2.0,8,2,4.0,1,2,0.0,6.145376230111157,0.12290752460222315,0.6718768257718905,0.12480124968618371,7.857597143574437,35849
energy,power_kw_eps2.0,p_gated_sample,2.0,8,2,8.0,1,2,0.0,3.1978114609393997,0.06395622921878799,0.6752834223781244,0.12480124968618371,7.857597143574437,35849
energy,power_kw_eps2.0,p_gated_sample,2.0,8,2,16.0,1,2,0.0,3.145705728788773,0.06291411457577546,0.6630564275057081,0.12480124968618371,7.857597143574437,35849
energy,power_kw_eps2.0,p_gated_sample,2.0,8,3,,1,2,0.0,3.145705728788773,0.06291411457577546,0.6630564275057081,0.12480124968618371,7.857597143574437,35849
energy,power_kw_eps2.0,p_gated_sample,2.0,8,3,4.0,1,2,0.0,6.145376230111157,0.12290752460222315,0.6718768257718905,0.12480124968618371,7.857597143574437,35849
energy,power_kw_eps2.0,p_gated_sample,2.0,8,3,8.0,1,2,0.0,3.1978114609393997,0.06395622921878799,0.6752834223781244,0.12480124968618371,7.857597143574437,35849
energy,power_kw_eps2.0,p_gated_sample,2.0,8,3,16.0,1,2,0.0,3.145705728788773,0.06291411457577546,0.6630564275057081,0.12480124968618371,7.857597143574437,35849
energy,power_kw_eps2.0,p_gated_sample,2.0,8,4,,1,2,0.0,3.145705728788773,0.06291411457577546,0.6630564275057081,0.12480124968618371,7.857597143574437,35849
energy,power_kw_eps2.0,p_gated_sample,2.0,8,4,4.0,1,2,0.0,6.145376230111157,0.12290752460222315,0.6718768257718905,0.12480124968618371,7.857597143574437,35849
energy,power_kw_eps2.0,p_gated_sample,2.0,8,4,8.0,1,2,0.0,3.1978114609393997,0.06395622921878799,0.6752834223781244,0.12480124968618371,7.857597143574437,35849
energy,power_kw_eps2.0,p_gated_sample,2.0,8,4,16.0,1,2,0.0,3.145705728788773,0.06291411457577546,0.6630564275057081,0.12480124968618371,7.857597143574437,35849
energy,power_kw_eps2.0,p_gated_sample,2.0,8,6,,1,2,0.0,3.145705728788773,0.06291411457577546,0.6630564275057081,0.12480124968618371,7.857597143574437,35849
energy,power_kw_eps2.0,p_gated_sample,2.0,8,6,8.0,1,2,0.0,3.1978114609393997,0.06395622921878799,0.6752834223781244,0.12480124968618371,7.857597143574437,35849
energy,power_kw_eps2.0,p_gated_sample,2.0,8,6,16.0,1,2,0.0,3.145705728788773,0.06291411457577546,0.6630564275057081,0.12480124968618371,7.857597143574437,35849
energy,power_kw_eps2.0,p_gated_sample,2.0,8,1,,1,4,0.0,3.1403646459997216,0.06280729291999443,0.7245159500382178,0.12491974429835581,7.86330011445161,35823
energy,power_kw_eps2.0,p_gated_sample,2.0,8,1,4.0,1,4,0.0,6.135638486980118,0.12271276973960235,0.6795831018185733,0.12491974429835581,7.86330011445161,35823
energy,power_kw_eps2.0,p_gated_sample,2.0,8,1,8.0,1,4,0.0,3.191097632682681,0.06382195265365362,0.7318730481837882,0.12491974429835581,7.86330011445161,35823
energy,power_kw_eps2.0,p_gated_sample,2.0,8,1,16.0,1,4,0.0,3.1403646459997216,0.06280729291999443,0.7245159500382178,0.12491974429835581,7.86330011445161,35823
energy,power_kw_eps2.0,p_gated_sample,2.0,8,2,,1,4,0.0,3.1403646459997216,0.06280729291999443,0.7245159500382178,0.12491974429835581,7.86330011445161,35823
energy,power_kw_eps2.0,p_gated_sample,2.0,8,2,4.0,1,4,0.0,6.135638486980118,0.12271276973960235,0.6795831018185733,0.12491974429835581,7.86330011445161,35823
energy,power_kw_eps2.0,p_gated_sample,2.0,8,2,8.0,1,4,0.0,3.191097632682681,0.06382195265365362,0.7318730481837882,0.12491974429835581,7.86330011445161,35823
energy,power_kw_eps2.0,p_gated_sample,2.0,8,2,16.0,1,4,0.0,3.1403646459997216,0.06280729291999443,0.7245159500382178,0.12491974429835581,7.86330011445161,35823
energy,power_kw_eps2.0,p_gated_sample,2.0,8,3,,1,4,0.0,3.1403646459997216,0.06280729291999443,0.7245159500382178,0.12491974429835581,7.86330011445161,35823
energy,power_kw_eps2.0,p_gated_sample,2.0,8,3,4.0,1,4,0.0,6.135638486980118,0.12271276973960235,0.6795831018185733,0.12491974429835581,7.86330011445161,35823
energy,power_kw_eps2.0,p_gated_sample,2.0,8,3,8.0,1,4,0.0,3.191097632682681,0.06382195265365362,0.7318730481837882,0.12491974429835581,7.86330011445161,35823
energy,power_kw_eps2.0,p_gated_sample,2.0,8,3,16.0,1,4,0.0,3.1403646459997216,0.06280729291999443,0.7245159500382178,0.12491974429835581,7.86330011445161,35823
energy,power_kw_eps2.0,p_gated_sample,2.0,8,4,,1,4,0.0,3.1403646459997216,0.06280729291999443,0.7245159500382178,0.12491974429835581,7.86330011445161,35823
energy,power_kw_eps2.0,p_gated_sample,2.0,8,4,4.0,1,4,0.0,6.135638486980118,0.12271276973960235,0.6795831018185733,0.12491974429835581,7.86330011445161,35823
energy,power_kw_eps2.0,p_gated_sample,2.0,8,4,8.0,1,4,0.0,3.191097632682681,0.06382195265365362,0.7318730481837882,0.12491974429835581,7.86330011445161,35823
energy,power_kw_eps2.0,p_gated_sample,2.0,8,4,16.0,1,4,0.0,3.1403646459997216,0.06280729291999443,0.7245159500382178,0.12491974429835581,7.86330011445161,35823
energy,power_kw_eps2.0,p_gated_sample,2.0,8,6,,1,4,0.0,3.1403646459997216,0.06280729291999443,0.7245159500382178,0.12491974429835581,7.86330011445161,35823
energy,power_kw_eps2.0,p_gated_sample,2.0,8,6,8.0,1,4,0.0,3.191097632682681,0.06382195265365362,0.7318730481837882,0.12491974429835581,7.86330011445161,35823
energy,power_kw_eps2.0,p_gated_sample,2.0,8,6,16.0,1,4,0.0,3.1403646459997216,0.06280729291999443,0.7245159500382178,0.12491974429835581,7.86330011445161,35823
energy,power_kw_eps2.0,p_gated_sample,2.0,8,1,,2,0,0.0,3.1208752445698895,0.06241750489139779,0.7549223039639518,0.12443728116489745,7.911187684099372,17993
energy,power_kw_eps2.0,p_gated_sample,2.0,8,1,4.0,2,0,0.0,6.1735254067158705,0.12347050813431741,0.6881901530719751,0.12443728116489745,7.911187684099372,17993
energy,power_kw_eps2.0,p_gated_sample,2.0,8,1,8.0,2,0,0.0,3.188142144413097,0.06376284288826194,0.7192711499274099,0.12443728116489745,7.911187684099372,17993
energy,power_kw_eps2.0,p_gated_sample,2.0,8,1,16.0,2,0,0.0,3.1208752445698895,0.06241750489139779,0.7549223039639518,0.12443728116489745,7.911187684099372,17993
energy,power_kw_eps2.0,p_gated_sample,2.0,8,2,,2,0,0.0,3.1208752445698895,0.06241750489139779,0.7549223039639518,0.12443728116489745,7.911187684099372,17993
energy,power_kw_eps2.0,p_gated_sample,2.0,8,2,4.0,2,0,0.0,6.1735254067158705,0.12347050813431741,0.6881901530719751,0.12443728116489745,7.911187684099372,17993
energy,power_kw_eps2.0,p_gated_sample,2.0,8,2,8.0,2,0,0.0,3.188142144413097,0.06376284288826194,0.7192711499274099,0.12443728116489745,7.911187684099372,17993
energy,power_kw_eps2.0,p_gated_sample,2.0,8,2,16.0,2,0,0.0,3.1208752445698895,0.06241750489139779,0.7549223039639518,0.12443728116489745,7.911187684099372,17993
energy,power_kw_eps2.0,p_gated_sample,2.0,8,3,,2,0,0.0,3.1208752445698895,0.06241750489139779,0.7549223039639518,0.12443728116489745,7.911187684099372,17993
energy,power_kw_eps2.0,p_gated_sample,2.0,8,3,4.0,2,0,0.0,6.1735254067158705,0.12347050813431741,0.6881901530719751,0.12443728116489745,7.911187684099372,17993
energy,power_kw_eps2.0,p_gated_sample,2.0,8,3,8.0,2,0,0.0,3.188142144413097,0.06376284288826194,0.7192711499274099,0.12443728116489745,7.911187684099372,17993
energy,power_kw_eps2.0,p_gated_sample,2.0,8,3,16.0,2,0,0.0,3.1208752445698895,0.06241750489139779,0.7549223039639518,0.12443728116489745,7.911187684099372,17993
energy,power_kw_eps2.0,p_gated_sample,2.0,8,4,,2,0,0.0,3.1208752445698895,0.06241750489139779,0.7549223039639518,0.12443728116489745,7.911187684099372,17993
energy,power_kw_eps2.0,p_gated_sample,2.0,8,4,4.0,2,0,0.0,6.1735254067158705,0.12347050813431741,0.6881901530719751,0.12443728116489745,7.911187684099372,17993
energy,power_kw_eps2.0,p_gated_sample,2.0,8,4,8.0,2,0,0.0,3.188142144413097,0.06376284288826194,0.7192711499274099,0.12443728116489745,7.911187684099372,17993
energy,power_kw_eps2.0,p_gated_sample,2.0,8,4,16.0,2,0,0.0,3.1208752445698895,0.06241750489139779,0.7549223039639518,0.12443728116489745,7.911187684099372,17993
energy,power_kw_eps2.0,p_gated_sample,2.0,8,6,,2,0,0.0,3.1208752445698895,0.06241750489139779,0.7549223039639518,0.12443728116489745,7.911187684099372,17993
energy,power_kw_eps2.0,p_gated_sample,2.0,8,6,8.0,2,0,0.0,3.188142144413097,0.06376284288826194,0.7192711499274099,0.12443728116489745,7.911187684099372,17993
energy,power_kw_eps2.0,p_gated_sample,2.0,8,6,16.0,2,0,0.0,3.1208752445698895,0.06241750489139779,0.7549223039639518,0.12443728116489745,7.911187684099372,17993
energy,power_kw_eps2.0,p_gated_sample,2.0,8,1,,2,2,0.0,3.1155297167454656,0.06231059433490931,1.002102495336141,0.12484659154301016,7.940756443155194,17926
energy,power_kw_eps2.0,p_gated_sample,2.0,8,1,4.0,2,2,0.0,6.1499354425283315,0.12299870885056663,0.6823862377968694,0.12484659154301016,7.940756443155194,17926
energy,power_kw_eps2.0,p_gated_sample,2.0,8,1,8.0,2,2,0.0,3.1750041673566036,0.06350008334713207,0.7167220769204401,0.12484659154301016,7.940756443155194,17926
energy,power_kw_eps2.0,p_gated_sample,2.0,8,1,16.0,2,2,0.0,3.1155297167454656,0.06231059433490931,1.002102495336141,0.12484659154301016,7.940756443155194,17926
energy,power_kw_eps2.0,p_gated_sample,2.0,8,2,,2,2,0.0,3.1155297167454656,0.06231059433490931,1.002102495336141,0.12484659154301016,7.940756443155194,17926
energy,power_kw_eps2.0,p_gated_sample,2.0,8,2,4.0,2,2,0.0,6.1499354425283315,0.12299870885056663,0.6823862377968694,0.12484659154301016,7.940756443155194,17926
energy,power_kw_eps2.0,p_gated_sample,2.0,8,2,8.0,2,2,0.0,3.1750041673566036,0.06350008334713207,0.7167220769204401,0.12484659154301016,7.940756443155194,17926
energy,power_kw_eps2.0,p_gated_sample,2.0,8,2,16.0,2,2,0.0,3.1155297167454656,0.06231059433490931,1.002102495336141,0.12484659154301016,7.940756443155194,17926
energy,power_kw_eps2.0,p_gated_sample,2.0,8,3,,2,2,0.0,3.1155297167454656,0.06231059433490931,1.002102495336141,0.12484659154301016,7.940756443155194,17926
energy,power_kw_eps2.0,p_gated_sample,2.0,8,3,4.0,2,2,0.0,6.1499354425283315,0.12299870885056663,0.6823862377968694,0.12484659154301016,7.940756443155194,17926
energy,power_kw_eps2.0,p_gated_sample,2.0,8,3,8.0,2,2,0.0,3.1750041673566036,0.06350008334713207,0.7167220769204401,0.12484659154301016,7.940756443155194,17926
energy,power_kw_eps2.0,p_gated_sample,2.0,8,3,16.0,2,2,0.0,3.1155297167454656,0.06231059433490931,1.002102495336141,0.12484659154301016,7.940756443155194,17926
energy,power_kw_eps2.0,p_gated_sample,2.0,8,4,,2,2,0.0,3.1155297167454656,0.06231059433490931,1.002102495336141,0.12484659154301016,7.940756443155194,17926
energy,power_kw_eps2.0,p_gated_sample,2.0,8,4,4.0,2,2,0.0,6.1499354425283315,0.12299870885056663,0.6823862377968694,0.12484659154301016,7.940756443155194,17926
energy,power_kw_eps2.0,p_gated_sample,2.0,8,4,8.0,2,2,0.0,3.1750041673566036,0.06350008334713207,0.7167220769204401,0.12484659154301016,7.940756443155194,17926
energy,power_kw_eps2.0,p_gated_sample,2.0,8,4,16.0,2,2,0.0,3.1155297167454656,0.06231059433490931,1.002102495336141,0.12484659154301016,7.940756443155194,17926
energy,power_kw_eps2.0,p_gated_sample,2.0,8,6,,2,2,0.0,3.1155297167454656,0.06231059433490931,1.002102495336141,0.12484659154301016,7.940756443155194,17926
energy,power_kw_eps2.0,p_gated_sample,2.0,8,6,8.0,2,2,0.0,3.1750041673566036,0.06350008334713207,0.7167220769204401,0.12484659154301016,7.940756443155194,17926
energy,power_kw_eps2.0,p_gated_sample,2.0,8,6,16.0,2,2,0.0,3.1155297167454656,0.06231059433490931,1.002102495336141,0.12484659154301016,7.940756443155194,17926
energy,power_kw_eps2.0,p_gated_sample,2.0,8,1,,2,4,0.0,3.109821965638838,0.06219643931277676,0.8169397423834587,0.12486742952832822,7.945632151828077,17915
energy,power_kw_eps2.0,p_gated_sample,2.0,8,1,4.0,2,4,0.0,6.157090559310285,0.12314181118620571,0.6828482629222028,0.12486742952832822,7.945632151828077,17915
energy,power_kw_eps2.0,p_gated_sample,2.0,8,1,8.0,2,4,0.0,3.1759305023764317,0.06351861004752864,0.7182111904927725,0.12486742952832822,7.945632151828077,17915
energy,power_kw_eps2.0,p_gated_sample,2.0,8,1,16.0,2,4,0.0,3.109821965638838,0.06219643931277676,0.8169397423834587,0.12486742952832822,7.945632151828077,17915
energy,power_kw_eps2.0,p_gated_sample,2.0,8,2,,2,4,0.0,3.109821965638838,0.06219643931277676,0.8169397423834587,0.12486742952832822,7.945632151828077,17915
energy,power_kw_eps2.0,p_gated_sample,2.0,8,2,4.0,2,4,0.0,6.157090559310285,0.12314181118620571,0.6828482629222028,0.12486742952832822,7.945632151828077,17915
energy,power_kw_eps2.0,p_gated_sample,2.0,8,2,8.0,2,4,0.0,3.1759305023764317,0.06351861004752864,0.7182111904927725,0.12486742952832822,7.945632151828077,17915
energy,power_kw_eps2.0,p_gated_sample,2.0,8,2,16.0,2,4,0.0,3.109821965638838,0.06219643931277676,0.8169397423834587,0.12486742952832822,7.945632151828077,17915
energy,power_kw_eps2.0,p_gated_sample,2.0,8,3,,2,4,0.0,3.109821965638838,0.06219643931277676,0.8169397423834587,0.12486742952832822,7.945632151828077,17915
energy,power_kw_eps2.0,p_gated_sample,2.0,8,3,4.0,2,4,0.0,6.157090559310285,0.12314181118620571,0.6828482629222028,0.12486742952832822,7.945632151828077,17915
energy,power_kw_eps2.0,p_gated_sample,2.0,8,3,8.0,2,4,0.0,3.1759305023764317,0.06351861004752864,0.7182111904927725,0.12486742952832822,7.945632151828077,17915
energy,power_kw_eps2.0,p_gated_sample,2.0,8,3,16.0,2,4,0.0,3.109821965638838,0.06219643931277676,0.8169397423834587,0.12486742952832822,7.945632151828077,17915
energy,power_kw_eps2.0,p_gated_sample,2.0,8,4,,2,4,0.0,3.109821965638838,0.06219643931277676,0.8169397423834587,0.12486742952832822,7.945632151828077,17915
energy,power_kw_eps2.0,p_gated_sample,2.0,8,4,4.0,2,4,0.0,6.157090559310285,0.12314181118620571,0.6828482629222028,0.12486742952832822,7.945632151828077,17915
energy,power_kw_eps2.0,p_gated_sample,2.0,8,4,8.0,2,4,0.0,3.1759305023764317,0.06351861004752864,0.7182111904927725,0.12486742952832822,7.945632151828077,17915
energy,power_kw_eps2.0,p_gated_sample,2.0,8,4,16.0,2,4,0.0,3.109821965638838,0.06219643931277676,0.8169397423834587,0.12486742952832822,7.945632151828077,17915
energy,power_kw_eps2.0,p_gated_sample,2.0,8,6,,2,4,0.0,3.109821965638838,0.06219643931277676,0.8169397423834587,0.12486742952832822,7.945632151828077,17915
energy,power_kw_eps2.0,p_gated_sample,2.0,8,6,8.0,2,4,0.0,3.1759305023764317,0.06351861004752864,0.7182111904927725,0.12486742952832822,7.945632151828077,17915
energy,power_kw_eps2.0,p_gated_sample,2.0,8,6,16.0,2,4,0.0,3.109821965638838,0.06219643931277676,0.8169397423834587,0.12486742952832822,7.945632151828077,17915
energy,power_kw_eps2.0,p_gated_sample,2.0,8,1,,4,0,0.0,2.9479786762095346,0.05895957352419069,0.8288592828502892,0.12459708791819496,8.02867622540847,8997
energy,power_kw_eps2.0,p_gated_sample,2.0,8,1,4.0,4,0,0.0,5.90155707332071,0.11803114146641419,0.8359686009826225,0.12459708791819496,8.02867622540847,8997
energy,power_kw_eps2.0,p_gated_sample,2.0,8,1,8.0,4,0,0.0,3.0199437385877053,0.0603988747717541,0.8368291400173058,0.12459708791819496,8.02867622540847,8997
energy,power_kw_eps2.0,p_gated_sample,2.0,8,1,16.0,4,0,0.0,2.9479786762095346,0.05895957352419069,0.8288592828502892,0.12459708791819496,8.02867622540847,8997
energy,power_kw_eps2.0,p_gated_sample,2.0,8,2,,4,0,0.0,2.9479786762095346,0.05895957352419069,0.8288592828502892,0.12459708791819496,8.02867622540847,8997
energy,power_kw_eps2.0,p_gated_sample,2.0,8,2,4.0,4,0,0.0,5.90155707332071,0.11803114146641419,0.8359686009826225,0.12459708791819496,8.02867622540847,8997
energy,power_kw_eps2.0,p_gated_sample,2.0,8,2,8.0,4,0,0.0,3.0199437385877053,0.0603988747717541,0.8368291400173058,0.12459708791819496,8.02867622540847,8997
energy,power_kw_eps2.0,p_gated_sample,2.0,8,2,16.0,4,0,0.0,2.9479786762095346,0.05895957352419069,0.8288592828502892,0.12459708791819496,8.02867622540847,8997
energy,power_kw_eps2.0,p_gated_sample,2.0,8,3,,4,0,0.0,2.9479786762095346,0.05895957352419069,0.8288592828502892,0.12459708791819496,8.02867622540847,8997
energy,power_kw_eps2.0,p_gated_sample,2.0,8,3,4.0,4,0,0.0,5.90155707332071,0.11803114146641419,0.8359686009826225,0.12459708791819496,8.02867622540847,8997
energy,power_kw_eps2.0,p_gated_sample,2.0,8,3,8.0,4,0,0.0,3.0199437385877053,0.0603988747717541,0.8368291400173058,0.12459708791819496,8.02867622540847,8997
energy,power_kw_eps2.0,p_gated_sample,2.0,8,3,16.0,4,0,0.0,2.9479786762095346,0.05895957352419069,0.8288592828502892,0.12459708791819496,8.02867622540847,8997
energy,power_kw_eps2.0,p_gated_sample,2.0,8,4,,4,0,0.0,2.9479786762095346,0.05895957352419069,0.8288592828502892,0.12459708791819496,8.02867622540847,8997
energy,power_kw_eps2.0,p_gated_sample,2.0,8,4,4.0,4,0,0.0,5.90155707332071,0.11803114146641419,0.8359686009826225,0.12459708791819496,8.02867622540847,8997
energy,power_kw_eps2.0,p_gated_sample,2.0,8,4,8.0,4,0,0.0,3.0199437385877053,0.0603988747717541,0.8368291400173058,0.12459708791819496,8.02867622540847,8997
energy,power_kw_eps2.0,p_gated_sample,2.0,8,4,16.0,4,0,0.0,2.9479786762095346,0.05895957352419069,0.8288592828502892,0.12459708791819496,8.02867622540847,8997
energy,power_kw_eps2.0,p_gated_sample,2.0,8,6,,4,0,0.0,2.9479786762095346,0.05895957352419069,0.8288592828502892,0.12459708791819496,8.02867622540847,8997
energy,power_kw_eps2.0,p_gated_sample,2.0,8,6,8.0,4,0,0.0,3.0199437385877053,0.0603988747717541,0.8368291400173058,0.12459708791819496,8.02867622540847,8997
energy,power_kw_eps2.0,p_gated_sample,2.0,8,6,16.0,4,0,0.0,2.9479786762095346,0.05895957352419069,0.8288592828502892,0.12459708791819496,8.02867622540847,8997
energy,power_kw_eps2.0,p_gated_sample,2.0,8,1,,4,2,0.0,2.959884358763353,0.05919768717526706,0.8192065387287322,0.1249302844394869,8.05733407696598,8965
energy,power_kw_eps2.0,p_gated_sample,2.0,8,1,4.0,4,2,0.0,5.910299336371666,0.11820598672743332,0.8476996487483561,0.1249302844394869,8.05733407696598,8965
energy,power_kw_eps2.0,p_gated_sample,2.0,8,1,8.0,4,2,0.0,3.031555172508646,0.06063110345017292,0.8356818905822853,0.1249302844394869,8.05733407696598,8965
energy,power_kw_eps2.0,p_gated_sample,2.0,8,1,16.0,4,2,0.0,2.959884358763353,0.05919768717526706,0.8192065387287322,0.1249302844394869,8.05733407696598,8965
energy,power_kw_eps2.0,p_gated_sample,2.0,8,2,,4,2,0.0,2.959884358763353,0.05919768717526706,0.8192065387287322,0.1249302844394869,8.05733407696598,8965
energy,power_kw_eps2.0,p_gated_sample,2.0,8,2,4.0,4,2,0.0,5.910299336371666,0.11820598672743332,0.8476996487483561,0.1249302844394869,8.05733407696598,8965
energy,power_kw_eps2.0,p_gated_sample,2.0,8,2,8.0,4,2,0.0,3.031555172508646,0.06063110345017292,0.8356818905822853,0.1249302844394869,8.05733407696598,8965
energy,power_kw_eps2.0,p_gated_sample,2.0,8,2,16.0,4,2,0.0,2.959884358763353,0.05919768717526706,0.8192065387287322,0.1249302844394869,8.05733407696598,8965
energy,power_kw_eps2.0,p_gated_sample,2.0,8,3,,4,2,0.0,2.959884358763353,0.05919768717526706,0.8192065387287322,0.1249302844394869,8.05733407696598,8965
energy,power_kw_eps2.0,p_gated_sample,2.0,8,3,4.0,4,2,0.0,5.910299336371666,0.11820598672743332,0.8476996487483561,0.1249302844394869,8.05733407696598,8965
energy,power_kw_eps2.0,p_gated_sample,2.0,8,3,8.0,4,2,0.0,3.031555172508646,0.06063110345017292,0.8356818905822853,0.1249302844394869,8.05733407696598,8965
energy,power_kw_eps2.0,p_gated_sample,2.0,8,3,16.0,4,2,0.0,2.959884358763353,0.05919768717526706,0.8192065387287322,0.1249302844394869,8.05733407696598,8965
energy,power_kw_eps2.0,p_gated_sample,2.0,8,4,,4,2,0.0,2.959884358763353,0.05919768717526706,0.8192065387287322,0.1249302844394869,8.05733407696598,8965
energy,power_kw_eps2.0,p_gated_sample,2.0,8,4,4.0,4,2,0.0,5.910299336371666,0.11820598672743332,0.8476996487483561,0.1249302844394869,8.05733407696598,8965
energy,power_kw_eps2.0,p_gated_sample,2.0,8,4,8.0,4,2,0.0,3.031555172508646,0.06063110345017292,0.8356818905822853,0.1249302844394869,8.05733407696598,8965
energy,power_kw_eps2.0,p_gated_sample,2.0,8,4,16.0,4,2,0.0,2.959884358763353,0.05919768717526706,0.8192065387287322,0.1249302844394869,8.05733407696598,8965
energy,power_kw_eps2.0,p_gated_sample,2.0,8,6,,4,2,0.0,2.959884358763353,0.05919768717526706,0.8192065387287322,0.1249302844394869,8.05733407696598,8965
energy,power_kw_eps2.0,p_gated_sample,2.0,8,6,8.0,4,2,0.0,3.031555172508646,0.06063110345017292,0.8356818905822853,0.1249302844394869,8.05733407696598,8965
energy,power_kw_eps2.0,p_gated_sample,2.0,8,6,16.0,4,2,0.0,2.959884358763353,0.05919768717526706,0.8192065387287322,0.1249302844394869,8.05733407696598,8965
energy,power_kw_eps2.0,p_gated_sample,2.0,8,1,,4,4,0.0,2.944215188653996,0.05888430377307992,0.81047297434118,0.12488839285714286,8.061830357142858,8960
energy,power_kw_eps2.0,p_gated_sample,2.0,8,1,4.0,4,4,0.0,5.914584429059809,0.11829168858119617,0.8510279495365003,0.12488839285714286,8.061830357142858,8960
energy,power_kw_eps2.0,p_gated_sample,2.0,8,1,8.0,4,4,0.0,3.0300996599470835,0.06060199319894167,0.8307743094064881,0.12488839285714286,8.061830357142858,8960
energy,power_kw_eps2.0,p_gated_sample,2.0,8,1,16.0,4,4,0.0,2.944215188653996,0.05888430377307992,0.81047297434118,0.12488839285714286,8.061830357142858,8960
energy,power_kw_eps2.0,p_gated_sample,2.0,8,2,,4,4,0.0,2.944215188653996,0.05888430377307992,0.81047297434118,0.12488839285714286,8.061830357142858,8960
energy,power_kw_eps2.0,p_gated_sample,2.0,8,2,4.0,4,4,0.0,5.914584429059809,0.11829168858119617,0.8510279495365003,0.12488839285714286,8.061830357142858,8960
energy,power_kw_eps2.0,p_gated_sample,2.0,8,2,8.0,4,4,0.0,3.0300996599470835,0.06060199319894167,0.8307743094064881,0.12488839285714286,8.061830357142858,8960
energy,power_kw_eps2.0,p_gated_sample,2.0,8,2,16.0,4,4,0.0,2.944215188653996,0.05888430377307992,0.81047297434118,0.12488839285714286,8.061830357142858,8960
energy,power_kw_eps2.0,p_gated_sample,2.0,8,3,,4,4,0.0,2.944215188653996,0.05888430377307992,0.81047297434118,0.12488839285714286,8.061830357142858,8960
energy,power_kw_eps2.0,p_gated_sample,2.0,8,3,4.0,4,4,0.0,5.914584429059809,0.11829168858119617,0.8510279495365003,0.12488839285714286,8.061830357142858,8960
energy,power_kw_eps2.0,p_gated_sample,2.0,8,3,8.0,4,4,0.0,3.0300996599470835,0.06060199319894167,0.8307743094064881,0.12488839285714286,8.061830357142858,8960
energy,power_kw_eps2.0,p_gated_sample,2.0,8,3,16.0,4,4,0.0,2.944215188653996,0.05888430377307992,0.81047297434118,0.12488839285714286,8.061830357142858,8960
energy,power_kw_eps2.0,p_gated_sample,2.0,8,4,,4,4,0.0,2.944215188653996,0.05888430377307992,0.81047297434118,0.12488839285714286,8.061830357142858,8960
energy,power_kw_eps2.0,p_gated_sample,2.0,8,4,4.0,4,4,0.0,5.914584429059809,0.11829168858119617,0.8510279495365003,0.12488839285714286,8.061830357142858,8960
energy,power_kw_eps2.0,p_gated_sample,2.0,8,4,8.0,4,4,0.0,3.0300996599470835,0.06060199319894167,0.8307743094064881,0.12488839285714286,8.061830357142858,8960
energy,power_kw_eps2.0,p_gated_sample,2.0,8,4,16.0,4,4,0.0,2.944215188653996,0.05888430377307992,0.81047297434118,0.12488839285714286,8.061830357142858,8960
energy,power_kw_eps2.0,p_gated_sample,2.0,8,6,,4,4,0.0,2.944215188653996,0.05888430377307992,0.81047297434118,0.12488839285714286,8.061830357142858,8960
energy,power_kw_eps2.0,p_gated_sample,2.0,8,6,8.0,4,4,0.0,3.0300996599470835,0.06060199319894167,0.8307743094064881,0.12488839285714286,8.061830357142858,8960
energy,power_kw_eps2.0,p_gated_sample,2.0,8,6,16.0,4,4,0.0,2.944215188653996,0.05888430377307992,0.81047297434118,0.12488839285714286,8.061830357142858,8960
energy,power_kw_eps2.0,p_gated_ba,2.0,8,1,,1,0,0.0,28.819551449011744,0.5763910289802349,0.47704523183335124,0.47653188828678616,7.827900514103098,35985
energy,power_kw_eps2.0,p_gated_ba,2.0,8,1,4.0,1,0,0.0,57.985044432994485,1.1597008886598896,0.8283167339487224,0.498513269417813,7.827900514103098,35985
energy,power_kw_eps2.0,p_gated_ba,2.0,8,1,8.0,1,0,0.0,29.347528972073324,0.5869505794414664,0.6178662075104463,0.48008892594136443,7.827900514103098,35985
energy,power_kw_eps2.0,p_gated_ba,2.0,8,1,16.0,1,0,0.0,28.819551449011744,0.5763910289802349,0.47704523183335124,0.47653188828678616,7.827900514103098,35985
energy,power_kw_eps2.0,p_gated_ba,2.0,8,2,,1,0,0.0,28.819551449011744,0.5763910289802349,0.47704523183335124,0.47653188828678616,7.827900514103098,35985
energy,power_kw_eps2.0,p_gated_ba,2.0,8,2,4.0,1,0,0.0,57.985044432994485,1.1597008886598896,0.8283167339487224,0.498513269417813,7.827900514103098,35985
energy,power_kw_eps2.0,p_gated_ba,2.0,8,2,8.0,1,0,0.0,29.347528972073324,0.5869505794414664,0.6178662075104463,0.48008892594136443,7.827900514103098,35985
energy,power_kw_eps2.0,p_gated_ba,2.0,8,2,16.0,1,0,0.0,28.819551449011744,0.5763910289802349,0.47704523183335124,0.47653188828678616,7.827900514103098,35985
energy,power_kw_eps2.0,p_gated_ba,2.0,8,3,,1,0,0.0,28.819551449011744,0.5763910289802349,0.47704523183335124,0.47653188828678616,7.827900514103098,35985
energy,power_kw_eps2.0,p_gated_ba,2.0,8,3,4.0,1,0,0.0,57.985044432994485,1.1597008886598896,0.8283167339487224,0.498513269417813,7.827900514103098,35985
energy,power_kw_eps2.0,p_gated_ba,2.0,8,3,8.0,1,0,0.0,29.347528972073324,0.5869505794414664,0.6178662075104463,0.48008892594136443,7.827900514103098,35985
energy,power_kw_eps2.0,p_gated_ba,2.0,8,3,16.0,1,0,0.0,28.819551449011744,0.5763910289802349,0.47704523183335124,0.47653188828678616,7.827900514103098,35985
energy,power_kw_eps2.0,p_gated_ba,2.0,8,4,,1,0,0.0,28.819551449011744,0.5763910289802349,0.47704523183335124,0.47653188828678616,7.827900514103098,35985
energy,power_kw_eps2.0,p_gated_ba,2.0,8,4,4.0,1,0,0.0,57.985044432994485,1.1597008886598896,0.8283167339487224,0.498513269417813,7.827900514103098,35985
energy,power_kw_eps2.0,p_gated_ba,2.0,8,4,8.0,1,0,0.0,29.347528972073324,0.5869505794414664,0.6178662075104463,0.48008892594136443,7.827900514103098,35985
energy,power_kw_eps2.0,p_gated_ba,2.0,8,4,16.0,1,0,0.0,28.819551449011744,0.5763910289802349,0.47704523183335124,0.47653188828678616,7.827900514103098,35985
energy,power_kw_eps2.0,p_gated_ba,2.0,8,6,,1,0,0.0,28.819551449011744,0.5763910289802349,0.47704523183335124,0.47653188828678616,7.827900514103098,35985
energy,power_kw_eps2.0,p_gated_ba,2.0,8,6,8.0,1,0,0.0,29.347528972073324,0.5869505794414664,0.6178662075104463,0.48008892594136443,7.827900514103098,35985
energy,power_kw_eps2.0,p_gated_ba,2.0,8,6,16.0,1,0,0.0,28.819551449011744,0.5763910289802349,0.47704523183335124,0.47653188828678616,7.827900514103098,35985
energy,power_kw_eps2.0,p_gated_ba,2.0,8,1,,1,2,0.0,28.731993579612404,0.574639871592248,0.47704523183335124,0.4783397026416357,7.857597143574437,35849
energy,power_kw_eps2.0,p_gated_ba,2.0,8,1,4.0,1,2,0.0,58.01975632706712,1.1603951265413424,0.8283167339487224,0.5004044743228542,7.857597143574437,35849
energy,power_kw_eps2.0,p_gated_ba,2.0,8,1,8.0,1,2,0.0,29.35058940137184,0.5870117880274368,0.6178662075104463,0.48191023459510723,7.857597143574437,35849
energy,power_kw_eps2.0,p_gated_ba,2.0,8,1,16.0,1,2,0.0,28.731993579612404,0.574639871592248,0.47704523183335124,0.4783397026416357,7.857597143574437,35849
energy,power_kw_eps2.0,p_gated_ba,2.0,8,2,,1,2,0.0,28.731993579612404,0.574639871592248,0.47704523183335124,0.4783397026416357,7.857597143574437,35849
energy,power_kw_eps2.0,p_gated_ba,2.0,8,2,4.0,1,2,0.0,58.01975632706712,1.1603951265413424,0.8283167339487224,0.5004044743228542,7.857597143574437,35849
energy,power_kw_eps2.0,p_gated_ba,2.0,8,2,8.0,1,2,0.0,29.35058940137184,0.5870117880274368,0.6178662075104463,0.48191023459510723,7.857597143574437,35849
energy,power_kw_eps2.0,p_gated_ba,2.0,8,2,16.0,1,2,0.0,28.731993579612404,0.574639871592248,0.47704523183335124,0.4783397026416357,7.857597143574437,35849
energy,power_kw_eps2.0,p_gated_ba,2.0,8,3,,1,2,0.0,28.731993579612404,0.574639871592248,0.47704523183335124,0.4783397026416357,7.857597143574437,35849
energy,power_kw_eps2.0,p_gated_ba,2.0,8,3,4.0,1,2,0.0,58.01975632706712,1.1603951265413424,0.8283167339487224,0.5004044743228542,7.857597143574437,35849
energy,power_kw_eps2.0,p_gated_ba,2.0,8,3,8.0,1,2,0.0,29.35058940137184,0.5870117880274368,0.6178662075104463,0.48191023459510723,7.857597143574437,35849
energy,power_kw_eps2.0,p_gated_ba,2.0,8,3,16.0,1,2,0.0,28.731993579612404,0.574639871592248,0.47704523183335124,0.4783397026416357,7.857597143574437,35849
energy,power_kw_eps2.0,p_gated_ba,2.0,8,4,,1,2,0.0,28.731993579612404,0.574639871592248,0.47704523183335124,0.4783397026416357,7.857597143574437,35849
energy,power_kw_eps2.0,p_gated_ba,2.0,8,4,4.0,1,2,0.0,58.01975632706712,1.1603951265413424,0.8283167339487224,0.5004044743228542,7.857597143574437,35849
energy,power_kw_eps2.0,p_gated_ba,2.0,8,4,8.0,1,2,0.0,29.35058940137184,0.5870117880274368,0.6178662075104463,0.48191023459510723,7.857597143574437,35849
energy,power_kw_eps2.0,p_gated_ba,2.0,8,4,16.0,1,2,0.0,28.731993579612404,0.574639871592248,0.47704523183335124,0.4783397026416357,7.857597143574437,35849
energy,power_kw_eps2.0,p_gated_ba,2.0,8,6,,1,2,0.0,28.731993579612404,0.574639871592248,0.47704523183335124,0.4783397026416357,7.857597143574437,35849
energy,power_kw_eps2.0,p_gated_ba,2.0,8,6,8.0,1,2,0.0,29.35058940137184,0.5870117880274368,0.6178662075104463,0.48191023459510723,7.857597143574437,35849
energy,power_kw_eps2.0,p_gated_ba,2.0,8,6,16.0,1,2,0.0,28.731993579612404,0.574639871592248,0.47704523183335124,0.4783397026416357,7.857597143574437,35849
energy,power_kw_eps2.0,p_gated_ba,2.0,8,1,,1,4,0.0,28.713920863854753,0.574278417277095,0.47704523183335124,0.4786868771459677,7.86330011445161,35823
energy,power_kw_eps2.0,p_gated_ba,2.0,8,1,4.0,1,4,0.0,58.03186973024822,1.1606373946049644,0.8283167339487224,0.5007676632331184,7.86330011445161,35823
energy,power_kw_eps2.0,p_gated_ba,2.0,8,1,8.0,1,4,0.0,29.3519990016322,0.587039980032644,0.6178662075104463,0.48226000055830054,7.86330011445161,35823
energy,power_kw_eps2.0,p_gated_ba,2.0,8,1,16.0,1,4,0.0,28.713920863854753,0.574278417277095,0.47704523183335124,0.4786868771459677,7.86330011445161,35823
energy,power_kw_eps2.0,p_gated_ba,2.0,8,2,,1,4,0.0,28.713920863854753,0.574278417277095,0.47704523183335124,0.4786868771459677,7.86330011445161,35823
energy,power_kw_eps2.0,p_gated_ba,2.0,8,2,4.0,1,4,0.0,58.03186973024822,1.1606373946049644,0.8283167339487224,0.5007676632331184,7.86330011445161,35823
energy,power_kw_eps2.0,p_gated_ba,2.0,8,2,8.0,1,4,0.0,29.3519990016322,0.587039980032644,0.6178662075104463,0.48226000055830054,7.86330011445161,35823
energy,power_kw_eps2.0,p_gated_ba,2.0,8,2,16.0,1,4,0.0,28.713920863854753,0.574278417277095,0.47704523183335124,0.4786868771459677,7.86330011445161,35823
energy,power_kw_eps2.0,p_gated_ba,2.0,8,3,,1,4,0.0,28.713920863854753,0.574278417277095,0.47704523183335124,0.4786868771459677,7.86330011445161,35823
energy,power_kw_eps2.0,p_gated_ba,2.0,8,3,4.0,1,4,0.0,58.03186973024822,1.1606373946049644,0.8283167339487224,0.5007676632331184,7.86330011445161,35823
energy,power_kw_eps2.0,p_gated_ba,2.0,8,3,8.0,1,4,0.0,29.3519990016322,0.587039980032644,0.6178662075104463,0.48226000055830054,7.86330011445161,35823
energy,power_kw_eps2.0,p_gated_ba,2.0,8,3,16.0,1,4,0.0,28.713920863854753,0.574278417277095,0.47704523183335124,0.4786868771459677,7.86330011445161,35823
energy,power_kw_eps2.0,p_gated_ba,2.0,8,4,,1,4,0.0,28.713920863854753,0.574278417277095,0.47704523183335124,0.4786868771459677,7.86330011445161,35823
energy,power_kw_eps2.0,p_gated_ba,2.0,8,4,4.0,1,4,0.0,58.03186973024822,1.1606373946049644,0.8283167339487224,0.5007676632331184,7.86330011445161,35823
energy,power_kw_eps2.0,p_gated_ba,2.0,8,4,8.0,1,4,0.0,29.3519990016322,0.587039980032644,0.6178662075104463,0.48226000055830054,7.86330011445161,35823
energy,power_kw_eps2.0,p_gated_ba,2.0,8,4,16.0,1,4,0.0,28.713920863854753,0.574278417277095,0.47704523183335124,0.4786868771459677,7.86330011445161,35823
energy,power_kw_eps2.0,p_gated_ba,2.0,8,6,,1,4,0.0,28.713920863854753,0.574278417277095,0.47704523183335124,0.4786868771459677,7.86330011445161,35823
energy,power_kw_eps2.0,p_gated_ba,2.0,8,6,8.0,1,4,0.0,29.3519990016322,0.587039980032644,0.6178662075104463,0.48226000055830054,7.86330011445161,35823
energy,power_kw_eps2.0,p_gated_ba,2.0,8,6,16.0,1,4,0.0,28.713920863854753,0.574278417277095,0.47704523183335124,0.4786868771459677,7.86330011445161,35823
energy,power_kw_eps2.0,p_gated_ba,2.0,8,1,,2,0,0.0,28.461070655378325,0.5692214131075665,0.4906967273171409,0.4781303840382371,7.911187684099372,17993
energy,power_kw_eps2.0,p_gated_ba,2.0,8,1,4.0,2,0,0.0,58.002417249236174,1.1600483449847234,0.550784006790243,0.4970821986328016,7.911187684099372,17993
energy,power_kw_eps2.0,p_gated_ba,2.0,8,1,8.0,2,0,0.0,29.04398216204942,0.5808796432409884,0.5059691852348039,0.47974212193630855,7.911187684099372,17993
energy,power_kw_eps2.0,p_gated_ba,2.0,8,1,16.0,2,0,0.0,28.461070655378325,0.5692214131075665,0.4906967273171409,0.4781303840382371,7.911187684099372,17993
energy,power_kw_eps2.0,p_gated_ba,2.0,8,2,,2,0,0.0,28.461070655378325,0.5692214131075665,0.4906967273171409,0.4781303840382371,7.911187684099372,17993
energy,power_kw_eps2.0,p_gated_ba,2.0,8,2,4.0,2,0,0.0,58.002417249236174,1.1600483449847234,0.550784006790243,0.4970821986328016,7.911187684099372,17993
energy,power_kw_eps2.0,p_gated_ba,2.0,8,2,8.0,2,0,0.0,29.04398216204942,0.5808796432409884,0.5059691852348039,0.47974212193630855,7.911187684099372,17993
energy,power_kw_eps2.0,p_gated_ba,2.0,8,2,16.0,2,0,0.0,28.461070655378325,0.5692214131075665,0.4906967273171409,0.4781303840382371,7.911187684099372,17993
energy,power_kw_eps2.0,p_gated_ba,2.0,8,3,,2,0,0.0,28.461070655378325,0.5692214131075665,0.4906967273171409,0.4781303840382371,7.911187684099372,17993
energy,power_kw_eps2.0,p_gated_ba,2.0,8,3,4.0,2,0,0.0,58.002417249236174,1.1600483449847234,0.550784006790243,0.4970821986328016,7.911187684099372,17993
energy,power_kw_eps2.0,p_gated_ba,2.0,8,3,8.0,2,0,0.0,29.04398216204942,0.5808796432409884,0.5059691852348039,0.47974212193630855,7.911187684099372,17993
energy,power_kw_eps2.0,p_gated_ba,2.0,8,3,16.0,2,0,0.0,28.461070655378325,0.5692214131075665,0.4906967273171409,0.4781303840382371,7.911187684099372,17993
energy,power_kw_eps2.0,p_gated_ba,2.0,8,4,,2,0,0.0,28.461070655378325,0.5692214131075665,0.4906967273171409,0.4781303840382371,7.911187684099372,17993
energy,power_kw_eps2.0,p_gated_ba,2.0,8,4,4.0,2,0,0.0,58.002417249236174,1.1600483449847234,0.550784006790243,0.4970821986328016,7.911187684099372,17993
energy,power_kw_eps2.0,p_gated_ba,2.0,8,4,8.0,2,0,0.0,29.04398216204942,0.5808796432409884,0.5059691852348039,0.47974212193630855,7.911187684099372,17993
energy,power_kw_eps2.0,p_gated_ba,2.0,8,4,16.0,2,0,0.0,28.461070655378325,0.5692214131075665,0.4906967273171409,0.4781303840382371,7.911187684099372,17993
energy,power_kw_eps2.0,p_gated_ba,2.0,8,6,,2,0,0.0,28.461070655378325,0.5692214131075665,0.4906967273171409,0.4781303840382371,7.911187684099372,17993
energy,power_kw_eps2.0,p_gated_ba,2.0,8,6,8.0,2,0,0.0,29.04398216204942,0.5808796432409884,0.5059691852348039,0.47974212193630855,7.911187684099372,17993
energy,power_kw_eps2.0,p_gated_ba,2.0,8,6,16.0,2,0,0.0,28.461070655378325,0.5692214131075665,0.4906967273171409,0.4781303840382371,7.911187684099372,17993
energy,power_kw_eps2.0,p_gated_ba,2.0,8,1,,2,2,0.0,28.486972807661605,0.5697394561532321,0.4906967273171409,0.47991743835769274,7.940756443155194,17926
energy,power_kw_eps2.0,p_gated_ba,2.0,8,1,4.0,2,2,0.0,57.97439510747047,1.1594879021494093,0.550784006790243,0.49894008702443376,7.940756443155194,17926
energy,power_kw_eps2.0,p_gated_ba,2.0,8,1,8.0,2,2,0.0,29.093294628012078,0.5818658925602416,0.5059691852348039,0.48153520026776747,7.940756443155194,17926
energy,power_kw_eps2.0,p_gated_ba,2.0,8,1,16.0,2,2,0.0,28.486972807661605,0.5697394561532321,0.4906967273171409,0.47991743835769274,7.940756443155194,17926
energy,power_kw_eps2.0,p_gated_ba,2.0,8,2,,2,2,0.0,28.486972807661605,0.5697394561532321,0.4906967273171409,0.47991743835769274,7.940756443155194,17926
energy,power_kw_eps2.0,p_gated_ba,2.0,8,2,4.0,2,2,0.0,57.97439510747047,1.1594879021494093,0.550784006790243,0.49894008702443376,7.940756443155194,17926
energy,power_kw_eps2.0,p_gated_ba,2.0,8,2,8.0,2,2,0.0,29.093294628012078,0.5818658925602416,0.5059691852348039,0.48153520026776747,7.940756443155194,17926
energy,power_kw_eps2.0,p_gated_ba,2.0,8,2,16.0,2,2,0.0,28.486972807661605,0.5697394561532321,0.4906967273171409,0.47991743835769274,7.940756443155194,17926
energy,power_kw_eps2.0,p_gated_ba,2.0,8,3,,2,2,0.0,28.486972807661605,0.5697394561532321,0.4906967273171409,0.47991743835769274,7.940756443155194,17926
energy,power_kw_eps2.0,p_gated_ba,2.0,8,3,4.0,2,2,0.0,57.97439510747047,1.1594879021494093,0.550784006790243,0.49894008702443376,7.940756443155194,17926
energy,power_kw_eps2.0,p_gated_ba,2.0,8,3,8.0,2,2,0.0,29.093294628012078,0.5818658925602416,0.5059691852348039,0.48153520026776747,7.940756443155194,17926
energy,power_kw_eps2.0,p_gated_ba,2.0,8,3,16.0,2,2,0.0,28.486972807661605,0.5697394561532321,0.4906967273171409,0.47991743835769274,7.940756443155194,17926
energy,power_kw_eps2.0,p_gated_ba,2.0,8,4,,2,2,0.0,28.486972807661605,0.5697394561532321,0.4906967273171409,0.47991743835769274,7.940756443155194,17926
energy,power_kw_eps2.0,p_gated_ba,2.0,8,4,4.0,2,2,0.0,57.97439510747047,1.1594879021494093,0.550784006790243,0.49894008702443376,7.940756443155194,17926
energy,power_kw_eps2.0,p_gated_ba,2.0,8,4,8.0,2,2,0.0,29.093294628012078,0.5818658925602416,0.5059691852348039,0.48153520026776747,7.940756443155194,17926
energy,power_kw_eps2.0,p_gated_ba,2.0,8,4,16.0,2,2,0.0,28.486972807661605,0.5697394561532321,0.4906967273171409,0.47991743835769274,7.940756443155194,17926
energy,power_kw_eps2.0,p_gated_ba,2.0,8,6,,2,2,0.0,28.486972807661605,0.5697394561532321,0.4906967273171409,0.47991743835769274,7.940756443155194,17926
energy,power_kw_eps2.0,p_gated_ba,2.0,8,6,8.0,2,2,0.0,29.093294628012078,0.5818658925602416,0.5059691852348039,0.48153520026776747,7.940756443155194,17926
energy,power_kw_eps2.0,p_gated_ba,2.0,8,6,16.0,2,2,0.0,28.486972807661605,0.5697394561532321,0.4906967273171409,0.47991743835769274,7.940756443155194,17926
energy,power_kw_eps2.0,p_gated_ba,2.0,8,1,,2,4,0.0,28.492786501756438,0.5698557300351288,0.4906967273171409,0.48021211275467485,7.945632151828077,17915
energy,power_kw_eps2.0,p_gated_ba,2.0,8,1,4.0,2,4,0.0,57.98404417931522,1.1596808835863044,0.550784006790243,0.4992464415294446,7.945632151828077,17915
energy,power_kw_eps2.0,p_gated_ba,2.0,8,1,8.0,2,4,0.0,29.099490146322566,0.5819898029264513,0.5059691852348039,0.4818308679877198,7.945632151828077,17915
energy,power_kw_eps2.0,p_gated_ba,2.0,8,1,16.0,2,4,0.0,28.492786501756438,0.5698557300351288,0.4906967273171409,0.48021211275467485,7.945632151828077,17915
energy,power_kw_eps2.0,p_gated_ba,2.0,8,2,,2,4,0.0,28.492786501756438,0.5698557300351288,0.4906967273171409,0.48021211275467485,7.945632151828077,17915
energy,power_kw_eps2.0,p_gated_ba,2.0,8,2,4.0,2,4,0.0,57.98404417931522,1.1596808835863044,0.550784006790243,0.4992464415294446,7.945632151828077,17915
energy,power_kw_eps2.0,p_gated_ba,2.0,8,2,8.0,2,4,0.0,29.099490146322566,0.5819898029264513,0.5059691852348039,0.4818308679877198,7.945632151828077,17915
energy,power_kw_eps2.0,p_gated_ba,2.0,8,2,16.0,2,4,0.0,28.492786501756438,0.5698557300351288,0.4906967273171409,0.48021211275467485,7.945632151828077,17915
energy,power_kw_eps2.0,p_gated_ba,2.0,8,3,,2,4,0.0,28.492786501756438,0.5698557300351288,0.4906967273171409,0.48021211275467485,7.945632151828077,17915
energy,power_kw_eps2.0,p_gated_ba,2.0,8,3,4.0,2,4,0.0,57.98404417931522,1.1596808835863044,0.550784006790243,0.4992464415294446,7.945632151828077,17915
energy,power_kw_eps2.0,p_gated_ba,2.0,8,3,8.0,2,4,0.0,29.099490146322566,0.5819898029264513,0.5059691852348039,0.4818308679877198,7.945632151828077,17915
energy,power_kw_eps2.0,p_gated_ba,2.0,8,3,16.0,2,4,0.0,28.492786501756438,0.5698557300351288,0.4906967273171409,0.48021211275467485,7.945632151828077,17915
energy,power_kw_eps2.0,p_gated_ba,2.0,8,4,,2,4,0.0,28.492786501756438,0.5698557300351288,0.4906967273171409,0.48021211275467485,7.945632151828077,17915
energy,power_kw_eps2.0,p_gated_ba,2.0,8,4,4.0,2,4,0.0,57.98404417931522,1.1596808835863044,0.550784006790243,0.4992464415294446,7.945632151828077,17915
energy,power_kw_eps2.0,p_gated_ba,2.0,8,4,8.0,2,4,0.0,29.099490146322566,0.5819898029264513,0.5059691852348039,0.4818308679877198,7.945632151828077,17915
energy,power_kw_eps2.0,p_gated_ba,2.0,8,4,16.0,2,4,0.0,28.492786501756438,0.5698557300351288,0.4906967273171409,0.48021211275467485,7.945632151828077,17915
energy,power_kw_eps2.0,p_gated_ba,2.0,8,6,,2,4,0.0,28.492786501756438,0.5698557300351288,0.4906967273171409,0.48021211275467485,7.945632151828077,17915
energy,power_kw_eps2.0,p_gated_ba,2.0,8,6,8.0,2,4,0.0,29.099490146322566,0.5819898029264513,0.5059691852348039,0.4818308679877198,7.945632151828077,17915
energy,power_kw_eps2.0,p_gated_ba,2.0,8,6,16.0,2,4,0.0,28.492786501756438,0.5698557300351288,0.4906967273171409,0.48021211275467485,7.945632151828077,17915
energy,power_kw_eps2.0,p_gated_ba,2.0,8,1,,4,0,0.0,27.520724154816833,0.5504144830963367,0.4667305521022256,0.4713793486717795,8.02867622540847,8997
energy,power_kw_eps2.0,p_gated_ba,2.0,8,1,4.0,4,0,0.0,57.58438635228179,1.1516877270456358,0.5902702212508387,0.4937201289318662,8.02867622540847,8997
energy,power_kw_eps2.0,p_gated_ba,2.0,8,1,8.0,4,0,0.0,28.58029620668186,0.5716059241336372,0.4711489269363559,0.47415805268422806,8.02867622540847,8997
energy,power_kw_eps2.0,p_gated_ba,2.0,8,1,16.0,4,0,0.0,27.520724154816833,0.5504144830963367,0.4667305521022256,0.4713793486717795,8.02867622540847,8997
energy,power_kw_eps2.0,p_gated_ba,2.0,8,2,,4,0,0.0,27.520724154816833,0.5504144830963367,0.4667305521022256,0.4713793486717795,8.02867622540847,8997
energy,power_kw_eps2.0,p_gated_ba,2.0,8,2,4.0,4,0,0.0,57.58438635228179,1.1516877270456358,0.5902702212508387,0.4937201289318662,8.02867622540847,8997
energy,power_kw_eps2.0,p_gated_ba,2.0,8,2,8.0,4,0,0.0,28.58029620668186,0.5716059241336372,0.4711489269363559,0.47415805268422806,8.02867622540847,8997
energy,power_kw_eps2.0,p_gated_ba,2.0,8,2,16.0,4,0,0.0,27.520724154816833,0.5504144830963367,0.4667305521022256,0.4713793486717795,8.02867622540847,8997
energy,power_kw_eps2.0,p_gated_ba,2.0,8,3,,4,0,0.0,27.520724154816833,0.5504144830963367,0.4667305521022256,0.4713793486717795,8.02867622540847,8997
energy,power_kw_eps2.0,p_gated_ba,2.0,8,3,4.0,4,0,0.0,57.58438635228179,1.1516877270456358,0.5902702212508387,0.4937201289318662,8.02867622540847,8997
energy,power_kw_eps2.0,p_gated_ba,2.0,8,3,8.0,4,0,0.0,28.58029620668186,0.5716059241336372,0.4711489269363559,0.47415805268422806,8.02867622540847,8997
energy,power_kw_eps2.0,p_gated_ba,2.0,8,3,16.0,4,0,0.0,27.520724154816833,0.5504144830963367,0.4667305521022256,0.4713793486717795,8.02867622540847,8997
energy,power_kw_eps2.0,p_gated_ba,2.0,8,4,,4,0,0.0,27.520724154816833,0.5504144830963367,0.4667305521022256,0.4713793486717795,8.02867622540847,8997
energy,power_kw_eps2.0,p_gated_ba,2.0,8,4,4.0,4,0,0.0,57.58438635228179,1.1516877270456358,0.5902702212508387,0.4937201289318662,8.02867622540847,8997
energy,power_kw_eps2.0,p_gated_ba,2.0,8,4,8.0,4,0,0.0,28.58029620668186,0.5716059241336372,0.4711489269363559,0.47415805268422806,8.02867622540847,8997
energy,power_kw_eps2.0,p_gated_ba,2.0,8,4,16.0,4,0,0.0,27.520724154816833,0.5504144830963367,0.4667305521022256,0.4713793486717795,8.02867622540847,8997
energy,power_kw_eps2.0,p_gated_ba,2.0,8,6,,4,0,0.0,27.520724154816833,0.5504144830963367,0.4667305521022256,0.4713793486717795,8.02867622540847,8997
energy,power_kw_eps2.0,p_gated_ba,2.0,8,6,8.0,4,0,0.0,28.58029620668186,0.5716059241336372,0.4711489269363559,0.47415805268422806,8.02867622540847,8997
energy,power_kw_eps2.0,p_gated_ba,2.0,8,6,16.0,4,0,0.0,27.520724154816833,0.5504144830963367,0.4667305521022256,0.4713793486717795,8.02867622540847,8997
energy,power_kw_eps2.0,p_gated_ba,2.0,8,1,,4,2,0.0,27.532635352261206,0.5506527070452241,0.4667305521022256,0.4730619074177356,8.05733407696598,8965
energy,power_kw_eps2.0,p_gated_ba,2.0,8,1,4.0,4,2,0.0,57.576289015565955,1.151525780311319,0.5902702212508387,0.4954824316787507,8.05733407696598,8965
energy,power_kw_eps2.0,p_gated_ba,2.0,8,1,8.0,4,2,0.0,28.611901686553498,0.57223803373107,0.4711489269363559,0.4758505298382599,8.05733407696598,8965
energy,power_kw_eps2.0,p_gated_ba,2.0,8,1,16.0,4,2,0.0,27.532635352261206,0.5506527070452241,0.4667305521022256,0.4730619074177356,8.05733407696598,8965
energy,power_kw_eps2.0,p_gated_ba,2.0,8,2,,4,2,0.0,27.532635352261206,0.5506527070452241,0.4667305521022256,0.4730619074177356,8.05733407696598,8965
energy,power_kw_eps2.0,p_gated_ba,2.0,8,2,4.0,4,2,0.0,57.576289015565955,1.151525780311319,0.5902702212508387,0.4954824316787507,8.05733407696598,8965
energy,power_kw_eps2.0,p_gated_ba,2.0,8,2,8.0,4,2,0.0,28.611901686553498,0.57223803373107,0.4711489269363559,0.4758505298382599,8.05733407696598,8965
energy,power_kw_eps2.0,p_gated_ba,2.0,8,2,16.0,4,2,0.0,27.532635352261206,0.5506527070452241,0.4667305521022256,0.4730619074177356,8.05733407696598,8965
energy,power_kw_eps2.0,p_gated_ba,2.0,8,3,,4,2,0.0,27.532635352261206,0.5506527070452241,0.4667305521022256,0.4730619074177356,8.05733407696598,8965
energy,power_kw_eps2.0,p_gated_ba,2.0,8,3,4.0,4,2,0.0,57.576289015565955,1.151525780311319,0.5902702212508387,0.4954824316787507,8.05733407696598,8965
energy,power_kw_eps2.0,p_gated_ba,2.0,8,3,8.0,4,2,0.0,28.611901686553498,0.57223803373107,0.4711489269363559,0.4758505298382599,8.05733407696598,8965
energy,power_kw_eps2.0,p_gated_ba,2.0,8,3,16.0,4,2,0.0,27.532635352261206,0.5506527070452241,0.4667305521022256,0.4730619074177356,8.05733407696598,8965
energy,power_kw_eps2.0,p_gated_ba,2.0,8,4,,4,2,0.0,27.532635352261206,0.5506527070452241,0.4667305521022256,0.4730619074177356,8.05733407696598,8965
energy,power_kw_eps2.0,p_gated_ba,2.0,8,4,4.0,4,2,0.0,57.576289015565955,1.151525780311319,0.5902702212508387,0.4954824316787507,8.05733407696598,8965
energy,power_kw_eps2.0,p_gated_ba,2.0,8,4,8.0,4,2,0.0,28.611901686553498,0.57223803373107,0.4711489269363559,0.4758505298382599,8.05733407696598,8965
energy,power_kw_eps2.0,p_gated_ba,2.0,8,4,16.0,4,2,0.0,27.532635352261206,0.5506527070452241,0.4667305521022256,0.4730619074177356,8.05733407696598,8965
energy,power_kw_eps2.0,p_gated_ba,2.0,8,6,,4,2,0.0,27.532635352261206,0.5506527070452241,0.4667305521022256,0.4730619074177356,8.05733407696598,8965
energy,power_kw_eps2.0,p_gated_ba,2.0,8,6,8.0,4,2,0.0,28.611901686553498,0.57223803373107,0.4711489269363559,0.4758505298382599,8.05733407696598,8965
energy,power_kw_eps2.0,p_gated_ba,2.0,8,6,16.0,4,2,0.0,27.532635352261206,0.5506527070452241,0.4667305521022256,0.4730619074177356,8.05733407696598,8965
energy,power_kw_eps2.0,p_gated_ba,2.0,8,1,,4,4,0.0,27.537499989005134,0.5507499997801026,0.4667305521022256,0.4733258928571429,8.061830357142858,8960
energy,power_kw_eps2.0,p_gated_ba,2.0,8,1,4.0,4,4,0.0,57.578599708187525,1.1515719941637506,0.5902702212508387,0.49575892857142856,8.061830357142858,8960
energy,power_kw_eps2.0,p_gated_ba,2.0,8,1,8.0,4,4,0.0,28.611647254548586,0.5722329450909718,0.4711489269363559,0.47611607142857143,8.061830357142858,8960
energy,power_kw_eps2.0,p_gated_ba,2.0,8,1,16.0,4,4,0.0,27.537499989005134,0.5507499997801026,0.4667305521022256,0.4733258928571429,8.061830357142858,8960
energy,power_kw_eps2.0,p_gated_ba,2.0,8,2,,4,4,0.0,27.537499989005134,0.5507499997801026,0.4667305521022256,0.4733258928571429,8.061830357142858,8960
energy,power_kw_eps2.0,p_gated_ba,2.0,8,2,4.0,4,4,0.0,57.578599708187525,1.1515719941637506,0.5902702212508387,0.49575892857142856,8.061830357142858,8960
energy,power_kw_eps2.0,p_gated_ba,2.0,8,2,8.0,4,4,0.0,28.611647254548586,0.5722329450909718,0.4711489269363559,0.47611607142857143,8.061830357142858,8960
energy,power_kw_eps2.0,p_gated_ba,2.0,8,2,16.0,4,4,0.0,27.537499989005134,0.5507499997801026,0.4667305521022256,0.4733258928571429,8.061830357142858,8960
energy,power_kw_eps2.0,p_gated_ba,2.0,8,3,,4,4,0.0,27.537499989005134,0.5507499997801026,0.4667305521022256,0.4733258928571429,8.061830357142858,8960
energy,power_kw_eps2.0,p_gated_ba,2.0,8,3,4.0,4,4,0.0,57.578599708187525,1.1515719941637506,0.5902702212508387,0.49575892857142856,8.061830357142858,8960
energy,power_kw_eps2.0,p_gated_ba,2.0,8,3,8.0,4,4,0.0,28.611647254548586,0.5722329450909718,0.4711489269363559,0.47611607142857143,8.061830357142858,8960
energy,power_kw_eps2.0,p_gated_ba,2.0,8,3,16.0,4,4,0.0,27.537499989005134,0.5507499997801026,0.4667305521022256,0.4733258928571429,8.061830357142858,8960
energy,power_kw_eps2.0,p_gated_ba,2.0,8,4,,4,4,0.0,27.537499989005134,0.5507499997801026,0.4667305521022256,0.4733258928571429,8.061830357142858,8960
energy,power_kw_eps2.0,p_gated_ba,2.0,8,4,4.0,4,4,0.0,57.578599708187525,1.1515719941637506,0.5902702212508387,0.49575892857142856,8.061830357142858,8960
energy,power_kw_eps2.0,p_gated_ba,2.0,8,4,8.0,4,4,0.0,28.611647254548586,0.5722329450909718,0.4711489269363559,0.47611607142857143,8.061830357142858,8960
energy,power_kw_eps2.0,p_gated_ba,2.0,8,4,16.0,4,4,0.0,27.537499989005134,0.5507499997801026,0.4667305521022256,0.4733258928571429,8.061830357142858,8960
energy,power_kw_eps2.0,p_gated_ba,2.0,8,6,,4,4,0.0,27.537499989005134,0.5507499997801026,0.4667305521022256,0.4733258928571429,8.061830357142858,8960
energy,power_kw_eps2.0,p_gated_ba,2.0,8,6,8.0,4,4,0.0,28.611647254548586,0.5722329450909718,0.4711489269363559,0.47611607142857143,8.061830357142858,8960
energy,power_kw_eps2.0,p_gated_ba,2.0,8,6,16.0,4,4,0.0,27.537499989005134,0.5507499997801026,0.4667305521022256,0.4733258928571429,8.061830357142858,8960
energy,power_kw_eps2.0,n_weighted,2.0,8,1,,1,0,0.0,25.5611678978339,0.5112233579566781,0.9461653495385044,0.9944977073780742,7.827900514103098,35985
energy,power_kw_eps2.0,n_weighted,2.0,8,1,4.0,1,0,0.0,49.315892207493214,0.9863178441498642,0.7269027584799401,0.9944977073780742,7.827900514103098,35985
energy,power_kw_eps2.0,n_weighted,2.0,8,1,8.0,1,0,0.0,25.841896488990656,0.5168379297798131,0.9520012831768213,0.9944977073780742,7.827900514103098,35985
energy,power_kw_eps2.0,n_weighted,2.0,8,1,16.0,1,0,0.0,25.5611678978339,0.5112233579566781,0.9461653495385044,0.9944977073780742,7.827900514103098,35985
energy,power_kw_eps2.0,n_weighted,2.0,8,2,,1,0,0.0,25.5611678978339,0.5112233579566781,0.9461653495385044,0.9944977073780742,7.827900514103098,35985
energy,power_kw_eps2.0,n_weighted,2.0,8,2,4.0,1,0,0.0,49.315892207493214,0.9863178441498642,0.7269027584799401,0.9944977073780742,7.827900514103098,35985
energy,power_kw_eps2.0,n_weighted,2.0,8,2,8.0,1,0,0.0,25.841896488990656,0.5168379297798131,0.9520012831768213,0.9944977073780742,7.827900514103098,35985
energy,power_kw_eps2.0,n_weighted,2.0,8,2,16.0,1,0,0.0,25.5611678978339,0.5112233579566781,0.9461653495385044,0.9944977073780742,7.827900514103098,35985
energy,power_kw_eps2.0,n_weighted,2.0,8,3,,1,0,0.0,25.5611678978339,0.5112233579566781,0.9461653495385044,0.9944977073780742,7.827900514103098,35985
energy,power_kw_eps2.0,n_weighted,2.0,8,3,4.0,1,0,0.0,49.315892207493214,0.9863178441498642,0.7269027584799401,0.9944977073780742,7.827900514103098,35985
energy,power_kw_eps2.0,n_weighted,2.0,8,3,8.0,1,0,0.0,25.841896488990656,0.5168379297798131,0.9520012831768213,0.9944977073780742,7.827900514103098,35985
energy,power_kw_eps2.0,n_weighted,2.0,8,3,16.0,1,0,0.0,25.5611678978339,0.5112233579566781,0.9461653495385044,0.9944977073780742,7.827900514103098,35985
energy,power_kw_eps2.0,n_weighted,2.0,8,4,,1,0,0.0,25.5611678978339,0.5112233579566781,0.9461653495385044,0.9944977073780742,7.827900514103098,35985
energy,power_kw_eps2.0,n_weighted,2.0,8,4,4.0,1,0,0.0,49.315892207493214,0.9863178441498642,0.7269027584799401,0.9944977073780742,7.827900514103098,35985
energy,power_kw_eps2.0,n_weighted,2.0,8,4,8.0,1,0,0.0,25.841896488990656,0.5168379297798131,0.9520012831768213,0.9944977073780742,7.827900514103098,35985
energy,power_kw_eps2.0,n_weighted,2.0,8,4,16.0,1,0,0.0,25.5611678978339,0.5112233579566781,0.9461653495385044,0.9944977073780742,7.827900514103098,35985
energy,power_kw_eps2.0,n_weighted,2.0,8,6,,1,0,0.0,25.5611678978339,0.5112233579566781,0.9461653495385044,0.9944977073780742,7.827900514103098,35985
energy,power_kw_eps2.0,n_weighted,2.0,8,6,8.0,1,0,0.0,25.841896488990656,0.5168379297798131,0.9520012831768213,0.9944977073780742,7.827900514103098,35985
energy,power_kw_eps2.0,n_weighted,2.0,8,6,16.0,1,0,0.0,25.5611678978339,0.5112233579566781,0.9461653495385044,0.9944977073780742,7.827900514103098,35985
energy,power_kw_eps2.0,n_weighted,2.0,8,1,,1,2,0.0,25.57822379364941,0.5115644758729883,0.9461653495385044,0.9982705235850372,7.857597143574437,35849
energy,power_kw_eps2.0,n_weighted,2.0,8,1,4.0,1,2,0.0,49.35979491854748,0.9871958983709496,0.7269027584799401,0.9982705235850372,7.857597143574437,35849
energy,power_kw_eps2.0,n_weighted,2.0,8,1,8.0,1,2,0.0,25.859480991820387,0.5171896198364078,0.9520012831768213,0.9982705235850372,7.857597143574437,35849
energy,power_kw_eps2.0,n_weighted,2.0,8,1,16.0,1,2,0.0,25.57822379364941,0.5115644758729883,0.9461653495385044,0.9982705235850372,7.857597143574437,35849
energy,power_kw_eps2.0,n_weighted,2.0,8,2,,1,2,0.0,25.57822379364941,0.5115644758729883,0.9461653495385044,0.9982705235850372,7.857597143574437,35849
energy,power_kw_eps2.0,n_weighted,2.0,8,2,4.0,1,2,0.0,49.35979491854748,0.9871958983709496,0.7269027584799401,0.9982705235850372,7.857597143574437,35849
energy,power_kw_eps2.0,n_weighted,2.0,8,2,8.0,1,2,0.0,25.859480991820387,0.5171896198364078,0.9520012831768213,0.9982705235850372,7.857597143574437,35849
energy,power_kw_eps2.0,n_weighted,2.0,8,2,16.0,1,2,0.0,25.57822379364941,0.5115644758729883,0.9461653495385044,0.9982705235850372,7.857597143574437,35849
energy,power_kw_eps2.0,n_weighted,2.0,8,3,,1,2,0.0,25.57822379364941,0.5115644758729883,0.9461653495385044,0.9982705235850372,7.857597143574437,35849
energy,power_kw_eps2.0,n_weighted,2.0,8,3,4.0,1,2,0.0,49.35979491854748,0.9871958983709496,0.7269027584799401,0.9982705235850372,7.857597143574437,35849
energy,power_kw_eps2.0,n_weighted,2.0,8,3,8.0,1,2,0.0,25.859480991820387,0.5171896198364078,0.9520012831768213,0.9982705235850372,7.857597143574437,35849
energy,power_kw_eps2.0,n_weighted,2.0,8,3,16.0,1,2,0.0,25.57822379364941,0.5115644758729883,0.9461653495385044,0.9982705235850372,7.857597143574437,35849
energy,power_kw_eps2.0,n_weighted,2.0,8,4,,1,2,0.0,25.57822379364941,0.5115644758729883,0.9461653495385044,0.9982705235850372,7.857597143574437,35849
energy,power_kw_eps2.0,n_weighted,2.0,8,4,4.0,1,2,0.0,49.35979491854748,0.9871958983709496,0.7269027584799401,0.9982705235850372,7.857597143574437,35849
energy,power_kw_eps2.0,n_weighted,2.0,8,4,8.0,1,2,0.0,25.859480991820387,0.5171896198364078,0.9520012831768213,0.9982705235850372,7.857597143574437,35849
energy,power_kw_eps2.0,n_weighted,2.0,8,4,16.0,1,2,0.0,25.57822379364941,0.5115644758729883,0.9461653495385044,0.9982705235850372,7.857597143574437,35849
energy,power_kw_eps2.0,n_weighted,2.0,8,6,,1,2,0.0,25.57822379364941,0.5115644758729883,0.9461653495385044,0.9982705235850372,7.857597143574437,35849
energy,power_kw_eps2.0,n_weighted,2.0,8,6,8.0,1,2,0.0,25.859480991820387,0.5171896198364078,0.9520012831768213,0.9982705235850372,7.857597143574437,35849
energy,power_kw_eps2.0,n_weighted,2.0,8,6,16.0,1,2,0.0,25.57822379364941,0.5115644758729883,0.9461653495385044,0.9982705235850372,7.857597143574437,35849
energy,power_kw_eps2.0,n_weighted,2.0,8,1,,1,4,0.0,25.58101887884359,0.5116203775768718,0.9461653462782121,0.9989950590402814,7.86330011445161,35823
energy,power_kw_eps2.0,n_weighted,2.0,8,1,4.0,1,4,0.0,49.36743803730098,0.9873487607460195,0.7269027584799401,0.9989950590402814,7.86330011445161,35823
energy,power_kw_eps2.0,n_weighted,2.0,8,1,8.0,1,4,0.0,25.862536733371464,0.5172507346674293,0.9520012799422182,0.9989950590402814,7.86330011445161,35823
energy,power_kw_eps2.0,n_weighted,2.0,8,1,16.0,1,4,0.0,25.58101887884359,0.5116203775768718,0.9461653462782121,0.9989950590402814,7.86330011445161,35823
energy,power_kw_eps2.0,n_weighted,2.0,8,2,,1,4,0.0,25.58101887884359,0.5116203775768718,0.9461653462782121,0.9989950590402814,7.86330011445161,35823
energy,power_kw_eps2.0,n_weighted,2.0,8,2,4.0,1,4,0.0,49.36743803730098,0.9873487607460195,0.7269027584799401,0.9989950590402814,7.86330011445161,35823
energy,power_kw_eps2.0,n_weighted,2.0,8,2,8.0,1,4,0.0,25.862536733371464,0.5172507346674293,0.9520012799422182,0.9989950590402814,7.86330011445161,35823
energy,power_kw_eps2.0,n_weighted,2.0,8,2,16.0,1,4,0.0,25.58101887884359,0.5116203775768718,0.9461653462782121,0.9989950590402814,7.86330011445161,35823
energy,power_kw_eps2.0,n_weighted,2.0,8,3,,1,4,0.0,25.58101887884359,0.5116203775768718,0.9461653462782121,0.9989950590402814,7.86330011445161,35823
energy,power_kw_eps2.0,n_weighted,2.0,8,3,4.0,1,4,0.0,49.36743803730098,0.9873487607460195,0.7269027584799401,0.9989950590402814,7.86330011445161,35823
energy,power_kw_eps2.0,n_weighted,2.0,8,3,8.0,1,4,0.0,25.862536733371464,0.5172507346674293,0.9520012799422182,0.9989950590402814,7.86330011445161,35823
energy,power_kw_eps2.0,n_weighted,2.0,8,3,16.0,1,4,0.0,25.58101887884359,0.5116203775768718,0.9461653462782121,0.9989950590402814,7.86330011445161,35823
energy,power_kw_eps2.0,n_weighted,2.0,8,4,,1,4,0.0,25.58101887884359,0.5116203775768718,0.9461653462782121,0.9989950590402814,7.86330011445161,35823
energy,power_kw_eps2.0,n_weighted,2.0,8,4,4.0,1,4,0.0,49.36743803730098,0.9873487607460195,0.7269027584799401,0.9989950590402814,7.86330011445161,35823
energy,power_kw_eps2.0,n_weighted,2.0,8,4,8.0,1,4,0.0,25.862536733371464,0.5172507346674293,0.9520012799422182,0.9989950590402814,7.86330011445161,35823
energy,power_kw_eps2.0,n_weighted,2.0,8,4,16.0,1,4,0.0,25.58101887884359,0.5116203775768718,0.9461653462782121,0.9989950590402814,7.86330011445161,35823
energy,power_kw_eps2.0,n_weighted,2.0,8,6,,1,4,0.0,25.58101887884359,0.5116203775768718,0.9461653462782121,0.9989950590402814,7.86330011445161,35823
energy,power_kw_eps2.0,n_weighted,2.0,8,6,8.0,1,4,0.0,25.862536733371464,0.5172507346674293,0.9520012799422182,0.9989950590402814,7.86330011445161,35823
energy,power_kw_eps2.0,n_weighted,2.0,8,6,16.0,1,4,0.0,25.58101887884359,0.5116203775768718,0.9461653462782121,0.9989950590402814,7.86330011445161,35823
energy,power_kw_eps2.0,n_weighted,2.0,8,1,,2,0,0.0,25.50058174757362,0.5100116349514724,0.7112156672711578,0.9947757461234925,7.911187684099372,17993
energy,power_kw_eps2.0,n_weighted,2.0,8,1,4.0,2,0,0.0,49.452905134840314,0.9890581026968063,0.7292437009141017,0.9947757461234925,7.911187684099372,17993
energy,power_kw_eps2.0,n_weighted,2.0,8,1,8.0,2,0,0.0,25.774263483674268,0.5154852696734854,0.7185306531152125,0.9947757461234925,7.911187684099372,17993
energy,power_kw_eps2.0,n_weighted,2.0,8,1,16.0,2,0,0.0,25.50058174757362,0.5100116349514724,0.7112156672711578,0.9947757461234925,7.911187684099372,17993
energy,power_kw_eps2.0,n_weighted,2.0,8,2,,2,0,0.0,25.50058174757362,0.5100116349514724,0.7112156672711578,0.9947757461234925,7.911187684099372,17993
energy,power_kw_eps2.0,n_weighted,2.0,8,2,4.0,2,0,0.0,49.452905134840314,0.9890581026968063,0.7292437009141017,0.9947757461234925,7.911187684099372,17993
energy,power_kw_eps2.0,n_weighted,2.0,8,2,8.0,2,0,0.0,25.774263483674268,0.5154852696734854,0.7185306531152125,0.9947757461234925,7.911187684099372,17993
energy,power_kw_eps2.0,n_weighted,2.0,8,2,16.0,2,0,0.0,25.50058174757362,0.5100116349514724,0.7112156672711578,0.9947757461234925,7.911187684099372,17993
energy,power_kw_eps2.0,n_weighted,2.0,8,3,,2,0,0.0,25.50058174757362,0.5100116349514724,0.7112156672711578,0.9947757461234925,7.911187684099372,17993
energy,power_kw_eps2.0,n_weighted,2.0,8,3,4.0,2,0,0.0,49.452905134840314,0.9890581026968063,0.7292437009141017,0.9947757461234925,7.911187684099372,17993
energy,power_kw_eps2.0,n_weighted,2.0,8,3,8.0,2,0,0.0,25.774263483674268,0.5154852696734854,0.7185306531152125,0.9947757461234925,7.911187684099372,17993
energy,power_kw_eps2.0,n_weighted,2.0,8,3,16.0,2,0,0.0,25.50058174757362,0.5100116349514724,0.7112156672711578,0.9947757461234925,7.911187684099372,17993
energy,power_kw_eps2.0,n_weighted,2.0,8,4,,2,0,0.0,25.50058174757362,0.5100116349514724,0.7112156672711578,0.9947757461234925,7.911187684099372,17993
energy,power_kw_eps2.0,n_weighted,2.0,8,4,4.0,2,0,0.0,49.452905134840314,0.9890581026968063,0.7292437009141017,0.9947757461234925,7.911187684099372,17993
energy,power_kw_eps2.0,n_weighted,2.0,8,4,8.0,2,0,0.0,25.774263483674268,0.5154852696734854,0.7185306531152125,0.9947757461234925,7.911187684099372,17993
energy,power_kw_eps2.0,n_weighted,2.0,8,4,16.0,2,0,0.0,25.50058174757362,0.5100116349514724,0.7112156672711578,0.9947757461234925,7.911187684099372,17993
energy,power_kw_eps2.0,n_weighted,2.0,8,6,,2,0,0.0,25.50058174757362,0.5100116349514724,0.7112156672711578,0.9947757461234925,7.911187684099372,17993
energy,power_kw_eps2.0,n_weighted,2.0,8,6,8.0,2,0,0.0,25.774263483674268,0.5154852696734854,0.7185306531152125,0.9947757461234925,7.911187684099372,17993
energy,power_kw_eps2.0,n_weighted,2.0,8,6,16.0,2,0,0.0,25.50058174757362,0.5100116349514724,0.7112156672711578,0.9947757461234925,7.911187684099372,17993
energy,power_kw_eps2.0,n_weighted,2.0,8,1,,2,2,0.0,25.489299529414502,0.50978599058829,0.7112156400822025,0.998493807876827,7.940756443155194,17926
energy,power_kw_eps2.0,n_weighted,2.0,8,1,4.0,2,2,0.0,49.43467307353559,0.9886934614707118,0.7292437009141017,0.998493807876827,7.940756443155194,17926
energy,power_kw_eps2.0,n_weighted,2.0,8,1,8.0,2,2,0.0,25.763353533048186,0.5152670706609637,0.7185306531152125,0.998493807876827,7.940756443155194,17926
energy,power_kw_eps2.0,n_weighted,2.0,8,1,16.0,2,2,0.0,25.489299529414502,0.50978599058829,0.7112156400822025,0.998493807876827,7.940756443155194,17926
energy,power_kw_eps2.0,n_weighted,2.0,8,2,,2,2,0.0,25.489299529414502,0.50978599058829,0.7112156400822025,0.998493807876827,7.940756443155194,17926
energy,power_kw_eps2.0,n_weighted,2.0,8,2,4.0,2,2,0.0,49.43467307353559,0.9886934614707118,0.7292437009141017,0.998493807876827,7.940756443155194,17926
energy,power_kw_eps2.0,n_weighted,2.0,8,2,8.0,2,2,0.0,25.763353533048186,0.5152670706609637,0.7185306531152125,0.998493807876827,7.940756443155194,17926
energy,power_kw_eps2.0,n_weighted,2.0,8,2,16.0,2,2,0.0,25.489299529414502,0.50978599058829,0.7112156400822025,0.998493807876827,7.940756443155194,17926
energy,power_kw_eps2.0,n_weighted,2.0,8,3,,2,2,0.0,25.489299529414502,0.50978599058829,0.7112156400822025,0.998493807876827,7.940756443155194,17926
energy,power_kw_eps2.0,n_weighted,2.0,8,3,4.0,2,2,0.0,49.43467307353559,0.9886934614707118,0.7292437009141017,0.998493807876827,7.940756443155194,17926
energy,power_kw_eps2.0,n_weighted,2.0,8,3,8.0,2,2,0.0,25.763353533048186,0.5152670706609637,0.7185306531152125,0.998493807876827,7.940756443155194,17926
energy,power_kw_eps2.0,n_weighted,2.0,8,3,16.0,2,2,0.0,25.489299529414502,0.50978599058829,0.7112156400822025,0.998493807876827,7.940756443155194,17926
energy,power_kw_eps2.0,n_weighted,2.0,8,4,,2,2,0.0,25.489299529414502,0.50978599058829,0.7112156400822025,0.998493807876827,7.940756443155194,17926
energy,power_kw_eps2.0,n_weighted,2.0,8,4,4.0,2,2,0.0,49.43467307353559,0.9886934614707118,0.7292437009141017,0.998493807876827,7.940756443155194,17926
energy,power_kw_eps2.0,n_weighted,2.0,8,4,8.0,2,2,0.0,25.763353533048186,0.5152670706609637,0.7185306531152125,0.998493807876827,7.940756443155194,17926
energy,power_kw_eps2.0,n_weighted,2.0,8,4,16.0,2,2,0.0,25.489299529414502,0.50978599058829,0.7112156400822025,0.998493807876827,7.940756443155194,17926
energy,power_kw_eps2.0,n_weighted,2.0,8,6,,2,2,0.0,25.489299529414502,0.50978599058829,0.7112156400822025,0.998493807876827,7.940756443155194,17926
energy,power_kw_eps2.0,n_weighted,2.0,8,6,8.0,2,2,0.0,25.763353533048186,0.5152670706609637,0.7185306531152125,0.998493807876827,7.940756443155194,17926
energy,power_kw_eps2.0,n_weighted,2.0,8,6,16.0,2,2,0.0,25.489299529414502,0.50978599058829,0.7112156400822025,0.998493807876827,7.940756443155194,17926
energy,power_kw_eps2.0,n_weighted,2.0,8,1,,2,4,0.0,25.485346800074456,0.5097069360014891,0.7112156400822025,0.999106893664527,7.945632151828077,17915
energy,power_kw_eps2.0,n_weighted,2.0,8,1,4.0,2,4,0.0,49.4271851515906,0.9885437030318119,0.7292437009141017,0.999106893664527,7.945632151828077,17915
energy,power_kw_eps2.0,n_weighted,2.0,8,1,8.0,2,4,0.0,25.759569075772884,0.5151913815154576,0.7185306531152125,0.999106893664527,7.945632151828077,17915
energy,power_kw_eps2.0,n_weighted,2.0,8,1,16.0,2,4,0.0,25.485346800074456,0.5097069360014891,0.7112156400822025,0.999106893664527,7.945632151828077,17915
energy,power_kw_eps2.0,n_weighted,2.0,8,2,,2,4,0.0,25.485346800074456,0.5097069360014891,0.7112156400822025,0.999106893664527,7.945632151828077,17915
energy,power_kw_eps2.0,n_weighted,2.0,8,2,4.0,2,4,0.0,49.4271851515906,0.9885437030318119,0.7292437009141017,0.999106893664527,7.945632151828077,17915
energy,power_kw_eps2.0,n_weighted,2.0,8,2,8.0,2,4,0.0,25.759569075772884,0.5151913815154576,0.7185306531152125,0.999106893664527,7.945632151828077,17915
energy,power_kw_eps2.0,n_weighted,2.0,8,2,16.0,2,4,0.0,25.485346800074456,0.5097069360014891,0.7112156400822025,0.999106893664527,7.945632151828077,17915
energy,power_kw_eps2.0,n_weighted,2.0,8,3,,2,4,0.0,25.485346800074456,0.5097069360014891,0.7112156400822025,0.999106893664527,7.945632151828077,17915
energy,power_kw_eps2.0,n_weighted,2.0,8,3,4.0,2,4,0.0,49.4271851515906,0.9885437030318119,0.7292437009141017,0.999106893664527,7.945632151828077,17915
energy,power_kw_eps2.0,n_weighted,2.0,8,3,8.0,2,4,0.0,25.759569075772884,0.5151913815154576,0.7185306531152125,0.999106893664527,7.945632151828077,17915
energy,power_kw_eps2.0,n_weighted,2.0,8,3,16.0,2,4,0.0,25.485346800074456,0.5097069360014891,0.7112156400822025,0.999106893664527,7.945632151828077,17915
energy,power_kw_eps2.0,n_weighted,2.0,8,4,,2,4,0.0,25.485346800074456,0.5097069360014891,0.7112156400822025,0.999106893664527,7.945632151828077,17915
energy,power_kw_eps2.0,n_weighted,2.0,8,4,4.0,2,4,0.0,49.4271851515906,0.9885437030318119,0.7292437009141017,0.999106893664527,7.945632151828077,17915
energy,power_kw_eps2.0,n_weighted,2.0,8,4,8.0,2,4,0.0,25.759569075772884,0.5151913815154576,0.7185306531152125,0.999106893664527,7.945632151828077,17915
energy,power_kw_eps2.0,n_weighted,2.0,8,4,16.0,2,4,0.0,25.485346800074456,0.5097069360014891,0.7112156400822025,0.999106893664527,7.945632151828077,17915
energy,power_kw_eps2.0,n_weighted,2.0,8,6,,2,4,0.0,25.485346800074456,0.5097069360014891,0.7112156400822025,0.999106893664527,7.945632151828077,17915
energy,power_kw_eps2.0,n_weighted,2.0,8,6,8.0,2,4,0.0,25.759569075772884,0.5151913815154576,0.7185306531152125,0.999106893664527,7.945632151828077,17915
energy,power_kw_eps2.0,n_weighted,2.0,8,6,16.0,2,4,0.0,25.485346800074456,0.5097069360014891,0.7112156400822025,0.999106893664527,7.945632151828077,17915
energy,power_kw_eps2.0,n_weighted,2.0,8,1,,4,0,0.0,25.19131136536697,0.5038262273073394,0.714061540302966,0.9952206290985884,8.02867622540847,8997
energy,power_kw_eps2.0,n_weighted,2.0,8,1,4.0,4,0,0.0,49.35774178087776,0.9871548356175552,0.8321431675611266,0.9952206290985884,8.02867622540847,8997
energy,power_kw_eps2.0,n_weighted,2.0,8,1,8.0,4,0,0.0,25.54055140403823,0.5108110280807646,0.7879941353201112,0.9952206290985884,8.02867622540847,8997
energy,power_kw_eps2.0,n_weighted,2.0,8,1,16.0,4,0,0.0,25.19131136536697,0.5038262273073394,0.714061540302966,0.9952206290985884,8.02867622540847,8997
energy,power_kw_eps2.0,n_weighted,2.0,8,2,,4,0,0.0,25.19131136536697,0.5038262273073394,0.714061540302966,0.9952206290985884,8.02867622540847,8997
energy,power_kw_eps2.0,n_weighted,2.0,8,2,4.0,4,0,0.0,49.35774178087776,0.9871548356175552,0.8321431675611266,0.9952206290985884,8.02867622540847,8997
energy,power_kw_eps2.0,n_weighted,2.0,8,2,8.0,4,0,0.0,25.54055140403823,0.5108110280807646,0.7879941353201112,0.9952206290985884,8.02867622540847,8997
energy,power_kw_eps2.0,n_weighted,2.0,8,2,16.0,4,0,0.0,25.19131136536697,0.5038262273073394,0.714061540302966,0.9952206290985884,8.02867622540847,8997
energy,power_kw_eps2.0,n_weighted,2.0,8,3,,4,0,0.0,25.19131136536697,0.5038262273073394,0.714061540302966,0.9952206290985884,8.02867622540847,8997
energy,power_kw_eps2.0,n_weighted,2.0,8,3,4.0,4,0,0.0,49.35774178087776,0.9871548356175552,0.8321431675611266,0.9952206290985884,8.02867622540847,8997
energy,power_kw_eps2.0,n_weighted,2.0,8,3,8.0,4,0,0.0,25.54055140403823,0.5108110280807646,0.7879941353201112,0.9952206290985884,8.02867622540847,8997
energy,power_kw_eps2.0,n_weighted,2.0,8,3,16.0,4,0,0.0,25.19131136536697,0.5038262273073394,0.714061540302966,0.9952206290985884,8.02867622540847,8997
energy,power_kw_eps2.0,n_weighted,2.0,8,4,,4,0,0.0,25.19131136536697,0.5038262273073394,0.714061540302966,0.9952206290985884,8.02867622540847,8997
energy,power_kw_eps2.0,n_weighted,2.0,8,4,4.0,4,0,0.0,49.35774178087776,0.9871548356175552,0.8321431675611266,0.9952206290985884,8.02867622540847,8997
energy,power_kw_eps2.0,n_weighted,2.0,8,4,8.0,4,0,0.0,25.54055140403823,0.5108110280807646,0.7879941353201112,0.9952206290985884,8.02867622540847,8997
energy,power_kw_eps2.0,n_weighted,2.0,8,4,16.0,4,0,0.0,25.19131136536697,0.5038262273073394,0.714061540302966,0.9952206290985884,8.02867622540847,8997
energy,power_kw_eps2.0,n_weighted,2.0,8,6,,4,0,0.0,25.19131136536697,0.5038262273073394,0.714061540302966,0.9952206290985884,8.02867622540847,8997
energy,power_kw_eps2.0,n_weighted,2.0,8,6,8.0,4,0,0.0,25.54055140403823,0.5108110280807646,0.7879941353201112,0.9952206290985884,8.02867622540847,8997
energy,power_kw_eps2.0,n_weighted,2.0,8,6,16.0,4,0,0.0,25.19131136536697,0.5038262273073394,0.714061540302966,0.9952206290985884,8.02867622540847,8997
energy,power_kw_eps2.0,n_weighted,2.0,8,1,,4,2,0.0,25.179778172587977,0.5035955634517595,0.714061540302966,0.9987730061349693,8.05733407696598,8965
energy,power_kw_eps2.0,n_weighted,2.0,8,1,4.0,4,2,0.0,49.33247554366159,0.9866495108732317,0.8321431675611266,0.9987730061349693,8.05733407696598,8965
energy,power_kw_eps2.0,n_weighted,2.0,8,1,8.0,4,2,0.0,25.528647587419186,0.5105729517483837,0.7879939982287549,0.9987730061349693,8.05733407696598,8965
energy,power_kw_eps2.0,n_weighted,2.0,8,1,16.0,4,2,0.0,25.179778172587977,0.5035955634517595,0.714061540302966,0.9987730061349693,8.05733407696598,8965
energy,power_kw_eps2.0,n_weighted,2.0,8,2,,4,2,0.0,25.179778172587977,0.5035955634517595,0.714061540302966,0.9987730061349693,8.05733407696598,8965
energy,power_kw_eps2.0,n_weighted,2.0,8,2,4.0,4,2,0.0,49.33247554366159,0.9866495108732317,0.8321431675611266,0.9987730061349693,8.05733407696598,8965
energy,power_kw_eps2.0,n_weighted,2.0,8,2,8.0,4,2,0.0,25.528647587419186,0.5105729517483837,0.7879939982287549,0.9987730061349693,8.05733407696598,8965
energy,power_kw_eps2.0,n_weighted,2.0,8,2,16.0,4,2,0.0,25.179778172587977,0.5035955634517595,0.714061540302966,0.9987730061349693,8.05733407696598,8965
energy,power_kw_eps2.0,n_weighted,2.0,8,3,,4,2,0.0,25.179778172587977,0.5035955634517595,0.714061540302966,0.9987730061349693,8.05733407696598,8965
energy,power_kw_eps2.0,n_weighted,2.0,8,3,4.0,4,2,0.0,49.33247554366159,0.9866495108732317,0.8321431675611266,0.9987730061349693,8.05733407696598,8965
energy,power_kw_eps2.0,n_weighted,2.0,8,3,8.0,4,2,0.0,25.528647587419186,0.5105729517483837,0.7879939982287549,0.9987730061349693,8.05733407696598,8965
energy,power_kw_eps2.0,n_weighted,2.0,8,3,16.0,4,2,0.0,25.179778172587977,0.5035955634517595,0.714061540302966,0.9987730061349693,8.05733407696598,8965
energy,power_kw_eps2.0,n_weighted,2.0,8,4,,4,2,0.0,25.179778172587977,0.5035955634517595,0.714061540302966,0.9987730061349693,8.05733407696598,8965
energy,power_kw_eps2.0,n_weighted,2.0,8,4,4.0,4,2,0.0,49.33247554366159,0.9866495108732317,0.8321431675611266,0.9987730061349693,8.05733407696598,8965
energy,power_kw_eps2.0,n_weighted,2.0,8,4,8.0,4,2,0.0,25.528647587419186,0.5105729517483837,0.7879939982287549,0.9987730061349693,8.05733407696598,8965
energy,power_kw_eps2.0,n_weighted,2.0,8,4,16.0,4,2,0.0,25.179778172587977,0.5035955634517595,0.714061540302966,0.9987730061349693,8.05733407696598,8965
energy,power_kw_eps2.0,n_weighted,2.0,8,6,,4,2,0.0,25.179778172587977,0.5035955634517595,0.714061540302966,0.9987730061349693,8.05733407696598,8965
energy,power_kw_eps2.0,n_weighted,2.0,8,6,8.0,4,2,0.0,25.528647587419186,0.5105729517483837,0.7879939982287549,0.9987730061349693,8.05733407696598,8965
energy,power_kw_eps2.0,n_weighted,2.0,8,6,16.0,4,2,0.0,25.179778172587977,0.5035955634517595,0.714061540302966,0.9987730061349693,8.05733407696598,8965
energy,power_kw_eps2.0,n_weighted,2.0,8,1,,4,4,0.0,25.1766414977217,0.503532829954434,0.7142903192067492,0.9993303571428571,8.061830357142858,8960
energy,power_kw_eps2.0,n_weighted,2.0,8,1,4.0,4,4,0.0,49.32538064371765,0.9865076128743531,0.8321431675611266,0.9993303571428571,8.061830357142858,8960
energy,power_kw_eps2.0,n_weighted,2.0,8,1,8.0,4,4,0.0,25.525705594146018,0.5105141118829204,0.7879939982287549,0.9993303571428571,8.061830357142858,8960
energy,power_kw_eps2.0,n_weighted,2.0,8,1,16.0,4,4,0.0,25.1766414977217,0.503532829954434,0.7142903192067492,0.9993303571428571,8.061830357142858,8960
energy,power_kw_eps2.0,n_weighted,2.0,8,2,,4,4,0.0,25.1766414977217,0.503532829954434,0.7142903192067492,0.9993303571428571,8.061830357142858,8960
energy,power_kw_eps2.0,n_weighted,2.0,8,2,4.0,4,4,0.0,49.32538064371765,0.9865076128743531,0.8321431675611266,0.9993303571428571,8.061830357142858,8960
energy,power_kw_eps2.0,n_weighted,2.0,8,2,8.0,4,4,0.0,25.525705594146018,0.5105141118829204,0.7879939982287549,0.9993303571428571,8.061830357142858,8960
energy,power_kw_eps2.0,n_weighted,2.0,8,2,16.0,4,4,0.0,25.1766414977217,0.503532829954434,0.7142903192067492,0.9993303571428571,8.061830357142858,8960
energy,power_kw_eps2.0,n_weighted,2.0,8,3,,4,4,0.0,25.1766414977217,0.503532829954434,0.7142903192067492,0.9993303571428571,8.061830357142858,8960
energy,power_kw_eps2.0,n_weighted,2.0,8,3,4.0,4,4,0.0,49.32538064371765,0.9865076128743531,0.8321431675611266,0.9993303571428571,8.061830357142858,8960
energy,power_kw_eps2.0,n_weighted,2.0,8,3,8.0,4,4,0.0,25.525705594146018,0.5105141118829204,0.7879939982287549,0.9993303571428571,8.061830357142858,8960
energy,power_kw_eps2.0,n_weighted,2.0,8,3,16.0,4,4,0.0,25.1766414977217,0.503532829954434,0.7142903192067492,0.9993303571428571,8.061830357142858,8960
energy,power_kw_eps2.0,n_weighted,2.0,8,4,,4,4,0.0,25.1766414977217,0.503532829954434,0.7142903192067492,0.9993303571428571,8.061830357142858,8960
energy,power_kw_eps2.0,n_weighted,2.0,8,4,4.0,4,4,0.0,49.32538064371765,0.9865076128743531,0.8321431675611266,0.9993303571428571,8.061830357142858,8960
energy,power_kw_eps2.0,n_weighted,2.0,8,4,8.0,4,4,0.0,25.525705594146018,0.5105141118829204,0.7879939982287549,0.9993303571428571,8.061830357142858,8960
energy,power_kw_eps2.0,n_weighted,2.0,8,4,16.0,4,4,0.0,25.1766414977217,0.503532829954434,0.7142903192067492,0.9993303571428571,8.061830357142858,8960
energy,power_kw_eps2.0,n_weighted,2.0,8,6,,4,4,0.0,25.1766414977217,0.503532829954434,0.7142903192067492,0.9993303571428571,8.061830357142858,8960
energy,power_kw_eps2.0,n_weighted,2.0,8,6,8.0,4,4,0.0,25.525705594146018,0.5105141118829204,0.7879939982287549,0.9993303571428571,8.061830357142858,8960
energy,power_kw_eps2.0,n_weighted,2.0,8,6,16.0,4,4,0.0,25.1766414977217,0.503532829954434,0.7142903192067492,0.9993303571428571,8.061830357142858,8960
