dataset,sensor,strategy,epsilon,w,P_min,P_max,delta_t,k_ext,epsilon_count,mae,normalized_mae,kl_divergence,release_rate,avg_n_tau,n_logical_timestamps
energy,power_kw_eps0.5,uniform,0.5,8,1,,1,0,0.0,100.9820016628366,2.019640033256732,0.9582051232341932,0.9944977073780742,7.827900514103098,35985
energy,power_kw_eps0.5,uniform,0.5,8,1,4.0,1,0,0.0,197.26396111032116,3.9452792222064232,0.7264396650442033,0.9944977073780742,7.827900514103098,35985
energy,power_kw_eps0.5,uniform,0.5,8,1,8.0,1,0,0.0,102.58761984358794,2.051752396871759,0.965285069339673,0.9944977073780742,7.827900514103098,35985
energy,power_kw_eps0.5,uniform,0.5,8,1,16.0,1,0,0.0,100.9820016628366,2.019640033256732,0.9582051232341932,0.9944977073780742,7.827900514103098,35985
energy,power_kw_eps0.5,uniform,0.5,8,2,,1,0,0.0,100.9820016628366,2.019640033256732,0.9582051232341932,0.9944977073780742,7.827900514103098,35985
energy,power_kw_eps0.5,uniform,0.5,8,2,4.0,1,0,0.0,197.26396111032116,3.9452792222064232,0.7264396650442033,0.9944977073780742,7.827900514103098,35985
energy,power_kw_eps0.5,uniform,0.5,8,2,8.0,1,0,0.0,102.58761984358794,2.051752396871759,0.965285069339673,0.9944977073780742,7.827900514103098,35985
energy,power_kw_eps0.5,uniform,0.5,8,2,16.0,1,0,0.0,100.9820016628366,2.019640033256732,0.9582051232341932,0.9944977073780742,7.827900514103098,35985
energy,power_kw_eps0.5,uniform,0.5,8,3,,1,0,0.0,100.9820016628366,2.019640033256732,0.9582051232341932,0.9944977073780742,7.827900514103098,35985
energy,power_kw_eps0.5,uniform,0.5,8,3,4.0,1,0,0.0,197.26396111032116,3.9452792222064232,0.7264396650442033,0.9944977073780742,7.827900514103098,35985
energy,power_kw_eps0.5,uniform,0.5,8,3,8.0,1,0,0.0,102.58761984358794,2.051752396871759,0.965285069339673,0.9944977073780742,7.827900514103098,35985
energy,power_kw_eps0.5,uniform,0.5,8,3,16.0,1,0,0.0,100.9820016628366,2.019640033256732,0.9582051232341932,0.9944977073780742,7.827900514103098,35985
energy,power_kw_eps0.5,uniform,0.5,8,4,,1,0,0.0,100.9820016628366,2.019640033256732,0.9582051232341932,0.9944977073780742,7.827900514103098,35985
energy,power_kw_eps0.5,uniform,0.5,8,4,4.0,1,0,0.0,197.26396111032116,3.9452792222064232,0.7264396650442033,0.9944977073780742,7.827900514103098,35985
energy,power_kw_eps0.5,uniform,0.5,8,4,8.0,1,0,0.0,102.58761984358794,2.051752396871759,0.965285069339673,0.9944977073780742,7.827900514103098,35985
energy,power_kw_eps0.5,uniform,0.5,8,4,16.0,1,0,0.0,100.9820016628366,2.019640033256732,0.9582051232341932,0.9944977073780742,7.827900514103098,35985
energy,power_kw_eps0.5,uniform,0.5,8,6,,1,0,0.0,100.9820016628366,2.019640033256732,0.9582051232341932,0.9944977073780742,7.827900514103098,35985
energy,power_kw_eps0.5,uniform,0.5,8,6,8.0,1,0,0.0,102.58761984358794,2.051752396871759,0.965285069339673,0.9944977073780742,7.827900514103098,35985
energy,power_kw_eps0.5,uniform,0.5,8,6,16.0,1,0,0.0,100.9820016628366,2.019640033256732,0.9582051232341932,0.9944977073780742,7.827900514103098,35985
energy,power_kw_eps0.5,uniform,0.5,8,1,,1,2,0.0,101.04519348921998,2.0209038697843997,0.9582051232341932,0.9982705235850372,7.857597143574437,35849
energy,power_kw_eps0.5,uniform,0.5,8,1,4.0,1,2,0.0,197.4393496140933,3.9487869922818657,0.7264396650442033,0.9982705235850372,7.857597143574437,35849
energy,power_kw_eps0.5,uniform,0.5,8,1,8.0,1,2,0.0,102.65525245626465,2.053105049125293,0.965285069339673,0.9982705235850372,7.857597143574437,35849
energy,power_kw_eps0.5,uniform,0.5,8,1,16.0,1,2,0.0,101.04519348921998,2.0209038697843997,0.9582051232341932,0.9982705235850372,7.857597143574437,35849
energy,power_kw_eps0.5,uniform,0.5,8,2,,1,2,0.0,101.04519348921998,2.0209038697843997,0.9582051232341932,0.9982705235850372,7.857597143574437,35849
energy,power_kw_eps0.5,uniform,0.5,8,2,4.0,1,2,0.0,197.4393496140933,3.9487869922818657,0.7264396650442033,0.9982705235850372,7.857597143574437,35849
energy,power_kw_eps0.5,uniform,0.5,8,2,8.0,1,2,0.0,102.65525245626465,2.053105049125293,0.965285069339673,0.9982705235850372,7.857597143574437,35849
energy,power_kw_eps0.5,uniform,0.5,8,2,16.0,1,2,0.0,101.04519348921998,2.0209038697843997,0.9582051232341932,0.9982705235850372,7.857597143574437,35849
energy,power_kw_eps0.5,uniform,0.5,8,3,,1,2,0.0,101.04519348921998,2.0209038697843997,0.9582051232341932,0.9982705235850372,7.857597143574437,35849
energy,power_kw_eps0.5,uniform,0.5,8,3,4.0,1,2,0.0,197.4393496140933,3.9487869922818657,0.7264396650442033,0.9982705235850372,7.857597143574437,35849
energy,power_kw_eps0.5,uniform,0.5,8,3,8.0,1,2,0.0,102.65525245626465,2.053105049125293,0.965285069339673,0.9982705235850372,7.857597143574437,35849
energy,power_kw_eps0.5,uniform,0.5,8,3,16.0,1,2,0.0,101.04519348921998,2.0209038697843997,0.9582051232341932,0.9982705235850372,7.857597143574437,35849
energy,power_kw_eps0.5,uniform,0.5,8,4,,1,2,0.0,101.04519348921998,2.0209038697843997,0.9582051232341932,0.9982705235850372,7.857597143574437,35849
energy,power_kw_eps0.5,uniform,0.5,8,4,4.0,1,2,0.0,197.4393496140933,3.9487869922818657,0.7264396650442033,0.9982705235850372,7.857597143574437,35849
energy,power_kw_eps0.5,uniform,0.5,8,4,8.0,1,2,0.0,102.65525245626465,2.053105049125293,0.965285069339673,0.9982705235850372,7.857597143574437,35849
energy,power_kw_eps0.5,uniform,0.5,8,4,16.0,1,2,0.0,101.04519348921998,2.0209038697843997,0.9582051232341932,0.9982705235850372,7.857597143574437,35849
energy,power_kw_eps0.5,uniform,0.5,8,6,,1,2,0.0,101.04519348921998,2.0209038697843997,0.9582051232341932,0.9982705235850372,7.857597143574437,35849
energy,power_kw_eps0.5,uniform,0.5,8,6,8.0,1,2,0.0,102.65525245626465,2.053105049125293,0.965285069339673,0.9982705235850372,7.857597143574437,35849
energy,power_kw_eps0.5,uniform,0.5,8,6,16.0,1,2,0.0,101.04519348921998,2.0209038697843997,0.9582051232341932,0.9982705235850372,7.857597143574437,35849
energy,power_kw_eps0.5,uniform,0.5,8,1,,1,4,0.0,101.05490099363169,2.0210980198726336,0.9582051232341932,0.9989950590402814,7.86330011445161,35823
energy,power_kw_eps0.5,uniform,0.5,8,1,4.0,1,4,0.0,197.469834233506,3.94939668467012,0.7264396650442033,0.9989950590402814,7.86330011445161,35823
energy,power_kw_eps0.5,uniform,0.5,8,1,8.0,1,4,0.0,102.66612852649003,2.0533225705298004,0.965285069339673,0.9989950590402814,7.86330011445161,35823
energy,power_kw_eps0.5,uniform,0.5,8,1,16.0,1,4,0.0,101.05490099363169,2.0210980198726336,0.9582051232341932,0.9989950590402814,7.86330011445161,35823
energy,power_kw_eps0.5,uniform,0.5,8,2,,1,4,0.0,101.05490099363169,2.0210980198726336,0.9582051232341932,0.9989950590402814,7.86330011445161,35823
energy,power_kw_eps0.5,uniform,0.5,8,2,4.0,1,4,0.0,197.469834233506,3.94939668467012,0.7264396650442033,0.9989950590402814,7.86330011445161,35823
energy,power_kw_eps0.5,uniform,0.5,8,2,8.0,1,4,0.0,102.66612852649003,2.0533225705298004,0.965285069339673,0.9989950590402814,7.86330011445161,35823
energy,power_kw_eps0.5,uniform,0.5,8,2,16.0,1,4,0.0,101.05490099363169,2.0210980198726336,0.9582051232341932,0.9989950590402814,7.86330011445161,35823
energy,power_kw_eps0.5,uniform,0.5,8,3,,1,4,0.0,101.05490099363169,2.0210980198726336,0.9582051232341932,0.9989950590402814,7.86330011445161,35823
energy,power_kw_eps0.5,uniform,0.5,8,3,4.0,1,4,0.0,197.469834233506,3.94939668467012,0.7264396650442033,0.9989950590402814,7.86330011445161,35823
energy,power_kw_eps0.5,uniform,0.5,8,3,8.0,1,4,0.0,102.66612852649003,2.0533225705298004,0.965285069339673,0.9989950590402814,7.86330011445161,35823
energy,power_kw_eps0.5,uniform,0.5,8,3,16.0,1,4,0.0,101.05490099363169,2.0210980198726336,0.9582051232341932,0.9989950590402814,7.86330011445161,35823
energy,power_kw_eps0.5,uniform,0.5,8,4,,1,4,0.0,101.05490099363169,2.0210980198726336,0.9582051232341932,0.9989950590402814,7.86330011445161,35823
energy,power_kw_eps0.5,uniform,0.5,8,4,4.0,1,4,0.0,197.469834233506,3.94939668467012,0.7264396650442033,0.9989950590402814,7.86330011445161,35823
energy,power_kw_eps0.5,uniform,0.5,8,4,8.0,1,4,0.0,102.66612852649003,2.0533225705298004,0.965285069339673,0.9989950590402814,7.86330011445161,35823
energy,power_kw_eps0.5,uniform,0.5,8,4,16.0,1,4,0.0,101.05490099363169,2.0210980198726336,0.9582051232341932,0.9989950590402814,7.86330011445161,35823
energy,power_kw_eps0.5,uniform,0.5,8,6,,1,4,0.0,101.05490099363169,2.0210980198726336,0.9582051232341932,0.9989950590402814,7.86330011445161,35823
energy,power_kw_eps0.5,uniform,0.5,8,6,8.0,1,4,0.0,102.66612852649003,2.0533225705298004,0.965285069339673,0.9989950590402814,7.86330011445161,35823
energy,power_kw_eps0.5,uniform,0.5,8,6,16.0,1,4,0.0,101.05490099363169,2.0210980198726336,0.9582051232341932,0.9989950590402814,7.86330011445161,35823
energy,power_kw_eps0.5,uniform,0.5,8,1,,2,0,0.0,100.37601258658165,2.007520251731633,0.734653592406187,0.9947757461234925,7.911187684099372,17993
energy,power_kw_eps0.5,uniform,0.5,8,1,4.0,2,0,0.0,197.8127113247377,3.956254226494754,0.7288955476145222,0.9947757461234925,7.911187684099372,17993
energy,power_kw_eps0.5,uniform,0.5,8,1,8.0,2,0,0.0,102.25295465329589,2.045059093065918,0.7509816907388666,0.9947757461234925,7.911187684099372,17993
energy,power_kw_eps0.5,uniform,0.5,8,1,16.0,2,0,0.0,100.37601258658165,2.007520251731633,0.734653592406187,0.9947757461234925,7.911187684099372,17993
energy,power_kw_eps0.5,uniform,0.5,8,2,,2,0,0.0,100.37601258658165,2.007520251731633,0.734653592406187,0.9947757461234925,7.911187684099372,17993
energy,power_kw_eps0.5,uniform,0.5,8,2,4.0,2,0,0.0,197.8127113247377,3.956254226494754,0.7288955476145222,0.9947757461234925,7.911187684099372,17993
energy,power_kw_eps0.5,uniform,0.5,8,2,8.0,2,0,0.0,102.25295465329589,2.045059093065918,0.7509816907388666,0.9947757461234925,7.911187684099372,17993
energy,power_kw_eps0.5,uniform,0.5,8,2,16.0,2,0,0.0,100.37601258658165,2.007520251731633,0.734653592406187,0.9947757461234925,7.911187684099372,17993
energy,power_kw_eps0.5,uniform,0.5,8,3,,2,0,0.0,100.37601258658165,2.007520251731633,0.734653592406187,0.9947757461234925,7.911187684099372,17993
energy,power_kw_eps0.5,uniform,0.5,8,3,4.0,2,0,0.0,197.8127113247377,3.956254226494754,0.7288955476145222,0.9947757461234925,7.911187684099372,17993
energy,power_kw_eps0.5,uniform,0.5,8,3,8.0,2,0,0.0,102.25295465329589,2.045059093065918,0.7509816907388666,0.9947757461234925,7.911187684099372,17993
energy,power_kw_eps0.5,uniform,0.5,8,3,16.0,2,0,0.0,100.37601258658165,2.007520251731633,0.734653592406187,0.9947757461234925,7.911187684099372,17993
energy,power_kw_eps0.5,uniform,0.5,8,4,,2,0,0.0,100.37601258658165,2.007520251731633,0.734653592406187,0.9947757461234925,7.911187684099372,17993
energy,power_kw_eps0.5,uniform,0.5,8,4,4.0,2,0,0.0,197.8127113247377,3.956254226494754,0.7288955476145222,0.9947757461234925,7.911187684099372,17993
energy,power_kw_eps0.5,uniform,0.5,8,4,8.0,2,0,0.0,102.25295465329589,2.045059093065918,0.7509816907388666,0.9947757461234925,7.911187684099372,17993
energy,power_kw_eps0.5,uniform,0.5,8,4,16.0,2,0,0.0,100.37601258658165,2.007520251731633,0.734653592406187,0.9947757461234925,7.911187684099372,17993
energy,power_kw_eps0.5,uniform,0.5,8,6,,2,0,0.0,100.37601258658165,2.007520251731633,0.734653592406187,0.9947757461234925,7.911187684099372,17993
energy,power_kw_eps0.5,uniform,0.5,8,6,8.0,2,0,0.0,102.25295465329589,2.045059093065918,0.7509816907388666,0.9947757461234925,7.911187684099372,17993
energy,power_kw_eps0.5,uniform,0.5,8,6,16.0,2,0,0.0,100.37601258658165,2.007520251731633,0.734653592406187,0.9947757461234925,7.911187684099372,17993
energy,power_kw_eps0.5,uniform,0.5,8,1,,2,2,0.0,100.32434554158934,2.0064869108317867,0.734653592406187,0.998493807876827,7.940756443155194,17926
energy,power_kw_eps0.5,uniform,0.5,8,1,4.0,2,2,0.0,197.7390060558771,3.954780121117542,0.7288955476145222,0.998493807876827,7.940756443155194,17926
energy,power_kw_eps0.5,uniform,0.5,8,1,8.0,2,2,0.0,102.20640272535182,2.0441280545070364,0.7509816907388666,0.998493807876827,7.940756443155194,17926
energy,power_kw_eps0.5,uniform,0.5,8,1,16.0,2,2,0.0,100.32434554158934,2.0064869108317867,0.734653592406187,0.998493807876827,7.940756443155194,17926
energy,power_kw_eps0.5,uniform,0.5,8,2,,2,2,0.0,100.32434554158934,2.0064869108317867,0.734653592406187,0.998493807876827,7.940756443155194,17926
energy,power_kw_eps0.5,uniform,0.5,8,2,4.0,2,2,0.0,197.7390060558771,3.954780121117542,0.7288955476145222,0.998493807876827,7.940756443155194,17926
energy,power_kw_eps0.5,uniform,0.5,8,2,8.0,2,2,0.0,102.20640272535182,2.0441280545070364,0.7509816907388666,0.998493807876827,7.940756443155194,17926
energy,power_kw_eps0.5,uniform,0.5,8,2,16.0,2,2,0.0,100.32434554158934,2.0064869108317867,0.734653592406187,0.998493807876827,7.940756443155194,17926
energy,power_kw_eps0.5,uniform,0.5,8,3,,2,2,0.0,100.32434554158934,2.0064869108317867,0.734653592406187,0.998493807876827,7.940756443155194,17926
energy,power_kw_eps0.5,uniform,0.5,8,3,4.0,2,2,0.0,197.7390060558771,3.954780121117542,0.7288955476145222,0.998493807876827,7.940756443155194,17926
energy,power_kw_eps0.5,uniform,0.5,8,3,8.0,2,2,0.0,102.20640272535182,2.0441280545070364,0.7509816907388666,0.998493807876827,7.940756443155194,17926
energy,power_kw_eps0.5,uniform,0.5,8,3,16.0,2,2,0.0,100.32434554158934,2.0064869108317867,0.734653592406187,0.998493807876827,7.940756443155194,17926
energy,power_kw_eps0.5,uniform,0.5,8,4,,2,2,0.0,100.32434554158934,2.0064869108317867,0.734653592406187,0.998493807876827,7.940756443155194,17926
energy,power_kw_eps0.5,uniform,0.5,8,4,4.0,2,2,0.0,197.7390060558771,3.954780121117542,0.7288955476145222,0.998493807876827,7.940756443155194,17926
energy,power_kw_eps0.5,uniform,0.5,8,4,8.0,2,2,0.0,102.20640272535182,2.0441280545070364,0.7509816907388666,0.998493807876827,7.940756443155194,17926
energy,power_kw_eps0.5,uniform,0.5,8,4,16.0,2,2,0.0,100.32434554158934,2.0064869108317867,0.734653592406187,0.998493807876827,7.940756443155194,17926
energy,power_kw_eps0.5,uniform,0.5,8,6,,2,2,0.0,100.32434554158934,2.0064869108317867,0.734653592406187,0.998493807876827,7.940756443155194,17926
energy,power_kw_eps0.5,uniform,0.5,8,6,8.0,2,2,0.0,102.20640272535182,2.0441280545070364,0.7509816907388666,0.998493807876827,7.940756443155194,17926
energy,power_kw_eps0.5,uniform,0.5,8,6,16.0,2,2,0.0,100.32434554158934,2.0064869108317867,0.734653592406187,0.998493807876827,7.940756443155194,17926
energy,power_kw_eps0.5,uniform,0.5,8,1,,2,4,0.0,100.30540989480228,2.0061081978960456,0.734653592406187,0.999106893664527,7.945632151828077,17915
energy,power_kw_eps0.5,uniform,0.5,8,1,4.0,2,4,0.0,197.7090046699962,3.9541800933999243,0.7288955476145222,0.999106893664527,7.945632151828077,17915
energy,power_kw_eps0.5,uniform,0.5,8,1,8.0,2,4,0.0,102.18862268163602,2.0437724536327204,0.7509816907388666,0.999106893664527,7.945632151828077,17915
energy,power_kw_eps0.5,uniform,0.5,8,1,16.0,2,4,0.0,100.30540989480228,2.0061081978960456,0.734653592406187,0.999106893664527,7.945632151828077,17915
energy,power_kw_eps0.5,uniform,0.5,8,2,,2,4,0.0,100.30540989480228,2.0061081978960456,0.734653592406187,0.999106893664527,7.945632151828077,17915
energy,power_kw_eps0.5,uniform,0.5,8,2,4.0,2,4,0.0,197.7090046699962,3.9541800933999243,0.7288955476145222,0.999106893664527,7.945632151828077,17915
energy,power_kw_eps0.5,uniform,0.5,8,2,8.0,2,4,0.0,102.18862268163602,2.0437724536327204,0.7509816907388666,0.999106893664527,7.945632151828077,17915
energy,power_kw_eps0.5,uniform,0.5,8,2,16.0,2,4,0.0,100.30540989480228,2.0061081978960456,0.734653592406187,0.999106893664527,7.945632151828077,17915
energy,power_kw_eps0.5,uniform,0.5,8,3,,2,4,0.0,100.30540989480228,2.0061081978960456,0.734653592406187,0.999106893664527,7.945632151828077,17915
energy,power_kw_eps0.5,uniform,0.5,8,3,4.0,2,4,0.0,197.7090046699962,3.9541800933999243,0.7288955476145222,0.999106893664527,7.945632151828077,17915
energy,power_kw_eps0.5,uniform,0.5,8,3,8.0,2,4,0.0,102.18862268163602,2.0437724536327204,0.7509816907388666,0.999106893664527,7.945632151828077,17915
energy,power_kw_eps0.5,uniform,0.5,8,3,16.0,2,4,0.0,100.30540989480228,2.0061081978960456,0.734653592406187,0.999106893664527,7.945632151828077,17915
energy,power_kw_eps0.5,uniform,0.5,8,4,,2,4,0.0,100.30540989480228,2.0061081978960456,0.734653592406187,0.999106893664527,7.945632151828077,17915
energy,power_kw_eps0.5,uniform,0.5,8,4,4.0,2,4,0.0,197.7090046699962,3.9541800933999243,0.7288955476145222,0.999106893664527,7.945632151828077,17915
energy,power_kw_eps0.5,uniform,0.5,8,4,8.0,2,4,0.0,102.18862268163602,2.0437724536327204,0.7509816907388666,0.999106893664527,7.945632151828077,17915
energy,power_kw_eps0.5,uniform,0.5,8,4,16.0,2,4,0.0,100.30540989480228,2.0061081978960456,0.734653592406187,0.999106893664527,7.945632151828077,17915
energy,power_kw_eps0.5,uniform,0.5,8,6,,2,4,0.0,100.30540989480228,2.0061081978960456,0.734653592406187,0.999106893664527,7.945632151828077,17915
energy,power_kw_eps0.5,uniform,0.5,8,6,8.0,2,4,0.0,102.18862268163602,2.0437724536327204,0.7509816907388666,0.999106893664527,7.945632151828077,17915
energy,power_kw_eps0.5,uniform,0.5,8,6,16.0,2,4,0.0,100.30540989480228,2.0061081978960456,0.734653592406187,0.999106893664527,7.945632151828077,17915
energy,power_kw_eps0.5,uniform,0.5,8,1,,4,0,0.0,98.73566654334431,1.9747133308668863,0.825712091602311,0.9952206290985884,8.02867622540847,8997
energy,power_kw_eps0.5,uniform,0.5,8,1,4.0,4,0,0.0,197.4302502625794,3.9486050052515878,0.8331734246250823,0.9952206290985884,8.02867622540847,8997
energy,power_kw_eps0.5,uniform,0.5,8,1,8.0,4,0,0.0,101.24980235056228,2.0249960470112454,0.8445207697089996,0.9952206290985884,8.02867622540847,8997
energy,power_kw_eps0.5,uniform,0.5,8,1,16.0,4,0,0.0,98.73566654334431,1.9747133308668863,0.825712091602311,0.9952206290985884,8.02867622540847,8997
energy,power_kw_eps0.5,uniform,0.5,8,2,,4,0,0.0,98.73566654334431,1.9747133308668863,0.825712091602311,0.9952206290985884,8.02867622540847,8997
energy,power_kw_eps0.5,uniform,0.5,8,2,4.0,4,0,0.0,197.4302502625794,3.9486050052515878,0.8331734246250823,0.9952206290985884,8.02867622540847,8997
energy,power_kw_eps0.5,uniform,0.5,8,2,8.0,4,0,0.0,101.24980235056228,2.0249960470112454,0.8445207697089996,0.9952206290985884,8.02867622540847,8997
energy,power_kw_eps0.5,uniform,0.5,8,2,16.0,4,0,0.0,98.73566654334431,1.9747133308668863,0.825712091602311,0.9952206290985884,8.02867622540847,8997
energy,power_kw_eps0.5,uniform,0.5,8,3,,4,0,0.0,98.73566654334431,1.9747133308668863,0.825712091602311,0.9952206290985884,8.02867622540847,8997
energy,power_kw_eps0.5,uniform,0.5,8,3,4.0,4,0,0.0,197.4302502625794,3.9486050052515878,0.8331734246250823,0.9952206290985884,8.02867622540847,8997
energy,power_kw_eps0.5,uniform,0.5,8,3,8.0,4,0,0.0,101.24980235056228,2.0249960470112454,0.8445207697089996,0.9952206290985884,8.02867622540847,8997
energy,power_kw_eps0.5,uniform,0.5,8,3,16.0,4,0,0.0,98.73566654334431,1.9747133308668863,0.825712091602311,0.9952206290985884,8.02867622540847,8997
energy,power_kw_eps0.5,uniform,0.5,8,4,,4,0,0.0,98.73566654334431,1.9747133308668863,0.825712091602311,0.9952206290985884,8.02867622540847,8997
energy,power_kw_eps0.5,uniform,0.5,8,4,4.0,4,0,0.0,197.4302502625794,3.9486050052515878,0.8331734246250823,0.9952206290985884,8.02867622540847,8997
energy,power_kw_eps0.5,uniform,0.5,8,4,8.0,4,0,0.0,101.24980235056228,2.0249960470112454,0.8445207697089996,0.9952206290985884,8.02867622540847,8997
energy,power_kw_eps0.5,uniform,0.5,8,4,16.0,4,0,0.0,98.73566654334431,1.9747133308668863,0.825712091602311,0.9952206290985884,8.02867622540847,8997
energy,power_kw_eps0.5,uniform,0.5,8,6,,4,0,0.0,98.73566654334431,1.9747133308668863,0.825712091602311,0.9952206290985884,8.02867622540847,8997
energy,power_kw_eps0.5,uniform,0.5,8,6,8.0,4,0,0.0,101.24980235056228,2.0249960470112454,0.8445207697089996,0.9952206290985884,8.02867622540847,8997
energy,power_kw_eps0.5,uniform,0.5,8,6,16.0,4,0,0.0,98.73566654334431,1.9747133308668863,0.825712091602311,0.9952206290985884,8.02867622540847,8997
energy,power_kw_eps0.5,uniform,0.5,8,1,,4,2,0.0,98.67292295952882,1.9734584591905764,0.825712091602311,0.9987730061349693,8.05733407696598,8965
energy,power_kw_eps0.5,uniform,0.5,8,1,4.0,4,2,0.0,197.32942714815445,3.946588542963089,0.8331734246250823,0.9987730061349693,8.05733407696598,8965
energy,power_kw_eps0.5,uniform,0.5,8,1,8.0,4,2,0.0,101.18808127274579,2.023761625454916,0.8445207697089996,0.9987730061349693,8.05733407696598,8965
energy,power_kw_eps0.5,uniform,0.5,8,1,16.0,4,2,0.0,98.67292295952882,1.9734584591905764,0.825712091602311,0.9987730061349693,8.05733407696598,8965
energy,power_kw_eps0.5,uniform,0.5,8,2,,4,2,0.0,98.67292295952882,1.9734584591905764,0.825712091602311,0.9987730061349693,8.05733407696598,8965
energy,power_kw_eps0.5,uniform,0.5,8,2,4.0,4,2,0.0,197.32942714815445,3.946588542963089,0.8331734246250823,0.9987730061349693,8.05733407696598,8965
energy,power_kw_eps0.5,uniform,0.5,8,2,8.0,4,2,0.0,101.18808127274579,2.023761625454916,0.8445207697089996,0.9987730061349693,8.05733407696598,8965
energy,power_kw_eps0.5,uniform,0.5,8,2,16.0,4,2,0.0,98.67292295952882,1.9734584591905764,0.825712091602311,0.9987730061349693,8.05733407696598,8965
energy,power_kw_eps0.5,uniform,0.5,8,3,,4,2,0.0,98.67292295952882,1.9734584591905764,0.825712091602311,0.9987730061349693,8.05733407696598,8965
energy,power_kw_eps0.5,uniform,0.5,8,3,4.0,4,2,0.0,197.32942714815445,3.946588542963089,0.8331734246250823,0.9987730061349693,8.05733407696598,8965
energy,power_kw_eps0.5,uniform,0.5,8,3,8.0,4,2,0.0,101.18808127274579,2.023761625454916,0.8445207697089996,0.9987730061349693,8.05733407696598,8965
energy,power_kw_eps0.5,uniform,0.5,8,3,16.0,4,2,0.0,98.67292295952882,1.9734584591905764,0.825712091602311,0.9987730061349693,8.05733407696598,8965
energy,power_kw_eps0.5,uniform,0.5,8,4,,4,2,0.0,98.67292295952882,1.9734584591905764,0.825712091602311,0.9987730061349693,8.05733407696598,8965
energy,power_kw_eps0.5,uniform,0.5,8,4,4.0,4,2,0.0,197.32942714815445,3.946588542963089,0.8331734246250823,0.9987730061349693,8.05733407696598,8965
energy,power_kw_eps0.5,uniform,0.5,8,4,8.0,4,2,0.0,101.18808127274579,2.023761625454916,0.8445207697089996,0.9987730061349693,8.05733407696598,8965
energy,power_kw_eps0.5,uniform,0.5,8,4,16.0,4,2,0.0,98.67292295952882,1.9734584591905764,0.825712091602311,0.9987730061349693,8.05733407696598,8965
energy,power_kw_eps0.5,uniform,0.5,8,6,,4,2,0.0,98.67292295952882,1.9734584591905764,0.825712091602311,0.9987730061349693,8.05733407696598,8965
energy,power_kw_eps0.5,uniform,0.5,8,6,8.0,4,2,0.0,101.18808127274579,2.023761625454916,0.8445207697089996,0.9987730061349693,8.05733407696598,8965
energy,power_kw_eps0.5,uniform,0.5,8,6,16.0,4,2,0.0,98.67292295952882,1.9734584591905764,0.825712091602311,0.9987730061349693,8.05733407696598,8965
energy,power_kw_eps0.5,uniform,0.5,8,1,,4,4,0.0,98.65727491320594,1.9731454982641188,0.825712091602311,0.9993303571428571,8.061830357142858,8960
energy,power_kw_eps0.5,uniform,0.5,8,1,4.0,4,4,0.0,197.3012603857762,3.946025207715524,0.8331734246250823,0.9993303571428571,8.061830357142858,8960
energy,power_kw_eps0.5,uniform,0.5,8,1,8.0,4,4,0.0,101.17383677458876,2.023476735491775,0.8445207697089996,0.9993303571428571,8.061830357142858,8960
energy,power_kw_eps0.5,uniform,0.5,8,1,16.0,4,4,0.0,98.65727491320594,1.9731454982641188,0.825712091602311,0.9993303571428571,8.061830357142858,8960
energy,power_kw_eps0.5,uniform,0.5,8,2,,4,4,0.0,98.65727491320594,1.9731454982641188,0.825712091602311,0.9993303571428571,8.061830357142858,8960
energy,power_kw_eps0.5,uniform,0.5,8,2,4.0,4,4,0.0,197.3012603857762,3.946025207715524,0.8331734246250823,0.9993303571428571,8.061830357142858,8960
energy,power_kw_eps0.5,uniform,0.5,8,2,8.0,4,4,0.0,101.17383677458876,2.023476735491775,0.8445207697089996,0.9993303571428571,8.061830357142858,8960
energy,power_kw_eps0.5,uniform,0.5,8,2,16.0,4,4,0.0,98.65727491320594,1.9731454982641188,0.825712091602311,0.9993303571428571,8.061830357142858,8960
energy,power_kw_eps0.5,uniform,0.5,8,3,,4,4,0.0,98.65727491320594,1.9731454982641188,0.825712091602311,0.9993303571428571,8.061830357142858,8960
energy,power_kw_eps0.5,uniform,0.5,8,3,4.0,4,4,0.0,197.3012603857762,3.946025207715524,0.8331734246250823,0.9993303571428571,8.061830357142858,8960
energy,power_kw_eps0.5,uniform,0.5,8,3,8.0,4,4,0.0,101.17383677458876,2.023476735491775,0.8445207697089996,0.9993303571428571,8.061830357142858,8960
energy,power_kw_eps0.5,uniform,0.5,8,3,16.0,4,4,0.0,98.65727491320594,1.9731454982641188,0.825712091602311,0.9993303571428571,8.061830357142858,8960
energy,power_kw_eps0.5,uniform,0.5,8,4,,4,4,0.0,98.65727491320594,1.9731454982641188,0.825712091602311,0.9993303571428571,8.061830357142858,8960
energy,power_kw_eps0.5,uniform,0.5,8,4,4.0,4,4,0.0,197.3012603857762,3.946025207715524,0.8331734246250823,0.9993303571428571,8.061830357142858,8960
energy,power_kw_eps0.5,uniform,0.5,8,4,8.0,4,4,0.0,101.17383677458876,2.023476735491775,0.8445207697089996,0.9993303571428571,8.061830357142858,8960
energy,power_kw_eps0.5,uniform,0.5,8,4,16.0,4,4,0.0,98.65727491320594,1.9731454982641188,0.825712091602311,0.9993303571428571,8.061830357142858,8960
energy,power_kw_eps0.5,uniform,0.5,8,6,,4,4,0.0,98.65727491320594,1.9731454982641188,0.825712091602311,0.9993303571428571,8.061830357142858,8960
energy,power_kw_eps0.5,uniform,0.5,8,6,8.0,4,4,0.0,101.17383677458876,2.023476735491775,0.8445207697089996,0.9993303571428571,8.061830357142858,8960
energy,power_kw_eps0.5,uniform,0.5,8,6,16.0,4,4,0.0,98.65727491320594,1.9731454982641188,0.825712091602311,0.9993303571428571,8.061830357142858,8960
energy,power_kw_eps0.5,sample,0.5,8,1,,1,0,0.0,12.570281612316341,0.25140563224632684,0.606402428532574,0.1243851604835348,7.827900514103098,35985
energy,power_kw_eps0.5,sample,0.5,8,1,4.0,1,0,0.0,24.561548316924554,0.49123096633849106,0.6789207043120045,0.1243851604835348,7.827900514103098,35985
energy,power_kw_eps0.5,sample,0.5,8,1,8.0,1,0,0.0,12.770638956915485,0.25541277913830973,0.6187553520646872,0.1243851604835348,7.827900514103098,35985
energy,power_kw_eps0.5,sample,0.5,8,1,16.0,1,0,0.0,12.570281612316341,0.25140563224632684,0.606402428532574,0.1243851604835348,7.827900514103098,35985
energy,power_kw_eps0.5,sample,0.5,8,2,,1,0,0.0,12.570281612316341,0.25140563224632684,0.606402428532574,0.1243851604835348,7.827900514103098,35985
energy,power_kw_eps0.5,sample,0.5,8,2,4.0,1,0,0.0,24.561548316924554,0.49123096633849106,0.6789207043120045,0.1243851604835348,7.827900514103098,35985
energy,power_kw_eps0.5,sample,0.5,8,2,8.0,1,0,0.0,12.770638956915485,0.25541277913830973,0.6187553520646872,0.1243851604835348,7.827900514103098,35985
energy,power_kw_eps0.5,sample,0.5,8,2,16.0,1,0,0.0,12.570281612316341,0.25140563224632684,0.606402428532574,0.1243851604835348,7.827900514103098,35985
energy,power_kw_eps0.5,sample,0.5,8,3,,1,0,0.0,12.570281612316341,0.25140563224632684,0.606402428532574,0.1243851604835348,7.827900514103098,35985
energy,power_kw_eps0.5,sample,0.5,8,3,4.0,1,0,0.0,24.561548316924554,0.49123096633849106,0.6789207043120045,0.1243851604835348,7.827900514103098,35985
energy,power_kw_eps0.5,sample,0.5,8,3,8.0,1,0,0.0,12.770638956915485,0.25541277913830973,0.6187553520646872,0.1243851604835348,7.827900514103098,35985
energy,power_kw_eps0.5,sample,0.5,8,3,16.0,1,0,0.0,12.570281612316341,0.25140563224632684,0.606402428532574,0.1243851604835348,7.827900514103098,35985
energy,power_kw_eps0.5,sample,0.5,8,4,,1,0,0.0,12.570281612316341,0.25140563224632684,0.606402428532574,0.1243851604835348,7.827900514103098,35985
energy,power_kw_eps0.5,sample,0.5,8,4,4.0,1,0,0.0,24.561548316924554,0.49123096633849106,0.6789207043120045,0.1243851604835348,7.827900514103098,35985
energy,power_kw_eps0.5,sample,0.5,8,4,8.0,1,0,0.0,12.770638956915485,0.25541277913830973,0.6187553520646872,0.1243851604835348,7.827900514103098,35985
energy,power_kw_eps0.5,sample,0.5,8,4,16.0,1,0,0.0,12.570281612316341,0.25140563224632684,0.606402428532574,0.1243851604835348,7.827900514103098,35985
energy,power_kw_eps0.5,sample,0.5,8,6,,1,0,0.0,12.570281612316341,0.25140563224632684,0.606402428532574,0.1243851604835348,7.827900514103098,35985
energy,power_kw_eps0.5,sample,0.5,8,6,8.0,1,0,0.0,12.770638956915485,0.25541277913830973,0.6187553520646872,0.1243851604835348,7.827900514103098,35985
energy,power_kw_eps0.5,sample,0.5,8,6,16.0,1,0,0.0,12.570281612316341,0.25140563224632684,0.606402428532574,0.1243851604835348,7.827900514103098,35985
energy,power_kw_eps0.5,sample,0.5,8,1,,1,2,0.0,12.573178015109288,0.25146356030218575,0.6587032334669928,0.12480124968618371,7.857597143574437,35849
energy,power_kw_eps0.5,sample,0.5,8,1,4.0,1,2,0.0,24.57553593161769,0.4915107186323538,0.6789134371125344,0.12480124968618371,7.857597143574437,35849
energy,power_kw_eps0.5,sample,0.5,8,1,8.0,1,2,0.0,12.78179623554026,0.2556359247108052,0.6726307891565788,0.12480124968618371,7.857597143574437,35849
energy,power_kw_eps0.5,sample,0.5,8,1,16.0,1,2,0.0,12.573178015109288,0.25146356030218575,0.6587032334669928,0.12480124968618371,7.857597143574437,35849
energy,power_kw_eps0.5,sample,0.5,8,2,,1,2,0.0,12.573178015109288,0.25146356030218575,0.6587032334669928,0.12480124968618371,7.857597143574437,35849
energy,power_kw_eps0.5,sample,0.5,8,2,4.0,1,2,0.0,24.57553593161769,0.4915107186323538,0.6789134371125344,0.12480124968618371,7.857597143574437,35849
energy,power_kw_eps0.5,sample,0.5,8,2,8.0,1,2,0.0,12.78179623554026,0.2556359247108052,0.6726307891565788,0.12480124968618371,7.857597143574437,35849
energy,power_kw_eps0.5,sample,0.5,8,2,16.0,1,2,0.0,12.573178015109288,0.25146356030218575,0.6587032334669928,0.12480124968618371,7.857597143574437,35849
energy,power_kw_eps0.5,sample,0.5,8,3,,1,2,0.0,12.573178015109288,0.25146356030218575,0.6587032334669928,0.12480124968618371,7.857597143574437,35849
energy,power_kw_eps0.5,sample,0.5,8,3,4.0,1,2,0.0,24.57553593161769,0.4915107186323538,0.6789134371125344,0.12480124968618371,7.857597143574437,35849
energy,power_kw_eps0.5,sample,0.5,8,3,8.0,1,2,0.0,12.78179623554026,0.2556359247108052,0.6726307891565788,0.12480124968618371,7.857597143574437,35849
energy,power_kw_eps0.5,sample,0.5,8,3,16.0,1,2,0.0,12.573178015109288,0.25146356030218575,0.6587032334669928,0.12480124968618371,7.857597143574437,35849
energy,power_kw_eps0.5,sample,0.5,8,4,,1,2,0.0,12.573178015109288,0.25146356030218575,0.6587032334669928,0.12480124968618371,7.857597143574437,35849
energy,power_kw_eps0.5,sample,0.5,8,4,4.0,1,2,0.0,24.57553593161769,0.4915107186323538,0.6789134371125344,0.12480124968618371,7.857597143574437,35849
energy,power_kw_eps0.5,sample,0.5,8,4,8.0,1,2,0.0,12.78179623554026,0.2556359247108052,0.6726307891565788,0.12480124968618371,7.857597143574437,35849
energy,power_kw_eps0.5,sample,0.5,8,4,16.0,1,2,0.0,12.573178015109288,0.25146356030218575,0.6587032334669928,0.12480124968618371,7.857597143574437,35849
energy,power_kw_eps0.5,sample,0.5,8,6,,1,2,0.0,12.573178015109288,0.25146356030218575,0.6587032334669928,0.12480124968618371,7.857597143574437,35849
energy,power_kw_eps0.5,sample,0.5,8,6,8.0,1,2,0.0,12.78179623554026,0.2556359247108052,0.6726307891565788,0.12480124968618371,7.857597143574437,35849
energy,power_kw_eps0.5,sample,0.5,8,6,16.0,1,2,0.0,12.573178015109288,0.25146356030218575,0.6587032334669928,0.12480124968618371,7.857597143574437,35849
energy,power_kw_eps0.5,sample,0.5,8,1,,1,4,0.0,12.549616674779191,0.2509923334955838,0.724521011827885,0.12491974429835581,7.86330011445161,35823
energy,power_kw_eps0.5,sample,0.5,8,1,4.0,1,4,0.0,24.534311463807246,0.4906862292761449,0.6813523010169565,0.12491974429835581,7.86330011445161,35823
energy,power_kw_eps0.5,sample,0.5,8,1,8.0,1,4,0.0,12.752862031844721,0.25505724063689444,0.7328237660966249,0.12491974429835581,7.86330011445161,35823
energy,power_kw_eps0.5,sample,0.5,8,1,16.0,1,4,0.0,12.549616674779191,0.2509923334955838,0.724521011827885,0.12491974429835581,7.86330011445161,35823
energy,power_kw_eps0.5,sample,0.5,8,2,,1,4,0.0,12.549616674779191,0.2509923334955838,0.724521011827885,0.12491974429835581,7.86330011445161,35823
energy,power_kw_eps0.5,sample,0.5,8,2,4.0,1,4,0.0,24.534311463807246,0.4906862292761449,0.6813523010169565,0.12491974429835581,7.86330011445161,35823
energy,power_kw_eps0.5,sample,0.5,8,2,8.0,1,4,0.0,12.752862031844721,0.25505724063689444,0.7328237660966249,0.12491974429835581,7.86330011445161,35823
energy,power_kw_eps0.5,sample,0.5,8,2,16.0,1,4,0.0,12.549616674779191,0.2509923334955838,0.724521011827885,0.12491974429835581,7.86330011445161,35823
energy,power_kw_eps0.5,sample,0.5,8,3,,1,4,0.0,12.549616674779191,0.2509923334955838,0.724521011827885,0.12491974429835581,7.86330011445161,35823
energy,power_kw_eps0.5,sample,0.5,8,3,4.0,1,4,0.0,24.534311463807246,0.4906862292761449,0.6813523010169565,0.12491974429835581,7.86330011445161,35823
energy,power_kw_eps0.5,sample,0.5,8,3,8.0,1,4,0.0,12.752862031844721,0.25505724063689444,0.7328237660966249,0.12491974429835581,7.86330011445161,35823
energy,power_kw_eps0.5,sample,0.5,8,3,16.0,1,4,0.0,12.549616674779191,0.2509923334955838,0.724521011827885,0.12491974429835581,7.86330011445161,35823
energy,power_kw_eps0.5,sample,0.5,8,4,,1,4,0.0,12.549616674779191,0.2509923334955838,0.724521011827885,0.12491974429835581,7.86330011445161,35823
energy,power_kw_eps0.5,sample,0.5,8,4,4.0,1,4,0.0,24.534311463807246,0.4906862292761449,0.6813523010169565,0.12491974429835581,7.86330011445161,35823
energy,power_kw_eps0.5,sample,0.5,8,4,8.0,1,4,0.0,12.752862031844721,0.25505724063689444,0.7328237660966249,0.12491974429835581,7.86330011445161,35823
energy,power_kw_eps0.5,sample,0.5,8,4,16.0,1,4,0.0,12.549616674779191,0.2509923334955838,0.724521011827885,0.12491974429835581,7.86330011445161,35823
energy,power_kw_eps0.5,sample,0.5,8,6,,1,4,0.0,12.549616674779191,0.2509923334955838,0.724521011827885,0.12491974429835581,7.86330011445161,35823
energy,power_kw_eps0.5,sample,0.5,8,6,8.0,1,4,0.0,12.752862031844721,0.25505724063689444,0.7328237660966249,0.12491974429835581,7.86330011445161,35823
energy,power_kw_eps0.5,sample,0.5,8,6,16.0,1,4,0.0,12.549616674779191,0.2509923334955838,0.724521011827885,0.12491974429835581,7.86330011445161,35823
energy,power_kw_eps0.5,sample,0.5,8,1,,2,0,0.0,12.470195604596608,0.24940391209193216,0.7444403003314063,0.12443728116489745,7.911187684099372,17993
energy,power_kw_eps0.5,sample,0.5,8,1,4.0,2,0,0.0,24.68676685089798,0.4937353370179596,0.6908820471794419,0.12443728116489745,7.911187684099372,17993
energy,power_kw_eps0.5,sample,0.5,8,1,8.0,2,0,0.0,12.73988871637409,0.2547977743274818,0.7155593757330849,0.12443728116489745,7.911187684099372,17993
energy,power_kw_eps0.5,sample,0.5,8,1,16.0,2,0,0.0,12.470195604596608,0.24940391209193216,0.7444403003314063,0.12443728116489745,7.911187684099372,17993
energy,power_kw_eps0.5,sample,0.5,8,2,,2,0,0.0,12.470195604596608,0.24940391209193216,0.7444403003314063,0.12443728116489745,7.911187684099372,17993
energy,power_kw_eps0.5,sample,0.5,8,2,4.0,2,0,0.0,24.68676685089798,0.4937353370179596,0.6908820471794419,0.12443728116489745,7.911187684099372,17993
energy,power_kw_eps0.5,sample,0.5,8,2,8.0,2,0,0.0,12.73988871637409,0.2547977743274818,0.7155593757330849,0.12443728116489745,7.911187684099372,17993
energy,power_kw_eps0.5,sample,0.5,8,2,16.0,2,0,0.0,12.470195604596608,0.24940391209193216,0.7444403003314063,0.12443728116489745,7.911187684099372,17993
energy,power_kw_eps0.5,sample,0.5,8,3,,2,0,0.0,12.470195604596608,0.24940391209193216,0.7444403003314063,0.12443728116489745,7.911187684099372,17993
energy,power_kw_eps0.5,sample,0.5,8,3,4.0,2,0,0.0,24.68676685089798,0.4937353370179596,0.6908820471794419,0.12443728116489745,7.911187684099372,17993
energy,power_kw_eps0.5,sample,0.5,8,3,8.0,2,0,0.0,12.73988871637409,0.2547977743274818,0.7155593757330849,0.12443728116489745,7.911187684099372,17993
energy,power_kw_eps0.5,sample,0.5,8,3,16.0,2,0,0.0,12.470195604596608,0.24940391209193216,0.7444403003314063,0.12443728116489745,7.911187684099372,17993
energy,power_kw_eps0.5,sample,0.5,8,4,,2,0,0.0,12.470195604596608,0.24940391209193216,0.7444403003314063,0.12443728116489745,7.911187684099372,17993
energy,power_kw_eps0.5,sample,0.5,8,4,4.0,2,0,0.0,24.68676685089798,0.4937353370179596,0.6908820471794419,0.12443728116489745,7.911187684099372,17993
energy,power_kw_eps0.5,sample,0.5,8,4,8.0,2,0,0.0,12.73988871637409,0.2547977743274818,0.7155593757330849,0.12443728116489745,7.911187684099372,17993
energy,power_kw_eps0.5,sample,0.5,8,4,16.0,2,0,0.0,12.470195604596608,0.24940391209193216,0.7444403003314063,0.12443728116489745,7.911187684099372,17993
energy,power_kw_eps0.5,sample,0.5,8,6,,2,0,0.0,12.470195604596608,0.24940391209193216,0.7444403003314063,0.12443728116489745,7.911187684099372,17993
energy,power_kw_eps0.5,sample,0.5,8,6,8.0,2,0,0.0,12.73988871637409,0.2547977743274818,0.7155593757330849,0.12443728116489745,7.911187684099372,17993
energy,power_kw_eps0.5,sample,0.5,8,6,16.0,2,0,0.0,12.470195604596608,0.24940391209193216,0.7444403003314063,0.12443728116489745,7.911187684099372,17993
energy,power_kw_eps0.5,sample,0.5,8,1,,2,2,0.0,12.454398276057024,0.2490879655211405,1.0182237486908903,0.12484659154301016,7.940756443155194,17926
energy,power_kw_eps0.5,sample,0.5,8,1,4.0,2,2,0.0,24.598606241514258,0.49197212483028513,0.6895352916221861,0.12484659154301016,7.940756443155194,17926
energy,power_kw_eps0.5,sample,0.5,8,1,8.0,2,2,0.0,12.69299440476287,0.2538598880952574,0.721312314739839,0.12484659154301016,7.940756443155194,17926
energy,power_kw_eps0.5,sample,0.5,8,1,16.0,2,2,0.0,12.454398276057024,0.2490879655211405,1.0182237486908903,0.12484659154301016,7.940756443155194,17926
energy,power_kw_eps0.5,sample,0.5,8,2,,2,2,0.0,12.454398276057024,0.2490879655211405,1.0182237486908903,0.12484659154301016,7.940756443155194,17926
energy,power_kw_eps0.5,sample,0.5,8,2,4.0,2,2,0.0,24.598606241514258,0.49197212483028513,0.6895352916221861,0.12484659154301016,7.940756443155194,17926
energy,power_kw_eps0.5,sample,0.5,8,2,8.0,2,2,0.0,12.69299440476287,0.2538598880952574,0.721312314739839,0.12484659154301016,7.940756443155194,17926
energy,power_kw_eps0.5,sample,0.5,8,2,16.0,2,2,0.0,12.454398276057024,0.2490879655211405,1.0182237486908903,0.12484659154301016,7.940756443155194,17926
energy,power_kw_eps0.5,sample,0.5,8,3,,2,2,0.0,12.454398276057024,0.2490879655211405,1.0182237486908903,0.12484659154301016,7.940756443155194,17926
energy,power_kw_eps0.5,sample,0.5,8,3,4.0,2,2,0.0,24.598606241514258,0.49197212483028513,0.6895352916221861,0.12484659154301016,7.940756443155194,17926
energy,power_kw_eps0.5,sample,0.5,8,3,8.0,2,2,0.0,12.69299440476287,0.2538598880952574,0.721312314739839,0.12484659154301016,7.940756443155194,17926
energy,power_kw_eps0.5,sample,0.5,8,3,16.0,2,2,0.0,12.454398276057024,0.2490879655211405,1.0182237486908903,0.12484659154301016,7.940756443155194,17926
energy,power_kw_eps0.5,sample,0.5,8,4,,2,2,0.0,12.454398276057024,0.2490879655211405,1.0182237486908903,0.12484659154301016,7.940756443155194,17926
energy,power_kw_eps0.5,sample,0.5,8,4,4.0,2,2,0.0,24.598606241514258,0.49197212483028513,0.6895352916221861,0.12484659154301016,7.940756443155194,17926
energy,power_kw_eps0.5,sample,0.5,8,4,8.0,2,2,0.0,12.69299440476287,0.2538598880952574,0.721312314739839,0.12484659154301016,7.940756443155194,17926
energy,power_kw_eps0.5,sample,0.5,8,4,16.0,2,2,0.0,12.454398276057024,0.2490879655211405,1.0182237486908903,0.12484659154301016,7.940756443155194,17926
energy,power_kw_eps0.5,sample,0.5,8,6,,2,2,0.0,12.454398276057024,0.2490879655211405,1.0182237486908903,0.12484659154301016,7.940756443155194,17926
energy,power_kw_eps0.5,sample,0.5,8,6,8.0,2,2,0.0,12.69299440476287,0.2538598880952574,0.721312314739839,0.12484659154301016,7.940756443155194,17926
energy,power_kw_eps0.5,sample,0.5,8,6,16.0,2,2,0.0,12.454398276057024,0.2490879655211405,1.0182237486908903,0.12484659154301016,7.940756443155194,17926
energy,power_kw_eps0.5,sample,0.5,8,1,,2,4,0.0,12.433430081333425,0.24866860162666848,0.821023634333453,0.12486742952832822,7.945632151828077,17915
energy,power_kw_eps0.5,sample,0.5,8,1,4.0,2,4,0.0,24.62746966884576,0.49254939337691517,0.6881903766821733,0.12486742952832822,7.945632151828077,17915
energy,power_kw_eps0.5,sample,0.5,8,1,8.0,2,4,0.0,12.69830554897662,0.2539661109795324,0.7154157309201484,0.12486742952832822,7.945632151828077,17915
energy,power_kw_eps0.5,sample,0.5,8,1,16.0,2,4,0.0,12.433430081333425,0.24866860162666848,0.821023634333453,0.12486742952832822,7.945632151828077,17915
energy,power_kw_eps0.5,sample,0.5,8,2,,2,4,0.0,12.433430081333425,0.24866860162666848,0.821023634333453,0.12486742952832822,7.945632151828077,17915
energy,power_kw_eps0.5,sample,0.5,8,2,4.0,2,4,0.0,24.62746966884576,0.49254939337691517,0.6881903766821733,0.12486742952832822,7.945632151828077,17915
energy,power_kw_eps0.5,sample,0.5,8,2,8.0,2,4,0.0,12.69830554897662,0.2539661109795324,0.7154157309201484,0.12486742952832822,7.945632151828077,17915
energy,power_kw_eps0.5,sample,0.5,8,2,16.0,2,4,0.0,12.433430081333425,0.24866860162666848,0.821023634333453,0.12486742952832822,7.945632151828077,17915
energy,power_kw_eps0.5,sample,0.5,8,3,,2,4,0.0,12.433430081333425,0.24866860162666848,0.821023634333453,0.12486742952832822,7.945632151828077,17915
energy,power_kw_eps0.5,sample,0.5,8,3,4.0,2,4,0.0,24.62746966884576,0.49254939337691517,0.6881903766821733,0.12486742952832822,7.945632151828077,17915
energy,power_kw_eps0.5,sample,0.5,8,3,8.0,2,4,0.0,12.69830554897662,0.2539661109795324,0.7154157309201484,0.12486742952832822,7.945632151828077,17915
energy,power_kw_eps0.5,sample,0.5,8,3,16.0,2,4,0.0,12.433430081333425,0.24866860162666848,0.821023634333453,0.12486742952832822,7.945632151828077,17915
energy,power_kw_eps0.5,sample,0.5,8,4,,2,4,0.0,12.433430081333425,0.24866860162666848,0.821023634333453,0.12486742952832822,7.945632151828077,17915
energy,power_kw_eps0.5,sample,0.5,8,4,4.0,2,4,0.0,24.62746966884576,0.49254939337691517,0.6881903766821733,0.12486742952832822,7.945632151828077,17915
energy,power_kw_eps0.5,sample,0.5,8,4,8.0,2,4,0.0,12.69830554897662,0.2539661109795324,0.7154157309201484,0.12486742952832822,7.945632151828077,17915
energy,power_kw_eps0.5,sample,0.5,8,4,16.0,2,4,0.0,12.433430081333425,0.24866860162666848,0.821023634333453,0.12486742952832822,7.945632151828077,17915
energy,power_kw_eps0.5,sample,0.5,8,6,,2,4,0.0,12.433430081333425,0.24866860162666848,0.821023634333453,0.12486742952832822,7.945632151828077,17915
energy,power_kw_eps0.5,sample,0.5,8,6,8.0,2,4,0.0,12.69830554897662,0.2539661109795324,0.7154157309201484,0.12486742952832822,7.945632151828077,17915
energy,power_kw_eps0.5,sample,0.5,8,6,16.0,2,4,0.0,12.433430081333425,0.24866860162666848,0.821023634333453,0.12486742952832822,7.945632151828077,17915
energy,power_kw_eps0.5,sample,0.5,8,1,,4,0,0.0,11.794288115859553,0.23588576231719105,0.8204317922057734,0.12459708791819496,8.02867622540847,8997
energy,power_kw_eps0.5,sample,0.5,8,1,4.0,4,0,0.0,23.613235694420418,0.47226471388840835,0.8549774241723549,0.12459708791819496,8.02867622540847,8997
energy,power_kw_eps0.5,sample,0.5,8,1,8.0,4,0,0.0,12.082555740254058,0.24165111480508117,0.8325962325200137,0.12459708791819496,8.02867622540847,8997
energy,power_kw_eps0.5,sample,0.5,8,1,16.0,4,0,0.0,11.794288115859553,0.23588576231719105,0.8204317922057734,0.12459708791819496,8.02867622540847,8997
energy,power_kw_eps0.5,sample,0.5,8,2,,4,0,0.0,11.794288115859553,0.23588576231719105,0.8204317922057734,0.12459708791819496,8.02867622540847,8997
energy,power_kw_eps0.5,sample,0.5,8,2,4.0,4,0,0.0,23.613235694420418,0.47226471388840835,0.8549774241723549,0.12459708791819496,8.02867622540847,8997
energy,power_kw_eps0.5,sample,0.5,8,2,8.0,4,0,0.0,12.082555740254058,0.24165111480508117,0.8325962325200137,0.12459708791819496,8.02867622540847,8997
energy,power_kw_eps0.5,sample,0.5,8,2,16.0,4,0,0.0,11.794288115859553,0.23588576231719105,0.8204317922057734,0.12459708791819496,8.02867622540847,8997
energy,power_kw_eps0.5,sample,0.5,8,3,,4,0,0.0,11.794288115859553,0.23588576231719105,0.8204317922057734,0.12459708791819496,8.02867622540847,8997
energy,power_kw_eps0.5,sample,0.5,8,3,4.0,4,0,0.0,23.613235694420418,0.47226471388840835,0.8549774241723549,0.12459708791819496,8.02867622540847,8997
energy,power_kw_eps0.5,sample,0.5,8,3,8.0,4,0,0.0,12.082555740254058,0.24165111480508117,0.8325962325200137,0.12459708791819496,8.02867622540847,8997
energy,power_kw_eps0.5,sample,0.5,8,3,16.0,4,0,0.0,11.794288115859553,0.23588576231719105,0.8204317922057734,0.12459708791819496,8.02867622540847,8997
energy,power_kw_eps0.5,sample,0.5,8,4,,4,0,0.0,11.794288115859553,0.23588576231719105,0.8204317922057734,0.12459708791819496,8.02867622540847,8997
energy,power_kw_eps0.5,sample,0.5,8,4,4.0,4,0,0.0,23.613235694420418,0.47226471388840835,0.8549774241723549,0.12459708791819496,8.02867622540847,8997
energy,power_kw_eps0.5,sample,0.5,8,4,8.0,4,0,0.0,12.082555740254058,0.24165111480508117,0.8325962325200137,0.12459708791819496,8.02867622540847,8997
energy,power_kw_eps0.5,sample,0.5,8,4,16.0,4,0,0.0,11.794288115859553,0.23588576231719105,0.8204317922057734,0.12459708791819496,8.02867622540847,8997
energy,power_kw_eps0.5,sample,0.5,8,6,,4,0,0.0,11.794288115859553,0.23588576231719105,0.8204317922057734,0.12459708791819496,8.02867622540847,8997
energy,power_kw_eps0.5,sample,0.5,8,6,8.0,4,0,0.0,12.082555740254058,0.24165111480508117,0.8325962325200137,0.12459708791819496,8.02867622540847,8997
energy,power_kw_eps0.5,sample,0.5,8,6,16.0,4,0,0.0,11.794288115859553,0.23588576231719105,0.8204317922057734,0.12459708791819496,8.02867622540847,8997
energy,power_kw_eps0.5,sample,0.5,8,1,,4,2,0.0,11.836440606276506,0.23672881212553012,0.8130779036984438,0.1249302844394869,8.05733407696598,8965
energy,power_kw_eps0.5,sample,0.5,8,1,4.0,4,2,0.0,23.64177752415361,0.4728355504830722,0.8583688077566238,0.1249302844394869,8.05733407696598,8965
energy,power_kw_eps0.5,sample,0.5,8,1,8.0,4,2,0.0,12.124078680011783,0.24248157360023564,0.8294063937850877,0.1249302844394869,8.05733407696598,8965
energy,power_kw_eps0.5,sample,0.5,8,1,16.0,4,2,0.0,11.836440606276506,0.23672881212553012,0.8130779036984438,0.1249302844394869,8.05733407696598,8965
energy,power_kw_eps0.5,sample,0.5,8,2,,4,2,0.0,11.836440606276506,0.23672881212553012,0.8130779036984438,0.1249302844394869,8.05733407696598,8965
energy,power_kw_eps0.5,sample,0.5,8,2,4.0,4,2,0.0,23.64177752415361,0.4728355504830722,0.8583688077566238,0.1249302844394869,8.05733407696598,8965
energy,power_kw_eps0.5,sample,0.5,8,2,8.0,4,2,0.0,12.124078680011783,0.24248157360023564,0.8294063937850877,0.1249302844394869,8.05733407696598,8965
energy,power_kw_eps0.5,sample,0.5,8,2,16.0,4,2,0.0,11.836440606276506,0.23672881212553012,0.8130779036984438,0.1249302844394869,8.05733407696598,8965
energy,power_kw_eps0.5,sample,0.5,8,3,,4,2,0.0,11.836440606276506,0.23672881212553012,0.8130779036984438,0.1249302844394869,8.05733407696598,8965
energy,power_kw_eps0.5,sample,0.5,8,3,4.0,4,2,0.0,23.64177752415361,0.4728355504830722,0.8583688077566238,0.1249302844394869,8.05733407696598,8965
energy,power_kw_eps0.5,sample,0.5,8,3,8.0,4,2,0.0,12.124078680011783,0.24248157360023564,0.8294063937850877,0.1249302844394869,8.05733407696598,8965
energy,power_kw_eps0.5,sample,0.5,8,3,16.0,4,2,0.0,11.836440606276506,0.23672881212553012,0.8130779036984438,0.1249302844394869,8.05733407696598,8965
energy,power_kw_eps0.5,sample,0.5,8,4,,4,2,0.0,11.836440606276506,0.23672881212553012,0.8130779036984438,0.1249302844394869,8.05733407696598,8965
energy,power_kw_eps0.5,sample,0.5,8,4,4.0,4,2,0.0,23.64177752415361,0.4728355504830722,0.8583688077566238,0.1249302844394869,8.05733407696598,8965
energy,power_kw_eps0.5,sample,0.5,8,4,8.0,4,2,0.0,12.124078680011783,0.24248157360023564,0.8294063937850877,0.1249302844394869,8.05733407696598,8965
energy,power_kw_eps0.5,sample,0.5,8,4,16.0,4,2,0.0,11.836440606276506,0.23672881212553012,0.8130779036984438,0.1249302844394869,8.05733407696598,8965
energy,power_kw_eps0.5,sample,0.5,8,6,,4,2,0.0,11.836440606276506,0.23672881212553012,0.8130779036984438,0.1249302844394869,8.05733407696598,8965
energy,power_kw_eps0.5,sample,0.5,8,6,8.0,4,2,0.0,12.124078680011783,0.24248157360023564,0.8294063937850877,0.1249302844394869,8.05733407696598,8965
energy,power_kw_eps0.5,sample,0.5,8,6,16.0,4,2,0.0,11.836440606276506,0.23672881212553012,0.8130779036984438,0.1249302844394869,8.05733407696598,8965
energy,power_kw_eps0.5,sample,0.5,8,1,,4,4,0.0,11.767987948004427,0.23535975896008854,0.8187714477019263,0.12488839285714286,8.061830357142858,8960
energy,power_kw_eps0.5,sample,0.5,8,1,4.0,4,4,0.0,23.655567958987817,0.47311135917975633,0.8574632924009544,0.12488839285714286,8.061830357142858,8960
energy,power_kw_eps0.5,sample,0.5,8,1,8.0,4,4,0.0,12.112117693024041,0.24224235386048082,0.8308210514554528,0.12488839285714286,8.061830357142858,8960
energy,power_kw_eps0.5,sample,0.5,8,1,16.0,4,4,0.0,11.767987948004427,0.23535975896008854,0.8187714477019263,0.12488839285714286,8.061830357142858,8960
energy,power_kw_eps0.5,sample,0.5,8,2,,4,4,0.0,11.767987948004427,0.23535975896008854,0.8187714477019263,0.12488839285714286,8.061830357142858,8960
energy,power_kw_eps0.5,sample,0.5,8,2,4.0,4,4,0.0,23.655567958987817,0.47311135917975633,0.8574632924009544,0.12488839285714286,8.061830357142858,8960
energy,power_kw_eps0.5,sample,0.5,8,2,8.0,4,4,0.0,12.112117693024041,0.24224235386048082,0.8308210514554528,0.12488839285714286,8.061830357142858,8960
energy,power_kw_eps0.5,sample,0.5,8,2,16.0,4,4,0.0,11.767987948004427,0.23535975896008854,0.8187714477019263,0.12488839285714286,8.061830357142858,8960
energy,power_kw_eps0.5,sample,0.5,8,3,,4,4,0.0,11.767987948004427,0.23535975896008854,0.8187714477019263,0.12488839285714286,8.061830357142858,8960
energy,power_kw_eps0.5,sample,0.5,8,3,4.0,4,4,0.0,23.655567958987817,0.47311135917975633,0.8574632924009544,0.12488839285714286,8.061830357142858,8960
energy,power_kw_eps0.5,sample,0.5,8,3,8.0,4,4,0.0,12.112117693024041,0.24224235386048082,0.8308210514554528,0.12488839285714286,8.061830357142858,8960
energy,power_kw_eps0.5,sample,0.5,8,3,16.0,4,4,0.0,11.767987948004427,0.23535975896008854,0.8187714477019263,0.12488839285714286,8.061830357142858,8960
energy,power_kw_eps0.5,sample,0.5,8,4,,4,4,0.0,11.767987948004427,0.23535975896008854,0.8187714477019263,0.12488839285714286,8.061830357142858,8960
energy,power_kw_eps0.5,sample,0.5,8,4,4.0,4,4,0.0,23.655567958987817,0.47311135917975633,0.8574632924009544,0.12488839285714286,8.061830357142858,8960
energy,power_kw_eps0.5,sample,0.5,8,4,8.0,4,4,0.0,12.112117693024041,0.24224235386048082,0.8308210514554528,0.12488839285714286,8.061830357142858,8960
energy,power_kw_eps0.5,sample,0.5,8,4,16.0,4,4,0.0,11.767987948004427,0.23535975896008854,0.8187714477019263,0.12488839285714286,8.061830357142858,8960
energy,power_kw_eps0.5,sample,0.5,8,6,,4,4,0.0,11.767987948004427,0.23535975896008854,0.8187714477019263,0.12488839285714286,8.061830357142858,8960
energy,power_kw_eps0.5,sample,0.5,8,6,8.0,4,4,0.0,12.112117693024041,0.24224235386048082,0.8308210514554528,0.12488839285714286,8.061830357142858,8960
energy,power_kw_eps0.5,sample,0.5,8,6,16.0,4,4,0.0,11.767987948004427,0.23535975896008854,0.8187714477019263,0.12488839285714286,8.061830357142858,8960
energy,power_kw_eps0.5,budget_distribution,0.5,8,1,,1,0,0.0,164.70075293917793,3.294015058783559,0.06614539050847332,0.6514936779213562,7.827900514103098,35985
energy,power_kw_eps0.5,budget_distribution,0.5,8,1,4.0,1,0,0.0,321.9907353892376,6.439814707784752,0.15157415372539074,0.6551340836459636,7.827900514103098,35985
energy,power_kw_eps0.5,budget_distribution,0.5,8,1,8.0,1,0,0.0,167.2734555495148,3.345469110990296,0.06766362007835403,0.6509378907878283,7.827900514103098,35985
energy,power_kw_eps0.5,budget_distribution,0.5,8,1,16.0,1,0,0.0,164.70075293917793,3.294015058783559,0.06614539050847332,0.6514936779213562,7.827900514103098,35985
energy,power_kw_eps0.5,budget_distribution,0.5,8,2,,1,0,0.0,164.70075293917793,3.294015058783559,0.06614539050847332,0.6514936779213562,7.827900514103098,35985
energy,power_kw_eps0.5,budget_distribution,0.5,8,2,4.0,1,0,0.0,321.9907353892376,6.439814707784752,0.15157415372539074,0.6551340836459636,7.827900514103098,35985
energy,power_kw_eps0.5,budget_distribution,0.5,8,2,8.0,1,0,0.0,167.2734555495148,3.345469110990296,0.06766362007835403,0.6509378907878283,7.827900514103098,35985
energy,power_kw_eps0.5,budget_distribution,0.5,8,2,16.0,1,0,0.0,164.70075293917793,3.294015058783559,0.06614539050847332,0.6514936779213562,7.827900514103098,35985
energy,power_kw_eps0.5,budget_distribution,0.5,8,3,,1,0,0.0,164.70075293917793,3.294015058783559,0.06614539050847332,0.6514936779213562,7.827900514103098,35985
energy,power_kw_eps0.5,budget_distribution,0.5,8,3,4.0,1,0,0.0,321.9907353892376,6.439814707784752,0.15157415372539074,0.6551340836459636,7.827900514103098,35985
energy,power_kw_eps0.5,budget_distribution,0.5,8,3,8.0,1,0,0.0,167.2734555495148,3.345469110990296,0.06766362007835403,0.6509378907878283,7.827900514103098,35985
energy,power_kw_eps0.5,budget_distribution,0.5,8,3,16.0,1,0,0.0,164.70075293917793,3.294015058783559,0.06614539050847332,0.6514936779213562,7.827900514103098,35985
energy,power_kw_eps0.5,budget_distribution,0.5,8,4,,1,0,0.0,164.70075293917793,3.294015058783559,0.06614539050847332,0.6514936779213562,7.827900514103098,35985
energy,power_kw_eps0.5,budget_distribution,0.5,8,4,4.0,1,0,0.0,321.9907353892376,6.439814707784752,0.15157415372539074,0.6551340836459636,7.827900514103098,35985
energy,power_kw_eps0.5,budget_distribution,0.5,8,4,8.0,1,0,0.0,167.2734555495148,3.345469110990296,0.06766362007835403,0.6509378907878283,7.827900514103098,35985
energy,power_kw_eps0.5,budget_distribution,0.5,8,4,16.0,1,0,0.0,164.70075293917793,3.294015058783559,0.06614539050847332,0.6514936779213562,7.827900514103098,35985
energy,power_kw_eps0.5,budget_distribution,0.5,8,6,,1,0,0.0,164.70075293917793,3.294015058783559,0.06614539050847332,0.6514936779213562,7.827900514103098,35985
energy,power_kw_eps0.5,budget_distribution,0.5,8,6,8.0,1,0,0.0,167.2734555495148,3.345469110990296,0.06766362007835403,0.6509378907878283,7.827900514103098,35985
energy,power_kw_eps0.5,budget_distribution,0.5,8,6,16.0,1,0,0.0,164.70075293917793,3.294015058783559,0.06614539050847332,0.6514936779213562,7.827900514103098,35985
energy,power_kw_eps0.5,budget_distribution,0.5,8,1,,1,2,0.0,164.1829700755148,3.283659401510296,0.06614539050847332,0.6539652431030154,7.857597143574437,35849
energy,power_kw_eps0.5,budget_distribution,0.5,8,1,4.0,1,2,0.0,322.4181053625344,6.448362107250688,0.1516066817173793,0.6576194593991465,7.857597143574437,35849
energy,power_kw_eps0.5,budget_distribution,0.5,8,1,8.0,1,2,0.0,167.04390604771666,3.3408781209543332,0.06766362007835403,0.6534073474852855,7.857597143574437,35849
energy,power_kw_eps0.5,budget_distribution,0.5,8,1,16.0,1,2,0.0,164.1829700755148,3.283659401510296,0.06614539050847332,0.6539652431030154,7.857597143574437,35849
energy,power_kw_eps0.5,budget_distribution,0.5,8,2,,1,2,0.0,164.1829700755148,3.283659401510296,0.06614539050847332,0.6539652431030154,7.857597143574437,35849
energy,power_kw_eps0.5,budget_distribution,0.5,8,2,4.0,1,2,0.0,322.4181053625344,6.448362107250688,0.1516066817173793,0.6576194593991465,7.857597143574437,35849
energy,power_kw_eps0.5,budget_distribution,0.5,8,2,8.0,1,2,0.0,167.04390604771666,3.3408781209543332,0.06766362007835403,0.6534073474852855,7.857597143574437,35849
energy,power_kw_eps0.5,budget_distribution,0.5,8,2,16.0,1,2,0.0,164.1829700755148,3.283659401510296,0.06614539050847332,0.6539652431030154,7.857597143574437,35849
energy,power_kw_eps0.5,budget_distribution,0.5,8,3,,1,2,0.0,164.1829700755148,3.283659401510296,0.06614539050847332,0.6539652431030154,7.857597143574437,35849
energy,power_kw_eps0.5,budget_distribution,0.5,8,3,4.0,1,2,0.0,322.4181053625344,6.448362107250688,0.1516066817173793,0.6576194593991465,7.857597143574437,35849
energy,power_kw_eps0.5,budget_distribution,0.5,8,3,8.0,1,2,0.0,167.04390604771666,3.3408781209543332,0.06766362007835403,0.6534073474852855,7.857597143574437,35849
energy,power_kw_eps0.5,budget_distribution,0.5,8,3,16.0,1,2,0.0,164.1829700755148,3.283659401510296,0.06614539050847332,0.6539652431030154,7.857597143574437,35849
energy,power_kw_eps0.5,budget_distribution,0.5,8,4,,1,2,0.0,164.1829700755148,3.283659401510296,0.06614539050847332,0.6539652431030154,7.857597143574437,35849
energy,power_kw_eps0.5,budget_distribution,0.5,8,4,4.0,1,2,0.0,322.4181053625344,6.448362107250688,0.1516066817173793,0.6576194593991465,7.857597143574437,35849
energy,power_kw_eps0.5,budget_distribution,0.5,8,4,8.0,1,2,0.0,167.04390604771666,3.3408781209543332,0.06766362007835403,0.6534073474852855,7.857597143574437,35849
energy,power_kw_eps0.5,budget_distribution,0.5,8,4,16.0,1,2,0.0,164.1829700755148,3.283659401510296,0.06614539050847332,0.6539652431030154,7.857597143574437,35849
energy,power_kw_eps0.5,budget_distribution,0.5,8,6,,1,2,0.0,164.1829700755148,3.283659401510296,0.06614539050847332,0.6539652431030154,7.857597143574437,35849
energy,power_kw_eps0.5,budget_distribution,0.5,8,6,8.0,1,2,0.0,167.04390604771666,3.3408781209543332,0.06766362007835403,0.6534073474852855,7.857597143574437,35849
energy,power_kw_eps0.5,budget_distribution,0.5,8,6,16.0,1,2,0.0,164.1829700755148,3.283659401510296,0.06614539050847332,0.6539652431030154,7.857597143574437,35849
energy,power_kw_eps0.5,budget_distribution,0.5,8,1,,1,4,0.0,164.0943288509103,3.281886577018206,0.06623493856350841,0.6544398849900902,7.86330011445161,35823
energy,power_kw_eps0.5,budget_distribution,0.5,8,1,4.0,1,4,0.0,322.3586391715168,6.447172783430336,0.15150910091875566,0.658013008402423,7.86330011445161,35823
energy,power_kw_eps0.5,budget_distribution,0.5,8,1,8.0,1,4,0.0,167.02325403777638,3.3404650807555276,0.06778318858600299,0.6538815844569131,7.86330011445161,35823
energy,power_kw_eps0.5,budget_distribution,0.5,8,1,16.0,1,4,0.0,164.0943288509103,3.281886577018206,0.06623493856350841,0.6544398849900902,7.86330011445161,35823
energy,power_kw_eps0.5,budget_distribution,0.5,8,2,,1,4,0.0,164.0943288509103,3.281886577018206,0.06623493856350841,0.6544398849900902,7.86330011445161,35823
energy,power_kw_eps0.5,budget_distribution,0.5,8,2,4.0,1,4,0.0,322.3586391715168,6.447172783430336,0.15150910091875566,0.658013008402423,7.86330011445161,35823
energy,power_kw_eps0.5,budget_distribution,0.5,8,2,8.0,1,4,0.0,167.02325403777638,3.3404650807555276,0.06778318858600299,0.6538815844569131,7.86330011445161,35823
energy,power_kw_eps0.5,budget_distribution,0.5,8,2,16.0,1,4,0.0,164.0943288509103,3.281886577018206,0.06623493856350841,0.6544398849900902,7.86330011445161,35823
energy,power_kw_eps0.5,budget_distribution,0.5,8,3,,1,4,0.0,164.0943288509103,3.281886577018206,0.06623493856350841,0.6544398849900902,7.86330011445161,35823
energy,power_kw_eps0.5,budget_distribution,0.5,8,3,4.0,1,4,0.0,322.3586391715168,6.447172783430336,0.15150910091875566,0.658013008402423,7.86330011445161,35823
energy,power_kw_eps0.5,budget_distribution,0.5,8,3,8.0,1,4,0.0,167.02325403777638,3.3404650807555276,0.06778318858600299,0.6538815844569131,7.86330011445161,35823
energy,power_kw_eps0.5,budget_distribution,0.5,8,3,16.0,1,4,0.0,164.0943288509103,3.281886577018206,0.06623493856350841,0.6544398849900902,7.86330011445161,35823
energy,power_kw_eps0.5,budget_distribution,0.5,8,4,,1,4,0.0,164.0943288509103,3.281886577018206,0.06623493856350841,0.6544398849900902,7.86330011445161,35823
energy,power_kw_eps0.5,budget_distribution,0.5,8,4,4.0,1,4,0.0,322.3586391715168,6.447172783430336,0.15150910091875566,0.658013008402423,7.86330011445161,35823
energy,power_kw_eps0.5,budget_distribution,0.5,8,4,8.0,1,4,0.0,167.02325403777638,3.3404650807555276,0.06778318858600299,0.6538815844569131,7.86330011445161,35823
energy,power_kw_eps0.5,budget_distribution,0.5,8,4,16.0,1,4,0.0,164.0943288509103,3.281886577018206,0.06623493856350841,0.6544398849900902,7.86330011445161,35823
energy,power_kw_eps0.5,budget_distribution,0.5,8,6,,1,4,0.0,164.0943288509103,3.281886577018206,0.06623493856350841,0.6544398849900902,7.86330011445161,35823
energy,power_kw_eps0.5,budget_distribution,0.5,8,6,8.0,1,4,0.0,167.02325403777638,3.3404650807555276,0.06778318858600299,0.6538815844569131,7.86330011445161,35823
energy,power_kw_eps0.5,budget_distribution,0.5,8,6,16.0,1,4,0.0,164.0943288509103,3.281886577018206,0.06623493856350841,0.6544398849900902,7.86330011445161,35823
energy,power_kw_eps0.5,budget_distribution,0.5,8,1,,2,0,0.0,160.44833160440302,3.2089666320880603,0.24902771029579088,0.6473628633357417,7.911187684099372,17993
energy,power_kw_eps0.5,budget_distribution,0.5,8,1,4.0,2,0,0.0,320.1153241592372,6.402306483184744,0.12291885324050277,0.6559773245150892,7.911187684099372,17993
energy,power_kw_eps0.5,budget_distribution,0.5,8,1,8.0,2,0,0.0,163.0935126066431,3.2618702521328617,0.13229893123757341,0.648418829544823,7.911187684099372,17993
energy,power_kw_eps0.5,budget_distribution,0.5,8,1,16.0,2,0,0.0,160.44833160440302,3.2089666320880603,0.24902771029579088,0.6473628633357417,7.911187684099372,17993
energy,power_kw_eps0.5,budget_distribution,0.5,8,2,,2,0,0.0,160.44833160440302,3.2089666320880603,0.24902771029579088,0.6473628633357417,7.911187684099372,17993
energy,power_kw_eps0.5,budget_distribution,0.5,8,2,4.0,2,0,0.0,320.1153241592372,6.402306483184744,0.12291885324050277,0.6559773245150892,7.911187684099372,17993
energy,power_kw_eps0.5,budget_distribution,0.5,8,2,8.0,2,0,0.0,163.0935126066431,3.2618702521328617,0.13229893123757341,0.648418829544823,7.911187684099372,17993
energy,power_kw_eps0.5,budget_distribution,0.5,8,2,16.0,2,0,0.0,160.44833160440302,3.2089666320880603,0.24902771029579088,0.6473628633357417,7.911187684099372,17993
energy,power_kw_eps0.5,budget_distribution,0.5,8,3,,2,0,0.0,160.44833160440302,3.2089666320880603,0.24902771029579088,0.6473628633357417,7.911187684099372,17993
energy,power_kw_eps0.5,budget_distribution,0.5,8,3,4.0,2,0,0.0,320.1153241592372,6.402306483184744,0.12291885324050277,0.6559773245150892,7.911187684099372,17993
energy,power_kw_eps0.5,budget_distribution,0.5,8,3,8.0,2,0,0.0,163.0935126066431,3.2618702521328617,0.13229893123757341,0.648418829544823,7.911187684099372,17993
energy,power_kw_eps0.5,budget_distribution,0.5,8,3,16.0,2,0,0.0,160.44833160440302,3.2089666320880603,0.24902771029579088,0.6473628633357417,7.911187684099372,17993
energy,power_kw_eps0.5,budget_distribution,0.5,8,4,,2,0,0.0,160.44833160440302,3.2089666320880603,0.24902771029579088,0.6473628633357417,7.911187684099372,17993
energy,power_kw_eps0.5,budget_distribution,0.5,8,4,4.0,2,0,0.0,320.1153241592372,6.402306483184744,0.12291885324050277,0.6559773245150892,7.911187684099372,17993
energy,power_kw_eps0.5,budget_distribution,0.5,8,4,8.0,2,0,0.0,163.0935126066431,3.2618702521328617,0.13229893123757341,0.648418829544823,7.911187684099372,17993
energy,power_kw_eps0.5,budget_distribution,0.5,8,4,16.0,2,0,0.0,160.44833160440302,3.2089666320880603,0.24902771029579088,0.6473628633357417,7.911187684099372,17993
energy,power_kw_eps0.5,budget_distribution,0.5,8,6,,2,0,0.0,160.44833160440302,3.2089666320880603,0.24902771029579088,0.6473628633357417,7.911187684099372,17993
energy,power_kw_eps0.5,budget_distribution,0.5,8,6,8.0,2,0,0.0,163.0935126066431,3.2618702521328617,0.13229893123757341,0.648418829544823,7.911187684099372,17993
energy,power_kw_eps0.5,budget_distribution,0.5,8,6,16.0,2,0,0.0,160.44833160440302,3.2089666320880603,0.24902771029579088,0.6473628633357417,7.911187684099372,17993
energy,power_kw_eps0.5,budget_distribution,0.5,8,1,,2,2,0.0,159.97076854370863,3.1994153708741724,0.24931349031753258,0.6497824389155417,7.940756443155194,17926
energy,power_kw_eps0.5,budget_distribution,0.5,8,1,4.0,2,2,0.0,319.9336400379797,6.398672800759595,0.12291886011140953,0.6583733125069731,7.940756443155194,17926
energy,power_kw_eps0.5,budget_distribution,0.5,8,1,8.0,2,2,0.0,163.63235759959065,3.272647151991813,0.3927335883975339,0.6516791252928706,7.940756443155194,17926
energy,power_kw_eps0.5,budget_distribution,0.5,8,1,16.0,2,2,0.0,159.97076854370863,3.1994153708741724,0.24931349031753258,0.6497824389155417,7.940756443155194,17926
energy,power_kw_eps0.5,budget_distribution,0.5,8,2,,2,2,0.0,159.97076854370863,3.1994153708741724,0.24931349031753258,0.6497824389155417,7.940756443155194,17926
energy,power_kw_eps0.5,budget_distribution,0.5,8,2,4.0,2,2,0.0,319.9336400379797,6.398672800759595,0.12291886011140953,0.6583733125069731,7.940756443155194,17926
energy,power_kw_eps0.5,budget_distribution,0.5,8,2,8.0,2,2,0.0,163.63235759959065,3.272647151991813,0.3927335883975339,0.6516791252928706,7.940756443155194,17926
energy,power_kw_eps0.5,budget_distribution,0.5,8,2,16.0,2,2,0.0,159.97076854370863,3.1994153708741724,0.24931349031753258,0.6497824389155417,7.940756443155194,17926
energy,power_kw_eps0.5,budget_distribution,0.5,8,3,,2,2,0.0,159.97076854370863,3.1994153708741724,0.24931349031753258,0.6497824389155417,7.940756443155194,17926
energy,power_kw_eps0.5,budget_distribution,0.5,8,3,4.0,2,2,0.0,319.9336400379797,6.398672800759595,0.12291886011140953,0.6583733125069731,7.940756443155194,17926
energy,power_kw_eps0.5,budget_distribution,0.5,8,3,8.0,2,2,0.0,163.63235759959065,3.272647151991813,0.3927335883975339,0.6516791252928706,7.940756443155194,17926
energy,power_kw_eps0.5,budget_distribution,0.5,8,3,16.0,2,2,0.0,159.97076854370863,3.1994153708741724,0.24931349031753258,0.6497824389155417,7.940756443155194,17926
energy,power_kw_eps0.5,budget_distribution,0.5,8,4,,2,2,0.0,159.97076854370863,3.1994153708741724,0.24931349031753258,0.6497824389155417,7.940756443155194,17926
energy,power_kw_eps0.5,budget_distribution,0.5,8,4,4.0,2,2,0.0,319.9336400379797,6.398672800759595,0.12291886011140953,0.6583733125069731,7.940756443155194,17926
energy,power_kw_eps0.5,budget_distribution,0.5,8,4,8.0,2,2,0.0,163.63235759959065,3.272647151991813,0.3927335883975339,0.6516791252928706,7.940756443155194,17926
energy,power_kw_eps0.5,budget_distribution,0.5,8,4,16.0,2,2,0.0,159.97076854370863,3.1994153708741724,0.24931349031753258,0.6497824389155417,7.940756443155194,17926
energy,power_kw_eps0.5,budget_distribution,0.5,8,6,,2,2,0.0,159.97076854370863,3.1994153708741724,0.24931349031753258,0.6497824389155417,7.940756443155194,17926
energy,power_kw_eps0.5,budget_distribution,0.5,8,6,8.0,2,2,0.0,163.63235759959065,3.272647151991813,0.3927335883975339,0.6516791252928706,7.940756443155194,17926
energy,power_kw_eps0.5,budget_distribution,0.5,8,6,16.0,2,2,0.0,159.97076854370863,3.1994153708741724,0.24931349031753258,0.6497824389155417,7.940756443155194,17926
energy,power_kw_eps0.5,budget_distribution,0.5,8,1,,2,4,0.0,160.06641827778927,3.2013283655557854,0.2495982314150889,0.650181412224393,7.945632151828077,17915
energy,power_kw_eps0.5,budget_distribution,0.5,8,1,4.0,2,4,0.0,319.9648234715811,6.399296469431622,0.12285565055288106,0.6588333798492884,7.945632151828077,17915
energy,power_kw_eps0.5,budget_distribution,0.5,8,1,8.0,2,4,0.0,163.58429241723198,3.2716858483446396,0.3927335883975339,0.6520792631872733,7.945632151828077,17915
energy,power_kw_eps0.5,budget_distribution,0.5,8,1,16.0,2,4,0.0,160.06641827778927,3.2013283655557854,0.2495982314150889,0.650181412224393,7.945632151828077,17915
energy,power_kw_eps0.5,budget_distribution,0.5,8,2,,2,4,0.0,160.06641827778927,3.2013283655557854,0.2495982314150889,0.650181412224393,7.945632151828077,17915
energy,power_kw_eps0.5,budget_distribution,0.5,8,2,4.0,2,4,0.0,319.9648234715811,6.399296469431622,0.12285565055288106,0.6588333798492884,7.945632151828077,17915
energy,power_kw_eps0.5,budget_distribution,0.5,8,2,8.0,2,4,0.0,163.58429241723198,3.2716858483446396,0.3927335883975339,0.6520792631872733,7.945632151828077,17915
energy,power_kw_eps0.5,budget_distribution,0.5,8,2,16.0,2,4,0.0,160.06641827778927,3.2013283655557854,0.2495982314150889,0.650181412224393,7.945632151828077,17915
energy,power_kw_eps0.5,budget_distribution,0.5,8,3,,2,4,0.0,160.06641827778927,3.2013283655557854,0.2495982314150889,0.650181412224393,7.945632151828077,17915
energy,power_kw_eps0.5,budget_distribution,0.5,8,3,4.0,2,4,0.0,319.9648234715811,6.399296469431622,0.12285565055288106,0.6588333798492884,7.945632151828077,17915
energy,power_kw_eps0.5,budget_distribution,0.5,8,3,8.0,2,4,0.0,163.58429241723198,3.2716858483446396,0.3927335883975339,0.6520792631872733,7.945632151828077,17915
energy,power_kw_eps0.5,budget_distribution,0.5,8,3,16.0,2,4,0.0,160.06641827778927,3.2013283655557854,0.2495982314150889,0.650181412224393,7.945632151828077,17915
energy,power_kw_eps0.5,budget_distribution,0.5,8,4,,2,4,0.0,160.06641827778927,3.2013283655557854,0.2495982314150889,0.650181412224393,7.945632151828077,17915
energy,power_kw_eps0.5,budget_distribution,0.5,8,4,4.0,2,4,0.0,319.9648234715811,6.399296469431622,0.12285565055288106,0.6588333798492884,7.945632151828077,17915
energy,power_kw_eps0.5,budget_distribution,0.5,8,4,8.0,2,4,0.0,163.58429241723198,3.2716858483446396,0.3927335883975339,0.6520792631872733,7.945632151828077,17915
energy,power_kw_eps0.5,budget_distribution,0.5,8,4,16.0,2,4,0.0,160.06641827778927,3.2013283655557854,0.2495982314150889,0.650181412224393,7.945632151828077,17915
energy,power_kw_eps0.5,budget_distribution,0.5,8,6,,2,4,0.0,160.06641827778927,3.2013283655557854,0.2495982314150889,0.650181412224393,7.945632151828077,17915
energy,power_kw_eps0.5,budget_distribution,0.5,8,6,8.0,2,4,0.0,163.58429241723198,3.2716858483446396,0.3927335883975339,0.6520792631872733,7.945632151828077,17915
energy,power_kw_eps0.5,budget_distribution,0.5,8,6,16.0,2,4,0.0,160.06641827778927,3.2013283655557854,0.2495982314150889,0.650181412224393,7.945632151828077,17915
energy,power_kw_eps0.5,budget_distribution,0.5,8,1,,4,0,0.0,155.8730861626125,3.11746172325225,0.22049421748321918,0.6515505168389463,8.02867622540847,8997
energy,power_kw_eps0.5,budget_distribution,0.5,8,1,4.0,4,0,0.0,316.3501606779965,6.32700321355993,0.23239142273089888,0.6584417027898188,8.02867622540847,8997
energy,power_kw_eps0.5,budget_distribution,0.5,8,1,8.0,4,0,0.0,158.78605285146017,3.1757210570292034,0.14530290148228836,0.6517728131599422,8.02867622540847,8997
energy,power_kw_eps0.5,budget_distribution,0.5,8,1,16.0,4,0,0.0,155.8730861626125,3.11746172325225,0.22049421748321918,0.6515505168389463,8.02867622540847,8997
energy,power_kw_eps0.5,budget_distribution,0.5,8,2,,4,0,0.0,155.8730861626125,3.11746172325225,0.22049421748321918,0.6515505168389463,8.02867622540847,8997
energy,power_kw_eps0.5,budget_distribution,0.5,8,2,4.0,4,0,0.0,316.3501606779965,6.32700321355993,0.23239142273089888,0.6584417027898188,8.02867622540847,8997
energy,power_kw_eps0.5,budget_distribution,0.5,8,2,8.0,4,0,0.0,158.78605285146017,3.1757210570292034,0.14530290148228836,0.6517728131599422,8.02867622540847,8997
energy,power_kw_eps0.5,budget_distribution,0.5,8,2,16.0,4,0,0.0,155.8730861626125,3.11746172325225,0.22049421748321918,0.6515505168389463,8.02867622540847,8997
energy,power_kw_eps0.5,budget_distribution,0.5,8,3,,4,0,0.0,155.8730861626125,3.11746172325225,0.22049421748321918,0.6515505168389463,8.02867622540847,8997
energy,power_kw_eps0.5,budget_distribution,0.5,8,3,4.0,4,0,0.0,316.3501606779965,6.32700321355993,0.23239142273089888,0.6584417027898188,8.02867622540847,8997
energy,power_kw_eps0.5,budget_distribution,0.5,8,3,8.0,4,0,0.0,158.78605285146017,3.1757210570292034,0.14530290148228836,0.6517728131599422,8.02867622540847,8997
energy,power_kw_eps0.5,budget_distribution,0.5,8,3,16.0,4,0,0.0,155.8730861626125,3.11746172325225,0.22049421748321918,0.6515505168389463,8.02867622540847,8997
energy,power_kw_eps0.5,budget_distribution,0.5,8,4,,4,0,0.0,155.8730861626125,3.11746172325225,0.22049421748321918,0.6515505168389463,8.02867622540847,8997
energy,power_kw_eps0.5,budget_distribution,0.5,8,4,4.0,4,0,0.0,316.3501606779965,6.32700321355993,0.23239142273089888,0.6584417027898188,8.02867622540847,8997
energy,power_kw_eps0.5,budget_distribution,0.5,8,4,8.0,4,0,0.0,158.78605285146017,3.1757210570292034,0.14530290148228836,0.6517728131599422,8.02867622540847,8997
energy,power_kw_eps0.5,budget_distribution,0.5,8,4,16.0,4,0,0.0,155.8730861626125,3.11746172325225,0.22049421748321918,0.6515505168389463,8.02867622540847,8997
energy,power_kw_eps0.5,budget_distribution,0.5,8,6,,4,0,0.0,155.8730861626125,3.11746172325225,0.22049421748321918,0.6515505168389463,8.02867622540847,8997
energy,power_kw_eps0.5,budget_distribution,0.5,8,6,8.0,4,0,0.0,158.78605285146017,3.1757210570292034,0.14530290148228836,0.6517728131599422,8.02867622540847,8997
energy,power_kw_eps0.5,budget_distribution,0.5,8,6,16.0,4,0,0.0,155.8730861626125,3.11746172325225,0.22049421748321918,0.6515505168389463,8.02867622540847,8997
energy,power_kw_eps0.5,budget_distribution,0.5,8,1,,4,2,0.0,156.69834254051116,3.133966850810223,0.22789483933893415,0.6540992749581707,8.05733407696598,8965
energy,power_kw_eps0.5,budget_distribution,0.5,8,1,4.0,4,2,0.0,316.59136982689506,6.331827396537901,0.2322543875979046,0.6606804238706079,8.05733407696598,8965
energy,power_kw_eps0.5,budget_distribution,0.5,8,1,8.0,4,2,0.0,158.99985706867864,3.1799971413735726,0.1460913516692621,0.652649191299498,8.05733407696598,8965
energy,power_kw_eps0.5,budget_distribution,0.5,8,1,16.0,4,2,0.0,156.69834254051116,3.133966850810223,0.22789483933893415,0.6540992749581707,8.05733407696598,8965
energy,power_kw_eps0.5,budget_distribution,0.5,8,2,,4,2,0.0,156.69834254051116,3.133966850810223,0.22789483933893415,0.6540992749581707,8.05733407696598,8965
energy,power_kw_eps0.5,budget_distribution,0.5,8,2,4.0,4,2,0.0,316.59136982689506,6.331827396537901,0.2322543875979046,0.6606804238706079,8.05733407696598,8965
energy,power_kw_eps0.5,budget_distribution,0.5,8,2,8.0,4,2,0.0,158.99985706867864,3.1799971413735726,0.1460913516692621,0.652649191299498,8.05733407696598,8965
energy,power_kw_eps0.5,budget_distribution,0.5,8,2,16.0,4,2,0.0,156.69834254051116,3.133966850810223,0.22789483933893415,0.6540992749581707,8.05733407696598,8965
energy,power_kw_eps0.5,budget_distribution,0.5,8,3,,4,2,0.0,156.69834254051116,3.133966850810223,0.22789483933893415,0.6540992749581707,8.05733407696598,8965
energy,power_kw_eps0.5,budget_distribution,0.5,8,3,4.0,4,2,0.0,316.59136982689506,6.331827396537901,0.2322543875979046,0.6606804238706079,8.05733407696598,8965
energy,power_kw_eps0.5,budget_distribution,0.5,8,3,8.0,4,2,0.0,158.99985706867864,3.1799971413735726,0.1460913516692621,0.652649191299498,8.05733407696598,8965
energy,power_kw_eps0.5,budget_distribution,0.5,8,3,16.0,4,2,0.0,156.69834254051116,3.133966850810223,0.22789483933893415,0.6540992749581707,8.05733407696598,8965
energy,power_kw_eps0.5,budget_distribution,0.5,8,4,,4,2,0.0,156.69834254051116,3.133966850810223,0.22789483933893415,0.6540992749581707,8.05733407696598,8965
energy,power_kw_eps0.5,budget_distribution,0.5,8,4,4.0,4,2,0.0,316.59136982689506,6.331827396537901,0.2322543875979046,0.6606804238706079,8.05733407696598,8965
energy,power_kw_eps0.5,budget_distribution,0.5,8,4,8.0,4,2,0.0,158.99985706867864,3.1799971413735726,0.1460913516692621,0.652649191299498,8.05733407696598,8965
energy,power_kw_eps0.5,budget_distribution,0.5,8,4,16.0,4,2,0.0,156.69834254051116,3.133966850810223,0.22789483933893415,0.6540992749581707,8.05733407696598,8965
energy,power_kw_eps0.5,budget_distribution,0.5,8,6,,4,2,0.0,156.69834254051116,3.133966850810223,0.22789483933893415,0.6540992749581707,8.05733407696598,8965
energy,power_kw_eps0.5,budget_distribution,0.5,8,6,8.0,4,2,0.0,158.99985706867864,3.1799971413735726,0.1460913516692621,0.652649191299498,8.05733407696598,8965
energy,power_kw_eps0.5,budget_distribution,0.5,8,6,16.0,4,2,0.0,156.69834254051116,3.133966850810223,0.22789483933893415,0.6540992749581707,8.05733407696598,8965
energy,power_kw_eps0.5,budget_distribution,0.5,8,1,,4,4,0.0,155.91358873526067,3.1182717747052133,0.2255536990286674,0.6544642857142857,8.061830357142858,8960
energy,power_kw_eps0.5,budget_distribution,0.5,8,1,4.0,4,4,0.0,315.3349355737164,6.306698711474328,0.23297535815846232,0.6606026785714286,8.061830357142858,8960
energy,power_kw_eps0.5,budget_distribution,0.5,8,1,8.0,4,4,0.0,159.04244657118969,3.1808489314237938,0.1460913516692621,0.6530133928571429,8.061830357142858,8960
energy,power_kw_eps0.5,budget_distribution,0.5,8,1,16.0,4,4,0.0,155.91358873526067,3.1182717747052133,0.2255536990286674,0.6544642857142857,8.061830357142858,8960
energy,power_kw_eps0.5,budget_distribution,0.5,8,2,,4,4,0.0,155.91358873526067,3.1182717747052133,0.2255536990286674,0.6544642857142857,8.061830357142858,8960
energy,power_kw_eps0.5,budget_distribution,0.5,8,2,4.0,4,4,0.0,315.3349355737164,6.306698711474328,0.23297535815846232,0.6606026785714286,8.061830357142858,8960
energy,power_kw_eps0.5,budget_distribution,0.5,8,2,8.0,4,4,0.0,159.04244657118969,3.1808489314237938,0.1460913516692621,0.6530133928571429,8.061830357142858,8960
energy,power_kw_eps0.5,budget_distribution,0.5,8,2,16.0,4,4,0.0,155.91358873526067,3.1182717747052133,0.2255536990286674,0.6544642857142857,8.061830357142858,8960
energy,power_kw_eps0.5,budget_distribution,0.5,8,3,,4,4,0.0,155.91358873526067,3.1182717747052133,0.2255536990286674,0.6544642857142857,8.061830357142858,8960
energy,power_kw_eps0.5,budget_distribution,0.5,8,3,4.0,4,4,0.0,315.3349355737164,6.306698711474328,0.23297535815846232,0.6606026785714286,8.061830357142858,8960
energy,power_kw_eps0.5,budget_distribution,0.5,8,3,8.0,4,4,0.0,159.04244657118969,3.1808489314237938,0.1460913516692621,0.6530133928571429,8.061830357142858,8960
energy,power_kw_eps0.5,budget_distribution,0.5,8,3,16.0,4,4,0.0,155.91358873526067,3.1182717747052133,0.2255536990286674,0.6544642857142857,8.061830357142858,8960
energy,power_kw_eps0.5,budget_distribution,0.5,8,4,,4,4,0.0,155.91358873526067,3.1182717747052133,0.2255536990286674,0.6544642857142857,8.061830357142858,8960
energy,power_kw_eps0.5,budget_distribution,0.5,8,4,4.0,4,4,0.0,315.3349355737164,6.306698711474328,0.23297535815846232,0.6606026785714286,8.061830357142858,8960
energy,power_kw_eps0.5,budget_distribution,0.5,8,4,8.0,4,4,0.0,159.04244657118969,3.1808489314237938,0.1460913516692621,0.6530133928571429,8.061830357142858,8960
energy,power_kw_eps0.5,budget_distribution,0.5,8,4,16.0,4,4,0.0,155.91358873526067,3.1182717747052133,0.2255536990286674,0.6544642857142857,8.061830357142858,8960
energy,power_kw_eps0.5,budget_distribution,0.5,8,6,,4,4,0.0,155.91358873526067,3.1182717747052133,0.2255536990286674,0.6544642857142857,8.061830357142858,8960
energy,power_kw_eps0.5,budget_distribution,0.5,8,6,8.0,4,4,0.0,159.04244657118969,3.1808489314237938,0.1460913516692621,0.6530133928571429,8.061830357142858,8960
energy,power_kw_eps0.5,budget_distribution,0.5,8,6,16.0,4,4,0.0,155.91358873526067,3.1182717747052133,0.2255536990286674,0.6544642857142857,8.061830357142858,8960
energy,power_kw_eps0.5,budget_absorption,0.5,8,1,,1,0,0.0,121.45877607493794,2.4291755214987587,0.5578420531096059,0.5109351118521607,7.827900514103098,35985
energy,power_kw_eps0.5,budget_absorption,0.5,8,1,4.0,1,0,0.0,237.95198633320422,4.759039726664084,0.6222282031616123,0.5165763512574684,7.827900514103098,35985
energy,power_kw_eps0.5,budget_absorption,0.5,8,1,8.0,1,0,0.0,122.24935113697373,2.4449870227394745,0.5255410663421078,0.5111852160622482,7.827900514103098,35985
energy,power_kw_eps0.5,budget_absorption,0.5,8,1,16.0,1,0,0.0,121.45877607493794,2.4291755214987587,0.5578420531096059,0.5109351118521607,7.827900514103098,35985
energy,power_kw_eps0.5,budget_absorption,0.5,8,2,,1,0,0.0,121.45877607493794,2.4291755214987587,0.5578420531096059,0.5109351118521607,7.827900514103098,35985
energy,power_kw_eps0.5,budget_absorption,0.5,8,2,4.0,1,0,0.0,237.95198633320422,4.759039726664084,0.6222282031616123,0.5165763512574684,7.827900514103098,35985
energy,power_kw_eps0.5,budget_absorption,0.5,8,2,8.0,1,0,0.0,122.24935113697373,2.4449870227394745,0.5255410663421078,0.5111852160622482,7.827900514103098,35985
energy,power_kw_eps0.5,budget_absorption,0.5,8,2,16.0,1,0,0.0,121.45877607493794,2.4291755214987587,0.5578420531096059,0.5109351118521607,7.827900514103098,35985
energy,power_kw_eps0.5,budget_absorption,0.5,8,3,,1,0,0.0,121.45877607493794,2.4291755214987587,0.5578420531096059,0.5109351118521607,7.827900514103098,35985
energy,power_kw_eps0.5,budget_absorption,0.5,8,3,4.0,1,0,0.0,237.95198633320422,4.759039726664084,0.6222282031616123,0.5165763512574684,7.827900514103098,35985
energy,power_kw_eps0.5,budget_absorption,0.5,8,3,8.0,1,0,0.0,122.24935113697373,2.4449870227394745,0.5255410663421078,0.5111852160622482,7.827900514103098,35985
energy,power_kw_eps0.5,budget_absorption,0.5,8,3,16.0,1,0,0.0,121.45877607493794,2.4291755214987587,0.5578420531096059,0.5109351118521607,7.827900514103098,35985
energy,power_kw_eps0.5,budget_absorption,0.5,8,4,,1,0,0.0,121.45877607493794,2.4291755214987587,0.5578420531096059,0.5109351118521607,7.827900514103098,35985
energy,power_kw_eps0.5,budget_absorption,0.5,8,4,4.0,1,0,0.0,237.95198633320422,4.759039726664084,0.6222282031616123,0.5165763512574684,7.827900514103098,35985
energy,power_kw_eps0.5,budget_absorption,0.5,8,4,8.0,1,0,0.0,122.24935113697373,2.4449870227394745,0.5255410663421078,0.5111852160622482,7.827900514103098,35985
energy,power_kw_eps0.5,budget_absorption,0.5,8,4,16.0,1,0,0.0,121.45877607493794,2.4291755214987587,0.5578420531096059,0.5109351118521607,7.827900514103098,35985
energy,power_kw_eps0.5,budget_absorption,0.5,8,6,,1,0,0.0,121.45877607493794,2.4291755214987587,0.5578420531096059,0.5109351118521607,7.827900514103098,35985
energy,power_kw_eps0.5,budget_absorption,0.5,8,6,8.0,1,0,0.0,122.24935113697373,2.4449870227394745,0.5255410663421078,0.5111852160622482,7.827900514103098,35985
energy,power_kw_eps0.5,budget_absorption,0.5,8,6,16.0,1,0,0.0,121.45877607493794,2.4291755214987587,0.5578420531096059,0.5109351118521607,7.827900514103098,35985
energy,power_kw_eps0.5,budget_absorption,0.5,8,1,,1,2,0.0,121.02204946759248,2.4204409893518495,0.5578420531096059,0.512873441379118,7.857597143574437,35849
energy,power_kw_eps0.5,budget_absorption,0.5,8,1,4.0,1,2,0.0,237.91035290740243,4.758207058148049,0.6222282031616123,0.5185360818990766,7.857597143574437,35849
energy,power_kw_eps0.5,budget_absorption,0.5,8,1,8.0,1,2,0.0,122.59096174406007,2.451819234881201,0.5255410663421078,0.5131244944070964,7.857597143574437,35849
energy,power_kw_eps0.5,budget_absorption,0.5,8,1,16.0,1,2,0.0,121.02204946759248,2.4204409893518495,0.5578420531096059,0.512873441379118,7.857597143574437,35849
energy,power_kw_eps0.5,budget_absorption,0.5,8,2,,1,2,0.0,121.02204946759248,2.4204409893518495,0.5578420531096059,0.512873441379118,7.857597143574437,35849
energy,power_kw_eps0.5,budget_absorption,0.5,8,2,4.0,1,2,0.0,237.91035290740243,4.758207058148049,0.6222282031616123,0.5185360818990766,7.857597143574437,35849
energy,power_kw_eps0.5,budget_absorption,0.5,8,2,8.0,1,2,0.0,122.59096174406007,2.451819234881201,0.5255410663421078,0.5131244944070964,7.857597143574437,35849
energy,power_kw_eps0.5,budget_absorption,0.5,8,2,16.0,1,2,0.0,121.02204946759248,2.4204409893518495,0.5578420531096059,0.512873441379118,7.857597143574437,35849
energy,power_kw_eps0.5,budget_absorption,0.5,8,3,,1,2,0.0,121.02204946759248,2.4204409893518495,0.5578420531096059,0.512873441379118,7.857597143574437,35849
energy,power_kw_eps0.5,budget_absorption,0.5,8,3,4.0,1,2,0.0,237.91035290740243,4.758207058148049,0.6222282031616123,0.5185360818990766,7.857597143574437,35849
energy,power_kw_eps0.5,budget_absorption,0.5,8,3,8.0,1,2,0.0,122.59096174406007,2.451819234881201,0.5255410663421078,0.5131244944070964,7.857597143574437,35849
energy,power_kw_eps0.5,budget_absorption,0.5,8,3,16.0,1,2,0.0,121.02204946759248,2.4204409893518495,0.5578420531096059,0.512873441379118,7.857597143574437,35849
energy,power_kw_eps0.5,budget_absorption,0.5,8,4,,1,2,0.0,121.02204946759248,2.4204409893518495,0.5578420531096059,0.512873441379118,7.857597143574437,35849
energy,power_kw_eps0.5,budget_absorption,0.5,8,4,4.0,1,2,0.0,237.91035290740243,4.758207058148049,0.6222282031616123,0.5185360818990766,7.857597143574437,35849
energy,power_kw_eps0.5,budget_absorption,0.5,8,4,8.0,1,2,0.0,122.59096174406007,2.451819234881201,0.5255410663421078,0.5131244944070964,7.857597143574437,35849
energy,power_kw_eps0.5,budget_absorption,0.5,8,4,16.0,1,2,0.0,121.02204946759248,2.4204409893518495,0.5578420531096059,0.512873441379118,7.857597143574437,35849
energy,power_kw_eps0.5,budget_absorption,0.5,8,6,,1,2,0.0,121.02204946759248,2.4204409893518495,0.5578420531096059,0.512873441379118,7.857597143574437,35849
energy,power_kw_eps0.5,budget_absorption,0.5,8,6,8.0,1,2,0.0,122.59096174406007,2.451819234881201,0.5255410663421078,0.5131244944070964,7.857597143574437,35849
energy,power_kw_eps0.5,budget_absorption,0.5,8,6,16.0,1,2,0.0,121.02204946759248,2.4204409893518495,0.5578420531096059,0.512873441379118,7.857597143574437,35849
energy,power_kw_eps0.5,budget_absorption,0.5,8,1,,1,4,0.0,120.9267299042473,2.4185345980849458,0.5578420531096059,0.5132456801496246,7.86330011445161,35823
energy,power_kw_eps0.5,budget_absorption,0.5,8,1,4.0,1,4,0.0,237.90437697263803,4.75808753945276,0.6222282031616123,0.5189124305613712,7.86330011445161,35823
energy,power_kw_eps0.5,budget_absorption,0.5,8,1,8.0,1,4,0.0,122.65783211143136,2.453156642228627,0.5255410663421078,0.5134969153895542,7.86330011445161,35823
energy,power_kw_eps0.5,budget_absorption,0.5,8,1,16.0,1,4,0.0,120.9267299042473,2.4185345980849458,0.5578420531096059,0.5132456801496246,7.86330011445161,35823
energy,power_kw_eps0.5,budget_absorption,0.5,8,2,,1,4,0.0,120.9267299042473,2.4185345980849458,0.5578420531096059,0.5132456801496246,7.86330011445161,35823
energy,power_kw_eps0.5,budget_absorption,0.5,8,2,4.0,1,4,0.0,237.90437697263803,4.75808753945276,0.6222282031616123,0.5189124305613712,7.86330011445161,35823
energy,power_kw_eps0.5,budget_absorption,0.5,8,2,8.0,1,4,0.0,122.65783211143136,2.453156642228627,0.5255410663421078,0.5134969153895542,7.86330011445161,35823
energy,power_kw_eps0.5,budget_absorption,0.5,8,2,16.0,1,4,0.0,120.9267299042473,2.4185345980849458,0.5578420531096059,0.5132456801496246,7.86330011445161,35823
energy,power_kw_eps0.5,budget_absorption,0.5,8,3,,1,4,0.0,120.9267299042473,2.4185345980849458,0.5578420531096059,0.5132456801496246,7.86330011445161,35823
energy,power_kw_eps0.5,budget_absorption,0.5,8,3,4.0,1,4,0.0,237.90437697263803,4.75808753945276,0.6222282031616123,0.5189124305613712,7.86330011445161,35823
energy,power_kw_eps0.5,budget_absorption,0.5,8,3,8.0,1,4,0.0,122.65783211143136,2.453156642228627,0.5255410663421078,0.5134969153895542,7.86330011445161,35823
energy,power_kw_eps0.5,budget_absorption,0.5,8,3,16.0,1,4,0.0,120.9267299042473,2.4185345980849458,0.5578420531096059,0.5132456801496246,7.86330011445161,35823
energy,power_kw_eps0.5,budget_absorption,0.5,8,4,,1,4,0.0,120.9267299042473,2.4185345980849458,0.5578420531096059,0.5132456801496246,7.86330011445161,35823
energy,power_kw_eps0.5,budget_absorption,0.5,8,4,4.0,1,4,0.0,237.90437697263803,4.75808753945276,0.6222282031616123,0.5189124305613712,7.86330011445161,35823
energy,power_kw_eps0.5,budget_absorption,0.5,8,4,8.0,1,4,0.0,122.65783211143136,2.453156642228627,0.5255410663421078,0.5134969153895542,7.86330011445161,35823
energy,power_kw_eps0.5,budget_absorption,0.5,8,4,16.0,1,4,0.0,120.9267299042473,2.4185345980849458,0.5578420531096059,0.5132456801496246,7.86330011445161,35823
energy,power_kw_eps0.5,budget_absorption,0.5,8,6,,1,4,0.0,120.9267299042473,2.4185345980849458,0.5578420531096059,0.5132456801496246,7.86330011445161,35823
energy,power_kw_eps0.5,budget_absorption,0.5,8,6,8.0,1,4,0.0,122.65783211143136,2.453156642228627,0.5255410663421078,0.5134969153895542,7.86330011445161,35823
energy,power_kw_eps0.5,budget_absorption,0.5,8,6,16.0,1,4,0.0,120.9267299042473,2.4185345980849458,0.5578420531096059,0.5132456801496246,7.86330011445161,35823
energy,power_kw_eps0.5,budget_absorption,0.5,8,1,,2,0,0.0,118.3274848986371,2.366549697972742,0.6987099748732266,0.5067526260212305,7.911187684099372,17993
energy,power_kw_eps0.5,budget_absorption,0.5,8,1,4.0,2,0,0.0,239.44082086979938,4.788816417395988,0.5546667974562832,0.5129216917690212,7.911187684099372,17993
energy,power_kw_eps0.5,budget_absorption,0.5,8,1,8.0,2,0,0.0,121.35611676112804,2.4271223352225606,0.6565047386479755,0.5092535986216862,7.911187684099372,17993
energy,power_kw_eps0.5,budget_absorption,0.5,8,1,16.0,2,0,0.0,118.3274848986371,2.366549697972742,0.6987099748732266,0.5067526260212305,7.911187684099372,17993
energy,power_kw_eps0.5,budget_absorption,0.5,8,2,,2,0,0.0,118.3274848986371,2.366549697972742,0.6987099748732266,0.5067526260212305,7.911187684099372,17993
energy,power_kw_eps0.5,budget_absorption,0.5,8,2,4.0,2,0,0.0,239.44082086979938,4.788816417395988,0.5546667974562832,0.5129216917690212,7.911187684099372,17993
energy,power_kw_eps0.5,budget_absorption,0.5,8,2,8.0,2,0,0.0,121.35611676112804,2.4271223352225606,0.6565047386479755,0.5092535986216862,7.911187684099372,17993
energy,power_kw_eps0.5,budget_absorption,0.5,8,2,16.0,2,0,0.0,118.3274848986371,2.366549697972742,0.6987099748732266,0.5067526260212305,7.911187684099372,17993
energy,power_kw_eps0.5,budget_absorption,0.5,8,3,,2,0,0.0,118.3274848986371,2.366549697972742,0.6987099748732266,0.5067526260212305,7.911187684099372,17993
energy,power_kw_eps0.5,budget_absorption,0.5,8,3,4.0,2,0,0.0,239.44082086979938,4.788816417395988,0.5546667974562832,0.5129216917690212,7.911187684099372,17993
energy,power_kw_eps0.5,budget_absorption,0.5,8,3,8.0,2,0,0.0,121.35611676112804,2.4271223352225606,0.6565047386479755,0.5092535986216862,7.911187684099372,17993
energy,power_kw_eps0.5,budget_absorption,0.5,8,3,16.0,2,0,0.0,118.3274848986371,2.366549697972742,0.6987099748732266,0.5067526260212305,7.911187684099372,17993
energy,power_kw_eps0.5,budget_absorption,0.5,8,4,,2,0,0.0,118.3274848986371,2.366549697972742,0.6987099748732266,0.5067526260212305,7.911187684099372,17993
energy,power_kw_eps0.5,budget_absorption,0.5,8,4,4.0,2,0,0.0,239.44082086979938,4.788816417395988,0.5546667974562832,0.5129216917690212,7.911187684099372,17993
energy,power_kw_eps0.5,budget_absorption,0.5,8,4,8.0,2,0,0.0,121.35611676112804,2.4271223352225606,0.6565047386479755,0.5092535986216862,7.911187684099372,17993
energy,power_kw_eps0.5,budget_absorption,0.5,8,4,16.0,2,0,0.0,118.3274848986371,2.366549697972742,0.6987099748732266,0.5067526260212305,7.911187684099372,17993
energy,power_kw_eps0.5,budget_absorption,0.5,8,6,,2,0,0.0,118.3274848986371,2.366549697972742,0.6987099748732266,0.5067526260212305,7.911187684099372,17993
energy,power_kw_eps0.5,budget_absorption,0.5,8,6,8.0,2,0,0.0,121.35611676112804,2.4271223352225606,0.6565047386479755,0.5092535986216862,7.911187684099372,17993
energy,power_kw_eps0.5,budget_absorption,0.5,8,6,16.0,2,0,0.0,118.3274848986371,2.366549697972742,0.6987099748732266,0.5067526260212305,7.911187684099372,17993
energy,power_kw_eps0.5,budget_absorption,0.5,8,1,,2,2,0.0,118.55729709048305,2.3711459418096608,0.6987099748732266,0.5086466584848823,7.940756443155194,17926
energy,power_kw_eps0.5,budget_absorption,0.5,8,1,4.0,2,2,0.0,237.70400638942442,4.754080127788488,0.5546667974562832,0.5148387816579271,7.940756443155194,17926
energy,power_kw_eps0.5,budget_absorption,0.5,8,1,8.0,2,2,0.0,121.54711262683293,2.4309422525366586,0.6565047386479755,0.5111569786901707,7.940756443155194,17926
energy,power_kw_eps0.5,budget_absorption,0.5,8,1,16.0,2,2,0.0,118.55729709048305,2.3711459418096608,0.6987099748732266,0.5086466584848823,7.940756443155194,17926
energy,power_kw_eps0.5,budget_absorption,0.5,8,2,,2,2,0.0,118.55729709048305,2.3711459418096608,0.6987099748732266,0.5086466584848823,7.940756443155194,17926
energy,power_kw_eps0.5,budget_absorption,0.5,8,2,4.0,2,2,0.0,237.70400638942442,4.754080127788488,0.5546667974562832,0.5148387816579271,7.940756443155194,17926
energy,power_kw_eps0.5,budget_absorption,0.5,8,2,8.0,2,2,0.0,121.54711262683293,2.4309422525366586,0.6565047386479755,0.5111569786901707,7.940756443155194,17926
energy,power_kw_eps0.5,budget_absorption,0.5,8,2,16.0,2,2,0.0,118.55729709048305,2.3711459418096608,0.6987099748732266,0.5086466584848823,7.940756443155194,17926
energy,power_kw_eps0.5,budget_absorption,0.5,8,3,,2,2,0.0,118.55729709048305,2.3711459418096608,0.6987099748732266,0.5086466584848823,7.940756443155194,17926
energy,power_kw_eps0.5,budget_absorption,0.5,8,3,4.0,2,2,0.0,237.70400638942442,4.754080127788488,0.5546667974562832,0.5148387816579271,7.940756443155194,17926
energy,power_kw_eps0.5,budget_absorption,0.5,8,3,8.0,2,2,0.0,121.54711262683293,2.4309422525366586,0.6565047386479755,0.5111569786901707,7.940756443155194,17926
energy,power_kw_eps0.5,budget_absorption,0.5,8,3,16.0,2,2,0.0,118.55729709048305,2.3711459418096608,0.6987099748732266,0.5086466584848823,7.940756443155194,17926
energy,power_kw_eps0.5,budget_absorption,0.5,8,4,,2,2,0.0,118.55729709048305,2.3711459418096608,0.6987099748732266,0.5086466584848823,7.940756443155194,17926
energy,power_kw_eps0.5,budget_absorption,0.5,8,4,4.0,2,2,0.0,237.70400638942442,4.754080127788488,0.5546667974562832,0.5148387816579271,7.940756443155194,17926
energy,power_kw_eps0.5,budget_absorption,0.5,8,4,8.0,2,2,0.0,121.54711262683293,2.4309422525366586,0.6565047386479755,0.5111569786901707,7.940756443155194,17926
energy,power_kw_eps0.5,budget_absorption,0.5,8,4,16.0,2,2,0.0,118.55729709048305,2.3711459418096608,0.6987099748732266,0.5086466584848823,7.940756443155194,17926
energy,power_kw_eps0.5,budget_absorption,0.5,8,6,,2,2,0.0,118.55729709048305,2.3711459418096608,0.6987099748732266,0.5086466584848823,7.940756443155194,17926
energy,power_kw_eps0.5,budget_absorption,0.5,8,6,8.0,2,2,0.0,121.54711262683293,2.4309422525366586,0.6565047386479755,0.5111569786901707,7.940756443155194,17926
energy,power_kw_eps0.5,budget_absorption,0.5,8,6,16.0,2,2,0.0,118.55729709048305,2.3711459418096608,0.6987099748732266,0.5086466584848823,7.940756443155194,17926
energy,power_kw_eps0.5,budget_absorption,0.5,8,1,,2,4,0.0,118.58585332679496,2.3717170665358993,0.6987099748732266,0.5089589729277142,7.945632151828077,17915
energy,power_kw_eps0.5,budget_absorption,0.5,8,1,4.0,2,4,0.0,237.35888461491518,4.747177692298304,0.5546667974562832,0.5151548981300587,7.945632151828077,17915
energy,power_kw_eps0.5,budget_absorption,0.5,8,1,8.0,2,4,0.0,121.57170969076554,2.431434193815311,0.6565047386479755,0.5114708344962322,7.945632151828077,17915
energy,power_kw_eps0.5,budget_absorption,0.5,8,1,16.0,2,4,0.0,118.58585332679496,2.3717170665358993,0.6987099748732266,0.5089589729277142,7.945632151828077,17915
energy,power_kw_eps0.5,budget_absorption,0.5,8,2,,2,4,0.0,118.58585332679496,2.3717170665358993,0.6987099748732266,0.5089589729277142,7.945632151828077,17915
energy,power_kw_eps0.5,budget_absorption,0.5,8,2,4.0,2,4,0.0,237.35888461491518,4.747177692298304,0.5546667974562832,0.5151548981300587,7.945632151828077,17915
energy,power_kw_eps0.5,budget_absorption,0.5,8,2,8.0,2,4,0.0,121.57170969076554,2.431434193815311,0.6565047386479755,0.5114708344962322,7.945632151828077,17915
energy,power_kw_eps0.5,budget_absorption,0.5,8,2,16.0,2,4,0.0,118.58585332679496,2.3717170665358993,0.6987099748732266,0.5089589729277142,7.945632151828077,17915
energy,power_kw_eps0.5,budget_absorption,0.5,8,3,,2,4,0.0,118.58585332679496,2.3717170665358993,0.6987099748732266,0.5089589729277142,7.945632151828077,17915
energy,power_kw_eps0.5,budget_absorption,0.5,8,3,4.0,2,4,0.0,237.35888461491518,4.747177692298304,0.5546667974562832,0.5151548981300587,7.945632151828077,17915
energy,power_kw_eps0.5,budget_absorption,0.5,8,3,8.0,2,4,0.0,121.57170969076554,2.431434193815311,0.6565047386479755,0.5114708344962322,7.945632151828077,17915
energy,power_kw_eps0.5,budget_absorption,0.5,8,3,16.0,2,4,0.0,118.58585332679496,2.3717170665358993,0.6987099748732266,0.5089589729277142,7.945632151828077,17915
energy,power_kw_eps0.5,budget_absorption,0.5,8,4,,2,4,0.0,118.58585332679496,2.3717170665358993,0.6987099748732266,0.5089589729277142,7.945632151828077,17915
energy,power_kw_eps0.5,budget_absorption,0.5,8,4,4.0,2,4,0.0,237.35888461491518,4.747177692298304,0.5546667974562832,0.5151548981300587,7.945632151828077,17915
energy,power_kw_eps0.5,budget_absorption,0.5,8,4,8.0,2,4,0.0,121.57170969076554,2.431434193815311,0.6565047386479755,0.5114708344962322,7.945632151828077,17915
energy,power_kw_eps0.5,budget_absorption,0.5,8,4,16.0,2,4,0.0,118.58585332679496,2.3717170665358993,0.6987099748732266,0.5089589729277142,7.945632151828077,17915
energy,power_kw_eps0.5,budget_absorption,0.5,8,6,,2,4,0.0,118.58585332679496,2.3717170665358993,0.6987099748732266,0.5089589729277142,7.945632151828077,17915
energy,power_kw_eps0.5,budget_absorption,0.5,8,6,8.0,2,4,0.0,121.57170969076554,2.431434193815311,0.6565047386479755,0.5114708344962322,7.945632151828077,17915
energy,power_kw_eps0.5,budget_absorption,0.5,8,6,16.0,2,4,0.0,118.58585332679496,2.3717170665358993,0.6987099748732266,0.5089589729277142,7.945632151828077,17915
energy,power_kw_eps0.5,budget_absorption,0.5,8,1,,4,0,0.0,116.75811792780033,2.3351623585560066,0.5852566917607674,0.5056129821051462,8.02867622540847,8997
energy,power_kw_eps0.5,budget_absorption,0.5,8,1,4.0,4,0,0.0,234.28771630628802,4.68575432612576,0.5989843263788435,0.5066133155496276,8.02867622540847,8997
energy,power_kw_eps0.5,budget_absorption,0.5,8,1,8.0,4,0,0.0,120.25201961534374,2.4050403923068746,0.6069169315539941,0.5046126486606647,8.02867622540847,8997
energy,power_kw_eps0.5,budget_absorption,0.5,8,1,16.0,4,0,0.0,116.75811792780033,2.3351623585560066,0.5852566917607674,0.5056129821051462,8.02867622540847,8997
energy,power_kw_eps0.5,budget_absorption,0.5,8,2,,4,0,0.0,116.75811792780033,2.3351623585560066,0.5852566917607674,0.5056129821051462,8.02867622540847,8997
energy,power_kw_eps0.5,budget_absorption,0.5,8,2,4.0,4,0,0.0,234.28771630628802,4.68575432612576,0.5989843263788435,0.5066133155496276,8.02867622540847,8997
energy,power_kw_eps0.5,budget_absorption,0.5,8,2,8.0,4,0,0.0,120.25201961534374,2.4050403923068746,0.6069169315539941,0.5046126486606647,8.02867622540847,8997
energy,power_kw_eps0.5,budget_absorption,0.5,8,2,16.0,4,0,0.0,116.75811792780033,2.3351623585560066,0.5852566917607674,0.5056129821051462,8.02867622540847,8997
energy,power_kw_eps0.5,budget_absorption,0.5,8,3,,4,0,0.0,116.75811792780033,2.3351623585560066,0.5852566917607674,0.5056129821051462,8.02867622540847,8997
energy,power_kw_eps0.5,budget_absorption,0.5,8,3,4.0,4,0,0.0,234.28771630628802,4.68575432612576,0.5989843263788435,0.5066133155496276,8.02867622540847,8997
energy,power_kw_eps0.5,budget_absorption,0.5,8,3,8.0,4,0,0.0,120.25201961534374,2.4050403923068746,0.6069169315539941,0.5046126486606647,8.02867622540847,8997
energy,power_kw_eps0.5,budget_absorption,0.5,8,3,16.0,4,0,0.0,116.75811792780033,2.3351623585560066,0.5852566917607674,0.5056129821051462,8.02867622540847,8997
energy,power_kw_eps0.5,budget_absorption,0.5,8,4,,4,0,0.0,116.75811792780033,2.3351623585560066,0.5852566917607674,0.5056129821051462,8.02867622540847,8997
energy,power_kw_eps0.5,budget_absorption,0.5,8,4,4.0,4,0,0.0,234.28771630628802,4.68575432612576,0.5989843263788435,0.5066133155496276,8.02867622540847,8997
energy,power_kw_eps0.5,budget_absorption,0.5,8,4,8.0,4,0,0.0,120.25201961534374,2.4050403923068746,0.6069169315539941,0.5046126486606647,8.02867622540847,8997
energy,power_kw_eps0.5,budget_absorption,0.5,8,4,16.0,4,0,0.0,116.75811792780033,2.3351623585560066,0.5852566917607674,0.5056129821051462,8.02867622540847,8997
energy,power_kw_eps0.5,budget_absorption,0.5,8,6,,4,0,0.0,116.75811792780033,2.3351623585560066,0.5852566917607674,0.5056129821051462,8.02867622540847,8997
energy,power_kw_eps0.5,budget_absorption,0.5,8,6,8.0,4,0,0.0,120.25201961534374,2.4050403923068746,0.6069169315539941,0.5046126486606647,8.02867622540847,8997
energy,power_kw_eps0.5,budget_absorption,0.5,8,6,16.0,4,0,0.0,116.75811792780033,2.3351623585560066,0.5852566917607674,0.5056129821051462,8.02867622540847,8997
energy,power_kw_eps0.5,budget_absorption,0.5,8,1,,4,2,0.0,116.94147476444992,2.3388294952889983,0.5852566917607674,0.5074177356385945,8.05733407696598,8965
energy,power_kw_eps0.5,budget_absorption,0.5,8,1,4.0,4,2,0.0,234.5253675126576,4.690507350253152,0.5989843263788435,0.5084216397099832,8.05733407696598,8965
energy,power_kw_eps0.5,budget_absorption,0.5,8,1,8.0,4,2,0.0,120.35003196129789,2.4070006392259575,0.6069169315539941,0.5064138315672058,8.05733407696598,8965
energy,power_kw_eps0.5,budget_absorption,0.5,8,1,16.0,4,2,0.0,116.94147476444992,2.3388294952889983,0.5852566917607674,0.5074177356385945,8.05733407696598,8965
energy,power_kw_eps0.5,budget_absorption,0.5,8,2,,4,2,0.0,116.94147476444992,2.3388294952889983,0.5852566917607674,0.5074177356385945,8.05733407696598,8965
energy,power_kw_eps0.5,budget_absorption,0.5,8,2,4.0,4,2,0.0,234.5253675126576,4.690507350253152,0.5989843263788435,0.5084216397099832,8.05733407696598,8965
energy,power_kw_eps0.5,budget_absorption,0.5,8,2,8.0,4,2,0.0,120.35003196129789,2.4070006392259575,0.6069169315539941,0.5064138315672058,8.05733407696598,8965
energy,power_kw_eps0.5,budget_absorption,0.5,8,2,16.0,4,2,0.0,116.94147476444992,2.3388294952889983,0.5852566917607674,0.5074177356385945,8.05733407696598,8965
energy,power_kw_eps0.5,budget_absorption,0.5,8,3,,4,2,0.0,116.94147476444992,2.3388294952889983,0.5852566917607674,0.5074177356385945,8.05733407696598,8965
energy,power_kw_eps0.5,budget_absorption,0.5,8,3,4.0,4,2,0.0,234.5253675126576,4.690507350253152,0.5989843263788435,0.5084216397099832,8.05733407696598,8965
energy,power_kw_eps0.5,budget_absorption,0.5,8,3,8.0,4,2,0.0,120.35003196129789,2.4070006392259575,0.6069169315539941,0.5064138315672058,8.05733407696598,8965
energy,power_kw_eps0.5,budget_absorption,0.5,8,3,16.0,4,2,0.0,116.94147476444992,2.3388294952889983,0.5852566917607674,0.5074177356385945,8.05733407696598,8965
energy,power_kw_eps0.5,budget_absorption,0.5,8,4,,4,2,0.0,116.94147476444992,2.3388294952889983,0.5852566917607674,0.5074177356385945,8.05733407696598,8965
energy,power_kw_eps0.5,budget_absorption,0.5,8,4,4.0,4,2,0.0,234.5253675126576,4.690507350253152,0.5989843263788435,0.5084216397099832,8.05733407696598,8965
energy,power_kw_eps0.5,budget_absorption,0.5,8,4,8.0,4,2,0.0,120.35003196129789,2.4070006392259575,0.6069169315539941,0.5064138315672058,8.05733407696598,8965
energy,power_kw_eps0.5,budget_absorption,0.5,8,4,16.0,4,2,0.0,116.94147476444992,2.3388294952889983,0.5852566917607674,0.5074177356385945,8.05733407696598,8965
energy,power_kw_eps0.5,budget_absorption,0.5,8,6,,4,2,0.0,116.94147476444992,2.3388294952889983,0.5852566917607674,0.5074177356385945,8.05733407696598,8965
energy,power_kw_eps0.5,budget_absorption,0.5,8,6,8.0,4,2,0.0,120.35003196129789,2.4070006392259575,0.6069169315539941,0.5064138315672058,8.05733407696598,8965
energy,power_kw_eps0.5,budget_absorption,0.5,8,6,16.0,4,2,0.0,116.94147476444992,2.3388294952889983,0.5852566917607674,0.5074177356385945,8.05733407696598,8965
energy,power_kw_eps0.5,budget_absorption,0.5,8,1,,4,4,0.0,116.98522967057306,2.339704593411461,0.5852566917607674,0.5077008928571428,8.061830357142858,8960
energy,power_kw_eps0.5,budget_absorption,0.5,8,1,4.0,4,4,0.0,234.59428795857082,4.6918857591714165,0.5989843263788435,0.5087053571428571,8.061830357142858,8960
energy,power_kw_eps0.5,budget_absorption,0.5,8,1,8.0,4,4,0.0,120.34918315512785,2.4069836631025567,0.6069169315539941,0.5066964285714286,8.061830357142858,8960
energy,power_kw_eps0.5,budget_absorption,0.5,8,1,16.0,4,4,0.0,116.98522967057306,2.339704593411461,0.5852566917607674,0.5077008928571428,8.061830357142858,8960
energy,power_kw_eps0.5,budget_absorption,0.5,8,2,,4,4,0.0,116.98522967057306,2.339704593411461,0.5852566917607674,0.5077008928571428,8.061830357142858,8960
energy,power_kw_eps0.5,budget_absorption,0.5,8,2,4.0,4,4,0.0,234.59428795857082,4.6918857591714165,0.5989843263788435,0.5087053571428571,8.061830357142858,8960
energy,power_kw_eps0.5,budget_absorption,0.5,8,2,8.0,4,4,0.0,120.34918315512785,2.4069836631025567,0.6069169315539941,0.5066964285714286,8.061830357142858,8960
energy,power_kw_eps0.5,budget_absorption,0.5,8,2,16.0,4,4,0.0,116.98522967057306,2.339704593411461,0.5852566917607674,0.5077008928571428,8.061830357142858,8960
energy,power_kw_eps0.5,budget_absorption,0.5,8,3,,4,4,0.0,116.98522967057306,2.339704593411461,0.5852566917607674,0.5077008928571428,8.061830357142858,8960
energy,power_kw_eps0.5,budget_absorption,0.5,8,3,4.0,4,4,0.0,234.59428795857082,4.6918857591714165,0.5989843263788435,0.5087053571428571,8.061830357142858,8960
energy,power_kw_eps0.5,budget_absorption,0.5,8,3,8.0,4,4,0.0,120.34918315512785,2.4069836631025567,0.6069169315539941,0.5066964285714286,8.061830357142858,8960
energy,power_kw_eps0.5,budget_absorption,0.5,8,3,16.0,4,4,0.0,116.98522967057306,2.339704593411461,0.5852566917607674,0.5077008928571428,8.061830357142858,8960
energy,power_kw_eps0.5,budget_absorption,0.5,8,4,,4,4,0.0,116.98522967057306,2.339704593411461,0.5852566917607674,0.5077008928571428,8.061830357142858,8960
energy,power_kw_eps0.5,budget_absorption,0.5,8,4,4.0,4,4,0.0,234.59428795857082,4.6918857591714165,0.5989843263788435,0.5087053571428571,8.061830357142858,8960
energy,power_kw_eps0.5,budget_absorption,0.5,8,4,8.0,4,4,0.0,120.34918315512785,2.4069836631025567,0.6069169315539941,0.5066964285714286,8.061830357142858,8960
energy,power_kw_eps0.5,budget_absorption,0.5,8,4,16.0,4,4,0.0,116.98522967057306,2.339704593411461,0.5852566917607674,0.5077008928571428,8.061830357142858,8960
energy,power_kw_eps0.5,budget_absorption,0.5,8,6,,4,4,0.0,116.98522967057306,2.339704593411461,0.5852566917607674,0.5077008928571428,8.061830357142858,8960
energy,power_kw_eps0.5,budget_absorption,0.5,8,6,8.0,4,4,0.0,120.34918315512785,2.4069836631025567,0.6069169315539941,0.5066964285714286,8.061830357142858,8960
energy,power_kw_eps0.5,budget_absorption,0.5,8,6,16.0,4,4,0.0,116.98522967057306,2.339704593411461,0.5852566917607674,0.5077008928571428,8.061830357142858,8960
energy,power_kw_eps0.5,p_gated_uniform,0.5,8,1,,1,0,0.0,100.9820016628366,2.019640033256732,0.9582051232341932,0.9944977073780742,7.827900514103098,35985
energy,power_kw_eps0.5,p_gated_uniform,0.5,8,1,4.0,1,0,0.0,197.26396111032116,3.9452792222064232,0.7264396650442033,0.9944977073780742,7.827900514103098,35985
energy,power_kw_eps0.5,p_gated_uniform,0.5,8,1,8.0,1,0,0.0,102.58761984358794,2.051752396871759,0.965285069339673,0.9944977073780742,7.827900514103098,35985
energy,power_kw_eps0.5,p_gated_uniform,0.5,8,1,16.0,1,0,0.0,100.9820016628366,2.019640033256732,0.9582051232341932,0.9944977073780742,7.827900514103098,35985
energy,power_kw_eps0.5,p_gated_uniform,0.5,8,2,,1,0,0.0,100.9820016628366,2.019640033256732,0.9582051232341932,0.9944977073780742,7.827900514103098,35985
energy,power_kw_eps0.5,p_gated_uniform,0.5,8,2,4.0,1,0,0.0,197.26396111032116,3.9452792222064232,0.7264396650442033,0.9944977073780742,7.827900514103098,35985
energy,power_kw_eps0.5,p_gated_uniform,0.5,8,2,8.0,1,0,0.0,102.58761984358794,2.051752396871759,0.965285069339673,0.9944977073780742,7.827900514103098,35985
energy,power_kw_eps0.5,p_gated_uniform,0.5,8,2,16.0,1,0,0.0,100.9820016628366,2.019640033256732,0.9582051232341932,0.9944977073780742,7.827900514103098,35985
energy,power_kw_eps0.5,p_gated_uniform,0.5,8,3,,1,0,0.0,100.9820016628366,2.019640033256732,0.9582051232341932,0.9944977073780742,7.827900514103098,35985
energy,power_kw_eps0.5,p_gated_uniform,0.5,8,3,4.0,1,0,0.0,197.26396111032116,3.9452792222064232,0.7264396650442033,0.9944977073780742,7.827900514103098,35985
energy,power_kw_eps0.5,p_gated_uniform,0.5,8,3,8.0,1,0,0.0,102.58761984358794,2.051752396871759,0.965285069339673,0.9944977073780742,7.827900514103098,35985
energy,power_kw_eps0.5,p_gated_uniform,0.5,8,3,16.0,1,0,0.0,100.9820016628366,2.019640033256732,0.9582051232341932,0.9944977073780742,7.827900514103098,35985
energy,power_kw_eps0.5,p_gated_uniform,0.5,8,4,,1,0,0.0,100.9820016628366,2.019640033256732,0.9582051232341932,0.9944977073780742,7.827900514103098,35985
energy,power_kw_eps0.5,p_gated_uniform,0.5,8,4,4.0,1,0,0.0,197.26396111032116,3.9452792222064232,0.7264396650442033,0.9944977073780742,7.827900514103098,35985
energy,power_kw_eps0.5,p_gated_uniform,0.5,8,4,8.0,1,0,0.0,102.58761984358794,2.051752396871759,0.965285069339673,0.9944977073780742,7.827900514103098,35985
energy,power_kw_eps0.5,p_gated_uniform,0.5,8,4,16.0,1,0,0.0,100.9820016628366,2.019640033256732,0.9582051232341932,0.9944977073780742,7.827900514103098,35985
energy,power_kw_eps0.5,p_gated_uniform,0.5,8,6,,1,0,0.0,100.9820016628366,2.019640033256732,0.9582051232341932,0.9944977073780742,7.827900514103098,35985
energy,power_kw_eps0.5,p_gated_uniform,0.5,8,6,8.0,1,0,0.0,102.58761984358794,2.051752396871759,0.965285069339673,0.9944977073780742,7.827900514103098,35985
energy,power_kw_eps0.5,p_gated_uniform,0.5,8,6,16.0,1,0,0.0,100.9820016628366,2.019640033256732,0.9582051232341932,0.9944977073780742,7.827900514103098,35985
energy,power_kw_eps0.5,p_gated_uniform,0.5,8,1,,1,2,0.0,101.04519348921998,2.0209038697843997,0.9582051232341932,0.9982705235850372,7.857597143574437,35849
energy,power_kw_eps0.5,p_gated_uniform,0.5,8,1,4.0,1,2,0.0,197.4393496140933,3.9487869922818657,0.7264396650442033,0.9982705235850372,7.857597143574437,35849
energy,power_kw_eps0.5,p_gated_uniform,0.5,8,1,8.0,1,2,0.0,102.65525245626465,2.053105049125293,0.965285069339673,0.9982705235850372,7.857597143574437,35849
energy,power_kw_eps0.5,p_gated_uniform,0.5,8,1,16.0,1,2,0.0,101.04519348921998,2.0209038697843997,0.9582051232341932,0.9982705235850372,7.857597143574437,35849
energy,power_kw_eps0.5,p_gated_uniform,0.5,8,2,,1,2,0.0,101.04519348921998,2.0209038697843997,0.9582051232341932,0.9982705235850372,7.857597143574437,35849
energy,power_kw_eps0.5,p_gated_uniform,0.5,8,2,4.0,1,2,0.0,197.4393496140933,3.9487869922818657,0.7264396650442033,0.9982705235850372,7.857597143574437,35849
energy,power_kw_eps0.5,p_gated_uniform,0.5,8,2,8.0,1,2,0.0,102.65525245626465,2.053105049125293,0.965285069339673,0.9982705235850372,7.857597143574437,35849
energy,power_kw_eps0.5,p_gated_uniform,0.5,8,2,16.0,1,2,0.0,101.04519348921998,2.0209038697843997,0.9582051232341932,0.9982705235850372,7.857597143574437,35849
energy,power_kw_eps0.5,p_gated_uniform,0.5,8,3,,1,2,0.0,101.04519348921998,2.0209038697843997,0.9582051232341932,0.9982705235850372,7.857597143574437,35849
energy,power_kw_eps0.5,p_gated_uniform,0.5,8,3,4.0,1,2,0.0,197.4393496140933,3.9487869922818657,0.7264396650442033,0.9982705235850372,7.857597143574437,35849
energy,power_kw_eps0.5,p_gated_uniform,0.5,8,3,8.0,1,2,0.0,102.65525245626465,2.053105049125293,0.965285069339673,0.9982705235850372,7.857597143574437,35849
energy,power_kw_eps0.5,p_gated_uniform,0.5,8,3,16.0,1,2,0.0,101.04519348921998,2.0209038697843997,0.9582051232341932,0.9982705235850372,7.857597143574437,35849
energy,power_kw_eps0.5,p_gated_uniform,0.5,8,4,,1,2,0.0,101.04519348921998,2.0209038697843997,0.9582051232341932,0.9982705235850372,7.857597143574437,35849
energy,power_kw_eps0.5,p_gated_uniform,0.5,8,4,4.0,1,2,0.0,197.4393496140933,3.9487869922818657,0.7264396650442033,0.9982705235850372,7.857597143574437,35849
energy,power_kw_eps0.5,p_gated_uniform,0.5,8,4,8.0,1,2,0.0,102.65525245626465,2.053105049125293,0.965285069339673,0.9982705235850372,7.857597143574437,35849
energy,power_kw_eps0.5,p_gated_uniform,0.5,8,4,16.0,1,2,0.0,101.04519348921998,2.0209038697843997,0.9582051232341932,0.9982705235850372,7.857597143574437,35849
energy,power_kw_eps0.5,p_gated_uniform,0.5,8,6,,1,2,0.0,101.04519348921998,2.0209038697843997,0.9582051232341932,0.9982705235850372,7.857597143574437,35849
energy,power_kw_eps0.5,p_gated_uniform,0.5,8,6,8.0,1,2,0.0,102.65525245626465,2.053105049125293,0.965285069339673,0.9982705235850372,7.857597143574437,35849
energy,power_kw_eps0.5,p_gated_uniform,0.5,8,6,16.0,1,2,0.0,101.04519348921998,2.0209038697843997,0.9582051232341932,0.9982705235850372,7.857597143574437,35849
energy,power_kw_eps0.5,p_gated_uniform,0.5,8,1,,1,4,0.0,101.05490099363169,2.0210980198726336,0.9582051232341932,0.9989950590402814,7.86330011445161,35823
energy,power_kw_eps0.5,p_gated_uniform,0.5,8,1,4.0,1,4,0.0,197.469834233506,3.94939668467012,0.7264396650442033,0.9989950590402814,7.86330011445161,35823
energy,power_kw_eps0.5,p_gated_uniform,0.5,8,1,8.0,1,4,0.0,102.66612852649003,2.0533225705298004,0.965285069339673,0.9989950590402814,7.86330011445161,35823
energy,power_kw_eps0.5,p_gated_uniform,0.5,8,1,16.0,1,4,0.0,101.05490099363169,2.0210980198726336,0.9582051232341932,0.9989950590402814,7.86330011445161,35823
energy,power_kw_eps0.5,p_gated_uniform,0.5,8,2,,1,4,0.0,101.05490099363169,2.0210980198726336,0.9582051232341932,0.9989950590402814,7.86330011445161,35823
energy,power_kw_eps0.5,p_gated_uniform,0.5,8,2,4.0,1,4,0.0,197.469834233506,3.94939668467012,0.7264396650442033,0.9989950590402814,7.86330011445161,35823
energy,power_kw_eps0.5,p_gated_uniform,0.5,8,2,8.0,1,4,0.0,102.66612852649003,2.0533225705298004,0.965285069339673,0.9989950590402814,7.86330011445161,35823
energy,power_kw_eps0.5,p_gated_uniform,0.5,8,2,16.0,1,4,0.0,101.05490099363169,2.0210980198726336,0.9582051232341932,0.9989950590402814,7.86330011445161,35823
energy,power_kw_eps0.5,p_gated_uniform,0.5,8,3,,1,4,0.0,101.05490099363169,2.0210980198726336,0.9582051232341932,0.9989950590402814,7.86330011445161,35823
energy,power_kw_eps0.5,p_gated_uniform,0.5,8,3,4.0,1,4,0.0,197.469834233506,3.94939668467012,0.7264396650442033,0.9989950590402814,7.86330011445161,35823
energy,power_kw_eps0.5,p_gated_uniform,0.5,8,3,8.0,1,4,0.0,102.66612852649003,2.0533225705298004,0.965285069339673,0.9989950590402814,7.86330011445161,35823
energy,power_kw_eps0.5,p_gated_uniform,0.5,8,3,16.0,1,4,0.0,101.05490099363169,2.0210980198726336,0.9582051232341932,0.9989950590402814,7.86330011445161,35823
energy,power_kw_eps0.5,p_gated_uniform,0.5,8,4,,1,4,0.0,101.05490099363169,2.0210980198726336,0.9582051232341932,0.9989950590402814,7.86330011445161,35823
energy,power_kw_eps0.5,p_gated_uniform,0.5,8,4,4.0,1,4,0.0,197.469834233506,3.94939668467012,0.7264396650442033,0.9989950590402814,7.86330011445161,35823
energy,power_kw_eps0.5,p_gated_uniform,0.5,8,4,8.0,1,4,0.0,102.66612852649003,2.0533225705298004,0.965285069339673,0.9989950590402814,7.86330011445161,35823
energy,power_kw_eps0.5,p_gated_uniform,0.5,8,4,16.0,1,4,0.0,101.05490099363169,2.0210980198726336,0.9582051232341932,0.9989950590402814,7.86330011445161,35823
energy,power_kw_eps0.5,p_gated_uniform,0.5,8,6,,1,4,0.0,101.05490099363169,2.0210980198726336,0.9582051232341932,0.9989950590402814,7.86330011445161,35823
energy,power_kw_eps0.5,p_gated_uniform,0.5,8,6,8.0,1,4,0.0,102.66612852649003,2.0533225705298004,0.965285069339673,0.9989950590402814,7.86330011445161,35823
energy,power_kw_eps0.5,p_gated_uniform,0.5,8,6,16.0,1,4,0.0,101.05490099363169,2.0210980198726336,0.9582051232341932,0.9989950590402814,7.86330011445161,35823
energy,power_kw_eps0.5,p_gated_uniform,0.5,8,1,,2,0,0.0,100.37601258658165,2.007520251731633,0.734653592406187,0.9947757461234925,7.911187684099372,17993
energy,power_kw_eps0.5,p_gated_uniform,0.5,8,1,4.0,2,0,0.0,197.8127113247377,3.956254226494754,0.7288955476145222,0.9947757461234925,7.911187684099372,17993
energy,power_kw_eps0.5,p_gated_uniform,0.5,8,1,8.0,2,0,0.0,102.25295465329589,2.045059093065918,0.7509816907388666,0.9947757461234925,7.911187684099372,17993
energy,power_kw_eps0.5,p_gated_uniform,0.5,8,1,16.0,2,0,0.0,100.37601258658165,2.007520251731633,0.734653592406187,0.9947757461234925,7.911187684099372,17993
energy,power_kw_eps0.5,p_gated_uniform,0.5,8,2,,2,0,0.0,100.37601258658165,2.007520251731633,0.734653592406187,0.9947757461234925,7.911187684099372,17993
energy,power_kw_eps0.5,p_gated_uniform,0.5,8,2,4.0,2,0,0.0,197.8127113247377,3.956254226494754,0.7288955476145222,0.9947757461234925,7.911187684099372,17993
energy,power_kw_eps0.5,p_gated_uniform,0.5,8,2,8.0,2,0,0.0,102.25295465329589,2.045059093065918,0.7509816907388666,0.9947757461234925,7.911187684099372,17993
energy,power_kw_eps0.5,p_gated_uniform,0.5,8,2,16.0,2,0,0.0,100.37601258658165,2.007520251731633,0.734653592406187,0.9947757461234925,7.911187684099372,17993
energy,power_kw_eps0.5,p_gated_uniform,0.5,8,3,,2,0,0.0,100.37601258658165,2.007520251731633,0.734653592406187,0.9947757461234925,7.911187684099372,17993
energy,power_kw_eps0.5,p_gated_uniform,0.5,8,3,4.0,2,0,0.0,197.8127113247377,3.956254226494754,0.7288955476145222,0.9947757461234925,7.911187684099372,17993
energy,power_kw_eps0.5,p_gated_uniform,0.5,8,3,8.0,2,0,0.0,102.25295465329589,2.045059093065918,0.7509816907388666,0.9947757461234925,7.911187684099372,17993
energy,power_kw_eps0.5,p_gated_uniform,0.5,8,3,16.0,2,0,0.0,100.37601258658165,2.007520251731633,0.734653592406187,0.9947757461234925,7.911187684099372,17993
energy,power_kw_eps0.5,p_gated_uniform,0.5,8,4,,2,0,0.0,100.37601258658165,2.007520251731633,0.734653592406187,0.9947757461234925,7.911187684099372,17993
energy,power_kw_eps0.5,p_gated_uniform,0.5,8,4,4.0,2,0,0.0,197.8127113247377,3.956254226494754,0.7288955476145222,0.9947757461234925,7.911187684099372,17993
energy,power_kw_eps0.5,p_gated_uniform,0.5,8,4,8.0,2,0,0.0,102.25295465329589,2.045059093065918,0.7509816907388666,0.9947757461234925,7.911187684099372,17993
energy,power_kw_eps0.5,p_gated_uniform,0.5,8,4,16.0,2,0,0.0,100.37601258658165,2.007520251731633,0.734653592406187,0.9947757461234925,7.911187684099372,17993
energy,power_kw_eps0.5,p_gated_uniform,0.5,8,6,,2,0,0.0,100.37601258658165,2.007520251731633,0.734653592406187,0.9947757461234925,7.911187684099372,17993
energy,power_kw_eps0.5,p_gated_uniform,0.5,8,6,8.0,2,0,0.0,102.25295465329589,2.045059093065918,0.7509816907388666,0.9947757461234925,7.911187684099372,17993
energy,power_kw_eps0.5,p_gated_uniform,0.5,8,6,16.0,2,0,0.0,100.37601258658165,2.007520251731633,0.734653592406187,0.9947757461234925,7.911187684099372,17993
energy,power_kw_eps0.5,p_gated_uniform,0.5,8,1,,2,2,0.0,100.32434554158934,2.0064869108317867,0.734653592406187,0.998493807876827,7.940756443155194,17926
energy,power_kw_eps0.5,p_gated_uniform,0.5,8,1,4.0,2,2,0.0,197.7390060558771,3.954780121117542,0.7288955476145222,0.998493807876827,7.940756443155194,17926
energy,power_kw_eps0.5,p_gated_uniform,0.5,8,1,8.0,2,2,0.0,102.20640272535182,2.0441280545070364,0.7509816907388666,0.998493807876827,7.940756443155194,17926
energy,power_kw_eps0.5,p_gated_uniform,0.5,8,1,16.0,2,2,0.0,100.32434554158934,2.0064869108317867,0.734653592406187,0.998493807876827,7.940756443155194,17926
energy,power_kw_eps0.5,p_gated_uniform,0.5,8,2,,2,2,0.0,100.32434554158934,2.0064869108317867,0.734653592406187,0.998493807876827,7.940756443155194,17926
energy,power_kw_eps0.5,p_gated_uniform,0.5,8,2,4.0,2,2,0.0,197.7390060558771,3.954780121117542,0.7288955476145222,0.998493807876827,7.940756443155194,17926
energy,power_kw_eps0.5,p_gated_uniform,0.5,8,2,8.0,2,2,0.0,102.20640272535182,2.0441280545070364,0.7509816907388666,0.998493807876827,7.940756443155194,17926
energy,power_kw_eps0.5,p_gated_uniform,0.5,8,2,16.0,2,2,0.0,100.32434554158934,2.0064869108317867,0.734653592406187,0.998493807876827,7.940756443155194,17926
energy,power_kw_eps0.5,p_gated_uniform,0.5,8,3,,2,2,0.0,100.32434554158934,2.0064869108317867,0.734653592406187,0.998493807876827,7.940756443155194,17926
energy,power_kw_eps0.5,p_gated_uniform,0.5,8,3,4.0,2,2,0.0,197.7390060558771,3.954780121117542,0.7288955476145222,0.998493807876827,7.940756443155194,17926
energy,power_kw_eps0.5,p_gated_uniform,0.5,8,3,8.0,2,2,0.0,102.20640272535182,2.0441280545070364,0.7509816907388666,0.998493807876827,7.940756443155194,17926
energy,power_kw_eps0.5,p_gated_uniform,0.5,8,3,16.0,2,2,0.0,100.32434554158934,2.0064869108317867,0.734653592406187,0.998493807876827,7.940756443155194,17926
energy,power_kw_eps0.5,p_gated_uniform,0.5,8,4,,2,2,0.0,100.32434554158934,2.0064869108317867,0.734653592406187,0.998493807876827,7.940756443155194,17926
energy,power_kw_eps0.5,p_gated_uniform,0.5,8,4,4.0,2,2,0.0,197.7390060558771,3.954780121117542,0.7288955476145222,0.998493807876827,7.940756443155194,17926
energy,power_kw_eps0.5,p_gated_uniform,0.5,8,4,8.0,2,2,0.0,102.20640272535182,2.0441280545070364,0.7509816907388666,0.998493807876827,7.940756443155194,17926
energy,power_kw_eps0.5,p_gated_uniform,0.5,8,4,16.0,2,2,0.0,100.32434554158934,2.0064869108317867,0.734653592406187,0.998493807876827,7.940756443155194,17926
energy,power_kw_eps0.5,p_gated_uniform,0.5,8,6,,2,2,0.0,100.32434554158934,2.0064869108317867,0.734653592406187,0.998493807876827,7.940756443155194,17926
energy,power_kw_eps0.5,p_gated_uniform,0.5,8,6,8.0,2,2,0.0,102.20640272535182,2.0441280545070364,0.7509816907388666,0.998493807876827,7.940756443155194,17926
energy,power_kw_eps0.5,p_gated_uniform,0.5,8,6,16.0,2,2,0.0,100.32434554158934,2.0064869108317867,0.734653592406187,0.998493807876827,7.940756443155194,17926
energy,power_kw_eps0.5,p_gated_uniform,0.5,8,1,,2,4,0.0,100.30540989480228,2.0061081978960456,0.734653592406187,0.999106893664527,7.945632151828077,17915
energy,power_kw_eps0.5,p_gated_uniform,0.5,8,1,4.0,2,4,0.0,197.7090046699962,3.9541800933999243,0.7288955476145222,0.999106893664527,7.945632151828077,17915
energy,power_kw_eps0.5,p_gated_uniform,0.5,8,1,8.0,2,4,0.0,102.18862268163602,2.0437724536327204,0.7509816907388666,0.999106893664527,7.945632151828077,17915
energy,power_kw_eps0.5,p_gated_uniform,0.5,8,1,16.0,2,4,0.0,100.30540989480228,2.0061081978960456,0.734653592406187,0.999106893664527,7.945632151828077,17915
energy,power_kw_eps0.5,p_gated_uniform,0.5,8,2,,2,4,0.0,100.30540989480228,2.0061081978960456,0.734653592406187,0.999106893664527,7.945632151828077,17915
energy,power_kw_eps0.5,p_gated_uniform,0.5,8,2,4.0,2,4,0.0,197.7090046699962,3.9541800933999243,0.7288955476145222,0.999106893664527,7.945632151828077,17915
energy,power_kw_eps0.5,p_gated_uniform,0.5,8,2,8.0,2,4,0.0,102.18862268163602,2.0437724536327204,0.7509816907388666,0.999106893664527,7.945632151828077,17915
energy,power_kw_eps0.5,p_gated_uniform,0.5,8,2,16.0,2,4,0.0,100.30540989480228,2.0061081978960456,0.734653592406187,0.999106893664527,7.945632151828077,17915
energy,power_kw_eps0.5,p_gated_uniform,0.5,8,3,,2,4,0.0,100.30540989480228,2.0061081978960456,0.734653592406187,0.999106893664527,7.945632151828077,17915
energy,power_kw_eps0.5,p_gated_uniform,0.5,8,3,4.0,2,4,0.0,197.7090046699962,3.9541800933999243,0.7288955476145222,0.999106893664527,7.945632151828077,17915
energy,power_kw_eps0.5,p_gated_uniform,0.5,8,3,8.0,2,4,0.0,102.18862268163602,2.0437724536327204,0.7509816907388666,0.999106893664527,7.945632151828077,17915
energy,power_kw_eps0.5,p_gated_uniform,0.5,8,3,16.0,2,4,0.0,100.30540989480228,2.0061081978960456,0.734653592406187,0.999106893664527,7.945632151828077,17915
energy,power_kw_eps0.5,p_gated_uniform,0.5,8,4,,2,4,0.0,100.30540989480228,2.0061081978960456,0.734653592406187,0.999106893664527,7.945632151828077,17915
energy,power_kw_eps0.5,p_gated_uniform,0.5,8,4,4.0,2,4,0.0,197.7090046699962,3.9541800933999243,0.7288955476145222,0.999106893664527,7.945632151828077,17915
energy,power_kw_eps0.5,p_gated_uniform,0.5,8,4,8.0,2,4,0.0,102.18862268163602,2.0437724536327204,0.7509816907388666,0.999106893664527,7.945632151828077,17915
energy,power_kw_eps0.5,p_gated_uniform,0.5,8,4,16.0,2,4,0.0,100.30540989480228,2.0061081978960456,0.734653592406187,0.999106893664527,7.945632151828077,17915
energy,power_kw_eps0.5,p_gated_uniform,0.5,8,6,,2,4,0.0,100.30540989480228,2.0061081978960456,0.734653592406187,0.999106893664527,7.945632151828077,17915
energy,power_kw_eps0.5,p_gated_uniform,0.5,8,6,8.0,2,4,0.0,102.18862268163602,2.0437724536327204,0.7509816907388666,0.999106893664527,7.945632151828077,17915
energy,power_kw_eps0.5,p_gated_uniform,0.5,8,6,16.0,2,4,0.0,100.30540989480228,2.0061081978960456,0.734653592406187,0.999106893664527,7.945632151828077,17915
energy,power_kw_eps0.5,p_gated_uniform,0.5,8,1,,4,0,0.0,98.73566654334431,1.9747133308668863,0.825712091602311,0.9952206290985884,8.02867622540847,8997
energy,power_kw_eps0.5,p_gated_uniform,0.5,8,1,4.0,4,0,0.0,197.4302502625794,3.9486050052515878,0.8331734246250823,0.9952206290985884,8.02867622540847,8997
energy,power_kw_eps0.5,p_gated_uniform,0.5,8,1,8.0,4,0,0.0,101.24980235056228,2.0249960470112454,0.8445207697089996,0.9952206290985884,8.02867622540847,8997
energy,power_kw_eps0.5,p_gated_uniform,0.5,8,1,16.0,4,0,0.0,98.73566654334431,1.9747133308668863,0.825712091602311,0.9952206290985884,8.02867622540847,8997
energy,power_kw_eps0.5,p_gated_uniform,0.5,8,2,,4,0,0.0,98.73566654334431,1.9747133308668863,0.825712091602311,0.9952206290985884,8.02867622540847,8997
energy,power_kw_eps0.5,p_gated_uniform,0.5,8,2,4.0,4,0,0.0,197.4302502625794,3.9486050052515878,0.8331734246250823,0.9952206290985884,8.02867622540847,8997
energy,power_kw_eps0.5,p_gated_uniform,0.5,8,2,8.0,4,0,0.0,101.24980235056228,2.0249960470112454,0.8445207697089996,0.9952206290985884,8.02867622540847,8997
energy,power_kw_eps0.5,p_gated_uniform,0.5,8,2,16.0,4,0,0.0,98.73566654334431,1.9747133308668863,0.825712091602311,0.9952206290985884,8.02867622540847,8997
energy,power_kw_eps0.5,p_gated_uniform,0.5,8,3,,4,0,0.0,98.73566654334431,1.9747133308668863,0.825712091602311,0.9952206290985884,8.02867622540847,8997
energy,power_kw_eps0.5,p_gated_uniform,0.5,8,3,4.0,4,0,0.0,197.4302502625794,3.9486050052515878,0.8331734246250823,0.9952206290985884,8.02867622540847,8997
energy,power_kw_eps0.5,p_gated_uniform,0.5,8,3,8.0,4,0,0.0,101.24980235056228,2.0249960470112454,0.8445207697089996,0.9952206290985884,8.02867622540847,8997
energy,power_kw_eps0.5,p_gated_uniform,0.5,8,3,16.0,4,0,0.0,98.73566654334431,1.9747133308668863,0.825712091602311,0.9952206290985884,8.02867622540847,8997
energy,power_kw_eps0.5,p_gated_uniform,0.5,8,4,,4,0,0.0,98.73566654334431,1.9747133308668863,0.825712091602311,0.9952206290985884,8.02867622540847,8997
energy,power_kw_eps0.5,p_gated_uniform,0.5,8,4,4.0,4,0,0.0,197.4302502625794,3.9486050052515878,0.8331734246250823,0.9952206290985884,8.02867622540847,8997
energy,power_kw_eps0.5,p_gated_uniform,0.5,8,4,8.0,4,0,0.0,101.24980235056228,2.0249960470112454,0.8445207697089996,0.9952206290985884,8.02867622540847,8997
energy,power_kw_eps0.5,p_gated_uniform,0.5,8,4,16.0,4,0,0.0,98.73566654334431,1.9747133308668863,0.825712091602311,0.9952206290985884,8.02867622540847,8997
energy,power_kw_eps0.5,p_gated_uniform,0.5,8,6,,4,0,0.0,98.73566654334431,1.9747133308668863,0.825712091602311,0.9952206290985884,8.02867622540847,8997
energy,power_kw_eps0.5,p_gated_uniform,0.5,8,6,8.0,4,0,0.0,101.24980235056228,2.0249960470112454,0.8445207697089996,0.9952206290985884,8.02867622540847,8997
energy,power_kw_eps0.5,p_gated_uniform,0.5,8,6,16.0,4,0,0.0,98.73566654334431,1.9747133308668863,0.825712091602311,0.9952206290985884,8.02867622540847,8997
energy,power_kw_eps0.5,p_gated_uniform,0.5,8,1,,4,2,0.0,98.67292295952882,1.9734584591905764,0.825712091602311,0.9987730061349693,8.05733407696598,8965
energy,power_kw_eps0.5,p_gated_uniform,0.5,8,1,4.0,4,2,0.0,197.32942714815445,3.946588542963089,0.8331734246250823,0.9987730061349693,8.05733407696598,8965
energy,power_kw_eps0.5,p_gated_uniform,0.5,8,1,8.0,4,2,0.0,101.18808127274579,2.023761625454916,0.8445207697089996,0.9987730061349693,8.05733407696598,8965
energy,power_kw_eps0.5,p_gated_uniform,0.5,8,1,16.0,4,2,0.0,98.67292295952882,1.9734584591905764,0.825712091602311,0.9987730061349693,8.05733407696598,8965
energy,power_kw_eps0.5,p_gated_uniform,0.5,8,2,,4,2,0.0,98.67292295952882,1.9734584591905764,0.825712091602311,0.9987730061349693,8.05733407696598,8965
energy,power_kw_eps0.5,p_gated_uniform,0.5,8,2,4.0,4,2,0.0,197.32942714815445,3.946588542963089,0.8331734246250823,0.9987730061349693,8.05733407696598,8965
energy,power_kw_eps0.5,p_gated_uniform,0.5,8,2,8.0,4,2,0.0,101.18808127274579,2.023761625454916,0.8445207697089996,0.9987730061349693,8.05733407696598,8965
energy,power_kw_eps0.5,p_gated_uniform,0.5,8,2,16.0,4,2,0.0,98.67292295952882,1.9734584591905764,0.825712091602311,0.9987730061349693,8.05733407696598,8965
energy,power_kw_eps0.5,p_gated_uniform,0.5,8,3,,4,2,0.0,98.67292295952882,1.9734584591905764,0.825712091602311,0.9987730061349693,8.05733407696598,8965
energy,power_kw_eps0.5,p_gated_uniform,0.5,8,3,4.0,4,2,0.0,197.32942714815445,3.946588542963089,0.8331734246250823,0.9987730061349693,8.05733407696598,8965
energy,power_kw_eps0.5,p_gated_uniform,0.5,8,3,8.0,4,2,0.0,101.18808127274579,2.023761625454916,0.8445207697089996,0.9987730061349693,8.05733407696598,8965
energy,power_kw_eps0.5,p_gated_uniform,0.5,8,3,16.0,4,2,0.0,98.67292295952882,1.9734584591905764,0.825712091602311,0.9987730061349693,8.05733407696598,8965
energy,power_kw_eps0.5,p_gated_uniform,0.5,8,4,,4,2,0.0,98.67292295952882,1.9734584591905764,0.825712091602311,0.9987730061349693,8.05733407696598,8965
energy,power_kw_eps0.5,p_gated_uniform,0.5,8,4,4.0,4,2,0.0,197.32942714815445,3.946588542963089,0.8331734246250823,0.9987730061349693,8.05733407696598,8965
energy,power_kw_eps0.5,p_gated_uniform,0.5,8,4,8.0,4,2,0.0,101.18808127274579,2.023761625454916,0.8445207697089996,0.9987730061349693,8.05733407696598,8965
energy,power_kw_eps0.5,p_gated_uniform,0.5,8,4,16.0,4,2,0.0,98.67292295952882,1.9734584591905764,0.825712091602311,0.9987730061349693,8.05733407696598,8965
energy,power_kw_eps0.5,p_gated_uniform,0.5,8,6,,4,2,0.0,98.67292295952882,1.9734584591905764,0.825712091602311,0.9987730061349693,8.05733407696598,8965
energy,power_kw_eps0.5,p_gated_uniform,0.5,8,6,8.0,4,2,0.0,101.18808127274579,2.023761625454916,0.8445207697089996,0.9987730061349693,8.05733407696598,8965
energy,power_kw_eps0.5,p_gated_uniform,0.5,8,6,16.0,4,2,0.0,98.67292295952882,1.9734584591905764,0.825712091602311,0.9987730061349693,8.05733407696598,8965
energy,power_kw_eps0.5,p_gated_uniform,0.5,8,1,,4,4,0.0,98.65727491320594,1.9731454982641188,0.825712091602311,0.9993303571428571,8.061830357142858,8960
energy,power_kw_eps0.5,p_gated_uniform,0.5,8,1,4.0,4,4,0.0,197.3012603857762,3.946025207715524,0.8331734246250823,0.9993303571428571,8.061830357142858,8960
energy,power_kw_eps0.5,p_gated_uniform,0.5,8,1,8.0,4,4,0.0,101.17383677458876,2.023476735491775,0.8445207697089996,0.9993303571428571,8.061830357142858,8960
energy,power_kw_eps0.5,p_gated_uniform,0.5,8,1,16.0,4,4,0.0,98.65727491320594,1.9731454982641188,0.825712091602311,0.9993303571428571,8.061830357142858,8960
energy,power_kw_eps0.5,p_gated_uniform,0.5,8,2,,4,4,0.0,98.65727491320594,1.9731454982641188,0.825712091602311,0.9993303571428571,8.061830357142858,8960
energy,power_kw_eps0.5,p_gated_uniform,0.5,8,2,4.0,4,4,0.0,197.3012603857762,3.946025207715524,0.8331734246250823,0.9993303571428571,8.061830357142858,8960
energy,power_kw_eps0.5,p_gated_uniform,0.5,8,2,8.0,4,4,0.0,101.17383677458876,2.023476735491775,0.8445207697089996,0.9993303571428571,8.061830357142858,8960
energy,power_kw_eps0.5,p_gated_uniform,0.5,8,2,16.0,4,4,0.0,98.65727491320594,1.9731454982641188,0.825712091602311,0.9993303571428571,8.061830357142858,8960
energy,power_kw_eps0.5,p_gated_uniform,0.5,8,3,,4,4,0.0,98.65727491320594,1.9731454982641188,0.825712091602311,0.9993303571428571,8.061830357142858,8960
energy,power_kw_eps0.5,p_gated_uniform,0.5,8,3,4.0,4,4,0.0,197.3012603857762,3.946025207715524,0.8331734246250823,0.9993303571428571,8.061830357142858,8960
energy,power_kw_eps0.5,p_gated_uniform,0.5,8,3,8.0,4,4,0.0,101.17383677458876,2.023476735491775,0.8445207697089996,0.9993303571428571,8.061830357142858,8960
energy,power_kw_eps0.5,p_gated_uniform,0.5,8,3,16.0,4,4,0.0,98.65727491320594,1.9731454982641188,0.825712091602311,0.9993303571428571,8.061830357142858,8960
energy,power_kw_eps0.5,p_gated_uniform,0.5,8,4,,4,4,0.0,98.65727491320594,1.9731454982641188,0.825712091602311,0.9993303571428571,8.061830357142858,8960
energy,power_kw_eps0.5,p_gated_uniform,0.5,8,4,4.0,4,4,0.0,197.3012603857762,3.946025207715524,0.8331734246250823,0.9993303571428571,8.061830357142858,8960
energy,power_kw_eps0.5,p_gated_uniform,0.5,8,4,8.0,4,4,0.0,101.17383677458876,2.023476735491775,0.8445207697089996,0.9993303571428571,8.061830357142858,8960
energy,power_kw_eps0.5,p_gated_uniform,0.5,8,4,16.0,4,4,0.0,98.65727491320594,1.9731454982641188,0.825712091602311,0.9993303571428571,8.061830357142858,8960
energy,power_kw_eps0.5,p_gated_uniform,0.5,8,6,,4,4,0.0,98.65727491320594,1.9731454982641188,0.825712091602311,0.9993303571428571,8.061830357142858,8960
energy,power_kw_eps0.5,p_gated_uniform,0.5,8,6,8.0,4,4,0.0,101.17383677458876,2.023476735491775,0.8445207697089996,0.9993303571428571,8.061830357142858,8960
energy,power_kw_eps0.5,p_gated_uniform,0.5,8,6,16.0,4,4,0.0,98.65727491320594,1.9731454982641188,0.825712091602311,0.9993303571428571,8.061830357142858,8960
energy,power_kw_eps0.5,p_gated_sample,0.5,8,1,,1,0,0.0,12.570281612316341,0.25140563224632684,0.606402428532574,0.1243851604835348,7.827900514103098,35985
energy,power_kw_eps0.5,p_gated_sample,0.5,8,1,4.0,1,0,0.0,24.561548316924554,0.49123096633849106,0.6789207043120045,0.1243851604835348,7.827900514103098,35985
energy,power_kw_eps0.5,p_gated_sample,0.5,8,1,8.0,1,0,0.0,12.770638956915485,0.25541277913830973,0.6187553520646872,0.1243851604835348,7.827900514103098,35985
energy,power_kw_eps0.5,p_gated_sample,0.5,8,1,16.0,1,0,0.0,12.570281612316341,0.25140563224632684,0.606402428532574,0.1243851604835348,7.827900514103098,35985
energy,power_kw_eps0.5,p_gated_sample,0.5,8,2,,1,0,0.0,12.570281612316341,0.25140563224632684,0.606402428532574,0.1243851604835348,7.827900514103098,35985
energy,power_kw_eps0.5,p_gated_sample,0.5,8,2,4.0,1,0,0.0,24.561548316924554,0.49123096633849106,0.6789207043120045,0.1243851604835348,7.827900514103098,35985
energy,power_kw_eps0.5,p_gated_sample,0.5,8,2,8.0,1,0,0.0,12.770638956915485,0.25541277913830973,0.6187553520646872,0.1243851604835348,7.827900514103098,35985
energy,power_kw_eps0.5,p_gated_sample,0.5,8,2,16.0,1,0,0.0,12.570281612316341,0.25140563224632684,0.606402428532574,0.1243851604835348,7.827900514103098,35985
energy,power_kw_eps0.5,p_gated_sample,0.5,8,3,,1,0,0.0,12.570281612316341,0.25140563224632684,0.606402428532574,0.1243851604835348,7.827900514103098,35985
energy,power_kw_eps0.5,p_gated_sample,0.5,8,3,4.0,1,0,0.0,24.561548316924554,0.49123096633849106,0.6789207043120045,0.1243851604835348,7.827900514103098,35985
energy,power_kw_eps0.5,p_gated_sample,0.5,8,3,8.0,1,0,0.0,12.770638956915485,0.25541277913830973,0.6187553520646872,0.1243851604835348,7.827900514103098,35985
energy,power_kw_eps0.5,p_gated_sample,0.5,8,3,16.0,1,0,0.0,12.570281612316341,0.25140563224632684,0.606402428532574,0.1243851604835348,7.827900514103098,35985
energy,power_kw_eps0.5,p_gated_sample,0.5,8,4,,1,0,0.0,12.570281612316341,0.25140563224632684,0.606402428532574,0.1243851604835348,7.827900514103098,35985
energy,power_kw_eps0.5,p_gated_sample,0.5,8,4,4.0,1,0,0.0,24.561548316924554,0.49123096633849106,0.6789207043120045,0.1243851604835348,7.827900514103098,35985
energy,power_kw_eps0.5,p_gated_sample,0.5,8,4,8.0,1,0,0.0,12.770638956915485,0.25541277913830973,0.6187553520646872,0.1243851604835348,7.827900514103098,35985
energy,power_kw_eps0.5,p_gated_sample,0.5,8,4,16.0,1,0,0.0,12.570281612316341,0.25140563224632684,0.606402428532574,0.1243851604835348,7.827900514103098,35985
energy,power_kw_eps0.5,p_gated_sample,0.5,8,6,,1,0,0.0,12.570281612316341,0.25140563224632684,0.606402428532574,0.1243851604835348,7.827900514103098,35985
energy,power_kw_eps0.5,p_gated_sample,0.5,8,6,8.0,1,0,0.0,12.770638956915485,0.25541277913830973,0.6187553520646872,0.1243851604835348,7.827900514103098,35985
energy,power_kw_eps0.5,p_gated_sample,0.5,8,6,16.0,1,0,0.0,12.570281612316341,0.25140563224632684,0.606402428532574,0.1243851604835348,7.827900514103098,35985
energy,power_kw_eps0.5,p_gated_sample,0.5,8,1,,1,2,0.0,12.573178015109288,0.25146356030218575,0.6587032334669928,0.12480124968618371,7.857597143574437,35849
energy,power_kw_eps0.5,p_gated_sample,0.5,8,1,4.0,1,2,0.0,24.57553593161769,0.4915107186323538,0.6789134371125344,0.12480124968618371,7.857597143574437,35849
energy,power_kw_eps0.5,p_gated_sample,0.5,8,1,8.0,1,2,0.0,12.78179623554026,0.2556359247108052,0.6726307891565788,0.12480124968618371,7.857597143574437,35849
energy,power_kw_eps0.5,p_gated_sample,0.5,8,1,16.0,1,2,0.0,12.573178015109288,0.25146356030218575,0.6587032334669928,0.12480124968618371,7.857597143574437,35849
energy,power_kw_eps0.5,p_gated_sample,0.5,8,2,,1,2,0.0,12.573178015109288,0.25146356030218575,0.6587032334669928,0.12480124968618371,7.857597143574437,35849
energy,power_kw_eps0.5,p_gated_sample,0.5,8,2,4.0,1,2,0.0,24.57553593161769,0.4915107186323538,0.6789134371125344,0.12480124968618371,7.857597143574437,35849
energy,power_kw_eps0.5,p_gated_sample,0.5,8,2,8.0,1,2,0.0,12.78179623554026,0.2556359247108052,0.6726307891565788,0.12480124968618371,7.857597143574437,35849
energy,power_kw_eps0.5,p_gated_sample,0.5,8,2,16.0,1,2,0.0,12.573178015109288,0.25146356030218575,0.6587032334669928,0.12480124968618371,7.857597143574437,35849
energy,power_kw_eps0.5,p_gated_sample,0.5,8,3,,1,2,0.0,12.573178015109288,0.25146356030218575,0.6587032334669928,0.12480124968618371,7.857597143574437,35849
energy,power_kw_eps0.5,p_gated_sample,0.5,8,3,4.0,1,2,0.0,24.57553593161769,0.4915107186323538,0.6789134371125344,0.12480124968618371,7.857597143574437,35849
energy,power_kw_eps0.5,p_gated_sample,0.5,8,3,8.0,1,2,0.0,12.78179623554026,0.2556359247108052,0.6726307891565788,0.12480124968618371,7.857597143574437,35849
energy,power_kw_eps0.5,p_gated_sample,0.5,8,3,16.0,1,2,0.0,12.573178015109288,0.25146356030218575,0.6587032334669928,0.12480124968618371,7.857597143574437,35849
energy,power_kw_eps0.5,p_gated_sample,0.5,8,4,,1,2,0.0,12.573178015109288,0.25146356030218575,0.6587032334669928,0.12480124968618371,7.857597143574437,35849
energy,power_kw_eps0.5,p_gated_sample,0.5,8,4,4.0,1,2,0.0,24.57553593161769,0.4915107186323538,0.6789134371125344,0.12480124968618371,7.857597143574437,35849
energy,power_kw_eps0.5,p_gated_sample,0.5,8,4,8.0,1,2,0.0,12.78179623554026,0.2556359247108052,0.6726307891565788,0.12480124968618371,7.857597143574437,35849
energy,power_kw_eps0.5,p_gated_sample,0.5,8,4,16.0,1,2,0.0,12.573178015109288,0.25146356030218575,0.6587032334669928,0.12480124968618371,7.857597143574437,35849
energy,power_kw_eps0.5,p_gated_sample,0.5,8,6,,1,2,0.0,12.573178015109288,0.25146356030218575,0.6587032334669928,0.12480124968618371,7.857597143574437,35849
energy,power_kw_eps0.5,p_gated_sample,0.5,8,6,8.0,1,2,0.0,12.78179623554026,0.2556359247108052,0.6726307891565788,0.12480124968618371,7.857597143574437,35849
energy,power_kw_eps0.5,p_gated_sample,0.5,8,6,16.0,1,2,0.0,12.573178015109288,0.25146356030218575,0.6587032334669928,0.12480124968618371,7.857597143574437,35849
energy,power_kw_eps0.5,p_gated_sample,0.5,8,1,,1,4,0.0,12.549616674779191,0.2509923334955838,0.724521011827885,0.12491974429835581,7.86330011445161,35823
energy,power_kw_eps0.5,p_gated_sample,0.5,8,1,4.0,1,4,0.0,24.534311463807246,0.4906862292761449,0.6813523010169565,0.12491974429835581,7.86330011445161,35823
energy,power_kw_eps0.5,p_gated_sample,0.5,8,1,8.0,1,4,0.0,12.752862031844721,0.25505724063689444,0.7328237660966249,0.12491974429835581,7.86330011445161,35823
energy,power_kw_eps0.5,p_gated_sample,0.5,8,1,16.0,1,4,0.0,12.549616674779191,0.2509923334955838,0.724521011827885,0.12491974429835581,7.86330011445161,35823
energy,power_kw_eps0.5,p_gated_sample,0.5,8,2,,1,4,0.0,12.549616674779191,0.2509923334955838,0.724521011827885,0.12491974429835581,7.86330011445161,35823
energy,power_kw_eps0.5,p_gated_sample,0.5,8,2,4.0,1,4,0.0,24.534311463807246,0.4906862292761449,0.6813523010169565,0.12491974429835581,7.86330011445161,35823
energy,power_kw_eps0.5,p_gated_sample,0.5,8,2,8.0,1,4,0.0,12.752862031844721,0.25505724063689444,0.7328237660966249,0.12491974429835581,7.86330011445161,35823
energy,power_kw_eps0.5,p_gated_sample,0.5,8,2,16.0,1,4,0.0,12.549616674779191,0.2509923334955838,0.724521011827885,0.12491974429835581,7.86330011445161,35823
energy,power_kw_eps0.5,p_gated_sample,0.5,8,3,,1,4,0.0,12.549616674779191,0.2509923334955838,0.724521011827885,0.12491974429835581,7.86330011445161,35823
energy,power_kw_eps0.5,p_gated_sample,0.5,8,3,4.0,1,4,0.0,24.534311463807246,0.4906862292761449,0.6813523010169565,0.12491974429835581,7.86330011445161,35823
energy,power_kw_eps0.5,p_gated_sample,0.5,8,3,8.0,1,4,0.0,12.752862031844721,0.25505724063689444,0.7328237660966249,0.12491974429835581,7.86330011445161,35823
energy,power_kw_eps0.5,p_gated_sample,0.5,8,3,16.0,1,4,0.0,12.549616674779191,0.2509923334955838,0.724521011827885,0.12491974429835581,7.86330011445161,35823
energy,power_kw_eps0.5,p_gated_sample,0.5,8,4,,1,4,0.0,12.549616674779191,0.2509923334955838,0.724521011827885,0.12491974429835581,7.86330011445161,35823
energy,power_kw_eps0.5,p_gated_sample,0.5,8,4,4.0,1,4,0.0,24.534311463807246,0.4906862292761449,0.6813523010169565,0.12491974429835581,7.86330011445161,35823
energy,power_kw_eps0.5,p_gated_sample,0.5,8,4,8.0,1,4,0.0,12.752862031844721,0.25505724063689444,0.7328237660966249,0.12491974429835581,7.86330011445161,35823
energy,power_kw_eps0.5,p_gated_sample,0.5,8,4,16.0,1,4,0.0,12.549616674779191,0.2509923334955838,0.724521011827885,0.12491974429835581,7.86330011445161,35823
energy,power_kw_eps0.5,p_gated_sample,0.5,8,6,,1,4,0.0,12.549616674779191,0.2509923334955838,0.724521011827885,0.12491974429835581,7.86330011445161,35823
energy,power_kw_eps0.5,p_gated_sample,0.5,8,6,8.0,1,4,0.0,12.752862031844721,0.25505724063689444,0.7328237660966249,0.12491974429835581,7.86330011445161,35823
energy,power_kw_eps0.5,p_gated_sample,0.5,8,6,16.0,1,4,0.0,12.549616674779191,0.2509923334955838,0.724521011827885,0.12491974429835581,7.86330011445161,35823
energy,power_kw_eps0.5,p_gated_sample,0.5,8,1,,2,0,0.0,12.470195604596608,0.24940391209193216,0.7444403003314063,0.12443728116489745,7.911187684099372,17993
energy,power_kw_eps0.5,p_gated_sample,0.5,8,1,4.0,2,0,0.0,24.68676685089798,0.4937353370179596,0.6908820471794419,0.12443728116489745,7.911187684099372,17993
energy,power_kw_eps0.5,p_gated_sample,0.5,8,1,8.0,2,0,0.0,12.73988871637409,0.2547977743274818,0.7155593757330849,0.12443728116489745,7.911187684099372,17993
energy,power_kw_eps0.5,p_gated_sample,0.5,8,1,16.0,2,0,0.0,12.470195604596608,0.24940391209193216,0.7444403003314063,0.12443728116489745,7.911187684099372,17993
energy,power_kw_eps0.5,p_gated_sample,0.5,8,2,,2,0,0.0,12.470195604596608,0.24940391209193216,0.7444403003314063,0.12443728116489745,7.911187684099372,17993
energy,power_kw_eps0.5,p_gated_sample,0.5,8,2,4.0,2,0,0.0,24.68676685089798,0.4937353370179596,0.6908820471794419,0.12443728116489745,7.911187684099372,17993
energy,power_kw_eps0.5,p_gated_sample,0.5,8,2,8.0,2,0,0.0,12.73988871637409,0.2547977743274818,0.7155593757330849,0.12443728116489745,7.911187684099372,17993
energy,power_kw_eps0.5,p_gated_sample,0.5,8,2,16.0,2,0,0.0,12.470195604596608,0.24940391209193216,0.7444403003314063,0.12443728116489745,7.911187684099372,17993
energy,power_kw_eps0.5,p_gated_sample,0.5,8,3,,2,0,0.0,12.470195604596608,0.24940391209193216,0.7444403003314063,0.12443728116489745,7.911187684099372,17993
energy,power_kw_eps0.5,p_gated_sample,0.5,8,3,4.0,2,0,0.0,24.68676685089798,0.4937353370179596,0.6908820471794419,0.12443728116489745,7.911187684099372,17993
energy,power_kw_eps0.5,p_gated_sample,0.5,8,3,8.0,2,0,0.0,12.73988871637409,0.2547977743274818,0.7155593757330849,0.12443728116489745,7.911187684099372,17993
energy,power_kw_eps0.5,p_gated_sample,0.5,8,3,16.0,2,0,0.0,12.470195604596608,0.24940391209193216,0.7444403003314063,0.12443728116489745,7.911187684099372,17993
energy,power_kw_eps0.5,p_gated_sample,0.5,8,4,,2,0,0.0,12.470195604596608,0.24940391209193216,0.7444403003314063,0.12443728116489745,7.911187684099372,17993
energy,power_kw_eps0.5,p_gated_sample,0.5,8,4,4.0,2,0,0.0,24.68676685089798,0.4937353370179596,0.6908820471794419,0.12443728116489745,7.911187684099372,17993
energy,power_kw_eps0.5,p_gated_sample,0.5,8,4,8.0,2,0,0.0,12.73988871637409,0.2547977743274818,0.7155593757330849,0.12443728116489745,7.911187684099372,17993
energy,power_kw_eps0.5,p_gated_sample,0.5,8,4,16.0,2,0,0.0,12.470195604596608,0.24940391209193216,0.7444403003314063,0.12443728116489745,7.911187684099372,17993
energy,power_kw_eps0.5,p_gated_sample,0.5,8,6,,2,0,0.0,12.470195604596608,0.24940391209193216,0.7444403003314063,0.12443728116489745,7.911187684099372,17993
energy,power_kw_eps0.5,p_gated_sample,0.5,8,6,8.0,2,0,0.0,12.73988871637409,0.2547977743274818,0.7155593757330849,0.12443728116489745,7.911187684099372,17993
energy,power_kw_eps0.5,p_gated_sample,0.5,8,6,16.0,2,0,0.0,12.470195604596608,0.24940391209193216,0.7444403003314063,0.12443728116489745,7.911187684099372,17993
energy,power_kw_eps0.5,p_gated_sample,0.5,8,1,,2,2,0.0,12.454398276057024,0.2490879655211405,1.0182237486908903,0.12484659154301016,7.940756443155194,17926
energy,power_kw_eps0.5,p_gated_sample,0.5,8,1,4.0,2,2,0.0,24.598606241514258,0.49197212483028513,0.6895352916221861,0.12484659154301016,7.940756443155194,17926
energy,power_kw_eps0.5,p_gated_sample,0.5,8,1,8.0,2,2,0.0,12.69299440476287,0.2538598880952574,0.721312314739839,0.12484659154301016,7.940756443155194,17926
energy,power_kw_eps0.5,p_gated_sample,0.5,8,1,16.0,2,2,0.0,12.454398276057024,0.2490879655211405,1.0182237486908903,0.12484659154301016,7.940756443155194,17926
energy,power_kw_eps0.5,p_gated_sample,0.5,8,2,,2,2,0.0,12.454398276057024,0.2490879655211405,1.0182237486908903,0.12484659154301016,7.940756443155194,17926
energy,power_kw_eps0.5,p_gated_sample,0.5,8,2,4.0,2,2,0.0,24.598606241514258,0.49197212483028513,0.6895352916221861,0.12484659154301016,7.940756443155194,17926
energy,power_kw_eps0.5,p_gated_sample,0.5,8,2,8.0,2,2,0.0,12.69299440476287,0.2538598880952574,0.721312314739839,0.12484659154301016,7.940756443155194,17926
energy,power_kw_eps0.5,p_gated_sample,0.5,8,2,16.0,2,2,0.0,12.454398276057024,0.2490879655211405,1.0182237486908903,0.12484659154301016,7.940756443155194,17926
energy,power_kw_eps0.5,p_gated_sample,0.5,8,3,,2,2,0.0,12.454398276057024,0.2490879655211405,1.0182237486908903,0.12484659154301016,7.940756443155194,17926
energy,power_kw_eps0.5,p_gated_sample,0.5,8,3,4.0,2,2,0.0,24.598606241514258,0.49197212483028513,0.6895352916221861,0.12484659154301016,7.940756443155194,17926
energy,power_kw_eps0.5,p_gated_sample,0.5,8,3,8.0,2,2,0.0,12.69299440476287,0.2538598880952574,0.721312314739839,0.12484659154301016,7.940756443155194,17926
energy,power_kw_eps0.5,p_gated_sample,0.5,8,3,16.0,2,2,0.0,12.454398276057024,0.2490879655211405,1.0182237486908903,0.12484659154301016,7.940756443155194,17926
energy,power_kw_eps0.5,p_gated_sample,0.5,8,4,,2,2,0.0,12.454398276057024,0.2490879655211405,1.0182237486908903,0.12484659154301016,7.940756443155194,17926
energy,power_kw_eps0.5,p_gated_sample,0.5,8,4,4.0,2,2,0.0,24.598606241514258,0.49197212483028513,0.6895352916221861,0.12484659154301016,7.940756443155194,17926
energy,power_kw_eps0.5,p_gated_sample,0.5,8,4,8.0,2,2,0.0,12.69299440476287,0.2538598880952574,0.721312314739839,0.12484659154301016,7.940756443155194,17926
energy,power_kw_eps0.5,p_gated_sample,0.5,8,4,16.0,2,2,0.0,12.454398276057024,0.2490879655211405,1.0182237486908903,0.12484659154301016,7.940756443155194,17926
energy,power_kw_eps0.5,p_gated_sample,0.5,8,6,,2,2,0.0,12.454398276057024,0.2490879655211405,1.0182237486908903,0.12484659154301016,7.940756443155194,17926
energy,power_kw_eps0.5,p_gated_sample,0.5,8,6,8.0,2,2,0.0,12.69299440476287,0.2538598880952574,0.721312314739839,0.12484659154301016,7.940756443155194,17926
energy,power_kw_eps0.5,p_gated_sample,0.5,8,6,16.0,2,2,0.0,12.454398276057024,0.2490879655211405,1.0182237486908903,0.12484659154301016,7.940756443155194,17926
energy,power_kw_eps0.5,p_gated_sample,0.5,8,1,,2,4,0.0,12.433430081333425,0.24866860162666848,0.821023634333453,0.12486742952832822,7.945632151828077,17915
energy,power_kw_eps0.5,p_gated_sample,0.5,8,1,4.0,2,4,0.0,24.62746966884576,0.49254939337691517,0.6881903766821733,0.12486742952832822,7.945632151828077,17915
energy,power_kw_eps0.5,p_gated_sample,0.5,8,1,8.0,2,4,0.0,12.69830554897662,0.2539661109795324,0.7154157309201484,0.12486742952832822,7.945632151828077,17915
energy,power_kw_eps0.5,p_gated_sample,0.5,8,1,16.0,2,4,0.0,12.433430081333425,0.24866860162666848,0.821023634333453,0.12486742952832822,7.945632151828077,17915
energy,power_kw_eps0.5,p_gated_sample,0.5,8,2,,2,4,0.0,12.433430081333425,0.24866860162666848,0.821023634333453,0.12486742952832822,7.945632151828077,17915
energy,power_kw_eps0.5,p_gated_sample,0.5,8,2,4.0,2,4,0.0,24.62746966884576,0.49254939337691517,0.6881903766821733,0.12486742952832822,7.945632151828077,17915
energy,power_kw_eps0.5,p_gated_sample,0.5,8,2,8.0,2,4,0.0,12.69830554897662,0.2539661109795324,0.7154157309201484,0.12486742952832822,7.945632151828077,17915
energy,power_kw_eps0.5,p_gated_sample,0.5,8,2,16.0,2,4,0.0,12.433430081333425,0.24866860162666848,0.821023634333453,0.12486742952832822,7.945632151828077,17915
energy,power_kw_eps0.5,p_gated_sample,0.5,8,3,,2,4,0.0,12.433430081333425,0.24866860162666848,0.821023634333453,0.12486742952832822,7.945632151828077,17915
energy,power_kw_eps0.5,p_gated_sample,0.5,8,3,4.0,2,4,0.0,24.62746966884576,0.49254939337691517,0.6881903766821733,0.12486742952832822,7.945632151828077,17915
energy,power_kw_eps0.5,p_gated_sample,0.5,8,3,8.0,2,4,0.0,12.69830554897662,0.2539661109795324,0.7154157309201484,0.12486742952832822,7.945632151828077,17915
energy,power_kw_eps0.5,p_gated_sample,0.5,8,3,16.0,2,4,0.0,12.433430081333425,0.24866860162666848,0.821023634333453,0.12486742952832822,7.945632151828077,17915
energy,power_kw_eps0.5,p_gated_sample,0.5,8,4,,2,4,0.0,12.433430081333425,0.24866860162666848,0.821023634333453,0.12486742952832822,7.945632151828077,17915
energy,power_kw_eps0.5,p_gated_sample,0.5,8,4,4.0,2,4,0.0,24.62746966884576,0.49254939337691517,0.6881903766821733,0.12486742952832822,7.945632151828077,17915
energy,power_kw_eps0.5,p_gated_sample,0.5,8,4,8.0,2,4,0.0,12.69830554897662,0.2539661109795324,0.7154157309201484,0.12486742952832822,7.945632151828077,17915
energy,power_kw_eps0.5,p_gated_sample,0.5,8,4,16.0,2,4,0.0,12.433430081333425,0.24866860162666848,0.821023634333453,0.12486742952832822,7.945632151828077,17915
energy,power_kw_eps0.5,p_gated_sample,0.5,8,6,,2,4,0.0,12.433430081333425,0.24866860162666848,0.821023634333453,0.12486742952832822,7.945632151828077,17915
energy,power_kw_eps0.5,p_gated_sample,0.5,8,6,8.0,2,4,0.0,12.69830554897662,0.2539661109795324,0.7154157309201484,0.12486742952832822,7.945632151828077,17915
energy,power_kw_eps0.5,p_gated_sample,0.5,8,6,16.0,2,4,0.0,12.433430081333425,0.24866860162666848,0.821023634333453,0.12486742952832822,7.945632151828077,17915
energy,power_kw_eps0.5,p_gated_sample,0.5,8,1,,4,0,0.0,11.794288115859553,0.23588576231719105,0.8204317922057734,0.12459708791819496,8.02867622540847,8997
energy,power_kw_eps0.5,p_gated_sample,0.5,8,1,4.0,4,0,0.0,23.613235694420418,0.47226471388840835,0.8549774241723549,0.12459708791819496,8.02867622540847,8997
energy,power_kw_eps0.5,p_gated_sample,0.5,8,1,8.0,4,0,0.0,12.082555740254058,0.24165111480508117,0.8325962325200137,0.12459708791819496,8.02867622540847,8997
energy,power_kw_eps0.5,p_gated_sample,0.5,8,1,16.0,4,0,0.0,11.794288115859553,0.23588576231719105,0.8204317922057734,0.12459708791819496,8.02867622540847,8997
energy,power_kw_eps0.5,p_gated_sample,0.5,8,2,,4,0,0.0,11.794288115859553,0.23588576231719105,0.8204317922057734,0.12459708791819496,8.02867622540847,8997
energy,power_kw_eps0.5,p_gated_sample,0.5,8,2,4.0,4,0,0.0,23.613235694420418,0.47226471388840835,0.8549774241723549,0.12459708791819496,8.02867622540847,8997
energy,power_kw_eps0.5,p_gated_sample,0.5,8,2,8.0,4,0,0.0,12.082555740254058,0.24165111480508117,0.8325962325200137,0.12459708791819496,8.02867622540847,8997
energy,power_kw_eps0.5,p_gated_sample,0.5,8,2,16.0,4,0,0.0,11.794288115859553,0.23588576231719105,0.8204317922057734,0.12459708791819496,8.02867622540847,8997
energy,power_kw_eps0.5,p_gated_sample,0.5,8,3,,4,0,0.0,11.794288115859553,0.23588576231719105,0.8204317922057734,0.12459708791819496,8.02867622540847,8997
energy,power_kw_eps0.5,p_gated_sample,0.5,8,3,4.0,4,0,0.0,23.613235694420418,0.47226471388840835,0.8549774241723549,0.12459708791819496,8.02867622540847,8997
energy,power_kw_eps0.5,p_gated_sample,0.5,8,3,8.0,4,0,0.0,12.082555740254058,0.24165111480508117,0.8325962325200137,0.12459708791819496,8.02867622540847,8997
energy,power_kw_eps0.5,p_gated_sample,0.5,8,3,16.0,4,0,0.0,11.794288115859553,0.23588576231719105,0.8204317922057734,0.12459708791819496,8.02867622540847,8997
energy,power_kw_eps0.5,p_gated_sample,0.5,8,4,,4,0,0.0,11.794288115859553,0.23588576231719105,0.8204317922057734,0.12459708791819496,8.02867622540847,8997
energy,power_kw_eps0.5,p_gated_sample,0.5,8,4,4.0,4,0,0.0,23.613235694420418,0.47226471388840835,0.8549774241723549,0.12459708791819496,8.02867622540847,8997
energy,power_kw_eps0.5,p_gated_sample,0.5,8,4,8.0,4,0,0.0,12.082555740254058,0.24165111480508117,0.8325962325200137,0.12459708791819496,8.02867622540847,8997
energy,power_kw_eps0.5,p_gated_sample,0.5,8,4,16.0,4,0,0.0,11.794288115859553,0.23588576231719105,0.8204317922057734,0.12459708791819496,8.02867622540847,8997
energy,power_kw_eps0.5,p_gated_sample,0.5,8,6,,4,0,0.0,11.794288115859553,0.23588576231719105,0.8204317922057734,0.12459708791819496,8.02867622540847,8997
energy,power_kw_eps0.5,p_gated_sample,0.5,8,6,8.0,4,0,0.0,12.082555740254058,0.24165111480508117,0.8325962325200137,0.12459708791819496,8.02867622540847,8997
energy,power_kw_eps0.5,p_gated_sample,0.5,8,6,16.0,4,0,0.0,11.794288115859553,0.23588576231719105,0.8204317922057734,0.12459708791819496,8.02867622540847,8997
energy,power_kw_eps0.5,p_gated_sample,0.5,8,1,,4,2,0.0,11.836440606276506,0.23672881212553012,0.8130779036984438,0.1249302844394869,8.05733407696598,8965
energy,power_kw_eps0.5,p_gated_sample,0.5,8,1,4.0,4,2,0.0,23.64177752415361,0.4728355504830722,0.8583688077566238,0.1249302844394869,8.05733407696598,8965
energy,power_kw_eps0.5,p_gated_sample,0.5,8,1,8.0,4,2,0.0,12.124078680011783,0.24248157360023564,0.8294063937850877,0.1249302844394869,8.05733407696598,8965
energy,power_kw_eps0.5,p_gated_sample,0.5,8,1,16.0,4,2,0.0,11.836440606276506,0.23672881212553012,0.8130779036984438,0.1249302844394869,8.05733407696598,8965
energy,power_kw_eps0.5,p_gated_sample,0.5,8,2,,4,2,0.0,11.836440606276506,0.23672881212553012,0.8130779036984438,0.1249302844394869,8.05733407696598,8965
energy,power_kw_eps0.5,p_gated_sample,0.5,8,2,4.0,4,2,0.0,23.64177752415361,0.4728355504830722,0.8583688077566238,0.1249302844394869,8.05733407696598,8965
energy,power_kw_eps0.5,p_gated_sample,0.5,8,2,8.0,4,2,0.0,12.124078680011783,0.24248157360023564,0.8294063937850877,0.1249302844394869,8.05733407696598,8965
energy,power_kw_eps0.5,p_gated_sample,0.5,8,2,16.0,4,2,0.0,11.836440606276506,0.23672881212553012,0.8130779036984438,0.1249302844394869,8.05733407696598,8965
energy,power_kw_eps0.5,p_gated_sample,0.5,8,3,,4,2,0.0,11.836440606276506,0.23672881212553012,0.8130779036984438,0.1249302844394869,8.05733407696598,8965
energy,power_kw_eps0.5,p_gated_sample,0.5,8,3,4.0,4,2,0.0,23.64177752415361,0.4728355504830722,0.8583688077566238,0.1249302844394869,8.05733407696598,8965
energy,power_kw_eps0.5,p_gated_sample,0.5,8,3,8.0,4,2,0.0,12.124078680011783,0.24248157360023564,0.8294063937850877,0.1249302844394869,8.05733407696598,8965
energy,power_kw_eps0.5,p_gated_sample,0.5,8,3,16.0,4,2,0.0,11.836440606276506,0.23672881212553012,0.8130779036984438,0.1249302844394869,8.05733407696598,8965
energy,power_kw_eps0.5,p_gated_sample,0.5,8,4,,4,2,0.0,11.836440606276506,0.23672881212553012,0.8130779036984438,0.1249302844394869,8.05733407696598,8965
energy,power_kw_eps0.5,p_gated_sample,0.5,8,4,4.0,4,2,0.0,23.64177752415361,0.4728355504830722,0.8583688077566238,0.1249302844394869,8.05733407696598,8965
energy,power_kw_eps0.5,p_gated_sample,0.5,8,4,8.0,4,2,0.0,12.124078680011783,0.24248157360023564,0.8294063937850877,0.1249302844394869,8.05733407696598,8965
energy,power_kw_eps0.5,p_gated_sample,0.5,8,4,16.0,4,2,0.0,11.836440606276506,0.23672881212553012,0.8130779036984438,0.1249302844394869,8.05733407696598,8965
energy,power_kw_eps0.5,p_gated_sample,0.5,8,6,,4,2,0.0,11.836440606276506,0.23672881212553012,0.8130779036984438,0.1249302844394869,8.05733407696598,8965
energy,power_kw_eps0.5,p_gated_sample,0.5,8,6,8.0,4,2,0.0,12.124078680011783,0.24248157360023564,0.8294063937850877,0.1249302844394869,8.05733407696598,8965
energy,power_kw_eps0.5,p_gated_sample,0.5,8,6,16.0,4,2,0.0,11.836440606276506,0.23672881212553012,0.8130779036984438,0.1249302844394869,8.05733407696598,8965
energy,power_kw_eps0.5,p_gated_sample,0.5,8,1,,4,4,0.0,11.767987948004427,0.23535975896008854,0.8187714477019263,0.12488839285714286,8.061830357142858,8960
energy,power_kw_eps0.5,p_gated_sample,0.5,8,1,4.0,4,4,0.0,23.655567958987817,0.47311135917975633,0.8574632924009544,0.12488839285714286,8.061830357142858,8960
energy,power_kw_eps0.5,p_gated_sample,0.5,8,1,8.0,4,4,0.0,12.112117693024041,0.24224235386048082,0.8308210514554528,0.12488839285714286,8.061830357142858,8960
energy,power_kw_eps0.5,p_gated_sample,0.5,8,1,16.0,4,4,0.0,11.767987948004427,0.23535975896008854,0.8187714477019263,0.12488839285714286,8.061830357142858,8960
energy,power_kw_eps0.5,p_gated_sample,0.5,8,2,,4,4,0.0,11.767987948004427,0.23535975896008854,0.8187714477019263,0.12488839285714286,8.061830357142858,8960
energy,power_kw_eps0.5,p_gated_sample,0.5,8,2,4.0,4,4,0.0,23.655567958987817,0.47311135917975633,0.8574632924009544,0.12488839285714286,8.061830357142858,8960
energy,power_kw_eps0.5,p_gated_sample,0.5,8,2,8.0,4,4,0.0,12.112117693024041,0.24224235386048082,0.8308210514554528,0.12488839285714286,8.061830357142858,8960
energy,power_kw_eps0.5,p_gated_sample,0.5,8,2,16.0,4,4,0.0,11.767987948004427,0.23535975896008854,0.8187714477019263,0.12488839285714286,8.061830357142858,8960
energy,power_kw_eps0.5,p_gated_sample,0.5,8,3,,4,4,0.0,11.767987948004427,0.23535975896008854,0.8187714477019263,0.12488839285714286,8.061830357142858,8960
energy,power_kw_eps0.5,p_gated_sample,0.5,8,3,4.0,4,4,0.0,23.655567958987817,0.47311135917975633,0.8574632924009544,0.12488839285714286,8.061830357142858,8960
energy,power_kw_eps0.5,p_gated_sample,0.5,8,3,8.0,4,4,0.0,12.112117693024041,0.24224235386048082,0.8308210514554528,0.12488839285714286,8.061830357142858,8960
energy,power_kw_eps0.5,p_gated_sample,0.5,8,3,16.0,4,4,0.0,11.767987948004427,0.23535975896008854,0.8187714477019263,0.12488839285714286,8.061830357142858,8960
energy,power_kw_eps0.5,p_gated_sample,0.5,8,4,,4,4,0.0,11.767987948004427,0.23535975896008854,0.8187714477019263,0.12488839285714286,8.061830357142858,8960
energy,power_kw_eps0.5,p_gated_sample,0.5,8,4,4.0,4,4,0.0,23.655567958987817,0.47311135917975633,0.8574632924009544,0.12488839285714286,8.061830357142858,8960
energy,power_kw_eps0.5,p_gated_sample,0.5,8,4,8.0,4,4,0.0,12.112117693024041,0.24224235386048082,0.8308210514554528,0.12488839285714286,8.061830357142858,8960
energy,power_kw_eps0.5,p_gated_sample,0.5,8,4,16.0,4,4,0.0,11.767987948004427,0.23535975896008854,0.8187714477019263,0.12488839285714286,8.061830357142858,8960
energy,power_kw_eps0.5,p_gated_sample,0.5,8,6,,4,4,0.0,11.767987948004427,0.23535975896008854,0.8187714477019263,0.12488839285714286,8.061830357142858,8960
energy,power_kw_eps0.5,p_gated_sample,0.5,8,6,8.0,4,4,0.0,12.112117693024041,0.24224235386048082,0.8308210514554528,0.12488839285714286,8.061830357142858,8960
energy,power_kw_eps0.5,p_gated_sample,0.5,8,6,16.0,4,4,0.0,11.767987948004427,0.23535975896008854,0.8187714477019263,0.12488839285714286,8.061830357142858,8960
energy,power_kw_eps0.5,p_gated_ba,0.5,8,1,,1,0,0.0,121.45877607493794,2.4291755214987587,0.5578420531096059,0.5109351118521607,7.827900514103098,35985
energy,power_kw_eps0.5,p_gated_ba,0.5,8,1,4.0,1,0,0.0,237.95198633320422,4.759039726664084,0.6222282031616123,0.5165763512574684,7.827900514103098,35985
energy,power_kw_eps0.5,p_gated_ba,0.5,8,1,8.0,1,0,0.0,122.24935113697373,2.4449870227394745,0.5255410663421078,0.5111852160622482,7.827900514103098,35985
energy,power_kw_eps0.5,p_gated_ba,0.5,8,1,16.0,1,0,0.0,121.45877607493794,2.4291755214987587,0.5578420531096059,0.5109351118521607,7.827900514103098,35985
energy,power_kw_eps0.5,p_gated_ba,0.5,8,2,,1,0,0.0,121.45877607493794,2.4291755214987587,0.5578420531096059,0.5109351118521607,7.827900514103098,35985
energy,power_kw_eps0.5,p_gated_ba,0.5,8,2,4.0,1,0,0.0,237.95198633320422,4.759039726664084,0.6222282031616123,0.5165763512574684,7.827900514103098,35985
energy,power_kw_eps0.5,p_gated_ba,0.5,8,2,8.0,1,0,0.0,122.24935113697373,2.4449870227394745,0.5255410663421078,0.5111852160622482,7.827900514103098,35985
energy,power_kw_eps0.5,p_gated_ba,0.5,8,2,16.0,1,0,0.0,121.45877607493794,2.4291755214987587,0.5578420531096059,0.5109351118521607,7.827900514103098,35985
energy,power_kw_eps0.5,p_gated_ba,0.5,8,3,,1,0,0.0,121.45877607493794,2.4291755214987587,0.5578420531096059,0.5109351118521607,7.827900514103098,35985
energy,power_kw_eps0.5,p_gated_ba,0.5,8,3,4.0,1,0,0.0,237.95198633320422,4.759039726664084,0.6222282031616123,0.5165763512574684,7.827900514103098,35985
energy,power_kw_eps0.5,p_gated_ba,0.5,8,3,8.0,1,0,0.0,122.24935113697373,2.4449870227394745,0.5255410663421078,0.5111852160622482,7.827900514103098,35985
energy,power_kw_eps0.5,p_gated_ba,0.5,8,3,16.0,1,0,0.0,121.45877607493794,2.4291755214987587,0.5578420531096059,0.5109351118521607,7.827900514103098,35985
energy,power_kw_eps0.5,p_gated_ba,0.5,8,4,,1,0,0.0,121.45877607493794,2.4291755214987587,0.5578420531096059,0.5109351118521607,7.827900514103098,35985
energy,power_kw_eps0.5,p_gated_ba,0.5,8,4,4.0,1,0,0.0,237.95198633320422,4.759039726664084,0.6222282031616123,0.5165763512574684,7.827900514103098,35985
energy,power_kw_eps0.5,p_gated_ba,0.5,8,4,8.0,1,0,0.0,122.24935113697373,2.4449870227394745,0.5255410663421078,0.5111852160622482,7.827900514103098,35985
energy,power_kw_eps0.5,p_gated_ba,0.5,8,4,16.0,1,0,0.0,121.45877607493794,2.4291755214987587,0.5578420531096059,0.5109351118521607,7.827900514103098,35985
energy,power_kw_eps0.5,p_gated_ba,0.5,8,6,,1,0,0.0,121.45877607493794,2.4291755214987587,0.5578420531096059,0.5109351118521607,7.827900514103098,35985
energy,power_kw_eps0.5,p_gated_ba,0.5,8,6,8.0,1,0,0.0,122.24935113697373,2.4449870227394745,0.5255410663421078,0.5111852160622482,7.827900514103098,35985
energy,power_kw_eps0.5,p_gated_ba,0.5,8,6,16.0,1,0,0.0,121.45877607493794,2.4291755214987587,0.5578420531096059,0.5109351118521607,7.827900514103098,35985
energy,power_kw_eps0.5,p_gated_ba,0.5,8,1,,1,2,0.0,121.02204946759248,2.4204409893518495,0.5578420531096059,0.512873441379118,7.857597143574437,35849
energy,power_kw_eps0.5,p_gated_ba,0.5,8,1,4.0,1,2,0.0,237.91035290740243,4.758207058148049,0.6222282031616123,0.5185360818990766,7.857597143574437,35849
energy,power_kw_eps0.5,p_gated_ba,0.5,8,1,8.0,1,2,0.0,122.59096174406007,2.451819234881201,0.5255410663421078,0.5131244944070964,7.857597143574437,35849
energy,power_kw_eps0.5,p_gated_ba,0.5,8,1,16.0,1,2,0.0,121.02204946759248,2.4204409893518495,0.5578420531096059,0.512873441379118,7.857597143574437,35849
energy,power_kw_eps0.5,p_gated_ba,0.5,8,2,,1,2,0.0,121.02204946759248,2.4204409893518495,0.5578420531096059,0.512873441379118,7.857597143574437,35849
energy,power_kw_eps0.5,p_gated_ba,0.5,8,2,4.0,1,2,0.0,237.91035290740243,4.758207058148049,0.6222282031616123,0.5185360818990766,7.857597143574437,35849
energy,power_kw_eps0.5,p_gated_ba,0.5,8,2,8.0,1,2,0.0,122.59096174406007,2.451819234881201,0.5255410663421078,0.5131244944070964,7.857597143574437,35849
energy,power_kw_eps0.5,p_gated_ba,0.5,8,2,16.0,1,2,0.0,121.02204946759248,2.4204409893518495,0.5578420531096059,0.512873441379118,7.857597143574437,35849
energy,power_kw_eps0.5,p_gated_ba,0.5,8,3,,1,2,0.0,121.02204946759248,2.4204409893518495,0.5578420531096059,0.512873441379118,7.857597143574437,35849
energy,power_kw_eps0.5,p_gated_ba,0.5,8,3,4.0,1,2,0.0,237.91035290740243,4.758207058148049,0.6222282031616123,0.5185360818990766,7.857597143574437,35849
energy,power_kw_eps0.5,p_gated_ba,0.5,8,3,8.0,1,2,0.0,122.59096174406007,2.451819234881201,0.5255410663421078,0.5131244944070964,7.857597143574437,35849
energy,power_kw_eps0.5,p_gated_ba,0.5,8,3,16.0,1,2,0.0,121.02204946759248,2.4204409893518495,0.5578420531096059,0.512873441379118,7.857597143574437,35849
energy,power_kw_eps0.5,p_gated_ba,0.5,8,4,,1,2,0.0,121.02204946759248,2.4204409893518495,0.5578420531096059,0.512873441379118,7.857597143574437,35849
energy,power_kw_eps0.5,p_gated_ba,0.5,8,4,4.0,1,2,0.0,237.91035290740243,4.758207058148049,0.6222282031616123,0.5185360818990766,7.857597143574437,35849
energy,power_kw_eps0.5,p_gated_ba,0.5,8,4,8.0,1,2,0.0,122.59096174406007,2.451819234881201,0.5255410663421078,0.5131244944070964,7.857597143574437,35849
energy,power_kw_eps0.5,p_gated_ba,0.5,8,4,16.0,1,2,0.0,121.02204946759248,2.4204409893518495,0.5578420531096059,0.512873441379118,7.857597143574437,35849
energy,power_kw_eps0.5,p_gated_ba,0.5,8,6,,1,2,0.0,121.02204946759248,2.4204409893518495,0.5578420531096059,0.512873441379118,7.857597143574437,35849
energy,power_kw_eps0.5,p_gated_ba,0.5,8,6,8.0,1,2,0.0,122.59096174406007,2.451819234881201,0.5255410663421078,0.5131244944070964,7.857597143574437,35849
energy,power_kw_eps0.5,p_gated_ba,0.5,8,6,16.0,1,2,0.0,121.02204946759248,2.4204409893518495,0.5578420531096059,0.512873441379118,7.857597143574437,35849
energy,power_kw_eps0.5,p_gated_ba,0.5,8,1,,1,4,0.0,120.9267299042473,2.4185345980849458,0.5578420531096059,0.5132456801496246,7.86330011445161,35823
energy,power_kw_eps0.5,p_gated_ba,0.5,8,1,4.0,1,4,0.0,237.90437697263803,4.75808753945276,0.6222282031616123,0.5189124305613712,7.86330011445161,35823
energy,power_kw_eps0.5,p_gated_ba,0.5,8,1,8.0,1,4,0.0,122.65783211143136,2.453156642228627,0.5255410663421078,0.5134969153895542,7.86330011445161,35823
energy,power_kw_eps0.5,p_gated_ba,0.5,8,1,16.0,1,4,0.0,120.9267299042473,2.4185345980849458,0.5578420531096059,0.5132456801496246,7.86330011445161,35823
energy,power_kw_eps0.5,p_gated_ba,0.5,8,2,,1,4,0.0,120.9267299042473,2.4185345980849458,0.5578420531096059,0.5132456801496246,7.86330011445161,35823
energy,power_kw_eps0.5,p_gated_ba,0.5,8,2,4.0,1,4,0.0,237.90437697263803,4.75808753945276,0.6222282031616123,0.5189124305613712,7.86330011445161,35823
energy,power_kw_eps0.5,p_gated_ba,0.5,8,2,8.0,1,4,0.0,122.65783211143136,2.453156642228627,0.5255410663421078,0.5134969153895542,7.86330011445161,35823
energy,power_kw_eps0.5,p_gated_ba,0.5,8,2,16.0,1,4,0.0,120.9267299042473,2.4185345980849458,0.5578420531096059,0.5132456801496246,7.86330011445161,35823
energy,power_kw_eps0.5,p_gated_ba,0.5,8,3,,1,4,0.0,120.9267299042473,2.4185345980849458,0.5578420531096059,0.5132456801496246,7.86330011445161,35823
energy,power_kw_eps0.5,p_gated_ba,0.5,8,3,4.0,1,4,0.0,237.90437697263803,4.75808753945276,0.6222282031616123,0.5189124305613712,7.86330011445161,35823
energy,power_kw_eps0.5,p_gated_ba,0.5,8,3,8.0,1,4,0.0,122.65783211143136,2.453156642228627,0.5255410663421078,0.5134969153895542,7.86330011445161,35823
energy,power_kw_eps0.5,p_gated_ba,0.5,8,3,16.0,1,4,0.0,120.9267299042473,2.4185345980849458,0.5578420531096059,0.5132456801496246,7.86330011445161,35823
energy,power_kw_eps0.5,p_gated_ba,0.5,8,4,,1,4,0.0,120.9267299042473,2.4185345980849458,0.5578420531096059,0.5132456801496246,7.86330011445161,35823
energy,power_kw_eps0.5,p_gated_ba,0.5,8,4,4.0,1,4,0.0,237.90437697263803,4.75808753945276,0.6222282031616123,0.5189124305613712,7.86330011445161,35823
energy,power_kw_eps0.5,p_gated_ba,0.5,8,4,8.0,1,4,0.0,122.65783211143136,2.453156642228627,0.5255410663421078,0.5134969153895542,7.86330011445161,35823
energy,power_kw_eps0.5,p_gated_ba,0.5,8,4,16.0,1,4,0.0,120.9267299042473,2.4185345980849458,0.5578420531096059,0.5132456801496246,7.86330011445161,35823
energy,power_kw_eps0.5,p_gated_ba,0.5,8,6,,1,4,0.0,120.9267299042473,2.4185345980849458,0.5578420531096059,0.5132456801496246,7.86330011445161,35823
energy,power_kw_eps0.5,p_gated_ba,0.5,8,6,8.0,1,4,0.0,122.65783211143136,2.453156642228627,0.5255410663421078,0.5134969153895542,7.86330011445161,35823
energy,power_kw_eps0.5,p_gated_ba,0.5,8,6,16.0,1,4,0.0,120.9267299042473,2.4185345980849458,0.5578420531096059,0.5132456801496246,7.86330011445161,35823
energy,power_kw_eps0.5,p_gated_ba,0.5,8,1,,2,0,0.0,118.3274848986371,2.366549697972742,0.6987099748732266,0.5067526260212305,7.911187684099372,17993
energy,power_kw_eps0.5,p_gated_ba,0.5,8,1,4.0,2,0,0.0,239.44082086979938,4.788816417395988,0.5546667974562832,0.5129216917690212,7.911187684099372,17993
energy,power_kw_eps0.5,p_gated_ba,0.5,8,1,8.0,2,0,0.0,121.35611676112804,2.4271223352225606,0.6565047386479755,0.5092535986216862,7.911187684099372,17993
energy,power_kw_eps0.5,p_gated_ba,0.5,8,1,16.0,2,0,0.0,118.3274848986371,2.366549697972742,0.6987099748732266,0.5067526260212305,7.911187684099372,17993
energy,power_kw_eps0.5,p_gated_ba,0.5,8,2,,2,0,0.0,118.3274848986371,2.366549697972742,0.6987099748732266,0.5067526260212305,7.911187684099372,17993
energy,power_kw_eps0.5,p_gated_ba,0.5,8,2,4.0,2,0,0.0,239.44082086979938,4.788816417395988,0.5546667974562832,0.5129216917690212,7.911187684099372,17993
energy,power_kw_eps0.5,p_gated_ba,0.5,8,2,8.0,2,0,0.0,121.35611676112804,2.4271223352225606,0.6565047386479755,0.5092535986216862,7.911187684099372,17993
energy,power_kw_eps0.5,p_gated_ba,0.5,8,2,16.0,2,0,0.0,118.3274848986371,2.366549697972742,0.6987099748732266,0.5067526260212305,7.911187684099372,17993
energy,power_kw_eps0.5,p_gated_ba,0.5,8,3,,2,0,0.0,118.3274848986371,2.366549697972742,0.6987099748732266,0.5067526260212305,7.911187684099372,17993
energy,power_kw_eps0.5,p_gated_ba,0.5,8,3,4.0,2,0,0.0,239.44082086979938,4.788816417395988,0.5546667974562832,0.5129216917690212,7.911187684099372,17993
energy,power_kw_eps0.5,p_gated_ba,0.5,8,3,8.0,2,0,0.0,121.35611676112804,2.4271223352225606,0.6565047386479755,0.5092535986216862,7.911187684099372,17993
energy,power_kw_eps0.5,p_gated_ba,0.5,8,3,16.0,2,0,0.0,118.3274848986371,2.366549697972742,0.6987099748732266,0.5067526260212305,7.911187684099372,17993
energy,power_kw_eps0.5,p_gated_ba,0.5,8,4,,2,0,0.0,118.3274848986371,2.366549697972742,0.6987099748732266,0.5067526260212305,7.911187684099372,17993
energy,power_kw_eps0.5,p_gated_ba,0.5,8,4,4.0,2,0,0.0,239.44082086979938,4.788816417395988,0.5546667974562832,0.5129216917690212,7.911187684099372,17993
energy,power_kw_eps0.5,p_gated_ba,0.5,8,4,8.0,2,0,0.0,121.35611676112804,2.4271223352225606,0.6565047386479755,0.5092535986216862,7.911187684099372,17993
energy,power_kw_eps0.5,p_gated_ba,0.5,8,4,16.0,2,0,0.0,118.3274848986371,2.366549697972742,0.6987099748732266,0.5067526260212305,7.911187684099372,17993
energy,power_kw_eps0.5,p_gated_ba,0.5,8,6,,2,0,0.0,118.3274848986371,2.366549697972742,0.6987099748732266,0.5067526260212305,7.911187684099372,17993
energy,power_kw_eps0.5,p_gated_ba,0.5,8,6,8.0,2,0,0.0,121.35611676112804,2.4271223352225606,0.6565047386479755,0.5092535986216862,7.911187684099372,17993
energy,power_kw_eps0.5,p_gated_ba,0.5,8,6,16.0,2,0,0.0,118.3274848986371,2.366549697972742,0.6987099748732266,0.5067526260212305,7.911187684099372,17993
energy,power_kw_eps0.5,p_gated_ba,0.5,8,1,,2,2,0.0,118.55729709048305,2.3711459418096608,0.6987099748732266,0.5086466584848823,7.940756443155194,17926
energy,power_kw_eps0.5,p_gated_ba,0.5,8,1,4.0,2,2,0.0,237.70400638942442,4.754080127788488,0.5546667974562832,0.5148387816579271,7.940756443155194,17926
energy,power_kw_eps0.5,p_gated_ba,0.5,8,1,8.0,2,2,0.0,121.54711262683293,2.4309422525366586,0.6565047386479755,0.5111569786901707,7.940756443155194,17926
energy,power_kw_eps0.5,p_gated_ba,0.5,8,1,16.0,2,2,0.0,118.55729709048305,2.3711459418096608,0.6987099748732266,0.5086466584848823,7.940756443155194,17926
energy,power_kw_eps0.5,p_gated_ba,0.5,8,2,,2,2,0.0,118.55729709048305,2.3711459418096608,0.6987099748732266,0.5086466584848823,7.940756443155194,17926
energy,power_kw_eps0.5,p_gated_ba,0.5,8,2,4.0,2,2,0.0,237.70400638942442,4.754080127788488,0.5546667974562832,0.5148387816579271,7.940756443155194,17926
energy,power_kw_eps0.5,p_gated_ba,0.5,8,2,8.0,2,2,0.0,121.54711262683293,2.4309422525366586,0.6565047386479755,0.5111569786901707,7.940756443155194,17926
energy,power_kw_eps0.5,p_gated_ba,0.5,8,2,16.0,2,2,0.0,118.55729709048305,2.3711459418096608,0.6987099748732266,0.5086466584848823,7.940756443155194,17926
energy,power_kw_eps0.5,p_gated_ba,0.5,8,3,,2,2,0.0,118.55729709048305,2.3711459418096608,0.6987099748732266,0.5086466584848823,7.940756443155194,17926
energy,power_kw_eps0.5,p_gated_ba,0.5,8,3,4.0,2,2,0.0,237.70400638942442,4.754080127788488,0.5546667974562832,0.5148387816579271,7.940756443155194,17926
energy,power_kw_eps0.5,p_gated_ba,0.5,8,3,8.0,2,2,0.0,121.54711262683293,2.4309422525366586,0.6565047386479755,0.5111569786901707,7.940756443155194,17926
energy,power_kw_eps0.5,p_gated_ba,0.5,8,3,16.0,2,2,0.0,118.55729709048305,2.3711459418096608,0.6987099748732266,0.5086466584848823,7.940756443155194,17926
energy,power_kw_eps0.5,p_gated_ba,0.5,8,4,,2,2,0.0,118.55729709048305,2.3711459418096608,0.6987099748732266,0.5086466584848823,7.940756443155194,17926
energy,power_kw_eps0.5,p_gated_ba,0.5,8,4,4.0,2,2,0.0,237.70400638942442,4.754080127788488,0.5546667974562832,0.5148387816579271,7.940756443155194,17926
energy,power_kw_eps0.5,p_gated_ba,0.5,8,4,8.0,2,2,0.0,121.54711262683293,2.4309422525366586,0.6565047386479755,0.5111569786901707,7.940756443155194,17926
energy,power_kw_eps0.5,p_gated_ba,0.5,8,4,16.0,2,2,0.0,118.55729709048305,2.3711459418096608,0.6987099748732266,0.5086466584848823,7.940756443155194,17926
energy,power_kw_eps0.5,p_gated_ba,0.5,8,6,,2,2,0.0,118.55729709048305,2.3711459418096608,0.6987099748732266,0.5086466584848823,7.940756443155194,17926
energy,power_kw_eps0.5,p_gated_ba,0.5,8,6,8.0,2,2,0.0,121.54711262683293,2.4309422525366586,0.6565047386479755,0.5111569786901707,7.940756443155194,17926
energy,power_kw_eps0.5,p_gated_ba,0.5,8,6,16.0,2,2,0.0,118.55729709048305,2.3711459418096608,0.6987099748732266,0.5086466584848823,7.940756443155194,17926
energy,power_kw_eps0.5,p_gated_ba,0.5,8,1,,2,4,0.0,118.58585332679496,2.3717170665358993,0.6987099748732266,0.5089589729277142,7.945632151828077,17915
energy,power_kw_eps0.5,p_gated_ba,0.5,8,1,4.0,2,4,0.0,237.35888461491518,4.747177692298304,0.5546667974562832,0.5151548981300587,7.945632151828077,17915
energy,power_kw_eps0.5,p_gated_ba,0.5,8,1,8.0,2,4,0.0,121.57170969076554,2.431434193815311,0.6565047386479755,0.5114708344962322,7.945632151828077,17915
energy,power_kw_eps0.5,p_gated_ba,0.5,8,1,16.0,2,4,0.0,118.58585332679496,2.3717170665358993,0.6987099748732266,0.5089589729277142,7.945632151828077,17915
energy,power_kw_eps0.5,p_gated_ba,0.5,8,2,,2,4,0.0,118.58585332679496,2.3717170665358993,0.6987099748732266,0.5089589729277142,7.945632151828077,17915
energy,power_kw_eps0.5,p_gated_ba,0.5,8,2,4.0,2,4,0.0,237.35888461491518,4.747177692298304,0.5546667974562832,0.5151548981300587,7.945632151828077,17915
energy,power_kw_eps0.5,p_gated_ba,0.5,8,2,8.0,2,4,0.0,121.57170969076554,2.431434193815311,0.6565047386479755,0.5114708344962322,7.945632151828077,17915
energy,power_kw_eps0.5,p_gated_ba,0.5,8,2,16.0,2,4,0.0,118.58585332679496,2.3717170665358993,0.6987099748732266,0.5089589729277142,7.945632151828077,17915
energy,power_kw_eps0.5,p_gated_ba,0.5,8,3,,2,4,0.0,118.58585332679496,2.3717170665358993,0.6987099748732266,0.5089589729277142,7.945632151828077,17915
energy,power_kw_eps0.5,p_gated_ba,0.5,8,3,4.0,2,4,0.0,237.35888461491518,4.747177692298304,0.5546667974562832,0.5151548981300587,7.945632151828077,17915
energy,power_kw_eps0.5,p_gated_ba,0.5,8,3,8.0,2,4,0.0,121.57170969076554,2.431434193815311,0.6565047386479755,0.5114708344962322,7.945632151828077,17915
energy,power_kw_eps0.5,p_gated_ba,0.5,8,3,16.0,2,4,0.0,118.58585332679496,2.3717170665358993,0.6987099748732266,0.5089589729277142,7.945632151828077,17915
energy,power_kw_eps0.5,p_gated_ba,0.5,8,4,,2,4,0.0,118.58585332679496,2.3717170665358993,0.6987099748732266,0.5089589729277142,7.945632151828077,17915
energy,power_kw_eps0.5,p_gated_ba,0.5,8,4,4.0,2,4,0.0,237.35888461491518,4.747177692298304,0.5546667974562832,0.5151548981300587,7.945632151828077,17915
energy,power_kw_eps0.5,p_gated_ba,0.5,8,4,8.0,2,4,0.0,121.57170969076554,2.431434193815311,0.6565047386479755,0.5114708344962322,7.945632151828077,17915
energy,power_kw_eps0.5,p_gated_ba,0.5,8,4,16.0,2,4,0.0,118.58585332679496,2.3717170665358993,0.6987099748732266,0.5089589729277142,7.945632151828077,17915
energy,power_kw_eps0.5,p_gated_ba,0.5,8,6,,2,4,0.0,118.58585332679496,2.3717170665358993,0.6987099748732266,0.5089589729277142,7.945632151828077,17915
energy,power_kw_eps0.5,p_gated_ba,0.5,8,6,8.0,2,4,0.0,121.57170969076554,2.431434193815311,0.6565047386479755,0.5114708344962322,7.945632151828077,17915
energy,power_kw_eps0.5,p_gated_ba,0.5,8,6,16.0,2,4,0.0,118.58585332679496,2.3717170665358993,0.6987099748732266,0.5089589729277142,7.945632151828077,17915
energy,power_kw_eps0.5,p_gated_ba,0.5,8,1,,4,0,0.0,116.75811792780033,2.3351623585560066,0.5852566917607674,0.5056129821051462,8.02867622540847,8997
energy,power_kw_eps0.5,p_gated_ba,0.5,8,1,4.0,4,0,0.0,234.28771630628802,4.68575432612576,0.5989843263788435,0.5066133155496276,8.02867622540847,8997
energy,power_kw_eps0.5,p_gated_ba,0.5,8,1,8.0,4,0,0.0,120.25201961534374,2.4050403923068746,0.6069169315539941,0.5046126486606647,8.02867622540847,8997
energy,power_kw_eps0.5,p_gated_ba,0.5,8,1,16.0,4,0,0.0,116.75811792780033,2.3351623585560066,0.5852566917607674,0.5056129821051462,8.02867622540847,8997
energy,power_kw_eps0.5,p_gated_ba,0.5,8,2,,4,0,0.0,116.75811792780033,2.3351623585560066,0.5852566917607674,0.5056129821051462,8.02867622540847,8997
energy,power_kw_eps0.5,p_gated_ba,0.5,8,2,4.0,4,0,0.0,234.28771630628802,4.68575432612576,0.5989843263788435,0.5066133155496276,8.02867622540847,8997
energy,power_kw_eps0.5,p_gated_ba,0.5,8,2,8.0,4,0,0.0,120.25201961534374,2.4050403923068746,0.6069169315539941,0.5046126486606647,8.02867622540847,8997
energy,power_kw_eps0.5,p_gated_ba,0.5,8,2,16.0,4,0,0.0,116.75811792780033,2.3351623585560066,0.5852566917607674,0.5056129821051462,8.02867622540847,8997
energy,power_kw_eps0.5,p_gated_ba,0.5,8,3,,4,0,0.0,116.75811792780033,2.3351623585560066,0.5852566917607674,0.5056129821051462,8.02867622540847,8997
energy,power_kw_eps0.5,p_gated_ba,0.5,8,3,4.0,4,0,0.0,234.28771630628802,4.68575432612576,0.5989843263788435,0.5066133155496276,8.02867622540847,8997
energy,power_kw_eps0.5,p_gated_ba,0.5,8,3,8.0,4,0,0.0,120.25201961534374,2.4050403923068746,0.6069169315539941,0.5046126486606647,8.02867622540847,8997
energy,power_kw_eps0.5,p_gated_ba,0.5,8,3,16.0,4,0,0.0,116.75811792780033,2.3351623585560066,0.5852566917607674,0.5056129821051462,8.02867622540847,8997
energy,power_kw_eps0.5,p_gated_ba,0.5,8,4,,4,0,0.0,116.75811792780033,2.3351623585560066,0.5852566917607674,0.5056129821051462,8.02867622540847,8997
energy,power_kw_eps0.5,p_gated_ba,0.5,8,4,4.0,4,0,0.0,234.28771630628802,4.68575432612576,0.5989843263788435,0.5066133155496276,8.02867622540847,8997
energy,power_kw_eps0.5,p_gated_ba,0.5,8,4,8.0,4,0,0.0,120.25201961534374,2.4050403923068746,0.6069169315539941,0.5046126486606647,8.02867622540847,8997
energy,power_kw_eps0.5,p_gated_ba,0.5,8,4,16.0,4,0,0.0,116.75811792780033,2.3351623585560066,0.5852566917607674,0.5056129821051462,8.02867622540847,8997
energy,power_kw_eps0.5,p_gated_ba,0.5,8,6,,4,0,0.0,116.75811792780033,2.3351623585560066,0.5852566917607674,0.5056129821051462,8.02867622540847,8997
energy,power_kw_eps0.5,p_gated_ba,0.5,8,6,8.0,4,0,0.0,120.25201961534374,2.4050403923068746,0.6069169315539941,0.5046126486606647,8.02867622540847,8997
energy,power_kw_eps0.5,p_gated_ba,0.5,8,6,16.0,4,0,0.0,116.75811792780033,2.3351623585560066,0.5852566917607674,0.5056129821051462,8.02867622540847,8997
energy,power_kw_eps0.5,p_gated_ba,0.5,8,1,,4,2,0.0,116.94147476444992,2.3388294952889983,0.5852566917607674,0.5074177356385945,8.05733407696598,8965
energy,power_kw_eps0.5,p_gated_ba,0.5,8,1,4.0,4,2,0.0,234.5253675126576,4.690507350253152,0.5989843263788435,0.5084216397099832,8.05733407696598,8965
energy,power_kw_eps0.5,p_gated_ba,0.5,8,1,8.0,4,2,0.0,120.35003196129789,2.4070006392259575,0.6069169315539941,0.5064138315672058,8.05733407696598,8965
energy,power_kw_eps0.5,p_gated_ba,0.5,8,1,16.0,4,2,0.0,116.94147476444992,2.3388294952889983,0.5852566917607674,0.5074177356385945,8.05733407696598,8965
energy,power_kw_eps0.5,p_gated_ba,0.5,8,2,,4,2,0.0,116.94147476444992,2.3388294952889983,0.5852566917607674,0.5074177356385945,8.05733407696598,8965
energy,power_kw_eps0.5,p_gated_ba,0.5,8,2,4.0,4,2,0.0,234.5253675126576,4.690507350253152,0.5989843263788435,0.5084216397099832,8.05733407696598,8965
energy,power_kw_eps0.5,p_gated_ba,0.5,8,2,8.0,4,2,0.0,120.35003196129789,2.4070006392259575,0.6069169315539941,0.5064138315672058,8.05733407696598,8965
energy,power_kw_eps0.5,p_gated_ba,0.5,8,2,16.0,4,2,0.0,116.94147476444992,2.3388294952889983,0.5852566917607674,0.5074177356385945,8.05733407696598,8965
energy,power_kw_eps0.5,p_gated_ba,0.5,8,3,,4,2,0.0,116.94147476444992,2.3388294952889983,0.5852566917607674,0.5074177356385945,8.05733407696598,8965
energy,power_kw_eps0.5,p_gated_ba,0.5,8,3,4.0,4,2,0.0,234.5253675126576,4.690507350253152,0.5989843263788435,0.5084216397099832,8.05733407696598,8965
energy,power_kw_eps0.5,p_gated_ba,0.5,8,3,8.0,4,2,0.0,120.35003196129789,2.4070006392259575,0.6069169315539941,0.5064138315672058,8.05733407696598,8965
energy,power_kw_eps0.5,p_gated_ba,0.5,8,3,16.0,4,2,0.0,116.94147476444992,2.3388294952889983,0.5852566917607674,0.5074177356385945,8.05733407696598,8965
energy,power_kw_eps0.5,p_gated_ba,0.5,8,4,,4,2,0.0,116.94147476444992,2.3388294952889983,0.5852566917607674,0.5074177356385945,8.05733407696598,8965
energy,power_kw_eps0.5,p_gated_ba,0.5,8,4,4.0,4,2,0.0,234.5253675126576,4.690507350253152,0.5989843263788435,0.5084216397099832,8.05733407696598,8965
energy,power_kw_eps0.5,p_gated_ba,0.5,8,4,8.0,4,2,0.0,120.35003196129789,2.4070006392259575,0.6069169315539941,0.5064138315672058,8.05733407696598,8965
energy,power_kw_eps0.5,p_gated_ba,0.5,8,4,16.0,4,2,0.0,116.94147476444992,2.3388294952889983,0.5852566917607674,0.5074177356385945,8.05733407696598,8965
energy,power_kw_eps0.5,p_gated_ba,0.5,8,6,,4,2,0.0,116.94147476444992,2.3388294952889983,0.5852566917607674,0.5074177356385945,8.05733407696598,8965
energy,power_kw_eps0.5,p_gated_ba,0.5,8,6,8.0,4,2,0.0,120.35003196129789,2.4070006392259575,0.6069169315539941,0.5064138315672058,8.05733407696598,8965
energy,power_kw_eps0.5,p_gated_ba,0.5,8,6,16.0,4,2,0.0,116.94147476444992,2.3388294952889983,0.5852566917607674,0.5074177356385945,8.05733407696598,8965
energy,power_kw_eps0.5,p_gated_ba,0.5,8,1,,4,4,0.0,116.98522967057306,2.339704593411461,0.5852566917607674,0.5077008928571428,8.061830357142858,8960
energy,power_kw_eps0.5,p_gated_ba,0.5,8,1,4.0,4,4,0.0,234.59428795857082,4.6918857591714165,0.5989843263788435,0.5087053571428571,8.061830357142858,8960
energy,power_kw_eps0.5,p_gated_ba,0.5,8,1,8.0,4,4,0.0,120.34918315512785,2.4069836631025567,0.6069169315539941,0.5066964285714286,8.061830357142858,8960
energy,power_kw_eps0.5,p_gated_ba,0.5,8,1,16.0,4,4,0.0,116.98522967057306,2.339704593411461,0.5852566917607674,0.5077008928571428,8.061830357142858,8960
energy,power_kw_eps0.5,p_gated_ba,0.5,8,2,,4,4,0.0,116.98522967057306,2.339704593411461,0.5852566917607674,0.5077008928571428,8.061830357142858,8960
energy,power_kw_eps0.5,p_gated_ba,0.5,8,2,4.0,4,4,0.0,234.59428795857082,4.6918857591714165,0.5989843263788435,0.5087053571428571,8.061830357142858,8960
energy,power_kw_eps0.5,p_gated_ba,0.5,8,2,8.0,4,4,0.0,120.34918315512785,2.4069836631025567,0.6069169315539941,0.5066964285714286,8.061830357142858,8960
energy,power_kw_eps0.5,p_gated_ba,0.5,8,2,16.0,4,4,0.0,116.98522967057306,2.339704593411461,0.5852566917607674,0.5077008928571428,8.061830357142858,8960
energy,power_kw_eps0.5,p_gated_ba,0.5,8,3,,4,4,0.0,116.98522967057306,2.339704593411461,0.5852566917607674,0.5077008928571428,8.061830357142858,8960
energy,power_kw_eps0.5,p_gated_ba,0.5,8,3,4.0,4,4,0.0,234.59428795857082,4.6918857591714165,0.5989843263788435,0.5087053571428571,8.061830357142858,8960
energy,power_kw_eps0.5,p_gated_ba,0.5,8,3,8.0,4,4,0.0,120.34918315512785,2.4069836631025567,0.6069169315539941,0.5066964285714286,8.061830357142858,8960
energy,power_kw_eps0.5,p_gated_ba,0.5,8,3,16.0,4,4,0.0,116.98522967057306,2.339704593411461,0.5852566917607674,0.5077008928571428,8.061830357142858,8960
energy,power_kw_eps0.5,p_gated_ba,0.5,8,4,,4,4,0.0,116.98522967057306,2.339704593411461,0.5852566917607674,0.5077008928571428,8.061830357142858,8960
energy,power_kw_eps0.5,p_gated_ba,0.5,8,4,4.0,4,4,0.0,234.59428795857082,4.6918857591714165,0.5989843263788435,0.5087053571428571,8.061830357142858,8960
energy,power_kw_eps0.5,p_gated_ba,0.5,8,4,8.0,4,4,0.0,120.34918315512785,2.4069836631025567,0.6069169315539941,0.5066964285714286,8.061830357142858,8960
energy,power_kw_eps0.5,p_gated_ba,0.5,8,4,16.0,4,4,0.0,116.98522967057306,2.339704593411461,0.5852566917607674,0.5077008928571428,8.061830357142858,8960
energy,power_kw_eps0.5,p_gated_ba,0.5,8,6,,4,4,0.0,116.98522967057306,2.339704593411461,0.5852566917607674,0.5077008928571428,8.061830357142858,8960
energy,power_kw_eps0.5,p_gated_ba,0.5,8,6,8.0,4,4,0.0,120.34918315512785,2.4069836631025567,0.6069169315539941,0.5066964285714286,8.061830357142858,8960
energy,power_kw_eps0.5,p_gated_ba,0.5,8,6,16.0,4,4,0.0,116.98522967057306,2.339704593411461,0.5852566917607674,0.5077008928571428,8.061830357142858,8960
energy,power_kw_eps0.5,n_weighted,0.5,8,1,,1,0,0.0,102.24506387168391,2.044901277433678,0.9459491209107977,0.9944977073780742,7.827900514103098,35985
energy,power_kw_eps0.5,n_weighted,0.5,8,1,4.0,1,0,0.0,197.26396111032116,3.9452792222064232,0.7264396650442033,0.9944977073780742,7.827900514103098,35985
energy,power_kw_eps0.5,n_weighted,0.5,8,1,8.0,1,0,0.0,103.36797823631093,2.067359564726219,0.9515667060327643,0.9944977073780742,7.827900514103098,35985
energy,power_kw_eps0.5,n_weighted,0.5,8,1,16.0,1,0,0.0,102.24506387168391,2.044901277433678,0.9459491209107977,0.9944977073780742,7.827900514103098,35985
energy,power_kw_eps0.5,n_weighted,0.5,8,2,,1,0,0.0,102.24506387168391,2.044901277433678,0.9459491209107977,0.9944977073780742,7.827900514103098,35985
energy,power_kw_eps0.5,n_weighted,0.5,8,2,4.0,1,0,0.0,197.26396111032116,3.9452792222064232,0.7264396650442033,0.9944977073780742,7.827900514103098,35985
energy,power_kw_eps0.5,n_weighted,0.5,8,2,8.0,1,0,0.0,103.36797823631093,2.067359564726219,0.9515667060327643,0.9944977073780742,7.827900514103098,35985
energy,power_kw_eps0.5,n_weighted,0.5,8,2,16.0,1,0,0.0,102.24506387168391,2.044901277433678,0.9459491209107977,0.9944977073780742,7.827900514103098,35985
energy,power_kw_eps0.5,n_weighted,0.5,8,3,,1,0,0.0,102.24506387168391,2.044901277433678,0.9459491209107977,0.9944977073780742,7.827900514103098,35985
energy,power_kw_eps0.5,n_weighted,0.5,8,3,4.0,1,0,0.0,197.26396111032116,3.9452792222064232,0.7264396650442033,0.9944977073780742,7.827900514103098,35985
energy,power_kw_eps0.5,n_weighted,0.5,8,3,8.0,1,0,0.0,103.36797823631093,2.067359564726219,0.9515667060327643,0.9944977073780742,7.827900514103098,35985
energy,power_kw_eps0.5,n_weighted,0.5,8,3,16.0,1,0,0.0,102.24506387168391,2.044901277433678,0.9459491209107977,0.9944977073780742,7.827900514103098,35985
energy,power_kw_eps0.5,n_weighted,0.5,8,4,,1,0,0.0,102.24506387168391,2.044901277433678,0.9459491209107977,0.9944977073780742,7.827900514103098,35985
energy,power_kw_eps0.5,n_weighted,0.5,8,4,4.0,1,0,0.0,197.26396111032116,3.9452792222064232,0.7264396650442033,0.9944977073780742,7.827900514103098,35985
energy,power_kw_eps0.5,n_weighted,0.5,8,4,8.0,1,0,0.0,103.36797823631093,2.067359564726219,0.9515667060327643,0.9944977073780742,7.827900514103098,35985
energy,power_kw_eps0.5,n_weighted,0.5,8,4,16.0,1,0,0.0,102.24506387168391,2.044901277433678,0.9459491209107977,0.9944977073780742,7.827900514103098,35985
energy,power_kw_eps0.5,n_weighted,0.5,8,6,,1,0,0.0,102.24506387168391,2.044901277433678,0.9459491209107977,0.9944977073780742,7.827900514103098,35985
energy,power_kw_eps0.5,n_weighted,0.5,8,6,8.0,1,0,0.0,103.36797823631093,2.067359564726219,0.9515667060327643,0.9944977073780742,7.827900514103098,35985
energy,power_kw_eps0.5,n_weighted,0.5,8,6,16.0,1,0,0.0,102.24506387168391,2.044901277433678,0.9459491209107977,0.9944977073780742,7.827900514103098,35985
energy,power_kw_eps0.5,n_weighted,0.5,8,1,,1,2,0.0,102.31306511450099,2.0462613022900196,0.9459491209107977,0.9982705235850372,7.857597143574437,35849
energy,power_kw_eps0.5,n_weighted,0.5,8,1,4.0,1,2,0.0,197.4393496140933,3.9487869922818657,0.7264396650442033,0.9982705235850372,7.857597143574437,35849
energy,power_kw_eps0.5,n_weighted,0.5,8,1,8.0,1,2,0.0,103.4380939071849,2.068761878143698,0.9515667060327643,0.9982705235850372,7.857597143574437,35849
energy,power_kw_eps0.5,n_weighted,0.5,8,1,16.0,1,2,0.0,102.31306511450099,2.0462613022900196,0.9459491209107977,0.9982705235850372,7.857597143574437,35849
energy,power_kw_eps0.5,n_weighted,0.5,8,2,,1,2,0.0,102.31306511450099,2.0462613022900196,0.9459491209107977,0.9982705235850372,7.857597143574437,35849
energy,power_kw_eps0.5,n_weighted,0.5,8,2,4.0,1,2,0.0,197.4393496140933,3.9487869922818657,0.7264396650442033,0.9982705235850372,7.857597143574437,35849
energy,power_kw_eps0.5,n_weighted,0.5,8,2,8.0,1,2,0.0,103.4380939071849,2.068761878143698,0.9515667060327643,0.9982705235850372,7.857597143574437,35849
energy,power_kw_eps0.5,n_weighted,0.5,8,2,16.0,1,2,0.0,102.31306511450099,2.0462613022900196,0.9459491209107977,0.9982705235850372,7.857597143574437,35849
energy,power_kw_eps0.5,n_weighted,0.5,8,3,,1,2,0.0,102.31306511450099,2.0462613022900196,0.9459491209107977,0.9982705235850372,7.857597143574437,35849
energy,power_kw_eps0.5,n_weighted,0.5,8,3,4.0,1,2,0.0,197.4393496140933,3.9487869922818657,0.7264396650442033,0.9982705235850372,7.857597143574437,35849
energy,power_kw_eps0.5,n_weighted,0.5,8,3,8.0,1,2,0.0,103.4380939071849,2.068761878143698,0.9515667060327643,0.9982705235850372,7.857597143574437,35849
energy,power_kw_eps0.5,n_weighted,0.5,8,3,16.0,1,2,0.0,102.31306511450099,2.0462613022900196,0.9459491209107977,0.9982705235850372,7.857597143574437,35849
energy,power_kw_eps0.5,n_weighted,0.5,8,4,,1,2,0.0,102.31306511450099,2.0462613022900196,0.9459491209107977,0.9982705235850372,7.857597143574437,35849
energy,power_kw_eps0.5,n_weighted,0.5,8,4,4.0,1,2,0.0,197.4393496140933,3.9487869922818657,0.7264396650442033,0.9982705235850372,7.857597143574437,35849
energy,power_kw_eps0.5,n_weighted,0.5,8,4,8.0,1,2,0.0,103.4380939071849,2.068761878143698,0.9515667060327643,0.9982705235850372,7.857597143574437,35849
energy,power_kw_eps0.5,n_weighted,0.5,8,4,16.0,1,2,0.0,102.31306511450099,2.0462613022900196,0.9459491209107977,0.9982705235850372,7.857597143574437,35849
energy,power_kw_eps0.5,n_weighted,0.5,8,6,,1,2,0.0,102.31306511450099,2.0462613022900196,0.9459491209107977,0.9982705235850372,7.857597143574437,35849
energy,power_kw_eps0.5,n_weighted,0.5,8,6,8.0,1,2,0.0,103.4380939071849,2.068761878143698,0.9515667060327643,0.9982705235850372,7.857597143574437,35849
energy,power_kw_eps0.5,n_weighted,0.5,8,6,16.0,1,2,0.0,102.31306511450099,2.0462613022900196,0.9459491209107977,0.9982705235850372,7.857597143574437,35849
energy,power_kw_eps0.5,n_weighted,0.5,8,1,,1,4,0.0,102.32415759967641,2.0464831519935283,0.9459491176471961,0.9989950590402814,7.86330011445161,35823
energy,power_kw_eps0.5,n_weighted,0.5,8,1,4.0,1,4,0.0,197.469834233506,3.94939668467012,0.7264396650442033,0.9989950590402814,7.86330011445161,35823
energy,power_kw_eps0.5,n_weighted,0.5,8,1,8.0,1,4,0.0,103.4502290177879,2.069004580355758,0.9515667027919275,0.9989950590402814,7.86330011445161,35823
energy,power_kw_eps0.5,n_weighted,0.5,8,1,16.0,1,4,0.0,102.32415759967641,2.0464831519935283,0.9459491176471961,0.9989950590402814,7.86330011445161,35823
energy,power_kw_eps0.5,n_weighted,0.5,8,2,,1,4,0.0,102.32415759967641,2.0464831519935283,0.9459491176471961,0.9989950590402814,7.86330011445161,35823
energy,power_kw_eps0.5,n_weighted,0.5,8,2,4.0,1,4,0.0,197.469834233506,3.94939668467012,0.7264396650442033,0.9989950590402814,7.86330011445161,35823
energy,power_kw_eps0.5,n_weighted,0.5,8,2,8.0,1,4,0.0,103.4502290177879,2.069004580355758,0.9515667027919275,0.9989950590402814,7.86330011445161,35823
energy,power_kw_eps0.5,n_weighted,0.5,8,2,16.0,1,4,0.0,102.32415759967641,2.0464831519935283,0.9459491176471961,0.9989950590402814,7.86330011445161,35823
energy,power_kw_eps0.5,n_weighted,0.5,8,3,,1,4,0.0,102.32415759967641,2.0464831519935283,0.9459491176471961,0.9989950590402814,7.86330011445161,35823
energy,power_kw_eps0.5,n_weighted,0.5,8,3,4.0,1,4,0.0,197.469834233506,3.94939668467012,0.7264396650442033,0.9989950590402814,7.86330011445161,35823
energy,power_kw_eps0.5,n_weighted,0.5,8,3,8.0,1,4,0.0,103.4502290177879,2.069004580355758,0.9515667027919275,0.9989950590402814,7.86330011445161,35823
energy,power_kw_eps0.5,n_weighted,0.5,8,3,16.0,1,4,0.0,102.32415759967641,2.0464831519935283,0.9459491176471961,0.9989950590402814,7.86330011445161,35823
energy,power_kw_eps0.5,n_weighted,0.5,8,4,,1,4,0.0,102.32415759967641,2.0464831519935283,0.9459491176471961,0.9989950590402814,7.86330011445161,35823
energy,power_kw_eps0.5,n_weighted,0.5,8,4,4.0,1,4,0.0,197.469834233506,3.94939668467012,0.7264396650442033,0.9989950590402814,7.86330011445161,35823
energy,power_kw_eps0.5,n_weighted,0.5,8,4,8.0,1,4,0.0,103.4502290177879,2.069004580355758,0.9515667027919275,0.9989950590402814,7.86330011445161,35823
energy,power_kw_eps0.5,n_weighted,0.5,8,4,16.0,1,4,0.0,102.32415759967641,2.0464831519935283,0.9459491176471961,0.9989950590402814,7.86330011445161,35823
energy,power_kw_eps0.5,n_weighted,0.5,8,6,,1,4,0.0,102.32415759967641,2.0464831519935283,0.9459491176471961,0.9989950590402814,7.86330011445161,35823
energy,power_kw_eps0.5,n_weighted,0.5,8,6,8.0,1,4,0.0,103.4502290177879,2.069004580355758,0.9515667027919275,0.9989950590402814,7.86330011445161,35823
energy,power_kw_eps0.5,n_weighted,0.5,8,6,16.0,1,4,0.0,102.32415759967641,2.0464831519935283,0.9459491176471961,0.9989950590402814,7.86330011445161,35823
energy,power_kw_eps0.5,n_weighted,0.5,8,1,,2,0,0.0,102.00341777567091,2.040068355513418,0.7112159397136418,0.9947757461234925,7.911187684099372,17993
energy,power_kw_eps0.5,n_weighted,0.5,8,1,4.0,2,0,0.0,197.8127113247377,3.956254226494754,0.7288955476145222,0.9947757461234925,7.911187684099372,17993
energy,power_kw_eps0.5,n_weighted,0.5,8,1,8.0,2,0,0.0,103.09814472007349,2.0619628944014696,0.718416280752995,0.9947757461234925,7.911187684099372,17993
energy,power_kw_eps0.5,n_weighted,0.5,8,1,16.0,2,0,0.0,102.00341777567091,2.040068355513418,0.7112159397136418,0.9947757461234925,7.911187684099372,17993
energy,power_kw_eps0.5,n_weighted,0.5,8,2,,2,0,0.0,102.00341777567091,2.040068355513418,0.7112159397136418,0.9947757461234925,7.911187684099372,17993
energy,power_kw_eps0.5,n_weighted,0.5,8,2,4.0,2,0,0.0,197.8127113247377,3.956254226494754,0.7288955476145222,0.9947757461234925,7.911187684099372,17993
energy,power_kw_eps0.5,n_weighted,0.5,8,2,8.0,2,0,0.0,103.09814472007349,2.0619628944014696,0.718416280752995,0.9947757461234925,7.911187684099372,17993
energy,power_kw_eps0.5,n_weighted,0.5,8,2,16.0,2,0,0.0,102.00341777567091,2.040068355513418,0.7112159397136418,0.9947757461234925,7.911187684099372,17993
energy,power_kw_eps0.5,n_weighted,0.5,8,3,,2,0,0.0,102.00341777567091,2.040068355513418,0.7112159397136418,0.9947757461234925,7.911187684099372,17993
energy,power_kw_eps0.5,n_weighted,0.5,8,3,4.0,2,0,0.0,197.8127113247377,3.956254226494754,0.7288955476145222,0.9947757461234925,7.911187684099372,17993
energy,power_kw_eps0.5,n_weighted,0.5,8,3,8.0,2,0,0.0,103.09814472007349,2.0619628944014696,0.718416280752995,0.9947757461234925,7.911187684099372,17993
energy,power_kw_eps0.5,n_weighted,0.5,8,3,16.0,2,0,0.0,102.00341777567091,2.040068355513418,0.7112159397136418,0.9947757461234925,7.911187684099372,17993
energy,power_kw_eps0.5,n_weighted,0.5,8,4,,2,0,0.0,102.00341777567091,2.040068355513418,0.7112159397136418,0.9947757461234925,7.911187684099372,17993
energy,power_kw_eps0.5,n_weighted,0.5,8,4,4.0,2,0,0.0,197.8127113247377,3.956254226494754,0.7288955476145222,0.9947757461234925,7.911187684099372,17993
energy,power_kw_eps0.5,n_weighted,0.5,8,4,8.0,2,0,0.0,103.09814472007349,2.0619628944014696,0.718416280752995,0.9947757461234925,7.911187684099372,17993
energy,power_kw_eps0.5,n_weighted,0.5,8,4,16.0,2,0,0.0,102.00341777567091,2.040068355513418,0.7112159397136418,0.9947757461234925,7.911187684099372,17993
energy,power_kw_eps0.5,n_weighted,0.5,8,6,,2,0,0.0,102.00341777567091,2.040068355513418,0.7112159397136418,0.9947757461234925,7.911187684099372,17993
energy,power_kw_eps0.5,n_weighted,0.5,8,6,8.0,2,0,0.0,103.09814472007349,2.0619628944014696,0.718416280752995,0.9947757461234925,7.911187684099372,17993
energy,power_kw_eps0.5,n_weighted,0.5,8,6,16.0,2,0,0.0,102.00341777567091,2.040068355513418,0.7112159397136418,0.9947757461234925,7.911187684099372,17993
energy,power_kw_eps0.5,n_weighted,0.5,8,1,,2,2,0.0,101.95751187939275,2.039150237587855,0.7112159122548181,0.998493807876827,7.940756443155194,17926
energy,power_kw_eps0.5,n_weighted,0.5,8,1,4.0,2,2,0.0,197.7390060558771,3.954780121117542,0.7288955476145222,0.998493807876827,7.940756443155194,17926
energy,power_kw_eps0.5,n_weighted,0.5,8,1,8.0,2,2,0.0,103.0537278939275,2.06107455787855,0.718416280752995,0.998493807876827,7.940756443155194,17926
energy,power_kw_eps0.5,n_weighted,0.5,8,1,16.0,2,2,0.0,101.95751187939275,2.039150237587855,0.7112159122548181,0.998493807876827,7.940756443155194,17926
energy,power_kw_eps0.5,n_weighted,0.5,8,2,,2,2,0.0,101.95751187939275,2.039150237587855,0.7112159122548181,0.998493807876827,7.940756443155194,17926
energy,power_kw_eps0.5,n_weighted,0.5,8,2,4.0,2,2,0.0,197.7390060558771,3.954780121117542,0.7288955476145222,0.998493807876827,7.940756443155194,17926
energy,power_kw_eps0.5,n_weighted,0.5,8,2,8.0,2,2,0.0,103.0537278939275,2.06107455787855,0.718416280752995,0.998493807876827,7.940756443155194,17926
energy,power_kw_eps0.5,n_weighted,0.5,8,2,16.0,2,2,0.0,101.95751187939275,2.039150237587855,0.7112159122548181,0.998493807876827,7.940756443155194,17926
energy,power_kw_eps0.5,n_weighted,0.5,8,3,,2,2,0.0,101.95751187939275,2.039150237587855,0.7112159122548181,0.998493807876827,7.940756443155194,17926
energy,power_kw_eps0.5,n_weighted,0.5,8,3,4.0,2,2,0.0,197.7390060558771,3.954780121117542,0.7288955476145222,0.998493807876827,7.940756443155194,17926
energy,power_kw_eps0.5,n_weighted,0.5,8,3,8.0,2,2,0.0,103.0537278939275,2.06107455787855,0.718416280752995,0.998493807876827,7.940756443155194,17926
energy,power_kw_eps0.5,n_weighted,0.5,8,3,16.0,2,2,0.0,101.95751187939275,2.039150237587855,0.7112159122548181,0.998493807876827,7.940756443155194,17926
energy,power_kw_eps0.5,n_weighted,0.5,8,4,,2,2,0.0,101.95751187939275,2.039150237587855,0.7112159122548181,0.998493807876827,7.940756443155194,17926
energy,power_kw_eps0.5,n_weighted,0.5,8,4,4.0,2,2,0.0,197.7390060558771,3.954780121117542,0.7288955476145222,0.998493807876827,7.940756443155194,17926
energy,power_kw_eps0.5,n_weighted,0.5,8,4,8.0,2,2,0.0,103.0537278939275,2.06107455787855,0.718416280752995,0.998493807876827,7.940756443155194,17926
energy,power_kw_eps0.5,n_weighted,0.5,8,4,16.0,2,2,0.0,101.95751187939275,2.039150237587855,0.7112159122548181,0.998493807876827,7.940756443155194,17926
energy,power_kw_eps0.5,n_weighted,0.5,8,6,,2,2,0.0,101.95751187939275,2.039150237587855,0.7112159122548181,0.998493807876827,7.940756443155194,17926
energy,power_kw_eps0.5,n_weighted,0.5,8,6,8.0,2,2,0.0,103.0537278939275,2.06107455787855,0.718416280752995,0.998493807876827,7.940756443155194,17926
energy,power_kw_eps0.5,n_weighted,0.5,8,6,16.0,2,2,0.0,101.95751187939275,2.039150237587855,0.7112159122548181,0.998493807876827,7.940756443155194,17926
energy,power_kw_eps0.5,n_weighted,0.5,8,1,,2,4,0.0,101.94165126393166,2.0388330252786333,0.7112159122548181,0.999106893664527,7.945632151828077,17915
energy,power_kw_eps0.5,n_weighted,0.5,8,1,4.0,2,4,0.0,197.7090046699962,3.9541800933999243,0.7288955476145222,0.999106893664527,7.945632151828077,17915
energy,power_kw_eps0.5,n_weighted,0.5,8,1,8.0,2,4,0.0,103.03854036672537,2.0607708073345075,0.718416280752995,0.999106893664527,7.945632151828077,17915
energy,power_kw_eps0.5,n_weighted,0.5,8,1,16.0,2,4,0.0,101.94165126393166,2.0388330252786333,0.7112159122548181,0.999106893664527,7.945632151828077,17915
energy,power_kw_eps0.5,n_weighted,0.5,8,2,,2,4,0.0,101.94165126393166,2.0388330252786333,0.7112159122548181,0.999106893664527,7.945632151828077,17915
energy,power_kw_eps0.5,n_weighted,0.5,8,2,4.0,2,4,0.0,197.7090046699962,3.9541800933999243,0.7288955476145222,0.999106893664527,7.945632151828077,17915
energy,power_kw_eps0.5,n_weighted,0.5,8,2,8.0,2,4,0.0,103.03854036672537,2.0607708073345075,0.718416280752995,0.999106893664527,7.945632151828077,17915
energy,power_kw_eps0.5,n_weighted,0.5,8,2,16.0,2,4,0.0,101.94165126393166,2.0388330252786333,0.7112159122548181,0.999106893664527,7.945632151828077,17915
energy,power_kw_eps0.5,n_weighted,0.5,8,3,,2,4,0.0,101.94165126393166,2.0388330252786333,0.7112159122548181,0.999106893664527,7.945632151828077,17915
energy,power_kw_eps0.5,n_weighted,0.5,8,3,4.0,2,4,0.0,197.7090046699962,3.9541800933999243,0.7288955476145222,0.999106893664527,7.945632151828077,17915
energy,power_kw_eps0.5,n_weighted,0.5,8,3,8.0,2,4,0.0,103.03854036672537,2.0607708073345075,0.718416280752995,0.999106893664527,7.945632151828077,17915
energy,power_kw_eps0.5,n_weighted,0.5,8,3,16.0,2,4,0.0,101.94165126393166,2.0388330252786333,0.7112159122548181,0.999106893664527,7.945632151828077,17915
energy,power_kw_eps0.5,n_weighted,0.5,8,4,,2,4,0.0,101.94165126393166,2.0388330252786333,0.7112159122548181,0.999106893664527,7.945632151828077,17915
energy,power_kw_eps0.5,n_weighted,0.5,8,4,4.0,2,4,0.0,197.7090046699962,3.9541800933999243,0.7288955476145222,0.999106893664527,7.945632151828077,17915
energy,power_kw_eps0.5,n_weighted,0.5,8,4,8.0,2,4,0.0,103.03854036672537,2.0607708073345075,0.718416280752995,0.999106893664527,7.945632151828077,17915
energy,power_kw_eps0.5,n_weighted,0.5,8,4,16.0,2,4,0.0,101.94165126393166,2.0388330252786333,0.7112159122548181,0.999106893664527,7.945632151828077,17915
energy,power_kw_eps0.5,n_weighted,0.5,8,6,,2,4,0.0,101.94165126393166,2.0388330252786333,0.7112159122548181,0.999106893664527,7.945632151828077,17915
energy,power_kw_eps0.5,n_weighted,0.5,8,6,8.0,2,4,0.0,103.03854036672537,2.0607708073345075,0.718416280752995,0.999106893664527,7.945632151828077,17915
energy,power_kw_eps0.5,n_weighted,0.5,8,6,16.0,2,4,0.0,101.94165126393166,2.0388330252786333,0.7112159122548181,0.999106893664527,7.945632151828077,17915
energy,power_kw_eps0.5,n_weighted,0.5,8,1,,4,0,0.0,100.76452860053622,2.0152905720107244,0.7147477280197878,0.9952206290985884,8.02867622540847,8997
energy,power_kw_eps0.5,n_weighted,0.5,8,1,4.0,4,0,0.0,197.4302502625794,3.9486050052515878,0.8331734246250823,0.9952206290985884,8.02867622540847,8997
energy,power_kw_eps0.5,n_weighted,0.5,8,1,8.0,4,0,0.0,102.16148875522127,2.0432297751044253,0.7897221282529004,0.9952206290985884,8.02867622540847,8997
energy,power_kw_eps0.5,n_weighted,0.5,8,1,16.0,4,0,0.0,100.76452860053622,2.0152905720107244,0.7147477280197878,0.9952206290985884,8.02867622540847,8997
energy,power_kw_eps0.5,n_weighted,0.5,8,2,,4,0,0.0,100.76452860053622,2.0152905720107244,0.7147477280197878,0.9952206290985884,8.02867622540847,8997
energy,power_kw_eps0.5,n_weighted,0.5,8,2,4.0,4,0,0.0,197.4302502625794,3.9486050052515878,0.8331734246250823,0.9952206290985884,8.02867622540847,8997
energy,power_kw_eps0.5,n_weighted,0.5,8,2,8.0,4,0,0.0,102.16148875522127,2.0432297751044253,0.7897221282529004,0.9952206290985884,8.02867622540847,8997
energy,power_kw_eps0.5,n_weighted,0.5,8,2,16.0,4,0,0.0,100.76452860053622,2.0152905720107244,0.7147477280197878,0.9952206290985884,8.02867622540847,8997
energy,power_kw_eps0.5,n_weighted,0.5,8,3,,4,0,0.0,100.76452860053622,2.0152905720107244,0.7147477280197878,0.9952206290985884,8.02867622540847,8997
energy,power_kw_eps0.5,n_weighted,0.5,8,3,4.0,4,0,0.0,197.4302502625794,3.9486050052515878,0.8331734246250823,0.9952206290985884,8.02867622540847,8997
energy,power_kw_eps0.5,n_weighted,0.5,8,3,8.0,4,0,0.0,102.16148875522127,2.0432297751044253,0.7897221282529004,0.9952206290985884,8.02867622540847,8997
energy,power_kw_eps0.5,n_weighted,0.5,8,3,16.0,4,0,0.0,100.76452860053622,2.0152905720107244,0.7147477280197878,0.9952206290985884,8.02867622540847,8997
energy,power_kw_eps0.5,n_weighted,0.5,8,4,,4,0,0.0,100.76452860053622,2.0152905720107244,0.7147477280197878,0.9952206290985884,8.02867622540847,8997
energy,power_kw_eps0.5,n_weighted,0.5,8,4,4.0,4,0,0.0,197.4302502625794,3.9486050052515878,0.8331734246250823,0.9952206290985884,8.02867622540847,8997
energy,power_kw_eps0.5,n_weighted,0.5,8,4,8.0,4,0,0.0,102.16148875522127,2.0432297751044253,0.7897221282529004,0.9952206290985884,8.02867622540847,8997
energy,power_kw_eps0.5,n_weighted,0.5,8,4,16.0,4,0,0.0,100.76452860053622,2.0152905720107244,0.7147477280197878,0.9952206290985884,8.02867622540847,8997
energy,power_kw_eps0.5,n_weighted,0.5,8,6,,4,0,0.0,100.76452860053622,2.0152905720107244,0.7147477280197878,0.9952206290985884,8.02867622540847,8997
energy,power_kw_eps0.5,n_weighted,0.5,8,6,8.0,4,0,0.0,102.16148875522127,2.0432297751044253,0.7897221282529004,0.9952206290985884,8.02867622540847,8997
energy,power_kw_eps0.5,n_weighted,0.5,8,6,16.0,4,0,0.0,100.76452860053622,2.0152905720107244,0.7147477280197878,0.9952206290985884,8.02867622540847,8997
energy,power_kw_eps0.5,n_weighted,0.5,8,1,,4,2,0.0,100.71863766385998,2.0143727532771996,0.7147477280197878,0.9987730061349693,8.05733407696598,8965
energy,power_kw_eps0.5,n_weighted,0.5,8,1,4.0,4,2,0.0,197.32942714815445,3.946588542963089,0.8331734246250823,0.9987730061349693,8.05733407696598,8965
energy,power_kw_eps0.5,n_weighted,0.5,8,1,8.0,4,2,0.0,102.11411532318485,2.042282306463697,0.7897219914402351,0.9987730061349693,8.05733407696598,8965
energy,power_kw_eps0.5,n_weighted,0.5,8,1,16.0,4,2,0.0,100.71863766385998,2.0143727532771996,0.7147477280197878,0.9987730061349693,8.05733407696598,8965
energy,power_kw_eps0.5,n_weighted,0.5,8,2,,4,2,0.0,100.71863766385998,2.0143727532771996,0.7147477280197878,0.9987730061349693,8.05733407696598,8965
energy,power_kw_eps0.5,n_weighted,0.5,8,2,4.0,4,2,0.0,197.32942714815445,3.946588542963089,0.8331734246250823,0.9987730061349693,8.05733407696598,8965
energy,power_kw_eps0.5,n_weighted,0.5,8,2,8.0,4,2,0.0,102.11411532318485,2.042282306463697,0.7897219914402351,0.9987730061349693,8.05733407696598,8965
energy,power_kw_eps0.5,n_weighted,0.5,8,2,16.0,4,2,0.0,100.71863766385998,2.0143727532771996,0.7147477280197878,0.9987730061349693,8.05733407696598,8965
energy,power_kw_eps0.5,n_weighted,0.5,8,3,,4,2,0.0,100.71863766385998,2.0143727532771996,0.7147477280197878,0.9987730061349693,8.05733407696598,8965
energy,power_kw_eps0.5,n_weighted,0.5,8,3,4.0,4,2,0.0,197.32942714815445,3.946588542963089,0.8331734246250823,0.9987730061349693,8.05733407696598,8965
energy,power_kw_eps0.5,n_weighted,0.5,8,3,8.0,4,2,0.0,102.11411532318485,2.042282306463697,0.7897219914402351,0.9987730061349693,8.05733407696598,8965
energy,power_kw_eps0.5,n_weighted,0.5,8,3,16.0,4,2,0.0,100.71863766385998,2.0143727532771996,0.7147477280197878,0.9987730061349693,8.05733407696598,8965
energy,power_kw_eps0.5,n_weighted,0.5,8,4,,4,2,0.0,100.71863766385998,2.0143727532771996,0.7147477280197878,0.9987730061349693,8.05733407696598,8965
energy,power_kw_eps0.5,n_weighted,0.5,8,4,4.0,4,2,0.0,197.32942714815445,3.946588542963089,0.8331734246250823,0.9987730061349693,8.05733407696598,8965
energy,power_kw_eps0.5,n_weighted,0.5,8,4,8.0,4,2,0.0,102.11411532318485,2.042282306463697,0.7897219914402351,0.9987730061349693,8.05733407696598,8965
energy,power_kw_eps0.5,n_weighted,0.5,8,4,16.0,4,2,0.0,100.71863766385998,2.0143727532771996,0.7147477280197878,0.9987730061349693,8.05733407696598,8965
energy,power_kw_eps0.5,n_weighted,0.5,8,6,,4,2,0.0,100.71863766385998,2.0143727532771996,0.7147477280197878,0.9987730061349693,8.05733407696598,8965
energy,power_kw_eps0.5,n_weighted,0.5,8,6,8.0,4,2,0.0,102.11411532318485,2.042282306463697,0.7897219914402351,0.9987730061349693,8.05733407696598,8965
energy,power_kw_eps0.5,n_weighted,0.5,8,6,16.0,4,2,0.0,100.71863766385998,2.0143727532771996,0.7147477280197878,0.9987730061349693,8.05733407696598,8965
energy,power_kw_eps0.5,n_weighted,0.5,8,1,,4,4,0.0,100.70630380179243,2.014126076035849,0.7149766641617437,0.9993303571428571,8.061830357142858,8960
energy,power_kw_eps0.5,n_weighted,0.5,8,1,4.0,4,4,0.0,197.3012603857762,3.946025207715524,0.8331734246250823,0.9993303571428571,8.061830357142858,8960
energy,power_kw_eps0.5,n_weighted,0.5,8,1,8.0,4,4,0.0,102.10256018748967,2.0420512037497933,0.7897219914402351,0.9993303571428571,8.061830357142858,8960
energy,power_kw_eps0.5,n_weighted,0.5,8,1,16.0,4,4,0.0,100.70630380179243,2.014126076035849,0.7149766641617437,0.9993303571428571,8.061830357142858,8960
energy,power_kw_eps0.5,n_weighted,0.5,8,2,,4,4,0.0,100.70630380179243,2.014126076035849,0.7149766641617437,0.9993303571428571,8.061830357142858,8960
energy,power_kw_eps0.5,n_weighted,0.5,8,2,4.0,4,4,0.0,197.3012603857762,3.946025207715524,0.8331734246250823,0.9993303571428571,8.061830357142858,8960
energy,power_kw_eps0.5,n_weighted,0.5,8,2,8.0,4,4,0.0,102.10256018748967,2.0420512037497933,0.7897219914402351,0.9993303571428571,8.061830357142858,8960
energy,power_kw_eps0.5,n_weighted,0.5,8,2,16.0,4,4,0.0,100.70630380179243,2.014126076035849,0.7149766641617437,0.9993303571428571,8.061830357142858,8960
energy,power_kw_eps0.5,n_weighted,0.5,8,3,,4,4,0.0,100.70630380179243,2.014126076035849,0.7149766641617437,0.9993303571428571,8.061830357142858,8960
energy,power_kw_eps0.5,n_weighted,0.5,8,3,4.0,4,4,0.0,197.3012603857762,3.946025207715524,0.8331734246250823,0.9993303571428571,8.061830357142858,8960
energy,power_kw_eps0.5,n_weighted,0.5,8,3,8.0,4,4,0.0,102.10256018748967,2.0420512037497933,0.7897219914402351,0.9993303571428571,8.061830357142858,8960
energy,power_kw_eps0.5,n_weighted,0.5,8,3,16.0,4,4,0.0,100.70630380179243,2.014126076035849,0.7149766641617437,0.9993303571428571,8.061830357142858,8960
energy,power_kw_eps0.5,n_weighted,0.5,8,4,,4,4,0.0,100.70630380179243,2.014126076035849,0.7149766641617437,0.9993303571428571,8.061830357142858,8960
energy,power_kw_eps0.5,n_weighted,0.5,8,4,4.0,4,4,0.0,197.3012603857762,3.946025207715524,0.8331734246250823,0.9993303571428571,8.061830357142858,8960
energy,power_kw_eps0.5,n_weighted,0.5,8,4,8.0,4,4,0.0,102.10256018748967,2.0420512037497933,0.7897219914402351,0.9993303571428571,8.061830357142858,8960
energy,power_kw_eps0.5,n_weighted,0.5,8,4,16.0,4,4,0.0,100.70630380179243,2.014126076035849,0.7149766641617437,0.9993303571428571,8.061830357142858,8960
energy,power_kw_eps0.5,n_weighted,0.5,8,6,,4,4,0.0,100.70630380179243,2.014126076035849,0.7149766641617437,0.9993303571428571,8.061830357142858,8960
energy,power_kw_eps0.5,n_weighted,0.5,8,6,8.0,4,4,0.0,102.10256018748967,2.0420512037497933,0.7897219914402351,0.9993303571428571,8.061830357142858,8960
energy,power_kw_eps0.5,n_weighted,0.5,8,6,16.0,4,4,0.0,100.70630380179243,2.014126076035849,0.7149766641617437,0.9993303571428571,8.061830357142858,8960
