dataset,sensor,strategy,epsilon,w,P_min,P_max,delta_t,k_ext,epsilon_count,mae,normalized_mae,kl_divergence,release_rate,avg_n_tau,n_logical_timestamps
energy,power_kw_eps4.0,uniform,4.0,8,1,,1,0,0.0,12.62263579275299,0.2524527158550598,0.5130884539954318,0.9944977073780742,7.827900514103098,35985
energy,power_kw_eps4.0,uniform,4.0,8,1,4.0,1,0,0.0,24.657880723688557,0.49315761447377116,0.7270184333577269,0.9944977073780742,7.827900514103098,35985
energy,power_kw_eps4.0,uniform,4.0,8,1,8.0,1,0,0.0,12.823338065346906,0.25646676130693813,0.5192669261545744,0.9944977073780742,7.827900514103098,35985
energy,power_kw_eps4.0,uniform,4.0,8,1,16.0,1,0,0.0,12.62263579275299,0.2524527158550598,0.5130884539954318,0.9944977073780742,7.827900514103098,35985
energy,power_kw_eps4.0,uniform,4.0,8,2,,1,0,0.0,12.62263579275299,0.2524527158550598,0.5130884539954318,0.9944977073780742,7.827900514103098,35985
energy,power_kw_eps4.0,uniform,4.0,8,2,4.0,1,0,0.0,24.657880723688557,0.49315761447377116,0.7270184333577269,0.9944977073780742,7.827900514103098,35985
energy,power_kw_eps4.0,uniform,4.0,8,2,8.0,1,0,0.0,12.823338065346906,0.25646676130693813,0.5192669261545744,0.9944977073780742,7.827900514103098,35985
energy,power_kw_eps4.0,uniform,4.0,8,2,16.0,1,0,0.0,12.62263579275299,0.2524527158550598,0.5130884539954318,0.9944977073780742,7.827900514103098,35985
energy,power_kw_eps4.0,uniform,4.0,8,3,,1,0,0.0,12.62263579275299,0.2524527158550598,0.5130884539954318,0.9944977073780742,7.827900514103098,35985
energy,power_kw_eps4.0,uniform,4.0,8,3,4.0,1,0,0.0,24.657880723688557,0.49315761447377116,0.7270184333577269,0.9944977073780742,7.827900514103098,35985
energy,power_kw_eps4.0,uniform,4.0,8,3,8.0,1,0,0.0,12.823338065346906,0.25646676130693813,0.5192669261545744,0.9944977073780742,7.827900514103098,35985
energy,power_kw_eps4.0,uniform,4.0,8,3,16.0,1,0,0.0,12.62263579275299,0.2524527158550598,0.5130884539954318,0.9944977073780742,7.827900514103098,35985
energy,power_kw_eps4.0,uniform,4.0,8,4,,1,0,0.0,12.62263579275299,0.2524527158550598,0.5130884539954318,0.9944977073780742,7.827900514103098,35985
energy,power_kw_eps4.0,uniform,4.0,8,4,4.0,1,0,0.0,24.657880723688557,0.49315761447377116,0.7270184333577269,0.9944977073780742,7.827900514103098,35985
energy,power_kw_eps4.0,uniform,4.0,8,4,8.0,1,0,0.0,12.823338065346906,0.25646676130693813,0.5192669261545744,0.9944977073780742,7.827900514103098,35985
energy,power_kw_eps4.0,uniform,4.0,8,4,16.0,1,0,0.0,12.62263579275299,0.2524527158550598,0.5130884539954318,0.9944977073780742,7.827900514103098,35985
energy,power_kw_eps4.0,uniform,4.0,8,6,,1,0,0.0,12.62263579275299,0.2524527158550598,0.5130884539954318,0.9944977073780742,7.827900514103098,35985
energy,power_kw_eps4.0,uniform,4.0,8,6,8.0,1,0,0.0,12.823338065346906,0.25646676130693813,0.5192669261545744,0.9944977073780742,7.827900514103098,35985
energy,power_kw_eps4.0,uniform,4.0,8,6,16.0,1,0,0.0,12.62263579275299,0.2524527158550598,0.5130884539954318,0.9944977073780742,7.827900514103098,35985
energy,power_kw_eps4.0,uniform,4.0,8,1,,1,2,0.0,12.630599620347354,0.2526119924069471,0.5130884539954318,0.9982705235850372,7.857597143574437,35849
energy,power_kw_eps4.0,uniform,4.0,8,1,4.0,1,2,0.0,24.679869135956515,0.4935973827191303,0.7270184333577269,0.9982705235850372,7.857597143574437,35849
energy,power_kw_eps4.0,uniform,4.0,8,1,8.0,1,2,0.0,12.831856991227937,0.25663713982455877,0.5192669261545744,0.9982705235850372,7.857597143574437,35849
energy,power_kw_eps4.0,uniform,4.0,8,1,16.0,1,2,0.0,12.630599620347354,0.2526119924069471,0.5130884539954318,0.9982705235850372,7.857597143574437,35849
energy,power_kw_eps4.0,uniform,4.0,8,2,,1,2,0.0,12.630599620347354,0.2526119924069471,0.5130884539954318,0.9982705235850372,7.857597143574437,35849
energy,power_kw_eps4.0,uniform,4.0,8,2,4.0,1,2,0.0,24.679869135956515,0.4935973827191303,0.7270184333577269,0.9982705235850372,7.857597143574437,35849
energy,power_kw_eps4.0,uniform,4.0,8,2,8.0,1,2,0.0,12.831856991227937,0.25663713982455877,0.5192669261545744,0.9982705235850372,7.857597143574437,35849
energy,power_kw_eps4.0,uniform,4.0,8,2,16.0,1,2,0.0,12.630599620347354,0.2526119924069471,0.5130884539954318,0.9982705235850372,7.857597143574437,35849
energy,power_kw_eps4.0,uniform,4.0,8,3,,1,2,0.0,12.630599620347354,0.2526119924069471,0.5130884539954318,0.9982705235850372,7.857597143574437,35849
energy,power_kw_eps4.0,uniform,4.0,8,3,4.0,1,2,0.0,24.679869135956515,0.4935973827191303,0.7270184333577269,0.9982705235850372,7.857597143574437,35849
energy,power_kw_eps4.0,uniform,4.0,8,3,8.0,1,2,0.0,12.831856991227937,0.25663713982455877,0.5192669261545744,0.9982705235850372,7.857597143574437,35849
energy,power_kw_eps4.0,uniform,4.0,8,3,16.0,1,2,0.0,12.630599620347354,0.2526119924069471,0.5130884539954318,0.9982705235850372,7.857597143574437,35849
energy,power_kw_eps4.0,uniform,4.0,8,4,,1,2,0.0,12.630599620347354,0.2526119924069471,0.5130884539954318,0.9982705235850372,7.857597143574437,35849
energy,power_kw_eps4.0,uniform,4.0,8,4,4.0,1,2,0.0,24.679869135956515,0.4935973827191303,0.7270184333577269,0.9982705235850372,7.857597143574437,35849
energy,power_kw_eps4.0,uniform,4.0,8,4,8.0,1,2,0.0,12.831856991227937,0.25663713982455877,0.5192669261545744,0.9982705235850372,7.857597143574437,35849
energy,power_kw_eps4.0,uniform,4.0,8,4,16.0,1,2,0.0,12.630599620347354,0.2526119924069471,0.5130884539954318,0.9982705235850372,7.857597143574437,35849
energy,power_kw_eps4.0,uniform,4.0,8,6,,1,2,0.0,12.630599620347354,0.2526119924069471,0.5130884539954318,0.9982705235850372,7.857597143574437,35849
energy,power_kw_eps4.0,uniform,4.0,8,6,8.0,1,2,0.0,12.831856991227937,0.25663713982455877,0.5192669261545744,0.9982705235850372,7.857597143574437,35849
energy,power_kw_eps4.0,uniform,4.0,8,6,16.0,1,2,0.0,12.630599620347354,0.2526119924069471,0.5130884539954318,0.9982705235850372,7.857597143574437,35849
energy,power_kw_eps4.0,uniform,4.0,8,1,,1,4,0.0,12.631838682949196,0.2526367736589839,0.5130884539954318,0.9989950590402814,7.86330011445161,35823
energy,power_kw_eps4.0,uniform,4.0,8,1,4.0,1,4,0.0,24.683705337933482,0.49367410675866963,0.7270184333577269,0.9989950590402814,7.86330011445161,35823
energy,power_kw_eps4.0,uniform,4.0,8,1,8.0,1,4,0.0,12.833242124556488,0.25666484249112975,0.5192669261545744,0.9989950590402814,7.86330011445161,35823
energy,power_kw_eps4.0,uniform,4.0,8,1,16.0,1,4,0.0,12.631838682949196,0.2526367736589839,0.5130884539954318,0.9989950590402814,7.86330011445161,35823
energy,power_kw_eps4.0,uniform,4.0,8,2,,1,4,0.0,12.631838682949196,0.2526367736589839,0.5130884539954318,0.9989950590402814,7.86330011445161,35823
energy,power_kw_eps4.0,uniform,4.0,8,2,4.0,1,4,0.0,24.683705337933482,0.49367410675866963,0.7270184333577269,0.9989950590402814,7.86330011445161,35823
energy,power_kw_eps4.0,uniform,4.0,8,2,8.0,1,4,0.0,12.833242124556488,0.25666484249112975,0.5192669261545744,0.9989950590402814,7.86330011445161,35823
energy,power_kw_eps4.0,uniform,4.0,8,2,16.0,1,4,0.0,12.631838682949196,0.2526367736589839,0.5130884539954318,0.9989950590402814,7.86330011445161,35823
energy,power_kw_eps4.0,uniform,4.0,8,3,,1,4,0.0,12.631838682949196,0.2526367736589839,0.5130884539954318,0.9989950590402814,7.86330011445161,35823
energy,power_kw_eps4.0,uniform,4.0,8,3,4.0,1,4,0.0,24.683705337933482,0.49367410675866963,0.7270184333577269,0.9989950590402814,7.86330011445161,35823
energy,power_kw_eps4.0,uniform,4.0,8,3,8.0,1,4,0.0,12.833242124556488,0.25666484249112975,0.5192669261545744,0.9989950590402814,7.86330011445161,35823
energy,power_kw_eps4.0,uniform,4.0,8,3,16.0,1,4,0.0,12.631838682949196,0.2526367736589839,0.5130884539954318,0.9989950590402814,7.86330011445161,35823
energy,power_kw_eps4.0,uniform,4.0,8,4,,1,4,0.0,12.631838682949196,0.2526367736589839,0.5130884539954318,0.9989950590402814,7.86330011445161,35823
energy,power_kw_eps4.0,uniform,4.0,8,4,4.0,1,4,0.0,24.683705337933482,0.49367410675866963,0.7270184333577269,0.9989950590402814,7.86330011445161,35823
energy,power_kw_eps4.0,uniform,4.0,8,4,8.0,1,4,0.0,12.833242124556488,0.25666484249112975,0.5192669261545744,0.9989950590402814,7.86330011445161,35823
energy,power_kw_eps4.0,uniform,4.0,8,4,16.0,1,4,0.0,12.631838682949196,0.2526367736589839,0.5130884539954318,0.9989950590402814,7.86330011445161,35823
energy,power_kw_eps4.0,uniform,4.0,8,6,,1,4,0.0,12.631838682949196,0.2526367736589839,0.5130884539954318,0.9989950590402814,7.86330011445161,35823
energy,power_kw_eps4.0,uniform,4.0,8,6,8.0,1,4,0.0,12.833242124556488,0.25666484249112975,0.5192669261545744,0.9989950590402814,7.86330011445161,35823
energy,power_kw_eps4.0,uniform,4.0,8,6,16.0,1,4,0.0,12.631838682949196,0.2526367736589839,0.5130884539954318,0.9989950590402814,7.86330011445161,35823
energy,power_kw_eps4.0,uniform,4.0,8,1,,2,0,0.0,12.546683427587912,0.25093366855175825,0.7343049881990849,0.9947757461234925,7.911187684099372,17993
energy,power_kw_eps4.0,uniform,4.0,8,1,4.0,2,0,0.0,24.726270769857422,0.49452541539714845,0.7291276852495695,0.9947757461234925,7.911187684099372,17993
energy,power_kw_eps4.0,uniform,4.0,8,1,8.0,2,0,0.0,12.781301185927193,0.25562602371854387,0.7505088657063684,0.9947757461234925,7.911187684099372,17993
energy,power_kw_eps4.0,uniform,4.0,8,1,16.0,2,0,0.0,12.546683427587912,0.25093366855175825,0.7343049881990849,0.9947757461234925,7.911187684099372,17993
energy,power_kw_eps4.0,uniform,4.0,8,2,,2,0,0.0,12.546683427587912,0.25093366855175825,0.7343049881990849,0.9947757461234925,7.911187684099372,17993
energy,power_kw_eps4.0,uniform,4.0,8,2,4.0,2,0,0.0,24.726270769857422,0.49452541539714845,0.7291276852495695,0.9947757461234925,7.911187684099372,17993
energy,power_kw_eps4.0,uniform,4.0,8,2,8.0,2,0,0.0,12.781301185927193,0.25562602371854387,0.7505088657063684,0.9947757461234925,7.911187684099372,17993
energy,power_kw_eps4.0,uniform,4.0,8,2,16.0,2,0,0.0,12.546683427587912,0.25093366855175825,0.7343049881990849,0.9947757461234925,7.911187684099372,17993
energy,power_kw_eps4.0,uniform,4.0,8,3,,2,0,0.0,12.546683427587912,0.25093366855175825,0.7343049881990849,0.9947757461234925,7.911187684099372,17993
energy,power_kw_eps4.0,uniform,4.0,8,3,4.0,2,0,0.0,24.726270769857422,0.49452541539714845,0.7291276852495695,0.9947757461234925,7.911187684099372,17993
energy,power_kw_eps4.0,uniform,4.0,8,3,8.0,2,0,0.0,12.781301185927193,0.25562602371854387,0.7505088657063684,0.9947757461234925,7.911187684099372,17993
energy,power_kw_eps4.0,uniform,4.0,8,3,16.0,2,0,0.0,12.546683427587912,0.25093366855175825,0.7343049881990849,0.9947757461234925,7.911187684099372,17993
energy,power_kw_eps4.0,uniform,4.0,8,4,,2,0,0.0,12.546683427587912,0.25093366855175825,0.7343049881990849,0.9947757461234925,7.911187684099372,17993
energy,power_kw_eps4.0,uniform,4.0,8,4,4.0,2,0,0.0,24.726270769857422,0.49452541539714845,0.7291276852495695,0.9947757461234925,7.911187684099372,17993
energy,power_kw_eps4.0,uniform,4.0,8,4,8.0,2,0,0.0,12.781301185927193,0.25562602371854387,0.7505088657063684,0.9947757461234925,7.911187684099372,17993
energy,power_kw_eps4.0,uniform,4.0,8,4,16.0,2,0,0.0,12.546683427587912,0.25093366855175825,0.7343049881990849,0.9947757461234925,7.911187684099372,17993
energy,power_kw_eps4.0,uniform,4.0,8,6,,2,0,0.0,12.546683427587912,0.25093366855175825,0.7343049881990849,0.9947757461234925,7.911187684099372,17993
energy,power_kw_eps4.0,uniform,4.0,8,6,8.0,2,0,0.0,12.781301185927193,0.25562602371854387,0.7505088657063684,0.9947757461234925,7.911187684099372,17993
energy,power_kw_eps4.0,uniform,4.0,8,6,16.0,2,0,0.0,12.546683427587912,0.25093366855175825,0.7343049881990849,0.9947757461234925,7.911187684099372,17993
energy,power_kw_eps4.0,uniform,4.0,8,1,,2,2,0.0,12.540451678859364,0.2508090335771873,0.7343049881990849,0.998493807876827,7.940756443155194,17926
energy,power_kw_eps4.0,uniform,4.0,8,1,4.0,2,2,0.0,24.71728424314534,0.4943456848629068,0.7291276852495695,0.998493807876827,7.940756443155194,17926
energy,power_kw_eps4.0,uniform,4.0,8,1,8.0,2,2,0.0,12.775708826829675,0.2555141765365935,0.7505088657063684,0.998493807876827,7.940756443155194,17926
energy,power_kw_eps4.0,uniform,4.0,8,1,16.0,2,2,0.0,12.540451678859364,0.2508090335771873,0.7343049881990849,0.998493807876827,7.940756443155194,17926
energy,power_kw_eps4.0,uniform,4.0,8,2,,2,2,0.0,12.540451678859364,0.2508090335771873,0.7343049881990849,0.998493807876827,7.940756443155194,17926
energy,power_kw_eps4.0,uniform,4.0,8,2,4.0,2,2,0.0,24.71728424314534,0.4943456848629068,0.7291276852495695,0.998493807876827,7.940756443155194,17926
energy,power_kw_eps4.0,uniform,4.0,8,2,8.0,2,2,0.0,12.775708826829675,0.2555141765365935,0.7505088657063684,0.998493807876827,7.940756443155194,17926
energy,power_kw_eps4.0,uniform,4.0,8,2,16.0,2,2,0.0,12.540451678859364,0.2508090335771873,0.7343049881990849,0.998493807876827,7.940756443155194,17926
energy,power_kw_eps4.0,uniform,4.0,8,3,,2,2,0.0,12.540451678859364,0.2508090335771873,0.7343049881990849,0.998493807876827,7.940756443155194,17926
energy,power_kw_eps4.0,uniform,4.0,8,3,4.0,2,2,0.0,24.71728424314534,0.4943456848629068,0.7291276852495695,0.998493807876827,7.940756443155194,17926
energy,power_kw_eps4.0,uniform,4.0,8,3,8.0,2,2,0.0,12.775708826829675,0.2555141765365935,0.7505088657063684,0.998493807876827,7.940756443155194,17926
energy,power_kw_eps4.0,uniform,4.0,8,3,16.0,2,2,0.0,12.540451678859364,0.2508090335771873,0.7343049881990849,0.998493807876827,7.940756443155194,17926
energy,power_kw_eps4.0,uniform,4.0,8,4,,2,2,0.0,12.540451678859364,0.2508090335771873,0.7343049881990849,0.998493807876827,7.940756443155194,17926
energy,power_kw_eps4.0,uniform,4.0,8,4,4.0,2,2,0.0,24.71728424314534,0.4943456848629068,0.7291276852495695,0.998493807876827,7.940756443155194,17926
energy,power_kw_eps4.0,uniform,4.0,8,4,8.0,2,2,0.0,12.775708826829675,0.2555141765365935,0.7505088657063684,0.998493807876827,7.940756443155194,17926
energy,power_kw_eps4.0,uniform,4.0,8,4,16.0,2,2,0.0,12.540451678859364,0.2508090335771873,0.7343049881990849,0.998493807876827,7.940756443155194,17926
energy,power_kw_eps4.0,uniform,4.0,8,6,,2,2,0.0,12.540451678859364,0.2508090335771873,0.7343049881990849,0.998493807876827,7.940756443155194,17926
energy,power_kw_eps4.0,uniform,4.0,8,6,8.0,2,2,0.0,12.775708826829675,0.2555141765365935,0.7505088657063684,0.998493807876827,7.940756443155194,17926
energy,power_kw_eps4.0,uniform,4.0,8,6,16.0,2,2,0.0,12.540451678859364,0.2508090335771873,0.7343049881990849,0.998493807876827,7.940756443155194,17926
energy,power_kw_eps4.0,uniform,4.0,8,1,,2,4,0.0,12.53809921829042,0.2507619843658084,0.7343049881990849,0.999106893664527,7.945632151828077,17915
energy,power_kw_eps4.0,uniform,4.0,8,1,4.0,2,4,0.0,24.713548565189658,0.49427097130379316,0.7291276852495695,0.999106893664527,7.945632151828077,17915
energy,power_kw_eps4.0,uniform,4.0,8,1,8.0,2,4,0.0,12.773500816644635,0.2554700163328927,0.7505088657063684,0.999106893664527,7.945632151828077,17915
energy,power_kw_eps4.0,uniform,4.0,8,1,16.0,2,4,0.0,12.53809921829042,0.2507619843658084,0.7343049881990849,0.999106893664527,7.945632151828077,17915
energy,power_kw_eps4.0,uniform,4.0,8,2,,2,4,0.0,12.53809921829042,0.2507619843658084,0.7343049881990849,0.999106893664527,7.945632151828077,17915
energy,power_kw_eps4.0,uniform,4.0,8,2,4.0,2,4,0.0,24.713548565189658,0.49427097130379316,0.7291276852495695,0.999106893664527,7.945632151828077,17915
energy,power_kw_eps4.0,uniform,4.0,8,2,8.0,2,4,0.0,12.773500816644635,0.2554700163328927,0.7505088657063684,0.999106893664527,7.945632151828077,17915
energy,power_kw_eps4.0,uniform,4.0,8,2,16.0,2,4,0.0,12.53809921829042,0.2507619843658084,0.7343049881990849,0.999106893664527,7.945632151828077,17915
energy,power_kw_eps4.0,uniform,4.0,8,3,,2,4,0.0,12.53809921829042,0.2507619843658084,0.7343049881990849,0.999106893664527,7.945632151828077,17915
energy,power_kw_eps4.0,uniform,4.0,8,3,4.0,2,4,0.0,24.713548565189658,0.49427097130379316,0.7291276852495695,0.999106893664527,7.945632151828077,17915
energy,power_kw_eps4.0,uniform,4.0,8,3,8.0,2,4,0.0,12.773500816644635,0.2554700163328927,0.7505088657063684,0.999106893664527,7.945632151828077,17915
energy,power_kw_eps4.0,uniform,4.0,8,3,16.0,2,4,0.0,12.53809921829042,0.2507619843658084,0.7343049881990849,0.999106893664527,7.945632151828077,17915
energy,power_kw_eps4.0,uniform,4.0,8,4,,2,4,0.0,12.53809921829042,0.2507619843658084,0.7343049881990849,0.999106893664527,7.945632151828077,17915
energy,power_kw_eps4.0,uniform,4.0,8,4,4.0,2,4,0.0,24.713548565189658,0.49427097130379316,0.7291276852495695,0.999106893664527,7.945632151828077,17915
energy,power_kw_eps4.0,uniform,4.0,8,4,8.0,2,4,0.0,12.773500816644635,0.2554700163328927,0.7505088657063684,0.999106893664527,7.945632151828077,17915
energy,power_kw_eps4.0,uniform,4.0,8,4,16.0,2,4,0.0,12.53809921829042,0.2507619843658084,0.7343049881990849,0.999106893664527,7.945632151828077,17915
energy,power_kw_eps4.0,uniform,4.0,8,6,,2,4,0.0,12.53809921829042,0.2507619843658084,0.7343049881990849,0.999106893664527,7.945632151828077,17915
energy,power_kw_eps4.0,uniform,4.0,8,6,8.0,2,4,0.0,12.773500816644635,0.2554700163328927,0.7505088657063684,0.999106893664527,7.945632151828077,17915
energy,power_kw_eps4.0,uniform,4.0,8,6,16.0,2,4,0.0,12.53809921829042,0.2507619843658084,0.7343049881990849,0.999106893664527,7.945632151828077,17915
energy,power_kw_eps4.0,uniform,4.0,8,1,,4,0,0.0,12.34216740235644,0.2468433480471288,0.818069018660812,0.9952206290985884,8.02867622540847,8997
energy,power_kw_eps4.0,uniform,4.0,8,1,4.0,4,0,0.0,24.678990367260827,0.49357980734521656,0.8305996267686266,0.9952206290985884,8.02867622540847,8997
energy,power_kw_eps4.0,uniform,4.0,8,1,8.0,4,0,0.0,12.656434378258687,0.25312868756517376,0.8382851236396538,0.9952206290985884,8.02867622540847,8997
energy,power_kw_eps4.0,uniform,4.0,8,1,16.0,4,0,0.0,12.34216740235644,0.2468433480471288,0.818069018660812,0.9952206290985884,8.02867622540847,8997
energy,power_kw_eps4.0,uniform,4.0,8,2,,4,0,0.0,12.34216740235644,0.2468433480471288,0.818069018660812,0.9952206290985884,8.02867622540847,8997
energy,power_kw_eps4.0,uniform,4.0,8,2,4.0,4,0,0.0,24.678990367260827,0.49357980734521656,0.8305996267686266,0.9952206290985884,8.02867622540847,8997
energy,power_kw_eps4.0,uniform,4.0,8,2,8.0,4,0,0.0,12.656434378258687,0.25312868756517376,0.8382851236396538,0.9952206290985884,8.02867622540847,8997
energy,power_kw_eps4.0,uniform,4.0,8,2,16.0,4,0,0.0,12.34216740235644,0.2468433480471288,0.818069018660812,0.9952206290985884,8.02867622540847,8997
energy,power_kw_eps4.0,uniform,4.0,8,3,,4,0,0.0,12.34216740235644,0.2468433480471288,0.818069018660812,0.9952206290985884,8.02867622540847,8997
energy,power_kw_eps4.0,uniform,4.0,8,3,4.0,4,0,0.0,24.678990367260827,0.49357980734521656,0.8305996267686266,0.9952206290985884,8.02867622540847,8997
energy,power_kw_eps4.0,uniform,4.0,8,3,8.0,4,0,0.0,12.656434378258687,0.25312868756517376,0.8382851236396538,0.9952206290985884,8.02867622540847,8997
energy,power_kw_eps4.0,uniform,4.0,8,3,16.0,4,0,0.0,12.34216740235644,0.2468433480471288,0.818069018660812,0.9952206290985884,8.02867622540847,8997
energy,power_kw_eps4.0,uniform,4.0,8,4,,4,0,0.0,12.34216740235644,0.2468433480471288,0.818069018660812,0.9952206290985884,8.02867622540847,8997
energy,power_kw_eps4.0,uniform,4.0,8,4,4.0,4,0,0.0,24.678990367260827,0.49357980734521656,0.8305996267686266,0.9952206290985884,8.02867622540847,8997
energy,power_kw_eps4.0,uniform,4.0,8,4,8.0,4,0,0.0,12.656434378258687,0.25312868756517376,0.8382851236396538,0.9952206290985884,8.02867622540847,8997
energy,power_kw_eps4.0,uniform,4.0,8,4,16.0,4,0,0.0,12.34216740235644,0.2468433480471288,0.818069018660812,0.9952206290985884,8.02867622540847,8997
energy,power_kw_eps4.0,uniform,4.0,8,6,,4,0,0.0,12.34216740235644,0.2468433480471288,0.818069018660812,0.9952206290985884,8.02867622540847,8997
energy,power_kw_eps4.0,uniform,4.0,8,6,8.0,4,0,0.0,12.656434378258687,0.25312868756517376,0.8382851236396538,0.9952206290985884,8.02867622540847,8997
energy,power_kw_eps4.0,uniform,4.0,8,6,16.0,4,0,0.0,12.34216740235644,0.2468433480471288,0.818069018660812,0.9952206290985884,8.02867622540847,8997
energy,power_kw_eps4.0,uniform,4.0,8,1,,4,2,0.0,12.334253919334579,0.24668507838669157,0.818069018660812,0.9987730061349693,8.05733407696598,8965
energy,power_kw_eps4.0,uniform,4.0,8,1,4.0,4,2,0.0,24.666316942912783,0.49332633885825566,0.8305996267686266,0.9987730061349693,8.05733407696598,8965
energy,power_kw_eps4.0,uniform,4.0,8,1,8.0,4,2,0.0,12.648648708486698,0.25297297416973397,0.8382851236396538,0.9987730061349693,8.05733407696598,8965
energy,power_kw_eps4.0,uniform,4.0,8,1,16.0,4,2,0.0,12.334253919334579,0.24668507838669157,0.818069018660812,0.9987730061349693,8.05733407696598,8965
energy,power_kw_eps4.0,uniform,4.0,8,2,,4,2,0.0,12.334253919334579,0.24668507838669157,0.818069018660812,0.9987730061349693,8.05733407696598,8965
energy,power_kw_eps4.0,uniform,4.0,8,2,4.0,4,2,0.0,24.666316942912783,0.49332633885825566,0.8305996267686266,0.9987730061349693,8.05733407696598,8965
energy,power_kw_eps4.0,uniform,4.0,8,2,8.0,4,2,0.0,12.648648708486698,0.25297297416973397,0.8382851236396538,0.9987730061349693,8.05733407696598,8965
energy,power_kw_eps4.0,uniform,4.0,8,2,16.0,4,2,0.0,12.334253919334579,0.24668507838669157,0.818069018660812,0.9987730061349693,8.05733407696598,8965
energy,power_kw_eps4.0,uniform,4.0,8,3,,4,2,0.0,12.334253919334579,0.24668507838669157,0.818069018660812,0.9987730061349693,8.05733407696598,8965
energy,power_kw_eps4.0,uniform,4.0,8,3,4.0,4,2,0.0,24.666316942912783,0.49332633885825566,0.8305996267686266,0.9987730061349693,8.05733407696598,8965
energy,power_kw_eps4.0,uniform,4.0,8,3,8.0,4,2,0.0,12.648648708486698,0.25297297416973397,0.8382851236396538,0.9987730061349693,8.05733407696598,8965
energy,power_kw_eps4.0,uniform,4.0,8,3,16.0,4,2,0.0,12.334253919334579,0.24668507838669157,0.818069018660812,0.9987730061349693,8.05733407696598,8965
energy,power_kw_eps4.0,uniform,4.0,8,4,,4,2,0.0,12.334253919334579,0.24668507838669157,0.818069018660812,0.9987730061349693,8.05733407696598,8965
energy,power_kw_eps4.0,uniform,4.0,8,4,4.0,4,2,0.0,24.666316942912783,0.49332633885825566,0.8305996267686266,0.9987730061349693,8.05733407696598,8965
energy,power_kw_eps4.0,uniform,4.0,8,4,8.0,4,2,0.0,12.648648708486698,0.25297297416973397,0.8382851236396538,0.9987730061349693,8.05733407696598,8965
energy,power_kw_eps4.0,uniform,4.0,8,4,16.0,4,2,0.0,12.334253919334579,0.24668507838669157,0.818069018660812,0.9987730061349693,8.05733407696598,8965
energy,power_kw_eps4.0,uniform,4.0,8,6,,4,2,0.0,12.334253919334579,0.24668507838669157,0.818069018660812,0.9987730061349693,8.05733407696598,8965
energy,power_kw_eps4.0,uniform,4.0,8,6,8.0,4,2,0.0,12.648648708486698,0.25297297416973397,0.8382851236396538,0.9987730061349693,8.05733407696598,8965
energy,power_kw_eps4.0,uniform,4.0,8,6,16.0,4,2,0.0,12.334253919334579,0.24668507838669157,0.818069018660812,0.9987730061349693,8.05733407696598,8965
energy,power_kw_eps4.0,uniform,4.0,8,1,,4,4,0.0,12.33223583596994,0.24664471671939878,0.818069018660812,0.9993303571428571,8.061830357142858,8960
energy,power_kw_eps4.0,uniform,4.0,8,1,4.0,4,4,0.0,24.662734020041224,0.4932546804008245,0.8305996267686266,0.9993303571428571,8.061830357142858,8960
energy,power_kw_eps4.0,uniform,4.0,8,1,8.0,4,4,0.0,12.646806068642793,0.25293612137285587,0.8382851236396538,0.9993303571428571,8.061830357142858,8960
energy,power_kw_eps4.0,uniform,4.0,8,1,16.0,4,4,0.0,12.33223583596994,0.24664471671939878,0.818069018660812,0.9993303571428571,8.061830357142858,8960
energy,power_kw_eps4.0,uniform,4.0,8,2,,4,4,0.0,12.33223583596994,0.24664471671939878,0.818069018660812,0.9993303571428571,8.061830357142858,8960
energy,power_kw_eps4.0,uniform,4.0,8,2,4.0,4,4,0.0,24.662734020041224,0.4932546804008245,0.8305996267686266,0.9993303571428571,8.061830357142858,8960
energy,power_kw_eps4.0,uniform,4.0,8,2,8.0,4,4,0.0,12.646806068642793,0.25293612137285587,0.8382851236396538,0.9993303571428571,8.061830357142858,8960
energy,power_kw_eps4.0,uniform,4.0,8,2,16.0,4,4,0.0,12.33223583596994,0.24664471671939878,0.818069018660812,0.9993303571428571,8.061830357142858,8960
energy,power_kw_eps4.0,uniform,4.0,8,3,,4,4,0.0,12.33223583596994,0.24664471671939878,0.818069018660812,0.9993303571428571,8.061830357142858,8960
energy,power_kw_eps4.0,uniform,4.0,8,3,4.0,4,4,0.0,24.662734020041224,0.4932546804008245,0.8305996267686266,0.9993303571428571,8.061830357142858,8960
energy,power_kw_eps4.0,uniform,4.0,8,3,8.0,4,4,0.0,12.646806068642793,0.25293612137285587,0.8382851236396538,0.9993303571428571,8.061830357142858,8960
energy,power_kw_eps4.0,uniform,4.0,8,3,16.0,4,4,0.0,12.33223583596994,0.24664471671939878,0.818069018660812,0.9993303571428571,8.061830357142858,8960
energy,power_kw_eps4.0,uniform,4.0,8,4,,4,4,0.0,12.33223583596994,0.24664471671939878,0.818069018660812,0.9993303571428571,8.061830357142858,8960
energy,power_kw_eps4.0,uniform,4.0,8,4,4.0,4,4,0.0,24.662734020041224,0.4932546804008245,0.8305996267686266,0.9993303571428571,8.061830357142858,8960
energy,power_kw_eps4.0,uniform,4.0,8,4,8.0,4,4,0.0,12.646806068642793,0.25293612137285587,0.8382851236396538,0.9993303571428571,8.061830357142858,8960
energy,power_kw_eps4.0,uniform,4.0,8,4,16.0,4,4,0.0,12.33223583596994,0.24664471671939878,0.818069018660812,0.9993303571428571,8.061830357142858,8960
energy,power_kw_eps4.0,uniform,4.0,8,6,,4,4,0.0,12.33223583596994,0.24664471671939878,0.818069018660812,0.9993303571428571,8.061830357142858,8960
energy,power_kw_eps4.0,uniform,4.0,8,6,8.0,4,4,0.0,12.646806068642793,0.25293612137285587,0.8382851236396538,0.9993303571428571,8.061830357142858,8960
energy,power_kw_eps4.0,uniform,4.0,8,6,16.0,4,4,0.0,12.33223583596994,0.24664471671939878,0.818069018660812,0.9993303571428571,8.061830357142858,8960
energy,power_kw_eps4.0,sample,4.0,8,1,,1,0,0.0,1.5751169360027804,0.03150233872005561,0.5776012740509034,0.1243851604835348,7.827900514103098,35985
energy,power_kw_eps4.0,sample,4.0,8,1,4.0,1,0,0.0,3.0721374496346545,0.06144274899269309,0.6754264250483539,0.1243851604835348,7.827900514103098,35985
energy,power_kw_eps4.0,sample,4.0,8,1,8.0,1,0,0.0,1.6000178840944508,0.03200035768188902,0.5879954229640109,0.1243851604835348,7.827900514103098,35985
energy,power_kw_eps4.0,sample,4.0,8,1,16.0,1,0,0.0,1.5751169360027804,0.03150233872005561,0.5776012740509034,0.1243851604835348,7.827900514103098,35985
energy,power_kw_eps4.0,sample,4.0,8,2,,1,0,0.0,1.5751169360027804,0.03150233872005561,0.5776012740509034,0.1243851604835348,7.827900514103098,35985
energy,power_kw_eps4.0,sample,4.0,8,2,4.0,1,0,0.0,3.0721374496346545,0.06144274899269309,0.6754264250483539,0.1243851604835348,7.827900514103098,35985
energy,power_kw_eps4.0,sample,4.0,8,2,8.0,1,0,0.0,1.6000178840944508,0.03200035768188902,0.5879954229640109,0.1243851604835348,7.827900514103098,35985
energy,power_kw_eps4.0,sample,4.0,8,2,16.0,1,0,0.0,1.5751169360027804,0.03150233872005561,0.5776012740509034,0.1243851604835348,7.827900514103098,35985
energy,power_kw_eps4.0,sample,4.0,8,3,,1,0,0.0,1.5751169360027804,0.03150233872005561,0.5776012740509034,0.1243851604835348,7.827900514103098,35985
energy,power_kw_eps4.0,sample,4.0,8,3,4.0,1,0,0.0,3.0721374496346545,0.06144274899269309,0.6754264250483539,0.1243851604835348,7.827900514103098,35985
energy,power_kw_eps4.0,sample,4.0,8,3,8.0,1,0,0.0,1.6000178840944508,0.03200035768188902,0.5879954229640109,0.1243851604835348,7.827900514103098,35985
energy,power_kw_eps4.0,sample,4.0,8,3,16.0,1,0,0.0,1.5751169360027804,0.03150233872005561,0.5776012740509034,0.1243851604835348,7.827900514103098,35985
energy,power_kw_eps4.0,sample,4.0,8,4,,1,0,0.0,1.5751169360027804,0.03150233872005561,0.5776012740509034,0.1243851604835348,7.827900514103098,35985
energy,power_kw_eps4.0,sample,4.0,8,4,4.0,1,0,0.0,3.0721374496346545,0.06144274899269309,0.6754264250483539,0.1243851604835348,7.827900514103098,35985
energy,power_kw_eps4.0,sample,4.0,8,4,8.0,1,0,0.0,1.6000178840944508,0.03200035768188902,0.5879954229640109,0.1243851604835348,7.827900514103098,35985
energy,power_kw_eps4.0,sample,4.0,8,4,16.0,1,0,0.0,1.5751169360027804,0.03150233872005561,0.5776012740509034,0.1243851604835348,7.827900514103098,35985
energy,power_kw_eps4.0,sample,4.0,8,6,,1,0,0.0,1.5751169360027804,0.03150233872005561,0.5776012740509034,0.1243851604835348,7.827900514103098,35985
energy,power_kw_eps4.0,sample,4.0,8,6,8.0,1,0,0.0,1.6000178840944508,0.03200035768188902,0.5879954229640109,0.1243851604835348,7.827900514103098,35985
energy,power_kw_eps4.0,sample,4.0,8,6,16.0,1,0,0.0,1.5751169360027804,0.03150233872005561,0.5776012740509034,0.1243851604835348,7.827900514103098,35985
energy,power_kw_eps4.0,sample,4.0,8,1,,1,2,0.0,1.5761891096607659,0.03152378219321532,0.6665521036466279,0.12480124968618371,7.857597143574437,35849
energy,power_kw_eps4.0,sample,4.0,8,1,4.0,1,2,0.0,3.0745489977584515,0.06149097995516903,0.6710078588591868,0.12480124968618371,7.857597143574437,35849
energy,power_kw_eps4.0,sample,4.0,8,1,8.0,1,2,0.0,1.6021843587434959,0.03204368717486992,0.6792672031021586,0.12480124968618371,7.857597143574437,35849
energy,power_kw_eps4.0,sample,4.0,8,1,16.0,1,2,0.0,1.5761891096607659,0.03152378219321532,0.6665521036466279,0.12480124968618371,7.857597143574437,35849
energy,power_kw_eps4.0,sample,4.0,8,2,,1,2,0.0,1.5761891096607659,0.03152378219321532,0.6665521036466279,0.12480124968618371,7.857597143574437,35849
energy,power_kw_eps4.0,sample,4.0,8,2,4.0,1,2,0.0,3.0745489977584515,0.06149097995516903,0.6710078588591868,0.12480124968618371,7.857597143574437,35849
energy,power_kw_eps4.0,sample,4.0,8,2,8.0,1,2,0.0,1.6021843587434959,0.03204368717486992,0.6792672031021586,0.12480124968618371,7.857597143574437,35849
energy,power_kw_eps4.0,sample,4.0,8,2,16.0,1,2,0.0,1.5761891096607659,0.03152378219321532,0.6665521036466279,0.12480124968618371,7.857597143574437,35849
energy,power_kw_eps4.0,sample,4.0,8,3,,1,2,0.0,1.5761891096607659,0.03152378219321532,0.6665521036466279,0.12480124968618371,7.857597143574437,35849
energy,power_kw_eps4.0,sample,4.0,8,3,4.0,1,2,0.0,3.0745489977584515,0.06149097995516903,0.6710078588591868,0.12480124968618371,7.857597143574437,35849
energy,power_kw_eps4.0,sample,4.0,8,3,8.0,1,2,0.0,1.6021843587434959,0.03204368717486992,0.6792672031021586,0.12480124968618371,7.857597143574437,35849
energy,power_kw_eps4.0,sample,4.0,8,3,16.0,1,2,0.0,1.5761891096607659,0.03152378219321532,0.6665521036466279,0.12480124968618371,7.857597143574437,35849
energy,power_kw_eps4.0,sample,4.0,8,4,,1,2,0.0,1.5761891096607659,0.03152378219321532,0.6665521036466279,0.12480124968618371,7.857597143574437,35849
energy,power_kw_eps4.0,sample,4.0,8,4,4.0,1,2,0.0,3.0745489977584515,0.06149097995516903,0.6710078588591868,0.12480124968618371,7.857597143574437,35849
energy,power_kw_eps4.0,sample,4.0,8,4,8.0,1,2,0.0,1.6021843587434959,0.03204368717486992,0.6792672031021586,0.12480124968618371,7.857597143574437,35849
energy,power_kw_eps4.0,sample,4.0,8,4,16.0,1,2,0.0,1.5761891096607659,0.03152378219321532,0.6665521036466279,0.12480124968618371,7.857597143574437,35849
energy,power_kw_eps4.0,sample,4.0,8,6,,1,2,0.0,1.5761891096607659,0.03152378219321532,0.6665521036466279,0.12480124968618371,7.857597143574437,35849
energy,power_kw_eps4.0,sample,4.0,8,6,8.0,1,2,0.0,1.6021843587434959,0.03204368717486992,0.6792672031021586,0.12480124968618371,7.857597143574437,35849
energy,power_kw_eps4.0,sample,4.0,8,6,16.0,1,2,0.0,1.5761891096607659,0.03152378219321532,0.6665521036466279,0.12480124968618371,7.857597143574437,35849
energy,power_kw_eps4.0,sample,4.0,8,1,,1,4,0.0,1.5740938468812746,0.03148187693762549,0.7394592870815241,0.12491974429835581,7.86330011445161,35823
energy,power_kw_eps4.0,sample,4.0,8,1,4.0,1,4,0.0,3.0699811066287412,0.06139962213257483,0.6742999884205201,0.12491974429835581,7.86330011445161,35823
energy,power_kw_eps4.0,sample,4.0,8,1,8.0,1,4,0.0,1.5993619408626267,0.03198723881725254,0.7498255897849095,0.12491974429835581,7.86330011445161,35823
energy,power_kw_eps4.0,sample,4.0,8,1,16.0,1,4,0.0,1.5740938468812746,0.03148187693762549,0.7394592870815241,0.12491974429835581,7.86330011445161,35823
energy,power_kw_eps4.0,sample,4.0,8,2,,1,4,0.0,1.5740938468812746,0.03148187693762549,0.7394592870815241,0.12491974429835581,7.86330011445161,35823
energy,power_kw_eps4.0,sample,4.0,8,2,4.0,1,4,0.0,3.0699811066287412,0.06139962213257483,0.6742999884205201,0.12491974429835581,7.86330011445161,35823
energy,power_kw_eps4.0,sample,4.0,8,2,8.0,1,4,0.0,1.5993619408626267,0.03198723881725254,0.7498255897849095,0.12491974429835581,7.86330011445161,35823
energy,power_kw_eps4.0,sample,4.0,8,2,16.0,1,4,0.0,1.5740938468812746,0.03148187693762549,0.7394592870815241,0.12491974429835581,7.86330011445161,35823
energy,power_kw_eps4.0,sample,4.0,8,3,,1,4,0.0,1.5740938468812746,0.03148187693762549,0.7394592870815241,0.12491974429835581,7.86330011445161,35823
energy,power_kw_eps4.0,sample,4.0,8,3,4.0,1,4,0.0,3.0699811066287412,0.06139962213257483,0.6742999884205201,0.12491974429835581,7.86330011445161,35823
energy,power_kw_eps4.0,sample,4.0,8,3,8.0,1,4,0.0,1.5993619408626267,0.03198723881725254,0.7498255897849095,0.12491974429835581,7.86330011445161,35823
energy,power_kw_eps4.0,sample,4.0,8,3,16.0,1,4,0.0,1.5740938468812746,0.03148187693762549,0.7394592870815241,0.12491974429835581,7.86330011445161,35823
energy,power_kw_eps4.0,sample,4.0,8,4,,1,4,0.0,1.5740938468812746,0.03148187693762549,0.7394592870815241,0.12491974429835581,7.86330011445161,35823
energy,power_kw_eps4.0,sample,4.0,8,4,4.0,1,4,0.0,3.0699811066287412,0.06139962213257483,0.6742999884205201,0.12491974429835581,7.86330011445161,35823
energy,power_kw_eps4.0,sample,4.0,8,4,8.0,1,4,0.0,1.5993619408626267,0.03198723881725254,0.7498255897849095,0.12491974429835581,7.86330011445161,35823
energy,power_kw_eps4.0,sample,4.0,8,4,16.0,1,4,0.0,1.5740938468812746,0.03148187693762549,0.7394592870815241,0.12491974429835581,7.86330011445161,35823
energy,power_kw_eps4.0,sample,4.0,8,6,,1,4,0.0,1.5740938468812746,0.03148187693762549,0.7394592870815241,0.12491974429835581,7.86330011445161,35823
energy,power_kw_eps4.0,sample,4.0,8,6,8.0,1,4,0.0,1.5993619408626267,0.03198723881725254,0.7498255897849095,0.12491974429835581,7.86330011445161,35823
energy,power_kw_eps4.0,sample,4.0,8,6,16.0,1,4,0.0,1.5740938468812746,0.03148187693762549,0.7394592870815241,0.12491974429835581,7.86330011445161,35823
energy,power_kw_eps4.0,sample,4.0,8,1,,2,0,0.0,1.5646546675453583,0.031293093350907165,0.7616313907480975,0.12443728116489745,7.911187684099372,17993
energy,power_kw_eps4.0,sample,4.0,8,1,4.0,2,0,0.0,3.0893252900747066,0.06178650580149413,0.6845952457336795,0.12443728116489745,7.911187684099372,17993
energy,power_kw_eps4.0,sample,4.0,8,1,8.0,2,0,0.0,1.598124846227033,0.03196249692454066,0.6878924600691204,0.12443728116489745,7.911187684099372,17993
energy,power_kw_eps4.0,sample,4.0,8,1,16.0,2,0,0.0,1.5646546675453583,0.031293093350907165,0.7616313907480975,0.12443728116489745,7.911187684099372,17993
energy,power_kw_eps4.0,sample,4.0,8,2,,2,0,0.0,1.5646546675453583,0.031293093350907165,0.7616313907480975,0.12443728116489745,7.911187684099372,17993
energy,power_kw_eps4.0,sample,4.0,8,2,4.0,2,0,0.0,3.0893252900747066,0.06178650580149413,0.6845952457336795,0.12443728116489745,7.911187684099372,17993
energy,power_kw_eps4.0,sample,4.0,8,2,8.0,2,0,0.0,1.598124846227033,0.03196249692454066,0.6878924600691204,0.12443728116489745,7.911187684099372,17993
energy,power_kw_eps4.0,sample,4.0,8,2,16.0,2,0,0.0,1.5646546675453583,0.031293093350907165,0.7616313907480975,0.12443728116489745,7.911187684099372,17993
energy,power_kw_eps4.0,sample,4.0,8,3,,2,0,0.0,1.5646546675453583,0.031293093350907165,0.7616313907480975,0.12443728116489745,7.911187684099372,17993
energy,power_kw_eps4.0,sample,4.0,8,3,4.0,2,0,0.0,3.0893252900747066,0.06178650580149413,0.6845952457336795,0.12443728116489745,7.911187684099372,17993
energy,power_kw_eps4.0,sample,4.0,8,3,8.0,2,0,0.0,1.598124846227033,0.03196249692454066,0.6878924600691204,0.12443728116489745,7.911187684099372,17993
energy,power_kw_eps4.0,sample,4.0,8,3,16.0,2,0,0.0,1.5646546675453583,0.031293093350907165,0.7616313907480975,0.12443728116489745,7.911187684099372,17993
energy,power_kw_eps4.0,sample,4.0,8,4,,2,0,0.0,1.5646546675453583,0.031293093350907165,0.7616313907480975,0.12443728116489745,7.911187684099372,17993
energy,power_kw_eps4.0,sample,4.0,8,4,4.0,2,0,0.0,3.0893252900747066,0.06178650580149413,0.6845952457336795,0.12443728116489745,7.911187684099372,17993
energy,power_kw_eps4.0,sample,4.0,8,4,8.0,2,0,0.0,1.598124846227033,0.03196249692454066,0.6878924600691204,0.12443728116489745,7.911187684099372,17993
energy,power_kw_eps4.0,sample,4.0,8,4,16.0,2,0,0.0,1.5646546675453583,0.031293093350907165,0.7616313907480975,0.12443728116489745,7.911187684099372,17993
energy,power_kw_eps4.0,sample,4.0,8,6,,2,0,0.0,1.5646546675453583,0.031293093350907165,0.7616313907480975,0.12443728116489745,7.911187684099372,17993
energy,power_kw_eps4.0,sample,4.0,8,6,8.0,2,0,0.0,1.598124846227033,0.03196249692454066,0.6878924600691204,0.12443728116489745,7.911187684099372,17993
energy,power_kw_eps4.0,sample,4.0,8,6,16.0,2,0,0.0,1.5646546675453583,0.031293093350907165,0.7616313907480975,0.12443728116489745,7.911187684099372,17993
energy,power_kw_eps4.0,sample,4.0,8,1,,2,2,0.0,1.5610496978287065,0.03122099395657413,0.8324644793530166,0.12484659154301016,7.940756443155194,17926
energy,power_kw_eps4.0,sample,4.0,8,1,4.0,2,2,0.0,3.076624731573259,0.06153249463146518,0.6850871512192688,0.12484659154301016,7.940756443155194,17926
energy,power_kw_eps4.0,sample,4.0,8,1,8.0,2,2,0.0,1.59066542345239,0.0318133084690478,0.7185438570820679,0.12484659154301016,7.940756443155194,17926
energy,power_kw_eps4.0,sample,4.0,8,1,16.0,2,2,0.0,1.5610496978287065,0.03122099395657413,0.8324644793530166,0.12484659154301016,7.940756443155194,17926
energy,power_kw_eps4.0,sample,4.0,8,2,,2,2,0.0,1.5610496978287065,0.03122099395657413,0.8324644793530166,0.12484659154301016,7.940756443155194,17926
energy,power_kw_eps4.0,sample,4.0,8,2,4.0,2,2,0.0,3.076624731573259,0.06153249463146518,0.6850871512192688,0.12484659154301016,7.940756443155194,17926
energy,power_kw_eps4.0,sample,4.0,8,2,8.0,2,2,0.0,1.59066542345239,0.0318133084690478,0.7185438570820679,0.12484659154301016,7.940756443155194,17926
energy,power_kw_eps4.0,sample,4.0,8,2,16.0,2,2,0.0,1.5610496978287065,0.03122099395657413,0.8324644793530166,0.12484659154301016,7.940756443155194,17926
energy,power_kw_eps4.0,sample,4.0,8,3,,2,2,0.0,1.5610496978287065,0.03122099395657413,0.8324644793530166,0.12484659154301016,7.940756443155194,17926
energy,power_kw_eps4.0,sample,4.0,8,3,4.0,2,2,0.0,3.076624731573259,0.06153249463146518,0.6850871512192688,0.12484659154301016,7.940756443155194,17926
energy,power_kw_eps4.0,sample,4.0,8,3,8.0,2,2,0.0,1.59066542345239,0.0318133084690478,0.7185438570820679,0.12484659154301016,7.940756443155194,17926
energy,power_kw_eps4.0,sample,4.0,8,3,16.0,2,2,0.0,1.5610496978287065,0.03122099395657413,0.8324644793530166,0.12484659154301016,7.940756443155194,17926
energy,power_kw_eps4.0,sample,4.0,8,4,,2,2,0.0,1.5610496978287065,0.03122099395657413,0.8324644793530166,0.12484659154301016,7.940756443155194,17926
energy,power_kw_eps4.0,sample,4.0,8,4,4.0,2,2,0.0,3.076624731573259,0.06153249463146518,0.6850871512192688,0.12484659154301016,7.940756443155194,17926
energy,power_kw_eps4.0,sample,4.0,8,4,8.0,2,2,0.0,1.59066542345239,0.0318133084690478,0.7185438570820679,0.12484659154301016,7.940756443155194,17926
energy,power_kw_eps4.0,sample,4.0,8,4,16.0,2,2,0.0,1.5610496978287065,0.03122099395657413,0.8324644793530166,0.12484659154301016,7.940756443155194,17926
energy,power_kw_eps4.0,sample,4.0,8,6,,2,2,0.0,1.5610496978287065,0.03122099395657413,0.8324644793530166,0.12484659154301016,7.940756443155194,17926
energy,power_kw_eps4.0,sample,4.0,8,6,8.0,2,2,0.0,1.59066542345239,0.0318133084690478,0.7185438570820679,0.12484659154301016,7.940756443155194,17926
energy,power_kw_eps4.0,sample,4.0,8,6,16.0,2,2,0.0,1.5610496978287065,0.03122099395657413,0.8324644793530166,0.12484659154301016,7.940756443155194,17926
energy,power_kw_eps4.0,sample,4.0,8,1,,2,4,0.0,1.5576112336198682,0.031152224672397363,0.8052094419147995,0.12486742952832822,7.945632151828077,17915
energy,power_kw_eps4.0,sample,4.0,8,1,4.0,2,4,0.0,3.0798023464429334,0.061596046928858665,0.6784105034633866,0.12486742952832822,7.945632151828077,17915
energy,power_kw_eps4.0,sample,4.0,8,1,8.0,2,4,0.0,1.590543939677652,0.03181087879355304,0.7047796176443508,0.12486742952832822,7.945632151828077,17915
energy,power_kw_eps4.0,sample,4.0,8,1,16.0,2,4,0.0,1.5576112336198682,0.031152224672397363,0.8052094419147995,0.12486742952832822,7.945632151828077,17915
energy,power_kw_eps4.0,sample,4.0,8,2,,2,4,0.0,1.5576112336198682,0.031152224672397363,0.8052094419147995,0.12486742952832822,7.945632151828077,17915
energy,power_kw_eps4.0,sample,4.0,8,2,4.0,2,4,0.0,3.0798023464429334,0.061596046928858665,0.6784105034633866,0.12486742952832822,7.945632151828077,17915
energy,power_kw_eps4.0,sample,4.0,8,2,8.0,2,4,0.0,1.590543939677652,0.03181087879355304,0.7047796176443508,0.12486742952832822,7.945632151828077,17915
energy,power_kw_eps4.0,sample,4.0,8,2,16.0,2,4,0.0,1.5576112336198682,0.031152224672397363,0.8052094419147995,0.12486742952832822,7.945632151828077,17915
energy,power_kw_eps4.0,sample,4.0,8,3,,2,4,0.0,1.5576112336198682,0.031152224672397363,0.8052094419147995,0.12486742952832822,7.945632151828077,17915
energy,power_kw_eps4.0,sample,4.0,8,3,4.0,2,4,0.0,3.0798023464429334,0.061596046928858665,0.6784105034633866,0.12486742952832822,7.945632151828077,17915
energy,power_kw_eps4.0,sample,4.0,8,3,8.0,2,4,0.0,1.590543939677652,0.03181087879355304,0.7047796176443508,0.12486742952832822,7.945632151828077,17915
energy,power_kw_eps4.0,sample,4.0,8,3,16.0,2,4,0.0,1.5576112336198682,0.031152224672397363,0.8052094419147995,0.12486742952832822,7.945632151828077,17915
energy,power_kw_eps4.0,sample,4.0,8,4,,2,4,0.0,1.5576112336198682,0.031152224672397363,0.8052094419147995,0.12486742952832822,7.945632151828077,17915
energy,power_kw_eps4.0,sample,4.0,8,4,4.0,2,4,0.0,3.0798023464429334,0.061596046928858665,0.6784105034633866,0.12486742952832822,7.945632151828077,17915
energy,power_kw_eps4.0,sample,4.0,8,4,8.0,2,4,0.0,1.590543939677652,0.03181087879355304,0.7047796176443508,0.12486742952832822,7.945632151828077,17915
energy,power_kw_eps4.0,sample,4.0,8,4,16.0,2,4,0.0,1.5576112336198682,0.031152224672397363,0.8052094419147995,0.12486742952832822,7.945632151828077,17915
energy,power_kw_eps4.0,sample,4.0,8,6,,2,4,0.0,1.5576112336198682,0.031152224672397363,0.8052094419147995,0.12486742952832822,7.945632151828077,17915
energy,power_kw_eps4.0,sample,4.0,8,6,8.0,2,4,0.0,1.590543939677652,0.03181087879355304,0.7047796176443508,0.12486742952832822,7.945632151828077,17915
energy,power_kw_eps4.0,sample,4.0,8,6,16.0,2,4,0.0,1.5576112336198682,0.031152224672397363,0.8052094419147995,0.12486742952832822,7.945632151828077,17915
energy,power_kw_eps4.0,sample,4.0,8,1,,4,0,0.0,1.475572045173909,0.029511440903478178,0.8454845933043839,0.12459708791819496,8.02867622540847,8997
energy,power_kw_eps4.0,sample,4.0,8,1,4.0,4,0,0.0,2.9506219570077574,0.05901243914015515,0.8338927186260221,0.12459708791819496,8.02867622540847,8997
energy,power_kw_eps4.0,sample,4.0,8,1,8.0,4,0,0.0,1.511264703776323,0.03022529407552646,0.8578617349116787,0.12459708791819496,8.02867622540847,8997
energy,power_kw_eps4.0,sample,4.0,8,1,16.0,4,0,0.0,1.475572045173909,0.029511440903478178,0.8454845933043839,0.12459708791819496,8.02867622540847,8997
energy,power_kw_eps4.0,sample,4.0,8,2,,4,0,0.0,1.475572045173909,0.029511440903478178,0.8454845933043839,0.12459708791819496,8.02867622540847,8997
energy,power_kw_eps4.0,sample,4.0,8,2,4.0,4,0,0.0,2.9506219570077574,0.05901243914015515,0.8338927186260221,0.12459708791819496,8.02867622540847,8997
energy,power_kw_eps4.0,sample,4.0,8,2,8.0,4,0,0.0,1.511264703776323,0.03022529407552646,0.8578617349116787,0.12459708791819496,8.02867622540847,8997
energy,power_kw_eps4.0,sample,4.0,8,2,16.0,4,0,0.0,1.475572045173909,0.029511440903478178,0.8454845933043839,0.12459708791819496,8.02867622540847,8997
energy,power_kw_eps4.0,sample,4.0,8,3,,4,0,0.0,1.475572045173909,0.029511440903478178,0.8454845933043839,0.12459708791819496,8.02867622540847,8997
energy,power_kw_eps4.0,sample,4.0,8,3,4.0,4,0,0.0,2.9506219570077574,0.05901243914015515,0.8338927186260221,0.12459708791819496,8.02867622540847,8997
energy,power_kw_eps4.0,sample,4.0,8,3,8.0,4,0,0.0,1.511264703776323,0.03022529407552646,0.8578617349116787,0.12459708791819496,8.02867622540847,8997
energy,power_kw_eps4.0,sample,4.0,8,3,16.0,4,0,0.0,1.475572045173909,0.029511440903478178,0.8454845933043839,0.12459708791819496,8.02867622540847,8997
energy,power_kw_eps4.0,sample,4.0,8,4,,4,0,0.0,1.475572045173909,0.029511440903478178,0.8454845933043839,0.12459708791819496,8.02867622540847,8997
energy,power_kw_eps4.0,sample,4.0,8,4,4.0,4,0,0.0,2.9506219570077574,0.05901243914015515,0.8338927186260221,0.12459708791819496,8.02867622540847,8997
energy,power_kw_eps4.0,sample,4.0,8,4,8.0,4,0,0.0,1.511264703776323,0.03022529407552646,0.8578617349116787,0.12459708791819496,8.02867622540847,8997
energy,power_kw_eps4.0,sample,4.0,8,4,16.0,4,0,0.0,1.475572045173909,0.029511440903478178,0.8454845933043839,0.12459708791819496,8.02867622540847,8997
energy,power_kw_eps4.0,sample,4.0,8,6,,4,0,0.0,1.475572045173909,0.029511440903478178,0.8454845933043839,0.12459708791819496,8.02867622540847,8997
energy,power_kw_eps4.0,sample,4.0,8,6,8.0,4,0,0.0,1.511264703776323,0.03022529407552646,0.8578617349116787,0.12459708791819496,8.02867622540847,8997
energy,power_kw_eps4.0,sample,4.0,8,6,16.0,4,0,0.0,1.475572045173909,0.029511440903478178,0.8454845933043839,0.12459708791819496,8.02867622540847,8997
energy,power_kw_eps4.0,sample,4.0,8,1,,4,2,0.0,1.4819460314150763,0.029638920628301525,0.8232962985411771,0.1249302844394869,8.05733407696598,8965
energy,power_kw_eps4.0,sample,4.0,8,1,4.0,4,2,0.0,2.955766175449331,0.05911532350898662,0.8477040030436651,0.1249302844394869,8.05733407696598,8965
energy,power_kw_eps4.0,sample,4.0,8,1,8.0,4,2,0.0,1.5176618557326373,0.030353237114652747,0.8419370800488568,0.1249302844394869,8.05733407696598,8965
energy,power_kw_eps4.0,sample,4.0,8,1,16.0,4,2,0.0,1.4819460314150763,0.029638920628301525,0.8232962985411771,0.1249302844394869,8.05733407696598,8965
energy,power_kw_eps4.0,sample,4.0,8,2,,4,2,0.0,1.4819460314150763,0.029638920628301525,0.8232962985411771,0.1249302844394869,8.05733407696598,8965
energy,power_kw_eps4.0,sample,4.0,8,2,4.0,4,2,0.0,2.955766175449331,0.05911532350898662,0.8477040030436651,0.1249302844394869,8.05733407696598,8965
energy,power_kw_eps4.0,sample,4.0,8,2,8.0,4,2,0.0,1.5176618557326373,0.030353237114652747,0.8419370800488568,0.1249302844394869,8.05733407696598,8965
energy,power_kw_eps4.0,sample,4.0,8,2,16.0,4,2,0.0,1.4819460314150763,0.029638920628301525,0.8232962985411771,0.1249302844394869,8.05733407696598,8965
energy,power_kw_eps4.0,sample,4.0,8,3,,4,2,0.0,1.4819460314150763,0.029638920628301525,0.8232962985411771,0.1249302844394869,8.05733407696598,8965
energy,power_kw_eps4.0,sample,4.0,8,3,4.0,4,2,0.0,2.955766175449331,0.05911532350898662,0.8477040030436651,0.1249302844394869,8.05733407696598,8965
energy,power_kw_eps4.0,sample,4.0,8,3,8.0,4,2,0.0,1.5176618557326373,0.030353237114652747,0.8419370800488568,0.1249302844394869,8.05733407696598,8965
energy,power_kw_eps4.0,sample,4.0,8,3,16.0,4,2,0.0,1.4819460314150763,0.029638920628301525,0.8232962985411771,0.1249302844394869,8.05733407696598,8965
energy,power_kw_eps4.0,sample,4.0,8,4,,4,2,0.0,1.4819460314150763,0.029638920628301525,0.8232962985411771,0.1249302844394869,8.05733407696598,8965
energy,power_kw_eps4.0,sample,4.0,8,4,4.0,4,2,0.0,2.955766175449331,0.05911532350898662,0.8477040030436651,0.1249302844394869,8.05733407696598,8965
energy,power_kw_eps4.0,sample,4.0,8,4,8.0,4,2,0.0,1.5176618557326373,0.030353237114652747,0.8419370800488568,0.1249302844394869,8.05733407696598,8965
energy,power_kw_eps4.0,sample,4.0,8,4,16.0,4,2,0.0,1.4819460314150763,0.029638920628301525,0.8232962985411771,0.1249302844394869,8.05733407696598,8965
energy,power_kw_eps4.0,sample,4.0,8,6,,4,2,0.0,1.4819460314150763,0.029638920628301525,0.8232962985411771,0.1249302844394869,8.05733407696598,8965
energy,power_kw_eps4.0,sample,4.0,8,6,8.0,4,2,0.0,1.5176618557326373,0.030353237114652747,0.8419370800488568,0.1249302844394869,8.05733407696598,8965
energy,power_kw_eps4.0,sample,4.0,8,6,16.0,4,2,0.0,1.4819460314150763,0.029638920628301525,0.8232962985411771,0.1249302844394869,8.05733407696598,8965
energy,power_kw_eps4.0,sample,4.0,8,1,,4,4,0.0,1.4752754595526758,0.029505509191053516,0.8166003679951308,0.12488839285714286,8.061830357142858,8960
energy,power_kw_eps4.0,sample,4.0,8,1,4.0,4,4,0.0,2.959117967928163,0.05918235935856326,0.8531603304152402,0.12488839285714286,8.061830357142858,8960
energy,power_kw_eps4.0,sample,4.0,8,1,8.0,4,4,0.0,1.518032381949462,0.03036064763898924,0.8391632960386511,0.12488839285714286,8.061830357142858,8960
energy,power_kw_eps4.0,sample,4.0,8,1,16.0,4,4,0.0,1.4752754595526758,0.029505509191053516,0.8166003679951308,0.12488839285714286,8.061830357142858,8960
energy,power_kw_eps4.0,sample,4.0,8,2,,4,4,0.0,1.4752754595526758,0.029505509191053516,0.8166003679951308,0.12488839285714286,8.061830357142858,8960
energy,power_kw_eps4.0,sample,4.0,8,2,4.0,4,4,0.0,2.959117967928163,0.05918235935856326,0.8531603304152402,0.12488839285714286,8.061830357142858,8960
energy,power_kw_eps4.0,sample,4.0,8,2,8.0,4,4,0.0,1.518032381949462,0.03036064763898924,0.8391632960386511,0.12488839285714286,8.061830357142858,8960
energy,power_kw_eps4.0,sample,4.0,8,2,16.0,4,4,0.0,1.4752754595526758,0.029505509191053516,0.8166003679951308,0.12488839285714286,8.061830357142858,8960
energy,power_kw_eps4.0,sample,4.0,8,3,,4,4,0.0,1.4752754595526758,0.029505509191053516,0.8166003679951308,0.12488839285714286,8.061830357142858,8960
energy,power_kw_eps4.0,sample,4.0,8,3,4.0,4,4,0.0,2.959117967928163,0.05918235935856326,0.8531603304152402,0.12488839285714286,8.061830357142858,8960
energy,power_kw_eps4.0,sample,4.0,8,3,8.0,4,4,0.0,1.518032381949462,0.03036064763898924,0.8391632960386511,0.12488839285714286,8.061830357142858,8960
energy,power_kw_eps4.0,sample,4.0,8,3,16.0,4,4,0.0,1.4752754595526758,0.029505509191053516,0.8166003679951308,0.12488839285714286,8.061830357142858,8960
energy,power_kw_eps4.0,sample,4.0,8,4,,4,4,0.0,1.4752754595526758,0.029505509191053516,0.8166003679951308,0.12488839285714286,8.061830357142858,8960
energy,power_kw_eps4.0,sample,4.0,8,4,4.0,4,4,0.0,2.959117967928163,0.05918235935856326,0.8531603304152402,0.12488839285714286,8.061830357142858,8960
energy,power_kw_eps4.0,sample,4.0,8,4,8.0,4,4,0.0,1.518032381949462,0.03036064763898924,0.8391632960386511,0.12488839285714286,8.061830357142858,8960
energy,power_kw_eps4.0,sample,4.0,8,4,16.0,4,4,0.0,1.4752754595526758,0.029505509191053516,0.8166003679951308,0.12488839285714286,8.061830357142858,8960
energy,power_kw_eps4.0,sample,4.0,8,6,,4,4,0.0,1.4752754595526758,0.029505509191053516,0.8166003679951308,0.12488839285714286,8.061830357142858,8960
energy,power_kw_eps4.0,sample,4.0,8,6,8.0,4,4,0.0,1.518032381949462,0.03036064763898924,0.8391632960386511,0.12488839285714286,8.061830357142858,8960
energy,power_kw_eps4.0,sample,4.0,8,6,16.0,4,4,0.0,1.4752754595526758,0.029505509191053516,0.8166003679951308,0.12488839285714286,8.061830357142858,8960
energy,power_kw_eps4.0,budget_distribution,4.0,8,1,,1,0,0.0,19.006190857717232,0.3801238171543446,0.0686198644732239,0.5842712241211616,7.827900514103098,35985
energy,power_kw_eps4.0,budget_distribution,4.0,8,1,4.0,1,0,0.0,38.40837443756351,0.7681674887512702,0.16953953681967857,0.6231485341114353,7.827900514103098,35985
energy,power_kw_eps4.0,budget_distribution,4.0,8,1,8.0,1,0,0.0,19.129873978683396,0.3825974795736679,0.22781583647581974,0.584576907044602,7.827900514103098,35985
energy,power_kw_eps4.0,budget_distribution,4.0,8,1,16.0,1,0,0.0,19.006190857717232,0.3801238171543446,0.0686198644732239,0.5842712241211616,7.827900514103098,35985
energy,power_kw_eps4.0,budget_distribution,4.0,8,2,,1,0,0.0,19.006190857717232,0.3801238171543446,0.0686198644732239,0.5842712241211616,7.827900514103098,35985
energy,power_kw_eps4.0,budget_distribution,4.0,8,2,4.0,1,0,0.0,38.40837443756351,0.7681674887512702,0.16953953681967857,0.6231485341114353,7.827900514103098,35985
energy,power_kw_eps4.0,budget_distribution,4.0,8,2,8.0,1,0,0.0,19.129873978683396,0.3825974795736679,0.22781583647581974,0.584576907044602,7.827900514103098,35985
energy,power_kw_eps4.0,budget_distribution,4.0,8,2,16.0,1,0,0.0,19.006190857717232,0.3801238171543446,0.0686198644732239,0.5842712241211616,7.827900514103098,35985
energy,power_kw_eps4.0,budget_distribution,4.0,8,3,,1,0,0.0,19.006190857717232,0.3801238171543446,0.0686198644732239,0.5842712241211616,7.827900514103098,35985
energy,power_kw_eps4.0,budget_distribution,4.0,8,3,4.0,1,0,0.0,38.40837443756351,0.7681674887512702,0.16953953681967857,0.6231485341114353,7.827900514103098,35985
energy,power_kw_eps4.0,budget_distribution,4.0,8,3,8.0,1,0,0.0,19.129873978683396,0.3825974795736679,0.22781583647581974,0.584576907044602,7.827900514103098,35985
energy,power_kw_eps4.0,budget_distribution,4.0,8,3,16.0,1,0,0.0,19.006190857717232,0.3801238171543446,0.0686198644732239,0.5842712241211616,7.827900514103098,35985
energy,power_kw_eps4.0,budget_distribution,4.0,8,4,,1,0,0.0,19.006190857717232,0.3801238171543446,0.0686198644732239,0.5842712241211616,7.827900514103098,35985
energy,power_kw_eps4.0,budget_distribution,4.0,8,4,4.0,1,0,0.0,38.40837443756351,0.7681674887512702,0.16953953681967857,0.6231485341114353,7.827900514103098,35985
energy,power_kw_eps4.0,budget_distribution,4.0,8,4,8.0,1,0,0.0,19.129873978683396,0.3825974795736679,0.22781583647581974,0.584576907044602,7.827900514103098,35985
energy,power_kw_eps4.0,budget_distribution,4.0,8,4,16.0,1,0,0.0,19.006190857717232,0.3801238171543446,0.0686198644732239,0.5842712241211616,7.827900514103098,35985
energy,power_kw_eps4.0,budget_distribution,4.0,8,6,,1,0,0.0,19.006190857717232,0.3801238171543446,0.0686198644732239,0.5842712241211616,7.827900514103098,35985
energy,power_kw_eps4.0,budget_distribution,4.0,8,6,8.0,1,0,0.0,19.129873978683396,0.3825974795736679,0.22781583647581974,0.584576907044602,7.827900514103098,35985
energy,power_kw_eps4.0,budget_distribution,4.0,8,6,16.0,1,0,0.0,19.006190857717232,0.3801238171543446,0.0686198644732239,0.5842712241211616,7.827900514103098,35985
energy,power_kw_eps4.0,budget_distribution,4.0,8,1,,1,2,0.0,18.960265118074407,0.37920530236148814,0.0686198644732239,0.5864877681385813,7.857597143574437,35849
energy,power_kw_eps4.0,budget_distribution,4.0,8,1,4.0,1,2,0.0,38.380956962002536,0.7676191392400508,0.169274615866584,0.6255125665987894,7.857597143574437,35849
energy,power_kw_eps4.0,budget_distribution,4.0,8,1,8.0,1,2,0.0,19.179726454718498,0.38359452909437,0.22802615678473848,0.5867946107283327,7.857597143574437,35849
energy,power_kw_eps4.0,budget_distribution,4.0,8,1,16.0,1,2,0.0,18.960265118074407,0.37920530236148814,0.0686198644732239,0.5864877681385813,7.857597143574437,35849
energy,power_kw_eps4.0,budget_distribution,4.0,8,2,,1,2,0.0,18.960265118074407,0.37920530236148814,0.0686198644732239,0.5864877681385813,7.857597143574437,35849
energy,power_kw_eps4.0,budget_distribution,4.0,8,2,4.0,1,2,0.0,38.380956962002536,0.7676191392400508,0.169274615866584,0.6255125665987894,7.857597143574437,35849
energy,power_kw_eps4.0,budget_distribution,4.0,8,2,8.0,1,2,0.0,19.179726454718498,0.38359452909437,0.22802615678473848,0.5867946107283327,7.857597143574437,35849
energy,power_kw_eps4.0,budget_distribution,4.0,8,2,16.0,1,2,0.0,18.960265118074407,0.37920530236148814,0.0686198644732239,0.5864877681385813,7.857597143574437,35849
energy,power_kw_eps4.0,budget_distribution,4.0,8,3,,1,2,0.0,18.960265118074407,0.37920530236148814,0.0686198644732239,0.5864877681385813,7.857597143574437,35849
energy,power_kw_eps4.0,budget_distribution,4.0,8,3,4.0,1,2,0.0,38.380956962002536,0.7676191392400508,0.169274615866584,0.6255125665987894,7.857597143574437,35849
energy,power_kw_eps4.0,budget_distribution,4.0,8,3,8.0,1,2,0.0,19.179726454718498,0.38359452909437,0.22802615678473848,0.5867946107283327,7.857597143574437,35849
energy,power_kw_eps4.0,budget_distribution,4.0,8,3,16.0,1,2,0.0,18.960265118074407,0.37920530236148814,0.0686198644732239,0.5864877681385813,7.857597143574437,35849
energy,power_kw_eps4.0,budget_distribution,4.0,8,4,,1,2,0.0,18.960265118074407,0.37920530236148814,0.0686198644732239,0.5864877681385813,7.857597143574437,35849
energy,power_kw_eps4.0,budget_distribution,4.0,8,4,4.0,1,2,0.0,38.380956962002536,0.7676191392400508,0.169274615866584,0.6255125665987894,7.857597143574437,35849
energy,power_kw_eps4.0,budget_distribution,4.0,8,4,8.0,1,2,0.0,19.179726454718498,0.38359452909437,0.22802615678473848,0.5867946107283327,7.857597143574437,35849
energy,power_kw_eps4.0,budget_distribution,4.0,8,4,16.0,1,2,0.0,18.960265118074407,0.37920530236148814,0.0686198644732239,0.5864877681385813,7.857597143574437,35849
energy,power_kw_eps4.0,budget_distribution,4.0,8,6,,1,2,0.0,18.960265118074407,0.37920530236148814,0.0686198644732239,0.5864877681385813,7.857597143574437,35849
energy,power_kw_eps4.0,budget_distribution,4.0,8,6,8.0,1,2,0.0,19.179726454718498,0.38359452909437,0.22802615678473848,0.5867946107283327,7.857597143574437,35849
energy,power_kw_eps4.0,budget_distribution,4.0,8,6,16.0,1,2,0.0,18.960265118074407,0.37920530236148814,0.0686198644732239,0.5864877681385813,7.857597143574437,35849
energy,power_kw_eps4.0,budget_distribution,4.0,8,1,,1,4,0.0,18.951894054370186,0.3790378810874037,0.06858993010296058,0.5869134355023309,7.86330011445161,35823
energy,power_kw_eps4.0,budget_distribution,4.0,8,1,4.0,1,4,0.0,38.26899453528903,0.7653798907057806,0.169275462217766,0.6257432375847919,7.86330011445161,35823
energy,power_kw_eps4.0,budget_distribution,4.0,8,1,8.0,1,4,0.0,19.20476296777502,0.38409525935550043,0.22795724985600804,0.5872205007955783,7.86330011445161,35823
energy,power_kw_eps4.0,budget_distribution,4.0,8,1,16.0,1,4,0.0,18.951894054370186,0.3790378810874037,0.06858993010296058,0.5869134355023309,7.86330011445161,35823
energy,power_kw_eps4.0,budget_distribution,4.0,8,2,,1,4,0.0,18.951894054370186,0.3790378810874037,0.06858993010296058,0.5869134355023309,7.86330011445161,35823
energy,power_kw_eps4.0,budget_distribution,4.0,8,2,4.0,1,4,0.0,38.26899453528903,0.7653798907057806,0.169275462217766,0.6257432375847919,7.86330011445161,35823
energy,power_kw_eps4.0,budget_distribution,4.0,8,2,8.0,1,4,0.0,19.20476296777502,0.38409525935550043,0.22795724985600804,0.5872205007955783,7.86330011445161,35823
energy,power_kw_eps4.0,budget_distribution,4.0,8,2,16.0,1,4,0.0,18.951894054370186,0.3790378810874037,0.06858993010296058,0.5869134355023309,7.86330011445161,35823
energy,power_kw_eps4.0,budget_distribution,4.0,8,3,,1,4,0.0,18.951894054370186,0.3790378810874037,0.06858993010296058,0.5869134355023309,7.86330011445161,35823
energy,power_kw_eps4.0,budget_distribution,4.0,8,3,4.0,1,4,0.0,38.26899453528903,0.7653798907057806,0.169275462217766,0.6257432375847919,7.86330011445161,35823
energy,power_kw_eps4.0,budget_distribution,4.0,8,3,8.0,1,4,0.0,19.20476296777502,0.38409525935550043,0.22795724985600804,0.5872205007955783,7.86330011445161,35823
energy,power_kw_eps4.0,budget_distribution,4.0,8,3,16.0,1,4,0.0,18.951894054370186,0.3790378810874037,0.06858993010296058,0.5869134355023309,7.86330011445161,35823
energy,power_kw_eps4.0,budget_distribution,4.0,8,4,,1,4,0.0,18.951894054370186,0.3790378810874037,0.06858993010296058,0.5869134355023309,7.86330011445161,35823
energy,power_kw_eps4.0,budget_distribution,4.0,8,4,4.0,1,4,0.0,38.26899453528903,0.7653798907057806,0.169275462217766,0.6257432375847919,7.86330011445161,35823
energy,power_kw_eps4.0,budget_distribution,4.0,8,4,8.0,1,4,0.0,19.20476296777502,0.38409525935550043,0.22795724985600804,0.5872205007955783,7.86330011445161,35823
energy,power_kw_eps4.0,budget_distribution,4.0,8,4,16.0,1,4,0.0,18.951894054370186,0.3790378810874037,0.06858993010296058,0.5869134355023309,7.86330011445161,35823
energy,power_kw_eps4.0,budget_distribution,4.0,8,6,,1,4,0.0,18.951894054370186,0.3790378810874037,0.06858993010296058,0.5869134355023309,7.86330011445161,35823
energy,power_kw_eps4.0,budget_distribution,4.0,8,6,8.0,1,4,0.0,19.20476296777502,0.38409525935550043,0.22795724985600804,0.5872205007955783,7.86330011445161,35823
energy,power_kw_eps4.0,budget_distribution,4.0,8,6,16.0,1,4,0.0,18.951894054370186,0.3790378810874037,0.06858993010296058,0.5869134355023309,7.86330011445161,35823
energy,power_kw_eps4.0,budget_distribution,4.0,8,1,,2,0,0.0,18.594355610555894,0.37188711221111787,0.33779063577851853,0.5855610515200356,7.911187684099372,17993
energy,power_kw_eps4.0,budget_distribution,4.0,8,1,4.0,2,0,0.0,38.200867889419314,0.7640173577883863,0.231012918165203,0.6206302450953148,7.911187684099372,17993
energy,power_kw_eps4.0,budget_distribution,4.0,8,1,8.0,2,0,0.0,19.11282519135631,0.3822565038271262,0.05327669225408201,0.5866725948980159,7.911187684099372,17993
energy,power_kw_eps4.0,budget_distribution,4.0,8,1,16.0,2,0,0.0,18.594355610555894,0.37188711221111787,0.33779063577851853,0.5855610515200356,7.911187684099372,17993
energy,power_kw_eps4.0,budget_distribution,4.0,8,2,,2,0,0.0,18.594355610555894,0.37188711221111787,0.33779063577851853,0.5855610515200356,7.911187684099372,17993
energy,power_kw_eps4.0,budget_distribution,4.0,8,2,4.0,2,0,0.0,38.200867889419314,0.7640173577883863,0.231012918165203,0.6206302450953148,7.911187684099372,17993
energy,power_kw_eps4.0,budget_distribution,4.0,8,2,8.0,2,0,0.0,19.11282519135631,0.3822565038271262,0.05327669225408201,0.5866725948980159,7.911187684099372,17993
energy,power_kw_eps4.0,budget_distribution,4.0,8,2,16.0,2,0,0.0,18.594355610555894,0.37188711221111787,0.33779063577851853,0.5855610515200356,7.911187684099372,17993
energy,power_kw_eps4.0,budget_distribution,4.0,8,3,,2,0,0.0,18.594355610555894,0.37188711221111787,0.33779063577851853,0.5855610515200356,7.911187684099372,17993
energy,power_kw_eps4.0,budget_distribution,4.0,8,3,4.0,2,0,0.0,38.200867889419314,0.7640173577883863,0.231012918165203,0.6206302450953148,7.911187684099372,17993
energy,power_kw_eps4.0,budget_distribution,4.0,8,3,8.0,2,0,0.0,19.11282519135631,0.3822565038271262,0.05327669225408201,0.5866725948980159,7.911187684099372,17993
energy,power_kw_eps4.0,budget_distribution,4.0,8,3,16.0,2,0,0.0,18.594355610555894,0.37188711221111787,0.33779063577851853,0.5855610515200356,7.911187684099372,17993
energy,power_kw_eps4.0,budget_distribution,4.0,8,4,,2,0,0.0,18.594355610555894,0.37188711221111787,0.33779063577851853,0.5855610515200356,7.911187684099372,17993
energy,power_kw_eps4.0,budget_distribution,4.0,8,4,4.0,2,0,0.0,38.200867889419314,0.7640173577883863,0.231012918165203,0.6206302450953148,7.911187684099372,17993
energy,power_kw_eps4.0,budget_distribution,4.0,8,4,8.0,2,0,0.0,19.11282519135631,0.3822565038271262,0.05327669225408201,0.5866725948980159,7.911187684099372,17993
energy,power_kw_eps4.0,budget_distribution,4.0,8,4,16.0,2,0,0.0,18.594355610555894,0.37188711221111787,0.33779063577851853,0.5855610515200356,7.911187684099372,17993
energy,power_kw_eps4.0,budget_distribution,4.0,8,6,,2,0,0.0,18.594355610555894,0.37188711221111787,0.33779063577851853,0.5855610515200356,7.911187684099372,17993
energy,power_kw_eps4.0,budget_distribution,4.0,8,6,8.0,2,0,0.0,19.11282519135631,0.3822565038271262,0.05327669225408201,0.5866725948980159,7.911187684099372,17993
energy,power_kw_eps4.0,budget_distribution,4.0,8,6,16.0,2,0,0.0,18.594355610555894,0.37188711221111787,0.33779063577851853,0.5855610515200356,7.911187684099372,17993
energy,power_kw_eps4.0,budget_distribution,4.0,8,1,,2,2,0.0,18.629472644228578,0.37258945288457157,0.33802473212649436,0.5877496373981925,7.940756443155194,17926
energy,power_kw_eps4.0,budget_distribution,4.0,8,1,4.0,2,2,0.0,38.84680627616392,0.7769361255232784,0.23163422136019765,0.6230614749525828,7.940756443155194,17926
energy,power_kw_eps4.0,budget_distribution,4.0,8,1,8.0,2,2,0.0,19.009146892412176,0.38018293784824353,0.05321777682125442,0.5888653352672096,7.940756443155194,17926
energy,power_kw_eps4.0,budget_distribution,4.0,8,1,16.0,2,2,0.0,18.629472644228578,0.37258945288457157,0.33802473212649436,0.5877496373981925,7.940756443155194,17926
energy,power_kw_eps4.0,budget_distribution,4.0,8,2,,2,2,0.0,18.629472644228578,0.37258945288457157,0.33802473212649436,0.5877496373981925,7.940756443155194,17926
energy,power_kw_eps4.0,budget_distribution,4.0,8,2,4.0,2,2,0.0,38.84680627616392,0.7769361255232784,0.23163422136019765,0.6230614749525828,7.940756443155194,17926
energy,power_kw_eps4.0,budget_distribution,4.0,8,2,8.0,2,2,0.0,19.009146892412176,0.38018293784824353,0.05321777682125442,0.5888653352672096,7.940756443155194,17926
energy,power_kw_eps4.0,budget_distribution,4.0,8,2,16.0,2,2,0.0,18.629472644228578,0.37258945288457157,0.33802473212649436,0.5877496373981925,7.940756443155194,17926
energy,power_kw_eps4.0,budget_distribution,4.0,8,3,,2,2,0.0,18.629472644228578,0.37258945288457157,0.33802473212649436,0.5877496373981925,7.940756443155194,17926
energy,power_kw_eps4.0,budget_distribution,4.0,8,3,4.0,2,2,0.0,38.84680627616392,0.7769361255232784,0.23163422136019765,0.6230614749525828,7.940756443155194,17926
energy,power_kw_eps4.0,budget_distribution,4.0,8,3,8.0,2,2,0.0,19.009146892412176,0.38018293784824353,0.05321777682125442,0.5888653352672096,7.940756443155194,17926
energy,power_kw_eps4.0,budget_distribution,4.0,8,3,16.0,2,2,0.0,18.629472644228578,0.37258945288457157,0.33802473212649436,0.5877496373981925,7.940756443155194,17926
energy,power_kw_eps4.0,budget_distribution,4.0,8,4,,2,2,0.0,18.629472644228578,0.37258945288457157,0.33802473212649436,0.5877496373981925,7.940756443155194,17926
energy,power_kw_eps4.0,budget_distribution,4.0,8,4,4.0,2,2,0.0,38.84680627616392,0.7769361255232784,0.23163422136019765,0.6230614749525828,7.940756443155194,17926
energy,power_kw_eps4.0,budget_distribution,4.0,8,4,8.0,2,2,0.0,19.009146892412176,0.38018293784824353,0.05321777682125442,0.5888653352672096,7.940756443155194,17926
energy,power_kw_eps4.0,budget_distribution,4.0,8,4,16.0,2,2,0.0,18.629472644228578,0.37258945288457157,0.33802473212649436,0.5877496373981925,7.940756443155194,17926
energy,power_kw_eps4.0,budget_distribution,4.0,8,6,,2,2,0.0,18.629472644228578,0.37258945288457157,0.33802473212649436,0.5877496373981925,7.940756443155194,17926
energy,power_kw_eps4.0,budget_distribution,4.0,8,6,8.0,2,2,0.0,19.009146892412176,0.38018293784824353,0.05321777682125442,0.5888653352672096,7.940756443155194,17926
energy,power_kw_eps4.0,budget_distribution,4.0,8,6,16.0,2,2,0.0,18.629472644228578,0.37258945288457157,0.33802473212649436,0.5877496373981925,7.940756443155194,17926
energy,power_kw_eps4.0,budget_distribution,4.0,8,1,,2,4,0.0,18.606323717364447,0.37212647434728896,0.33826257384667363,0.5881105219090148,7.945632151828077,17915
energy,power_kw_eps4.0,budget_distribution,4.0,8,1,4.0,2,4,0.0,38.63385532225582,0.7726771064451163,0.23170701486228312,0.623444041306168,7.945632151828077,17915
energy,power_kw_eps4.0,budget_distribution,4.0,8,1,8.0,2,4,0.0,18.99481735618343,0.3798963471236686,0.05327618553772972,0.5892269048283562,7.945632151828077,17915
energy,power_kw_eps4.0,budget_distribution,4.0,8,1,16.0,2,4,0.0,18.606323717364447,0.37212647434728896,0.33826257384667363,0.5881105219090148,7.945632151828077,17915
energy,power_kw_eps4.0,budget_distribution,4.0,8,2,,2,4,0.0,18.606323717364447,0.37212647434728896,0.33826257384667363,0.5881105219090148,7.945632151828077,17915
energy,power_kw_eps4.0,budget_distribution,4.0,8,2,4.0,2,4,0.0,38.63385532225582,0.7726771064451163,0.23170701486228312,0.623444041306168,7.945632151828077,17915
energy,power_kw_eps4.0,budget_distribution,4.0,8,2,8.0,2,4,0.0,18.99481735618343,0.3798963471236686,0.05327618553772972,0.5892269048283562,7.945632151828077,17915
energy,power_kw_eps4.0,budget_distribution,4.0,8,2,16.0,2,4,0.0,18.606323717364447,0.37212647434728896,0.33826257384667363,0.5881105219090148,7.945632151828077,17915
energy,power_kw_eps4.0,budget_distribution,4.0,8,3,,2,4,0.0,18.606323717364447,0.37212647434728896,0.33826257384667363,0.5881105219090148,7.945632151828077,17915
energy,power_kw_eps4.0,budget_distribution,4.0,8,3,4.0,2,4,0.0,38.63385532225582,0.7726771064451163,0.23170701486228312,0.623444041306168,7.945632151828077,17915
energy,power_kw_eps4.0,budget_distribution,4.0,8,3,8.0,2,4,0.0,18.99481735618343,0.3798963471236686,0.05327618553772972,0.5892269048283562,7.945632151828077,17915
energy,power_kw_eps4.0,budget_distribution,4.0,8,3,16.0,2,4,0.0,18.606323717364447,0.37212647434728896,0.33826257384667363,0.5881105219090148,7.945632151828077,17915
energy,power_kw_eps4.0,budget_distribution,4.0,8,4,,2,4,0.0,18.606323717364447,0.37212647434728896,0.33826257384667363,0.5881105219090148,7.945632151828077,17915
energy,power_kw_eps4.0,budget_distribution,4.0,8,4,4.0,2,4,0.0,38.63385532225582,0.7726771064451163,0.23170701486228312,0.623444041306168,7.945632151828077,17915
energy,power_kw_eps4.0,budget_distribution,4.0,8,4,8.0,2,4,0.0,18.99481735618343,0.3798963471236686,0.05327618553772972,0.5892269048283562,7.945632151828077,17915
energy,power_kw_eps4.0,budget_distribution,4.0,8,4,16.0,2,4,0.0,18.606323717364447,0.37212647434728896,0.33826257384667363,0.5881105219090148,7.945632151828077,17915
energy,power_kw_eps4.0,budget_distribution,4.0,8,6,,2,4,0.0,18.606323717364447,0.37212647434728896,0.33826257384667363,0.5881105219090148,7.945632151828077,17915
energy,power_kw_eps4.0,budget_distribution,4.0,8,6,8.0,2,4,0.0,18.99481735618343,0.3798963471236686,0.05327618553772972,0.5892269048283562,7.945632151828077,17915
energy,power_kw_eps4.0,budget_distribution,4.0,8,6,16.0,2,4,0.0,18.606323717364447,0.37212647434728896,0.33826257384667363,0.5881105219090148,7.945632151828077,17915
energy,power_kw_eps4.0,budget_distribution,4.0,8,1,,4,0,0.0,17.637081656960856,0.35274163313921714,0.266056437389617,0.5818606202067356,8.02867622540847,8997
energy,power_kw_eps4.0,budget_distribution,4.0,8,1,4.0,4,0,0.0,37.89413976146692,0.7578827952293383,0.21390920008117362,0.6212070690230077,8.02867622540847,8997
energy,power_kw_eps4.0,budget_distribution,4.0,8,1,8.0,4,0,0.0,18.291766783572182,0.36583533567144366,0.4394291874787072,0.584972768700678,8.02867622540847,8997
energy,power_kw_eps4.0,budget_distribution,4.0,8,1,16.0,4,0,0.0,17.637081656960856,0.35274163313921714,0.266056437389617,0.5818606202067356,8.02867622540847,8997
energy,power_kw_eps4.0,budget_distribution,4.0,8,2,,4,0,0.0,17.637081656960856,0.35274163313921714,0.266056437389617,0.5818606202067356,8.02867622540847,8997
energy,power_kw_eps4.0,budget_distribution,4.0,8,2,4.0,4,0,0.0,37.89413976146692,0.7578827952293383,0.21390920008117362,0.6212070690230077,8.02867622540847,8997
energy,power_kw_eps4.0,budget_distribution,4.0,8,2,8.0,4,0,0.0,18.291766783572182,0.36583533567144366,0.4394291874787072,0.584972768700678,8.02867622540847,8997
energy,power_kw_eps4.0,budget_distribution,4.0,8,2,16.0,4,0,0.0,17.637081656960856,0.35274163313921714,0.266056437389617,0.5818606202067356,8.02867622540847,8997
energy,power_kw_eps4.0,budget_distribution,4.0,8,3,,4,0,0.0,17.637081656960856,0.35274163313921714,0.266056437389617,0.5818606202067356,8.02867622540847,8997
energy,power_kw_eps4.0,budget_distribution,4.0,8,3,4.0,4,0,0.0,37.89413976146692,0.7578827952293383,0.21390920008117362,0.6212070690230077,8.02867622540847,8997
energy,power_kw_eps4.0,budget_distribution,4.0,8,3,8.0,4,0,0.0,18.291766783572182,0.36583533567144366,0.4394291874787072,0.584972768700678,8.02867622540847,8997
energy,power_kw_eps4.0,budget_distribution,4.0,8,3,16.0,4,0,0.0,17.637081656960856,0.35274163313921714,0.266056437389617,0.5818606202067356,8.02867622540847,8997
energy,power_kw_eps4.0,budget_distribution,4.0,8,4,,4,0,0.0,17.637081656960856,0.35274163313921714,0.266056437389617,0.5818606202067356,8.02867622540847,8997
energy,power_kw_eps4.0,budget_distribution,4.0,8,4,4.0,4,0,0.0,37.89413976146692,0.7578827952293383,0.21390920008117362,0.6212070690230077,8.02867622540847,8997
energy,power_kw_eps4.0,budget_distribution,4.0,8,4,8.0,4,0,0.0,18.291766783572182,0.36583533567144366,0.4394291874787072,0.584972768700678,8.02867622540847,8997
energy,power_kw_eps4.0,budget_distribution,4.0,8,4,16.0,4,0,0.0,17.637081656960856,0.35274163313921714,0.266056437389617,0.5818606202067356,8.02867622540847,8997
energy,power_kw_eps4.0,budget_distribution,4.0,8,6,,4,0,0.0,17.637081656960856,0.35274163313921714,0.266056437389617,0.5818606202067356,8.02867622540847,8997
energy,power_kw_eps4.0,budget_distribution,4.0,8,6,8.0,4,0,0.0,18.291766783572182,0.36583533567144366,0.4394291874787072,0.584972768700678,8.02867622540847,8997
energy,power_kw_eps4.0,budget_distribution,4.0,8,6,16.0,4,0,0.0,17.637081656960856,0.35274163313921714,0.266056437389617,0.5818606202067356,8.02867622540847,8997
energy,power_kw_eps4.0,budget_distribution,4.0,8,1,,4,2,0.0,17.646372048435516,0.3529274409687103,0.2648960095989114,0.5839375348577802,8.05733407696598,8965
energy,power_kw_eps4.0,budget_distribution,4.0,8,1,4.0,4,2,0.0,37.93061944255106,0.7586123888510212,0.21432110955944136,0.6232013385387618,8.05733407696598,8965
energy,power_kw_eps4.0,budget_distribution,4.0,8,1,8.0,4,2,0.0,18.30700523145432,0.36614010462908636,0.4364761657665562,0.5870607919687675,8.05733407696598,8965
energy,power_kw_eps4.0,budget_distribution,4.0,8,1,16.0,4,2,0.0,17.646372048435516,0.3529274409687103,0.2648960095989114,0.5839375348577802,8.05733407696598,8965
energy,power_kw_eps4.0,budget_distribution,4.0,8,2,,4,2,0.0,17.646372048435516,0.3529274409687103,0.2648960095989114,0.5839375348577802,8.05733407696598,8965
energy,power_kw_eps4.0,budget_distribution,4.0,8,2,4.0,4,2,0.0,37.93061944255106,0.7586123888510212,0.21432110955944136,0.6232013385387618,8.05733407696598,8965
energy,power_kw_eps4.0,budget_distribution,4.0,8,2,8.0,4,2,0.0,18.30700523145432,0.36614010462908636,0.4364761657665562,0.5870607919687675,8.05733407696598,8965
energy,power_kw_eps4.0,budget_distribution,4.0,8,2,16.0,4,2,0.0,17.646372048435516,0.3529274409687103,0.2648960095989114,0.5839375348577802,8.05733407696598,8965
energy,power_kw_eps4.0,budget_distribution,4.0,8,3,,4,2,0.0,17.646372048435516,0.3529274409687103,0.2648960095989114,0.5839375348577802,8.05733407696598,8965
energy,power_kw_eps4.0,budget_distribution,4.0,8,3,4.0,4,2,0.0,37.93061944255106,0.7586123888510212,0.21432110955944136,0.6232013385387618,8.05733407696598,8965
energy,power_kw_eps4.0,budget_distribution,4.0,8,3,8.0,4,2,0.0,18.30700523145432,0.36614010462908636,0.4364761657665562,0.5870607919687675,8.05733407696598,8965
energy,power_kw_eps4.0,budget_distribution,4.0,8,3,16.0,4,2,0.0,17.646372048435516,0.3529274409687103,0.2648960095989114,0.5839375348577802,8.05733407696598,8965
energy,power_kw_eps4.0,budget_distribution,4.0,8,4,,4,2,0.0,17.646372048435516,0.3529274409687103,0.2648960095989114,0.5839375348577802,8.05733407696598,8965
energy,power_kw_eps4.0,budget_distribution,4.0,8,4,4.0,4,2,0.0,37.93061944255106,0.7586123888510212,0.21432110955944136,0.6232013385387618,8.05733407696598,8965
energy,power_kw_eps4.0,budget_distribution,4.0,8,4,8.0,4,2,0.0,18.30700523145432,0.36614010462908636,0.4364761657665562,0.5870607919687675,8.05733407696598,8965
energy,power_kw_eps4.0,budget_distribution,4.0,8,4,16.0,4,2,0.0,17.646372048435516,0.3529274409687103,0.2648960095989114,0.5839375348577802,8.05733407696598,8965
energy,power_kw_eps4.0,budget_distribution,4.0,8,6,,4,2,0.0,17.646372048435516,0.3529274409687103,0.2648960095989114,0.5839375348577802,8.05733407696598,8965
energy,power_kw_eps4.0,budget_distribution,4.0,8,6,8.0,4,2,0.0,18.30700523145432,0.36614010462908636,0.4364761657665562,0.5870607919687675,8.05733407696598,8965
energy,power_kw_eps4.0,budget_distribution,4.0,8,6,16.0,4,2,0.0,17.646372048435516,0.3529274409687103,0.2648960095989114,0.5839375348577802,8.05733407696598,8965
energy,power_kw_eps4.0,budget_distribution,4.0,8,1,,4,4,0.0,17.69019804430811,0.3538039608861622,0.21145221777999254,0.5842633928571429,8.061830357142858,8960
energy,power_kw_eps4.0,budget_distribution,4.0,8,1,4.0,4,4,0.0,37.950513887702414,0.7590102777540483,0.21459792830701332,0.6235491071428572,8.061830357142858,8960
energy,power_kw_eps4.0,budget_distribution,4.0,8,1,8.0,4,4,0.0,18.313482032886725,0.3662696406577345,0.4364761657665562,0.5873883928571428,8.061830357142858,8960
energy,power_kw_eps4.0,budget_distribution,4.0,8,1,16.0,4,4,0.0,17.69019804430811,0.3538039608861622,0.21145221777999254,0.5842633928571429,8.061830357142858,8960
energy,power_kw_eps4.0,budget_distribution,4.0,8,2,,4,4,0.0,17.69019804430811,0.3538039608861622,0.21145221777999254,0.5842633928571429,8.061830357142858,8960
energy,power_kw_eps4.0,budget_distribution,4.0,8,2,4.0,4,4,0.0,37.950513887702414,0.7590102777540483,0.21459792830701332,0.6235491071428572,8.061830357142858,8960
energy,power_kw_eps4.0,budget_distribution,4.0,8,2,8.0,4,4,0.0,18.313482032886725,0.3662696406577345,0.4364761657665562,0.5873883928571428,8.061830357142858,8960
energy,power_kw_eps4.0,budget_distribution,4.0,8,2,16.0,4,4,0.0,17.69019804430811,0.3538039608861622,0.21145221777999254,0.5842633928571429,8.061830357142858,8960
energy,power_kw_eps4.0,budget_distribution,4.0,8,3,,4,4,0.0,17.69019804430811,0.3538039608861622,0.21145221777999254,0.5842633928571429,8.061830357142858,8960
energy,power_kw_eps4.0,budget_distribution,4.0,8,3,4.0,4,4,0.0,37.950513887702414,0.7590102777540483,0.21459792830701332,0.6235491071428572,8.061830357142858,8960
energy,power_kw_eps4.0,budget_distribution,4.0,8,3,8.0,4,4,0.0,18.313482032886725,0.3662696406577345,0.4364761657665562,0.5873883928571428,8.061830357142858,8960
energy,power_kw_eps4.0,budget_distribution,4.0,8,3,16.0,4,4,0.0,17.69019804430811,0.3538039608861622,0.21145221777999254,0.5842633928571429,8.061830357142858,8960
energy,power_kw_eps4.0,budget_distribution,4.0,8,4,,4,4,0.0,17.69019804430811,0.3538039608861622,0.21145221777999254,0.5842633928571429,8.061830357142858,8960
energy,power_kw_eps4.0,budget_distribution,4.0,8,4,4.0,4,4,0.0,37.950513887702414,0.7590102777540483,0.21459792830701332,0.6235491071428572,8.061830357142858,8960
energy,power_kw_eps4.0,budget_distribution,4.0,8,4,8.0,4,4,0.0,18.313482032886725,0.3662696406577345,0.4364761657665562,0.5873883928571428,8.061830357142858,8960
energy,power_kw_eps4.0,budget_distribution,4.0,8,4,16.0,4,4,0.0,17.69019804430811,0.3538039608861622,0.21145221777999254,0.5842633928571429,8.061830357142858,8960
energy,power_kw_eps4.0,budget_distribution,4.0,8,6,,4,4,0.0,17.69019804430811,0.3538039608861622,0.21145221777999254,0.5842633928571429,8.061830357142858,8960
energy,power_kw_eps4.0,budget_distribution,4.0,8,6,8.0,4,4,0.0,18.313482032886725,0.3662696406577345,0.4364761657665562,0.5873883928571428,8.061830357142858,8960
energy,power_kw_eps4.0,budget_distribution,4.0,8,6,16.0,4,4,0.0,17.69019804430811,0.3538039608861622,0.21145221777999254,0.5842633928571429,8.061830357142858,8960
energy,power_kw_eps4.0,budget_absorption,4.0,8,1,,1,0,0.0,13.28489436765746,0.2656978873531492,0.6973159405772018,0.42998471585382797,7.827900514103098,35985
energy,power_kw_eps4.0,budget_absorption,4.0,8,1,4.0,1,0,0.0,28.349879040126265,0.5669975808025253,0.8132482645787825,0.4790885091010143,7.827900514103098,35985
energy,power_kw_eps4.0,budget_absorption,4.0,8,1,8.0,1,0,0.0,13.573104490108996,0.2714620898021799,0.5084720223118556,0.43545921911907737,7.827900514103098,35985
energy,power_kw_eps4.0,budget_absorption,4.0,8,1,16.0,1,0,0.0,13.28489436765746,0.2656978873531492,0.6973159405772018,0.42998471585382797,7.827900514103098,35985
energy,power_kw_eps4.0,budget_absorption,4.0,8,2,,1,0,0.0,13.28489436765746,0.2656978873531492,0.6973159405772018,0.42998471585382797,7.827900514103098,35985
energy,power_kw_eps4.0,budget_absorption,4.0,8,2,4.0,1,0,0.0,28.349879040126265,0.5669975808025253,0.8132482645787825,0.4790885091010143,7.827900514103098,35985
energy,power_kw_eps4.0,budget_absorption,4.0,8,2,8.0,1,0,0.0,13.573104490108996,0.2714620898021799,0.5084720223118556,0.43545921911907737,7.827900514103098,35985
energy,power_kw_eps4.0,budget_absorption,4.0,8,2,16.0,1,0,0.0,13.28489436765746,0.2656978873531492,0.6973159405772018,0.42998471585382797,7.827900514103098,35985
energy,power_kw_eps4.0,budget_absorption,4.0,8,3,,1,0,0.0,13.28489436765746,0.2656978873531492,0.6973159405772018,0.42998471585382797,7.827900514103098,35985
energy,power_kw_eps4.0,budget_absorption,4.0,8,3,4.0,1,0,0.0,28.349879040126265,0.5669975808025253,0.8132482645787825,0.4790885091010143,7.827900514103098,35985
energy,power_kw_eps4.0,budget_absorption,4.0,8,3,8.0,1,0,0.0,13.573104490108996,0.2714620898021799,0.5084720223118556,0.43545921911907737,7.827900514103098,35985
energy,power_kw_eps4.0,budget_absorption,4.0,8,3,16.0,1,0,0.0,13.28489436765746,0.2656978873531492,0.6973159405772018,0.42998471585382797,7.827900514103098,35985
energy,power_kw_eps4.0,budget_absorption,4.0,8,4,,1,0,0.0,13.28489436765746,0.2656978873531492,0.6973159405772018,0.42998471585382797,7.827900514103098,35985
energy,power_kw_eps4.0,budget_absorption,4.0,8,4,4.0,1,0,0.0,28.349879040126265,0.5669975808025253,0.8132482645787825,0.4790885091010143,7.827900514103098,35985
energy,power_kw_eps4.0,budget_absorption,4.0,8,4,8.0,1,0,0.0,13.573104490108996,0.2714620898021799,0.5084720223118556,0.43545921911907737,7.827900514103098,35985
energy,power_kw_eps4.0,budget_absorption,4.0,8,4,16.0,1,0,0.0,13.28489436765746,0.2656978873531492,0.6973159405772018,0.42998471585382797,7.827900514103098,35985
energy,power_kw_eps4.0,budget_absorption,4.0,8,6,,1,0,0.0,13.28489436765746,0.2656978873531492,0.6973159405772018,0.42998471585382797,7.827900514103098,35985
energy,power_kw_eps4.0,budget_absorption,4.0,8,6,8.0,1,0,0.0,13.573104490108996,0.2714620898021799,0.5084720223118556,0.43545921911907737,7.827900514103098,35985
energy,power_kw_eps4.0,budget_absorption,4.0,8,6,16.0,1,0,0.0,13.28489436765746,0.2656978873531492,0.6973159405772018,0.42998471585382797,7.827900514103098,35985
energy,power_kw_eps4.0,budget_absorption,4.0,8,1,,1,2,0.0,13.313284452914207,0.2662656890582841,0.6973159405772018,0.43161594465675474,7.857597143574437,35849
energy,power_kw_eps4.0,budget_absorption,4.0,8,1,4.0,1,2,0.0,28.25577121450478,0.5651154242900955,0.8132482645787825,0.4809060224831934,7.857597143574437,35849
energy,power_kw_eps4.0,budget_absorption,4.0,8,1,8.0,1,2,0.0,13.603196215568854,0.2720639243113771,0.5084720223118556,0.43711121649139445,7.857597143574437,35849
energy,power_kw_eps4.0,budget_absorption,4.0,8,1,16.0,1,2,0.0,13.313284452914207,0.2662656890582841,0.6973159405772018,0.43161594465675474,7.857597143574437,35849
energy,power_kw_eps4.0,budget_absorption,4.0,8,2,,1,2,0.0,13.313284452914207,0.2662656890582841,0.6973159405772018,0.43161594465675474,7.857597143574437,35849
energy,power_kw_eps4.0,budget_absorption,4.0,8,2,4.0,1,2,0.0,28.25577121450478,0.5651154242900955,0.8132482645787825,0.4809060224831934,7.857597143574437,35849
energy,power_kw_eps4.0,budget_absorption,4.0,8,2,8.0,1,2,0.0,13.603196215568854,0.2720639243113771,0.5084720223118556,0.43711121649139445,7.857597143574437,35849
energy,power_kw_eps4.0,budget_absorption,4.0,8,2,16.0,1,2,0.0,13.313284452914207,0.2662656890582841,0.6973159405772018,0.43161594465675474,7.857597143574437,35849
energy,power_kw_eps4.0,budget_absorption,4.0,8,3,,1,2,0.0,13.313284452914207,0.2662656890582841,0.6973159405772018,0.43161594465675474,7.857597143574437,35849
energy,power_kw_eps4.0,budget_absorption,4.0,8,3,4.0,1,2,0.0,28.25577121450478,0.5651154242900955,0.8132482645787825,0.4809060224831934,7.857597143574437,35849
energy,power_kw_eps4.0,budget_absorption,4.0,8,3,8.0,1,2,0.0,13.603196215568854,0.2720639243113771,0.5084720223118556,0.43711121649139445,7.857597143574437,35849
energy,power_kw_eps4.0,budget_absorption,4.0,8,3,16.0,1,2,0.0,13.313284452914207,0.2662656890582841,0.6973159405772018,0.43161594465675474,7.857597143574437,35849
energy,power_kw_eps4.0,budget_absorption,4.0,8,4,,1,2,0.0,13.313284452914207,0.2662656890582841,0.6973159405772018,0.43161594465675474,7.857597143574437,35849
energy,power_kw_eps4.0,budget_absorption,4.0,8,4,4.0,1,2,0.0,28.25577121450478,0.5651154242900955,0.8132482645787825,0.4809060224831934,7.857597143574437,35849
energy,power_kw_eps4.0,budget_absorption,4.0,8,4,8.0,1,2,0.0,13.603196215568854,0.2720639243113771,0.5084720223118556,0.43711121649139445,7.857597143574437,35849
energy,power_kw_eps4.0,budget_absorption,4.0,8,4,16.0,1,2,0.0,13.313284452914207,0.2662656890582841,0.6973159405772018,0.43161594465675474,7.857597143574437,35849
energy,power_kw_eps4.0,budget_absorption,4.0,8,6,,1,2,0.0,13.313284452914207,0.2662656890582841,0.6973159405772018,0.43161594465675474,7.857597143574437,35849
energy,power_kw_eps4.0,budget_absorption,4.0,8,6,8.0,1,2,0.0,13.603196215568854,0.2720639243113771,0.5084720223118556,0.43711121649139445,7.857597143574437,35849
energy,power_kw_eps4.0,budget_absorption,4.0,8,6,16.0,1,2,0.0,13.313284452914207,0.2662656890582841,0.6973159405772018,0.43161594465675474,7.857597143574437,35849
energy,power_kw_eps4.0,budget_absorption,4.0,8,1,,1,4,0.0,13.318490320034288,0.26636980640068575,0.6973159405772018,0.43192920749239316,7.86330011445161,35823
energy,power_kw_eps4.0,budget_absorption,4.0,8,1,4.0,1,4,0.0,28.238098283217667,0.5647619656643533,0.8132482645787825,0.4812550595985819,7.86330011445161,35823
energy,power_kw_eps4.0,budget_absorption,4.0,8,1,8.0,1,4,0.0,13.610334471098609,0.2722066894219722,0.5084720223118556,0.4374284677441867,7.86330011445161,35823
energy,power_kw_eps4.0,budget_absorption,4.0,8,1,16.0,1,4,0.0,13.318490320034288,0.26636980640068575,0.6973159405772018,0.43192920749239316,7.86330011445161,35823
energy,power_kw_eps4.0,budget_absorption,4.0,8,2,,1,4,0.0,13.318490320034288,0.26636980640068575,0.6973159405772018,0.43192920749239316,7.86330011445161,35823
energy,power_kw_eps4.0,budget_absorption,4.0,8,2,4.0,1,4,0.0,28.238098283217667,0.5647619656643533,0.8132482645787825,0.4812550595985819,7.86330011445161,35823
energy,power_kw_eps4.0,budget_absorption,4.0,8,2,8.0,1,4,0.0,13.610334471098609,0.2722066894219722,0.5084720223118556,0.4374284677441867,7.86330011445161,35823
energy,power_kw_eps4.0,budget_absorption,4.0,8,2,16.0,1,4,0.0,13.318490320034288,0.26636980640068575,0.6973159405772018,0.43192920749239316,7.86330011445161,35823
energy,power_kw_eps4.0,budget_absorption,4.0,8,3,,1,4,0.0,13.318490320034288,0.26636980640068575,0.6973159405772018,0.43192920749239316,7.86330011445161,35823
energy,power_kw_eps4.0,budget_absorption,4.0,8,3,4.0,1,4,0.0,28.238098283217667,0.5647619656643533,0.8132482645787825,0.4812550595985819,7.86330011445161,35823
energy,power_kw_eps4.0,budget_absorption,4.0,8,3,8.0,1,4,0.0,13.610334471098609,0.2722066894219722,0.5084720223118556,0.4374284677441867,7.86330011445161,35823
energy,power_kw_eps4.0,budget_absorption,4.0,8,3,16.0,1,4,0.0,13.318490320034288,0.26636980640068575,0.6973159405772018,0.43192920749239316,7.86330011445161,35823
energy,power_kw_eps4.0,budget_absorption,4.0,8,4,,1,4,0.0,13.318490320034288,0.26636980640068575,0.6973159405772018,0.43192920749239316,7.86330011445161,35823
energy,power_kw_eps4.0,budget_absorption,4.0,8,4,4.0,1,4,0.0,28.238098283217667,0.5647619656643533,0.8132482645787825,0.4812550595985819,7.86330011445161,35823
energy,power_kw_eps4.0,budget_absorption,4.0,8,4,8.0,1,4,0.0,13.610334471098609,0.2722066894219722,0.5084720223118556,0.4374284677441867,7.86330011445161,35823
energy,power_kw_eps4.0,budget_absorption,4.0,8,4,16.0,1,4,0.0,13.318490320034288,0.26636980640068575,0.6973159405772018,0.43192920749239316,7.86330011445161,35823
energy,power_kw_eps4.0,budget_absorption,4.0,8,6,,1,4,0.0,13.318490320034288,0.26636980640068575,0.6973159405772018,0.43192920749239316,7.86330011445161,35823
energy,power_kw_eps4.0,budget_absorption,4.0,8,6,8.0,1,4,0.0,13.610334471098609,0.2722066894219722,0.5084720223118556,0.4374284677441867,7.86330011445161,35823
energy,power_kw_eps4.0,budget_absorption,4.0,8,6,16.0,1,4,0.0,13.318490320034288,0.26636980640068575,0.6973159405772018,0.43192920749239316,7.86330011445161,35823
energy,power_kw_eps4.0,budget_absorption,4.0,8,1,,2,0,0.0,13.314793885474856,0.26629587770949714,0.3530418429820173,0.43161229366976045,7.911187684099372,17993
energy,power_kw_eps4.0,budget_absorption,4.0,8,1,4.0,2,0,0.0,28.00971060535045,0.5601942121070089,0.5358694956873533,0.47718557216695384,7.911187684099372,17993
energy,power_kw_eps4.0,budget_absorption,4.0,8,1,8.0,2,0,0.0,13.665387672270846,0.2733077534454169,0.4438667528733261,0.43155671650086147,7.911187684099372,17993
energy,power_kw_eps4.0,budget_absorption,4.0,8,1,16.0,2,0,0.0,13.314793885474856,0.26629587770949714,0.3530418429820173,0.43161229366976045,7.911187684099372,17993
energy,power_kw_eps4.0,budget_absorption,4.0,8,2,,2,0,0.0,13.314793885474856,0.26629587770949714,0.3530418429820173,0.43161229366976045,7.911187684099372,17993
energy,power_kw_eps4.0,budget_absorption,4.0,8,2,4.0,2,0,0.0,28.00971060535045,0.5601942121070089,0.5358694956873533,0.47718557216695384,7.911187684099372,17993
energy,power_kw_eps4.0,budget_absorption,4.0,8,2,8.0,2,0,0.0,13.665387672270846,0.2733077534454169,0.4438667528733261,0.43155671650086147,7.911187684099372,17993
energy,power_kw_eps4.0,budget_absorption,4.0,8,2,16.0,2,0,0.0,13.314793885474856,0.26629587770949714,0.3530418429820173,0.43161229366976045,7.911187684099372,17993
energy,power_kw_eps4.0,budget_absorption,4.0,8,3,,2,0,0.0,13.314793885474856,0.26629587770949714,0.3530418429820173,0.43161229366976045,7.911187684099372,17993
energy,power_kw_eps4.0,budget_absorption,4.0,8,3,4.0,2,0,0.0,28.00971060535045,0.5601942121070089,0.5358694956873533,0.47718557216695384,7.911187684099372,17993
energy,power_kw_eps4.0,budget_absorption,4.0,8,3,8.0,2,0,0.0,13.665387672270846,0.2733077534454169,0.4438667528733261,0.43155671650086147,7.911187684099372,17993
energy,power_kw_eps4.0,budget_absorption,4.0,8,3,16.0,2,0,0.0,13.314793885474856,0.26629587770949714,0.3530418429820173,0.43161229366976045,7.911187684099372,17993
energy,power_kw_eps4.0,budget_absorption,4.0,8,4,,2,0,0.0,13.314793885474856,0.26629587770949714,0.3530418429820173,0.43161229366976045,7.911187684099372,17993
energy,power_kw_eps4.0,budget_absorption,4.0,8,4,4.0,2,0,0.0,28.00971060535045,0.5601942121070089,0.5358694956873533,0.47718557216695384,7.911187684099372,17993
energy,power_kw_eps4.0,budget_absorption,4.0,8,4,8.0,2,0,0.0,13.665387672270846,0.2733077534454169,0.4438667528733261,0.43155671650086147,7.911187684099372,17993
energy,power_kw_eps4.0,budget_absorption,4.0,8,4,16.0,2,0,0.0,13.314793885474856,0.26629587770949714,0.3530418429820173,0.43161229366976045,7.911187684099372,17993
energy,power_kw_eps4.0,budget_absorption,4.0,8,6,,2,0,0.0,13.314793885474856,0.26629587770949714,0.3530418429820173,0.43161229366976045,7.911187684099372,17993
energy,power_kw_eps4.0,budget_absorption,4.0,8,6,8.0,2,0,0.0,13.665387672270846,0.2733077534454169,0.4438667528733261,0.43155671650086147,7.911187684099372,17993
energy,power_kw_eps4.0,budget_absorption,4.0,8,6,16.0,2,0,0.0,13.314793885474856,0.26629587770949714,0.3530418429820173,0.43161229366976045,7.911187684099372,17993
energy,power_kw_eps4.0,budget_absorption,4.0,8,1,,2,2,0.0,13.311404842268614,0.2662280968453723,0.3530418429820173,0.43322548253932835,7.940756443155194,17926
energy,power_kw_eps4.0,budget_absorption,4.0,8,1,4.0,2,2,0.0,28.057694076463886,0.5611538815292777,0.5358694956873533,0.47896909516902825,7.940756443155194,17926
energy,power_kw_eps4.0,budget_absorption,4.0,8,1,8.0,2,2,0.0,13.587077079807365,0.2717415415961473,0.4438667528733261,0.4331696976458775,7.940756443155194,17926
energy,power_kw_eps4.0,budget_absorption,4.0,8,1,16.0,2,2,0.0,13.311404842268614,0.2662280968453723,0.3530418429820173,0.43322548253932835,7.940756443155194,17926
energy,power_kw_eps4.0,budget_absorption,4.0,8,2,,2,2,0.0,13.311404842268614,0.2662280968453723,0.3530418429820173,0.43322548253932835,7.940756443155194,17926
energy,power_kw_eps4.0,budget_absorption,4.0,8,2,4.0,2,2,0.0,28.057694076463886,0.5611538815292777,0.5358694956873533,0.47896909516902825,7.940756443155194,17926
energy,power_kw_eps4.0,budget_absorption,4.0,8,2,8.0,2,2,0.0,13.587077079807365,0.2717415415961473,0.4438667528733261,0.4331696976458775,7.940756443155194,17926
energy,power_kw_eps4.0,budget_absorption,4.0,8,2,16.0,2,2,0.0,13.311404842268614,0.2662280968453723,0.3530418429820173,0.43322548253932835,7.940756443155194,17926
energy,power_kw_eps4.0,budget_absorption,4.0,8,3,,2,2,0.0,13.311404842268614,0.2662280968453723,0.3530418429820173,0.43322548253932835,7.940756443155194,17926
energy,power_kw_eps4.0,budget_absorption,4.0,8,3,4.0,2,2,0.0,28.057694076463886,0.5611538815292777,0.5358694956873533,0.47896909516902825,7.940756443155194,17926
energy,power_kw_eps4.0,budget_absorption,4.0,8,3,8.0,2,2,0.0,13.587077079807365,0.2717415415961473,0.4438667528733261,0.4331696976458775,7.940756443155194,17926
energy,power_kw_eps4.0,budget_absorption,4.0,8,3,16.0,2,2,0.0,13.311404842268614,0.2662280968453723,0.3530418429820173,0.43322548253932835,7.940756443155194,17926
energy,power_kw_eps4.0,budget_absorption,4.0,8,4,,2,2,0.0,13.311404842268614,0.2662280968453723,0.3530418429820173,0.43322548253932835,7.940756443155194,17926
energy,power_kw_eps4.0,budget_absorption,4.0,8,4,4.0,2,2,0.0,28.057694076463886,0.5611538815292777,0.5358694956873533,0.47896909516902825,7.940756443155194,17926
energy,power_kw_eps4.0,budget_absorption,4.0,8,4,8.0,2,2,0.0,13.587077079807365,0.2717415415961473,0.4438667528733261,0.4331696976458775,7.940756443155194,17926
energy,power_kw_eps4.0,budget_absorption,4.0,8,4,16.0,2,2,0.0,13.311404842268614,0.2662280968453723,0.3530418429820173,0.43322548253932835,7.940756443155194,17926
energy,power_kw_eps4.0,budget_absorption,4.0,8,6,,2,2,0.0,13.311404842268614,0.2662280968453723,0.3530418429820173,0.43322548253932835,7.940756443155194,17926
energy,power_kw_eps4.0,budget_absorption,4.0,8,6,8.0,2,2,0.0,13.587077079807365,0.2717415415961473,0.4438667528733261,0.4331696976458775,7.940756443155194,17926
energy,power_kw_eps4.0,budget_absorption,4.0,8,6,16.0,2,2,0.0,13.311404842268614,0.2662280968453723,0.3530418429820173,0.43322548253932835,7.940756443155194,17926
energy,power_kw_eps4.0,budget_absorption,4.0,8,1,,2,4,0.0,13.313740639889975,0.2662748127977995,0.3530418429820173,0.43349148758024003,7.945632151828077,17915
energy,power_kw_eps4.0,budget_absorption,4.0,8,1,4.0,2,4,0.0,28.066539644242564,0.5613307928848513,0.5358694956873533,0.4792631872732347,7.945632151828077,17915
energy,power_kw_eps4.0,budget_absorption,4.0,8,1,8.0,2,4,0.0,13.571552217067744,0.2714310443413549,0.4438667528733261,0.43343566843427295,7.945632151828077,17915
energy,power_kw_eps4.0,budget_absorption,4.0,8,1,16.0,2,4,0.0,13.313740639889975,0.2662748127977995,0.3530418429820173,0.43349148758024003,7.945632151828077,17915
energy,power_kw_eps4.0,budget_absorption,4.0,8,2,,2,4,0.0,13.313740639889975,0.2662748127977995,0.3530418429820173,0.43349148758024003,7.945632151828077,17915
energy,power_kw_eps4.0,budget_absorption,4.0,8,2,4.0,2,4,0.0,28.066539644242564,0.5613307928848513,0.5358694956873533,0.4792631872732347,7.945632151828077,17915
energy,power_kw_eps4.0,budget_absorption,4.0,8,2,8.0,2,4,0.0,13.571552217067744,0.2714310443413549,0.4438667528733261,0.43343566843427295,7.945632151828077,17915
energy,power_kw_eps4.0,budget_absorption,4.0,8,2,16.0,2,4,0.0,13.313740639889975,0.2662748127977995,0.3530418429820173,0.43349148758024003,7.945632151828077,17915
energy,power_kw_eps4.0,budget_absorption,4.0,8,3,,2,4,0.0,13.313740639889975,0.2662748127977995,0.3530418429820173,0.43349148758024003,7.945632151828077,17915
energy,power_kw_eps4.0,budget_absorption,4.0,8,3,4.0,2,4,0.0,28.066539644242564,0.5613307928848513,0.5358694956873533,0.4792631872732347,7.945632151828077,17915
energy,power_kw_eps4.0,budget_absorption,4.0,8,3,8.0,2,4,0.0,13.571552217067744,0.2714310443413549,0.4438667528733261,0.43343566843427295,7.945632151828077,17915
energy,power_kw_eps4.0,budget_absorption,4.0,8,3,16.0,2,4,0.0,13.313740639889975,0.2662748127977995,0.3530418429820173,0.43349148758024003,7.945632151828077,17915
energy,power_kw_eps4.0,budget_absorption,4.0,8,4,,2,4,0.0,13.313740639889975,0.2662748127977995,0.3530418429820173,0.43349148758024003,7.945632151828077,17915
energy,power_kw_eps4.0,budget_absorption,4.0,8,4,4.0,2,4,0.0,28.066539644242564,0.5613307928848513,0.5358694956873533,0.4792631872732347,7.945632151828077,17915
energy,power_kw_eps4.0,budget_absorption,4.0,8,4,8.0,2,4,0.0,13.571552217067744,0.2714310443413549,0.4438667528733261,0.43343566843427295,7.945632151828077,17915
energy,power_kw_eps4.0,budget_absorption,4.0,8,4,16.0,2,4,0.0,13.313740639889975,0.2662748127977995,0.3530418429820173,0.43349148758024003,7.945632151828077,17915
energy,power_kw_eps4.0,budget_absorption,4.0,8,6,,2,4,0.0,13.313740639889975,0.2662748127977995,0.3530418429820173,0.43349148758024003,7.945632151828077,17915
energy,power_kw_eps4.0,budget_absorption,4.0,8,6,8.0,2,4,0.0,13.571552217067744,0.2714310443413549,0.4438667528733261,0.43343566843427295,7.945632151828077,17915
energy,power_kw_eps4.0,budget_absorption,4.0,8,6,16.0,2,4,0.0,13.313740639889975,0.2662748127977995,0.3530418429820173,0.43349148758024003,7.945632151828077,17915
energy,power_kw_eps4.0,budget_absorption,4.0,8,1,,4,0,0.0,13.049123234025346,0.26098246468050695,0.4292847286921423,0.4272535289540958,8.02867622540847,8997
energy,power_kw_eps4.0,budget_absorption,4.0,8,1,4.0,4,0,0.0,27.811386736216388,0.5562277347243277,0.5758813913094474,0.4739357563632322,8.02867622540847,8997
energy,power_kw_eps4.0,budget_absorption,4.0,8,1,8.0,4,0,0.0,13.417526137371084,0.26835052274742166,0.44886303702769953,0.42814271423807937,8.02867622540847,8997
energy,power_kw_eps4.0,budget_absorption,4.0,8,1,16.0,4,0,0.0,13.049123234025346,0.26098246468050695,0.4292847286921423,0.4272535289540958,8.02867622540847,8997
energy,power_kw_eps4.0,budget_absorption,4.0,8,2,,4,0,0.0,13.049123234025346,0.26098246468050695,0.4292847286921423,0.4272535289540958,8.02867622540847,8997
energy,power_kw_eps4.0,budget_absorption,4.0,8,2,4.0,4,0,0.0,27.811386736216388,0.5562277347243277,0.5758813913094474,0.4739357563632322,8.02867622540847,8997
energy,power_kw_eps4.0,budget_absorption,4.0,8,2,8.0,4,0,0.0,13.417526137371084,0.26835052274742166,0.44886303702769953,0.42814271423807937,8.02867622540847,8997
energy,power_kw_eps4.0,budget_absorption,4.0,8,2,16.0,4,0,0.0,13.049123234025346,0.26098246468050695,0.4292847286921423,0.4272535289540958,8.02867622540847,8997
energy,power_kw_eps4.0,budget_absorption,4.0,8,3,,4,0,0.0,13.049123234025346,0.26098246468050695,0.4292847286921423,0.4272535289540958,8.02867622540847,8997
energy,power_kw_eps4.0,budget_absorption,4.0,8,3,4.0,4,0,0.0,27.811386736216388,0.5562277347243277,0.5758813913094474,0.4739357563632322,8.02867622540847,8997
energy,power_kw_eps4.0,budget_absorption,4.0,8,3,8.0,4,0,0.0,13.417526137371084,0.26835052274742166,0.44886303702769953,0.42814271423807937,8.02867622540847,8997
energy,power_kw_eps4.0,budget_absorption,4.0,8,3,16.0,4,0,0.0,13.049123234025346,0.26098246468050695,0.4292847286921423,0.4272535289540958,8.02867622540847,8997
energy,power_kw_eps4.0,budget_absorption,4.0,8,4,,4,0,0.0,13.049123234025346,0.26098246468050695,0.4292847286921423,0.4272535289540958,8.02867622540847,8997
energy,power_kw_eps4.0,budget_absorption,4.0,8,4,4.0,4,0,0.0,27.811386736216388,0.5562277347243277,0.5758813913094474,0.4739357563632322,8.02867622540847,8997
energy,power_kw_eps4.0,budget_absorption,4.0,8,4,8.0,4,0,0.0,13.417526137371084,0.26835052274742166,0.44886303702769953,0.42814271423807937,8.02867622540847,8997
energy,power_kw_eps4.0,budget_absorption,4.0,8,4,16.0,4,0,0.0,13.049123234025346,0.26098246468050695,0.4292847286921423,0.4272535289540958,8.02867622540847,8997
energy,power_kw_eps4.0,budget_absorption,4.0,8,6,,4,0,0.0,13.049123234025346,0.26098246468050695,0.4292847286921423,0.4272535289540958,8.02867622540847,8997
energy,power_kw_eps4.0,budget_absorption,4.0,8,6,8.0,4,0,0.0,13.417526137371084,0.26835052274742166,0.44886303702769953,0.42814271423807937,8.02867622540847,8997
energy,power_kw_eps4.0,budget_absorption,4.0,8,6,16.0,4,0,0.0,13.049123234025346,0.26098246468050695,0.4292847286921423,0.4272535289540958,8.02867622540847,8997
energy,power_kw_eps4.0,budget_absorption,4.0,8,1,,4,2,0.0,13.044365722801567,0.26088731445603136,0.4292847286921423,0.4287785833798104,8.05733407696598,8965
energy,power_kw_eps4.0,budget_absorption,4.0,8,1,4.0,4,2,0.0,27.84423980127536,0.5568847960255072,0.5758813913094474,0.47562744004461793,8.05733407696598,8965
energy,power_kw_eps4.0,budget_absorption,4.0,8,1,8.0,4,2,0.0,13.417447099548138,0.26834894199096276,0.44886303702769953,0.42967094255437815,8.05733407696598,8965
energy,power_kw_eps4.0,budget_absorption,4.0,8,1,16.0,4,2,0.0,13.044365722801567,0.26088731445603136,0.4292847286921423,0.4287785833798104,8.05733407696598,8965
energy,power_kw_eps4.0,budget_absorption,4.0,8,2,,4,2,0.0,13.044365722801567,0.26088731445603136,0.4292847286921423,0.4287785833798104,8.05733407696598,8965
energy,power_kw_eps4.0,budget_absorption,4.0,8,2,4.0,4,2,0.0,27.84423980127536,0.5568847960255072,0.5758813913094474,0.47562744004461793,8.05733407696598,8965
energy,power_kw_eps4.0,budget_absorption,4.0,8,2,8.0,4,2,0.0,13.417447099548138,0.26834894199096276,0.44886303702769953,0.42967094255437815,8.05733407696598,8965
energy,power_kw_eps4.0,budget_absorption,4.0,8,2,16.0,4,2,0.0,13.044365722801567,0.26088731445603136,0.4292847286921423,0.4287785833798104,8.05733407696598,8965
energy,power_kw_eps4.0,budget_absorption,4.0,8,3,,4,2,0.0,13.044365722801567,0.26088731445603136,0.4292847286921423,0.4287785833798104,8.05733407696598,8965
energy,power_kw_eps4.0,budget_absorption,4.0,8,3,4.0,4,2,0.0,27.84423980127536,0.5568847960255072,0.5758813913094474,0.47562744004461793,8.05733407696598,8965
energy,power_kw_eps4.0,budget_absorption,4.0,8,3,8.0,4,2,0.0,13.417447099548138,0.26834894199096276,0.44886303702769953,0.42967094255437815,8.05733407696598,8965
energy,power_kw_eps4.0,budget_absorption,4.0,8,3,16.0,4,2,0.0,13.044365722801567,0.26088731445603136,0.4292847286921423,0.4287785833798104,8.05733407696598,8965
energy,power_kw_eps4.0,budget_absorption,4.0,8,4,,4,2,0.0,13.044365722801567,0.26088731445603136,0.4292847286921423,0.4287785833798104,8.05733407696598,8965
energy,power_kw_eps4.0,budget_absorption,4.0,8,4,4.0,4,2,0.0,27.84423980127536,0.5568847960255072,0.5758813913094474,0.47562744004461793,8.05733407696598,8965
energy,power_kw_eps4.0,budget_absorption,4.0,8,4,8.0,4,2,0.0,13.417447099548138,0.26834894199096276,0.44886303702769953,0.42967094255437815,8.05733407696598,8965
energy,power_kw_eps4.0,budget_absorption,4.0,8,4,16.0,4,2,0.0,13.044365722801567,0.26088731445603136,0.4292847286921423,0.4287785833798104,8.05733407696598,8965
energy,power_kw_eps4.0,budget_absorption,4.0,8,6,,4,2,0.0,13.044365722801567,0.26088731445603136,0.4292847286921423,0.4287785833798104,8.05733407696598,8965
energy,power_kw_eps4.0,budget_absorption,4.0,8,6,8.0,4,2,0.0,13.417447099548138,0.26834894199096276,0.44886303702769953,0.42967094255437815,8.05733407696598,8965
energy,power_kw_eps4.0,budget_absorption,4.0,8,6,16.0,4,2,0.0,13.044365722801567,0.26088731445603136,0.4292847286921423,0.4287785833798104,8.05733407696598,8965
energy,power_kw_eps4.0,budget_absorption,4.0,8,1,,4,4,0.0,13.045896122603477,0.2609179224520695,0.4292847286921423,0.4290178571428571,8.061830357142858,8960
energy,power_kw_eps4.0,budget_absorption,4.0,8,1,4.0,4,4,0.0,27.844299752252027,0.5568859950450405,0.5758813913094474,0.4758928571428571,8.061830357142858,8960
energy,power_kw_eps4.0,budget_absorption,4.0,8,1,8.0,4,4,0.0,13.416870863645558,0.26833741727291116,0.44886303702769953,0.4299107142857143,8.061830357142858,8960
energy,power_kw_eps4.0,budget_absorption,4.0,8,1,16.0,4,4,0.0,13.045896122603477,0.2609179224520695,0.4292847286921423,0.4290178571428571,8.061830357142858,8960
energy,power_kw_eps4.0,budget_absorption,4.0,8,2,,4,4,0.0,13.045896122603477,0.2609179224520695,0.4292847286921423,0.4290178571428571,8.061830357142858,8960
energy,power_kw_eps4.0,budget_absorption,4.0,8,2,4.0,4,4,0.0,27.844299752252027,0.5568859950450405,0.5758813913094474,0.4758928571428571,8.061830357142858,8960
energy,power_kw_eps4.0,budget_absorption,4.0,8,2,8.0,4,4,0.0,13.416870863645558,0.26833741727291116,0.44886303702769953,0.4299107142857143,8.061830357142858,8960
energy,power_kw_eps4.0,budget_absorption,4.0,8,2,16.0,4,4,0.0,13.045896122603477,0.2609179224520695,0.4292847286921423,0.4290178571428571,8.061830357142858,8960
energy,power_kw_eps4.0,budget_absorption,4.0,8,3,,4,4,0.0,13.045896122603477,0.2609179224520695,0.4292847286921423,0.4290178571428571,8.061830357142858,8960
energy,power_kw_eps4.0,budget_absorption,4.0,8,3,4.0,4,4,0.0,27.844299752252027,0.5568859950450405,0.5758813913094474,0.4758928571428571,8.061830357142858,8960
energy,power_kw_eps4.0,budget_absorption,4.0,8,3,8.0,4,4,0.0,13.416870863645558,0.26833741727291116,0.44886303702769953,0.4299107142857143,8.061830357142858,8960
energy,power_kw_eps4.0,budget_absorption,4.0,8,3,16.0,4,4,0.0,13.045896122603477,0.2609179224520695,0.4292847286921423,0.4290178571428571,8.061830357142858,8960
energy,power_kw_eps4.0,budget_absorption,4.0,8,4,,4,4,0.0,13.045896122603477,0.2609179224520695,0.4292847286921423,0.4290178571428571,8.061830357142858,8960
energy,power_kw_eps4.0,budget_absorption,4.0,8,4,4.0,4,4,0.0,27.844299752252027,0.5568859950450405,0.5758813913094474,0.4758928571428571,8.061830357142858,8960
energy,power_kw_eps4.0,budget_absorption,4.0,8,4,8.0,4,4,0.0,13.416870863645558,0.26833741727291116,0.44886303702769953,0.4299107142857143,8.061830357142858,8960
energy,power_kw_eps4.0,budget_absorption,4.0,8,4,16.0,4,4,0.0,13.045896122603477,0.2609179224520695,0.4292847286921423,0.4290178571428571,8.061830357142858,8960
energy,power_kw_eps4.0,budget_absorption,4.0,8,6,,4,4,0.0,13.045896122603477,0.2609179224520695,0.4292847286921423,0.4290178571428571,8.061830357142858,8960
energy,power_kw_eps4.0,budget_absorption,4.0,8,6,8.0,4,4,0.0,13.416870863645558,0.26833741727291116,0.44886303702769953,0.4299107142857143,8.061830357142858,8960
energy,power_kw_eps4.0,budget_absorption,4.0,8,6,16.0,4,4,0.0,13.045896122603477,0.2609179224520695,0.4292847286921423,0.4290178571428571,8.061830357142858,8960
energy,power_kw_eps4.0,p_gated_uniform,4.0,8,1,,1,0,0.0,12.62263579275299,0.2524527158550598,0.5130884539954318,0.9944977073780742,7.827900514103098,35985
energy,power_kw_eps4.0,p_gated_uniform,4.0,8,1,4.0,1,0,0.0,24.657880723688557,0.49315761447377116,0.7270184333577269,0.9944977073780742,7.827900514103098,35985
energy,power_kw_eps4.0,p_gated_uniform,4.0,8,1,8.0,1,0,0.0,12.823338065346906,0.25646676130693813,0.5192669261545744,0.9944977073780742,7.827900514103098,35985
energy,power_kw_eps4.0,p_gated_uniform,4.0,8,1,16.0,1,0,0.0,12.62263579275299,0.2524527158550598,0.5130884539954318,0.9944977073780742,7.827900514103098,35985
energy,power_kw_eps4.0,p_gated_uniform,4.0,8,2,,1,0,0.0,12.62263579275299,0.2524527158550598,0.5130884539954318,0.9944977073780742,7.827900514103098,35985
energy,power_kw_eps4.0,p_gated_uniform,4.0,8,2,4.0,1,0,0.0,24.657880723688557,0.49315761447377116,0.7270184333577269,0.9944977073780742,7.827900514103098,35985
energy,power_kw_eps4.0,p_gated_uniform,4.0,8,2,8.0,1,0,0.0,12.823338065346906,0.25646676130693813,0.5192669261545744,0.9944977073780742,7.827900514103098,35985
energy,power_kw_eps4.0,p_gated_uniform,4.0,8,2,16.0,1,0,0.0,12.62263579275299,0.2524527158550598,0.5130884539954318,0.9944977073780742,7.827900514103098,35985
energy,power_kw_eps4.0,p_gated_uniform,4.0,8,3,,1,0,0.0,12.62263579275299,0.2524527158550598,0.5130884539954318,0.9944977073780742,7.827900514103098,35985
energy,power_kw_eps4.0,p_gated_uniform,4.0,8,3,4.0,1,0,0.0,24.657880723688557,0.49315761447377116,0.7270184333577269,0.9944977073780742,7.827900514103098,35985
energy,power_kw_eps4.0,p_gated_uniform,4.0,8,3,8.0,1,0,0.0,12.823338065346906,0.25646676130693813,0.5192669261545744,0.9944977073780742,7.827900514103098,35985
energy,power_kw_eps4.0,p_gated_uniform,4.0,8,3,16.0,1,0,0.0,12.62263579275299,0.2524527158550598,0.5130884539954318,0.9944977073780742,7.827900514103098,35985
energy,power_kw_eps4.0,p_gated_uniform,4.0,8,4,,1,0,0.0,12.62263579275299,0.2524527158550598,0.5130884539954318,0.9944977073780742,7.827900514103098,35985
energy,power_kw_eps4.0,p_gated_uniform,4.0,8,4,4.0,1,0,0.0,24.657880723688557,0.49315761447377116,0.7270184333577269,0.9944977073780742,7.827900514103098,35985
energy,power_kw_eps4.0,p_gated_uniform,4.0,8,4,8.0,1,0,0.0,12.823338065346906,0.25646676130693813,0.5192669261545744,0.9944977073780742,7.827900514103098,35985
energy,power_kw_eps4.0,p_gated_uniform,4.0,8,4,16.0,1,0,0.0,12.62263579275299,0.2524527158550598,0.5130884539954318,0.9944977073780742,7.827900514103098,35985
energy,power_kw_eps4.0,p_gated_uniform,4.0,8,6,,1,0,0.0,12.62263579275299,0.2524527158550598,0.5130884539954318,0.9944977073780742,7.827900514103098,35985
energy,power_kw_eps4.0,p_gated_uniform,4.0,8,6,8.0,1,0,0.0,12.823338065346906,0.25646676130693813,0.5192669261545744,0.9944977073780742,7.827900514103098,35985
energy,power_kw_eps4.0,p_gated_uniform,4.0,8,6,16.0,1,0,0.0,12.62263579275299,0.2524527158550598,0.5130884539954318,0.9944977073780742,7.827900514103098,35985
energy,power_kw_eps4.0,p_gated_uniform,4.0,8,1,,1,2,0.0,12.630599620347354,0.2526119924069471,0.5130884539954318,0.9982705235850372,7.857597143574437,35849
energy,power_kw_eps4.0,p_gated_uniform,4.0,8,1,4.0,1,2,0.0,24.679869135956515,0.4935973827191303,0.7270184333577269,0.9982705235850372,7.857597143574437,35849
energy,power_kw_eps4.0,p_gated_uniform,4.0,8,1,8.0,1,2,0.0,12.831856991227937,0.25663713982455877,0.5192669261545744,0.9982705235850372,7.857597143574437,35849
energy,power_kw_eps4.0,p_gated_uniform,4.0,8,1,16.0,1,2,0.0,12.630599620347354,0.2526119924069471,0.5130884539954318,0.9982705235850372,7.857597143574437,35849
energy,power_kw_eps4.0,p_gated_uniform,4.0,8,2,,1,2,0.0,12.630599620347354,0.2526119924069471,0.5130884539954318,0.9982705235850372,7.857597143574437,35849
energy,power_kw_eps4.0,p_gated_uniform,4.0,8,2,4.0,1,2,0.0,24.679869135956515,0.4935973827191303,0.7270184333577269,0.9982705235850372,7.857597143574437,35849
energy,power_kw_eps4.0,p_gated_uniform,4.0,8,2,8.0,1,2,0.0,12.831856991227937,0.25663713982455877,0.5192669261545744,0.9982705235850372,7.857597143574437,35849
energy,power_kw_eps4.0,p_gated_uniform,4.0,8,2,16.0,1,2,0.0,12.630599620347354,0.2526119924069471,0.5130884539954318,0.9982705235850372,7.857597143574437,35849
energy,power_kw_eps4.0,p_gated_uniform,4.0,8,3,,1,2,0.0,12.630599620347354,0.2526119924069471,0.5130884539954318,0.9982705235850372,7.857597143574437,35849
energy,power_kw_eps4.0,p_gated_uniform,4.0,8,3,4.0,1,2,0.0,24.679869135956515,0.4935973827191303,0.7270184333577269,0.9982705235850372,7.857597143574437,35849
energy,power_kw_eps4.0,p_gated_uniform,4.0,8,3,8.0,1,2,0.0,12.831856991227937,0.25663713982455877,0.5192669261545744,0.9982705235850372,7.857597143574437,35849
energy,power_kw_eps4.0,p_gated_uniform,4.0,8,3,16.0,1,2,0.0,12.630599620347354,0.2526119924069471,0.5130884539954318,0.9982705235850372,7.857597143574437,35849
energy,power_kw_eps4.0,p_gated_uniform,4.0,8,4,,1,2,0.0,12.630599620347354,0.2526119924069471,0.5130884539954318,0.9982705235850372,7.857597143574437,35849
energy,power_kw_eps4.0,p_gated_uniform,4.0,8,4,4.0,1,2,0.0,24.679869135956515,0.4935973827191303,0.7270184333577269,0.9982705235850372,7.857597143574437,35849
energy,power_kw_eps4.0,p_gated_uniform,4.0,8,4,8.0,1,2,0.0,12.831856991227937,0.25663713982455877,0.5192669261545744,0.9982705235850372,7.857597143574437,35849
energy,power_kw_eps4.0,p_gated_uniform,4.0,8,4,16.0,1,2,0.0,12.630599620347354,0.2526119924069471,0.5130884539954318,0.9982705235850372,7.857597143574437,35849
energy,power_kw_eps4.0,p_gated_uniform,4.0,8,6,,1,2,0.0,12.630599620347354,0.2526119924069471,0.5130884539954318,0.9982705235850372,7.857597143574437,35849
energy,power_kw_eps4.0,p_gated_uniform,4.0,8,6,8.0,1,2,0.0,12.831856991227937,0.25663713982455877,0.5192669261545744,0.9982705235850372,7.857597143574437,35849
energy,power_kw_eps4.0,p_gated_uniform,4.0,8,6,16.0,1,2,0.0,12.630599620347354,0.2526119924069471,0.5130884539954318,0.9982705235850372,7.857597143574437,35849
energy,power_kw_eps4.0,p_gated_uniform,4.0,8,1,,1,4,0.0,12.631838682949196,0.2526367736589839,0.5130884539954318,0.9989950590402814,7.86330011445161,35823
energy,power_kw_eps4.0,p_gated_uniform,4.0,8,1,4.0,1,4,0.0,24.683705337933482,0.49367410675866963,0.7270184333577269,0.9989950590402814,7.86330011445161,35823
energy,power_kw_eps4.0,p_gated_uniform,4.0,8,1,8.0,1,4,0.0,12.833242124556488,0.25666484249112975,0.5192669261545744,0.9989950590402814,7.86330011445161,35823
energy,power_kw_eps4.0,p_gated_uniform,4.0,8,1,16.0,1,4,0.0,12.631838682949196,0.2526367736589839,0.5130884539954318,0.9989950590402814,7.86330011445161,35823
energy,power_kw_eps4.0,p_gated_uniform,4.0,8,2,,1,4,0.0,12.631838682949196,0.2526367736589839,0.5130884539954318,0.9989950590402814,7.86330011445161,35823
energy,power_kw_eps4.0,p_gated_uniform,4.0,8,2,4.0,1,4,0.0,24.683705337933482,0.49367410675866963,0.7270184333577269,0.9989950590402814,7.86330011445161,35823
energy,power_kw_eps4.0,p_gated_uniform,4.0,8,2,8.0,1,4,0.0,12.833242124556488,0.25666484249112975,0.5192669261545744,0.9989950590402814,7.86330011445161,35823
energy,power_kw_eps4.0,p_gated_uniform,4.0,8,2,16.0,1,4,0.0,12.631838682949196,0.2526367736589839,0.5130884539954318,0.9989950590402814,7.86330011445161,35823
energy,power_kw_eps4.0,p_gated_uniform,4.0,8,3,,1,4,0.0,12.631838682949196,0.2526367736589839,0.5130884539954318,0.9989950590402814,7.86330011445161,35823
energy,power_kw_eps4.0,p_gated_uniform,4.0,8,3,4.0,1,4,0.0,24.683705337933482,0.49367410675866963,0.7270184333577269,0.9989950590402814,7.86330011445161,35823
energy,power_kw_eps4.0,p_gated_uniform,4.0,8,3,8.0,1,4,0.0,12.833242124556488,0.25666484249112975,0.5192669261545744,0.9989950590402814,7.86330011445161,35823
energy,power_kw_eps4.0,p_gated_uniform,4.0,8,3,16.0,1,4,0.0,12.631838682949196,0.2526367736589839,0.5130884539954318,0.9989950590402814,7.86330011445161,35823
energy,power_kw_eps4.0,p_gated_uniform,4.0,8,4,,1,4,0.0,12.631838682949196,0.2526367736589839,0.5130884539954318,0.9989950590402814,7.86330011445161,35823
energy,power_kw_eps4.0,p_gated_uniform,4.0,8,4,4.0,1,4,0.0,24.683705337933482,0.49367410675866963,0.7270184333577269,0.9989950590402814,7.86330011445161,35823
energy,power_kw_eps4.0,p_gated_uniform,4.0,8,4,8.0,1,4,0.0,12.833242124556488,0.25666484249112975,0.5192669261545744,0.9989950590402814,7.86330011445161,35823
energy,power_kw_eps4.0,p_gated_uniform,4.0,8,4,16.0,1,4,0.0,12.631838682949196,0.2526367736589839,0.5130884539954318,0.9989950590402814,7.86330011445161,35823
energy,power_kw_eps4.0,p_gated_uniform,4.0,8,6,,1,4,0.0,12.631838682949196,0.2526367736589839,0.5130884539954318,0.9989950590402814,7.86330011445161,35823
energy,power_kw_eps4.0,p_gated_uniform,4.0,8,6,8.0,1,4,0.0,12.833242124556488,0.25666484249112975,0.5192669261545744,0.9989950590402814,7.86330011445161,35823
energy,power_kw_eps4.0,p_gated_uniform,4.0,8,6,16.0,1,4,0.0,12.631838682949196,0.2526367736589839,0.5130884539954318,0.9989950590402814,7.86330011445161,35823
energy,power_kw_eps4.0,p_gated_uniform,4.0,8,1,,2,0,0.0,12.546683427587912,0.25093366855175825,0.7343049881990849,0.9947757461234925,7.911187684099372,17993
energy,power_kw_eps4.0,p_gated_uniform,4.0,8,1,4.0,2,0,0.0,24.726270769857422,0.49452541539714845,0.7291276852495695,0.9947757461234925,7.911187684099372,17993
energy,power_kw_eps4.0,p_gated_uniform,4.0,8,1,8.0,2,0,0.0,12.781301185927193,0.25562602371854387,0.7505088657063684,0.9947757461234925,7.911187684099372,17993
energy,power_kw_eps4.0,p_gated_uniform,4.0,8,1,16.0,2,0,0.0,12.546683427587912,0.25093366855175825,0.7343049881990849,0.9947757461234925,7.911187684099372,17993
energy,power_kw_eps4.0,p_gated_uniform,4.0,8,2,,2,0,0.0,12.546683427587912,0.25093366855175825,0.7343049881990849,0.9947757461234925,7.911187684099372,17993
energy,power_kw_eps4.0,p_gated_uniform,4.0,8,2,4.0,2,0,0.0,24.726270769857422,0.49452541539714845,0.7291276852495695,0.9947757461234925,7.911187684099372,17993
energy,power_kw_eps4.0,p_gated_uniform,4.0,8,2,8.0,2,0,0.0,12.781301185927193,0.25562602371854387,0.7505088657063684,0.9947757461234925,7.911187684099372,17993
energy,power_kw_eps4.0,p_gated_uniform,4.0,8,2,16.0,2,0,0.0,12.546683427587912,0.25093366855175825,0.7343049881990849,0.9947757461234925,7.911187684099372,17993
energy,power_kw_eps4.0,p_gated_uniform,4.0,8,3,,2,0,0.0,12.546683427587912,0.25093366855175825,0.7343049881990849,0.9947757461234925,7.911187684099372,17993
energy,power_kw_eps4.0,p_gated_uniform,4.0,8,3,4.0,2,0,0.0,24.726270769857422,0.49452541539714845,0.7291276852495695,0.9947757461234925,7.911187684099372,17993
energy,power_kw_eps4.0,p_gated_uniform,4.0,8,3,8.0,2,0,0.0,12.781301185927193,0.25562602371854387,0.7505088657063684,0.9947757461234925,7.911187684099372,17993
energy,power_kw_eps4.0,p_gated_uniform,4.0,8,3,16.0,2,0,0.0,12.546683427587912,0.25093366855175825,0.7343049881990849,0.9947757461234925,7.911187684099372,17993
energy,power_kw_eps4.0,p_gated_uniform,4.0,8,4,,2,0,0.0,12.546683427587912,0.25093366855175825,0.7343049881990849,0.9947757461234925,7.911187684099372,17993
energy,power_kw_eps4.0,p_gated_uniform,4.0,8,4,4.0,2,0,0.0,24.726270769857422,0.49452541539714845,0.7291276852495695,0.9947757461234925,7.911187684099372,17993
energy,power_kw_eps4.0,p_gated_uniform,4.0,8,4,8.0,2,0,0.0,12.781301185927193,0.25562602371854387,0.7505088657063684,0.9947757461234925,7.911187684099372,17993
energy,power_kw_eps4.0,p_gated_uniform,4.0,8,4,16.0,2,0,0.0,12.546683427587912,0.25093366855175825,0.7343049881990849,0.9947757461234925,7.911187684099372,17993
energy,power_kw_eps4.0,p_gated_uniform,4.0,8,6,,2,0,0.0,12.546683427587912,0.25093366855175825,0.7343049881990849,0.9947757461234925,7.911187684099372,17993
energy,power_kw_eps4.0,p_gated_uniform,4.0,8,6,8.0,2,0,0.0,12.781301185927193,0.25562602371854387,0.7505088657063684,0.9947757461234925,7.911187684099372,17993
energy,power_kw_eps4.0,p_gated_uniform,4.0,8,6,16.0,2,0,0.0,12.546683427587912,0.25093366855175825,0.7343049881990849,0.9947757461234925,7.911187684099372,17993
energy,power_kw_eps4.0,p_gated_uniform,4.0,8,1,,2,2,0.0,12.540451678859364,0.2508090335771873,0.7343049881990849,0.998493807876827,7.940756443155194,17926
energy,power_kw_eps4.0,p_gated_uniform,4.0,8,1,4.0,2,2,0.0,24.71728424314534,0.4943456848629068,0.7291276852495695,0.998493807876827,7.940756443155194,17926
energy,power_kw_eps4.0,p_gated_uniform,4.0,8,1,8.0,2,2,0.0,12.775708826829675,0.2555141765365935,0.7505088657063684,0.998493807876827,7.940756443155194,17926
energy,power_kw_eps4.0,p_gated_uniform,4.0,8,1,16.0,2,2,0.0,12.540451678859364,0.2508090335771873,0.7343049881990849,0.998493807876827,7.940756443155194,17926
energy,power_kw_eps4.0,p_gated_uniform,4.0,8,2,,2,2,0.0,12.540451678859364,0.2508090335771873,0.7343049881990849,0.998493807876827,7.940756443155194,17926
energy,power_kw_eps4.0,p_gated_uniform,4.0,8,2,4.0,2,2,0.0,24.71728424314534,0.4943456848629068,0.7291276852495695,0.998493807876827,7.940756443155194,17926
energy,power_kw_eps4.0,p_gated_uniform,4.0,8,2,8.0,2,2,0.0,12.775708826829675,0.2555141765365935,0.7505088657063684,0.998493807876827,7.940756443155194,17926
energy,power_kw_eps4.0,p_gated_uniform,4.0,8,2,16.0,2,2,0.0,12.540451678859364,0.2508090335771873,0.7343049881990849,0.998493807876827,7.940756443155194,17926
energy,power_kw_eps4.0,p_gated_uniform,4.0,8,3,,2,2,0.0,12.540451678859364,0.2508090335771873,0.7343049881990849,0.998493807876827,7.940756443155194,17926
energy,power_kw_eps4.0,p_gated_uniform,4.0,8,3,4.0,2,2,0.0,24.71728424314534,0.4943456848629068,0.7291276852495695,0.998493807876827,7.940756443155194,17926
energy,power_kw_eps4.0,p_gated_uniform,4.0,8,3,8.0,2,2,0.0,12.775708826829675,0.2555141765365935,0.7505088657063684,0.998493807876827,7.940756443155194,17926
energy,power_kw_eps4.0,p_gated_uniform,4.0,8,3,16.0,2,2,0.0,12.540451678859364,0.2508090335771873,0.7343049881990849,0.998493807876827,7.940756443155194,17926
energy,power_kw_eps4.0,p_gated_uniform,4.0,8,4,,2,2,0.0,12.540451678859364,0.2508090335771873,0.7343049881990849,0.998493807876827,7.940756443155194,17926
energy,power_kw_eps4.0,p_gated_uniform,4.0,8,4,4.0,2,2,0.0,24.71728424314534,0.4943456848629068,0.7291276852495695,0.998493807876827,7.940756443155194,17926
energy,power_kw_eps4.0,p_gated_uniform,4.0,8,4,8.0,2,2,0.0,12.775708826829675,0.2555141765365935,0.7505088657063684,0.998493807876827,7.940756443155194,17926
energy,power_kw_eps4.0,p_gated_uniform,4.0,8,4,16.0,2,2,0.0,12.540451678859364,0.2508090335771873,0.7343049881990849,0.998493807876827,7.940756443155194,17926
energy,power_kw_eps4.0,p_gated_uniform,4.0,8,6,,2,2,0.0,12.540451678859364,0.2508090335771873,0.7343049881990849,0.998493807876827,7.940756443155194,17926
energy,power_kw_eps4.0,p_gated_uniform,4.0,8,6,8.0,2,2,0.0,12.775708826829675,0.2555141765365935,0.7505088657063684,0.998493807876827,7.940756443155194,17926
energy,power_kw_eps4.0,p_gated_uniform,4.0,8,6,16.0,2,2,0.0,12.540451678859364,0.2508090335771873,0.7343049881990849,0.998493807876827,7.940756443155194,17926
energy,power_kw_eps4.0,p_gated_uniform,4.0,8,1,,2,4,0.0,12.53809921829042,0.2507619843658084,0.7343049881990849,0.999106893664527,7.945632151828077,17915
energy,power_kw_eps4.0,p_gated_uniform,4.0,8,1,4.0,2,4,0.0,24.713548565189658,0.49427097130379316,0.7291276852495695,0.999106893664527,7.945632151828077,17915
energy,power_kw_eps4.0,p_gated_uniform,4.0,8,1,8.0,2,4,0.0,12.773500816644635,0.2554700163328927,0.7505088657063684,0.999106893664527,7.945632151828077,17915
energy,power_kw_eps4.0,p_gated_uniform,4.0,8,1,16.0,2,4,0.0,12.53809921829042,0.2507619843658084,0.7343049881990849,0.999106893664527,7.945632151828077,17915
energy,power_kw_eps4.0,p_gated_uniform,4.0,8,2,,2,4,0.0,12.53809921829042,0.2507619843658084,0.7343049881990849,0.999106893664527,7.945632151828077,17915
energy,power_kw_eps4.0,p_gated_uniform,4.0,8,2,4.0,2,4,0.0,24.713548565189658,0.49427097130379316,0.7291276852495695,0.999106893664527,7.945632151828077,17915
energy,power_kw_eps4.0,p_gated_uniform,4.0,8,2,8.0,2,4,0.0,12.773500816644635,0.2554700163328927,0.7505088657063684,0.999106893664527,7.945632151828077,17915
energy,power_kw_eps4.0,p_gated_uniform,4.0,8,2,16.0,2,4,0.0,12.53809921829042,0.2507619843658084,0.7343049881990849,0.999106893664527,7.945632151828077,17915
energy,power_kw_eps4.0,p_gated_uniform,4.0,8,3,,2,4,0.0,12.53809921829042,0.2507619843658084,0.7343049881990849,0.999106893664527,7.945632151828077,17915
energy,power_kw_eps4.0,p_gated_uniform,4.0,8,3,4.0,2,4,0.0,24.713548565189658,0.49427097130379316,0.7291276852495695,0.999106893664527,7.945632151828077,17915
energy,power_kw_eps4.0,p_gated_uniform,4.0,8,3,8.0,2,4,0.0,12.773500816644635,0.2554700163328927,0.7505088657063684,0.999106893664527,7.945632151828077,17915
energy,power_kw_eps4.0,p_gated_uniform,4.0,8,3,16.0,2,4,0.0,12.53809921829042,0.2507619843658084,0.7343049881990849,0.999106893664527,7.945632151828077,17915
energy,power_kw_eps4.0,p_gated_uniform,4.0,8,4,,2,4,0.0,12.53809921829042,0.2507619843658084,0.7343049881990849,0.999106893664527,7.945632151828077,17915
energy,power_kw_eps4.0,p_gated_uniform,4.0,8,4,4.0,2,4,0.0,24.713548565189658,0.49427097130379316,0.7291276852495695,0.999106893664527,7.945632151828077,17915
energy,power_kw_eps4.0,p_gated_uniform,4.0,8,4,8.0,2,4,0.0,12.773500816644635,0.2554700163328927,0.7505088657063684,0.999106893664527,7.945632151828077,17915
energy,power_kw_eps4.0,p_gated_uniform,4.0,8,4,16.0,2,4,0.0,12.53809921829042,0.2507619843658084,0.7343049881990849,0.999106893664527,7.945632151828077,17915
energy,power_kw_eps4.0,p_gated_uniform,4.0,8,6,,2,4,0.0,12.53809921829042,0.2507619843658084,0.7343049881990849,0.999106893664527,7.945632151828077,17915
energy,power_kw_eps4.0,p_gated_uniform,4.0,8,6,8.0,2,4,0.0,12.773500816644635,0.2554700163328927,0.7505088657063684,0.999106893664527,7.945632151828077,17915
energy,power_kw_eps4.0,p_gated_uniform,4.0,8,6,16.0,2,4,0.0,12.53809921829042,0.2507619843658084,0.7343049881990849,0.999106893664527,7.945632151828077,17915
energy,power_kw_eps4.0,p_gated_uniform,4.0,8,1,,4,0,0.0,12.34216740235644,0.2468433480471288,0.818069018660812,0.9952206290985884,8.02867622540847,8997
energy,power_kw_eps4.0,p_gated_uniform,4.0,8,1,4.0,4,0,0.0,24.678990367260827,0.49357980734521656,0.8305996267686266,0.9952206290985884,8.02867622540847,8997
energy,power_kw_eps4.0,p_gated_uniform,4.0,8,1,8.0,4,0,0.0,12.656434378258687,0.25312868756517376,0.8382851236396538,0.9952206290985884,8.02867622540847,8997
energy,power_kw_eps4.0,p_gated_uniform,4.0,8,1,16.0,4,0,0.0,12.34216740235644,0.2468433480471288,0.818069018660812,0.9952206290985884,8.02867622540847,8997
energy,power_kw_eps4.0,p_gated_uniform,4.0,8,2,,4,0,0.0,12.34216740235644,0.2468433480471288,0.818069018660812,0.9952206290985884,8.02867622540847,8997
energy,power_kw_eps4.0,p_gated_uniform,4.0,8,2,4.0,4,0,0.0,24.678990367260827,0.49357980734521656,0.8305996267686266,0.9952206290985884,8.02867622540847,8997
energy,power_kw_eps4.0,p_gated_uniform,4.0,8,2,8.0,4,0,0.0,12.656434378258687,0.25312868756517376,0.8382851236396538,0.9952206290985884,8.02867622540847,8997
energy,power_kw_eps4.0,p_gated_uniform,4.0,8,2,16.0,4,0,0.0,12.34216740235644,0.2468433480471288,0.818069018660812,0.9952206290985884,8.02867622540847,8997
energy,power_kw_eps4.0,p_gated_uniform,4.0,8,3,,4,0,0.0,12.34216740235644,0.2468433480471288,0.818069018660812,0.9952206290985884,8.02867622540847,8997
energy,power_kw_eps4.0,p_gated_uniform,4.0,8,3,4.0,4,0,0.0,24.678990367260827,0.49357980734521656,0.8305996267686266,0.9952206290985884,8.02867622540847,8997
energy,power_kw_eps4.0,p_gated_uniform,4.0,8,3,8.0,4,0,0.0,12.656434378258687,0.25312868756517376,0.8382851236396538,0.9952206290985884,8.02867622540847,8997
energy,power_kw_eps4.0,p_gated_uniform,4.0,8,3,16.0,4,0,0.0,12.34216740235644,0.2468433480471288,0.818069018660812,0.9952206290985884,8.02867622540847,8997
energy,power_kw_eps4.0,p_gated_uniform,4.0,8,4,,4,0,0.0,12.34216740235644,0.2468433480471288,0.818069018660812,0.9952206290985884,8.02867622540847,8997
energy,power_kw_eps4.0,p_gated_uniform,4.0,8,4,4.0,4,0,0.0,24.678990367260827,0.49357980734521656,0.8305996267686266,0.9952206290985884,8.02867622540847,8997
energy,power_kw_eps4.0,p_gated_uniform,4.0,8,4,8.0,4,0,0.0,12.656434378258687,0.25312868756517376,0.8382851236396538,0.9952206290985884,8.02867622540847,8997
energy,power_kw_eps4.0,p_gated_uniform,4.0,8,4,16.0,4,0,0.0,12.34216740235644,0.2468433480471288,0.818069018660812,0.9952206290985884,8.02867622540847,8997
energy,power_kw_eps4.0,p_gated_uniform,4.0,8,6,,4,0,0.0,12.34216740235644,0.2468433480471288,0.818069018660812,0.9952206290985884,8.02867622540847,8997
energy,power_kw_eps4.0,p_gated_uniform,4.0,8,6,8.0,4,0,0.0,12.656434378258687,0.25312868756517376,0.8382851236396538,0.9952206290985884,8.02867622540847,8997
energy,power_kw_eps4.0,p_gated_uniform,4.0,8,6,16.0,4,0,0.0,12.34216740235644,0.2468433480471288,0.818069018660812,0.9952206290985884,8.02867622540847,8997
energy,power_kw_eps4.0,p_gated_uniform,4.0,8,1,,4,2,0.0,12.334253919334579,0.24668507838669157,0.818069018660812,0.9987730061349693,8.05733407696598,8965
energy,power_kw_eps4.0,p_gated_uniform,4.0,8,1,4.0,4,2,0.0,24.666316942912783,0.49332633885825566,0.8305996267686266,0.9987730061349693,8.05733407696598,8965
energy,power_kw_eps4.0,p_gated_uniform,4.0,8,1,8.0,4,2,0.0,12.648648708486698,0.25297297416973397,0.8382851236396538,0.9987730061349693,8.05733407696598,8965
energy,power_kw_eps4.0,p_gated_uniform,4.0,8,1,16.0,4,2,0.0,12.334253919334579,0.24668507838669157,0.818069018660812,0.9987730061349693,8.05733407696598,8965
energy,power_kw_eps4.0,p_gated_uniform,4.0,8,2,,4,2,0.0,12.334253919334579,0.24668507838669157,0.818069018660812,0.9987730061349693,8.05733407696598,8965
energy,power_kw_eps4.0,p_gated_uniform,4.0,8,2,4.0,4,2,0.0,24.666316942912783,0.49332633885825566,0.8305996267686266,0.9987730061349693,8.05733407696598,8965
energy,power_kw_eps4.0,p_gated_uniform,4.0,8,2,8.0,4,2,0.0,12.648648708486698,0.25297297416973397,0.8382851236396538,0.9987730061349693,8.05733407696598,8965
energy,power_kw_eps4.0,p_gated_uniform,4.0,8,2,16.0,4,2,0.0,12.334253919334579,0.24668507838669157,0.818069018660812,0.9987730061349693,8.05733407696598,8965
energy,power_kw_eps4.0,p_gated_uniform,4.0,8,3,,4,2,0.0,12.334253919334579,0.24668507838669157,0.818069018660812,0.9987730061349693,8.05733407696598,8965
energy,power_kw_eps4.0,p_gated_uniform,4.0,8,3,4.0,4,2,0.0,24.666316942912783,0.49332633885825566,0.8305996267686266,0.9987730061349693,8.05733407696598,8965
energy,power_kw_eps4.0,p_gated_uniform,4.0,8,3,8.0,4,2,0.0,12.648648708486698,0.25297297416973397,0.8382851236396538,0.9987730061349693,8.05733407696598,8965
energy,power_kw_eps4.0,p_gated_uniform,4.0,8,3,16.0,4,2,0.0,12.334253919334579,0.24668507838669157,0.818069018660812,0.9987730061349693,8.05733407696598,8965
energy,power_kw_eps4.0,p_gated_uniform,4.0,8,4,,4,2,0.0,12.334253919334579,0.24668507838669157,0.818069018660812,0.9987730061349693,8.05733407696598,8965
energy,power_kw_eps4.0,p_gated_uniform,4.0,8,4,4.0,4,2,0.0,24.666316942912783,0.49332633885825566,0.8305996267686266,0.9987730061349693,8.05733407696598,8965
energy,power_kw_eps4.0,p_gated_uniform,4.0,8,4,8.0,4,2,0.0,12.648648708486698,0.25297297416973397,0.8382851236396538,0.9987730061349693,8.05733407696598,8965
energy,power_kw_eps4.0,p_gated_uniform,4.0,8,4,16.0,4,2,0.0,12.334253919334579,0.24668507838669157,0.818069018660812,0.9987730061349693,8.05733407696598,8965
energy,power_kw_eps4.0,p_gated_uniform,4.0,8,6,,4,2,0.0,12.334253919334579,0.24668507838669157,0.818069018660812,0.9987730061349693,8.05733407696598,8965
energy,power_kw_eps4.0,p_gated_uniform,4.0,8,6,8.0,4,2,0.0,12.648648708486698,0.25297297416973397,0.8382851236396538,0.9987730061349693,8.05733407696598,8965
energy,power_kw_eps4.0,p_gated_uniform,4.0,8,6,16.0,4,2,0.0,12.334253919334579,0.24668507838669157,0.818069018660812,0.9987730061349693,8.05733407696598,8965
energy,power_kw_eps4.0,p_gated_uniform,4.0,8,1,,4,4,0.0,12.33223583596994,0.24664471671939878,0.818069018660812,0.9993303571428571,8.061830357142858,8960
energy,power_kw_eps4.0,p_gated_uniform,4.0,8,1,4.0,4,4,0.0,24.662734020041224,0.4932546804008245,0.8305996267686266,0.9993303571428571,8.061830357142858,8960
energy,power_kw_eps4.0,p_gated_uniform,4.0,8,1,8.0,4,4,0.0,12.646806068642793,0.25293612137285587,0.8382851236396538,0.9993303571428571,8.061830357142858,8960
energy,power_kw_eps4.0,p_gated_uniform,4.0,8,1,16.0,4,4,0.0,12.33223583596994,0.24664471671939878,0.818069018660812,0.9993303571428571,8.061830357142858,8960
energy,power_kw_eps4.0,p_gated_uniform,4.0,8,2,,4,4,0.0,12.33223583596994,0.24664471671939878,0.818069018660812,0.9993303571428571,8.061830357142858,8960
energy,power_kw_eps4.0,p_gated_uniform,4.0,8,2,4.0,4,4,0.0,24.662734020041224,0.4932546804008245,0.8305996267686266,0.9993303571428571,8.061830357142858,8960
energy,power_kw_eps4.0,p_gated_uniform,4.0,8,2,8.0,4,4,0.0,12.646806068642793,0.25293612137285587,0.8382851236396538,0.9993303571428571,8.061830357142858,8960
energy,power_kw_eps4.0,p_gated_uniform,4.0,8,2,16.0,4,4,0.0,12.33223583596994,0.24664471671939878,0.818069018660812,0.9993303571428571,8.061830357142858,8960
energy,power_kw_eps4.0,p_gated_uniform,4.0,8,3,,4,4,0.0,12.33223583596994,0.24664471671939878,0.818069018660812,0.9993303571428571,8.061830357142858,8960
energy,power_kw_eps4.0,p_gated_uniform,4.0,8,3,4.0,4,4,0.0,24.662734020041224,0.4932546804008245,0.8305996267686266,0.9993303571428571,8.061830357142858,8960
energy,power_kw_eps4.0,p_gated_uniform,4.0,8,3,8.0,4,4,0.0,12.646806068642793,0.25293612137285587,0.8382851236396538,0.9993303571428571,8.061830357142858,8960
energy,power_kw_eps4.0,p_gated_uniform,4.0,8,3,16.0,4,4,0.0,12.33223583596994,0.24664471671939878,0.818069018660812,0.9993303571428571,8.061830357142858,8960
energy,power_kw_eps4.0,p_gated_uniform,4.0,8,4,,4,4,0.0,12.33223583596994,0.24664471671939878,0.818069018660812,0.9993303571428571,8.061830357142858,8960
energy,power_kw_eps4.0,p_gated_uniform,4.0,8,4,4.0,4,4,0.0,24.662734020041224,0.4932546804008245,0.8305996267686266,0.9993303571428571,8.061830357142858,8960
energy,power_kw_eps4.0,p_gated_uniform,4.0,8,4,8.0,4,4,0.0,12.646806068642793,0.25293612137285587,0.8382851236396538,0.9993303571428571,8.061830357142858,8960
energy,power_kw_eps4.0,p_gated_uniform,4.0,8,4,16.0,4,4,0.0,12.33223583596994,0.24664471671939878,0.818069018660812,0.9993303571428571,8.061830357142858,8960
energy,power_kw_eps4.0,p_gated_uniform,4.0,8,6,,4,4,0.0,12.33223583596994,0.24664471671939878,0.818069018660812,0.9993303571428571,8.061830357142858,8960
energy,power_kw_eps4.0,p_gated_uniform,4.0,8,6,8.0,4,4,0.0,12.646806068642793,0.25293612137285587,0.8382851236396538,0.9993303571428571,8.061830357142858,8960
energy,power_kw_eps4.0,p_gated_uniform,4.0,8,6,16.0,4,4,0.0,12.33223583596994,0.24664471671939878,0.818069018660812,0.9993303571428571,8.061830357142858,8960
energy,power_kw_eps4.0,p_gated_sample,4.0,8,1,,1,0,0.0,1.5751169360027804,0.03150233872005561,0.5776012740509034,0.1243851604835348,7.827900514103098,35985
energy,power_kw_eps4.0,p_gated_sample,4.0,8,1,4.0,1,0,0.0,3.0721374496346545,0.06144274899269309,0.6754264250483539,0.1243851604835348,7.827900514103098,35985
energy,power_kw_eps4.0,p_gated_sample,4.0,8,1,8.0,1,0,0.0,1.6000178840944508,0.03200035768188902,0.5879954229640109,0.1243851604835348,7.827900514103098,35985
energy,power_kw_eps4.0,p_gated_sample,4.0,8,1,16.0,1,0,0.0,1.5751169360027804,0.03150233872005561,0.5776012740509034,0.1243851604835348,7.827900514103098,35985
energy,power_kw_eps4.0,p_gated_sample,4.0,8,2,,1,0,0.0,1.5751169360027804,0.03150233872005561,0.5776012740509034,0.1243851604835348,7.827900514103098,35985
energy,power_kw_eps4.0,p_gated_sample,4.0,8,2,4.0,1,0,0.0,3.0721374496346545,0.06144274899269309,0.6754264250483539,0.1243851604835348,7.827900514103098,35985
energy,power_kw_eps4.0,p_gated_sample,4.0,8,2,8.0,1,0,0.0,1.6000178840944508,0.03200035768188902,0.5879954229640109,0.1243851604835348,7.827900514103098,35985
energy,power_kw_eps4.0,p_gated_sample,4.0,8,2,16.0,1,0,0.0,1.5751169360027804,0.03150233872005561,0.5776012740509034,0.1243851604835348,7.827900514103098,35985
energy,power_kw_eps4.0,p_gated_sample,4.0,8,3,,1,0,0.0,1.5751169360027804,0.03150233872005561,0.5776012740509034,0.1243851604835348,7.827900514103098,35985
energy,power_kw_eps4.0,p_gated_sample,4.0,8,3,4.0,1,0,0.0,3.0721374496346545,0.06144274899269309,0.6754264250483539,0.1243851604835348,7.827900514103098,35985
energy,power_kw_eps4.0,p_gated_sample,4.0,8,3,8.0,1,0,0.0,1.6000178840944508,0.03200035768188902,0.5879954229640109,0.1243851604835348,7.827900514103098,35985
energy,power_kw_eps4.0,p_gated_sample,4.0,8,3,16.0,1,0,0.0,1.5751169360027804,0.03150233872005561,0.5776012740509034,0.1243851604835348,7.827900514103098,35985
energy,power_kw_eps4.0,p_gated_sample,4.0,8,4,,1,0,0.0,1.5751169360027804,0.03150233872005561,0.5776012740509034,0.1243851604835348,7.827900514103098,35985
energy,power_kw_eps4.0,p_gated_sample,4.0,8,4,4.0,1,0,0.0,3.0721374496346545,0.06144274899269309,0.6754264250483539,0.1243851604835348,7.827900514103098,35985
energy,power_kw_eps4.0,p_gated_sample,4.0,8,4,8.0,1,0,0.0,1.6000178840944508,0.03200035768188902,0.5879954229640109,0.1243851604835348,7.827900514103098,35985
energy,power_kw_eps4.0,p_gated_sample,4.0,8,4,16.0,1,0,0.0,1.5751169360027804,0.03150233872005561,0.5776012740509034,0.1243851604835348,7.827900514103098,35985
energy,power_kw_eps4.0,p_gated_sample,4.0,8,6,,1,0,0.0,1.5751169360027804,0.03150233872005561,0.5776012740509034,0.1243851604835348,7.827900514103098,35985
energy,power_kw_eps4.0,p_gated_sample,4.0,8,6,8.0,1,0,0.0,1.6000178840944508,0.03200035768188902,0.5879954229640109,0.1243851604835348,7.827900514103098,35985
energy,power_kw_eps4.0,p_gated_sample,4.0,8,6,16.0,1,0,0.0,1.5751169360027804,0.03150233872005561,0.5776012740509034,0.1243851604835348,7.827900514103098,35985
energy,power_kw_eps4.0,p_gated_sample,4.0,8,1,,1,2,0.0,1.5761891096607659,0.03152378219321532,0.6665521036466279,0.12480124968618371,7.857597143574437,35849
energy,power_kw_eps4.0,p_gated_sample,4.0,8,1,4.0,1,2,0.0,3.0745489977584515,0.06149097995516903,0.6710078588591868,0.12480124968618371,7.857597143574437,35849
energy,power_kw_eps4.0,p_gated_sample,4.0,8,1,8.0,1,2,0.0,1.6021843587434959,0.03204368717486992,0.6792672031021586,0.12480124968618371,7.857597143574437,35849
energy,power_kw_eps4.0,p_gated_sample,4.0,8,1,16.0,1,2,0.0,1.5761891096607659,0.03152378219321532,0.6665521036466279,0.12480124968618371,7.857597143574437,35849
energy,power_kw_eps4.0,p_gated_sample,4.0,8,2,,1,2,0.0,1.5761891096607659,0.03152378219321532,0.6665521036466279,0.12480124968618371,7.857597143574437,35849
energy,power_kw_eps4.0,p_gated_sample,4.0,8,2,4.0,1,2,0.0,3.0745489977584515,0.06149097995516903,0.6710078588591868,0.12480124968618371,7.857597143574437,35849
energy,power_kw_eps4.0,p_gated_sample,4.0,8,2,8.0,1,2,0.0,1.6021843587434959,0.03204368717486992,0.6792672031021586,0.12480124968618371,7.857597143574437,35849
energy,power_kw_eps4.0,p_gated_sample,4.0,8,2,16.0,1,2,0.0,1.5761891096607659,0.03152378219321532,0.6665521036466279,0.12480124968618371,7.857597143574437,35849
energy,power_kw_eps4.0,p_gated_sample,4.0,8,3,,1,2,0.0,1.5761891096607659,0.03152378219321532,0.6665521036466279,0.12480124968618371,7.857597143574437,35849
energy,power_kw_eps4.0,p_gated_sample,4.0,8,3,4.0,1,2,0.0,3.0745489977584515,0.06149097995516903,0.6710078588591868,0.12480124968618371,7.857597143574437,35849
energy,power_kw_eps4.0,p_gated_sample,4.0,8,3,8.0,1,2,0.0,1.6021843587434959,0.03204368717486992,0.6792672031021586,0.12480124968618371,7.857597143574437,35849
energy,power_kw_eps4.0,p_gated_sample,4.0,8,3,16.0,1,2,0.0,1.5761891096607659,0.03152378219321532,0.6665521036466279,0.12480124968618371,7.857597143574437,35849
energy,power_kw_eps4.0,p_gated_sample,4.0,8,4,,1,2,0.0,1.5761891096607659,0.03152378219321532,0.6665521036466279,0.12480124968618371,7.857597143574437,35849
energy,power_kw_eps4.0,p_gated_sample,4.0,8,4,4.0,1,2,0.0,3.0745489977584515,0.06149097995516903,0.6710078588591868,0.12480124968618371,7.857597143574437,35849
energy,power_kw_eps4.0,p_gated_sample,4.0,8,4,8.0,1,2,0.0,1.6021843587434959,0.03204368717486992,0.6792672031021586,0.12480124968618371,7.857597143574437,35849
energy,power_kw_eps4.0,p_gated_sample,4.0,8,4,16.0,1,2,0.0,1.5761891096607659,0.03152378219321532,0.6665521036466279,0.12480124968618371,7.857597143574437,35849
energy,power_kw_eps4.0,p_gated_sample,4.0,8,6,,1,2,0.0,1.5761891096607659,0.03152378219321532,0.6665521036466279,0.12480124968618371,7.857597143574437,35849
energy,power_kw_eps4.0,p_gated_sample,4.0,8,6,8.0,1,2,0.0,1.6021843587434959,0.03204368717486992,0.6792672031021586,0.12480124968618371,7.857597143574437,35849
energy,power_kw_eps4.0,p_gated_sample,4.0,8,6,16.0,1,2,0.0,1.5761891096607659,0.03152378219321532,0.6665521036466279,0.12480124968618371,7.857597143574437,35849
energy,power_kw_eps4.0,p_gated_sample,4.0,8,1,,1,4,0.0,1.5740938468812746,0.03148187693762549,0.7394592870815241,0.12491974429835581,7.86330011445161,35823
energy,power_kw_eps4.0,p_gated_sample,4.0,8,1,4.0,1,4,0.0,3.0699811066287412,0.06139962213257483,0.6742999884205201,0.12491974429835581,7.86330011445161,35823
energy,power_kw_eps4.0,p_gated_sample,4.0,8,1,8.0,1,4,0.0,1.5993619408626267,0.03198723881725254,0.7498255897849095,0.12491974429835581,7.86330011445161,35823
energy,power_kw_eps4.0,p_gated_sample,4.0,8,1,16.0,1,4,0.0,1.5740938468812746,0.03148187693762549,0.7394592870815241,0.12491974429835581,7.86330011445161,35823
energy,power_kw_eps4.0,p_gated_sample,4.0,8,2,,1,4,0.0,1.5740938468812746,0.03148187693762549,0.7394592870815241,0.12491974429835581,7.86330011445161,35823
energy,power_kw_eps4.0,p_gated_sample,4.0,8,2,4.0,1,4,0.0,3.0699811066287412,0.06139962213257483,0.6742999884205201,0.12491974429835581,7.86330011445161,35823
energy,power_kw_eps4.0,p_gated_sample,4.0,8,2,8.0,1,4,0.0,1.5993619408626267,0.03198723881725254,0.7498255897849095,0.12491974429835581,7.86330011445161,35823
energy,power_kw_eps4.0,p_gated_sample,4.0,8,2,16.0,1,4,0.0,1.5740938468812746,0.03148187693762549,0.7394592870815241,0.12491974429835581,7.86330011445161,35823
energy,power_kw_eps4.0,p_gated_sample,4.0,8,3,,1,4,0.0,1.5740938468812746,0.03148187693762549,0.7394592870815241,0.12491974429835581,7.86330011445161,35823
energy,power_kw_eps4.0,p_gated_sample,4.0,8,3,4.0,1,4,0.0,3.0699811066287412,0.06139962213257483,0.6742999884205201,0.12491974429835581,7.86330011445161,35823
energy,power_kw_eps4.0,p_gated_sample,4.0,8,3,8.0,1,4,0.0,1.5993619408626267,0.03198723881725254,0.7498255897849095,0.12491974429835581,7.86330011445161,35823
energy,power_kw_eps4.0,p_gated_sample,4.0,8,3,16.0,1,4,0.0,1.5740938468812746,0.03148187693762549,0.7394592870815241,0.12491974429835581,7.86330011445161,35823
energy,power_kw_eps4.0,p_gated_sample,4.0,8,4,,1,4,0.0,1.5740938468812746,0.03148187693762549,0.7394592870815241,0.12491974429835581,7.86330011445161,35823
energy,power_kw_eps4.0,p_gated_sample,4.0,8,4,4.0,1,4,0.0,3.0699811066287412,0.06139962213257483,0.6742999884205201,0.12491974429835581,7.86330011445161,35823
energy,power_kw_eps4.0,p_gated_sample,4.0,8,4,8.0,1,4,0.0,1.5993619408626267,0.03198723881725254,0.7498255897849095,0.12491974429835581,7.86330011445161,35823
energy,power_kw_eps4.0,p_gated_sample,4.0,8,4,16.0,1,4,0.0,1.5740938468812746,0.03148187693762549,0.7394592870815241,0.12491974429835581,7.86330011445161,35823
energy,power_kw_eps4.0,p_gated_sample,4.0,8,6,,1,4,0.0,1.5740938468812746,0.03148187693762549,0.7394592870815241,0.12491974429835581,7.86330011445161,35823
energy,power_kw_eps4.0,p_gated_sample,4.0,8,6,8.0,1,4,0.0,1.5993619408626267,0.03198723881725254,0.7498255897849095,0.12491974429835581,7.86330011445161,35823
energy,power_kw_eps4.0,p_gated_sample,4.0,8,6,16.0,1,4,0.0,1.5740938468812746,0.03148187693762549,0.7394592870815241,0.12491974429835581,7.86330011445161,35823
energy,power_kw_eps4.0,p_gated_sample,4.0,8,1,,2,0,0.0,1.5646546675453583,0.031293093350907165,0.7616313907480975,0.12443728116489745,7.911187684099372,17993
energy,power_kw_eps4.0,p_gated_sample,4.0,8,1,4.0,2,0,0.0,3.0893252900747066,0.06178650580149413,0.6845952457336795,0.12443728116489745,7.911187684099372,17993
energy,power_kw_eps4.0,p_gated_sample,4.0,8,1,8.0,2,0,0.0,1.598124846227033,0.03196249692454066,0.6878924600691204,0.12443728116489745,7.911187684099372,17993
energy,power_kw_eps4.0,p_gated_sample,4.0,8,1,16.0,2,0,0.0,1.5646546675453583,0.031293093350907165,0.7616313907480975,0.12443728116489745,7.911187684099372,17993
energy,power_kw_eps4.0,p_gated_sample,4.0,8,2,,2,0,0.0,1.5646546675453583,0.031293093350907165,0.7616313907480975,0.12443728116489745,7.911187684099372,17993
energy,power_kw_eps4.0,p_gated_sample,4.0,8,2,4.0,2,0,0.0,3.0893252900747066,0.06178650580149413,0.6845952457336795,0.12443728116489745,7.911187684099372,17993
energy,power_kw_eps4.0,p_gated_sample,4.0,8,2,8.0,2,0,0.0,1.598124846227033,0.03196249692454066,0.6878924600691204,0.12443728116489745,7.911187684099372,17993
energy,power_kw_eps4.0,p_gated_sample,4.0,8,2,16.0,2,0,0.0,1.5646546675453583,0.031293093350907165,0.7616313907480975,0.12443728116489745,7.911187684099372,17993
energy,power_kw_eps4.0,p_gated_sample,4.0,8,3,,2,0,0.0,1.5646546675453583,0.031293093350907165,0.7616313907480975,0.12443728116489745,7.911187684099372,17993
energy,power_kw_eps4.0,p_gated_sample,4.0,8,3,4.0,2,0,0.0,3.0893252900747066,0.06178650580149413,0.6845952457336795,0.12443728116489745,7.911187684099372,17993
energy,power_kw_eps4.0,p_gated_sample,4.0,8,3,8.0,2,0,0.0,1.598124846227033,0.03196249692454066,0.6878924600691204,0.12443728116489745,7.911187684099372,17993
energy,power_kw_eps4.0,p_gated_sample,4.0,8,3,16.0,2,0,0.0,1.5646546675453583,0.031293093350907165,0.7616313907480975,0.12443728116489745,7.911187684099372,17993
energy,power_kw_eps4.0,p_gated_sample,4.0,8,4,,2,0,0.0,1.5646546675453583,0.031293093350907165,0.7616313907480975,0.12443728116489745,7.911187684099372,17993
energy,power_kw_eps4.0,p_gated_sample,4.0,8,4,4.0,2,0,0.0,3.0893252900747066,0.06178650580149413,0.6845952457336795,0.12443728116489745,7.911187684099372,17993
energy,power_kw_eps4.0,p_gated_sample,4.0,8,4,8.0,2,0,0.0,1.598124846227033,0.03196249692454066,0.6878924600691204,0.12443728116489745,7.911187684099372,17993
energy,power_kw_eps4.0,p_gated_sample,4.0,8,4,16.0,2,0,0.0,1.5646546675453583,0.031293093350907165,0.7616313907480975,0.12443728116489745,7.911187684099372,17993
energy,power_kw_eps4.0,p_gated_sample,4.0,8,6,,2,0,0.0,1.5646546675453583,0.031293093350907165,0.7616313907480975,0.12443728116489745,7.911187684099372,17993
energy,power_kw_eps4.0,p_gated_sample,4.0,8,6,8.0,2,0,0.0,1.598124846227033,0.03196249692454066,0.6878924600691204,0.12443728116489745,7.911187684099372,17993
energy,power_kw_eps4.0,p_gated_sample,4.0,8,6,16.0,2,0,0.0,1.5646546675453583,0.031293093350907165,0.7616313907480975,0.12443728116489745,7.911187684099372,17993
energy,power_kw_eps4.0,p_gated_sample,4.0,8,1,,2,2,0.0,1.5610496978287065,0.03122099395657413,0.8324644793530166,0.12484659154301016,7.940756443155194,17926
energy,power_kw_eps4.0,p_gated_sample,4.0,8,1,4.0,2,2,0.0,3.076624731573259,0.06153249463146518,0.6850871512192688,0.12484659154301016,7.940756443155194,17926
energy,power_kw_eps4.0,p_gated_sample,4.0,8,1,8.0,2,2,0.0,1.59066542345239,0.0318133084690478,0.7185438570820679,0.12484659154301016,7.940756443155194,17926
energy,power_kw_eps4.0,p_gated_sample,4.0,8,1,16.0,2,2,0.0,1.5610496978287065,0.03122099395657413,0.8324644793530166,0.12484659154301016,7.940756443155194,17926
energy,power_kw_eps4.0,p_gated_sample,4.0,8,2,,2,2,0.0,1.5610496978287065,0.03122099395657413,0.8324644793530166,0.12484659154301016,7.940756443155194,17926
energy,power_kw_eps4.0,p_gated_sample,4.0,8,2,4.0,2,2,0.0,3.076624731573259,0.06153249463146518,0.6850871512192688,0.12484659154301016,7.940756443155194,17926
energy,power_kw_eps4.0,p_gated_sample,4.0,8,2,8.0,2,2,0.0,1.59066542345239,0.0318133084690478,0.7185438570820679,0.12484659154301016,7.940756443155194,17926
energy,power_kw_eps4.0,p_gated_sample,4.0,8,2,16.0,2,2,0.0,1.5610496978287065,0.03122099395657413,0.8324644793530166,0.12484659154301016,7.940756443155194,17926
energy,power_kw_eps4.0,p_gated_sample,4.0,8,3,,2,2,0.0,1.5610496978287065,0.03122099395657413,0.8324644793530166,0.12484659154301016,7.940756443155194,17926
energy,power_kw_eps4.0,p_gated_sample,4.0,8,3,4.0,2,2,0.0,3.076624731573259,0.06153249463146518,0.6850871512192688,0.12484659154301016,7.940756443155194,17926
energy,power_kw_eps4.0,p_gated_sample,4.0,8,3,8.0,2,2,0.0,1.59066542345239,0.0318133084690478,0.7185438570820679,0.12484659154301016,7.940756443155194,17926
energy,power_kw_eps4.0,p_gated_sample,4.0,8,3,16.0,2,2,0.0,1.5610496978287065,0.03122099395657413,0.8324644793530166,0.12484659154301016,7.940756443155194,17926
energy,power_kw_eps4.0,p_gated_sample,4.0,8,4,,2,2,0.0,1.5610496978287065,0.03122099395657413,0.8324644793530166,0.12484659154301016,7.940756443155194,17926
energy,power_kw_eps4.0,p_gated_sample,4.0,8,4,4.0,2,2,0.0,3.076624731573259,0.06153249463146518,0.6850871512192688,0.12484659154301016,7.940756443155194,17926
energy,power_kw_eps4.0,p_gated_sample,4.0,8,4,8.0,2,2,0.0,1.59066542345239,0.0318133084690478,0.7185438570820679,0.12484659154301016,7.940756443155194,17926
energy,power_kw_eps4.0,p_gated_sample,4.0,8,4,16.0,2,2,0.0,1.5610496978287065,0.03122099395657413,0.8324644793530166,0.12484659154301016,7.940756443155194,17926
energy,power_kw_eps4.0,p_gated_sample,4.0,8,6,,2,2,0.0,1.5610496978287065,0.03122099395657413,0.8324644793530166,0.12484659154301016,7.940756443155194,17926
energy,power_kw_eps4.0,p_gated_sample,4.0,8,6,8.0,2,2,0.0,1.59066542345239,0.0318133084690478,0.7185438570820679,0.12484659154301016,7.940756443155194,17926
energy,power_kw_eps4.0,p_gated_sample,4.0,8,6,16.0,2,2,0.0,1.5610496978287065,0.03122099395657413,0.8324644793530166,0.12484659154301016,7.940756443155194,17926
energy,power_kw_eps4.0,p_gated_sample,4.0,8,1,,2,4,0.0,1.5576112336198682,0.031152224672397363,0.8052094419147995,0.12486742952832822,7.945632151828077,17915
energy,power_kw_eps4.0,p_gated_sample,4.0,8,1,4.0,2,4,0.0,3.0798023464429334,0.061596046928858665,0.6784105034633866,0.12486742952832822,7.945632151828077,17915
energy,power_kw_eps4.0,p_gated_sample,4.0,8,1,8.0,2,4,0.0,1.590543939677652,0.03181087879355304,0.7047796176443508,0.12486742952832822,7.945632151828077,17915
energy,power_kw_eps4.0,p_gated_sample,4.0,8,1,16.0,2,4,0.0,1.5576112336198682,0.031152224672397363,0.8052094419147995,0.12486742952832822,7.945632151828077,17915
energy,power_kw_eps4.0,p_gated_sample,4.0,8,2,,2,4,0.0,1.5576112336198682,0.031152224672397363,0.8052094419147995,0.12486742952832822,7.945632151828077,17915
energy,power_kw_eps4.0,p_gated_sample,4.0,8,2,4.0,2,4,0.0,3.0798023464429334,0.061596046928858665,0.6784105034633866,0.12486742952832822,7.945632151828077,17915
energy,power_kw_eps4.0,p_gated_sample,4.0,8,2,8.0,2,4,0.0,1.590543939677652,0.03181087879355304,0.7047796176443508,0.12486742952832822,7.945632151828077,17915
energy,power_kw_eps4.0,p_gated_sample,4.0,8,2,16.0,2,4,0.0,1.5576112336198682,0.031152224672397363,0.8052094419147995,0.12486742952832822,7.945632151828077,17915
energy,power_kw_eps4.0,p_gated_sample,4.0,8,3,,2,4,0.0,1.5576112336198682,0.031152224672397363,0.8052094419147995,0.12486742952832822,7.945632151828077,17915
energy,power_kw_eps4.0,p_gated_sample,4.0,8,3,4.0,2,4,0.0,3.0798023464429334,0.061596046928858665,0.6784105034633866,0.12486742952832822,7.945632151828077,17915
energy,power_kw_eps4.0,p_gated_sample,4.0,8,3,8.0,2,4,0.0,1.590543939677652,0.03181087879355304,0.7047796176443508,0.12486742952832822,7.945632151828077,17915
energy,power_kw_eps4.0,p_gated_sample,4.0,8,3,16.0,2,4,0.0,1.5576112336198682,0.031152224672397363,0.8052094419147995,0.12486742952832822,7.945632151828077,17915
energy,power_kw_eps4.0,p_gated_sample,4.0,8,4,,2,4,0.0,1.5576112336198682,0.031152224672397363,0.8052094419147995,0.12486742952832822,7.945632151828077,17915
energy,power_kw_eps4.0,p_gated_sample,4.0,8,4,4.0,2,4,0.0,3.0798023464429334,0.061596046928858665,0.6784105034633866,0.12486742952832822,7.945632151828077,17915
energy,power_kw_eps4.0,p_gated_sample,4.0,8,4,8.0,2,4,0.0,1.590543939677652,0.03181087879355304,0.7047796176443508,0.12486742952832822,7.945632151828077,17915
energy,power_kw_eps4.0,p_gated_sample,4.0,8,4,16.0,2,4,0.0,1.5576112336198682,0.031152224672397363,0.8052094419147995,0.12486742952832822,7.945632151828077,17915
energy,power_kw_eps4.0,p_gated_sample,4.0,8,6,,2,4,0.0,1.5576112336198682,0.031152224672397363,0.8052094419147995,0.12486742952832822,7.945632151828077,17915
energy,power_kw_eps4.0,p_gated_sample,4.0,8,6,8.0,2,4,0.0,1.590543939677652,0.03181087879355304,0.7047796176443508,0.12486742952832822,7.945632151828077,17915
energy,power_kw_eps4.0,p_gated_sample,4.0,8,6,16.0,2,4,0.0,1.5576112336198682,0.031152224672397363,0.8052094419147995,0.12486742952832822,7.945632151828077,17915
energy,power_kw_eps4.0,p_gated_sample,4.0,8,1,,4,0,0.0,1.475572045173909,0.029511440903478178,0.8454845933043839,0.12459708791819496,8.02867622540847,8997
energy,power_kw_eps4.0,p_gated_sample,4.0,8,1,4.0,4,0,0.0,2.9506219570077574,0.05901243914015515,0.8338927186260221,0.12459708791819496,8.02867622540847,8997
energy,power_kw_eps4.0,p_gated_sample,4.0,8,1,8.0,4,0,0.0,1.511264703776323,0.03022529407552646,0.8578617349116787,0.12459708791819496,8.02867622540847,8997
energy,power_kw_eps4.0,p_gated_sample,4.0,8,1,16.0,4,0,0.0,1.475572045173909,0.029511440903478178,0.8454845933043839,0.12459708791819496,8.02867622540847,8997
energy,power_kw_eps4.0,p_gated_sample,4.0,8,2,,4,0,0.0,1.475572045173909,0.029511440903478178,0.8454845933043839,0.12459708791819496,8.02867622540847,8997
energy,power_kw_eps4.0,p_gated_sample,4.0,8,2,4.0,4,0,0.0,2.9506219570077574,0.05901243914015515,0.8338927186260221,0.12459708791819496,8.02867622540847,8997
energy,power_kw_eps4.0,p_gated_sample,4.0,8,2,8.0,4,0,0.0,1.511264703776323,0.03022529407552646,0.8578617349116787,0.12459708791819496,8.02867622540847,8997
energy,power_kw_eps4.0,p_gated_sample,4.0,8,2,16.0,4,0,0.0,1.475572045173909,0.029511440903478178,0.8454845933043839,0.12459708791819496,8.02867622540847,8997
energy,power_kw_eps4.0,p_gated_sample,4.0,8,3,,4,0,0.0,1.475572045173909,0.029511440903478178,0.8454845933043839,0.12459708791819496,8.02867622540847,8997
energy,power_kw_eps4.0,p_gated_sample,4.0,8,3,4.0,4,0,0.0,2.9506219570077574,0.05901243914015515,0.8338927186260221,0.12459708791819496,8.02867622540847,8997
energy,power_kw_eps4.0,p_gated_sample,4.0,8,3,8.0,4,0,0.0,1.511264703776323,0.03022529407552646,0.8578617349116787,0.12459708791819496,8.02867622540847,8997
energy,power_kw_eps4.0,p_gated_sample,4.0,8,3,16.0,4,0,0.0,1.475572045173909,0.029511440903478178,0.8454845933043839,0.12459708791819496,8.02867622540847,8997
energy,power_kw_eps4.0,p_gated_sample,4.0,8,4,,4,0,0.0,1.475572045173909,0.029511440903478178,0.8454845933043839,0.12459708791819496,8.02867622540847,8997
energy,power_kw_eps4.0,p_gated_sample,4.0,8,4,4.0,4,0,0.0,2.9506219570077574,0.05901243914015515,0.8338927186260221,0.12459708791819496,8.02867622540847,8997
energy,power_kw_eps4.0,p_gated_sample,4.0,8,4,8.0,4,0,0.0,1.511264703776323,0.03022529407552646,0.8578617349116787,0.12459708791819496,8.02867622540847,8997
energy,power_kw_eps4.0,p_gated_sample,4.0,8,4,16.0,4,0,0.0,1.475572045173909,0.029511440903478178,0.8454845933043839,0.12459708791819496,8.02867622540847,8997
energy,power_kw_eps4.0,p_gated_sample,4.0,8,6,,4,0,0.0,1.475572045173909,0.029511440903478178,0.8454845933043839,0.12459708791819496,8.02867622540847,8997
energy,power_kw_eps4.0,p_gated_sample,4.0,8,6,8.0,4,0,0.0,1.511264703776323,0.03022529407552646,0.8578617349116787,0.12459708791819496,8.02867622540847,8997
energy,power_kw_eps4.0,p_gated_sample,4.0,8,6,16.0,4,0,0.0,1.475572045173909,0.029511440903478178,0.8454845933043839,0.12459708791819496,8.02867622540847,8997
energy,power_kw_eps4.0,p_gated_sample,4.0,8,1,,4,2,0.0,1.4819460314150763,0.029638920628301525,0.8232962985411771,0.1249302844394869,8.05733407696598,8965
energy,power_kw_eps4.0,p_gated_sample,4.0,8,1,4.0,4,2,0.0,2.955766175449331,0.05911532350898662,0.8477040030436651,0.1249302844394869,8.05733407696598,8965
energy,power_kw_eps4.0,p_gated_sample,4.0,8,1,8.0,4,2,0.0,1.5176618557326373,0.030353237114652747,0.8419370800488568,0.1249302844394869,8.05733407696598,8965
energy,power_kw_eps4.0,p_gated_sample,4.0,8,1,16.0,4,2,0.0,1.4819460314150763,0.029638920628301525,0.8232962985411771,0.1249302844394869,8.05733407696598,8965
energy,power_kw_eps4.0,p_gated_sample,4.0,8,2,,4,2,0.0,1.4819460314150763,0.029638920628301525,0.8232962985411771,0.1249302844394869,8.05733407696598,8965
energy,power_kw_eps4.0,p_gated_sample,4.0,8,2,4.0,4,2,0.0,2.955766175449331,0.05911532350898662,0.8477040030436651,0.1249302844394869,8.05733407696598,8965
energy,power_kw_eps4.0,p_gated_sample,4.0,8,2,8.0,4,2,0.0,1.5176618557326373,0.030353237114652747,0.8419370800488568,0.1249302844394869,8.05733407696598,8965
energy,power_kw_eps4.0,p_gated_sample,4.0,8,2,16.0,4,2,0.0,1.4819460314150763,0.029638920628301525,0.8232962985411771,0.1249302844394869,8.05733407696598,8965
energy,power_kw_eps4.0,p_gated_sample,4.0,8,3,,4,2,0.0,1.4819460314150763,0.029638920628301525,0.8232962985411771,0.1249302844394869,8.05733407696598,8965
energy,power_kw_eps4.0,p_gated_sample,4.0,8,3,4.0,4,2,0.0,2.955766175449331,0.05911532350898662,0.8477040030436651,0.1249302844394869,8.05733407696598,8965
energy,power_kw_eps4.0,p_gated_sample,4.0,8,3,8.0,4,2,0.0,1.5176618557326373,0.030353237114652747,0.8419370800488568,0.1249302844394869,8.05733407696598,8965
energy,power_kw_eps4.0,p_gated_sample,4.0,8,3,16.0,4,2,0.0,1.4819460314150763,0.029638920628301525,0.8232962985411771,0.1249302844394869,8.05733407696598,8965
energy,power_kw_eps4.0,p_gated_sample,4.0,8,4,,4,2,0.0,1.4819460314150763,0.029638920628301525,0.8232962985411771,0.1249302844394869,8.05733407696598,8965
energy,power_kw_eps4.0,p_gated_sample,4.0,8,4,4.0,4,2,0.0,2.955766175449331,0.05911532350898662,0.8477040030436651,0.1249302844394869,8.05733407696598,8965
energy,power_kw_eps4.0,p_gated_sample,4.0,8,4,8.0,4,2,0.0,1.5176618557326373,0.030353237114652747,0.8419370800488568,0.1249302844394869,8.05733407696598,8965
energy,power_kw_eps4.0,p_gated_sample,4.0,8,4,16.0,4,2,0.0,1.4819460314150763,0.029638920628301525,0.8232962985411771,0.1249302844394869,8.05733407696598,8965
energy,power_kw_eps4.0,p_gated_sample,4.0,8,6,,4,2,0.0,1.4819460314150763,0.029638920628301525,0.8232962985411771,0.1249302844394869,8.05733407696598,8965
energy,power_kw_eps4.0,p_gated_sample,4.0,8,6,8.0,4,2,0.0,1.5176618557326373,0.030353237114652747,0.8419370800488568,0.1249302844394869,8.05733407696598,8965
energy,power_kw_eps4.0,p_gated_sample,4.0,8,6,16.0,4,2,0.0,1.4819460314150763,0.029638920628301525,0.8232962985411771,0.1249302844394869,8.05733407696598,8965
energy,power_kw_eps4.0,p_gated_sample,4.0,8,1,,4,4,0.0,1.4752754595526758,0.029505509191053516,0.8166003679951308,0.12488839285714286,8.061830357142858,8960
energy,power_kw_eps4.0,p_gated_sample,4.0,8,1,4.0,4,4,0.0,2.959117967928163,0.05918235935856326,0.8531603304152402,0.12488839285714286,8.061830357142858,8960
energy,power_kw_eps4.0,p_gated_sample,4.0,8,1,8.0,4,4,0.0,1.518032381949462,0.03036064763898924,0.8391632960386511,0.12488839285714286,8.061830357142858,8960
energy,power_kw_eps4.0,p_gated_sample,4.0,8,1,16.0,4,4,0.0,1.4752754595526758,0.029505509191053516,0.8166003679951308,0.12488839285714286,8.061830357142858,8960
energy,power_kw_eps4.0,p_gated_sample,4.0,8,2,,4,4,0.0,1.4752754595526758,0.029505509191053516,0.8166003679951308,0.12488839285714286,8.061830357142858,8960
energy,power_kw_eps4.0,p_gated_sample,4.0,8,2,4.0,4,4,0.0,2.959117967928163,0.05918235935856326,0.8531603304152402,0.12488839285714286,8.061830357142858,8960
energy,power_kw_eps4.0,p_gated_sample,4.0,8,2,8.0,4,4,0.0,1.518032381949462,0.03036064763898924,0.8391632960386511,0.12488839285714286,8.061830357142858,8960
energy,power_kw_eps4.0,p_gated_sample,4.0,8,2,16.0,4,4,0.0,1.4752754595526758,0.029505509191053516,0.8166003679951308,0.12488839285714286,8.061830357142858,8960
energy,power_kw_eps4.0,p_gated_sample,4.0,8,3,,4,4,0.0,1.4752754595526758,0.029505509191053516,0.8166003679951308,0.12488839285714286,8.061830357142858,8960
energy,power_kw_eps4.0,p_gated_sample,4.0,8,3,4.0,4,4,0.0,2.959117967928163,0.05918235935856326,0.8531603304152402,0.12488839285714286,8.061830357142858,8960
energy,power_kw_eps4.0,p_gated_sample,4.0,8,3,8.0,4,4,0.0,1.518032381949462,0.03036064763898924,0.8391632960386511,0.12488839285714286,8.061830357142858,8960
energy,power_kw_eps4.0,p_gated_sample,4.0,8,3,16.0,4,4,0.0,1.4752754595526758,0.029505509191053516,0.8166003679951308,0.12488839285714286,8.061830357142858,8960
energy,power_kw_eps4.0,p_gated_sample,4.0,8,4,,4,4,0.0,1.4752754595526758,0.029505509191053516,0.8166003679951308,0.12488839285714286,8.061830357142858,8960
energy,power_kw_eps4.0,p_gated_sample,4.0,8,4,4.0,4,4,0.0,2.959117967928163,0.05918235935856326,0.8531603304152402,0.12488839285714286,8.061830357142858,8960
energy,power_kw_eps4.0,p_gated_sample,4.0,8,4,8.0,4,4,0.0,1.518032381949462,0.03036064763898924,0.8391632960386511,0.12488839285714286,8.061830357142858,8960
energy,power_kw_eps4.0,p_gated_sample,4.0,8,4,16.0,4,4,0.0,1.4752754595526758,0.029505509191053516,0.8166003679951308,0.12488839285714286,8.061830357142858,8960
energy,power_kw_eps4.0,p_gated_sample,4.0,8,6,,4,4,0.0,1.4752754595526758,0.029505509191053516,0.8166003679951308,0.12488839285714286,8.061830357142858,8960
energy,power_kw_eps4.0,p_gated_sample,4.0,8,6,8.0,4,4,0.0,1.518032381949462,0.03036064763898924,0.8391632960386511,0.12488839285714286,8.061830357142858,8960
energy,power_kw_eps4.0,p_gated_sample,4.0,8,6,16.0,4,4,0.0,1.4752754595526758,0.029505509191053516,0.8166003679951308,0.12488839285714286,8.061830357142858,8960
energy,power_kw_eps4.0,p_gated_ba,4.0,8,1,,1,0,0.0,13.28489436765746,0.2656978873531492,0.6973159405772018,0.42998471585382797,7.827900514103098,35985
energy,power_kw_eps4.0,p_gated_ba,4.0,8,1,4.0,1,0,0.0,28.349879040126265,0.5669975808025253,0.8132482645787825,0.4790885091010143,7.827900514103098,35985
energy,power_kw_eps4.0,p_gated_ba,4.0,8,1,8.0,1,0,0.0,13.573104490108996,0.2714620898021799,0.5084720223118556,0.43545921911907737,7.827900514103098,35985
energy,power_kw_eps4.0,p_gated_ba,4.0,8,1,16.0,1,0,0.0,13.28489436765746,0.2656978873531492,0.6973159405772018,0.42998471585382797,7.827900514103098,35985
energy,power_kw_eps4.0,p_gated_ba,4.0,8,2,,1,0,0.0,13.28489436765746,0.2656978873531492,0.6973159405772018,0.42998471585382797,7.827900514103098,35985
energy,power_kw_eps4.0,p_gated_ba,4.0,8,2,4.0,1,0,0.0,28.349879040126265,0.5669975808025253,0.8132482645787825,0.4790885091010143,7.827900514103098,35985
energy,power_kw_eps4.0,p_gated_ba,4.0,8,2,8.0,1,0,0.0,13.573104490108996,0.2714620898021799,0.5084720223118556,0.43545921911907737,7.827900514103098,35985
energy,power_kw_eps4.0,p_gated_ba,4.0,8,2,16.0,1,0,0.0,13.28489436765746,0.2656978873531492,0.6973159405772018,0.42998471585382797,7.827900514103098,35985
energy,power_kw_eps4.0,p_gated_ba,4.0,8,3,,1,0,0.0,13.28489436765746,0.2656978873531492,0.6973159405772018,0.42998471585382797,7.827900514103098,35985
energy,power_kw_eps4.0,p_gated_ba,4.0,8,3,4.0,1,0,0.0,28.349879040126265,0.5669975808025253,0.8132482645787825,0.4790885091010143,7.827900514103098,35985
energy,power_kw_eps4.0,p_gated_ba,4.0,8,3,8.0,1,0,0.0,13.573104490108996,0.2714620898021799,0.5084720223118556,0.43545921911907737,7.827900514103098,35985
energy,power_kw_eps4.0,p_gated_ba,4.0,8,3,16.0,1,0,0.0,13.28489436765746,0.2656978873531492,0.6973159405772018,0.42998471585382797,7.827900514103098,35985
energy,power_kw_eps4.0,p_gated_ba,4.0,8,4,,1,0,0.0,13.28489436765746,0.2656978873531492,0.6973159405772018,0.42998471585382797,7.827900514103098,35985
energy,power_kw_eps4.0,p_gated_ba,4.0,8,4,4.0,1,0,0.0,28.349879040126265,0.5669975808025253,0.8132482645787825,0.4790885091010143,7.827900514103098,35985
energy,power_kw_eps4.0,p_gated_ba,4.0,8,4,8.0,1,0,0.0,13.573104490108996,0.2714620898021799,0.5084720223118556,0.43545921911907737,7.827900514103098,35985
energy,power_kw_eps4.0,p_gated_ba,4.0,8,4,16.0,1,0,0.0,13.28489436765746,0.2656978873531492,0.6973159405772018,0.42998471585382797,7.827900514103098,35985
energy,power_kw_eps4.0,p_gated_ba,4.0,8,6,,1,0,0.0,13.28489436765746,0.2656978873531492,0.6973159405772018,0.42998471585382797,7.827900514103098,35985
energy,power_kw_eps4.0,p_gated_ba,4.0,8,6,8.0,1,0,0.0,13.573104490108996,0.2714620898021799,0.5084720223118556,0.43545921911907737,7.827900514103098,35985
energy,power_kw_eps4.0,p_gated_ba,4.0,8,6,16.0,1,0,0.0,13.28489436765746,0.2656978873531492,0.6973159405772018,0.42998471585382797,7.827900514103098,35985
energy,power_kw_eps4.0,p_gated_ba,4.0,8,1,,1,2,0.0,13.313284452914207,0.2662656890582841,0.6973159405772018,0.43161594465675474,7.857597143574437,35849
energy,power_kw_eps4.0,p_gated_ba,4.0,8,1,4.0,1,2,0.0,28.25577121450478,0.5651154242900955,0.8132482645787825,0.4809060224831934,7.857597143574437,35849
energy,power_kw_eps4.0,p_gated_ba,4.0,8,1,8.0,1,2,0.0,13.603196215568854,0.2720639243113771,0.5084720223118556,0.43711121649139445,7.857597143574437,35849
energy,power_kw_eps4.0,p_gated_ba,4.0,8,1,16.0,1,2,0.0,13.313284452914207,0.2662656890582841,0.6973159405772018,0.43161594465675474,7.857597143574437,35849
energy,power_kw_eps4.0,p_gated_ba,4.0,8,2,,1,2,0.0,13.313284452914207,0.2662656890582841,0.6973159405772018,0.43161594465675474,7.857597143574437,35849
energy,power_kw_eps4.0,p_gated_ba,4.0,8,2,4.0,1,2,0.0,28.25577121450478,0.5651154242900955,0.8132482645787825,0.4809060224831934,7.857597143574437,35849
energy,power_kw_eps4.0,p_gated_ba,4.0,8,2,8.0,1,2,0.0,13.603196215568854,0.2720639243113771,0.5084720223118556,0.43711121649139445,7.857597143574437,35849
energy,power_kw_eps4.0,p_gated_ba,4.0,8,2,16.0,1,2,0.0,13.313284452914207,0.2662656890582841,0.6973159405772018,0.43161594465675474,7.857597143574437,35849
energy,power_kw_eps4.0,p_gated_ba,4.0,8,3,,1,2,0.0,13.313284452914207,0.2662656890582841,0.6973159405772018,0.43161594465675474,7.857597143574437,35849
energy,power_kw_eps4.0,p_gated_ba,4.0,8,3,4.0,1,2,0.0,28.25577121450478,0.5651154242900955,0.8132482645787825,0.4809060224831934,7.857597143574437,35849
energy,power_kw_eps4.0,p_gated_ba,4.0,8,3,8.0,1,2,0.0,13.603196215568854,0.2720639243113771,0.5084720223118556,0.43711121649139445,7.857597143574437,35849
energy,power_kw_eps4.0,p_gated_ba,4.0,8,3,16.0,1,2,0.0,13.313284452914207,0.2662656890582841,0.6973159405772018,0.43161594465675474,7.857597143574437,35849
energy,power_kw_eps4.0,p_gated_ba,4.0,8,4,,1,2,0.0,13.313284452914207,0.2662656890582841,0.6973159405772018,0.43161594465675474,7.857597143574437,35849
energy,power_kw_eps4.0,p_gated_ba,4.0,8,4,4.0,1,2,0.0,28.25577121450478,0.5651154242900955,0.8132482645787825,0.4809060224831934,7.857597143574437,35849
energy,power_kw_eps4.0,p_gated_ba,4.0,8,4,8.0,1,2,0.0,13.603196215568854,0.2720639243113771,0.5084720223118556,0.43711121649139445,7.857597143574437,35849
energy,power_kw_eps4.0,p_gated_ba,4.0,8,4,16.0,1,2,0.0,13.313284452914207,0.2662656890582841,0.6973159405772018,0.43161594465675474,7.857597143574437,35849
energy,power_kw_eps4.0,p_gated_ba,4.0,8,6,,1,2,0.0,13.313284452914207,0.2662656890582841,0.6973159405772018,0.43161594465675474,7.857597143574437,35849
energy,power_kw_eps4.0,p_gated_ba,4.0,8,6,8.0,1,2,0.0,13.603196215568854,0.2720639243113771,0.5084720223118556,0.43711121649139445,7.857597143574437,35849
energy,power_kw_eps4.0,p_gated_ba,4.0,8,6,16.0,1,2,0.0,13.313284452914207,0.2662656890582841,0.6973159405772018,0.43161594465675474,7.857597143574437,35849
energy,power_kw_eps4.0,p_gated_ba,4.0,8,1,,1,4,0.0,13.318490320034288,0.26636980640068575,0.6973159405772018,0.43192920749239316,7.86330011445161,35823
energy,power_kw_eps4.0,p_gated_ba,4.0,8,1,4.0,1,4,0.0,28.238098283217667,0.5647619656643533,0.8132482645787825,0.4812550595985819,7.86330011445161,35823
energy,power_kw_eps4.0,p_gated_ba,4.0,8,1,8.0,1,4,0.0,13.610334471098609,0.2722066894219722,0.5084720223118556,0.4374284677441867,7.86330011445161,35823
energy,power_kw_eps4.0,p_gated_ba,4.0,8,1,16.0,1,4,0.0,13.318490320034288,0.26636980640068575,0.6973159405772018,0.43192920749239316,7.86330011445161,35823
energy,power_kw_eps4.0,p_gated_ba,4.0,8,2,,1,4,0.0,13.318490320034288,0.26636980640068575,0.6973159405772018,0.43192920749239316,7.86330011445161,35823
energy,power_kw_eps4.0,p_gated_ba,4.0,8,2,4.0,1,4,0.0,28.238098283217667,0.5647619656643533,0.8132482645787825,0.4812550595985819,7.86330011445161,35823
energy,power_kw_eps4.0,p_gated_ba,4.0,8,2,8.0,1,4,0.0,13.610334471098609,0.2722066894219722,0.5084720223118556,0.4374284677441867,7.86330011445161,35823
energy,power_kw_eps4.0,p_gated_ba,4.0,8,2,16.0,1,4,0.0,13.318490320034288,0.26636980640068575,0.6973159405772018,0.43192920749239316,7.86330011445161,35823
energy,power_kw_eps4.0,p_gated_ba,4.0,8,3,,1,4,0.0,13.318490320034288,0.26636980640068575,0.6973159405772018,0.43192920749239316,7.86330011445161,35823
energy,power_kw_eps4.0,p_gated_ba,4.0,8,3,4.0,1,4,0.0,28.238098283217667,0.5647619656643533,0.8132482645787825,0.4812550595985819,7.86330011445161,35823
energy,power_kw_eps4.0,p_gated_ba,4.0,8,3,8.0,1,4,0.0,13.610334471098609,0.2722066894219722,0.5084720223118556,0.4374284677441867,7.86330011445161,35823
energy,power_kw_eps4.0,p_gated_ba,4.0,8,3,16.0,1,4,0.0,13.318490320034288,0.26636980640068575,0.6973159405772018,0.43192920749239316,7.86330011445161,35823
energy,power_kw_eps4.0,p_gated_ba,4.0,8,4,,1,4,0.0,13.318490320034288,0.26636980640068575,0.6973159405772018,0.43192920749239316,7.86330011445161,35823
energy,power_kw_eps4.0,p_gated_ba,4.0,8,4,4.0,1,4,0.0,28.238098283217667,0.5647619656643533,0.8132482645787825,0.4812550595985819,7.86330011445161,35823
energy,power_kw_eps4.0,p_gated_ba,4.0,8,4,8.0,1,4,0.0,13.610334471098609,0.2722066894219722,0.5084720223118556,0.4374284677441867,7.86330011445161,35823
energy,power_kw_eps4.0,p_gated_ba,4.0,8,4,16.0,1,4,0.0,13.318490320034288,0.26636980640068575,0.6973159405772018,0.43192920749239316,7.86330011445161,35823
energy,power_kw_eps4.0,p_gated_ba,4.0,8,6,,1,4,0.0,13.318490320034288,0.26636980640068575,0.6973159405772018,0.43192920749239316,7.86330011445161,35823
energy,power_kw_eps4.0,p_gated_ba,4.0,8,6,8.0,1,4,0.0,13.610334471098609,0.2722066894219722,0.5084720223118556,0.4374284677441867,7.86330011445161,35823
energy,power_kw_eps4.0,p_gated_ba,4.0,8,6,16.0,1,4,0.0,13.318490320034288,0.26636980640068575,0.6973159405772018,0.43192920749239316,7.86330011445161,35823
energy,power_kw_eps4.0,p_gated_ba,4.0,8,1,,2,0,0.0,13.314793885474856,0.26629587770949714,0.3530418429820173,0.43161229366976045,7.911187684099372,17993
energy,power_kw_eps4.0,p_gated_ba,4.0,8,1,4.0,2,0,0.0,28.00971060535045,0.5601942121070089,0.5358694956873533,0.47718557216695384,7.911187684099372,17993
energy,power_kw_eps4.0,p_gated_ba,4.0,8,1,8.0,2,0,0.0,13.665387672270846,0.2733077534454169,0.4438667528733261,0.43155671650086147,7.911187684099372,17993
energy,power_kw_eps4.0,p_gated_ba,4.0,8,1,16.0,2,0,0.0,13.314793885474856,0.26629587770949714,0.3530418429820173,0.43161229366976045,7.911187684099372,17993
energy,power_kw_eps4.0,p_gated_ba,4.0,8,2,,2,0,0.0,13.314793885474856,0.26629587770949714,0.3530418429820173,0.43161229366976045,7.911187684099372,17993
energy,power_kw_eps4.0,p_gated_ba,4.0,8,2,4.0,2,0,0.0,28.00971060535045,0.5601942121070089,0.5358694956873533,0.47718557216695384,7.911187684099372,17993
energy,power_kw_eps4.0,p_gated_ba,4.0,8,2,8.0,2,0,0.0,13.665387672270846,0.2733077534454169,0.4438667528733261,0.43155671650086147,7.911187684099372,17993
energy,power_kw_eps4.0,p_gated_ba,4.0,8,2,16.0,2,0,0.0,13.314793885474856,0.26629587770949714,0.3530418429820173,0.43161229366976045,7.911187684099372,17993
energy,power_kw_eps4.0,p_gated_ba,4.0,8,3,,2,0,0.0,13.314793885474856,0.26629587770949714,0.3530418429820173,0.43161229366976045,7.911187684099372,17993
energy,power_kw_eps4.0,p_gated_ba,4.0,8,3,4.0,2,0,0.0,28.00971060535045,0.5601942121070089,0.5358694956873533,0.47718557216695384,7.911187684099372,17993
energy,power_kw_eps4.0,p_gated_ba,4.0,8,3,8.0,2,0,0.0,13.665387672270846,0.2733077534454169,0.4438667528733261,0.43155671650086147,7.911187684099372,17993
energy,power_kw_eps4.0,p_gated_ba,4.0,8,3,16.0,2,0,0.0,13.314793885474856,0.26629587770949714,0.3530418429820173,0.43161229366976045,7.911187684099372,17993
energy,power_kw_eps4.0,p_gated_ba,4.0,8,4,,2,0,0.0,13.314793885474856,0.26629587770949714,0.3530418429820173,0.43161229366976045,7.911187684099372,17993
energy,power_kw_eps4.0,p_gated_ba,4.0,8,4,4.0,2,0,0.0,28.00971060535045,0.5601942121070089,0.5358694956873533,0.47718557216695384,7.911187684099372,17993
energy,power_kw_eps4.0,p_gated_ba,4.0,8,4,8.0,2,0,0.0,13.665387672270846,0.2733077534454169,0.4438667528733261,0.43155671650086147,7.911187684099372,17993
energy,power_kw_eps4.0,p_gated_ba,4.0,8,4,16.0,2,0,0.0,13.314793885474856,0.26629587770949714,0.3530418429820173,0.43161229366976045,7.911187684099372,17993
energy,power_kw_eps4.0,p_gated_ba,4.0,8,6,,2,0,0.0,13.314793885474856,0.26629587770949714,0.3530418429820173,0.43161229366976045,7.911187684099372,17993
energy,power_kw_eps4.0,p_gated_ba,4.0,8,6,8.0,2,0,0.0,13.665387672270846,0.2733077534454169,0.4438667528733261,0.43155671650086147,7.911187684099372,17993
energy,power_kw_eps4.0,p_gated_ba,4.0,8,6,16.0,2,0,0.0,13.314793885474856,0.26629587770949714,0.3530418429820173,0.43161229366976045,7.911187684099372,17993
energy,power_kw_eps4.0,p_gated_ba,4.0,8,1,,2,2,0.0,13.311404842268614,0.2662280968453723,0.3530418429820173,0.43322548253932835,7.940756443155194,17926
energy,power_kw_eps4.0,p_gated_ba,4.0,8,1,4.0,2,2,0.0,28.057694076463886,0.5611538815292777,0.5358694956873533,0.47896909516902825,7.940756443155194,17926
energy,power_kw_eps4.0,p_gated_ba,4.0,8,1,8.0,2,2,0.0,13.587077079807365,0.2717415415961473,0.4438667528733261,0.4331696976458775,7.940756443155194,17926
energy,power_kw_eps4.0,p_gated_ba,4.0,8,1,16.0,2,2,0.0,13.311404842268614,0.2662280968453723,0.3530418429820173,0.43322548253932835,7.940756443155194,17926
energy,power_kw_eps4.0,p_gated_ba,4.0,8,2,,2,2,0.0,13.311404842268614,0.2662280968453723,0.3530418429820173,0.43322548253932835,7.940756443155194,17926
energy,power_kw_eps4.0,p_gated_ba,4.0,8,2,4.0,2,2,0.0,28.057694076463886,0.5611538815292777,0.5358694956873533,0.47896909516902825,7.940756443155194,17926
energy,power_kw_eps4.0,p_gated_ba,4.0,8,2,8.0,2,2,0.0,13.587077079807365,0.2717415415961473,0.4438667528733261,0.4331696976458775,7.940756443155194,17926
energy,power_kw_eps4.0,p_gated_ba,4.0,8,2,16.0,2,2,0.0,13.311404842268614,0.2662280968453723,0.3530418429820173,0.43322548253932835,7.940756443155194,17926
energy,power_kw_eps4.0,p_gated_ba,4.0,8,3,,2,2,0.0,13.311404842268614,0.2662280968453723,0.3530418429820173,0.43322548253932835,7.940756443155194,17926
energy,power_kw_eps4.0,p_gated_ba,4.0,8,3,4.0,2,2,0.0,28.057694076463886,0.5611538815292777,0.5358694956873533,0.47896909516902825,7.940756443155194,17926
energy,power_kw_eps4.0,p_gated_ba,4.0,8,3,8.0,2,2,0.0,13.587077079807365,0.2717415415961473,0.4438667528733261,0.4331696976458775,7.940756443155194,17926
energy,power_kw_eps4.0,p_gated_ba,4.0,8,3,16.0,2,2,0.0,13.311404842268614,0.2662280968453723,0.3530418429820173,0.43322548253932835,7.940756443155194,17926
energy,power_kw_eps4.0,p_gated_ba,4.0,8,4,,2,2,0.0,13.311404842268614,0.2662280968453723,0.3530418429820173,0.43322548253932835,7.940756443155194,17926
energy,power_kw_eps4.0,p_gated_ba,4.0,8,4,4.0,2,2,0.0,28.057694076463886,0.5611538815292777,0.5358694956873533,0.47896909516902825,7.940756443155194,17926
energy,power_kw_eps4.0,p_gated_ba,4.0,8,4,8.0,2,2,0.0,13.587077079807365,0.2717415415961473,0.4438667528733261,0.4331696976458775,7.940756443155194,17926
energy,power_kw_eps4.0,p_gated_ba,4.0,8,4,16.0,2,2,0.0,13.311404842268614,0.2662280968453723,0.3530418429820173,0.43322548253932835,7.940756443155194,17926
energy,power_kw_eps4.0,p_gated_ba,4.0,8,6,,2,2,0.0,13.311404842268614,0.2662280968453723,0.3530418429820173,0.43322548253932835,7.940756443155194,17926
energy,power_kw_eps4.0,p_gated_ba,4.0,8,6,8.0,2,2,0.0,13.587077079807365,0.2717415415961473,0.4438667528733261,0.4331696976458775,7.940756443155194,17926
energy,power_kw_eps4.0,p_gated_ba,4.0,8,6,16.0,2,2,0.0,13.311404842268614,0.2662280968453723,0.3530418429820173,0.43322548253932835,7.940756443155194,17926
energy,power_kw_eps4.0,p_gated_ba,4.0,8,1,,2,4,0.0,13.313740639889975,0.2662748127977995,0.3530418429820173,0.43349148758024003,7.945632151828077,17915
energy,power_kw_eps4.0,p_gated_ba,4.0,8,1,4.0,2,4,0.0,28.066539644242564,0.5613307928848513,0.5358694956873533,0.4792631872732347,7.945632151828077,17915
energy,power_kw_eps4.0,p_gated_ba,4.0,8,1,8.0,2,4,0.0,13.571552217067744,0.2714310443413549,0.4438667528733261,0.43343566843427295,7.945632151828077,17915
energy,power_kw_eps4.0,p_gated_ba,4.0,8,1,16.0,2,4,0.0,13.313740639889975,0.2662748127977995,0.3530418429820173,0.43349148758024003,7.945632151828077,17915
energy,power_kw_eps4.0,p_gated_ba,4.0,8,2,,2,4,0.0,13.313740639889975,0.2662748127977995,0.3530418429820173,0.43349148758024003,7.945632151828077,17915
energy,power_kw_eps4.0,p_gated_ba,4.0,8,2,4.0,2,4,0.0,28.066539644242564,0.5613307928848513,0.5358694956873533,0.4792631872732347,7.945632151828077,17915
energy,power_kw_eps4.0,p_gated_ba,4.0,8,2,8.0,2,4,0.0,13.571552217067744,0.2714310443413549,0.4438667528733261,0.43343566843427295,7.945632151828077,17915
energy,power_kw_eps4.0,p_gated_ba,4.0,8,2,16.0,2,4,0.0,13.313740639889975,0.2662748127977995,0.3530418429820173,0.43349148758024003,7.945632151828077,17915
energy,power_kw_eps4.0,p_gated_ba,4.0,8,3,,2,4,0.0,13.313740639889975,0.2662748127977995,0.3530418429820173,0.43349148758024003,7.945632151828077,17915
energy,power_kw_eps4.0,p_gated_ba,4.0,8,3,4.0,2,4,0.0,28.066539644242564,0.5613307928848513,0.5358694956873533,0.4792631872732347,7.945632151828077,17915
energy,power_kw_eps4.0,p_gated_ba,4.0,8,3,8.0,2,4,0.0,13.571552217067744,0.2714310443413549,0.4438667528733261,0.43343566843427295,7.945632151828077,17915
energy,power_kw_eps4.0,p_gated_ba,4.0,8,3,16.0,2,4,0.0,13.313740639889975,0.2662748127977995,0.3530418429820173,0.43349148758024003,7.945632151828077,17915
energy,power_kw_eps4.0,p_gated_ba,4.0,8,4,,2,4,0.0,13.313740639889975,0.2662748127977995,0.3530418429820173,0.43349148758024003,7.945632151828077,17915
energy,power_kw_eps4.0,p_gated_ba,4.0,8,4,4.0,2,4,0.0,28.066539644242564,0.5613307928848513,0.5358694956873533,0.4792631872732347,7.945632151828077,17915
energy,power_kw_eps4.0,p_gated_ba,4.0,8,4,8.0,2,4,0.0,13.571552217067744,0.2714310443413549,0.4438667528733261,0.43343566843427295,7.945632151828077,17915
energy,power_kw_eps4.0,p_gated_ba,4.0,8,4,16.0,2,4,0.0,13.313740639889975,0.2662748127977995,0.3530418429820173,0.43349148758024003,7.945632151828077,17915
energy,power_kw_eps4.0,p_gated_ba,4.0,8,6,,2,4,0.0,13.313740639889975,0.2662748127977995,0.3530418429820173,0.43349148758024003,7.945632151828077,17915
energy,power_kw_eps4.0,p_gated_ba,4.0,8,6,8.0,2,4,0.0,13.571552217067744,0.2714310443413549,0.4438667528733261,0.43343566843427295,7.945632151828077,17915
energy,power_kw_eps4.0,p_gated_ba,4.0,8,6,16.0,2,4,0.0,13.313740639889975,0.2662748127977995,0.3530418429820173,0.43349148758024003,7.945632151828077,17915
energy,power_kw_eps4.0,p_gated_ba,4.0,8,1,,4,0,0.0,13.049123234025346,0.26098246468050695,0.4292847286921423,0.4272535289540958,8.02867622540847,8997
energy,power_kw_eps4.0,p_gated_ba,4.0,8,1,4.0,4,0,0.0,27.811386736216388,0.5562277347243277,0.5758813913094474,0.4739357563632322,8.02867622540847,8997
energy,power_kw_eps4.0,p_gated_ba,4.0,8,1,8.0,4,0,0.0,13.417526137371084,0.26835052274742166,0.44886303702769953,0.42814271423807937,8.02867622540847,8997
energy,power_kw_eps4.0,p_gated_ba,4.0,8,1,16.0,4,0,0.0,13.049123234025346,0.26098246468050695,0.4292847286921423,0.4272535289540958,8.02867622540847,8997
energy,power_kw_eps4.0,p_gated_ba,4.0,8,2,,4,0,0.0,13.049123234025346,0.26098246468050695,0.4292847286921423,0.4272535289540958,8.02867622540847,8997
energy,power_kw_eps4.0,p_gated_ba,4.0,8,2,4.0,4,0,0.0,27.811386736216388,0.5562277347243277,0.5758813913094474,0.4739357563632322,8.02867622540847,8997
energy,power_kw_eps4.0,p_gated_ba,4.0,8,2,8.0,4,0,0.0,13.417526137371084,0.26835052274742166,0.44886303702769953,0.42814271423807937,8.02867622540847,8997
energy,power_kw_eps4.0,p_gated_ba,4.0,8,2,16.0,4,0,0.0,13.049123234025346,0.26098246468050695,0.4292847286921423,0.4272535289540958,8.02867622540847,8997
energy,power_kw_eps4.0,p_gated_ba,4.0,8,3,,4,0,0.0,13.049123234025346,0.26098246468050695,0.4292847286921423,0.4272535289540958,8.02867622540847,8997
energy,power_kw_eps4.0,p_gated_ba,4.0,8,3,4.0,4,0,0.0,27.811386736216388,0.5562277347243277,0.5758813913094474,0.4739357563632322,8.02867622540847,8997
energy,power_kw_eps4.0,p_gated_ba,4.0,8,3,8.0,4,0,0.0,13.417526137371084,0.26835052274742166,0.44886303702769953,0.42814271423807937,8.02867622540847,8997
energy,power_kw_eps4.0,p_gated_ba,4.0,8,3,16.0,4,0,0.0,13.049123234025346,0.26098246468050695,0.4292847286921423,0.4272535289540958,8.02867622540847,8997
energy,power_kw_eps4.0,p_gated_ba,4.0,8,4,,4,0,0.0,13.049123234025346,0.26098246468050695,0.4292847286921423,0.4272535289540958,8.02867622540847,8997
energy,power_kw_eps4.0,p_gated_ba,4.0,8,4,4.0,4,0,0.0,27.811386736216388,0.5562277347243277,0.5758813913094474,0.4739357563632322,8.02867622540847,8997
energy,power_kw_eps4.0,p_gated_ba,4.0,8,4,8.0,4,0,0.0,13.417526137371084,0.26835052274742166,0.44886303702769953,0.42814271423807937,8.02867622540847,8997
energy,power_kw_eps4.0,p_gated_ba,4.0,8,4,16.0,4,0,0.0,13.049123234025346,0.26098246468050695,0.4292847286921423,0.4272535289540958,8.02867622540847,8997
energy,power_kw_eps4.0,p_gated_ba,4.0,8,6,,4,0,0.0,13.049123234025346,0.26098246468050695,0.4292847286921423,0.4272535289540958,8.02867622540847,8997
energy,power_kw_eps4.0,p_gated_ba,4.0,8,6,8.0,4,0,0.0,13.417526137371084,0.26835052274742166,0.44886303702769953,0.42814271423807937,8.02867622540847,8997
energy,power_kw_eps4.0,p_gated_ba,4.0,8,6,16.0,4,0,0.0,13.049123234025346,0.26098246468050695,0.4292847286921423,0.4272535289540958,8.02867622540847,8997
energy,power_kw_eps4.0,p_gated_ba,4.0,8,1,,4,2,0.0,13.044365722801567,0.26088731445603136,0.4292847286921423,0.4287785833798104,8.05733407696598,8965
energy,power_kw_eps4.0,p_gated_ba,4.0,8,1,4.0,4,2,0.0,27.84423980127536,0.5568847960255072,0.5758813913094474,0.47562744004461793,8.05733407696598,8965
energy,power_kw_eps4.0,p_gated_ba,4.0,8,1,8.0,4,2,0.0,13.417447099548138,0.26834894199096276,0.44886303702769953,0.42967094255437815,8.05733407696598,8965
energy,power_kw_eps4.0,p_gated_ba,4.0,8,1,16.0,4,2,0.0,13.044365722801567,0.26088731445603136,0.4292847286921423,0.4287785833798104,8.05733407696598,8965
energy,power_kw_eps4.0,p_gated_ba,4.0,8,2,,4,2,0.0,13.044365722801567,0.26088731445603136,0.4292847286921423,0.4287785833798104,8.05733407696598,8965
energy,power_kw_eps4.0,p_gated_ba,4.0,8,2,4.0,4,2,0.0,27.84423980127536,0.5568847960255072,0.5758813913094474,0.47562744004461793,8.05733407696598,8965
energy,power_kw_eps4.0,p_gated_ba,4.0,8,2,8.0,4,2,0.0,13.417447099548138,0.26834894199096276,0.44886303702769953,0.42967094255437815,8.05733407696598,8965
energy,power_kw_eps4.0,p_gated_ba,4.0,8,2,16.0,4,2,0.0,13.044365722801567,0.26088731445603136,0.4292847286921423,0.4287785833798104,8.05733407696598,8965
energy,power_kw_eps4.0,p_gated_ba,4.0,8,3,,4,2,0.0,13.044365722801567,0.26088731445603136,0.4292847286921423,0.4287785833798104,8.05733407696598,8965
energy,power_kw_eps4.0,p_gated_ba,4.0,8,3,4.0,4,2,0.0,27.84423980127536,0.5568847960255072,0.5758813913094474,0.47562744004461793,8.05733407696598,8965
energy,power_kw_eps4.0,p_gated_ba,4.0,8,3,8.0,4,2,0.0,13.417447099548138,0.26834894199096276,0.44886303702769953,0.42967094255437815,8.05733407696598,8965
energy,power_kw_eps4.0,p_gated_ba,4.0,8,3,16.0,4,2,0.0,13.044365722801567,0.26088731445603136,0.4292847286921423,0.4287785833798104,8.05733407696598,8965
energy,power_kw_eps4.0,p_gated_ba,4.0,8,4,,4,2,0.0,13.044365722801567,0.26088731445603136,0.4292847286921423,0.4287785833798104,8.05733407696598,8965
energy,power_kw_eps4.0,p_gated_ba,4.0,8,4,4.0,4,2,0.0,27.84423980127536,0.5568847960255072,0.5758813913094474,0.47562744004461793,8.05733407696598,8965
energy,power_kw_eps4.0,p_gated_ba,4.0,8,4,8.0,4,2,0.0,13.417447099548138,0.26834894199096276,0.44886303702769953,0.42967094255437815,8.05733407696598,8965
energy,power_kw_eps4.0,p_gated_ba,4.0,8,4,16.0,4,2,0.0,13.044365722801567,0.26088731445603136,0.4292847286921423,0.4287785833798104,8.05733407696598,8965
energy,power_kw_eps4.0,p_gated_ba,4.0,8,6,,4,2,0.0,13.044365722801567,0.26088731445603136,0.4292847286921423,0.4287785833798104,8.05733407696598,8965
energy,power_kw_eps4.0,p_gated_ba,4.0,8,6,8.0,4,2,0.0,13.417447099548138,0.26834894199096276,0.44886303702769953,0.42967094255437815,8.05733407696598,8965
energy,power_kw_eps4.0,p_gated_ba,4.0,8,6,16.0,4,2,0.0,13.044365722801567,0.26088731445603136,0.4292847286921423,0.4287785833798104,8.05733407696598,8965
energy,power_kw_eps4.0,p_gated_ba,4.0,8,1,,4,4,0.0,13.045896122603477,0.2609179224520695,0.4292847286921423,0.4290178571428571,8.061830357142858,8960
energy,power_kw_eps4.0,p_gated_ba,4.0,8,1,4.0,4,4,0.0,27.844299752252027,0.5568859950450405,0.5758813913094474,0.4758928571428571,8.061830357142858,8960
energy,power_kw_eps4.0,p_gated_ba,4.0,8,1,8.0,4,4,0.0,13.416870863645558,0.26833741727291116,0.44886303702769953,0.4299107142857143,8.061830357142858,8960
energy,power_kw_eps4.0,p_gated_ba,4.0,8,1,16.0,4,4,0.0,13.045896122603477,0.2609179224520695,0.4292847286921423,0.4290178571428571,8.061830357142858,8960
energy,power_kw_eps4.0,p_gated_ba,4.0,8,2,,4,4,0.0,13.045896122603477,0.2609179224520695,0.4292847286921423,0.4290178571428571,8.061830357142858,8960
energy,power_kw_eps4.0,p_gated_ba,4.0,8,2,4.0,4,4,0.0,27.844299752252027,0.5568859950450405,0.5758813913094474,0.4758928571428571,8.061830357142858,8960
energy,power_kw_eps4.0,p_gated_ba,4.0,8,2,8.0,4,4,0.0,13.416870863645558,0.26833741727291116,0.44886303702769953,0.4299107142857143,8.061830357142858,8960
energy,power_kw_eps4.0,p_gated_ba,4.0,8,2,16.0,4,4,0.0,13.045896122603477,0.2609179224520695,0.4292847286921423,0.4290178571428571,8.061830357142858,8960
energy,power_kw_eps4.0,p_gated_ba,4.0,8,3,,4,4,0.0,13.045896122603477,0.2609179224520695,0.4292847286921423,0.4290178571428571,8.061830357142858,8960
energy,power_kw_eps4.0,p_gated_ba,4.0,8,3,4.0,4,4,0.0,27.844299752252027,0.5568859950450405,0.5758813913094474,0.4758928571428571,8.061830357142858,8960
energy,power_kw_eps4.0,p_gated_ba,4.0,8,3,8.0,4,4,0.0,13.416870863645558,0.26833741727291116,0.44886303702769953,0.4299107142857143,8.061830357142858,8960
energy,power_kw_eps4.0,p_gated_ba,4.0,8,3,16.0,4,4,0.0,13.045896122603477,0.2609179224520695,0.4292847286921423,0.4290178571428571,8.061830357142858,8960
energy,power_kw_eps4.0,p_gated_ba,4.0,8,4,,4,4,0.0,13.045896122603477,0.2609179224520695,0.4292847286921423,0.4290178571428571,8.061830357142858,8960
energy,power_kw_eps4.0,p_gated_ba,4.0,8,4,4.0,4,4,0.0,27.844299752252027,0.5568859950450405,0.5758813913094474,0.4758928571428571,8.061830357142858,8960
energy,power_kw_eps4.0,p_gated_ba,4.0,8,4,8.0,4,4,0.0,13.416870863645558,0.26833741727291116,0.44886303702769953,0.4299107142857143,8.061830357142858,8960
energy,power_kw_eps4.0,p_gated_ba,4.0,8,4,16.0,4,4,0.0,13.045896122603477,0.2609179224520695,0.4292847286921423,0.4290178571428571,8.061830357142858,8960
energy,power_kw_eps4.0,p_gated_ba,4.0,8,6,,4,4,0.0,13.045896122603477,0.2609179224520695,0.4292847286921423,0.4290178571428571,8.061830357142858,8960
energy,power_kw_eps4.0,p_gated_ba,4.0,8,6,8.0,4,4,0.0,13.416870863645558,0.26833741727291116,0.44886303702769953,0.4299107142857143,8.061830357142858,8960
energy,power_kw_eps4.0,p_gated_ba,4.0,8,6,16.0,4,4,0.0,13.045896122603477,0.2609179224520695,0.4292847286921423,0.4290178571428571,8.061830357142858,8960
energy,power_kw_eps4.0,n_weighted,4.0,8,1,,1,0,0.0,12.780518568858902,0.255610371377178,0.9028957859928464,0.9944977073780742,7.827900514103098,35985
energy,power_kw_eps4.0,n_weighted,4.0,8,1,4.0,1,0,0.0,24.657880723688557,0.49315761447377116,0.7270184333577269,0.9944977073780742,7.827900514103098,35985
energy,power_kw_eps4.0,n_weighted,4.0,8,1,8.0,1,0,0.0,12.92088286443728,0.2584176572887456,0.9082818087187435,0.9944977073780742,7.827900514103098,35985
energy,power_kw_eps4.0,n_weighted,4.0,8,1,16.0,1,0,0.0,12.780518568858902,0.255610371377178,0.9028957859928464,0.9944977073780742,7.827900514103098,35985
energy,power_kw_eps4.0,n_weighted,4.0,8,2,,1,0,0.0,12.780518568858902,0.255610371377178,0.9028957859928464,0.9944977073780742,7.827900514103098,35985
energy,power_kw_eps4.0,n_weighted,4.0,8,2,4.0,1,0,0.0,24.657880723688557,0.49315761447377116,0.7270184333577269,0.9944977073780742,7.827900514103098,35985
energy,power_kw_eps4.0,n_weighted,4.0,8,2,8.0,1,0,0.0,12.92088286443728,0.2584176572887456,0.9082818087187435,0.9944977073780742,7.827900514103098,35985
energy,power_kw_eps4.0,n_weighted,4.0,8,2,16.0,1,0,0.0,12.780518568858902,0.255610371377178,0.9028957859928464,0.9944977073780742,7.827900514103098,35985
energy,power_kw_eps4.0,n_weighted,4.0,8,3,,1,0,0.0,12.780518568858902,0.255610371377178,0.9028957859928464,0.9944977073780742,7.827900514103098,35985
energy,power_kw_eps4.0,n_weighted,4.0,8,3,4.0,1,0,0.0,24.657880723688557,0.49315761447377116,0.7270184333577269,0.9944977073780742,7.827900514103098,35985
energy,power_kw_eps4.0,n_weighted,4.0,8,3,8.0,1,0,0.0,12.92088286443728,0.2584176572887456,0.9082818087187435,0.9944977073780742,7.827900514103098,35985
energy,power_kw_eps4.0,n_weighted,4.0,8,3,16.0,1,0,0.0,12.780518568858902,0.255610371377178,0.9028957859928464,0.9944977073780742,7.827900514103098,35985
energy,power_kw_eps4.0,n_weighted,4.0,8,4,,1,0,0.0,12.780518568858902,0.255610371377178,0.9028957859928464,0.9944977073780742,7.827900514103098,35985
energy,power_kw_eps4.0,n_weighted,4.0,8,4,4.0,1,0,0.0,24.657880723688557,0.49315761447377116,0.7270184333577269,0.9944977073780742,7.827900514103098,35985
energy,power_kw_eps4.0,n_weighted,4.0,8,4,8.0,1,0,0.0,12.92088286443728,0.2584176572887456,0.9082818087187435,0.9944977073780742,7.827900514103098,35985
energy,power_kw_eps4.0,n_weighted,4.0,8,4,16.0,1,0,0.0,12.780518568858902,0.255610371377178,0.9028957859928464,0.9944977073780742,7.827900514103098,35985
energy,power_kw_eps4.0,n_weighted,4.0,8,6,,1,0,0.0,12.780518568858902,0.255610371377178,0.9028957859928464,0.9944977073780742,7.827900514103098,35985
energy,power_kw_eps4.0,n_weighted,4.0,8,6,8.0,1,0,0.0,12.92088286443728,0.2584176572887456,0.9082818087187435,0.9944977073780742,7.827900514103098,35985
energy,power_kw_eps4.0,n_weighted,4.0,8,6,16.0,1,0,0.0,12.780518568858902,0.255610371377178,0.9028957859928464,0.9944977073780742,7.827900514103098,35985
energy,power_kw_eps4.0,n_weighted,4.0,8,1,,1,2,0.0,12.78908357350748,0.2557816714701496,0.9028957859928464,0.9982705235850372,7.857597143574437,35849
energy,power_kw_eps4.0,n_weighted,4.0,8,1,4.0,1,2,0.0,24.679869135956515,0.4935973827191303,0.7270184333577269,0.9982705235850372,7.857597143574437,35849
energy,power_kw_eps4.0,n_weighted,4.0,8,1,8.0,1,2,0.0,12.929712172592968,0.25859424345185933,0.9082818087187435,0.9982705235850372,7.857597143574437,35849
energy,power_kw_eps4.0,n_weighted,4.0,8,1,16.0,1,2,0.0,12.78908357350748,0.2557816714701496,0.9028957859928464,0.9982705235850372,7.857597143574437,35849
energy,power_kw_eps4.0,n_weighted,4.0,8,2,,1,2,0.0,12.78908357350748,0.2557816714701496,0.9028957859928464,0.9982705235850372,7.857597143574437,35849
energy,power_kw_eps4.0,n_weighted,4.0,8,2,4.0,1,2,0.0,24.679869135956515,0.4935973827191303,0.7270184333577269,0.9982705235850372,7.857597143574437,35849
energy,power_kw_eps4.0,n_weighted,4.0,8,2,8.0,1,2,0.0,12.929712172592968,0.25859424345185933,0.9082818087187435,0.9982705235850372,7.857597143574437,35849
energy,power_kw_eps4.0,n_weighted,4.0,8,2,16.0,1,2,0.0,12.78908357350748,0.2557816714701496,0.9028957859928464,0.9982705235850372,7.857597143574437,35849
energy,power_kw_eps4.0,n_weighted,4.0,8,3,,1,2,0.0,12.78908357350748,0.2557816714701496,0.9028957859928464,0.9982705235850372,7.857597143574437,35849
energy,power_kw_eps4.0,n_weighted,4.0,8,3,4.0,1,2,0.0,24.679869135956515,0.4935973827191303,0.7270184333577269,0.9982705235850372,7.857597143574437,35849
energy,power_kw_eps4.0,n_weighted,4.0,8,3,8.0,1,2,0.0,12.929712172592968,0.25859424345185933,0.9082818087187435,0.9982705235850372,7.857597143574437,35849
energy,power_kw_eps4.0,n_weighted,4.0,8,3,16.0,1,2,0.0,12.78908357350748,0.2557816714701496,0.9028957859928464,0.9982705235850372,7.857597143574437,35849
energy,power_kw_eps4.0,n_weighted,4.0,8,4,,1,2,0.0,12.78908357350748,0.2557816714701496,0.9028957859928464,0.9982705235850372,7.857597143574437,35849
energy,power_kw_eps4.0,n_weighted,4.0,8,4,4.0,1,2,0.0,24.679869135956515,0.4935973827191303,0.7270184333577269,0.9982705235850372,7.857597143574437,35849
energy,power_kw_eps4.0,n_weighted,4.0,8,4,8.0,1,2,0.0,12.929712172592968,0.25859424345185933,0.9082818087187435,0.9982705235850372,7.857597143574437,35849
energy,power_kw_eps4.0,n_weighted,4.0,8,4,16.0,1,2,0.0,12.78908357350748,0.2557816714701496,0.9028957859928464,0.9982705235850372,7.857597143574437,35849
energy,power_kw_eps4.0,n_weighted,4.0,8,6,,1,2,0.0,12.78908357350748,0.2557816714701496,0.9028957859928464,0.9982705235850372,7.857597143574437,35849
energy,power_kw_eps4.0,n_weighted,4.0,8,6,8.0,1,2,0.0,12.929712172592968,0.25859424345185933,0.9082818087187435,0.9982705235850372,7.857597143574437,35849
energy,power_kw_eps4.0,n_weighted,4.0,8,6,16.0,1,2,0.0,12.78908357350748,0.2557816714701496,0.9028957859928464,0.9982705235850372,7.857597143574437,35849
energy,power_kw_eps4.0,n_weighted,4.0,8,1,,1,4,0.0,12.790495758704788,0.25580991517409574,0.902896361970404,0.9989950590402814,7.86330011445161,35823
energy,power_kw_eps4.0,n_weighted,4.0,8,1,4.0,1,4,0.0,24.683705337933482,0.49367410675866963,0.7270184333577269,0.9989950590402814,7.86330011445161,35823
energy,power_kw_eps4.0,n_weighted,4.0,8,1,8.0,1,4,0.0,12.931254685968723,0.2586250937193745,0.9082823868113495,0.9989950590402814,7.86330011445161,35823
energy,power_kw_eps4.0,n_weighted,4.0,8,1,16.0,1,4,0.0,12.790495758704788,0.25580991517409574,0.902896361970404,0.9989950590402814,7.86330011445161,35823
energy,power_kw_eps4.0,n_weighted,4.0,8,2,,1,4,0.0,12.790495758704788,0.25580991517409574,0.902896361970404,0.9989950590402814,7.86330011445161,35823
energy,power_kw_eps4.0,n_weighted,4.0,8,2,4.0,1,4,0.0,24.683705337933482,0.49367410675866963,0.7270184333577269,0.9989950590402814,7.86330011445161,35823
energy,power_kw_eps4.0,n_weighted,4.0,8,2,8.0,1,4,0.0,12.931254685968723,0.2586250937193745,0.9082823868113495,0.9989950590402814,7.86330011445161,35823
energy,power_kw_eps4.0,n_weighted,4.0,8,2,16.0,1,4,0.0,12.790495758704788,0.25580991517409574,0.902896361970404,0.9989950590402814,7.86330011445161,35823
energy,power_kw_eps4.0,n_weighted,4.0,8,3,,1,4,0.0,12.790495758704788,0.25580991517409574,0.902896361970404,0.9989950590402814,7.86330011445161,35823
energy,power_kw_eps4.0,n_weighted,4.0,8,3,4.0,1,4,0.0,24.683705337933482,0.49367410675866963,0.7270184333577269,0.9989950590402814,7.86330011445161,35823
energy,power_kw_eps4.0,n_weighted,4.0,8,3,8.0,1,4,0.0,12.931254685968723,0.2586250937193745,0.9082823868113495,0.9989950590402814,7.86330011445161,35823
energy,power_kw_eps4.0,n_weighted,4.0,8,3,16.0,1,4,0.0,12.790495758704788,0.25580991517409574,0.902896361970404,0.9989950590402814,7.86330011445161,35823
energy,power_kw_eps4.0,n_weighted,4.0,8,4,,1,4,0.0,12.790495758704788,0.25580991517409574,0.902896361970404,0.9989950590402814,7.86330011445161,35823
energy,power_kw_eps4.0,n_weighted,4.0,8,4,4.0,1,4,0.0,24.683705337933482,0.49367410675866963,0.7270184333577269,0.9989950590402814,7.86330011445161,35823
energy,power_kw_eps4.0,n_weighted,4.0,8,4,8.0,1,4,0.0,12.931254685968723,0.2586250937193745,0.9082823868113495,0.9989950590402814,7.86330011445161,35823
energy,power_kw_eps4.0,n_weighted,4.0,8,4,16.0,1,4,0.0,12.790495758704788,0.25580991517409574,0.902896361970404,0.9989950590402814,7.86330011445161,35823
energy,power_kw_eps4.0,n_weighted,4.0,8,6,,1,4,0.0,12.790495758704788,0.25580991517409574,0.902896361970404,0.9989950590402814,7.86330011445161,35823
energy,power_kw_eps4.0,n_weighted,4.0,8,6,8.0,1,4,0.0,12.931254685968723,0.2586250937193745,0.9082823868113495,0.9989950590402814,7.86330011445161,35823
energy,power_kw_eps4.0,n_weighted,4.0,8,6,16.0,1,4,0.0,12.790495758704788,0.25580991517409574,0.902896361970404,0.9989950590402814,7.86330011445161,35823
energy,power_kw_eps4.0,n_weighted,4.0,8,1,,2,0,0.0,12.750109076224069,0.2550021815244814,0.7097369289285692,0.9947757461234925,7.911187684099372,17993
energy,power_kw_eps4.0,n_weighted,4.0,8,1,4.0,2,0,0.0,24.726270769857422,0.49452541539714845,0.7291276852495695,0.9947757461234925,7.911187684099372,17993
energy,power_kw_eps4.0,n_weighted,4.0,8,1,8.0,2,0,0.0,12.886949944274392,0.25773899888548785,0.7172700595520649,0.9947757461234925,7.911187684099372,17993
energy,power_kw_eps4.0,n_weighted,4.0,8,1,16.0,2,0,0.0,12.750109076224069,0.2550021815244814,0.7097369289285692,0.9947757461234925,7.911187684099372,17993
energy,power_kw_eps4.0,n_weighted,4.0,8,2,,2,0,0.0,12.750109076224069,0.2550021815244814,0.7097369289285692,0.9947757461234925,7.911187684099372,17993
energy,power_kw_eps4.0,n_weighted,4.0,8,2,4.0,2,0,0.0,24.726270769857422,0.49452541539714845,0.7291276852495695,0.9947757461234925,7.911187684099372,17993
energy,power_kw_eps4.0,n_weighted,4.0,8,2,8.0,2,0,0.0,12.886949944274392,0.25773899888548785,0.7172700595520649,0.9947757461234925,7.911187684099372,17993
energy,power_kw_eps4.0,n_weighted,4.0,8,2,16.0,2,0,0.0,12.750109076224069,0.2550021815244814,0.7097369289285692,0.9947757461234925,7.911187684099372,17993
energy,power_kw_eps4.0,n_weighted,4.0,8,3,,2,0,0.0,12.750109076224069,0.2550021815244814,0.7097369289285692,0.9947757461234925,7.911187684099372,17993
energy,power_kw_eps4.0,n_weighted,4.0,8,3,4.0,2,0,0.0,24.726270769857422,0.49452541539714845,0.7291276852495695,0.9947757461234925,7.911187684099372,17993
energy,power_kw_eps4.0,n_weighted,4.0,8,3,8.0,2,0,0.0,12.886949944274392,0.25773899888548785,0.7172700595520649,0.9947757461234925,7.911187684099372,17993
energy,power_kw_eps4.0,n_weighted,4.0,8,3,16.0,2,0,0.0,12.750109076224069,0.2550021815244814,0.7097369289285692,0.9947757461234925,7.911187684099372,17993
energy,power_kw_eps4.0,n_weighted,4.0,8,4,,2,0,0.0,12.750109076224069,0.2550021815244814,0.7097369289285692,0.9947757461234925,7.911187684099372,17993
energy,power_kw_eps4.0,n_weighted,4.0,8,4,4.0,2,0,0.0,24.726270769857422,0.49452541539714845,0.7291276852495695,0.9947757461234925,7.911187684099372,17993
energy,power_kw_eps4.0,n_weighted,4.0,8,4,8.0,2,0,0.0,12.886949944274392,0.25773899888548785,0.7172700595520649,0.9947757461234925,7.911187684099372,17993
energy,power_kw_eps4.0,n_weighted,4.0,8,4,16.0,2,0,0.0,12.750109076224069,0.2550021815244814,0.7097369289285692,0.9947757461234925,7.911187684099372,17993
energy,power_kw_eps4.0,n_weighted,4.0,8,6,,2,0,0.0,12.750109076224069,0.2550021815244814,0.7097369289285692,0.9947757461234925,7.911187684099372,17993
energy,power_kw_eps4.0,n_weighted,4.0,8,6,8.0,2,0,0.0,12.886949944274392,0.25773899888548785,0.7172700595520649,0.9947757461234925,7.911187684099372,17993
energy,power_kw_eps4.0,n_weighted,4.0,8,6,16.0,2,0,0.0,12.750109076224069,0.2550021815244814,0.7097369289285692,0.9947757461234925,7.911187684099372,17993
energy,power_kw_eps4.0,n_weighted,4.0,8,1,,2,2,0.0,12.744597471084791,0.25489194942169585,0.7097369018574197,0.998493807876827,7.940756443155194,17926
energy,power_kw_eps4.0,n_weighted,4.0,8,1,4.0,2,2,0.0,24.71728424314534,0.4943456848629068,0.7291276852495695,0.998493807876827,7.940756443155194,17926
energy,power_kw_eps4.0,n_weighted,4.0,8,1,8.0,2,2,0.0,12.881624472901633,0.25763248945803263,0.7172700595520649,0.998493807876827,7.940756443155194,17926
energy,power_kw_eps4.0,n_weighted,4.0,8,1,16.0,2,2,0.0,12.744597471084791,0.25489194942169585,0.7097369018574197,0.998493807876827,7.940756443155194,17926
energy,power_kw_eps4.0,n_weighted,4.0,8,2,,2,2,0.0,12.744597471084791,0.25489194942169585,0.7097369018574197,0.998493807876827,7.940756443155194,17926
energy,power_kw_eps4.0,n_weighted,4.0,8,2,4.0,2,2,0.0,24.71728424314534,0.4943456848629068,0.7291276852495695,0.998493807876827,7.940756443155194,17926
energy,power_kw_eps4.0,n_weighted,4.0,8,2,8.0,2,2,0.0,12.881624472901633,0.25763248945803263,0.7172700595520649,0.998493807876827,7.940756443155194,17926
energy,power_kw_eps4.0,n_weighted,4.0,8,2,16.0,2,2,0.0,12.744597471084791,0.25489194942169585,0.7097369018574197,0.998493807876827,7.940756443155194,17926
energy,power_kw_eps4.0,n_weighted,4.0,8,3,,2,2,0.0,12.744597471084791,0.25489194942169585,0.7097369018574197,0.998493807876827,7.940756443155194,17926
energy,power_kw_eps4.0,n_weighted,4.0,8,3,4.0,2,2,0.0,24.71728424314534,0.4943456848629068,0.7291276852495695,0.998493807876827,7.940756443155194,17926
energy,power_kw_eps4.0,n_weighted,4.0,8,3,8.0,2,2,0.0,12.881624472901633,0.25763248945803263,0.7172700595520649,0.998493807876827,7.940756443155194,17926
energy,power_kw_eps4.0,n_weighted,4.0,8,3,16.0,2,2,0.0,12.744597471084791,0.25489194942169585,0.7097369018574197,0.998493807876827,7.940756443155194,17926
energy,power_kw_eps4.0,n_weighted,4.0,8,4,,2,2,0.0,12.744597471084791,0.25489194942169585,0.7097369018574197,0.998493807876827,7.940756443155194,17926
energy,power_kw_eps4.0,n_weighted,4.0,8,4,4.0,2,2,0.0,24.71728424314534,0.4943456848629068,0.7291276852495695,0.998493807876827,7.940756443155194,17926
energy,power_kw_eps4.0,n_weighted,4.0,8,4,8.0,2,2,0.0,12.881624472901633,0.25763248945803263,0.7172700595520649,0.998493807876827,7.940756443155194,17926
energy,power_kw_eps4.0,n_weighted,4.0,8,4,16.0,2,2,0.0,12.744597471084791,0.25489194942169585,0.7097369018574197,0.998493807876827,7.940756443155194,17926
energy,power_kw_eps4.0,n_weighted,4.0,8,6,,2,2,0.0,12.744597471084791,0.25489194942169585,0.7097369018574197,0.998493807876827,7.940756443155194,17926
energy,power_kw_eps4.0,n_weighted,4.0,8,6,8.0,2,2,0.0,12.881624472901633,0.25763248945803263,0.7172700595520649,0.998493807876827,7.940756443155194,17926
energy,power_kw_eps4.0,n_weighted,4.0,8,6,16.0,2,2,0.0,12.744597471084791,0.25489194942169585,0.7097369018574197,0.998493807876827,7.940756443155194,17926
energy,power_kw_eps4.0,n_weighted,4.0,8,1,,2,4,0.0,12.74262938943159,0.2548525877886318,0.7097369018574197,0.999106893664527,7.945632151828077,17915
energy,power_kw_eps4.0,n_weighted,4.0,8,1,4.0,2,4,0.0,24.713548565189658,0.49427097130379316,0.7291276852495695,0.999106893664527,7.945632151828077,17915
energy,power_kw_eps4.0,n_weighted,4.0,8,1,8.0,2,4,0.0,12.879740527280806,0.2575948105456161,0.7172700595520649,0.999106893664527,7.945632151828077,17915
energy,power_kw_eps4.0,n_weighted,4.0,8,1,16.0,2,4,0.0,12.74262938943159,0.2548525877886318,0.7097369018574197,0.999106893664527,7.945632151828077,17915
energy,power_kw_eps4.0,n_weighted,4.0,8,2,,2,4,0.0,12.74262938943159,0.2548525877886318,0.7097369018574197,0.999106893664527,7.945632151828077,17915
energy,power_kw_eps4.0,n_weighted,4.0,8,2,4.0,2,4,0.0,24.713548565189658,0.49427097130379316,0.7291276852495695,0.999106893664527,7.945632151828077,17915
energy,power_kw_eps4.0,n_weighted,4.0,8,2,8.0,2,4,0.0,12.879740527280806,0.2575948105456161,0.7172700595520649,0.999106893664527,7.945632151828077,17915
energy,power_kw_eps4.0,n_weighted,4.0,8,2,16.0,2,4,0.0,12.74262938943159,0.2548525877886318,0.7097369018574197,0.999106893664527,7.945632151828077,17915
energy,power_kw_eps4.0,n_weighted,4.0,8,3,,2,4,0.0,12.74262938943159,0.2548525877886318,0.7097369018574197,0.999106893664527,7.945632151828077,17915
energy,power_kw_eps4.0,n_weighted,4.0,8,3,4.0,2,4,0.0,24.713548565189658,0.49427097130379316,0.7291276852495695,0.999106893664527,7.945632151828077,17915
energy,power_kw_eps4.0,n_weighted,4.0,8,3,8.0,2,4,0.0,12.879740527280806,0.2575948105456161,0.7172700595520649,0.999106893664527,7.945632151828077,17915
energy,power_kw_eps4.0,n_weighted,4.0,8,3,16.0,2,4,0.0,12.74262938943159,0.2548525877886318,0.7097369018574197,0.999106893664527,7.945632151828077,17915
energy,power_kw_eps4.0,n_weighted,4.0,8,4,,2,4,0.0,12.74262938943159,0.2548525877886318,0.7097369018574197,0.999106893664527,7.945632151828077,17915
energy,power_kw_eps4.0,n_weighted,4.0,8,4,4.0,2,4,0.0,24.713548565189658,0.49427097130379316,0.7291276852495695,0.999106893664527,7.945632151828077,17915
energy,power_kw_eps4.0,n_weighted,4.0,8,4,8.0,2,4,0.0,12.879740527280806,0.2575948105456161,0.7172700595520649,0.999106893664527,7.945632151828077,17915
energy,power_kw_eps4.0,n_weighted,4.0,8,4,16.0,2,4,0.0,12.74262938943159,0.2548525877886318,0.7097369018574197,0.999106893664527,7.945632151828077,17915
energy,power_kw_eps4.0,n_weighted,4.0,8,6,,2,4,0.0,12.74262938943159,0.2548525877886318,0.7097369018574197,0.999106893664527,7.945632151828077,17915
energy,power_kw_eps4.0,n_weighted,4.0,8,6,8.0,2,4,0.0,12.879740527280806,0.2575948105456161,0.7172700595520649,0.999106893664527,7.945632151828077,17915
energy,power_kw_eps4.0,n_weighted,4.0,8,6,16.0,2,4,0.0,12.74262938943159,0.2548525877886318,0.7097369018574197,0.999106893664527,7.945632151828077,17915
energy,power_kw_eps4.0,n_weighted,4.0,8,1,,4,0,0.0,12.595775159505429,0.2519155031901086,0.714519079197212,0.9952206290985884,8.02867622540847,8997
energy,power_kw_eps4.0,n_weighted,4.0,8,1,4.0,4,0,0.0,24.678990367260827,0.49357980734521656,0.8305996267686266,0.9952206290985884,8.02867622540847,8997
energy,power_kw_eps4.0,n_weighted,4.0,8,1,8.0,4,0,0.0,12.770395178841062,0.25540790357682125,0.7855342933856503,0.9952206290985884,8.02867622540847,8997
energy,power_kw_eps4.0,n_weighted,4.0,8,1,16.0,4,0,0.0,12.595775159505429,0.2519155031901086,0.714519079197212,0.9952206290985884,8.02867622540847,8997
energy,power_kw_eps4.0,n_weighted,4.0,8,2,,4,0,0.0,12.595775159505429,0.2519155031901086,0.714519079197212,0.9952206290985884,8.02867622540847,8997
energy,power_kw_eps4.0,n_weighted,4.0,8,2,4.0,4,0,0.0,24.678990367260827,0.49357980734521656,0.8305996267686266,0.9952206290985884,8.02867622540847,8997
energy,power_kw_eps4.0,n_weighted,4.0,8,2,8.0,4,0,0.0,12.770395178841062,0.25540790357682125,0.7855342933856503,0.9952206290985884,8.02867622540847,8997
energy,power_kw_eps4.0,n_weighted,4.0,8,2,16.0,4,0,0.0,12.595775159505429,0.2519155031901086,0.714519079197212,0.9952206290985884,8.02867622540847,8997
energy,power_kw_eps4.0,n_weighted,4.0,8,3,,4,0,0.0,12.595775159505429,0.2519155031901086,0.714519079197212,0.9952206290985884,8.02867622540847,8997
energy,power_kw_eps4.0,n_weighted,4.0,8,3,4.0,4,0,0.0,24.678990367260827,0.49357980734521656,0.8305996267686266,0.9952206290985884,8.02867622540847,8997
energy,power_kw_eps4.0,n_weighted,4.0,8,3,8.0,4,0,0.0,12.770395178841062,0.25540790357682125,0.7855342933856503,0.9952206290985884,8.02867622540847,8997
energy,power_kw_eps4.0,n_weighted,4.0,8,3,16.0,4,0,0.0,12.595775159505429,0.2519155031901086,0.714519079197212,0.9952206290985884,8.02867622540847,8997
energy,power_kw_eps4.0,n_weighted,4.0,8,4,,4,0,0.0,12.595775159505429,0.2519155031901086,0.714519079197212,0.9952206290985884,8.02867622540847,8997
energy,power_kw_eps4.0,n_weighted,4.0,8,4,4.0,4,0,0.0,24.678990367260827,0.49357980734521656,0.8305996267686266,0.9952206290985884,8.02867622540847,8997
energy,power_kw_eps4.0,n_weighted,4.0,8,4,8.0,4,0,0.0,12.770395178841062,0.25540790357682125,0.7855342933856503,0.9952206290985884,8.02867622540847,8997
energy,power_kw_eps4.0,n_weighted,4.0,8,4,16.0,4,0,0.0,12.595775159505429,0.2519155031901086,0.714519079197212,0.9952206290985884,8.02867622540847,8997
energy,power_kw_eps4.0,n_weighted,4.0,8,6,,4,0,0.0,12.595775159505429,0.2519155031901086,0.714519079197212,0.9952206290985884,8.02867622540847,8997
energy,power_kw_eps4.0,n_weighted,4.0,8,6,8.0,4,0,0.0,12.770395178841062,0.25540790357682125,0.7855342933856503,0.9952206290985884,8.02867622540847,8997
energy,power_kw_eps4.0,n_weighted,4.0,8,6,16.0,4,0,0.0,12.595775159505429,0.2519155031901086,0.714519079197212,0.9952206290985884,8.02867622540847,8997
energy,power_kw_eps4.0,n_weighted,4.0,8,1,,4,2,0.0,12.589968257375972,0.25179936514751944,0.714519079197212,0.9987730061349693,8.05733407696598,8965
energy,power_kw_eps4.0,n_weighted,4.0,8,1,4.0,4,2,0.0,24.666316942912783,0.49332633885825566,0.8305996267686266,0.9987730061349693,8.05733407696598,8965
energy,power_kw_eps4.0,n_weighted,4.0,8,1,8.0,4,2,0.0,12.764402964791579,0.2552880592958316,0.7855341555674102,0.9987730061349693,8.05733407696598,8965
energy,power_kw_eps4.0,n_weighted,4.0,8,1,16.0,4,2,0.0,12.589968257375972,0.25179936514751944,0.714519079197212,0.9987730061349693,8.05733407696598,8965
energy,power_kw_eps4.0,n_weighted,4.0,8,2,,4,2,0.0,12.589968257375972,0.25179936514751944,0.714519079197212,0.9987730061349693,8.05733407696598,8965
energy,power_kw_eps4.0,n_weighted,4.0,8,2,4.0,4,2,0.0,24.666316942912783,0.49332633885825566,0.8305996267686266,0.9987730061349693,8.05733407696598,8965
energy,power_kw_eps4.0,n_weighted,4.0,8,2,8.0,4,2,0.0,12.764402964791579,0.2552880592958316,0.7855341555674102,0.9987730061349693,8.05733407696598,8965
energy,power_kw_eps4.0,n_weighted,4.0,8,2,16.0,4,2,0.0,12.589968257375972,0.25179936514751944,0.714519079197212,0.9987730061349693,8.05733407696598,8965
energy,power_kw_eps4.0,n_weighted,4.0,8,3,,4,2,0.0,12.589968257375972,0.25179936514751944,0.714519079197212,0.9987730061349693,8.05733407696598,8965
energy,power_kw_eps4.0,n_weighted,4.0,8,3,4.0,4,2,0.0,24.666316942912783,0.49332633885825566,0.8305996267686266,0.9987730061349693,8.05733407696598,8965
energy,power_kw_eps4.0,n_weighted,4.0,8,3,8.0,4,2,0.0,12.764402964791579,0.2552880592958316,0.7855341555674102,0.9987730061349693,8.05733407696598,8965
energy,power_kw_eps4.0,n_weighted,4.0,8,3,16.0,4,2,0.0,12.589968257375972,0.25179936514751944,0.714519079197212,0.9987730061349693,8.05733407696598,8965
energy,power_kw_eps4.0,n_weighted,4.0,8,4,,4,2,0.0,12.589968257375972,0.25179936514751944,0.714519079197212,0.9987730061349693,8.05733407696598,8965
energy,power_kw_eps4.0,n_weighted,4.0,8,4,4.0,4,2,0.0,24.666316942912783,0.49332633885825566,0.8305996267686266,0.9987730061349693,8.05733407696598,8965
energy,power_kw_eps4.0,n_weighted,4.0,8,4,8.0,4,2,0.0,12.764402964791579,0.2552880592958316,0.7855341555674102,0.9987730061349693,8.05733407696598,8965
energy,power_kw_eps4.0,n_weighted,4.0,8,4,16.0,4,2,0.0,12.589968257375972,0.25179936514751944,0.714519079197212,0.9987730061349693,8.05733407696598,8965
energy,power_kw_eps4.0,n_weighted,4.0,8,6,,4,2,0.0,12.589968257375972,0.25179936514751944,0.714519079197212,0.9987730061349693,8.05733407696598,8965
energy,power_kw_eps4.0,n_weighted,4.0,8,6,8.0,4,2,0.0,12.764402964791579,0.2552880592958316,0.7855341555674102,0.9987730061349693,8.05733407696598,8965
energy,power_kw_eps4.0,n_weighted,4.0,8,6,16.0,4,2,0.0,12.589968257375972,0.25179936514751944,0.714519079197212,0.9987730061349693,8.05733407696598,8965
energy,power_kw_eps4.0,n_weighted,4.0,8,1,,4,4,0.0,12.58836444704325,0.25176728894086503,0.7147479630524459,0.9993303571428571,8.061830357142858,8960
energy,power_kw_eps4.0,n_weighted,4.0,8,1,4.0,4,4,0.0,24.662734020041224,0.4932546804008245,0.8305996267686266,0.9993303571428571,8.061830357142858,8960
energy,power_kw_eps4.0,n_weighted,4.0,8,1,8.0,4,4,0.0,12.762896495255406,0.2552579299051081,0.7855341555674102,0.9993303571428571,8.061830357142858,8960
energy,power_kw_eps4.0,n_weighted,4.0,8,1,16.0,4,4,0.0,12.58836444704325,0.25176728894086503,0.7147479630524459,0.9993303571428571,8.061830357142858,8960
energy,power_kw_eps4.0,n_weighted,4.0,8,2,,4,4,0.0,12.58836444704325,0.25176728894086503,0.7147479630524459,0.9993303571428571,8.061830357142858,8960
energy,power_kw_eps4.0,n_weighted,4.0,8,2,4.0,4,4,0.0,24.662734020041224,0.4932546804008245,0.8305996267686266,0.9993303571428571,8.061830357142858,8960
energy,power_kw_eps4.0,n_weighted,4.0,8,2,8.0,4,4,0.0,12.762896495255406,0.2552579299051081,0.7855341555674102,0.9993303571428571,8.061830357142858,8960
energy,power_kw_eps4.0,n_weighted,4.0,8,2,16.0,4,4,0.0,12.58836444704325,0.25176728894086503,0.7147479630524459,0.9993303571428571,8.061830357142858,8960
energy,power_kw_eps4.0,n_weighted,4.0,8,3,,4,4,0.0,12.58836444704325,0.25176728894086503,0.7147479630524459,0.9993303571428571,8.061830357142858,8960
energy,power_kw_eps4.0,n_weighted,4.0,8,3,4.0,4,4,0.0,24.662734020041224,0.4932546804008245,0.8305996267686266,0.9993303571428571,8.061830357142858,8960
energy,power_kw_eps4.0,n_weighted,4.0,8,3,8.0,4,4,0.0,12.762896495255406,0.2552579299051081,0.7855341555674102,0.9993303571428571,8.061830357142858,8960
energy,power_kw_eps4.0,n_weighted,4.0,8,3,16.0,4,4,0.0,12.58836444704325,0.25176728894086503,0.7147479630524459,0.9993303571428571,8.061830357142858,8960
energy,power_kw_eps4.0,n_weighted,4.0,8,4,,4,4,0.0,12.58836444704325,0.25176728894086503,0.7147479630524459,0.9993303571428571,8.061830357142858,8960
energy,power_kw_eps4.0,n_weighted,4.0,8,4,4.0,4,4,0.0,24.662734020041224,0.4932546804008245,0.8305996267686266,0.9993303571428571,8.061830357142858,8960
energy,power_kw_eps4.0,n_weighted,4.0,8,4,8.0,4,4,0.0,12.762896495255406,0.2552579299051081,0.7855341555674102,0.9993303571428571,8.061830357142858,8960
energy,power_kw_eps4.0,n_weighted,4.0,8,4,16.0,4,4,0.0,12.58836444704325,0.25176728894086503,0.7147479630524459,0.9993303571428571,8.061830357142858,8960
energy,power_kw_eps4.0,n_weighted,4.0,8,6,,4,4,0.0,12.58836444704325,0.25176728894086503,0.7147479630524459,0.9993303571428571,8.061830357142858,8960
energy,power_kw_eps4.0,n_weighted,4.0,8,6,8.0,4,4,0.0,12.762896495255406,0.2552579299051081,0.7855341555674102,0.9993303571428571,8.061830357142858,8960
energy,power_kw_eps4.0,n_weighted,4.0,8,6,16.0,4,4,0.0,12.58836444704325,0.25176728894086503,0.7147479630524459,0.9993303571428571,8.061830357142858,8960
