dataset,sensor,strategy,epsilon,w,P_min,P_max,delta_t,k_ext,epsilon_count,mae,normalized_mae,kl_divergence,release_rate,avg_n_tau,n_logical_timestamps
energy,power_kw_eps1.0,uniform,1.0,8,1,,1,0,0.0,50.49093545136026,1.009818709027205,0.9587642830478376,0.9944977073780742,7.827900514103098,35985
energy,power_kw_eps1.0,uniform,1.0,8,1,4.0,1,0,0.0,98.63191517510252,1.9726383035020505,0.7266710041836097,0.9944977073780742,7.827900514103098,35985
energy,power_kw_eps1.0,uniform,1.0,8,1,8.0,1,0,0.0,51.29374454173592,1.0258748908347184,0.9657805096760144,0.9944977073780742,7.827900514103098,35985
energy,power_kw_eps1.0,uniform,1.0,8,1,16.0,1,0,0.0,50.49093545136026,1.009818709027205,0.9587642830478376,0.9944977073780742,7.827900514103098,35985
energy,power_kw_eps1.0,uniform,1.0,8,2,,1,0,0.0,50.49093545136026,1.009818709027205,0.9587642830478376,0.9944977073780742,7.827900514103098,35985
energy,power_kw_eps1.0,uniform,1.0,8,2,4.0,1,0,0.0,98.63191517510252,1.9726383035020505,0.7266710041836097,0.9944977073780742,7.827900514103098,35985
energy,power_kw_eps1.0,uniform,1.0,8,2,8.0,1,0,0.0,51.29374454173592,1.0258748908347184,0.9657805096760144,0.9944977073780742,7.827900514103098,35985
energy,power_kw_eps1.0,uniform,1.0,8,2,16.0,1,0,0.0,50.49093545136026,1.009818709027205,0.9587642830478376,0.9944977073780742,7.827900514103098,35985
energy,power_kw_eps1.0,uniform,1.0,8,3,,1,0,0.0,50.49093545136026,1.009818709027205,0.9587642830478376,0.9944977073780742,7.827900514103098,35985
energy,power_kw_eps1.0,uniform,1.0,8,3,4.0,1,0,0.0,98.63191517510252,1.9726383035020505,0.7266710041836097,0.9944977073780742,7.827900514103098,35985
energy,power_kw_eps1.0,uniform,1.0,8,3,8.0,1,0,0.0,51.29374454173592,1.0258748908347184,0.9657805096760144,0.9944977073780742,7.827900514103098,35985
energy,power_kw_eps1.0,uniform,1.0,8,3,16.0,1,0,0.0,50.49093545136026,1.009818709027205,0.9587642830478376,0.9944977073780742,7.827900514103098,35985
energy,power_kw_eps1.0,uniform,1.0,8,4,,1,0,0.0,50.49093545136026,1.009818709027205,0.9587642830478376,0.9944977073780742,7.827900514103098,35985
energy,power_kw_eps1.0,uniform,1.0,8,4,4.0,1,0,0.0,98.63191517510252,1.9726383035020505,0.7266710041836097,0.9944977073780742,7.827900514103098,35985
energy,power_kw_eps1.0,uniform,1.0,8,4,8.0,1,0,0.0,51.29374454173592,1.0258748908347184,0.9657805096760144,0.9944977073780742,7.827900514103098,35985
energy,power_kw_eps1.0,uniform,1.0,8,4,16.0,1,0,0.0,50.49093545136026,1.009818709027205,0.9587642830478376,0.9944977073780742,7.827900514103098,35985
energy,power_kw_eps1.0,uniform,1.0,8,6,,1,0,0.0,50.49093545136026,1.009818709027205,0.9587642830478376,0.9944977073780742,7.827900514103098,35985
energy,power_kw_eps1.0,uniform,1.0,8,6,8.0,1,0,0.0,51.29374454173592,1.0258748908347184,0.9657805096760144,0.9944977073780742,7.827900514103098,35985
energy,power_kw_eps1.0,uniform,1.0,8,6,16.0,1,0,0.0,50.49093545136026,1.009818709027205,0.9587642830478376,0.9944977073780742,7.827900514103098,35985
energy,power_kw_eps1.0,uniform,1.0,8,1,,1,2,0.0,50.52256842129277,1.0104513684258554,0.9587642830478376,0.9982705235850372,7.857597143574437,35849
energy,power_kw_eps1.0,uniform,1.0,8,1,4.0,1,2,0.0,98.7196464837294,1.9743929296745881,0.7266710041836097,0.9982705235850372,7.857597143574437,35849
energy,power_kw_eps1.0,uniform,1.0,8,1,8.0,1,2,0.0,51.3275979048151,1.026551958096302,0.9657805096760144,0.9982705235850372,7.857597143574437,35849
energy,power_kw_eps1.0,uniform,1.0,8,1,16.0,1,2,0.0,50.52256842129277,1.0104513684258554,0.9587642830478376,0.9982705235850372,7.857597143574437,35849
energy,power_kw_eps1.0,uniform,1.0,8,2,,1,2,0.0,50.52256842129277,1.0104513684258554,0.9587642830478376,0.9982705235850372,7.857597143574437,35849
energy,power_kw_eps1.0,uniform,1.0,8,2,4.0,1,2,0.0,98.7196464837294,1.9743929296745881,0.7266710041836097,0.9982705235850372,7.857597143574437,35849
energy,power_kw_eps1.0,uniform,1.0,8,2,8.0,1,2,0.0,51.3275979048151,1.026551958096302,0.9657805096760144,0.9982705235850372,7.857597143574437,35849
energy,power_kw_eps1.0,uniform,1.0,8,2,16.0,1,2,0.0,50.52256842129277,1.0104513684258554,0.9587642830478376,0.9982705235850372,7.857597143574437,35849
energy,power_kw_eps1.0,uniform,1.0,8,3,,1,2,0.0,50.52256842129277,1.0104513684258554,0.9587642830478376,0.9982705235850372,7.857597143574437,35849
energy,power_kw_eps1.0,uniform,1.0,8,3,4.0,1,2,0.0,98.7196464837294,1.9743929296745881,0.7266710041836097,0.9982705235850372,7.857597143574437,35849
energy,power_kw_eps1.0,uniform,1.0,8,3,8.0,1,2,0.0,51.3275979048151,1.026551958096302,0.9657805096760144,0.9982705235850372,7.857597143574437,35849
energy,power_kw_eps1.0,uniform,1.0,8,3,16.0,1,2,0.0,50.52256842129277,1.0104513684258554,0.9587642830478376,0.9982705235850372,7.857597143574437,35849
energy,power_kw_eps1.0,uniform,1.0,8,4,,1,2,0.0,50.52256842129277,1.0104513684258554,0.9587642830478376,0.9982705235850372,7.857597143574437,35849
energy,power_kw_eps1.0,uniform,1.0,8,4,4.0,1,2,0.0,98.7196464837294,1.9743929296745881,0.7266710041836097,0.9982705235850372,7.857597143574437,35849
energy,power_kw_eps1.0,uniform,1.0,8,4,8.0,1,2,0.0,51.3275979048151,1.026551958096302,0.9657805096760144,0.9982705235850372,7.857597143574437,35849
energy,power_kw_eps1.0,uniform,1.0,8,4,16.0,1,2,0.0,50.52256842129277,1.0104513684258554,0.9587642830478376,0.9982705235850372,7.857597143574437,35849
energy,power_kw_eps1.0,uniform,1.0,8,6,,1,2,0.0,50.52256842129277,1.0104513684258554,0.9587642830478376,0.9982705235850372,7.857597143574437,35849
energy,power_kw_eps1.0,uniform,1.0,8,6,8.0,1,2,0.0,51.3275979048151,1.026551958096302,0.9657805096760144,0.9982705235850372,7.857597143574437,35849
energy,power_kw_eps1.0,uniform,1.0,8,6,16.0,1,2,0.0,50.52256842129277,1.0104513684258554,0.9587642830478376,0.9982705235850372,7.857597143574437,35849
energy,power_kw_eps1.0,uniform,1.0,8,1,,1,4,0.0,50.52743681609884,1.0105487363219767,0.9587642830478376,0.9989950590402814,7.86330011445161,35823
energy,power_kw_eps1.0,uniform,1.0,8,1,4.0,1,4,0.0,98.73490343603598,1.9746980687207196,0.7266710041836097,0.9989950590402814,7.86330011445161,35823
energy,power_kw_eps1.0,uniform,1.0,8,1,8.0,1,4,0.0,51.333050582528,1.0266610116505601,0.9657805096760144,0.9989950590402814,7.86330011445161,35823
energy,power_kw_eps1.0,uniform,1.0,8,1,16.0,1,4,0.0,50.52743681609884,1.0105487363219767,0.9587642830478376,0.9989950590402814,7.86330011445161,35823
energy,power_kw_eps1.0,uniform,1.0,8,2,,1,4,0.0,50.52743681609884,1.0105487363219767,0.9587642830478376,0.9989950590402814,7.86330011445161,35823
energy,power_kw_eps1.0,uniform,1.0,8,2,4.0,1,4,0.0,98.73490343603598,1.9746980687207196,0.7266710041836097,0.9989950590402814,7.86330011445161,35823
energy,power_kw_eps1.0,uniform,1.0,8,2,8.0,1,4,0.0,51.333050582528,1.0266610116505601,0.9657805096760144,0.9989950590402814,7.86330011445161,35823
energy,power_kw_eps1.0,uniform,1.0,8,2,16.0,1,4,0.0,50.52743681609884,1.0105487363219767,0.9587642830478376,0.9989950590402814,7.86330011445161,35823
energy,power_kw_eps1.0,uniform,1.0,8,3,,1,4,0.0,50.52743681609884,1.0105487363219767,0.9587642830478376,0.9989950590402814,7.86330011445161,35823
energy,power_kw_eps1.0,uniform,1.0,8,3,4.0,1,4,0.0,98.73490343603598,1.9746980687207196,0.7266710041836097,0.9989950590402814,7.86330011445161,35823
energy,power_kw_eps1.0,uniform,1.0,8,3,8.0,1,4,0.0,51.333050582528,1.0266610116505601,0.9657805096760144,0.9989950590402814,7.86330011445161,35823
energy,power_kw_eps1.0,uniform,1.0,8,3,16.0,1,4,0.0,50.52743681609884,1.0105487363219767,0.9587642830478376,0.9989950590402814,7.86330011445161,35823
energy,power_kw_eps1.0,uniform,1.0,8,4,,1,4,0.0,50.52743681609884,1.0105487363219767,0.9587642830478376,0.9989950590402814,7.86330011445161,35823
energy,power_kw_eps1.0,uniform,1.0,8,4,4.0,1,4,0.0,98.73490343603598,1.9746980687207196,0.7266710041836097,0.9989950590402814,7.86330011445161,35823
energy,power_kw_eps1.0,uniform,1.0,8,4,8.0,1,4,0.0,51.333050582528,1.0266610116505601,0.9657805096760144,0.9989950590402814,7.86330011445161,35823
energy,power_kw_eps1.0,uniform,1.0,8,4,16.0,1,4,0.0,50.52743681609884,1.0105487363219767,0.9587642830478376,0.9989950590402814,7.86330011445161,35823
energy,power_kw_eps1.0,uniform,1.0,8,6,,1,4,0.0,50.52743681609884,1.0105487363219767,0.9587642830478376,0.9989950590402814,7.86330011445161,35823
energy,power_kw_eps1.0,uniform,1.0,8,6,8.0,1,4,0.0,51.333050582528,1.0266610116505601,0.9657805096760144,0.9989950590402814,7.86330011445161,35823
energy,power_kw_eps1.0,uniform,1.0,8,6,16.0,1,4,0.0,50.52743681609884,1.0105487363219767,0.9587642830478376,0.9989950590402814,7.86330011445161,35823
energy,power_kw_eps1.0,uniform,1.0,8,1,,2,0,0.0,50.18782449572809,1.0037564899145617,0.7350037125990733,0.9947757461234925,7.911187684099372,17993
energy,power_kw_eps1.0,uniform,1.0,8,1,4.0,2,0,0.0,98.9061738648061,1.978123477296122,0.7290116429365794,0.9947757461234925,7.911187684099372,17993
energy,power_kw_eps1.0,uniform,1.0,8,1,8.0,2,0,0.0,51.126295529085205,1.0225259105817042,0.7511003267349572,0.9947757461234925,7.911187684099372,17993
energy,power_kw_eps1.0,uniform,1.0,8,1,16.0,2,0,0.0,50.18782449572809,1.0037564899145617,0.7350037125990733,0.9947757461234925,7.911187684099372,17993
energy,power_kw_eps1.0,uniform,1.0,8,2,,2,0,0.0,50.18782449572809,1.0037564899145617,0.7350037125990733,0.9947757461234925,7.911187684099372,17993
energy,power_kw_eps1.0,uniform,1.0,8,2,4.0,2,0,0.0,98.9061738648061,1.978123477296122,0.7290116429365794,0.9947757461234925,7.911187684099372,17993
energy,power_kw_eps1.0,uniform,1.0,8,2,8.0,2,0,0.0,51.126295529085205,1.0225259105817042,0.7511003267349572,0.9947757461234925,7.911187684099372,17993
energy,power_kw_eps1.0,uniform,1.0,8,2,16.0,2,0,0.0,50.18782449572809,1.0037564899145617,0.7350037125990733,0.9947757461234925,7.911187684099372,17993
energy,power_kw_eps1.0,uniform,1.0,8,3,,2,0,0.0,50.18782449572809,1.0037564899145617,0.7350037125990733,0.9947757461234925,7.911187684099372,17993
energy,power_kw_eps1.0,uniform,1.0,8,3,4.0,2,0,0.0,98.9061738648061,1.978123477296122,0.7290116429365794,0.9947757461234925,7.911187684099372,17993
energy,power_kw_eps1.0,uniform,1.0,8,3,8.0,2,0,0.0,51.126295529085205,1.0225259105817042,0.7511003267349572,0.9947757461234925,7.911187684099372,17993
energy,power_kw_eps1.0,uniform,1.0,8,3,16.0,2,0,0.0,50.18782449572809,1.0037564899145617,0.7350037125990733,0.9947757461234925,7.911187684099372,17993
energy,power_kw_eps1.0,uniform,1.0,8,4,,2,0,0.0,50.18782449572809,1.0037564899145617,0.7350037125990733,0.9947757461234925,7.911187684099372,17993
energy,power_kw_eps1.0,uniform,1.0,8,4,4.0,2,0,0.0,98.9061738648061,1.978123477296122,0.7290116429365794,0.9947757461234925,7.911187684099372,17993
energy,power_kw_eps1.0,uniform,1.0,8,4,8.0,2,0,0.0,51.126295529085205,1.0225259105817042,0.7511003267349572,0.9947757461234925,7.911187684099372,17993
energy,power_kw_eps1.0,uniform,1.0,8,4,16.0,2,0,0.0,50.18782449572809,1.0037564899145617,0.7350037125990733,0.9947757461234925,7.911187684099372,17993
energy,power_kw_eps1.0,uniform,1.0,8,6,,2,0,0.0,50.18782449572809,1.0037564899145617,0.7350037125990733,0.9947757461234925,7.911187684099372,17993
energy,power_kw_eps1.0,uniform,1.0,8,6,8.0,2,0,0.0,51.126295529085205,1.0225259105817042,0.7511003267349572,0.9947757461234925,7.911187684099372,17993
energy,power_kw_eps1.0,uniform,1.0,8,6,16.0,2,0,0.0,50.18782449572809,1.0037564899145617,0.7350037125990733,0.9947757461234925,7.911187684099372,17993
energy,power_kw_eps1.0,uniform,1.0,8,1,,2,2,0.0,50.162120477172216,1.0032424095434442,0.7350037125990733,0.998493807876827,7.940756443155194,17926
energy,power_kw_eps1.0,uniform,1.0,8,1,4.0,2,2,0.0,98.8694507343161,1.977389014686322,0.7290116429365794,0.998493807876827,7.940756443155194,17926
energy,power_kw_eps1.0,uniform,1.0,8,1,8.0,2,2,0.0,51.10314906905345,1.022062981381069,0.7511003267349572,0.998493807876827,7.940756443155194,17926
energy,power_kw_eps1.0,uniform,1.0,8,1,16.0,2,2,0.0,50.162120477172216,1.0032424095434442,0.7350037125990733,0.998493807876827,7.940756443155194,17926
energy,power_kw_eps1.0,uniform,1.0,8,2,,2,2,0.0,50.162120477172216,1.0032424095434442,0.7350037125990733,0.998493807876827,7.940756443155194,17926
energy,power_kw_eps1.0,uniform,1.0,8,2,4.0,2,2,0.0,98.8694507343161,1.977389014686322,0.7290116429365794,0.998493807876827,7.940756443155194,17926
energy,power_kw_eps1.0,uniform,1.0,8,2,8.0,2,2,0.0,51.10314906905345,1.022062981381069,0.7511003267349572,0.998493807876827,7.940756443155194,17926
energy,power_kw_eps1.0,uniform,1.0,8,2,16.0,2,2,0.0,50.162120477172216,1.0032424095434442,0.7350037125990733,0.998493807876827,7.940756443155194,17926
energy,power_kw_eps1.0,uniform,1.0,8,3,,2,2,0.0,50.162120477172216,1.0032424095434442,0.7350037125990733,0.998493807876827,7.940756443155194,17926
energy,power_kw_eps1.0,uniform,1.0,8,3,4.0,2,2,0.0,98.8694507343161,1.977389014686322,0.7290116429365794,0.998493807876827,7.940756443155194,17926
energy,power_kw_eps1.0,uniform,1.0,8,3,8.0,2,2,0.0,51.10314906905345,1.022062981381069,0.7511003267349572,0.998493807876827,7.940756443155194,17926
energy,power_kw_eps1.0,uniform,1.0,8,3,16.0,2,2,0.0,50.162120477172216,1.0032424095434442,0.7350037125990733,0.998493807876827,7.940756443155194,17926
energy,power_kw_eps1.0,uniform,1.0,8,4,,2,2,0.0,50.162120477172216,1.0032424095434442,0.7350037125990733,0.998493807876827,7.940756443155194,17926
energy,power_kw_eps1.0,uniform,1.0,8,4,4.0,2,2,0.0,98.8694507343161,1.977389014686322,0.7290116429365794,0.998493807876827,7.940756443155194,17926
energy,power_kw_eps1.0,uniform,1.0,8,4,8.0,2,2,0.0,51.10314906905345,1.022062981381069,0.7511003267349572,0.998493807876827,7.940756443155194,17926
energy,power_kw_eps1.0,uniform,1.0,8,4,16.0,2,2,0.0,50.162120477172216,1.0032424095434442,0.7350037125990733,0.998493807876827,7.940756443155194,17926
energy,power_kw_eps1.0,uniform,1.0,8,6,,2,2,0.0,50.162120477172216,1.0032424095434442,0.7350037125990733,0.998493807876827,7.940756443155194,17926
energy,power_kw_eps1.0,uniform,1.0,8,6,8.0,2,2,0.0,51.10314906905345,1.022062981381069,0.7511003267349572,0.998493807876827,7.940756443155194,17926
energy,power_kw_eps1.0,uniform,1.0,8,6,16.0,2,2,0.0,50.162120477172216,1.0032424095434442,0.7350037125990733,0.998493807876827,7.940756443155194,17926
energy,power_kw_eps1.0,uniform,1.0,8,1,,2,4,0.0,50.152660936795506,1.00305321873591,0.7350037125990733,0.999106893664527,7.945632151828077,17915
energy,power_kw_eps1.0,uniform,1.0,8,1,4.0,2,4,0.0,98.85445832439247,1.9770891664878494,0.7290116429365794,0.999106893664527,7.945632151828077,17915
energy,power_kw_eps1.0,uniform,1.0,8,1,8.0,2,4,0.0,51.09426733021237,1.0218853466042475,0.7511003267349572,0.999106893664527,7.945632151828077,17915
energy,power_kw_eps1.0,uniform,1.0,8,1,16.0,2,4,0.0,50.152660936795506,1.00305321873591,0.7350037125990733,0.999106893664527,7.945632151828077,17915
energy,power_kw_eps1.0,uniform,1.0,8,2,,2,4,0.0,50.152660936795506,1.00305321873591,0.7350037125990733,0.999106893664527,7.945632151828077,17915
energy,power_kw_eps1.0,uniform,1.0,8,2,4.0,2,4,0.0,98.85445832439247,1.9770891664878494,0.7290116429365794,0.999106893664527,7.945632151828077,17915
energy,power_kw_eps1.0,uniform,1.0,8,2,8.0,2,4,0.0,51.09426733021237,1.0218853466042475,0.7511003267349572,0.999106893664527,7.945632151828077,17915
energy,power_kw_eps1.0,uniform,1.0,8,2,16.0,2,4,0.0,50.152660936795506,1.00305321873591,0.7350037125990733,0.999106893664527,7.945632151828077,17915
energy,power_kw_eps1.0,uniform,1.0,8,3,,2,4,0.0,50.152660936795506,1.00305321873591,0.7350037125990733,0.999106893664527,7.945632151828077,17915
energy,power_kw_eps1.0,uniform,1.0,8,3,4.0,2,4,0.0,98.85445832439247,1.9770891664878494,0.7290116429365794,0.999106893664527,7.945632151828077,17915
energy,power_kw_eps1.0,uniform,1.0,8,3,8.0,2,4,0.0,51.09426733021237,1.0218853466042475,0.7511003267349572,0.999106893664527,7.945632151828077,17915
energy,power_kw_eps1.0,uniform,1.0,8,3,16.0,2,4,0.0,50.152660936795506,1.00305321873591,0.7350037125990733,0.999106893664527,7.945632151828077,17915
energy,power_kw_eps1.0,uniform,1.0,8,4,,2,4,0.0,50.152660936795506,1.00305321873591,0.7350037125990733,0.999106893664527,7.945632151828077,17915
energy,power_kw_eps1.0,uniform,1.0,8,4,4.0,2,4,0.0,98.85445832439247,1.9770891664878494,0.7290116429365794,0.999106893664527,7.945632151828077,17915
energy,power_kw_eps1.0,uniform,1.0,8,4,8.0,2,4,0.0,51.09426733021237,1.0218853466042475,0.7511003267349572,0.999106893664527,7.945632151828077,17915
energy,power_kw_eps1.0,uniform,1.0,8,4,16.0,2,4,0.0,50.152660936795506,1.00305321873591,0.7350037125990733,0.999106893664527,7.945632151828077,17915
energy,power_kw_eps1.0,uniform,1.0,8,6,,2,4,0.0,50.152660936795506,1.00305321873591,0.7350037125990733,0.999106893664527,7.945632151828077,17915
energy,power_kw_eps1.0,uniform,1.0,8,6,8.0,2,4,0.0,51.09426733021237,1.0218853466042475,0.7511003267349572,0.999106893664527,7.945632151828077,17915
energy,power_kw_eps1.0,uniform,1.0,8,6,16.0,2,4,0.0,50.152660936795506,1.00305321873591,0.7350037125990733,0.999106893664527,7.945632151828077,17915
energy,power_kw_eps1.0,uniform,1.0,8,1,,4,0,0.0,49.36795274849409,0.9873590549698819,0.825200584985855,0.9952206290985884,8.02867622540847,8997
energy,power_kw_eps1.0,uniform,1.0,8,1,4.0,4,0,0.0,98.71524460811163,1.9743048921622326,0.8321432125304095,0.9952206290985884,8.02867622540847,8997
energy,power_kw_eps1.0,uniform,1.0,8,1,8.0,4,0,0.0,50.62502065210308,1.0125004130420616,0.8442601226985815,0.9952206290985884,8.02867622540847,8997
energy,power_kw_eps1.0,uniform,1.0,8,1,16.0,4,0,0.0,49.36795274849409,0.9873590549698819,0.825200584985855,0.9952206290985884,8.02867622540847,8997
energy,power_kw_eps1.0,uniform,1.0,8,2,,4,0,0.0,49.36795274849409,0.9873590549698819,0.825200584985855,0.9952206290985884,8.02867622540847,8997
energy,power_kw_eps1.0,uniform,1.0,8,2,4.0,4,0,0.0,98.71524460811163,1.9743048921622326,0.8321432125304095,0.9952206290985884,8.02867622540847,8997
energy,power_kw_eps1.0,uniform,1.0,8,2,8.0,4,0,0.0,50.62502065210308,1.0125004130420616,0.8442601226985815,0.9952206290985884,8.02867622540847,8997
energy,power_kw_eps1.0,uniform,1.0,8,2,16.0,4,0,0.0,49.36795274849409,0.9873590549698819,0.825200584985855,0.9952206290985884,8.02867622540847,8997
energy,power_kw_eps1.0,uniform,1.0,8,3,,4,0,0.0,49.36795274849409,0.9873590549698819,0.825200584985855,0.9952206290985884,8.02867622540847,8997
energy,power_kw_eps1.0,uniform,1.0,8,3,4.0,4,0,0.0,98.71524460811163,1.9743048921622326,0.8321432125304095,0.9952206290985884,8.02867622540847,8997
energy,power_kw_eps1.0,uniform,1.0,8,3,8.0,4,0,0.0,50.62502065210308,1.0125004130420616,0.8442601226985815,0.9952206290985884,8.02867622540847,8997
energy,power_kw_eps1.0,uniform,1.0,8,3,16.0,4,0,0.0,49.36795274849409,0.9873590549698819,0.825200584985855,0.9952206290985884,8.02867622540847,8997
energy,power_kw_eps1.0,uniform,1.0,8,4,,4,0,0.0,49.36795274849409,0.9873590549698819,0.825200584985855,0.9952206290985884,8.02867622540847,8997
energy,power_kw_eps1.0,uniform,1.0,8,4,4.0,4,0,0.0,98.71524460811163,1.9743048921622326,0.8321432125304095,0.9952206290985884,8.02867622540847,8997
energy,power_kw_eps1.0,uniform,1.0,8,4,8.0,4,0,0.0,50.62502065210308,1.0125004130420616,0.8442601226985815,0.9952206290985884,8.02867622540847,8997
energy,power_kw_eps1.0,uniform,1.0,8,4,16.0,4,0,0.0,49.36795274849409,0.9873590549698819,0.825200584985855,0.9952206290985884,8.02867622540847,8997
energy,power_kw_eps1.0,uniform,1.0,8,6,,4,0,0.0,49.36795274849409,0.9873590549698819,0.825200584985855,0.9952206290985884,8.02867622540847,8997
energy,power_kw_eps1.0,uniform,1.0,8,6,8.0,4,0,0.0,50.62502065210308,1.0125004130420616,0.8442601226985815,0.9952206290985884,8.02867622540847,8997
energy,power_kw_eps1.0,uniform,1.0,8,6,16.0,4,0,0.0,49.36795274849409,0.9873590549698819,0.825200584985855,0.9952206290985884,8.02867622540847,8997
energy,power_kw_eps1.0,uniform,1.0,8,1,,4,2,0.0,49.336540650846395,0.9867308130169279,0.825200584985855,0.9987730061349693,8.05733407696598,8965
energy,power_kw_eps1.0,uniform,1.0,8,1,4.0,4,2,0.0,98.6647927451592,1.973295854903184,0.8321432125304095,0.9987730061349693,8.05733407696598,8965
energy,power_kw_eps1.0,uniform,1.0,8,1,8.0,4,2,0.0,50.59411980745488,1.0118823961490977,0.8442601226985815,0.9987730061349693,8.05733407696598,8965
energy,power_kw_eps1.0,uniform,1.0,8,1,16.0,4,2,0.0,49.336540650846395,0.9867308130169279,0.825200584985855,0.9987730061349693,8.05733407696598,8965
energy,power_kw_eps1.0,uniform,1.0,8,2,,4,2,0.0,49.336540650846395,0.9867308130169279,0.825200584985855,0.9987730061349693,8.05733407696598,8965
energy,power_kw_eps1.0,uniform,1.0,8,2,4.0,4,2,0.0,98.6647927451592,1.973295854903184,0.8321432125304095,0.9987730061349693,8.05733407696598,8965
energy,power_kw_eps1.0,uniform,1.0,8,2,8.0,4,2,0.0,50.59411980745488,1.0118823961490977,0.8442601226985815,0.9987730061349693,8.05733407696598,8965
energy,power_kw_eps1.0,uniform,1.0,8,2,16.0,4,2,0.0,49.336540650846395,0.9867308130169279,0.825200584985855,0.9987730061349693,8.05733407696598,8965
energy,power_kw_eps1.0,uniform,1.0,8,3,,4,2,0.0,49.336540650846395,0.9867308130169279,0.825200584985855,0.9987730061349693,8.05733407696598,8965
energy,power_kw_eps1.0,uniform,1.0,8,3,4.0,4,2,0.0,98.6647927451592,1.973295854903184,0.8321432125304095,0.9987730061349693,8.05733407696598,8965
energy,power_kw_eps1.0,uniform,1.0,8,3,8.0,4,2,0.0,50.59411980745488,1.0118823961490977,0.8442601226985815,0.9987730061349693,8.05733407696598,8965
energy,power_kw_eps1.0,uniform,1.0,8,3,16.0,4,2,0.0,49.336540650846395,0.9867308130169279,0.825200584985855,0.9987730061349693,8.05733407696598,8965
energy,power_kw_eps1.0,uniform,1.0,8,4,,4,2,0.0,49.336540650846395,0.9867308130169279,0.825200584985855,0.9987730061349693,8.05733407696598,8965
energy,power_kw_eps1.0,uniform,1.0,8,4,4.0,4,2,0.0,98.6647927451592,1.973295854903184,0.8321432125304095,0.9987730061349693,8.05733407696598,8965
energy,power_kw_eps1.0,uniform,1.0,8,4,8.0,4,2,0.0,50.59411980745488,1.0118823961490977,0.8442601226985815,0.9987730061349693,8.05733407696598,8965
energy,power_kw_eps1.0,uniform,1.0,8,4,16.0,4,2,0.0,49.336540650846395,0.9867308130169279,0.825200584985855,0.9987730061349693,8.05733407696598,8965
energy,power_kw_eps1.0,uniform,1.0,8,6,,4,2,0.0,49.336540650846395,0.9867308130169279,0.825200584985855,0.9987730061349693,8.05733407696598,8965
energy,power_kw_eps1.0,uniform,1.0,8,6,8.0,4,2,0.0,50.59411980745488,1.0118823961490977,0.8442601226985815,0.9987730061349693,8.05733407696598,8965
energy,power_kw_eps1.0,uniform,1.0,8,6,16.0,4,2,0.0,49.336540650846395,0.9867308130169279,0.825200584985855,0.9987730061349693,8.05733407696598,8965
energy,power_kw_eps1.0,uniform,1.0,8,1,,4,4,0.0,49.32868115478537,0.9865736230957074,0.825200584985855,0.9993303571428571,8.061830357142858,8960
energy,power_kw_eps1.0,uniform,1.0,8,1,4.0,4,4,0.0,98.6506738910705,1.97301347782141,0.8321432125304095,0.9993303571428571,8.061830357142858,8960
energy,power_kw_eps1.0,uniform,1.0,8,1,8.0,4,4,0.0,50.586962085476785,1.0117392417095357,0.8442601226985815,0.9993303571428571,8.061830357142858,8960
energy,power_kw_eps1.0,uniform,1.0,8,1,16.0,4,4,0.0,49.32868115478537,0.9865736230957074,0.825200584985855,0.9993303571428571,8.061830357142858,8960
energy,power_kw_eps1.0,uniform,1.0,8,2,,4,4,0.0,49.32868115478537,0.9865736230957074,0.825200584985855,0.9993303571428571,8.061830357142858,8960
energy,power_kw_eps1.0,uniform,1.0,8,2,4.0,4,4,0.0,98.6506738910705,1.97301347782141,0.8321432125304095,0.9993303571428571,8.061830357142858,8960
energy,power_kw_eps1.0,uniform,1.0,8,2,8.0,4,4,0.0,50.586962085476785,1.0117392417095357,0.8442601226985815,0.9993303571428571,8.061830357142858,8960
energy,power_kw_eps1.0,uniform,1.0,8,2,16.0,4,4,0.0,49.32868115478537,0.9865736230957074,0.825200584985855,0.9993303571428571,8.061830357142858,8960
energy,power_kw_eps1.0,uniform,1.0,8,3,,4,4,0.0,49.32868115478537,0.9865736230957074,0.825200584985855,0.9993303571428571,8.061830357142858,8960
energy,power_kw_eps1.0,uniform,1.0,8,3,4.0,4,4,0.0,98.6506738910705,1.97301347782141,0.8321432125304095,0.9993303571428571,8.061830357142858,8960
energy,power_kw_eps1.0,uniform,1.0,8,3,8.0,4,4,0.0,50.586962085476785,1.0117392417095357,0.8442601226985815,0.9993303571428571,8.061830357142858,8960
energy,power_kw_eps1.0,uniform,1.0,8,3,16.0,4,4,0.0,49.32868115478537,0.9865736230957074,0.825200584985855,0.9993303571428571,8.061830357142858,8960
energy,power_kw_eps1.0,uniform,1.0,8,4,,4,4,0.0,49.32868115478537,0.9865736230957074,0.825200584985855,0.9993303571428571,8.061830357142858,8960
energy,power_kw_eps1.0,uniform,1.0,8,4,4.0,4,4,0.0,98.6506738910705,1.97301347782141,0.8321432125304095,0.9993303571428571,8.061830357142858,8960
energy,power_kw_eps1.0,uniform,1.0,8,4,8.0,4,4,0.0,50.586962085476785,1.0117392417095357,0.8442601226985815,0.9993303571428571,8.061830357142858,8960
energy,power_kw_eps1.0,uniform,1.0,8,4,16.0,4,4,0.0,49.32868115478537,0.9865736230957074,0.825200584985855,0.9993303571428571,8.061830357142858,8960
energy,power_kw_eps1.0,uniform,1.0,8,6,,4,4,0.0,49.32868115478537,0.9865736230957074,0.825200584985855,0.9993303571428571,8.061830357142858,8960
energy,power_kw_eps1.0,uniform,1.0,8,6,8.0,4,4,0.0,50.586962085476785,1.0117392417095357,0.8442601226985815,0.9993303571428571,8.061830357142858,8960
energy,power_kw_eps1.0,uniform,1.0,8,6,16.0,4,4,0.0,49.32868115478537,0.9865736230957074,0.825200584985855,0.9993303571428571,8.061830357142858,8960
energy,power_kw_eps1.0,sample,1.0,8,1,,1,0,0.0,6.285882620979269,0.12571765241958538,0.5998889203187985,0.1243851604835348,7.827900514103098,35985
energy,power_kw_eps1.0,sample,1.0,8,1,4.0,1,0,0.0,12.281253827030548,0.24562507654061097,0.6762711031020585,0.1243851604835348,7.827900514103098,35985
energy,power_kw_eps1.0,sample,1.0,8,1,8.0,1,0,0.0,6.386031226122721,0.12772062452245442,0.6109220094757034,0.1243851604835348,7.827900514103098,35985
energy,power_kw_eps1.0,sample,1.0,8,1,16.0,1,0,0.0,6.285882620979269,0.12571765241958538,0.5998889203187985,0.1243851604835348,7.827900514103098,35985
energy,power_kw_eps1.0,sample,1.0,8,2,,1,0,0.0,6.285882620979269,0.12571765241958538,0.5998889203187985,0.1243851604835348,7.827900514103098,35985
energy,power_kw_eps1.0,sample,1.0,8,2,4.0,1,0,0.0,12.281253827030548,0.24562507654061097,0.6762711031020585,0.1243851604835348,7.827900514103098,35985
energy,power_kw_eps1.0,sample,1.0,8,2,8.0,1,0,0.0,6.386031226122721,0.12772062452245442,0.6109220094757034,0.1243851604835348,7.827900514103098,35985
energy,power_kw_eps1.0,sample,1.0,8,2,16.0,1,0,0.0,6.285882620979269,0.12571765241958538,0.5998889203187985,0.1243851604835348,7.827900514103098,35985
energy,power_kw_eps1.0,sample,1.0,8,3,,1,0,0.0,6.285882620979269,0.12571765241958538,0.5998889203187985,0.1243851604835348,7.827900514103098,35985
energy,power_kw_eps1.0,sample,1.0,8,3,4.0,1,0,0.0,12.281253827030548,0.24562507654061097,0.6762711031020585,0.1243851604835348,7.827900514103098,35985
energy,power_kw_eps1.0,sample,1.0,8,3,8.0,1,0,0.0,6.386031226122721,0.12772062452245442,0.6109220094757034,0.1243851604835348,7.827900514103098,35985
energy,power_kw_eps1.0,sample,1.0,8,3,16.0,1,0,0.0,6.285882620979269,0.12571765241958538,0.5998889203187985,0.1243851604835348,7.827900514103098,35985
energy,power_kw_eps1.0,sample,1.0,8,4,,1,0,0.0,6.285882620979269,0.12571765241958538,0.5998889203187985,0.1243851604835348,7.827900514103098,35985
energy,power_kw_eps1.0,sample,1.0,8,4,4.0,1,0,0.0,12.281253827030548,0.24562507654061097,0.6762711031020585,0.1243851604835348,7.827900514103098,35985
energy,power_kw_eps1.0,sample,1.0,8,4,8.0,1,0,0.0,6.386031226122721,0.12772062452245442,0.6109220094757034,0.1243851604835348,7.827900514103098,35985
energy,power_kw_eps1.0,sample,1.0,8,4,16.0,1,0,0.0,6.285882620979269,0.12571765241958538,0.5998889203187985,0.1243851604835348,7.827900514103098,35985
energy,power_kw_eps1.0,sample,1.0,8,6,,1,0,0.0,6.285882620979269,0.12571765241958538,0.5998889203187985,0.1243851604835348,7.827900514103098,35985
energy,power_kw_eps1.0,sample,1.0,8,6,8.0,1,0,0.0,6.386031226122721,0.12772062452245442,0.6109220094757034,0.1243851604835348,7.827900514103098,35985
energy,power_kw_eps1.0,sample,1.0,8,6,16.0,1,0,0.0,6.285882620979269,0.12571765241958538,0.5998889203187985,0.1243851604835348,7.827900514103098,35985
energy,power_kw_eps1.0,sample,1.0,8,1,,1,2,0.0,6.287698658368897,0.12575397316737794,0.6600059801116309,0.12480124968618371,7.857597143574437,35849
energy,power_kw_eps1.0,sample,1.0,8,1,4.0,1,2,0.0,12.2885274938417,0.245770549876834,0.6767011709589377,0.12480124968618371,7.857597143574437,35849
energy,power_kw_eps1.0,sample,1.0,8,1,8.0,1,2,0.0,6.3919845795125285,0.12783969159025058,0.6735120296282104,0.12480124968618371,7.857597143574437,35849
energy,power_kw_eps1.0,sample,1.0,8,1,16.0,1,2,0.0,6.287698658368897,0.12575397316737794,0.6600059801116309,0.12480124968618371,7.857597143574437,35849
energy,power_kw_eps1.0,sample,1.0,8,2,,1,2,0.0,6.287698658368897,0.12575397316737794,0.6600059801116309,0.12480124968618371,7.857597143574437,35849
energy,power_kw_eps1.0,sample,1.0,8,2,4.0,1,2,0.0,12.2885274938417,0.245770549876834,0.6767011709589377,0.12480124968618371,7.857597143574437,35849
energy,power_kw_eps1.0,sample,1.0,8,2,8.0,1,2,0.0,6.3919845795125285,0.12783969159025058,0.6735120296282104,0.12480124968618371,7.857597143574437,35849
energy,power_kw_eps1.0,sample,1.0,8,2,16.0,1,2,0.0,6.287698658368897,0.12575397316737794,0.6600059801116309,0.12480124968618371,7.857597143574437,35849
energy,power_kw_eps1.0,sample,1.0,8,3,,1,2,0.0,6.287698658368897,0.12575397316737794,0.6600059801116309,0.12480124968618371,7.857597143574437,35849
energy,power_kw_eps1.0,sample,1.0,8,3,4.0,1,2,0.0,12.2885274938417,0.245770549876834,0.6767011709589377,0.12480124968618371,7.857597143574437,35849
energy,power_kw_eps1.0,sample,1.0,8,3,8.0,1,2,0.0,6.3919845795125285,0.12783969159025058,0.6735120296282104,0.12480124968618371,7.857597143574437,35849
energy,power_kw_eps1.0,sample,1.0,8,3,16.0,1,2,0.0,6.287698658368897,0.12575397316737794,0.6600059801116309,0.12480124968618371,7.857597143574437,35849
energy,power_kw_eps1.0,sample,1.0,8,4,,1,2,0.0,6.287698658368897,0.12575397316737794,0.6600059801116309,0.12480124968618371,7.857597143574437,35849
energy,power_kw_eps1.0,sample,1.0,8,4,4.0,1,2,0.0,12.2885274938417,0.245770549876834,0.6767011709589377,0.12480124968618371,7.857597143574437,35849
energy,power_kw_eps1.0,sample,1.0,8,4,8.0,1,2,0.0,6.3919845795125285,0.12783969159025058,0.6735120296282104,0.12480124968618371,7.857597143574437,35849
energy,power_kw_eps1.0,sample,1.0,8,4,16.0,1,2,0.0,6.287698658368897,0.12575397316737794,0.6600059801116309,0.12480124968618371,7.857597143574437,35849
energy,power_kw_eps1.0,sample,1.0,8,6,,1,2,0.0,6.287698658368897,0.12575397316737794,0.6600059801116309,0.12480124968618371,7.857597143574437,35849
energy,power_kw_eps1.0,sample,1.0,8,6,8.0,1,2,0.0,6.3919845795125285,0.12783969159025058,0.6735120296282104,0.12480124968618371,7.857597143574437,35849
energy,power_kw_eps1.0,sample,1.0,8,6,16.0,1,2,0.0,6.287698658368897,0.12575397316737794,0.6600059801116309,0.12480124968618371,7.857597143574437,35849
energy,power_kw_eps1.0,sample,1.0,8,1,,1,4,0.0,6.276292603149553,0.12552585206299105,0.7245196009739255,0.12491974429835581,7.86330011445161,35823
energy,power_kw_eps1.0,sample,1.0,8,1,4.0,1,4,0.0,12.268315413652997,0.24536630827305994,0.67958159100344,0.12491974429835581,7.86330011445161,35823
energy,power_kw_eps1.0,sample,1.0,8,1,8.0,1,4,0.0,6.377899020675871,0.12755798041351743,0.7332894001795578,0.12491974429835581,7.86330011445161,35823
energy,power_kw_eps1.0,sample,1.0,8,1,16.0,1,4,0.0,6.276292603149553,0.12552585206299105,0.7245196009739255,0.12491974429835581,7.86330011445161,35823
energy,power_kw_eps1.0,sample,1.0,8,2,,1,4,0.0,6.276292603149553,0.12552585206299105,0.7245196009739255,0.12491974429835581,7.86330011445161,35823
energy,power_kw_eps1.0,sample,1.0,8,2,4.0,1,4,0.0,12.268315413652997,0.24536630827305994,0.67958159100344,0.12491974429835581,7.86330011445161,35823
energy,power_kw_eps1.0,sample,1.0,8,2,8.0,1,4,0.0,6.377899020675871,0.12755798041351743,0.7332894001795578,0.12491974429835581,7.86330011445161,35823
energy,power_kw_eps1.0,sample,1.0,8,2,16.0,1,4,0.0,6.276292603149553,0.12552585206299105,0.7245196009739255,0.12491974429835581,7.86330011445161,35823
energy,power_kw_eps1.0,sample,1.0,8,3,,1,4,0.0,6.276292603149553,0.12552585206299105,0.7245196009739255,0.12491974429835581,7.86330011445161,35823
energy,power_kw_eps1.0,sample,1.0,8,3,4.0,1,4,0.0,12.268315413652997,0.24536630827305994,0.67958159100344,0.12491974429835581,7.86330011445161,35823
energy,power_kw_eps1.0,sample,1.0,8,3,8.0,1,4,0.0,6.377899020675871,0.12755798041351743,0.7332894001795578,0.12491974429835581,7.86330011445161,35823
energy,power_kw_eps1.0,sample,1.0,8,3,16.0,1,4,0.0,6.276292603149553,0.12552585206299105,0.7245196009739255,0.12491974429835581,7.86330011445161,35823
energy,power_kw_eps1.0,sample,1.0,8,4,,1,4,0.0,6.276292603149553,0.12552585206299105,0.7245196009739255,0.12491974429835581,7.86330011445161,35823
energy,power_kw_eps1.0,sample,1.0,8,4,4.0,1,4,0.0,12.268315413652997,0.24536630827305994,0.67958159100344,0.12491974429835581,7.86330011445161,35823
energy,power_kw_eps1.0,sample,1.0,8,4,8.0,1,4,0.0,6.377899020675871,0.12755798041351743,0.7332894001795578,0.12491974429835581,7.86330011445161,35823
energy,power_kw_eps1.0,sample,1.0,8,4,16.0,1,4,0.0,6.276292603149553,0.12552585206299105,0.7245196009739255,0.12491974429835581,7.86330011445161,35823
energy,power_kw_eps1.0,sample,1.0,8,6,,1,4,0.0,6.276292603149553,0.12552585206299105,0.7245196009739255,0.12491974429835581,7.86330011445161,35823
energy,power_kw_eps1.0,sample,1.0,8,6,8.0,1,4,0.0,6.377899020675871,0.12755798041351743,0.7332894001795578,0.12491974429835581,7.86330011445161,35823
energy,power_kw_eps1.0,sample,1.0,8,6,16.0,1,4,0.0,6.276292603149553,0.12552585206299105,0.7245196009739255,0.12491974429835581,7.86330011445161,35823
energy,power_kw_eps1.0,sample,1.0,8,1,,2,0,0.0,6.236478785677104,0.12472957571354208,0.7463406596875103,0.12443728116489745,7.911187684099372,17993
energy,power_kw_eps1.0,sample,1.0,8,1,4.0,2,0,0.0,12.344370256721268,0.24688740513442536,0.6917781274450784,0.12443728116489745,7.911187684099372,17993
energy,power_kw_eps1.0,sample,1.0,8,1,8.0,2,0,0.0,6.371281396230254,0.12742562792460507,0.7128046917791474,0.12443728116489745,7.911187684099372,17993
energy,power_kw_eps1.0,sample,1.0,8,1,16.0,2,0,0.0,6.236478785677104,0.12472957571354208,0.7463406596875103,0.12443728116489745,7.911187684099372,17993
energy,power_kw_eps1.0,sample,1.0,8,2,,2,0,0.0,6.236478785677104,0.12472957571354208,0.7463406596875103,0.12443728116489745,7.911187684099372,17993
energy,power_kw_eps1.0,sample,1.0,8,2,4.0,2,0,0.0,12.344370256721268,0.24688740513442536,0.6917781274450784,0.12443728116489745,7.911187684099372,17993
energy,power_kw_eps1.0,sample,1.0,8,2,8.0,2,0,0.0,6.371281396230254,0.12742562792460507,0.7128046917791474,0.12443728116489745,7.911187684099372,17993
energy,power_kw_eps1.0,sample,1.0,8,2,16.0,2,0,0.0,6.236478785677104,0.12472957571354208,0.7463406596875103,0.12443728116489745,7.911187684099372,17993
energy,power_kw_eps1.0,sample,1.0,8,3,,2,0,0.0,6.236478785677104,0.12472957571354208,0.7463406596875103,0.12443728116489745,7.911187684099372,17993
energy,power_kw_eps1.0,sample,1.0,8,3,4.0,2,0,0.0,12.344370256721268,0.24688740513442536,0.6917781274450784,0.12443728116489745,7.911187684099372,17993
energy,power_kw_eps1.0,sample,1.0,8,3,8.0,2,0,0.0,6.371281396230254,0.12742562792460507,0.7128046917791474,0.12443728116489745,7.911187684099372,17993
energy,power_kw_eps1.0,sample,1.0,8,3,16.0,2,0,0.0,6.236478785677104,0.12472957571354208,0.7463406596875103,0.12443728116489745,7.911187684099372,17993
energy,power_kw_eps1.0,sample,1.0,8,4,,2,0,0.0,6.236478785677104,0.12472957571354208,0.7463406596875103,0.12443728116489745,7.911187684099372,17993
energy,power_kw_eps1.0,sample,1.0,8,4,4.0,2,0,0.0,12.344370256721268,0.24688740513442536,0.6917781274450784,0.12443728116489745,7.911187684099372,17993
energy,power_kw_eps1.0,sample,1.0,8,4,8.0,2,0,0.0,6.371281396230254,0.12742562792460507,0.7128046917791474,0.12443728116489745,7.911187684099372,17993
energy,power_kw_eps1.0,sample,1.0,8,4,16.0,2,0,0.0,6.236478785677104,0.12472957571354208,0.7463406596875103,0.12443728116489745,7.911187684099372,17993
energy,power_kw_eps1.0,sample,1.0,8,6,,2,0,0.0,6.236478785677104,0.12472957571354208,0.7463406596875103,0.12443728116489745,7.911187684099372,17993
energy,power_kw_eps1.0,sample,1.0,8,6,8.0,2,0,0.0,6.371281396230254,0.12742562792460507,0.7128046917791474,0.12443728116489745,7.911187684099372,17993
energy,power_kw_eps1.0,sample,1.0,8,6,16.0,2,0,0.0,6.236478785677104,0.12472957571354208,0.7463406596875103,0.12443728116489745,7.911187684099372,17993
energy,power_kw_eps1.0,sample,1.0,8,1,,2,2,0.0,6.227679865926752,0.12455359731853503,1.0169772195622457,0.12484659154301016,7.940756443155194,17926
energy,power_kw_eps1.0,sample,1.0,8,1,4.0,2,2,0.0,12.299112409146415,0.2459822481829283,0.6886394524366135,0.12484659154301016,7.940756443155194,17926
energy,power_kw_eps1.0,sample,1.0,8,1,8.0,2,2,0.0,6.346867124465892,0.12693734248931784,0.7157711112005734,0.12484659154301016,7.940756443155194,17926
energy,power_kw_eps1.0,sample,1.0,8,1,16.0,2,2,0.0,6.227679865926752,0.12455359731853503,1.0169772195622457,0.12484659154301016,7.940756443155194,17926
energy,power_kw_eps1.0,sample,1.0,8,2,,2,2,0.0,6.227679865926752,0.12455359731853503,1.0169772195622457,0.12484659154301016,7.940756443155194,17926
energy,power_kw_eps1.0,sample,1.0,8,2,4.0,2,2,0.0,12.299112409146415,0.2459822481829283,0.6886394524366135,0.12484659154301016,7.940756443155194,17926
energy,power_kw_eps1.0,sample,1.0,8,2,8.0,2,2,0.0,6.346867124465892,0.12693734248931784,0.7157711112005734,0.12484659154301016,7.940756443155194,17926
energy,power_kw_eps1.0,sample,1.0,8,2,16.0,2,2,0.0,6.227679865926752,0.12455359731853503,1.0169772195622457,0.12484659154301016,7.940756443155194,17926
energy,power_kw_eps1.0,sample,1.0,8,3,,2,2,0.0,6.227679865926752,0.12455359731853503,1.0169772195622457,0.12484659154301016,7.940756443155194,17926
energy,power_kw_eps1.0,sample,1.0,8,3,4.0,2,2,0.0,12.299112409146415,0.2459822481829283,0.6886394524366135,0.12484659154301016,7.940756443155194,17926
energy,power_kw_eps1.0,sample,1.0,8,3,8.0,2,2,0.0,6.346867124465892,0.12693734248931784,0.7157711112005734,0.12484659154301016,7.940756443155194,17926
energy,power_kw_eps1.0,sample,1.0,8,3,16.0,2,2,0.0,6.227679865926752,0.12455359731853503,1.0169772195622457,0.12484659154301016,7.940756443155194,17926
energy,power_kw_eps1.0,sample,1.0,8,4,,2,2,0.0,6.227679865926752,0.12455359731853503,1.0169772195622457,0.12484659154301016,7.940756443155194,17926
energy,power_kw_eps1.0,sample,1.0,8,4,4.0,2,2,0.0,12.299112409146415,0.2459822481829283,0.6886394524366135,0.12484659154301016,7.940756443155194,17926
energy,power_kw_eps1.0,sample,1.0,8,4,8.0,2,2,0.0,6.346867124465892,0.12693734248931784,0.7157711112005734,0.12484659154301016,7.940756443155194,17926
energy,power_kw_eps1.0,sample,1.0,8,4,16.0,2,2,0.0,6.227679865926752,0.12455359731853503,1.0169772195622457,0.12484659154301016,7.940756443155194,17926
energy,power_kw_eps1.0,sample,1.0,8,6,,2,2,0.0,6.227679865926752,0.12455359731853503,1.0169772195622457,0.12484659154301016,7.940756443155194,17926
energy,power_kw_eps1.0,sample,1.0,8,6,8.0,2,2,0.0,6.346867124465892,0.12693734248931784,0.7157711112005734,0.12484659154301016,7.940756443155194,17926
energy,power_kw_eps1.0,sample,1.0,8,6,16.0,2,2,0.0,6.227679865926752,0.12455359731853503,1.0169772195622457,0.12484659154301016,7.940756443155194,17926
energy,power_kw_eps1.0,sample,1.0,8,1,,2,4,0.0,6.217098315570552,0.12434196631141103,0.823076731029335,0.12486742952832822,7.945632151828077,17915
energy,power_kw_eps1.0,sample,1.0,8,1,4.0,2,4,0.0,12.313534278652602,0.24627068557305204,0.6837281529310576,0.12486742952832822,7.945632151828077,17915
energy,power_kw_eps1.0,sample,1.0,8,1,8.0,2,4,0.0,6.349473661325577,0.12698947322651155,0.7181867436045832,0.12486742952832822,7.945632151828077,17915
energy,power_kw_eps1.0,sample,1.0,8,1,16.0,2,4,0.0,6.217098315570552,0.12434196631141103,0.823076731029335,0.12486742952832822,7.945632151828077,17915
energy,power_kw_eps1.0,sample,1.0,8,2,,2,4,0.0,6.217098315570552,0.12434196631141103,0.823076731029335,0.12486742952832822,7.945632151828077,17915
energy,power_kw_eps1.0,sample,1.0,8,2,4.0,2,4,0.0,12.313534278652602,0.24627068557305204,0.6837281529310576,0.12486742952832822,7.945632151828077,17915
energy,power_kw_eps1.0,sample,1.0,8,2,8.0,2,4,0.0,6.349473661325577,0.12698947322651155,0.7181867436045832,0.12486742952832822,7.945632151828077,17915
energy,power_kw_eps1.0,sample,1.0,8,2,16.0,2,4,0.0,6.217098315570552,0.12434196631141103,0.823076731029335,0.12486742952832822,7.945632151828077,17915
energy,power_kw_eps1.0,sample,1.0,8,3,,2,4,0.0,6.217098315570552,0.12434196631141103,0.823076731029335,0.12486742952832822,7.945632151828077,17915
energy,power_kw_eps1.0,sample,1.0,8,3,4.0,2,4,0.0,12.313534278652602,0.24627068557305204,0.6837281529310576,0.12486742952832822,7.945632151828077,17915
energy,power_kw_eps1.0,sample,1.0,8,3,8.0,2,4,0.0,6.349473661325577,0.12698947322651155,0.7181867436045832,0.12486742952832822,7.945632151828077,17915
energy,power_kw_eps1.0,sample,1.0,8,3,16.0,2,4,0.0,6.217098315570552,0.12434196631141103,0.823076731029335,0.12486742952832822,7.945632151828077,17915
energy,power_kw_eps1.0,sample,1.0,8,4,,2,4,0.0,6.217098315570552,0.12434196631141103,0.823076731029335,0.12486742952832822,7.945632151828077,17915
energy,power_kw_eps1.0,sample,1.0,8,4,4.0,2,4,0.0,12.313534278652602,0.24627068557305204,0.6837281529310576,0.12486742952832822,7.945632151828077,17915
energy,power_kw_eps1.0,sample,1.0,8,4,8.0,2,4,0.0,6.349473661325577,0.12698947322651155,0.7181867436045832,0.12486742952832822,7.945632151828077,17915
energy,power_kw_eps1.0,sample,1.0,8,4,16.0,2,4,0.0,6.217098315570552,0.12434196631141103,0.823076731029335,0.12486742952832822,7.945632151828077,17915
energy,power_kw_eps1.0,sample,1.0,8,6,,2,4,0.0,6.217098315570552,0.12434196631141103,0.823076731029335,0.12486742952832822,7.945632151828077,17915
energy,power_kw_eps1.0,sample,1.0,8,6,8.0,2,4,0.0,6.349473661325577,0.12698947322651155,0.7181867436045832,0.12486742952832822,7.945632151828077,17915
energy,power_kw_eps1.0,sample,1.0,8,6,16.0,2,4,0.0,6.217098315570552,0.12434196631141103,0.823076731029335,0.12486742952832822,7.945632151828077,17915
energy,power_kw_eps1.0,sample,1.0,8,1,,4,0,0.0,5.896114401697849,0.11792228803395698,0.8206012961377416,0.12459708791819496,8.02867622540847,8997
energy,power_kw_eps1.0,sample,1.0,8,1,4.0,4,0,0.0,11.805230939642653,0.23610461879285308,0.8464865172218171,0.12459708791819496,8.02867622540847,8997
energy,power_kw_eps1.0,sample,1.0,8,1,8.0,4,0,0.0,6.040219473626413,0.12080438947252826,0.8326641692266793,0.12459708791819496,8.02867622540847,8997
energy,power_kw_eps1.0,sample,1.0,8,1,16.0,4,0,0.0,5.896114401697849,0.11792228803395698,0.8206012961377416,0.12459708791819496,8.02867622540847,8997
energy,power_kw_eps1.0,sample,1.0,8,2,,4,0,0.0,5.896114401697849,0.11792228803395698,0.8206012961377416,0.12459708791819496,8.02867622540847,8997
energy,power_kw_eps1.0,sample,1.0,8,2,4.0,4,0,0.0,11.805230939642653,0.23610461879285308,0.8464865172218171,0.12459708791819496,8.02867622540847,8997
energy,power_kw_eps1.0,sample,1.0,8,2,8.0,4,0,0.0,6.040219473626413,0.12080438947252826,0.8326641692266793,0.12459708791819496,8.02867622540847,8997
energy,power_kw_eps1.0,sample,1.0,8,2,16.0,4,0,0.0,5.896114401697849,0.11792228803395698,0.8206012961377416,0.12459708791819496,8.02867622540847,8997
energy,power_kw_eps1.0,sample,1.0,8,3,,4,0,0.0,5.896114401697849,0.11792228803395698,0.8206012961377416,0.12459708791819496,8.02867622540847,8997
energy,power_kw_eps1.0,sample,1.0,8,3,4.0,4,0,0.0,11.805230939642653,0.23610461879285308,0.8464865172218171,0.12459708791819496,8.02867622540847,8997
energy,power_kw_eps1.0,sample,1.0,8,3,8.0,4,0,0.0,6.040219473626413,0.12080438947252826,0.8326641692266793,0.12459708791819496,8.02867622540847,8997
energy,power_kw_eps1.0,sample,1.0,8,3,16.0,4,0,0.0,5.896114401697849,0.11792228803395698,0.8206012961377416,0.12459708791819496,8.02867622540847,8997
energy,power_kw_eps1.0,sample,1.0,8,4,,4,0,0.0,5.896114401697849,0.11792228803395698,0.8206012961377416,0.12459708791819496,8.02867622540847,8997
energy,power_kw_eps1.0,sample,1.0,8,4,4.0,4,0,0.0,11.805230939642653,0.23610461879285308,0.8464865172218171,0.12459708791819496,8.02867622540847,8997
energy,power_kw_eps1.0,sample,1.0,8,4,8.0,4,0,0.0,6.040219473626413,0.12080438947252826,0.8326641692266793,0.12459708791819496,8.02867622540847,8997
energy,power_kw_eps1.0,sample,1.0,8,4,16.0,4,0,0.0,5.896114401697849,0.11792228803395698,0.8206012961377416,0.12459708791819496,8.02867622540847,8997
energy,power_kw_eps1.0,sample,1.0,8,6,,4,0,0.0,5.896114401697849,0.11792228803395698,0.8206012961377416,0.12459708791819496,8.02867622540847,8997
energy,power_kw_eps1.0,sample,1.0,8,6,8.0,4,0,0.0,6.040219473626413,0.12080438947252826,0.8326641692266793,0.12459708791819496,8.02867622540847,8997
energy,power_kw_eps1.0,sample,1.0,8,6,16.0,4,0,0.0,5.896114401697849,0.11792228803395698,0.8206012961377416,0.12459708791819496,8.02867622540847,8997
energy,power_kw_eps1.0,sample,1.0,8,1,,4,2,0.0,5.9181987545823915,0.11836397509164782,0.8171769014485619,0.1249302844394869,8.05733407696598,8965
energy,power_kw_eps1.0,sample,1.0,8,1,4.0,4,2,0.0,11.82068391351763,0.23641367827035262,0.8519434360830265,0.1249302844394869,8.05733407696598,8965
energy,power_kw_eps1.0,sample,1.0,8,1,8.0,4,2,0.0,6.061996719618741,0.12123993439237482,0.8335940655363089,0.1249302844394869,8.05733407696598,8965
energy,power_kw_eps1.0,sample,1.0,8,1,16.0,4,2,0.0,5.9181987545823915,0.11836397509164782,0.8171769014485619,0.1249302844394869,8.05733407696598,8965
energy,power_kw_eps1.0,sample,1.0,8,2,,4,2,0.0,5.9181987545823915,0.11836397509164782,0.8171769014485619,0.1249302844394869,8.05733407696598,8965
energy,power_kw_eps1.0,sample,1.0,8,2,4.0,4,2,0.0,11.82068391351763,0.23641367827035262,0.8519434360830265,0.1249302844394869,8.05733407696598,8965
energy,power_kw_eps1.0,sample,1.0,8,2,8.0,4,2,0.0,6.061996719618741,0.12123993439237482,0.8335940655363089,0.1249302844394869,8.05733407696598,8965
energy,power_kw_eps1.0,sample,1.0,8,2,16.0,4,2,0.0,5.9181987545823915,0.11836397509164782,0.8171769014485619,0.1249302844394869,8.05733407696598,8965
energy,power_kw_eps1.0,sample,1.0,8,3,,4,2,0.0,5.9181987545823915,0.11836397509164782,0.8171769014485619,0.1249302844394869,8.05733407696598,8965
energy,power_kw_eps1.0,sample,1.0,8,3,4.0,4,2,0.0,11.82068391351763,0.23641367827035262,0.8519434360830265,0.1249302844394869,8.05733407696598,8965
energy,power_kw_eps1.0,sample,1.0,8,3,8.0,4,2,0.0,6.061996719618741,0.12123993439237482,0.8335940655363089,0.1249302844394869,8.05733407696598,8965
energy,power_kw_eps1.0,sample,1.0,8,3,16.0,4,2,0.0,5.9181987545823915,0.11836397509164782,0.8171769014485619,0.1249302844394869,8.05733407696598,8965
energy,power_kw_eps1.0,sample,1.0,8,4,,4,2,0.0,5.9181987545823915,0.11836397509164782,0.8171769014485619,0.1249302844394869,8.05733407696598,8965
energy,power_kw_eps1.0,sample,1.0,8,4,4.0,4,2,0.0,11.82068391351763,0.23641367827035262,0.8519434360830265,0.1249302844394869,8.05733407696598,8965
energy,power_kw_eps1.0,sample,1.0,8,4,8.0,4,2,0.0,6.061996719618741,0.12123993439237482,0.8335940655363089,0.1249302844394869,8.05733407696598,8965
energy,power_kw_eps1.0,sample,1.0,8,4,16.0,4,2,0.0,5.9181987545823915,0.11836397509164782,0.8171769014485619,0.1249302844394869,8.05733407696598,8965
energy,power_kw_eps1.0,sample,1.0,8,6,,4,2,0.0,5.9181987545823915,0.11836397509164782,0.8171769014485619,0.1249302844394869,8.05733407696598,8965
energy,power_kw_eps1.0,sample,1.0,8,6,8.0,4,2,0.0,6.061996719618741,0.12123993439237482,0.8335940655363089,0.1249302844394869,8.05733407696598,8965
energy,power_kw_eps1.0,sample,1.0,8,6,16.0,4,2,0.0,5.9181987545823915,0.11836397509164782,0.8171769014485619,0.1249302844394869,8.05733407696598,8965
energy,power_kw_eps1.0,sample,1.0,8,1,,4,4,0.0,5.8846374956445535,0.11769274991289107,0.816720185603719,0.12488839285714286,8.061830357142858,8960
energy,power_kw_eps1.0,sample,1.0,8,1,4.0,4,4,0.0,11.828067878770556,0.2365613575754111,0.8489333085015676,0.12488839285714286,8.061830357142858,8960
energy,power_kw_eps1.0,sample,1.0,8,1,8.0,4,4,0.0,6.056597992974717,0.12113195985949433,0.8349968787467064,0.12488839285714286,8.061830357142858,8960
energy,power_kw_eps1.0,sample,1.0,8,1,16.0,4,4,0.0,5.8846374956445535,0.11769274991289107,0.816720185603719,0.12488839285714286,8.061830357142858,8960
energy,power_kw_eps1.0,sample,1.0,8,2,,4,4,0.0,5.8846374956445535,0.11769274991289107,0.816720185603719,0.12488839285714286,8.061830357142858,8960
energy,power_kw_eps1.0,sample,1.0,8,2,4.0,4,4,0.0,11.828067878770556,0.2365613575754111,0.8489333085015676,0.12488839285714286,8.061830357142858,8960
energy,power_kw_eps1.0,sample,1.0,8,2,8.0,4,4,0.0,6.056597992974717,0.12113195985949433,0.8349968787467064,0.12488839285714286,8.061830357142858,8960
energy,power_kw_eps1.0,sample,1.0,8,2,16.0,4,4,0.0,5.8846374956445535,0.11769274991289107,0.816720185603719,0.12488839285714286,8.061830357142858,8960
energy,power_kw_eps1.0,sample,1.0,8,3,,4,4,0.0,5.8846374956445535,0.11769274991289107,0.816720185603719,0.12488839285714286,8.061830357142858,8960
energy,power_kw_eps1.0,sample,1.0,8,3,4.0,4,4,0.0,11.828067878770556,0.2365613575754111,0.8489333085015676,0.12488839285714286,8.061830357142858,8960
energy,power_kw_eps1.0,sample,1.0,8,3,8.0,4,4,0.0,6.056597992974717,0.12113195985949433,0.8349968787467064,0.12488839285714286,8.061830357142858,8960
energy,power_kw_eps1.0,sample,1.0,8,3,16.0,4,4,0.0,5.8846374956445535,0.11769274991289107,0.816720185603719,0.12488839285714286,8.061830357142858,8960
energy,power_kw_eps1.0,sample,1.0,8,4,,4,4,0.0,5.8846374956445535,0.11769274991289107,0.816720185603719,0.12488839285714286,8.061830357142858,8960
energy,power_kw_eps1.0,sample,1.0,8,4,4.0,4,4,0.0,11.828067878770556,0.2365613575754111,0.8489333085015676,0.12488839285714286,8.061830357142858,8960
energy,power_kw_eps1.0,sample,1.0,8,4,8.0,4,4,0.0,6.056597992974717,0.12113195985949433,0.8349968787467064,0.12488839285714286,8.061830357142858,8960
energy,power_kw_eps1.0,sample,1.0,8,4,16.0,4,4,0.0,5.8846374956445535,0.11769274991289107,0.816720185603719,0.12488839285714286,8.061830357142858,8960
energy,power_kw_eps1.0,sample,1.0,8,6,,4,4,0.0,5.8846374956445535,0.11769274991289107,0.816720185603719,0.12488839285714286,8.061830357142858,8960
energy,power_kw_eps1.0,sample,1.0,8,6,8.0,4,4,0.0,6.056597992974717,0.12113195985949433,0.8349968787467064,0.12488839285714286,8.061830357142858,8960
energy,power_kw_eps1.0,sample,1.0,8,6,16.0,4,4,0.0,5.8846374956445535,0.11769274991289107,0.816720185603719,0.12488839285714286,8.061830357142858,8960
energy,power_kw_eps1.0,budget_distribution,1.0,8,1,,1,0,0.0,80.73386368960013,1.6146772737920025,0.11296480828925909,0.6414339308045018,7.827900514103098,35985
energy,power_kw_eps1.0,budget_distribution,1.0,8,1,4.0,1,0,0.0,159.7774762409743,3.195549524819486,0.17129696362695315,0.6499930526608309,7.827900514103098,35985
energy,power_kw_eps1.0,budget_distribution,1.0,8,1,8.0,1,0,0.0,82.0438779187457,1.6408775583749138,0.18417850223863694,0.6416006669445602,7.827900514103098,35985
energy,power_kw_eps1.0,budget_distribution,1.0,8,1,16.0,1,0,0.0,80.73386368960013,1.6146772737920025,0.11296480828925909,0.6414339308045018,7.827900514103098,35985
energy,power_kw_eps1.0,budget_distribution,1.0,8,2,,1,0,0.0,80.73386368960013,1.6146772737920025,0.11296480828925909,0.6414339308045018,7.827900514103098,35985
energy,power_kw_eps1.0,budget_distribution,1.0,8,2,4.0,1,0,0.0,159.7774762409743,3.195549524819486,0.17129696362695315,0.6499930526608309,7.827900514103098,35985
energy,power_kw_eps1.0,budget_distribution,1.0,8,2,8.0,1,0,0.0,82.0438779187457,1.6408775583749138,0.18417850223863694,0.6416006669445602,7.827900514103098,35985
energy,power_kw_eps1.0,budget_distribution,1.0,8,2,16.0,1,0,0.0,80.73386368960013,1.6146772737920025,0.11296480828925909,0.6414339308045018,7.827900514103098,35985
energy,power_kw_eps1.0,budget_distribution,1.0,8,3,,1,0,0.0,80.73386368960013,1.6146772737920025,0.11296480828925909,0.6414339308045018,7.827900514103098,35985
energy,power_kw_eps1.0,budget_distribution,1.0,8,3,4.0,1,0,0.0,159.7774762409743,3.195549524819486,0.17129696362695315,0.6499930526608309,7.827900514103098,35985
energy,power_kw_eps1.0,budget_distribution,1.0,8,3,8.0,1,0,0.0,82.0438779187457,1.6408775583749138,0.18417850223863694,0.6416006669445602,7.827900514103098,35985
energy,power_kw_eps1.0,budget_distribution,1.0,8,3,16.0,1,0,0.0,80.73386368960013,1.6146772737920025,0.11296480828925909,0.6414339308045018,7.827900514103098,35985
energy,power_kw_eps1.0,budget_distribution,1.0,8,4,,1,0,0.0,80.73386368960013,1.6146772737920025,0.11296480828925909,0.6414339308045018,7.827900514103098,35985
energy,power_kw_eps1.0,budget_distribution,1.0,8,4,4.0,1,0,0.0,159.7774762409743,3.195549524819486,0.17129696362695315,0.6499930526608309,7.827900514103098,35985
energy,power_kw_eps1.0,budget_distribution,1.0,8,4,8.0,1,0,0.0,82.0438779187457,1.6408775583749138,0.18417850223863694,0.6416006669445602,7.827900514103098,35985
energy,power_kw_eps1.0,budget_distribution,1.0,8,4,16.0,1,0,0.0,80.73386368960013,1.6146772737920025,0.11296480828925909,0.6414339308045018,7.827900514103098,35985
energy,power_kw_eps1.0,budget_distribution,1.0,8,6,,1,0,0.0,80.73386368960013,1.6146772737920025,0.11296480828925909,0.6414339308045018,7.827900514103098,35985
energy,power_kw_eps1.0,budget_distribution,1.0,8,6,8.0,1,0,0.0,82.0438779187457,1.6408775583749138,0.18417850223863694,0.6416006669445602,7.827900514103098,35985
energy,power_kw_eps1.0,budget_distribution,1.0,8,6,16.0,1,0,0.0,80.73386368960013,1.6146772737920025,0.11296480828925909,0.6414339308045018,7.827900514103098,35985
energy,power_kw_eps1.0,budget_distribution,1.0,8,1,,1,2,0.0,80.84087584913865,1.6168175169827732,0.1133095758272942,0.6438673324221038,7.857597143574437,35849
energy,power_kw_eps1.0,budget_distribution,1.0,8,1,4.0,1,2,0.0,159.71269001986897,3.1942538003973793,0.17129696362695315,0.6524589249351447,7.857597143574437,35849
energy,power_kw_eps1.0,budget_distribution,1.0,8,1,8.0,1,2,0.0,82.06353635852031,1.6412707271704061,0.19935957704013793,0.6444810176016067,7.857597143574437,35849
energy,power_kw_eps1.0,budget_distribution,1.0,8,1,16.0,1,2,0.0,80.84087584913865,1.6168175169827732,0.1133095758272942,0.6438673324221038,7.857597143574437,35849
energy,power_kw_eps1.0,budget_distribution,1.0,8,2,,1,2,0.0,80.84087584913865,1.6168175169827732,0.1133095758272942,0.6438673324221038,7.857597143574437,35849
energy,power_kw_eps1.0,budget_distribution,1.0,8,2,4.0,1,2,0.0,159.71269001986897,3.1942538003973793,0.17129696362695315,0.6524589249351447,7.857597143574437,35849
energy,power_kw_eps1.0,budget_distribution,1.0,8,2,8.0,1,2,0.0,82.06353635852031,1.6412707271704061,0.19935957704013793,0.6444810176016067,7.857597143574437,35849
energy,power_kw_eps1.0,budget_distribution,1.0,8,2,16.0,1,2,0.0,80.84087584913865,1.6168175169827732,0.1133095758272942,0.6438673324221038,7.857597143574437,35849
energy,power_kw_eps1.0,budget_distribution,1.0,8,3,,1,2,0.0,80.84087584913865,1.6168175169827732,0.1133095758272942,0.6438673324221038,7.857597143574437,35849
energy,power_kw_eps1.0,budget_distribution,1.0,8,3,4.0,1,2,0.0,159.71269001986897,3.1942538003973793,0.17129696362695315,0.6524589249351447,7.857597143574437,35849
energy,power_kw_eps1.0,budget_distribution,1.0,8,3,8.0,1,2,0.0,82.06353635852031,1.6412707271704061,0.19935957704013793,0.6444810176016067,7.857597143574437,35849
energy,power_kw_eps1.0,budget_distribution,1.0,8,3,16.0,1,2,0.0,80.84087584913865,1.6168175169827732,0.1133095758272942,0.6438673324221038,7.857597143574437,35849
energy,power_kw_eps1.0,budget_distribution,1.0,8,4,,1,2,0.0,80.84087584913865,1.6168175169827732,0.1133095758272942,0.6438673324221038,7.857597143574437,35849
energy,power_kw_eps1.0,budget_distribution,1.0,8,4,4.0,1,2,0.0,159.71269001986897,3.1942538003973793,0.17129696362695315,0.6524589249351447,7.857597143574437,35849
energy,power_kw_eps1.0,budget_distribution,1.0,8,4,8.0,1,2,0.0,82.06353635852031,1.6412707271704061,0.19935957704013793,0.6444810176016067,7.857597143574437,35849
energy,power_kw_eps1.0,budget_distribution,1.0,8,4,16.0,1,2,0.0,80.84087584913865,1.6168175169827732,0.1133095758272942,0.6438673324221038,7.857597143574437,35849
energy,power_kw_eps1.0,budget_distribution,1.0,8,6,,1,2,0.0,80.84087584913865,1.6168175169827732,0.1133095758272942,0.6438673324221038,7.857597143574437,35849
energy,power_kw_eps1.0,budget_distribution,1.0,8,6,8.0,1,2,0.0,82.06353635852031,1.6412707271704061,0.19935957704013793,0.6444810176016067,7.857597143574437,35849
energy,power_kw_eps1.0,budget_distribution,1.0,8,6,16.0,1,2,0.0,80.84087584913865,1.6168175169827732,0.1133095758272942,0.6438673324221038,7.857597143574437,35849
energy,power_kw_eps1.0,budget_distribution,1.0,8,1,,1,4,0.0,80.84567083035274,1.616913416607055,0.1133095758272942,0.6443346453395863,7.86330011445161,35823
energy,power_kw_eps1.0,budget_distribution,1.0,8,1,4.0,1,4,0.0,159.70475088455498,3.1940950176910996,0.17129696362695315,0.6529324735505122,7.86330011445161,35823
energy,power_kw_eps1.0,budget_distribution,1.0,8,1,8.0,1,4,0.0,82.06353495365087,1.6412706990730175,0.19935957704013793,0.644948775926081,7.86330011445161,35823
energy,power_kw_eps1.0,budget_distribution,1.0,8,1,16.0,1,4,0.0,80.84567083035274,1.616913416607055,0.1133095758272942,0.6443346453395863,7.86330011445161,35823
energy,power_kw_eps1.0,budget_distribution,1.0,8,2,,1,4,0.0,80.84567083035274,1.616913416607055,0.1133095758272942,0.6443346453395863,7.86330011445161,35823
energy,power_kw_eps1.0,budget_distribution,1.0,8,2,4.0,1,4,0.0,159.70475088455498,3.1940950176910996,0.17129696362695315,0.6529324735505122,7.86330011445161,35823
energy,power_kw_eps1.0,budget_distribution,1.0,8,2,8.0,1,4,0.0,82.06353495365087,1.6412706990730175,0.19935957704013793,0.644948775926081,7.86330011445161,35823
energy,power_kw_eps1.0,budget_distribution,1.0,8,2,16.0,1,4,0.0,80.84567083035274,1.616913416607055,0.1133095758272942,0.6443346453395863,7.86330011445161,35823
energy,power_kw_eps1.0,budget_distribution,1.0,8,3,,1,4,0.0,80.84567083035274,1.616913416607055,0.1133095758272942,0.6443346453395863,7.86330011445161,35823
energy,power_kw_eps1.0,budget_distribution,1.0,8,3,4.0,1,4,0.0,159.70475088455498,3.1940950176910996,0.17129696362695315,0.6529324735505122,7.86330011445161,35823
energy,power_kw_eps1.0,budget_distribution,1.0,8,3,8.0,1,4,0.0,82.06353495365087,1.6412706990730175,0.19935957704013793,0.644948775926081,7.86330011445161,35823
energy,power_kw_eps1.0,budget_distribution,1.0,8,3,16.0,1,4,0.0,80.84567083035274,1.616913416607055,0.1133095758272942,0.6443346453395863,7.86330011445161,35823
energy,power_kw_eps1.0,budget_distribution,1.0,8,4,,1,4,0.0,80.84567083035274,1.616913416607055,0.1133095758272942,0.6443346453395863,7.86330011445161,35823
energy,power_kw_eps1.0,budget_distribution,1.0,8,4,4.0,1,4,0.0,159.70475088455498,3.1940950176910996,0.17129696362695315,0.6529324735505122,7.86330011445161,35823
energy,power_kw_eps1.0,budget_distribution,1.0,8,4,8.0,1,4,0.0,82.06353495365087,1.6412706990730175,0.19935957704013793,0.644948775926081,7.86330011445161,35823
energy,power_kw_eps1.0,budget_distribution,1.0,8,4,16.0,1,4,0.0,80.84567083035274,1.616913416607055,0.1133095758272942,0.6443346453395863,7.86330011445161,35823
energy,power_kw_eps1.0,budget_distribution,1.0,8,6,,1,4,0.0,80.84567083035274,1.616913416607055,0.1133095758272942,0.6443346453395863,7.86330011445161,35823
energy,power_kw_eps1.0,budget_distribution,1.0,8,6,8.0,1,4,0.0,82.06353495365087,1.6412706990730175,0.19935957704013793,0.644948775926081,7.86330011445161,35823
energy,power_kw_eps1.0,budget_distribution,1.0,8,6,16.0,1,4,0.0,80.84567083035274,1.616913416607055,0.1133095758272942,0.6443346453395863,7.86330011445161,35823
energy,power_kw_eps1.0,budget_distribution,1.0,8,1,,2,0,0.0,79.4180630365519,1.588361260731038,0.24398794221890174,0.6410270660812538,7.911187684099372,17993
energy,power_kw_eps1.0,budget_distribution,1.0,8,1,4.0,2,0,0.0,157.7350451538582,3.154700903077164,0.24487499642020513,0.648196520869227,7.911187684099372,17993
energy,power_kw_eps1.0,budget_distribution,1.0,8,1,8.0,2,0,0.0,80.33765381367088,1.6067530762734177,0.24720865365330688,0.6398599455343745,7.911187684099372,17993
energy,power_kw_eps1.0,budget_distribution,1.0,8,1,16.0,2,0,0.0,79.4180630365519,1.588361260731038,0.24398794221890174,0.6410270660812538,7.911187684099372,17993
energy,power_kw_eps1.0,budget_distribution,1.0,8,2,,2,0,0.0,79.4180630365519,1.588361260731038,0.24398794221890174,0.6410270660812538,7.911187684099372,17993
energy,power_kw_eps1.0,budget_distribution,1.0,8,2,4.0,2,0,0.0,157.7350451538582,3.154700903077164,0.24487499642020513,0.648196520869227,7.911187684099372,17993
energy,power_kw_eps1.0,budget_distribution,1.0,8,2,8.0,2,0,0.0,80.33765381367088,1.6067530762734177,0.24720865365330688,0.6398599455343745,7.911187684099372,17993
energy,power_kw_eps1.0,budget_distribution,1.0,8,2,16.0,2,0,0.0,79.4180630365519,1.588361260731038,0.24398794221890174,0.6410270660812538,7.911187684099372,17993
energy,power_kw_eps1.0,budget_distribution,1.0,8,3,,2,0,0.0,79.4180630365519,1.588361260731038,0.24398794221890174,0.6410270660812538,7.911187684099372,17993
energy,power_kw_eps1.0,budget_distribution,1.0,8,3,4.0,2,0,0.0,157.7350451538582,3.154700903077164,0.24487499642020513,0.648196520869227,7.911187684099372,17993
energy,power_kw_eps1.0,budget_distribution,1.0,8,3,8.0,2,0,0.0,80.33765381367088,1.6067530762734177,0.24720865365330688,0.6398599455343745,7.911187684099372,17993
energy,power_kw_eps1.0,budget_distribution,1.0,8,3,16.0,2,0,0.0,79.4180630365519,1.588361260731038,0.24398794221890174,0.6410270660812538,7.911187684099372,17993
energy,power_kw_eps1.0,budget_distribution,1.0,8,4,,2,0,0.0,79.4180630365519,1.588361260731038,0.24398794221890174,0.6410270660812538,7.911187684099372,17993
energy,power_kw_eps1.0,budget_distribution,1.0,8,4,4.0,2,0,0.0,157.7350451538582,3.154700903077164,0.24487499642020513,0.648196520869227,7.911187684099372,17993
energy,power_kw_eps1.0,budget_distribution,1.0,8,4,8.0,2,0,0.0,80.33765381367088,1.6067530762734177,0.24720865365330688,0.6398599455343745,7.911187684099372,17993
energy,power_kw_eps1.0,budget_distribution,1.0,8,4,16.0,2,0,0.0,79.4180630365519,1.588361260731038,0.24398794221890174,0.6410270660812538,7.911187684099372,17993
energy,power_kw_eps1.0,budget_distribution,1.0,8,6,,2,0,0.0,79.4180630365519,1.588361260731038,0.24398794221890174,0.6410270660812538,7.911187684099372,17993
energy,power_kw_eps1.0,budget_distribution,1.0,8,6,8.0,2,0,0.0,80.33765381367088,1.6067530762734177,0.24720865365330688,0.6398599455343745,7.911187684099372,17993
energy,power_kw_eps1.0,budget_distribution,1.0,8,6,16.0,2,0,0.0,79.4180630365519,1.588361260731038,0.24398794221890174,0.6410270660812538,7.911187684099372,17993
energy,power_kw_eps1.0,budget_distribution,1.0,8,1,,2,2,0.0,79.4233325152674,1.5884666503053482,0.24306293482058522,0.6434229610621444,7.940756443155194,17926
energy,power_kw_eps1.0,budget_distribution,1.0,8,1,4.0,2,2,0.0,157.75212647468348,3.1550425294936697,0.24466003106741846,0.6506192123173045,7.940756443155194,17926
energy,power_kw_eps1.0,budget_distribution,1.0,8,1,8.0,2,2,0.0,80.54261173637295,1.610852234727459,0.24742370887877663,0.6422514782996764,7.940756443155194,17926
energy,power_kw_eps1.0,budget_distribution,1.0,8,1,16.0,2,2,0.0,79.4233325152674,1.5884666503053482,0.24306293482058522,0.6434229610621444,7.940756443155194,17926
energy,power_kw_eps1.0,budget_distribution,1.0,8,2,,2,2,0.0,79.4233325152674,1.5884666503053482,0.24306293482058522,0.6434229610621444,7.940756443155194,17926
energy,power_kw_eps1.0,budget_distribution,1.0,8,2,4.0,2,2,0.0,157.75212647468348,3.1550425294936697,0.24466003106741846,0.6506192123173045,7.940756443155194,17926
energy,power_kw_eps1.0,budget_distribution,1.0,8,2,8.0,2,2,0.0,80.54261173637295,1.610852234727459,0.24742370887877663,0.6422514782996764,7.940756443155194,17926
energy,power_kw_eps1.0,budget_distribution,1.0,8,2,16.0,2,2,0.0,79.4233325152674,1.5884666503053482,0.24306293482058522,0.6434229610621444,7.940756443155194,17926
energy,power_kw_eps1.0,budget_distribution,1.0,8,3,,2,2,0.0,79.4233325152674,1.5884666503053482,0.24306293482058522,0.6434229610621444,7.940756443155194,17926
energy,power_kw_eps1.0,budget_distribution,1.0,8,3,4.0,2,2,0.0,157.75212647468348,3.1550425294936697,0.24466003106741846,0.6506192123173045,7.940756443155194,17926
energy,power_kw_eps1.0,budget_distribution,1.0,8,3,8.0,2,2,0.0,80.54261173637295,1.610852234727459,0.24742370887877663,0.6422514782996764,7.940756443155194,17926
energy,power_kw_eps1.0,budget_distribution,1.0,8,3,16.0,2,2,0.0,79.4233325152674,1.5884666503053482,0.24306293482058522,0.6434229610621444,7.940756443155194,17926
energy,power_kw_eps1.0,budget_distribution,1.0,8,4,,2,2,0.0,79.4233325152674,1.5884666503053482,0.24306293482058522,0.6434229610621444,7.940756443155194,17926
energy,power_kw_eps1.0,budget_distribution,1.0,8,4,4.0,2,2,0.0,157.75212647468348,3.1550425294936697,0.24466003106741846,0.6506192123173045,7.940756443155194,17926
energy,power_kw_eps1.0,budget_distribution,1.0,8,4,8.0,2,2,0.0,80.54261173637295,1.610852234727459,0.24742370887877663,0.6422514782996764,7.940756443155194,17926
energy,power_kw_eps1.0,budget_distribution,1.0,8,4,16.0,2,2,0.0,79.4233325152674,1.5884666503053482,0.24306293482058522,0.6434229610621444,7.940756443155194,17926
energy,power_kw_eps1.0,budget_distribution,1.0,8,6,,2,2,0.0,79.4233325152674,1.5884666503053482,0.24306293482058522,0.6434229610621444,7.940756443155194,17926
energy,power_kw_eps1.0,budget_distribution,1.0,8,6,8.0,2,2,0.0,80.54261173637295,1.610852234727459,0.24742370887877663,0.6422514782996764,7.940756443155194,17926
energy,power_kw_eps1.0,budget_distribution,1.0,8,6,16.0,2,2,0.0,79.4233325152674,1.5884666503053482,0.24306293482058522,0.6434229610621444,7.940756443155194,17926
energy,power_kw_eps1.0,budget_distribution,1.0,8,1,,2,4,0.0,79.4566197869363,1.589132395738726,0.24306293482058522,0.6438180295841474,7.945632151828077,17915
energy,power_kw_eps1.0,budget_distribution,1.0,8,1,4.0,2,4,0.0,157.75810382705646,3.1551620765411292,0.24466003106741846,0.651018699413899,7.945632151828077,17915
energy,power_kw_eps1.0,budget_distribution,1.0,8,1,8.0,2,4,0.0,80.57851355244779,1.6115702710489557,0.24742370887877663,0.6426458275188389,7.945632151828077,17915
energy,power_kw_eps1.0,budget_distribution,1.0,8,1,16.0,2,4,0.0,79.4566197869363,1.589132395738726,0.24306293482058522,0.6438180295841474,7.945632151828077,17915
energy,power_kw_eps1.0,budget_distribution,1.0,8,2,,2,4,0.0,79.4566197869363,1.589132395738726,0.24306293482058522,0.6438180295841474,7.945632151828077,17915
energy,power_kw_eps1.0,budget_distribution,1.0,8,2,4.0,2,4,0.0,157.75810382705646,3.1551620765411292,0.24466003106741846,0.651018699413899,7.945632151828077,17915
energy,power_kw_eps1.0,budget_distribution,1.0,8,2,8.0,2,4,0.0,80.57851355244779,1.6115702710489557,0.24742370887877663,0.6426458275188389,7.945632151828077,17915
energy,power_kw_eps1.0,budget_distribution,1.0,8,2,16.0,2,4,0.0,79.4566197869363,1.589132395738726,0.24306293482058522,0.6438180295841474,7.945632151828077,17915
energy,power_kw_eps1.0,budget_distribution,1.0,8,3,,2,4,0.0,79.4566197869363,1.589132395738726,0.24306293482058522,0.6438180295841474,7.945632151828077,17915
energy,power_kw_eps1.0,budget_distribution,1.0,8,3,4.0,2,4,0.0,157.75810382705646,3.1551620765411292,0.24466003106741846,0.651018699413899,7.945632151828077,17915
energy,power_kw_eps1.0,budget_distribution,1.0,8,3,8.0,2,4,0.0,80.57851355244779,1.6115702710489557,0.24742370887877663,0.6426458275188389,7.945632151828077,17915
energy,power_kw_eps1.0,budget_distribution,1.0,8,3,16.0,2,4,0.0,79.4566197869363,1.589132395738726,0.24306293482058522,0.6438180295841474,7.945632151828077,17915
energy,power_kw_eps1.0,budget_distribution,1.0,8,4,,2,4,0.0,79.4566197869363,1.589132395738726,0.24306293482058522,0.6438180295841474,7.945632151828077,17915
energy,power_kw_eps1.0,budget_distribution,1.0,8,4,4.0,2,4,0.0,157.75810382705646,3.1551620765411292,0.24466003106741846,0.651018699413899,7.945632151828077,17915
energy,power_kw_eps1.0,budget_distribution,1.0,8,4,8.0,2,4,0.0,80.57851355244779,1.6115702710489557,0.24742370887877663,0.6426458275188389,7.945632151828077,17915
energy,power_kw_eps1.0,budget_distribution,1.0,8,4,16.0,2,4,0.0,79.4566197869363,1.589132395738726,0.24306293482058522,0.6438180295841474,7.945632151828077,17915
energy,power_kw_eps1.0,budget_distribution,1.0,8,6,,2,4,0.0,79.4566197869363,1.589132395738726,0.24306293482058522,0.6438180295841474,7.945632151828077,17915
energy,power_kw_eps1.0,budget_distribution,1.0,8,6,8.0,2,4,0.0,80.57851355244779,1.6115702710489557,0.24742370887877663,0.6426458275188389,7.945632151828077,17915
energy,power_kw_eps1.0,budget_distribution,1.0,8,6,16.0,2,4,0.0,79.4566197869363,1.589132395738726,0.24306293482058522,0.6438180295841474,7.945632151828077,17915
energy,power_kw_eps1.0,budget_distribution,1.0,8,1,,4,0,0.0,78.68759176714782,1.5737518353429565,0.17166591327440367,0.6431032566411026,8.02867622540847,8997
energy,power_kw_eps1.0,budget_distribution,1.0,8,1,4.0,4,0,0.0,155.55160498031233,3.1110320996062466,0.22539474466160703,0.6492164054684895,8.02867622540847,8997
energy,power_kw_eps1.0,budget_distribution,1.0,8,1,8.0,4,0,0.0,80.60309559396435,1.6120619118792872,0.2801267189396846,0.6427698121596087,8.02867622540847,8997
energy,power_kw_eps1.0,budget_distribution,1.0,8,1,16.0,4,0,0.0,78.68759176714782,1.5737518353429565,0.17166591327440367,0.6431032566411026,8.02867622540847,8997
energy,power_kw_eps1.0,budget_distribution,1.0,8,2,,4,0,0.0,78.68759176714782,1.5737518353429565,0.17166591327440367,0.6431032566411026,8.02867622540847,8997
energy,power_kw_eps1.0,budget_distribution,1.0,8,2,4.0,4,0,0.0,155.55160498031233,3.1110320996062466,0.22539474466160703,0.6492164054684895,8.02867622540847,8997
energy,power_kw_eps1.0,budget_distribution,1.0,8,2,8.0,4,0,0.0,80.60309559396435,1.6120619118792872,0.2801267189396846,0.6427698121596087,8.02867622540847,8997
energy,power_kw_eps1.0,budget_distribution,1.0,8,2,16.0,4,0,0.0,78.68759176714782,1.5737518353429565,0.17166591327440367,0.6431032566411026,8.02867622540847,8997
energy,power_kw_eps1.0,budget_distribution,1.0,8,3,,4,0,0.0,78.68759176714782,1.5737518353429565,0.17166591327440367,0.6431032566411026,8.02867622540847,8997
energy,power_kw_eps1.0,budget_distribution,1.0,8,3,4.0,4,0,0.0,155.55160498031233,3.1110320996062466,0.22539474466160703,0.6492164054684895,8.02867622540847,8997
energy,power_kw_eps1.0,budget_distribution,1.0,8,3,8.0,4,0,0.0,80.60309559396435,1.6120619118792872,0.2801267189396846,0.6427698121596087,8.02867622540847,8997
energy,power_kw_eps1.0,budget_distribution,1.0,8,3,16.0,4,0,0.0,78.68759176714782,1.5737518353429565,0.17166591327440367,0.6431032566411026,8.02867622540847,8997
energy,power_kw_eps1.0,budget_distribution,1.0,8,4,,4,0,0.0,78.68759176714782,1.5737518353429565,0.17166591327440367,0.6431032566411026,8.02867622540847,8997
energy,power_kw_eps1.0,budget_distribution,1.0,8,4,4.0,4,0,0.0,155.55160498031233,3.1110320996062466,0.22539474466160703,0.6492164054684895,8.02867622540847,8997
energy,power_kw_eps1.0,budget_distribution,1.0,8,4,8.0,4,0,0.0,80.60309559396435,1.6120619118792872,0.2801267189396846,0.6427698121596087,8.02867622540847,8997
energy,power_kw_eps1.0,budget_distribution,1.0,8,4,16.0,4,0,0.0,78.68759176714782,1.5737518353429565,0.17166591327440367,0.6431032566411026,8.02867622540847,8997
energy,power_kw_eps1.0,budget_distribution,1.0,8,6,,4,0,0.0,78.68759176714782,1.5737518353429565,0.17166591327440367,0.6431032566411026,8.02867622540847,8997
energy,power_kw_eps1.0,budget_distribution,1.0,8,6,8.0,4,0,0.0,80.60309559396435,1.6120619118792872,0.2801267189396846,0.6427698121596087,8.02867622540847,8997
energy,power_kw_eps1.0,budget_distribution,1.0,8,6,16.0,4,0,0.0,78.68759176714782,1.5737518353429565,0.17166591327440367,0.6431032566411026,8.02867622540847,8997
energy,power_kw_eps1.0,budget_distribution,1.0,8,1,,4,2,0.0,78.269649330853,1.56539298661706,0.11634597034244071,0.645398773006135,8.05733407696598,8965
energy,power_kw_eps1.0,budget_distribution,1.0,8,1,4.0,4,2,0.0,155.3726576298996,3.107453152597992,0.22511424336961178,0.6515337423312884,8.05733407696598,8965
energy,power_kw_eps1.0,budget_distribution,1.0,8,1,8.0,4,2,0.0,80.0457609161519,1.6009152183230382,0.22951395284432327,0.6450641383156721,8.05733407696598,8965
energy,power_kw_eps1.0,budget_distribution,1.0,8,1,16.0,4,2,0.0,78.269649330853,1.56539298661706,0.11634597034244071,0.645398773006135,8.05733407696598,8965
energy,power_kw_eps1.0,budget_distribution,1.0,8,2,,4,2,0.0,78.269649330853,1.56539298661706,0.11634597034244071,0.645398773006135,8.05733407696598,8965
energy,power_kw_eps1.0,budget_distribution,1.0,8,2,4.0,4,2,0.0,155.3726576298996,3.107453152597992,0.22511424336961178,0.6515337423312884,8.05733407696598,8965
energy,power_kw_eps1.0,budget_distribution,1.0,8,2,8.0,4,2,0.0,80.0457609161519,1.6009152183230382,0.22951395284432327,0.6450641383156721,8.05733407696598,8965
energy,power_kw_eps1.0,budget_distribution,1.0,8,2,16.0,4,2,0.0,78.269649330853,1.56539298661706,0.11634597034244071,0.645398773006135,8.05733407696598,8965
energy,power_kw_eps1.0,budget_distribution,1.0,8,3,,4,2,0.0,78.269649330853,1.56539298661706,0.11634597034244071,0.645398773006135,8.05733407696598,8965
energy,power_kw_eps1.0,budget_distribution,1.0,8,3,4.0,4,2,0.0,155.3726576298996,3.107453152597992,0.22511424336961178,0.6515337423312884,8.05733407696598,8965
energy,power_kw_eps1.0,budget_distribution,1.0,8,3,8.0,4,2,0.0,80.0457609161519,1.6009152183230382,0.22951395284432327,0.6450641383156721,8.05733407696598,8965
energy,power_kw_eps1.0,budget_distribution,1.0,8,3,16.0,4,2,0.0,78.269649330853,1.56539298661706,0.11634597034244071,0.645398773006135,8.05733407696598,8965
energy,power_kw_eps1.0,budget_distribution,1.0,8,4,,4,2,0.0,78.269649330853,1.56539298661706,0.11634597034244071,0.645398773006135,8.05733407696598,8965
energy,power_kw_eps1.0,budget_distribution,1.0,8,4,4.0,4,2,0.0,155.3726576298996,3.107453152597992,0.22511424336961178,0.6515337423312884,8.05733407696598,8965
energy,power_kw_eps1.0,budget_distribution,1.0,8,4,8.0,4,2,0.0,80.0457609161519,1.6009152183230382,0.22951395284432327,0.6450641383156721,8.05733407696598,8965
energy,power_kw_eps1.0,budget_distribution,1.0,8,4,16.0,4,2,0.0,78.269649330853,1.56539298661706,0.11634597034244071,0.645398773006135,8.05733407696598,8965
energy,power_kw_eps1.0,budget_distribution,1.0,8,6,,4,2,0.0,78.269649330853,1.56539298661706,0.11634597034244071,0.645398773006135,8.05733407696598,8965
energy,power_kw_eps1.0,budget_distribution,1.0,8,6,8.0,4,2,0.0,80.0457609161519,1.6009152183230382,0.22951395284432327,0.6450641383156721,8.05733407696598,8965
energy,power_kw_eps1.0,budget_distribution,1.0,8,6,16.0,4,2,0.0,78.269649330853,1.56539298661706,0.11634597034244071,0.645398773006135,8.05733407696598,8965
energy,power_kw_eps1.0,budget_distribution,1.0,8,1,,4,4,0.0,78.22348605698805,1.5644697211397611,0.11634377855395184,0.6457589285714286,8.061830357142858,8960
energy,power_kw_eps1.0,budget_distribution,1.0,8,1,4.0,4,4,0.0,155.43632594415374,3.1087265188830746,0.22595034268817407,0.6522321428571428,8.061830357142858,8960
energy,power_kw_eps1.0,budget_distribution,1.0,8,1,8.0,4,4,0.0,79.94589232690033,1.5989178465380067,0.22909228899112302,0.6454241071428571,8.061830357142858,8960
energy,power_kw_eps1.0,budget_distribution,1.0,8,1,16.0,4,4,0.0,78.22348605698805,1.5644697211397611,0.11634377855395184,0.6457589285714286,8.061830357142858,8960
energy,power_kw_eps1.0,budget_distribution,1.0,8,2,,4,4,0.0,78.22348605698805,1.5644697211397611,0.11634377855395184,0.6457589285714286,8.061830357142858,8960
energy,power_kw_eps1.0,budget_distribution,1.0,8,2,4.0,4,4,0.0,155.43632594415374,3.1087265188830746,0.22595034268817407,0.6522321428571428,8.061830357142858,8960
energy,power_kw_eps1.0,budget_distribution,1.0,8,2,8.0,4,4,0.0,79.94589232690033,1.5989178465380067,0.22909228899112302,0.6454241071428571,8.061830357142858,8960
energy,power_kw_eps1.0,budget_distribution,1.0,8,2,16.0,4,4,0.0,78.22348605698805,1.5644697211397611,0.11634377855395184,0.6457589285714286,8.061830357142858,8960
energy,power_kw_eps1.0,budget_distribution,1.0,8,3,,4,4,0.0,78.22348605698805,1.5644697211397611,0.11634377855395184,0.6457589285714286,8.061830357142858,8960
energy,power_kw_eps1.0,budget_distribution,1.0,8,3,4.0,4,4,0.0,155.43632594415374,3.1087265188830746,0.22595034268817407,0.6522321428571428,8.061830357142858,8960
energy,power_kw_eps1.0,budget_distribution,1.0,8,3,8.0,4,4,0.0,79.94589232690033,1.5989178465380067,0.22909228899112302,0.6454241071428571,8.061830357142858,8960
energy,power_kw_eps1.0,budget_distribution,1.0,8,3,16.0,4,4,0.0,78.22348605698805,1.5644697211397611,0.11634377855395184,0.6457589285714286,8.061830357142858,8960
energy,power_kw_eps1.0,budget_distribution,1.0,8,4,,4,4,0.0,78.22348605698805,1.5644697211397611,0.11634377855395184,0.6457589285714286,8.061830357142858,8960
energy,power_kw_eps1.0,budget_distribution,1.0,8,4,4.0,4,4,0.0,155.43632594415374,3.1087265188830746,0.22595034268817407,0.6522321428571428,8.061830357142858,8960
energy,power_kw_eps1.0,budget_distribution,1.0,8,4,8.0,4,4,0.0,79.94589232690033,1.5989178465380067,0.22909228899112302,0.6454241071428571,8.061830357142858,8960
energy,power_kw_eps1.0,budget_distribution,1.0,8,4,16.0,4,4,0.0,78.22348605698805,1.5644697211397611,0.11634377855395184,0.6457589285714286,8.061830357142858,8960
energy,power_kw_eps1.0,budget_distribution,1.0,8,6,,4,4,0.0,78.22348605698805,1.5644697211397611,0.11634377855395184,0.6457589285714286,8.061830357142858,8960
energy,power_kw_eps1.0,budget_distribution,1.0,8,6,8.0,4,4,0.0,79.94589232690033,1.5989178465380067,0.22909228899112302,0.6454241071428571,8.061830357142858,8960
energy,power_kw_eps1.0,budget_distribution,1.0,8,6,16.0,4,4,0.0,78.22348605698805,1.5644697211397611,0.11634377855395184,0.6457589285714286,8.061830357142858,8960
energy,power_kw_eps1.0,budget_absorption,1.0,8,1,,1,0,0.0,59.531143570240324,1.1906228714048064,0.83541688161447,0.4981797971376963,7.827900514103098,35985
energy,power_kw_eps1.0,budget_absorption,1.0,8,1,4.0,1,0,0.0,117.45183026548824,2.349036605309765,0.6144932615806176,0.511101847992219,7.827900514103098,35985
energy,power_kw_eps1.0,budget_absorption,1.0,8,1,8.0,1,0,0.0,60.57505796909202,1.2115011593818403,0.48418592672946226,0.4987633736279005,7.827900514103098,35985
energy,power_kw_eps1.0,budget_absorption,1.0,8,1,16.0,1,0,0.0,59.531143570240324,1.1906228714048064,0.83541688161447,0.4981797971376963,7.827900514103098,35985
energy,power_kw_eps1.0,budget_absorption,1.0,8,2,,1,0,0.0,59.531143570240324,1.1906228714048064,0.83541688161447,0.4981797971376963,7.827900514103098,35985
energy,power_kw_eps1.0,budget_absorption,1.0,8,2,4.0,1,0,0.0,117.45183026548824,2.349036605309765,0.6144932615806176,0.511101847992219,7.827900514103098,35985
energy,power_kw_eps1.0,budget_absorption,1.0,8,2,8.0,1,0,0.0,60.57505796909202,1.2115011593818403,0.48418592672946226,0.4987633736279005,7.827900514103098,35985
energy,power_kw_eps1.0,budget_absorption,1.0,8,2,16.0,1,0,0.0,59.531143570240324,1.1906228714048064,0.83541688161447,0.4981797971376963,7.827900514103098,35985
energy,power_kw_eps1.0,budget_absorption,1.0,8,3,,1,0,0.0,59.531143570240324,1.1906228714048064,0.83541688161447,0.4981797971376963,7.827900514103098,35985
energy,power_kw_eps1.0,budget_absorption,1.0,8,3,4.0,1,0,0.0,117.45183026548824,2.349036605309765,0.6144932615806176,0.511101847992219,7.827900514103098,35985
energy,power_kw_eps1.0,budget_absorption,1.0,8,3,8.0,1,0,0.0,60.57505796909202,1.2115011593818403,0.48418592672946226,0.4987633736279005,7.827900514103098,35985
energy,power_kw_eps1.0,budget_absorption,1.0,8,3,16.0,1,0,0.0,59.531143570240324,1.1906228714048064,0.83541688161447,0.4981797971376963,7.827900514103098,35985
energy,power_kw_eps1.0,budget_absorption,1.0,8,4,,1,0,0.0,59.531143570240324,1.1906228714048064,0.83541688161447,0.4981797971376963,7.827900514103098,35985
energy,power_kw_eps1.0,budget_absorption,1.0,8,4,4.0,1,0,0.0,117.45183026548824,2.349036605309765,0.6144932615806176,0.511101847992219,7.827900514103098,35985
energy,power_kw_eps1.0,budget_absorption,1.0,8,4,8.0,1,0,0.0,60.57505796909202,1.2115011593818403,0.48418592672946226,0.4987633736279005,7.827900514103098,35985
energy,power_kw_eps1.0,budget_absorption,1.0,8,4,16.0,1,0,0.0,59.531143570240324,1.1906228714048064,0.83541688161447,0.4981797971376963,7.827900514103098,35985
energy,power_kw_eps1.0,budget_absorption,1.0,8,6,,1,0,0.0,59.531143570240324,1.1906228714048064,0.83541688161447,0.4981797971376963,7.827900514103098,35985
energy,power_kw_eps1.0,budget_absorption,1.0,8,6,8.0,1,0,0.0,60.57505796909202,1.2115011593818403,0.48418592672946226,0.4987633736279005,7.827900514103098,35985
energy,power_kw_eps1.0,budget_absorption,1.0,8,6,16.0,1,0,0.0,59.531143570240324,1.1906228714048064,0.83541688161447,0.4981797971376963,7.827900514103098,35985
energy,power_kw_eps1.0,budget_absorption,1.0,8,1,,1,2,0.0,59.43253534137123,1.1886507068274246,0.83541688161447,0.5000697369522162,7.857597143574437,35849
energy,power_kw_eps1.0,budget_absorption,1.0,8,1,4.0,1,2,0.0,117.78986221474176,2.3557972442948354,0.6144932615806176,0.5130408100644369,7.857597143574437,35849
energy,power_kw_eps1.0,budget_absorption,1.0,8,1,8.0,1,2,0.0,60.44920971176844,1.2089841942353687,0.48418592672946226,0.5006555273508326,7.857597143574437,35849
energy,power_kw_eps1.0,budget_absorption,1.0,8,1,16.0,1,2,0.0,59.43253534137123,1.1886507068274246,0.83541688161447,0.5000697369522162,7.857597143574437,35849
energy,power_kw_eps1.0,budget_absorption,1.0,8,2,,1,2,0.0,59.43253534137123,1.1886507068274246,0.83541688161447,0.5000697369522162,7.857597143574437,35849
energy,power_kw_eps1.0,budget_absorption,1.0,8,2,4.0,1,2,0.0,117.78986221474176,2.3557972442948354,0.6144932615806176,0.5130408100644369,7.857597143574437,35849
energy,power_kw_eps1.0,budget_absorption,1.0,8,2,8.0,1,2,0.0,60.44920971176844,1.2089841942353687,0.48418592672946226,0.5006555273508326,7.857597143574437,35849
energy,power_kw_eps1.0,budget_absorption,1.0,8,2,16.0,1,2,0.0,59.43253534137123,1.1886507068274246,0.83541688161447,0.5000697369522162,7.857597143574437,35849
energy,power_kw_eps1.0,budget_absorption,1.0,8,3,,1,2,0.0,59.43253534137123,1.1886507068274246,0.83541688161447,0.5000697369522162,7.857597143574437,35849
energy,power_kw_eps1.0,budget_absorption,1.0,8,3,4.0,1,2,0.0,117.78986221474176,2.3557972442948354,0.6144932615806176,0.5130408100644369,7.857597143574437,35849
energy,power_kw_eps1.0,budget_absorption,1.0,8,3,8.0,1,2,0.0,60.44920971176844,1.2089841942353687,0.48418592672946226,0.5006555273508326,7.857597143574437,35849
energy,power_kw_eps1.0,budget_absorption,1.0,8,3,16.0,1,2,0.0,59.43253534137123,1.1886507068274246,0.83541688161447,0.5000697369522162,7.857597143574437,35849
energy,power_kw_eps1.0,budget_absorption,1.0,8,4,,1,2,0.0,59.43253534137123,1.1886507068274246,0.83541688161447,0.5000697369522162,7.857597143574437,35849
energy,power_kw_eps1.0,budget_absorption,1.0,8,4,4.0,1,2,0.0,117.78986221474176,2.3557972442948354,0.6144932615806176,0.5130408100644369,7.857597143574437,35849
energy,power_kw_eps1.0,budget_absorption,1.0,8,4,8.0,1,2,0.0,60.44920971176844,1.2089841942353687,0.48418592672946226,0.5006555273508326,7.857597143574437,35849
energy,power_kw_eps1.0,budget_absorption,1.0,8,4,16.0,1,2,0.0,59.43253534137123,1.1886507068274246,0.83541688161447,0.5000697369522162,7.857597143574437,35849
energy,power_kw_eps1.0,budget_absorption,1.0,8,6,,1,2,0.0,59.43253534137123,1.1886507068274246,0.83541688161447,0.5000697369522162,7.857597143574437,35849
energy,power_kw_eps1.0,budget_absorption,1.0,8,6,8.0,1,2,0.0,60.44920971176844,1.2089841942353687,0.48418592672946226,0.5006555273508326,7.857597143574437,35849
energy,power_kw_eps1.0,budget_absorption,1.0,8,6,16.0,1,2,0.0,59.43253534137123,1.1886507068274246,0.83541688161447,0.5000697369522162,7.857597143574437,35849
energy,power_kw_eps1.0,budget_absorption,1.0,8,1,,1,4,0.0,59.41151977411373,1.1882303954822746,0.83541688161447,0.5004326829132122,7.86330011445161,35823
energy,power_kw_eps1.0,budget_absorption,1.0,8,1,4.0,1,4,0.0,117.85576854587815,2.357115370917563,0.6144932615806176,0.5134131703095777,7.86330011445161,35823
energy,power_kw_eps1.0,budget_absorption,1.0,8,1,8.0,1,4,0.0,60.42869135975314,1.2085738271950628,0.48418592672946226,0.501018898473048,7.86330011445161,35823
energy,power_kw_eps1.0,budget_absorption,1.0,8,1,16.0,1,4,0.0,59.41151977411373,1.1882303954822746,0.83541688161447,0.5004326829132122,7.86330011445161,35823
energy,power_kw_eps1.0,budget_absorption,1.0,8,2,,1,4,0.0,59.41151977411373,1.1882303954822746,0.83541688161447,0.5004326829132122,7.86330011445161,35823
energy,power_kw_eps1.0,budget_absorption,1.0,8,2,4.0,1,4,0.0,117.85576854587815,2.357115370917563,0.6144932615806176,0.5134131703095777,7.86330011445161,35823
energy,power_kw_eps1.0,budget_absorption,1.0,8,2,8.0,1,4,0.0,60.42869135975314,1.2085738271950628,0.48418592672946226,0.501018898473048,7.86330011445161,35823
energy,power_kw_eps1.0,budget_absorption,1.0,8,2,16.0,1,4,0.0,59.41151977411373,1.1882303954822746,0.83541688161447,0.5004326829132122,7.86330011445161,35823
energy,power_kw_eps1.0,budget_absorption,1.0,8,3,,1,4,0.0,59.41151977411373,1.1882303954822746,0.83541688161447,0.5004326829132122,7.86330011445161,35823
energy,power_kw_eps1.0,budget_absorption,1.0,8,3,4.0,1,4,0.0,117.85576854587815,2.357115370917563,0.6144932615806176,0.5134131703095777,7.86330011445161,35823
energy,power_kw_eps1.0,budget_absorption,1.0,8,3,8.0,1,4,0.0,60.42869135975314,1.2085738271950628,0.48418592672946226,0.501018898473048,7.86330011445161,35823
energy,power_kw_eps1.0,budget_absorption,1.0,8,3,16.0,1,4,0.0,59.41151977411373,1.1882303954822746,0.83541688161447,0.5004326829132122,7.86330011445161,35823
energy,power_kw_eps1.0,budget_absorption,1.0,8,4,,1,4,0.0,59.41151977411373,1.1882303954822746,0.83541688161447,0.5004326829132122,7.86330011445161,35823
energy,power_kw_eps1.0,budget_absorption,1.0,8,4,4.0,1,4,0.0,117.85576854587815,2.357115370917563,0.6144932615806176,0.5134131703095777,7.86330011445161,35823
energy,power_kw_eps1.0,budget_absorption,1.0,8,4,8.0,1,4,0.0,60.42869135975314,1.2085738271950628,0.48418592672946226,0.501018898473048,7.86330011445161,35823
energy,power_kw_eps1.0,budget_absorption,1.0,8,4,16.0,1,4,0.0,59.41151977411373,1.1882303954822746,0.83541688161447,0.5004326829132122,7.86330011445161,35823
energy,power_kw_eps1.0,budget_absorption,1.0,8,6,,1,4,0.0,59.41151977411373,1.1882303954822746,0.83541688161447,0.5004326829132122,7.86330011445161,35823
energy,power_kw_eps1.0,budget_absorption,1.0,8,6,8.0,1,4,0.0,60.42869135975314,1.2085738271950628,0.48418592672946226,0.501018898473048,7.86330011445161,35823
energy,power_kw_eps1.0,budget_absorption,1.0,8,6,16.0,1,4,0.0,59.41151977411373,1.1882303954822746,0.83541688161447,0.5004326829132122,7.86330011445161,35823
energy,power_kw_eps1.0,budget_absorption,1.0,8,1,,2,0,0.0,59.31592478812355,1.186318495762471,0.5959044380717873,0.4979714333351859,7.911187684099372,17993
energy,power_kw_eps1.0,budget_absorption,1.0,8,1,4.0,2,0,0.0,117.51842840258944,2.3503685680517887,0.5525269454289855,0.508586672594898,7.911187684099372,17993
energy,power_kw_eps1.0,budget_absorption,1.0,8,1,8.0,2,0,0.0,59.82156833488368,1.1964313666976736,0.5644064755284421,0.4970821986328016,7.911187684099372,17993
energy,power_kw_eps1.0,budget_absorption,1.0,8,1,16.0,2,0,0.0,59.31592478812355,1.186318495762471,0.5959044380717873,0.4979714333351859,7.911187684099372,17993
energy,power_kw_eps1.0,budget_absorption,1.0,8,2,,2,0,0.0,59.31592478812355,1.186318495762471,0.5959044380717873,0.4979714333351859,7.911187684099372,17993
energy,power_kw_eps1.0,budget_absorption,1.0,8,2,4.0,2,0,0.0,117.51842840258944,2.3503685680517887,0.5525269454289855,0.508586672594898,7.911187684099372,17993
energy,power_kw_eps1.0,budget_absorption,1.0,8,2,8.0,2,0,0.0,59.82156833488368,1.1964313666976736,0.5644064755284421,0.4970821986328016,7.911187684099372,17993
energy,power_kw_eps1.0,budget_absorption,1.0,8,2,16.0,2,0,0.0,59.31592478812355,1.186318495762471,0.5959044380717873,0.4979714333351859,7.911187684099372,17993
energy,power_kw_eps1.0,budget_absorption,1.0,8,3,,2,0,0.0,59.31592478812355,1.186318495762471,0.5959044380717873,0.4979714333351859,7.911187684099372,17993
energy,power_kw_eps1.0,budget_absorption,1.0,8,3,4.0,2,0,0.0,117.51842840258944,2.3503685680517887,0.5525269454289855,0.508586672594898,7.911187684099372,17993
energy,power_kw_eps1.0,budget_absorption,1.0,8,3,8.0,2,0,0.0,59.82156833488368,1.1964313666976736,0.5644064755284421,0.4970821986328016,7.911187684099372,17993
energy,power_kw_eps1.0,budget_absorption,1.0,8,3,16.0,2,0,0.0,59.31592478812355,1.186318495762471,0.5959044380717873,0.4979714333351859,7.911187684099372,17993
energy,power_kw_eps1.0,budget_absorption,1.0,8,4,,2,0,0.0,59.31592478812355,1.186318495762471,0.5959044380717873,0.4979714333351859,7.911187684099372,17993
energy,power_kw_eps1.0,budget_absorption,1.0,8,4,4.0,2,0,0.0,117.51842840258944,2.3503685680517887,0.5525269454289855,0.508586672594898,7.911187684099372,17993
energy,power_kw_eps1.0,budget_absorption,1.0,8,4,8.0,2,0,0.0,59.82156833488368,1.1964313666976736,0.5644064755284421,0.4970821986328016,7.911187684099372,17993
energy,power_kw_eps1.0,budget_absorption,1.0,8,4,16.0,2,0,0.0,59.31592478812355,1.186318495762471,0.5959044380717873,0.4979714333351859,7.911187684099372,17993
energy,power_kw_eps1.0,budget_absorption,1.0,8,6,,2,0,0.0,59.31592478812355,1.186318495762471,0.5959044380717873,0.4979714333351859,7.911187684099372,17993
energy,power_kw_eps1.0,budget_absorption,1.0,8,6,8.0,2,0,0.0,59.82156833488368,1.1964313666976736,0.5644064755284421,0.4970821986328016,7.911187684099372,17993
energy,power_kw_eps1.0,budget_absorption,1.0,8,6,16.0,2,0,0.0,59.31592478812355,1.186318495762471,0.5959044380717873,0.4979714333351859,7.911187684099372,17993
energy,power_kw_eps1.0,budget_absorption,1.0,8,1,,2,2,0.0,59.0152029527159,1.1803040590543181,0.5959044380717873,0.49983264531964744,7.940756443155194,17926
energy,power_kw_eps1.0,budget_absorption,1.0,8,1,4.0,2,2,0.0,117.71148859858492,2.3542297719716982,0.5525269454289855,0.5104875599687605,7.940756443155194,17926
energy,power_kw_eps1.0,budget_absorption,1.0,8,1,8.0,2,2,0.0,59.811250925725524,1.1962250185145105,0.5644064755284421,0.49894008702443376,7.940756443155194,17926
energy,power_kw_eps1.0,budget_absorption,1.0,8,1,16.0,2,2,0.0,59.0152029527159,1.1803040590543181,0.5959044380717873,0.49983264531964744,7.940756443155194,17926
energy,power_kw_eps1.0,budget_absorption,1.0,8,2,,2,2,0.0,59.0152029527159,1.1803040590543181,0.5959044380717873,0.49983264531964744,7.940756443155194,17926
energy,power_kw_eps1.0,budget_absorption,1.0,8,2,4.0,2,2,0.0,117.71148859858492,2.3542297719716982,0.5525269454289855,0.5104875599687605,7.940756443155194,17926
energy,power_kw_eps1.0,budget_absorption,1.0,8,2,8.0,2,2,0.0,59.811250925725524,1.1962250185145105,0.5644064755284421,0.49894008702443376,7.940756443155194,17926
energy,power_kw_eps1.0,budget_absorption,1.0,8,2,16.0,2,2,0.0,59.0152029527159,1.1803040590543181,0.5959044380717873,0.49983264531964744,7.940756443155194,17926
energy,power_kw_eps1.0,budget_absorption,1.0,8,3,,2,2,0.0,59.0152029527159,1.1803040590543181,0.5959044380717873,0.49983264531964744,7.940756443155194,17926
energy,power_kw_eps1.0,budget_absorption,1.0,8,3,4.0,2,2,0.0,117.71148859858492,2.3542297719716982,0.5525269454289855,0.5104875599687605,7.940756443155194,17926
energy,power_kw_eps1.0,budget_absorption,1.0,8,3,8.0,2,2,0.0,59.811250925725524,1.1962250185145105,0.5644064755284421,0.49894008702443376,7.940756443155194,17926
energy,power_kw_eps1.0,budget_absorption,1.0,8,3,16.0,2,2,0.0,59.0152029527159,1.1803040590543181,0.5959044380717873,0.49983264531964744,7.940756443155194,17926
energy,power_kw_eps1.0,budget_absorption,1.0,8,4,,2,2,0.0,59.0152029527159,1.1803040590543181,0.5959044380717873,0.49983264531964744,7.940756443155194,17926
energy,power_kw_eps1.0,budget_absorption,1.0,8,4,4.0,2,2,0.0,117.71148859858492,2.3542297719716982,0.5525269454289855,0.5104875599687605,7.940756443155194,17926
energy,power_kw_eps1.0,budget_absorption,1.0,8,4,8.0,2,2,0.0,59.811250925725524,1.1962250185145105,0.5644064755284421,0.49894008702443376,7.940756443155194,17926
energy,power_kw_eps1.0,budget_absorption,1.0,8,4,16.0,2,2,0.0,59.0152029527159,1.1803040590543181,0.5959044380717873,0.49983264531964744,7.940756443155194,17926
energy,power_kw_eps1.0,budget_absorption,1.0,8,6,,2,2,0.0,59.0152029527159,1.1803040590543181,0.5959044380717873,0.49983264531964744,7.940756443155194,17926
energy,power_kw_eps1.0,budget_absorption,1.0,8,6,8.0,2,2,0.0,59.811250925725524,1.1962250185145105,0.5644064755284421,0.49894008702443376,7.940756443155194,17926
energy,power_kw_eps1.0,budget_absorption,1.0,8,6,16.0,2,2,0.0,59.0152029527159,1.1803040590543181,0.5959044380717873,0.49983264531964744,7.940756443155194,17926
energy,power_kw_eps1.0,budget_absorption,1.0,8,1,,2,4,0.0,58.96332808875365,1.179266561775073,0.5959044380717873,0.5001395478649177,7.945632151828077,17915
energy,power_kw_eps1.0,budget_absorption,1.0,8,1,4.0,2,4,0.0,117.7457254387339,2.354914508774678,0.5525269454289855,0.5108010047446274,7.945632151828077,17915
energy,power_kw_eps1.0,budget_absorption,1.0,8,1,8.0,2,4,0.0,59.825407010798486,1.1965081402159696,0.5644064755284421,0.4992464415294446,7.945632151828077,17915
energy,power_kw_eps1.0,budget_absorption,1.0,8,1,16.0,2,4,0.0,58.96332808875365,1.179266561775073,0.5959044380717873,0.5001395478649177,7.945632151828077,17915
energy,power_kw_eps1.0,budget_absorption,1.0,8,2,,2,4,0.0,58.96332808875365,1.179266561775073,0.5959044380717873,0.5001395478649177,7.945632151828077,17915
energy,power_kw_eps1.0,budget_absorption,1.0,8,2,4.0,2,4,0.0,117.7457254387339,2.354914508774678,0.5525269454289855,0.5108010047446274,7.945632151828077,17915
energy,power_kw_eps1.0,budget_absorption,1.0,8,2,8.0,2,4,0.0,59.825407010798486,1.1965081402159696,0.5644064755284421,0.4992464415294446,7.945632151828077,17915
energy,power_kw_eps1.0,budget_absorption,1.0,8,2,16.0,2,4,0.0,58.96332808875365,1.179266561775073,0.5959044380717873,0.5001395478649177,7.945632151828077,17915
energy,power_kw_eps1.0,budget_absorption,1.0,8,3,,2,4,0.0,58.96332808875365,1.179266561775073,0.5959044380717873,0.5001395478649177,7.945632151828077,17915
energy,power_kw_eps1.0,budget_absorption,1.0,8,3,4.0,2,4,0.0,117.7457254387339,2.354914508774678,0.5525269454289855,0.5108010047446274,7.945632151828077,17915
energy,power_kw_eps1.0,budget_absorption,1.0,8,3,8.0,2,4,0.0,59.825407010798486,1.1965081402159696,0.5644064755284421,0.4992464415294446,7.945632151828077,17915
energy,power_kw_eps1.0,budget_absorption,1.0,8,3,16.0,2,4,0.0,58.96332808875365,1.179266561775073,0.5959044380717873,0.5001395478649177,7.945632151828077,17915
energy,power_kw_eps1.0,budget_absorption,1.0,8,4,,2,4,0.0,58.96332808875365,1.179266561775073,0.5959044380717873,0.5001395478649177,7.945632151828077,17915
energy,power_kw_eps1.0,budget_absorption,1.0,8,4,4.0,2,4,0.0,117.7457254387339,2.354914508774678,0.5525269454289855,0.5108010047446274,7.945632151828077,17915
energy,power_kw_eps1.0,budget_absorption,1.0,8,4,8.0,2,4,0.0,59.825407010798486,1.1965081402159696,0.5644064755284421,0.4992464415294446,7.945632151828077,17915
energy,power_kw_eps1.0,budget_absorption,1.0,8,4,16.0,2,4,0.0,58.96332808875365,1.179266561775073,0.5959044380717873,0.5001395478649177,7.945632151828077,17915
energy,power_kw_eps1.0,budget_absorption,1.0,8,6,,2,4,0.0,58.96332808875365,1.179266561775073,0.5959044380717873,0.5001395478649177,7.945632151828077,17915
energy,power_kw_eps1.0,budget_absorption,1.0,8,6,8.0,2,4,0.0,59.825407010798486,1.1965081402159696,0.5644064755284421,0.4992464415294446,7.945632151828077,17915
energy,power_kw_eps1.0,budget_absorption,1.0,8,6,16.0,2,4,0.0,58.96332808875365,1.179266561775073,0.5959044380717873,0.5001395478649177,7.945632151828077,17915
energy,power_kw_eps1.0,budget_absorption,1.0,8,1,,4,0,0.0,57.640725188408375,1.1528145037681674,0.473346992867148,0.4917194620429032,8.02867622540847,8997
energy,power_kw_eps1.0,budget_absorption,1.0,8,1,4.0,4,0,0.0,116.71814611157735,2.334362922231547,0.6000073297739269,0.5046126486606647,8.02867622540847,8997
energy,power_kw_eps1.0,budget_absorption,1.0,8,1,8.0,4,0,0.0,59.17114155624582,1.1834228311249164,0.5033808338094379,0.4942758697343559,8.02867622540847,8997
energy,power_kw_eps1.0,budget_absorption,1.0,8,1,16.0,4,0,0.0,57.640725188408375,1.1528145037681674,0.473346992867148,0.4917194620429032,8.02867622540847,8997
energy,power_kw_eps1.0,budget_absorption,1.0,8,2,,4,0,0.0,57.640725188408375,1.1528145037681674,0.473346992867148,0.4917194620429032,8.02867622540847,8997
energy,power_kw_eps1.0,budget_absorption,1.0,8,2,4.0,4,0,0.0,116.71814611157735,2.334362922231547,0.6000073297739269,0.5046126486606647,8.02867622540847,8997
energy,power_kw_eps1.0,budget_absorption,1.0,8,2,8.0,4,0,0.0,59.17114155624582,1.1834228311249164,0.5033808338094379,0.4942758697343559,8.02867622540847,8997
energy,power_kw_eps1.0,budget_absorption,1.0,8,2,16.0,4,0,0.0,57.640725188408375,1.1528145037681674,0.473346992867148,0.4917194620429032,8.02867622540847,8997
energy,power_kw_eps1.0,budget_absorption,1.0,8,3,,4,0,0.0,57.640725188408375,1.1528145037681674,0.473346992867148,0.4917194620429032,8.02867622540847,8997
energy,power_kw_eps1.0,budget_absorption,1.0,8,3,4.0,4,0,0.0,116.71814611157735,2.334362922231547,0.6000073297739269,0.5046126486606647,8.02867622540847,8997
energy,power_kw_eps1.0,budget_absorption,1.0,8,3,8.0,4,0,0.0,59.17114155624582,1.1834228311249164,0.5033808338094379,0.4942758697343559,8.02867622540847,8997
energy,power_kw_eps1.0,budget_absorption,1.0,8,3,16.0,4,0,0.0,57.640725188408375,1.1528145037681674,0.473346992867148,0.4917194620429032,8.02867622540847,8997
energy,power_kw_eps1.0,budget_absorption,1.0,8,4,,4,0,0.0,57.640725188408375,1.1528145037681674,0.473346992867148,0.4917194620429032,8.02867622540847,8997
energy,power_kw_eps1.0,budget_absorption,1.0,8,4,4.0,4,0,0.0,116.71814611157735,2.334362922231547,0.6000073297739269,0.5046126486606647,8.02867622540847,8997
energy,power_kw_eps1.0,budget_absorption,1.0,8,4,8.0,4,0,0.0,59.17114155624582,1.1834228311249164,0.5033808338094379,0.4942758697343559,8.02867622540847,8997
energy,power_kw_eps1.0,budget_absorption,1.0,8,4,16.0,4,0,0.0,57.640725188408375,1.1528145037681674,0.473346992867148,0.4917194620429032,8.02867622540847,8997
energy,power_kw_eps1.0,budget_absorption,1.0,8,6,,4,0,0.0,57.640725188408375,1.1528145037681674,0.473346992867148,0.4917194620429032,8.02867622540847,8997
energy,power_kw_eps1.0,budget_absorption,1.0,8,6,8.0,4,0,0.0,59.17114155624582,1.1834228311249164,0.5033808338094379,0.4942758697343559,8.02867622540847,8997
energy,power_kw_eps1.0,budget_absorption,1.0,8,6,16.0,4,0,0.0,57.640725188408375,1.1528145037681674,0.473346992867148,0.4917194620429032,8.02867622540847,8997
energy,power_kw_eps1.0,budget_absorption,1.0,8,1,,4,2,0.0,57.309622610380714,1.1461924522076143,0.473346992867148,0.4934746235359732,8.05733407696598,8965
energy,power_kw_eps1.0,budget_absorption,1.0,8,1,4.0,4,2,0.0,117.00455765504542,2.3400911531009085,0.6000073297739269,0.5064138315672058,8.05733407696598,8965
energy,power_kw_eps1.0,budget_absorption,1.0,8,1,8.0,4,2,0.0,59.07375523288867,1.1814751046577734,0.5033808338094379,0.49604015616285557,8.05733407696598,8965
energy,power_kw_eps1.0,budget_absorption,1.0,8,1,16.0,4,2,0.0,57.309622610380714,1.1461924522076143,0.473346992867148,0.4934746235359732,8.05733407696598,8965
energy,power_kw_eps1.0,budget_absorption,1.0,8,2,,4,2,0.0,57.309622610380714,1.1461924522076143,0.473346992867148,0.4934746235359732,8.05733407696598,8965
energy,power_kw_eps1.0,budget_absorption,1.0,8,2,4.0,4,2,0.0,117.00455765504542,2.3400911531009085,0.6000073297739269,0.5064138315672058,8.05733407696598,8965
energy,power_kw_eps1.0,budget_absorption,1.0,8,2,8.0,4,2,0.0,59.07375523288867,1.1814751046577734,0.5033808338094379,0.49604015616285557,8.05733407696598,8965
energy,power_kw_eps1.0,budget_absorption,1.0,8,2,16.0,4,2,0.0,57.309622610380714,1.1461924522076143,0.473346992867148,0.4934746235359732,8.05733407696598,8965
energy,power_kw_eps1.0,budget_absorption,1.0,8,3,,4,2,0.0,57.309622610380714,1.1461924522076143,0.473346992867148,0.4934746235359732,8.05733407696598,8965
energy,power_kw_eps1.0,budget_absorption,1.0,8,3,4.0,4,2,0.0,117.00455765504542,2.3400911531009085,0.6000073297739269,0.5064138315672058,8.05733407696598,8965
energy,power_kw_eps1.0,budget_absorption,1.0,8,3,8.0,4,2,0.0,59.07375523288867,1.1814751046577734,0.5033808338094379,0.49604015616285557,8.05733407696598,8965
energy,power_kw_eps1.0,budget_absorption,1.0,8,3,16.0,4,2,0.0,57.309622610380714,1.1461924522076143,0.473346992867148,0.4934746235359732,8.05733407696598,8965
energy,power_kw_eps1.0,budget_absorption,1.0,8,4,,4,2,0.0,57.309622610380714,1.1461924522076143,0.473346992867148,0.4934746235359732,8.05733407696598,8965
energy,power_kw_eps1.0,budget_absorption,1.0,8,4,4.0,4,2,0.0,117.00455765504542,2.3400911531009085,0.6000073297739269,0.5064138315672058,8.05733407696598,8965
energy,power_kw_eps1.0,budget_absorption,1.0,8,4,8.0,4,2,0.0,59.07375523288867,1.1814751046577734,0.5033808338094379,0.49604015616285557,8.05733407696598,8965
energy,power_kw_eps1.0,budget_absorption,1.0,8,4,16.0,4,2,0.0,57.309622610380714,1.1461924522076143,0.473346992867148,0.4934746235359732,8.05733407696598,8965
energy,power_kw_eps1.0,budget_absorption,1.0,8,6,,4,2,0.0,57.309622610380714,1.1461924522076143,0.473346992867148,0.4934746235359732,8.05733407696598,8965
energy,power_kw_eps1.0,budget_absorption,1.0,8,6,8.0,4,2,0.0,59.07375523288867,1.1814751046577734,0.5033808338094379,0.49604015616285557,8.05733407696598,8965
energy,power_kw_eps1.0,budget_absorption,1.0,8,6,16.0,4,2,0.0,57.309622610380714,1.1461924522076143,0.473346992867148,0.4934746235359732,8.05733407696598,8965
energy,power_kw_eps1.0,budget_absorption,1.0,8,1,,4,4,0.0,57.25386552739265,1.145077310547853,0.473346992867148,0.49375,8.061830357142858,8960
energy,power_kw_eps1.0,budget_absorption,1.0,8,1,4.0,4,4,0.0,117.05199156917168,2.3410398313834335,0.6000073297739269,0.5066964285714286,8.061830357142858,8960
energy,power_kw_eps1.0,budget_absorption,1.0,8,1,8.0,4,4,0.0,59.061931352385464,1.1812386270477093,0.5033808338094379,0.4963169642857143,8.061830357142858,8960
energy,power_kw_eps1.0,budget_absorption,1.0,8,1,16.0,4,4,0.0,57.25386552739265,1.145077310547853,0.473346992867148,0.49375,8.061830357142858,8960
energy,power_kw_eps1.0,budget_absorption,1.0,8,2,,4,4,0.0,57.25386552739265,1.145077310547853,0.473346992867148,0.49375,8.061830357142858,8960
energy,power_kw_eps1.0,budget_absorption,1.0,8,2,4.0,4,4,0.0,117.05199156917168,2.3410398313834335,0.6000073297739269,0.5066964285714286,8.061830357142858,8960
energy,power_kw_eps1.0,budget_absorption,1.0,8,2,8.0,4,4,0.0,59.061931352385464,1.1812386270477093,0.5033808338094379,0.4963169642857143,8.061830357142858,8960
energy,power_kw_eps1.0,budget_absorption,1.0,8,2,16.0,4,4,0.0,57.25386552739265,1.145077310547853,0.473346992867148,0.49375,8.061830357142858,8960
energy,power_kw_eps1.0,budget_absorption,1.0,8,3,,4,4,0.0,57.25386552739265,1.145077310547853,0.473346992867148,0.49375,8.061830357142858,8960
energy,power_kw_eps1.0,budget_absorption,1.0,8,3,4.0,4,4,0.0,117.05199156917168,2.3410398313834335,0.6000073297739269,0.5066964285714286,8.061830357142858,8960
energy,power_kw_eps1.0,budget_absorption,1.0,8,3,8.0,4,4,0.0,59.061931352385464,1.1812386270477093,0.5033808338094379,0.4963169642857143,8.061830357142858,8960
energy,power_kw_eps1.0,budget_absorption,1.0,8,3,16.0,4,4,0.0,57.25386552739265,1.145077310547853,0.473346992867148,0.49375,8.061830357142858,8960
energy,power_kw_eps1.0,budget_absorption,1.0,8,4,,4,4,0.0,57.25386552739265,1.145077310547853,0.473346992867148,0.49375,8.061830357142858,8960
energy,power_kw_eps1.0,budget_absorption,1.0,8,4,4.0,4,4,0.0,117.05199156917168,2.3410398313834335,0.6000073297739269,0.5066964285714286,8.061830357142858,8960
energy,power_kw_eps1.0,budget_absorption,1.0,8,4,8.0,4,4,0.0,59.061931352385464,1.1812386270477093,0.5033808338094379,0.4963169642857143,8.061830357142858,8960
energy,power_kw_eps1.0,budget_absorption,1.0,8,4,16.0,4,4,0.0,57.25386552739265,1.145077310547853,0.473346992867148,0.49375,8.061830357142858,8960
energy,power_kw_eps1.0,budget_absorption,1.0,8,6,,4,4,0.0,57.25386552739265,1.145077310547853,0.473346992867148,0.49375,8.061830357142858,8960
energy,power_kw_eps1.0,budget_absorption,1.0,8,6,8.0,4,4,0.0,59.061931352385464,1.1812386270477093,0.5033808338094379,0.4963169642857143,8.061830357142858,8960
energy,power_kw_eps1.0,budget_absorption,1.0,8,6,16.0,4,4,0.0,57.25386552739265,1.145077310547853,0.473346992867148,0.49375,8.061830357142858,8960
energy,power_kw_eps1.0,p_gated_uniform,1.0,8,1,,1,0,0.0,50.49093545136026,1.009818709027205,0.9587642830478376,0.9944977073780742,7.827900514103098,35985
energy,power_kw_eps1.0,p_gated_uniform,1.0,8,1,4.0,1,0,0.0,98.63191517510252,1.9726383035020505,0.7266710041836097,0.9944977073780742,7.827900514103098,35985
energy,power_kw_eps1.0,p_gated_uniform,1.0,8,1,8.0,1,0,0.0,51.29374454173592,1.0258748908347184,0.9657805096760144,0.9944977073780742,7.827900514103098,35985
energy,power_kw_eps1.0,p_gated_uniform,1.0,8,1,16.0,1,0,0.0,50.49093545136026,1.009818709027205,0.9587642830478376,0.9944977073780742,7.827900514103098,35985
energy,power_kw_eps1.0,p_gated_uniform,1.0,8,2,,1,0,0.0,50.49093545136026,1.009818709027205,0.9587642830478376,0.9944977073780742,7.827900514103098,35985
energy,power_kw_eps1.0,p_gated_uniform,1.0,8,2,4.0,1,0,0.0,98.63191517510252,1.9726383035020505,0.7266710041836097,0.9944977073780742,7.827900514103098,35985
energy,power_kw_eps1.0,p_gated_uniform,1.0,8,2,8.0,1,0,0.0,51.29374454173592,1.0258748908347184,0.9657805096760144,0.9944977073780742,7.827900514103098,35985
energy,power_kw_eps1.0,p_gated_uniform,1.0,8,2,16.0,1,0,0.0,50.49093545136026,1.009818709027205,0.9587642830478376,0.9944977073780742,7.827900514103098,35985
energy,power_kw_eps1.0,p_gated_uniform,1.0,8,3,,1,0,0.0,50.49093545136026,1.009818709027205,0.9587642830478376,0.9944977073780742,7.827900514103098,35985
energy,power_kw_eps1.0,p_gated_uniform,1.0,8,3,4.0,1,0,0.0,98.63191517510252,1.9726383035020505,0.7266710041836097,0.9944977073780742,7.827900514103098,35985
energy,power_kw_eps1.0,p_gated_uniform,1.0,8,3,8.0,1,0,0.0,51.29374454173592,1.0258748908347184,0.9657805096760144,0.9944977073780742,7.827900514103098,35985
energy,power_kw_eps1.0,p_gated_uniform,1.0,8,3,16.0,1,0,0.0,50.49093545136026,1.009818709027205,0.9587642830478376,0.9944977073780742,7.827900514103098,35985
energy,power_kw_eps1.0,p_gated_uniform,1.0,8,4,,1,0,0.0,50.49093545136026,1.009818709027205,0.9587642830478376,0.9944977073780742,7.827900514103098,35985
energy,power_kw_eps1.0,p_gated_uniform,1.0,8,4,4.0,1,0,0.0,98.63191517510252,1.9726383035020505,0.7266710041836097,0.9944977073780742,7.827900514103098,35985
energy,power_kw_eps1.0,p_gated_uniform,1.0,8,4,8.0,1,0,0.0,51.29374454173592,1.0258748908347184,0.9657805096760144,0.9944977073780742,7.827900514103098,35985
energy,power_kw_eps1.0,p_gated_uniform,1.0,8,4,16.0,1,0,0.0,50.49093545136026,1.009818709027205,0.9587642830478376,0.9944977073780742,7.827900514103098,35985
energy,power_kw_eps1.0,p_gated_uniform,1.0,8,6,,1,0,0.0,50.49093545136026,1.009818709027205,0.9587642830478376,0.9944977073780742,7.827900514103098,35985
energy,power_kw_eps1.0,p_gated_uniform,1.0,8,6,8.0,1,0,0.0,51.29374454173592,1.0258748908347184,0.9657805096760144,0.9944977073780742,7.827900514103098,35985
energy,power_kw_eps1.0,p_gated_uniform,1.0,8,6,16.0,1,0,0.0,50.49093545136026,1.009818709027205,0.9587642830478376,0.9944977073780742,7.827900514103098,35985
energy,power_kw_eps1.0,p_gated_uniform,1.0,8,1,,1,2,0.0,50.52256842129277,1.0104513684258554,0.9587642830478376,0.9982705235850372,7.857597143574437,35849
energy,power_kw_eps1.0,p_gated_uniform,1.0,8,1,4.0,1,2,0.0,98.7196464837294,1.9743929296745881,0.7266710041836097,0.9982705235850372,7.857597143574437,35849
energy,power_kw_eps1.0,p_gated_uniform,1.0,8,1,8.0,1,2,0.0,51.3275979048151,1.026551958096302,0.9657805096760144,0.9982705235850372,7.857597143574437,35849
energy,power_kw_eps1.0,p_gated_uniform,1.0,8,1,16.0,1,2,0.0,50.52256842129277,1.0104513684258554,0.9587642830478376,0.9982705235850372,7.857597143574437,35849
energy,power_kw_eps1.0,p_gated_uniform,1.0,8,2,,1,2,0.0,50.52256842129277,1.0104513684258554,0.9587642830478376,0.9982705235850372,7.857597143574437,35849
energy,power_kw_eps1.0,p_gated_uniform,1.0,8,2,4.0,1,2,0.0,98.7196464837294,1.9743929296745881,0.7266710041836097,0.9982705235850372,7.857597143574437,35849
energy,power_kw_eps1.0,p_gated_uniform,1.0,8,2,8.0,1,2,0.0,51.3275979048151,1.026551958096302,0.9657805096760144,0.9982705235850372,7.857597143574437,35849
energy,power_kw_eps1.0,p_gated_uniform,1.0,8,2,16.0,1,2,0.0,50.52256842129277,1.0104513684258554,0.9587642830478376,0.9982705235850372,7.857597143574437,35849
energy,power_kw_eps1.0,p_gated_uniform,1.0,8,3,,1,2,0.0,50.52256842129277,1.0104513684258554,0.9587642830478376,0.9982705235850372,7.857597143574437,35849
energy,power_kw_eps1.0,p_gated_uniform,1.0,8,3,4.0,1,2,0.0,98.7196464837294,1.9743929296745881,0.7266710041836097,0.9982705235850372,7.857597143574437,35849
energy,power_kw_eps1.0,p_gated_uniform,1.0,8,3,8.0,1,2,0.0,51.3275979048151,1.026551958096302,0.9657805096760144,0.9982705235850372,7.857597143574437,35849
energy,power_kw_eps1.0,p_gated_uniform,1.0,8,3,16.0,1,2,0.0,50.52256842129277,1.0104513684258554,0.9587642830478376,0.9982705235850372,7.857597143574437,35849
energy,power_kw_eps1.0,p_gated_uniform,1.0,8,4,,1,2,0.0,50.52256842129277,1.0104513684258554,0.9587642830478376,0.9982705235850372,7.857597143574437,35849
energy,power_kw_eps1.0,p_gated_uniform,1.0,8,4,4.0,1,2,0.0,98.7196464837294,1.9743929296745881,0.7266710041836097,0.9982705235850372,7.857597143574437,35849
energy,power_kw_eps1.0,p_gated_uniform,1.0,8,4,8.0,1,2,0.0,51.3275979048151,1.026551958096302,0.9657805096760144,0.9982705235850372,7.857597143574437,35849
energy,power_kw_eps1.0,p_gated_uniform,1.0,8,4,16.0,1,2,0.0,50.52256842129277,1.0104513684258554,0.9587642830478376,0.9982705235850372,7.857597143574437,35849
energy,power_kw_eps1.0,p_gated_uniform,1.0,8,6,,1,2,0.0,50.52256842129277,1.0104513684258554,0.9587642830478376,0.9982705235850372,7.857597143574437,35849
energy,power_kw_eps1.0,p_gated_uniform,1.0,8,6,8.0,1,2,0.0,51.3275979048151,1.026551958096302,0.9657805096760144,0.9982705235850372,7.857597143574437,35849
energy,power_kw_eps1.0,p_gated_uniform,1.0,8,6,16.0,1,2,0.0,50.52256842129277,1.0104513684258554,0.9587642830478376,0.9982705235850372,7.857597143574437,35849
energy,power_kw_eps1.0,p_gated_uniform,1.0,8,1,,1,4,0.0,50.52743681609884,1.0105487363219767,0.9587642830478376,0.9989950590402814,7.86330011445161,35823
energy,power_kw_eps1.0,p_gated_uniform,1.0,8,1,4.0,1,4,0.0,98.73490343603598,1.9746980687207196,0.7266710041836097,0.9989950590402814,7.86330011445161,35823
energy,power_kw_eps1.0,p_gated_uniform,1.0,8,1,8.0,1,4,0.0,51.333050582528,1.0266610116505601,0.9657805096760144,0.9989950590402814,7.86330011445161,35823
energy,power_kw_eps1.0,p_gated_uniform,1.0,8,1,16.0,1,4,0.0,50.52743681609884,1.0105487363219767,0.9587642830478376,0.9989950590402814,7.86330011445161,35823
energy,power_kw_eps1.0,p_gated_uniform,1.0,8,2,,1,4,0.0,50.52743681609884,1.0105487363219767,0.9587642830478376,0.9989950590402814,7.86330011445161,35823
energy,power_kw_eps1.0,p_gated_uniform,1.0,8,2,4.0,1,4,0.0,98.73490343603598,1.9746980687207196,0.7266710041836097,0.9989950590402814,7.86330011445161,35823
energy,power_kw_eps1.0,p_gated_uniform,1.0,8,2,8.0,1,4,0.0,51.333050582528,1.0266610116505601,0.9657805096760144,0.9989950590402814,7.86330011445161,35823
energy,power_kw_eps1.0,p_gated_uniform,1.0,8,2,16.0,1,4,0.0,50.52743681609884,1.0105487363219767,0.9587642830478376,0.9989950590402814,7.86330011445161,35823
energy,power_kw_eps1.0,p_gated_uniform,1.0,8,3,,1,4,0.0,50.52743681609884,1.0105487363219767,0.9587642830478376,0.9989950590402814,7.86330011445161,35823
energy,power_kw_eps1.0,p_gated_uniform,1.0,8,3,4.0,1,4,0.0,98.73490343603598,1.9746980687207196,0.7266710041836097,0.9989950590402814,7.86330011445161,35823
energy,power_kw_eps1.0,p_gated_uniform,1.0,8,3,8.0,1,4,0.0,51.333050582528,1.0266610116505601,0.9657805096760144,0.9989950590402814,7.86330011445161,35823
energy,power_kw_eps1.0,p_gated_uniform,1.0,8,3,16.0,1,4,0.0,50.52743681609884,1.0105487363219767,0.9587642830478376,0.9989950590402814,7.86330011445161,35823
energy,power_kw_eps1.0,p_gated_uniform,1.0,8,4,,1,4,0.0,50.52743681609884,1.0105487363219767,0.9587642830478376,0.9989950590402814,7.86330011445161,35823
energy,power_kw_eps1.0,p_gated_uniform,1.0,8,4,4.0,1,4,0.0,98.73490343603598,1.9746980687207196,0.7266710041836097,0.9989950590402814,7.86330011445161,35823
energy,power_kw_eps1.0,p_gated_uniform,1.0,8,4,8.0,1,4,0.0,51.333050582528,1.0266610116505601,0.9657805096760144,0.9989950590402814,7.86330011445161,35823
energy,power_kw_eps1.0,p_gated_uniform,1.0,8,4,16.0,1,4,0.0,50.52743681609884,1.0105487363219767,0.9587642830478376,0.9989950590402814,7.86330011445161,35823
energy,power_kw_eps1.0,p_gated_uniform,1.0,8,6,,1,4,0.0,50.52743681609884,1.0105487363219767,0.9587642830478376,0.9989950590402814,7.86330011445161,35823
energy,power_kw_eps1.0,p_gated_uniform,1.0,8,6,8.0,1,4,0.0,51.333050582528,1.0266610116505601,0.9657805096760144,0.9989950590402814,7.86330011445161,35823
energy,power_kw_eps1.0,p_gated_uniform,1.0,8,6,16.0,1,4,0.0,50.52743681609884,1.0105487363219767,0.9587642830478376,0.9989950590402814,7.86330011445161,35823
energy,power_kw_eps1.0,p_gated_uniform,1.0,8,1,,2,0,0.0,50.18782449572809,1.0037564899145617,0.7350037125990733,0.9947757461234925,7.911187684099372,17993
energy,power_kw_eps1.0,p_gated_uniform,1.0,8,1,4.0,2,0,0.0,98.9061738648061,1.978123477296122,0.7290116429365794,0.9947757461234925,7.911187684099372,17993
energy,power_kw_eps1.0,p_gated_uniform,1.0,8,1,8.0,2,0,0.0,51.126295529085205,1.0225259105817042,0.7511003267349572,0.9947757461234925,7.911187684099372,17993
energy,power_kw_eps1.0,p_gated_uniform,1.0,8,1,16.0,2,0,0.0,50.18782449572809,1.0037564899145617,0.7350037125990733,0.9947757461234925,7.911187684099372,17993
energy,power_kw_eps1.0,p_gated_uniform,1.0,8,2,,2,0,0.0,50.18782449572809,1.0037564899145617,0.7350037125990733,0.9947757461234925,7.911187684099372,17993
energy,power_kw_eps1.0,p_gated_uniform,1.0,8,2,4.0,2,0,0.0,98.9061738648061,1.978123477296122,0.7290116429365794,0.9947757461234925,7.911187684099372,17993
energy,power_kw_eps1.0,p_gated_uniform,1.0,8,2,8.0,2,0,0.0,51.126295529085205,1.0225259105817042,0.7511003267349572,0.9947757461234925,7.911187684099372,17993
energy,power_kw_eps1.0,p_gated_uniform,1.0,8,2,16.0,2,0,0.0,50.18782449572809,1.0037564899145617,0.7350037125990733,0.9947757461234925,7.911187684099372,17993
energy,power_kw_eps1.0,p_gated_uniform,1.0,8,3,,2,0,0.0,50.18782449572809,1.0037564899145617,0.7350037125990733,0.9947757461234925,7.911187684099372,17993
energy,power_kw_eps1.0,p_gated_uniform,1.0,8,3,4.0,2,0,0.0,98.9061738648061,1.978123477296122,0.7290116429365794,0.9947757461234925,7.911187684099372,17993
energy,power_kw_eps1.0,p_gated_uniform,1.0,8,3,8.0,2,0,0.0,51.126295529085205,1.0225259105817042,0.7511003267349572,0.9947757461234925,7.911187684099372,17993
energy,power_kw_eps1.0,p_gated_uniform,1.0,8,3,16.0,2,0,0.0,50.18782449572809,1.0037564899145617,0.7350037125990733,0.9947757461234925,7.911187684099372,17993
energy,power_kw_eps1.0,p_gated_uniform,1.0,8,4,,2,0,0.0,50.18782449572809,1.0037564899145617,0.7350037125990733,0.9947757461234925,7.911187684099372,17993
energy,power_kw_eps1.0,p_gated_uniform,1.0,8,4,4.0,2,0,0.0,98.9061738648061,1.978123477296122,0.7290116429365794,0.9947757461234925,7.911187684099372,17993
energy,power_kw_eps1.0,p_gated_uniform,1.0,8,4,8.0,2,0,0.0,51.126295529085205,1.0225259105817042,0.7511003267349572,0.9947757461234925,7.911187684099372,17993
energy,power_kw_eps1.0,p_gated_uniform,1.0,8,4,16.0,2,0,0.0,50.18782449572809,1.0037564899145617,0.7350037125990733,0.9947757461234925,7.911187684099372,17993
energy,power_kw_eps1.0,p_gated_uniform,1.0,8,6,,2,0,0.0,50.18782449572809,1.0037564899145617,0.7350037125990733,0.9947757461234925,7.911187684099372,17993
energy,power_kw_eps1.0,p_gated_uniform,1.0,8,6,8.0,2,0,0.0,51.126295529085205,1.0225259105817042,0.7511003267349572,0.9947757461234925,7.911187684099372,17993
energy,power_kw_eps1.0,p_gated_uniform,1.0,8,6,16.0,2,0,0.0,50.18782449572809,1.0037564899145617,0.7350037125990733,0.9947757461234925,7.911187684099372,17993
energy,power_kw_eps1.0,p_gated_uniform,1.0,8,1,,2,2,0.0,50.162120477172216,1.0032424095434442,0.7350037125990733,0.998493807876827,7.940756443155194,17926
energy,power_kw_eps1.0,p_gated_uniform,1.0,8,1,4.0,2,2,0.0,98.8694507343161,1.977389014686322,0.7290116429365794,0.998493807876827,7.940756443155194,17926
energy,power_kw_eps1.0,p_gated_uniform,1.0,8,1,8.0,2,2,0.0,51.10314906905345,1.022062981381069,0.7511003267349572,0.998493807876827,7.940756443155194,17926
energy,power_kw_eps1.0,p_gated_uniform,1.0,8,1,16.0,2,2,0.0,50.162120477172216,1.0032424095434442,0.7350037125990733,0.998493807876827,7.940756443155194,17926
energy,power_kw_eps1.0,p_gated_uniform,1.0,8,2,,2,2,0.0,50.162120477172216,1.0032424095434442,0.7350037125990733,0.998493807876827,7.940756443155194,17926
energy,power_kw_eps1.0,p_gated_uniform,1.0,8,2,4.0,2,2,0.0,98.8694507343161,1.977389014686322,0.7290116429365794,0.998493807876827,7.940756443155194,17926
energy,power_kw_eps1.0,p_gated_uniform,1.0,8,2,8.0,2,2,0.0,51.10314906905345,1.022062981381069,0.7511003267349572,0.998493807876827,7.940756443155194,17926
energy,power_kw_eps1.0,p_gated_uniform,1.0,8,2,16.0,2,2,0.0,50.162120477172216,1.0032424095434442,0.7350037125990733,0.998493807876827,7.940756443155194,17926
energy,power_kw_eps1.0,p_gated_uniform,1.0,8,3,,2,2,0.0,50.162120477172216,1.0032424095434442,0.7350037125990733,0.998493807876827,7.940756443155194,17926
energy,power_kw_eps1.0,p_gated_uniform,1.0,8,3,4.0,2,2,0.0,98.8694507343161,1.977389014686322,0.7290116429365794,0.998493807876827,7.940756443155194,17926
energy,power_kw_eps1.0,p_gated_uniform,1.0,8,3,8.0,2,2,0.0,51.10314906905345,1.022062981381069,0.7511003267349572,0.998493807876827,7.940756443155194,17926
energy,power_kw_eps1.0,p_gated_uniform,1.0,8,3,16.0,2,2,0.0,50.162120477172216,1.0032424095434442,0.7350037125990733,0.998493807876827,7.940756443155194,17926
energy,power_kw_eps1.0,p_gated_uniform,1.0,8,4,,2,2,0.0,50.162120477172216,1.0032424095434442,0.7350037125990733,0.998493807876827,7.940756443155194,17926
energy,power_kw_eps1.0,p_gated_uniform,1.0,8,4,4.0,2,2,0.0,98.8694507343161,1.977389014686322,0.7290116429365794,0.998493807876827,7.940756443155194,17926
energy,power_kw_eps1.0,p_gated_uniform,1.0,8,4,8.0,2,2,0.0,51.10314906905345,1.022062981381069,0.7511003267349572,0.998493807876827,7.940756443155194,17926
energy,power_kw_eps1.0,p_gated_uniform,1.0,8,4,16.0,2,2,0.0,50.162120477172216,1.0032424095434442,0.7350037125990733,0.998493807876827,7.940756443155194,17926
energy,power_kw_eps1.0,p_gated_uniform,1.0,8,6,,2,2,0.0,50.162120477172216,1.0032424095434442,0.7350037125990733,0.998493807876827,7.940756443155194,17926
energy,power_kw_eps1.0,p_gated_uniform,1.0,8,6,8.0,2,2,0.0,51.10314906905345,1.022062981381069,0.7511003267349572,0.998493807876827,7.940756443155194,17926
energy,power_kw_eps1.0,p_gated_uniform,1.0,8,6,16.0,2,2,0.0,50.162120477172216,1.0032424095434442,0.7350037125990733,0.998493807876827,7.940756443155194,17926
energy,power_kw_eps1.0,p_gated_uniform,1.0,8,1,,2,4,0.0,50.152660936795506,1.00305321873591,0.7350037125990733,0.999106893664527,7.945632151828077,17915
energy,power_kw_eps1.0,p_gated_uniform,1.0,8,1,4.0,2,4,0.0,98.85445832439247,1.9770891664878494,0.7290116429365794,0.999106893664527,7.945632151828077,17915
energy,power_kw_eps1.0,p_gated_uniform,1.0,8,1,8.0,2,4,0.0,51.09426733021237,1.0218853466042475,0.7511003267349572,0.999106893664527,7.945632151828077,17915
energy,power_kw_eps1.0,p_gated_uniform,1.0,8,1,16.0,2,4,0.0,50.152660936795506,1.00305321873591,0.7350037125990733,0.999106893664527,7.945632151828077,17915
energy,power_kw_eps1.0,p_gated_uniform,1.0,8,2,,2,4,0.0,50.152660936795506,1.00305321873591,0.7350037125990733,0.999106893664527,7.945632151828077,17915
energy,power_kw_eps1.0,p_gated_uniform,1.0,8,2,4.0,2,4,0.0,98.85445832439247,1.9770891664878494,0.7290116429365794,0.999106893664527,7.945632151828077,17915
energy,power_kw_eps1.0,p_gated_uniform,1.0,8,2,8.0,2,4,0.0,51.09426733021237,1.0218853466042475,0.7511003267349572,0.999106893664527,7.945632151828077,17915
energy,power_kw_eps1.0,p_gated_uniform,1.0,8,2,16.0,2,4,0.0,50.152660936795506,1.00305321873591,0.7350037125990733,0.999106893664527,7.945632151828077,17915
energy,power_kw_eps1.0,p_gated_uniform,1.0,8,3,,2,4,0.0,50.152660936795506,1.00305321873591,0.7350037125990733,0.999106893664527,7.945632151828077,17915
energy,power_kw_eps1.0,p_gated_uniform,1.0,8,3,4.0,2,4,0.0,98.85445832439247,1.9770891664878494,0.7290116429365794,0.999106893664527,7.945632151828077,17915
energy,power_kw_eps1.0,p_gated_uniform,1.0,8,3,8.0,2,4,0.0,51.09426733021237,1.0218853466042475,0.7511003267349572,0.999106893664527,7.945632151828077,17915
energy,power_kw_eps1.0,p_gated_uniform,1.0,8,3,16.0,2,4,0.0,50.152660936795506,1.00305321873591,0.7350037125990733,0.999106893664527,7.945632151828077,17915
energy,power_kw_eps1.0,p_gated_uniform,1.0,8,4,,2,4,0.0,50.152660936795506,1.00305321873591,0.7350037125990733,0.999106893664527,7.945632151828077,17915
energy,power_kw_eps1.0,p_gated_uniform,1.0,8,4,4.0,2,4,0.0,98.85445832439247,1.9770891664878494,0.7290116429365794,0.999106893664527,7.945632151828077,17915
energy,power_kw_eps1.0,p_gated_uniform,1.0,8,4,8.0,2,4,0.0,51.09426733021237,1.0218853466042475,0.7511003267349572,0.999106893664527,7.945632151828077,17915
energy,power_kw_eps1.0,p_gated_uniform,1.0,8,4,16.0,2,4,0.0,50.152660936795506,1.00305321873591,0.7350037125990733,0.999106893664527,7.945632151828077,17915
energy,power_kw_eps1.0,p_gated_uniform,1.0,8,6,,2,4,0.0,50.152660936795506,1.00305321873591,0.7350037125990733,0.999106893664527,7.945632151828077,17915
energy,power_kw_eps1.0,p_gated_uniform,1.0,8,6,8.0,2,4,0.0,51.09426733021237,1.0218853466042475,0.7511003267349572,0.999106893664527,7.945632151828077,17915
energy,power_kw_eps1.0,p_gated_uniform,1.0,8,6,16.0,2,4,0.0,50.152660936795506,1.00305321873591,0.7350037125990733,0.999106893664527,7.945632151828077,17915
energy,power_kw_eps1.0,p_gated_uniform,1.0,8,1,,4,0,0.0,49.36795274849409,0.9873590549698819,0.825200584985855,0.9952206290985884,8.02867622540847,8997
energy,power_kw_eps1.0,p_gated_uniform,1.0,8,1,4.0,4,0,0.0,98.71524460811163,1.9743048921622326,0.8321432125304095,0.9952206290985884,8.02867622540847,8997
energy,power_kw_eps1.0,p_gated_uniform,1.0,8,1,8.0,4,0,0.0,50.62502065210308,1.0125004130420616,0.8442601226985815,0.9952206290985884,8.02867622540847,8997
energy,power_kw_eps1.0,p_gated_uniform,1.0,8,1,16.0,4,0,0.0,49.36795274849409,0.9873590549698819,0.825200584985855,0.9952206290985884,8.02867622540847,8997
energy,power_kw_eps1.0,p_gated_uniform,1.0,8,2,,4,0,0.0,49.36795274849409,0.9873590549698819,0.825200584985855,0.9952206290985884,8.02867622540847,8997
energy,power_kw_eps1.0,p_gated_uniform,1.0,8,2,4.0,4,0,0.0,98.71524460811163,1.9743048921622326,0.8321432125304095,0.9952206290985884,8.02867622540847,8997
energy,power_kw_eps1.0,p_gated_uniform,1.0,8,2,8.0,4,0,0.0,50.62502065210308,1.0125004130420616,0.8442601226985815,0.9952206290985884,8.02867622540847,8997
energy,power_kw_eps1.0,p_gated_uniform,1.0,8,2,16.0,4,0,0.0,49.36795274849409,0.9873590549698819,0.825200584985855,0.9952206290985884,8.02867622540847,8997
energy,power_kw_eps1.0,p_gated_uniform,1.0,8,3,,4,0,0.0,49.36795274849409,0.9873590549698819,0.825200584985855,0.9952206290985884,8.02867622540847,8997
energy,power_kw_eps1.0,p_gated_uniform,1.0,8,3,4.0,4,0,0.0,98.71524460811163,1.9743048921622326,0.8321432125304095,0.9952206290985884,8.02867622540847,8997
energy,power_kw_eps1.0,p_gated_uniform,1.0,8,3,8.0,4,0,0.0,50.62502065210308,1.0125004130420616,0.8442601226985815,0.9952206290985884,8.02867622540847,8997
energy,power_kw_eps1.0,p_gated_uniform,1.0,8,3,16.0,4,0,0.0,49.36795274849409,0.9873590549698819,0.825200584985855,0.9952206290985884,8.02867622540847,8997
energy,power_kw_eps1.0,p_gated_uniform,1.0,8,4,,4,0,0.0,49.36795274849409,0.9873590549698819,0.825200584985855,0.9952206290985884,8.02867622540847,8997
energy,power_kw_eps1.0,p_gated_uniform,1.0,8,4,4.0,4,0,0.0,98.71524460811163,1.9743048921622326,0.8321432125304095,0.9952206290985884,8.02867622540847,8997
energy,power_kw_eps1.0,p_gated_uniform,1.0,8,4,8.0,4,0,0.0,50.62502065210308,1.0125004130420616,0.8442601226985815,0.9952206290985884,8.02867622540847,8997
energy,power_kw_eps1.0,p_gated_uniform,1.0,8,4,16.0,4,0,0.0,49.36795274849409,0.9873590549698819,0.825200584985855,0.9952206290985884,8.02867622540847,8997
energy,power_kw_eps1.0,p_gated_uniform,1.0,8,6,,4,0,0.0,49.36795274849409,0.9873590549698819,0.825200584985855,0.9952206290985884,8.02867622540847,8997
energy,power_kw_eps1.0,p_gated_uniform,1.0,8,6,8.0,4,0,0.0,50.62502065210308,1.0125004130420616,0.8442601226985815,0.9952206290985884,8.02867622540847,8997
energy,power_kw_eps1.0,p_gated_uniform,1.0,8,6,16.0,4,0,0.0,49.36795274849409,0.9873590549698819,0.825200584985855,0.9952206290985884,8.02867622540847,8997
energy,power_kw_eps1.0,p_gated_uniform,1.0,8,1,,4,2,0.0,49.336540650846395,0.9867308130169279,0.825200584985855,0.9987730061349693,8.05733407696598,8965
energy,power_kw_eps1.0,p_gated_uniform,1.0,8,1,4.0,4,2,0.0,98.6647927451592,1.973295854903184,0.8321432125304095,0.9987730061349693,8.05733407696598,8965
energy,power_kw_eps1.0,p_gated_uniform,1.0,8,1,8.0,4,2,0.0,50.59411980745488,1.0118823961490977,0.8442601226985815,0.9987730061349693,8.05733407696598,8965
energy,power_kw_eps1.0,p_gated_uniform,1.0,8,1,16.0,4,2,0.0,49.336540650846395,0.9867308130169279,0.825200584985855,0.9987730061349693,8.05733407696598,8965
energy,power_kw_eps1.0,p_gated_uniform,1.0,8,2,,4,2,0.0,49.336540650846395,0.9867308130169279,0.825200584985855,0.9987730061349693,8.05733407696598,8965
energy,power_kw_eps1.0,p_gated_uniform,1.0,8,2,4.0,4,2,0.0,98.6647927451592,1.973295854903184,0.8321432125304095,0.9987730061349693,8.05733407696598,8965
energy,power_kw_eps1.0,p_gated_uniform,1.0,8,2,8.0,4,2,0.0,50.59411980745488,1.0118823961490977,0.8442601226985815,0.9987730061349693,8.05733407696598,8965
energy,power_kw_eps1.0,p_gated_uniform,1.0,8,2,16.0,4,2,0.0,49.336540650846395,0.9867308130169279,0.825200584985855,0.9987730061349693,8.05733407696598,8965
energy,power_kw_eps1.0,p_gated_uniform,1.0,8,3,,4,2,0.0,49.336540650846395,0.9867308130169279,0.825200584985855,0.9987730061349693,8.05733407696598,8965
energy,power_kw_eps1.0,p_gated_uniform,1.0,8,3,4.0,4,2,0.0,98.6647927451592,1.973295854903184,0.8321432125304095,0.9987730061349693,8.05733407696598,8965
energy,power_kw_eps1.0,p_gated_uniform,1.0,8,3,8.0,4,2,0.0,50.59411980745488,1.0118823961490977,0.8442601226985815,0.9987730061349693,8.05733407696598,8965
energy,power_kw_eps1.0,p_gated_uniform,1.0,8,3,16.0,4,2,0.0,49.336540650846395,0.9867308130169279,0.825200584985855,0.9987730061349693,8.05733407696598,8965
energy,power_kw_eps1.0,p_gated_uniform,1.0,8,4,,4,2,0.0,49.336540650846395,0.9867308130169279,0.825200584985855,0.9987730061349693,8.05733407696598,8965
energy,power_kw_eps1.0,p_gated_uniform,1.0,8,4,4.0,4,2,0.0,98.6647927451592,1.973295854903184,0.8321432125304095,0.9987730061349693,8.05733407696598,8965
energy,power_kw_eps1.0,p_gated_uniform,1.0,8,4,8.0,4,2,0.0,50.59411980745488,1.0118823961490977,0.8442601226985815,0.9987730061349693,8.05733407696598,8965
energy,power_kw_eps1.0,p_gated_uniform,1.0,8,4,16.0,4,2,0.0,49.336540650846395,0.9867308130169279,0.825200584985855,0.9987730061349693,8.05733407696598,8965
energy,power_kw_eps1.0,p_gated_uniform,1.0,8,6,,4,2,0.0,49.336540650846395,0.9867308130169279,0.825200584985855,0.9987730061349693,8.05733407696598,8965
energy,power_kw_eps1.0,p_gated_uniform,1.0,8,6,8.0,4,2,0.0,50.59411980745488,1.0118823961490977,0.8442601226985815,0.9987730061349693,8.05733407696598,8965
energy,power_kw_eps1.0,p_gated_uniform,1.0,8,6,16.0,4,2,0.0,49.336540650846395,0.9867308130169279,0.825200584985855,0.9987730061349693,8.05733407696598,8965
energy,power_kw_eps1.0,p_gated_uniform,1.0,8,1,,4,4,0.0,49.32868115478537,0.9865736230957074,0.825200584985855,0.9993303571428571,8.061830357142858,8960
energy,power_kw_eps1.0,p_gated_uniform,1.0,8,1,4.0,4,4,0.0,98.6506738910705,1.97301347782141,0.8321432125304095,0.9993303571428571,8.061830357142858,8960
energy,power_kw_eps1.0,p_gated_uniform,1.0,8,1,8.0,4,4,0.0,50.586962085476785,1.0117392417095357,0.8442601226985815,0.9993303571428571,8.061830357142858,8960
energy,power_kw_eps1.0,p_gated_uniform,1.0,8,1,16.0,4,4,0.0,49.32868115478537,0.9865736230957074,0.825200584985855,0.9993303571428571,8.061830357142858,8960
energy,power_kw_eps1.0,p_gated_uniform,1.0,8,2,,4,4,0.0,49.32868115478537,0.9865736230957074,0.825200584985855,0.9993303571428571,8.061830357142858,8960
energy,power_kw_eps1.0,p_gated_uniform,1.0,8,2,4.0,4,4,0.0,98.6506738910705,1.97301347782141,0.8321432125304095,0.9993303571428571,8.061830357142858,8960
energy,power_kw_eps1.0,p_gated_uniform,1.0,8,2,8.0,4,4,0.0,50.586962085476785,1.0117392417095357,0.8442601226985815,0.9993303571428571,8.061830357142858,8960
energy,power_kw_eps1.0,p_gated_uniform,1.0,8,2,16.0,4,4,0.0,49.32868115478537,0.9865736230957074,0.825200584985855,0.9993303571428571,8.061830357142858,8960
energy,power_kw_eps1.0,p_gated_uniform,1.0,8,3,,4,4,0.0,49.32868115478537,0.9865736230957074,0.825200584985855,0.9993303571428571,8.061830357142858,8960
energy,power_kw_eps1.0,p_gated_uniform,1.0,8,3,4.0,4,4,0.0,98.6506738910705,1.97301347782141,0.8321432125304095,0.9993303571428571,8.061830357142858,8960
energy,power_kw_eps1.0,p_gated_uniform,1.0,8,3,8.0,4,4,0.0,50.586962085476785,1.0117392417095357,0.8442601226985815,0.9993303571428571,8.061830357142858,8960
energy,power_kw_eps1.0,p_gated_uniform,1.0,8,3,16.0,4,4,0.0,49.32868115478537,0.9865736230957074,0.825200584985855,0.9993303571428571,8.061830357142858,8960
energy,power_kw_eps1.0,p_gated_uniform,1.0,8,4,,4,4,0.0,49.32868115478537,0.9865736230957074,0.825200584985855,0.9993303571428571,8.061830357142858,8960
energy,power_kw_eps1.0,p_gated_uniform,1.0,8,4,4.0,4,4,0.0,98.6506738910705,1.97301347782141,0.8321432125304095,0.9993303571428571,8.061830357142858,8960
energy,power_kw_eps1.0,p_gated_uniform,1.0,8,4,8.0,4,4,0.0,50.586962085476785,1.0117392417095357,0.8442601226985815,0.9993303571428571,8.061830357142858,8960
energy,power_kw_eps1.0,p_gated_uniform,1.0,8,4,16.0,4,4,0.0,49.32868115478537,0.9865736230957074,0.825200584985855,0.9993303571428571,8.061830357142858,8960
energy,power_kw_eps1.0,p_gated_uniform,1.0,8,6,,4,4,0.0,49.32868115478537,0.9865736230957074,0.825200584985855,0.9993303571428571,8.061830357142858,8960
energy,power_kw_eps1.0,p_gated_uniform,1.0,8,6,8.0,4,4,0.0,50.586962085476785,1.0117392417095357,0.8442601226985815,0.9993303571428571,8.061830357142858,8960
energy,power_kw_eps1.0,p_gated_uniform,1.0,8,6,16.0,4,4,0.0,49.32868115478537,0.9865736230957074,0.825200584985855,0.9993303571428571,8.061830357142858,8960
energy,power_kw_eps1.0,p_gated_sample,1.0,8,1,,1,0,0.0,6.285882620979269,0.12571765241958538,0.5998889203187985,0.1243851604835348,7.827900514103098,35985
energy,power_kw_eps1.0,p_gated_sample,1.0,8,1,4.0,1,0,0.0,12.281253827030548,0.24562507654061097,0.6762711031020585,0.1243851604835348,7.827900514103098,35985
energy,power_kw_eps1.0,p_gated_sample,1.0,8,1,8.0,1,0,0.0,6.386031226122721,0.12772062452245442,0.6109220094757034,0.1243851604835348,7.827900514103098,35985
energy,power_kw_eps1.0,p_gated_sample,1.0,8,1,16.0,1,0,0.0,6.285882620979269,0.12571765241958538,0.5998889203187985,0.1243851604835348,7.827900514103098,35985
energy,power_kw_eps1.0,p_gated_sample,1.0,8,2,,1,0,0.0,6.285882620979269,0.12571765241958538,0.5998889203187985,0.1243851604835348,7.827900514103098,35985
energy,power_kw_eps1.0,p_gated_sample,1.0,8,2,4.0,1,0,0.0,12.281253827030548,0.24562507654061097,0.6762711031020585,0.1243851604835348,7.827900514103098,35985
energy,power_kw_eps1.0,p_gated_sample,1.0,8,2,8.0,1,0,0.0,6.386031226122721,0.12772062452245442,0.6109220094757034,0.1243851604835348,7.827900514103098,35985
energy,power_kw_eps1.0,p_gated_sample,1.0,8,2,16.0,1,0,0.0,6.285882620979269,0.12571765241958538,0.5998889203187985,0.1243851604835348,7.827900514103098,35985
energy,power_kw_eps1.0,p_gated_sample,1.0,8,3,,1,0,0.0,6.285882620979269,0.12571765241958538,0.5998889203187985,0.1243851604835348,7.827900514103098,35985
energy,power_kw_eps1.0,p_gated_sample,1.0,8,3,4.0,1,0,0.0,12.281253827030548,0.24562507654061097,0.6762711031020585,0.1243851604835348,7.827900514103098,35985
energy,power_kw_eps1.0,p_gated_sample,1.0,8,3,8.0,1,0,0.0,6.386031226122721,0.12772062452245442,0.6109220094757034,0.1243851604835348,7.827900514103098,35985
energy,power_kw_eps1.0,p_gated_sample,1.0,8,3,16.0,1,0,0.0,6.285882620979269,0.12571765241958538,0.5998889203187985,0.1243851604835348,7.827900514103098,35985
energy,power_kw_eps1.0,p_gated_sample,1.0,8,4,,1,0,0.0,6.285882620979269,0.12571765241958538,0.5998889203187985,0.1243851604835348,7.827900514103098,35985
energy,power_kw_eps1.0,p_gated_sample,1.0,8,4,4.0,1,0,0.0,12.281253827030548,0.24562507654061097,0.6762711031020585,0.1243851604835348,7.827900514103098,35985
energy,power_kw_eps1.0,p_gated_sample,1.0,8,4,8.0,1,0,0.0,6.386031226122721,0.12772062452245442,0.6109220094757034,0.1243851604835348,7.827900514103098,35985
energy,power_kw_eps1.0,p_gated_sample,1.0,8,4,16.0,1,0,0.0,6.285882620979269,0.12571765241958538,0.5998889203187985,0.1243851604835348,7.827900514103098,35985
energy,power_kw_eps1.0,p_gated_sample,1.0,8,6,,1,0,0.0,6.285882620979269,0.12571765241958538,0.5998889203187985,0.1243851604835348,7.827900514103098,35985
energy,power_kw_eps1.0,p_gated_sample,1.0,8,6,8.0,1,0,0.0,6.386031226122721,0.12772062452245442,0.6109220094757034,0.1243851604835348,7.827900514103098,35985
energy,power_kw_eps1.0,p_gated_sample,1.0,8,6,16.0,1,0,0.0,6.285882620979269,0.12571765241958538,0.5998889203187985,0.1243851604835348,7.827900514103098,35985
energy,power_kw_eps1.0,p_gated_sample,1.0,8,1,,1,2,0.0,6.287698658368897,0.12575397316737794,0.6600059801116309,0.12480124968618371,7.857597143574437,35849
energy,power_kw_eps1.0,p_gated_sample,1.0,8,1,4.0,1,2,0.0,12.2885274938417,0.245770549876834,0.6767011709589377,0.12480124968618371,7.857597143574437,35849
energy,power_kw_eps1.0,p_gated_sample,1.0,8,1,8.0,1,2,0.0,6.3919845795125285,0.12783969159025058,0.6735120296282104,0.12480124968618371,7.857597143574437,35849
energy,power_kw_eps1.0,p_gated_sample,1.0,8,1,16.0,1,2,0.0,6.287698658368897,0.12575397316737794,0.6600059801116309,0.12480124968618371,7.857597143574437,35849
energy,power_kw_eps1.0,p_gated_sample,1.0,8,2,,1,2,0.0,6.287698658368897,0.12575397316737794,0.6600059801116309,0.12480124968618371,7.857597143574437,35849
energy,power_kw_eps1.0,p_gated_sample,1.0,8,2,4.0,1,2,0.0,12.2885274938417,0.245770549876834,0.6767011709589377,0.12480124968618371,7.857597143574437,35849
energy,power_kw_eps1.0,p_gated_sample,1.0,8,2,8.0,1,2,0.0,6.3919845795125285,0.12783969159025058,0.6735120296282104,0.12480124968618371,7.857597143574437,35849
energy,power_kw_eps1.0,p_gated_sample,1.0,8,2,16.0,1,2,0.0,6.287698658368897,0.12575397316737794,0.6600059801116309,0.12480124968618371,7.857597143574437,35849
energy,power_kw_eps1.0,p_gated_sample,1.0,8,3,,1,2,0.0,6.287698658368897,0.12575397316737794,0.6600059801116309,0.12480124968618371,7.857597143574437,35849
energy,power_kw_eps1.0,p_gated_sample,1.0,8,3,4.0,1,2,0.0,12.2885274938417,0.245770549876834,0.6767011709589377,0.12480124968618371,7.857597143574437,35849
energy,power_kw_eps1.0,p_gated_sample,1.0,8,3,8.0,1,2,0.0,6.3919845795125285,0.12783969159025058,0.6735120296282104,0.12480124968618371,7.857597143574437,35849
energy,power_kw_eps1.0,p_gated_sample,1.0,8,3,16.0,1,2,0.0,6.287698658368897,0.12575397316737794,0.6600059801116309,0.12480124968618371,7.857597143574437,35849
energy,power_kw_eps1.0,p_gated_sample,1.0,8,4,,1,2,0.0,6.287698658368897,0.12575397316737794,0.6600059801116309,0.12480124968618371,7.857597143574437,35849
energy,power_kw_eps1.0,p_gated_sample,1.0,8,4,4.0,1,2,0.0,12.2885274938417,0.245770549876834,0.6767011709589377,0.12480124968618371,7.857597143574437,35849
energy,power_kw_eps1.0,p_gated_sample,1.0,8,4,8.0,1,2,0.0,6.3919845795125285,0.12783969159025058,0.6735120296282104,0.12480124968618371,7.857597143574437,35849
energy,power_kw_eps1.0,p_gated_sample,1.0,8,4,16.0,1,2,0.0,6.287698658368897,0.12575397316737794,0.6600059801116309,0.12480124968618371,7.857597143574437,35849
energy,power_kw_eps1.0,p_gated_sample,1.0,8,6,,1,2,0.0,6.287698658368897,0.12575397316737794,0.6600059801116309,0.12480124968618371,7.857597143574437,35849
energy,power_kw_eps1.0,p_gated_sample,1.0,8,6,8.0,1,2,0.0,6.3919845795125285,0.12783969159025058,0.6735120296282104,0.12480124968618371,7.857597143574437,35849
energy,power_kw_eps1.0,p_gated_sample,1.0,8,6,16.0,1,2,0.0,6.287698658368897,0.12575397316737794,0.6600059801116309,0.12480124968618371,7.857597143574437,35849
energy,power_kw_eps1.0,p_gated_sample,1.0,8,1,,1,4,0.0,6.276292603149553,0.12552585206299105,0.7245196009739255,0.12491974429835581,7.86330011445161,35823
energy,power_kw_eps1.0,p_gated_sample,1.0,8,1,4.0,1,4,0.0,12.268315413652997,0.24536630827305994,0.67958159100344,0.12491974429835581,7.86330011445161,35823
energy,power_kw_eps1.0,p_gated_sample,1.0,8,1,8.0,1,4,0.0,6.377899020675871,0.12755798041351743,0.7332894001795578,0.12491974429835581,7.86330011445161,35823
energy,power_kw_eps1.0,p_gated_sample,1.0,8,1,16.0,1,4,0.0,6.276292603149553,0.12552585206299105,0.7245196009739255,0.12491974429835581,7.86330011445161,35823
energy,power_kw_eps1.0,p_gated_sample,1.0,8,2,,1,4,0.0,6.276292603149553,0.12552585206299105,0.7245196009739255,0.12491974429835581,7.86330011445161,35823
energy,power_kw_eps1.0,p_gated_sample,1.0,8,2,4.0,1,4,0.0,12.268315413652997,0.24536630827305994,0.67958159100344,0.12491974429835581,7.86330011445161,35823
energy,power_kw_eps1.0,p_gated_sample,1.0,8,2,8.0,1,4,0.0,6.377899020675871,0.12755798041351743,0.7332894001795578,0.12491974429835581,7.86330011445161,35823
energy,power_kw_eps1.0,p_gated_sample,1.0,8,2,16.0,1,4,0.0,6.276292603149553,0.12552585206299105,0.7245196009739255,0.12491974429835581,7.86330011445161,35823
energy,power_kw_eps1.0,p_gated_sample,1.0,8,3,,1,4,0.0,6.276292603149553,0.12552585206299105,0.7245196009739255,0.12491974429835581,7.86330011445161,35823
energy,power_kw_eps1.0,p_gated_sample,1.0,8,3,4.0,1,4,0.0,12.268315413652997,0.24536630827305994,0.67958159100344,0.12491974429835581,7.86330011445161,35823
energy,power_kw_eps1.0,p_gated_sample,1.0,8,3,8.0,1,4,0.0,6.377899020675871,0.12755798041351743,0.7332894001795578,0.12491974429835581,7.86330011445161,35823
energy,power_kw_eps1.0,p_gated_sample,1.0,8,3,16.0,1,4,0.0,6.276292603149553,0.12552585206299105,0.7245196009739255,0.12491974429835581,7.86330011445161,35823
energy,power_kw_eps1.0,p_gated_sample,1.0,8,4,,1,4,0.0,6.276292603149553,0.12552585206299105,0.7245196009739255,0.12491974429835581,7.86330011445161,35823
energy,power_kw_eps1.0,p_gated_sample,1.0,8,4,4.0,1,4,0.0,12.268315413652997,0.24536630827305994,0.67958159100344,0.12491974429835581,7.86330011445161,35823
energy,power_kw_eps1.0,p_gated_sample,1.0,8,4,8.0,1,4,0.0,6.377899020675871,0.12755798041351743,0.7332894001795578,0.12491974429835581,7.86330011445161,35823
energy,power_kw_eps1.0,p_gated_sample,1.0,8,4,16.0,1,4,0.0,6.276292603149553,0.12552585206299105,0.7245196009739255,0.12491974429835581,7.86330011445161,35823
energy,power_kw_eps1.0,p_gated_sample,1.0,8,6,,1,4,0.0,6.276292603149553,0.12552585206299105,0.7245196009739255,0.12491974429835581,7.86330011445161,35823
energy,power_kw_eps1.0,p_gated_sample,1.0,8,6,8.0,1,4,0.0,6.377899020675871,0.12755798041351743,0.7332894001795578,0.12491974429835581,7.86330011445161,35823
energy,power_kw_eps1.0,p_gated_sample,1.0,8,6,16.0,1,4,0.0,6.276292603149553,0.12552585206299105,0.7245196009739255,0.12491974429835581,7.86330011445161,35823
energy,power_kw_eps1.0,p_gated_sample,1.0,8,1,,2,0,0.0,6.236478785677104,0.12472957571354208,0.7463406596875103,0.12443728116489745,7.911187684099372,17993
energy,power_kw_eps1.0,p_gated_sample,1.0,8,1,4.0,2,0,0.0,12.344370256721268,0.24688740513442536,0.6917781274450784,0.12443728116489745,7.911187684099372,17993
energy,power_kw_eps1.0,p_gated_sample,1.0,8,1,8.0,2,0,0.0,6.371281396230254,0.12742562792460507,0.7128046917791474,0.12443728116489745,7.911187684099372,17993
energy,power_kw_eps1.0,p_gated_sample,1.0,8,1,16.0,2,0,0.0,6.236478785677104,0.12472957571354208,0.7463406596875103,0.12443728116489745,7.911187684099372,17993
energy,power_kw_eps1.0,p_gated_sample,1.0,8,2,,2,0,0.0,6.236478785677104,0.12472957571354208,0.7463406596875103,0.12443728116489745,7.911187684099372,17993
energy,power_kw_eps1.0,p_gated_sample,1.0,8,2,4.0,2,0,0.0,12.344370256721268,0.24688740513442536,0.6917781274450784,0.12443728116489745,7.911187684099372,17993
energy,power_kw_eps1.0,p_gated_sample,1.0,8,2,8.0,2,0,0.0,6.371281396230254,0.12742562792460507,0.7128046917791474,0.12443728116489745,7.911187684099372,17993
energy,power_kw_eps1.0,p_gated_sample,1.0,8,2,16.0,2,0,0.0,6.236478785677104,0.12472957571354208,0.7463406596875103,0.12443728116489745,7.911187684099372,17993
energy,power_kw_eps1.0,p_gated_sample,1.0,8,3,,2,0,0.0,6.236478785677104,0.12472957571354208,0.7463406596875103,0.12443728116489745,7.911187684099372,17993
energy,power_kw_eps1.0,p_gated_sample,1.0,8,3,4.0,2,0,0.0,12.344370256721268,0.24688740513442536,0.6917781274450784,0.12443728116489745,7.911187684099372,17993
energy,power_kw_eps1.0,p_gated_sample,1.0,8,3,8.0,2,0,0.0,6.371281396230254,0.12742562792460507,0.7128046917791474,0.12443728116489745,7.911187684099372,17993
energy,power_kw_eps1.0,p_gated_sample,1.0,8,3,16.0,2,0,0.0,6.236478785677104,0.12472957571354208,0.7463406596875103,0.12443728116489745,7.911187684099372,17993
energy,power_kw_eps1.0,p_gated_sample,1.0,8,4,,2,0,0.0,6.236478785677104,0.12472957571354208,0.7463406596875103,0.12443728116489745,7.911187684099372,17993
energy,power_kw_eps1.0,p_gated_sample,1.0,8,4,4.0,2,0,0.0,12.344370256721268,0.24688740513442536,0.6917781274450784,0.12443728116489745,7.911187684099372,17993
energy,power_kw_eps1.0,p_gated_sample,1.0,8,4,8.0,2,0,0.0,6.371281396230254,0.12742562792460507,0.7128046917791474,0.12443728116489745,7.911187684099372,17993
energy,power_kw_eps1.0,p_gated_sample,1.0,8,4,16.0,2,0,0.0,6.236478785677104,0.12472957571354208,0.7463406596875103,0.12443728116489745,7.911187684099372,17993
energy,power_kw_eps1.0,p_gated_sample,1.0,8,6,,2,0,0.0,6.236478785677104,0.12472957571354208,0.7463406596875103,0.12443728116489745,7.911187684099372,17993
energy,power_kw_eps1.0,p_gated_sample,1.0,8,6,8.0,2,0,0.0,6.371281396230254,0.12742562792460507,0.7128046917791474,0.12443728116489745,7.911187684099372,17993
energy,power_kw_eps1.0,p_gated_sample,1.0,8,6,16.0,2,0,0.0,6.236478785677104,0.12472957571354208,0.7463406596875103,0.12443728116489745,7.911187684099372,17993
energy,power_kw_eps1.0,p_gated_sample,1.0,8,1,,2,2,0.0,6.227679865926752,0.12455359731853503,1.0169772195622457,0.12484659154301016,7.940756443155194,17926
energy,power_kw_eps1.0,p_gated_sample,1.0,8,1,4.0,2,2,0.0,12.299112409146415,0.2459822481829283,0.6886394524366135,0.12484659154301016,7.940756443155194,17926
energy,power_kw_eps1.0,p_gated_sample,1.0,8,1,8.0,2,2,0.0,6.346867124465892,0.12693734248931784,0.7157711112005734,0.12484659154301016,7.940756443155194,17926
energy,power_kw_eps1.0,p_gated_sample,1.0,8,1,16.0,2,2,0.0,6.227679865926752,0.12455359731853503,1.0169772195622457,0.12484659154301016,7.940756443155194,17926
energy,power_kw_eps1.0,p_gated_sample,1.0,8,2,,2,2,0.0,6.227679865926752,0.12455359731853503,1.0169772195622457,0.12484659154301016,7.940756443155194,17926
energy,power_kw_eps1.0,p_gated_sample,1.0,8,2,4.0,2,2,0.0,12.299112409146415,0.2459822481829283,0.6886394524366135,0.12484659154301016,7.940756443155194,17926
energy,power_kw_eps1.0,p_gated_sample,1.0,8,2,8.0,2,2,0.0,6.346867124465892,0.12693734248931784,0.7157711112005734,0.12484659154301016,7.940756443155194,17926
energy,power_kw_eps1.0,p_gated_sample,1.0,8,2,16.0,2,2,0.0,6.227679865926752,0.12455359731853503,1.0169772195622457,0.12484659154301016,7.940756443155194,17926
energy,power_kw_eps1.0,p_gated_sample,1.0,8,3,,2,2,0.0,6.227679865926752,0.12455359731853503,1.0169772195622457,0.12484659154301016,7.940756443155194,17926
energy,power_kw_eps1.0,p_gated_sample,1.0,8,3,4.0,2,2,0.0,12.299112409146415,0.2459822481829283,0.6886394524366135,0.12484659154301016,7.940756443155194,17926
energy,power_kw_eps1.0,p_gated_sample,1.0,8,3,8.0,2,2,0.0,6.346867124465892,0.12693734248931784,0.7157711112005734,0.12484659154301016,7.940756443155194,17926
energy,power_kw_eps1.0,p_gated_sample,1.0,8,3,16.0,2,2,0.0,6.227679865926752,0.12455359731853503,1.0169772195622457,0.12484659154301016,7.940756443155194,17926
energy,power_kw_eps1.0,p_gated_sample,1.0,8,4,,2,2,0.0,6.227679865926752,0.12455359731853503,1.0169772195622457,0.12484659154301016,7.940756443155194,17926
energy,power_kw_eps1.0,p_gated_sample,1.0,8,4,4.0,2,2,0.0,12.299112409146415,0.2459822481829283,0.6886394524366135,0.12484659154301016,7.940756443155194,17926
energy,power_kw_eps1.0,p_gated_sample,1.0,8,4,8.0,2,2,0.0,6.346867124465892,0.12693734248931784,0.7157711112005734,0.12484659154301016,7.940756443155194,17926
energy,power_kw_eps1.0,p_gated_sample,1.0,8,4,16.0,2,2,0.0,6.227679865926752,0.12455359731853503,1.0169772195622457,0.12484659154301016,7.940756443155194,17926
energy,power_kw_eps1.0,p_gated_sample,1.0,8,6,,2,2,0.0,6.227679865926752,0.12455359731853503,1.0169772195622457,0.12484659154301016,7.940756443155194,17926
energy,power_kw_eps1.0,p_gated_sample,1.0,8,6,8.0,2,2,0.0,6.346867124465892,0.12693734248931784,0.7157711112005734,0.12484659154301016,7.940756443155194,17926
energy,power_kw_eps1.0,p_gated_sample,1.0,8,6,16.0,2,2,0.0,6.227679865926752,0.12455359731853503,1.0169772195622457,0.12484659154301016,7.940756443155194,17926
energy,power_kw_eps1.0,p_gated_sample,1.0,8,1,,2,4,0.0,6.217098315570552,0.12434196631141103,0.823076731029335,0.12486742952832822,7.945632151828077,17915
energy,power_kw_eps1.0,p_gated_sample,1.0,8,1,4.0,2,4,0.0,12.313534278652602,0.24627068557305204,0.6837281529310576,0.12486742952832822,7.945632151828077,17915
energy,power_kw_eps1.0,p_gated_sample,1.0,8,1,8.0,2,4,0.0,6.349473661325577,0.12698947322651155,0.7181867436045832,0.12486742952832822,7.945632151828077,17915
energy,power_kw_eps1.0,p_gated_sample,1.0,8,1,16.0,2,4,0.0,6.217098315570552,0.12434196631141103,0.823076731029335,0.12486742952832822,7.945632151828077,17915
energy,power_kw_eps1.0,p_gated_sample,1.0,8,2,,2,4,0.0,6.217098315570552,0.12434196631141103,0.823076731029335,0.12486742952832822,7.945632151828077,17915
energy,power_kw_eps1.0,p_gated_sample,1.0,8,2,4.0,2,4,0.0,12.313534278652602,0.24627068557305204,0.6837281529310576,0.12486742952832822,7.945632151828077,17915
energy,power_kw_eps1.0,p_gated_sample,1.0,8,2,8.0,2,4,0.0,6.349473661325577,0.12698947322651155,0.7181867436045832,0.12486742952832822,7.945632151828077,17915
energy,power_kw_eps1.0,p_gated_sample,1.0,8,2,16.0,2,4,0.0,6.217098315570552,0.12434196631141103,0.823076731029335,0.12486742952832822,7.945632151828077,17915
energy,power_kw_eps1.0,p_gated_sample,1.0,8,3,,2,4,0.0,6.217098315570552,0.12434196631141103,0.823076731029335,0.12486742952832822,7.945632151828077,17915
energy,power_kw_eps1.0,p_gated_sample,1.0,8,3,4.0,2,4,0.0,12.313534278652602,0.24627068557305204,0.6837281529310576,0.12486742952832822,7.945632151828077,17915
energy,power_kw_eps1.0,p_gated_sample,1.0,8,3,8.0,2,4,0.0,6.349473661325577,0.12698947322651155,0.7181867436045832,0.12486742952832822,7.945632151828077,17915
energy,power_kw_eps1.0,p_gated_sample,1.0,8,3,16.0,2,4,0.0,6.217098315570552,0.12434196631141103,0.823076731029335,0.12486742952832822,7.945632151828077,17915
energy,power_kw_eps1.0,p_gated_sample,1.0,8,4,,2,4,0.0,6.217098315570552,0.12434196631141103,0.823076731029335,0.12486742952832822,7.945632151828077,17915
energy,power_kw_eps1.0,p_gated_sample,1.0,8,4,4.0,2,4,0.0,12.313534278652602,0.24627068557305204,0.6837281529310576,0.12486742952832822,7.945632151828077,17915
energy,power_kw_eps1.0,p_gated_sample,1.0,8,4,8.0,2,4,0.0,6.349473661325577,0.12698947322651155,0.7181867436045832,0.12486742952832822,7.945632151828077,17915
energy,power_kw_eps1.0,p_gated_sample,1.0,8,4,16.0,2,4,0.0,6.217098315570552,0.12434196631141103,0.823076731029335,0.12486742952832822,7.945632151828077,17915
energy,power_kw_eps1.0,p_gated_sample,1.0,8,6,,2,4,0.0,6.217098315570552,0.12434196631141103,0.823076731029335,0.12486742952832822,7.945632151828077,17915
energy,power_kw_eps1.0,p_gated_sample,1.0,8,6,8.0,2,4,0.0,6.349473661325577,0.12698947322651155,0.7181867436045832,0.12486742952832822,7.945632151828077,17915
energy,power_kw_eps1.0,p_gated_sample,1.0,8,6,16.0,2,4,0.0,6.217098315570552,0.12434196631141103,0.823076731029335,0.12486742952832822,7.945632151828077,17915
energy,power_kw_eps1.0,p_gated_sample,1.0,8,1,,4,0,0.0,5.896114401697849,0.11792228803395698,0.8206012961377416,0.12459708791819496,8.02867622540847,8997
energy,power_kw_eps1.0,p_gated_sample,1.0,8,1,4.0,4,0,0.0,11.805230939642653,0.23610461879285308,0.8464865172218171,0.12459708791819496,8.02867622540847,8997
energy,power_kw_eps1.0,p_gated_sample,1.0,8,1,8.0,4,0,0.0,6.040219473626413,0.12080438947252826,0.8326641692266793,0.12459708791819496,8.02867622540847,8997
energy,power_kw_eps1.0,p_gated_sample,1.0,8,1,16.0,4,0,0.0,5.896114401697849,0.11792228803395698,0.8206012961377416,0.12459708791819496,8.02867622540847,8997
energy,power_kw_eps1.0,p_gated_sample,1.0,8,2,,4,0,0.0,5.896114401697849,0.11792228803395698,0.8206012961377416,0.12459708791819496,8.02867622540847,8997
energy,power_kw_eps1.0,p_gated_sample,1.0,8,2,4.0,4,0,0.0,11.805230939642653,0.23610461879285308,0.8464865172218171,0.12459708791819496,8.02867622540847,8997
energy,power_kw_eps1.0,p_gated_sample,1.0,8,2,8.0,4,0,0.0,6.040219473626413,0.12080438947252826,0.8326641692266793,0.12459708791819496,8.02867622540847,8997
energy,power_kw_eps1.0,p_gated_sample,1.0,8,2,16.0,4,0,0.0,5.896114401697849,0.11792228803395698,0.8206012961377416,0.12459708791819496,8.02867622540847,8997
energy,power_kw_eps1.0,p_gated_sample,1.0,8,3,,4,0,0.0,5.896114401697849,0.11792228803395698,0.8206012961377416,0.12459708791819496,8.02867622540847,8997
energy,power_kw_eps1.0,p_gated_sample,1.0,8,3,4.0,4,0,0.0,11.805230939642653,0.23610461879285308,0.8464865172218171,0.12459708791819496,8.02867622540847,8997
energy,power_kw_eps1.0,p_gated_sample,1.0,8,3,8.0,4,0,0.0,6.040219473626413,0.12080438947252826,0.8326641692266793,0.12459708791819496,8.02867622540847,8997
energy,power_kw_eps1.0,p_gated_sample,1.0,8,3,16.0,4,0,0.0,5.896114401697849,0.11792228803395698,0.8206012961377416,0.12459708791819496,8.02867622540847,8997
energy,power_kw_eps1.0,p_gated_sample,1.0,8,4,,4,0,0.0,5.896114401697849,0.11792228803395698,0.8206012961377416,0.12459708791819496,8.02867622540847,8997
energy,power_kw_eps1.0,p_gated_sample,1.0,8,4,4.0,4,0,0.0,11.805230939642653,0.23610461879285308,0.8464865172218171,0.12459708791819496,8.02867622540847,8997
energy,power_kw_eps1.0,p_gated_sample,1.0,8,4,8.0,4,0,0.0,6.040219473626413,0.12080438947252826,0.8326641692266793,0.12459708791819496,8.02867622540847,8997
energy,power_kw_eps1.0,p_gated_sample,1.0,8,4,16.0,4,0,0.0,5.896114401697849,0.11792228803395698,0.8206012961377416,0.12459708791819496,8.02867622540847,8997
energy,power_kw_eps1.0,p_gated_sample,1.0,8,6,,4,0,0.0,5.896114401697849,0.11792228803395698,0.8206012961377416,0.12459708791819496,8.02867622540847,8997
energy,power_kw_eps1.0,p_gated_sample,1.0,8,6,8.0,4,0,0.0,6.040219473626413,0.12080438947252826,0.8326641692266793,0.12459708791819496,8.02867622540847,8997
energy,power_kw_eps1.0,p_gated_sample,1.0,8,6,16.0,4,0,0.0,5.896114401697849,0.11792228803395698,0.8206012961377416,0.12459708791819496,8.02867622540847,8997
energy,power_kw_eps1.0,p_gated_sample,1.0,8,1,,4,2,0.0,5.9181987545823915,0.11836397509164782,0.8171769014485619,0.1249302844394869,8.05733407696598,8965
energy,power_kw_eps1.0,p_gated_sample,1.0,8,1,4.0,4,2,0.0,11.82068391351763,0.23641367827035262,0.8519434360830265,0.1249302844394869,8.05733407696598,8965
energy,power_kw_eps1.0,p_gated_sample,1.0,8,1,8.0,4,2,0.0,6.061996719618741,0.12123993439237482,0.8335940655363089,0.1249302844394869,8.05733407696598,8965
energy,power_kw_eps1.0,p_gated_sample,1.0,8,1,16.0,4,2,0.0,5.9181987545823915,0.11836397509164782,0.8171769014485619,0.1249302844394869,8.05733407696598,8965
energy,power_kw_eps1.0,p_gated_sample,1.0,8,2,,4,2,0.0,5.9181987545823915,0.11836397509164782,0.8171769014485619,0.1249302844394869,8.05733407696598,8965
energy,power_kw_eps1.0,p_gated_sample,1.0,8,2,4.0,4,2,0.0,11.82068391351763,0.23641367827035262,0.8519434360830265,0.1249302844394869,8.05733407696598,8965
energy,power_kw_eps1.0,p_gated_sample,1.0,8,2,8.0,4,2,0.0,6.061996719618741,0.12123993439237482,0.8335940655363089,0.1249302844394869,8.05733407696598,8965
energy,power_kw_eps1.0,p_gated_sample,1.0,8,2,16.0,4,2,0.0,5.9181987545823915,0.11836397509164782,0.8171769014485619,0.1249302844394869,8.05733407696598,8965
energy,power_kw_eps1.0,p_gated_sample,1.0,8,3,,4,2,0.0,5.9181987545823915,0.11836397509164782,0.8171769014485619,0.1249302844394869,8.05733407696598,8965
energy,power_kw_eps1.0,p_gated_sample,1.0,8,3,4.0,4,2,0.0,11.82068391351763,0.23641367827035262,0.8519434360830265,0.1249302844394869,8.05733407696598,8965
energy,power_kw_eps1.0,p_gated_sample,1.0,8,3,8.0,4,2,0.0,6.061996719618741,0.12123993439237482,0.8335940655363089,0.1249302844394869,8.05733407696598,8965
energy,power_kw_eps1.0,p_gated_sample,1.0,8,3,16.0,4,2,0.0,5.9181987545823915,0.11836397509164782,0.8171769014485619,0.1249302844394869,8.05733407696598,8965
energy,power_kw_eps1.0,p_gated_sample,1.0,8,4,,4,2,0.0,5.9181987545823915,0.11836397509164782,0.8171769014485619,0.1249302844394869,8.05733407696598,8965
energy,power_kw_eps1.0,p_gated_sample,1.0,8,4,4.0,4,2,0.0,11.82068391351763,0.23641367827035262,0.8519434360830265,0.1249302844394869,8.05733407696598,8965
energy,power_kw_eps1.0,p_gated_sample,1.0,8,4,8.0,4,2,0.0,6.061996719618741,0.12123993439237482,0.8335940655363089,0.1249302844394869,8.05733407696598,8965
energy,power_kw_eps1.0,p_gated_sample,1.0,8,4,16.0,4,2,0.0,5.9181987545823915,0.11836397509164782,0.8171769014485619,0.1249302844394869,8.05733407696598,8965
energy,power_kw_eps1.0,p_gated_sample,1.0,8,6,,4,2,0.0,5.9181987545823915,0.11836397509164782,0.8171769014485619,0.1249302844394869,8.05733407696598,8965
energy,power_kw_eps1.0,p_gated_sample,1.0,8,6,8.0,4,2,0.0,6.061996719618741,0.12123993439237482,0.8335940655363089,0.1249302844394869,8.05733407696598,8965
energy,power_kw_eps1.0,p_gated_sample,1.0,8,6,16.0,4,2,0.0,5.9181987545823915,0.11836397509164782,0.8171769014485619,0.1249302844394869,8.05733407696598,8965
energy,power_kw_eps1.0,p_gated_sample,1.0,8,1,,4,4,0.0,5.8846374956445535,0.11769274991289107,0.816720185603719,0.12488839285714286,8.061830357142858,8960
energy,power_kw_eps1.0,p_gated_sample,1.0,8,1,4.0,4,4,0.0,11.828067878770556,0.2365613575754111,0.8489333085015676,0.12488839285714286,8.061830357142858,8960
energy,power_kw_eps1.0,p_gated_sample,1.0,8,1,8.0,4,4,0.0,6.056597992974717,0.12113195985949433,0.8349968787467064,0.12488839285714286,8.061830357142858,8960
energy,power_kw_eps1.0,p_gated_sample,1.0,8,1,16.0,4,4,0.0,5.8846374956445535,0.11769274991289107,0.816720185603719,0.12488839285714286,8.061830357142858,8960
energy,power_kw_eps1.0,p_gated_sample,1.0,8,2,,4,4,0.0,5.8846374956445535,0.11769274991289107,0.816720185603719,0.12488839285714286,8.061830357142858,8960
energy,power_kw_eps1.0,p_gated_sample,1.0,8,2,4.0,4,4,0.0,11.828067878770556,0.2365613575754111,0.8489333085015676,0.12488839285714286,8.061830357142858,8960
energy,power_kw_eps1.0,p_gated_sample,1.0,8,2,8.0,4,4,0.0,6.056597992974717,0.12113195985949433,0.8349968787467064,0.12488839285714286,8.061830357142858,8960
energy,power_kw_eps1.0,p_gated_sample,1.0,8,2,16.0,4,4,0.0,5.8846374956445535,0.11769274991289107,0.816720185603719,0.12488839285714286,8.061830357142858,8960
energy,power_kw_eps1.0,p_gated_sample,1.0,8,3,,4,4,0.0,5.8846374956445535,0.11769274991289107,0.816720185603719,0.12488839285714286,8.061830357142858,8960
energy,power_kw_eps1.0,p_gated_sample,1.0,8,3,4.0,4,4,0.0,11.828067878770556,0.2365613575754111,0.8489333085015676,0.12488839285714286,8.061830357142858,8960
energy,power_kw_eps1.0,p_gated_sample,1.0,8,3,8.0,4,4,0.0,6.056597992974717,0.12113195985949433,0.8349968787467064,0.12488839285714286,8.061830357142858,8960
energy,power_kw_eps1.0,p_gated_sample,1.0,8,3,16.0,4,4,0.0,5.8846374956445535,0.11769274991289107,0.816720185603719,0.12488839285714286,8.061830357142858,8960
energy,power_kw_eps1.0,p_gated_sample,1.0,8,4,,4,4,0.0,5.8846374956445535,0.11769274991289107,0.816720185603719,0.12488839285714286,8.061830357142858,8960
energy,power_kw_eps1.0,p_gated_sample,1.0,8,4,4.0,4,4,0.0,11.828067878770556,0.2365613575754111,0.8489333085015676,0.12488839285714286,8.061830357142858,8960
energy,power_kw_eps1.0,p_gated_sample,1.0,8,4,8.0,4,4,0.0,6.056597992974717,0.12113195985949433,0.8349968787467064,0.12488839285714286,8.061830357142858,8960
energy,power_kw_eps1.0,p_gated_sample,1.0,8,4,16.0,4,4,0.0,5.8846374956445535,0.11769274991289107,0.816720185603719,0.12488839285714286,8.061830357142858,8960
energy,power_kw_eps1.0,p_gated_sample,1.0,8,6,,4,4,0.0,5.8846374956445535,0.11769274991289107,0.816720185603719,0.12488839285714286,8.061830357142858,8960
energy,power_kw_eps1.0,p_gated_sample,1.0,8,6,8.0,4,4,0.0,6.056597992974717,0.12113195985949433,0.8349968787467064,0.12488839285714286,8.061830357142858,8960
energy,power_kw_eps1.0,p_gated_sample,1.0,8,6,16.0,4,4,0.0,5.8846374956445535,0.11769274991289107,0.816720185603719,0.12488839285714286,8.061830357142858,8960
energy,power_kw_eps1.0,p_gated_ba,1.0,8,1,,1,0,0.0,59.531143570240324,1.1906228714048064,0.83541688161447,0.4981797971376963,7.827900514103098,35985
energy,power_kw_eps1.0,p_gated_ba,1.0,8,1,4.0,1,0,0.0,117.45183026548824,2.349036605309765,0.6144932615806176,0.511101847992219,7.827900514103098,35985
energy,power_kw_eps1.0,p_gated_ba,1.0,8,1,8.0,1,0,0.0,60.57505796909202,1.2115011593818403,0.48418592672946226,0.4987633736279005,7.827900514103098,35985
energy,power_kw_eps1.0,p_gated_ba,1.0,8,1,16.0,1,0,0.0,59.531143570240324,1.1906228714048064,0.83541688161447,0.4981797971376963,7.827900514103098,35985
energy,power_kw_eps1.0,p_gated_ba,1.0,8,2,,1,0,0.0,59.531143570240324,1.1906228714048064,0.83541688161447,0.4981797971376963,7.827900514103098,35985
energy,power_kw_eps1.0,p_gated_ba,1.0,8,2,4.0,1,0,0.0,117.45183026548824,2.349036605309765,0.6144932615806176,0.511101847992219,7.827900514103098,35985
energy,power_kw_eps1.0,p_gated_ba,1.0,8,2,8.0,1,0,0.0,60.57505796909202,1.2115011593818403,0.48418592672946226,0.4987633736279005,7.827900514103098,35985
energy,power_kw_eps1.0,p_gated_ba,1.0,8,2,16.0,1,0,0.0,59.531143570240324,1.1906228714048064,0.83541688161447,0.4981797971376963,7.827900514103098,35985
energy,power_kw_eps1.0,p_gated_ba,1.0,8,3,,1,0,0.0,59.531143570240324,1.1906228714048064,0.83541688161447,0.4981797971376963,7.827900514103098,35985
energy,power_kw_eps1.0,p_gated_ba,1.0,8,3,4.0,1,0,0.0,117.45183026548824,2.349036605309765,0.6144932615806176,0.511101847992219,7.827900514103098,35985
energy,power_kw_eps1.0,p_gated_ba,1.0,8,3,8.0,1,0,0.0,60.57505796909202,1.2115011593818403,0.48418592672946226,0.4987633736279005,7.827900514103098,35985
energy,power_kw_eps1.0,p_gated_ba,1.0,8,3,16.0,1,0,0.0,59.531143570240324,1.1906228714048064,0.83541688161447,0.4981797971376963,7.827900514103098,35985
energy,power_kw_eps1.0,p_gated_ba,1.0,8,4,,1,0,0.0,59.531143570240324,1.1906228714048064,0.83541688161447,0.4981797971376963,7.827900514103098,35985
energy,power_kw_eps1.0,p_gated_ba,1.0,8,4,4.0,1,0,0.0,117.45183026548824,2.349036605309765,0.6144932615806176,0.511101847992219,7.827900514103098,35985
energy,power_kw_eps1.0,p_gated_ba,1.0,8,4,8.0,1,0,0.0,60.57505796909202,1.2115011593818403,0.48418592672946226,0.4987633736279005,7.827900514103098,35985
energy,power_kw_eps1.0,p_gated_ba,1.0,8,4,16.0,1,0,0.0,59.531143570240324,1.1906228714048064,0.83541688161447,0.4981797971376963,7.827900514103098,35985
energy,power_kw_eps1.0,p_gated_ba,1.0,8,6,,1,0,0.0,59.531143570240324,1.1906228714048064,0.83541688161447,0.4981797971376963,7.827900514103098,35985
energy,power_kw_eps1.0,p_gated_ba,1.0,8,6,8.0,1,0,0.0,60.57505796909202,1.2115011593818403,0.48418592672946226,0.4987633736279005,7.827900514103098,35985
energy,power_kw_eps1.0,p_gated_ba,1.0,8,6,16.0,1,0,0.0,59.531143570240324,1.1906228714048064,0.83541688161447,0.4981797971376963,7.827900514103098,35985
energy,power_kw_eps1.0,p_gated_ba,1.0,8,1,,1,2,0.0,59.43253534137123,1.1886507068274246,0.83541688161447,0.5000697369522162,7.857597143574437,35849
energy,power_kw_eps1.0,p_gated_ba,1.0,8,1,4.0,1,2,0.0,117.78986221474176,2.3557972442948354,0.6144932615806176,0.5130408100644369,7.857597143574437,35849
energy,power_kw_eps1.0,p_gated_ba,1.0,8,1,8.0,1,2,0.0,60.44920971176844,1.2089841942353687,0.48418592672946226,0.5006555273508326,7.857597143574437,35849
energy,power_kw_eps1.0,p_gated_ba,1.0,8,1,16.0,1,2,0.0,59.43253534137123,1.1886507068274246,0.83541688161447,0.5000697369522162,7.857597143574437,35849
energy,power_kw_eps1.0,p_gated_ba,1.0,8,2,,1,2,0.0,59.43253534137123,1.1886507068274246,0.83541688161447,0.5000697369522162,7.857597143574437,35849
energy,power_kw_eps1.0,p_gated_ba,1.0,8,2,4.0,1,2,0.0,117.78986221474176,2.3557972442948354,0.6144932615806176,0.5130408100644369,7.857597143574437,35849
energy,power_kw_eps1.0,p_gated_ba,1.0,8,2,8.0,1,2,0.0,60.44920971176844,1.2089841942353687,0.48418592672946226,0.5006555273508326,7.857597143574437,35849
energy,power_kw_eps1.0,p_gated_ba,1.0,8,2,16.0,1,2,0.0,59.43253534137123,1.1886507068274246,0.83541688161447,0.5000697369522162,7.857597143574437,35849
energy,power_kw_eps1.0,p_gated_ba,1.0,8,3,,1,2,0.0,59.43253534137123,1.1886507068274246,0.83541688161447,0.5000697369522162,7.857597143574437,35849
energy,power_kw_eps1.0,p_gated_ba,1.0,8,3,4.0,1,2,0.0,117.78986221474176,2.3557972442948354,0.6144932615806176,0.5130408100644369,7.857597143574437,35849
energy,power_kw_eps1.0,p_gated_ba,1.0,8,3,8.0,1,2,0.0,60.44920971176844,1.2089841942353687,0.48418592672946226,0.5006555273508326,7.857597143574437,35849
energy,power_kw_eps1.0,p_gated_ba,1.0,8,3,16.0,1,2,0.0,59.43253534137123,1.1886507068274246,0.83541688161447,0.5000697369522162,7.857597143574437,35849
energy,power_kw_eps1.0,p_gated_ba,1.0,8,4,,1,2,0.0,59.43253534137123,1.1886507068274246,0.83541688161447,0.5000697369522162,7.857597143574437,35849
energy,power_kw_eps1.0,p_gated_ba,1.0,8,4,4.0,1,2,0.0,117.78986221474176,2.3557972442948354,0.6144932615806176,0.5130408100644369,7.857597143574437,35849
energy,power_kw_eps1.0,p_gated_ba,1.0,8,4,8.0,1,2,0.0,60.44920971176844,1.2089841942353687,0.48418592672946226,0.5006555273508326,7.857597143574437,35849
energy,power_kw_eps1.0,p_gated_ba,1.0,8,4,16.0,1,2,0.0,59.43253534137123,1.1886507068274246,0.83541688161447,0.5000697369522162,7.857597143574437,35849
energy,power_kw_eps1.0,p_gated_ba,1.0,8,6,,1,2,0.0,59.43253534137123,1.1886507068274246,0.83541688161447,0.5000697369522162,7.857597143574437,35849
energy,power_kw_eps1.0,p_gated_ba,1.0,8,6,8.0,1,2,0.0,60.44920971176844,1.2089841942353687,0.48418592672946226,0.5006555273508326,7.857597143574437,35849
energy,power_kw_eps1.0,p_gated_ba,1.0,8,6,16.0,1,2,0.0,59.43253534137123,1.1886507068274246,0.83541688161447,0.5000697369522162,7.857597143574437,35849
energy,power_kw_eps1.0,p_gated_ba,1.0,8,1,,1,4,0.0,59.41151977411373,1.1882303954822746,0.83541688161447,0.5004326829132122,7.86330011445161,35823
energy,power_kw_eps1.0,p_gated_ba,1.0,8,1,4.0,1,4,0.0,117.85576854587815,2.357115370917563,0.6144932615806176,0.5134131703095777,7.86330011445161,35823
energy,power_kw_eps1.0,p_gated_ba,1.0,8,1,8.0,1,4,0.0,60.42869135975314,1.2085738271950628,0.48418592672946226,0.501018898473048,7.86330011445161,35823
energy,power_kw_eps1.0,p_gated_ba,1.0,8,1,16.0,1,4,0.0,59.41151977411373,1.1882303954822746,0.83541688161447,0.5004326829132122,7.86330011445161,35823
energy,power_kw_eps1.0,p_gated_ba,1.0,8,2,,1,4,0.0,59.41151977411373,1.1882303954822746,0.83541688161447,0.5004326829132122,7.86330011445161,35823
energy,power_kw_eps1.0,p_gated_ba,1.0,8,2,4.0,1,4,0.0,117.85576854587815,2.357115370917563,0.6144932615806176,0.5134131703095777,7.86330011445161,35823
energy,power_kw_eps1.0,p_gated_ba,1.0,8,2,8.0,1,4,0.0,60.42869135975314,1.2085738271950628,0.48418592672946226,0.501018898473048,7.86330011445161,35823
energy,power_kw_eps1.0,p_gated_ba,1.0,8,2,16.0,1,4,0.0,59.41151977411373,1.1882303954822746,0.83541688161447,0.5004326829132122,7.86330011445161,35823
energy,power_kw_eps1.0,p_gated_ba,1.0,8,3,,1,4,0.0,59.41151977411373,1.1882303954822746,0.83541688161447,0.5004326829132122,7.86330011445161,35823
energy,power_kw_eps1.0,p_gated_ba,1.0,8,3,4.0,1,4,0.0,117.85576854587815,2.357115370917563,0.6144932615806176,0.5134131703095777,7.86330011445161,35823
energy,power_kw_eps1.0,p_gated_ba,1.0,8,3,8.0,1,4,0.0,60.42869135975314,1.2085738271950628,0.48418592672946226,0.501018898473048,7.86330011445161,35823
energy,power_kw_eps1.0,p_gated_ba,1.0,8,3,16.0,1,4,0.0,59.41151977411373,1.1882303954822746,0.83541688161447,0.5004326829132122,7.86330011445161,35823
energy,power_kw_eps1.0,p_gated_ba,1.0,8,4,,1,4,0.0,59.41151977411373,1.1882303954822746,0.83541688161447,0.5004326829132122,7.86330011445161,35823
energy,power_kw_eps1.0,p_gated_ba,1.0,8,4,4.0,1,4,0.0,117.85576854587815,2.357115370917563,0.6144932615806176,0.5134131703095777,7.86330011445161,35823
energy,power_kw_eps1.0,p_gated_ba,1.0,8,4,8.0,1,4,0.0,60.42869135975314,1.2085738271950628,0.48418592672946226,0.501018898473048,7.86330011445161,35823
energy,power_kw_eps1.0,p_gated_ba,1.0,8,4,16.0,1,4,0.0,59.41151977411373,1.1882303954822746,0.83541688161447,0.5004326829132122,7.86330011445161,35823
energy,power_kw_eps1.0,p_gated_ba,1.0,8,6,,1,4,0.0,59.41151977411373,1.1882303954822746,0.83541688161447,0.5004326829132122,7.86330011445161,35823
energy,power_kw_eps1.0,p_gated_ba,1.0,8,6,8.0,1,4,0.0,60.42869135975314,1.2085738271950628,0.48418592672946226,0.501018898473048,7.86330011445161,35823
energy,power_kw_eps1.0,p_gated_ba,1.0,8,6,16.0,1,4,0.0,59.41151977411373,1.1882303954822746,0.83541688161447,0.5004326829132122,7.86330011445161,35823
energy,power_kw_eps1.0,p_gated_ba,1.0,8,1,,2,0,0.0,59.31592478812355,1.186318495762471,0.5959044380717873,0.4979714333351859,7.911187684099372,17993
energy,power_kw_eps1.0,p_gated_ba,1.0,8,1,4.0,2,0,0.0,117.51842840258944,2.3503685680517887,0.5525269454289855,0.508586672594898,7.911187684099372,17993
energy,power_kw_eps1.0,p_gated_ba,1.0,8,1,8.0,2,0,0.0,59.82156833488368,1.1964313666976736,0.5644064755284421,0.4970821986328016,7.911187684099372,17993
energy,power_kw_eps1.0,p_gated_ba,1.0,8,1,16.0,2,0,0.0,59.31592478812355,1.186318495762471,0.5959044380717873,0.4979714333351859,7.911187684099372,17993
energy,power_kw_eps1.0,p_gated_ba,1.0,8,2,,2,0,0.0,59.31592478812355,1.186318495762471,0.5959044380717873,0.4979714333351859,7.911187684099372,17993
energy,power_kw_eps1.0,p_gated_ba,1.0,8,2,4.0,2,0,0.0,117.51842840258944,2.3503685680517887,0.5525269454289855,0.508586672594898,7.911187684099372,17993
energy,power_kw_eps1.0,p_gated_ba,1.0,8,2,8.0,2,0,0.0,59.82156833488368,1.1964313666976736,0.5644064755284421,0.4970821986328016,7.911187684099372,17993
energy,power_kw_eps1.0,p_gated_ba,1.0,8,2,16.0,2,0,0.0,59.31592478812355,1.186318495762471,0.5959044380717873,0.4979714333351859,7.911187684099372,17993
energy,power_kw_eps1.0,p_gated_ba,1.0,8,3,,2,0,0.0,59.31592478812355,1.186318495762471,0.5959044380717873,0.4979714333351859,7.911187684099372,17993
energy,power_kw_eps1.0,p_gated_ba,1.0,8,3,4.0,2,0,0.0,117.51842840258944,2.3503685680517887,0.5525269454289855,0.508586672594898,7.911187684099372,17993
energy,power_kw_eps1.0,p_gated_ba,1.0,8,3,8.0,2,0,0.0,59.82156833488368,1.1964313666976736,0.5644064755284421,0.4970821986328016,7.911187684099372,17993
energy,power_kw_eps1.0,p_gated_ba,1.0,8,3,16.0,2,0,0.0,59.31592478812355,1.186318495762471,0.5959044380717873,0.4979714333351859,7.911187684099372,17993
energy,power_kw_eps1.0,p_gated_ba,1.0,8,4,,2,0,0.0,59.31592478812355,1.186318495762471,0.5959044380717873,0.4979714333351859,7.911187684099372,17993
energy,power_kw_eps1.0,p_gated_ba,1.0,8,4,4.0,2,0,0.0,117.51842840258944,2.3503685680517887,0.5525269454289855,0.508586672594898,7.911187684099372,17993
energy,power_kw_eps1.0,p_gated_ba,1.0,8,4,8.0,2,0,0.0,59.82156833488368,1.1964313666976736,0.5644064755284421,0.4970821986328016,7.911187684099372,17993
energy,power_kw_eps1.0,p_gated_ba,1.0,8,4,16.0,2,0,0.0,59.31592478812355,1.186318495762471,0.5959044380717873,0.4979714333351859,7.911187684099372,17993
energy,power_kw_eps1.0,p_gated_ba,1.0,8,6,,2,0,0.0,59.31592478812355,1.186318495762471,0.5959044380717873,0.4979714333351859,7.911187684099372,17993
energy,power_kw_eps1.0,p_gated_ba,1.0,8,6,8.0,2,0,0.0,59.82156833488368,1.1964313666976736,0.5644064755284421,0.4970821986328016,7.911187684099372,17993
energy,power_kw_eps1.0,p_gated_ba,1.0,8,6,16.0,2,0,0.0,59.31592478812355,1.186318495762471,0.5959044380717873,0.4979714333351859,7.911187684099372,17993
energy,power_kw_eps1.0,p_gated_ba,1.0,8,1,,2,2,0.0,59.0152029527159,1.1803040590543181,0.5959044380717873,0.49983264531964744,7.940756443155194,17926
energy,power_kw_eps1.0,p_gated_ba,1.0,8,1,4.0,2,2,0.0,117.71148859858492,2.3542297719716982,0.5525269454289855,0.5104875599687605,7.940756443155194,17926
energy,power_kw_eps1.0,p_gated_ba,1.0,8,1,8.0,2,2,0.0,59.811250925725524,1.1962250185145105,0.5644064755284421,0.49894008702443376,7.940756443155194,17926
energy,power_kw_eps1.0,p_gated_ba,1.0,8,1,16.0,2,2,0.0,59.0152029527159,1.1803040590543181,0.5959044380717873,0.49983264531964744,7.940756443155194,17926
energy,power_kw_eps1.0,p_gated_ba,1.0,8,2,,2,2,0.0,59.0152029527159,1.1803040590543181,0.5959044380717873,0.49983264531964744,7.940756443155194,17926
energy,power_kw_eps1.0,p_gated_ba,1.0,8,2,4.0,2,2,0.0,117.71148859858492,2.3542297719716982,0.5525269454289855,0.5104875599687605,7.940756443155194,17926
energy,power_kw_eps1.0,p_gated_ba,1.0,8,2,8.0,2,2,0.0,59.811250925725524,1.1962250185145105,0.5644064755284421,0.49894008702443376,7.940756443155194,17926
energy,power_kw_eps1.0,p_gated_ba,1.0,8,2,16.0,2,2,0.0,59.0152029527159,1.1803040590543181,0.5959044380717873,0.49983264531964744,7.940756443155194,17926
energy,power_kw_eps1.0,p_gated_ba,1.0,8,3,,2,2,0.0,59.0152029527159,1.1803040590543181,0.5959044380717873,0.49983264531964744,7.940756443155194,17926
energy,power_kw_eps1.0,p_gated_ba,1.0,8,3,4.0,2,2,0.0,117.71148859858492,2.3542297719716982,0.5525269454289855,0.5104875599687605,7.940756443155194,17926
energy,power_kw_eps1.0,p_gated_ba,1.0,8,3,8.0,2,2,0.0,59.811250925725524,1.1962250185145105,0.5644064755284421,0.49894008702443376,7.940756443155194,17926
energy,power_kw_eps1.0,p_gated_ba,1.0,8,3,16.0,2,2,0.0,59.0152029527159,1.1803040590543181,0.5959044380717873,0.49983264531964744,7.940756443155194,17926
energy,power_kw_eps1.0,p_gated_ba,1.0,8,4,,2,2,0.0,59.0152029527159,1.1803040590543181,0.5959044380717873,0.49983264531964744,7.940756443155194,17926
energy,power_kw_eps1.0,p_gated_ba,1.0,8,4,4.0,2,2,0.0,117.71148859858492,2.3542297719716982,0.5525269454289855,0.5104875599687605,7.940756443155194,17926
energy,power_kw_eps1.0,p_gated_ba,1.0,8,4,8.0,2,2,0.0,59.811250925725524,1.1962250185145105,0.5644064755284421,0.49894008702443376,7.940756443155194,17926
energy,power_kw_eps1.0,p_gated_ba,1.0,8,4,16.0,2,2,0.0,59.0152029527159,1.1803040590543181,0.5959044380717873,0.49983264531964744,7.940756443155194,17926
energy,power_kw_eps1.0,p_gated_ba,1.0,8,6,,2,2,0.0,59.0152029527159,1.1803040590543181,0.5959044380717873,0.49983264531964744,7.940756443155194,17926
energy,power_kw_eps1.0,p_gated_ba,1.0,8,6,8.0,2,2,0.0,59.811250925725524,1.1962250185145105,0.5644064755284421,0.49894008702443376,7.940756443155194,17926
energy,power_kw_eps1.0,p_gated_ba,1.0,8,6,16.0,2,2,0.0,59.0152029527159,1.1803040590543181,0.5959044380717873,0.49983264531964744,7.940756443155194,17926
energy,power_kw_eps1.0,p_gated_ba,1.0,8,1,,2,4,0.0,58.96332808875365,1.179266561775073,0.5959044380717873,0.5001395478649177,7.945632151828077,17915
energy,power_kw_eps1.0,p_gated_ba,1.0,8,1,4.0,2,4,0.0,117.7457254387339,2.354914508774678,0.5525269454289855,0.5108010047446274,7.945632151828077,17915
energy,power_kw_eps1.0,p_gated_ba,1.0,8,1,8.0,2,4,0.0,59.825407010798486,1.1965081402159696,0.5644064755284421,0.4992464415294446,7.945632151828077,17915
energy,power_kw_eps1.0,p_gated_ba,1.0,8,1,16.0,2,4,0.0,58.96332808875365,1.179266561775073,0.5959044380717873,0.5001395478649177,7.945632151828077,17915
energy,power_kw_eps1.0,p_gated_ba,1.0,8,2,,2,4,0.0,58.96332808875365,1.179266561775073,0.5959044380717873,0.5001395478649177,7.945632151828077,17915
energy,power_kw_eps1.0,p_gated_ba,1.0,8,2,4.0,2,4,0.0,117.7457254387339,2.354914508774678,0.5525269454289855,0.5108010047446274,7.945632151828077,17915
energy,power_kw_eps1.0,p_gated_ba,1.0,8,2,8.0,2,4,0.0,59.825407010798486,1.1965081402159696,0.5644064755284421,0.4992464415294446,7.945632151828077,17915
energy,power_kw_eps1.0,p_gated_ba,1.0,8,2,16.0,2,4,0.0,58.96332808875365,1.179266561775073,0.5959044380717873,0.5001395478649177,7.945632151828077,17915
energy,power_kw_eps1.0,p_gated_ba,1.0,8,3,,2,4,0.0,58.96332808875365,1.179266561775073,0.5959044380717873,0.5001395478649177,7.945632151828077,17915
energy,power_kw_eps1.0,p_gated_ba,1.0,8,3,4.0,2,4,0.0,117.7457254387339,2.354914508774678,0.5525269454289855,0.5108010047446274,7.945632151828077,17915
energy,power_kw_eps1.0,p_gated_ba,1.0,8,3,8.0,2,4,0.0,59.825407010798486,1.1965081402159696,0.5644064755284421,0.4992464415294446,7.945632151828077,17915
energy,power_kw_eps1.0,p_gated_ba,1.0,8,3,16.0,2,4,0.0,58.96332808875365,1.179266561775073,0.5959044380717873,0.5001395478649177,7.945632151828077,17915
energy,power_kw_eps1.0,p_gated_ba,1.0,8,4,,2,4,0.0,58.96332808875365,1.179266561775073,0.5959044380717873,0.5001395478649177,7.945632151828077,17915
energy,power_kw_eps1.0,p_gated_ba,1.0,8,4,4.0,2,4,0.0,117.7457254387339,2.354914508774678,0.5525269454289855,0.5108010047446274,7.945632151828077,17915
energy,power_kw_eps1.0,p_gated_ba,1.0,8,4,8.0,2,4,0.0,59.825407010798486,1.1965081402159696,0.5644064755284421,0.4992464415294446,7.945632151828077,17915
energy,power_kw_eps1.0,p_gated_ba,1.0,8,4,16.0,2,4,0.0,58.96332808875365,1.179266561775073,0.5959044380717873,0.5001395478649177,7.945632151828077,17915
energy,power_kw_eps1.0,p_gated_ba,1.0,8,6,,2,4,0.0,58.96332808875365,1.179266561775073,0.5959044380717873,0.5001395478649177,7.945632151828077,17915
energy,power_kw_eps1.0,p_gated_ba,1.0,8,6,8.0,2,4,0.0,59.825407010798486,1.1965081402159696,0.5644064755284421,0.4992464415294446,7.945632151828077,17915
energy,power_kw_eps1.0,p_gated_ba,1.0,8,6,16.0,2,4,0.0,58.96332808875365,1.179266561775073,0.5959044380717873,0.5001395478649177,7.945632151828077,17915
energy,power_kw_eps1.0,p_gated_ba,1.0,8,1,,4,0,0.0,57.640725188408375,1.1528145037681674,0.473346992867148,0.4917194620429032,8.02867622540847,8997
energy,power_kw_eps1.0,p_gated_ba,1.0,8,1,4.0,4,0,0.0,116.71814611157735,2.334362922231547,0.6000073297739269,0.5046126486606647,8.02867622540847,8997
energy,power_kw_eps1.0,p_gated_ba,1.0,8,1,8.0,4,0,0.0,59.17114155624582,1.1834228311249164,0.5033808338094379,0.4942758697343559,8.02867622540847,8997
energy,power_kw_eps1.0,p_gated_ba,1.0,8,1,16.0,4,0,0.0,57.640725188408375,1.1528145037681674,0.473346992867148,0.4917194620429032,8.02867622540847,8997
energy,power_kw_eps1.0,p_gated_ba,1.0,8,2,,4,0,0.0,57.640725188408375,1.1528145037681674,0.473346992867148,0.4917194620429032,8.02867622540847,8997
energy,power_kw_eps1.0,p_gated_ba,1.0,8,2,4.0,4,0,0.0,116.71814611157735,2.334362922231547,0.6000073297739269,0.5046126486606647,8.02867622540847,8997
energy,power_kw_eps1.0,p_gated_ba,1.0,8,2,8.0,4,0,0.0,59.17114155624582,1.1834228311249164,0.5033808338094379,0.4942758697343559,8.02867622540847,8997
energy,power_kw_eps1.0,p_gated_ba,1.0,8,2,16.0,4,0,0.0,57.640725188408375,1.1528145037681674,0.473346992867148,0.4917194620429032,8.02867622540847,8997
energy,power_kw_eps1.0,p_gated_ba,1.0,8,3,,4,0,0.0,57.640725188408375,1.1528145037681674,0.473346992867148,0.4917194620429032,8.02867622540847,8997
energy,power_kw_eps1.0,p_gated_ba,1.0,8,3,4.0,4,0,0.0,116.71814611157735,2.334362922231547,0.6000073297739269,0.5046126486606647,8.02867622540847,8997
energy,power_kw_eps1.0,p_gated_ba,1.0,8,3,8.0,4,0,0.0,59.17114155624582,1.1834228311249164,0.5033808338094379,0.4942758697343559,8.02867622540847,8997
energy,power_kw_eps1.0,p_gated_ba,1.0,8,3,16.0,4,0,0.0,57.640725188408375,1.1528145037681674,0.473346992867148,0.4917194620429032,8.02867622540847,8997
energy,power_kw_eps1.0,p_gated_ba,1.0,8,4,,4,0,0.0,57.640725188408375,1.1528145037681674,0.473346992867148,0.4917194620429032,8.02867622540847,8997
energy,power_kw_eps1.0,p_gated_ba,1.0,8,4,4.0,4,0,0.0,116.71814611157735,2.334362922231547,0.6000073297739269,0.5046126486606647,8.02867622540847,8997
energy,power_kw_eps1.0,p_gated_ba,1.0,8,4,8.0,4,0,0.0,59.17114155624582,1.1834228311249164,0.5033808338094379,0.4942758697343559,8.02867622540847,8997
energy,power_kw_eps1.0,p_gated_ba,1.0,8,4,16.0,4,0,0.0,57.640725188408375,1.1528145037681674,0.473346992867148,0.4917194620429032,8.02867622540847,8997
energy,power_kw_eps1.0,p_gated_ba,1.0,8,6,,4,0,0.0,57.640725188408375,1.1528145037681674,0.473346992867148,0.4917194620429032,8.02867622540847,8997
energy,power_kw_eps1.0,p_gated_ba,1.0,8,6,8.0,4,0,0.0,59.17114155624582,1.1834228311249164,0.5033808338094379,0.4942758697343559,8.02867622540847,8997
energy,power_kw_eps1.0,p_gated_ba,1.0,8,6,16.0,4,0,0.0,57.640725188408375,1.1528145037681674,0.473346992867148,0.4917194620429032,8.02867622540847,8997
energy,power_kw_eps1.0,p_gated_ba,1.0,8,1,,4,2,0.0,57.309622610380714,1.1461924522076143,0.473346992867148,0.4934746235359732,8.05733407696598,8965
energy,power_kw_eps1.0,p_gated_ba,1.0,8,1,4.0,4,2,0.0,117.00455765504542,2.3400911531009085,0.6000073297739269,0.5064138315672058,8.05733407696598,8965
energy,power_kw_eps1.0,p_gated_ba,1.0,8,1,8.0,4,2,0.0,59.07375523288867,1.1814751046577734,0.5033808338094379,0.49604015616285557,8.05733407696598,8965
energy,power_kw_eps1.0,p_gated_ba,1.0,8,1,16.0,4,2,0.0,57.309622610380714,1.1461924522076143,0.473346992867148,0.4934746235359732,8.05733407696598,8965
energy,power_kw_eps1.0,p_gated_ba,1.0,8,2,,4,2,0.0,57.309622610380714,1.1461924522076143,0.473346992867148,0.4934746235359732,8.05733407696598,8965
energy,power_kw_eps1.0,p_gated_ba,1.0,8,2,4.0,4,2,0.0,117.00455765504542,2.3400911531009085,0.6000073297739269,0.5064138315672058,8.05733407696598,8965
energy,power_kw_eps1.0,p_gated_ba,1.0,8,2,8.0,4,2,0.0,59.07375523288867,1.1814751046577734,0.5033808338094379,0.49604015616285557,8.05733407696598,8965
energy,power_kw_eps1.0,p_gated_ba,1.0,8,2,16.0,4,2,0.0,57.309622610380714,1.1461924522076143,0.473346992867148,0.4934746235359732,8.05733407696598,8965
energy,power_kw_eps1.0,p_gated_ba,1.0,8,3,,4,2,0.0,57.309622610380714,1.1461924522076143,0.473346992867148,0.4934746235359732,8.05733407696598,8965
energy,power_kw_eps1.0,p_gated_ba,1.0,8,3,4.0,4,2,0.0,117.00455765504542,2.3400911531009085,0.6000073297739269,0.5064138315672058,8.05733407696598,8965
energy,power_kw_eps1.0,p_gated_ba,1.0,8,3,8.0,4,2,0.0,59.07375523288867,1.1814751046577734,0.5033808338094379,0.49604015616285557,8.05733407696598,8965
energy,power_kw_eps1.0,p_gated_ba,1.0,8,3,16.0,4,2,0.0,57.309622610380714,1.1461924522076143,0.473346992867148,0.4934746235359732,8.05733407696598,8965
energy,power_kw_eps1.0,p_gated_ba,1.0,8,4,,4,2,0.0,57.309622610380714,1.1461924522076143,0.473346992867148,0.4934746235359732,8.05733407696598,8965
energy,power_kw_eps1.0,p_gated_ba,1.0,8,4,4.0,4,2,0.0,117.00455765504542,2.3400911531009085,0.6000073297739269,0.5064138315672058,8.05733407696598,8965
energy,power_kw_eps1.0,p_gated_ba,1.0,8,4,8.0,4,2,0.0,59.07375523288867,1.1814751046577734,0.5033808338094379,0.49604015616285557,8.05733407696598,8965
energy,power_kw_eps1.0,p_gated_ba,1.0,8,4,16.0,4,2,0.0,57.309622610380714,1.1461924522076143,0.473346992867148,0.4934746235359732,8.05733407696598,8965
energy,power_kw_eps1.0,p_gated_ba,1.0,8,6,,4,2,0.0,57.309622610380714,1.1461924522076143,0.473346992867148,0.4934746235359732,8.05733407696598,8965
energy,power_kw_eps1.0,p_gated_ba,1.0,8,6,8.0,4,2,0.0,59.07375523288867,1.1814751046577734,0.5033808338094379,0.49604015616285557,8.05733407696598,8965
energy,power_kw_eps1.0,p_gated_ba,1.0,8,6,16.0,4,2,0.0,57.309622610380714,1.1461924522076143,0.473346992867148,0.4934746235359732,8.05733407696598,8965
energy,power_kw_eps1.0,p_gated_ba,1.0,8,1,,4,4,0.0,57.25386552739265,1.145077310547853,0.473346992867148,0.49375,8.061830357142858,8960
energy,power_kw_eps1.0,p_gated_ba,1.0,8,1,4.0,4,4,0.0,117.05199156917168,2.3410398313834335,0.6000073297739269,0.5066964285714286,8.061830357142858,8960
energy,power_kw_eps1.0,p_gated_ba,1.0,8,1,8.0,4,4,0.0,59.061931352385464,1.1812386270477093,0.5033808338094379,0.4963169642857143,8.061830357142858,8960
energy,power_kw_eps1.0,p_gated_ba,1.0,8,1,16.0,4,4,0.0,57.25386552739265,1.145077310547853,0.473346992867148,0.49375,8.061830357142858,8960
energy,power_kw_eps1.0,p_gated_ba,1.0,8,2,,4,4,0.0,57.25386552739265,1.145077310547853,0.473346992867148,0.49375,8.061830357142858,8960
energy,power_kw_eps1.0,p_gated_ba,1.0,8,2,4.0,4,4,0.0,117.05199156917168,2.3410398313834335,0.6000073297739269,0.5066964285714286,8.061830357142858,8960
energy,power_kw_eps1.0,p_gated_ba,1.0,8,2,8.0,4,4,0.0,59.061931352385464,1.1812386270477093,0.5033808338094379,0.4963169642857143,8.061830357142858,8960
energy,power_kw_eps1.0,p_gated_ba,1.0,8,2,16.0,4,4,0.0,57.25386552739265,1.145077310547853,0.473346992867148,0.49375,8.061830357142858,8960
energy,power_kw_eps1.0,p_gated_ba,1.0,8,3,,4,4,0.0,57.25386552739265,1.145077310547853,0.473346992867148,0.49375,8.061830357142858,8960
energy,power_kw_eps1.0,p_gated_ba,1.0,8,3,4.0,4,4,0.0,117.05199156917168,2.3410398313834335,0.6000073297739269,0.5066964285714286,8.061830357142858,8960
energy,power_kw_eps1.0,p_gated_ba,1.0,8,3,8.0,4,4,0.0,59.061931352385464,1.1812386270477093,0.5033808338094379,0.4963169642857143,8.061830357142858,8960
energy,power_kw_eps1.0,p_gated_ba,1.0,8,3,16.0,4,4,0.0,57.25386552739265,1.145077310547853,0.473346992867148,0.49375,8.061830357142858,8960
energy,power_kw_eps1.0,p_gated_ba,1.0,8,4,,4,4,0.0,57.25386552739265,1.145077310547853,0.473346992867148,0.49375,8.061830357142858,8960
energy,power_kw_eps1.0,p_gated_ba,1.0,8,4,4.0,4,4,0.0,117.05199156917168,2.3410398313834335,0.6000073297739269,0.5066964285714286,8.061830357142858,8960
energy,power_kw_eps1.0,p_gated_ba,1.0,8,4,8.0,4,4,0.0,59.061931352385464,1.1812386270477093,0.5033808338094379,0.4963169642857143,8.061830357142858,8960
energy,power_kw_eps1.0,p_gated_ba,1.0,8,4,16.0,4,4,0.0,57.25386552739265,1.145077310547853,0.473346992867148,0.49375,8.061830357142858,8960
energy,power_kw_eps1.0,p_gated_ba,1.0,8,6,,4,4,0.0,57.25386552739265,1.145077310547853,0.473346992867148,0.49375,8.061830357142858,8960
energy,power_kw_eps1.0,p_gated_ba,1.0,8,6,8.0,4,4,0.0,59.061931352385464,1.1812386270477093,0.5033808338094379,0.4963169642857143,8.061830357142858,8960
energy,power_kw_eps1.0,p_gated_ba,1.0,8,6,16.0,4,4,0.0,57.25386552739265,1.145077310547853,0.473346992867148,0.49375,8.061830357142858,8960
energy,power_kw_eps1.0,n_weighted,1.0,8,1,,1,0,0.0,51.1224665557839,1.022449331115678,0.9461652599721542,0.9944977073780742,7.827900514103098,35985
energy,power_kw_eps1.0,n_weighted,1.0,8,1,4.0,1,0,0.0,98.63191517510252,1.9726383035020505,0.7266710041836097,0.9944977073780742,7.827900514103098,35985
energy,power_kw_eps1.0,n_weighted,1.0,8,1,8.0,1,0,0.0,51.68392373809741,1.0336784747619483,0.9518563381845503,0.9944977073780742,7.827900514103098,35985
energy,power_kw_eps1.0,n_weighted,1.0,8,1,16.0,1,0,0.0,51.1224665557839,1.022449331115678,0.9461652599721542,0.9944977073780742,7.827900514103098,35985
energy,power_kw_eps1.0,n_weighted,1.0,8,2,,1,0,0.0,51.1224665557839,1.022449331115678,0.9461652599721542,0.9944977073780742,7.827900514103098,35985
energy,power_kw_eps1.0,n_weighted,1.0,8,2,4.0,1,0,0.0,98.63191517510252,1.9726383035020505,0.7266710041836097,0.9944977073780742,7.827900514103098,35985
energy,power_kw_eps1.0,n_weighted,1.0,8,2,8.0,1,0,0.0,51.68392373809741,1.0336784747619483,0.9518563381845503,0.9944977073780742,7.827900514103098,35985
energy,power_kw_eps1.0,n_weighted,1.0,8,2,16.0,1,0,0.0,51.1224665557839,1.022449331115678,0.9461652599721542,0.9944977073780742,7.827900514103098,35985
energy,power_kw_eps1.0,n_weighted,1.0,8,3,,1,0,0.0,51.1224665557839,1.022449331115678,0.9461652599721542,0.9944977073780742,7.827900514103098,35985
energy,power_kw_eps1.0,n_weighted,1.0,8,3,4.0,1,0,0.0,98.63191517510252,1.9726383035020505,0.7266710041836097,0.9944977073780742,7.827900514103098,35985
energy,power_kw_eps1.0,n_weighted,1.0,8,3,8.0,1,0,0.0,51.68392373809741,1.0336784747619483,0.9518563381845503,0.9944977073780742,7.827900514103098,35985
energy,power_kw_eps1.0,n_weighted,1.0,8,3,16.0,1,0,0.0,51.1224665557839,1.022449331115678,0.9461652599721542,0.9944977073780742,7.827900514103098,35985
energy,power_kw_eps1.0,n_weighted,1.0,8,4,,1,0,0.0,51.1224665557839,1.022449331115678,0.9461652599721542,0.9944977073780742,7.827900514103098,35985
energy,power_kw_eps1.0,n_weighted,1.0,8,4,4.0,1,0,0.0,98.63191517510252,1.9726383035020505,0.7266710041836097,0.9944977073780742,7.827900514103098,35985
energy,power_kw_eps1.0,n_weighted,1.0,8,4,8.0,1,0,0.0,51.68392373809741,1.0336784747619483,0.9518563381845503,0.9944977073780742,7.827900514103098,35985
energy,power_kw_eps1.0,n_weighted,1.0,8,4,16.0,1,0,0.0,51.1224665557839,1.022449331115678,0.9461652599721542,0.9944977073780742,7.827900514103098,35985
energy,power_kw_eps1.0,n_weighted,1.0,8,6,,1,0,0.0,51.1224665557839,1.022449331115678,0.9461652599721542,0.9944977073780742,7.827900514103098,35985
energy,power_kw_eps1.0,n_weighted,1.0,8,6,8.0,1,0,0.0,51.68392373809741,1.0336784747619483,0.9518563381845503,0.9944977073780742,7.827900514103098,35985
energy,power_kw_eps1.0,n_weighted,1.0,8,6,16.0,1,0,0.0,51.1224665557839,1.022449331115678,0.9461652599721542,0.9944977073780742,7.827900514103098,35985
energy,power_kw_eps1.0,n_weighted,1.0,8,1,,1,2,0.0,51.15650423393327,1.0231300846786653,0.9461652599721542,0.9982705235850372,7.857597143574437,35849
energy,power_kw_eps1.0,n_weighted,1.0,8,1,4.0,1,2,0.0,98.7196464837294,1.9743929296745881,0.7266710041836097,0.9982705235850372,7.857597143574437,35849
energy,power_kw_eps1.0,n_weighted,1.0,8,1,8.0,1,2,0.0,51.71901863027523,1.0343803726055045,0.9518563381845503,0.9982705235850372,7.857597143574437,35849
energy,power_kw_eps1.0,n_weighted,1.0,8,1,16.0,1,2,0.0,51.15650423393327,1.0231300846786653,0.9461652599721542,0.9982705235850372,7.857597143574437,35849
energy,power_kw_eps1.0,n_weighted,1.0,8,2,,1,2,0.0,51.15650423393327,1.0231300846786653,0.9461652599721542,0.9982705235850372,7.857597143574437,35849
energy,power_kw_eps1.0,n_weighted,1.0,8,2,4.0,1,2,0.0,98.7196464837294,1.9743929296745881,0.7266710041836097,0.9982705235850372,7.857597143574437,35849
energy,power_kw_eps1.0,n_weighted,1.0,8,2,8.0,1,2,0.0,51.71901863027523,1.0343803726055045,0.9518563381845503,0.9982705235850372,7.857597143574437,35849
energy,power_kw_eps1.0,n_weighted,1.0,8,2,16.0,1,2,0.0,51.15650423393327,1.0231300846786653,0.9461652599721542,0.9982705235850372,7.857597143574437,35849
energy,power_kw_eps1.0,n_weighted,1.0,8,3,,1,2,0.0,51.15650423393327,1.0231300846786653,0.9461652599721542,0.9982705235850372,7.857597143574437,35849
energy,power_kw_eps1.0,n_weighted,1.0,8,3,4.0,1,2,0.0,98.7196464837294,1.9743929296745881,0.7266710041836097,0.9982705235850372,7.857597143574437,35849
energy,power_kw_eps1.0,n_weighted,1.0,8,3,8.0,1,2,0.0,51.71901863027523,1.0343803726055045,0.9518563381845503,0.9982705235850372,7.857597143574437,35849
energy,power_kw_eps1.0,n_weighted,1.0,8,3,16.0,1,2,0.0,51.15650423393327,1.0231300846786653,0.9461652599721542,0.9982705235850372,7.857597143574437,35849
energy,power_kw_eps1.0,n_weighted,1.0,8,4,,1,2,0.0,51.15650423393327,1.0231300846786653,0.9461652599721542,0.9982705235850372,7.857597143574437,35849
energy,power_kw_eps1.0,n_weighted,1.0,8,4,4.0,1,2,0.0,98.7196464837294,1.9743929296745881,0.7266710041836097,0.9982705235850372,7.857597143574437,35849
energy,power_kw_eps1.0,n_weighted,1.0,8,4,8.0,1,2,0.0,51.71901863027523,1.0343803726055045,0.9518563381845503,0.9982705235850372,7.857597143574437,35849
energy,power_kw_eps1.0,n_weighted,1.0,8,4,16.0,1,2,0.0,51.15650423393327,1.0231300846786653,0.9461652599721542,0.9982705235850372,7.857597143574437,35849
energy,power_kw_eps1.0,n_weighted,1.0,8,6,,1,2,0.0,51.15650423393327,1.0231300846786653,0.9461652599721542,0.9982705235850372,7.857597143574437,35849
energy,power_kw_eps1.0,n_weighted,1.0,8,6,8.0,1,2,0.0,51.71901863027523,1.0343803726055045,0.9518563381845503,0.9982705235850372,7.857597143574437,35849
energy,power_kw_eps1.0,n_weighted,1.0,8,6,16.0,1,2,0.0,51.15650423393327,1.0231300846786653,0.9461652599721542,0.9982705235850372,7.857597143574437,35849
energy,power_kw_eps1.0,n_weighted,1.0,8,1,,1,4,0.0,51.1620651191212,1.023241302382424,0.9461652567098244,0.9989950590402814,7.86330011445161,35823
energy,power_kw_eps1.0,n_weighted,1.0,8,1,4.0,1,4,0.0,98.73490343603598,1.9746980687207196,0.7266710041836097,0.9989950590402814,7.86330011445161,35823
energy,power_kw_eps1.0,n_weighted,1.0,8,1,8.0,1,4,0.0,51.725100828176934,1.0345020165635388,0.9518563349437135,0.9989950590402814,7.86330011445161,35823
energy,power_kw_eps1.0,n_weighted,1.0,8,1,16.0,1,4,0.0,51.1620651191212,1.023241302382424,0.9461652567098244,0.9989950590402814,7.86330011445161,35823
energy,power_kw_eps1.0,n_weighted,1.0,8,2,,1,4,0.0,51.1620651191212,1.023241302382424,0.9461652567098244,0.9989950590402814,7.86330011445161,35823
energy,power_kw_eps1.0,n_weighted,1.0,8,2,4.0,1,4,0.0,98.73490343603598,1.9746980687207196,0.7266710041836097,0.9989950590402814,7.86330011445161,35823
energy,power_kw_eps1.0,n_weighted,1.0,8,2,8.0,1,4,0.0,51.725100828176934,1.0345020165635388,0.9518563349437135,0.9989950590402814,7.86330011445161,35823
energy,power_kw_eps1.0,n_weighted,1.0,8,2,16.0,1,4,0.0,51.1620651191212,1.023241302382424,0.9461652567098244,0.9989950590402814,7.86330011445161,35823
energy,power_kw_eps1.0,n_weighted,1.0,8,3,,1,4,0.0,51.1620651191212,1.023241302382424,0.9461652567098244,0.9989950590402814,7.86330011445161,35823
energy,power_kw_eps1.0,n_weighted,1.0,8,3,4.0,1,4,0.0,98.73490343603598,1.9746980687207196,0.7266710041836097,0.9989950590402814,7.86330011445161,35823
energy,power_kw_eps1.0,n_weighted,1.0,8,3,8.0,1,4,0.0,51.725100828176934,1.0345020165635388,0.9518563349437135,0.9989950590402814,7.86330011445161,35823
energy,power_kw_eps1.0,n_weighted,1.0,8,3,16.0,1,4,0.0,51.1620651191212,1.023241302382424,0.9461652567098244,0.9989950590402814,7.86330011445161,35823
energy,power_kw_eps1.0,n_weighted,1.0,8,4,,1,4,0.0,51.1620651191212,1.023241302382424,0.9461652567098244,0.9989950590402814,7.86330011445161,35823
energy,power_kw_eps1.0,n_weighted,1.0,8,4,4.0,1,4,0.0,98.73490343603598,1.9746980687207196,0.7266710041836097,0.9989950590402814,7.86330011445161,35823
energy,power_kw_eps1.0,n_weighted,1.0,8,4,8.0,1,4,0.0,51.725100828176934,1.0345020165635388,0.9518563349437135,0.9989950590402814,7.86330011445161,35823
energy,power_kw_eps1.0,n_weighted,1.0,8,4,16.0,1,4,0.0,51.1620651191212,1.023241302382424,0.9461652567098244,0.9989950590402814,7.86330011445161,35823
energy,power_kw_eps1.0,n_weighted,1.0,8,6,,1,4,0.0,51.1620651191212,1.023241302382424,0.9461652567098244,0.9989950590402814,7.86330011445161,35823
energy,power_kw_eps1.0,n_weighted,1.0,8,6,8.0,1,4,0.0,51.725100828176934,1.0345020165635388,0.9518563349437135,0.9989950590402814,7.86330011445161,35823
energy,power_kw_eps1.0,n_weighted,1.0,8,6,16.0,1,4,0.0,51.1620651191212,1.023241302382424,0.9461652567098244,0.9989950590402814,7.86330011445161,35823
energy,power_kw_eps1.0,n_weighted,1.0,8,1,,2,0,0.0,51.00152709027272,1.0200305418054543,0.711785894034279,0.9947757461234925,7.911187684099372,17993
energy,power_kw_eps1.0,n_weighted,1.0,8,1,4.0,2,0,0.0,98.9061738648061,1.978123477296122,0.7290116429365794,0.9947757461234925,7.911187684099372,17993
energy,power_kw_eps1.0,n_weighted,1.0,8,1,8.0,2,0,0.0,51.54889056247401,1.03097781124948,0.7187606866640857,0.9947757461234925,7.911187684099372,17993
energy,power_kw_eps1.0,n_weighted,1.0,8,1,16.0,2,0,0.0,51.00152709027272,1.0200305418054543,0.711785894034279,0.9947757461234925,7.911187684099372,17993
energy,power_kw_eps1.0,n_weighted,1.0,8,2,,2,0,0.0,51.00152709027272,1.0200305418054543,0.711785894034279,0.9947757461234925,7.911187684099372,17993
energy,power_kw_eps1.0,n_weighted,1.0,8,2,4.0,2,0,0.0,98.9061738648061,1.978123477296122,0.7290116429365794,0.9947757461234925,7.911187684099372,17993
energy,power_kw_eps1.0,n_weighted,1.0,8,2,8.0,2,0,0.0,51.54889056247401,1.03097781124948,0.7187606866640857,0.9947757461234925,7.911187684099372,17993
energy,power_kw_eps1.0,n_weighted,1.0,8,2,16.0,2,0,0.0,51.00152709027272,1.0200305418054543,0.711785894034279,0.9947757461234925,7.911187684099372,17993
energy,power_kw_eps1.0,n_weighted,1.0,8,3,,2,0,0.0,51.00152709027272,1.0200305418054543,0.711785894034279,0.9947757461234925,7.911187684099372,17993
energy,power_kw_eps1.0,n_weighted,1.0,8,3,4.0,2,0,0.0,98.9061738648061,1.978123477296122,0.7290116429365794,0.9947757461234925,7.911187684099372,17993
energy,power_kw_eps1.0,n_weighted,1.0,8,3,8.0,2,0,0.0,51.54889056247401,1.03097781124948,0.7187606866640857,0.9947757461234925,7.911187684099372,17993
energy,power_kw_eps1.0,n_weighted,1.0,8,3,16.0,2,0,0.0,51.00152709027272,1.0200305418054543,0.711785894034279,0.9947757461234925,7.911187684099372,17993
energy,power_kw_eps1.0,n_weighted,1.0,8,4,,2,0,0.0,51.00152709027272,1.0200305418054543,0.711785894034279,0.9947757461234925,7.911187684099372,17993
energy,power_kw_eps1.0,n_weighted,1.0,8,4,4.0,2,0,0.0,98.9061738648061,1.978123477296122,0.7290116429365794,0.9947757461234925,7.911187684099372,17993
energy,power_kw_eps1.0,n_weighted,1.0,8,4,8.0,2,0,0.0,51.54889056247401,1.03097781124948,0.7187606866640857,0.9947757461234925,7.911187684099372,17993
energy,power_kw_eps1.0,n_weighted,1.0,8,4,16.0,2,0,0.0,51.00152709027272,1.0200305418054543,0.711785894034279,0.9947757461234925,7.911187684099372,17993
energy,power_kw_eps1.0,n_weighted,1.0,8,6,,2,0,0.0,51.00152709027272,1.0200305418054543,0.711785894034279,0.9947757461234925,7.911187684099372,17993
energy,power_kw_eps1.0,n_weighted,1.0,8,6,8.0,2,0,0.0,51.54889056247401,1.03097781124948,0.7187606866640857,0.9947757461234925,7.911187684099372,17993
energy,power_kw_eps1.0,n_weighted,1.0,8,6,16.0,2,0,0.0,51.00152709027272,1.0200305418054543,0.711785894034279,0.9947757461234925,7.911187684099372,17993
energy,power_kw_eps1.0,n_weighted,1.0,8,1,,2,2,0.0,50.97870364607392,1.0195740729214784,0.71178586671406,0.998493807876827,7.940756443155194,17926
energy,power_kw_eps1.0,n_weighted,1.0,8,1,4.0,2,2,0.0,98.8694507343161,1.977389014686322,0.7290116429365794,0.998493807876827,7.940756443155194,17926
energy,power_kw_eps1.0,n_weighted,1.0,8,1,8.0,2,2,0.0,51.526811653341284,1.0305362330668257,0.7187606866640857,0.998493807876827,7.940756443155194,17926
energy,power_kw_eps1.0,n_weighted,1.0,8,1,16.0,2,2,0.0,50.97870364607392,1.0195740729214784,0.71178586671406,0.998493807876827,7.940756443155194,17926
energy,power_kw_eps1.0,n_weighted,1.0,8,2,,2,2,0.0,50.97870364607392,1.0195740729214784,0.71178586671406,0.998493807876827,7.940756443155194,17926
energy,power_kw_eps1.0,n_weighted,1.0,8,2,4.0,2,2,0.0,98.8694507343161,1.977389014686322,0.7290116429365794,0.998493807876827,7.940756443155194,17926
energy,power_kw_eps1.0,n_weighted,1.0,8,2,8.0,2,2,0.0,51.526811653341284,1.0305362330668257,0.7187606866640857,0.998493807876827,7.940756443155194,17926
energy,power_kw_eps1.0,n_weighted,1.0,8,2,16.0,2,2,0.0,50.97870364607392,1.0195740729214784,0.71178586671406,0.998493807876827,7.940756443155194,17926
energy,power_kw_eps1.0,n_weighted,1.0,8,3,,2,2,0.0,50.97870364607392,1.0195740729214784,0.71178586671406,0.998493807876827,7.940756443155194,17926
energy,power_kw_eps1.0,n_weighted,1.0,8,3,4.0,2,2,0.0,98.8694507343161,1.977389014686322,0.7290116429365794,0.998493807876827,7.940756443155194,17926
energy,power_kw_eps1.0,n_weighted,1.0,8,3,8.0,2,2,0.0,51.526811653341284,1.0305362330668257,0.7187606866640857,0.998493807876827,7.940756443155194,17926
energy,power_kw_eps1.0,n_weighted,1.0,8,3,16.0,2,2,0.0,50.97870364607392,1.0195740729214784,0.71178586671406,0.998493807876827,7.940756443155194,17926
energy,power_kw_eps1.0,n_weighted,1.0,8,4,,2,2,0.0,50.97870364607392,1.0195740729214784,0.71178586671406,0.998493807876827,7.940756443155194,17926
energy,power_kw_eps1.0,n_weighted,1.0,8,4,4.0,2,2,0.0,98.8694507343161,1.977389014686322,0.7290116429365794,0.998493807876827,7.940756443155194,17926
energy,power_kw_eps1.0,n_weighted,1.0,8,4,8.0,2,2,0.0,51.526811653341284,1.0305362330668257,0.7187606866640857,0.998493807876827,7.940756443155194,17926
energy,power_kw_eps1.0,n_weighted,1.0,8,4,16.0,2,2,0.0,50.97870364607392,1.0195740729214784,0.71178586671406,0.998493807876827,7.940756443155194,17926
energy,power_kw_eps1.0,n_weighted,1.0,8,6,,2,2,0.0,50.97870364607392,1.0195740729214784,0.71178586671406,0.998493807876827,7.940756443155194,17926
energy,power_kw_eps1.0,n_weighted,1.0,8,6,8.0,2,2,0.0,51.526811653341284,1.0305362330668257,0.7187606866640857,0.998493807876827,7.940756443155194,17926
energy,power_kw_eps1.0,n_weighted,1.0,8,6,16.0,2,2,0.0,50.97870364607392,1.0195740729214784,0.71178586671406,0.998493807876827,7.940756443155194,17926
energy,power_kw_eps1.0,n_weighted,1.0,8,1,,2,4,0.0,50.97078162136019,1.0194156324272037,0.71178586671406,0.999106893664527,7.945632151828077,17915
energy,power_kw_eps1.0,n_weighted,1.0,8,1,4.0,2,4,0.0,98.85445832439247,1.9770891664878494,0.7290116429365794,0.999106893664527,7.945632151828077,17915
energy,power_kw_eps1.0,n_weighted,1.0,8,1,8.0,2,4,0.0,51.519226172757044,1.030384523455141,0.7187606866640857,0.999106893664527,7.945632151828077,17915
energy,power_kw_eps1.0,n_weighted,1.0,8,1,16.0,2,4,0.0,50.97078162136019,1.0194156324272037,0.71178586671406,0.999106893664527,7.945632151828077,17915
energy,power_kw_eps1.0,n_weighted,1.0,8,2,,2,4,0.0,50.97078162136019,1.0194156324272037,0.71178586671406,0.999106893664527,7.945632151828077,17915
energy,power_kw_eps1.0,n_weighted,1.0,8,2,4.0,2,4,0.0,98.85445832439247,1.9770891664878494,0.7290116429365794,0.999106893664527,7.945632151828077,17915
energy,power_kw_eps1.0,n_weighted,1.0,8,2,8.0,2,4,0.0,51.519226172757044,1.030384523455141,0.7187606866640857,0.999106893664527,7.945632151828077,17915
energy,power_kw_eps1.0,n_weighted,1.0,8,2,16.0,2,4,0.0,50.97078162136019,1.0194156324272037,0.71178586671406,0.999106893664527,7.945632151828077,17915
energy,power_kw_eps1.0,n_weighted,1.0,8,3,,2,4,0.0,50.97078162136019,1.0194156324272037,0.71178586671406,0.999106893664527,7.945632151828077,17915
energy,power_kw_eps1.0,n_weighted,1.0,8,3,4.0,2,4,0.0,98.85445832439247,1.9770891664878494,0.7290116429365794,0.999106893664527,7.945632151828077,17915
energy,power_kw_eps1.0,n_weighted,1.0,8,3,8.0,2,4,0.0,51.519226172757044,1.030384523455141,0.7187606866640857,0.999106893664527,7.945632151828077,17915
energy,power_kw_eps1.0,n_weighted,1.0,8,3,16.0,2,4,0.0,50.97078162136019,1.0194156324272037,0.71178586671406,0.999106893664527,7.945632151828077,17915
energy,power_kw_eps1.0,n_weighted,1.0,8,4,,2,4,0.0,50.97078162136019,1.0194156324272037,0.71178586671406,0.999106893664527,7.945632151828077,17915
energy,power_kw_eps1.0,n_weighted,1.0,8,4,4.0,2,4,0.0,98.85445832439247,1.9770891664878494,0.7290116429365794,0.999106893664527,7.945632151828077,17915
energy,power_kw_eps1.0,n_weighted,1.0,8,4,8.0,2,4,0.0,51.519226172757044,1.030384523455141,0.7187606866640857,0.999106893664527,7.945632151828077,17915
energy,power_kw_eps1.0,n_weighted,1.0,8,4,16.0,2,4,0.0,50.97078162136019,1.0194156324272037,0.71178586671406,0.999106893664527,7.945632151828077,17915
energy,power_kw_eps1.0,n_weighted,1.0,8,6,,2,4,0.0,50.97078162136019,1.0194156324272037,0.71178586671406,0.999106893664527,7.945632151828077,17915
energy,power_kw_eps1.0,n_weighted,1.0,8,6,8.0,2,4,0.0,51.519226172757044,1.030384523455141,0.7187606866640857,0.999106893664527,7.945632151828077,17915
energy,power_kw_eps1.0,n_weighted,1.0,8,6,16.0,2,4,0.0,50.97078162136019,1.0194156324272037,0.71178586671406,0.999106893664527,7.945632151828077,17915
energy,power_kw_eps1.0,n_weighted,1.0,8,1,,4,0,0.0,50.38238377709006,1.0076476755418013,0.7140611609194549,0.9952206290985884,8.02867622540847,8997
energy,power_kw_eps1.0,n_weighted,1.0,8,1,4.0,4,0,0.0,98.71524460811163,1.9743048921622326,0.8321432125304095,0.9952206290985884,8.02867622540847,8997
energy,power_kw_eps1.0,n_weighted,1.0,8,1,8.0,4,0,0.0,51.08086385443257,1.0216172770886514,0.7892287044858673,0.9952206290985884,8.02867622540847,8997
energy,power_kw_eps1.0,n_weighted,1.0,8,1,16.0,4,0,0.0,50.38238377709006,1.0076476755418013,0.7140611609194549,0.9952206290985884,8.02867622540847,8997
energy,power_kw_eps1.0,n_weighted,1.0,8,2,,4,0,0.0,50.38238377709006,1.0076476755418013,0.7140611609194549,0.9952206290985884,8.02867622540847,8997
energy,power_kw_eps1.0,n_weighted,1.0,8,2,4.0,4,0,0.0,98.71524460811163,1.9743048921622326,0.8321432125304095,0.9952206290985884,8.02867622540847,8997
energy,power_kw_eps1.0,n_weighted,1.0,8,2,8.0,4,0,0.0,51.08086385443257,1.0216172770886514,0.7892287044858673,0.9952206290985884,8.02867622540847,8997
energy,power_kw_eps1.0,n_weighted,1.0,8,2,16.0,4,0,0.0,50.38238377709006,1.0076476755418013,0.7140611609194549,0.9952206290985884,8.02867622540847,8997
energy,power_kw_eps1.0,n_weighted,1.0,8,3,,4,0,0.0,50.38238377709006,1.0076476755418013,0.7140611609194549,0.9952206290985884,8.02867622540847,8997
energy,power_kw_eps1.0,n_weighted,1.0,8,3,4.0,4,0,0.0,98.71524460811163,1.9743048921622326,0.8321432125304095,0.9952206290985884,8.02867622540847,8997
energy,power_kw_eps1.0,n_weighted,1.0,8,3,8.0,4,0,0.0,51.08086385443257,1.0216172770886514,0.7892287044858673,0.9952206290985884,8.02867622540847,8997
energy,power_kw_eps1.0,n_weighted,1.0,8,3,16.0,4,0,0.0,50.38238377709006,1.0076476755418013,0.7140611609194549,0.9952206290985884,8.02867622540847,8997
energy,power_kw_eps1.0,n_weighted,1.0,8,4,,4,0,0.0,50.38238377709006,1.0076476755418013,0.7140611609194549,0.9952206290985884,8.02867622540847,8997
energy,power_kw_eps1.0,n_weighted,1.0,8,4,4.0,4,0,0.0,98.71524460811163,1.9743048921622326,0.8321432125304095,0.9952206290985884,8.02867622540847,8997
energy,power_kw_eps1.0,n_weighted,1.0,8,4,8.0,4,0,0.0,51.08086385443257,1.0216172770886514,0.7892287044858673,0.9952206290985884,8.02867622540847,8997
energy,power_kw_eps1.0,n_weighted,1.0,8,4,16.0,4,0,0.0,50.38238377709006,1.0076476755418013,0.7140611609194549,0.9952206290985884,8.02867622540847,8997
energy,power_kw_eps1.0,n_weighted,1.0,8,6,,4,0,0.0,50.38238377709006,1.0076476755418013,0.7140611609194549,0.9952206290985884,8.02867622540847,8997
energy,power_kw_eps1.0,n_weighted,1.0,8,6,8.0,4,0,0.0,51.08086385443257,1.0216172770886514,0.7892287044858673,0.9952206290985884,8.02867622540847,8997
energy,power_kw_eps1.0,n_weighted,1.0,8,6,16.0,4,0,0.0,50.38238377709006,1.0076476755418013,0.7140611609194549,0.9952206290985884,8.02867622540847,8997
energy,power_kw_eps1.0,n_weighted,1.0,8,1,,4,2,0.0,50.35939800301198,1.0071879600602396,0.7140611609194549,0.9987730061349693,8.05733407696598,8965
energy,power_kw_eps1.0,n_weighted,1.0,8,1,4.0,4,2,0.0,98.6647927451592,1.973295854903184,0.8321432125304095,0.9987730061349693,8.05733407696598,8965
energy,power_kw_eps1.0,n_weighted,1.0,8,1,8.0,4,2,0.0,51.0571368326744,1.021142736653488,0.7892285675334751,0.9987730061349693,8.05733407696598,8965
energy,power_kw_eps1.0,n_weighted,1.0,8,1,16.0,4,2,0.0,50.35939800301198,1.0071879600602396,0.7140611609194549,0.9987730061349693,8.05733407696598,8965
energy,power_kw_eps1.0,n_weighted,1.0,8,2,,4,2,0.0,50.35939800301198,1.0071879600602396,0.7140611609194549,0.9987730061349693,8.05733407696598,8965
energy,power_kw_eps1.0,n_weighted,1.0,8,2,4.0,4,2,0.0,98.6647927451592,1.973295854903184,0.8321432125304095,0.9987730061349693,8.05733407696598,8965
energy,power_kw_eps1.0,n_weighted,1.0,8,2,8.0,4,2,0.0,51.0571368326744,1.021142736653488,0.7892285675334751,0.9987730061349693,8.05733407696598,8965
energy,power_kw_eps1.0,n_weighted,1.0,8,2,16.0,4,2,0.0,50.35939800301198,1.0071879600602396,0.7140611609194549,0.9987730061349693,8.05733407696598,8965
energy,power_kw_eps1.0,n_weighted,1.0,8,3,,4,2,0.0,50.35939800301198,1.0071879600602396,0.7140611609194549,0.9987730061349693,8.05733407696598,8965
energy,power_kw_eps1.0,n_weighted,1.0,8,3,4.0,4,2,0.0,98.6647927451592,1.973295854903184,0.8321432125304095,0.9987730061349693,8.05733407696598,8965
energy,power_kw_eps1.0,n_weighted,1.0,8,3,8.0,4,2,0.0,51.0571368326744,1.021142736653488,0.7892285675334751,0.9987730061349693,8.05733407696598,8965
energy,power_kw_eps1.0,n_weighted,1.0,8,3,16.0,4,2,0.0,50.35939800301198,1.0071879600602396,0.7140611609194549,0.9987730061349693,8.05733407696598,8965
energy,power_kw_eps1.0,n_weighted,1.0,8,4,,4,2,0.0,50.35939800301198,1.0071879600602396,0.7140611609194549,0.9987730061349693,8.05733407696598,8965
energy,power_kw_eps1.0,n_weighted,1.0,8,4,4.0,4,2,0.0,98.6647927451592,1.973295854903184,0.8321432125304095,0.9987730061349693,8.05733407696598,8965
energy,power_kw_eps1.0,n_weighted,1.0,8,4,8.0,4,2,0.0,51.0571368326744,1.021142736653488,0.7892285675334751,0.9987730061349693,8.05733407696598,8965
energy,power_kw_eps1.0,n_weighted,1.0,8,4,16.0,4,2,0.0,50.35939800301198,1.0071879600602396,0.7140611609194549,0.9987730061349693,8.05733407696598,8965
energy,power_kw_eps1.0,n_weighted,1.0,8,6,,4,2,0.0,50.35939800301198,1.0071879600602396,0.7140611609194549,0.9987730061349693,8.05733407696598,8965
energy,power_kw_eps1.0,n_weighted,1.0,8,6,8.0,4,2,0.0,51.0571368326744,1.021142736653488,0.7892285675334751,0.9987730061349693,8.05733407696598,8965
energy,power_kw_eps1.0,n_weighted,1.0,8,6,16.0,4,2,0.0,50.35939800301198,1.0071879600602396,0.7140611609194549,0.9987730061349693,8.05733407696598,8965
energy,power_kw_eps1.0,n_weighted,1.0,8,1,,4,4,0.0,50.35319559907861,1.0070639119815723,0.7142899397856065,0.9993303571428571,8.061830357142858,8960
energy,power_kw_eps1.0,n_weighted,1.0,8,1,4.0,4,4,0.0,98.6506738910705,1.97301347782141,0.8321432125304095,0.9993303571428571,8.061830357142858,8960
energy,power_kw_eps1.0,n_weighted,1.0,8,1,8.0,4,4,0.0,51.05132379192723,1.0210264758385446,0.7892285675334751,0.9993303571428571,8.061830357142858,8960
energy,power_kw_eps1.0,n_weighted,1.0,8,1,16.0,4,4,0.0,50.35319559907861,1.0070639119815723,0.7142899397856065,0.9993303571428571,8.061830357142858,8960
energy,power_kw_eps1.0,n_weighted,1.0,8,2,,4,4,0.0,50.35319559907861,1.0070639119815723,0.7142899397856065,0.9993303571428571,8.061830357142858,8960
energy,power_kw_eps1.0,n_weighted,1.0,8,2,4.0,4,4,0.0,98.6506738910705,1.97301347782141,0.8321432125304095,0.9993303571428571,8.061830357142858,8960
energy,power_kw_eps1.0,n_weighted,1.0,8,2,8.0,4,4,0.0,51.05132379192723,1.0210264758385446,0.7892285675334751,0.9993303571428571,8.061830357142858,8960
energy,power_kw_eps1.0,n_weighted,1.0,8,2,16.0,4,4,0.0,50.35319559907861,1.0070639119815723,0.7142899397856065,0.9993303571428571,8.061830357142858,8960
energy,power_kw_eps1.0,n_weighted,1.0,8,3,,4,4,0.0,50.35319559907861,1.0070639119815723,0.7142899397856065,0.9993303571428571,8.061830357142858,8960
energy,power_kw_eps1.0,n_weighted,1.0,8,3,4.0,4,4,0.0,98.6506738910705,1.97301347782141,0.8321432125304095,0.9993303571428571,8.061830357142858,8960
energy,power_kw_eps1.0,n_weighted,1.0,8,3,8.0,4,4,0.0,51.05132379192723,1.0210264758385446,0.7892285675334751,0.9993303571428571,8.061830357142858,8960
energy,power_kw_eps1.0,n_weighted,1.0,8,3,16.0,4,4,0.0,50.35319559907861,1.0070639119815723,0.7142899397856065,0.9993303571428571,8.061830357142858,8960
energy,power_kw_eps1.0,n_weighted,1.0,8,4,,4,4,0.0,50.35319559907861,1.0070639119815723,0.7142899397856065,0.9993303571428571,8.061830357142858,8960
energy,power_kw_eps1.0,n_weighted,1.0,8,4,4.0,4,4,0.0,98.6506738910705,1.97301347782141,0.8321432125304095,0.9993303571428571,8.061830357142858,8960
energy,power_kw_eps1.0,n_weighted,1.0,8,4,8.0,4,4,0.0,51.05132379192723,1.0210264758385446,0.7892285675334751,0.9993303571428571,8.061830357142858,8960
energy,power_kw_eps1.0,n_weighted,1.0,8,4,16.0,4,4,0.0,50.35319559907861,1.0070639119815723,0.7142899397856065,0.9993303571428571,8.061830357142858,8960
energy,power_kw_eps1.0,n_weighted,1.0,8,6,,4,4,0.0,50.35319559907861,1.0070639119815723,0.7142899397856065,0.9993303571428571,8.061830357142858,8960
energy,power_kw_eps1.0,n_weighted,1.0,8,6,8.0,4,4,0.0,51.05132379192723,1.0210264758385446,0.7892285675334751,0.9993303571428571,8.061830357142858,8960
energy,power_kw_eps1.0,n_weighted,1.0,8,6,16.0,4,4,0.0,50.35319559907861,1.0070639119815723,0.7142899397856065,0.9993303571428571,8.061830357142858,8960
