dataset,sensor,strategy,epsilon,w,P_min,P_max,delta_t,k_ext,epsilon_count,mae,normalized_mae,kl_divergence,release_rate,avg_n_tau,n_logical_timestamps
manufacturing,temperature_eps0.5,uniform,0.5,8,1,,1,0,0.0,300.2970333236514,1.5014851666182571,0.8052097194013691,1.0,10.0,1000
manufacturing,temperature_eps0.5,uniform,0.5,8,1,4.0,1,0,0.0,750.7425833091287,3.7537129165456435,0.8052083317775939,1.0,10.0,1000
manufacturing,temperature_eps0.5,uniform,0.5,8,1,8.0,1,0,0.0,375.3712916545643,1.8768564582728215,0.8052114482920871,1.0,10.0,1000
manufacturing,temperature_eps0.5,uniform,0.5,8,1,16.0,1,0,0.0,300.2970333236514,1.5014851666182571,0.8052097194013691,1.0,10.0,1000
manufacturing,temperature_eps0.5,uniform,0.5,8,2,,1,0,0.0,300.2970333236514,1.5014851666182571,0.8052097194013691,1.0,10.0,1000
manufacturing,temperature_eps0.5,uniform,0.5,8,2,4.0,1,0,0.0,750.7425833091287,3.7537129165456435,0.8052083317775939,1.0,10.0,1000
manufacturing,temperature_eps0.5,uniform,0.5,8,2,8.0,1,0,0.0,375.3712916545643,1.8768564582728215,0.8052114482920871,1.0,10.0,1000
manufacturing,temperature_eps0.5,uniform,0.5,8,2,16.0,1,0,0.0,300.2970333236514,1.5014851666182571,0.8052097194013691,1.0,10.0,1000
manufacturing,temperature_eps0.5,uniform,0.5,8,3,,1,0,0.0,300.2970333236514,1.5014851666182571,0.8052097194013691,1.0,10.0,1000
manufacturing,temperature_eps0.5,uniform,0.5,8,3,4.0,1,0,0.0,750.7425833091287,3.7537129165456435,0.8052083317775939,1.0,10.0,1000
manufacturing,temperature_eps0.5,uniform,0.5,8,3,8.0,1,0,0.0,375.3712916545643,1.8768564582728215,0.8052114482920871,1.0,10.0,1000
manufacturing,temperature_eps0.5,uniform,0.5,8,3,16.0,1,0,0.0,300.2970333236514,1.5014851666182571,0.8052097194013691,1.0,10.0,1000
manufacturing,temperature_eps0.5,uniform,0.5,8,4,,1,0,0.0,300.2970333236514,1.5014851666182571,0.8052097194013691,1.0,10.0,1000
manufacturing,temperature_eps0.5,uniform,0.5,8,4,4.0,1,0,0.0,750.7425833091287,3.7537129165456435,0.8052083317775939,1.0,10.0,1000
manufacturing,temperature_eps0.5,uniform,0.5,8,4,8.0,1,0,0.0,375.3712916545643,1.8768564582728215,0.8052114482920871,1.0,10.0,1000
manufacturing,temperature_eps0.5,uniform,0.5,8,4,16.0,1,0,0.0,300.2970333236514,1.5014851666182571,0.8052097194013691,1.0,10.0,1000
manufacturing,temperature_eps0.5,uniform,0.5,8,6,,1,0,0.0,300.2970333236514,1.5014851666182571,0.8052097194013691,1.0,10.0,1000
manufacturing,temperature_eps0.5,uniform,0.5,8,6,8.0,1,0,0.0,375.3712916545643,1.8768564582728215,0.8052114482920871,1.0,10.0,1000
manufacturing,temperature_eps0.5,uniform,0.5,8,6,16.0,1,0,0.0,300.2970333236514,1.5014851666182571,0.8052097194013691,1.0,10.0,1000
manufacturing,temperature_eps0.5,uniform,0.5,8,1,,1,2,0.0,300.2970333236514,1.5014851666182571,0.8052097194013691,1.0,10.0,1000
manufacturing,temperature_eps0.5,uniform,0.5,8,1,4.0,1,2,0.0,750.7425833091287,3.7537129165456435,0.8052083317775939,1.0,10.0,1000
manufacturing,temperature_eps0.5,uniform,0.5,8,1,8.0,1,2,0.0,375.3712916545643,1.8768564582728215,0.8052114482920871,1.0,10.0,1000
manufacturing,temperature_eps0.5,uniform,0.5,8,1,16.0,1,2,0.0,300.2970333236514,1.5014851666182571,0.8052097194013691,1.0,10.0,1000
manufacturing,temperature_eps0.5,uniform,0.5,8,2,,1,2,0.0,300.2970333236514,1.5014851666182571,0.8052097194013691,1.0,10.0,1000
manufacturing,temperature_eps0.5,uniform,0.5,8,2,4.0,1,2,0.0,750.7425833091287,3.7537129165456435,0.8052083317775939,1.0,10.0,1000
manufacturing,temperature_eps0.5,uniform,0.5,8,2,8.0,1,2,0.0,375.3712916545643,1.8768564582728215,0.8052114482920871,1.0,10.0,1000
manufacturing,temperature_eps0.5,uniform,0.5,8,2,16.0,1,2,0.0,300.2970333236514,1.5014851666182571,0.8052097194013691,1.0,10.0,1000
manufacturing,temperature_eps0.5,uniform,0.5,8,3,,1,2,0.0,300.2970333236514,1.5014851666182571,0.8052097194013691,1.0,10.0,1000
manufacturing,temperature_eps0.5,uniform,0.5,8,3,4.0,1,2,0.0,750.7425833091287,3.7537129165456435,0.8052083317775939,1.0,10.0,1000
manufacturing,temperature_eps0.5,uniform,0.5,8,3,8.0,1,2,0.0,375.3712916545643,1.8768564582728215,0.8052114482920871,1.0,10.0,1000
manufacturing,temperature_eps0.5,uniform,0.5,8,3,16.0,1,2,0.0,300.2970333236514,1.5014851666182571,0.8052097194013691,1.0,10.0,1000
manufacturing,temperature_eps0.5,uniform,0.5,8,4,,1,2,0.0,300.2970333236514,1.5014851666182571,0.8052097194013691,1.0,10.0,1000
manufacturing,temperature_eps0.5,uniform,0.5,8,4,4.0,1,2,0.0,750.7425833091287,3.7537129165456435,0.8052083317775939,1.0,10.0,1000
manufacturing,temperature_eps0.5,uniform,0.5,8,4,8.0,1,2,0.0,375.3712916545643,1.8768564582728215,0.8052114482920871,1.0,10.0,1000
manufacturing,temperature_eps0.5,uniform,0.5,8,4,16.0,1,2,0.0,300.2970333236514,1.5014851666182571,0.8052097194013691,1.0,10.0,1000
manufacturing,temperature_eps0.5,uniform,0.5,8,6,,1,2,0.0,300.2970333236514,1.5014851666182571,0.8052097194013691,1.0,10.0,1000
manufacturing,temperature_eps0.5,uniform,0.5,8,6,8.0,1,2,0.0,375.3712916545643,1.8768564582728215,0.8052114482920871,1.0,10.0,1000
manufacturing,temperature_eps0.5,uniform,0.5,8,6,16.0,1,2,0.0,300.2970333236514,1.5014851666182571,0.8052097194013691,1.0,10.0,1000
manufacturing,temperature_eps0.5,uniform,0.5,8,1,,1,4,0.0,300.2970333236514,1.5014851666182571,0.8052097194013691,1.0,10.0,1000
manufacturing,temperature_eps0.5,uniform,0.5,8,1,4.0,1,4,0.0,750.7425833091287,3.7537129165456435,0.8052083317775939,1.0,10.0,1000
manufacturing,temperature_eps0.5,uniform,0.5,8,1,8.0,1,4,0.0,375.3712916545643,1.8768564582728215,0.8052114482920871,1.0,10.0,1000
manufacturing,temperature_eps0.5,uniform,0.5,8,1,16.0,1,4,0.0,300.2970333236514,1.5014851666182571,0.8052097194013691,1.0,10.0,1000
manufacturing,temperature_eps0.5,uniform,0.5,8,2,,1,4,0.0,300.2970333236514,1.5014851666182571,0.8052097194013691,1.0,10.0,1000
manufacturing,temperature_eps0.5,uniform,0.5,8,2,4.0,1,4,0.0,750.7425833091287,3.7537129165456435,0.8052083317775939,1.0,10.0,1000
manufacturing,temperature_eps0.5,uniform,0.5,8,2,8.0,1,4,0.0,375.3712916545643,1.8768564582728215,0.8052114482920871,1.0,10.0,1000
manufacturing,temperature_eps0.5,uniform,0.5,8,2,16.0,1,4,0.0,300.2970333236514,1.5014851666182571,0.8052097194013691,1.0,10.0,1000
manufacturing,temperature_eps0.5,uniform,0.5,8,3,,1,4,0.0,300.2970333236514,1.5014851666182571,0.8052097194013691,1.0,10.0,1000
manufacturing,temperature_eps0.5,uniform,0.5,8,3,4.0,1,4,0.0,750.7425833091287,3.7537129165456435,0.8052083317775939,1.0,10.0,1000
manufacturing,temperature_eps0.5,uniform,0.5,8,3,8.0,1,4,0.0,375.3712916545643,1.8768564582728215,0.8052114482920871,1.0,10.0,1000
manufacturing,temperature_eps0.5,uniform,0.5,8,3,16.0,1,4,0.0,300.2970333236514,1.5014851666182571,0.8052097194013691,1.0,10.0,1000
manufacturing,temperature_eps0.5,uniform,0.5,8,4,,1,4,0.0,300.2970333236514,1.5014851666182571,0.8052097194013691,1.0,10.0,1000
manufacturing,temperature_eps0.5,uniform,0.5,8,4,4.0,1,4,0.0,750.7425833091287,3.7537129165456435,0.8052083317775939,1.0,10.0,1000
manufacturing,temperature_eps0.5,uniform,0.5,8,4,8.0,1,4,0.0,375.3712916545643,1.8768564582728215,0.8052114482920871,1.0,10.0,1000
manufacturing,temperature_eps0.5,uniform,0.5,8,4,16.0,1,4,0.0,300.2970333236514,1.5014851666182571,0.8052097194013691,1.0,10.0,1000
manufacturing,temperature_eps0.5,uniform,0.5,8,6,,1,4,0.0,300.2970333236514,1.5014851666182571,0.8052097194013691,1.0,10.0,1000
manufacturing,temperature_eps0.5,uniform,0.5,8,6,8.0,1,4,0.0,375.3712916545643,1.8768564582728215,0.8052114482920871,1.0,10.0,1000
manufacturing,temperature_eps0.5,uniform,0.5,8,6,16.0,1,4,0.0,300.2970333236514,1.5014851666182571,0.8052097194013691,1.0,10.0,1000
manufacturing,temperature_eps0.5,uniform,0.5,8,1,,2,0,0.0,313.34263769850634,1.5667131884925316,0.9437968812067142,1.0,10.0,500
manufacturing,temperature_eps0.5,uniform,0.5,8,1,4.0,2,0,0.0,783.3565942462659,3.9167829712313296,0.9439874494525142,1.0,10.0,500
manufacturing,temperature_eps0.5,uniform,0.5,8,1,8.0,2,0,0.0,391.67829712313295,1.9583914856156648,0.9437968812067142,1.0,10.0,500
manufacturing,temperature_eps0.5,uniform,0.5,8,1,16.0,2,0,0.0,313.34263769850634,1.5667131884925316,0.9437968812067142,1.0,10.0,500
manufacturing,temperature_eps0.5,uniform,0.5,8,2,,2,0,0.0,313.34263769850634,1.5667131884925316,0.9437968812067142,1.0,10.0,500
manufacturing,temperature_eps0.5,uniform,0.5,8,2,4.0,2,0,0.0,783.3565942462659,3.9167829712313296,0.9439874494525142,1.0,10.0,500
manufacturing,temperature_eps0.5,uniform,0.5,8,2,8.0,2,0,0.0,391.67829712313295,1.9583914856156648,0.9437968812067142,1.0,10.0,500
manufacturing,temperature_eps0.5,uniform,0.5,8,2,16.0,2,0,0.0,313.34263769850634,1.5667131884925316,0.9437968812067142,1.0,10.0,500
manufacturing,temperature_eps0.5,uniform,0.5,8,3,,2,0,0.0,313.34263769850634,1.5667131884925316,0.9437968812067142,1.0,10.0,500
manufacturing,temperature_eps0.5,uniform,0.5,8,3,4.0,2,0,0.0,783.3565942462659,3.9167829712313296,0.9439874494525142,1.0,10.0,500
manufacturing,temperature_eps0.5,uniform,0.5,8,3,8.0,2,0,0.0,391.67829712313295,1.9583914856156648,0.9437968812067142,1.0,10.0,500
manufacturing,temperature_eps0.5,uniform,0.5,8,3,16.0,2,0,0.0,313.34263769850634,1.5667131884925316,0.9437968812067142,1.0,10.0,500
manufacturing,temperature_eps0.5,uniform,0.5,8,4,,2,0,0.0,313.34263769850634,1.5667131884925316,0.9437968812067142,1.0,10.0,500
manufacturing,temperature_eps0.5,uniform,0.5,8,4,4.0,2,0,0.0,783.3565942462659,3.9167829712313296,0.9439874494525142,1.0,10.0,500
manufacturing,temperature_eps0.5,uniform,0.5,8,4,8.0,2,0,0.0,391.67829712313295,1.9583914856156648,0.9437968812067142,1.0,10.0,500
manufacturing,temperature_eps0.5,uniform,0.5,8,4,16.0,2,0,0.0,313.34263769850634,1.5667131884925316,0.9437968812067142,1.0,10.0,500
manufacturing,temperature_eps0.5,uniform,0.5,8,6,,2,0,0.0,313.34263769850634,1.5667131884925316,0.9437968812067142,1.0,10.0,500
manufacturing,temperature_eps0.5,uniform,0.5,8,6,8.0,2,0,0.0,391.67829712313295,1.9583914856156648,0.9437968812067142,1.0,10.0,500
manufacturing,temperature_eps0.5,uniform,0.5,8,6,16.0,2,0,0.0,313.34263769850634,1.5667131884925316,0.9437968812067142,1.0,10.0,500
manufacturing,temperature_eps0.5,uniform,0.5,8,1,,2,2,0.0,313.34263769850634,1.5667131884925316,0.9437968812067142,1.0,10.0,500
manufacturing,temperature_eps0.5,uniform,0.5,8,1,4.0,2,2,0.0,783.3565942462659,3.9167829712313296,0.9439874494525142,1.0,10.0,500
manufacturing,temperature_eps0.5,uniform,0.5,8,1,8.0,2,2,0.0,391.67829712313295,1.9583914856156648,0.9437968812067142,1.0,10.0,500
manufacturing,temperature_eps0.5,uniform,0.5,8,1,16.0,2,2,0.0,313.34263769850634,1.5667131884925316,0.9437968812067142,1.0,10.0,500
manufacturing,temperature_eps0.5,uniform,0.5,8,2,,2,2,0.0,313.34263769850634,1.5667131884925316,0.9437968812067142,1.0,10.0,500
manufacturing,temperature_eps0.5,uniform,0.5,8,2,4.0,2,2,0.0,783.3565942462659,3.9167829712313296,0.9439874494525142,1.0,10.0,500
manufacturing,temperature_eps0.5,uniform,0.5,8,2,8.0,2,2,0.0,391.67829712313295,1.9583914856156648,0.9437968812067142,1.0,10.0,500
manufacturing,temperature_eps0.5,uniform,0.5,8,2,16.0,2,2,0.0,313.34263769850634,1.5667131884925316,0.9437968812067142,1.0,10.0,500
manufacturing,temperature_eps0.5,uniform,0.5,8,3,,2,2,0.0,313.34263769850634,1.5667131884925316,0.9437968812067142,1.0,10.0,500
manufacturing,temperature_eps0.5,uniform,0.5,8,3,4.0,2,2,0.0,783.3565942462659,3.9167829712313296,0.9439874494525142,1.0,10.0,500
manufacturing,temperature_eps0.5,uniform,0.5,8,3,8.0,2,2,0.0,391.67829712313295,1.9583914856156648,0.9437968812067142,1.0,10.0,500
manufacturing,temperature_eps0.5,uniform,0.5,8,3,16.0,2,2,0.0,313.34263769850634,1.5667131884925316,0.9437968812067142,1.0,10.0,500
manufacturing,temperature_eps0.5,uniform,0.5,8,4,,2,2,0.0,313.34263769850634,1.5667131884925316,0.9437968812067142,1.0,10.0,500
manufacturing,temperature_eps0.5,uniform,0.5,8,4,4.0,2,2,0.0,783.3565942462659,3.9167829712313296,0.9439874494525142,1.0,10.0,500
manufacturing,temperature_eps0.5,uniform,0.5,8,4,8.0,2,2,0.0,391.67829712313295,1.9583914856156648,0.9437968812067142,1.0,10.0,500
manufacturing,temperature_eps0.5,uniform,0.5,8,4,16.0,2,2,0.0,313.34263769850634,1.5667131884925316,0.9437968812067142,1.0,10.0,500
manufacturing,temperature_eps0.5,uniform,0.5,8,6,,2,2,0.0,313.34263769850634,1.5667131884925316,0.9437968812067142,1.0,10.0,500
manufacturing,temperature_eps0.5,uniform,0.5,8,6,8.0,2,2,0.0,391.67829712313295,1.9583914856156648,0.9437968812067142,1.0,10.0,500
manufacturing,temperature_eps0.5,uniform,0.5,8,6,16.0,2,2,0.0,313.34263769850634,1.5667131884925316,0.9437968812067142,1.0,10.0,500
manufacturing,temperature_eps0.5,uniform,0.5,8,1,,2,4,0.0,313.34263769850634,1.5667131884925316,0.9437968812067142,1.0,10.0,500
manufacturing,temperature_eps0.5,uniform,0.5,8,1,4.0,2,4,0.0,783.3565942462659,3.9167829712313296,0.9439874494525142,1.0,10.0,500
manufacturing,temperature_eps0.5,uniform,0.5,8,1,8.0,2,4,0.0,391.67829712313295,1.9583914856156648,0.9437968812067142,1.0,10.0,500
manufacturing,temperature_eps0.5,uniform,0.5,8,1,16.0,2,4,0.0,313.34263769850634,1.5667131884925316,0.9437968812067142,1.0,10.0,500
manufacturing,temperature_eps0.5,uniform,0.5,8,2,,2,4,0.0,313.34263769850634,1.5667131884925316,0.9437968812067142,1.0,10.0,500
manufacturing,temperature_eps0.5,uniform,0.5,8,2,4.0,2,4,0.0,783.3565942462659,3.9167829712313296,0.9439874494525142,1.0,10.0,500
manufacturing,temperature_eps0.5,uniform,0.5,8,2,8.0,2,4,0.0,391.67829712313295,1.9583914856156648,0.9437968812067142,1.0,10.0,500
manufacturing,temperature_eps0.5,uniform,0.5,8,2,16.0,2,4,0.0,313.34263769850634,1.5667131884925316,0.9437968812067142,1.0,10.0,500
manufacturing,temperature_eps0.5,uniform,0.5,8,3,,2,4,0.0,313.34263769850634,1.5667131884925316,0.9437968812067142,1.0,10.0,500
manufacturing,temperature_eps0.5,uniform,0.5,8,3,4.0,2,4,0.0,783.3565942462659,3.9167829712313296,0.9439874494525142,1.0,10.0,500
manufacturing,temperature_eps0.5,uniform,0.5,8,3,8.0,2,4,0.0,391.67829712313295,1.9583914856156648,0.9437968812067142,1.0,10.0,500
manufacturing,temperature_eps0.5,uniform,0.5,8,3,16.0,2,4,0.0,313.34263769850634,1.5667131884925316,0.9437968812067142,1.0,10.0,500
manufacturing,temperature_eps0.5,uniform,0.5,8,4,,2,4,0.0,313.34263769850634,1.5667131884925316,0.9437968812067142,1.0,10.0,500
manufacturing,temperature_eps0.5,uniform,0.5,8,4,4.0,2,4,0.0,783.3565942462659,3.9167829712313296,0.9439874494525142,1.0,10.0,500
manufacturing,temperature_eps0.5,uniform,0.5,8,4,8.0,2,4,0.0,391.67829712313295,1.9583914856156648,0.9437968812067142,1.0,10.0,500
manufacturing,temperature_eps0.5,uniform,0.5,8,4,16.0,2,4,0.0,313.34263769850634,1.5667131884925316,0.9437968812067142,1.0,10.0,500
manufacturing,temperature_eps0.5,uniform,0.5,8,6,,2,4,0.0,313.34263769850634,1.5667131884925316,0.9437968812067142,1.0,10.0,500
manufacturing,temperature_eps0.5,uniform,0.5,8,6,8.0,2,4,0.0,391.67829712313295,1.9583914856156648,0.9437968812067142,1.0,10.0,500
manufacturing,temperature_eps0.5,uniform,0.5,8,6,16.0,2,4,0.0,313.34263769850634,1.5667131884925316,0.9437968812067142,1.0,10.0,500
manufacturing,temperature_eps0.5,uniform,0.5,8,1,,4,0,0.0,329.87735299352545,1.6493867649676273,0.6932019709654147,1.0,10.0,250
manufacturing,temperature_eps0.5,uniform,0.5,8,1,4.0,4,0,0.0,824.6933824838137,4.123466912419069,0.6932019709654147,1.0,10.0,250
manufacturing,temperature_eps0.5,uniform,0.5,8,1,8.0,4,0,0.0,412.34669124190685,2.0617334562095344,0.6932019709654147,1.0,10.0,250
manufacturing,temperature_eps0.5,uniform,0.5,8,1,16.0,4,0,0.0,329.87735299352545,1.6493867649676273,0.6932019709654147,1.0,10.0,250
manufacturing,temperature_eps0.5,uniform,0.5,8,2,,4,0,0.0,329.87735299352545,1.6493867649676273,0.6932019709654147,1.0,10.0,250
manufacturing,temperature_eps0.5,uniform,0.5,8,2,4.0,4,0,0.0,824.6933824838137,4.123466912419069,0.6932019709654147,1.0,10.0,250
manufacturing,temperature_eps0.5,uniform,0.5,8,2,8.0,4,0,0.0,412.34669124190685,2.0617334562095344,0.6932019709654147,1.0,10.0,250
manufacturing,temperature_eps0.5,uniform,0.5,8,2,16.0,4,0,0.0,329.87735299352545,1.6493867649676273,0.6932019709654147,1.0,10.0,250
manufacturing,temperature_eps0.5,uniform,0.5,8,3,,4,0,0.0,329.87735299352545,1.6493867649676273,0.6932019709654147,1.0,10.0,250
manufacturing,temperature_eps0.5,uniform,0.5,8,3,4.0,4,0,0.0,824.6933824838137,4.123466912419069,0.6932019709654147,1.0,10.0,250
manufacturing,temperature_eps0.5,uniform,0.5,8,3,8.0,4,0,0.0,412.34669124190685,2.0617334562095344,0.6932019709654147,1.0,10.0,250
manufacturing,temperature_eps0.5,uniform,0.5,8,3,16.0,4,0,0.0,329.87735299352545,1.6493867649676273,0.6932019709654147,1.0,10.0,250
manufacturing,temperature_eps0.5,uniform,0.5,8,4,,4,0,0.0,329.87735299352545,1.6493867649676273,0.6932019709654147,1.0,10.0,250
manufacturing,temperature_eps0.5,uniform,0.5,8,4,4.0,4,0,0.0,824.6933824838137,4.123466912419069,0.6932019709654147,1.0,10.0,250
manufacturing,temperature_eps0.5,uniform,0.5,8,4,8.0,4,0,0.0,412.34669124190685,2.0617334562095344,0.6932019709654147,1.0,10.0,250
manufacturing,temperature_eps0.5,uniform,0.5,8,4,16.0,4,0,0.0,329.87735299352545,1.6493867649676273,0.6932019709654147,1.0,10.0,250
manufacturing,temperature_eps0.5,uniform,0.5,8,6,,4,0,0.0,329.87735299352545,1.6493867649676273,0.6932019709654147,1.0,10.0,250
manufacturing,temperature_eps0.5,uniform,0.5,8,6,8.0,4,0,0.0,412.34669124190685,2.0617334562095344,0.6932019709654147,1.0,10.0,250
manufacturing,temperature_eps0.5,uniform,0.5,8,6,16.0,4,0,0.0,329.87735299352545,1.6493867649676273,0.6932019709654147,1.0,10.0,250
manufacturing,temperature_eps0.5,uniform,0.5,8,1,,4,2,0.0,329.87735299352545,1.6493867649676273,0.6932019709654147,1.0,10.0,250
manufacturing,temperature_eps0.5,uniform,0.5,8,1,4.0,4,2,0.0,824.6933824838137,4.123466912419069,0.6932019709654147,1.0,10.0,250
manufacturing,temperature_eps0.5,uniform,0.5,8,1,8.0,4,2,0.0,412.34669124190685,2.0617334562095344,0.6932019709654147,1.0,10.0,250
manufacturing,temperature_eps0.5,uniform,0.5,8,1,16.0,4,2,0.0,329.87735299352545,1.6493867649676273,0.6932019709654147,1.0,10.0,250
manufacturing,temperature_eps0.5,uniform,0.5,8,2,,4,2,0.0,329.87735299352545,1.6493867649676273,0.6932019709654147,1.0,10.0,250
manufacturing,temperature_eps0.5,uniform,0.5,8,2,4.0,4,2,0.0,824.6933824838137,4.123466912419069,0.6932019709654147,1.0,10.0,250
manufacturing,temperature_eps0.5,uniform,0.5,8,2,8.0,4,2,0.0,412.34669124190685,2.0617334562095344,0.6932019709654147,1.0,10.0,250
manufacturing,temperature_eps0.5,uniform,0.5,8,2,16.0,4,2,0.0,329.87735299352545,1.6493867649676273,0.6932019709654147,1.0,10.0,250
manufacturing,temperature_eps0.5,uniform,0.5,8,3,,4,2,0.0,329.87735299352545,1.6493867649676273,0.6932019709654147,1.0,10.0,250
manufacturing,temperature_eps0.5,uniform,0.5,8,3,4.0,4,2,0.0,824.6933824838137,4.123466912419069,0.6932019709654147,1.0,10.0,250
manufacturing,temperature_eps0.5,uniform,0.5,8,3,8.0,4,2,0.0,412.34669124190685,2.0617334562095344,0.6932019709654147,1.0,10.0,250
manufacturing,temperature_eps0.5,uniform,0.5,8,3,16.0,4,2,0.0,329.87735299352545,1.6493867649676273,0.6932019709654147,1.0,10.0,250
manufacturing,temperature_eps0.5,uniform,0.5,8,4,,4,2,0.0,329.87735299352545,1.6493867649676273,0.6932019709654147,1.0,10.0,250
manufacturing,temperature_eps0.5,uniform,0.5,8,4,4.0,4,2,0.0,824.6933824838137,4.123466912419069,0.6932019709654147,1.0,10.0,250
manufacturing,temperature_eps0.5,uniform,0.5,8,4,8.0,4,2,0.0,412.34669124190685,2.0617334562095344,0.6932019709654147,1.0,10.0,250
manufacturing,temperature_eps0.5,uniform,0.5,8,4,16.0,4,2,0.0,329.87735299352545,1.6493867649676273,0.6932019709654147,1.0,10.0,250
manufacturing,temperature_eps0.5,uniform,0.5,8,6,,4,2,0.0,329.87735299352545,1.6493867649676273,0.6932019709654147,1.0,10.0,250
manufacturing,temperature_eps0.5,uniform,0.5,8,6,8.0,4,2,0.0,412.34669124190685,2.0617334562095344,0.6932019709654147,1.0,10.0,250
manufacturing,temperature_eps0.5,uniform,0.5,8,6,16.0,4,2,0.0,329.87735299352545,1.6493867649676273,0.6932019709654147,1.0,10.0,250
manufacturing,temperature_eps0.5,uniform,0.5,8,1,,4,4,0.0,329.87735299352545,1.6493867649676273,0.6932019709654147,1.0,10.0,250
manufacturing,temperature_eps0.5,uniform,0.5,8,1,4.0,4,4,0.0,824.6933824838137,4.123466912419069,0.6932019709654147,1.0,10.0,250
manufacturing,temperature_eps0.5,uniform,0.5,8,1,8.0,4,4,0.0,412.34669124190685,2.0617334562095344,0.6932019709654147,1.0,10.0,250
manufacturing,temperature_eps0.5,uniform,0.5,8,1,16.0,4,4,0.0,329.87735299352545,1.6493867649676273,0.6932019709654147,1.0,10.0,250
manufacturing,temperature_eps0.5,uniform,0.5,8,2,,4,4,0.0,329.87735299352545,1.6493867649676273,0.6932019709654147,1.0,10.0,250
manufacturing,temperature_eps0.5,uniform,0.5,8,2,4.0,4,4,0.0,824.6933824838137,4.123466912419069,0.6932019709654147,1.0,10.0,250
manufacturing,temperature_eps0.5,uniform,0.5,8,2,8.0,4,4,0.0,412.34669124190685,2.0617334562095344,0.6932019709654147,1.0,10.0,250
manufacturing,temperature_eps0.5,uniform,0.5,8,2,16.0,4,4,0.0,329.87735299352545,1.6493867649676273,0.6932019709654147,1.0,10.0,250
manufacturing,temperature_eps0.5,uniform,0.5,8,3,,4,4,0.0,329.87735299352545,1.6493867649676273,0.6932019709654147,1.0,10.0,250
manufacturing,temperature_eps0.5,uniform,0.5,8,3,4.0,4,4,0.0,824.6933824838137,4.123466912419069,0.6932019709654147,1.0,10.0,250
manufacturing,temperature_eps0.5,uniform,0.5,8,3,8.0,4,4,0.0,412.34669124190685,2.0617334562095344,0.6932019709654147,1.0,10.0,250
manufacturing,temperature_eps0.5,uniform,0.5,8,3,16.0,4,4,0.0,329.87735299352545,1.6493867649676273,0.6932019709654147,1.0,10.0,250
manufacturing,temperature_eps0.5,uniform,0.5,8,4,,4,4,0.0,329.87735299352545,1.6493867649676273,0.6932019709654147,1.0,10.0,250
manufacturing,temperature_eps0.5,uniform,0.5,8,4,4.0,4,4,0.0,824.6933824838137,4.123466912419069,0.6932019709654147,1.0,10.0,250
manufacturing,temperature_eps0.5,uniform,0.5,8,4,8.0,4,4,0.0,412.34669124190685,2.0617334562095344,0.6932019709654147,1.0,10.0,250
manufacturing,temperature_eps0.5,uniform,0.5,8,4,16.0,4,4,0.0,329.87735299352545,1.6493867649676273,0.6932019709654147,1.0,10.0,250
manufacturing,temperature_eps0.5,uniform,0.5,8,6,,4,4,0.0,329.87735299352545,1.6493867649676273,0.6932019709654147,1.0,10.0,250
manufacturing,temperature_eps0.5,uniform,0.5,8,6,8.0,4,4,0.0,412.34669124190685,2.0617334562095344,0.6932019709654147,1.0,10.0,250
manufacturing,temperature_eps0.5,uniform,0.5,8,6,16.0,4,4,0.0,329.87735299352545,1.6493867649676273,0.6932019709654147,1.0,10.0,250
manufacturing,temperature_eps0.5,sample,0.5,8,1,,1,0,0.0,38.27422154849554,0.1913711077424777,1.0637969909464933,0.125,10.0,1000
manufacturing,temperature_eps0.5,sample,0.5,8,1,4.0,1,0,0.0,95.65380337123884,0.47826901685619416,1.0637969909464933,0.125,10.0,1000
manufacturing,temperature_eps0.5,sample,0.5,8,1,8.0,1,0,0.0,47.83748518561943,0.23918742592809714,1.0637969909464933,0.125,10.0,1000
manufacturing,temperature_eps0.5,sample,0.5,8,1,16.0,1,0,0.0,38.27422154849554,0.1913711077424777,1.0637969909464933,0.125,10.0,1000
manufacturing,temperature_eps0.5,sample,0.5,8,2,,1,0,0.0,38.27422154849554,0.1913711077424777,1.0637969909464933,0.125,10.0,1000
manufacturing,temperature_eps0.5,sample,0.5,8,2,4.0,1,0,0.0,95.65380337123884,0.47826901685619416,1.0637969909464933,0.125,10.0,1000
manufacturing,temperature_eps0.5,sample,0.5,8,2,8.0,1,0,0.0,47.83748518561943,0.23918742592809714,1.0637969909464933,0.125,10.0,1000
manufacturing,temperature_eps0.5,sample,0.5,8,2,16.0,1,0,0.0,38.27422154849554,0.1913711077424777,1.0637969909464933,0.125,10.0,1000
manufacturing,temperature_eps0.5,sample,0.5,8,3,,1,0,0.0,38.27422154849554,0.1913711077424777,1.0637969909464933,0.125,10.0,1000
manufacturing,temperature_eps0.5,sample,0.5,8,3,4.0,1,0,0.0,95.65380337123884,0.47826901685619416,1.0637969909464933,0.125,10.0,1000
manufacturing,temperature_eps0.5,sample,0.5,8,3,8.0,1,0,0.0,47.83748518561943,0.23918742592809714,1.0637969909464933,0.125,10.0,1000
manufacturing,temperature_eps0.5,sample,0.5,8,3,16.0,1,0,0.0,38.27422154849554,0.1913711077424777,1.0637969909464933,0.125,10.0,1000
manufacturing,temperature_eps0.5,sample,0.5,8,4,,1,0,0.0,38.27422154849554,0.1913711077424777,1.0637969909464933,0.125,10.0,1000
manufacturing,temperature_eps0.5,sample,0.5,8,4,4.0,1,0,0.0,95.65380337123884,0.47826901685619416,1.0637969909464933,0.125,10.0,1000
manufacturing,temperature_eps0.5,sample,0.5,8,4,8.0,1,0,0.0,47.83748518561943,0.23918742592809714,1.0637969909464933,0.125,10.0,1000
manufacturing,temperature_eps0.5,sample,0.5,8,4,16.0,1,0,0.0,38.27422154849554,0.1913711077424777,1.0637969909464933,0.125,10.0,1000
manufacturing,temperature_eps0.5,sample,0.5,8,6,,1,0,0.0,38.27422154849554,0.1913711077424777,1.0637969909464933,0.125,10.0,1000
manufacturing,temperature_eps0.5,sample,0.5,8,6,8.0,1,0,0.0,47.83748518561943,0.23918742592809714,1.0637969909464933,0.125,10.0,1000
manufacturing,temperature_eps0.5,sample,0.5,8,6,16.0,1,0,0.0,38.27422154849554,0.1913711077424777,1.0637969909464933,0.125,10.0,1000
manufacturing,temperature_eps0.5,sample,0.5,8,1,,1,2,0.0,38.27422154849554,0.1913711077424777,1.0637969909464933,0.125,10.0,1000
manufacturing,temperature_eps0.5,sample,0.5,8,1,4.0,1,2,0.0,95.65380337123884,0.47826901685619416,1.0637969909464933,0.125,10.0,1000
manufacturing,temperature_eps0.5,sample,0.5,8,1,8.0,1,2,0.0,47.83748518561943,0.23918742592809714,1.0637969909464933,0.125,10.0,1000
manufacturing,temperature_eps0.5,sample,0.5,8,1,16.0,1,2,0.0,38.27422154849554,0.1913711077424777,1.0637969909464933,0.125,10.0,1000
manufacturing,temperature_eps0.5,sample,0.5,8,2,,1,2,0.0,38.27422154849554,0.1913711077424777,1.0637969909464933,0.125,10.0,1000
manufacturing,temperature_eps0.5,sample,0.5,8,2,4.0,1,2,0.0,95.65380337123884,0.47826901685619416,1.0637969909464933,0.125,10.0,1000
manufacturing,temperature_eps0.5,sample,0.5,8,2,8.0,1,2,0.0,47.83748518561943,0.23918742592809714,1.0637969909464933,0.125,10.0,1000
manufacturing,temperature_eps0.5,sample,0.5,8,2,16.0,1,2,0.0,38.27422154849554,0.1913711077424777,1.0637969909464933,0.125,10.0,1000
manufacturing,temperature_eps0.5,sample,0.5,8,3,,1,2,0.0,38.27422154849554,0.1913711077424777,1.0637969909464933,0.125,10.0,1000
manufacturing,temperature_eps0.5,sample,0.5,8,3,4.0,1,2,0.0,95.65380337123884,0.47826901685619416,1.0637969909464933,0.125,10.0,1000
manufacturing,temperature_eps0.5,sample,0.5,8,3,8.0,1,2,0.0,47.83748518561943,0.23918742592809714,1.0637969909464933,0.125,10.0,1000
manufacturing,temperature_eps0.5,sample,0.5,8,3,16.0,1,2,0.0,38.27422154849554,0.1913711077424777,1.0637969909464933,0.125,10.0,1000
manufacturing,temperature_eps0.5,sample,0.5,8,4,,1,2,0.0,38.27422154849554,0.1913711077424777,1.0637969909464933,0.125,10.0,1000
manufacturing,temperature_eps0.5,sample,0.5,8,4,4.0,1,2,0.0,95.65380337123884,0.47826901685619416,1.0637969909464933,0.125,10.0,1000
manufacturing,temperature_eps0.5,sample,0.5,8,4,8.0,1,2,0.0,47.83748518561943,0.23918742592809714,1.0637969909464933,0.125,10.0,1000
manufacturing,temperature_eps0.5,sample,0.5,8,4,16.0,1,2,0.0,38.27422154849554,0.1913711077424777,1.0637969909464933,0.125,10.0,1000
manufacturing,temperature_eps0.5,sample,0.5,8,6,,1,2,0.0,38.27422154849554,0.1913711077424777,1.0637969909464933,0.125,10.0,1000
manufacturing,temperature_eps0.5,sample,0.5,8,6,8.0,1,2,0.0,47.83748518561943,0.23918742592809714,1.0637969909464933,0.125,10.0,1000
manufacturing,temperature_eps0.5,sample,0.5,8,6,16.0,1,2,0.0,38.27422154849554,0.1913711077424777,1.0637969909464933,0.125,10.0,1000
manufacturing,temperature_eps0.5,sample,0.5,8,1,,1,4,0.0,38.27422154849554,0.1913711077424777,1.0637969909464933,0.125,10.0,1000
manufacturing,temperature_eps0.5,sample,0.5,8,1,4.0,1,4,0.0,95.65380337123884,0.47826901685619416,1.0637969909464933,0.125,10.0,1000
manufacturing,temperature_eps0.5,sample,0.5,8,1,8.0,1,4,0.0,47.83748518561943,0.23918742592809714,1.0637969909464933,0.125,10.0,1000
manufacturing,temperature_eps0.5,sample,0.5,8,1,16.0,1,4,0.0,38.27422154849554,0.1913711077424777,1.0637969909464933,0.125,10.0,1000
manufacturing,temperature_eps0.5,sample,0.5,8,2,,1,4,0.0,38.27422154849554,0.1913711077424777,1.0637969909464933,0.125,10.0,1000
manufacturing,temperature_eps0.5,sample,0.5,8,2,4.0,1,4,0.0,95.65380337123884,0.47826901685619416,1.0637969909464933,0.125,10.0,1000
manufacturing,temperature_eps0.5,sample,0.5,8,2,8.0,1,4,0.0,47.83748518561943,0.23918742592809714,1.0637969909464933,0.125,10.0,1000
manufacturing,temperature_eps0.5,sample,0.5,8,2,16.0,1,4,0.0,38.27422154849554,0.1913711077424777,1.0637969909464933,0.125,10.0,1000
manufacturing,temperature_eps0.5,sample,0.5,8,3,,1,4,0.0,38.27422154849554,0.1913711077424777,1.0637969909464933,0.125,10.0,1000
manufacturing,temperature_eps0.5,sample,0.5,8,3,4.0,1,4,0.0,95.65380337123884,0.47826901685619416,1.0637969909464933,0.125,10.0,1000
manufacturing,temperature_eps0.5,sample,0.5,8,3,8.0,1,4,0.0,47.83748518561943,0.23918742592809714,1.0637969909464933,0.125,10.0,1000
manufacturing,temperature_eps0.5,sample,0.5,8,3,16.0,1,4,0.0,38.27422154849554,0.1913711077424777,1.0637969909464933,0.125,10.0,1000
manufacturing,temperature_eps0.5,sample,0.5,8,4,,1,4,0.0,38.27422154849554,0.1913711077424777,1.0637969909464933,0.125,10.0,1000
manufacturing,temperature_eps0.5,sample,0.5,8,4,4.0,1,4,0.0,95.65380337123884,0.47826901685619416,1.0637969909464933,0.125,10.0,1000
manufacturing,temperature_eps0.5,sample,0.5,8,4,8.0,1,4,0.0,47.83748518561943,0.23918742592809714,1.0637969909464933,0.125,10.0,1000
manufacturing,temperature_eps0.5,sample,0.5,8,4,16.0,1,4,0.0,38.27422154849554,0.1913711077424777,1.0637969909464933,0.125,10.0,1000
manufacturing,temperature_eps0.5,sample,0.5,8,6,,1,4,0.0,38.27422154849554,0.1913711077424777,1.0637969909464933,0.125,10.0,1000
manufacturing,temperature_eps0.5,sample,0.5,8,6,8.0,1,4,0.0,47.83748518561943,0.23918742592809714,1.0637969909464933,0.125,10.0,1000
manufacturing,temperature_eps0.5,sample,0.5,8,6,16.0,1,4,0.0,38.27422154849554,0.1913711077424777,1.0637969909464933,0.125,10.0,1000
manufacturing,temperature_eps0.5,sample,0.5,8,1,,2,0,0.0,35.405429819919576,0.17702714909959788,1.062826247471718,0.126,10.0,500
manufacturing,temperature_eps0.5,sample,0.5,8,1,4.0,2,0,0.0,88.51713470162387,0.4425856735081194,1.0129998290309234,0.126,10.0,500
manufacturing,temperature_eps0.5,sample,0.5,8,1,8.0,2,0,0.0,44.2564989378557,0.22128249468927852,1.0129998290309234,0.126,10.0,500
manufacturing,temperature_eps0.5,sample,0.5,8,1,16.0,2,0,0.0,35.405429819919576,0.17702714909959788,1.062826247471718,0.126,10.0,500
manufacturing,temperature_eps0.5,sample,0.5,8,2,,2,0,0.0,35.405429819919576,0.17702714909959788,1.062826247471718,0.126,10.0,500
manufacturing,temperature_eps0.5,sample,0.5,8,2,4.0,2,0,0.0,88.51713470162387,0.4425856735081194,1.0129998290309234,0.126,10.0,500
manufacturing,temperature_eps0.5,sample,0.5,8,2,8.0,2,0,0.0,44.2564989378557,0.22128249468927852,1.0129998290309234,0.126,10.0,500
manufacturing,temperature_eps0.5,sample,0.5,8,2,16.0,2,0,0.0,35.405429819919576,0.17702714909959788,1.062826247471718,0.126,10.0,500
manufacturing,temperature_eps0.5,sample,0.5,8,3,,2,0,0.0,35.405429819919576,0.17702714909959788,1.062826247471718,0.126,10.0,500
manufacturing,temperature_eps0.5,sample,0.5,8,3,4.0,2,0,0.0,88.51713470162387,0.4425856735081194,1.0129998290309234,0.126,10.0,500
manufacturing,temperature_eps0.5,sample,0.5,8,3,8.0,2,0,0.0,44.2564989378557,0.22128249468927852,1.0129998290309234,0.126,10.0,500
manufacturing,temperature_eps0.5,sample,0.5,8,3,16.0,2,0,0.0,35.405429819919576,0.17702714909959788,1.062826247471718,0.126,10.0,500
manufacturing,temperature_eps0.5,sample,0.5,8,4,,2,0,0.0,35.405429819919576,0.17702714909959788,1.062826247471718,0.126,10.0,500
manufacturing,temperature_eps0.5,sample,0.5,8,4,4.0,2,0,0.0,88.51713470162387,0.4425856735081194,1.0129998290309234,0.126,10.0,500
manufacturing,temperature_eps0.5,sample,0.5,8,4,8.0,2,0,0.0,44.2564989378557,0.22128249468927852,1.0129998290309234,0.126,10.0,500
manufacturing,temperature_eps0.5,sample,0.5,8,4,16.0,2,0,0.0,35.405429819919576,0.17702714909959788,1.062826247471718,0.126,10.0,500
manufacturing,temperature_eps0.5,sample,0.5,8,6,,2,0,0.0,35.405429819919576,0.17702714909959788,1.062826247471718,0.126,10.0,500
manufacturing,temperature_eps0.5,sample,0.5,8,6,8.0,2,0,0.0,44.2564989378557,0.22128249468927852,1.0129998290309234,0.126,10.0,500
manufacturing,temperature_eps0.5,sample,0.5,8,6,16.0,2,0,0.0,35.405429819919576,0.17702714909959788,1.062826247471718,0.126,10.0,500
manufacturing,temperature_eps0.5,sample,0.5,8,1,,2,2,0.0,35.405429819919576,0.17702714909959788,1.062826247471718,0.126,10.0,500
manufacturing,temperature_eps0.5,sample,0.5,8,1,4.0,2,2,0.0,88.51713470162387,0.4425856735081194,1.0129998290309234,0.126,10.0,500
manufacturing,temperature_eps0.5,sample,0.5,8,1,8.0,2,2,0.0,44.2564989378557,0.22128249468927852,1.0129998290309234,0.126,10.0,500
manufacturing,temperature_eps0.5,sample,0.5,8,1,16.0,2,2,0.0,35.405429819919576,0.17702714909959788,1.062826247471718,0.126,10.0,500
manufacturing,temperature_eps0.5,sample,0.5,8,2,,2,2,0.0,35.405429819919576,0.17702714909959788,1.062826247471718,0.126,10.0,500
manufacturing,temperature_eps0.5,sample,0.5,8,2,4.0,2,2,0.0,88.51713470162387,0.4425856735081194,1.0129998290309234,0.126,10.0,500
manufacturing,temperature_eps0.5,sample,0.5,8,2,8.0,2,2,0.0,44.2564989378557,0.22128249468927852,1.0129998290309234,0.126,10.0,500
manufacturing,temperature_eps0.5,sample,0.5,8,2,16.0,2,2,0.0,35.405429819919576,0.17702714909959788,1.062826247471718,0.126,10.0,500
manufacturing,temperature_eps0.5,sample,0.5,8,3,,2,2,0.0,35.405429819919576,0.17702714909959788,1.062826247471718,0.126,10.0,500
manufacturing,temperature_eps0.5,sample,0.5,8,3,4.0,2,2,0.0,88.51713470162387,0.4425856735081194,1.0129998290309234,0.126,10.0,500
manufacturing,temperature_eps0.5,sample,0.5,8,3,8.0,2,2,0.0,44.2564989378557,0.22128249468927852,1.0129998290309234,0.126,10.0,500
manufacturing,temperature_eps0.5,sample,0.5,8,3,16.0,2,2,0.0,35.405429819919576,0.17702714909959788,1.062826247471718,0.126,10.0,500
manufacturing,temperature_eps0.5,sample,0.5,8,4,,2,2,0.0,35.405429819919576,0.17702714909959788,1.062826247471718,0.126,10.0,500
manufacturing,temperature_eps0.5,sample,0.5,8,4,4.0,2,2,0.0,88.51713470162387,0.4425856735081194,1.0129998290309234,0.126,10.0,500
manufacturing,temperature_eps0.5,sample,0.5,8,4,8.0,2,2,0.0,44.2564989378557,0.22128249468927852,1.0129998290309234,0.126,10.0,500
manufacturing,temperature_eps0.5,sample,0.5,8,4,16.0,2,2,0.0,35.405429819919576,0.17702714909959788,1.062826247471718,0.126,10.0,500
manufacturing,temperature_eps0.5,sample,0.5,8,6,,2,2,0.0,35.405429819919576,0.17702714909959788,1.062826247471718,0.126,10.0,500
manufacturing,temperature_eps0.5,sample,0.5,8,6,8.0,2,2,0.0,44.2564989378557,0.22128249468927852,1.0129998290309234,0.126,10.0,500
manufacturing,temperature_eps0.5,sample,0.5,8,6,16.0,2,2,0.0,35.405429819919576,0.17702714909959788,1.062826247471718,0.126,10.0,500
manufacturing,temperature_eps0.5,sample,0.5,8,1,,2,4,0.0,35.405429819919576,0.17702714909959788,1.062826247471718,0.126,10.0,500
manufacturing,temperature_eps0.5,sample,0.5,8,1,4.0,2,4,0.0,88.51713470162387,0.4425856735081194,1.0129998290309234,0.126,10.0,500
manufacturing,temperature_eps0.5,sample,0.5,8,1,8.0,2,4,0.0,44.2564989378557,0.22128249468927852,1.0129998290309234,0.126,10.0,500
manufacturing,temperature_eps0.5,sample,0.5,8,1,16.0,2,4,0.0,35.405429819919576,0.17702714909959788,1.062826247471718,0.126,10.0,500
manufacturing,temperature_eps0.5,sample,0.5,8,2,,2,4,0.0,35.405429819919576,0.17702714909959788,1.062826247471718,0.126,10.0,500
manufacturing,temperature_eps0.5,sample,0.5,8,2,4.0,2,4,0.0,88.51713470162387,0.4425856735081194,1.0129998290309234,0.126,10.0,500
manufacturing,temperature_eps0.5,sample,0.5,8,2,8.0,2,4,0.0,44.2564989378557,0.22128249468927852,1.0129998290309234,0.126,10.0,500
manufacturing,temperature_eps0.5,sample,0.5,8,2,16.0,2,4,0.0,35.405429819919576,0.17702714909959788,1.062826247471718,0.126,10.0,500
manufacturing,temperature_eps0.5,sample,0.5,8,3,,2,4,0.0,35.405429819919576,0.17702714909959788,1.062826247471718,0.126,10.0,500
manufacturing,temperature_eps0.5,sample,0.5,8,3,4.0,2,4,0.0,88.51713470162387,0.4425856735081194,1.0129998290309234,0.126,10.0,500
manufacturing,temperature_eps0.5,sample,0.5,8,3,8.0,2,4,0.0,44.2564989378557,0.22128249468927852,1.0129998290309234,0.126,10.0,500
manufacturing,temperature_eps0.5,sample,0.5,8,3,16.0,2,4,0.0,35.405429819919576,0.17702714909959788,1.062826247471718,0.126,10.0,500
manufacturing,temperature_eps0.5,sample,0.5,8,4,,2,4,0.0,35.405429819919576,0.17702714909959788,1.062826247471718,0.126,10.0,500
manufacturing,temperature_eps0.5,sample,0.5,8,4,4.0,2,4,0.0,88.51713470162387,0.4425856735081194,1.0129998290309234,0.126,10.0,500
manufacturing,temperature_eps0.5,sample,0.5,8,4,8.0,2,4,0.0,44.2564989378557,0.22128249468927852,1.0129998290309234,0.126,10.0,500
manufacturing,temperature_eps0.5,sample,0.5,8,4,16.0,2,4,0.0,35.405429819919576,0.17702714909959788,1.062826247471718,0.126,10.0,500
manufacturing,temperature_eps0.5,sample,0.5,8,6,,2,4,0.0,35.405429819919576,0.17702714909959788,1.062826247471718,0.126,10.0,500
manufacturing,temperature_eps0.5,sample,0.5,8,6,8.0,2,4,0.0,44.2564989378557,0.22128249468927852,1.0129998290309234,0.126,10.0,500
manufacturing,temperature_eps0.5,sample,0.5,8,6,16.0,2,4,0.0,35.405429819919576,0.17702714909959788,1.062826247471718,0.126,10.0,500
manufacturing,temperature_eps0.5,sample,0.5,8,1,,4,0,0.0,32.52218471054851,0.16261092355274254,0.8960828117444055,0.128,10.0,250
manufacturing,temperature_eps0.5,sample,0.5,8,1,4.0,4,0,0.0,81.25012227637126,0.4062506113818563,0.8960828117444055,0.128,10.0,250
manufacturing,temperature_eps0.5,sample,0.5,8,1,8.0,4,0,0.0,40.64350763818563,0.20321753819092817,0.8960828117444055,0.128,10.0,250
manufacturing,temperature_eps0.5,sample,0.5,8,1,16.0,4,0,0.0,32.52218471054851,0.16261092355274254,0.8960828117444055,0.128,10.0,250
manufacturing,temperature_eps0.5,sample,0.5,8,2,,4,0,0.0,32.52218471054851,0.16261092355274254,0.8960828117444055,0.128,10.0,250
manufacturing,temperature_eps0.5,sample,0.5,8,2,4.0,4,0,0.0,81.25012227637126,0.4062506113818563,0.8960828117444055,0.128,10.0,250
manufacturing,temperature_eps0.5,sample,0.5,8,2,8.0,4,0,0.0,40.64350763818563,0.20321753819092817,0.8960828117444055,0.128,10.0,250
manufacturing,temperature_eps0.5,sample,0.5,8,2,16.0,4,0,0.0,32.52218471054851,0.16261092355274254,0.8960828117444055,0.128,10.0,250
manufacturing,temperature_eps0.5,sample,0.5,8,3,,4,0,0.0,32.52218471054851,0.16261092355274254,0.8960828117444055,0.128,10.0,250
manufacturing,temperature_eps0.5,sample,0.5,8,3,4.0,4,0,0.0,81.25012227637126,0.4062506113818563,0.8960828117444055,0.128,10.0,250
manufacturing,temperature_eps0.5,sample,0.5,8,3,8.0,4,0,0.0,40.64350763818563,0.20321753819092817,0.8960828117444055,0.128,10.0,250
manufacturing,temperature_eps0.5,sample,0.5,8,3,16.0,4,0,0.0,32.52218471054851,0.16261092355274254,0.8960828117444055,0.128,10.0,250
manufacturing,temperature_eps0.5,sample,0.5,8,4,,4,0,0.0,32.52218471054851,0.16261092355274254,0.8960828117444055,0.128,10.0,250
manufacturing,temperature_eps0.5,sample,0.5,8,4,4.0,4,0,0.0,81.25012227637126,0.4062506113818563,0.8960828117444055,0.128,10.0,250
manufacturing,temperature_eps0.5,sample,0.5,8,4,8.0,4,0,0.0,40.64350763818563,0.20321753819092817,0.8960828117444055,0.128,10.0,250
manufacturing,temperature_eps0.5,sample,0.5,8,4,16.0,4,0,0.0,32.52218471054851,0.16261092355274254,0.8960828117444055,0.128,10.0,250
manufacturing,temperature_eps0.5,sample,0.5,8,6,,4,0,0.0,32.52218471054851,0.16261092355274254,0.8960828117444055,0.128,10.0,250
manufacturing,temperature_eps0.5,sample,0.5,8,6,8.0,4,0,0.0,40.64350763818563,0.20321753819092817,0.8960828117444055,0.128,10.0,250
manufacturing,temperature_eps0.5,sample,0.5,8,6,16.0,4,0,0.0,32.52218471054851,0.16261092355274254,0.8960828117444055,0.128,10.0,250
manufacturing,temperature_eps0.5,sample,0.5,8,1,,4,2,0.0,32.52218471054851,0.16261092355274254,0.8960828117444055,0.128,10.0,250
manufacturing,temperature_eps0.5,sample,0.5,8,1,4.0,4,2,0.0,81.25012227637126,0.4062506113818563,0.8960828117444055,0.128,10.0,250
manufacturing,temperature_eps0.5,sample,0.5,8,1,8.0,4,2,0.0,40.64350763818563,0.20321753819092817,0.8960828117444055,0.128,10.0,250
manufacturing,temperature_eps0.5,sample,0.5,8,1,16.0,4,2,0.0,32.52218471054851,0.16261092355274254,0.8960828117444055,0.128,10.0,250
manufacturing,temperature_eps0.5,sample,0.5,8,2,,4,2,0.0,32.52218471054851,0.16261092355274254,0.8960828117444055,0.128,10.0,250
manufacturing,temperature_eps0.5,sample,0.5,8,2,4.0,4,2,0.0,81.25012227637126,0.4062506113818563,0.8960828117444055,0.128,10.0,250
manufacturing,temperature_eps0.5,sample,0.5,8,2,8.0,4,2,0.0,40.64350763818563,0.20321753819092817,0.8960828117444055,0.128,10.0,250
manufacturing,temperature_eps0.5,sample,0.5,8,2,16.0,4,2,0.0,32.52218471054851,0.16261092355274254,0.8960828117444055,0.128,10.0,250
manufacturing,temperature_eps0.5,sample,0.5,8,3,,4,2,0.0,32.52218471054851,0.16261092355274254,0.8960828117444055,0.128,10.0,250
manufacturing,temperature_eps0.5,sample,0.5,8,3,4.0,4,2,0.0,81.25012227637126,0.4062506113818563,0.8960828117444055,0.128,10.0,250
manufacturing,temperature_eps0.5,sample,0.5,8,3,8.0,4,2,0.0,40.64350763818563,0.20321753819092817,0.8960828117444055,0.128,10.0,250
manufacturing,temperature_eps0.5,sample,0.5,8,3,16.0,4,2,0.0,32.52218471054851,0.16261092355274254,0.8960828117444055,0.128,10.0,250
manufacturing,temperature_eps0.5,sample,0.5,8,4,,4,2,0.0,32.52218471054851,0.16261092355274254,0.8960828117444055,0.128,10.0,250
manufacturing,temperature_eps0.5,sample,0.5,8,4,4.0,4,2,0.0,81.25012227637126,0.4062506113818563,0.8960828117444055,0.128,10.0,250
manufacturing,temperature_eps0.5,sample,0.5,8,4,8.0,4,2,0.0,40.64350763818563,0.20321753819092817,0.8960828117444055,0.128,10.0,250
manufacturing,temperature_eps0.5,sample,0.5,8,4,16.0,4,2,0.0,32.52218471054851,0.16261092355274254,0.8960828117444055,0.128,10.0,250
manufacturing,temperature_eps0.5,sample,0.5,8,6,,4,2,0.0,32.52218471054851,0.16261092355274254,0.8960828117444055,0.128,10.0,250
manufacturing,temperature_eps0.5,sample,0.5,8,6,8.0,4,2,0.0,40.64350763818563,0.20321753819092817,0.8960828117444055,0.128,10.0,250
manufacturing,temperature_eps0.5,sample,0.5,8,6,16.0,4,2,0.0,32.52218471054851,0.16261092355274254,0.8960828117444055,0.128,10.0,250
manufacturing,temperature_eps0.5,sample,0.5,8,1,,4,4,0.0,32.52218471054851,0.16261092355274254,0.8960828117444055,0.128,10.0,250
manufacturing,temperature_eps0.5,sample,0.5,8,1,4.0,4,4,0.0,81.25012227637126,0.4062506113818563,0.8960828117444055,0.128,10.0,250
manufacturing,temperature_eps0.5,sample,0.5,8,1,8.0,4,4,0.0,40.64350763818563,0.20321753819092817,0.8960828117444055,0.128,10.0,250
manufacturing,temperature_eps0.5,sample,0.5,8,1,16.0,4,4,0.0,32.52218471054851,0.16261092355274254,0.8960828117444055,0.128,10.0,250
manufacturing,temperature_eps0.5,sample,0.5,8,2,,4,4,0.0,32.52218471054851,0.16261092355274254,0.8960828117444055,0.128,10.0,250
manufacturing,temperature_eps0.5,sample,0.5,8,2,4.0,4,4,0.0,81.25012227637126,0.4062506113818563,0.8960828117444055,0.128,10.0,250
manufacturing,temperature_eps0.5,sample,0.5,8,2,8.0,4,4,0.0,40.64350763818563,0.20321753819092817,0.8960828117444055,0.128,10.0,250
manufacturing,temperature_eps0.5,sample,0.5,8,2,16.0,4,4,0.0,32.52218471054851,0.16261092355274254,0.8960828117444055,0.128,10.0,250
manufacturing,temperature_eps0.5,sample,0.5,8,3,,4,4,0.0,32.52218471054851,0.16261092355274254,0.8960828117444055,0.128,10.0,250
manufacturing,temperature_eps0.5,sample,0.5,8,3,4.0,4,4,0.0,81.25012227637126,0.4062506113818563,0.8960828117444055,0.128,10.0,250
manufacturing,temperature_eps0.5,sample,0.5,8,3,8.0,4,4,0.0,40.64350763818563,0.20321753819092817,0.8960828117444055,0.128,10.0,250
manufacturing,temperature_eps0.5,sample,0.5,8,3,16.0,4,4,0.0,32.52218471054851,0.16261092355274254,0.8960828117444055,0.128,10.0,250
manufacturing,temperature_eps0.5,sample,0.5,8,4,,4,4,0.0,32.52218471054851,0.16261092355274254,0.8960828117444055,0.128,10.0,250
manufacturing,temperature_eps0.5,sample,0.5,8,4,4.0,4,4,0.0,81.25012227637126,0.4062506113818563,0.8960828117444055,0.128,10.0,250
manufacturing,temperature_eps0.5,sample,0.5,8,4,8.0,4,4,0.0,40.64350763818563,0.20321753819092817,0.8960828117444055,0.128,10.0,250
manufacturing,temperature_eps0.5,sample,0.5,8,4,16.0,4,4,0.0,32.52218471054851,0.16261092355274254,0.8960828117444055,0.128,10.0,250
manufacturing,temperature_eps0.5,sample,0.5,8,6,,4,4,0.0,32.52218471054851,0.16261092355274254,0.8960828117444055,0.128,10.0,250
manufacturing,temperature_eps0.5,sample,0.5,8,6,8.0,4,4,0.0,40.64350763818563,0.20321753819092817,0.8960828117444055,0.128,10.0,250
manufacturing,temperature_eps0.5,sample,0.5,8,6,16.0,4,4,0.0,32.52218471054851,0.16261092355274254,0.8960828117444055,0.128,10.0,250
manufacturing,temperature_eps0.5,budget_distribution,0.5,8,1,,1,0,0.0,483.830476191681,2.419152380958405,0.38401689123298294,0.664,10.0,1000
manufacturing,temperature_eps0.5,budget_distribution,0.5,8,1,4.0,1,0,0.0,1271.4526493429887,6.357263246714943,0.8033336522605873,0.674,10.0,1000
manufacturing,temperature_eps0.5,budget_distribution,0.5,8,1,8.0,1,0,0.0,604.7830852396012,3.023915426198006,0.3855005159101814,0.664,10.0,1000
manufacturing,temperature_eps0.5,budget_distribution,0.5,8,1,16.0,1,0,0.0,483.830476191681,2.419152380958405,0.38401689123298294,0.664,10.0,1000
manufacturing,temperature_eps0.5,budget_distribution,0.5,8,2,,1,0,0.0,483.830476191681,2.419152380958405,0.38401689123298294,0.664,10.0,1000
manufacturing,temperature_eps0.5,budget_distribution,0.5,8,2,4.0,1,0,0.0,1271.4526493429887,6.357263246714943,0.8033336522605873,0.674,10.0,1000
manufacturing,temperature_eps0.5,budget_distribution,0.5,8,2,8.0,1,0,0.0,604.7830852396012,3.023915426198006,0.3855005159101814,0.664,10.0,1000
manufacturing,temperature_eps0.5,budget_distribution,0.5,8,2,16.0,1,0,0.0,483.830476191681,2.419152380958405,0.38401689123298294,0.664,10.0,1000
manufacturing,temperature_eps0.5,budget_distribution,0.5,8,3,,1,0,0.0,483.830476191681,2.419152380958405,0.38401689123298294,0.664,10.0,1000
manufacturing,temperature_eps0.5,budget_distribution,0.5,8,3,4.0,1,0,0.0,1271.4526493429887,6.357263246714943,0.8033336522605873,0.674,10.0,1000
manufacturing,temperature_eps0.5,budget_distribution,0.5,8,3,8.0,1,0,0.0,604.7830852396012,3.023915426198006,0.3855005159101814,0.664,10.0,1000
manufacturing,temperature_eps0.5,budget_distribution,0.5,8,3,16.0,1,0,0.0,483.830476191681,2.419152380958405,0.38401689123298294,0.664,10.0,1000
manufacturing,temperature_eps0.5,budget_distribution,0.5,8,4,,1,0,0.0,483.830476191681,2.419152380958405,0.38401689123298294,0.664,10.0,1000
manufacturing,temperature_eps0.5,budget_distribution,0.5,8,4,4.0,1,0,0.0,1271.4526493429887,6.357263246714943,0.8033336522605873,0.674,10.0,1000
manufacturing,temperature_eps0.5,budget_distribution,0.5,8,4,8.0,1,0,0.0,604.7830852396012,3.023915426198006,0.3855005159101814,0.664,10.0,1000
manufacturing,temperature_eps0.5,budget_distribution,0.5,8,4,16.0,1,0,0.0,483.830476191681,2.419152380958405,0.38401689123298294,0.664,10.0,1000
manufacturing,temperature_eps0.5,budget_distribution,0.5,8,6,,1,0,0.0,483.830476191681,2.419152380958405,0.38401689123298294,0.664,10.0,1000
manufacturing,temperature_eps0.5,budget_distribution,0.5,8,6,8.0,1,0,0.0,604.7830852396012,3.023915426198006,0.3855005159101814,0.664,10.0,1000
manufacturing,temperature_eps0.5,budget_distribution,0.5,8,6,16.0,1,0,0.0,483.830476191681,2.419152380958405,0.38401689123298294,0.664,10.0,1000
manufacturing,temperature_eps0.5,budget_distribution,0.5,8,1,,1,2,0.0,483.830476191681,2.419152380958405,0.38401689123298294,0.664,10.0,1000
manufacturing,temperature_eps0.5,budget_distribution,0.5,8,1,4.0,1,2,0.0,1271.4526493429887,6.357263246714943,0.8033336522605873,0.674,10.0,1000
manufacturing,temperature_eps0.5,budget_distribution,0.5,8,1,8.0,1,2,0.0,604.7830852396012,3.023915426198006,0.3855005159101814,0.664,10.0,1000
manufacturing,temperature_eps0.5,budget_distribution,0.5,8,1,16.0,1,2,0.0,483.830476191681,2.419152380958405,0.38401689123298294,0.664,10.0,1000
manufacturing,temperature_eps0.5,budget_distribution,0.5,8,2,,1,2,0.0,483.830476191681,2.419152380958405,0.38401689123298294,0.664,10.0,1000
manufacturing,temperature_eps0.5,budget_distribution,0.5,8,2,4.0,1,2,0.0,1271.4526493429887,6.357263246714943,0.8033336522605873,0.674,10.0,1000
manufacturing,temperature_eps0.5,budget_distribution,0.5,8,2,8.0,1,2,0.0,604.7830852396012,3.023915426198006,0.3855005159101814,0.664,10.0,1000
manufacturing,temperature_eps0.5,budget_distribution,0.5,8,2,16.0,1,2,0.0,483.830476191681,2.419152380958405,0.38401689123298294,0.664,10.0,1000
manufacturing,temperature_eps0.5,budget_distribution,0.5,8,3,,1,2,0.0,483.830476191681,2.419152380958405,0.38401689123298294,0.664,10.0,1000
manufacturing,temperature_eps0.5,budget_distribution,0.5,8,3,4.0,1,2,0.0,1271.4526493429887,6.357263246714943,0.8033336522605873,0.674,10.0,1000
manufacturing,temperature_eps0.5,budget_distribution,0.5,8,3,8.0,1,2,0.0,604.7830852396012,3.023915426198006,0.3855005159101814,0.664,10.0,1000
manufacturing,temperature_eps0.5,budget_distribution,0.5,8,3,16.0,1,2,0.0,483.830476191681,2.419152380958405,0.38401689123298294,0.664,10.0,1000
manufacturing,temperature_eps0.5,budget_distribution,0.5,8,4,,1,2,0.0,483.830476191681,2.419152380958405,0.38401689123298294,0.664,10.0,1000
manufacturing,temperature_eps0.5,budget_distribution,0.5,8,4,4.0,1,2,0.0,1271.4526493429887,6.357263246714943,0.8033336522605873,0.674,10.0,1000
manufacturing,temperature_eps0.5,budget_distribution,0.5,8,4,8.0,1,2,0.0,604.7830852396012,3.023915426198006,0.3855005159101814,0.664,10.0,1000
manufacturing,temperature_eps0.5,budget_distribution,0.5,8,4,16.0,1,2,0.0,483.830476191681,2.419152380958405,0.38401689123298294,0.664,10.0,1000
manufacturing,temperature_eps0.5,budget_distribution,0.5,8,6,,1,2,0.0,483.830476191681,2.419152380958405,0.38401689123298294,0.664,10.0,1000
manufacturing,temperature_eps0.5,budget_distribution,0.5,8,6,8.0,1,2,0.0,604.7830852396012,3.023915426198006,0.3855005159101814,0.664,10.0,1000
manufacturing,temperature_eps0.5,budget_distribution,0.5,8,6,16.0,1,2,0.0,483.830476191681,2.419152380958405,0.38401689123298294,0.664,10.0,1000
manufacturing,temperature_eps0.5,budget_distribution,0.5,8,1,,1,4,0.0,483.830476191681,2.419152380958405,0.38401689123298294,0.664,10.0,1000
manufacturing,temperature_eps0.5,budget_distribution,0.5,8,1,4.0,1,4,0.0,1271.4526493429887,6.357263246714943,0.8033336522605873,0.674,10.0,1000
manufacturing,temperature_eps0.5,budget_distribution,0.5,8,1,8.0,1,4,0.0,604.7830852396012,3.023915426198006,0.3855005159101814,0.664,10.0,1000
manufacturing,temperature_eps0.5,budget_distribution,0.5,8,1,16.0,1,4,0.0,483.830476191681,2.419152380958405,0.38401689123298294,0.664,10.0,1000
manufacturing,temperature_eps0.5,budget_distribution,0.5,8,2,,1,4,0.0,483.830476191681,2.419152380958405,0.38401689123298294,0.664,10.0,1000
manufacturing,temperature_eps0.5,budget_distribution,0.5,8,2,4.0,1,4,0.0,1271.4526493429887,6.357263246714943,0.8033336522605873,0.674,10.0,1000
manufacturing,temperature_eps0.5,budget_distribution,0.5,8,2,8.0,1,4,0.0,604.7830852396012,3.023915426198006,0.3855005159101814,0.664,10.0,1000
manufacturing,temperature_eps0.5,budget_distribution,0.5,8,2,16.0,1,4,0.0,483.830476191681,2.419152380958405,0.38401689123298294,0.664,10.0,1000
manufacturing,temperature_eps0.5,budget_distribution,0.5,8,3,,1,4,0.0,483.830476191681,2.419152380958405,0.38401689123298294,0.664,10.0,1000
manufacturing,temperature_eps0.5,budget_distribution,0.5,8,3,4.0,1,4,0.0,1271.4526493429887,6.357263246714943,0.8033336522605873,0.674,10.0,1000
manufacturing,temperature_eps0.5,budget_distribution,0.5,8,3,8.0,1,4,0.0,604.7830852396012,3.023915426198006,0.3855005159101814,0.664,10.0,1000
manufacturing,temperature_eps0.5,budget_distribution,0.5,8,3,16.0,1,4,0.0,483.830476191681,2.419152380958405,0.38401689123298294,0.664,10.0,1000
manufacturing,temperature_eps0.5,budget_distribution,0.5,8,4,,1,4,0.0,483.830476191681,2.419152380958405,0.38401689123298294,0.664,10.0,1000
manufacturing,temperature_eps0.5,budget_distribution,0.5,8,4,4.0,1,4,0.0,1271.4526493429887,6.357263246714943,0.8033336522605873,0.674,10.0,1000
manufacturing,temperature_eps0.5,budget_distribution,0.5,8,4,8.0,1,4,0.0,604.7830852396012,3.023915426198006,0.3855005159101814,0.664,10.0,1000
manufacturing,temperature_eps0.5,budget_distribution,0.5,8,4,16.0,1,4,0.0,483.830476191681,2.419152380958405,0.38401689123298294,0.664,10.0,1000
manufacturing,temperature_eps0.5,budget_distribution,0.5,8,6,,1,4,0.0,483.830476191681,2.419152380958405,0.38401689123298294,0.664,10.0,1000
manufacturing,temperature_eps0.5,budget_distribution,0.5,8,6,8.0,1,4,0.0,604.7830852396012,3.023915426198006,0.3855005159101814,0.664,10.0,1000
manufacturing,temperature_eps0.5,budget_distribution,0.5,8,6,16.0,1,4,0.0,483.830476191681,2.419152380958405,0.38401689123298294,0.664,10.0,1000
manufacturing,temperature_eps0.5,budget_distribution,0.5,8,1,,2,0,0.0,505.2200264310349,2.5261001321551744,0.4352543506063558,0.654,10.0,500
manufacturing,temperature_eps0.5,budget_distribution,0.5,8,1,4.0,2,0,0.0,1260.0756756906794,6.300378378453397,0.3942519608633421,0.658,10.0,500
manufacturing,temperature_eps0.5,budget_distribution,0.5,8,1,8.0,2,0,0.0,631.5307300387935,3.157653650193968,0.43211687356094086,0.654,10.0,500
manufacturing,temperature_eps0.5,budget_distribution,0.5,8,1,16.0,2,0,0.0,505.2200264310349,2.5261001321551744,0.4352543506063558,0.654,10.0,500
manufacturing,temperature_eps0.5,budget_distribution,0.5,8,2,,2,0,0.0,505.2200264310349,2.5261001321551744,0.4352543506063558,0.654,10.0,500
manufacturing,temperature_eps0.5,budget_distribution,0.5,8,2,4.0,2,0,0.0,1260.0756756906794,6.300378378453397,0.3942519608633421,0.658,10.0,500
manufacturing,temperature_eps0.5,budget_distribution,0.5,8,2,8.0,2,0,0.0,631.5307300387935,3.157653650193968,0.43211687356094086,0.654,10.0,500
manufacturing,temperature_eps0.5,budget_distribution,0.5,8,2,16.0,2,0,0.0,505.2200264310349,2.5261001321551744,0.4352543506063558,0.654,10.0,500
manufacturing,temperature_eps0.5,budget_distribution,0.5,8,3,,2,0,0.0,505.2200264310349,2.5261001321551744,0.4352543506063558,0.654,10.0,500
manufacturing,temperature_eps0.5,budget_distribution,0.5,8,3,4.0,2,0,0.0,1260.0756756906794,6.300378378453397,0.3942519608633421,0.658,10.0,500
manufacturing,temperature_eps0.5,budget_distribution,0.5,8,3,8.0,2,0,0.0,631.5307300387935,3.157653650193968,0.43211687356094086,0.654,10.0,500
manufacturing,temperature_eps0.5,budget_distribution,0.5,8,3,16.0,2,0,0.0,505.2200264310349,2.5261001321551744,0.4352543506063558,0.654,10.0,500
manufacturing,temperature_eps0.5,budget_distribution,0.5,8,4,,2,0,0.0,505.2200264310349,2.5261001321551744,0.4352543506063558,0.654,10.0,500
manufacturing,temperature_eps0.5,budget_distribution,0.5,8,4,4.0,2,0,0.0,1260.0756756906794,6.300378378453397,0.3942519608633421,0.658,10.0,500
manufacturing,temperature_eps0.5,budget_distribution,0.5,8,4,8.0,2,0,0.0,631.5307300387935,3.157653650193968,0.43211687356094086,0.654,10.0,500
manufacturing,temperature_eps0.5,budget_distribution,0.5,8,4,16.0,2,0,0.0,505.2200264310349,2.5261001321551744,0.4352543506063558,0.654,10.0,500
manufacturing,temperature_eps0.5,budget_distribution,0.5,8,6,,2,0,0.0,505.2200264310349,2.5261001321551744,0.4352543506063558,0.654,10.0,500
manufacturing,temperature_eps0.5,budget_distribution,0.5,8,6,8.0,2,0,0.0,631.5307300387935,3.157653650193968,0.43211687356094086,0.654,10.0,500
manufacturing,temperature_eps0.5,budget_distribution,0.5,8,6,16.0,2,0,0.0,505.2200264310349,2.5261001321551744,0.4352543506063558,0.654,10.0,500
manufacturing,temperature_eps0.5,budget_distribution,0.5,8,1,,2,2,0.0,505.2200264310349,2.5261001321551744,0.4352543506063558,0.654,10.0,500
manufacturing,temperature_eps0.5,budget_distribution,0.5,8,1,4.0,2,2,0.0,1260.0756756906794,6.300378378453397,0.3942519608633421,0.658,10.0,500
manufacturing,temperature_eps0.5,budget_distribution,0.5,8,1,8.0,2,2,0.0,631.5307300387935,3.157653650193968,0.43211687356094086,0.654,10.0,500
manufacturing,temperature_eps0.5,budget_distribution,0.5,8,1,16.0,2,2,0.0,505.2200264310349,2.5261001321551744,0.4352543506063558,0.654,10.0,500
manufacturing,temperature_eps0.5,budget_distribution,0.5,8,2,,2,2,0.0,505.2200264310349,2.5261001321551744,0.4352543506063558,0.654,10.0,500
manufacturing,temperature_eps0.5,budget_distribution,0.5,8,2,4.0,2,2,0.0,1260.0756756906794,6.300378378453397,0.3942519608633421,0.658,10.0,500
manufacturing,temperature_eps0.5,budget_distribution,0.5,8,2,8.0,2,2,0.0,631.5307300387935,3.157653650193968,0.43211687356094086,0.654,10.0,500
manufacturing,temperature_eps0.5,budget_distribution,0.5,8,2,16.0,2,2,0.0,505.2200264310349,2.5261001321551744,0.4352543506063558,0.654,10.0,500
manufacturing,temperature_eps0.5,budget_distribution,0.5,8,3,,2,2,0.0,505.2200264310349,2.5261001321551744,0.4352543506063558,0.654,10.0,500
manufacturing,temperature_eps0.5,budget_distribution,0.5,8,3,4.0,2,2,0.0,1260.0756756906794,6.300378378453397,0.3942519608633421,0.658,10.0,500
manufacturing,temperature_eps0.5,budget_distribution,0.5,8,3,8.0,2,2,0.0,631.5307300387935,3.157653650193968,0.43211687356094086,0.654,10.0,500
manufacturing,temperature_eps0.5,budget_distribution,0.5,8,3,16.0,2,2,0.0,505.2200264310349,2.5261001321551744,0.4352543506063558,0.654,10.0,500
manufacturing,temperature_eps0.5,budget_distribution,0.5,8,4,,2,2,0.0,505.2200264310349,2.5261001321551744,0.4352543506063558,0.654,10.0,500
manufacturing,temperature_eps0.5,budget_distribution,0.5,8,4,4.0,2,2,0.0,1260.0756756906794,6.300378378453397,0.3942519608633421,0.658,10.0,500
manufacturing,temperature_eps0.5,budget_distribution,0.5,8,4,8.0,2,2,0.0,631.5307300387935,3.157653650193968,0.43211687356094086,0.654,10.0,500
manufacturing,temperature_eps0.5,budget_distribution,0.5,8,4,16.0,2,2,0.0,505.2200264310349,2.5261001321551744,0.4352543506063558,0.654,10.0,500
manufacturing,temperature_eps0.5,budget_distribution,0.5,8,6,,2,2,0.0,505.2200264310349,2.5261001321551744,0.4352543506063558,0.654,10.0,500
manufacturing,temperature_eps0.5,budget_distribution,0.5,8,6,8.0,2,2,0.0,631.5307300387935,3.157653650193968,0.43211687356094086,0.654,10.0,500
manufacturing,temperature_eps0.5,budget_distribution,0.5,8,6,16.0,2,2,0.0,505.2200264310349,2.5261001321551744,0.4352543506063558,0.654,10.0,500
manufacturing,temperature_eps0.5,budget_distribution,0.5,8,1,,2,4,0.0,505.2200264310349,2.5261001321551744,0.4352543506063558,0.654,10.0,500
manufacturing,temperature_eps0.5,budget_distribution,0.5,8,1,4.0,2,4,0.0,1260.0756756906794,6.300378378453397,0.3942519608633421,0.658,10.0,500
manufacturing,temperature_eps0.5,budget_distribution,0.5,8,1,8.0,2,4,0.0,631.5307300387935,3.157653650193968,0.43211687356094086,0.654,10.0,500
manufacturing,temperature_eps0.5,budget_distribution,0.5,8,1,16.0,2,4,0.0,505.2200264310349,2.5261001321551744,0.4352543506063558,0.654,10.0,500
manufacturing,temperature_eps0.5,budget_distribution,0.5,8,2,,2,4,0.0,505.2200264310349,2.5261001321551744,0.4352543506063558,0.654,10.0,500
manufacturing,temperature_eps0.5,budget_distribution,0.5,8,2,4.0,2,4,0.0,1260.0756756906794,6.300378378453397,0.3942519608633421,0.658,10.0,500
manufacturing,temperature_eps0.5,budget_distribution,0.5,8,2,8.0,2,4,0.0,631.5307300387935,3.157653650193968,0.43211687356094086,0.654,10.0,500
manufacturing,temperature_eps0.5,budget_distribution,0.5,8,2,16.0,2,4,0.0,505.2200264310349,2.5261001321551744,0.4352543506063558,0.654,10.0,500
manufacturing,temperature_eps0.5,budget_distribution,0.5,8,3,,2,4,0.0,505.2200264310349,2.5261001321551744,0.4352543506063558,0.654,10.0,500
manufacturing,temperature_eps0.5,budget_distribution,0.5,8,3,4.0,2,4,0.0,1260.0756756906794,6.300378378453397,0.3942519608633421,0.658,10.0,500
manufacturing,temperature_eps0.5,budget_distribution,0.5,8,3,8.0,2,4,0.0,631.5307300387935,3.157653650193968,0.43211687356094086,0.654,10.0,500
manufacturing,temperature_eps0.5,budget_distribution,0.5,8,3,16.0,2,4,0.0,505.2200264310349,2.5261001321551744,0.4352543506063558,0.654,10.0,500
manufacturing,temperature_eps0.5,budget_distribution,0.5,8,4,,2,4,0.0,505.2200264310349,2.5261001321551744,0.4352543506063558,0.654,10.0,500
manufacturing,temperature_eps0.5,budget_distribution,0.5,8,4,4.0,2,4,0.0,1260.0756756906794,6.300378378453397,0.3942519608633421,0.658,10.0,500
manufacturing,temperature_eps0.5,budget_distribution,0.5,8,4,8.0,2,4,0.0,631.5307300387935,3.157653650193968,0.43211687356094086,0.654,10.0,500
manufacturing,temperature_eps0.5,budget_distribution,0.5,8,4,16.0,2,4,0.0,505.2200264310349,2.5261001321551744,0.4352543506063558,0.654,10.0,500
manufacturing,temperature_eps0.5,budget_distribution,0.5,8,6,,2,4,0.0,505.2200264310349,2.5261001321551744,0.4352543506063558,0.654,10.0,500
manufacturing,temperature_eps0.5,budget_distribution,0.5,8,6,8.0,2,4,0.0,631.5307300387935,3.157653650193968,0.43211687356094086,0.654,10.0,500
manufacturing,temperature_eps0.5,budget_distribution,0.5,8,6,16.0,2,4,0.0,505.2200264310349,2.5261001321551744,0.4352543506063558,0.654,10.0,500
manufacturing,temperature_eps0.5,budget_distribution,0.5,8,1,,4,0,0.0,452.1167398300858,2.260583699150429,0.6176878652344598,0.62,10.0,250
manufacturing,temperature_eps0.5,budget_distribution,0.5,8,1,4.0,4,0,0.0,1128.3129812971824,5.641564906485912,0.6176878652344598,0.62,10.0,250
manufacturing,temperature_eps0.5,budget_distribution,0.5,8,1,8.0,4,0,0.0,565.1446285376072,2.825723142688036,0.6176878652344598,0.62,10.0,250
manufacturing,temperature_eps0.5,budget_distribution,0.5,8,1,16.0,4,0,0.0,452.1167398300858,2.260583699150429,0.6176878652344598,0.62,10.0,250
manufacturing,temperature_eps0.5,budget_distribution,0.5,8,2,,4,0,0.0,452.1167398300858,2.260583699150429,0.6176878652344598,0.62,10.0,250
manufacturing,temperature_eps0.5,budget_distribution,0.5,8,2,4.0,4,0,0.0,1128.3129812971824,5.641564906485912,0.6176878652344598,0.62,10.0,250
manufacturing,temperature_eps0.5,budget_distribution,0.5,8,2,8.0,4,0,0.0,565.1446285376072,2.825723142688036,0.6176878652344598,0.62,10.0,250
manufacturing,temperature_eps0.5,budget_distribution,0.5,8,2,16.0,4,0,0.0,452.1167398300858,2.260583699150429,0.6176878652344598,0.62,10.0,250
manufacturing,temperature_eps0.5,budget_distribution,0.5,8,3,,4,0,0.0,452.1167398300858,2.260583699150429,0.6176878652344598,0.62,10.0,250
manufacturing,temperature_eps0.5,budget_distribution,0.5,8,3,4.0,4,0,0.0,1128.3129812971824,5.641564906485912,0.6176878652344598,0.62,10.0,250
manufacturing,temperature_eps0.5,budget_distribution,0.5,8,3,8.0,4,0,0.0,565.1446285376072,2.825723142688036,0.6176878652344598,0.62,10.0,250
manufacturing,temperature_eps0.5,budget_distribution,0.5,8,3,16.0,4,0,0.0,452.1167398300858,2.260583699150429,0.6176878652344598,0.62,10.0,250
manufacturing,temperature_eps0.5,budget_distribution,0.5,8,4,,4,0,0.0,452.1167398300858,2.260583699150429,0.6176878652344598,0.62,10.0,250
manufacturing,temperature_eps0.5,budget_distribution,0.5,8,4,4.0,4,0,0.0,1128.3129812971824,5.641564906485912,0.6176878652344598,0.62,10.0,250
manufacturing,temperature_eps0.5,budget_distribution,0.5,8,4,8.0,4,0,0.0,565.1446285376072,2.825723142688036,0.6176878652344598,0.62,10.0,250
manufacturing,temperature_eps0.5,budget_distribution,0.5,8,4,16.0,4,0,0.0,452.1167398300858,2.260583699150429,0.6176878652344598,0.62,10.0,250
manufacturing,temperature_eps0.5,budget_distribution,0.5,8,6,,4,0,0.0,452.1167398300858,2.260583699150429,0.6176878652344598,0.62,10.0,250
manufacturing,temperature_eps0.5,budget_distribution,0.5,8,6,8.0,4,0,0.0,565.1446285376072,2.825723142688036,0.6176878652344598,0.62,10.0,250
manufacturing,temperature_eps0.5,budget_distribution,0.5,8,6,16.0,4,0,0.0,452.1167398300858,2.260583699150429,0.6176878652344598,0.62,10.0,250
manufacturing,temperature_eps0.5,budget_distribution,0.5,8,1,,4,2,0.0,452.1167398300858,2.260583699150429,0.6176878652344598,0.62,10.0,250
manufacturing,temperature_eps0.5,budget_distribution,0.5,8,1,4.0,4,2,0.0,1128.3129812971824,5.641564906485912,0.6176878652344598,0.62,10.0,250
manufacturing,temperature_eps0.5,budget_distribution,0.5,8,1,8.0,4,2,0.0,565.1446285376072,2.825723142688036,0.6176878652344598,0.62,10.0,250
manufacturing,temperature_eps0.5,budget_distribution,0.5,8,1,16.0,4,2,0.0,452.1167398300858,2.260583699150429,0.6176878652344598,0.62,10.0,250
manufacturing,temperature_eps0.5,budget_distribution,0.5,8,2,,4,2,0.0,452.1167398300858,2.260583699150429,0.6176878652344598,0.62,10.0,250
manufacturing,temperature_eps0.5,budget_distribution,0.5,8,2,4.0,4,2,0.0,1128.3129812971824,5.641564906485912,0.6176878652344598,0.62,10.0,250
manufacturing,temperature_eps0.5,budget_distribution,0.5,8,2,8.0,4,2,0.0,565.1446285376072,2.825723142688036,0.6176878652344598,0.62,10.0,250
manufacturing,temperature_eps0.5,budget_distribution,0.5,8,2,16.0,4,2,0.0,452.1167398300858,2.260583699150429,0.6176878652344598,0.62,10.0,250
manufacturing,temperature_eps0.5,budget_distribution,0.5,8,3,,4,2,0.0,452.1167398300858,2.260583699150429,0.6176878652344598,0.62,10.0,250
manufacturing,temperature_eps0.5,budget_distribution,0.5,8,3,4.0,4,2,0.0,1128.3129812971824,5.641564906485912,0.6176878652344598,0.62,10.0,250
manufacturing,temperature_eps0.5,budget_distribution,0.5,8,3,8.0,4,2,0.0,565.1446285376072,2.825723142688036,0.6176878652344598,0.62,10.0,250
manufacturing,temperature_eps0.5,budget_distribution,0.5,8,3,16.0,4,2,0.0,452.1167398300858,2.260583699150429,0.6176878652344598,0.62,10.0,250
manufacturing,temperature_eps0.5,budget_distribution,0.5,8,4,,4,2,0.0,452.1167398300858,2.260583699150429,0.6176878652344598,0.62,10.0,250
manufacturing,temperature_eps0.5,budget_distribution,0.5,8,4,4.0,4,2,0.0,1128.3129812971824,5.641564906485912,0.6176878652344598,0.62,10.0,250
manufacturing,temperature_eps0.5,budget_distribution,0.5,8,4,8.0,4,2,0.0,565.1446285376072,2.825723142688036,0.6176878652344598,0.62,10.0,250
manufacturing,temperature_eps0.5,budget_distribution,0.5,8,4,16.0,4,2,0.0,452.1167398300858,2.260583699150429,0.6176878652344598,0.62,10.0,250
manufacturing,temperature_eps0.5,budget_distribution,0.5,8,6,,4,2,0.0,452.1167398300858,2.260583699150429,0.6176878652344598,0.62,10.0,250
manufacturing,temperature_eps0.5,budget_distribution,0.5,8,6,8.0,4,2,0.0,565.1446285376072,2.825723142688036,0.6176878652344598,0.62,10.0,250
manufacturing,temperature_eps0.5,budget_distribution,0.5,8,6,16.0,4,2,0.0,452.1167398300858,2.260583699150429,0.6176878652344598,0.62,10.0,250
manufacturing,temperature_eps0.5,budget_distribution,0.5,8,1,,4,4,0.0,452.1167398300858,2.260583699150429,0.6176878652344598,0.62,10.0,250
manufacturing,temperature_eps0.5,budget_distribution,0.5,8,1,4.0,4,4,0.0,1128.3129812971824,5.641564906485912,0.6176878652344598,0.62,10.0,250
manufacturing,temperature_eps0.5,budget_distribution,0.5,8,1,8.0,4,4,0.0,565.1446285376072,2.825723142688036,0.6176878652344598,0.62,10.0,250
manufacturing,temperature_eps0.5,budget_distribution,0.5,8,1,16.0,4,4,0.0,452.1167398300858,2.260583699150429,0.6176878652344598,0.62,10.0,250
manufacturing,temperature_eps0.5,budget_distribution,0.5,8,2,,4,4,0.0,452.1167398300858,2.260583699150429,0.6176878652344598,0.62,10.0,250
manufacturing,temperature_eps0.5,budget_distribution,0.5,8,2,4.0,4,4,0.0,1128.3129812971824,5.641564906485912,0.6176878652344598,0.62,10.0,250
manufacturing,temperature_eps0.5,budget_distribution,0.5,8,2,8.0,4,4,0.0,565.1446285376072,2.825723142688036,0.6176878652344598,0.62,10.0,250
manufacturing,temperature_eps0.5,budget_distribution,0.5,8,2,16.0,4,4,0.0,452.1167398300858,2.260583699150429,0.6176878652344598,0.62,10.0,250
manufacturing,temperature_eps0.5,budget_distribution,0.5,8,3,,4,4,0.0,452.1167398300858,2.260583699150429,0.6176878652344598,0.62,10.0,250
manufacturing,temperature_eps0.5,budget_distribution,0.5,8,3,4.0,4,4,0.0,1128.3129812971824,5.641564906485912,0.6176878652344598,0.62,10.0,250
manufacturing,temperature_eps0.5,budget_distribution,0.5,8,3,8.0,4,4,0.0,565.1446285376072,2.825723142688036,0.6176878652344598,0.62,10.0,250
manufacturing,temperature_eps0.5,budget_distribution,0.5,8,3,16.0,4,4,0.0,452.1167398300858,2.260583699150429,0.6176878652344598,0.62,10.0,250
manufacturing,temperature_eps0.5,budget_distribution,0.5,8,4,,4,4,0.0,452.1167398300858,2.260583699150429,0.6176878652344598,0.62,10.0,250
manufacturing,temperature_eps0.5,budget_distribution,0.5,8,4,4.0,4,4,0.0,1128.3129812971824,5.641564906485912,0.6176878652344598,0.62,10.0,250
manufacturing,temperature_eps0.5,budget_distribution,0.5,8,4,8.0,4,4,0.0,565.1446285376072,2.825723142688036,0.6176878652344598,0.62,10.0,250
manufacturing,temperature_eps0.5,budget_distribution,0.5,8,4,16.0,4,4,0.0,452.1167398300858,2.260583699150429,0.6176878652344598,0.62,10.0,250
manufacturing,temperature_eps0.5,budget_distribution,0.5,8,6,,4,4,0.0,452.1167398300858,2.260583699150429,0.6176878652344598,0.62,10.0,250
manufacturing,temperature_eps0.5,budget_distribution,0.5,8,6,8.0,4,4,0.0,565.1446285376072,2.825723142688036,0.6176878652344598,0.62,10.0,250
manufacturing,temperature_eps0.5,budget_distribution,0.5,8,6,16.0,4,4,0.0,452.1167398300858,2.260583699150429,0.6176878652344598,0.62,10.0,250
manufacturing,temperature_eps0.5,budget_absorption,0.5,8,1,,1,0,0.0,419.15911639261185,2.0957955819630594,0.525371692093259,0.548,10.0,1000
manufacturing,temperature_eps0.5,budget_absorption,0.5,8,1,4.0,1,0,0.0,1061.738991800497,5.308694959002485,0.5236249968539407,0.557,10.0,1000
manufacturing,temperature_eps0.5,budget_absorption,0.5,8,1,8.0,1,0,0.0,528.7420910223921,2.64371045511196,0.5270486427945936,0.553,10.0,1000
manufacturing,temperature_eps0.5,budget_absorption,0.5,8,1,16.0,1,0,0.0,419.15911639261185,2.0957955819630594,0.525371692093259,0.548,10.0,1000
manufacturing,temperature_eps0.5,budget_absorption,0.5,8,2,,1,0,0.0,419.15911639261185,2.0957955819630594,0.525371692093259,0.548,10.0,1000
manufacturing,temperature_eps0.5,budget_absorption,0.5,8,2,4.0,1,0,0.0,1061.738991800497,5.308694959002485,0.5236249968539407,0.557,10.0,1000
manufacturing,temperature_eps0.5,budget_absorption,0.5,8,2,8.0,1,0,0.0,528.7420910223921,2.64371045511196,0.5270486427945936,0.553,10.0,1000
manufacturing,temperature_eps0.5,budget_absorption,0.5,8,2,16.0,1,0,0.0,419.15911639261185,2.0957955819630594,0.525371692093259,0.548,10.0,1000
manufacturing,temperature_eps0.5,budget_absorption,0.5,8,3,,1,0,0.0,419.15911639261185,2.0957955819630594,0.525371692093259,0.548,10.0,1000
manufacturing,temperature_eps0.5,budget_absorption,0.5,8,3,4.0,1,0,0.0,1061.738991800497,5.308694959002485,0.5236249968539407,0.557,10.0,1000
manufacturing,temperature_eps0.5,budget_absorption,0.5,8,3,8.0,1,0,0.0,528.7420910223921,2.64371045511196,0.5270486427945936,0.553,10.0,1000
manufacturing,temperature_eps0.5,budget_absorption,0.5,8,3,16.0,1,0,0.0,419.15911639261185,2.0957955819630594,0.525371692093259,0.548,10.0,1000
manufacturing,temperature_eps0.5,budget_absorption,0.5,8,4,,1,0,0.0,419.15911639261185,2.0957955819630594,0.525371692093259,0.548,10.0,1000
manufacturing,temperature_eps0.5,budget_absorption,0.5,8,4,4.0,1,0,0.0,1061.738991800497,5.308694959002485,0.5236249968539407,0.557,10.0,1000
manufacturing,temperature_eps0.5,budget_absorption,0.5,8,4,8.0,1,0,0.0,528.7420910223921,2.64371045511196,0.5270486427945936,0.553,10.0,1000
manufacturing,temperature_eps0.5,budget_absorption,0.5,8,4,16.0,1,0,0.0,419.15911639261185,2.0957955819630594,0.525371692093259,0.548,10.0,1000
manufacturing,temperature_eps0.5,budget_absorption,0.5,8,6,,1,0,0.0,419.15911639261185,2.0957955819630594,0.525371692093259,0.548,10.0,1000
manufacturing,temperature_eps0.5,budget_absorption,0.5,8,6,8.0,1,0,0.0,528.7420910223921,2.64371045511196,0.5270486427945936,0.553,10.0,1000
manufacturing,temperature_eps0.5,budget_absorption,0.5,8,6,16.0,1,0,0.0,419.15911639261185,2.0957955819630594,0.525371692093259,0.548,10.0,1000
manufacturing,temperature_eps0.5,budget_absorption,0.5,8,1,,1,2,0.0,419.15911639261185,2.0957955819630594,0.525371692093259,0.548,10.0,1000
manufacturing,temperature_eps0.5,budget_absorption,0.5,8,1,4.0,1,2,0.0,1061.738991800497,5.308694959002485,0.5236249968539407,0.557,10.0,1000
manufacturing,temperature_eps0.5,budget_absorption,0.5,8,1,8.0,1,2,0.0,528.7420910223921,2.64371045511196,0.5270486427945936,0.553,10.0,1000
manufacturing,temperature_eps0.5,budget_absorption,0.5,8,1,16.0,1,2,0.0,419.15911639261185,2.0957955819630594,0.525371692093259,0.548,10.0,1000
manufacturing,temperature_eps0.5,budget_absorption,0.5,8,2,,1,2,0.0,419.15911639261185,2.0957955819630594,0.525371692093259,0.548,10.0,1000
manufacturing,temperature_eps0.5,budget_absorption,0.5,8,2,4.0,1,2,0.0,1061.738991800497,5.308694959002485,0.5236249968539407,0.557,10.0,1000
manufacturing,temperature_eps0.5,budget_absorption,0.5,8,2,8.0,1,2,0.0,528.7420910223921,2.64371045511196,0.5270486427945936,0.553,10.0,1000
manufacturing,temperature_eps0.5,budget_absorption,0.5,8,2,16.0,1,2,0.0,419.15911639261185,2.0957955819630594,0.525371692093259,0.548,10.0,1000
manufacturing,temperature_eps0.5,budget_absorption,0.5,8,3,,1,2,0.0,419.15911639261185,2.0957955819630594,0.525371692093259,0.548,10.0,1000
manufacturing,temperature_eps0.5,budget_absorption,0.5,8,3,4.0,1,2,0.0,1061.738991800497,5.308694959002485,0.5236249968539407,0.557,10.0,1000
manufacturing,temperature_eps0.5,budget_absorption,0.5,8,3,8.0,1,2,0.0,528.7420910223921,2.64371045511196,0.5270486427945936,0.553,10.0,1000
manufacturing,temperature_eps0.5,budget_absorption,0.5,8,3,16.0,1,2,0.0,419.15911639261185,2.0957955819630594,0.525371692093259,0.548,10.0,1000
manufacturing,temperature_eps0.5,budget_absorption,0.5,8,4,,1,2,0.0,419.15911639261185,2.0957955819630594,0.525371692093259,0.548,10.0,1000
manufacturing,temperature_eps0.5,budget_absorption,0.5,8,4,4.0,1,2,0.0,1061.738991800497,5.308694959002485,0.5236249968539407,0.557,10.0,1000
manufacturing,temperature_eps0.5,budget_absorption,0.5,8,4,8.0,1,2,0.0,528.7420910223921,2.64371045511196,0.5270486427945936,0.553,10.0,1000
manufacturing,temperature_eps0.5,budget_absorption,0.5,8,4,16.0,1,2,0.0,419.15911639261185,2.0957955819630594,0.525371692093259,0.548,10.0,1000
manufacturing,temperature_eps0.5,budget_absorption,0.5,8,6,,1,2,0.0,419.15911639261185,2.0957955819630594,0.525371692093259,0.548,10.0,1000
manufacturing,temperature_eps0.5,budget_absorption,0.5,8,6,8.0,1,2,0.0,528.7420910223921,2.64371045511196,0.5270486427945936,0.553,10.0,1000
manufacturing,temperature_eps0.5,budget_absorption,0.5,8,6,16.0,1,2,0.0,419.15911639261185,2.0957955819630594,0.525371692093259,0.548,10.0,1000
manufacturing,temperature_eps0.5,budget_absorption,0.5,8,1,,1,4,0.0,419.15911639261185,2.0957955819630594,0.525371692093259,0.548,10.0,1000
manufacturing,temperature_eps0.5,budget_absorption,0.5,8,1,4.0,1,4,0.0,1061.738991800497,5.308694959002485,0.5236249968539407,0.557,10.0,1000
manufacturing,temperature_eps0.5,budget_absorption,0.5,8,1,8.0,1,4,0.0,528.7420910223921,2.64371045511196,0.5270486427945936,0.553,10.0,1000
manufacturing,temperature_eps0.5,budget_absorption,0.5,8,1,16.0,1,4,0.0,419.15911639261185,2.0957955819630594,0.525371692093259,0.548,10.0,1000
manufacturing,temperature_eps0.5,budget_absorption,0.5,8,2,,1,4,0.0,419.15911639261185,2.0957955819630594,0.525371692093259,0.548,10.0,1000
manufacturing,temperature_eps0.5,budget_absorption,0.5,8,2,4.0,1,4,0.0,1061.738991800497,5.308694959002485,0.5236249968539407,0.557,10.0,1000
manufacturing,temperature_eps0.5,budget_absorption,0.5,8,2,8.0,1,4,0.0,528.7420910223921,2.64371045511196,0.5270486427945936,0.553,10.0,1000
manufacturing,temperature_eps0.5,budget_absorption,0.5,8,2,16.0,1,4,0.0,419.15911639261185,2.0957955819630594,0.525371692093259,0.548,10.0,1000
manufacturing,temperature_eps0.5,budget_absorption,0.5,8,3,,1,4,0.0,419.15911639261185,2.0957955819630594,0.525371692093259,0.548,10.0,1000
manufacturing,temperature_eps0.5,budget_absorption,0.5,8,3,4.0,1,4,0.0,1061.738991800497,5.308694959002485,0.5236249968539407,0.557,10.0,1000
manufacturing,temperature_eps0.5,budget_absorption,0.5,8,3,8.0,1,4,0.0,528.7420910223921,2.64371045511196,0.5270486427945936,0.553,10.0,1000
manufacturing,temperature_eps0.5,budget_absorption,0.5,8,3,16.0,1,4,0.0,419.15911639261185,2.0957955819630594,0.525371692093259,0.548,10.0,1000
manufacturing,temperature_eps0.5,budget_absorption,0.5,8,4,,1,4,0.0,419.15911639261185,2.0957955819630594,0.525371692093259,0.548,10.0,1000
manufacturing,temperature_eps0.5,budget_absorption,0.5,8,4,4.0,1,4,0.0,1061.738991800497,5.308694959002485,0.5236249968539407,0.557,10.0,1000
manufacturing,temperature_eps0.5,budget_absorption,0.5,8,4,8.0,1,4,0.0,528.7420910223921,2.64371045511196,0.5270486427945936,0.553,10.0,1000
manufacturing,temperature_eps0.5,budget_absorption,0.5,8,4,16.0,1,4,0.0,419.15911639261185,2.0957955819630594,0.525371692093259,0.548,10.0,1000
manufacturing,temperature_eps0.5,budget_absorption,0.5,8,6,,1,4,0.0,419.15911639261185,2.0957955819630594,0.525371692093259,0.548,10.0,1000
manufacturing,temperature_eps0.5,budget_absorption,0.5,8,6,8.0,1,4,0.0,528.7420910223921,2.64371045511196,0.5270486427945936,0.553,10.0,1000
manufacturing,temperature_eps0.5,budget_absorption,0.5,8,6,16.0,1,4,0.0,419.15911639261185,2.0957955819630594,0.525371692093259,0.548,10.0,1000
manufacturing,temperature_eps0.5,budget_absorption,0.5,8,1,,2,0,0.0,390.1246301820375,1.9506231509101875,0.8188704687974528,0.512,10.0,500
manufacturing,temperature_eps0.5,budget_absorption,0.5,8,1,4.0,2,0,0.0,982.075371467549,4.910376857337745,0.8375966513538224,0.518,10.0,500
manufacturing,temperature_eps0.5,budget_absorption,0.5,8,1,8.0,2,0,0.0,491.03014423377454,2.455150721168873,0.8375966513538224,0.518,10.0,500
manufacturing,temperature_eps0.5,budget_absorption,0.5,8,1,16.0,2,0,0.0,390.1246301820375,1.9506231509101875,0.8188704687974528,0.512,10.0,500
manufacturing,temperature_eps0.5,budget_absorption,0.5,8,2,,2,0,0.0,390.1246301820375,1.9506231509101875,0.8188704687974528,0.512,10.0,500
manufacturing,temperature_eps0.5,budget_absorption,0.5,8,2,4.0,2,0,0.0,982.075371467549,4.910376857337745,0.8375966513538224,0.518,10.0,500
manufacturing,temperature_eps0.5,budget_absorption,0.5,8,2,8.0,2,0,0.0,491.03014423377454,2.455150721168873,0.8375966513538224,0.518,10.0,500
manufacturing,temperature_eps0.5,budget_absorption,0.5,8,2,16.0,2,0,0.0,390.1246301820375,1.9506231509101875,0.8188704687974528,0.512,10.0,500
manufacturing,temperature_eps0.5,budget_absorption,0.5,8,3,,2,0,0.0,390.1246301820375,1.9506231509101875,0.8188704687974528,0.512,10.0,500
manufacturing,temperature_eps0.5,budget_absorption,0.5,8,3,4.0,2,0,0.0,982.075371467549,4.910376857337745,0.8375966513538224,0.518,10.0,500
manufacturing,temperature_eps0.5,budget_absorption,0.5,8,3,8.0,2,0,0.0,491.03014423377454,2.455150721168873,0.8375966513538224,0.518,10.0,500
manufacturing,temperature_eps0.5,budget_absorption,0.5,8,3,16.0,2,0,0.0,390.1246301820375,1.9506231509101875,0.8188704687974528,0.512,10.0,500
manufacturing,temperature_eps0.5,budget_absorption,0.5,8,4,,2,0,0.0,390.1246301820375,1.9506231509101875,0.8188704687974528,0.512,10.0,500
manufacturing,temperature_eps0.5,budget_absorption,0.5,8,4,4.0,2,0,0.0,982.075371467549,4.910376857337745,0.8375966513538224,0.518,10.0,500
manufacturing,temperature_eps0.5,budget_absorption,0.5,8,4,8.0,2,0,0.0,491.03014423377454,2.455150721168873,0.8375966513538224,0.518,10.0,500
manufacturing,temperature_eps0.5,budget_absorption,0.5,8,4,16.0,2,0,0.0,390.1246301820375,1.9506231509101875,0.8188704687974528,0.512,10.0,500
manufacturing,temperature_eps0.5,budget_absorption,0.5,8,6,,2,0,0.0,390.1246301820375,1.9506231509101875,0.8188704687974528,0.512,10.0,500
manufacturing,temperature_eps0.5,budget_absorption,0.5,8,6,8.0,2,0,0.0,491.03014423377454,2.455150721168873,0.8375966513538224,0.518,10.0,500
manufacturing,temperature_eps0.5,budget_absorption,0.5,8,6,16.0,2,0,0.0,390.1246301820375,1.9506231509101875,0.8188704687974528,0.512,10.0,500
manufacturing,temperature_eps0.5,budget_absorption,0.5,8,1,,2,2,0.0,390.1246301820375,1.9506231509101875,0.8188704687974528,0.512,10.0,500
manufacturing,temperature_eps0.5,budget_absorption,0.5,8,1,4.0,2,2,0.0,982.075371467549,4.910376857337745,0.8375966513538224,0.518,10.0,500
manufacturing,temperature_eps0.5,budget_absorption,0.5,8,1,8.0,2,2,0.0,491.03014423377454,2.455150721168873,0.8375966513538224,0.518,10.0,500
manufacturing,temperature_eps0.5,budget_absorption,0.5,8,1,16.0,2,2,0.0,390.1246301820375,1.9506231509101875,0.8188704687974528,0.512,10.0,500
manufacturing,temperature_eps0.5,budget_absorption,0.5,8,2,,2,2,0.0,390.1246301820375,1.9506231509101875,0.8188704687974528,0.512,10.0,500
manufacturing,temperature_eps0.5,budget_absorption,0.5,8,2,4.0,2,2,0.0,982.075371467549,4.910376857337745,0.8375966513538224,0.518,10.0,500
manufacturing,temperature_eps0.5,budget_absorption,0.5,8,2,8.0,2,2,0.0,491.03014423377454,2.455150721168873,0.8375966513538224,0.518,10.0,500
manufacturing,temperature_eps0.5,budget_absorption,0.5,8,2,16.0,2,2,0.0,390.1246301820375,1.9506231509101875,0.8188704687974528,0.512,10.0,500
manufacturing,temperature_eps0.5,budget_absorption,0.5,8,3,,2,2,0.0,390.1246301820375,1.9506231509101875,0.8188704687974528,0.512,10.0,500
manufacturing,temperature_eps0.5,budget_absorption,0.5,8,3,4.0,2,2,0.0,982.075371467549,4.910376857337745,0.8375966513538224,0.518,10.0,500
manufacturing,temperature_eps0.5,budget_absorption,0.5,8,3,8.0,2,2,0.0,491.03014423377454,2.455150721168873,0.8375966513538224,0.518,10.0,500
manufacturing,temperature_eps0.5,budget_absorption,0.5,8,3,16.0,2,2,0.0,390.1246301820375,1.9506231509101875,0.8188704687974528,0.512,10.0,500
manufacturing,temperature_eps0.5,budget_absorption,0.5,8,4,,2,2,0.0,390.1246301820375,1.9506231509101875,0.8188704687974528,0.512,10.0,500
manufacturing,temperature_eps0.5,budget_absorption,0.5,8,4,4.0,2,2,0.0,982.075371467549,4.910376857337745,0.8375966513538224,0.518,10.0,500
manufacturing,temperature_eps0.5,budget_absorption,0.5,8,4,8.0,2,2,0.0,491.03014423377454,2.455150721168873,0.8375966513538224,0.518,10.0,500
manufacturing,temperature_eps0.5,budget_absorption,0.5,8,4,16.0,2,2,0.0,390.1246301820375,1.9506231509101875,0.8188704687974528,0.512,10.0,500
manufacturing,temperature_eps0.5,budget_absorption,0.5,8,6,,2,2,0.0,390.1246301820375,1.9506231509101875,0.8188704687974528,0.512,10.0,500
manufacturing,temperature_eps0.5,budget_absorption,0.5,8,6,8.0,2,2,0.0,491.03014423377454,2.455150721168873,0.8375966513538224,0.518,10.0,500
manufacturing,temperature_eps0.5,budget_absorption,0.5,8,6,16.0,2,2,0.0,390.1246301820375,1.9506231509101875,0.8188704687974528,0.512,10.0,500
manufacturing,temperature_eps0.5,budget_absorption,0.5,8,1,,2,4,0.0,390.1246301820375,1.9506231509101875,0.8188704687974528,0.512,10.0,500
manufacturing,temperature_eps0.5,budget_absorption,0.5,8,1,4.0,2,4,0.0,982.075371467549,4.910376857337745,0.8375966513538224,0.518,10.0,500
manufacturing,temperature_eps0.5,budget_absorption,0.5,8,1,8.0,2,4,0.0,491.03014423377454,2.455150721168873,0.8375966513538224,0.518,10.0,500
manufacturing,temperature_eps0.5,budget_absorption,0.5,8,1,16.0,2,4,0.0,390.1246301820375,1.9506231509101875,0.8188704687974528,0.512,10.0,500
manufacturing,temperature_eps0.5,budget_absorption,0.5,8,2,,2,4,0.0,390.1246301820375,1.9506231509101875,0.8188704687974528,0.512,10.0,500
manufacturing,temperature_eps0.5,budget_absorption,0.5,8,2,4.0,2,4,0.0,982.075371467549,4.910376857337745,0.8375966513538224,0.518,10.0,500
manufacturing,temperature_eps0.5,budget_absorption,0.5,8,2,8.0,2,4,0.0,491.03014423377454,2.455150721168873,0.8375966513538224,0.518,10.0,500
manufacturing,temperature_eps0.5,budget_absorption,0.5,8,2,16.0,2,4,0.0,390.1246301820375,1.9506231509101875,0.8188704687974528,0.512,10.0,500
manufacturing,temperature_eps0.5,budget_absorption,0.5,8,3,,2,4,0.0,390.1246301820375,1.9506231509101875,0.8188704687974528,0.512,10.0,500
manufacturing,temperature_eps0.5,budget_absorption,0.5,8,3,4.0,2,4,0.0,982.075371467549,4.910376857337745,0.8375966513538224,0.518,10.0,500
manufacturing,temperature_eps0.5,budget_absorption,0.5,8,3,8.0,2,4,0.0,491.03014423377454,2.455150721168873,0.8375966513538224,0.518,10.0,500
manufacturing,temperature_eps0.5,budget_absorption,0.5,8,3,16.0,2,4,0.0,390.1246301820375,1.9506231509101875,0.8188704687974528,0.512,10.0,500
manufacturing,temperature_eps0.5,budget_absorption,0.5,8,4,,2,4,0.0,390.1246301820375,1.9506231509101875,0.8188704687974528,0.512,10.0,500
manufacturing,temperature_eps0.5,budget_absorption,0.5,8,4,4.0,2,4,0.0,982.075371467549,4.910376857337745,0.8375966513538224,0.518,10.0,500
manufacturing,temperature_eps0.5,budget_absorption,0.5,8,4,8.0,2,4,0.0,491.03014423377454,2.455150721168873,0.8375966513538224,0.518,10.0,500
manufacturing,temperature_eps0.5,budget_absorption,0.5,8,4,16.0,2,4,0.0,390.1246301820375,1.9506231509101875,0.8188704687974528,0.512,10.0,500
manufacturing,temperature_eps0.5,budget_absorption,0.5,8,6,,2,4,0.0,390.1246301820375,1.9506231509101875,0.8188704687974528,0.512,10.0,500
manufacturing,temperature_eps0.5,budget_absorption,0.5,8,6,8.0,2,4,0.0,491.03014423377454,2.455150721168873,0.8375966513538224,0.518,10.0,500
manufacturing,temperature_eps0.5,budget_absorption,0.5,8,6,16.0,2,4,0.0,390.1246301820375,1.9506231509101875,0.8188704687974528,0.512,10.0,500
manufacturing,temperature_eps0.5,budget_absorption,0.5,8,1,,4,0,0.0,423.28430619584293,2.1164215309792147,0.31336286516156076,0.508,10.0,250
manufacturing,temperature_eps0.5,budget_absorption,0.5,8,1,4.0,4,0,0.0,1058.2256259896071,5.291128129948036,0.31336286516156076,0.508,10.0,250
manufacturing,temperature_eps0.5,budget_absorption,0.5,8,1,8.0,4,0,0.0,529.1078594948037,2.6455392974740186,0.31336286516156076,0.508,10.0,250
manufacturing,temperature_eps0.5,budget_absorption,0.5,8,1,16.0,4,0,0.0,423.28430619584293,2.1164215309792147,0.31336286516156076,0.508,10.0,250
manufacturing,temperature_eps0.5,budget_absorption,0.5,8,2,,4,0,0.0,423.28430619584293,2.1164215309792147,0.31336286516156076,0.508,10.0,250
manufacturing,temperature_eps0.5,budget_absorption,0.5,8,2,4.0,4,0,0.0,1058.2256259896071,5.291128129948036,0.31336286516156076,0.508,10.0,250
manufacturing,temperature_eps0.5,budget_absorption,0.5,8,2,8.0,4,0,0.0,529.1078594948037,2.6455392974740186,0.31336286516156076,0.508,10.0,250
manufacturing,temperature_eps0.5,budget_absorption,0.5,8,2,16.0,4,0,0.0,423.28430619584293,2.1164215309792147,0.31336286516156076,0.508,10.0,250
manufacturing,temperature_eps0.5,budget_absorption,0.5,8,3,,4,0,0.0,423.28430619584293,2.1164215309792147,0.31336286516156076,0.508,10.0,250
manufacturing,temperature_eps0.5,budget_absorption,0.5,8,3,4.0,4,0,0.0,1058.2256259896071,5.291128129948036,0.31336286516156076,0.508,10.0,250
manufacturing,temperature_eps0.5,budget_absorption,0.5,8,3,8.0,4,0,0.0,529.1078594948037,2.6455392974740186,0.31336286516156076,0.508,10.0,250
manufacturing,temperature_eps0.5,budget_absorption,0.5,8,3,16.0,4,0,0.0,423.28430619584293,2.1164215309792147,0.31336286516156076,0.508,10.0,250
manufacturing,temperature_eps0.5,budget_absorption,0.5,8,4,,4,0,0.0,423.28430619584293,2.1164215309792147,0.31336286516156076,0.508,10.0,250
manufacturing,temperature_eps0.5,budget_absorption,0.5,8,4,4.0,4,0,0.0,1058.2256259896071,5.291128129948036,0.31336286516156076,0.508,10.0,250
manufacturing,temperature_eps0.5,budget_absorption,0.5,8,4,8.0,4,0,0.0,529.1078594948037,2.6455392974740186,0.31336286516156076,0.508,10.0,250
manufacturing,temperature_eps0.5,budget_absorption,0.5,8,4,16.0,4,0,0.0,423.28430619584293,2.1164215309792147,0.31336286516156076,0.508,10.0,250
manufacturing,temperature_eps0.5,budget_absorption,0.5,8,6,,4,0,0.0,423.28430619584293,2.1164215309792147,0.31336286516156076,0.508,10.0,250
manufacturing,temperature_eps0.5,budget_absorption,0.5,8,6,8.0,4,0,0.0,529.1078594948037,2.6455392974740186,0.31336286516156076,0.508,10.0,250
manufacturing,temperature_eps0.5,budget_absorption,0.5,8,6,16.0,4,0,0.0,423.28430619584293,2.1164215309792147,0.31336286516156076,0.508,10.0,250
manufacturing,temperature_eps0.5,budget_absorption,0.5,8,1,,4,2,0.0,423.28430619584293,2.1164215309792147,0.31336286516156076,0.508,10.0,250
manufacturing,temperature_eps0.5,budget_absorption,0.5,8,1,4.0,4,2,0.0,1058.2256259896071,5.291128129948036,0.31336286516156076,0.508,10.0,250
manufacturing,temperature_eps0.5,budget_absorption,0.5,8,1,8.0,4,2,0.0,529.1078594948037,2.6455392974740186,0.31336286516156076,0.508,10.0,250
manufacturing,temperature_eps0.5,budget_absorption,0.5,8,1,16.0,4,2,0.0,423.28430619584293,2.1164215309792147,0.31336286516156076,0.508,10.0,250
manufacturing,temperature_eps0.5,budget_absorption,0.5,8,2,,4,2,0.0,423.28430619584293,2.1164215309792147,0.31336286516156076,0.508,10.0,250
manufacturing,temperature_eps0.5,budget_absorption,0.5,8,2,4.0,4,2,0.0,1058.2256259896071,5.291128129948036,0.31336286516156076,0.508,10.0,250
manufacturing,temperature_eps0.5,budget_absorption,0.5,8,2,8.0,4,2,0.0,529.1078594948037,2.6455392974740186,0.31336286516156076,0.508,10.0,250
manufacturing,temperature_eps0.5,budget_absorption,0.5,8,2,16.0,4,2,0.0,423.28430619584293,2.1164215309792147,0.31336286516156076,0.508,10.0,250
manufacturing,temperature_eps0.5,budget_absorption,0.5,8,3,,4,2,0.0,423.28430619584293,2.1164215309792147,0.31336286516156076,0.508,10.0,250
manufacturing,temperature_eps0.5,budget_absorption,0.5,8,3,4.0,4,2,0.0,1058.2256259896071,5.291128129948036,0.31336286516156076,0.508,10.0,250
manufacturing,temperature_eps0.5,budget_absorption,0.5,8,3,8.0,4,2,0.0,529.1078594948037,2.6455392974740186,0.31336286516156076,0.508,10.0,250
manufacturing,temperature_eps0.5,budget_absorption,0.5,8,3,16.0,4,2,0.0,423.28430619584293,2.1164215309792147,0.31336286516156076,0.508,10.0,250
manufacturing,temperature_eps0.5,budget_absorption,0.5,8,4,,4,2,0.0,423.28430619584293,2.1164215309792147,0.31336286516156076,0.508,10.0,250
manufacturing,temperature_eps0.5,budget_absorption,0.5,8,4,4.0,4,2,0.0,1058.2256259896071,5.291128129948036,0.31336286516156076,0.508,10.0,250
manufacturing,temperature_eps0.5,budget_absorption,0.5,8,4,8.0,4,2,0.0,529.1078594948037,2.6455392974740186,0.31336286516156076,0.508,10.0,250
manufacturing,temperature_eps0.5,budget_absorption,0.5,8,4,16.0,4,2,0.0,423.28430619584293,2.1164215309792147,0.31336286516156076,0.508,10.0,250
manufacturing,temperature_eps0.5,budget_absorption,0.5,8,6,,4,2,0.0,423.28430619584293,2.1164215309792147,0.31336286516156076,0.508,10.0,250
manufacturing,temperature_eps0.5,budget_absorption,0.5,8,6,8.0,4,2,0.0,529.1078594948037,2.6455392974740186,0.31336286516156076,0.508,10.0,250
manufacturing,temperature_eps0.5,budget_absorption,0.5,8,6,16.0,4,2,0.0,423.28430619584293,2.1164215309792147,0.31336286516156076,0.508,10.0,250
manufacturing,temperature_eps0.5,budget_absorption,0.5,8,1,,4,4,0.0,423.28430619584293,2.1164215309792147,0.31336286516156076,0.508,10.0,250
manufacturing,temperature_eps0.5,budget_absorption,0.5,8,1,4.0,4,4,0.0,1058.2256259896071,5.291128129948036,0.31336286516156076,0.508,10.0,250
manufacturing,temperature_eps0.5,budget_absorption,0.5,8,1,8.0,4,4,0.0,529.1078594948037,2.6455392974740186,0.31336286516156076,0.508,10.0,250
manufacturing,temperature_eps0.5,budget_absorption,0.5,8,1,16.0,4,4,0.0,423.28430619584293,2.1164215309792147,0.31336286516156076,0.508,10.0,250
manufacturing,temperature_eps0.5,budget_absorption,0.5,8,2,,4,4,0.0,423.28430619584293,2.1164215309792147,0.31336286516156076,0.508,10.0,250
manufacturing,temperature_eps0.5,budget_absorption,0.5,8,2,4.0,4,4,0.0,1058.2256259896071,5.291128129948036,0.31336286516156076,0.508,10.0,250
manufacturing,temperature_eps0.5,budget_absorption,0.5,8,2,8.0,4,4,0.0,529.1078594948037,2.6455392974740186,0.31336286516156076,0.508,10.0,250
manufacturing,temperature_eps0.5,budget_absorption,0.5,8,2,16.0,4,4,0.0,423.28430619584293,2.1164215309792147,0.31336286516156076,0.508,10.0,250
manufacturing,temperature_eps0.5,budget_absorption,0.5,8,3,,4,4,0.0,423.28430619584293,2.1164215309792147,0.31336286516156076,0.508,10.0,250
manufacturing,temperature_eps0.5,budget_absorption,0.5,8,3,4.0,4,4,0.0,1058.2256259896071,5.291128129948036,0.31336286516156076,0.508,10.0,250
manufacturing,temperature_eps0.5,budget_absorption,0.5,8,3,8.0,4,4,0.0,529.1078594948037,2.6455392974740186,0.31336286516156076,0.508,10.0,250
manufacturing,temperature_eps0.5,budget_absorption,0.5,8,3,16.0,4,4,0.0,423.28430619584293,2.1164215309792147,0.31336286516156076,0.508,10.0,250
manufacturing,temperature_eps0.5,budget_absorption,0.5,8,4,,4,4,0.0,423.28430619584293,2.1164215309792147,0.31336286516156076,0.508,10.0,250
manufacturing,temperature_eps0.5,budget_absorption,0.5,8,4,4.0,4,4,0.0,1058.2256259896071,5.291128129948036,0.31336286516156076,0.508,10.0,250
manufacturing,temperature_eps0.5,budget_absorption,0.5,8,4,8.0,4,4,0.0,529.1078594948037,2.6455392974740186,0.31336286516156076,0.508,10.0,250
manufacturing,temperature_eps0.5,budget_absorption,0.5,8,4,16.0,4,4,0.0,423.28430619584293,2.1164215309792147,0.31336286516156076,0.508,10.0,250
manufacturing,temperature_eps0.5,budget_absorption,0.5,8,6,,4,4,0.0,423.28430619584293,2.1164215309792147,0.31336286516156076,0.508,10.0,250
manufacturing,temperature_eps0.5,budget_absorption,0.5,8,6,8.0,4,4,0.0,529.1078594948037,2.6455392974740186,0.31336286516156076,0.508,10.0,250
manufacturing,temperature_eps0.5,budget_absorption,0.5,8,6,16.0,4,4,0.0,423.28430619584293,2.1164215309792147,0.31336286516156076,0.508,10.0,250
manufacturing,temperature_eps0.5,p_gated_uniform,0.5,8,1,,1,0,0.0,300.2970333236514,1.5014851666182571,0.8052097194013691,1.0,10.0,1000
manufacturing,temperature_eps0.5,p_gated_uniform,0.5,8,1,4.0,1,0,0.0,750.7425833091287,3.7537129165456435,0.8052083317775939,1.0,10.0,1000
manufacturing,temperature_eps0.5,p_gated_uniform,0.5,8,1,8.0,1,0,0.0,375.3712916545643,1.8768564582728215,0.8052114482920871,1.0,10.0,1000
manufacturing,temperature_eps0.5,p_gated_uniform,0.5,8,1,16.0,1,0,0.0,300.2970333236514,1.5014851666182571,0.8052097194013691,1.0,10.0,1000
manufacturing,temperature_eps0.5,p_gated_uniform,0.5,8,2,,1,0,0.0,300.2970333236514,1.5014851666182571,0.8052097194013691,1.0,10.0,1000
manufacturing,temperature_eps0.5,p_gated_uniform,0.5,8,2,4.0,1,0,0.0,750.7425833091287,3.7537129165456435,0.8052083317775939,1.0,10.0,1000
manufacturing,temperature_eps0.5,p_gated_uniform,0.5,8,2,8.0,1,0,0.0,375.3712916545643,1.8768564582728215,0.8052114482920871,1.0,10.0,1000
manufacturing,temperature_eps0.5,p_gated_uniform,0.5,8,2,16.0,1,0,0.0,300.2970333236514,1.5014851666182571,0.8052097194013691,1.0,10.0,1000
manufacturing,temperature_eps0.5,p_gated_uniform,0.5,8,3,,1,0,0.0,300.2970333236514,1.5014851666182571,0.8052097194013691,1.0,10.0,1000
manufacturing,temperature_eps0.5,p_gated_uniform,0.5,8,3,4.0,1,0,0.0,750.7425833091287,3.7537129165456435,0.8052083317775939,1.0,10.0,1000
manufacturing,temperature_eps0.5,p_gated_uniform,0.5,8,3,8.0,1,0,0.0,375.3712916545643,1.8768564582728215,0.8052114482920871,1.0,10.0,1000
manufacturing,temperature_eps0.5,p_gated_uniform,0.5,8,3,16.0,1,0,0.0,300.2970333236514,1.5014851666182571,0.8052097194013691,1.0,10.0,1000
manufacturing,temperature_eps0.5,p_gated_uniform,0.5,8,4,,1,0,0.0,300.2970333236514,1.5014851666182571,0.8052097194013691,1.0,10.0,1000
manufacturing,temperature_eps0.5,p_gated_uniform,0.5,8,4,4.0,1,0,0.0,750.7425833091287,3.7537129165456435,0.8052083317775939,1.0,10.0,1000
manufacturing,temperature_eps0.5,p_gated_uniform,0.5,8,4,8.0,1,0,0.0,375.3712916545643,1.8768564582728215,0.8052114482920871,1.0,10.0,1000
manufacturing,temperature_eps0.5,p_gated_uniform,0.5,8,4,16.0,1,0,0.0,300.2970333236514,1.5014851666182571,0.8052097194013691,1.0,10.0,1000
manufacturing,temperature_eps0.5,p_gated_uniform,0.5,8,6,,1,0,0.0,300.2970333236514,1.5014851666182571,0.8052097194013691,1.0,10.0,1000
manufacturing,temperature_eps0.5,p_gated_uniform,0.5,8,6,8.0,1,0,0.0,375.3712916545643,1.8768564582728215,0.8052114482920871,1.0,10.0,1000
manufacturing,temperature_eps0.5,p_gated_uniform,0.5,8,6,16.0,1,0,0.0,300.2970333236514,1.5014851666182571,0.8052097194013691,1.0,10.0,1000
manufacturing,temperature_eps0.5,p_gated_uniform,0.5,8,1,,1,2,0.0,300.2970333236514,1.5014851666182571,0.8052097194013691,1.0,10.0,1000
manufacturing,temperature_eps0.5,p_gated_uniform,0.5,8,1,4.0,1,2,0.0,750.7425833091287,3.7537129165456435,0.8052083317775939,1.0,10.0,1000
manufacturing,temperature_eps0.5,p_gated_uniform,0.5,8,1,8.0,1,2,0.0,375.3712916545643,1.8768564582728215,0.8052114482920871,1.0,10.0,1000
manufacturing,temperature_eps0.5,p_gated_uniform,0.5,8,1,16.0,1,2,0.0,300.2970333236514,1.5014851666182571,0.8052097194013691,1.0,10.0,1000
manufacturing,temperature_eps0.5,p_gated_uniform,0.5,8,2,,1,2,0.0,300.2970333236514,1.5014851666182571,0.8052097194013691,1.0,10.0,1000
manufacturing,temperature_eps0.5,p_gated_uniform,0.5,8,2,4.0,1,2,0.0,750.7425833091287,3.7537129165456435,0.8052083317775939,1.0,10.0,1000
manufacturing,temperature_eps0.5,p_gated_uniform,0.5,8,2,8.0,1,2,0.0,375.3712916545643,1.8768564582728215,0.8052114482920871,1.0,10.0,1000
manufacturing,temperature_eps0.5,p_gated_uniform,0.5,8,2,16.0,1,2,0.0,300.2970333236514,1.5014851666182571,0.8052097194013691,1.0,10.0,1000
manufacturing,temperature_eps0.5,p_gated_uniform,0.5,8,3,,1,2,0.0,300.2970333236514,1.5014851666182571,0.8052097194013691,1.0,10.0,1000
manufacturing,temperature_eps0.5,p_gated_uniform,0.5,8,3,4.0,1,2,0.0,750.7425833091287,3.7537129165456435,0.8052083317775939,1.0,10.0,1000
manufacturing,temperature_eps0.5,p_gated_uniform,0.5,8,3,8.0,1,2,0.0,375.3712916545643,1.8768564582728215,0.8052114482920871,1.0,10.0,1000
manufacturing,temperature_eps0.5,p_gated_uniform,0.5,8,3,16.0,1,2,0.0,300.2970333236514,1.5014851666182571,0.8052097194013691,1.0,10.0,1000
manufacturing,temperature_eps0.5,p_gated_uniform,0.5,8,4,,1,2,0.0,300.2970333236514,1.5014851666182571,0.8052097194013691,1.0,10.0,1000
manufacturing,temperature_eps0.5,p_gated_uniform,0.5,8,4,4.0,1,2,0.0,750.7425833091287,3.7537129165456435,0.8052083317775939,1.0,10.0,1000
manufacturing,temperature_eps0.5,p_gated_uniform,0.5,8,4,8.0,1,2,0.0,375.3712916545643,1.8768564582728215,0.8052114482920871,1.0,10.0,1000
manufacturing,temperature_eps0.5,p_gated_uniform,0.5,8,4,16.0,1,2,0.0,300.2970333236514,1.5014851666182571,0.8052097194013691,1.0,10.0,1000
manufacturing,temperature_eps0.5,p_gated_uniform,0.5,8,6,,1,2,0.0,300.2970333236514,1.5014851666182571,0.8052097194013691,1.0,10.0,1000
manufacturing,temperature_eps0.5,p_gated_uniform,0.5,8,6,8.0,1,2,0.0,375.3712916545643,1.8768564582728215,0.8052114482920871,1.0,10.0,1000
manufacturing,temperature_eps0.5,p_gated_uniform,0.5,8,6,16.0,1,2,0.0,300.2970333236514,1.5014851666182571,0.8052097194013691,1.0,10.0,1000
manufacturing,temperature_eps0.5,p_gated_uniform,0.5,8,1,,1,4,0.0,300.2970333236514,1.5014851666182571,0.8052097194013691,1.0,10.0,1000
manufacturing,temperature_eps0.5,p_gated_uniform,0.5,8,1,4.0,1,4,0.0,750.7425833091287,3.7537129165456435,0.8052083317775939,1.0,10.0,1000
manufacturing,temperature_eps0.5,p_gated_uniform,0.5,8,1,8.0,1,4,0.0,375.3712916545643,1.8768564582728215,0.8052114482920871,1.0,10.0,1000
manufacturing,temperature_eps0.5,p_gated_uniform,0.5,8,1,16.0,1,4,0.0,300.2970333236514,1.5014851666182571,0.8052097194013691,1.0,10.0,1000
manufacturing,temperature_eps0.5,p_gated_uniform,0.5,8,2,,1,4,0.0,300.2970333236514,1.5014851666182571,0.8052097194013691,1.0,10.0,1000
manufacturing,temperature_eps0.5,p_gated_uniform,0.5,8,2,4.0,1,4,0.0,750.7425833091287,3.7537129165456435,0.8052083317775939,1.0,10.0,1000
manufacturing,temperature_eps0.5,p_gated_uniform,0.5,8,2,8.0,1,4,0.0,375.3712916545643,1.8768564582728215,0.8052114482920871,1.0,10.0,1000
manufacturing,temperature_eps0.5,p_gated_uniform,0.5,8,2,16.0,1,4,0.0,300.2970333236514,1.5014851666182571,0.8052097194013691,1.0,10.0,1000
manufacturing,temperature_eps0.5,p_gated_uniform,0.5,8,3,,1,4,0.0,300.2970333236514,1.5014851666182571,0.8052097194013691,1.0,10.0,1000
manufacturing,temperature_eps0.5,p_gated_uniform,0.5,8,3,4.0,1,4,0.0,750.7425833091287,3.7537129165456435,0.8052083317775939,1.0,10.0,1000
manufacturing,temperature_eps0.5,p_gated_uniform,0.5,8,3,8.0,1,4,0.0,375.3712916545643,1.8768564582728215,0.8052114482920871,1.0,10.0,1000
manufacturing,temperature_eps0.5,p_gated_uniform,0.5,8,3,16.0,1,4,0.0,300.2970333236514,1.5014851666182571,0.8052097194013691,1.0,10.0,1000
manufacturing,temperature_eps0.5,p_gated_uniform,0.5,8,4,,1,4,0.0,300.2970333236514,1.5014851666182571,0.8052097194013691,1.0,10.0,1000
manufacturing,temperature_eps0.5,p_gated_uniform,0.5,8,4,4.0,1,4,0.0,750.7425833091287,3.7537129165456435,0.8052083317775939,1.0,10.0,1000
manufacturing,temperature_eps0.5,p_gated_uniform,0.5,8,4,8.0,1,4,0.0,375.3712916545643,1.8768564582728215,0.8052114482920871,1.0,10.0,1000
manufacturing,temperature_eps0.5,p_gated_uniform,0.5,8,4,16.0,1,4,0.0,300.2970333236514,1.5014851666182571,0.8052097194013691,1.0,10.0,1000
manufacturing,temperature_eps0.5,p_gated_uniform,0.5,8,6,,1,4,0.0,300.2970333236514,1.5014851666182571,0.8052097194013691,1.0,10.0,1000
manufacturing,temperature_eps0.5,p_gated_uniform,0.5,8,6,8.0,1,4,0.0,375.3712916545643,1.8768564582728215,0.8052114482920871,1.0,10.0,1000
manufacturing,temperature_eps0.5,p_gated_uniform,0.5,8,6,16.0,1,4,0.0,300.2970333236514,1.5014851666182571,0.8052097194013691,1.0,10.0,1000
manufacturing,temperature_eps0.5,p_gated_uniform,0.5,8,1,,2,0,0.0,313.34263769850634,1.5667131884925316,0.9437968812067142,1.0,10.0,500
manufacturing,temperature_eps0.5,p_gated_uniform,0.5,8,1,4.0,2,0,0.0,783.3565942462659,3.9167829712313296,0.9439874494525142,1.0,10.0,500
manufacturing,temperature_eps0.5,p_gated_uniform,0.5,8,1,8.0,2,0,0.0,391.67829712313295,1.9583914856156648,0.9437968812067142,1.0,10.0,500
manufacturing,temperature_eps0.5,p_gated_uniform,0.5,8,1,16.0,2,0,0.0,313.34263769850634,1.5667131884925316,0.9437968812067142,1.0,10.0,500
manufacturing,temperature_eps0.5,p_gated_uniform,0.5,8,2,,2,0,0.0,313.34263769850634,1.5667131884925316,0.9437968812067142,1.0,10.0,500
manufacturing,temperature_eps0.5,p_gated_uniform,0.5,8,2,4.0,2,0,0.0,783.3565942462659,3.9167829712313296,0.9439874494525142,1.0,10.0,500
manufacturing,temperature_eps0.5,p_gated_uniform,0.5,8,2,8.0,2,0,0.0,391.67829712313295,1.9583914856156648,0.9437968812067142,1.0,10.0,500
manufacturing,temperature_eps0.5,p_gated_uniform,0.5,8,2,16.0,2,0,0.0,313.34263769850634,1.5667131884925316,0.9437968812067142,1.0,10.0,500
manufacturing,temperature_eps0.5,p_gated_uniform,0.5,8,3,,2,0,0.0,313.34263769850634,1.5667131884925316,0.9437968812067142,1.0,10.0,500
manufacturing,temperature_eps0.5,p_gated_uniform,0.5,8,3,4.0,2,0,0.0,783.3565942462659,3.9167829712313296,0.9439874494525142,1.0,10.0,500
manufacturing,temperature_eps0.5,p_gated_uniform,0.5,8,3,8.0,2,0,0.0,391.67829712313295,1.9583914856156648,0.9437968812067142,1.0,10.0,500
manufacturing,temperature_eps0.5,p_gated_uniform,0.5,8,3,16.0,2,0,0.0,313.34263769850634,1.5667131884925316,0.9437968812067142,1.0,10.0,500
manufacturing,temperature_eps0.5,p_gated_uniform,0.5,8,4,,2,0,0.0,313.34263769850634,1.5667131884925316,0.9437968812067142,1.0,10.0,500
manufacturing,temperature_eps0.5,p_gated_uniform,0.5,8,4,4.0,2,0,0.0,783.3565942462659,3.9167829712313296,0.9439874494525142,1.0,10.0,500
manufacturing,temperature_eps0.5,p_gated_uniform,0.5,8,4,8.0,2,0,0.0,391.67829712313295,1.9583914856156648,0.9437968812067142,1.0,10.0,500
manufacturing,temperature_eps0.5,p_gated_uniform,0.5,8,4,16.0,2,0,0.0,313.34263769850634,1.5667131884925316,0.9437968812067142,1.0,10.0,500
manufacturing,temperature_eps0.5,p_gated_uniform,0.5,8,6,,2,0,0.0,313.34263769850634,1.5667131884925316,0.9437968812067142,1.0,10.0,500
manufacturing,temperature_eps0.5,p_gated_uniform,0.5,8,6,8.0,2,0,0.0,391.67829712313295,1.9583914856156648,0.9437968812067142,1.0,10.0,500
manufacturing,temperature_eps0.5,p_gated_uniform,0.5,8,6,16.0,2,0,0.0,313.34263769850634,1.5667131884925316,0.9437968812067142,1.0,10.0,500
manufacturing,temperature_eps0.5,p_gated_uniform,0.5,8,1,,2,2,0.0,313.34263769850634,1.5667131884925316,0.9437968812067142,1.0,10.0,500
manufacturing,temperature_eps0.5,p_gated_uniform,0.5,8,1,4.0,2,2,0.0,783.3565942462659,3.9167829712313296,0.9439874494525142,1.0,10.0,500
manufacturing,temperature_eps0.5,p_gated_uniform,0.5,8,1,8.0,2,2,0.0,391.67829712313295,1.9583914856156648,0.9437968812067142,1.0,10.0,500
manufacturing,temperature_eps0.5,p_gated_uniform,0.5,8,1,16.0,2,2,0.0,313.34263769850634,1.5667131884925316,0.9437968812067142,1.0,10.0,500
manufacturing,temperature_eps0.5,p_gated_uniform,0.5,8,2,,2,2,0.0,313.34263769850634,1.5667131884925316,0.9437968812067142,1.0,10.0,500
manufacturing,temperature_eps0.5,p_gated_uniform,0.5,8,2,4.0,2,2,0.0,783.3565942462659,3.9167829712313296,0.9439874494525142,1.0,10.0,500
manufacturing,temperature_eps0.5,p_gated_uniform,0.5,8,2,8.0,2,2,0.0,391.67829712313295,1.9583914856156648,0.9437968812067142,1.0,10.0,500
manufacturing,temperature_eps0.5,p_gated_uniform,0.5,8,2,16.0,2,2,0.0,313.34263769850634,1.5667131884925316,0.9437968812067142,1.0,10.0,500
manufacturing,temperature_eps0.5,p_gated_uniform,0.5,8,3,,2,2,0.0,313.34263769850634,1.5667131884925316,0.9437968812067142,1.0,10.0,500
manufacturing,temperature_eps0.5,p_gated_uniform,0.5,8,3,4.0,2,2,0.0,783.3565942462659,3.9167829712313296,0.9439874494525142,1.0,10.0,500
manufacturing,temperature_eps0.5,p_gated_uniform,0.5,8,3,8.0,2,2,0.0,391.67829712313295,1.9583914856156648,0.9437968812067142,1.0,10.0,500
manufacturing,temperature_eps0.5,p_gated_uniform,0.5,8,3,16.0,2,2,0.0,313.34263769850634,1.5667131884925316,0.9437968812067142,1.0,10.0,500
manufacturing,temperature_eps0.5,p_gated_uniform,0.5,8,4,,2,2,0.0,313.34263769850634,1.5667131884925316,0.9437968812067142,1.0,10.0,500
manufacturing,temperature_eps0.5,p_gated_uniform,0.5,8,4,4.0,2,2,0.0,783.3565942462659,3.9167829712313296,0.9439874494525142,1.0,10.0,500
manufacturing,temperature_eps0.5,p_gated_uniform,0.5,8,4,8.0,2,2,0.0,391.67829712313295,1.9583914856156648,0.9437968812067142,1.0,10.0,500
manufacturing,temperature_eps0.5,p_gated_uniform,0.5,8,4,16.0,2,2,0.0,313.34263769850634,1.5667131884925316,0.9437968812067142,1.0,10.0,500
manufacturing,temperature_eps0.5,p_gated_uniform,0.5,8,6,,2,2,0.0,313.34263769850634,1.5667131884925316,0.9437968812067142,1.0,10.0,500
manufacturing,temperature_eps0.5,p_gated_uniform,0.5,8,6,8.0,2,2,0.0,391.67829712313295,1.9583914856156648,0.9437968812067142,1.0,10.0,500
manufacturing,temperature_eps0.5,p_gated_uniform,0.5,8,6,16.0,2,2,0.0,313.34263769850634,1.5667131884925316,0.9437968812067142,1.0,10.0,500
manufacturing,temperature_eps0.5,p_gated_uniform,0.5,8,1,,2,4,0.0,313.34263769850634,1.5667131884925316,0.9437968812067142,1.0,10.0,500
manufacturing,temperature_eps0.5,p_gated_uniform,0.5,8,1,4.0,2,4,0.0,783.3565942462659,3.9167829712313296,0.9439874494525142,1.0,10.0,500
manufacturing,temperature_eps0.5,p_gated_uniform,0.5,8,1,8.0,2,4,0.0,391.67829712313295,1.9583914856156648,0.9437968812067142,1.0,10.0,500
manufacturing,temperature_eps0.5,p_gated_uniform,0.5,8,1,16.0,2,4,0.0,313.34263769850634,1.5667131884925316,0.9437968812067142,1.0,10.0,500
manufacturing,temperature_eps0.5,p_gated_uniform,0.5,8,2,,2,4,0.0,313.34263769850634,1.5667131884925316,0.9437968812067142,1.0,10.0,500
manufacturing,temperature_eps0.5,p_gated_uniform,0.5,8,2,4.0,2,4,0.0,783.3565942462659,3.9167829712313296,0.9439874494525142,1.0,10.0,500
manufacturing,temperature_eps0.5,p_gated_uniform,0.5,8,2,8.0,2,4,0.0,391.67829712313295,1.9583914856156648,0.9437968812067142,1.0,10.0,500
manufacturing,temperature_eps0.5,p_gated_uniform,0.5,8,2,16.0,2,4,0.0,313.34263769850634,1.5667131884925316,0.9437968812067142,1.0,10.0,500
manufacturing,temperature_eps0.5,p_gated_uniform,0.5,8,3,,2,4,0.0,313.34263769850634,1.5667131884925316,0.9437968812067142,1.0,10.0,500
manufacturing,temperature_eps0.5,p_gated_uniform,0.5,8,3,4.0,2,4,0.0,783.3565942462659,3.9167829712313296,0.9439874494525142,1.0,10.0,500
manufacturing,temperature_eps0.5,p_gated_uniform,0.5,8,3,8.0,2,4,0.0,391.67829712313295,1.9583914856156648,0.9437968812067142,1.0,10.0,500
manufacturing,temperature_eps0.5,p_gated_uniform,0.5,8,3,16.0,2,4,0.0,313.34263769850634,1.5667131884925316,0.9437968812067142,1.0,10.0,500
manufacturing,temperature_eps0.5,p_gated_uniform,0.5,8,4,,2,4,0.0,313.34263769850634,1.5667131884925316,0.9437968812067142,1.0,10.0,500
manufacturing,temperature_eps0.5,p_gated_uniform,0.5,8,4,4.0,2,4,0.0,783.3565942462659,3.9167829712313296,0.9439874494525142,1.0,10.0,500
manufacturing,temperature_eps0.5,p_gated_uniform,0.5,8,4,8.0,2,4,0.0,391.67829712313295,1.9583914856156648,0.9437968812067142,1.0,10.0,500
manufacturing,temperature_eps0.5,p_gated_uniform,0.5,8,4,16.0,2,4,0.0,313.34263769850634,1.5667131884925316,0.9437968812067142,1.0,10.0,500
manufacturing,temperature_eps0.5,p_gated_uniform,0.5,8,6,,2,4,0.0,313.34263769850634,1.5667131884925316,0.9437968812067142,1.0,10.0,500
manufacturing,temperature_eps0.5,p_gated_uniform,0.5,8,6,8.0,2,4,0.0,391.67829712313295,1.9583914856156648,0.9437968812067142,1.0,10.0,500
manufacturing,temperature_eps0.5,p_gated_uniform,0.5,8,6,16.0,2,4,0.0,313.34263769850634,1.5667131884925316,0.9437968812067142,1.0,10.0,500
manufacturing,temperature_eps0.5,p_gated_uniform,0.5,8,1,,4,0,0.0,329.87735299352545,1.6493867649676273,0.6932019709654147,1.0,10.0,250
manufacturing,temperature_eps0.5,p_gated_uniform,0.5,8,1,4.0,4,0,0.0,824.6933824838137,4.123466912419069,0.6932019709654147,1.0,10.0,250
manufacturing,temperature_eps0.5,p_gated_uniform,0.5,8,1,8.0,4,0,0.0,412.34669124190685,2.0617334562095344,0.6932019709654147,1.0,10.0,250
manufacturing,temperature_eps0.5,p_gated_uniform,0.5,8,1,16.0,4,0,0.0,329.87735299352545,1.6493867649676273,0.6932019709654147,1.0,10.0,250
manufacturing,temperature_eps0.5,p_gated_uniform,0.5,8,2,,4,0,0.0,329.87735299352545,1.6493867649676273,0.6932019709654147,1.0,10.0,250
manufacturing,temperature_eps0.5,p_gated_uniform,0.5,8,2,4.0,4,0,0.0,824.6933824838137,4.123466912419069,0.6932019709654147,1.0,10.0,250
manufacturing,temperature_eps0.5,p_gated_uniform,0.5,8,2,8.0,4,0,0.0,412.34669124190685,2.0617334562095344,0.6932019709654147,1.0,10.0,250
manufacturing,temperature_eps0.5,p_gated_uniform,0.5,8,2,16.0,4,0,0.0,329.87735299352545,1.6493867649676273,0.6932019709654147,1.0,10.0,250
manufacturing,temperature_eps0.5,p_gated_uniform,0.5,8,3,,4,0,0.0,329.87735299352545,1.6493867649676273,0.6932019709654147,1.0,10.0,250
manufacturing,temperature_eps0.5,p_gated_uniform,0.5,8,3,4.0,4,0,0.0,824.6933824838137,4.123466912419069,0.6932019709654147,1.0,10.0,250
manufacturing,temperature_eps0.5,p_gated_uniform,0.5,8,3,8.0,4,0,0.0,412.34669124190685,2.0617334562095344,0.6932019709654147,1.0,10.0,250
manufacturing,temperature_eps0.5,p_gated_uniform,0.5,8,3,16.0,4,0,0.0,329.87735299352545,1.6493867649676273,0.6932019709654147,1.0,10.0,250
manufacturing,temperature_eps0.5,p_gated_uniform,0.5,8,4,,4,0,0.0,329.87735299352545,1.6493867649676273,0.6932019709654147,1.0,10.0,250
manufacturing,temperature_eps0.5,p_gated_uniform,0.5,8,4,4.0,4,0,0.0,824.6933824838137,4.123466912419069,0.6932019709654147,1.0,10.0,250
manufacturing,temperature_eps0.5,p_gated_uniform,0.5,8,4,8.0,4,0,0.0,412.34669124190685,2.0617334562095344,0.6932019709654147,1.0,10.0,250
manufacturing,temperature_eps0.5,p_gated_uniform,0.5,8,4,16.0,4,0,0.0,329.87735299352545,1.6493867649676273,0.6932019709654147,1.0,10.0,250
manufacturing,temperature_eps0.5,p_gated_uniform,0.5,8,6,,4,0,0.0,329.87735299352545,1.6493867649676273,0.6932019709654147,1.0,10.0,250
manufacturing,temperature_eps0.5,p_gated_uniform,0.5,8,6,8.0,4,0,0.0,412.34669124190685,2.0617334562095344,0.6932019709654147,1.0,10.0,250
manufacturing,temperature_eps0.5,p_gated_uniform,0.5,8,6,16.0,4,0,0.0,329.87735299352545,1.6493867649676273,0.6932019709654147,1.0,10.0,250
manufacturing,temperature_eps0.5,p_gated_uniform,0.5,8,1,,4,2,0.0,329.87735299352545,1.6493867649676273,0.6932019709654147,1.0,10.0,250
manufacturing,temperature_eps0.5,p_gated_uniform,0.5,8,1,4.0,4,2,0.0,824.6933824838137,4.123466912419069,0.6932019709654147,1.0,10.0,250
manufacturing,temperature_eps0.5,p_gated_uniform,0.5,8,1,8.0,4,2,0.0,412.34669124190685,2.0617334562095344,0.6932019709654147,1.0,10.0,250
manufacturing,temperature_eps0.5,p_gated_uniform,0.5,8,1,16.0,4,2,0.0,329.87735299352545,1.6493867649676273,0.6932019709654147,1.0,10.0,250
manufacturing,temperature_eps0.5,p_gated_uniform,0.5,8,2,,4,2,0.0,329.87735299352545,1.6493867649676273,0.6932019709654147,1.0,10.0,250
manufacturing,temperature_eps0.5,p_gated_uniform,0.5,8,2,4.0,4,2,0.0,824.6933824838137,4.123466912419069,0.6932019709654147,1.0,10.0,250
manufacturing,temperature_eps0.5,p_gated_uniform,0.5,8,2,8.0,4,2,0.0,412.34669124190685,2.0617334562095344,0.6932019709654147,1.0,10.0,250
manufacturing,temperature_eps0.5,p_gated_uniform,0.5,8,2,16.0,4,2,0.0,329.87735299352545,1.6493867649676273,0.6932019709654147,1.0,10.0,250
manufacturing,temperature_eps0.5,p_gated_uniform,0.5,8,3,,4,2,0.0,329.87735299352545,1.6493867649676273,0.6932019709654147,1.0,10.0,250
manufacturing,temperature_eps0.5,p_gated_uniform,0.5,8,3,4.0,4,2,0.0,824.6933824838137,4.123466912419069,0.6932019709654147,1.0,10.0,250
manufacturing,temperature_eps0.5,p_gated_uniform,0.5,8,3,8.0,4,2,0.0,412.34669124190685,2.0617334562095344,0.6932019709654147,1.0,10.0,250
manufacturing,temperature_eps0.5,p_gated_uniform,0.5,8,3,16.0,4,2,0.0,329.87735299352545,1.6493867649676273,0.6932019709654147,1.0,10.0,250
manufacturing,temperature_eps0.5,p_gated_uniform,0.5,8,4,,4,2,0.0,329.87735299352545,1.6493867649676273,0.6932019709654147,1.0,10.0,250
manufacturing,temperature_eps0.5,p_gated_uniform,0.5,8,4,4.0,4,2,0.0,824.6933824838137,4.123466912419069,0.6932019709654147,1.0,10.0,250
manufacturing,temperature_eps0.5,p_gated_uniform,0.5,8,4,8.0,4,2,0.0,412.34669124190685,2.0617334562095344,0.6932019709654147,1.0,10.0,250
manufacturing,temperature_eps0.5,p_gated_uniform,0.5,8,4,16.0,4,2,0.0,329.87735299352545,1.6493867649676273,0.6932019709654147,1.0,10.0,250
manufacturing,temperature_eps0.5,p_gated_uniform,0.5,8,6,,4,2,0.0,329.87735299352545,1.6493867649676273,0.6932019709654147,1.0,10.0,250
manufacturing,temperature_eps0.5,p_gated_uniform,0.5,8,6,8.0,4,2,0.0,412.34669124190685,2.0617334562095344,0.6932019709654147,1.0,10.0,250
manufacturing,temperature_eps0.5,p_gated_uniform,0.5,8,6,16.0,4,2,0.0,329.87735299352545,1.6493867649676273,0.6932019709654147,1.0,10.0,250
manufacturing,temperature_eps0.5,p_gated_uniform,0.5,8,1,,4,4,0.0,329.87735299352545,1.6493867649676273,0.6932019709654147,1.0,10.0,250
manufacturing,temperature_eps0.5,p_gated_uniform,0.5,8,1,4.0,4,4,0.0,824.6933824838137,4.123466912419069,0.6932019709654147,1.0,10.0,250
manufacturing,temperature_eps0.5,p_gated_uniform,0.5,8,1,8.0,4,4,0.0,412.34669124190685,2.0617334562095344,0.6932019709654147,1.0,10.0,250
manufacturing,temperature_eps0.5,p_gated_uniform,0.5,8,1,16.0,4,4,0.0,329.87735299352545,1.6493867649676273,0.6932019709654147,1.0,10.0,250
manufacturing,temperature_eps0.5,p_gated_uniform,0.5,8,2,,4,4,0.0,329.87735299352545,1.6493867649676273,0.6932019709654147,1.0,10.0,250
manufacturing,temperature_eps0.5,p_gated_uniform,0.5,8,2,4.0,4,4,0.0,824.6933824838137,4.123466912419069,0.6932019709654147,1.0,10.0,250
manufacturing,temperature_eps0.5,p_gated_uniform,0.5,8,2,8.0,4,4,0.0,412.34669124190685,2.0617334562095344,0.6932019709654147,1.0,10.0,250
manufacturing,temperature_eps0.5,p_gated_uniform,0.5,8,2,16.0,4,4,0.0,329.87735299352545,1.6493867649676273,0.6932019709654147,1.0,10.0,250
manufacturing,temperature_eps0.5,p_gated_uniform,0.5,8,3,,4,4,0.0,329.87735299352545,1.6493867649676273,0.6932019709654147,1.0,10.0,250
manufacturing,temperature_eps0.5,p_gated_uniform,0.5,8,3,4.0,4,4,0.0,824.6933824838137,4.123466912419069,0.6932019709654147,1.0,10.0,250
manufacturing,temperature_eps0.5,p_gated_uniform,0.5,8,3,8.0,4,4,0.0,412.34669124190685,2.0617334562095344,0.6932019709654147,1.0,10.0,250
manufacturing,temperature_eps0.5,p_gated_uniform,0.5,8,3,16.0,4,4,0.0,329.87735299352545,1.6493867649676273,0.6932019709654147,1.0,10.0,250
manufacturing,temperature_eps0.5,p_gated_uniform,0.5,8,4,,4,4,0.0,329.87735299352545,1.6493867649676273,0.6932019709654147,1.0,10.0,250
manufacturing,temperature_eps0.5,p_gated_uniform,0.5,8,4,4.0,4,4,0.0,824.6933824838137,4.123466912419069,0.6932019709654147,1.0,10.0,250
manufacturing,temperature_eps0.5,p_gated_uniform,0.5,8,4,8.0,4,4,0.0,412.34669124190685,2.0617334562095344,0.6932019709654147,1.0,10.0,250
manufacturing,temperature_eps0.5,p_gated_uniform,0.5,8,4,16.0,4,4,0.0,329.87735299352545,1.6493867649676273,0.6932019709654147,1.0,10.0,250
manufacturing,temperature_eps0.5,p_gated_uniform,0.5,8,6,,4,4,0.0,329.87735299352545,1.6493867649676273,0.6932019709654147,1.0,10.0,250
manufacturing,temperature_eps0.5,p_gated_uniform,0.5,8,6,8.0,4,4,0.0,412.34669124190685,2.0617334562095344,0.6932019709654147,1.0,10.0,250
manufacturing,temperature_eps0.5,p_gated_uniform,0.5,8,6,16.0,4,4,0.0,329.87735299352545,1.6493867649676273,0.6932019709654147,1.0,10.0,250
manufacturing,temperature_eps0.5,p_gated_sample,0.5,8,1,,1,0,0.0,38.27422154849554,0.1913711077424777,1.0637969909464933,0.125,10.0,1000
manufacturing,temperature_eps0.5,p_gated_sample,0.5,8,1,4.0,1,0,0.0,95.65380337123884,0.47826901685619416,1.0637969909464933,0.125,10.0,1000
manufacturing,temperature_eps0.5,p_gated_sample,0.5,8,1,8.0,1,0,0.0,47.83748518561943,0.23918742592809714,1.0637969909464933,0.125,10.0,1000
manufacturing,temperature_eps0.5,p_gated_sample,0.5,8,1,16.0,1,0,0.0,38.27422154849554,0.1913711077424777,1.0637969909464933,0.125,10.0,1000
manufacturing,temperature_eps0.5,p_gated_sample,0.5,8,2,,1,0,0.0,38.27422154849554,0.1913711077424777,1.0637969909464933,0.125,10.0,1000
manufacturing,temperature_eps0.5,p_gated_sample,0.5,8,2,4.0,1,0,0.0,95.65380337123884,0.47826901685619416,1.0637969909464933,0.125,10.0,1000
manufacturing,temperature_eps0.5,p_gated_sample,0.5,8,2,8.0,1,0,0.0,47.83748518561943,0.23918742592809714,1.0637969909464933,0.125,10.0,1000
manufacturing,temperature_eps0.5,p_gated_sample,0.5,8,2,16.0,1,0,0.0,38.27422154849554,0.1913711077424777,1.0637969909464933,0.125,10.0,1000
manufacturing,temperature_eps0.5,p_gated_sample,0.5,8,3,,1,0,0.0,38.27422154849554,0.1913711077424777,1.0637969909464933,0.125,10.0,1000
manufacturing,temperature_eps0.5,p_gated_sample,0.5,8,3,4.0,1,0,0.0,95.65380337123884,0.47826901685619416,1.0637969909464933,0.125,10.0,1000
manufacturing,temperature_eps0.5,p_gated_sample,0.5,8,3,8.0,1,0,0.0,47.83748518561943,0.23918742592809714,1.0637969909464933,0.125,10.0,1000
manufacturing,temperature_eps0.5,p_gated_sample,0.5,8,3,16.0,1,0,0.0,38.27422154849554,0.1913711077424777,1.0637969909464933,0.125,10.0,1000
manufacturing,temperature_eps0.5,p_gated_sample,0.5,8,4,,1,0,0.0,38.27422154849554,0.1913711077424777,1.0637969909464933,0.125,10.0,1000
manufacturing,temperature_eps0.5,p_gated_sample,0.5,8,4,4.0,1,0,0.0,95.65380337123884,0.47826901685619416,1.0637969909464933,0.125,10.0,1000
manufacturing,temperature_eps0.5,p_gated_sample,0.5,8,4,8.0,1,0,0.0,47.83748518561943,0.23918742592809714,1.0637969909464933,0.125,10.0,1000
manufacturing,temperature_eps0.5,p_gated_sample,0.5,8,4,16.0,1,0,0.0,38.27422154849554,0.1913711077424777,1.0637969909464933,0.125,10.0,1000
manufacturing,temperature_eps0.5,p_gated_sample,0.5,8,6,,1,0,0.0,38.27422154849554,0.1913711077424777,1.0637969909464933,0.125,10.0,1000
manufacturing,temperature_eps0.5,p_gated_sample,0.5,8,6,8.0,1,0,0.0,47.83748518561943,0.23918742592809714,1.0637969909464933,0.125,10.0,1000
manufacturing,temperature_eps0.5,p_gated_sample,0.5,8,6,16.0,1,0,0.0,38.27422154849554,0.1913711077424777,1.0637969909464933,0.125,10.0,1000
manufacturing,temperature_eps0.5,p_gated_sample,0.5,8,1,,1,2,0.0,38.27422154849554,0.1913711077424777,1.0637969909464933,0.125,10.0,1000
manufacturing,temperature_eps0.5,p_gated_sample,0.5,8,1,4.0,1,2,0.0,95.65380337123884,0.47826901685619416,1.0637969909464933,0.125,10.0,1000
manufacturing,temperature_eps0.5,p_gated_sample,0.5,8,1,8.0,1,2,0.0,47.83748518561943,0.23918742592809714,1.0637969909464933,0.125,10.0,1000
manufacturing,temperature_eps0.5,p_gated_sample,0.5,8,1,16.0,1,2,0.0,38.27422154849554,0.1913711077424777,1.0637969909464933,0.125,10.0,1000
manufacturing,temperature_eps0.5,p_gated_sample,0.5,8,2,,1,2,0.0,38.27422154849554,0.1913711077424777,1.0637969909464933,0.125,10.0,1000
manufacturing,temperature_eps0.5,p_gated_sample,0.5,8,2,4.0,1,2,0.0,95.65380337123884,0.47826901685619416,1.0637969909464933,0.125,10.0,1000
manufacturing,temperature_eps0.5,p_gated_sample,0.5,8,2,8.0,1,2,0.0,47.83748518561943,0.23918742592809714,1.0637969909464933,0.125,10.0,1000
manufacturing,temperature_eps0.5,p_gated_sample,0.5,8,2,16.0,1,2,0.0,38.27422154849554,0.1913711077424777,1.0637969909464933,0.125,10.0,1000
manufacturing,temperature_eps0.5,p_gated_sample,0.5,8,3,,1,2,0.0,38.27422154849554,0.1913711077424777,1.0637969909464933,0.125,10.0,1000
manufacturing,temperature_eps0.5,p_gated_sample,0.5,8,3,4.0,1,2,0.0,95.65380337123884,0.47826901685619416,1.0637969909464933,0.125,10.0,1000
manufacturing,temperature_eps0.5,p_gated_sample,0.5,8,3,8.0,1,2,0.0,47.83748518561943,0.23918742592809714,1.0637969909464933,0.125,10.0,1000
manufacturing,temperature_eps0.5,p_gated_sample,0.5,8,3,16.0,1,2,0.0,38.27422154849554,0.1913711077424777,1.0637969909464933,0.125,10.0,1000
manufacturing,temperature_eps0.5,p_gated_sample,0.5,8,4,,1,2,0.0,38.27422154849554,0.1913711077424777,1.0637969909464933,0.125,10.0,1000
manufacturing,temperature_eps0.5,p_gated_sample,0.5,8,4,4.0,1,2,0.0,95.65380337123884,0.47826901685619416,1.0637969909464933,0.125,10.0,1000
manufacturing,temperature_eps0.5,p_gated_sample,0.5,8,4,8.0,1,2,0.0,47.83748518561943,0.23918742592809714,1.0637969909464933,0.125,10.0,1000
manufacturing,temperature_eps0.5,p_gated_sample,0.5,8,4,16.0,1,2,0.0,38.27422154849554,0.1913711077424777,1.0637969909464933,0.125,10.0,1000
manufacturing,temperature_eps0.5,p_gated_sample,0.5,8,6,,1,2,0.0,38.27422154849554,0.1913711077424777,1.0637969909464933,0.125,10.0,1000
manufacturing,temperature_eps0.5,p_gated_sample,0.5,8,6,8.0,1,2,0.0,47.83748518561943,0.23918742592809714,1.0637969909464933,0.125,10.0,1000
manufacturing,temperature_eps0.5,p_gated_sample,0.5,8,6,16.0,1,2,0.0,38.27422154849554,0.1913711077424777,1.0637969909464933,0.125,10.0,1000
manufacturing,temperature_eps0.5,p_gated_sample,0.5,8,1,,1,4,0.0,38.27422154849554,0.1913711077424777,1.0637969909464933,0.125,10.0,1000
manufacturing,temperature_eps0.5,p_gated_sample,0.5,8,1,4.0,1,4,0.0,95.65380337123884,0.47826901685619416,1.0637969909464933,0.125,10.0,1000
manufacturing,temperature_eps0.5,p_gated_sample,0.5,8,1,8.0,1,4,0.0,47.83748518561943,0.23918742592809714,1.0637969909464933,0.125,10.0,1000
manufacturing,temperature_eps0.5,p_gated_sample,0.5,8,1,16.0,1,4,0.0,38.27422154849554,0.1913711077424777,1.0637969909464933,0.125,10.0,1000
manufacturing,temperature_eps0.5,p_gated_sample,0.5,8,2,,1,4,0.0,38.27422154849554,0.1913711077424777,1.0637969909464933,0.125,10.0,1000
manufacturing,temperature_eps0.5,p_gated_sample,0.5,8,2,4.0,1,4,0.0,95.65380337123884,0.47826901685619416,1.0637969909464933,0.125,10.0,1000
manufacturing,temperature_eps0.5,p_gated_sample,0.5,8,2,8.0,1,4,0.0,47.83748518561943,0.23918742592809714,1.0637969909464933,0.125,10.0,1000
manufacturing,temperature_eps0.5,p_gated_sample,0.5,8,2,16.0,1,4,0.0,38.27422154849554,0.1913711077424777,1.0637969909464933,0.125,10.0,1000
manufacturing,temperature_eps0.5,p_gated_sample,0.5,8,3,,1,4,0.0,38.27422154849554,0.1913711077424777,1.0637969909464933,0.125,10.0,1000
manufacturing,temperature_eps0.5,p_gated_sample,0.5,8,3,4.0,1,4,0.0,95.65380337123884,0.47826901685619416,1.0637969909464933,0.125,10.0,1000
manufacturing,temperature_eps0.5,p_gated_sample,0.5,8,3,8.0,1,4,0.0,47.83748518561943,0.23918742592809714,1.0637969909464933,0.125,10.0,1000
manufacturing,temperature_eps0.5,p_gated_sample,0.5,8,3,16.0,1,4,0.0,38.27422154849554,0.1913711077424777,1.0637969909464933,0.125,10.0,1000
manufacturing,temperature_eps0.5,p_gated_sample,0.5,8,4,,1,4,0.0,38.27422154849554,0.1913711077424777,1.0637969909464933,0.125,10.0,1000
manufacturing,temperature_eps0.5,p_gated_sample,0.5,8,4,4.0,1,4,0.0,95.65380337123884,0.47826901685619416,1.0637969909464933,0.125,10.0,1000
manufacturing,temperature_eps0.5,p_gated_sample,0.5,8,4,8.0,1,4,0.0,47.83748518561943,0.23918742592809714,1.0637969909464933,0.125,10.0,1000
manufacturing,temperature_eps0.5,p_gated_sample,0.5,8,4,16.0,1,4,0.0,38.27422154849554,0.1913711077424777,1.0637969909464933,0.125,10.0,1000
manufacturing,temperature_eps0.5,p_gated_sample,0.5,8,6,,1,4,0.0,38.27422154849554,0.1913711077424777,1.0637969909464933,0.125,10.0,1000
manufacturing,temperature_eps0.5,p_gated_sample,0.5,8,6,8.0,1,4,0.0,47.83748518561943,0.23918742592809714,1.0637969909464933,0.125,10.0,1000
manufacturing,temperature_eps0.5,p_gated_sample,0.5,8,6,16.0,1,4,0.0,38.27422154849554,0.1913711077424777,1.0637969909464933,0.125,10.0,1000
manufacturing,temperature_eps0.5,p_gated_sample,0.5,8,1,,2,0,0.0,35.405429819919576,0.17702714909959788,1.062826247471718,0.126,10.0,500
manufacturing,temperature_eps0.5,p_gated_sample,0.5,8,1,4.0,2,0,0.0,88.51713470162387,0.4425856735081194,1.0129998290309234,0.126,10.0,500
manufacturing,temperature_eps0.5,p_gated_sample,0.5,8,1,8.0,2,0,0.0,44.2564989378557,0.22128249468927852,1.0129998290309234,0.126,10.0,500
manufacturing,temperature_eps0.5,p_gated_sample,0.5,8,1,16.0,2,0,0.0,35.405429819919576,0.17702714909959788,1.062826247471718,0.126,10.0,500
manufacturing,temperature_eps0.5,p_gated_sample,0.5,8,2,,2,0,0.0,35.405429819919576,0.17702714909959788,1.062826247471718,0.126,10.0,500
manufacturing,temperature_eps0.5,p_gated_sample,0.5,8,2,4.0,2,0,0.0,88.51713470162387,0.4425856735081194,1.0129998290309234,0.126,10.0,500
manufacturing,temperature_eps0.5,p_gated_sample,0.5,8,2,8.0,2,0,0.0,44.2564989378557,0.22128249468927852,1.0129998290309234,0.126,10.0,500
manufacturing,temperature_eps0.5,p_gated_sample,0.5,8,2,16.0,2,0,0.0,35.405429819919576,0.17702714909959788,1.062826247471718,0.126,10.0,500
manufacturing,temperature_eps0.5,p_gated_sample,0.5,8,3,,2,0,0.0,35.405429819919576,0.17702714909959788,1.062826247471718,0.126,10.0,500
manufacturing,temperature_eps0.5,p_gated_sample,0.5,8,3,4.0,2,0,0.0,88.51713470162387,0.4425856735081194,1.0129998290309234,0.126,10.0,500
manufacturing,temperature_eps0.5,p_gated_sample,0.5,8,3,8.0,2,0,0.0,44.2564989378557,0.22128249468927852,1.0129998290309234,0.126,10.0,500
manufacturing,temperature_eps0.5,p_gated_sample,0.5,8,3,16.0,2,0,0.0,35.405429819919576,0.17702714909959788,1.062826247471718,0.126,10.0,500
manufacturing,temperature_eps0.5,p_gated_sample,0.5,8,4,,2,0,0.0,35.405429819919576,0.17702714909959788,1.062826247471718,0.126,10.0,500
manufacturing,temperature_eps0.5,p_gated_sample,0.5,8,4,4.0,2,0,0.0,88.51713470162387,0.4425856735081194,1.0129998290309234,0.126,10.0,500
manufacturing,temperature_eps0.5,p_gated_sample,0.5,8,4,8.0,2,0,0.0,44.2564989378557,0.22128249468927852,1.0129998290309234,0.126,10.0,500
manufacturing,temperature_eps0.5,p_gated_sample,0.5,8,4,16.0,2,0,0.0,35.405429819919576,0.17702714909959788,1.062826247471718,0.126,10.0,500
manufacturing,temperature_eps0.5,p_gated_sample,0.5,8,6,,2,0,0.0,35.405429819919576,0.17702714909959788,1.062826247471718,0.126,10.0,500
manufacturing,temperature_eps0.5,p_gated_sample,0.5,8,6,8.0,2,0,0.0,44.2564989378557,0.22128249468927852,1.0129998290309234,0.126,10.0,500
manufacturing,temperature_eps0.5,p_gated_sample,0.5,8,6,16.0,2,0,0.0,35.405429819919576,0.17702714909959788,1.062826247471718,0.126,10.0,500
manufacturing,temperature_eps0.5,p_gated_sample,0.5,8,1,,2,2,0.0,35.405429819919576,0.17702714909959788,1.062826247471718,0.126,10.0,500
manufacturing,temperature_eps0.5,p_gated_sample,0.5,8,1,4.0,2,2,0.0,88.51713470162387,0.4425856735081194,1.0129998290309234,0.126,10.0,500
manufacturing,temperature_eps0.5,p_gated_sample,0.5,8,1,8.0,2,2,0.0,44.2564989378557,0.22128249468927852,1.0129998290309234,0.126,10.0,500
manufacturing,temperature_eps0.5,p_gated_sample,0.5,8,1,16.0,2,2,0.0,35.405429819919576,0.17702714909959788,1.062826247471718,0.126,10.0,500
manufacturing,temperature_eps0.5,p_gated_sample,0.5,8,2,,2,2,0.0,35.405429819919576,0.17702714909959788,1.062826247471718,0.126,10.0,500
manufacturing,temperature_eps0.5,p_gated_sample,0.5,8,2,4.0,2,2,0.0,88.51713470162387,0.4425856735081194,1.0129998290309234,0.126,10.0,500
manufacturing,temperature_eps0.5,p_gated_sample,0.5,8,2,8.0,2,2,0.0,44.2564989378557,0.22128249468927852,1.0129998290309234,0.126,10.0,500
manufacturing,temperature_eps0.5,p_gated_sample,0.5,8,2,16.0,2,2,0.0,35.405429819919576,0.17702714909959788,1.062826247471718,0.126,10.0,500
manufacturing,temperature_eps0.5,p_gated_sample,0.5,8,3,,2,2,0.0,35.405429819919576,0.17702714909959788,1.062826247471718,0.126,10.0,500
manufacturing,temperature_eps0.5,p_gated_sample,0.5,8,3,4.0,2,2,0.0,88.51713470162387,0.4425856735081194,1.0129998290309234,0.126,10.0,500
manufacturing,temperature_eps0.5,p_gated_sample,0.5,8,3,8.0,2,2,0.0,44.2564989378557,0.22128249468927852,1.0129998290309234,0.126,10.0,500
manufacturing,temperature_eps0.5,p_gated_sample,0.5,8,3,16.0,2,2,0.0,35.405429819919576,0.17702714909959788,1.062826247471718,0.126,10.0,500
manufacturing,temperature_eps0.5,p_gated_sample,0.5,8,4,,2,2,0.0,35.405429819919576,0.17702714909959788,1.062826247471718,0.126,10.0,500
manufacturing,temperature_eps0.5,p_gated_sample,0.5,8,4,4.0,2,2,0.0,88.51713470162387,0.4425856735081194,1.0129998290309234,0.126,10.0,500
manufacturing,temperature_eps0.5,p_gated_sample,0.5,8,4,8.0,2,2,0.0,44.2564989378557,0.22128249468927852,1.0129998290309234,0.126,10.0,500
manufacturing,temperature_eps0.5,p_gated_sample,0.5,8,4,16.0,2,2,0.0,35.405429819919576,0.17702714909959788,1.062826247471718,0.126,10.0,500
manufacturing,temperature_eps0.5,p_gated_sample,0.5,8,6,,2,2,0.0,35.405429819919576,0.17702714909959788,1.062826247471718,0.126,10.0,500
manufacturing,temperature_eps0.5,p_gated_sample,0.5,8,6,8.0,2,2,0.0,44.2564989378557,0.22128249468927852,1.0129998290309234,0.126,10.0,500
manufacturing,temperature_eps0.5,p_gated_sample,0.5,8,6,16.0,2,2,0.0,35.405429819919576,0.17702714909959788,1.062826247471718,0.126,10.0,500
manufacturing,temperature_eps0.5,p_gated_sample,0.5,8,1,,2,4,0.0,35.405429819919576,0.17702714909959788,1.062826247471718,0.126,10.0,500
manufacturing,temperature_eps0.5,p_gated_sample,0.5,8,1,4.0,2,4,0.0,88.51713470162387,0.4425856735081194,1.0129998290309234,0.126,10.0,500
manufacturing,temperature_eps0.5,p_gated_sample,0.5,8,1,8.0,2,4,0.0,44.2564989378557,0.22128249468927852,1.0129998290309234,0.126,10.0,500
manufacturing,temperature_eps0.5,p_gated_sample,0.5,8,1,16.0,2,4,0.0,35.405429819919576,0.17702714909959788,1.062826247471718,0.126,10.0,500
manufacturing,temperature_eps0.5,p_gated_sample,0.5,8,2,,2,4,0.0,35.405429819919576,0.17702714909959788,1.062826247471718,0.126,10.0,500
manufacturing,temperature_eps0.5,p_gated_sample,0.5,8,2,4.0,2,4,0.0,88.51713470162387,0.4425856735081194,1.0129998290309234,0.126,10.0,500
manufacturing,temperature_eps0.5,p_gated_sample,0.5,8,2,8.0,2,4,0.0,44.2564989378557,0.22128249468927852,1.0129998290309234,0.126,10.0,500
manufacturing,temperature_eps0.5,p_gated_sample,0.5,8,2,16.0,2,4,0.0,35.405429819919576,0.17702714909959788,1.062826247471718,0.126,10.0,500
manufacturing,temperature_eps0.5,p_gated_sample,0.5,8,3,,2,4,0.0,35.405429819919576,0.17702714909959788,1.062826247471718,0.126,10.0,500
manufacturing,temperature_eps0.5,p_gated_sample,0.5,8,3,4.0,2,4,0.0,88.51713470162387,0.4425856735081194,1.0129998290309234,0.126,10.0,500
manufacturing,temperature_eps0.5,p_gated_sample,0.5,8,3,8.0,2,4,0.0,44.2564989378557,0.22128249468927852,1.0129998290309234,0.126,10.0,500
manufacturing,temperature_eps0.5,p_gated_sample,0.5,8,3,16.0,2,4,0.0,35.405429819919576,0.17702714909959788,1.062826247471718,0.126,10.0,500
manufacturing,temperature_eps0.5,p_gated_sample,0.5,8,4,,2,4,0.0,35.405429819919576,0.17702714909959788,1.062826247471718,0.126,10.0,500
manufacturing,temperature_eps0.5,p_gated_sample,0.5,8,4,4.0,2,4,0.0,88.51713470162387,0.4425856735081194,1.0129998290309234,0.126,10.0,500
manufacturing,temperature_eps0.5,p_gated_sample,0.5,8,4,8.0,2,4,0.0,44.2564989378557,0.22128249468927852,1.0129998290309234,0.126,10.0,500
manufacturing,temperature_eps0.5,p_gated_sample,0.5,8,4,16.0,2,4,0.0,35.405429819919576,0.17702714909959788,1.062826247471718,0.126,10.0,500
manufacturing,temperature_eps0.5,p_gated_sample,0.5,8,6,,2,4,0.0,35.405429819919576,0.17702714909959788,1.062826247471718,0.126,10.0,500
manufacturing,temperature_eps0.5,p_gated_sample,0.5,8,6,8.0,2,4,0.0,44.2564989378557,0.22128249468927852,1.0129998290309234,0.126,10.0,500
manufacturing,temperature_eps0.5,p_gated_sample,0.5,8,6,16.0,2,4,0.0,35.405429819919576,0.17702714909959788,1.062826247471718,0.126,10.0,500
manufacturing,temperature_eps0.5,p_gated_sample,0.5,8,1,,4,0,0.0,32.52218471054851,0.16261092355274254,0.8960828117444055,0.128,10.0,250
manufacturing,temperature_eps0.5,p_gated_sample,0.5,8,1,4.0,4,0,0.0,81.25012227637126,0.4062506113818563,0.8960828117444055,0.128,10.0,250
manufacturing,temperature_eps0.5,p_gated_sample,0.5,8,1,8.0,4,0,0.0,40.64350763818563,0.20321753819092817,0.8960828117444055,0.128,10.0,250
manufacturing,temperature_eps0.5,p_gated_sample,0.5,8,1,16.0,4,0,0.0,32.52218471054851,0.16261092355274254,0.8960828117444055,0.128,10.0,250
manufacturing,temperature_eps0.5,p_gated_sample,0.5,8,2,,4,0,0.0,32.52218471054851,0.16261092355274254,0.8960828117444055,0.128,10.0,250
manufacturing,temperature_eps0.5,p_gated_sample,0.5,8,2,4.0,4,0,0.0,81.25012227637126,0.4062506113818563,0.8960828117444055,0.128,10.0,250
manufacturing,temperature_eps0.5,p_gated_sample,0.5,8,2,8.0,4,0,0.0,40.64350763818563,0.20321753819092817,0.8960828117444055,0.128,10.0,250
manufacturing,temperature_eps0.5,p_gated_sample,0.5,8,2,16.0,4,0,0.0,32.52218471054851,0.16261092355274254,0.8960828117444055,0.128,10.0,250
manufacturing,temperature_eps0.5,p_gated_sample,0.5,8,3,,4,0,0.0,32.52218471054851,0.16261092355274254,0.8960828117444055,0.128,10.0,250
manufacturing,temperature_eps0.5,p_gated_sample,0.5,8,3,4.0,4,0,0.0,81.25012227637126,0.4062506113818563,0.8960828117444055,0.128,10.0,250
manufacturing,temperature_eps0.5,p_gated_sample,0.5,8,3,8.0,4,0,0.0,40.64350763818563,0.20321753819092817,0.8960828117444055,0.128,10.0,250
manufacturing,temperature_eps0.5,p_gated_sample,0.5,8,3,16.0,4,0,0.0,32.52218471054851,0.16261092355274254,0.8960828117444055,0.128,10.0,250
manufacturing,temperature_eps0.5,p_gated_sample,0.5,8,4,,4,0,0.0,32.52218471054851,0.16261092355274254,0.8960828117444055,0.128,10.0,250
manufacturing,temperature_eps0.5,p_gated_sample,0.5,8,4,4.0,4,0,0.0,81.25012227637126,0.4062506113818563,0.8960828117444055,0.128,10.0,250
manufacturing,temperature_eps0.5,p_gated_sample,0.5,8,4,8.0,4,0,0.0,40.64350763818563,0.20321753819092817,0.8960828117444055,0.128,10.0,250
manufacturing,temperature_eps0.5,p_gated_sample,0.5,8,4,16.0,4,0,0.0,32.52218471054851,0.16261092355274254,0.8960828117444055,0.128,10.0,250
manufacturing,temperature_eps0.5,p_gated_sample,0.5,8,6,,4,0,0.0,32.52218471054851,0.16261092355274254,0.8960828117444055,0.128,10.0,250
manufacturing,temperature_eps0.5,p_gated_sample,0.5,8,6,8.0,4,0,0.0,40.64350763818563,0.20321753819092817,0.8960828117444055,0.128,10.0,250
manufacturing,temperature_eps0.5,p_gated_sample,0.5,8,6,16.0,4,0,0.0,32.52218471054851,0.16261092355274254,0.8960828117444055,0.128,10.0,250
manufacturing,temperature_eps0.5,p_gated_sample,0.5,8,1,,4,2,0.0,32.52218471054851,0.16261092355274254,0.8960828117444055,0.128,10.0,250
manufacturing,temperature_eps0.5,p_gated_sample,0.5,8,1,4.0,4,2,0.0,81.25012227637126,0.4062506113818563,0.8960828117444055,0.128,10.0,250
manufacturing,temperature_eps0.5,p_gated_sample,0.5,8,1,8.0,4,2,0.0,40.64350763818563,0.20321753819092817,0.8960828117444055,0.128,10.0,250
manufacturing,temperature_eps0.5,p_gated_sample,0.5,8,1,16.0,4,2,0.0,32.52218471054851,0.16261092355274254,0.8960828117444055,0.128,10.0,250
manufacturing,temperature_eps0.5,p_gated_sample,0.5,8,2,,4,2,0.0,32.52218471054851,0.16261092355274254,0.8960828117444055,0.128,10.0,250
manufacturing,temperature_eps0.5,p_gated_sample,0.5,8,2,4.0,4,2,0.0,81.25012227637126,0.4062506113818563,0.8960828117444055,0.128,10.0,250
manufacturing,temperature_eps0.5,p_gated_sample,0.5,8,2,8.0,4,2,0.0,40.64350763818563,0.20321753819092817,0.8960828117444055,0.128,10.0,250
manufacturing,temperature_eps0.5,p_gated_sample,0.5,8,2,16.0,4,2,0.0,32.52218471054851,0.16261092355274254,0.8960828117444055,0.128,10.0,250
manufacturing,temperature_eps0.5,p_gated_sample,0.5,8,3,,4,2,0.0,32.52218471054851,0.16261092355274254,0.8960828117444055,0.128,10.0,250
manufacturing,temperature_eps0.5,p_gated_sample,0.5,8,3,4.0,4,2,0.0,81.25012227637126,0.4062506113818563,0.8960828117444055,0.128,10.0,250
manufacturing,temperature_eps0.5,p_gated_sample,0.5,8,3,8.0,4,2,0.0,40.64350763818563,0.20321753819092817,0.8960828117444055,0.128,10.0,250
manufacturing,temperature_eps0.5,p_gated_sample,0.5,8,3,16.0,4,2,0.0,32.52218471054851,0.16261092355274254,0.8960828117444055,0.128,10.0,250
manufacturing,temperature_eps0.5,p_gated_sample,0.5,8,4,,4,2,0.0,32.52218471054851,0.16261092355274254,0.8960828117444055,0.128,10.0,250
manufacturing,temperature_eps0.5,p_gated_sample,0.5,8,4,4.0,4,2,0.0,81.25012227637126,0.4062506113818563,0.8960828117444055,0.128,10.0,250
manufacturing,temperature_eps0.5,p_gated_sample,0.5,8,4,8.0,4,2,0.0,40.64350763818563,0.20321753819092817,0.8960828117444055,0.128,10.0,250
manufacturing,temperature_eps0.5,p_gated_sample,0.5,8,4,16.0,4,2,0.0,32.52218471054851,0.16261092355274254,0.8960828117444055,0.128,10.0,250
manufacturing,temperature_eps0.5,p_gated_sample,0.5,8,6,,4,2,0.0,32.52218471054851,0.16261092355274254,0.8960828117444055,0.128,10.0,250
manufacturing,temperature_eps0.5,p_gated_sample,0.5,8,6,8.0,4,2,0.0,40.64350763818563,0.20321753819092817,0.8960828117444055,0.128,10.0,250
manufacturing,temperature_eps0.5,p_gated_sample,0.5,8,6,16.0,4,2,0.0,32.52218471054851,0.16261092355274254,0.8960828117444055,0.128,10.0,250
manufacturing,temperature_eps0.5,p_gated_sample,0.5,8,1,,4,4,0.0,32.52218471054851,0.16261092355274254,0.8960828117444055,0.128,10.0,250
manufacturing,temperature_eps0.5,p_gated_sample,0.5,8,1,4.0,4,4,0.0,81.25012227637126,0.4062506113818563,0.8960828117444055,0.128,10.0,250
manufacturing,temperature_eps0.5,p_gated_sample,0.5,8,1,8.0,4,4,0.0,40.64350763818563,0.20321753819092817,0.8960828117444055,0.128,10.0,250
manufacturing,temperature_eps0.5,p_gated_sample,0.5,8,1,16.0,4,4,0.0,32.52218471054851,0.16261092355274254,0.8960828117444055,0.128,10.0,250
manufacturing,temperature_eps0.5,p_gated_sample,0.5,8,2,,4,4,0.0,32.52218471054851,0.16261092355274254,0.8960828117444055,0.128,10.0,250
manufacturing,temperature_eps0.5,p_gated_sample,0.5,8,2,4.0,4,4,0.0,81.25012227637126,0.4062506113818563,0.8960828117444055,0.128,10.0,250
manufacturing,temperature_eps0.5,p_gated_sample,0.5,8,2,8.0,4,4,0.0,40.64350763818563,0.20321753819092817,0.8960828117444055,0.128,10.0,250
manufacturing,temperature_eps0.5,p_gated_sample,0.5,8,2,16.0,4,4,0.0,32.52218471054851,0.16261092355274254,0.8960828117444055,0.128,10.0,250
manufacturing,temperature_eps0.5,p_gated_sample,0.5,8,3,,4,4,0.0,32.52218471054851,0.16261092355274254,0.8960828117444055,0.128,10.0,250
manufacturing,temperature_eps0.5,p_gated_sample,0.5,8,3,4.0,4,4,0.0,81.25012227637126,0.4062506113818563,0.8960828117444055,0.128,10.0,250
manufacturing,temperature_eps0.5,p_gated_sample,0.5,8,3,8.0,4,4,0.0,40.64350763818563,0.20321753819092817,0.8960828117444055,0.128,10.0,250
manufacturing,temperature_eps0.5,p_gated_sample,0.5,8,3,16.0,4,4,0.0,32.52218471054851,0.16261092355274254,0.8960828117444055,0.128,10.0,250
manufacturing,temperature_eps0.5,p_gated_sample,0.5,8,4,,4,4,0.0,32.52218471054851,0.16261092355274254,0.8960828117444055,0.128,10.0,250
manufacturing,temperature_eps0.5,p_gated_sample,0.5,8,4,4.0,4,4,0.0,81.25012227637126,0.4062506113818563,0.8960828117444055,0.128,10.0,250
manufacturing,temperature_eps0.5,p_gated_sample,0.5,8,4,8.0,4,4,0.0,40.64350763818563,0.20321753819092817,0.8960828117444055,0.128,10.0,250
manufacturing,temperature_eps0.5,p_gated_sample,0.5,8,4,16.0,4,4,0.0,32.52218471054851,0.16261092355274254,0.8960828117444055,0.128,10.0,250
manufacturing,temperature_eps0.5,p_gated_sample,0.5,8,6,,4,4,0.0,32.52218471054851,0.16261092355274254,0.8960828117444055,0.128,10.0,250
manufacturing,temperature_eps0.5,p_gated_sample,0.5,8,6,8.0,4,4,0.0,40.64350763818563,0.20321753819092817,0.8960828117444055,0.128,10.0,250
manufacturing,temperature_eps0.5,p_gated_sample,0.5,8,6,16.0,4,4,0.0,32.52218471054851,0.16261092355274254,0.8960828117444055,0.128,10.0,250
manufacturing,temperature_eps0.5,p_gated_ba,0.5,8,1,,1,0,0.0,419.15911639261185,2.0957955819630594,0.525371692093259,0.548,10.0,1000
manufacturing,temperature_eps0.5,p_gated_ba,0.5,8,1,4.0,1,0,0.0,1061.738991800497,5.308694959002485,0.5236249968539407,0.557,10.0,1000
manufacturing,temperature_eps0.5,p_gated_ba,0.5,8,1,8.0,1,0,0.0,528.7420910223921,2.64371045511196,0.5270486427945936,0.553,10.0,1000
manufacturing,temperature_eps0.5,p_gated_ba,0.5,8,1,16.0,1,0,0.0,419.15911639261185,2.0957955819630594,0.525371692093259,0.548,10.0,1000
manufacturing,temperature_eps0.5,p_gated_ba,0.5,8,2,,1,0,0.0,419.15911639261185,2.0957955819630594,0.525371692093259,0.548,10.0,1000
manufacturing,temperature_eps0.5,p_gated_ba,0.5,8,2,4.0,1,0,0.0,1061.738991800497,5.308694959002485,0.5236249968539407,0.557,10.0,1000
manufacturing,temperature_eps0.5,p_gated_ba,0.5,8,2,8.0,1,0,0.0,528.7420910223921,2.64371045511196,0.5270486427945936,0.553,10.0,1000
manufacturing,temperature_eps0.5,p_gated_ba,0.5,8,2,16.0,1,0,0.0,419.15911639261185,2.0957955819630594,0.525371692093259,0.548,10.0,1000
manufacturing,temperature_eps0.5,p_gated_ba,0.5,8,3,,1,0,0.0,419.15911639261185,2.0957955819630594,0.525371692093259,0.548,10.0,1000
manufacturing,temperature_eps0.5,p_gated_ba,0.5,8,3,4.0,1,0,0.0,1061.738991800497,5.308694959002485,0.5236249968539407,0.557,10.0,1000
manufacturing,temperature_eps0.5,p_gated_ba,0.5,8,3,8.0,1,0,0.0,528.7420910223921,2.64371045511196,0.5270486427945936,0.553,10.0,1000
manufacturing,temperature_eps0.5,p_gated_ba,0.5,8,3,16.0,1,0,0.0,419.15911639261185,2.0957955819630594,0.525371692093259,0.548,10.0,1000
manufacturing,temperature_eps0.5,p_gated_ba,0.5,8,4,,1,0,0.0,419.15911639261185,2.0957955819630594,0.525371692093259,0.548,10.0,1000
manufacturing,temperature_eps0.5,p_gated_ba,0.5,8,4,4.0,1,0,0.0,1061.738991800497,5.308694959002485,0.5236249968539407,0.557,10.0,1000
manufacturing,temperature_eps0.5,p_gated_ba,0.5,8,4,8.0,1,0,0.0,528.7420910223921,2.64371045511196,0.5270486427945936,0.553,10.0,1000
manufacturing,temperature_eps0.5,p_gated_ba,0.5,8,4,16.0,1,0,0.0,419.15911639261185,2.0957955819630594,0.525371692093259,0.548,10.0,1000
manufacturing,temperature_eps0.5,p_gated_ba,0.5,8,6,,1,0,0.0,419.15911639261185,2.0957955819630594,0.525371692093259,0.548,10.0,1000
manufacturing,temperature_eps0.5,p_gated_ba,0.5,8,6,8.0,1,0,0.0,528.7420910223921,2.64371045511196,0.5270486427945936,0.553,10.0,1000
manufacturing,temperature_eps0.5,p_gated_ba,0.5,8,6,16.0,1,0,0.0,419.15911639261185,2.0957955819630594,0.525371692093259,0.548,10.0,1000
manufacturing,temperature_eps0.5,p_gated_ba,0.5,8,1,,1,2,0.0,419.15911639261185,2.0957955819630594,0.525371692093259,0.548,10.0,1000
manufacturing,temperature_eps0.5,p_gated_ba,0.5,8,1,4.0,1,2,0.0,1061.738991800497,5.308694959002485,0.5236249968539407,0.557,10.0,1000
manufacturing,temperature_eps0.5,p_gated_ba,0.5,8,1,8.0,1,2,0.0,528.7420910223921,2.64371045511196,0.5270486427945936,0.553,10.0,1000
manufacturing,temperature_eps0.5,p_gated_ba,0.5,8,1,16.0,1,2,0.0,419.15911639261185,2.0957955819630594,0.525371692093259,0.548,10.0,1000
manufacturing,temperature_eps0.5,p_gated_ba,0.5,8,2,,1,2,0.0,419.15911639261185,2.0957955819630594,0.525371692093259,0.548,10.0,1000
manufacturing,temperature_eps0.5,p_gated_ba,0.5,8,2,4.0,1,2,0.0,1061.738991800497,5.308694959002485,0.5236249968539407,0.557,10.0,1000
manufacturing,temperature_eps0.5,p_gated_ba,0.5,8,2,8.0,1,2,0.0,528.7420910223921,2.64371045511196,0.5270486427945936,0.553,10.0,1000
manufacturing,temperature_eps0.5,p_gated_ba,0.5,8,2,16.0,1,2,0.0,419.15911639261185,2.0957955819630594,0.525371692093259,0.548,10.0,1000
manufacturing,temperature_eps0.5,p_gated_ba,0.5,8,3,,1,2,0.0,419.15911639261185,2.0957955819630594,0.525371692093259,0.548,10.0,1000
manufacturing,temperature_eps0.5,p_gated_ba,0.5,8,3,4.0,1,2,0.0,1061.738991800497,5.308694959002485,0.5236249968539407,0.557,10.0,1000
manufacturing,temperature_eps0.5,p_gated_ba,0.5,8,3,8.0,1,2,0.0,528.7420910223921,2.64371045511196,0.5270486427945936,0.553,10.0,1000
manufacturing,temperature_eps0.5,p_gated_ba,0.5,8,3,16.0,1,2,0.0,419.15911639261185,2.0957955819630594,0.525371692093259,0.548,10.0,1000
manufacturing,temperature_eps0.5,p_gated_ba,0.5,8,4,,1,2,0.0,419.15911639261185,2.0957955819630594,0.525371692093259,0.548,10.0,1000
manufacturing,temperature_eps0.5,p_gated_ba,0.5,8,4,4.0,1,2,0.0,1061.738991800497,5.308694959002485,0.5236249968539407,0.557,10.0,1000
manufacturing,temperature_eps0.5,p_gated_ba,0.5,8,4,8.0,1,2,0.0,528.7420910223921,2.64371045511196,0.5270486427945936,0.553,10.0,1000
manufacturing,temperature_eps0.5,p_gated_ba,0.5,8,4,16.0,1,2,0.0,419.15911639261185,2.0957955819630594,0.525371692093259,0.548,10.0,1000
manufacturing,temperature_eps0.5,p_gated_ba,0.5,8,6,,1,2,0.0,419.15911639261185,2.0957955819630594,0.525371692093259,0.548,10.0,1000
manufacturing,temperature_eps0.5,p_gated_ba,0.5,8,6,8.0,1,2,0.0,528.7420910223921,2.64371045511196,0.5270486427945936,0.553,10.0,1000
manufacturing,temperature_eps0.5,p_gated_ba,0.5,8,6,16.0,1,2,0.0,419.15911639261185,2.0957955819630594,0.525371692093259,0.548,10.0,1000
manufacturing,temperature_eps0.5,p_gated_ba,0.5,8,1,,1,4,0.0,419.15911639261185,2.0957955819630594,0.525371692093259,0.548,10.0,1000
manufacturing,temperature_eps0.5,p_gated_ba,0.5,8,1,4.0,1,4,0.0,1061.738991800497,5.308694959002485,0.5236249968539407,0.557,10.0,1000
manufacturing,temperature_eps0.5,p_gated_ba,0.5,8,1,8.0,1,4,0.0,528.7420910223921,2.64371045511196,0.5270486427945936,0.553,10.0,1000
manufacturing,temperature_eps0.5,p_gated_ba,0.5,8,1,16.0,1,4,0.0,419.15911639261185,2.0957955819630594,0.525371692093259,0.548,10.0,1000
manufacturing,temperature_eps0.5,p_gated_ba,0.5,8,2,,1,4,0.0,419.15911639261185,2.0957955819630594,0.525371692093259,0.548,10.0,1000
manufacturing,temperature_eps0.5,p_gated_ba,0.5,8,2,4.0,1,4,0.0,1061.738991800497,5.308694959002485,0.5236249968539407,0.557,10.0,1000
manufacturing,temperature_eps0.5,p_gated_ba,0.5,8,2,8.0,1,4,0.0,528.7420910223921,2.64371045511196,0.5270486427945936,0.553,10.0,1000
manufacturing,temperature_eps0.5,p_gated_ba,0.5,8,2,16.0,1,4,0.0,419.15911639261185,2.0957955819630594,0.525371692093259,0.548,10.0,1000
manufacturing,temperature_eps0.5,p_gated_ba,0.5,8,3,,1,4,0.0,419.15911639261185,2.0957955819630594,0.525371692093259,0.548,10.0,1000
manufacturing,temperature_eps0.5,p_gated_ba,0.5,8,3,4.0,1,4,0.0,1061.738991800497,5.308694959002485,0.5236249968539407,0.557,10.0,1000
manufacturing,temperature_eps0.5,p_gated_ba,0.5,8,3,8.0,1,4,0.0,528.7420910223921,2.64371045511196,0.5270486427945936,0.553,10.0,1000
manufacturing,temperature_eps0.5,p_gated_ba,0.5,8,3,16.0,1,4,0.0,419.15911639261185,2.0957955819630594,0.525371692093259,0.548,10.0,1000
manufacturing,temperature_eps0.5,p_gated_ba,0.5,8,4,,1,4,0.0,419.15911639261185,2.0957955819630594,0.525371692093259,0.548,10.0,1000
manufacturing,temperature_eps0.5,p_gated_ba,0.5,8,4,4.0,1,4,0.0,1061.738991800497,5.308694959002485,0.5236249968539407,0.557,10.0,1000
manufacturing,temperature_eps0.5,p_gated_ba,0.5,8,4,8.0,1,4,0.0,528.7420910223921,2.64371045511196,0.5270486427945936,0.553,10.0,1000
manufacturing,temperature_eps0.5,p_gated_ba,0.5,8,4,16.0,1,4,0.0,419.15911639261185,2.0957955819630594,0.525371692093259,0.548,10.0,1000
manufacturing,temperature_eps0.5,p_gated_ba,0.5,8,6,,1,4,0.0,419.15911639261185,2.0957955819630594,0.525371692093259,0.548,10.0,1000
manufacturing,temperature_eps0.5,p_gated_ba,0.5,8,6,8.0,1,4,0.0,528.7420910223921,2.64371045511196,0.5270486427945936,0.553,10.0,1000
manufacturing,temperature_eps0.5,p_gated_ba,0.5,8,6,16.0,1,4,0.0,419.15911639261185,2.0957955819630594,0.525371692093259,0.548,10.0,1000
manufacturing,temperature_eps0.5,p_gated_ba,0.5,8,1,,2,0,0.0,390.1246301820375,1.9506231509101875,0.8188704687974528,0.512,10.0,500
manufacturing,temperature_eps0.5,p_gated_ba,0.5,8,1,4.0,2,0,0.0,982.075371467549,4.910376857337745,0.8375966513538224,0.518,10.0,500
manufacturing,temperature_eps0.5,p_gated_ba,0.5,8,1,8.0,2,0,0.0,491.03014423377454,2.455150721168873,0.8375966513538224,0.518,10.0,500
manufacturing,temperature_eps0.5,p_gated_ba,0.5,8,1,16.0,2,0,0.0,390.1246301820375,1.9506231509101875,0.8188704687974528,0.512,10.0,500
manufacturing,temperature_eps0.5,p_gated_ba,0.5,8,2,,2,0,0.0,390.1246301820375,1.9506231509101875,0.8188704687974528,0.512,10.0,500
manufacturing,temperature_eps0.5,p_gated_ba,0.5,8,2,4.0,2,0,0.0,982.075371467549,4.910376857337745,0.8375966513538224,0.518,10.0,500
manufacturing,temperature_eps0.5,p_gated_ba,0.5,8,2,8.0,2,0,0.0,491.03014423377454,2.455150721168873,0.8375966513538224,0.518,10.0,500
manufacturing,temperature_eps0.5,p_gated_ba,0.5,8,2,16.0,2,0,0.0,390.1246301820375,1.9506231509101875,0.8188704687974528,0.512,10.0,500
manufacturing,temperature_eps0.5,p_gated_ba,0.5,8,3,,2,0,0.0,390.1246301820375,1.9506231509101875,0.8188704687974528,0.512,10.0,500
manufacturing,temperature_eps0.5,p_gated_ba,0.5,8,3,4.0,2,0,0.0,982.075371467549,4.910376857337745,0.8375966513538224,0.518,10.0,500
manufacturing,temperature_eps0.5,p_gated_ba,0.5,8,3,8.0,2,0,0.0,491.03014423377454,2.455150721168873,0.8375966513538224,0.518,10.0,500
manufacturing,temperature_eps0.5,p_gated_ba,0.5,8,3,16.0,2,0,0.0,390.1246301820375,1.9506231509101875,0.8188704687974528,0.512,10.0,500
manufacturing,temperature_eps0.5,p_gated_ba,0.5,8,4,,2,0,0.0,390.1246301820375,1.9506231509101875,0.8188704687974528,0.512,10.0,500
manufacturing,temperature_eps0.5,p_gated_ba,0.5,8,4,4.0,2,0,0.0,982.075371467549,4.910376857337745,0.8375966513538224,0.518,10.0,500
manufacturing,temperature_eps0.5,p_gated_ba,0.5,8,4,8.0,2,0,0.0,491.03014423377454,2.455150721168873,0.8375966513538224,0.518,10.0,500
manufacturing,temperature_eps0.5,p_gated_ba,0.5,8,4,16.0,2,0,0.0,390.1246301820375,1.9506231509101875,0.8188704687974528,0.512,10.0,500
manufacturing,temperature_eps0.5,p_gated_ba,0.5,8,6,,2,0,0.0,390.1246301820375,1.9506231509101875,0.8188704687974528,0.512,10.0,500
manufacturing,temperature_eps0.5,p_gated_ba,0.5,8,6,8.0,2,0,0.0,491.03014423377454,2.455150721168873,0.8375966513538224,0.518,10.0,500
manufacturing,temperature_eps0.5,p_gated_ba,0.5,8,6,16.0,2,0,0.0,390.1246301820375,1.9506231509101875,0.8188704687974528,0.512,10.0,500
manufacturing,temperature_eps0.5,p_gated_ba,0.5,8,1,,2,2,0.0,390.1246301820375,1.9506231509101875,0.8188704687974528,0.512,10.0,500
manufacturing,temperature_eps0.5,p_gated_ba,0.5,8,1,4.0,2,2,0.0,982.075371467549,4.910376857337745,0.8375966513538224,0.518,10.0,500
manufacturing,temperature_eps0.5,p_gated_ba,0.5,8,1,8.0,2,2,0.0,491.03014423377454,2.455150721168873,0.8375966513538224,0.518,10.0,500
manufacturing,temperature_eps0.5,p_gated_ba,0.5,8,1,16.0,2,2,0.0,390.1246301820375,1.9506231509101875,0.8188704687974528,0.512,10.0,500
manufacturing,temperature_eps0.5,p_gated_ba,0.5,8,2,,2,2,0.0,390.1246301820375,1.9506231509101875,0.8188704687974528,0.512,10.0,500
manufacturing,temperature_eps0.5,p_gated_ba,0.5,8,2,4.0,2,2,0.0,982.075371467549,4.910376857337745,0.8375966513538224,0.518,10.0,500
manufacturing,temperature_eps0.5,p_gated_ba,0.5,8,2,8.0,2,2,0.0,491.03014423377454,2.455150721168873,0.8375966513538224,0.518,10.0,500
manufacturing,temperature_eps0.5,p_gated_ba,0.5,8,2,16.0,2,2,0.0,390.1246301820375,1.9506231509101875,0.8188704687974528,0.512,10.0,500
manufacturing,temperature_eps0.5,p_gated_ba,0.5,8,3,,2,2,0.0,390.1246301820375,1.9506231509101875,0.8188704687974528,0.512,10.0,500
manufacturing,temperature_eps0.5,p_gated_ba,0.5,8,3,4.0,2,2,0.0,982.075371467549,4.910376857337745,0.8375966513538224,0.518,10.0,500
manufacturing,temperature_eps0.5,p_gated_ba,0.5,8,3,8.0,2,2,0.0,491.03014423377454,2.455150721168873,0.8375966513538224,0.518,10.0,500
manufacturing,temperature_eps0.5,p_gated_ba,0.5,8,3,16.0,2,2,0.0,390.1246301820375,1.9506231509101875,0.8188704687974528,0.512,10.0,500
manufacturing,temperature_eps0.5,p_gated_ba,0.5,8,4,,2,2,0.0,390.1246301820375,1.9506231509101875,0.8188704687974528,0.512,10.0,500
manufacturing,temperature_eps0.5,p_gated_ba,0.5,8,4,4.0,2,2,0.0,982.075371467549,4.910376857337745,0.8375966513538224,0.518,10.0,500
manufacturing,temperature_eps0.5,p_gated_ba,0.5,8,4,8.0,2,2,0.0,491.03014423377454,2.455150721168873,0.8375966513538224,0.518,10.0,500
manufacturing,temperature_eps0.5,p_gated_ba,0.5,8,4,16.0,2,2,0.0,390.1246301820375,1.9506231509101875,0.8188704687974528,0.512,10.0,500
manufacturing,temperature_eps0.5,p_gated_ba,0.5,8,6,,2,2,0.0,390.1246301820375,1.9506231509101875,0.8188704687974528,0.512,10.0,500
manufacturing,temperature_eps0.5,p_gated_ba,0.5,8,6,8.0,2,2,0.0,491.03014423377454,2.455150721168873,0.8375966513538224,0.518,10.0,500
manufacturing,temperature_eps0.5,p_gated_ba,0.5,8,6,16.0,2,2,0.0,390.1246301820375,1.9506231509101875,0.8188704687974528,0.512,10.0,500
manufacturing,temperature_eps0.5,p_gated_ba,0.5,8,1,,2,4,0.0,390.1246301820375,1.9506231509101875,0.8188704687974528,0.512,10.0,500
manufacturing,temperature_eps0.5,p_gated_ba,0.5,8,1,4.0,2,4,0.0,982.075371467549,4.910376857337745,0.8375966513538224,0.518,10.0,500
manufacturing,temperature_eps0.5,p_gated_ba,0.5,8,1,8.0,2,4,0.0,491.03014423377454,2.455150721168873,0.8375966513538224,0.518,10.0,500
manufacturing,temperature_eps0.5,p_gated_ba,0.5,8,1,16.0,2,4,0.0,390.1246301820375,1.9506231509101875,0.8188704687974528,0.512,10.0,500
manufacturing,temperature_eps0.5,p_gated_ba,0.5,8,2,,2,4,0.0,390.1246301820375,1.9506231509101875,0.8188704687974528,0.512,10.0,500
manufacturing,temperature_eps0.5,p_gated_ba,0.5,8,2,4.0,2,4,0.0,982.075371467549,4.910376857337745,0.8375966513538224,0.518,10.0,500
manufacturing,temperature_eps0.5,p_gated_ba,0.5,8,2,8.0,2,4,0.0,491.03014423377454,2.455150721168873,0.8375966513538224,0.518,10.0,500
manufacturing,temperature_eps0.5,p_gated_ba,0.5,8,2,16.0,2,4,0.0,390.1246301820375,1.9506231509101875,0.8188704687974528,0.512,10.0,500
manufacturing,temperature_eps0.5,p_gated_ba,0.5,8,3,,2,4,0.0,390.1246301820375,1.9506231509101875,0.8188704687974528,0.512,10.0,500
manufacturing,temperature_eps0.5,p_gated_ba,0.5,8,3,4.0,2,4,0.0,982.075371467549,4.910376857337745,0.8375966513538224,0.518,10.0,500
manufacturing,temperature_eps0.5,p_gated_ba,0.5,8,3,8.0,2,4,0.0,491.03014423377454,2.455150721168873,0.8375966513538224,0.518,10.0,500
manufacturing,temperature_eps0.5,p_gated_ba,0.5,8,3,16.0,2,4,0.0,390.1246301820375,1.9506231509101875,0.8188704687974528,0.512,10.0,500
manufacturing,temperature_eps0.5,p_gated_ba,0.5,8,4,,2,4,0.0,390.1246301820375,1.9506231509101875,0.8188704687974528,0.512,10.0,500
manufacturing,temperature_eps0.5,p_gated_ba,0.5,8,4,4.0,2,4,0.0,982.075371467549,4.910376857337745,0.8375966513538224,0.518,10.0,500
manufacturing,temperature_eps0.5,p_gated_ba,0.5,8,4,8.0,2,4,0.0,491.03014423377454,2.455150721168873,0.8375966513538224,0.518,10.0,500
manufacturing,temperature_eps0.5,p_gated_ba,0.5,8,4,16.0,2,4,0.0,390.1246301820375,1.9506231509101875,0.8188704687974528,0.512,10.0,500
manufacturing,temperature_eps0.5,p_gated_ba,0.5,8,6,,2,4,0.0,390.1246301820375,1.9506231509101875,0.8188704687974528,0.512,10.0,500
manufacturing,temperature_eps0.5,p_gated_ba,0.5,8,6,8.0,2,4,0.0,491.03014423377454,2.455150721168873,0.8375966513538224,0.518,10.0,500
manufacturing,temperature_eps0.5,p_gated_ba,0.5,8,6,16.0,2,4,0.0,390.1246301820375,1.9506231509101875,0.8188704687974528,0.512,10.0,500
manufacturing,temperature_eps0.5,p_gated_ba,0.5,8,1,,4,0,0.0,423.28430619584293,2.1164215309792147,0.31336286516156076,0.508,10.0,250
manufacturing,temperature_eps0.5,p_gated_ba,0.5,8,1,4.0,4,0,0.0,1058.2256259896071,5.291128129948036,0.31336286516156076,0.508,10.0,250
manufacturing,temperature_eps0.5,p_gated_ba,0.5,8,1,8.0,4,0,0.0,529.1078594948037,2.6455392974740186,0.31336286516156076,0.508,10.0,250
manufacturing,temperature_eps0.5,p_gated_ba,0.5,8,1,16.0,4,0,0.0,423.28430619584293,2.1164215309792147,0.31336286516156076,0.508,10.0,250
manufacturing,temperature_eps0.5,p_gated_ba,0.5,8,2,,4,0,0.0,423.28430619584293,2.1164215309792147,0.31336286516156076,0.508,10.0,250
manufacturing,temperature_eps0.5,p_gated_ba,0.5,8,2,4.0,4,0,0.0,1058.2256259896071,5.291128129948036,0.31336286516156076,0.508,10.0,250
manufacturing,temperature_eps0.5,p_gated_ba,0.5,8,2,8.0,4,0,0.0,529.1078594948037,2.6455392974740186,0.31336286516156076,0.508,10.0,250
manufacturing,temperature_eps0.5,p_gated_ba,0.5,8,2,16.0,4,0,0.0,423.28430619584293,2.1164215309792147,0.31336286516156076,0.508,10.0,250
manufacturing,temperature_eps0.5,p_gated_ba,0.5,8,3,,4,0,0.0,423.28430619584293,2.1164215309792147,0.31336286516156076,0.508,10.0,250
manufacturing,temperature_eps0.5,p_gated_ba,0.5,8,3,4.0,4,0,0.0,1058.2256259896071,5.291128129948036,0.31336286516156076,0.508,10.0,250
manufacturing,temperature_eps0.5,p_gated_ba,0.5,8,3,8.0,4,0,0.0,529.1078594948037,2.6455392974740186,0.31336286516156076,0.508,10.0,250
manufacturing,temperature_eps0.5,p_gated_ba,0.5,8,3,16.0,4,0,0.0,423.28430619584293,2.1164215309792147,0.31336286516156076,0.508,10.0,250
manufacturing,temperature_eps0.5,p_gated_ba,0.5,8,4,,4,0,0.0,423.28430619584293,2.1164215309792147,0.31336286516156076,0.508,10.0,250
manufacturing,temperature_eps0.5,p_gated_ba,0.5,8,4,4.0,4,0,0.0,1058.2256259896071,5.291128129948036,0.31336286516156076,0.508,10.0,250
manufacturing,temperature_eps0.5,p_gated_ba,0.5,8,4,8.0,4,0,0.0,529.1078594948037,2.6455392974740186,0.31336286516156076,0.508,10.0,250
manufacturing,temperature_eps0.5,p_gated_ba,0.5,8,4,16.0,4,0,0.0,423.28430619584293,2.1164215309792147,0.31336286516156076,0.508,10.0,250
manufacturing,temperature_eps0.5,p_gated_ba,0.5,8,6,,4,0,0.0,423.28430619584293,2.1164215309792147,0.31336286516156076,0.508,10.0,250
manufacturing,temperature_eps0.5,p_gated_ba,0.5,8,6,8.0,4,0,0.0,529.1078594948037,2.6455392974740186,0.31336286516156076,0.508,10.0,250
manufacturing,temperature_eps0.5,p_gated_ba,0.5,8,6,16.0,4,0,0.0,423.28430619584293,2.1164215309792147,0.31336286516156076,0.508,10.0,250
manufacturing,temperature_eps0.5,p_gated_ba,0.5,8,1,,4,2,0.0,423.28430619584293,2.1164215309792147,0.31336286516156076,0.508,10.0,250
manufacturing,temperature_eps0.5,p_gated_ba,0.5,8,1,4.0,4,2,0.0,1058.2256259896071,5.291128129948036,0.31336286516156076,0.508,10.0,250
manufacturing,temperature_eps0.5,p_gated_ba,0.5,8,1,8.0,4,2,0.0,529.1078594948037,2.6455392974740186,0.31336286516156076,0.508,10.0,250
manufacturing,temperature_eps0.5,p_gated_ba,0.5,8,1,16.0,4,2,0.0,423.28430619584293,2.1164215309792147,0.31336286516156076,0.508,10.0,250
manufacturing,temperature_eps0.5,p_gated_ba,0.5,8,2,,4,2,0.0,423.28430619584293,2.1164215309792147,0.31336286516156076,0.508,10.0,250
manufacturing,temperature_eps0.5,p_gated_ba,0.5,8,2,4.0,4,2,0.0,1058.2256259896071,5.291128129948036,0.31336286516156076,0.508,10.0,250
manufacturing,temperature_eps0.5,p_gated_ba,0.5,8,2,8.0,4,2,0.0,529.1078594948037,2.6455392974740186,0.31336286516156076,0.508,10.0,250
manufacturing,temperature_eps0.5,p_gated_ba,0.5,8,2,16.0,4,2,0.0,423.28430619584293,2.1164215309792147,0.31336286516156076,0.508,10.0,250
manufacturing,temperature_eps0.5,p_gated_ba,0.5,8,3,,4,2,0.0,423.28430619584293,2.1164215309792147,0.31336286516156076,0.508,10.0,250
manufacturing,temperature_eps0.5,p_gated_ba,0.5,8,3,4.0,4,2,0.0,1058.2256259896071,5.291128129948036,0.31336286516156076,0.508,10.0,250
manufacturing,temperature_eps0.5,p_gated_ba,0.5,8,3,8.0,4,2,0.0,529.1078594948037,2.6455392974740186,0.31336286516156076,0.508,10.0,250
manufacturing,temperature_eps0.5,p_gated_ba,0.5,8,3,16.0,4,2,0.0,423.28430619584293,2.1164215309792147,0.31336286516156076,0.508,10.0,250
manufacturing,temperature_eps0.5,p_gated_ba,0.5,8,4,,4,2,0.0,423.28430619584293,2.1164215309792147,0.31336286516156076,0.508,10.0,250
manufacturing,temperature_eps0.5,p_gated_ba,0.5,8,4,4.0,4,2,0.0,1058.2256259896071,5.291128129948036,0.31336286516156076,0.508,10.0,250
manufacturing,temperature_eps0.5,p_gated_ba,0.5,8,4,8.0,4,2,0.0,529.1078594948037,2.6455392974740186,0.31336286516156076,0.508,10.0,250
manufacturing,temperature_eps0.5,p_gated_ba,0.5,8,4,16.0,4,2,0.0,423.28430619584293,2.1164215309792147,0.31336286516156076,0.508,10.0,250
manufacturing,temperature_eps0.5,p_gated_ba,0.5,8,6,,4,2,0.0,423.28430619584293,2.1164215309792147,0.31336286516156076,0.508,10.0,250
manufacturing,temperature_eps0.5,p_gated_ba,0.5,8,6,8.0,4,2,0.0,529.1078594948037,2.6455392974740186,0.31336286516156076,0.508,10.0,250
manufacturing,temperature_eps0.5,p_gated_ba,0.5,8,6,16.0,4,2,0.0,423.28430619584293,2.1164215309792147,0.31336286516156076,0.508,10.0,250
manufacturing,temperature_eps0.5,p_gated_ba,0.5,8,1,,4,4,0.0,423.28430619584293,2.1164215309792147,0.31336286516156076,0.508,10.0,250
manufacturing,temperature_eps0.5,p_gated_ba,0.5,8,1,4.0,4,4,0.0,1058.2256259896071,5.291128129948036,0.31336286516156076,0.508,10.0,250
manufacturing,temperature_eps0.5,p_gated_ba,0.5,8,1,8.0,4,4,0.0,529.1078594948037,2.6455392974740186,0.31336286516156076,0.508,10.0,250
manufacturing,temperature_eps0.5,p_gated_ba,0.5,8,1,16.0,4,4,0.0,423.28430619584293,2.1164215309792147,0.31336286516156076,0.508,10.0,250
manufacturing,temperature_eps0.5,p_gated_ba,0.5,8,2,,4,4,0.0,423.28430619584293,2.1164215309792147,0.31336286516156076,0.508,10.0,250
manufacturing,temperature_eps0.5,p_gated_ba,0.5,8,2,4.0,4,4,0.0,1058.2256259896071,5.291128129948036,0.31336286516156076,0.508,10.0,250
manufacturing,temperature_eps0.5,p_gated_ba,0.5,8,2,8.0,4,4,0.0,529.1078594948037,2.6455392974740186,0.31336286516156076,0.508,10.0,250
manufacturing,temperature_eps0.5,p_gated_ba,0.5,8,2,16.0,4,4,0.0,423.28430619584293,2.1164215309792147,0.31336286516156076,0.508,10.0,250
manufacturing,temperature_eps0.5,p_gated_ba,0.5,8,3,,4,4,0.0,423.28430619584293,2.1164215309792147,0.31336286516156076,0.508,10.0,250
manufacturing,temperature_eps0.5,p_gated_ba,0.5,8,3,4.0,4,4,0.0,1058.2256259896071,5.291128129948036,0.31336286516156076,0.508,10.0,250
manufacturing,temperature_eps0.5,p_gated_ba,0.5,8,3,8.0,4,4,0.0,529.1078594948037,2.6455392974740186,0.31336286516156076,0.508,10.0,250
manufacturing,temperature_eps0.5,p_gated_ba,0.5,8,3,16.0,4,4,0.0,423.28430619584293,2.1164215309792147,0.31336286516156076,0.508,10.0,250
manufacturing,temperature_eps0.5,p_gated_ba,0.5,8,4,,4,4,0.0,423.28430619584293,2.1164215309792147,0.31336286516156076,0.508,10.0,250
manufacturing,temperature_eps0.5,p_gated_ba,0.5,8,4,4.0,4,4,0.0,1058.2256259896071,5.291128129948036,0.31336286516156076,0.508,10.0,250
manufacturing,temperature_eps0.5,p_gated_ba,0.5,8,4,8.0,4,4,0.0,529.1078594948037,2.6455392974740186,0.31336286516156076,0.508,10.0,250
manufacturing,temperature_eps0.5,p_gated_ba,0.5,8,4,16.0,4,4,0.0,423.28430619584293,2.1164215309792147,0.31336286516156076,0.508,10.0,250
manufacturing,temperature_eps0.5,p_gated_ba,0.5,8,6,,4,4,0.0,423.28430619584293,2.1164215309792147,0.31336286516156076,0.508,10.0,250
manufacturing,temperature_eps0.5,p_gated_ba,0.5,8,6,8.0,4,4,0.0,529.1078594948037,2.6455392974740186,0.31336286516156076,0.508,10.0,250
manufacturing,temperature_eps0.5,p_gated_ba,0.5,8,6,16.0,4,4,0.0,423.28430619584293,2.1164215309792147,0.31336286516156076,0.508,10.0,250
manufacturing,temperature_eps0.5,n_weighted,0.5,8,1,,1,0,0.0,300.2970333236514,1.5014851666182571,0.8052097194013691,1.0,10.0,1000
manufacturing,temperature_eps0.5,n_weighted,0.5,8,1,4.0,1,0,0.0,750.7425833091287,3.7537129165456435,0.8052083317775939,1.0,10.0,1000
manufacturing,temperature_eps0.5,n_weighted,0.5,8,1,8.0,1,0,0.0,375.3712916545643,1.8768564582728215,0.8052114482920871,1.0,10.0,1000
manufacturing,temperature_eps0.5,n_weighted,0.5,8,1,16.0,1,0,0.0,300.2970333236514,1.5014851666182571,0.8052097194013691,1.0,10.0,1000
manufacturing,temperature_eps0.5,n_weighted,0.5,8,2,,1,0,0.0,300.2970333236514,1.5014851666182571,0.8052097194013691,1.0,10.0,1000
manufacturing,temperature_eps0.5,n_weighted,0.5,8,2,4.0,1,0,0.0,750.7425833091287,3.7537129165456435,0.8052083317775939,1.0,10.0,1000
manufacturing,temperature_eps0.5,n_weighted,0.5,8,2,8.0,1,0,0.0,375.3712916545643,1.8768564582728215,0.8052114482920871,1.0,10.0,1000
manufacturing,temperature_eps0.5,n_weighted,0.5,8,2,16.0,1,0,0.0,300.2970333236514,1.5014851666182571,0.8052097194013691,1.0,10.0,1000
manufacturing,temperature_eps0.5,n_weighted,0.5,8,3,,1,0,0.0,300.2970333236514,1.5014851666182571,0.8052097194013691,1.0,10.0,1000
manufacturing,temperature_eps0.5,n_weighted,0.5,8,3,4.0,1,0,0.0,750.7425833091287,3.7537129165456435,0.8052083317775939,1.0,10.0,1000
manufacturing,temperature_eps0.5,n_weighted,0.5,8,3,8.0,1,0,0.0,375.3712916545643,1.8768564582728215,0.8052114482920871,1.0,10.0,1000
manufacturing,temperature_eps0.5,n_weighted,0.5,8,3,16.0,1,0,0.0,300.2970333236514,1.5014851666182571,0.8052097194013691,1.0,10.0,1000
manufacturing,temperature_eps0.5,n_weighted,0.5,8,4,,1,0,0.0,300.2970333236514,1.5014851666182571,0.8052097194013691,1.0,10.0,1000
manufacturing,temperature_eps0.5,n_weighted,0.5,8,4,4.0,1,0,0.0,750.7425833091287,3.7537129165456435,0.8052083317775939,1.0,10.0,1000
manufacturing,temperature_eps0.5,n_weighted,0.5,8,4,8.0,1,0,0.0,375.3712916545643,1.8768564582728215,0.8052114482920871,1.0,10.0,1000
manufacturing,temperature_eps0.5,n_weighted,0.5,8,4,16.0,1,0,0.0,300.2970333236514,1.5014851666182571,0.8052097194013691,1.0,10.0,1000
manufacturing,temperature_eps0.5,n_weighted,0.5,8,6,,1,0,0.0,300.2970333236514,1.5014851666182571,0.8052097194013691,1.0,10.0,1000
manufacturing,temperature_eps0.5,n_weighted,0.5,8,6,8.0,1,0,0.0,375.3712916545643,1.8768564582728215,0.8052114482920871,1.0,10.0,1000
manufacturing,temperature_eps0.5,n_weighted,0.5,8,6,16.0,1,0,0.0,300.2970333236514,1.5014851666182571,0.8052097194013691,1.0,10.0,1000
manufacturing,temperature_eps0.5,n_weighted,0.5,8,1,,1,2,0.0,300.2970333236514,1.5014851666182571,0.8052097194013691,1.0,10.0,1000
manufacturing,temperature_eps0.5,n_weighted,0.5,8,1,4.0,1,2,0.0,750.7425833091287,3.7537129165456435,0.8052083317775939,1.0,10.0,1000
manufacturing,temperature_eps0.5,n_weighted,0.5,8,1,8.0,1,2,0.0,375.3712916545643,1.8768564582728215,0.8052114482920871,1.0,10.0,1000
manufacturing,temperature_eps0.5,n_weighted,0.5,8,1,16.0,1,2,0.0,300.2970333236514,1.5014851666182571,0.8052097194013691,1.0,10.0,1000
manufacturing,temperature_eps0.5,n_weighted,0.5,8,2,,1,2,0.0,300.2970333236514,1.5014851666182571,0.8052097194013691,1.0,10.0,1000
manufacturing,temperature_eps0.5,n_weighted,0.5,8,2,4.0,1,2,0.0,750.7425833091287,3.7537129165456435,0.8052083317775939,1.0,10.0,1000
manufacturing,temperature_eps0.5,n_weighted,0.5,8,2,8.0,1,2,0.0,375.3712916545643,1.8768564582728215,0.8052114482920871,1.0,10.0,1000
manufacturing,temperature_eps0.5,n_weighted,0.5,8,2,16.0,1,2,0.0,300.2970333236514,1.5014851666182571,0.8052097194013691,1.0,10.0,1000
manufacturing,temperature_eps0.5,n_weighted,0.5,8,3,,1,2,0.0,300.2970333236514,1.5014851666182571,0.8052097194013691,1.0,10.0,1000
manufacturing,temperature_eps0.5,n_weighted,0.5,8,3,4.0,1,2,0.0,750.7425833091287,3.7537129165456435,0.8052083317775939,1.0,10.0,1000
manufacturing,temperature_eps0.5,n_weighted,0.5,8,3,8.0,1,2,0.0,375.3712916545643,1.8768564582728215,0.8052114482920871,1.0,10.0,1000
manufacturing,temperature_eps0.5,n_weighted,0.5,8,3,16.0,1,2,0.0,300.2970333236514,1.5014851666182571,0.8052097194013691,1.0,10.0,1000
manufacturing,temperature_eps0.5,n_weighted,0.5,8,4,,1,2,0.0,300.2970333236514,1.5014851666182571,0.8052097194013691,1.0,10.0,1000
manufacturing,temperature_eps0.5,n_weighted,0.5,8,4,4.0,1,2,0.0,750.7425833091287,3.7537129165456435,0.8052083317775939,1.0,10.0,1000
manufacturing,temperature_eps0.5,n_weighted,0.5,8,4,8.0,1,2,0.0,375.3712916545643,1.8768564582728215,0.8052114482920871,1.0,10.0,1000
manufacturing,temperature_eps0.5,n_weighted,0.5,8,4,16.0,1,2,0.0,300.2970333236514,1.5014851666182571,0.8052097194013691,1.0,10.0,1000
manufacturing,temperature_eps0.5,n_weighted,0.5,8,6,,1,2,0.0,300.2970333236514,1.5014851666182571,0.8052097194013691,1.0,10.0,1000
manufacturing,temperature_eps0.5,n_weighted,0.5,8,6,8.0,1,2,0.0,375.3712916545643,1.8768564582728215,0.8052114482920871,1.0,10.0,1000
manufacturing,temperature_eps0.5,n_weighted,0.5,8,6,16.0,1,2,0.0,300.2970333236514,1.5014851666182571,0.8052097194013691,1.0,10.0,1000
manufacturing,temperature_eps0.5,n_weighted,0.5,8,1,,1,4,0.0,300.2970333236514,1.5014851666182571,0.8052097194013691,1.0,10.0,1000
manufacturing,temperature_eps0.5,n_weighted,0.5,8,1,4.0,1,4,0.0,750.7425833091287,3.7537129165456435,0.8052083317775939,1.0,10.0,1000
manufacturing,temperature_eps0.5,n_weighted,0.5,8,1,8.0,1,4,0.0,375.3712916545643,1.8768564582728215,0.8052114482920871,1.0,10.0,1000
manufacturing,temperature_eps0.5,n_weighted,0.5,8,1,16.0,1,4,0.0,300.2970333236514,1.5014851666182571,0.8052097194013691,1.0,10.0,1000
manufacturing,temperature_eps0.5,n_weighted,0.5,8,2,,1,4,0.0,300.2970333236514,1.5014851666182571,0.8052097194013691,1.0,10.0,1000
manufacturing,temperature_eps0.5,n_weighted,0.5,8,2,4.0,1,4,0.0,750.7425833091287,3.7537129165456435,0.8052083317775939,1.0,10.0,1000
manufacturing,temperature_eps0.5,n_weighted,0.5,8,2,8.0,1,4,0.0,375.3712916545643,1.8768564582728215,0.8052114482920871,1.0,10.0,1000
manufacturing,temperature_eps0.5,n_weighted,0.5,8,2,16.0,1,4,0.0,300.2970333236514,1.5014851666182571,0.8052097194013691,1.0,10.0,1000
manufacturing,temperature_eps0.5,n_weighted,0.5,8,3,,1,4,0.0,300.2970333236514,1.5014851666182571,0.8052097194013691,1.0,10.0,1000
manufacturing,temperature_eps0.5,n_weighted,0.5,8,3,4.0,1,4,0.0,750.7425833091287,3.7537129165456435,0.8052083317775939,1.0,10.0,1000
manufacturing,temperature_eps0.5,n_weighted,0.5,8,3,8.0,1,4,0.0,375.3712916545643,1.8768564582728215,0.8052114482920871,1.0,10.0,1000
manufacturing,temperature_eps0.5,n_weighted,0.5,8,3,16.0,1,4,0.0,300.2970333236514,1.5014851666182571,0.8052097194013691,1.0,10.0,1000
manufacturing,temperature_eps0.5,n_weighted,0.5,8,4,,1,4,0.0,300.2970333236514,1.5014851666182571,0.8052097194013691,1.0,10.0,1000
manufacturing,temperature_eps0.5,n_weighted,0.5,8,4,4.0,1,4,0.0,750.7425833091287,3.7537129165456435,0.8052083317775939,1.0,10.0,1000
manufacturing,temperature_eps0.5,n_weighted,0.5,8,4,8.0,1,4,0.0,375.3712916545643,1.8768564582728215,0.8052114482920871,1.0,10.0,1000
manufacturing,temperature_eps0.5,n_weighted,0.5,8,4,16.0,1,4,0.0,300.2970333236514,1.5014851666182571,0.8052097194013691,1.0,10.0,1000
manufacturing,temperature_eps0.5,n_weighted,0.5,8,6,,1,4,0.0,300.2970333236514,1.5014851666182571,0.8052097194013691,1.0,10.0,1000
manufacturing,temperature_eps0.5,n_weighted,0.5,8,6,8.0,1,4,0.0,375.3712916545643,1.8768564582728215,0.8052114482920871,1.0,10.0,1000
manufacturing,temperature_eps0.5,n_weighted,0.5,8,6,16.0,1,4,0.0,300.2970333236514,1.5014851666182571,0.8052097194013691,1.0,10.0,1000
manufacturing,temperature_eps0.5,n_weighted,0.5,8,1,,2,0,0.0,313.34263769850634,1.5667131884925316,0.9437968812067142,1.0,10.0,500
manufacturing,temperature_eps0.5,n_weighted,0.5,8,1,4.0,2,0,0.0,783.3565942462659,3.9167829712313296,0.9439874494525142,1.0,10.0,500
manufacturing,temperature_eps0.5,n_weighted,0.5,8,1,8.0,2,0,0.0,391.67829712313295,1.9583914856156648,0.9437968812067142,1.0,10.0,500
manufacturing,temperature_eps0.5,n_weighted,0.5,8,1,16.0,2,0,0.0,313.34263769850634,1.5667131884925316,0.9437968812067142,1.0,10.0,500
manufacturing,temperature_eps0.5,n_weighted,0.5,8,2,,2,0,0.0,313.34263769850634,1.5667131884925316,0.9437968812067142,1.0,10.0,500
manufacturing,temperature_eps0.5,n_weighted,0.5,8,2,4.0,2,0,0.0,783.3565942462659,3.9167829712313296,0.9439874494525142,1.0,10.0,500
manufacturing,temperature_eps0.5,n_weighted,0.5,8,2,8.0,2,0,0.0,391.67829712313295,1.9583914856156648,0.9437968812067142,1.0,10.0,500
manufacturing,temperature_eps0.5,n_weighted,0.5,8,2,16.0,2,0,0.0,313.34263769850634,1.5667131884925316,0.9437968812067142,1.0,10.0,500
manufacturing,temperature_eps0.5,n_weighted,0.5,8,3,,2,0,0.0,313.34263769850634,1.5667131884925316,0.9437968812067142,1.0,10.0,500
manufacturing,temperature_eps0.5,n_weighted,0.5,8,3,4.0,2,0,0.0,783.3565942462659,3.9167829712313296,0.9439874494525142,1.0,10.0,500
manufacturing,temperature_eps0.5,n_weighted,0.5,8,3,8.0,2,0,0.0,391.67829712313295,1.9583914856156648,0.9437968812067142,1.0,10.0,500
manufacturing,temperature_eps0.5,n_weighted,0.5,8,3,16.0,2,0,0.0,313.34263769850634,1.5667131884925316,0.9437968812067142,1.0,10.0,500
manufacturing,temperature_eps0.5,n_weighted,0.5,8,4,,2,0,0.0,313.34263769850634,1.5667131884925316,0.9437968812067142,1.0,10.0,500
manufacturing,temperature_eps0.5,n_weighted,0.5,8,4,4.0,2,0,0.0,783.3565942462659,3.9167829712313296,0.9439874494525142,1.0,10.0,500
manufacturing,temperature_eps0.5,n_weighted,0.5,8,4,8.0,2,0,0.0,391.67829712313295,1.9583914856156648,0.9437968812067142,1.0,10.0,500
manufacturing,temperature_eps0.5,n_weighted,0.5,8,4,16.0,2,0,0.0,313.34263769850634,1.5667131884925316,0.9437968812067142,1.0,10.0,500
manufacturing,temperature_eps0.5,n_weighted,0.5,8,6,,2,0,0.0,313.34263769850634,1.5667131884925316,0.9437968812067142,1.0,10.0,500
manufacturing,temperature_eps0.5,n_weighted,0.5,8,6,8.0,2,0,0.0,391.67829712313295,1.9583914856156648,0.9437968812067142,1.0,10.0,500
manufacturing,temperature_eps0.5,n_weighted,0.5,8,6,16.0,2,0,0.0,313.34263769850634,1.5667131884925316,0.9437968812067142,1.0,10.0,500
manufacturing,temperature_eps0.5,n_weighted,0.5,8,1,,2,2,0.0,313.34263769850634,1.5667131884925316,0.9437968812067142,1.0,10.0,500
manufacturing,temperature_eps0.5,n_weighted,0.5,8,1,4.0,2,2,0.0,783.3565942462659,3.9167829712313296,0.9439874494525142,1.0,10.0,500
manufacturing,temperature_eps0.5,n_weighted,0.5,8,1,8.0,2,2,0.0,391.67829712313295,1.9583914856156648,0.9437968812067142,1.0,10.0,500
manufacturing,temperature_eps0.5,n_weighted,0.5,8,1,16.0,2,2,0.0,313.34263769850634,1.5667131884925316,0.9437968812067142,1.0,10.0,500
manufacturing,temperature_eps0.5,n_weighted,0.5,8,2,,2,2,0.0,313.34263769850634,1.5667131884925316,0.9437968812067142,1.0,10.0,500
manufacturing,temperature_eps0.5,n_weighted,0.5,8,2,4.0,2,2,0.0,783.3565942462659,3.9167829712313296,0.9439874494525142,1.0,10.0,500
manufacturing,temperature_eps0.5,n_weighted,0.5,8,2,8.0,2,2,0.0,391.67829712313295,1.9583914856156648,0.9437968812067142,1.0,10.0,500
manufacturing,temperature_eps0.5,n_weighted,0.5,8,2,16.0,2,2,0.0,313.34263769850634,1.5667131884925316,0.9437968812067142,1.0,10.0,500
manufacturing,temperature_eps0.5,n_weighted,0.5,8,3,,2,2,0.0,313.34263769850634,1.5667131884925316,0.9437968812067142,1.0,10.0,500
manufacturing,temperature_eps0.5,n_weighted,0.5,8,3,4.0,2,2,0.0,783.3565942462659,3.9167829712313296,0.9439874494525142,1.0,10.0,500
manufacturing,temperature_eps0.5,n_weighted,0.5,8,3,8.0,2,2,0.0,391.67829712313295,1.9583914856156648,0.9437968812067142,1.0,10.0,500
manufacturing,temperature_eps0.5,n_weighted,0.5,8,3,16.0,2,2,0.0,313.34263769850634,1.5667131884925316,0.9437968812067142,1.0,10.0,500
manufacturing,temperature_eps0.5,n_weighted,0.5,8,4,,2,2,0.0,313.34263769850634,1.5667131884925316,0.9437968812067142,1.0,10.0,500
manufacturing,temperature_eps0.5,n_weighted,0.5,8,4,4.0,2,2,0.0,783.3565942462659,3.9167829712313296,0.9439874494525142,1.0,10.0,500
manufacturing,temperature_eps0.5,n_weighted,0.5,8,4,8.0,2,2,0.0,391.67829712313295,1.9583914856156648,0.9437968812067142,1.0,10.0,500
manufacturing,temperature_eps0.5,n_weighted,0.5,8,4,16.0,2,2,0.0,313.34263769850634,1.5667131884925316,0.9437968812067142,1.0,10.0,500
manufacturing,temperature_eps0.5,n_weighted,0.5,8,6,,2,2,0.0,313.34263769850634,1.5667131884925316,0.9437968812067142,1.0,10.0,500
manufacturing,temperature_eps0.5,n_weighted,0.5,8,6,8.0,2,2,0.0,391.67829712313295,1.9583914856156648,0.9437968812067142,1.0,10.0,500
manufacturing,temperature_eps0.5,n_weighted,0.5,8,6,16.0,2,2,0.0,313.34263769850634,1.5667131884925316,0.9437968812067142,1.0,10.0,500
manufacturing,temperature_eps0.5,n_weighted,0.5,8,1,,2,4,0.0,313.34263769850634,1.5667131884925316,0.9437968812067142,1.0,10.0,500
manufacturing,temperature_eps0.5,n_weighted,0.5,8,1,4.0,2,4,0.0,783.3565942462659,3.9167829712313296,0.9439874494525142,1.0,10.0,500
manufacturing,temperature_eps0.5,n_weighted,0.5,8,1,8.0,2,4,0.0,391.67829712313295,1.9583914856156648,0.9437968812067142,1.0,10.0,500
manufacturing,temperature_eps0.5,n_weighted,0.5,8,1,16.0,2,4,0.0,313.34263769850634,1.5667131884925316,0.9437968812067142,1.0,10.0,500
manufacturing,temperature_eps0.5,n_weighted,0.5,8,2,,2,4,0.0,313.34263769850634,1.5667131884925316,0.9437968812067142,1.0,10.0,500
manufacturing,temperature_eps0.5,n_weighted,0.5,8,2,4.0,2,4,0.0,783.3565942462659,3.9167829712313296,0.9439874494525142,1.0,10.0,500
manufacturing,temperature_eps0.5,n_weighted,0.5,8,2,8.0,2,4,0.0,391.67829712313295,1.9583914856156648,0.9437968812067142,1.0,10.0,500
manufacturing,temperature_eps0.5,n_weighted,0.5,8,2,16.0,2,4,0.0,313.34263769850634,1.5667131884925316,0.9437968812067142,1.0,10.0,500
manufacturing,temperature_eps0.5,n_weighted,0.5,8,3,,2,4,0.0,313.34263769850634,1.5667131884925316,0.9437968812067142,1.0,10.0,500
manufacturing,temperature_eps0.5,n_weighted,0.5,8,3,4.0,2,4,0.0,783.3565942462659,3.9167829712313296,0.9439874494525142,1.0,10.0,500
manufacturing,temperature_eps0.5,n_weighted,0.5,8,3,8.0,2,4,0.0,391.67829712313295,1.9583914856156648,0.9437968812067142,1.0,10.0,500
manufacturing,temperature_eps0.5,n_weighted,0.5,8,3,16.0,2,4,0.0,313.34263769850634,1.5667131884925316,0.9437968812067142,1.0,10.0,500
manufacturing,temperature_eps0.5,n_weighted,0.5,8,4,,2,4,0.0,313.34263769850634,1.5667131884925316,0.9437968812067142,1.0,10.0,500
manufacturing,temperature_eps0.5,n_weighted,0.5,8,4,4.0,2,4,0.0,783.3565942462659,3.9167829712313296,0.9439874494525142,1.0,10.0,500
manufacturing,temperature_eps0.5,n_weighted,0.5,8,4,8.0,2,4,0.0,391.67829712313295,1.9583914856156648,0.9437968812067142,1.0,10.0,500
manufacturing,temperature_eps0.5,n_weighted,0.5,8,4,16.0,2,4,0.0,313.34263769850634,1.5667131884925316,0.9437968812067142,1.0,10.0,500
manufacturing,temperature_eps0.5,n_weighted,0.5,8,6,,2,4,0.0,313.34263769850634,1.5667131884925316,0.9437968812067142,1.0,10.0,500
manufacturing,temperature_eps0.5,n_weighted,0.5,8,6,8.0,2,4,0.0,391.67829712313295,1.9583914856156648,0.9437968812067142,1.0,10.0,500
manufacturing,temperature_eps0.5,n_weighted,0.5,8,6,16.0,2,4,0.0,313.34263769850634,1.5667131884925316,0.9437968812067142,1.0,10.0,500
manufacturing,temperature_eps0.5,n_weighted,0.5,8,1,,4,0,0.0,329.87735299352545,1.6493867649676273,0.6932019709654147,1.0,10.0,250
manufacturing,temperature_eps0.5,n_weighted,0.5,8,1,4.0,4,0,0.0,824.6933824838137,4.123466912419069,0.6932019709654147,1.0,10.0,250
manufacturing,temperature_eps0.5,n_weighted,0.5,8,1,8.0,4,0,0.0,412.34669124190685,2.0617334562095344,0.6932019709654147,1.0,10.0,250
manufacturing,temperature_eps0.5,n_weighted,0.5,8,1,16.0,4,0,0.0,329.87735299352545,1.6493867649676273,0.6932019709654147,1.0,10.0,250
manufacturing,temperature_eps0.5,n_weighted,0.5,8,2,,4,0,0.0,329.87735299352545,1.6493867649676273,0.6932019709654147,1.0,10.0,250
manufacturing,temperature_eps0.5,n_weighted,0.5,8,2,4.0,4,0,0.0,824.6933824838137,4.123466912419069,0.6932019709654147,1.0,10.0,250
manufacturing,temperature_eps0.5,n_weighted,0.5,8,2,8.0,4,0,0.0,412.34669124190685,2.0617334562095344,0.6932019709654147,1.0,10.0,250
manufacturing,temperature_eps0.5,n_weighted,0.5,8,2,16.0,4,0,0.0,329.87735299352545,1.6493867649676273,0.6932019709654147,1.0,10.0,250
manufacturing,temperature_eps0.5,n_weighted,0.5,8,3,,4,0,0.0,329.87735299352545,1.6493867649676273,0.6932019709654147,1.0,10.0,250
manufacturing,temperature_eps0.5,n_weighted,0.5,8,3,4.0,4,0,0.0,824.6933824838137,4.123466912419069,0.6932019709654147,1.0,10.0,250
manufacturing,temperature_eps0.5,n_weighted,0.5,8,3,8.0,4,0,0.0,412.34669124190685,2.0617334562095344,0.6932019709654147,1.0,10.0,250
manufacturing,temperature_eps0.5,n_weighted,0.5,8,3,16.0,4,0,0.0,329.87735299352545,1.6493867649676273,0.6932019709654147,1.0,10.0,250
manufacturing,temperature_eps0.5,n_weighted,0.5,8,4,,4,0,0.0,329.87735299352545,1.6493867649676273,0.6932019709654147,1.0,10.0,250
manufacturing,temperature_eps0.5,n_weighted,0.5,8,4,4.0,4,0,0.0,824.6933824838137,4.123466912419069,0.6932019709654147,1.0,10.0,250
manufacturing,temperature_eps0.5,n_weighted,0.5,8,4,8.0,4,0,0.0,412.34669124190685,2.0617334562095344,0.6932019709654147,1.0,10.0,250
manufacturing,temperature_eps0.5,n_weighted,0.5,8,4,16.0,4,0,0.0,329.87735299352545,1.6493867649676273,0.6932019709654147,1.0,10.0,250
manufacturing,temperature_eps0.5,n_weighted,0.5,8,6,,4,0,0.0,329.87735299352545,1.6493867649676273,0.6932019709654147,1.0,10.0,250
manufacturing,temperature_eps0.5,n_weighted,0.5,8,6,8.0,4,0,0.0,412.34669124190685,2.0617334562095344,0.6932019709654147,1.0,10.0,250
manufacturing,temperature_eps0.5,n_weighted,0.5,8,6,16.0,4,0,0.0,329.87735299352545,1.6493867649676273,0.6932019709654147,1.0,10.0,250
manufacturing,temperature_eps0.5,n_weighted,0.5,8,1,,4,2,0.0,329.87735299352545,1.6493867649676273,0.6932019709654147,1.0,10.0,250
manufacturing,temperature_eps0.5,n_weighted,0.5,8,1,4.0,4,2,0.0,824.6933824838137,4.123466912419069,0.6932019709654147,1.0,10.0,250
manufacturing,temperature_eps0.5,n_weighted,0.5,8,1,8.0,4,2,0.0,412.34669124190685,2.0617334562095344,0.6932019709654147,1.0,10.0,250
manufacturing,temperature_eps0.5,n_weighted,0.5,8,1,16.0,4,2,0.0,329.87735299352545,1.6493867649676273,0.6932019709654147,1.0,10.0,250
manufacturing,temperature_eps0.5,n_weighted,0.5,8,2,,4,2,0.0,329.87735299352545,1.6493867649676273,0.6932019709654147,1.0,10.0,250
manufacturing,temperature_eps0.5,n_weighted,0.5,8,2,4.0,4,2,0.0,824.6933824838137,4.123466912419069,0.6932019709654147,1.0,10.0,250
manufacturing,temperature_eps0.5,n_weighted,0.5,8,2,8.0,4,2,0.0,412.34669124190685,2.0617334562095344,0.6932019709654147,1.0,10.0,250
manufacturing,temperature_eps0.5,n_weighted,0.5,8,2,16.0,4,2,0.0,329.87735299352545,1.6493867649676273,0.6932019709654147,1.0,10.0,250
manufacturing,temperature_eps0.5,n_weighted,0.5,8,3,,4,2,0.0,329.87735299352545,1.6493867649676273,0.6932019709654147,1.0,10.0,250
manufacturing,temperature_eps0.5,n_weighted,0.5,8,3,4.0,4,2,0.0,824.6933824838137,4.123466912419069,0.6932019709654147,1.0,10.0,250
manufacturing,temperature_eps0.5,n_weighted,0.5,8,3,8.0,4,2,0.0,412.34669124190685,2.0617334562095344,0.6932019709654147,1.0,10.0,250
manufacturing,temperature_eps0.5,n_weighted,0.5,8,3,16.0,4,2,0.0,329.87735299352545,1.6493867649676273,0.6932019709654147,1.0,10.0,250
manufacturing,temperature_eps0.5,n_weighted,0.5,8,4,,4,2,0.0,329.87735299352545,1.6493867649676273,0.6932019709654147,1.0,10.0,250
manufacturing,temperature_eps0.5,n_weighted,0.5,8,4,4.0,4,2,0.0,824.6933824838137,4.123466912419069,0.6932019709654147,1.0,10.0,250
manufacturing,temperature_eps0.5,n_weighted,0.5,8,4,8.0,4,2,0.0,412.34669124190685,2.0617334562095344,0.6932019709654147,1.0,10.0,250
manufacturing,temperature_eps0.5,n_weighted,0.5,8,4,16.0,4,2,0.0,329.87735299352545,1.6493867649676273,0.6932019709654147,1.0,10.0,250
manufacturing,temperature_eps0.5,n_weighted,0.5,8,6,,4,2,0.0,329.87735299352545,1.6493867649676273,0.6932019709654147,1.0,10.0,250
manufacturing,temperature_eps0.5,n_weighted,0.5,8,6,8.0,4,2,0.0,412.34669124190685,2.0617334562095344,0.6932019709654147,1.0,10.0,250
manufacturing,temperature_eps0.5,n_weighted,0.5,8,6,16.0,4,2,0.0,329.87735299352545,1.6493867649676273,0.6932019709654147,1.0,10.0,250
manufacturing,temperature_eps0.5,n_weighted,0.5,8,1,,4,4,0.0,329.87735299352545,1.6493867649676273,0.6932019709654147,1.0,10.0,250
manufacturing,temperature_eps0.5,n_weighted,0.5,8,1,4.0,4,4,0.0,824.6933824838137,4.123466912419069,0.6932019709654147,1.0,10.0,250
manufacturing,temperature_eps0.5,n_weighted,0.5,8,1,8.0,4,4,0.0,412.34669124190685,2.0617334562095344,0.6932019709654147,1.0,10.0,250
manufacturing,temperature_eps0.5,n_weighted,0.5,8,1,16.0,4,4,0.0,329.87735299352545,1.6493867649676273,0.6932019709654147,1.0,10.0,250
manufacturing,temperature_eps0.5,n_weighted,0.5,8,2,,4,4,0.0,329.87735299352545,1.6493867649676273,0.6932019709654147,1.0,10.0,250
manufacturing,temperature_eps0.5,n_weighted,0.5,8,2,4.0,4,4,0.0,824.6933824838137,4.123466912419069,0.6932019709654147,1.0,10.0,250
manufacturing,temperature_eps0.5,n_weighted,0.5,8,2,8.0,4,4,0.0,412.34669124190685,2.0617334562095344,0.6932019709654147,1.0,10.0,250
manufacturing,temperature_eps0.5,n_weighted,0.5,8,2,16.0,4,4,0.0,329.87735299352545,1.6493867649676273,0.6932019709654147,1.0,10.0,250
manufacturing,temperature_eps0.5,n_weighted,0.5,8,3,,4,4,0.0,329.87735299352545,1.6493867649676273,0.6932019709654147,1.0,10.0,250
manufacturing,temperature_eps0.5,n_weighted,0.5,8,3,4.0,4,4,0.0,824.6933824838137,4.123466912419069,0.6932019709654147,1.0,10.0,250
manufacturing,temperature_eps0.5,n_weighted,0.5,8,3,8.0,4,4,0.0,412.34669124190685,2.0617334562095344,0.6932019709654147,1.0,10.0,250
manufacturing,temperature_eps0.5,n_weighted,0.5,8,3,16.0,4,4,0.0,329.87735299352545,1.6493867649676273,0.6932019709654147,1.0,10.0,250
manufacturing,temperature_eps0.5,n_weighted,0.5,8,4,,4,4,0.0,329.87735299352545,1.6493867649676273,0.6932019709654147,1.0,10.0,250
manufacturing,temperature_eps0.5,n_weighted,0.5,8,4,4.0,4,4,0.0,824.6933824838137,4.123466912419069,0.6932019709654147,1.0,10.0,250
manufacturing,temperature_eps0.5,n_weighted,0.5,8,4,8.0,4,4,0.0,412.34669124190685,2.0617334562095344,0.6932019709654147,1.0,10.0,250
manufacturing,temperature_eps0.5,n_weighted,0.5,8,4,16.0,4,4,0.0,329.87735299352545,1.6493867649676273,0.6932019709654147,1.0,10.0,250
manufacturing,temperature_eps0.5,n_weighted,0.5,8,6,,4,4,0.0,329.87735299352545,1.6493867649676273,0.6932019709654147,1.0,10.0,250
manufacturing,temperature_eps0.5,n_weighted,0.5,8,6,8.0,4,4,0.0,412.34669124190685,2.0617334562095344,0.6932019709654147,1.0,10.0,250
manufacturing,temperature_eps0.5,n_weighted,0.5,8,6,16.0,4,4,0.0,329.87735299352545,1.6493867649676273,0.6932019709654147,1.0,10.0,250
