dataset,sensor,strategy,epsilon,w,P_min,P_max,delta_t,k_ext,epsilon_count,mae,normalized_mae,kl_divergence,release_rate,avg_n_tau,n_logical_timestamps
manufacturing,temperature_eps4.0,uniform,4.0,8,1,,1,0,0.0,37.53712916545643,0.18768564582728214,0.802911747977836,1.0,10.0,1000
manufacturing,temperature_eps4.0,uniform,4.0,8,1,4.0,1,0,0.0,93.84282291364109,0.46921411456820544,0.809761766046773,1.0,10.0,1000
manufacturing,temperature_eps4.0,uniform,4.0,8,1,8.0,1,0,0.0,46.92141145682054,0.23460705728410272,0.8051816244302319,1.0,10.0,1000
manufacturing,temperature_eps4.0,uniform,4.0,8,1,16.0,1,0,0.0,37.53712916545643,0.18768564582728214,0.802911747977836,1.0,10.0,1000
manufacturing,temperature_eps4.0,uniform,4.0,8,2,,1,0,0.0,37.53712916545643,0.18768564582728214,0.802911747977836,1.0,10.0,1000
manufacturing,temperature_eps4.0,uniform,4.0,8,2,4.0,1,0,0.0,93.84282291364109,0.46921411456820544,0.809761766046773,1.0,10.0,1000
manufacturing,temperature_eps4.0,uniform,4.0,8,2,8.0,1,0,0.0,46.92141145682054,0.23460705728410272,0.8051816244302319,1.0,10.0,1000
manufacturing,temperature_eps4.0,uniform,4.0,8,2,16.0,1,0,0.0,37.53712916545643,0.18768564582728214,0.802911747977836,1.0,10.0,1000
manufacturing,temperature_eps4.0,uniform,4.0,8,3,,1,0,0.0,37.53712916545643,0.18768564582728214,0.802911747977836,1.0,10.0,1000
manufacturing,temperature_eps4.0,uniform,4.0,8,3,4.0,1,0,0.0,93.84282291364109,0.46921411456820544,0.809761766046773,1.0,10.0,1000
manufacturing,temperature_eps4.0,uniform,4.0,8,3,8.0,1,0,0.0,46.92141145682054,0.23460705728410272,0.8051816244302319,1.0,10.0,1000
manufacturing,temperature_eps4.0,uniform,4.0,8,3,16.0,1,0,0.0,37.53712916545643,0.18768564582728214,0.802911747977836,1.0,10.0,1000
manufacturing,temperature_eps4.0,uniform,4.0,8,4,,1,0,0.0,37.53712916545643,0.18768564582728214,0.802911747977836,1.0,10.0,1000
manufacturing,temperature_eps4.0,uniform,4.0,8,4,4.0,1,0,0.0,93.84282291364109,0.46921411456820544,0.809761766046773,1.0,10.0,1000
manufacturing,temperature_eps4.0,uniform,4.0,8,4,8.0,1,0,0.0,46.92141145682054,0.23460705728410272,0.8051816244302319,1.0,10.0,1000
manufacturing,temperature_eps4.0,uniform,4.0,8,4,16.0,1,0,0.0,37.53712916545643,0.18768564582728214,0.802911747977836,1.0,10.0,1000
manufacturing,temperature_eps4.0,uniform,4.0,8,6,,1,0,0.0,37.53712916545643,0.18768564582728214,0.802911747977836,1.0,10.0,1000
manufacturing,temperature_eps4.0,uniform,4.0,8,6,8.0,1,0,0.0,46.92141145682054,0.23460705728410272,0.8051816244302319,1.0,10.0,1000
manufacturing,temperature_eps4.0,uniform,4.0,8,6,16.0,1,0,0.0,37.53712916545643,0.18768564582728214,0.802911747977836,1.0,10.0,1000
manufacturing,temperature_eps4.0,uniform,4.0,8,1,,1,2,0.0,37.53712916545643,0.18768564582728214,0.802911747977836,1.0,10.0,1000
manufacturing,temperature_eps4.0,uniform,4.0,8,1,4.0,1,2,0.0,93.84282291364109,0.46921411456820544,0.809761766046773,1.0,10.0,1000
manufacturing,temperature_eps4.0,uniform,4.0,8,1,8.0,1,2,0.0,46.92141145682054,0.23460705728410272,0.8051816244302319,1.0,10.0,1000
manufacturing,temperature_eps4.0,uniform,4.0,8,1,16.0,1,2,0.0,37.53712916545643,0.18768564582728214,0.802911747977836,1.0,10.0,1000
manufacturing,temperature_eps4.0,uniform,4.0,8,2,,1,2,0.0,37.53712916545643,0.18768564582728214,0.802911747977836,1.0,10.0,1000
manufacturing,temperature_eps4.0,uniform,4.0,8,2,4.0,1,2,0.0,93.84282291364109,0.46921411456820544,0.809761766046773,1.0,10.0,1000
manufacturing,temperature_eps4.0,uniform,4.0,8,2,8.0,1,2,0.0,46.92141145682054,0.23460705728410272,0.8051816244302319,1.0,10.0,1000
manufacturing,temperature_eps4.0,uniform,4.0,8,2,16.0,1,2,0.0,37.53712916545643,0.18768564582728214,0.802911747977836,1.0,10.0,1000
manufacturing,temperature_eps4.0,uniform,4.0,8,3,,1,2,0.0,37.53712916545643,0.18768564582728214,0.802911747977836,1.0,10.0,1000
manufacturing,temperature_eps4.0,uniform,4.0,8,3,4.0,1,2,0.0,93.84282291364109,0.46921411456820544,0.809761766046773,1.0,10.0,1000
manufacturing,temperature_eps4.0,uniform,4.0,8,3,8.0,1,2,0.0,46.92141145682054,0.23460705728410272,0.8051816244302319,1.0,10.0,1000
manufacturing,temperature_eps4.0,uniform,4.0,8,3,16.0,1,2,0.0,37.53712916545643,0.18768564582728214,0.802911747977836,1.0,10.0,1000
manufacturing,temperature_eps4.0,uniform,4.0,8,4,,1,2,0.0,37.53712916545643,0.18768564582728214,0.802911747977836,1.0,10.0,1000
manufacturing,temperature_eps4.0,uniform,4.0,8,4,4.0,1,2,0.0,93.84282291364109,0.46921411456820544,0.809761766046773,1.0,10.0,1000
manufacturing,temperature_eps4.0,uniform,4.0,8,4,8.0,1,2,0.0,46.92141145682054,0.23460705728410272,0.8051816244302319,1.0,10.0,1000
manufacturing,temperature_eps4.0,uniform,4.0,8,4,16.0,1,2,0.0,37.53712916545643,0.18768564582728214,0.802911747977836,1.0,10.0,1000
manufacturing,temperature_eps4.0,uniform,4.0,8,6,,1,2,0.0,37.53712916545643,0.18768564582728214,0.802911747977836,1.0,10.0,1000
manufacturing,temperature_eps4.0,uniform,4.0,8,6,8.0,1,2,0.0,46.92141145682054,0.23460705728410272,0.8051816244302319,1.0,10.0,1000
manufacturing,temperature_eps4.0,uniform,4.0,8,6,16.0,1,2,0.0,37.53712916545643,0.18768564582728214,0.802911747977836,1.0,10.0,1000
manufacturing,temperature_eps4.0,uniform,4.0,8,1,,1,4,0.0,37.53712916545643,0.18768564582728214,0.802911747977836,1.0,10.0,1000
manufacturing,temperature_eps4.0,uniform,4.0,8,1,4.0,1,4,0.0,93.84282291364109,0.46921411456820544,0.809761766046773,1.0,10.0,1000
manufacturing,temperature_eps4.0,uniform,4.0,8,1,8.0,1,4,0.0,46.92141145682054,0.23460705728410272,0.8051816244302319,1.0,10.0,1000
manufacturing,temperature_eps4.0,uniform,4.0,8,1,16.0,1,4,0.0,37.53712916545643,0.18768564582728214,0.802911747977836,1.0,10.0,1000
manufacturing,temperature_eps4.0,uniform,4.0,8,2,,1,4,0.0,37.53712916545643,0.18768564582728214,0.802911747977836,1.0,10.0,1000
manufacturing,temperature_eps4.0,uniform,4.0,8,2,4.0,1,4,0.0,93.84282291364109,0.46921411456820544,0.809761766046773,1.0,10.0,1000
manufacturing,temperature_eps4.0,uniform,4.0,8,2,8.0,1,4,0.0,46.92141145682054,0.23460705728410272,0.8051816244302319,1.0,10.0,1000
manufacturing,temperature_eps4.0,uniform,4.0,8,2,16.0,1,4,0.0,37.53712916545643,0.18768564582728214,0.802911747977836,1.0,10.0,1000
manufacturing,temperature_eps4.0,uniform,4.0,8,3,,1,4,0.0,37.53712916545643,0.18768564582728214,0.802911747977836,1.0,10.0,1000
manufacturing,temperature_eps4.0,uniform,4.0,8,3,4.0,1,4,0.0,93.84282291364109,0.46921411456820544,0.809761766046773,1.0,10.0,1000
manufacturing,temperature_eps4.0,uniform,4.0,8,3,8.0,1,4,0.0,46.92141145682054,0.23460705728410272,0.8051816244302319,1.0,10.0,1000
manufacturing,temperature_eps4.0,uniform,4.0,8,3,16.0,1,4,0.0,37.53712916545643,0.18768564582728214,0.802911747977836,1.0,10.0,1000
manufacturing,temperature_eps4.0,uniform,4.0,8,4,,1,4,0.0,37.53712916545643,0.18768564582728214,0.802911747977836,1.0,10.0,1000
manufacturing,temperature_eps4.0,uniform,4.0,8,4,4.0,1,4,0.0,93.84282291364109,0.46921411456820544,0.809761766046773,1.0,10.0,1000
manufacturing,temperature_eps4.0,uniform,4.0,8,4,8.0,1,4,0.0,46.92141145682054,0.23460705728410272,0.8051816244302319,1.0,10.0,1000
manufacturing,temperature_eps4.0,uniform,4.0,8,4,16.0,1,4,0.0,37.53712916545643,0.18768564582728214,0.802911747977836,1.0,10.0,1000
manufacturing,temperature_eps4.0,uniform,4.0,8,6,,1,4,0.0,37.53712916545643,0.18768564582728214,0.802911747977836,1.0,10.0,1000
manufacturing,temperature_eps4.0,uniform,4.0,8,6,8.0,1,4,0.0,46.92141145682054,0.23460705728410272,0.8051816244302319,1.0,10.0,1000
manufacturing,temperature_eps4.0,uniform,4.0,8,6,16.0,1,4,0.0,37.53712916545643,0.18768564582728214,0.802911747977836,1.0,10.0,1000
manufacturing,temperature_eps4.0,uniform,4.0,8,1,,2,0,0.0,39.16782971231329,0.19583914856156645,0.9385350952160737,1.0,10.0,500
manufacturing,temperature_eps4.0,uniform,4.0,8,1,4.0,2,0,0.0,97.91957428078324,0.4895978714039162,0.9490903643373501,1.0,10.0,500
manufacturing,temperature_eps4.0,uniform,4.0,8,1,8.0,2,0,0.0,48.95978714039162,0.2447989357019581,0.9385350952160737,1.0,10.0,500
manufacturing,temperature_eps4.0,uniform,4.0,8,1,16.0,2,0,0.0,39.16782971231329,0.19583914856156645,0.9385350952160737,1.0,10.0,500
manufacturing,temperature_eps4.0,uniform,4.0,8,2,,2,0,0.0,39.16782971231329,0.19583914856156645,0.9385350952160737,1.0,10.0,500
manufacturing,temperature_eps4.0,uniform,4.0,8,2,4.0,2,0,0.0,97.91957428078324,0.4895978714039162,0.9490903643373501,1.0,10.0,500
manufacturing,temperature_eps4.0,uniform,4.0,8,2,8.0,2,0,0.0,48.95978714039162,0.2447989357019581,0.9385350952160737,1.0,10.0,500
manufacturing,temperature_eps4.0,uniform,4.0,8,2,16.0,2,0,0.0,39.16782971231329,0.19583914856156645,0.9385350952160737,1.0,10.0,500
manufacturing,temperature_eps4.0,uniform,4.0,8,3,,2,0,0.0,39.16782971231329,0.19583914856156645,0.9385350952160737,1.0,10.0,500
manufacturing,temperature_eps4.0,uniform,4.0,8,3,4.0,2,0,0.0,97.91957428078324,0.4895978714039162,0.9490903643373501,1.0,10.0,500
manufacturing,temperature_eps4.0,uniform,4.0,8,3,8.0,2,0,0.0,48.95978714039162,0.2447989357019581,0.9385350952160737,1.0,10.0,500
manufacturing,temperature_eps4.0,uniform,4.0,8,3,16.0,2,0,0.0,39.16782971231329,0.19583914856156645,0.9385350952160737,1.0,10.0,500
manufacturing,temperature_eps4.0,uniform,4.0,8,4,,2,0,0.0,39.16782971231329,0.19583914856156645,0.9385350952160737,1.0,10.0,500
manufacturing,temperature_eps4.0,uniform,4.0,8,4,4.0,2,0,0.0,97.91957428078324,0.4895978714039162,0.9490903643373501,1.0,10.0,500
manufacturing,temperature_eps4.0,uniform,4.0,8,4,8.0,2,0,0.0,48.95978714039162,0.2447989357019581,0.9385350952160737,1.0,10.0,500
manufacturing,temperature_eps4.0,uniform,4.0,8,4,16.0,2,0,0.0,39.16782971231329,0.19583914856156645,0.9385350952160737,1.0,10.0,500
manufacturing,temperature_eps4.0,uniform,4.0,8,6,,2,0,0.0,39.16782971231329,0.19583914856156645,0.9385350952160737,1.0,10.0,500
manufacturing,temperature_eps4.0,uniform,4.0,8,6,8.0,2,0,0.0,48.95978714039162,0.2447989357019581,0.9385350952160737,1.0,10.0,500
manufacturing,temperature_eps4.0,uniform,4.0,8,6,16.0,2,0,0.0,39.16782971231329,0.19583914856156645,0.9385350952160737,1.0,10.0,500
manufacturing,temperature_eps4.0,uniform,4.0,8,1,,2,2,0.0,39.16782971231329,0.19583914856156645,0.9385350952160737,1.0,10.0,500
manufacturing,temperature_eps4.0,uniform,4.0,8,1,4.0,2,2,0.0,97.91957428078324,0.4895978714039162,0.9490903643373501,1.0,10.0,500
manufacturing,temperature_eps4.0,uniform,4.0,8,1,8.0,2,2,0.0,48.95978714039162,0.2447989357019581,0.9385350952160737,1.0,10.0,500
manufacturing,temperature_eps4.0,uniform,4.0,8,1,16.0,2,2,0.0,39.16782971231329,0.19583914856156645,0.9385350952160737,1.0,10.0,500
manufacturing,temperature_eps4.0,uniform,4.0,8,2,,2,2,0.0,39.16782971231329,0.19583914856156645,0.9385350952160737,1.0,10.0,500
manufacturing,temperature_eps4.0,uniform,4.0,8,2,4.0,2,2,0.0,97.91957428078324,0.4895978714039162,0.9490903643373501,1.0,10.0,500
manufacturing,temperature_eps4.0,uniform,4.0,8,2,8.0,2,2,0.0,48.95978714039162,0.2447989357019581,0.9385350952160737,1.0,10.0,500
manufacturing,temperature_eps4.0,uniform,4.0,8,2,16.0,2,2,0.0,39.16782971231329,0.19583914856156645,0.9385350952160737,1.0,10.0,500
manufacturing,temperature_eps4.0,uniform,4.0,8,3,,2,2,0.0,39.16782971231329,0.19583914856156645,0.9385350952160737,1.0,10.0,500
manufacturing,temperature_eps4.0,uniform,4.0,8,3,4.0,2,2,0.0,97.91957428078324,0.4895978714039162,0.9490903643373501,1.0,10.0,500
manufacturing,temperature_eps4.0,uniform,4.0,8,3,8.0,2,2,0.0,48.95978714039162,0.2447989357019581,0.9385350952160737,1.0,10.0,500
manufacturing,temperature_eps4.0,uniform,4.0,8,3,16.0,2,2,0.0,39.16782971231329,0.19583914856156645,0.9385350952160737,1.0,10.0,500
manufacturing,temperature_eps4.0,uniform,4.0,8,4,,2,2,0.0,39.16782971231329,0.19583914856156645,0.9385350952160737,1.0,10.0,500
manufacturing,temperature_eps4.0,uniform,4.0,8,4,4.0,2,2,0.0,97.91957428078324,0.4895978714039162,0.9490903643373501,1.0,10.0,500
manufacturing,temperature_eps4.0,uniform,4.0,8,4,8.0,2,2,0.0,48.95978714039162,0.2447989357019581,0.9385350952160737,1.0,10.0,500
manufacturing,temperature_eps4.0,uniform,4.0,8,4,16.0,2,2,0.0,39.16782971231329,0.19583914856156645,0.9385350952160737,1.0,10.0,500
manufacturing,temperature_eps4.0,uniform,4.0,8,6,,2,2,0.0,39.16782971231329,0.19583914856156645,0.9385350952160737,1.0,10.0,500
manufacturing,temperature_eps4.0,uniform,4.0,8,6,8.0,2,2,0.0,48.95978714039162,0.2447989357019581,0.9385350952160737,1.0,10.0,500
manufacturing,temperature_eps4.0,uniform,4.0,8,6,16.0,2,2,0.0,39.16782971231329,0.19583914856156645,0.9385350952160737,1.0,10.0,500
manufacturing,temperature_eps4.0,uniform,4.0,8,1,,2,4,0.0,39.16782971231329,0.19583914856156645,0.9385350952160737,1.0,10.0,500
manufacturing,temperature_eps4.0,uniform,4.0,8,1,4.0,2,4,0.0,97.91957428078324,0.4895978714039162,0.9490903643373501,1.0,10.0,500
manufacturing,temperature_eps4.0,uniform,4.0,8,1,8.0,2,4,0.0,48.95978714039162,0.2447989357019581,0.9385350952160737,1.0,10.0,500
manufacturing,temperature_eps4.0,uniform,4.0,8,1,16.0,2,4,0.0,39.16782971231329,0.19583914856156645,0.9385350952160737,1.0,10.0,500
manufacturing,temperature_eps4.0,uniform,4.0,8,2,,2,4,0.0,39.16782971231329,0.19583914856156645,0.9385350952160737,1.0,10.0,500
manufacturing,temperature_eps4.0,uniform,4.0,8,2,4.0,2,4,0.0,97.91957428078324,0.4895978714039162,0.9490903643373501,1.0,10.0,500
manufacturing,temperature_eps4.0,uniform,4.0,8,2,8.0,2,4,0.0,48.95978714039162,0.2447989357019581,0.9385350952160737,1.0,10.0,500
manufacturing,temperature_eps4.0,uniform,4.0,8,2,16.0,2,4,0.0,39.16782971231329,0.19583914856156645,0.9385350952160737,1.0,10.0,500
manufacturing,temperature_eps4.0,uniform,4.0,8,3,,2,4,0.0,39.16782971231329,0.19583914856156645,0.9385350952160737,1.0,10.0,500
manufacturing,temperature_eps4.0,uniform,4.0,8,3,4.0,2,4,0.0,97.91957428078324,0.4895978714039162,0.9490903643373501,1.0,10.0,500
manufacturing,temperature_eps4.0,uniform,4.0,8,3,8.0,2,4,0.0,48.95978714039162,0.2447989357019581,0.9385350952160737,1.0,10.0,500
manufacturing,temperature_eps4.0,uniform,4.0,8,3,16.0,2,4,0.0,39.16782971231329,0.19583914856156645,0.9385350952160737,1.0,10.0,500
manufacturing,temperature_eps4.0,uniform,4.0,8,4,,2,4,0.0,39.16782971231329,0.19583914856156645,0.9385350952160737,1.0,10.0,500
manufacturing,temperature_eps4.0,uniform,4.0,8,4,4.0,2,4,0.0,97.91957428078324,0.4895978714039162,0.9490903643373501,1.0,10.0,500
manufacturing,temperature_eps4.0,uniform,4.0,8,4,8.0,2,4,0.0,48.95978714039162,0.2447989357019581,0.9385350952160737,1.0,10.0,500
manufacturing,temperature_eps4.0,uniform,4.0,8,4,16.0,2,4,0.0,39.16782971231329,0.19583914856156645,0.9385350952160737,1.0,10.0,500
manufacturing,temperature_eps4.0,uniform,4.0,8,6,,2,4,0.0,39.16782971231329,0.19583914856156645,0.9385350952160737,1.0,10.0,500
manufacturing,temperature_eps4.0,uniform,4.0,8,6,8.0,2,4,0.0,48.95978714039162,0.2447989357019581,0.9385350952160737,1.0,10.0,500
manufacturing,temperature_eps4.0,uniform,4.0,8,6,16.0,2,4,0.0,39.16782971231329,0.19583914856156645,0.9385350952160737,1.0,10.0,500
manufacturing,temperature_eps4.0,uniform,4.0,8,1,,4,0,0.0,41.23466912419068,0.2061733456209534,0.6932019709654147,1.0,10.0,250
manufacturing,temperature_eps4.0,uniform,4.0,8,1,4.0,4,0,0.0,103.08667281047671,0.5154333640523836,0.6932019709654147,1.0,10.0,250
manufacturing,temperature_eps4.0,uniform,4.0,8,1,8.0,4,0,0.0,51.54333640523836,0.2577166820261918,0.6932019709654147,1.0,10.0,250
manufacturing,temperature_eps4.0,uniform,4.0,8,1,16.0,4,0,0.0,41.23466912419068,0.2061733456209534,0.6932019709654147,1.0,10.0,250
manufacturing,temperature_eps4.0,uniform,4.0,8,2,,4,0,0.0,41.23466912419068,0.2061733456209534,0.6932019709654147,1.0,10.0,250
manufacturing,temperature_eps4.0,uniform,4.0,8,2,4.0,4,0,0.0,103.08667281047671,0.5154333640523836,0.6932019709654147,1.0,10.0,250
manufacturing,temperature_eps4.0,uniform,4.0,8,2,8.0,4,0,0.0,51.54333640523836,0.2577166820261918,0.6932019709654147,1.0,10.0,250
manufacturing,temperature_eps4.0,uniform,4.0,8,2,16.0,4,0,0.0,41.23466912419068,0.2061733456209534,0.6932019709654147,1.0,10.0,250
manufacturing,temperature_eps4.0,uniform,4.0,8,3,,4,0,0.0,41.23466912419068,0.2061733456209534,0.6932019709654147,1.0,10.0,250
manufacturing,temperature_eps4.0,uniform,4.0,8,3,4.0,4,0,0.0,103.08667281047671,0.5154333640523836,0.6932019709654147,1.0,10.0,250
manufacturing,temperature_eps4.0,uniform,4.0,8,3,8.0,4,0,0.0,51.54333640523836,0.2577166820261918,0.6932019709654147,1.0,10.0,250
manufacturing,temperature_eps4.0,uniform,4.0,8,3,16.0,4,0,0.0,41.23466912419068,0.2061733456209534,0.6932019709654147,1.0,10.0,250
manufacturing,temperature_eps4.0,uniform,4.0,8,4,,4,0,0.0,41.23466912419068,0.2061733456209534,0.6932019709654147,1.0,10.0,250
manufacturing,temperature_eps4.0,uniform,4.0,8,4,4.0,4,0,0.0,103.08667281047671,0.5154333640523836,0.6932019709654147,1.0,10.0,250
manufacturing,temperature_eps4.0,uniform,4.0,8,4,8.0,4,0,0.0,51.54333640523836,0.2577166820261918,0.6932019709654147,1.0,10.0,250
manufacturing,temperature_eps4.0,uniform,4.0,8,4,16.0,4,0,0.0,41.23466912419068,0.2061733456209534,0.6932019709654147,1.0,10.0,250
manufacturing,temperature_eps4.0,uniform,4.0,8,6,,4,0,0.0,41.23466912419068,0.2061733456209534,0.6932019709654147,1.0,10.0,250
manufacturing,temperature_eps4.0,uniform,4.0,8,6,8.0,4,0,0.0,51.54333640523836,0.2577166820261918,0.6932019709654147,1.0,10.0,250
manufacturing,temperature_eps4.0,uniform,4.0,8,6,16.0,4,0,0.0,41.23466912419068,0.2061733456209534,0.6932019709654147,1.0,10.0,250
manufacturing,temperature_eps4.0,uniform,4.0,8,1,,4,2,0.0,41.23466912419068,0.2061733456209534,0.6932019709654147,1.0,10.0,250
manufacturing,temperature_eps4.0,uniform,4.0,8,1,4.0,4,2,0.0,103.08667281047671,0.5154333640523836,0.6932019709654147,1.0,10.0,250
manufacturing,temperature_eps4.0,uniform,4.0,8,1,8.0,4,2,0.0,51.54333640523836,0.2577166820261918,0.6932019709654147,1.0,10.0,250
manufacturing,temperature_eps4.0,uniform,4.0,8,1,16.0,4,2,0.0,41.23466912419068,0.2061733456209534,0.6932019709654147,1.0,10.0,250
manufacturing,temperature_eps4.0,uniform,4.0,8,2,,4,2,0.0,41.23466912419068,0.2061733456209534,0.6932019709654147,1.0,10.0,250
manufacturing,temperature_eps4.0,uniform,4.0,8,2,4.0,4,2,0.0,103.08667281047671,0.5154333640523836,0.6932019709654147,1.0,10.0,250
manufacturing,temperature_eps4.0,uniform,4.0,8,2,8.0,4,2,0.0,51.54333640523836,0.2577166820261918,0.6932019709654147,1.0,10.0,250
manufacturing,temperature_eps4.0,uniform,4.0,8,2,16.0,4,2,0.0,41.23466912419068,0.2061733456209534,0.6932019709654147,1.0,10.0,250
manufacturing,temperature_eps4.0,uniform,4.0,8,3,,4,2,0.0,41.23466912419068,0.2061733456209534,0.6932019709654147,1.0,10.0,250
manufacturing,temperature_eps4.0,uniform,4.0,8,3,4.0,4,2,0.0,103.08667281047671,0.5154333640523836,0.6932019709654147,1.0,10.0,250
manufacturing,temperature_eps4.0,uniform,4.0,8,3,8.0,4,2,0.0,51.54333640523836,0.2577166820261918,0.6932019709654147,1.0,10.0,250
manufacturing,temperature_eps4.0,uniform,4.0,8,3,16.0,4,2,0.0,41.23466912419068,0.2061733456209534,0.6932019709654147,1.0,10.0,250
manufacturing,temperature_eps4.0,uniform,4.0,8,4,,4,2,0.0,41.23466912419068,0.2061733456209534,0.6932019709654147,1.0,10.0,250
manufacturing,temperature_eps4.0,uniform,4.0,8,4,4.0,4,2,0.0,103.08667281047671,0.5154333640523836,0.6932019709654147,1.0,10.0,250
manufacturing,temperature_eps4.0,uniform,4.0,8,4,8.0,4,2,0.0,51.54333640523836,0.2577166820261918,0.6932019709654147,1.0,10.0,250
manufacturing,temperature_eps4.0,uniform,4.0,8,4,16.0,4,2,0.0,41.23466912419068,0.2061733456209534,0.6932019709654147,1.0,10.0,250
manufacturing,temperature_eps4.0,uniform,4.0,8,6,,4,2,0.0,41.23466912419068,0.2061733456209534,0.6932019709654147,1.0,10.0,250
manufacturing,temperature_eps4.0,uniform,4.0,8,6,8.0,4,2,0.0,51.54333640523836,0.2577166820261918,0.6932019709654147,1.0,10.0,250
manufacturing,temperature_eps4.0,uniform,4.0,8,6,16.0,4,2,0.0,41.23466912419068,0.2061733456209534,0.6932019709654147,1.0,10.0,250
manufacturing,temperature_eps4.0,uniform,4.0,8,1,,4,4,0.0,41.23466912419068,0.2061733456209534,0.6932019709654147,1.0,10.0,250
manufacturing,temperature_eps4.0,uniform,4.0,8,1,4.0,4,4,0.0,103.08667281047671,0.5154333640523836,0.6932019709654147,1.0,10.0,250
manufacturing,temperature_eps4.0,uniform,4.0,8,1,8.0,4,4,0.0,51.54333640523836,0.2577166820261918,0.6932019709654147,1.0,10.0,250
manufacturing,temperature_eps4.0,uniform,4.0,8,1,16.0,4,4,0.0,41.23466912419068,0.2061733456209534,0.6932019709654147,1.0,10.0,250
manufacturing,temperature_eps4.0,uniform,4.0,8,2,,4,4,0.0,41.23466912419068,0.2061733456209534,0.6932019709654147,1.0,10.0,250
manufacturing,temperature_eps4.0,uniform,4.0,8,2,4.0,4,4,0.0,103.08667281047671,0.5154333640523836,0.6932019709654147,1.0,10.0,250
manufacturing,temperature_eps4.0,uniform,4.0,8,2,8.0,4,4,0.0,51.54333640523836,0.2577166820261918,0.6932019709654147,1.0,10.0,250
manufacturing,temperature_eps4.0,uniform,4.0,8,2,16.0,4,4,0.0,41.23466912419068,0.2061733456209534,0.6932019709654147,1.0,10.0,250
manufacturing,temperature_eps4.0,uniform,4.0,8,3,,4,4,0.0,41.23466912419068,0.2061733456209534,0.6932019709654147,1.0,10.0,250
manufacturing,temperature_eps4.0,uniform,4.0,8,3,4.0,4,4,0.0,103.08667281047671,0.5154333640523836,0.6932019709654147,1.0,10.0,250
manufacturing,temperature_eps4.0,uniform,4.0,8,3,8.0,4,4,0.0,51.54333640523836,0.2577166820261918,0.6932019709654147,1.0,10.0,250
manufacturing,temperature_eps4.0,uniform,4.0,8,3,16.0,4,4,0.0,41.23466912419068,0.2061733456209534,0.6932019709654147,1.0,10.0,250
manufacturing,temperature_eps4.0,uniform,4.0,8,4,,4,4,0.0,41.23466912419068,0.2061733456209534,0.6932019709654147,1.0,10.0,250
manufacturing,temperature_eps4.0,uniform,4.0,8,4,4.0,4,4,0.0,103.08667281047671,0.5154333640523836,0.6932019709654147,1.0,10.0,250
manufacturing,temperature_eps4.0,uniform,4.0,8,4,8.0,4,4,0.0,51.54333640523836,0.2577166820261918,0.6932019709654147,1.0,10.0,250
manufacturing,temperature_eps4.0,uniform,4.0,8,4,16.0,4,4,0.0,41.23466912419068,0.2061733456209534,0.6932019709654147,1.0,10.0,250
manufacturing,temperature_eps4.0,uniform,4.0,8,6,,4,4,0.0,41.23466912419068,0.2061733456209534,0.6932019709654147,1.0,10.0,250
manufacturing,temperature_eps4.0,uniform,4.0,8,6,8.0,4,4,0.0,51.54333640523836,0.2577166820261918,0.6932019709654147,1.0,10.0,250
manufacturing,temperature_eps4.0,uniform,4.0,8,6,16.0,4,4,0.0,41.23466912419068,0.2061733456209534,0.6932019709654147,1.0,10.0,250
manufacturing,temperature_eps4.0,sample,4.0,8,1,,1,0,0.0,4.869143896378216,0.02434571948189108,0.5311015284351697,0.125,10.0,1000
manufacturing,temperature_eps4.0,sample,4.0,8,1,4.0,1,0,0.0,11.99104032507893,0.05995520162539465,0.9903539316601973,0.125,10.0,1000
manufacturing,temperature_eps4.0,sample,4.0,8,1,8.0,1,0,0.0,6.051109519739157,0.030255547598695785,0.6217567175002656,0.125,10.0,1000
manufacturing,temperature_eps4.0,sample,4.0,8,1,16.0,1,0,0.0,4.869143896378216,0.02434571948189108,0.5311015284351697,0.125,10.0,1000
manufacturing,temperature_eps4.0,sample,4.0,8,2,,1,0,0.0,4.869143896378216,0.02434571948189108,0.5311015284351697,0.125,10.0,1000
manufacturing,temperature_eps4.0,sample,4.0,8,2,4.0,1,0,0.0,11.99104032507893,0.05995520162539465,0.9903539316601973,0.125,10.0,1000
manufacturing,temperature_eps4.0,sample,4.0,8,2,8.0,1,0,0.0,6.051109519739157,0.030255547598695785,0.6217567175002656,0.125,10.0,1000
manufacturing,temperature_eps4.0,sample,4.0,8,2,16.0,1,0,0.0,4.869143896378216,0.02434571948189108,0.5311015284351697,0.125,10.0,1000
manufacturing,temperature_eps4.0,sample,4.0,8,3,,1,0,0.0,4.869143896378216,0.02434571948189108,0.5311015284351697,0.125,10.0,1000
manufacturing,temperature_eps4.0,sample,4.0,8,3,4.0,1,0,0.0,11.99104032507893,0.05995520162539465,0.9903539316601973,0.125,10.0,1000
manufacturing,temperature_eps4.0,sample,4.0,8,3,8.0,1,0,0.0,6.051109519739157,0.030255547598695785,0.6217567175002656,0.125,10.0,1000
manufacturing,temperature_eps4.0,sample,4.0,8,3,16.0,1,0,0.0,4.869143896378216,0.02434571948189108,0.5311015284351697,0.125,10.0,1000
manufacturing,temperature_eps4.0,sample,4.0,8,4,,1,0,0.0,4.869143896378216,0.02434571948189108,0.5311015284351697,0.125,10.0,1000
manufacturing,temperature_eps4.0,sample,4.0,8,4,4.0,1,0,0.0,11.99104032507893,0.05995520162539465,0.9903539316601973,0.125,10.0,1000
manufacturing,temperature_eps4.0,sample,4.0,8,4,8.0,1,0,0.0,6.051109519739157,0.030255547598695785,0.6217567175002656,0.125,10.0,1000
manufacturing,temperature_eps4.0,sample,4.0,8,4,16.0,1,0,0.0,4.869143896378216,0.02434571948189108,0.5311015284351697,0.125,10.0,1000
manufacturing,temperature_eps4.0,sample,4.0,8,6,,1,0,0.0,4.869143896378216,0.02434571948189108,0.5311015284351697,0.125,10.0,1000
manufacturing,temperature_eps4.0,sample,4.0,8,6,8.0,1,0,0.0,6.051109519739157,0.030255547598695785,0.6217567175002656,0.125,10.0,1000
manufacturing,temperature_eps4.0,sample,4.0,8,6,16.0,1,0,0.0,4.869143896378216,0.02434571948189108,0.5311015284351697,0.125,10.0,1000
manufacturing,temperature_eps4.0,sample,4.0,8,1,,1,2,0.0,4.869143896378216,0.02434571948189108,0.5311015284351697,0.125,10.0,1000
manufacturing,temperature_eps4.0,sample,4.0,8,1,4.0,1,2,0.0,11.99104032507893,0.05995520162539465,0.9903539316601973,0.125,10.0,1000
manufacturing,temperature_eps4.0,sample,4.0,8,1,8.0,1,2,0.0,6.051109519739157,0.030255547598695785,0.6217567175002656,0.125,10.0,1000
manufacturing,temperature_eps4.0,sample,4.0,8,1,16.0,1,2,0.0,4.869143896378216,0.02434571948189108,0.5311015284351697,0.125,10.0,1000
manufacturing,temperature_eps4.0,sample,4.0,8,2,,1,2,0.0,4.869143896378216,0.02434571948189108,0.5311015284351697,0.125,10.0,1000
manufacturing,temperature_eps4.0,sample,4.0,8,2,4.0,1,2,0.0,11.99104032507893,0.05995520162539465,0.9903539316601973,0.125,10.0,1000
manufacturing,temperature_eps4.0,sample,4.0,8,2,8.0,1,2,0.0,6.051109519739157,0.030255547598695785,0.6217567175002656,0.125,10.0,1000
manufacturing,temperature_eps4.0,sample,4.0,8,2,16.0,1,2,0.0,4.869143896378216,0.02434571948189108,0.5311015284351697,0.125,10.0,1000
manufacturing,temperature_eps4.0,sample,4.0,8,3,,1,2,0.0,4.869143896378216,0.02434571948189108,0.5311015284351697,0.125,10.0,1000
manufacturing,temperature_eps4.0,sample,4.0,8,3,4.0,1,2,0.0,11.99104032507893,0.05995520162539465,0.9903539316601973,0.125,10.0,1000
manufacturing,temperature_eps4.0,sample,4.0,8,3,8.0,1,2,0.0,6.051109519739157,0.030255547598695785,0.6217567175002656,0.125,10.0,1000
manufacturing,temperature_eps4.0,sample,4.0,8,3,16.0,1,2,0.0,4.869143896378216,0.02434571948189108,0.5311015284351697,0.125,10.0,1000
manufacturing,temperature_eps4.0,sample,4.0,8,4,,1,2,0.0,4.869143896378216,0.02434571948189108,0.5311015284351697,0.125,10.0,1000
manufacturing,temperature_eps4.0,sample,4.0,8,4,4.0,1,2,0.0,11.99104032507893,0.05995520162539465,0.9903539316601973,0.125,10.0,1000
manufacturing,temperature_eps4.0,sample,4.0,8,4,8.0,1,2,0.0,6.051109519739157,0.030255547598695785,0.6217567175002656,0.125,10.0,1000
manufacturing,temperature_eps4.0,sample,4.0,8,4,16.0,1,2,0.0,4.869143896378216,0.02434571948189108,0.5311015284351697,0.125,10.0,1000
manufacturing,temperature_eps4.0,sample,4.0,8,6,,1,2,0.0,4.869143896378216,0.02434571948189108,0.5311015284351697,0.125,10.0,1000
manufacturing,temperature_eps4.0,sample,4.0,8,6,8.0,1,2,0.0,6.051109519739157,0.030255547598695785,0.6217567175002656,0.125,10.0,1000
manufacturing,temperature_eps4.0,sample,4.0,8,6,16.0,1,2,0.0,4.869143896378216,0.02434571948189108,0.5311015284351697,0.125,10.0,1000
manufacturing,temperature_eps4.0,sample,4.0,8,1,,1,4,0.0,4.869143896378216,0.02434571948189108,0.5311015284351697,0.125,10.0,1000
manufacturing,temperature_eps4.0,sample,4.0,8,1,4.0,1,4,0.0,11.99104032507893,0.05995520162539465,0.9903539316601973,0.125,10.0,1000
manufacturing,temperature_eps4.0,sample,4.0,8,1,8.0,1,4,0.0,6.051109519739157,0.030255547598695785,0.6217567175002656,0.125,10.0,1000
manufacturing,temperature_eps4.0,sample,4.0,8,1,16.0,1,4,0.0,4.869143896378216,0.02434571948189108,0.5311015284351697,0.125,10.0,1000
manufacturing,temperature_eps4.0,sample,4.0,8,2,,1,4,0.0,4.869143896378216,0.02434571948189108,0.5311015284351697,0.125,10.0,1000
manufacturing,temperature_eps4.0,sample,4.0,8,2,4.0,1,4,0.0,11.99104032507893,0.05995520162539465,0.9903539316601973,0.125,10.0,1000
manufacturing,temperature_eps4.0,sample,4.0,8,2,8.0,1,4,0.0,6.051109519739157,0.030255547598695785,0.6217567175002656,0.125,10.0,1000
manufacturing,temperature_eps4.0,sample,4.0,8,2,16.0,1,4,0.0,4.869143896378216,0.02434571948189108,0.5311015284351697,0.125,10.0,1000
manufacturing,temperature_eps4.0,sample,4.0,8,3,,1,4,0.0,4.869143896378216,0.02434571948189108,0.5311015284351697,0.125,10.0,1000
manufacturing,temperature_eps4.0,sample,4.0,8,3,4.0,1,4,0.0,11.99104032507893,0.05995520162539465,0.9903539316601973,0.125,10.0,1000
manufacturing,temperature_eps4.0,sample,4.0,8,3,8.0,1,4,0.0,6.051109519739157,0.030255547598695785,0.6217567175002656,0.125,10.0,1000
manufacturing,temperature_eps4.0,sample,4.0,8,3,16.0,1,4,0.0,4.869143896378216,0.02434571948189108,0.5311015284351697,0.125,10.0,1000
manufacturing,temperature_eps4.0,sample,4.0,8,4,,1,4,0.0,4.869143896378216,0.02434571948189108,0.5311015284351697,0.125,10.0,1000
manufacturing,temperature_eps4.0,sample,4.0,8,4,4.0,1,4,0.0,11.99104032507893,0.05995520162539465,0.9903539316601973,0.125,10.0,1000
manufacturing,temperature_eps4.0,sample,4.0,8,4,8.0,1,4,0.0,6.051109519739157,0.030255547598695785,0.6217567175002656,0.125,10.0,1000
manufacturing,temperature_eps4.0,sample,4.0,8,4,16.0,1,4,0.0,4.869143896378216,0.02434571948189108,0.5311015284351697,0.125,10.0,1000
manufacturing,temperature_eps4.0,sample,4.0,8,6,,1,4,0.0,4.869143896378216,0.02434571948189108,0.5311015284351697,0.125,10.0,1000
manufacturing,temperature_eps4.0,sample,4.0,8,6,8.0,1,4,0.0,6.051109519739157,0.030255547598695785,0.6217567175002656,0.125,10.0,1000
manufacturing,temperature_eps4.0,sample,4.0,8,6,16.0,1,4,0.0,4.869143896378216,0.02434571948189108,0.5311015284351697,0.125,10.0,1000
manufacturing,temperature_eps4.0,sample,4.0,8,1,,2,0,0.0,4.45060426331326,0.022253021316566302,0.8318737425108716,0.126,10.0,500
manufacturing,temperature_eps4.0,sample,4.0,8,1,4.0,2,0,0.0,11.069071826256739,0.055345359131283696,1.1138195063240306,0.126,10.0,500
manufacturing,temperature_eps4.0,sample,4.0,8,1,8.0,2,0,0.0,5.552347265759954,0.027761736328799767,0.9487893226586951,0.126,10.0,500
manufacturing,temperature_eps4.0,sample,4.0,8,1,16.0,2,0,0.0,4.45060426331326,0.022253021316566302,0.8318737425108716,0.126,10.0,500
manufacturing,temperature_eps4.0,sample,4.0,8,2,,2,0,0.0,4.45060426331326,0.022253021316566302,0.8318737425108716,0.126,10.0,500
manufacturing,temperature_eps4.0,sample,4.0,8,2,4.0,2,0,0.0,11.069071826256739,0.055345359131283696,1.1138195063240306,0.126,10.0,500
manufacturing,temperature_eps4.0,sample,4.0,8,2,8.0,2,0,0.0,5.552347265759954,0.027761736328799767,0.9487893226586951,0.126,10.0,500
manufacturing,temperature_eps4.0,sample,4.0,8,2,16.0,2,0,0.0,4.45060426331326,0.022253021316566302,0.8318737425108716,0.126,10.0,500
manufacturing,temperature_eps4.0,sample,4.0,8,3,,2,0,0.0,4.45060426331326,0.022253021316566302,0.8318737425108716,0.126,10.0,500
manufacturing,temperature_eps4.0,sample,4.0,8,3,4.0,2,0,0.0,11.069071826256739,0.055345359131283696,1.1138195063240306,0.126,10.0,500
manufacturing,temperature_eps4.0,sample,4.0,8,3,8.0,2,0,0.0,5.552347265759954,0.027761736328799767,0.9487893226586951,0.126,10.0,500
manufacturing,temperature_eps4.0,sample,4.0,8,3,16.0,2,0,0.0,4.45060426331326,0.022253021316566302,0.8318737425108716,0.126,10.0,500
manufacturing,temperature_eps4.0,sample,4.0,8,4,,2,0,0.0,4.45060426331326,0.022253021316566302,0.8318737425108716,0.126,10.0,500
manufacturing,temperature_eps4.0,sample,4.0,8,4,4.0,2,0,0.0,11.069071826256739,0.055345359131283696,1.1138195063240306,0.126,10.0,500
manufacturing,temperature_eps4.0,sample,4.0,8,4,8.0,2,0,0.0,5.552347265759954,0.027761736328799767,0.9487893226586951,0.126,10.0,500
manufacturing,temperature_eps4.0,sample,4.0,8,4,16.0,2,0,0.0,4.45060426331326,0.022253021316566302,0.8318737425108716,0.126,10.0,500
manufacturing,temperature_eps4.0,sample,4.0,8,6,,2,0,0.0,4.45060426331326,0.022253021316566302,0.8318737425108716,0.126,10.0,500
manufacturing,temperature_eps4.0,sample,4.0,8,6,8.0,2,0,0.0,5.552347265759954,0.027761736328799767,0.9487893226586951,0.126,10.0,500
manufacturing,temperature_eps4.0,sample,4.0,8,6,16.0,2,0,0.0,4.45060426331326,0.022253021316566302,0.8318737425108716,0.126,10.0,500
manufacturing,temperature_eps4.0,sample,4.0,8,1,,2,2,0.0,4.45060426331326,0.022253021316566302,0.8318737425108716,0.126,10.0,500
manufacturing,temperature_eps4.0,sample,4.0,8,1,4.0,2,2,0.0,11.069071826256739,0.055345359131283696,1.1138195063240306,0.126,10.0,500
manufacturing,temperature_eps4.0,sample,4.0,8,1,8.0,2,2,0.0,5.552347265759954,0.027761736328799767,0.9487893226586951,0.126,10.0,500
manufacturing,temperature_eps4.0,sample,4.0,8,1,16.0,2,2,0.0,4.45060426331326,0.022253021316566302,0.8318737425108716,0.126,10.0,500
manufacturing,temperature_eps4.0,sample,4.0,8,2,,2,2,0.0,4.45060426331326,0.022253021316566302,0.8318737425108716,0.126,10.0,500
manufacturing,temperature_eps4.0,sample,4.0,8,2,4.0,2,2,0.0,11.069071826256739,0.055345359131283696,1.1138195063240306,0.126,10.0,500
manufacturing,temperature_eps4.0,sample,4.0,8,2,8.0,2,2,0.0,5.552347265759954,0.027761736328799767,0.9487893226586951,0.126,10.0,500
manufacturing,temperature_eps4.0,sample,4.0,8,2,16.0,2,2,0.0,4.45060426331326,0.022253021316566302,0.8318737425108716,0.126,10.0,500
manufacturing,temperature_eps4.0,sample,4.0,8,3,,2,2,0.0,4.45060426331326,0.022253021316566302,0.8318737425108716,0.126,10.0,500
manufacturing,temperature_eps4.0,sample,4.0,8,3,4.0,2,2,0.0,11.069071826256739,0.055345359131283696,1.1138195063240306,0.126,10.0,500
manufacturing,temperature_eps4.0,sample,4.0,8,3,8.0,2,2,0.0,5.552347265759954,0.027761736328799767,0.9487893226586951,0.126,10.0,500
manufacturing,temperature_eps4.0,sample,4.0,8,3,16.0,2,2,0.0,4.45060426331326,0.022253021316566302,0.8318737425108716,0.126,10.0,500
manufacturing,temperature_eps4.0,sample,4.0,8,4,,2,2,0.0,4.45060426331326,0.022253021316566302,0.8318737425108716,0.126,10.0,500
manufacturing,temperature_eps4.0,sample,4.0,8,4,4.0,2,2,0.0,11.069071826256739,0.055345359131283696,1.1138195063240306,0.126,10.0,500
manufacturing,temperature_eps4.0,sample,4.0,8,4,8.0,2,2,0.0,5.552347265759954,0.027761736328799767,0.9487893226586951,0.126,10.0,500
manufacturing,temperature_eps4.0,sample,4.0,8,4,16.0,2,2,0.0,4.45060426331326,0.022253021316566302,0.8318737425108716,0.126,10.0,500
manufacturing,temperature_eps4.0,sample,4.0,8,6,,2,2,0.0,4.45060426331326,0.022253021316566302,0.8318737425108716,0.126,10.0,500
manufacturing,temperature_eps4.0,sample,4.0,8,6,8.0,2,2,0.0,5.552347265759954,0.027761736328799767,0.9487893226586951,0.126,10.0,500
manufacturing,temperature_eps4.0,sample,4.0,8,6,16.0,2,2,0.0,4.45060426331326,0.022253021316566302,0.8318737425108716,0.126,10.0,500
manufacturing,temperature_eps4.0,sample,4.0,8,1,,2,4,0.0,4.45060426331326,0.022253021316566302,0.8318737425108716,0.126,10.0,500
manufacturing,temperature_eps4.0,sample,4.0,8,1,4.0,2,4,0.0,11.069071826256739,0.055345359131283696,1.1138195063240306,0.126,10.0,500
manufacturing,temperature_eps4.0,sample,4.0,8,1,8.0,2,4,0.0,5.552347265759954,0.027761736328799767,0.9487893226586951,0.126,10.0,500
manufacturing,temperature_eps4.0,sample,4.0,8,1,16.0,2,4,0.0,4.45060426331326,0.022253021316566302,0.8318737425108716,0.126,10.0,500
manufacturing,temperature_eps4.0,sample,4.0,8,2,,2,4,0.0,4.45060426331326,0.022253021316566302,0.8318737425108716,0.126,10.0,500
manufacturing,temperature_eps4.0,sample,4.0,8,2,4.0,2,4,0.0,11.069071826256739,0.055345359131283696,1.1138195063240306,0.126,10.0,500
manufacturing,temperature_eps4.0,sample,4.0,8,2,8.0,2,4,0.0,5.552347265759954,0.027761736328799767,0.9487893226586951,0.126,10.0,500
manufacturing,temperature_eps4.0,sample,4.0,8,2,16.0,2,4,0.0,4.45060426331326,0.022253021316566302,0.8318737425108716,0.126,10.0,500
manufacturing,temperature_eps4.0,sample,4.0,8,3,,2,4,0.0,4.45060426331326,0.022253021316566302,0.8318737425108716,0.126,10.0,500
manufacturing,temperature_eps4.0,sample,4.0,8,3,4.0,2,4,0.0,11.069071826256739,0.055345359131283696,1.1138195063240306,0.126,10.0,500
manufacturing,temperature_eps4.0,sample,4.0,8,3,8.0,2,4,0.0,5.552347265759954,0.027761736328799767,0.9487893226586951,0.126,10.0,500
manufacturing,temperature_eps4.0,sample,4.0,8,3,16.0,2,4,0.0,4.45060426331326,0.022253021316566302,0.8318737425108716,0.126,10.0,500
manufacturing,temperature_eps4.0,sample,4.0,8,4,,2,4,0.0,4.45060426331326,0.022253021316566302,0.8318737425108716,0.126,10.0,500
manufacturing,temperature_eps4.0,sample,4.0,8,4,4.0,2,4,0.0,11.069071826256739,0.055345359131283696,1.1138195063240306,0.126,10.0,500
manufacturing,temperature_eps4.0,sample,4.0,8,4,8.0,2,4,0.0,5.552347265759954,0.027761736328799767,0.9487893226586951,0.126,10.0,500
manufacturing,temperature_eps4.0,sample,4.0,8,4,16.0,2,4,0.0,4.45060426331326,0.022253021316566302,0.8318737425108716,0.126,10.0,500
manufacturing,temperature_eps4.0,sample,4.0,8,6,,2,4,0.0,4.45060426331326,0.022253021316566302,0.8318737425108716,0.126,10.0,500
manufacturing,temperature_eps4.0,sample,4.0,8,6,8.0,2,4,0.0,5.552347265759954,0.027761736328799767,0.9487893226586951,0.126,10.0,500
manufacturing,temperature_eps4.0,sample,4.0,8,6,16.0,2,4,0.0,4.45060426331326,0.022253021316566302,0.8318737425108716,0.126,10.0,500
manufacturing,temperature_eps4.0,sample,4.0,8,1,,4,0,0.0,4.10487336326023,0.02052436681630115,0.8908296005997581,0.128,10.0,250
manufacturing,temperature_eps4.0,sample,4.0,8,1,4.0,4,0,0.0,10.18854665954641,0.050942733297732044,0.8908296005997581,0.128,10.0,250
manufacturing,temperature_eps4.0,sample,4.0,8,1,8.0,4,0,0.0,5.116324454075289,0.025581622270376445,0.8908296005997581,0.128,10.0,250
manufacturing,temperature_eps4.0,sample,4.0,8,1,16.0,4,0,0.0,4.10487336326023,0.02052436681630115,0.8908296005997581,0.128,10.0,250
manufacturing,temperature_eps4.0,sample,4.0,8,2,,4,0,0.0,4.10487336326023,0.02052436681630115,0.8908296005997581,0.128,10.0,250
manufacturing,temperature_eps4.0,sample,4.0,8,2,4.0,4,0,0.0,10.18854665954641,0.050942733297732044,0.8908296005997581,0.128,10.0,250
manufacturing,temperature_eps4.0,sample,4.0,8,2,8.0,4,0,0.0,5.116324454075289,0.025581622270376445,0.8908296005997581,0.128,10.0,250
manufacturing,temperature_eps4.0,sample,4.0,8,2,16.0,4,0,0.0,4.10487336326023,0.02052436681630115,0.8908296005997581,0.128,10.0,250
manufacturing,temperature_eps4.0,sample,4.0,8,3,,4,0,0.0,4.10487336326023,0.02052436681630115,0.8908296005997581,0.128,10.0,250
manufacturing,temperature_eps4.0,sample,4.0,8,3,4.0,4,0,0.0,10.18854665954641,0.050942733297732044,0.8908296005997581,0.128,10.0,250
manufacturing,temperature_eps4.0,sample,4.0,8,3,8.0,4,0,0.0,5.116324454075289,0.025581622270376445,0.8908296005997581,0.128,10.0,250
manufacturing,temperature_eps4.0,sample,4.0,8,3,16.0,4,0,0.0,4.10487336326023,0.02052436681630115,0.8908296005997581,0.128,10.0,250
manufacturing,temperature_eps4.0,sample,4.0,8,4,,4,0,0.0,4.10487336326023,0.02052436681630115,0.8908296005997581,0.128,10.0,250
manufacturing,temperature_eps4.0,sample,4.0,8,4,4.0,4,0,0.0,10.18854665954641,0.050942733297732044,0.8908296005997581,0.128,10.0,250
manufacturing,temperature_eps4.0,sample,4.0,8,4,8.0,4,0,0.0,5.116324454075289,0.025581622270376445,0.8908296005997581,0.128,10.0,250
manufacturing,temperature_eps4.0,sample,4.0,8,4,16.0,4,0,0.0,4.10487336326023,0.02052436681630115,0.8908296005997581,0.128,10.0,250
manufacturing,temperature_eps4.0,sample,4.0,8,6,,4,0,0.0,4.10487336326023,0.02052436681630115,0.8908296005997581,0.128,10.0,250
manufacturing,temperature_eps4.0,sample,4.0,8,6,8.0,4,0,0.0,5.116324454075289,0.025581622270376445,0.8908296005997581,0.128,10.0,250
manufacturing,temperature_eps4.0,sample,4.0,8,6,16.0,4,0,0.0,4.10487336326023,0.02052436681630115,0.8908296005997581,0.128,10.0,250
manufacturing,temperature_eps4.0,sample,4.0,8,1,,4,2,0.0,4.10487336326023,0.02052436681630115,0.8908296005997581,0.128,10.0,250
manufacturing,temperature_eps4.0,sample,4.0,8,1,4.0,4,2,0.0,10.18854665954641,0.050942733297732044,0.8908296005997581,0.128,10.0,250
manufacturing,temperature_eps4.0,sample,4.0,8,1,8.0,4,2,0.0,5.116324454075289,0.025581622270376445,0.8908296005997581,0.128,10.0,250
manufacturing,temperature_eps4.0,sample,4.0,8,1,16.0,4,2,0.0,4.10487336326023,0.02052436681630115,0.8908296005997581,0.128,10.0,250
manufacturing,temperature_eps4.0,sample,4.0,8,2,,4,2,0.0,4.10487336326023,0.02052436681630115,0.8908296005997581,0.128,10.0,250
manufacturing,temperature_eps4.0,sample,4.0,8,2,4.0,4,2,0.0,10.18854665954641,0.050942733297732044,0.8908296005997581,0.128,10.0,250
manufacturing,temperature_eps4.0,sample,4.0,8,2,8.0,4,2,0.0,5.116324454075289,0.025581622270376445,0.8908296005997581,0.128,10.0,250
manufacturing,temperature_eps4.0,sample,4.0,8,2,16.0,4,2,0.0,4.10487336326023,0.02052436681630115,0.8908296005997581,0.128,10.0,250
manufacturing,temperature_eps4.0,sample,4.0,8,3,,4,2,0.0,4.10487336326023,0.02052436681630115,0.8908296005997581,0.128,10.0,250
manufacturing,temperature_eps4.0,sample,4.0,8,3,4.0,4,2,0.0,10.18854665954641,0.050942733297732044,0.8908296005997581,0.128,10.0,250
manufacturing,temperature_eps4.0,sample,4.0,8,3,8.0,4,2,0.0,5.116324454075289,0.025581622270376445,0.8908296005997581,0.128,10.0,250
manufacturing,temperature_eps4.0,sample,4.0,8,3,16.0,4,2,0.0,4.10487336326023,0.02052436681630115,0.8908296005997581,0.128,10.0,250
manufacturing,temperature_eps4.0,sample,4.0,8,4,,4,2,0.0,4.10487336326023,0.02052436681630115,0.8908296005997581,0.128,10.0,250
manufacturing,temperature_eps4.0,sample,4.0,8,4,4.0,4,2,0.0,10.18854665954641,0.050942733297732044,0.8908296005997581,0.128,10.0,250
manufacturing,temperature_eps4.0,sample,4.0,8,4,8.0,4,2,0.0,5.116324454075289,0.025581622270376445,0.8908296005997581,0.128,10.0,250
manufacturing,temperature_eps4.0,sample,4.0,8,4,16.0,4,2,0.0,4.10487336326023,0.02052436681630115,0.8908296005997581,0.128,10.0,250
manufacturing,temperature_eps4.0,sample,4.0,8,6,,4,2,0.0,4.10487336326023,0.02052436681630115,0.8908296005997581,0.128,10.0,250
manufacturing,temperature_eps4.0,sample,4.0,8,6,8.0,4,2,0.0,5.116324454075289,0.025581622270376445,0.8908296005997581,0.128,10.0,250
manufacturing,temperature_eps4.0,sample,4.0,8,6,16.0,4,2,0.0,4.10487336326023,0.02052436681630115,0.8908296005997581,0.128,10.0,250
manufacturing,temperature_eps4.0,sample,4.0,8,1,,4,4,0.0,4.10487336326023,0.02052436681630115,0.8908296005997581,0.128,10.0,250
manufacturing,temperature_eps4.0,sample,4.0,8,1,4.0,4,4,0.0,10.18854665954641,0.050942733297732044,0.8908296005997581,0.128,10.0,250
manufacturing,temperature_eps4.0,sample,4.0,8,1,8.0,4,4,0.0,5.116324454075289,0.025581622270376445,0.8908296005997581,0.128,10.0,250
manufacturing,temperature_eps4.0,sample,4.0,8,1,16.0,4,4,0.0,4.10487336326023,0.02052436681630115,0.8908296005997581,0.128,10.0,250
manufacturing,temperature_eps4.0,sample,4.0,8,2,,4,4,0.0,4.10487336326023,0.02052436681630115,0.8908296005997581,0.128,10.0,250
manufacturing,temperature_eps4.0,sample,4.0,8,2,4.0,4,4,0.0,10.18854665954641,0.050942733297732044,0.8908296005997581,0.128,10.0,250
manufacturing,temperature_eps4.0,sample,4.0,8,2,8.0,4,4,0.0,5.116324454075289,0.025581622270376445,0.8908296005997581,0.128,10.0,250
manufacturing,temperature_eps4.0,sample,4.0,8,2,16.0,4,4,0.0,4.10487336326023,0.02052436681630115,0.8908296005997581,0.128,10.0,250
manufacturing,temperature_eps4.0,sample,4.0,8,3,,4,4,0.0,4.10487336326023,0.02052436681630115,0.8908296005997581,0.128,10.0,250
manufacturing,temperature_eps4.0,sample,4.0,8,3,4.0,4,4,0.0,10.18854665954641,0.050942733297732044,0.8908296005997581,0.128,10.0,250
manufacturing,temperature_eps4.0,sample,4.0,8,3,8.0,4,4,0.0,5.116324454075289,0.025581622270376445,0.8908296005997581,0.128,10.0,250
manufacturing,temperature_eps4.0,sample,4.0,8,3,16.0,4,4,0.0,4.10487336326023,0.02052436681630115,0.8908296005997581,0.128,10.0,250
manufacturing,temperature_eps4.0,sample,4.0,8,4,,4,4,0.0,4.10487336326023,0.02052436681630115,0.8908296005997581,0.128,10.0,250
manufacturing,temperature_eps4.0,sample,4.0,8,4,4.0,4,4,0.0,10.18854665954641,0.050942733297732044,0.8908296005997581,0.128,10.0,250
manufacturing,temperature_eps4.0,sample,4.0,8,4,8.0,4,4,0.0,5.116324454075289,0.025581622270376445,0.8908296005997581,0.128,10.0,250
manufacturing,temperature_eps4.0,sample,4.0,8,4,16.0,4,4,0.0,4.10487336326023,0.02052436681630115,0.8908296005997581,0.128,10.0,250
manufacturing,temperature_eps4.0,sample,4.0,8,6,,4,4,0.0,4.10487336326023,0.02052436681630115,0.8908296005997581,0.128,10.0,250
manufacturing,temperature_eps4.0,sample,4.0,8,6,8.0,4,4,0.0,5.116324454075289,0.025581622270376445,0.8908296005997581,0.128,10.0,250
manufacturing,temperature_eps4.0,sample,4.0,8,6,16.0,4,4,0.0,4.10487336326023,0.02052436681630115,0.8908296005997581,0.128,10.0,250
manufacturing,temperature_eps4.0,budget_distribution,4.0,8,1,,1,0,0.0,53.42822418861916,0.26714112094309583,0.688164847620436,0.588,10.0,1000
manufacturing,temperature_eps4.0,budget_distribution,4.0,8,1,4.0,1,0,0.0,148.52559488985537,0.7426279744492769,0.24718665977509843,0.623,10.0,1000
manufacturing,temperature_eps4.0,budget_distribution,4.0,8,1,8.0,1,0,0.0,70.53304509938037,0.3526652254969019,0.41283664982044466,0.599,10.0,1000
manufacturing,temperature_eps4.0,budget_distribution,4.0,8,1,16.0,1,0,0.0,53.42822418861916,0.26714112094309583,0.688164847620436,0.588,10.0,1000
manufacturing,temperature_eps4.0,budget_distribution,4.0,8,2,,1,0,0.0,53.42822418861916,0.26714112094309583,0.688164847620436,0.588,10.0,1000
manufacturing,temperature_eps4.0,budget_distribution,4.0,8,2,4.0,1,0,0.0,148.52559488985537,0.7426279744492769,0.24718665977509843,0.623,10.0,1000
manufacturing,temperature_eps4.0,budget_distribution,4.0,8,2,8.0,1,0,0.0,70.53304509938037,0.3526652254969019,0.41283664982044466,0.599,10.0,1000
manufacturing,temperature_eps4.0,budget_distribution,4.0,8,2,16.0,1,0,0.0,53.42822418861916,0.26714112094309583,0.688164847620436,0.588,10.0,1000
manufacturing,temperature_eps4.0,budget_distribution,4.0,8,3,,1,0,0.0,53.42822418861916,0.26714112094309583,0.688164847620436,0.588,10.0,1000
manufacturing,temperature_eps4.0,budget_distribution,4.0,8,3,4.0,1,0,0.0,148.52559488985537,0.7426279744492769,0.24718665977509843,0.623,10.0,1000
manufacturing,temperature_eps4.0,budget_distribution,4.0,8,3,8.0,1,0,0.0,70.53304509938037,0.3526652254969019,0.41283664982044466,0.599,10.0,1000
manufacturing,temperature_eps4.0,budget_distribution,4.0,8,3,16.0,1,0,0.0,53.42822418861916,0.26714112094309583,0.688164847620436,0.588,10.0,1000
manufacturing,temperature_eps4.0,budget_distribution,4.0,8,4,,1,0,0.0,53.42822418861916,0.26714112094309583,0.688164847620436,0.588,10.0,1000
manufacturing,temperature_eps4.0,budget_distribution,4.0,8,4,4.0,1,0,0.0,148.52559488985537,0.7426279744492769,0.24718665977509843,0.623,10.0,1000
manufacturing,temperature_eps4.0,budget_distribution,4.0,8,4,8.0,1,0,0.0,70.53304509938037,0.3526652254969019,0.41283664982044466,0.599,10.0,1000
manufacturing,temperature_eps4.0,budget_distribution,4.0,8,4,16.0,1,0,0.0,53.42822418861916,0.26714112094309583,0.688164847620436,0.588,10.0,1000
manufacturing,temperature_eps4.0,budget_distribution,4.0,8,6,,1,0,0.0,53.42822418861916,0.26714112094309583,0.688164847620436,0.588,10.0,1000
manufacturing,temperature_eps4.0,budget_distribution,4.0,8,6,8.0,1,0,0.0,70.53304509938037,0.3526652254969019,0.41283664982044466,0.599,10.0,1000
manufacturing,temperature_eps4.0,budget_distribution,4.0,8,6,16.0,1,0,0.0,53.42822418861916,0.26714112094309583,0.688164847620436,0.588,10.0,1000
manufacturing,temperature_eps4.0,budget_distribution,4.0,8,1,,1,2,0.0,53.42822418861916,0.26714112094309583,0.688164847620436,0.588,10.0,1000
manufacturing,temperature_eps4.0,budget_distribution,4.0,8,1,4.0,1,2,0.0,148.52559488985537,0.7426279744492769,0.24718665977509843,0.623,10.0,1000
manufacturing,temperature_eps4.0,budget_distribution,4.0,8,1,8.0,1,2,0.0,70.53304509938037,0.3526652254969019,0.41283664982044466,0.599,10.0,1000
manufacturing,temperature_eps4.0,budget_distribution,4.0,8,1,16.0,1,2,0.0,53.42822418861916,0.26714112094309583,0.688164847620436,0.588,10.0,1000
manufacturing,temperature_eps4.0,budget_distribution,4.0,8,2,,1,2,0.0,53.42822418861916,0.26714112094309583,0.688164847620436,0.588,10.0,1000
manufacturing,temperature_eps4.0,budget_distribution,4.0,8,2,4.0,1,2,0.0,148.52559488985537,0.7426279744492769,0.24718665977509843,0.623,10.0,1000
manufacturing,temperature_eps4.0,budget_distribution,4.0,8,2,8.0,1,2,0.0,70.53304509938037,0.3526652254969019,0.41283664982044466,0.599,10.0,1000
manufacturing,temperature_eps4.0,budget_distribution,4.0,8,2,16.0,1,2,0.0,53.42822418861916,0.26714112094309583,0.688164847620436,0.588,10.0,1000
manufacturing,temperature_eps4.0,budget_distribution,4.0,8,3,,1,2,0.0,53.42822418861916,0.26714112094309583,0.688164847620436,0.588,10.0,1000
manufacturing,temperature_eps4.0,budget_distribution,4.0,8,3,4.0,1,2,0.0,148.52559488985537,0.7426279744492769,0.24718665977509843,0.623,10.0,1000
manufacturing,temperature_eps4.0,budget_distribution,4.0,8,3,8.0,1,2,0.0,70.53304509938037,0.3526652254969019,0.41283664982044466,0.599,10.0,1000
manufacturing,temperature_eps4.0,budget_distribution,4.0,8,3,16.0,1,2,0.0,53.42822418861916,0.26714112094309583,0.688164847620436,0.588,10.0,1000
manufacturing,temperature_eps4.0,budget_distribution,4.0,8,4,,1,2,0.0,53.42822418861916,0.26714112094309583,0.688164847620436,0.588,10.0,1000
manufacturing,temperature_eps4.0,budget_distribution,4.0,8,4,4.0,1,2,0.0,148.52559488985537,0.7426279744492769,0.24718665977509843,0.623,10.0,1000
manufacturing,temperature_eps4.0,budget_distribution,4.0,8,4,8.0,1,2,0.0,70.53304509938037,0.3526652254969019,0.41283664982044466,0.599,10.0,1000
manufacturing,temperature_eps4.0,budget_distribution,4.0,8,4,16.0,1,2,0.0,53.42822418861916,0.26714112094309583,0.688164847620436,0.588,10.0,1000
manufacturing,temperature_eps4.0,budget_distribution,4.0,8,6,,1,2,0.0,53.42822418861916,0.26714112094309583,0.688164847620436,0.588,10.0,1000
manufacturing,temperature_eps4.0,budget_distribution,4.0,8,6,8.0,1,2,0.0,70.53304509938037,0.3526652254969019,0.41283664982044466,0.599,10.0,1000
manufacturing,temperature_eps4.0,budget_distribution,4.0,8,6,16.0,1,2,0.0,53.42822418861916,0.26714112094309583,0.688164847620436,0.588,10.0,1000
manufacturing,temperature_eps4.0,budget_distribution,4.0,8,1,,1,4,0.0,53.42822418861916,0.26714112094309583,0.688164847620436,0.588,10.0,1000
manufacturing,temperature_eps4.0,budget_distribution,4.0,8,1,4.0,1,4,0.0,148.52559488985537,0.7426279744492769,0.24718665977509843,0.623,10.0,1000
manufacturing,temperature_eps4.0,budget_distribution,4.0,8,1,8.0,1,4,0.0,70.53304509938037,0.3526652254969019,0.41283664982044466,0.599,10.0,1000
manufacturing,temperature_eps4.0,budget_distribution,4.0,8,1,16.0,1,4,0.0,53.42822418861916,0.26714112094309583,0.688164847620436,0.588,10.0,1000
manufacturing,temperature_eps4.0,budget_distribution,4.0,8,2,,1,4,0.0,53.42822418861916,0.26714112094309583,0.688164847620436,0.588,10.0,1000
manufacturing,temperature_eps4.0,budget_distribution,4.0,8,2,4.0,1,4,0.0,148.52559488985537,0.7426279744492769,0.24718665977509843,0.623,10.0,1000
manufacturing,temperature_eps4.0,budget_distribution,4.0,8,2,8.0,1,4,0.0,70.53304509938037,0.3526652254969019,0.41283664982044466,0.599,10.0,1000
manufacturing,temperature_eps4.0,budget_distribution,4.0,8,2,16.0,1,4,0.0,53.42822418861916,0.26714112094309583,0.688164847620436,0.588,10.0,1000
manufacturing,temperature_eps4.0,budget_distribution,4.0,8,3,,1,4,0.0,53.42822418861916,0.26714112094309583,0.688164847620436,0.588,10.0,1000
manufacturing,temperature_eps4.0,budget_distribution,4.0,8,3,4.0,1,4,0.0,148.52559488985537,0.7426279744492769,0.24718665977509843,0.623,10.0,1000
manufacturing,temperature_eps4.0,budget_distribution,4.0,8,3,8.0,1,4,0.0,70.53304509938037,0.3526652254969019,0.41283664982044466,0.599,10.0,1000
manufacturing,temperature_eps4.0,budget_distribution,4.0,8,3,16.0,1,4,0.0,53.42822418861916,0.26714112094309583,0.688164847620436,0.588,10.0,1000
manufacturing,temperature_eps4.0,budget_distribution,4.0,8,4,,1,4,0.0,53.42822418861916,0.26714112094309583,0.688164847620436,0.588,10.0,1000
manufacturing,temperature_eps4.0,budget_distribution,4.0,8,4,4.0,1,4,0.0,148.52559488985537,0.7426279744492769,0.24718665977509843,0.623,10.0,1000
manufacturing,temperature_eps4.0,budget_distribution,4.0,8,4,8.0,1,4,0.0,70.53304509938037,0.3526652254969019,0.41283664982044466,0.599,10.0,1000
manufacturing,temperature_eps4.0,budget_distribution,4.0,8,4,16.0,1,4,0.0,53.42822418861916,0.26714112094309583,0.688164847620436,0.588,10.0,1000
manufacturing,temperature_eps4.0,budget_distribution,4.0,8,6,,1,4,0.0,53.42822418861916,0.26714112094309583,0.688164847620436,0.588,10.0,1000
manufacturing,temperature_eps4.0,budget_distribution,4.0,8,6,8.0,1,4,0.0,70.53304509938037,0.3526652254969019,0.41283664982044466,0.599,10.0,1000
manufacturing,temperature_eps4.0,budget_distribution,4.0,8,6,16.0,1,4,0.0,53.42822418861916,0.26714112094309583,0.688164847620436,0.588,10.0,1000
manufacturing,temperature_eps4.0,budget_distribution,4.0,8,1,,2,0,0.0,53.3898571238605,0.26694928561930253,0.4782306445408196,0.566,10.0,500
manufacturing,temperature_eps4.0,budget_distribution,4.0,8,1,4.0,2,0,0.0,154.19038162772074,0.7709519081386037,0.4053205373515165,0.622,10.0,500
manufacturing,temperature_eps4.0,budget_distribution,4.0,8,1,8.0,2,0,0.0,71.60879133910875,0.35804395669554373,0.5176007914463966,0.584,10.0,500
manufacturing,temperature_eps4.0,budget_distribution,4.0,8,1,16.0,2,0,0.0,53.3898571238605,0.26694928561930253,0.4782306445408196,0.566,10.0,500
manufacturing,temperature_eps4.0,budget_distribution,4.0,8,2,,2,0,0.0,53.3898571238605,0.26694928561930253,0.4782306445408196,0.566,10.0,500
manufacturing,temperature_eps4.0,budget_distribution,4.0,8,2,4.0,2,0,0.0,154.19038162772074,0.7709519081386037,0.4053205373515165,0.622,10.0,500
manufacturing,temperature_eps4.0,budget_distribution,4.0,8,2,8.0,2,0,0.0,71.60879133910875,0.35804395669554373,0.5176007914463966,0.584,10.0,500
manufacturing,temperature_eps4.0,budget_distribution,4.0,8,2,16.0,2,0,0.0,53.3898571238605,0.26694928561930253,0.4782306445408196,0.566,10.0,500
manufacturing,temperature_eps4.0,budget_distribution,4.0,8,3,,2,0,0.0,53.3898571238605,0.26694928561930253,0.4782306445408196,0.566,10.0,500
manufacturing,temperature_eps4.0,budget_distribution,4.0,8,3,4.0,2,0,0.0,154.19038162772074,0.7709519081386037,0.4053205373515165,0.622,10.0,500
manufacturing,temperature_eps4.0,budget_distribution,4.0,8,3,8.0,2,0,0.0,71.60879133910875,0.35804395669554373,0.5176007914463966,0.584,10.0,500
manufacturing,temperature_eps4.0,budget_distribution,4.0,8,3,16.0,2,0,0.0,53.3898571238605,0.26694928561930253,0.4782306445408196,0.566,10.0,500
manufacturing,temperature_eps4.0,budget_distribution,4.0,8,4,,2,0,0.0,53.3898571238605,0.26694928561930253,0.4782306445408196,0.566,10.0,500
manufacturing,temperature_eps4.0,budget_distribution,4.0,8,4,4.0,2,0,0.0,154.19038162772074,0.7709519081386037,0.4053205373515165,0.622,10.0,500
manufacturing,temperature_eps4.0,budget_distribution,4.0,8,4,8.0,2,0,0.0,71.60879133910875,0.35804395669554373,0.5176007914463966,0.584,10.0,500
manufacturing,temperature_eps4.0,budget_distribution,4.0,8,4,16.0,2,0,0.0,53.3898571238605,0.26694928561930253,0.4782306445408196,0.566,10.0,500
manufacturing,temperature_eps4.0,budget_distribution,4.0,8,6,,2,0,0.0,53.3898571238605,0.26694928561930253,0.4782306445408196,0.566,10.0,500
manufacturing,temperature_eps4.0,budget_distribution,4.0,8,6,8.0,2,0,0.0,71.60879133910875,0.35804395669554373,0.5176007914463966,0.584,10.0,500
manufacturing,temperature_eps4.0,budget_distribution,4.0,8,6,16.0,2,0,0.0,53.3898571238605,0.26694928561930253,0.4782306445408196,0.566,10.0,500
manufacturing,temperature_eps4.0,budget_distribution,4.0,8,1,,2,2,0.0,53.3898571238605,0.26694928561930253,0.4782306445408196,0.566,10.0,500
manufacturing,temperature_eps4.0,budget_distribution,4.0,8,1,4.0,2,2,0.0,154.19038162772074,0.7709519081386037,0.4053205373515165,0.622,10.0,500
manufacturing,temperature_eps4.0,budget_distribution,4.0,8,1,8.0,2,2,0.0,71.60879133910875,0.35804395669554373,0.5176007914463966,0.584,10.0,500
manufacturing,temperature_eps4.0,budget_distribution,4.0,8,1,16.0,2,2,0.0,53.3898571238605,0.26694928561930253,0.4782306445408196,0.566,10.0,500
manufacturing,temperature_eps4.0,budget_distribution,4.0,8,2,,2,2,0.0,53.3898571238605,0.26694928561930253,0.4782306445408196,0.566,10.0,500
manufacturing,temperature_eps4.0,budget_distribution,4.0,8,2,4.0,2,2,0.0,154.19038162772074,0.7709519081386037,0.4053205373515165,0.622,10.0,500
manufacturing,temperature_eps4.0,budget_distribution,4.0,8,2,8.0,2,2,0.0,71.60879133910875,0.35804395669554373,0.5176007914463966,0.584,10.0,500
manufacturing,temperature_eps4.0,budget_distribution,4.0,8,2,16.0,2,2,0.0,53.3898571238605,0.26694928561930253,0.4782306445408196,0.566,10.0,500
manufacturing,temperature_eps4.0,budget_distribution,4.0,8,3,,2,2,0.0,53.3898571238605,0.26694928561930253,0.4782306445408196,0.566,10.0,500
manufacturing,temperature_eps4.0,budget_distribution,4.0,8,3,4.0,2,2,0.0,154.19038162772074,0.7709519081386037,0.4053205373515165,0.622,10.0,500
manufacturing,temperature_eps4.0,budget_distribution,4.0,8,3,8.0,2,2,0.0,71.60879133910875,0.35804395669554373,0.5176007914463966,0.584,10.0,500
manufacturing,temperature_eps4.0,budget_distribution,4.0,8,3,16.0,2,2,0.0,53.3898571238605,0.26694928561930253,0.4782306445408196,0.566,10.0,500
manufacturing,temperature_eps4.0,budget_distribution,4.0,8,4,,2,2,0.0,53.3898571238605,0.26694928561930253,0.4782306445408196,0.566,10.0,500
manufacturing,temperature_eps4.0,budget_distribution,4.0,8,4,4.0,2,2,0.0,154.19038162772074,0.7709519081386037,0.4053205373515165,0.622,10.0,500
manufacturing,temperature_eps4.0,budget_distribution,4.0,8,4,8.0,2,2,0.0,71.60879133910875,0.35804395669554373,0.5176007914463966,0.584,10.0,500
manufacturing,temperature_eps4.0,budget_distribution,4.0,8,4,16.0,2,2,0.0,53.3898571238605,0.26694928561930253,0.4782306445408196,0.566,10.0,500
manufacturing,temperature_eps4.0,budget_distribution,4.0,8,6,,2,2,0.0,53.3898571238605,0.26694928561930253,0.4782306445408196,0.566,10.0,500
manufacturing,temperature_eps4.0,budget_distribution,4.0,8,6,8.0,2,2,0.0,71.60879133910875,0.35804395669554373,0.5176007914463966,0.584,10.0,500
manufacturing,temperature_eps4.0,budget_distribution,4.0,8,6,16.0,2,2,0.0,53.3898571238605,0.26694928561930253,0.4782306445408196,0.566,10.0,500
manufacturing,temperature_eps4.0,budget_distribution,4.0,8,1,,2,4,0.0,53.3898571238605,0.26694928561930253,0.4782306445408196,0.566,10.0,500
manufacturing,temperature_eps4.0,budget_distribution,4.0,8,1,4.0,2,4,0.0,154.19038162772074,0.7709519081386037,0.4053205373515165,0.622,10.0,500
manufacturing,temperature_eps4.0,budget_distribution,4.0,8,1,8.0,2,4,0.0,71.60879133910875,0.35804395669554373,0.5176007914463966,0.584,10.0,500
manufacturing,temperature_eps4.0,budget_distribution,4.0,8,1,16.0,2,4,0.0,53.3898571238605,0.26694928561930253,0.4782306445408196,0.566,10.0,500
manufacturing,temperature_eps4.0,budget_distribution,4.0,8,2,,2,4,0.0,53.3898571238605,0.26694928561930253,0.4782306445408196,0.566,10.0,500
manufacturing,temperature_eps4.0,budget_distribution,4.0,8,2,4.0,2,4,0.0,154.19038162772074,0.7709519081386037,0.4053205373515165,0.622,10.0,500
manufacturing,temperature_eps4.0,budget_distribution,4.0,8,2,8.0,2,4,0.0,71.60879133910875,0.35804395669554373,0.5176007914463966,0.584,10.0,500
manufacturing,temperature_eps4.0,budget_distribution,4.0,8,2,16.0,2,4,0.0,53.3898571238605,0.26694928561930253,0.4782306445408196,0.566,10.0,500
manufacturing,temperature_eps4.0,budget_distribution,4.0,8,3,,2,4,0.0,53.3898571238605,0.26694928561930253,0.4782306445408196,0.566,10.0,500
manufacturing,temperature_eps4.0,budget_distribution,4.0,8,3,4.0,2,4,0.0,154.19038162772074,0.7709519081386037,0.4053205373515165,0.622,10.0,500
manufacturing,temperature_eps4.0,budget_distribution,4.0,8,3,8.0,2,4,0.0,71.60879133910875,0.35804395669554373,0.5176007914463966,0.584,10.0,500
manufacturing,temperature_eps4.0,budget_distribution,4.0,8,3,16.0,2,4,0.0,53.3898571238605,0.26694928561930253,0.4782306445408196,0.566,10.0,500
manufacturing,temperature_eps4.0,budget_distribution,4.0,8,4,,2,4,0.0,53.3898571238605,0.26694928561930253,0.4782306445408196,0.566,10.0,500
manufacturing,temperature_eps4.0,budget_distribution,4.0,8,4,4.0,2,4,0.0,154.19038162772074,0.7709519081386037,0.4053205373515165,0.622,10.0,500
manufacturing,temperature_eps4.0,budget_distribution,4.0,8,4,8.0,2,4,0.0,71.60879133910875,0.35804395669554373,0.5176007914463966,0.584,10.0,500
manufacturing,temperature_eps4.0,budget_distribution,4.0,8,4,16.0,2,4,0.0,53.3898571238605,0.26694928561930253,0.4782306445408196,0.566,10.0,500
manufacturing,temperature_eps4.0,budget_distribution,4.0,8,6,,2,4,0.0,53.3898571238605,0.26694928561930253,0.4782306445408196,0.566,10.0,500
manufacturing,temperature_eps4.0,budget_distribution,4.0,8,6,8.0,2,4,0.0,71.60879133910875,0.35804395669554373,0.5176007914463966,0.584,10.0,500
manufacturing,temperature_eps4.0,budget_distribution,4.0,8,6,16.0,2,4,0.0,53.3898571238605,0.26694928561930253,0.4782306445408196,0.566,10.0,500
manufacturing,temperature_eps4.0,budget_distribution,4.0,8,1,,4,0,0.0,51.387809984555844,0.2569390499227792,0.5280321024020694,0.604,10.0,250
manufacturing,temperature_eps4.0,budget_distribution,4.0,8,1,4.0,4,0,0.0,139.39042774640762,0.6969521387320381,0.5637965575208689,0.6,10.0,250
manufacturing,temperature_eps4.0,budget_distribution,4.0,8,1,8.0,4,0,0.0,64.23163723069482,0.3211581861534741,0.5280321024020694,0.604,10.0,250
manufacturing,temperature_eps4.0,budget_distribution,4.0,8,1,16.0,4,0,0.0,51.387809984555844,0.2569390499227792,0.5280321024020694,0.604,10.0,250
manufacturing,temperature_eps4.0,budget_distribution,4.0,8,2,,4,0,0.0,51.387809984555844,0.2569390499227792,0.5280321024020694,0.604,10.0,250
manufacturing,temperature_eps4.0,budget_distribution,4.0,8,2,4.0,4,0,0.0,139.39042774640762,0.6969521387320381,0.5637965575208689,0.6,10.0,250
manufacturing,temperature_eps4.0,budget_distribution,4.0,8,2,8.0,4,0,0.0,64.23163723069482,0.3211581861534741,0.5280321024020694,0.604,10.0,250
manufacturing,temperature_eps4.0,budget_distribution,4.0,8,2,16.0,4,0,0.0,51.387809984555844,0.2569390499227792,0.5280321024020694,0.604,10.0,250
manufacturing,temperature_eps4.0,budget_distribution,4.0,8,3,,4,0,0.0,51.387809984555844,0.2569390499227792,0.5280321024020694,0.604,10.0,250
manufacturing,temperature_eps4.0,budget_distribution,4.0,8,3,4.0,4,0,0.0,139.39042774640762,0.6969521387320381,0.5637965575208689,0.6,10.0,250
manufacturing,temperature_eps4.0,budget_distribution,4.0,8,3,8.0,4,0,0.0,64.23163723069482,0.3211581861534741,0.5280321024020694,0.604,10.0,250
manufacturing,temperature_eps4.0,budget_distribution,4.0,8,3,16.0,4,0,0.0,51.387809984555844,0.2569390499227792,0.5280321024020694,0.604,10.0,250
manufacturing,temperature_eps4.0,budget_distribution,4.0,8,4,,4,0,0.0,51.387809984555844,0.2569390499227792,0.5280321024020694,0.604,10.0,250
manufacturing,temperature_eps4.0,budget_distribution,4.0,8,4,4.0,4,0,0.0,139.39042774640762,0.6969521387320381,0.5637965575208689,0.6,10.0,250
manufacturing,temperature_eps4.0,budget_distribution,4.0,8,4,8.0,4,0,0.0,64.23163723069482,0.3211581861534741,0.5280321024020694,0.604,10.0,250
manufacturing,temperature_eps4.0,budget_distribution,4.0,8,4,16.0,4,0,0.0,51.387809984555844,0.2569390499227792,0.5280321024020694,0.604,10.0,250
manufacturing,temperature_eps4.0,budget_distribution,4.0,8,6,,4,0,0.0,51.387809984555844,0.2569390499227792,0.5280321024020694,0.604,10.0,250
manufacturing,temperature_eps4.0,budget_distribution,4.0,8,6,8.0,4,0,0.0,64.23163723069482,0.3211581861534741,0.5280321024020694,0.604,10.0,250
manufacturing,temperature_eps4.0,budget_distribution,4.0,8,6,16.0,4,0,0.0,51.387809984555844,0.2569390499227792,0.5280321024020694,0.604,10.0,250
manufacturing,temperature_eps4.0,budget_distribution,4.0,8,1,,4,2,0.0,51.387809984555844,0.2569390499227792,0.5280321024020694,0.604,10.0,250
manufacturing,temperature_eps4.0,budget_distribution,4.0,8,1,4.0,4,2,0.0,139.39042774640762,0.6969521387320381,0.5637965575208689,0.6,10.0,250
manufacturing,temperature_eps4.0,budget_distribution,4.0,8,1,8.0,4,2,0.0,64.23163723069482,0.3211581861534741,0.5280321024020694,0.604,10.0,250
manufacturing,temperature_eps4.0,budget_distribution,4.0,8,1,16.0,4,2,0.0,51.387809984555844,0.2569390499227792,0.5280321024020694,0.604,10.0,250
manufacturing,temperature_eps4.0,budget_distribution,4.0,8,2,,4,2,0.0,51.387809984555844,0.2569390499227792,0.5280321024020694,0.604,10.0,250
manufacturing,temperature_eps4.0,budget_distribution,4.0,8,2,4.0,4,2,0.0,139.39042774640762,0.6969521387320381,0.5637965575208689,0.6,10.0,250
manufacturing,temperature_eps4.0,budget_distribution,4.0,8,2,8.0,4,2,0.0,64.23163723069482,0.3211581861534741,0.5280321024020694,0.604,10.0,250
manufacturing,temperature_eps4.0,budget_distribution,4.0,8,2,16.0,4,2,0.0,51.387809984555844,0.2569390499227792,0.5280321024020694,0.604,10.0,250
manufacturing,temperature_eps4.0,budget_distribution,4.0,8,3,,4,2,0.0,51.387809984555844,0.2569390499227792,0.5280321024020694,0.604,10.0,250
manufacturing,temperature_eps4.0,budget_distribution,4.0,8,3,4.0,4,2,0.0,139.39042774640762,0.6969521387320381,0.5637965575208689,0.6,10.0,250
manufacturing,temperature_eps4.0,budget_distribution,4.0,8,3,8.0,4,2,0.0,64.23163723069482,0.3211581861534741,0.5280321024020694,0.604,10.0,250
manufacturing,temperature_eps4.0,budget_distribution,4.0,8,3,16.0,4,2,0.0,51.387809984555844,0.2569390499227792,0.5280321024020694,0.604,10.0,250
manufacturing,temperature_eps4.0,budget_distribution,4.0,8,4,,4,2,0.0,51.387809984555844,0.2569390499227792,0.5280321024020694,0.604,10.0,250
manufacturing,temperature_eps4.0,budget_distribution,4.0,8,4,4.0,4,2,0.0,139.39042774640762,0.6969521387320381,0.5637965575208689,0.6,10.0,250
manufacturing,temperature_eps4.0,budget_distribution,4.0,8,4,8.0,4,2,0.0,64.23163723069482,0.3211581861534741,0.5280321024020694,0.604,10.0,250
manufacturing,temperature_eps4.0,budget_distribution,4.0,8,4,16.0,4,2,0.0,51.387809984555844,0.2569390499227792,0.5280321024020694,0.604,10.0,250
manufacturing,temperature_eps4.0,budget_distribution,4.0,8,6,,4,2,0.0,51.387809984555844,0.2569390499227792,0.5280321024020694,0.604,10.0,250
manufacturing,temperature_eps4.0,budget_distribution,4.0,8,6,8.0,4,2,0.0,64.23163723069482,0.3211581861534741,0.5280321024020694,0.604,10.0,250
manufacturing,temperature_eps4.0,budget_distribution,4.0,8,6,16.0,4,2,0.0,51.387809984555844,0.2569390499227792,0.5280321024020694,0.604,10.0,250
manufacturing,temperature_eps4.0,budget_distribution,4.0,8,1,,4,4,0.0,51.387809984555844,0.2569390499227792,0.5280321024020694,0.604,10.0,250
manufacturing,temperature_eps4.0,budget_distribution,4.0,8,1,4.0,4,4,0.0,139.39042774640762,0.6969521387320381,0.5637965575208689,0.6,10.0,250
manufacturing,temperature_eps4.0,budget_distribution,4.0,8,1,8.0,4,4,0.0,64.23163723069482,0.3211581861534741,0.5280321024020694,0.604,10.0,250
manufacturing,temperature_eps4.0,budget_distribution,4.0,8,1,16.0,4,4,0.0,51.387809984555844,0.2569390499227792,0.5280321024020694,0.604,10.0,250
manufacturing,temperature_eps4.0,budget_distribution,4.0,8,2,,4,4,0.0,51.387809984555844,0.2569390499227792,0.5280321024020694,0.604,10.0,250
manufacturing,temperature_eps4.0,budget_distribution,4.0,8,2,4.0,4,4,0.0,139.39042774640762,0.6969521387320381,0.5637965575208689,0.6,10.0,250
manufacturing,temperature_eps4.0,budget_distribution,4.0,8,2,8.0,4,4,0.0,64.23163723069482,0.3211581861534741,0.5280321024020694,0.604,10.0,250
manufacturing,temperature_eps4.0,budget_distribution,4.0,8,2,16.0,4,4,0.0,51.387809984555844,0.2569390499227792,0.5280321024020694,0.604,10.0,250
manufacturing,temperature_eps4.0,budget_distribution,4.0,8,3,,4,4,0.0,51.387809984555844,0.2569390499227792,0.5280321024020694,0.604,10.0,250
manufacturing,temperature_eps4.0,budget_distribution,4.0,8,3,4.0,4,4,0.0,139.39042774640762,0.6969521387320381,0.5637965575208689,0.6,10.0,250
manufacturing,temperature_eps4.0,budget_distribution,4.0,8,3,8.0,4,4,0.0,64.23163723069482,0.3211581861534741,0.5280321024020694,0.604,10.0,250
manufacturing,temperature_eps4.0,budget_distribution,4.0,8,3,16.0,4,4,0.0,51.387809984555844,0.2569390499227792,0.5280321024020694,0.604,10.0,250
manufacturing,temperature_eps4.0,budget_distribution,4.0,8,4,,4,4,0.0,51.387809984555844,0.2569390499227792,0.5280321024020694,0.604,10.0,250
manufacturing,temperature_eps4.0,budget_distribution,4.0,8,4,4.0,4,4,0.0,139.39042774640762,0.6969521387320381,0.5637965575208689,0.6,10.0,250
manufacturing,temperature_eps4.0,budget_distribution,4.0,8,4,8.0,4,4,0.0,64.23163723069482,0.3211581861534741,0.5280321024020694,0.604,10.0,250
manufacturing,temperature_eps4.0,budget_distribution,4.0,8,4,16.0,4,4,0.0,51.387809984555844,0.2569390499227792,0.5280321024020694,0.604,10.0,250
manufacturing,temperature_eps4.0,budget_distribution,4.0,8,6,,4,4,0.0,51.387809984555844,0.2569390499227792,0.5280321024020694,0.604,10.0,250
manufacturing,temperature_eps4.0,budget_distribution,4.0,8,6,8.0,4,4,0.0,64.23163723069482,0.3211581861534741,0.5280321024020694,0.604,10.0,250
manufacturing,temperature_eps4.0,budget_distribution,4.0,8,6,16.0,4,4,0.0,51.387809984555844,0.2569390499227792,0.5280321024020694,0.604,10.0,250
manufacturing,temperature_eps4.0,budget_absorption,4.0,8,1,,1,0,0.0,41.61694027570909,0.20808470137854546,0.39279189396114866,0.408,10.0,1000
manufacturing,temperature_eps4.0,budget_absorption,4.0,8,1,4.0,1,0,0.0,123.9543344695535,0.6197716723477675,0.4690242860868591,0.511,10.0,1000
manufacturing,temperature_eps4.0,budget_absorption,4.0,8,1,8.0,1,0,0.0,56.932317591542,0.28466158795771,0.4469468402301288,0.454,10.0,1000
manufacturing,temperature_eps4.0,budget_absorption,4.0,8,1,16.0,1,0,0.0,41.61694027570909,0.20808470137854546,0.39279189396114866,0.408,10.0,1000
manufacturing,temperature_eps4.0,budget_absorption,4.0,8,2,,1,0,0.0,41.61694027570909,0.20808470137854546,0.39279189396114866,0.408,10.0,1000
manufacturing,temperature_eps4.0,budget_absorption,4.0,8,2,4.0,1,0,0.0,123.9543344695535,0.6197716723477675,0.4690242860868591,0.511,10.0,1000
manufacturing,temperature_eps4.0,budget_absorption,4.0,8,2,8.0,1,0,0.0,56.932317591542,0.28466158795771,0.4469468402301288,0.454,10.0,1000
manufacturing,temperature_eps4.0,budget_absorption,4.0,8,2,16.0,1,0,0.0,41.61694027570909,0.20808470137854546,0.39279189396114866,0.408,10.0,1000
manufacturing,temperature_eps4.0,budget_absorption,4.0,8,3,,1,0,0.0,41.61694027570909,0.20808470137854546,0.39279189396114866,0.408,10.0,1000
manufacturing,temperature_eps4.0,budget_absorption,4.0,8,3,4.0,1,0,0.0,123.9543344695535,0.6197716723477675,0.4690242860868591,0.511,10.0,1000
manufacturing,temperature_eps4.0,budget_absorption,4.0,8,3,8.0,1,0,0.0,56.932317591542,0.28466158795771,0.4469468402301288,0.454,10.0,1000
manufacturing,temperature_eps4.0,budget_absorption,4.0,8,3,16.0,1,0,0.0,41.61694027570909,0.20808470137854546,0.39279189396114866,0.408,10.0,1000
manufacturing,temperature_eps4.0,budget_absorption,4.0,8,4,,1,0,0.0,41.61694027570909,0.20808470137854546,0.39279189396114866,0.408,10.0,1000
manufacturing,temperature_eps4.0,budget_absorption,4.0,8,4,4.0,1,0,0.0,123.9543344695535,0.6197716723477675,0.4690242860868591,0.511,10.0,1000
manufacturing,temperature_eps4.0,budget_absorption,4.0,8,4,8.0,1,0,0.0,56.932317591542,0.28466158795771,0.4469468402301288,0.454,10.0,1000
manufacturing,temperature_eps4.0,budget_absorption,4.0,8,4,16.0,1,0,0.0,41.61694027570909,0.20808470137854546,0.39279189396114866,0.408,10.0,1000
manufacturing,temperature_eps4.0,budget_absorption,4.0,8,6,,1,0,0.0,41.61694027570909,0.20808470137854546,0.39279189396114866,0.408,10.0,1000
manufacturing,temperature_eps4.0,budget_absorption,4.0,8,6,8.0,1,0,0.0,56.932317591542,0.28466158795771,0.4469468402301288,0.454,10.0,1000
manufacturing,temperature_eps4.0,budget_absorption,4.0,8,6,16.0,1,0,0.0,41.61694027570909,0.20808470137854546,0.39279189396114866,0.408,10.0,1000
manufacturing,temperature_eps4.0,budget_absorption,4.0,8,1,,1,2,0.0,41.61694027570909,0.20808470137854546,0.39279189396114866,0.408,10.0,1000
manufacturing,temperature_eps4.0,budget_absorption,4.0,8,1,4.0,1,2,0.0,123.9543344695535,0.6197716723477675,0.4690242860868591,0.511,10.0,1000
manufacturing,temperature_eps4.0,budget_absorption,4.0,8,1,8.0,1,2,0.0,56.932317591542,0.28466158795771,0.4469468402301288,0.454,10.0,1000
manufacturing,temperature_eps4.0,budget_absorption,4.0,8,1,16.0,1,2,0.0,41.61694027570909,0.20808470137854546,0.39279189396114866,0.408,10.0,1000
manufacturing,temperature_eps4.0,budget_absorption,4.0,8,2,,1,2,0.0,41.61694027570909,0.20808470137854546,0.39279189396114866,0.408,10.0,1000
manufacturing,temperature_eps4.0,budget_absorption,4.0,8,2,4.0,1,2,0.0,123.9543344695535,0.6197716723477675,0.4690242860868591,0.511,10.0,1000
manufacturing,temperature_eps4.0,budget_absorption,4.0,8,2,8.0,1,2,0.0,56.932317591542,0.28466158795771,0.4469468402301288,0.454,10.0,1000
manufacturing,temperature_eps4.0,budget_absorption,4.0,8,2,16.0,1,2,0.0,41.61694027570909,0.20808470137854546,0.39279189396114866,0.408,10.0,1000
manufacturing,temperature_eps4.0,budget_absorption,4.0,8,3,,1,2,0.0,41.61694027570909,0.20808470137854546,0.39279189396114866,0.408,10.0,1000
manufacturing,temperature_eps4.0,budget_absorption,4.0,8,3,4.0,1,2,0.0,123.9543344695535,0.6197716723477675,0.4690242860868591,0.511,10.0,1000
manufacturing,temperature_eps4.0,budget_absorption,4.0,8,3,8.0,1,2,0.0,56.932317591542,0.28466158795771,0.4469468402301288,0.454,10.0,1000
manufacturing,temperature_eps4.0,budget_absorption,4.0,8,3,16.0,1,2,0.0,41.61694027570909,0.20808470137854546,0.39279189396114866,0.408,10.0,1000
manufacturing,temperature_eps4.0,budget_absorption,4.0,8,4,,1,2,0.0,41.61694027570909,0.20808470137854546,0.39279189396114866,0.408,10.0,1000
manufacturing,temperature_eps4.0,budget_absorption,4.0,8,4,4.0,1,2,0.0,123.9543344695535,0.6197716723477675,0.4690242860868591,0.511,10.0,1000
manufacturing,temperature_eps4.0,budget_absorption,4.0,8,4,8.0,1,2,0.0,56.932317591542,0.28466158795771,0.4469468402301288,0.454,10.0,1000
manufacturing,temperature_eps4.0,budget_absorption,4.0,8,4,16.0,1,2,0.0,41.61694027570909,0.20808470137854546,0.39279189396114866,0.408,10.0,1000
manufacturing,temperature_eps4.0,budget_absorption,4.0,8,6,,1,2,0.0,41.61694027570909,0.20808470137854546,0.39279189396114866,0.408,10.0,1000
manufacturing,temperature_eps4.0,budget_absorption,4.0,8,6,8.0,1,2,0.0,56.932317591542,0.28466158795771,0.4469468402301288,0.454,10.0,1000
manufacturing,temperature_eps4.0,budget_absorption,4.0,8,6,16.0,1,2,0.0,41.61694027570909,0.20808470137854546,0.39279189396114866,0.408,10.0,1000
manufacturing,temperature_eps4.0,budget_absorption,4.0,8,1,,1,4,0.0,41.61694027570909,0.20808470137854546,0.39279189396114866,0.408,10.0,1000
manufacturing,temperature_eps4.0,budget_absorption,4.0,8,1,4.0,1,4,0.0,123.9543344695535,0.6197716723477675,0.4690242860868591,0.511,10.0,1000
manufacturing,temperature_eps4.0,budget_absorption,4.0,8,1,8.0,1,4,0.0,56.932317591542,0.28466158795771,0.4469468402301288,0.454,10.0,1000
manufacturing,temperature_eps4.0,budget_absorption,4.0,8,1,16.0,1,4,0.0,41.61694027570909,0.20808470137854546,0.39279189396114866,0.408,10.0,1000
manufacturing,temperature_eps4.0,budget_absorption,4.0,8,2,,1,4,0.0,41.61694027570909,0.20808470137854546,0.39279189396114866,0.408,10.0,1000
manufacturing,temperature_eps4.0,budget_absorption,4.0,8,2,4.0,1,4,0.0,123.9543344695535,0.6197716723477675,0.4690242860868591,0.511,10.0,1000
manufacturing,temperature_eps4.0,budget_absorption,4.0,8,2,8.0,1,4,0.0,56.932317591542,0.28466158795771,0.4469468402301288,0.454,10.0,1000
manufacturing,temperature_eps4.0,budget_absorption,4.0,8,2,16.0,1,4,0.0,41.61694027570909,0.20808470137854546,0.39279189396114866,0.408,10.0,1000
manufacturing,temperature_eps4.0,budget_absorption,4.0,8,3,,1,4,0.0,41.61694027570909,0.20808470137854546,0.39279189396114866,0.408,10.0,1000
manufacturing,temperature_eps4.0,budget_absorption,4.0,8,3,4.0,1,4,0.0,123.9543344695535,0.6197716723477675,0.4690242860868591,0.511,10.0,1000
manufacturing,temperature_eps4.0,budget_absorption,4.0,8,3,8.0,1,4,0.0,56.932317591542,0.28466158795771,0.4469468402301288,0.454,10.0,1000
manufacturing,temperature_eps4.0,budget_absorption,4.0,8,3,16.0,1,4,0.0,41.61694027570909,0.20808470137854546,0.39279189396114866,0.408,10.0,1000
manufacturing,temperature_eps4.0,budget_absorption,4.0,8,4,,1,4,0.0,41.61694027570909,0.20808470137854546,0.39279189396114866,0.408,10.0,1000
manufacturing,temperature_eps4.0,budget_absorption,4.0,8,4,4.0,1,4,0.0,123.9543344695535,0.6197716723477675,0.4690242860868591,0.511,10.0,1000
manufacturing,temperature_eps4.0,budget_absorption,4.0,8,4,8.0,1,4,0.0,56.932317591542,0.28466158795771,0.4469468402301288,0.454,10.0,1000
manufacturing,temperature_eps4.0,budget_absorption,4.0,8,4,16.0,1,4,0.0,41.61694027570909,0.20808470137854546,0.39279189396114866,0.408,10.0,1000
manufacturing,temperature_eps4.0,budget_absorption,4.0,8,6,,1,4,0.0,41.61694027570909,0.20808470137854546,0.39279189396114866,0.408,10.0,1000
manufacturing,temperature_eps4.0,budget_absorption,4.0,8,6,8.0,1,4,0.0,56.932317591542,0.28466158795771,0.4469468402301288,0.454,10.0,1000
manufacturing,temperature_eps4.0,budget_absorption,4.0,8,6,16.0,1,4,0.0,41.61694027570909,0.20808470137854546,0.39279189396114866,0.408,10.0,1000
manufacturing,temperature_eps4.0,budget_absorption,4.0,8,1,,2,0,0.0,39.76008710792154,0.19880043553960772,0.7499396913482913,0.39,10.0,500
manufacturing,temperature_eps4.0,budget_absorption,4.0,8,1,4.0,2,0,0.0,118.44624963765963,0.5922312481882982,0.847512078988784,0.502,10.0,500
manufacturing,temperature_eps4.0,budget_absorption,4.0,8,1,8.0,2,0,0.0,54.67790642723389,0.27338953213616946,0.8109485495618263,0.444,10.0,500
manufacturing,temperature_eps4.0,budget_absorption,4.0,8,1,16.0,2,0,0.0,39.76008710792154,0.19880043553960772,0.7499396913482913,0.39,10.0,500
manufacturing,temperature_eps4.0,budget_absorption,4.0,8,2,,2,0,0.0,39.76008710792154,0.19880043553960772,0.7499396913482913,0.39,10.0,500
manufacturing,temperature_eps4.0,budget_absorption,4.0,8,2,4.0,2,0,0.0,118.44624963765963,0.5922312481882982,0.847512078988784,0.502,10.0,500
manufacturing,temperature_eps4.0,budget_absorption,4.0,8,2,8.0,2,0,0.0,54.67790642723389,0.27338953213616946,0.8109485495618263,0.444,10.0,500
manufacturing,temperature_eps4.0,budget_absorption,4.0,8,2,16.0,2,0,0.0,39.76008710792154,0.19880043553960772,0.7499396913482913,0.39,10.0,500
manufacturing,temperature_eps4.0,budget_absorption,4.0,8,3,,2,0,0.0,39.76008710792154,0.19880043553960772,0.7499396913482913,0.39,10.0,500
manufacturing,temperature_eps4.0,budget_absorption,4.0,8,3,4.0,2,0,0.0,118.44624963765963,0.5922312481882982,0.847512078988784,0.502,10.0,500
manufacturing,temperature_eps4.0,budget_absorption,4.0,8,3,8.0,2,0,0.0,54.67790642723389,0.27338953213616946,0.8109485495618263,0.444,10.0,500
manufacturing,temperature_eps4.0,budget_absorption,4.0,8,3,16.0,2,0,0.0,39.76008710792154,0.19880043553960772,0.7499396913482913,0.39,10.0,500
manufacturing,temperature_eps4.0,budget_absorption,4.0,8,4,,2,0,0.0,39.76008710792154,0.19880043553960772,0.7499396913482913,0.39,10.0,500
manufacturing,temperature_eps4.0,budget_absorption,4.0,8,4,4.0,2,0,0.0,118.44624963765963,0.5922312481882982,0.847512078988784,0.502,10.0,500
manufacturing,temperature_eps4.0,budget_absorption,4.0,8,4,8.0,2,0,0.0,54.67790642723389,0.27338953213616946,0.8109485495618263,0.444,10.0,500
manufacturing,temperature_eps4.0,budget_absorption,4.0,8,4,16.0,2,0,0.0,39.76008710792154,0.19880043553960772,0.7499396913482913,0.39,10.0,500
manufacturing,temperature_eps4.0,budget_absorption,4.0,8,6,,2,0,0.0,39.76008710792154,0.19880043553960772,0.7499396913482913,0.39,10.0,500
manufacturing,temperature_eps4.0,budget_absorption,4.0,8,6,8.0,2,0,0.0,54.67790642723389,0.27338953213616946,0.8109485495618263,0.444,10.0,500
manufacturing,temperature_eps4.0,budget_absorption,4.0,8,6,16.0,2,0,0.0,39.76008710792154,0.19880043553960772,0.7499396913482913,0.39,10.0,500
manufacturing,temperature_eps4.0,budget_absorption,4.0,8,1,,2,2,0.0,39.76008710792154,0.19880043553960772,0.7499396913482913,0.39,10.0,500
manufacturing,temperature_eps4.0,budget_absorption,4.0,8,1,4.0,2,2,0.0,118.44624963765963,0.5922312481882982,0.847512078988784,0.502,10.0,500
manufacturing,temperature_eps4.0,budget_absorption,4.0,8,1,8.0,2,2,0.0,54.67790642723389,0.27338953213616946,0.8109485495618263,0.444,10.0,500
manufacturing,temperature_eps4.0,budget_absorption,4.0,8,1,16.0,2,2,0.0,39.76008710792154,0.19880043553960772,0.7499396913482913,0.39,10.0,500
manufacturing,temperature_eps4.0,budget_absorption,4.0,8,2,,2,2,0.0,39.76008710792154,0.19880043553960772,0.7499396913482913,0.39,10.0,500
manufacturing,temperature_eps4.0,budget_absorption,4.0,8,2,4.0,2,2,0.0,118.44624963765963,0.5922312481882982,0.847512078988784,0.502,10.0,500
manufacturing,temperature_eps4.0,budget_absorption,4.0,8,2,8.0,2,2,0.0,54.67790642723389,0.27338953213616946,0.8109485495618263,0.444,10.0,500
manufacturing,temperature_eps4.0,budget_absorption,4.0,8,2,16.0,2,2,0.0,39.76008710792154,0.19880043553960772,0.7499396913482913,0.39,10.0,500
manufacturing,temperature_eps4.0,budget_absorption,4.0,8,3,,2,2,0.0,39.76008710792154,0.19880043553960772,0.7499396913482913,0.39,10.0,500
manufacturing,temperature_eps4.0,budget_absorption,4.0,8,3,4.0,2,2,0.0,118.44624963765963,0.5922312481882982,0.847512078988784,0.502,10.0,500
manufacturing,temperature_eps4.0,budget_absorption,4.0,8,3,8.0,2,2,0.0,54.67790642723389,0.27338953213616946,0.8109485495618263,0.444,10.0,500
manufacturing,temperature_eps4.0,budget_absorption,4.0,8,3,16.0,2,2,0.0,39.76008710792154,0.19880043553960772,0.7499396913482913,0.39,10.0,500
manufacturing,temperature_eps4.0,budget_absorption,4.0,8,4,,2,2,0.0,39.76008710792154,0.19880043553960772,0.7499396913482913,0.39,10.0,500
manufacturing,temperature_eps4.0,budget_absorption,4.0,8,4,4.0,2,2,0.0,118.44624963765963,0.5922312481882982,0.847512078988784,0.502,10.0,500
manufacturing,temperature_eps4.0,budget_absorption,4.0,8,4,8.0,2,2,0.0,54.67790642723389,0.27338953213616946,0.8109485495618263,0.444,10.0,500
manufacturing,temperature_eps4.0,budget_absorption,4.0,8,4,16.0,2,2,0.0,39.76008710792154,0.19880043553960772,0.7499396913482913,0.39,10.0,500
manufacturing,temperature_eps4.0,budget_absorption,4.0,8,6,,2,2,0.0,39.76008710792154,0.19880043553960772,0.7499396913482913,0.39,10.0,500
manufacturing,temperature_eps4.0,budget_absorption,4.0,8,6,8.0,2,2,0.0,54.67790642723389,0.27338953213616946,0.8109485495618263,0.444,10.0,500
manufacturing,temperature_eps4.0,budget_absorption,4.0,8,6,16.0,2,2,0.0,39.76008710792154,0.19880043553960772,0.7499396913482913,0.39,10.0,500
manufacturing,temperature_eps4.0,budget_absorption,4.0,8,1,,2,4,0.0,39.76008710792154,0.19880043553960772,0.7499396913482913,0.39,10.0,500
manufacturing,temperature_eps4.0,budget_absorption,4.0,8,1,4.0,2,4,0.0,118.44624963765963,0.5922312481882982,0.847512078988784,0.502,10.0,500
manufacturing,temperature_eps4.0,budget_absorption,4.0,8,1,8.0,2,4,0.0,54.67790642723389,0.27338953213616946,0.8109485495618263,0.444,10.0,500
manufacturing,temperature_eps4.0,budget_absorption,4.0,8,1,16.0,2,4,0.0,39.76008710792154,0.19880043553960772,0.7499396913482913,0.39,10.0,500
manufacturing,temperature_eps4.0,budget_absorption,4.0,8,2,,2,4,0.0,39.76008710792154,0.19880043553960772,0.7499396913482913,0.39,10.0,500
manufacturing,temperature_eps4.0,budget_absorption,4.0,8,2,4.0,2,4,0.0,118.44624963765963,0.5922312481882982,0.847512078988784,0.502,10.0,500
manufacturing,temperature_eps4.0,budget_absorption,4.0,8,2,8.0,2,4,0.0,54.67790642723389,0.27338953213616946,0.8109485495618263,0.444,10.0,500
manufacturing,temperature_eps4.0,budget_absorption,4.0,8,2,16.0,2,4,0.0,39.76008710792154,0.19880043553960772,0.7499396913482913,0.39,10.0,500
manufacturing,temperature_eps4.0,budget_absorption,4.0,8,3,,2,4,0.0,39.76008710792154,0.19880043553960772,0.7499396913482913,0.39,10.0,500
manufacturing,temperature_eps4.0,budget_absorption,4.0,8,3,4.0,2,4,0.0,118.44624963765963,0.5922312481882982,0.847512078988784,0.502,10.0,500
manufacturing,temperature_eps4.0,budget_absorption,4.0,8,3,8.0,2,4,0.0,54.67790642723389,0.27338953213616946,0.8109485495618263,0.444,10.0,500
manufacturing,temperature_eps4.0,budget_absorption,4.0,8,3,16.0,2,4,0.0,39.76008710792154,0.19880043553960772,0.7499396913482913,0.39,10.0,500
manufacturing,temperature_eps4.0,budget_absorption,4.0,8,4,,2,4,0.0,39.76008710792154,0.19880043553960772,0.7499396913482913,0.39,10.0,500
manufacturing,temperature_eps4.0,budget_absorption,4.0,8,4,4.0,2,4,0.0,118.44624963765963,0.5922312481882982,0.847512078988784,0.502,10.0,500
manufacturing,temperature_eps4.0,budget_absorption,4.0,8,4,8.0,2,4,0.0,54.67790642723389,0.27338953213616946,0.8109485495618263,0.444,10.0,500
manufacturing,temperature_eps4.0,budget_absorption,4.0,8,4,16.0,2,4,0.0,39.76008710792154,0.19880043553960772,0.7499396913482913,0.39,10.0,500
manufacturing,temperature_eps4.0,budget_absorption,4.0,8,6,,2,4,0.0,39.76008710792154,0.19880043553960772,0.7499396913482913,0.39,10.0,500
manufacturing,temperature_eps4.0,budget_absorption,4.0,8,6,8.0,2,4,0.0,54.67790642723389,0.27338953213616946,0.8109485495618263,0.444,10.0,500
manufacturing,temperature_eps4.0,budget_absorption,4.0,8,6,16.0,2,4,0.0,39.76008710792154,0.19880043553960772,0.7499396913482913,0.39,10.0,500
manufacturing,temperature_eps4.0,budget_absorption,4.0,8,1,,4,0,0.0,43.5151377175534,0.217575688587767,0.24081558967810207,0.412,10.0,250
manufacturing,temperature_eps4.0,budget_absorption,4.0,8,1,4.0,4,0,0.0,132.26953462370093,0.6613476731185046,0.31336286516156076,0.508,10.0,250
manufacturing,temperature_eps4.0,budget_absorption,4.0,8,1,8.0,4,0,0.0,62.928124005041816,0.3146406200252091,0.2973676422690601,0.472,10.0,250
manufacturing,temperature_eps4.0,budget_absorption,4.0,8,1,16.0,4,0,0.0,43.5151377175534,0.217575688587767,0.24081558967810207,0.412,10.0,250
manufacturing,temperature_eps4.0,budget_absorption,4.0,8,2,,4,0,0.0,43.5151377175534,0.217575688587767,0.24081558967810207,0.412,10.0,250
manufacturing,temperature_eps4.0,budget_absorption,4.0,8,2,4.0,4,0,0.0,132.26953462370093,0.6613476731185046,0.31336286516156076,0.508,10.0,250
manufacturing,temperature_eps4.0,budget_absorption,4.0,8,2,8.0,4,0,0.0,62.928124005041816,0.3146406200252091,0.2973676422690601,0.472,10.0,250
manufacturing,temperature_eps4.0,budget_absorption,4.0,8,2,16.0,4,0,0.0,43.5151377175534,0.217575688587767,0.24081558967810207,0.412,10.0,250
manufacturing,temperature_eps4.0,budget_absorption,4.0,8,3,,4,0,0.0,43.5151377175534,0.217575688587767,0.24081558967810207,0.412,10.0,250
manufacturing,temperature_eps4.0,budget_absorption,4.0,8,3,4.0,4,0,0.0,132.26953462370093,0.6613476731185046,0.31336286516156076,0.508,10.0,250
manufacturing,temperature_eps4.0,budget_absorption,4.0,8,3,8.0,4,0,0.0,62.928124005041816,0.3146406200252091,0.2973676422690601,0.472,10.0,250
manufacturing,temperature_eps4.0,budget_absorption,4.0,8,3,16.0,4,0,0.0,43.5151377175534,0.217575688587767,0.24081558967810207,0.412,10.0,250
manufacturing,temperature_eps4.0,budget_absorption,4.0,8,4,,4,0,0.0,43.5151377175534,0.217575688587767,0.24081558967810207,0.412,10.0,250
manufacturing,temperature_eps4.0,budget_absorption,4.0,8,4,4.0,4,0,0.0,132.26953462370093,0.6613476731185046,0.31336286516156076,0.508,10.0,250
manufacturing,temperature_eps4.0,budget_absorption,4.0,8,4,8.0,4,0,0.0,62.928124005041816,0.3146406200252091,0.2973676422690601,0.472,10.0,250
manufacturing,temperature_eps4.0,budget_absorption,4.0,8,4,16.0,4,0,0.0,43.5151377175534,0.217575688587767,0.24081558967810207,0.412,10.0,250
manufacturing,temperature_eps4.0,budget_absorption,4.0,8,6,,4,0,0.0,43.5151377175534,0.217575688587767,0.24081558967810207,0.412,10.0,250
manufacturing,temperature_eps4.0,budget_absorption,4.0,8,6,8.0,4,0,0.0,62.928124005041816,0.3146406200252091,0.2973676422690601,0.472,10.0,250
manufacturing,temperature_eps4.0,budget_absorption,4.0,8,6,16.0,4,0,0.0,43.5151377175534,0.217575688587767,0.24081558967810207,0.412,10.0,250
manufacturing,temperature_eps4.0,budget_absorption,4.0,8,1,,4,2,0.0,43.5151377175534,0.217575688587767,0.24081558967810207,0.412,10.0,250
manufacturing,temperature_eps4.0,budget_absorption,4.0,8,1,4.0,4,2,0.0,132.26953462370093,0.6613476731185046,0.31336286516156076,0.508,10.0,250
manufacturing,temperature_eps4.0,budget_absorption,4.0,8,1,8.0,4,2,0.0,62.928124005041816,0.3146406200252091,0.2973676422690601,0.472,10.0,250
manufacturing,temperature_eps4.0,budget_absorption,4.0,8,1,16.0,4,2,0.0,43.5151377175534,0.217575688587767,0.24081558967810207,0.412,10.0,250
manufacturing,temperature_eps4.0,budget_absorption,4.0,8,2,,4,2,0.0,43.5151377175534,0.217575688587767,0.24081558967810207,0.412,10.0,250
manufacturing,temperature_eps4.0,budget_absorption,4.0,8,2,4.0,4,2,0.0,132.26953462370093,0.6613476731185046,0.31336286516156076,0.508,10.0,250
manufacturing,temperature_eps4.0,budget_absorption,4.0,8,2,8.0,4,2,0.0,62.928124005041816,0.3146406200252091,0.2973676422690601,0.472,10.0,250
manufacturing,temperature_eps4.0,budget_absorption,4.0,8,2,16.0,4,2,0.0,43.5151377175534,0.217575688587767,0.24081558967810207,0.412,10.0,250
manufacturing,temperature_eps4.0,budget_absorption,4.0,8,3,,4,2,0.0,43.5151377175534,0.217575688587767,0.24081558967810207,0.412,10.0,250
manufacturing,temperature_eps4.0,budget_absorption,4.0,8,3,4.0,4,2,0.0,132.26953462370093,0.6613476731185046,0.31336286516156076,0.508,10.0,250
manufacturing,temperature_eps4.0,budget_absorption,4.0,8,3,8.0,4,2,0.0,62.928124005041816,0.3146406200252091,0.2973676422690601,0.472,10.0,250
manufacturing,temperature_eps4.0,budget_absorption,4.0,8,3,16.0,4,2,0.0,43.5151377175534,0.217575688587767,0.24081558967810207,0.412,10.0,250
manufacturing,temperature_eps4.0,budget_absorption,4.0,8,4,,4,2,0.0,43.5151377175534,0.217575688587767,0.24081558967810207,0.412,10.0,250
manufacturing,temperature_eps4.0,budget_absorption,4.0,8,4,4.0,4,2,0.0,132.26953462370093,0.6613476731185046,0.31336286516156076,0.508,10.0,250
manufacturing,temperature_eps4.0,budget_absorption,4.0,8,4,8.0,4,2,0.0,62.928124005041816,0.3146406200252091,0.2973676422690601,0.472,10.0,250
manufacturing,temperature_eps4.0,budget_absorption,4.0,8,4,16.0,4,2,0.0,43.5151377175534,0.217575688587767,0.24081558967810207,0.412,10.0,250
manufacturing,temperature_eps4.0,budget_absorption,4.0,8,6,,4,2,0.0,43.5151377175534,0.217575688587767,0.24081558967810207,0.412,10.0,250
manufacturing,temperature_eps4.0,budget_absorption,4.0,8,6,8.0,4,2,0.0,62.928124005041816,0.3146406200252091,0.2973676422690601,0.472,10.0,250
manufacturing,temperature_eps4.0,budget_absorption,4.0,8,6,16.0,4,2,0.0,43.5151377175534,0.217575688587767,0.24081558967810207,0.412,10.0,250
manufacturing,temperature_eps4.0,budget_absorption,4.0,8,1,,4,4,0.0,43.5151377175534,0.217575688587767,0.24081558967810207,0.412,10.0,250
manufacturing,temperature_eps4.0,budget_absorption,4.0,8,1,4.0,4,4,0.0,132.26953462370093,0.6613476731185046,0.31336286516156076,0.508,10.0,250
manufacturing,temperature_eps4.0,budget_absorption,4.0,8,1,8.0,4,4,0.0,62.928124005041816,0.3146406200252091,0.2973676422690601,0.472,10.0,250
manufacturing,temperature_eps4.0,budget_absorption,4.0,8,1,16.0,4,4,0.0,43.5151377175534,0.217575688587767,0.24081558967810207,0.412,10.0,250
manufacturing,temperature_eps4.0,budget_absorption,4.0,8,2,,4,4,0.0,43.5151377175534,0.217575688587767,0.24081558967810207,0.412,10.0,250
manufacturing,temperature_eps4.0,budget_absorption,4.0,8,2,4.0,4,4,0.0,132.26953462370093,0.6613476731185046,0.31336286516156076,0.508,10.0,250
manufacturing,temperature_eps4.0,budget_absorption,4.0,8,2,8.0,4,4,0.0,62.928124005041816,0.3146406200252091,0.2973676422690601,0.472,10.0,250
manufacturing,temperature_eps4.0,budget_absorption,4.0,8,2,16.0,4,4,0.0,43.5151377175534,0.217575688587767,0.24081558967810207,0.412,10.0,250
manufacturing,temperature_eps4.0,budget_absorption,4.0,8,3,,4,4,0.0,43.5151377175534,0.217575688587767,0.24081558967810207,0.412,10.0,250
manufacturing,temperature_eps4.0,budget_absorption,4.0,8,3,4.0,4,4,0.0,132.26953462370093,0.6613476731185046,0.31336286516156076,0.508,10.0,250
manufacturing,temperature_eps4.0,budget_absorption,4.0,8,3,8.0,4,4,0.0,62.928124005041816,0.3146406200252091,0.2973676422690601,0.472,10.0,250
manufacturing,temperature_eps4.0,budget_absorption,4.0,8,3,16.0,4,4,0.0,43.5151377175534,0.217575688587767,0.24081558967810207,0.412,10.0,250
manufacturing,temperature_eps4.0,budget_absorption,4.0,8,4,,4,4,0.0,43.5151377175534,0.217575688587767,0.24081558967810207,0.412,10.0,250
manufacturing,temperature_eps4.0,budget_absorption,4.0,8,4,4.0,4,4,0.0,132.26953462370093,0.6613476731185046,0.31336286516156076,0.508,10.0,250
manufacturing,temperature_eps4.0,budget_absorption,4.0,8,4,8.0,4,4,0.0,62.928124005041816,0.3146406200252091,0.2973676422690601,0.472,10.0,250
manufacturing,temperature_eps4.0,budget_absorption,4.0,8,4,16.0,4,4,0.0,43.5151377175534,0.217575688587767,0.24081558967810207,0.412,10.0,250
manufacturing,temperature_eps4.0,budget_absorption,4.0,8,6,,4,4,0.0,43.5151377175534,0.217575688587767,0.24081558967810207,0.412,10.0,250
manufacturing,temperature_eps4.0,budget_absorption,4.0,8,6,8.0,4,4,0.0,62.928124005041816,0.3146406200252091,0.2973676422690601,0.472,10.0,250
manufacturing,temperature_eps4.0,budget_absorption,4.0,8,6,16.0,4,4,0.0,43.5151377175534,0.217575688587767,0.24081558967810207,0.412,10.0,250
manufacturing,temperature_eps4.0,p_gated_uniform,4.0,8,1,,1,0,0.0,37.53712916545643,0.18768564582728214,0.802911747977836,1.0,10.0,1000
manufacturing,temperature_eps4.0,p_gated_uniform,4.0,8,1,4.0,1,0,0.0,93.84282291364109,0.46921411456820544,0.809761766046773,1.0,10.0,1000
manufacturing,temperature_eps4.0,p_gated_uniform,4.0,8,1,8.0,1,0,0.0,46.92141145682054,0.23460705728410272,0.8051816244302319,1.0,10.0,1000
manufacturing,temperature_eps4.0,p_gated_uniform,4.0,8,1,16.0,1,0,0.0,37.53712916545643,0.18768564582728214,0.802911747977836,1.0,10.0,1000
manufacturing,temperature_eps4.0,p_gated_uniform,4.0,8,2,,1,0,0.0,37.53712916545643,0.18768564582728214,0.802911747977836,1.0,10.0,1000
manufacturing,temperature_eps4.0,p_gated_uniform,4.0,8,2,4.0,1,0,0.0,93.84282291364109,0.46921411456820544,0.809761766046773,1.0,10.0,1000
manufacturing,temperature_eps4.0,p_gated_uniform,4.0,8,2,8.0,1,0,0.0,46.92141145682054,0.23460705728410272,0.8051816244302319,1.0,10.0,1000
manufacturing,temperature_eps4.0,p_gated_uniform,4.0,8,2,16.0,1,0,0.0,37.53712916545643,0.18768564582728214,0.802911747977836,1.0,10.0,1000
manufacturing,temperature_eps4.0,p_gated_uniform,4.0,8,3,,1,0,0.0,37.53712916545643,0.18768564582728214,0.802911747977836,1.0,10.0,1000
manufacturing,temperature_eps4.0,p_gated_uniform,4.0,8,3,4.0,1,0,0.0,93.84282291364109,0.46921411456820544,0.809761766046773,1.0,10.0,1000
manufacturing,temperature_eps4.0,p_gated_uniform,4.0,8,3,8.0,1,0,0.0,46.92141145682054,0.23460705728410272,0.8051816244302319,1.0,10.0,1000
manufacturing,temperature_eps4.0,p_gated_uniform,4.0,8,3,16.0,1,0,0.0,37.53712916545643,0.18768564582728214,0.802911747977836,1.0,10.0,1000
manufacturing,temperature_eps4.0,p_gated_uniform,4.0,8,4,,1,0,0.0,37.53712916545643,0.18768564582728214,0.802911747977836,1.0,10.0,1000
manufacturing,temperature_eps4.0,p_gated_uniform,4.0,8,4,4.0,1,0,0.0,93.84282291364109,0.46921411456820544,0.809761766046773,1.0,10.0,1000
manufacturing,temperature_eps4.0,p_gated_uniform,4.0,8,4,8.0,1,0,0.0,46.92141145682054,0.23460705728410272,0.8051816244302319,1.0,10.0,1000
manufacturing,temperature_eps4.0,p_gated_uniform,4.0,8,4,16.0,1,0,0.0,37.53712916545643,0.18768564582728214,0.802911747977836,1.0,10.0,1000
manufacturing,temperature_eps4.0,p_gated_uniform,4.0,8,6,,1,0,0.0,37.53712916545643,0.18768564582728214,0.802911747977836,1.0,10.0,1000
manufacturing,temperature_eps4.0,p_gated_uniform,4.0,8,6,8.0,1,0,0.0,46.92141145682054,0.23460705728410272,0.8051816244302319,1.0,10.0,1000
manufacturing,temperature_eps4.0,p_gated_uniform,4.0,8,6,16.0,1,0,0.0,37.53712916545643,0.18768564582728214,0.802911747977836,1.0,10.0,1000
manufacturing,temperature_eps4.0,p_gated_uniform,4.0,8,1,,1,2,0.0,37.53712916545643,0.18768564582728214,0.802911747977836,1.0,10.0,1000
manufacturing,temperature_eps4.0,p_gated_uniform,4.0,8,1,4.0,1,2,0.0,93.84282291364109,0.46921411456820544,0.809761766046773,1.0,10.0,1000
manufacturing,temperature_eps4.0,p_gated_uniform,4.0,8,1,8.0,1,2,0.0,46.92141145682054,0.23460705728410272,0.8051816244302319,1.0,10.0,1000
manufacturing,temperature_eps4.0,p_gated_uniform,4.0,8,1,16.0,1,2,0.0,37.53712916545643,0.18768564582728214,0.802911747977836,1.0,10.0,1000
manufacturing,temperature_eps4.0,p_gated_uniform,4.0,8,2,,1,2,0.0,37.53712916545643,0.18768564582728214,0.802911747977836,1.0,10.0,1000
manufacturing,temperature_eps4.0,p_gated_uniform,4.0,8,2,4.0,1,2,0.0,93.84282291364109,0.46921411456820544,0.809761766046773,1.0,10.0,1000
manufacturing,temperature_eps4.0,p_gated_uniform,4.0,8,2,8.0,1,2,0.0,46.92141145682054,0.23460705728410272,0.8051816244302319,1.0,10.0,1000
manufacturing,temperature_eps4.0,p_gated_uniform,4.0,8,2,16.0,1,2,0.0,37.53712916545643,0.18768564582728214,0.802911747977836,1.0,10.0,1000
manufacturing,temperature_eps4.0,p_gated_uniform,4.0,8,3,,1,2,0.0,37.53712916545643,0.18768564582728214,0.802911747977836,1.0,10.0,1000
manufacturing,temperature_eps4.0,p_gated_uniform,4.0,8,3,4.0,1,2,0.0,93.84282291364109,0.46921411456820544,0.809761766046773,1.0,10.0,1000
manufacturing,temperature_eps4.0,p_gated_uniform,4.0,8,3,8.0,1,2,0.0,46.92141145682054,0.23460705728410272,0.8051816244302319,1.0,10.0,1000
manufacturing,temperature_eps4.0,p_gated_uniform,4.0,8,3,16.0,1,2,0.0,37.53712916545643,0.18768564582728214,0.802911747977836,1.0,10.0,1000
manufacturing,temperature_eps4.0,p_gated_uniform,4.0,8,4,,1,2,0.0,37.53712916545643,0.18768564582728214,0.802911747977836,1.0,10.0,1000
manufacturing,temperature_eps4.0,p_gated_uniform,4.0,8,4,4.0,1,2,0.0,93.84282291364109,0.46921411456820544,0.809761766046773,1.0,10.0,1000
manufacturing,temperature_eps4.0,p_gated_uniform,4.0,8,4,8.0,1,2,0.0,46.92141145682054,0.23460705728410272,0.8051816244302319,1.0,10.0,1000
manufacturing,temperature_eps4.0,p_gated_uniform,4.0,8,4,16.0,1,2,0.0,37.53712916545643,0.18768564582728214,0.802911747977836,1.0,10.0,1000
manufacturing,temperature_eps4.0,p_gated_uniform,4.0,8,6,,1,2,0.0,37.53712916545643,0.18768564582728214,0.802911747977836,1.0,10.0,1000
manufacturing,temperature_eps4.0,p_gated_uniform,4.0,8,6,8.0,1,2,0.0,46.92141145682054,0.23460705728410272,0.8051816244302319,1.0,10.0,1000
manufacturing,temperature_eps4.0,p_gated_uniform,4.0,8,6,16.0,1,2,0.0,37.53712916545643,0.18768564582728214,0.802911747977836,1.0,10.0,1000
manufacturing,temperature_eps4.0,p_gated_uniform,4.0,8,1,,1,4,0.0,37.53712916545643,0.18768564582728214,0.802911747977836,1.0,10.0,1000
manufacturing,temperature_eps4.0,p_gated_uniform,4.0,8,1,4.0,1,4,0.0,93.84282291364109,0.46921411456820544,0.809761766046773,1.0,10.0,1000
manufacturing,temperature_eps4.0,p_gated_uniform,4.0,8,1,8.0,1,4,0.0,46.92141145682054,0.23460705728410272,0.8051816244302319,1.0,10.0,1000
manufacturing,temperature_eps4.0,p_gated_uniform,4.0,8,1,16.0,1,4,0.0,37.53712916545643,0.18768564582728214,0.802911747977836,1.0,10.0,1000
manufacturing,temperature_eps4.0,p_gated_uniform,4.0,8,2,,1,4,0.0,37.53712916545643,0.18768564582728214,0.802911747977836,1.0,10.0,1000
manufacturing,temperature_eps4.0,p_gated_uniform,4.0,8,2,4.0,1,4,0.0,93.84282291364109,0.46921411456820544,0.809761766046773,1.0,10.0,1000
manufacturing,temperature_eps4.0,p_gated_uniform,4.0,8,2,8.0,1,4,0.0,46.92141145682054,0.23460705728410272,0.8051816244302319,1.0,10.0,1000
manufacturing,temperature_eps4.0,p_gated_uniform,4.0,8,2,16.0,1,4,0.0,37.53712916545643,0.18768564582728214,0.802911747977836,1.0,10.0,1000
manufacturing,temperature_eps4.0,p_gated_uniform,4.0,8,3,,1,4,0.0,37.53712916545643,0.18768564582728214,0.802911747977836,1.0,10.0,1000
manufacturing,temperature_eps4.0,p_gated_uniform,4.0,8,3,4.0,1,4,0.0,93.84282291364109,0.46921411456820544,0.809761766046773,1.0,10.0,1000
manufacturing,temperature_eps4.0,p_gated_uniform,4.0,8,3,8.0,1,4,0.0,46.92141145682054,0.23460705728410272,0.8051816244302319,1.0,10.0,1000
manufacturing,temperature_eps4.0,p_gated_uniform,4.0,8,3,16.0,1,4,0.0,37.53712916545643,0.18768564582728214,0.802911747977836,1.0,10.0,1000
manufacturing,temperature_eps4.0,p_gated_uniform,4.0,8,4,,1,4,0.0,37.53712916545643,0.18768564582728214,0.802911747977836,1.0,10.0,1000
manufacturing,temperature_eps4.0,p_gated_uniform,4.0,8,4,4.0,1,4,0.0,93.84282291364109,0.46921411456820544,0.809761766046773,1.0,10.0,1000
manufacturing,temperature_eps4.0,p_gated_uniform,4.0,8,4,8.0,1,4,0.0,46.92141145682054,0.23460705728410272,0.8051816244302319,1.0,10.0,1000
manufacturing,temperature_eps4.0,p_gated_uniform,4.0,8,4,16.0,1,4,0.0,37.53712916545643,0.18768564582728214,0.802911747977836,1.0,10.0,1000
manufacturing,temperature_eps4.0,p_gated_uniform,4.0,8,6,,1,4,0.0,37.53712916545643,0.18768564582728214,0.802911747977836,1.0,10.0,1000
manufacturing,temperature_eps4.0,p_gated_uniform,4.0,8,6,8.0,1,4,0.0,46.92141145682054,0.23460705728410272,0.8051816244302319,1.0,10.0,1000
manufacturing,temperature_eps4.0,p_gated_uniform,4.0,8,6,16.0,1,4,0.0,37.53712916545643,0.18768564582728214,0.802911747977836,1.0,10.0,1000
manufacturing,temperature_eps4.0,p_gated_uniform,4.0,8,1,,2,0,0.0,39.16782971231329,0.19583914856156645,0.9385350952160737,1.0,10.0,500
manufacturing,temperature_eps4.0,p_gated_uniform,4.0,8,1,4.0,2,0,0.0,97.91957428078324,0.4895978714039162,0.9490903643373501,1.0,10.0,500
manufacturing,temperature_eps4.0,p_gated_uniform,4.0,8,1,8.0,2,0,0.0,48.95978714039162,0.2447989357019581,0.9385350952160737,1.0,10.0,500
manufacturing,temperature_eps4.0,p_gated_uniform,4.0,8,1,16.0,2,0,0.0,39.16782971231329,0.19583914856156645,0.9385350952160737,1.0,10.0,500
manufacturing,temperature_eps4.0,p_gated_uniform,4.0,8,2,,2,0,0.0,39.16782971231329,0.19583914856156645,0.9385350952160737,1.0,10.0,500
manufacturing,temperature_eps4.0,p_gated_uniform,4.0,8,2,4.0,2,0,0.0,97.91957428078324,0.4895978714039162,0.9490903643373501,1.0,10.0,500
manufacturing,temperature_eps4.0,p_gated_uniform,4.0,8,2,8.0,2,0,0.0,48.95978714039162,0.2447989357019581,0.9385350952160737,1.0,10.0,500
manufacturing,temperature_eps4.0,p_gated_uniform,4.0,8,2,16.0,2,0,0.0,39.16782971231329,0.19583914856156645,0.9385350952160737,1.0,10.0,500
manufacturing,temperature_eps4.0,p_gated_uniform,4.0,8,3,,2,0,0.0,39.16782971231329,0.19583914856156645,0.9385350952160737,1.0,10.0,500
manufacturing,temperature_eps4.0,p_gated_uniform,4.0,8,3,4.0,2,0,0.0,97.91957428078324,0.4895978714039162,0.9490903643373501,1.0,10.0,500
manufacturing,temperature_eps4.0,p_gated_uniform,4.0,8,3,8.0,2,0,0.0,48.95978714039162,0.2447989357019581,0.9385350952160737,1.0,10.0,500
manufacturing,temperature_eps4.0,p_gated_uniform,4.0,8,3,16.0,2,0,0.0,39.16782971231329,0.19583914856156645,0.9385350952160737,1.0,10.0,500
manufacturing,temperature_eps4.0,p_gated_uniform,4.0,8,4,,2,0,0.0,39.16782971231329,0.19583914856156645,0.9385350952160737,1.0,10.0,500
manufacturing,temperature_eps4.0,p_gated_uniform,4.0,8,4,4.0,2,0,0.0,97.91957428078324,0.4895978714039162,0.9490903643373501,1.0,10.0,500
manufacturing,temperature_eps4.0,p_gated_uniform,4.0,8,4,8.0,2,0,0.0,48.95978714039162,0.2447989357019581,0.9385350952160737,1.0,10.0,500
manufacturing,temperature_eps4.0,p_gated_uniform,4.0,8,4,16.0,2,0,0.0,39.16782971231329,0.19583914856156645,0.9385350952160737,1.0,10.0,500
manufacturing,temperature_eps4.0,p_gated_uniform,4.0,8,6,,2,0,0.0,39.16782971231329,0.19583914856156645,0.9385350952160737,1.0,10.0,500
manufacturing,temperature_eps4.0,p_gated_uniform,4.0,8,6,8.0,2,0,0.0,48.95978714039162,0.2447989357019581,0.9385350952160737,1.0,10.0,500
manufacturing,temperature_eps4.0,p_gated_uniform,4.0,8,6,16.0,2,0,0.0,39.16782971231329,0.19583914856156645,0.9385350952160737,1.0,10.0,500
manufacturing,temperature_eps4.0,p_gated_uniform,4.0,8,1,,2,2,0.0,39.16782971231329,0.19583914856156645,0.9385350952160737,1.0,10.0,500
manufacturing,temperature_eps4.0,p_gated_uniform,4.0,8,1,4.0,2,2,0.0,97.91957428078324,0.4895978714039162,0.9490903643373501,1.0,10.0,500
manufacturing,temperature_eps4.0,p_gated_uniform,4.0,8,1,8.0,2,2,0.0,48.95978714039162,0.2447989357019581,0.9385350952160737,1.0,10.0,500
manufacturing,temperature_eps4.0,p_gated_uniform,4.0,8,1,16.0,2,2,0.0,39.16782971231329,0.19583914856156645,0.9385350952160737,1.0,10.0,500
manufacturing,temperature_eps4.0,p_gated_uniform,4.0,8,2,,2,2,0.0,39.16782971231329,0.19583914856156645,0.9385350952160737,1.0,10.0,500
manufacturing,temperature_eps4.0,p_gated_uniform,4.0,8,2,4.0,2,2,0.0,97.91957428078324,0.4895978714039162,0.9490903643373501,1.0,10.0,500
manufacturing,temperature_eps4.0,p_gated_uniform,4.0,8,2,8.0,2,2,0.0,48.95978714039162,0.2447989357019581,0.9385350952160737,1.0,10.0,500
manufacturing,temperature_eps4.0,p_gated_uniform,4.0,8,2,16.0,2,2,0.0,39.16782971231329,0.19583914856156645,0.9385350952160737,1.0,10.0,500
manufacturing,temperature_eps4.0,p_gated_uniform,4.0,8,3,,2,2,0.0,39.16782971231329,0.19583914856156645,0.9385350952160737,1.0,10.0,500
manufacturing,temperature_eps4.0,p_gated_uniform,4.0,8,3,4.0,2,2,0.0,97.91957428078324,0.4895978714039162,0.9490903643373501,1.0,10.0,500
manufacturing,temperature_eps4.0,p_gated_uniform,4.0,8,3,8.0,2,2,0.0,48.95978714039162,0.2447989357019581,0.9385350952160737,1.0,10.0,500
manufacturing,temperature_eps4.0,p_gated_uniform,4.0,8,3,16.0,2,2,0.0,39.16782971231329,0.19583914856156645,0.9385350952160737,1.0,10.0,500
manufacturing,temperature_eps4.0,p_gated_uniform,4.0,8,4,,2,2,0.0,39.16782971231329,0.19583914856156645,0.9385350952160737,1.0,10.0,500
manufacturing,temperature_eps4.0,p_gated_uniform,4.0,8,4,4.0,2,2,0.0,97.91957428078324,0.4895978714039162,0.9490903643373501,1.0,10.0,500
manufacturing,temperature_eps4.0,p_gated_uniform,4.0,8,4,8.0,2,2,0.0,48.95978714039162,0.2447989357019581,0.9385350952160737,1.0,10.0,500
manufacturing,temperature_eps4.0,p_gated_uniform,4.0,8,4,16.0,2,2,0.0,39.16782971231329,0.19583914856156645,0.9385350952160737,1.0,10.0,500
manufacturing,temperature_eps4.0,p_gated_uniform,4.0,8,6,,2,2,0.0,39.16782971231329,0.19583914856156645,0.9385350952160737,1.0,10.0,500
manufacturing,temperature_eps4.0,p_gated_uniform,4.0,8,6,8.0,2,2,0.0,48.95978714039162,0.2447989357019581,0.9385350952160737,1.0,10.0,500
manufacturing,temperature_eps4.0,p_gated_uniform,4.0,8,6,16.0,2,2,0.0,39.16782971231329,0.19583914856156645,0.9385350952160737,1.0,10.0,500
manufacturing,temperature_eps4.0,p_gated_uniform,4.0,8,1,,2,4,0.0,39.16782971231329,0.19583914856156645,0.9385350952160737,1.0,10.0,500
manufacturing,temperature_eps4.0,p_gated_uniform,4.0,8,1,4.0,2,4,0.0,97.91957428078324,0.4895978714039162,0.9490903643373501,1.0,10.0,500
manufacturing,temperature_eps4.0,p_gated_uniform,4.0,8,1,8.0,2,4,0.0,48.95978714039162,0.2447989357019581,0.9385350952160737,1.0,10.0,500
manufacturing,temperature_eps4.0,p_gated_uniform,4.0,8,1,16.0,2,4,0.0,39.16782971231329,0.19583914856156645,0.9385350952160737,1.0,10.0,500
manufacturing,temperature_eps4.0,p_gated_uniform,4.0,8,2,,2,4,0.0,39.16782971231329,0.19583914856156645,0.9385350952160737,1.0,10.0,500
manufacturing,temperature_eps4.0,p_gated_uniform,4.0,8,2,4.0,2,4,0.0,97.91957428078324,0.4895978714039162,0.9490903643373501,1.0,10.0,500
manufacturing,temperature_eps4.0,p_gated_uniform,4.0,8,2,8.0,2,4,0.0,48.95978714039162,0.2447989357019581,0.9385350952160737,1.0,10.0,500
manufacturing,temperature_eps4.0,p_gated_uniform,4.0,8,2,16.0,2,4,0.0,39.16782971231329,0.19583914856156645,0.9385350952160737,1.0,10.0,500
manufacturing,temperature_eps4.0,p_gated_uniform,4.0,8,3,,2,4,0.0,39.16782971231329,0.19583914856156645,0.9385350952160737,1.0,10.0,500
manufacturing,temperature_eps4.0,p_gated_uniform,4.0,8,3,4.0,2,4,0.0,97.91957428078324,0.4895978714039162,0.9490903643373501,1.0,10.0,500
manufacturing,temperature_eps4.0,p_gated_uniform,4.0,8,3,8.0,2,4,0.0,48.95978714039162,0.2447989357019581,0.9385350952160737,1.0,10.0,500
manufacturing,temperature_eps4.0,p_gated_uniform,4.0,8,3,16.0,2,4,0.0,39.16782971231329,0.19583914856156645,0.9385350952160737,1.0,10.0,500
manufacturing,temperature_eps4.0,p_gated_uniform,4.0,8,4,,2,4,0.0,39.16782971231329,0.19583914856156645,0.9385350952160737,1.0,10.0,500
manufacturing,temperature_eps4.0,p_gated_uniform,4.0,8,4,4.0,2,4,0.0,97.91957428078324,0.4895978714039162,0.9490903643373501,1.0,10.0,500
manufacturing,temperature_eps4.0,p_gated_uniform,4.0,8,4,8.0,2,4,0.0,48.95978714039162,0.2447989357019581,0.9385350952160737,1.0,10.0,500
manufacturing,temperature_eps4.0,p_gated_uniform,4.0,8,4,16.0,2,4,0.0,39.16782971231329,0.19583914856156645,0.9385350952160737,1.0,10.0,500
manufacturing,temperature_eps4.0,p_gated_uniform,4.0,8,6,,2,4,0.0,39.16782971231329,0.19583914856156645,0.9385350952160737,1.0,10.0,500
manufacturing,temperature_eps4.0,p_gated_uniform,4.0,8,6,8.0,2,4,0.0,48.95978714039162,0.2447989357019581,0.9385350952160737,1.0,10.0,500
manufacturing,temperature_eps4.0,p_gated_uniform,4.0,8,6,16.0,2,4,0.0,39.16782971231329,0.19583914856156645,0.9385350952160737,1.0,10.0,500
manufacturing,temperature_eps4.0,p_gated_uniform,4.0,8,1,,4,0,0.0,41.23466912419068,0.2061733456209534,0.6932019709654147,1.0,10.0,250
manufacturing,temperature_eps4.0,p_gated_uniform,4.0,8,1,4.0,4,0,0.0,103.08667281047671,0.5154333640523836,0.6932019709654147,1.0,10.0,250
manufacturing,temperature_eps4.0,p_gated_uniform,4.0,8,1,8.0,4,0,0.0,51.54333640523836,0.2577166820261918,0.6932019709654147,1.0,10.0,250
manufacturing,temperature_eps4.0,p_gated_uniform,4.0,8,1,16.0,4,0,0.0,41.23466912419068,0.2061733456209534,0.6932019709654147,1.0,10.0,250
manufacturing,temperature_eps4.0,p_gated_uniform,4.0,8,2,,4,0,0.0,41.23466912419068,0.2061733456209534,0.6932019709654147,1.0,10.0,250
manufacturing,temperature_eps4.0,p_gated_uniform,4.0,8,2,4.0,4,0,0.0,103.08667281047671,0.5154333640523836,0.6932019709654147,1.0,10.0,250
manufacturing,temperature_eps4.0,p_gated_uniform,4.0,8,2,8.0,4,0,0.0,51.54333640523836,0.2577166820261918,0.6932019709654147,1.0,10.0,250
manufacturing,temperature_eps4.0,p_gated_uniform,4.0,8,2,16.0,4,0,0.0,41.23466912419068,0.2061733456209534,0.6932019709654147,1.0,10.0,250
manufacturing,temperature_eps4.0,p_gated_uniform,4.0,8,3,,4,0,0.0,41.23466912419068,0.2061733456209534,0.6932019709654147,1.0,10.0,250
manufacturing,temperature_eps4.0,p_gated_uniform,4.0,8,3,4.0,4,0,0.0,103.08667281047671,0.5154333640523836,0.6932019709654147,1.0,10.0,250
manufacturing,temperature_eps4.0,p_gated_uniform,4.0,8,3,8.0,4,0,0.0,51.54333640523836,0.2577166820261918,0.6932019709654147,1.0,10.0,250
manufacturing,temperature_eps4.0,p_gated_uniform,4.0,8,3,16.0,4,0,0.0,41.23466912419068,0.2061733456209534,0.6932019709654147,1.0,10.0,250
manufacturing,temperature_eps4.0,p_gated_uniform,4.0,8,4,,4,0,0.0,41.23466912419068,0.2061733456209534,0.6932019709654147,1.0,10.0,250
manufacturing,temperature_eps4.0,p_gated_uniform,4.0,8,4,4.0,4,0,0.0,103.08667281047671,0.5154333640523836,0.6932019709654147,1.0,10.0,250
manufacturing,temperature_eps4.0,p_gated_uniform,4.0,8,4,8.0,4,0,0.0,51.54333640523836,0.2577166820261918,0.6932019709654147,1.0,10.0,250
manufacturing,temperature_eps4.0,p_gated_uniform,4.0,8,4,16.0,4,0,0.0,41.23466912419068,0.2061733456209534,0.6932019709654147,1.0,10.0,250
manufacturing,temperature_eps4.0,p_gated_uniform,4.0,8,6,,4,0,0.0,41.23466912419068,0.2061733456209534,0.6932019709654147,1.0,10.0,250
manufacturing,temperature_eps4.0,p_gated_uniform,4.0,8,6,8.0,4,0,0.0,51.54333640523836,0.2577166820261918,0.6932019709654147,1.0,10.0,250
manufacturing,temperature_eps4.0,p_gated_uniform,4.0,8,6,16.0,4,0,0.0,41.23466912419068,0.2061733456209534,0.6932019709654147,1.0,10.0,250
manufacturing,temperature_eps4.0,p_gated_uniform,4.0,8,1,,4,2,0.0,41.23466912419068,0.2061733456209534,0.6932019709654147,1.0,10.0,250
manufacturing,temperature_eps4.0,p_gated_uniform,4.0,8,1,4.0,4,2,0.0,103.08667281047671,0.5154333640523836,0.6932019709654147,1.0,10.0,250
manufacturing,temperature_eps4.0,p_gated_uniform,4.0,8,1,8.0,4,2,0.0,51.54333640523836,0.2577166820261918,0.6932019709654147,1.0,10.0,250
manufacturing,temperature_eps4.0,p_gated_uniform,4.0,8,1,16.0,4,2,0.0,41.23466912419068,0.2061733456209534,0.6932019709654147,1.0,10.0,250
manufacturing,temperature_eps4.0,p_gated_uniform,4.0,8,2,,4,2,0.0,41.23466912419068,0.2061733456209534,0.6932019709654147,1.0,10.0,250
manufacturing,temperature_eps4.0,p_gated_uniform,4.0,8,2,4.0,4,2,0.0,103.08667281047671,0.5154333640523836,0.6932019709654147,1.0,10.0,250
manufacturing,temperature_eps4.0,p_gated_uniform,4.0,8,2,8.0,4,2,0.0,51.54333640523836,0.2577166820261918,0.6932019709654147,1.0,10.0,250
manufacturing,temperature_eps4.0,p_gated_uniform,4.0,8,2,16.0,4,2,0.0,41.23466912419068,0.2061733456209534,0.6932019709654147,1.0,10.0,250
manufacturing,temperature_eps4.0,p_gated_uniform,4.0,8,3,,4,2,0.0,41.23466912419068,0.2061733456209534,0.6932019709654147,1.0,10.0,250
manufacturing,temperature_eps4.0,p_gated_uniform,4.0,8,3,4.0,4,2,0.0,103.08667281047671,0.5154333640523836,0.6932019709654147,1.0,10.0,250
manufacturing,temperature_eps4.0,p_gated_uniform,4.0,8,3,8.0,4,2,0.0,51.54333640523836,0.2577166820261918,0.6932019709654147,1.0,10.0,250
manufacturing,temperature_eps4.0,p_gated_uniform,4.0,8,3,16.0,4,2,0.0,41.23466912419068,0.2061733456209534,0.6932019709654147,1.0,10.0,250
manufacturing,temperature_eps4.0,p_gated_uniform,4.0,8,4,,4,2,0.0,41.23466912419068,0.2061733456209534,0.6932019709654147,1.0,10.0,250
manufacturing,temperature_eps4.0,p_gated_uniform,4.0,8,4,4.0,4,2,0.0,103.08667281047671,0.5154333640523836,0.6932019709654147,1.0,10.0,250
manufacturing,temperature_eps4.0,p_gated_uniform,4.0,8,4,8.0,4,2,0.0,51.54333640523836,0.2577166820261918,0.6932019709654147,1.0,10.0,250
manufacturing,temperature_eps4.0,p_gated_uniform,4.0,8,4,16.0,4,2,0.0,41.23466912419068,0.2061733456209534,0.6932019709654147,1.0,10.0,250
manufacturing,temperature_eps4.0,p_gated_uniform,4.0,8,6,,4,2,0.0,41.23466912419068,0.2061733456209534,0.6932019709654147,1.0,10.0,250
manufacturing,temperature_eps4.0,p_gated_uniform,4.0,8,6,8.0,4,2,0.0,51.54333640523836,0.2577166820261918,0.6932019709654147,1.0,10.0,250
manufacturing,temperature_eps4.0,p_gated_uniform,4.0,8,6,16.0,4,2,0.0,41.23466912419068,0.2061733456209534,0.6932019709654147,1.0,10.0,250
manufacturing,temperature_eps4.0,p_gated_uniform,4.0,8,1,,4,4,0.0,41.23466912419068,0.2061733456209534,0.6932019709654147,1.0,10.0,250
manufacturing,temperature_eps4.0,p_gated_uniform,4.0,8,1,4.0,4,4,0.0,103.08667281047671,0.5154333640523836,0.6932019709654147,1.0,10.0,250
manufacturing,temperature_eps4.0,p_gated_uniform,4.0,8,1,8.0,4,4,0.0,51.54333640523836,0.2577166820261918,0.6932019709654147,1.0,10.0,250
manufacturing,temperature_eps4.0,p_gated_uniform,4.0,8,1,16.0,4,4,0.0,41.23466912419068,0.2061733456209534,0.6932019709654147,1.0,10.0,250
manufacturing,temperature_eps4.0,p_gated_uniform,4.0,8,2,,4,4,0.0,41.23466912419068,0.2061733456209534,0.6932019709654147,1.0,10.0,250
manufacturing,temperature_eps4.0,p_gated_uniform,4.0,8,2,4.0,4,4,0.0,103.08667281047671,0.5154333640523836,0.6932019709654147,1.0,10.0,250
manufacturing,temperature_eps4.0,p_gated_uniform,4.0,8,2,8.0,4,4,0.0,51.54333640523836,0.2577166820261918,0.6932019709654147,1.0,10.0,250
manufacturing,temperature_eps4.0,p_gated_uniform,4.0,8,2,16.0,4,4,0.0,41.23466912419068,0.2061733456209534,0.6932019709654147,1.0,10.0,250
manufacturing,temperature_eps4.0,p_gated_uniform,4.0,8,3,,4,4,0.0,41.23466912419068,0.2061733456209534,0.6932019709654147,1.0,10.0,250
manufacturing,temperature_eps4.0,p_gated_uniform,4.0,8,3,4.0,4,4,0.0,103.08667281047671,0.5154333640523836,0.6932019709654147,1.0,10.0,250
manufacturing,temperature_eps4.0,p_gated_uniform,4.0,8,3,8.0,4,4,0.0,51.54333640523836,0.2577166820261918,0.6932019709654147,1.0,10.0,250
manufacturing,temperature_eps4.0,p_gated_uniform,4.0,8,3,16.0,4,4,0.0,41.23466912419068,0.2061733456209534,0.6932019709654147,1.0,10.0,250
manufacturing,temperature_eps4.0,p_gated_uniform,4.0,8,4,,4,4,0.0,41.23466912419068,0.2061733456209534,0.6932019709654147,1.0,10.0,250
manufacturing,temperature_eps4.0,p_gated_uniform,4.0,8,4,4.0,4,4,0.0,103.08667281047671,0.5154333640523836,0.6932019709654147,1.0,10.0,250
manufacturing,temperature_eps4.0,p_gated_uniform,4.0,8,4,8.0,4,4,0.0,51.54333640523836,0.2577166820261918,0.6932019709654147,1.0,10.0,250
manufacturing,temperature_eps4.0,p_gated_uniform,4.0,8,4,16.0,4,4,0.0,41.23466912419068,0.2061733456209534,0.6932019709654147,1.0,10.0,250
manufacturing,temperature_eps4.0,p_gated_uniform,4.0,8,6,,4,4,0.0,41.23466912419068,0.2061733456209534,0.6932019709654147,1.0,10.0,250
manufacturing,temperature_eps4.0,p_gated_uniform,4.0,8,6,8.0,4,4,0.0,51.54333640523836,0.2577166820261918,0.6932019709654147,1.0,10.0,250
manufacturing,temperature_eps4.0,p_gated_uniform,4.0,8,6,16.0,4,4,0.0,41.23466912419068,0.2061733456209534,0.6932019709654147,1.0,10.0,250
manufacturing,temperature_eps4.0,p_gated_sample,4.0,8,1,,1,0,0.0,4.869143896378216,0.02434571948189108,0.5311015284351697,0.125,10.0,1000
manufacturing,temperature_eps4.0,p_gated_sample,4.0,8,1,4.0,1,0,0.0,11.99104032507893,0.05995520162539465,0.9903539316601973,0.125,10.0,1000
manufacturing,temperature_eps4.0,p_gated_sample,4.0,8,1,8.0,1,0,0.0,6.051109519739157,0.030255547598695785,0.6217567175002656,0.125,10.0,1000
manufacturing,temperature_eps4.0,p_gated_sample,4.0,8,1,16.0,1,0,0.0,4.869143896378216,0.02434571948189108,0.5311015284351697,0.125,10.0,1000
manufacturing,temperature_eps4.0,p_gated_sample,4.0,8,2,,1,0,0.0,4.869143896378216,0.02434571948189108,0.5311015284351697,0.125,10.0,1000
manufacturing,temperature_eps4.0,p_gated_sample,4.0,8,2,4.0,1,0,0.0,11.99104032507893,0.05995520162539465,0.9903539316601973,0.125,10.0,1000
manufacturing,temperature_eps4.0,p_gated_sample,4.0,8,2,8.0,1,0,0.0,6.051109519739157,0.030255547598695785,0.6217567175002656,0.125,10.0,1000
manufacturing,temperature_eps4.0,p_gated_sample,4.0,8,2,16.0,1,0,0.0,4.869143896378216,0.02434571948189108,0.5311015284351697,0.125,10.0,1000
manufacturing,temperature_eps4.0,p_gated_sample,4.0,8,3,,1,0,0.0,4.869143896378216,0.02434571948189108,0.5311015284351697,0.125,10.0,1000
manufacturing,temperature_eps4.0,p_gated_sample,4.0,8,3,4.0,1,0,0.0,11.99104032507893,0.05995520162539465,0.9903539316601973,0.125,10.0,1000
manufacturing,temperature_eps4.0,p_gated_sample,4.0,8,3,8.0,1,0,0.0,6.051109519739157,0.030255547598695785,0.6217567175002656,0.125,10.0,1000
manufacturing,temperature_eps4.0,p_gated_sample,4.0,8,3,16.0,1,0,0.0,4.869143896378216,0.02434571948189108,0.5311015284351697,0.125,10.0,1000
manufacturing,temperature_eps4.0,p_gated_sample,4.0,8,4,,1,0,0.0,4.869143896378216,0.02434571948189108,0.5311015284351697,0.125,10.0,1000
manufacturing,temperature_eps4.0,p_gated_sample,4.0,8,4,4.0,1,0,0.0,11.99104032507893,0.05995520162539465,0.9903539316601973,0.125,10.0,1000
manufacturing,temperature_eps4.0,p_gated_sample,4.0,8,4,8.0,1,0,0.0,6.051109519739157,0.030255547598695785,0.6217567175002656,0.125,10.0,1000
manufacturing,temperature_eps4.0,p_gated_sample,4.0,8,4,16.0,1,0,0.0,4.869143896378216,0.02434571948189108,0.5311015284351697,0.125,10.0,1000
manufacturing,temperature_eps4.0,p_gated_sample,4.0,8,6,,1,0,0.0,4.869143896378216,0.02434571948189108,0.5311015284351697,0.125,10.0,1000
manufacturing,temperature_eps4.0,p_gated_sample,4.0,8,6,8.0,1,0,0.0,6.051109519739157,0.030255547598695785,0.6217567175002656,0.125,10.0,1000
manufacturing,temperature_eps4.0,p_gated_sample,4.0,8,6,16.0,1,0,0.0,4.869143896378216,0.02434571948189108,0.5311015284351697,0.125,10.0,1000
manufacturing,temperature_eps4.0,p_gated_sample,4.0,8,1,,1,2,0.0,4.869143896378216,0.02434571948189108,0.5311015284351697,0.125,10.0,1000
manufacturing,temperature_eps4.0,p_gated_sample,4.0,8,1,4.0,1,2,0.0,11.99104032507893,0.05995520162539465,0.9903539316601973,0.125,10.0,1000
manufacturing,temperature_eps4.0,p_gated_sample,4.0,8,1,8.0,1,2,0.0,6.051109519739157,0.030255547598695785,0.6217567175002656,0.125,10.0,1000
manufacturing,temperature_eps4.0,p_gated_sample,4.0,8,1,16.0,1,2,0.0,4.869143896378216,0.02434571948189108,0.5311015284351697,0.125,10.0,1000
manufacturing,temperature_eps4.0,p_gated_sample,4.0,8,2,,1,2,0.0,4.869143896378216,0.02434571948189108,0.5311015284351697,0.125,10.0,1000
manufacturing,temperature_eps4.0,p_gated_sample,4.0,8,2,4.0,1,2,0.0,11.99104032507893,0.05995520162539465,0.9903539316601973,0.125,10.0,1000
manufacturing,temperature_eps4.0,p_gated_sample,4.0,8,2,8.0,1,2,0.0,6.051109519739157,0.030255547598695785,0.6217567175002656,0.125,10.0,1000
manufacturing,temperature_eps4.0,p_gated_sample,4.0,8,2,16.0,1,2,0.0,4.869143896378216,0.02434571948189108,0.5311015284351697,0.125,10.0,1000
manufacturing,temperature_eps4.0,p_gated_sample,4.0,8,3,,1,2,0.0,4.869143896378216,0.02434571948189108,0.5311015284351697,0.125,10.0,1000
manufacturing,temperature_eps4.0,p_gated_sample,4.0,8,3,4.0,1,2,0.0,11.99104032507893,0.05995520162539465,0.9903539316601973,0.125,10.0,1000
manufacturing,temperature_eps4.0,p_gated_sample,4.0,8,3,8.0,1,2,0.0,6.051109519739157,0.030255547598695785,0.6217567175002656,0.125,10.0,1000
manufacturing,temperature_eps4.0,p_gated_sample,4.0,8,3,16.0,1,2,0.0,4.869143896378216,0.02434571948189108,0.5311015284351697,0.125,10.0,1000
manufacturing,temperature_eps4.0,p_gated_sample,4.0,8,4,,1,2,0.0,4.869143896378216,0.02434571948189108,0.5311015284351697,0.125,10.0,1000
manufacturing,temperature_eps4.0,p_gated_sample,4.0,8,4,4.0,1,2,0.0,11.99104032507893,0.05995520162539465,0.9903539316601973,0.125,10.0,1000
manufacturing,temperature_eps4.0,p_gated_sample,4.0,8,4,8.0,1,2,0.0,6.051109519739157,0.030255547598695785,0.6217567175002656,0.125,10.0,1000
manufacturing,temperature_eps4.0,p_gated_sample,4.0,8,4,16.0,1,2,0.0,4.869143896378216,0.02434571948189108,0.5311015284351697,0.125,10.0,1000
manufacturing,temperature_eps4.0,p_gated_sample,4.0,8,6,,1,2,0.0,4.869143896378216,0.02434571948189108,0.5311015284351697,0.125,10.0,1000
manufacturing,temperature_eps4.0,p_gated_sample,4.0,8,6,8.0,1,2,0.0,6.051109519739157,0.030255547598695785,0.6217567175002656,0.125,10.0,1000
manufacturing,temperature_eps4.0,p_gated_sample,4.0,8,6,16.0,1,2,0.0,4.869143896378216,0.02434571948189108,0.5311015284351697,0.125,10.0,1000
manufacturing,temperature_eps4.0,p_gated_sample,4.0,8,1,,1,4,0.0,4.869143896378216,0.02434571948189108,0.5311015284351697,0.125,10.0,1000
manufacturing,temperature_eps4.0,p_gated_sample,4.0,8,1,4.0,1,4,0.0,11.99104032507893,0.05995520162539465,0.9903539316601973,0.125,10.0,1000
manufacturing,temperature_eps4.0,p_gated_sample,4.0,8,1,8.0,1,4,0.0,6.051109519739157,0.030255547598695785,0.6217567175002656,0.125,10.0,1000
manufacturing,temperature_eps4.0,p_gated_sample,4.0,8,1,16.0,1,4,0.0,4.869143896378216,0.02434571948189108,0.5311015284351697,0.125,10.0,1000
manufacturing,temperature_eps4.0,p_gated_sample,4.0,8,2,,1,4,0.0,4.869143896378216,0.02434571948189108,0.5311015284351697,0.125,10.0,1000
manufacturing,temperature_eps4.0,p_gated_sample,4.0,8,2,4.0,1,4,0.0,11.99104032507893,0.05995520162539465,0.9903539316601973,0.125,10.0,1000
manufacturing,temperature_eps4.0,p_gated_sample,4.0,8,2,8.0,1,4,0.0,6.051109519739157,0.030255547598695785,0.6217567175002656,0.125,10.0,1000
manufacturing,temperature_eps4.0,p_gated_sample,4.0,8,2,16.0,1,4,0.0,4.869143896378216,0.02434571948189108,0.5311015284351697,0.125,10.0,1000
manufacturing,temperature_eps4.0,p_gated_sample,4.0,8,3,,1,4,0.0,4.869143896378216,0.02434571948189108,0.5311015284351697,0.125,10.0,1000
manufacturing,temperature_eps4.0,p_gated_sample,4.0,8,3,4.0,1,4,0.0,11.99104032507893,0.05995520162539465,0.9903539316601973,0.125,10.0,1000
manufacturing,temperature_eps4.0,p_gated_sample,4.0,8,3,8.0,1,4,0.0,6.051109519739157,0.030255547598695785,0.6217567175002656,0.125,10.0,1000
manufacturing,temperature_eps4.0,p_gated_sample,4.0,8,3,16.0,1,4,0.0,4.869143896378216,0.02434571948189108,0.5311015284351697,0.125,10.0,1000
manufacturing,temperature_eps4.0,p_gated_sample,4.0,8,4,,1,4,0.0,4.869143896378216,0.02434571948189108,0.5311015284351697,0.125,10.0,1000
manufacturing,temperature_eps4.0,p_gated_sample,4.0,8,4,4.0,1,4,0.0,11.99104032507893,0.05995520162539465,0.9903539316601973,0.125,10.0,1000
manufacturing,temperature_eps4.0,p_gated_sample,4.0,8,4,8.0,1,4,0.0,6.051109519739157,0.030255547598695785,0.6217567175002656,0.125,10.0,1000
manufacturing,temperature_eps4.0,p_gated_sample,4.0,8,4,16.0,1,4,0.0,4.869143896378216,0.02434571948189108,0.5311015284351697,0.125,10.0,1000
manufacturing,temperature_eps4.0,p_gated_sample,4.0,8,6,,1,4,0.0,4.869143896378216,0.02434571948189108,0.5311015284351697,0.125,10.0,1000
manufacturing,temperature_eps4.0,p_gated_sample,4.0,8,6,8.0,1,4,0.0,6.051109519739157,0.030255547598695785,0.6217567175002656,0.125,10.0,1000
manufacturing,temperature_eps4.0,p_gated_sample,4.0,8,6,16.0,1,4,0.0,4.869143896378216,0.02434571948189108,0.5311015284351697,0.125,10.0,1000
manufacturing,temperature_eps4.0,p_gated_sample,4.0,8,1,,2,0,0.0,4.45060426331326,0.022253021316566302,0.8318737425108716,0.126,10.0,500
manufacturing,temperature_eps4.0,p_gated_sample,4.0,8,1,4.0,2,0,0.0,11.069071826256739,0.055345359131283696,1.1138195063240306,0.126,10.0,500
manufacturing,temperature_eps4.0,p_gated_sample,4.0,8,1,8.0,2,0,0.0,5.552347265759954,0.027761736328799767,0.9487893226586951,0.126,10.0,500
manufacturing,temperature_eps4.0,p_gated_sample,4.0,8,1,16.0,2,0,0.0,4.45060426331326,0.022253021316566302,0.8318737425108716,0.126,10.0,500
manufacturing,temperature_eps4.0,p_gated_sample,4.0,8,2,,2,0,0.0,4.45060426331326,0.022253021316566302,0.8318737425108716,0.126,10.0,500
manufacturing,temperature_eps4.0,p_gated_sample,4.0,8,2,4.0,2,0,0.0,11.069071826256739,0.055345359131283696,1.1138195063240306,0.126,10.0,500
manufacturing,temperature_eps4.0,p_gated_sample,4.0,8,2,8.0,2,0,0.0,5.552347265759954,0.027761736328799767,0.9487893226586951,0.126,10.0,500
manufacturing,temperature_eps4.0,p_gated_sample,4.0,8,2,16.0,2,0,0.0,4.45060426331326,0.022253021316566302,0.8318737425108716,0.126,10.0,500
manufacturing,temperature_eps4.0,p_gated_sample,4.0,8,3,,2,0,0.0,4.45060426331326,0.022253021316566302,0.8318737425108716,0.126,10.0,500
manufacturing,temperature_eps4.0,p_gated_sample,4.0,8,3,4.0,2,0,0.0,11.069071826256739,0.055345359131283696,1.1138195063240306,0.126,10.0,500
manufacturing,temperature_eps4.0,p_gated_sample,4.0,8,3,8.0,2,0,0.0,5.552347265759954,0.027761736328799767,0.9487893226586951,0.126,10.0,500
manufacturing,temperature_eps4.0,p_gated_sample,4.0,8,3,16.0,2,0,0.0,4.45060426331326,0.022253021316566302,0.8318737425108716,0.126,10.0,500
manufacturing,temperature_eps4.0,p_gated_sample,4.0,8,4,,2,0,0.0,4.45060426331326,0.022253021316566302,0.8318737425108716,0.126,10.0,500
manufacturing,temperature_eps4.0,p_gated_sample,4.0,8,4,4.0,2,0,0.0,11.069071826256739,0.055345359131283696,1.1138195063240306,0.126,10.0,500
manufacturing,temperature_eps4.0,p_gated_sample,4.0,8,4,8.0,2,0,0.0,5.552347265759954,0.027761736328799767,0.9487893226586951,0.126,10.0,500
manufacturing,temperature_eps4.0,p_gated_sample,4.0,8,4,16.0,2,0,0.0,4.45060426331326,0.022253021316566302,0.8318737425108716,0.126,10.0,500
manufacturing,temperature_eps4.0,p_gated_sample,4.0,8,6,,2,0,0.0,4.45060426331326,0.022253021316566302,0.8318737425108716,0.126,10.0,500
manufacturing,temperature_eps4.0,p_gated_sample,4.0,8,6,8.0,2,0,0.0,5.552347265759954,0.027761736328799767,0.9487893226586951,0.126,10.0,500
manufacturing,temperature_eps4.0,p_gated_sample,4.0,8,6,16.0,2,0,0.0,4.45060426331326,0.022253021316566302,0.8318737425108716,0.126,10.0,500
manufacturing,temperature_eps4.0,p_gated_sample,4.0,8,1,,2,2,0.0,4.45060426331326,0.022253021316566302,0.8318737425108716,0.126,10.0,500
manufacturing,temperature_eps4.0,p_gated_sample,4.0,8,1,4.0,2,2,0.0,11.069071826256739,0.055345359131283696,1.1138195063240306,0.126,10.0,500
manufacturing,temperature_eps4.0,p_gated_sample,4.0,8,1,8.0,2,2,0.0,5.552347265759954,0.027761736328799767,0.9487893226586951,0.126,10.0,500
manufacturing,temperature_eps4.0,p_gated_sample,4.0,8,1,16.0,2,2,0.0,4.45060426331326,0.022253021316566302,0.8318737425108716,0.126,10.0,500
manufacturing,temperature_eps4.0,p_gated_sample,4.0,8,2,,2,2,0.0,4.45060426331326,0.022253021316566302,0.8318737425108716,0.126,10.0,500
manufacturing,temperature_eps4.0,p_gated_sample,4.0,8,2,4.0,2,2,0.0,11.069071826256739,0.055345359131283696,1.1138195063240306,0.126,10.0,500
manufacturing,temperature_eps4.0,p_gated_sample,4.0,8,2,8.0,2,2,0.0,5.552347265759954,0.027761736328799767,0.9487893226586951,0.126,10.0,500
manufacturing,temperature_eps4.0,p_gated_sample,4.0,8,2,16.0,2,2,0.0,4.45060426331326,0.022253021316566302,0.8318737425108716,0.126,10.0,500
manufacturing,temperature_eps4.0,p_gated_sample,4.0,8,3,,2,2,0.0,4.45060426331326,0.022253021316566302,0.8318737425108716,0.126,10.0,500
manufacturing,temperature_eps4.0,p_gated_sample,4.0,8,3,4.0,2,2,0.0,11.069071826256739,0.055345359131283696,1.1138195063240306,0.126,10.0,500
manufacturing,temperature_eps4.0,p_gated_sample,4.0,8,3,8.0,2,2,0.0,5.552347265759954,0.027761736328799767,0.9487893226586951,0.126,10.0,500
manufacturing,temperature_eps4.0,p_gated_sample,4.0,8,3,16.0,2,2,0.0,4.45060426331326,0.022253021316566302,0.8318737425108716,0.126,10.0,500
manufacturing,temperature_eps4.0,p_gated_sample,4.0,8,4,,2,2,0.0,4.45060426331326,0.022253021316566302,0.8318737425108716,0.126,10.0,500
manufacturing,temperature_eps4.0,p_gated_sample,4.0,8,4,4.0,2,2,0.0,11.069071826256739,0.055345359131283696,1.1138195063240306,0.126,10.0,500
manufacturing,temperature_eps4.0,p_gated_sample,4.0,8,4,8.0,2,2,0.0,5.552347265759954,0.027761736328799767,0.9487893226586951,0.126,10.0,500
manufacturing,temperature_eps4.0,p_gated_sample,4.0,8,4,16.0,2,2,0.0,4.45060426331326,0.022253021316566302,0.8318737425108716,0.126,10.0,500
manufacturing,temperature_eps4.0,p_gated_sample,4.0,8,6,,2,2,0.0,4.45060426331326,0.022253021316566302,0.8318737425108716,0.126,10.0,500
manufacturing,temperature_eps4.0,p_gated_sample,4.0,8,6,8.0,2,2,0.0,5.552347265759954,0.027761736328799767,0.9487893226586951,0.126,10.0,500
manufacturing,temperature_eps4.0,p_gated_sample,4.0,8,6,16.0,2,2,0.0,4.45060426331326,0.022253021316566302,0.8318737425108716,0.126,10.0,500
manufacturing,temperature_eps4.0,p_gated_sample,4.0,8,1,,2,4,0.0,4.45060426331326,0.022253021316566302,0.8318737425108716,0.126,10.0,500
manufacturing,temperature_eps4.0,p_gated_sample,4.0,8,1,4.0,2,4,0.0,11.069071826256739,0.055345359131283696,1.1138195063240306,0.126,10.0,500
manufacturing,temperature_eps4.0,p_gated_sample,4.0,8,1,8.0,2,4,0.0,5.552347265759954,0.027761736328799767,0.9487893226586951,0.126,10.0,500
manufacturing,temperature_eps4.0,p_gated_sample,4.0,8,1,16.0,2,4,0.0,4.45060426331326,0.022253021316566302,0.8318737425108716,0.126,10.0,500
manufacturing,temperature_eps4.0,p_gated_sample,4.0,8,2,,2,4,0.0,4.45060426331326,0.022253021316566302,0.8318737425108716,0.126,10.0,500
manufacturing,temperature_eps4.0,p_gated_sample,4.0,8,2,4.0,2,4,0.0,11.069071826256739,0.055345359131283696,1.1138195063240306,0.126,10.0,500
manufacturing,temperature_eps4.0,p_gated_sample,4.0,8,2,8.0,2,4,0.0,5.552347265759954,0.027761736328799767,0.9487893226586951,0.126,10.0,500
manufacturing,temperature_eps4.0,p_gated_sample,4.0,8,2,16.0,2,4,0.0,4.45060426331326,0.022253021316566302,0.8318737425108716,0.126,10.0,500
manufacturing,temperature_eps4.0,p_gated_sample,4.0,8,3,,2,4,0.0,4.45060426331326,0.022253021316566302,0.8318737425108716,0.126,10.0,500
manufacturing,temperature_eps4.0,p_gated_sample,4.0,8,3,4.0,2,4,0.0,11.069071826256739,0.055345359131283696,1.1138195063240306,0.126,10.0,500
manufacturing,temperature_eps4.0,p_gated_sample,4.0,8,3,8.0,2,4,0.0,5.552347265759954,0.027761736328799767,0.9487893226586951,0.126,10.0,500
manufacturing,temperature_eps4.0,p_gated_sample,4.0,8,3,16.0,2,4,0.0,4.45060426331326,0.022253021316566302,0.8318737425108716,0.126,10.0,500
manufacturing,temperature_eps4.0,p_gated_sample,4.0,8,4,,2,4,0.0,4.45060426331326,0.022253021316566302,0.8318737425108716,0.126,10.0,500
manufacturing,temperature_eps4.0,p_gated_sample,4.0,8,4,4.0,2,4,0.0,11.069071826256739,0.055345359131283696,1.1138195063240306,0.126,10.0,500
manufacturing,temperature_eps4.0,p_gated_sample,4.0,8,4,8.0,2,4,0.0,5.552347265759954,0.027761736328799767,0.9487893226586951,0.126,10.0,500
manufacturing,temperature_eps4.0,p_gated_sample,4.0,8,4,16.0,2,4,0.0,4.45060426331326,0.022253021316566302,0.8318737425108716,0.126,10.0,500
manufacturing,temperature_eps4.0,p_gated_sample,4.0,8,6,,2,4,0.0,4.45060426331326,0.022253021316566302,0.8318737425108716,0.126,10.0,500
manufacturing,temperature_eps4.0,p_gated_sample,4.0,8,6,8.0,2,4,0.0,5.552347265759954,0.027761736328799767,0.9487893226586951,0.126,10.0,500
manufacturing,temperature_eps4.0,p_gated_sample,4.0,8,6,16.0,2,4,0.0,4.45060426331326,0.022253021316566302,0.8318737425108716,0.126,10.0,500
manufacturing,temperature_eps4.0,p_gated_sample,4.0,8,1,,4,0,0.0,4.10487336326023,0.02052436681630115,0.8908296005997581,0.128,10.0,250
manufacturing,temperature_eps4.0,p_gated_sample,4.0,8,1,4.0,4,0,0.0,10.18854665954641,0.050942733297732044,0.8908296005997581,0.128,10.0,250
manufacturing,temperature_eps4.0,p_gated_sample,4.0,8,1,8.0,4,0,0.0,5.116324454075289,0.025581622270376445,0.8908296005997581,0.128,10.0,250
manufacturing,temperature_eps4.0,p_gated_sample,4.0,8,1,16.0,4,0,0.0,4.10487336326023,0.02052436681630115,0.8908296005997581,0.128,10.0,250
manufacturing,temperature_eps4.0,p_gated_sample,4.0,8,2,,4,0,0.0,4.10487336326023,0.02052436681630115,0.8908296005997581,0.128,10.0,250
manufacturing,temperature_eps4.0,p_gated_sample,4.0,8,2,4.0,4,0,0.0,10.18854665954641,0.050942733297732044,0.8908296005997581,0.128,10.0,250
manufacturing,temperature_eps4.0,p_gated_sample,4.0,8,2,8.0,4,0,0.0,5.116324454075289,0.025581622270376445,0.8908296005997581,0.128,10.0,250
manufacturing,temperature_eps4.0,p_gated_sample,4.0,8,2,16.0,4,0,0.0,4.10487336326023,0.02052436681630115,0.8908296005997581,0.128,10.0,250
manufacturing,temperature_eps4.0,p_gated_sample,4.0,8,3,,4,0,0.0,4.10487336326023,0.02052436681630115,0.8908296005997581,0.128,10.0,250
manufacturing,temperature_eps4.0,p_gated_sample,4.0,8,3,4.0,4,0,0.0,10.18854665954641,0.050942733297732044,0.8908296005997581,0.128,10.0,250
manufacturing,temperature_eps4.0,p_gated_sample,4.0,8,3,8.0,4,0,0.0,5.116324454075289,0.025581622270376445,0.8908296005997581,0.128,10.0,250
manufacturing,temperature_eps4.0,p_gated_sample,4.0,8,3,16.0,4,0,0.0,4.10487336326023,0.02052436681630115,0.8908296005997581,0.128,10.0,250
manufacturing,temperature_eps4.0,p_gated_sample,4.0,8,4,,4,0,0.0,4.10487336326023,0.02052436681630115,0.8908296005997581,0.128,10.0,250
manufacturing,temperature_eps4.0,p_gated_sample,4.0,8,4,4.0,4,0,0.0,10.18854665954641,0.050942733297732044,0.8908296005997581,0.128,10.0,250
manufacturing,temperature_eps4.0,p_gated_sample,4.0,8,4,8.0,4,0,0.0,5.116324454075289,0.025581622270376445,0.8908296005997581,0.128,10.0,250
manufacturing,temperature_eps4.0,p_gated_sample,4.0,8,4,16.0,4,0,0.0,4.10487336326023,0.02052436681630115,0.8908296005997581,0.128,10.0,250
manufacturing,temperature_eps4.0,p_gated_sample,4.0,8,6,,4,0,0.0,4.10487336326023,0.02052436681630115,0.8908296005997581,0.128,10.0,250
manufacturing,temperature_eps4.0,p_gated_sample,4.0,8,6,8.0,4,0,0.0,5.116324454075289,0.025581622270376445,0.8908296005997581,0.128,10.0,250
manufacturing,temperature_eps4.0,p_gated_sample,4.0,8,6,16.0,4,0,0.0,4.10487336326023,0.02052436681630115,0.8908296005997581,0.128,10.0,250
manufacturing,temperature_eps4.0,p_gated_sample,4.0,8,1,,4,2,0.0,4.10487336326023,0.02052436681630115,0.8908296005997581,0.128,10.0,250
manufacturing,temperature_eps4.0,p_gated_sample,4.0,8,1,4.0,4,2,0.0,10.18854665954641,0.050942733297732044,0.8908296005997581,0.128,10.0,250
manufacturing,temperature_eps4.0,p_gated_sample,4.0,8,1,8.0,4,2,0.0,5.116324454075289,0.025581622270376445,0.8908296005997581,0.128,10.0,250
manufacturing,temperature_eps4.0,p_gated_sample,4.0,8,1,16.0,4,2,0.0,4.10487336326023,0.02052436681630115,0.8908296005997581,0.128,10.0,250
manufacturing,temperature_eps4.0,p_gated_sample,4.0,8,2,,4,2,0.0,4.10487336326023,0.02052436681630115,0.8908296005997581,0.128,10.0,250
manufacturing,temperature_eps4.0,p_gated_sample,4.0,8,2,4.0,4,2,0.0,10.18854665954641,0.050942733297732044,0.8908296005997581,0.128,10.0,250
manufacturing,temperature_eps4.0,p_gated_sample,4.0,8,2,8.0,4,2,0.0,5.116324454075289,0.025581622270376445,0.8908296005997581,0.128,10.0,250
manufacturing,temperature_eps4.0,p_gated_sample,4.0,8,2,16.0,4,2,0.0,4.10487336326023,0.02052436681630115,0.8908296005997581,0.128,10.0,250
manufacturing,temperature_eps4.0,p_gated_sample,4.0,8,3,,4,2,0.0,4.10487336326023,0.02052436681630115,0.8908296005997581,0.128,10.0,250
manufacturing,temperature_eps4.0,p_gated_sample,4.0,8,3,4.0,4,2,0.0,10.18854665954641,0.050942733297732044,0.8908296005997581,0.128,10.0,250
manufacturing,temperature_eps4.0,p_gated_sample,4.0,8,3,8.0,4,2,0.0,5.116324454075289,0.025581622270376445,0.8908296005997581,0.128,10.0,250
manufacturing,temperature_eps4.0,p_gated_sample,4.0,8,3,16.0,4,2,0.0,4.10487336326023,0.02052436681630115,0.8908296005997581,0.128,10.0,250
manufacturing,temperature_eps4.0,p_gated_sample,4.0,8,4,,4,2,0.0,4.10487336326023,0.02052436681630115,0.8908296005997581,0.128,10.0,250
manufacturing,temperature_eps4.0,p_gated_sample,4.0,8,4,4.0,4,2,0.0,10.18854665954641,0.050942733297732044,0.8908296005997581,0.128,10.0,250
manufacturing,temperature_eps4.0,p_gated_sample,4.0,8,4,8.0,4,2,0.0,5.116324454075289,0.025581622270376445,0.8908296005997581,0.128,10.0,250
manufacturing,temperature_eps4.0,p_gated_sample,4.0,8,4,16.0,4,2,0.0,4.10487336326023,0.02052436681630115,0.8908296005997581,0.128,10.0,250
manufacturing,temperature_eps4.0,p_gated_sample,4.0,8,6,,4,2,0.0,4.10487336326023,0.02052436681630115,0.8908296005997581,0.128,10.0,250
manufacturing,temperature_eps4.0,p_gated_sample,4.0,8,6,8.0,4,2,0.0,5.116324454075289,0.025581622270376445,0.8908296005997581,0.128,10.0,250
manufacturing,temperature_eps4.0,p_gated_sample,4.0,8,6,16.0,4,2,0.0,4.10487336326023,0.02052436681630115,0.8908296005997581,0.128,10.0,250
manufacturing,temperature_eps4.0,p_gated_sample,4.0,8,1,,4,4,0.0,4.10487336326023,0.02052436681630115,0.8908296005997581,0.128,10.0,250
manufacturing,temperature_eps4.0,p_gated_sample,4.0,8,1,4.0,4,4,0.0,10.18854665954641,0.050942733297732044,0.8908296005997581,0.128,10.0,250
manufacturing,temperature_eps4.0,p_gated_sample,4.0,8,1,8.0,4,4,0.0,5.116324454075289,0.025581622270376445,0.8908296005997581,0.128,10.0,250
manufacturing,temperature_eps4.0,p_gated_sample,4.0,8,1,16.0,4,4,0.0,4.10487336326023,0.02052436681630115,0.8908296005997581,0.128,10.0,250
manufacturing,temperature_eps4.0,p_gated_sample,4.0,8,2,,4,4,0.0,4.10487336326023,0.02052436681630115,0.8908296005997581,0.128,10.0,250
manufacturing,temperature_eps4.0,p_gated_sample,4.0,8,2,4.0,4,4,0.0,10.18854665954641,0.050942733297732044,0.8908296005997581,0.128,10.0,250
manufacturing,temperature_eps4.0,p_gated_sample,4.0,8,2,8.0,4,4,0.0,5.116324454075289,0.025581622270376445,0.8908296005997581,0.128,10.0,250
manufacturing,temperature_eps4.0,p_gated_sample,4.0,8,2,16.0,4,4,0.0,4.10487336326023,0.02052436681630115,0.8908296005997581,0.128,10.0,250
manufacturing,temperature_eps4.0,p_gated_sample,4.0,8,3,,4,4,0.0,4.10487336326023,0.02052436681630115,0.8908296005997581,0.128,10.0,250
manufacturing,temperature_eps4.0,p_gated_sample,4.0,8,3,4.0,4,4,0.0,10.18854665954641,0.050942733297732044,0.8908296005997581,0.128,10.0,250
manufacturing,temperature_eps4.0,p_gated_sample,4.0,8,3,8.0,4,4,0.0,5.116324454075289,0.025581622270376445,0.8908296005997581,0.128,10.0,250
manufacturing,temperature_eps4.0,p_gated_sample,4.0,8,3,16.0,4,4,0.0,4.10487336326023,0.02052436681630115,0.8908296005997581,0.128,10.0,250
manufacturing,temperature_eps4.0,p_gated_sample,4.0,8,4,,4,4,0.0,4.10487336326023,0.02052436681630115,0.8908296005997581,0.128,10.0,250
manufacturing,temperature_eps4.0,p_gated_sample,4.0,8,4,4.0,4,4,0.0,10.18854665954641,0.050942733297732044,0.8908296005997581,0.128,10.0,250
manufacturing,temperature_eps4.0,p_gated_sample,4.0,8,4,8.0,4,4,0.0,5.116324454075289,0.025581622270376445,0.8908296005997581,0.128,10.0,250
manufacturing,temperature_eps4.0,p_gated_sample,4.0,8,4,16.0,4,4,0.0,4.10487336326023,0.02052436681630115,0.8908296005997581,0.128,10.0,250
manufacturing,temperature_eps4.0,p_gated_sample,4.0,8,6,,4,4,0.0,4.10487336326023,0.02052436681630115,0.8908296005997581,0.128,10.0,250
manufacturing,temperature_eps4.0,p_gated_sample,4.0,8,6,8.0,4,4,0.0,5.116324454075289,0.025581622270376445,0.8908296005997581,0.128,10.0,250
manufacturing,temperature_eps4.0,p_gated_sample,4.0,8,6,16.0,4,4,0.0,4.10487336326023,0.02052436681630115,0.8908296005997581,0.128,10.0,250
manufacturing,temperature_eps4.0,p_gated_ba,4.0,8,1,,1,0,0.0,41.61694027570909,0.20808470137854546,0.39279189396114866,0.408,10.0,1000
manufacturing,temperature_eps4.0,p_gated_ba,4.0,8,1,4.0,1,0,0.0,123.9543344695535,0.6197716723477675,0.4690242860868591,0.511,10.0,1000
manufacturing,temperature_eps4.0,p_gated_ba,4.0,8,1,8.0,1,0,0.0,56.932317591542,0.28466158795771,0.4469468402301288,0.454,10.0,1000
manufacturing,temperature_eps4.0,p_gated_ba,4.0,8,1,16.0,1,0,0.0,41.61694027570909,0.20808470137854546,0.39279189396114866,0.408,10.0,1000
manufacturing,temperature_eps4.0,p_gated_ba,4.0,8,2,,1,0,0.0,41.61694027570909,0.20808470137854546,0.39279189396114866,0.408,10.0,1000
manufacturing,temperature_eps4.0,p_gated_ba,4.0,8,2,4.0,1,0,0.0,123.9543344695535,0.6197716723477675,0.4690242860868591,0.511,10.0,1000
manufacturing,temperature_eps4.0,p_gated_ba,4.0,8,2,8.0,1,0,0.0,56.932317591542,0.28466158795771,0.4469468402301288,0.454,10.0,1000
manufacturing,temperature_eps4.0,p_gated_ba,4.0,8,2,16.0,1,0,0.0,41.61694027570909,0.20808470137854546,0.39279189396114866,0.408,10.0,1000
manufacturing,temperature_eps4.0,p_gated_ba,4.0,8,3,,1,0,0.0,41.61694027570909,0.20808470137854546,0.39279189396114866,0.408,10.0,1000
manufacturing,temperature_eps4.0,p_gated_ba,4.0,8,3,4.0,1,0,0.0,123.9543344695535,0.6197716723477675,0.4690242860868591,0.511,10.0,1000
manufacturing,temperature_eps4.0,p_gated_ba,4.0,8,3,8.0,1,0,0.0,56.932317591542,0.28466158795771,0.4469468402301288,0.454,10.0,1000
manufacturing,temperature_eps4.0,p_gated_ba,4.0,8,3,16.0,1,0,0.0,41.61694027570909,0.20808470137854546,0.39279189396114866,0.408,10.0,1000
manufacturing,temperature_eps4.0,p_gated_ba,4.0,8,4,,1,0,0.0,41.61694027570909,0.20808470137854546,0.39279189396114866,0.408,10.0,1000
manufacturing,temperature_eps4.0,p_gated_ba,4.0,8,4,4.0,1,0,0.0,123.9543344695535,0.6197716723477675,0.4690242860868591,0.511,10.0,1000
manufacturing,temperature_eps4.0,p_gated_ba,4.0,8,4,8.0,1,0,0.0,56.932317591542,0.28466158795771,0.4469468402301288,0.454,10.0,1000
manufacturing,temperature_eps4.0,p_gated_ba,4.0,8,4,16.0,1,0,0.0,41.61694027570909,0.20808470137854546,0.39279189396114866,0.408,10.0,1000
manufacturing,temperature_eps4.0,p_gated_ba,4.0,8,6,,1,0,0.0,41.61694027570909,0.20808470137854546,0.39279189396114866,0.408,10.0,1000
manufacturing,temperature_eps4.0,p_gated_ba,4.0,8,6,8.0,1,0,0.0,56.932317591542,0.28466158795771,0.4469468402301288,0.454,10.0,1000
manufacturing,temperature_eps4.0,p_gated_ba,4.0,8,6,16.0,1,0,0.0,41.61694027570909,0.20808470137854546,0.39279189396114866,0.408,10.0,1000
manufacturing,temperature_eps4.0,p_gated_ba,4.0,8,1,,1,2,0.0,41.61694027570909,0.20808470137854546,0.39279189396114866,0.408,10.0,1000
manufacturing,temperature_eps4.0,p_gated_ba,4.0,8,1,4.0,1,2,0.0,123.9543344695535,0.6197716723477675,0.4690242860868591,0.511,10.0,1000
manufacturing,temperature_eps4.0,p_gated_ba,4.0,8,1,8.0,1,2,0.0,56.932317591542,0.28466158795771,0.4469468402301288,0.454,10.0,1000
manufacturing,temperature_eps4.0,p_gated_ba,4.0,8,1,16.0,1,2,0.0,41.61694027570909,0.20808470137854546,0.39279189396114866,0.408,10.0,1000
manufacturing,temperature_eps4.0,p_gated_ba,4.0,8,2,,1,2,0.0,41.61694027570909,0.20808470137854546,0.39279189396114866,0.408,10.0,1000
manufacturing,temperature_eps4.0,p_gated_ba,4.0,8,2,4.0,1,2,0.0,123.9543344695535,0.6197716723477675,0.4690242860868591,0.511,10.0,1000
manufacturing,temperature_eps4.0,p_gated_ba,4.0,8,2,8.0,1,2,0.0,56.932317591542,0.28466158795771,0.4469468402301288,0.454,10.0,1000
manufacturing,temperature_eps4.0,p_gated_ba,4.0,8,2,16.0,1,2,0.0,41.61694027570909,0.20808470137854546,0.39279189396114866,0.408,10.0,1000
manufacturing,temperature_eps4.0,p_gated_ba,4.0,8,3,,1,2,0.0,41.61694027570909,0.20808470137854546,0.39279189396114866,0.408,10.0,1000
manufacturing,temperature_eps4.0,p_gated_ba,4.0,8,3,4.0,1,2,0.0,123.9543344695535,0.6197716723477675,0.4690242860868591,0.511,10.0,1000
manufacturing,temperature_eps4.0,p_gated_ba,4.0,8,3,8.0,1,2,0.0,56.932317591542,0.28466158795771,0.4469468402301288,0.454,10.0,1000
manufacturing,temperature_eps4.0,p_gated_ba,4.0,8,3,16.0,1,2,0.0,41.61694027570909,0.20808470137854546,0.39279189396114866,0.408,10.0,1000
manufacturing,temperature_eps4.0,p_gated_ba,4.0,8,4,,1,2,0.0,41.61694027570909,0.20808470137854546,0.39279189396114866,0.408,10.0,1000
manufacturing,temperature_eps4.0,p_gated_ba,4.0,8,4,4.0,1,2,0.0,123.9543344695535,0.6197716723477675,0.4690242860868591,0.511,10.0,1000
manufacturing,temperature_eps4.0,p_gated_ba,4.0,8,4,8.0,1,2,0.0,56.932317591542,0.28466158795771,0.4469468402301288,0.454,10.0,1000
manufacturing,temperature_eps4.0,p_gated_ba,4.0,8,4,16.0,1,2,0.0,41.61694027570909,0.20808470137854546,0.39279189396114866,0.408,10.0,1000
manufacturing,temperature_eps4.0,p_gated_ba,4.0,8,6,,1,2,0.0,41.61694027570909,0.20808470137854546,0.39279189396114866,0.408,10.0,1000
manufacturing,temperature_eps4.0,p_gated_ba,4.0,8,6,8.0,1,2,0.0,56.932317591542,0.28466158795771,0.4469468402301288,0.454,10.0,1000
manufacturing,temperature_eps4.0,p_gated_ba,4.0,8,6,16.0,1,2,0.0,41.61694027570909,0.20808470137854546,0.39279189396114866,0.408,10.0,1000
manufacturing,temperature_eps4.0,p_gated_ba,4.0,8,1,,1,4,0.0,41.61694027570909,0.20808470137854546,0.39279189396114866,0.408,10.0,1000
manufacturing,temperature_eps4.0,p_gated_ba,4.0,8,1,4.0,1,4,0.0,123.9543344695535,0.6197716723477675,0.4690242860868591,0.511,10.0,1000
manufacturing,temperature_eps4.0,p_gated_ba,4.0,8,1,8.0,1,4,0.0,56.932317591542,0.28466158795771,0.4469468402301288,0.454,10.0,1000
manufacturing,temperature_eps4.0,p_gated_ba,4.0,8,1,16.0,1,4,0.0,41.61694027570909,0.20808470137854546,0.39279189396114866,0.408,10.0,1000
manufacturing,temperature_eps4.0,p_gated_ba,4.0,8,2,,1,4,0.0,41.61694027570909,0.20808470137854546,0.39279189396114866,0.408,10.0,1000
manufacturing,temperature_eps4.0,p_gated_ba,4.0,8,2,4.0,1,4,0.0,123.9543344695535,0.6197716723477675,0.4690242860868591,0.511,10.0,1000
manufacturing,temperature_eps4.0,p_gated_ba,4.0,8,2,8.0,1,4,0.0,56.932317591542,0.28466158795771,0.4469468402301288,0.454,10.0,1000
manufacturing,temperature_eps4.0,p_gated_ba,4.0,8,2,16.0,1,4,0.0,41.61694027570909,0.20808470137854546,0.39279189396114866,0.408,10.0,1000
manufacturing,temperature_eps4.0,p_gated_ba,4.0,8,3,,1,4,0.0,41.61694027570909,0.20808470137854546,0.39279189396114866,0.408,10.0,1000
manufacturing,temperature_eps4.0,p_gated_ba,4.0,8,3,4.0,1,4,0.0,123.9543344695535,0.6197716723477675,0.4690242860868591,0.511,10.0,1000
manufacturing,temperature_eps4.0,p_gated_ba,4.0,8,3,8.0,1,4,0.0,56.932317591542,0.28466158795771,0.4469468402301288,0.454,10.0,1000
manufacturing,temperature_eps4.0,p_gated_ba,4.0,8,3,16.0,1,4,0.0,41.61694027570909,0.20808470137854546,0.39279189396114866,0.408,10.0,1000
manufacturing,temperature_eps4.0,p_gated_ba,4.0,8,4,,1,4,0.0,41.61694027570909,0.20808470137854546,0.39279189396114866,0.408,10.0,1000
manufacturing,temperature_eps4.0,p_gated_ba,4.0,8,4,4.0,1,4,0.0,123.9543344695535,0.6197716723477675,0.4690242860868591,0.511,10.0,1000
manufacturing,temperature_eps4.0,p_gated_ba,4.0,8,4,8.0,1,4,0.0,56.932317591542,0.28466158795771,0.4469468402301288,0.454,10.0,1000
manufacturing,temperature_eps4.0,p_gated_ba,4.0,8,4,16.0,1,4,0.0,41.61694027570909,0.20808470137854546,0.39279189396114866,0.408,10.0,1000
manufacturing,temperature_eps4.0,p_gated_ba,4.0,8,6,,1,4,0.0,41.61694027570909,0.20808470137854546,0.39279189396114866,0.408,10.0,1000
manufacturing,temperature_eps4.0,p_gated_ba,4.0,8,6,8.0,1,4,0.0,56.932317591542,0.28466158795771,0.4469468402301288,0.454,10.0,1000
manufacturing,temperature_eps4.0,p_gated_ba,4.0,8,6,16.0,1,4,0.0,41.61694027570909,0.20808470137854546,0.39279189396114866,0.408,10.0,1000
manufacturing,temperature_eps4.0,p_gated_ba,4.0,8,1,,2,0,0.0,39.76008710792154,0.19880043553960772,0.7499396913482913,0.39,10.0,500
manufacturing,temperature_eps4.0,p_gated_ba,4.0,8,1,4.0,2,0,0.0,118.44624963765963,0.5922312481882982,0.847512078988784,0.502,10.0,500
manufacturing,temperature_eps4.0,p_gated_ba,4.0,8,1,8.0,2,0,0.0,54.67790642723389,0.27338953213616946,0.8109485495618263,0.444,10.0,500
manufacturing,temperature_eps4.0,p_gated_ba,4.0,8,1,16.0,2,0,0.0,39.76008710792154,0.19880043553960772,0.7499396913482913,0.39,10.0,500
manufacturing,temperature_eps4.0,p_gated_ba,4.0,8,2,,2,0,0.0,39.76008710792154,0.19880043553960772,0.7499396913482913,0.39,10.0,500
manufacturing,temperature_eps4.0,p_gated_ba,4.0,8,2,4.0,2,0,0.0,118.44624963765963,0.5922312481882982,0.847512078988784,0.502,10.0,500
manufacturing,temperature_eps4.0,p_gated_ba,4.0,8,2,8.0,2,0,0.0,54.67790642723389,0.27338953213616946,0.8109485495618263,0.444,10.0,500
manufacturing,temperature_eps4.0,p_gated_ba,4.0,8,2,16.0,2,0,0.0,39.76008710792154,0.19880043553960772,0.7499396913482913,0.39,10.0,500
manufacturing,temperature_eps4.0,p_gated_ba,4.0,8,3,,2,0,0.0,39.76008710792154,0.19880043553960772,0.7499396913482913,0.39,10.0,500
manufacturing,temperature_eps4.0,p_gated_ba,4.0,8,3,4.0,2,0,0.0,118.44624963765963,0.5922312481882982,0.847512078988784,0.502,10.0,500
manufacturing,temperature_eps4.0,p_gated_ba,4.0,8,3,8.0,2,0,0.0,54.67790642723389,0.27338953213616946,0.8109485495618263,0.444,10.0,500
manufacturing,temperature_eps4.0,p_gated_ba,4.0,8,3,16.0,2,0,0.0,39.76008710792154,0.19880043553960772,0.7499396913482913,0.39,10.0,500
manufacturing,temperature_eps4.0,p_gated_ba,4.0,8,4,,2,0,0.0,39.76008710792154,0.19880043553960772,0.7499396913482913,0.39,10.0,500
manufacturing,temperature_eps4.0,p_gated_ba,4.0,8,4,4.0,2,0,0.0,118.44624963765963,0.5922312481882982,0.847512078988784,0.502,10.0,500
manufacturing,temperature_eps4.0,p_gated_ba,4.0,8,4,8.0,2,0,0.0,54.67790642723389,0.27338953213616946,0.8109485495618263,0.444,10.0,500
manufacturing,temperature_eps4.0,p_gated_ba,4.0,8,4,16.0,2,0,0.0,39.76008710792154,0.19880043553960772,0.7499396913482913,0.39,10.0,500
manufacturing,temperature_eps4.0,p_gated_ba,4.0,8,6,,2,0,0.0,39.76008710792154,0.19880043553960772,0.7499396913482913,0.39,10.0,500
manufacturing,temperature_eps4.0,p_gated_ba,4.0,8,6,8.0,2,0,0.0,54.67790642723389,0.27338953213616946,0.8109485495618263,0.444,10.0,500
manufacturing,temperature_eps4.0,p_gated_ba,4.0,8,6,16.0,2,0,0.0,39.76008710792154,0.19880043553960772,0.7499396913482913,0.39,10.0,500
manufacturing,temperature_eps4.0,p_gated_ba,4.0,8,1,,2,2,0.0,39.76008710792154,0.19880043553960772,0.7499396913482913,0.39,10.0,500
manufacturing,temperature_eps4.0,p_gated_ba,4.0,8,1,4.0,2,2,0.0,118.44624963765963,0.5922312481882982,0.847512078988784,0.502,10.0,500
manufacturing,temperature_eps4.0,p_gated_ba,4.0,8,1,8.0,2,2,0.0,54.67790642723389,0.27338953213616946,0.8109485495618263,0.444,10.0,500
manufacturing,temperature_eps4.0,p_gated_ba,4.0,8,1,16.0,2,2,0.0,39.76008710792154,0.19880043553960772,0.7499396913482913,0.39,10.0,500
manufacturing,temperature_eps4.0,p_gated_ba,4.0,8,2,,2,2,0.0,39.76008710792154,0.19880043553960772,0.7499396913482913,0.39,10.0,500
manufacturing,temperature_eps4.0,p_gated_ba,4.0,8,2,4.0,2,2,0.0,118.44624963765963,0.5922312481882982,0.847512078988784,0.502,10.0,500
manufacturing,temperature_eps4.0,p_gated_ba,4.0,8,2,8.0,2,2,0.0,54.67790642723389,0.27338953213616946,0.8109485495618263,0.444,10.0,500
manufacturing,temperature_eps4.0,p_gated_ba,4.0,8,2,16.0,2,2,0.0,39.76008710792154,0.19880043553960772,0.7499396913482913,0.39,10.0,500
manufacturing,temperature_eps4.0,p_gated_ba,4.0,8,3,,2,2,0.0,39.76008710792154,0.19880043553960772,0.7499396913482913,0.39,10.0,500
manufacturing,temperature_eps4.0,p_gated_ba,4.0,8,3,4.0,2,2,0.0,118.44624963765963,0.5922312481882982,0.847512078988784,0.502,10.0,500
manufacturing,temperature_eps4.0,p_gated_ba,4.0,8,3,8.0,2,2,0.0,54.67790642723389,0.27338953213616946,0.8109485495618263,0.444,10.0,500
manufacturing,temperature_eps4.0,p_gated_ba,4.0,8,3,16.0,2,2,0.0,39.76008710792154,0.19880043553960772,0.7499396913482913,0.39,10.0,500
manufacturing,temperature_eps4.0,p_gated_ba,4.0,8,4,,2,2,0.0,39.76008710792154,0.19880043553960772,0.7499396913482913,0.39,10.0,500
manufacturing,temperature_eps4.0,p_gated_ba,4.0,8,4,4.0,2,2,0.0,118.44624963765963,0.5922312481882982,0.847512078988784,0.502,10.0,500
manufacturing,temperature_eps4.0,p_gated_ba,4.0,8,4,8.0,2,2,0.0,54.67790642723389,0.27338953213616946,0.8109485495618263,0.444,10.0,500
manufacturing,temperature_eps4.0,p_gated_ba,4.0,8,4,16.0,2,2,0.0,39.76008710792154,0.19880043553960772,0.7499396913482913,0.39,10.0,500
manufacturing,temperature_eps4.0,p_gated_ba,4.0,8,6,,2,2,0.0,39.76008710792154,0.19880043553960772,0.7499396913482913,0.39,10.0,500
manufacturing,temperature_eps4.0,p_gated_ba,4.0,8,6,8.0,2,2,0.0,54.67790642723389,0.27338953213616946,0.8109485495618263,0.444,10.0,500
manufacturing,temperature_eps4.0,p_gated_ba,4.0,8,6,16.0,2,2,0.0,39.76008710792154,0.19880043553960772,0.7499396913482913,0.39,10.0,500
manufacturing,temperature_eps4.0,p_gated_ba,4.0,8,1,,2,4,0.0,39.76008710792154,0.19880043553960772,0.7499396913482913,0.39,10.0,500
manufacturing,temperature_eps4.0,p_gated_ba,4.0,8,1,4.0,2,4,0.0,118.44624963765963,0.5922312481882982,0.847512078988784,0.502,10.0,500
manufacturing,temperature_eps4.0,p_gated_ba,4.0,8,1,8.0,2,4,0.0,54.67790642723389,0.27338953213616946,0.8109485495618263,0.444,10.0,500
manufacturing,temperature_eps4.0,p_gated_ba,4.0,8,1,16.0,2,4,0.0,39.76008710792154,0.19880043553960772,0.7499396913482913,0.39,10.0,500
manufacturing,temperature_eps4.0,p_gated_ba,4.0,8,2,,2,4,0.0,39.76008710792154,0.19880043553960772,0.7499396913482913,0.39,10.0,500
manufacturing,temperature_eps4.0,p_gated_ba,4.0,8,2,4.0,2,4,0.0,118.44624963765963,0.5922312481882982,0.847512078988784,0.502,10.0,500
manufacturing,temperature_eps4.0,p_gated_ba,4.0,8,2,8.0,2,4,0.0,54.67790642723389,0.27338953213616946,0.8109485495618263,0.444,10.0,500
manufacturing,temperature_eps4.0,p_gated_ba,4.0,8,2,16.0,2,4,0.0,39.76008710792154,0.19880043553960772,0.7499396913482913,0.39,10.0,500
manufacturing,temperature_eps4.0,p_gated_ba,4.0,8,3,,2,4,0.0,39.76008710792154,0.19880043553960772,0.7499396913482913,0.39,10.0,500
manufacturing,temperature_eps4.0,p_gated_ba,4.0,8,3,4.0,2,4,0.0,118.44624963765963,0.5922312481882982,0.847512078988784,0.502,10.0,500
manufacturing,temperature_eps4.0,p_gated_ba,4.0,8,3,8.0,2,4,0.0,54.67790642723389,0.27338953213616946,0.8109485495618263,0.444,10.0,500
manufacturing,temperature_eps4.0,p_gated_ba,4.0,8,3,16.0,2,4,0.0,39.76008710792154,0.19880043553960772,0.7499396913482913,0.39,10.0,500
manufacturing,temperature_eps4.0,p_gated_ba,4.0,8,4,,2,4,0.0,39.76008710792154,0.19880043553960772,0.7499396913482913,0.39,10.0,500
manufacturing,temperature_eps4.0,p_gated_ba,4.0,8,4,4.0,2,4,0.0,118.44624963765963,0.5922312481882982,0.847512078988784,0.502,10.0,500
manufacturing,temperature_eps4.0,p_gated_ba,4.0,8,4,8.0,2,4,0.0,54.67790642723389,0.27338953213616946,0.8109485495618263,0.444,10.0,500
manufacturing,temperature_eps4.0,p_gated_ba,4.0,8,4,16.0,2,4,0.0,39.76008710792154,0.19880043553960772,0.7499396913482913,0.39,10.0,500
manufacturing,temperature_eps4.0,p_gated_ba,4.0,8,6,,2,4,0.0,39.76008710792154,0.19880043553960772,0.7499396913482913,0.39,10.0,500
manufacturing,temperature_eps4.0,p_gated_ba,4.0,8,6,8.0,2,4,0.0,54.67790642723389,0.27338953213616946,0.8109485495618263,0.444,10.0,500
manufacturing,temperature_eps4.0,p_gated_ba,4.0,8,6,16.0,2,4,0.0,39.76008710792154,0.19880043553960772,0.7499396913482913,0.39,10.0,500
manufacturing,temperature_eps4.0,p_gated_ba,4.0,8,1,,4,0,0.0,43.5151377175534,0.217575688587767,0.24081558967810207,0.412,10.0,250
manufacturing,temperature_eps4.0,p_gated_ba,4.0,8,1,4.0,4,0,0.0,132.26953462370093,0.6613476731185046,0.31336286516156076,0.508,10.0,250
manufacturing,temperature_eps4.0,p_gated_ba,4.0,8,1,8.0,4,0,0.0,62.928124005041816,0.3146406200252091,0.2973676422690601,0.472,10.0,250
manufacturing,temperature_eps4.0,p_gated_ba,4.0,8,1,16.0,4,0,0.0,43.5151377175534,0.217575688587767,0.24081558967810207,0.412,10.0,250
manufacturing,temperature_eps4.0,p_gated_ba,4.0,8,2,,4,0,0.0,43.5151377175534,0.217575688587767,0.24081558967810207,0.412,10.0,250
manufacturing,temperature_eps4.0,p_gated_ba,4.0,8,2,4.0,4,0,0.0,132.26953462370093,0.6613476731185046,0.31336286516156076,0.508,10.0,250
manufacturing,temperature_eps4.0,p_gated_ba,4.0,8,2,8.0,4,0,0.0,62.928124005041816,0.3146406200252091,0.2973676422690601,0.472,10.0,250
manufacturing,temperature_eps4.0,p_gated_ba,4.0,8,2,16.0,4,0,0.0,43.5151377175534,0.217575688587767,0.24081558967810207,0.412,10.0,250
manufacturing,temperature_eps4.0,p_gated_ba,4.0,8,3,,4,0,0.0,43.5151377175534,0.217575688587767,0.24081558967810207,0.412,10.0,250
manufacturing,temperature_eps4.0,p_gated_ba,4.0,8,3,4.0,4,0,0.0,132.26953462370093,0.6613476731185046,0.31336286516156076,0.508,10.0,250
manufacturing,temperature_eps4.0,p_gated_ba,4.0,8,3,8.0,4,0,0.0,62.928124005041816,0.3146406200252091,0.2973676422690601,0.472,10.0,250
manufacturing,temperature_eps4.0,p_gated_ba,4.0,8,3,16.0,4,0,0.0,43.5151377175534,0.217575688587767,0.24081558967810207,0.412,10.0,250
manufacturing,temperature_eps4.0,p_gated_ba,4.0,8,4,,4,0,0.0,43.5151377175534,0.217575688587767,0.24081558967810207,0.412,10.0,250
manufacturing,temperature_eps4.0,p_gated_ba,4.0,8,4,4.0,4,0,0.0,132.26953462370093,0.6613476731185046,0.31336286516156076,0.508,10.0,250
manufacturing,temperature_eps4.0,p_gated_ba,4.0,8,4,8.0,4,0,0.0,62.928124005041816,0.3146406200252091,0.2973676422690601,0.472,10.0,250
manufacturing,temperature_eps4.0,p_gated_ba,4.0,8,4,16.0,4,0,0.0,43.5151377175534,0.217575688587767,0.24081558967810207,0.412,10.0,250
manufacturing,temperature_eps4.0,p_gated_ba,4.0,8,6,,4,0,0.0,43.5151377175534,0.217575688587767,0.24081558967810207,0.412,10.0,250
manufacturing,temperature_eps4.0,p_gated_ba,4.0,8,6,8.0,4,0,0.0,62.928124005041816,0.3146406200252091,0.2973676422690601,0.472,10.0,250
manufacturing,temperature_eps4.0,p_gated_ba,4.0,8,6,16.0,4,0,0.0,43.5151377175534,0.217575688587767,0.24081558967810207,0.412,10.0,250
manufacturing,temperature_eps4.0,p_gated_ba,4.0,8,1,,4,2,0.0,43.5151377175534,0.217575688587767,0.24081558967810207,0.412,10.0,250
manufacturing,temperature_eps4.0,p_gated_ba,4.0,8,1,4.0,4,2,0.0,132.26953462370093,0.6613476731185046,0.31336286516156076,0.508,10.0,250
manufacturing,temperature_eps4.0,p_gated_ba,4.0,8,1,8.0,4,2,0.0,62.928124005041816,0.3146406200252091,0.2973676422690601,0.472,10.0,250
manufacturing,temperature_eps4.0,p_gated_ba,4.0,8,1,16.0,4,2,0.0,43.5151377175534,0.217575688587767,0.24081558967810207,0.412,10.0,250
manufacturing,temperature_eps4.0,p_gated_ba,4.0,8,2,,4,2,0.0,43.5151377175534,0.217575688587767,0.24081558967810207,0.412,10.0,250
manufacturing,temperature_eps4.0,p_gated_ba,4.0,8,2,4.0,4,2,0.0,132.26953462370093,0.6613476731185046,0.31336286516156076,0.508,10.0,250
manufacturing,temperature_eps4.0,p_gated_ba,4.0,8,2,8.0,4,2,0.0,62.928124005041816,0.3146406200252091,0.2973676422690601,0.472,10.0,250
manufacturing,temperature_eps4.0,p_gated_ba,4.0,8,2,16.0,4,2,0.0,43.5151377175534,0.217575688587767,0.24081558967810207,0.412,10.0,250
manufacturing,temperature_eps4.0,p_gated_ba,4.0,8,3,,4,2,0.0,43.5151377175534,0.217575688587767,0.24081558967810207,0.412,10.0,250
manufacturing,temperature_eps4.0,p_gated_ba,4.0,8,3,4.0,4,2,0.0,132.26953462370093,0.6613476731185046,0.31336286516156076,0.508,10.0,250
manufacturing,temperature_eps4.0,p_gated_ba,4.0,8,3,8.0,4,2,0.0,62.928124005041816,0.3146406200252091,0.2973676422690601,0.472,10.0,250
manufacturing,temperature_eps4.0,p_gated_ba,4.0,8,3,16.0,4,2,0.0,43.5151377175534,0.217575688587767,0.24081558967810207,0.412,10.0,250
manufacturing,temperature_eps4.0,p_gated_ba,4.0,8,4,,4,2,0.0,43.5151377175534,0.217575688587767,0.24081558967810207,0.412,10.0,250
manufacturing,temperature_eps4.0,p_gated_ba,4.0,8,4,4.0,4,2,0.0,132.26953462370093,0.6613476731185046,0.31336286516156076,0.508,10.0,250
manufacturing,temperature_eps4.0,p_gated_ba,4.0,8,4,8.0,4,2,0.0,62.928124005041816,0.3146406200252091,0.2973676422690601,0.472,10.0,250
manufacturing,temperature_eps4.0,p_gated_ba,4.0,8,4,16.0,4,2,0.0,43.5151377175534,0.217575688587767,0.24081558967810207,0.412,10.0,250
manufacturing,temperature_eps4.0,p_gated_ba,4.0,8,6,,4,2,0.0,43.5151377175534,0.217575688587767,0.24081558967810207,0.412,10.0,250
manufacturing,temperature_eps4.0,p_gated_ba,4.0,8,6,8.0,4,2,0.0,62.928124005041816,0.3146406200252091,0.2973676422690601,0.472,10.0,250
manufacturing,temperature_eps4.0,p_gated_ba,4.0,8,6,16.0,4,2,0.0,43.5151377175534,0.217575688587767,0.24081558967810207,0.412,10.0,250
manufacturing,temperature_eps4.0,p_gated_ba,4.0,8,1,,4,4,0.0,43.5151377175534,0.217575688587767,0.24081558967810207,0.412,10.0,250
manufacturing,temperature_eps4.0,p_gated_ba,4.0,8,1,4.0,4,4,0.0,132.26953462370093,0.6613476731185046,0.31336286516156076,0.508,10.0,250
manufacturing,temperature_eps4.0,p_gated_ba,4.0,8,1,8.0,4,4,0.0,62.928124005041816,0.3146406200252091,0.2973676422690601,0.472,10.0,250
manufacturing,temperature_eps4.0,p_gated_ba,4.0,8,1,16.0,4,4,0.0,43.5151377175534,0.217575688587767,0.24081558967810207,0.412,10.0,250
manufacturing,temperature_eps4.0,p_gated_ba,4.0,8,2,,4,4,0.0,43.5151377175534,0.217575688587767,0.24081558967810207,0.412,10.0,250
manufacturing,temperature_eps4.0,p_gated_ba,4.0,8,2,4.0,4,4,0.0,132.26953462370093,0.6613476731185046,0.31336286516156076,0.508,10.0,250
manufacturing,temperature_eps4.0,p_gated_ba,4.0,8,2,8.0,4,4,0.0,62.928124005041816,0.3146406200252091,0.2973676422690601,0.472,10.0,250
manufacturing,temperature_eps4.0,p_gated_ba,4.0,8,2,16.0,4,4,0.0,43.5151377175534,0.217575688587767,0.24081558967810207,0.412,10.0,250
manufacturing,temperature_eps4.0,p_gated_ba,4.0,8,3,,4,4,0.0,43.5151377175534,0.217575688587767,0.24081558967810207,0.412,10.0,250
manufacturing,temperature_eps4.0,p_gated_ba,4.0,8,3,4.0,4,4,0.0,132.26953462370093,0.6613476731185046,0.31336286516156076,0.508,10.0,250
manufacturing,temperature_eps4.0,p_gated_ba,4.0,8,3,8.0,4,4,0.0,62.928124005041816,0.3146406200252091,0.2973676422690601,0.472,10.0,250
manufacturing,temperature_eps4.0,p_gated_ba,4.0,8,3,16.0,4,4,0.0,43.5151377175534,0.217575688587767,0.24081558967810207,0.412,10.0,250
manufacturing,temperature_eps4.0,p_gated_ba,4.0,8,4,,4,4,0.0,43.5151377175534,0.217575688587767,0.24081558967810207,0.412,10.0,250
manufacturing,temperature_eps4.0,p_gated_ba,4.0,8,4,4.0,4,4,0.0,132.26953462370093,0.6613476731185046,0.31336286516156076,0.508,10.0,250
manufacturing,temperature_eps4.0,p_gated_ba,4.0,8,4,8.0,4,4,0.0,62.928124005041816,0.3146406200252091,0.2973676422690601,0.472,10.0,250
manufacturing,temperature_eps4.0,p_gated_ba,4.0,8,4,16.0,4,4,0.0,43.5151377175534,0.217575688587767,0.24081558967810207,0.412,10.0,250
manufacturing,temperature_eps4.0,p_gated_ba,4.0,8,6,,4,4,0.0,43.5151377175534,0.217575688587767,0.24081558967810207,0.412,10.0,250
manufacturing,temperature_eps4.0,p_gated_ba,4.0,8,6,8.0,4,4,0.0,62.928124005041816,0.3146406200252091,0.2973676422690601,0.472,10.0,250
manufacturing,temperature_eps4.0,p_gated_ba,4.0,8,6,16.0,4,4,0.0,43.5151377175534,0.217575688587767,0.24081558967810207,0.412,10.0,250
manufacturing,temperature_eps4.0,n_weighted,4.0,8,1,,1,0,0.0,37.53712916545643,0.18768564582728214,0.802911747977836,1.0,10.0,1000
manufacturing,temperature_eps4.0,n_weighted,4.0,8,1,4.0,1,0,0.0,93.84282291364109,0.46921411456820544,0.809761766046773,1.0,10.0,1000
manufacturing,temperature_eps4.0,n_weighted,4.0,8,1,8.0,1,0,0.0,46.92141145682054,0.23460705728410272,0.8051816244302319,1.0,10.0,1000
manufacturing,temperature_eps4.0,n_weighted,4.0,8,1,16.0,1,0,0.0,37.53712916545643,0.18768564582728214,0.802911747977836,1.0,10.0,1000
manufacturing,temperature_eps4.0,n_weighted,4.0,8,2,,1,0,0.0,37.53712916545643,0.18768564582728214,0.802911747977836,1.0,10.0,1000
manufacturing,temperature_eps4.0,n_weighted,4.0,8,2,4.0,1,0,0.0,93.84282291364109,0.46921411456820544,0.809761766046773,1.0,10.0,1000
manufacturing,temperature_eps4.0,n_weighted,4.0,8,2,8.0,1,0,0.0,46.92141145682054,0.23460705728410272,0.8051816244302319,1.0,10.0,1000
manufacturing,temperature_eps4.0,n_weighted,4.0,8,2,16.0,1,0,0.0,37.53712916545643,0.18768564582728214,0.802911747977836,1.0,10.0,1000
manufacturing,temperature_eps4.0,n_weighted,4.0,8,3,,1,0,0.0,37.53712916545643,0.18768564582728214,0.802911747977836,1.0,10.0,1000
manufacturing,temperature_eps4.0,n_weighted,4.0,8,3,4.0,1,0,0.0,93.84282291364109,0.46921411456820544,0.809761766046773,1.0,10.0,1000
manufacturing,temperature_eps4.0,n_weighted,4.0,8,3,8.0,1,0,0.0,46.92141145682054,0.23460705728410272,0.8051816244302319,1.0,10.0,1000
manufacturing,temperature_eps4.0,n_weighted,4.0,8,3,16.0,1,0,0.0,37.53712916545643,0.18768564582728214,0.802911747977836,1.0,10.0,1000
manufacturing,temperature_eps4.0,n_weighted,4.0,8,4,,1,0,0.0,37.53712916545643,0.18768564582728214,0.802911747977836,1.0,10.0,1000
manufacturing,temperature_eps4.0,n_weighted,4.0,8,4,4.0,1,0,0.0,93.84282291364109,0.46921411456820544,0.809761766046773,1.0,10.0,1000
manufacturing,temperature_eps4.0,n_weighted,4.0,8,4,8.0,1,0,0.0,46.92141145682054,0.23460705728410272,0.8051816244302319,1.0,10.0,1000
manufacturing,temperature_eps4.0,n_weighted,4.0,8,4,16.0,1,0,0.0,37.53712916545643,0.18768564582728214,0.802911747977836,1.0,10.0,1000
manufacturing,temperature_eps4.0,n_weighted,4.0,8,6,,1,0,0.0,37.53712916545643,0.18768564582728214,0.802911747977836,1.0,10.0,1000
manufacturing,temperature_eps4.0,n_weighted,4.0,8,6,8.0,1,0,0.0,46.92141145682054,0.23460705728410272,0.8051816244302319,1.0,10.0,1000
manufacturing,temperature_eps4.0,n_weighted,4.0,8,6,16.0,1,0,0.0,37.53712916545643,0.18768564582728214,0.802911747977836,1.0,10.0,1000
manufacturing,temperature_eps4.0,n_weighted,4.0,8,1,,1,2,0.0,37.53712916545643,0.18768564582728214,0.802911747977836,1.0,10.0,1000
manufacturing,temperature_eps4.0,n_weighted,4.0,8,1,4.0,1,2,0.0,93.84282291364109,0.46921411456820544,0.809761766046773,1.0,10.0,1000
manufacturing,temperature_eps4.0,n_weighted,4.0,8,1,8.0,1,2,0.0,46.92141145682054,0.23460705728410272,0.8051816244302319,1.0,10.0,1000
manufacturing,temperature_eps4.0,n_weighted,4.0,8,1,16.0,1,2,0.0,37.53712916545643,0.18768564582728214,0.802911747977836,1.0,10.0,1000
manufacturing,temperature_eps4.0,n_weighted,4.0,8,2,,1,2,0.0,37.53712916545643,0.18768564582728214,0.802911747977836,1.0,10.0,1000
manufacturing,temperature_eps4.0,n_weighted,4.0,8,2,4.0,1,2,0.0,93.84282291364109,0.46921411456820544,0.809761766046773,1.0,10.0,1000
manufacturing,temperature_eps4.0,n_weighted,4.0,8,2,8.0,1,2,0.0,46.92141145682054,0.23460705728410272,0.8051816244302319,1.0,10.0,1000
manufacturing,temperature_eps4.0,n_weighted,4.0,8,2,16.0,1,2,0.0,37.53712916545643,0.18768564582728214,0.802911747977836,1.0,10.0,1000
manufacturing,temperature_eps4.0,n_weighted,4.0,8,3,,1,2,0.0,37.53712916545643,0.18768564582728214,0.802911747977836,1.0,10.0,1000
manufacturing,temperature_eps4.0,n_weighted,4.0,8,3,4.0,1,2,0.0,93.84282291364109,0.46921411456820544,0.809761766046773,1.0,10.0,1000
manufacturing,temperature_eps4.0,n_weighted,4.0,8,3,8.0,1,2,0.0,46.92141145682054,0.23460705728410272,0.8051816244302319,1.0,10.0,1000
manufacturing,temperature_eps4.0,n_weighted,4.0,8,3,16.0,1,2,0.0,37.53712916545643,0.18768564582728214,0.802911747977836,1.0,10.0,1000
manufacturing,temperature_eps4.0,n_weighted,4.0,8,4,,1,2,0.0,37.53712916545643,0.18768564582728214,0.802911747977836,1.0,10.0,1000
manufacturing,temperature_eps4.0,n_weighted,4.0,8,4,4.0,1,2,0.0,93.84282291364109,0.46921411456820544,0.809761766046773,1.0,10.0,1000
manufacturing,temperature_eps4.0,n_weighted,4.0,8,4,8.0,1,2,0.0,46.92141145682054,0.23460705728410272,0.8051816244302319,1.0,10.0,1000
manufacturing,temperature_eps4.0,n_weighted,4.0,8,4,16.0,1,2,0.0,37.53712916545643,0.18768564582728214,0.802911747977836,1.0,10.0,1000
manufacturing,temperature_eps4.0,n_weighted,4.0,8,6,,1,2,0.0,37.53712916545643,0.18768564582728214,0.802911747977836,1.0,10.0,1000
manufacturing,temperature_eps4.0,n_weighted,4.0,8,6,8.0,1,2,0.0,46.92141145682054,0.23460705728410272,0.8051816244302319,1.0,10.0,1000
manufacturing,temperature_eps4.0,n_weighted,4.0,8,6,16.0,1,2,0.0,37.53712916545643,0.18768564582728214,0.802911747977836,1.0,10.0,1000
manufacturing,temperature_eps4.0,n_weighted,4.0,8,1,,1,4,0.0,37.53712916545643,0.18768564582728214,0.802911747977836,1.0,10.0,1000
manufacturing,temperature_eps4.0,n_weighted,4.0,8,1,4.0,1,4,0.0,93.84282291364109,0.46921411456820544,0.809761766046773,1.0,10.0,1000
manufacturing,temperature_eps4.0,n_weighted,4.0,8,1,8.0,1,4,0.0,46.92141145682054,0.23460705728410272,0.8051816244302319,1.0,10.0,1000
manufacturing,temperature_eps4.0,n_weighted,4.0,8,1,16.0,1,4,0.0,37.53712916545643,0.18768564582728214,0.802911747977836,1.0,10.0,1000
manufacturing,temperature_eps4.0,n_weighted,4.0,8,2,,1,4,0.0,37.53712916545643,0.18768564582728214,0.802911747977836,1.0,10.0,1000
manufacturing,temperature_eps4.0,n_weighted,4.0,8,2,4.0,1,4,0.0,93.84282291364109,0.46921411456820544,0.809761766046773,1.0,10.0,1000
manufacturing,temperature_eps4.0,n_weighted,4.0,8,2,8.0,1,4,0.0,46.92141145682054,0.23460705728410272,0.8051816244302319,1.0,10.0,1000
manufacturing,temperature_eps4.0,n_weighted,4.0,8,2,16.0,1,4,0.0,37.53712916545643,0.18768564582728214,0.802911747977836,1.0,10.0,1000
manufacturing,temperature_eps4.0,n_weighted,4.0,8,3,,1,4,0.0,37.53712916545643,0.18768564582728214,0.802911747977836,1.0,10.0,1000
manufacturing,temperature_eps4.0,n_weighted,4.0,8,3,4.0,1,4,0.0,93.84282291364109,0.46921411456820544,0.809761766046773,1.0,10.0,1000
manufacturing,temperature_eps4.0,n_weighted,4.0,8,3,8.0,1,4,0.0,46.92141145682054,0.23460705728410272,0.8051816244302319,1.0,10.0,1000
manufacturing,temperature_eps4.0,n_weighted,4.0,8,3,16.0,1,4,0.0,37.53712916545643,0.18768564582728214,0.802911747977836,1.0,10.0,1000
manufacturing,temperature_eps4.0,n_weighted,4.0,8,4,,1,4,0.0,37.53712916545643,0.18768564582728214,0.802911747977836,1.0,10.0,1000
manufacturing,temperature_eps4.0,n_weighted,4.0,8,4,4.0,1,4,0.0,93.84282291364109,0.46921411456820544,0.809761766046773,1.0,10.0,1000
manufacturing,temperature_eps4.0,n_weighted,4.0,8,4,8.0,1,4,0.0,46.92141145682054,0.23460705728410272,0.8051816244302319,1.0,10.0,1000
manufacturing,temperature_eps4.0,n_weighted,4.0,8,4,16.0,1,4,0.0,37.53712916545643,0.18768564582728214,0.802911747977836,1.0,10.0,1000
manufacturing,temperature_eps4.0,n_weighted,4.0,8,6,,1,4,0.0,37.53712916545643,0.18768564582728214,0.802911747977836,1.0,10.0,1000
manufacturing,temperature_eps4.0,n_weighted,4.0,8,6,8.0,1,4,0.0,46.92141145682054,0.23460705728410272,0.8051816244302319,1.0,10.0,1000
manufacturing,temperature_eps4.0,n_weighted,4.0,8,6,16.0,1,4,0.0,37.53712916545643,0.18768564582728214,0.802911747977836,1.0,10.0,1000
manufacturing,temperature_eps4.0,n_weighted,4.0,8,1,,2,0,0.0,39.16782971231329,0.19583914856156645,0.9385350952160737,1.0,10.0,500
manufacturing,temperature_eps4.0,n_weighted,4.0,8,1,4.0,2,0,0.0,97.91957428078324,0.4895978714039162,0.9490903643373501,1.0,10.0,500
manufacturing,temperature_eps4.0,n_weighted,4.0,8,1,8.0,2,0,0.0,48.95978714039162,0.2447989357019581,0.9385350952160737,1.0,10.0,500
manufacturing,temperature_eps4.0,n_weighted,4.0,8,1,16.0,2,0,0.0,39.16782971231329,0.19583914856156645,0.9385350952160737,1.0,10.0,500
manufacturing,temperature_eps4.0,n_weighted,4.0,8,2,,2,0,0.0,39.16782971231329,0.19583914856156645,0.9385350952160737,1.0,10.0,500
manufacturing,temperature_eps4.0,n_weighted,4.0,8,2,4.0,2,0,0.0,97.91957428078324,0.4895978714039162,0.9490903643373501,1.0,10.0,500
manufacturing,temperature_eps4.0,n_weighted,4.0,8,2,8.0,2,0,0.0,48.95978714039162,0.2447989357019581,0.9385350952160737,1.0,10.0,500
manufacturing,temperature_eps4.0,n_weighted,4.0,8,2,16.0,2,0,0.0,39.16782971231329,0.19583914856156645,0.9385350952160737,1.0,10.0,500
manufacturing,temperature_eps4.0,n_weighted,4.0,8,3,,2,0,0.0,39.16782971231329,0.19583914856156645,0.9385350952160737,1.0,10.0,500
manufacturing,temperature_eps4.0,n_weighted,4.0,8,3,4.0,2,0,0.0,97.91957428078324,0.4895978714039162,0.9490903643373501,1.0,10.0,500
manufacturing,temperature_eps4.0,n_weighted,4.0,8,3,8.0,2,0,0.0,48.95978714039162,0.2447989357019581,0.9385350952160737,1.0,10.0,500
manufacturing,temperature_eps4.0,n_weighted,4.0,8,3,16.0,2,0,0.0,39.16782971231329,0.19583914856156645,0.9385350952160737,1.0,10.0,500
manufacturing,temperature_eps4.0,n_weighted,4.0,8,4,,2,0,0.0,39.16782971231329,0.19583914856156645,0.9385350952160737,1.0,10.0,500
manufacturing,temperature_eps4.0,n_weighted,4.0,8,4,4.0,2,0,0.0,97.91957428078324,0.4895978714039162,0.9490903643373501,1.0,10.0,500
manufacturing,temperature_eps4.0,n_weighted,4.0,8,4,8.0,2,0,0.0,48.95978714039162,0.2447989357019581,0.9385350952160737,1.0,10.0,500
manufacturing,temperature_eps4.0,n_weighted,4.0,8,4,16.0,2,0,0.0,39.16782971231329,0.19583914856156645,0.9385350952160737,1.0,10.0,500
manufacturing,temperature_eps4.0,n_weighted,4.0,8,6,,2,0,0.0,39.16782971231329,0.19583914856156645,0.9385350952160737,1.0,10.0,500
manufacturing,temperature_eps4.0,n_weighted,4.0,8,6,8.0,2,0,0.0,48.95978714039162,0.2447989357019581,0.9385350952160737,1.0,10.0,500
manufacturing,temperature_eps4.0,n_weighted,4.0,8,6,16.0,2,0,0.0,39.16782971231329,0.19583914856156645,0.9385350952160737,1.0,10.0,500
manufacturing,temperature_eps4.0,n_weighted,4.0,8,1,,2,2,0.0,39.16782971231329,0.19583914856156645,0.9385350952160737,1.0,10.0,500
manufacturing,temperature_eps4.0,n_weighted,4.0,8,1,4.0,2,2,0.0,97.91957428078324,0.4895978714039162,0.9490903643373501,1.0,10.0,500
manufacturing,temperature_eps4.0,n_weighted,4.0,8,1,8.0,2,2,0.0,48.95978714039162,0.2447989357019581,0.9385350952160737,1.0,10.0,500
manufacturing,temperature_eps4.0,n_weighted,4.0,8,1,16.0,2,2,0.0,39.16782971231329,0.19583914856156645,0.9385350952160737,1.0,10.0,500
manufacturing,temperature_eps4.0,n_weighted,4.0,8,2,,2,2,0.0,39.16782971231329,0.19583914856156645,0.9385350952160737,1.0,10.0,500
manufacturing,temperature_eps4.0,n_weighted,4.0,8,2,4.0,2,2,0.0,97.91957428078324,0.4895978714039162,0.9490903643373501,1.0,10.0,500
manufacturing,temperature_eps4.0,n_weighted,4.0,8,2,8.0,2,2,0.0,48.95978714039162,0.2447989357019581,0.9385350952160737,1.0,10.0,500
manufacturing,temperature_eps4.0,n_weighted,4.0,8,2,16.0,2,2,0.0,39.16782971231329,0.19583914856156645,0.9385350952160737,1.0,10.0,500
manufacturing,temperature_eps4.0,n_weighted,4.0,8,3,,2,2,0.0,39.16782971231329,0.19583914856156645,0.9385350952160737,1.0,10.0,500
manufacturing,temperature_eps4.0,n_weighted,4.0,8,3,4.0,2,2,0.0,97.91957428078324,0.4895978714039162,0.9490903643373501,1.0,10.0,500
manufacturing,temperature_eps4.0,n_weighted,4.0,8,3,8.0,2,2,0.0,48.95978714039162,0.2447989357019581,0.9385350952160737,1.0,10.0,500
manufacturing,temperature_eps4.0,n_weighted,4.0,8,3,16.0,2,2,0.0,39.16782971231329,0.19583914856156645,0.9385350952160737,1.0,10.0,500
manufacturing,temperature_eps4.0,n_weighted,4.0,8,4,,2,2,0.0,39.16782971231329,0.19583914856156645,0.9385350952160737,1.0,10.0,500
manufacturing,temperature_eps4.0,n_weighted,4.0,8,4,4.0,2,2,0.0,97.91957428078324,0.4895978714039162,0.9490903643373501,1.0,10.0,500
manufacturing,temperature_eps4.0,n_weighted,4.0,8,4,8.0,2,2,0.0,48.95978714039162,0.2447989357019581,0.9385350952160737,1.0,10.0,500
manufacturing,temperature_eps4.0,n_weighted,4.0,8,4,16.0,2,2,0.0,39.16782971231329,0.19583914856156645,0.9385350952160737,1.0,10.0,500
manufacturing,temperature_eps4.0,n_weighted,4.0,8,6,,2,2,0.0,39.16782971231329,0.19583914856156645,0.9385350952160737,1.0,10.0,500
manufacturing,temperature_eps4.0,n_weighted,4.0,8,6,8.0,2,2,0.0,48.95978714039162,0.2447989357019581,0.9385350952160737,1.0,10.0,500
manufacturing,temperature_eps4.0,n_weighted,4.0,8,6,16.0,2,2,0.0,39.16782971231329,0.19583914856156645,0.9385350952160737,1.0,10.0,500
manufacturing,temperature_eps4.0,n_weighted,4.0,8,1,,2,4,0.0,39.16782971231329,0.19583914856156645,0.9385350952160737,1.0,10.0,500
manufacturing,temperature_eps4.0,n_weighted,4.0,8,1,4.0,2,4,0.0,97.91957428078324,0.4895978714039162,0.9490903643373501,1.0,10.0,500
manufacturing,temperature_eps4.0,n_weighted,4.0,8,1,8.0,2,4,0.0,48.95978714039162,0.2447989357019581,0.9385350952160737,1.0,10.0,500
manufacturing,temperature_eps4.0,n_weighted,4.0,8,1,16.0,2,4,0.0,39.16782971231329,0.19583914856156645,0.9385350952160737,1.0,10.0,500
manufacturing,temperature_eps4.0,n_weighted,4.0,8,2,,2,4,0.0,39.16782971231329,0.19583914856156645,0.9385350952160737,1.0,10.0,500
manufacturing,temperature_eps4.0,n_weighted,4.0,8,2,4.0,2,4,0.0,97.91957428078324,0.4895978714039162,0.9490903643373501,1.0,10.0,500
manufacturing,temperature_eps4.0,n_weighted,4.0,8,2,8.0,2,4,0.0,48.95978714039162,0.2447989357019581,0.9385350952160737,1.0,10.0,500
manufacturing,temperature_eps4.0,n_weighted,4.0,8,2,16.0,2,4,0.0,39.16782971231329,0.19583914856156645,0.9385350952160737,1.0,10.0,500
manufacturing,temperature_eps4.0,n_weighted,4.0,8,3,,2,4,0.0,39.16782971231329,0.19583914856156645,0.9385350952160737,1.0,10.0,500
manufacturing,temperature_eps4.0,n_weighted,4.0,8,3,4.0,2,4,0.0,97.91957428078324,0.4895978714039162,0.9490903643373501,1.0,10.0,500
manufacturing,temperature_eps4.0,n_weighted,4.0,8,3,8.0,2,4,0.0,48.95978714039162,0.2447989357019581,0.9385350952160737,1.0,10.0,500
manufacturing,temperature_eps4.0,n_weighted,4.0,8,3,16.0,2,4,0.0,39.16782971231329,0.19583914856156645,0.9385350952160737,1.0,10.0,500
manufacturing,temperature_eps4.0,n_weighted,4.0,8,4,,2,4,0.0,39.16782971231329,0.19583914856156645,0.9385350952160737,1.0,10.0,500
manufacturing,temperature_eps4.0,n_weighted,4.0,8,4,4.0,2,4,0.0,97.91957428078324,0.4895978714039162,0.9490903643373501,1.0,10.0,500
manufacturing,temperature_eps4.0,n_weighted,4.0,8,4,8.0,2,4,0.0,48.95978714039162,0.2447989357019581,0.9385350952160737,1.0,10.0,500
manufacturing,temperature_eps4.0,n_weighted,4.0,8,4,16.0,2,4,0.0,39.16782971231329,0.19583914856156645,0.9385350952160737,1.0,10.0,500
manufacturing,temperature_eps4.0,n_weighted,4.0,8,6,,2,4,0.0,39.16782971231329,0.19583914856156645,0.9385350952160737,1.0,10.0,500
manufacturing,temperature_eps4.0,n_weighted,4.0,8,6,8.0,2,4,0.0,48.95978714039162,0.2447989357019581,0.9385350952160737,1.0,10.0,500
manufacturing,temperature_eps4.0,n_weighted,4.0,8,6,16.0,2,4,0.0,39.16782971231329,0.19583914856156645,0.9385350952160737,1.0,10.0,500
manufacturing,temperature_eps4.0,n_weighted,4.0,8,1,,4,0,0.0,41.23466912419068,0.2061733456209534,0.6932019709654147,1.0,10.0,250
manufacturing,temperature_eps4.0,n_weighted,4.0,8,1,4.0,4,0,0.0,103.08667281047671,0.5154333640523836,0.6932019709654147,1.0,10.0,250
manufacturing,temperature_eps4.0,n_weighted,4.0,8,1,8.0,4,0,0.0,51.54333640523836,0.2577166820261918,0.6932019709654147,1.0,10.0,250
manufacturing,temperature_eps4.0,n_weighted,4.0,8,1,16.0,4,0,0.0,41.23466912419068,0.2061733456209534,0.6932019709654147,1.0,10.0,250
manufacturing,temperature_eps4.0,n_weighted,4.0,8,2,,4,0,0.0,41.23466912419068,0.2061733456209534,0.6932019709654147,1.0,10.0,250
manufacturing,temperature_eps4.0,n_weighted,4.0,8,2,4.0,4,0,0.0,103.08667281047671,0.5154333640523836,0.6932019709654147,1.0,10.0,250
manufacturing,temperature_eps4.0,n_weighted,4.0,8,2,8.0,4,0,0.0,51.54333640523836,0.2577166820261918,0.6932019709654147,1.0,10.0,250
manufacturing,temperature_eps4.0,n_weighted,4.0,8,2,16.0,4,0,0.0,41.23466912419068,0.2061733456209534,0.6932019709654147,1.0,10.0,250
manufacturing,temperature_eps4.0,n_weighted,4.0,8,3,,4,0,0.0,41.23466912419068,0.2061733456209534,0.6932019709654147,1.0,10.0,250
manufacturing,temperature_eps4.0,n_weighted,4.0,8,3,4.0,4,0,0.0,103.08667281047671,0.5154333640523836,0.6932019709654147,1.0,10.0,250
manufacturing,temperature_eps4.0,n_weighted,4.0,8,3,8.0,4,0,0.0,51.54333640523836,0.2577166820261918,0.6932019709654147,1.0,10.0,250
manufacturing,temperature_eps4.0,n_weighted,4.0,8,3,16.0,4,0,0.0,41.23466912419068,0.2061733456209534,0.6932019709654147,1.0,10.0,250
manufacturing,temperature_eps4.0,n_weighted,4.0,8,4,,4,0,0.0,41.23466912419068,0.2061733456209534,0.6932019709654147,1.0,10.0,250
manufacturing,temperature_eps4.0,n_weighted,4.0,8,4,4.0,4,0,0.0,103.08667281047671,0.5154333640523836,0.6932019709654147,1.0,10.0,250
manufacturing,temperature_eps4.0,n_weighted,4.0,8,4,8.0,4,0,0.0,51.54333640523836,0.2577166820261918,0.6932019709654147,1.0,10.0,250
manufacturing,temperature_eps4.0,n_weighted,4.0,8,4,16.0,4,0,0.0,41.23466912419068,0.2061733456209534,0.6932019709654147,1.0,10.0,250
manufacturing,temperature_eps4.0,n_weighted,4.0,8,6,,4,0,0.0,41.23466912419068,0.2061733456209534,0.6932019709654147,1.0,10.0,250
manufacturing,temperature_eps4.0,n_weighted,4.0,8,6,8.0,4,0,0.0,51.54333640523836,0.2577166820261918,0.6932019709654147,1.0,10.0,250
manufacturing,temperature_eps4.0,n_weighted,4.0,8,6,16.0,4,0,0.0,41.23466912419068,0.2061733456209534,0.6932019709654147,1.0,10.0,250
manufacturing,temperature_eps4.0,n_weighted,4.0,8,1,,4,2,0.0,41.23466912419068,0.2061733456209534,0.6932019709654147,1.0,10.0,250
manufacturing,temperature_eps4.0,n_weighted,4.0,8,1,4.0,4,2,0.0,103.08667281047671,0.5154333640523836,0.6932019709654147,1.0,10.0,250
manufacturing,temperature_eps4.0,n_weighted,4.0,8,1,8.0,4,2,0.0,51.54333640523836,0.2577166820261918,0.6932019709654147,1.0,10.0,250
manufacturing,temperature_eps4.0,n_weighted,4.0,8,1,16.0,4,2,0.0,41.23466912419068,0.2061733456209534,0.6932019709654147,1.0,10.0,250
manufacturing,temperature_eps4.0,n_weighted,4.0,8,2,,4,2,0.0,41.23466912419068,0.2061733456209534,0.6932019709654147,1.0,10.0,250
manufacturing,temperature_eps4.0,n_weighted,4.0,8,2,4.0,4,2,0.0,103.08667281047671,0.5154333640523836,0.6932019709654147,1.0,10.0,250
manufacturing,temperature_eps4.0,n_weighted,4.0,8,2,8.0,4,2,0.0,51.54333640523836,0.2577166820261918,0.6932019709654147,1.0,10.0,250
manufacturing,temperature_eps4.0,n_weighted,4.0,8,2,16.0,4,2,0.0,41.23466912419068,0.2061733456209534,0.6932019709654147,1.0,10.0,250
manufacturing,temperature_eps4.0,n_weighted,4.0,8,3,,4,2,0.0,41.23466912419068,0.2061733456209534,0.6932019709654147,1.0,10.0,250
manufacturing,temperature_eps4.0,n_weighted,4.0,8,3,4.0,4,2,0.0,103.08667281047671,0.5154333640523836,0.6932019709654147,1.0,10.0,250
manufacturing,temperature_eps4.0,n_weighted,4.0,8,3,8.0,4,2,0.0,51.54333640523836,0.2577166820261918,0.6932019709654147,1.0,10.0,250
manufacturing,temperature_eps4.0,n_weighted,4.0,8,3,16.0,4,2,0.0,41.23466912419068,0.2061733456209534,0.6932019709654147,1.0,10.0,250
manufacturing,temperature_eps4.0,n_weighted,4.0,8,4,,4,2,0.0,41.23466912419068,0.2061733456209534,0.6932019709654147,1.0,10.0,250
manufacturing,temperature_eps4.0,n_weighted,4.0,8,4,4.0,4,2,0.0,103.08667281047671,0.5154333640523836,0.6932019709654147,1.0,10.0,250
manufacturing,temperature_eps4.0,n_weighted,4.0,8,4,8.0,4,2,0.0,51.54333640523836,0.2577166820261918,0.6932019709654147,1.0,10.0,250
manufacturing,temperature_eps4.0,n_weighted,4.0,8,4,16.0,4,2,0.0,41.23466912419068,0.2061733456209534,0.6932019709654147,1.0,10.0,250
manufacturing,temperature_eps4.0,n_weighted,4.0,8,6,,4,2,0.0,41.23466912419068,0.2061733456209534,0.6932019709654147,1.0,10.0,250
manufacturing,temperature_eps4.0,n_weighted,4.0,8,6,8.0,4,2,0.0,51.54333640523836,0.2577166820261918,0.6932019709654147,1.0,10.0,250
manufacturing,temperature_eps4.0,n_weighted,4.0,8,6,16.0,4,2,0.0,41.23466912419068,0.2061733456209534,0.6932019709654147,1.0,10.0,250
manufacturing,temperature_eps4.0,n_weighted,4.0,8,1,,4,4,0.0,41.23466912419068,0.2061733456209534,0.6932019709654147,1.0,10.0,250
manufacturing,temperature_eps4.0,n_weighted,4.0,8,1,4.0,4,4,0.0,103.08667281047671,0.5154333640523836,0.6932019709654147,1.0,10.0,250
manufacturing,temperature_eps4.0,n_weighted,4.0,8,1,8.0,4,4,0.0,51.54333640523836,0.2577166820261918,0.6932019709654147,1.0,10.0,250
manufacturing,temperature_eps4.0,n_weighted,4.0,8,1,16.0,4,4,0.0,41.23466912419068,0.2061733456209534,0.6932019709654147,1.0,10.0,250
manufacturing,temperature_eps4.0,n_weighted,4.0,8,2,,4,4,0.0,41.23466912419068,0.2061733456209534,0.6932019709654147,1.0,10.0,250
manufacturing,temperature_eps4.0,n_weighted,4.0,8,2,4.0,4,4,0.0,103.08667281047671,0.5154333640523836,0.6932019709654147,1.0,10.0,250
manufacturing,temperature_eps4.0,n_weighted,4.0,8,2,8.0,4,4,0.0,51.54333640523836,0.2577166820261918,0.6932019709654147,1.0,10.0,250
manufacturing,temperature_eps4.0,n_weighted,4.0,8,2,16.0,4,4,0.0,41.23466912419068,0.2061733456209534,0.6932019709654147,1.0,10.0,250
manufacturing,temperature_eps4.0,n_weighted,4.0,8,3,,4,4,0.0,41.23466912419068,0.2061733456209534,0.6932019709654147,1.0,10.0,250
manufacturing,temperature_eps4.0,n_weighted,4.0,8,3,4.0,4,4,0.0,103.08667281047671,0.5154333640523836,0.6932019709654147,1.0,10.0,250
manufacturing,temperature_eps4.0,n_weighted,4.0,8,3,8.0,4,4,0.0,51.54333640523836,0.2577166820261918,0.6932019709654147,1.0,10.0,250
manufacturing,temperature_eps4.0,n_weighted,4.0,8,3,16.0,4,4,0.0,41.23466912419068,0.2061733456209534,0.6932019709654147,1.0,10.0,250
manufacturing,temperature_eps4.0,n_weighted,4.0,8,4,,4,4,0.0,41.23466912419068,0.2061733456209534,0.6932019709654147,1.0,10.0,250
manufacturing,temperature_eps4.0,n_weighted,4.0,8,4,4.0,4,4,0.0,103.08667281047671,0.5154333640523836,0.6932019709654147,1.0,10.0,250
manufacturing,temperature_eps4.0,n_weighted,4.0,8,4,8.0,4,4,0.0,51.54333640523836,0.2577166820261918,0.6932019709654147,1.0,10.0,250
manufacturing,temperature_eps4.0,n_weighted,4.0,8,4,16.0,4,4,0.0,41.23466912419068,0.2061733456209534,0.6932019709654147,1.0,10.0,250
manufacturing,temperature_eps4.0,n_weighted,4.0,8,6,,4,4,0.0,41.23466912419068,0.2061733456209534,0.6932019709654147,1.0,10.0,250
manufacturing,temperature_eps4.0,n_weighted,4.0,8,6,8.0,4,4,0.0,51.54333640523836,0.2577166820261918,0.6932019709654147,1.0,10.0,250
manufacturing,temperature_eps4.0,n_weighted,4.0,8,6,16.0,4,4,0.0,41.23466912419068,0.2061733456209534,0.6932019709654147,1.0,10.0,250
