dataset,sensor,strategy,epsilon,w,P_min,P_max,delta_t,k_ext,epsilon_count,mae,normalized_mae,kl_divergence,release_rate,avg_n_tau,n_logical_timestamps
manufacturing,temperature_eps1.0,uniform,1.0,8,1,,1,0,0.0,150.1485166618257,0.7507425833091286,0.807483118943403,1.0,10.0,1000
manufacturing,temperature_eps1.0,uniform,1.0,8,1,4.0,1,0,0.0,375.3712916545643,1.8768564582728215,0.8052114482920871,1.0,10.0,1000
manufacturing,temperature_eps1.0,uniform,1.0,8,1,8.0,1,0,0.0,187.68564582728217,0.9384282291364109,0.807483118943403,1.0,10.0,1000
manufacturing,temperature_eps1.0,uniform,1.0,8,1,16.0,1,0,0.0,150.1485166618257,0.7507425833091286,0.807483118943403,1.0,10.0,1000
manufacturing,temperature_eps1.0,uniform,1.0,8,2,,1,0,0.0,150.1485166618257,0.7507425833091286,0.807483118943403,1.0,10.0,1000
manufacturing,temperature_eps1.0,uniform,1.0,8,2,4.0,1,0,0.0,375.3712916545643,1.8768564582728215,0.8052114482920871,1.0,10.0,1000
manufacturing,temperature_eps1.0,uniform,1.0,8,2,8.0,1,0,0.0,187.68564582728217,0.9384282291364109,0.807483118943403,1.0,10.0,1000
manufacturing,temperature_eps1.0,uniform,1.0,8,2,16.0,1,0,0.0,150.1485166618257,0.7507425833091286,0.807483118943403,1.0,10.0,1000
manufacturing,temperature_eps1.0,uniform,1.0,8,3,,1,0,0.0,150.1485166618257,0.7507425833091286,0.807483118943403,1.0,10.0,1000
manufacturing,temperature_eps1.0,uniform,1.0,8,3,4.0,1,0,0.0,375.3712916545643,1.8768564582728215,0.8052114482920871,1.0,10.0,1000
manufacturing,temperature_eps1.0,uniform,1.0,8,3,8.0,1,0,0.0,187.68564582728217,0.9384282291364109,0.807483118943403,1.0,10.0,1000
manufacturing,temperature_eps1.0,uniform,1.0,8,3,16.0,1,0,0.0,150.1485166618257,0.7507425833091286,0.807483118943403,1.0,10.0,1000
manufacturing,temperature_eps1.0,uniform,1.0,8,4,,1,0,0.0,150.1485166618257,0.7507425833091286,0.807483118943403,1.0,10.0,1000
manufacturing,temperature_eps1.0,uniform,1.0,8,4,4.0,1,0,0.0,375.3712916545643,1.8768564582728215,0.8052114482920871,1.0,10.0,1000
manufacturing,temperature_eps1.0,uniform,1.0,8,4,8.0,1,0,0.0,187.68564582728217,0.9384282291364109,0.807483118943403,1.0,10.0,1000
manufacturing,temperature_eps1.0,uniform,1.0,8,4,16.0,1,0,0.0,150.1485166618257,0.7507425833091286,0.807483118943403,1.0,10.0,1000
manufacturing,temperature_eps1.0,uniform,1.0,8,6,,1,0,0.0,150.1485166618257,0.7507425833091286,0.807483118943403,1.0,10.0,1000
manufacturing,temperature_eps1.0,uniform,1.0,8,6,8.0,1,0,0.0,187.68564582728217,0.9384282291364109,0.807483118943403,1.0,10.0,1000
manufacturing,temperature_eps1.0,uniform,1.0,8,6,16.0,1,0,0.0,150.1485166618257,0.7507425833091286,0.807483118943403,1.0,10.0,1000
manufacturing,temperature_eps1.0,uniform,1.0,8,1,,1,2,0.0,150.1485166618257,0.7507425833091286,0.807483118943403,1.0,10.0,1000
manufacturing,temperature_eps1.0,uniform,1.0,8,1,4.0,1,2,0.0,375.3712916545643,1.8768564582728215,0.8052114482920871,1.0,10.0,1000
manufacturing,temperature_eps1.0,uniform,1.0,8,1,8.0,1,2,0.0,187.68564582728217,0.9384282291364109,0.807483118943403,1.0,10.0,1000
manufacturing,temperature_eps1.0,uniform,1.0,8,1,16.0,1,2,0.0,150.1485166618257,0.7507425833091286,0.807483118943403,1.0,10.0,1000
manufacturing,temperature_eps1.0,uniform,1.0,8,2,,1,2,0.0,150.1485166618257,0.7507425833091286,0.807483118943403,1.0,10.0,1000
manufacturing,temperature_eps1.0,uniform,1.0,8,2,4.0,1,2,0.0,375.3712916545643,1.8768564582728215,0.8052114482920871,1.0,10.0,1000
manufacturing,temperature_eps1.0,uniform,1.0,8,2,8.0,1,2,0.0,187.68564582728217,0.9384282291364109,0.807483118943403,1.0,10.0,1000
manufacturing,temperature_eps1.0,uniform,1.0,8,2,16.0,1,2,0.0,150.1485166618257,0.7507425833091286,0.807483118943403,1.0,10.0,1000
manufacturing,temperature_eps1.0,uniform,1.0,8,3,,1,2,0.0,150.1485166618257,0.7507425833091286,0.807483118943403,1.0,10.0,1000
manufacturing,temperature_eps1.0,uniform,1.0,8,3,4.0,1,2,0.0,375.3712916545643,1.8768564582728215,0.8052114482920871,1.0,10.0,1000
manufacturing,temperature_eps1.0,uniform,1.0,8,3,8.0,1,2,0.0,187.68564582728217,0.9384282291364109,0.807483118943403,1.0,10.0,1000
manufacturing,temperature_eps1.0,uniform,1.0,8,3,16.0,1,2,0.0,150.1485166618257,0.7507425833091286,0.807483118943403,1.0,10.0,1000
manufacturing,temperature_eps1.0,uniform,1.0,8,4,,1,2,0.0,150.1485166618257,0.7507425833091286,0.807483118943403,1.0,10.0,1000
manufacturing,temperature_eps1.0,uniform,1.0,8,4,4.0,1,2,0.0,375.3712916545643,1.8768564582728215,0.8052114482920871,1.0,10.0,1000
manufacturing,temperature_eps1.0,uniform,1.0,8,4,8.0,1,2,0.0,187.68564582728217,0.9384282291364109,0.807483118943403,1.0,10.0,1000
manufacturing,temperature_eps1.0,uniform,1.0,8,4,16.0,1,2,0.0,150.1485166618257,0.7507425833091286,0.807483118943403,1.0,10.0,1000
manufacturing,temperature_eps1.0,uniform,1.0,8,6,,1,2,0.0,150.1485166618257,0.7507425833091286,0.807483118943403,1.0,10.0,1000
manufacturing,temperature_eps1.0,uniform,1.0,8,6,8.0,1,2,0.0,187.68564582728217,0.9384282291364109,0.807483118943403,1.0,10.0,1000
manufacturing,temperature_eps1.0,uniform,1.0,8,6,16.0,1,2,0.0,150.1485166618257,0.7507425833091286,0.807483118943403,1.0,10.0,1000
manufacturing,temperature_eps1.0,uniform,1.0,8,1,,1,4,0.0,150.1485166618257,0.7507425833091286,0.807483118943403,1.0,10.0,1000
manufacturing,temperature_eps1.0,uniform,1.0,8,1,4.0,1,4,0.0,375.3712916545643,1.8768564582728215,0.8052114482920871,1.0,10.0,1000
manufacturing,temperature_eps1.0,uniform,1.0,8,1,8.0,1,4,0.0,187.68564582728217,0.9384282291364109,0.807483118943403,1.0,10.0,1000
manufacturing,temperature_eps1.0,uniform,1.0,8,1,16.0,1,4,0.0,150.1485166618257,0.7507425833091286,0.807483118943403,1.0,10.0,1000
manufacturing,temperature_eps1.0,uniform,1.0,8,2,,1,4,0.0,150.1485166618257,0.7507425833091286,0.807483118943403,1.0,10.0,1000
manufacturing,temperature_eps1.0,uniform,1.0,8,2,4.0,1,4,0.0,375.3712916545643,1.8768564582728215,0.8052114482920871,1.0,10.0,1000
manufacturing,temperature_eps1.0,uniform,1.0,8,2,8.0,1,4,0.0,187.68564582728217,0.9384282291364109,0.807483118943403,1.0,10.0,1000
manufacturing,temperature_eps1.0,uniform,1.0,8,2,16.0,1,4,0.0,150.1485166618257,0.7507425833091286,0.807483118943403,1.0,10.0,1000
manufacturing,temperature_eps1.0,uniform,1.0,8,3,,1,4,0.0,150.1485166618257,0.7507425833091286,0.807483118943403,1.0,10.0,1000
manufacturing,temperature_eps1.0,uniform,1.0,8,3,4.0,1,4,0.0,375.3712916545643,1.8768564582728215,0.8052114482920871,1.0,10.0,1000
manufacturing,temperature_eps1.0,uniform,1.0,8,3,8.0,1,4,0.0,187.68564582728217,0.9384282291364109,0.807483118943403,1.0,10.0,1000
manufacturing,temperature_eps1.0,uniform,1.0,8,3,16.0,1,4,0.0,150.1485166618257,0.7507425833091286,0.807483118943403,1.0,10.0,1000
manufacturing,temperature_eps1.0,uniform,1.0,8,4,,1,4,0.0,150.1485166618257,0.7507425833091286,0.807483118943403,1.0,10.0,1000
manufacturing,temperature_eps1.0,uniform,1.0,8,4,4.0,1,4,0.0,375.3712916545643,1.8768564582728215,0.8052114482920871,1.0,10.0,1000
manufacturing,temperature_eps1.0,uniform,1.0,8,4,8.0,1,4,0.0,187.68564582728217,0.9384282291364109,0.807483118943403,1.0,10.0,1000
manufacturing,temperature_eps1.0,uniform,1.0,8,4,16.0,1,4,0.0,150.1485166618257,0.7507425833091286,0.807483118943403,1.0,10.0,1000
manufacturing,temperature_eps1.0,uniform,1.0,8,6,,1,4,0.0,150.1485166618257,0.7507425833091286,0.807483118943403,1.0,10.0,1000
manufacturing,temperature_eps1.0,uniform,1.0,8,6,8.0,1,4,0.0,187.68564582728217,0.9384282291364109,0.807483118943403,1.0,10.0,1000
manufacturing,temperature_eps1.0,uniform,1.0,8,6,16.0,1,4,0.0,150.1485166618257,0.7507425833091286,0.807483118943403,1.0,10.0,1000
manufacturing,temperature_eps1.0,uniform,1.0,8,1,,2,0,0.0,156.67131884925314,0.7833565942462657,0.9490903643373501,1.0,10.0,500
manufacturing,temperature_eps1.0,uniform,1.0,8,1,4.0,2,0,0.0,391.67829712313295,1.9583914856156648,0.9437968812067142,1.0,10.0,500
manufacturing,temperature_eps1.0,uniform,1.0,8,1,8.0,2,0,0.0,195.83914856156647,0.9791957428078324,0.9490903643373501,1.0,10.0,500
manufacturing,temperature_eps1.0,uniform,1.0,8,1,16.0,2,0,0.0,156.67131884925314,0.7833565942462657,0.9490903643373501,1.0,10.0,500
manufacturing,temperature_eps1.0,uniform,1.0,8,2,,2,0,0.0,156.67131884925314,0.7833565942462657,0.9490903643373501,1.0,10.0,500
manufacturing,temperature_eps1.0,uniform,1.0,8,2,4.0,2,0,0.0,391.67829712313295,1.9583914856156648,0.9437968812067142,1.0,10.0,500
manufacturing,temperature_eps1.0,uniform,1.0,8,2,8.0,2,0,0.0,195.83914856156647,0.9791957428078324,0.9490903643373501,1.0,10.0,500
manufacturing,temperature_eps1.0,uniform,1.0,8,2,16.0,2,0,0.0,156.67131884925314,0.7833565942462657,0.9490903643373501,1.0,10.0,500
manufacturing,temperature_eps1.0,uniform,1.0,8,3,,2,0,0.0,156.67131884925314,0.7833565942462657,0.9490903643373501,1.0,10.0,500
manufacturing,temperature_eps1.0,uniform,1.0,8,3,4.0,2,0,0.0,391.67829712313295,1.9583914856156648,0.9437968812067142,1.0,10.0,500
manufacturing,temperature_eps1.0,uniform,1.0,8,3,8.0,2,0,0.0,195.83914856156647,0.9791957428078324,0.9490903643373501,1.0,10.0,500
manufacturing,temperature_eps1.0,uniform,1.0,8,3,16.0,2,0,0.0,156.67131884925314,0.7833565942462657,0.9490903643373501,1.0,10.0,500
manufacturing,temperature_eps1.0,uniform,1.0,8,4,,2,0,0.0,156.67131884925314,0.7833565942462657,0.9490903643373501,1.0,10.0,500
manufacturing,temperature_eps1.0,uniform,1.0,8,4,4.0,2,0,0.0,391.67829712313295,1.9583914856156648,0.9437968812067142,1.0,10.0,500
manufacturing,temperature_eps1.0,uniform,1.0,8,4,8.0,2,0,0.0,195.83914856156647,0.9791957428078324,0.9490903643373501,1.0,10.0,500
manufacturing,temperature_eps1.0,uniform,1.0,8,4,16.0,2,0,0.0,156.67131884925314,0.7833565942462657,0.9490903643373501,1.0,10.0,500
manufacturing,temperature_eps1.0,uniform,1.0,8,6,,2,0,0.0,156.67131884925314,0.7833565942462657,0.9490903643373501,1.0,10.0,500
manufacturing,temperature_eps1.0,uniform,1.0,8,6,8.0,2,0,0.0,195.83914856156647,0.9791957428078324,0.9490903643373501,1.0,10.0,500
manufacturing,temperature_eps1.0,uniform,1.0,8,6,16.0,2,0,0.0,156.67131884925314,0.7833565942462657,0.9490903643373501,1.0,10.0,500
manufacturing,temperature_eps1.0,uniform,1.0,8,1,,2,2,0.0,156.67131884925314,0.7833565942462657,0.9490903643373501,1.0,10.0,500
manufacturing,temperature_eps1.0,uniform,1.0,8,1,4.0,2,2,0.0,391.67829712313295,1.9583914856156648,0.9437968812067142,1.0,10.0,500
manufacturing,temperature_eps1.0,uniform,1.0,8,1,8.0,2,2,0.0,195.83914856156647,0.9791957428078324,0.9490903643373501,1.0,10.0,500
manufacturing,temperature_eps1.0,uniform,1.0,8,1,16.0,2,2,0.0,156.67131884925314,0.7833565942462657,0.9490903643373501,1.0,10.0,500
manufacturing,temperature_eps1.0,uniform,1.0,8,2,,2,2,0.0,156.67131884925314,0.7833565942462657,0.9490903643373501,1.0,10.0,500
manufacturing,temperature_eps1.0,uniform,1.0,8,2,4.0,2,2,0.0,391.67829712313295,1.9583914856156648,0.9437968812067142,1.0,10.0,500
manufacturing,temperature_eps1.0,uniform,1.0,8,2,8.0,2,2,0.0,195.83914856156647,0.9791957428078324,0.9490903643373501,1.0,10.0,500
manufacturing,temperature_eps1.0,uniform,1.0,8,2,16.0,2,2,0.0,156.67131884925314,0.7833565942462657,0.9490903643373501,1.0,10.0,500
manufacturing,temperature_eps1.0,uniform,1.0,8,3,,2,2,0.0,156.67131884925314,0.7833565942462657,0.9490903643373501,1.0,10.0,500
manufacturing,temperature_eps1.0,uniform,1.0,8,3,4.0,2,2,0.0,391.67829712313295,1.9583914856156648,0.9437968812067142,1.0,10.0,500
manufacturing,temperature_eps1.0,uniform,1.0,8,3,8.0,2,2,0.0,195.83914856156647,0.9791957428078324,0.9490903643373501,1.0,10.0,500
manufacturing,temperature_eps1.0,uniform,1.0,8,3,16.0,2,2,0.0,156.67131884925314,0.7833565942462657,0.9490903643373501,1.0,10.0,500
manufacturing,temperature_eps1.0,uniform,1.0,8,4,,2,2,0.0,156.67131884925314,0.7833565942462657,0.9490903643373501,1.0,10.0,500
manufacturing,temperature_eps1.0,uniform,1.0,8,4,4.0,2,2,0.0,391.67829712313295,1.9583914856156648,0.9437968812067142,1.0,10.0,500
manufacturing,temperature_eps1.0,uniform,1.0,8,4,8.0,2,2,0.0,195.83914856156647,0.9791957428078324,0.9490903643373501,1.0,10.0,500
manufacturing,temperature_eps1.0,uniform,1.0,8,4,16.0,2,2,0.0,156.67131884925314,0.7833565942462657,0.9490903643373501,1.0,10.0,500
manufacturing,temperature_eps1.0,uniform,1.0,8,6,,2,2,0.0,156.67131884925314,0.7833565942462657,0.9490903643373501,1.0,10.0,500
manufacturing,temperature_eps1.0,uniform,1.0,8,6,8.0,2,2,0.0,195.83914856156647,0.9791957428078324,0.9490903643373501,1.0,10.0,500
manufacturing,temperature_eps1.0,uniform,1.0,8,6,16.0,2,2,0.0,156.67131884925314,0.7833565942462657,0.9490903643373501,1.0,10.0,500
manufacturing,temperature_eps1.0,uniform,1.0,8,1,,2,4,0.0,156.67131884925314,0.7833565942462657,0.9490903643373501,1.0,10.0,500
manufacturing,temperature_eps1.0,uniform,1.0,8,1,4.0,2,4,0.0,391.67829712313295,1.9583914856156648,0.9437968812067142,1.0,10.0,500
manufacturing,temperature_eps1.0,uniform,1.0,8,1,8.0,2,4,0.0,195.83914856156647,0.9791957428078324,0.9490903643373501,1.0,10.0,500
manufacturing,temperature_eps1.0,uniform,1.0,8,1,16.0,2,4,0.0,156.67131884925314,0.7833565942462657,0.9490903643373501,1.0,10.0,500
manufacturing,temperature_eps1.0,uniform,1.0,8,2,,2,4,0.0,156.67131884925314,0.7833565942462657,0.9490903643373501,1.0,10.0,500
manufacturing,temperature_eps1.0,uniform,1.0,8,2,4.0,2,4,0.0,391.67829712313295,1.9583914856156648,0.9437968812067142,1.0,10.0,500
manufacturing,temperature_eps1.0,uniform,1.0,8,2,8.0,2,4,0.0,195.83914856156647,0.9791957428078324,0.9490903643373501,1.0,10.0,500
manufacturing,temperature_eps1.0,uniform,1.0,8,2,16.0,2,4,0.0,156.67131884925314,0.7833565942462657,0.9490903643373501,1.0,10.0,500
manufacturing,temperature_eps1.0,uniform,1.0,8,3,,2,4,0.0,156.67131884925314,0.7833565942462657,0.9490903643373501,1.0,10.0,500
manufacturing,temperature_eps1.0,uniform,1.0,8,3,4.0,2,4,0.0,391.67829712313295,1.9583914856156648,0.9437968812067142,1.0,10.0,500
manufacturing,temperature_eps1.0,uniform,1.0,8,3,8.0,2,4,0.0,195.83914856156647,0.9791957428078324,0.9490903643373501,1.0,10.0,500
manufacturing,temperature_eps1.0,uniform,1.0,8,3,16.0,2,4,0.0,156.67131884925314,0.7833565942462657,0.9490903643373501,1.0,10.0,500
manufacturing,temperature_eps1.0,uniform,1.0,8,4,,2,4,0.0,156.67131884925314,0.7833565942462657,0.9490903643373501,1.0,10.0,500
manufacturing,temperature_eps1.0,uniform,1.0,8,4,4.0,2,4,0.0,391.67829712313295,1.9583914856156648,0.9437968812067142,1.0,10.0,500
manufacturing,temperature_eps1.0,uniform,1.0,8,4,8.0,2,4,0.0,195.83914856156647,0.9791957428078324,0.9490903643373501,1.0,10.0,500
manufacturing,temperature_eps1.0,uniform,1.0,8,4,16.0,2,4,0.0,156.67131884925314,0.7833565942462657,0.9490903643373501,1.0,10.0,500
manufacturing,temperature_eps1.0,uniform,1.0,8,6,,2,4,0.0,156.67131884925314,0.7833565942462657,0.9490903643373501,1.0,10.0,500
manufacturing,temperature_eps1.0,uniform,1.0,8,6,8.0,2,4,0.0,195.83914856156647,0.9791957428078324,0.9490903643373501,1.0,10.0,500
manufacturing,temperature_eps1.0,uniform,1.0,8,6,16.0,2,4,0.0,156.67131884925314,0.7833565942462657,0.9490903643373501,1.0,10.0,500
manufacturing,temperature_eps1.0,uniform,1.0,8,1,,4,0,0.0,164.93867649676272,0.8246933824838136,0.6932019709654147,1.0,10.0,250
manufacturing,temperature_eps1.0,uniform,1.0,8,1,4.0,4,0,0.0,412.34669124190685,2.0617334562095344,0.6932019709654147,1.0,10.0,250
manufacturing,temperature_eps1.0,uniform,1.0,8,1,8.0,4,0,0.0,206.17334562095343,1.0308667281047672,0.6932019709654147,1.0,10.0,250
manufacturing,temperature_eps1.0,uniform,1.0,8,1,16.0,4,0,0.0,164.93867649676272,0.8246933824838136,0.6932019709654147,1.0,10.0,250
manufacturing,temperature_eps1.0,uniform,1.0,8,2,,4,0,0.0,164.93867649676272,0.8246933824838136,0.6932019709654147,1.0,10.0,250
manufacturing,temperature_eps1.0,uniform,1.0,8,2,4.0,4,0,0.0,412.34669124190685,2.0617334562095344,0.6932019709654147,1.0,10.0,250
manufacturing,temperature_eps1.0,uniform,1.0,8,2,8.0,4,0,0.0,206.17334562095343,1.0308667281047672,0.6932019709654147,1.0,10.0,250
manufacturing,temperature_eps1.0,uniform,1.0,8,2,16.0,4,0,0.0,164.93867649676272,0.8246933824838136,0.6932019709654147,1.0,10.0,250
manufacturing,temperature_eps1.0,uniform,1.0,8,3,,4,0,0.0,164.93867649676272,0.8246933824838136,0.6932019709654147,1.0,10.0,250
manufacturing,temperature_eps1.0,uniform,1.0,8,3,4.0,4,0,0.0,412.34669124190685,2.0617334562095344,0.6932019709654147,1.0,10.0,250
manufacturing,temperature_eps1.0,uniform,1.0,8,3,8.0,4,0,0.0,206.17334562095343,1.0308667281047672,0.6932019709654147,1.0,10.0,250
manufacturing,temperature_eps1.0,uniform,1.0,8,3,16.0,4,0,0.0,164.93867649676272,0.8246933824838136,0.6932019709654147,1.0,10.0,250
manufacturing,temperature_eps1.0,uniform,1.0,8,4,,4,0,0.0,164.93867649676272,0.8246933824838136,0.6932019709654147,1.0,10.0,250
manufacturing,temperature_eps1.0,uniform,1.0,8,4,4.0,4,0,0.0,412.34669124190685,2.0617334562095344,0.6932019709654147,1.0,10.0,250
manufacturing,temperature_eps1.0,uniform,1.0,8,4,8.0,4,0,0.0,206.17334562095343,1.0308667281047672,0.6932019709654147,1.0,10.0,250
manufacturing,temperature_eps1.0,uniform,1.0,8,4,16.0,4,0,0.0,164.93867649676272,0.8246933824838136,0.6932019709654147,1.0,10.0,250
manufacturing,temperature_eps1.0,uniform,1.0,8,6,,4,0,0.0,164.93867649676272,0.8246933824838136,0.6932019709654147,1.0,10.0,250
manufacturing,temperature_eps1.0,uniform,1.0,8,6,8.0,4,0,0.0,206.17334562095343,1.0308667281047672,0.6932019709654147,1.0,10.0,250
manufacturing,temperature_eps1.0,uniform,1.0,8,6,16.0,4,0,0.0,164.93867649676272,0.8246933824838136,0.6932019709654147,1.0,10.0,250
manufacturing,temperature_eps1.0,uniform,1.0,8,1,,4,2,0.0,164.93867649676272,0.8246933824838136,0.6932019709654147,1.0,10.0,250
manufacturing,temperature_eps1.0,uniform,1.0,8,1,4.0,4,2,0.0,412.34669124190685,2.0617334562095344,0.6932019709654147,1.0,10.0,250
manufacturing,temperature_eps1.0,uniform,1.0,8,1,8.0,4,2,0.0,206.17334562095343,1.0308667281047672,0.6932019709654147,1.0,10.0,250
manufacturing,temperature_eps1.0,uniform,1.0,8,1,16.0,4,2,0.0,164.93867649676272,0.8246933824838136,0.6932019709654147,1.0,10.0,250
manufacturing,temperature_eps1.0,uniform,1.0,8,2,,4,2,0.0,164.93867649676272,0.8246933824838136,0.6932019709654147,1.0,10.0,250
manufacturing,temperature_eps1.0,uniform,1.0,8,2,4.0,4,2,0.0,412.34669124190685,2.0617334562095344,0.6932019709654147,1.0,10.0,250
manufacturing,temperature_eps1.0,uniform,1.0,8,2,8.0,4,2,0.0,206.17334562095343,1.0308667281047672,0.6932019709654147,1.0,10.0,250
manufacturing,temperature_eps1.0,uniform,1.0,8,2,16.0,4,2,0.0,164.93867649676272,0.8246933824838136,0.6932019709654147,1.0,10.0,250
manufacturing,temperature_eps1.0,uniform,1.0,8,3,,4,2,0.0,164.93867649676272,0.8246933824838136,0.6932019709654147,1.0,10.0,250
manufacturing,temperature_eps1.0,uniform,1.0,8,3,4.0,4,2,0.0,412.34669124190685,2.0617334562095344,0.6932019709654147,1.0,10.0,250
manufacturing,temperature_eps1.0,uniform,1.0,8,3,8.0,4,2,0.0,206.17334562095343,1.0308667281047672,0.6932019709654147,1.0,10.0,250
manufacturing,temperature_eps1.0,uniform,1.0,8,3,16.0,4,2,0.0,164.93867649676272,0.8246933824838136,0.6932019709654147,1.0,10.0,250
manufacturing,temperature_eps1.0,uniform,1.0,8,4,,4,2,0.0,164.93867649676272,0.8246933824838136,0.6932019709654147,1.0,10.0,250
manufacturing,temperature_eps1.0,uniform,1.0,8,4,4.0,4,2,0.0,412.34669124190685,2.0617334562095344,0.6932019709654147,1.0,10.0,250
manufacturing,temperature_eps1.0,uniform,1.0,8,4,8.0,4,2,0.0,206.17334562095343,1.0308667281047672,0.6932019709654147,1.0,10.0,250
manufacturing,temperature_eps1.0,uniform,1.0,8,4,16.0,4,2,0.0,164.93867649676272,0.8246933824838136,0.6932019709654147,1.0,10.0,250
manufacturing,temperature_eps1.0,uniform,1.0,8,6,,4,2,0.0,164.93867649676272,0.8246933824838136,0.6932019709654147,1.0,10.0,250
manufacturing,temperature_eps1.0,uniform,1.0,8,6,8.0,4,2,0.0,206.17334562095343,1.0308667281047672,0.6932019709654147,1.0,10.0,250
manufacturing,temperature_eps1.0,uniform,1.0,8,6,16.0,4,2,0.0,164.93867649676272,0.8246933824838136,0.6932019709654147,1.0,10.0,250
manufacturing,temperature_eps1.0,uniform,1.0,8,1,,4,4,0.0,164.93867649676272,0.8246933824838136,0.6932019709654147,1.0,10.0,250
manufacturing,temperature_eps1.0,uniform,1.0,8,1,4.0,4,4,0.0,412.34669124190685,2.0617334562095344,0.6932019709654147,1.0,10.0,250
manufacturing,temperature_eps1.0,uniform,1.0,8,1,8.0,4,4,0.0,206.17334562095343,1.0308667281047672,0.6932019709654147,1.0,10.0,250
manufacturing,temperature_eps1.0,uniform,1.0,8,1,16.0,4,4,0.0,164.93867649676272,0.8246933824838136,0.6932019709654147,1.0,10.0,250
manufacturing,temperature_eps1.0,uniform,1.0,8,2,,4,4,0.0,164.93867649676272,0.8246933824838136,0.6932019709654147,1.0,10.0,250
manufacturing,temperature_eps1.0,uniform,1.0,8,2,4.0,4,4,0.0,412.34669124190685,2.0617334562095344,0.6932019709654147,1.0,10.0,250
manufacturing,temperature_eps1.0,uniform,1.0,8,2,8.0,4,4,0.0,206.17334562095343,1.0308667281047672,0.6932019709654147,1.0,10.0,250
manufacturing,temperature_eps1.0,uniform,1.0,8,2,16.0,4,4,0.0,164.93867649676272,0.8246933824838136,0.6932019709654147,1.0,10.0,250
manufacturing,temperature_eps1.0,uniform,1.0,8,3,,4,4,0.0,164.93867649676272,0.8246933824838136,0.6932019709654147,1.0,10.0,250
manufacturing,temperature_eps1.0,uniform,1.0,8,3,4.0,4,4,0.0,412.34669124190685,2.0617334562095344,0.6932019709654147,1.0,10.0,250
manufacturing,temperature_eps1.0,uniform,1.0,8,3,8.0,4,4,0.0,206.17334562095343,1.0308667281047672,0.6932019709654147,1.0,10.0,250
manufacturing,temperature_eps1.0,uniform,1.0,8,3,16.0,4,4,0.0,164.93867649676272,0.8246933824838136,0.6932019709654147,1.0,10.0,250
manufacturing,temperature_eps1.0,uniform,1.0,8,4,,4,4,0.0,164.93867649676272,0.8246933824838136,0.6932019709654147,1.0,10.0,250
manufacturing,temperature_eps1.0,uniform,1.0,8,4,4.0,4,4,0.0,412.34669124190685,2.0617334562095344,0.6932019709654147,1.0,10.0,250
manufacturing,temperature_eps1.0,uniform,1.0,8,4,8.0,4,4,0.0,206.17334562095343,1.0308667281047672,0.6932019709654147,1.0,10.0,250
manufacturing,temperature_eps1.0,uniform,1.0,8,4,16.0,4,4,0.0,164.93867649676272,0.8246933824838136,0.6932019709654147,1.0,10.0,250
manufacturing,temperature_eps1.0,uniform,1.0,8,6,,4,4,0.0,164.93867649676272,0.8246933824838136,0.6932019709654147,1.0,10.0,250
manufacturing,temperature_eps1.0,uniform,1.0,8,6,8.0,4,4,0.0,206.17334562095343,1.0308667281047672,0.6932019709654147,1.0,10.0,250
manufacturing,temperature_eps1.0,uniform,1.0,8,6,16.0,4,4,0.0,164.93867649676272,0.8246933824838136,0.6932019709654147,1.0,10.0,250
manufacturing,temperature_eps1.0,sample,1.0,8,1,,1,0,0.0,19.15144943407466,0.0957572471703733,1.0640177675915685,0.125,10.0,1000
manufacturing,temperature_eps1.0,sample,1.0,8,1,4.0,1,0,0.0,47.83748518561943,0.23918742592809714,1.0637969909464933,0.125,10.0,1000
manufacturing,temperature_eps1.0,sample,1.0,8,1,8.0,1,0,0.0,23.93058533199889,0.11965292665999445,1.0886661747342492,0.125,10.0,1000
manufacturing,temperature_eps1.0,sample,1.0,8,1,16.0,1,0,0.0,19.15144943407466,0.0957572471703733,1.0640177675915685,0.125,10.0,1000
manufacturing,temperature_eps1.0,sample,1.0,8,2,,1,0,0.0,19.15144943407466,0.0957572471703733,1.0640177675915685,0.125,10.0,1000
manufacturing,temperature_eps1.0,sample,1.0,8,2,4.0,1,0,0.0,47.83748518561943,0.23918742592809714,1.0637969909464933,0.125,10.0,1000
manufacturing,temperature_eps1.0,sample,1.0,8,2,8.0,1,0,0.0,23.93058533199889,0.11965292665999445,1.0886661747342492,0.125,10.0,1000
manufacturing,temperature_eps1.0,sample,1.0,8,2,16.0,1,0,0.0,19.15144943407466,0.0957572471703733,1.0640177675915685,0.125,10.0,1000
manufacturing,temperature_eps1.0,sample,1.0,8,3,,1,0,0.0,19.15144943407466,0.0957572471703733,1.0640177675915685,0.125,10.0,1000
manufacturing,temperature_eps1.0,sample,1.0,8,3,4.0,1,0,0.0,47.83748518561943,0.23918742592809714,1.0637969909464933,0.125,10.0,1000
manufacturing,temperature_eps1.0,sample,1.0,8,3,8.0,1,0,0.0,23.93058533199889,0.11965292665999445,1.0886661747342492,0.125,10.0,1000
manufacturing,temperature_eps1.0,sample,1.0,8,3,16.0,1,0,0.0,19.15144943407466,0.0957572471703733,1.0640177675915685,0.125,10.0,1000
manufacturing,temperature_eps1.0,sample,1.0,8,4,,1,0,0.0,19.15144943407466,0.0957572471703733,1.0640177675915685,0.125,10.0,1000
manufacturing,temperature_eps1.0,sample,1.0,8,4,4.0,1,0,0.0,47.83748518561943,0.23918742592809714,1.0637969909464933,0.125,10.0,1000
manufacturing,temperature_eps1.0,sample,1.0,8,4,8.0,1,0,0.0,23.93058533199889,0.11965292665999445,1.0886661747342492,0.125,10.0,1000
manufacturing,temperature_eps1.0,sample,1.0,8,4,16.0,1,0,0.0,19.15144943407466,0.0957572471703733,1.0640177675915685,0.125,10.0,1000
manufacturing,temperature_eps1.0,sample,1.0,8,6,,1,0,0.0,19.15144943407466,0.0957572471703733,1.0640177675915685,0.125,10.0,1000
manufacturing,temperature_eps1.0,sample,1.0,8,6,8.0,1,0,0.0,23.93058533199889,0.11965292665999445,1.0886661747342492,0.125,10.0,1000
manufacturing,temperature_eps1.0,sample,1.0,8,6,16.0,1,0,0.0,19.15144943407466,0.0957572471703733,1.0640177675915685,0.125,10.0,1000
manufacturing,temperature_eps1.0,sample,1.0,8,1,,1,2,0.0,19.15144943407466,0.0957572471703733,1.0640177675915685,0.125,10.0,1000
manufacturing,temperature_eps1.0,sample,1.0,8,1,4.0,1,2,0.0,47.83748518561943,0.23918742592809714,1.0637969909464933,0.125,10.0,1000
manufacturing,temperature_eps1.0,sample,1.0,8,1,8.0,1,2,0.0,23.93058533199889,0.11965292665999445,1.0886661747342492,0.125,10.0,1000
manufacturing,temperature_eps1.0,sample,1.0,8,1,16.0,1,2,0.0,19.15144943407466,0.0957572471703733,1.0640177675915685,0.125,10.0,1000
manufacturing,temperature_eps1.0,sample,1.0,8,2,,1,2,0.0,19.15144943407466,0.0957572471703733,1.0640177675915685,0.125,10.0,1000
manufacturing,temperature_eps1.0,sample,1.0,8,2,4.0,1,2,0.0,47.83748518561943,0.23918742592809714,1.0637969909464933,0.125,10.0,1000
manufacturing,temperature_eps1.0,sample,1.0,8,2,8.0,1,2,0.0,23.93058533199889,0.11965292665999445,1.0886661747342492,0.125,10.0,1000
manufacturing,temperature_eps1.0,sample,1.0,8,2,16.0,1,2,0.0,19.15144943407466,0.0957572471703733,1.0640177675915685,0.125,10.0,1000
manufacturing,temperature_eps1.0,sample,1.0,8,3,,1,2,0.0,19.15144943407466,0.0957572471703733,1.0640177675915685,0.125,10.0,1000
manufacturing,temperature_eps1.0,sample,1.0,8,3,4.0,1,2,0.0,47.83748518561943,0.23918742592809714,1.0637969909464933,0.125,10.0,1000
manufacturing,temperature_eps1.0,sample,1.0,8,3,8.0,1,2,0.0,23.93058533199889,0.11965292665999445,1.0886661747342492,0.125,10.0,1000
manufacturing,temperature_eps1.0,sample,1.0,8,3,16.0,1,2,0.0,19.15144943407466,0.0957572471703733,1.0640177675915685,0.125,10.0,1000
manufacturing,temperature_eps1.0,sample,1.0,8,4,,1,2,0.0,19.15144943407466,0.0957572471703733,1.0640177675915685,0.125,10.0,1000
manufacturing,temperature_eps1.0,sample,1.0,8,4,4.0,1,2,0.0,47.83748518561943,0.23918742592809714,1.0637969909464933,0.125,10.0,1000
manufacturing,temperature_eps1.0,sample,1.0,8,4,8.0,1,2,0.0,23.93058533199889,0.11965292665999445,1.0886661747342492,0.125,10.0,1000
manufacturing,temperature_eps1.0,sample,1.0,8,4,16.0,1,2,0.0,19.15144943407466,0.0957572471703733,1.0640177675915685,0.125,10.0,1000
manufacturing,temperature_eps1.0,sample,1.0,8,6,,1,2,0.0,19.15144943407466,0.0957572471703733,1.0640177675915685,0.125,10.0,1000
manufacturing,temperature_eps1.0,sample,1.0,8,6,8.0,1,2,0.0,23.93058533199889,0.11965292665999445,1.0886661747342492,0.125,10.0,1000
manufacturing,temperature_eps1.0,sample,1.0,8,6,16.0,1,2,0.0,19.15144943407466,0.0957572471703733,1.0640177675915685,0.125,10.0,1000
manufacturing,temperature_eps1.0,sample,1.0,8,1,,1,4,0.0,19.15144943407466,0.0957572471703733,1.0640177675915685,0.125,10.0,1000
manufacturing,temperature_eps1.0,sample,1.0,8,1,4.0,1,4,0.0,47.83748518561943,0.23918742592809714,1.0637969909464933,0.125,10.0,1000
manufacturing,temperature_eps1.0,sample,1.0,8,1,8.0,1,4,0.0,23.93058533199889,0.11965292665999445,1.0886661747342492,0.125,10.0,1000
manufacturing,temperature_eps1.0,sample,1.0,8,1,16.0,1,4,0.0,19.15144943407466,0.0957572471703733,1.0640177675915685,0.125,10.0,1000
manufacturing,temperature_eps1.0,sample,1.0,8,2,,1,4,0.0,19.15144943407466,0.0957572471703733,1.0640177675915685,0.125,10.0,1000
manufacturing,temperature_eps1.0,sample,1.0,8,2,4.0,1,4,0.0,47.83748518561943,0.23918742592809714,1.0637969909464933,0.125,10.0,1000
manufacturing,temperature_eps1.0,sample,1.0,8,2,8.0,1,4,0.0,23.93058533199889,0.11965292665999445,1.0886661747342492,0.125,10.0,1000
manufacturing,temperature_eps1.0,sample,1.0,8,2,16.0,1,4,0.0,19.15144943407466,0.0957572471703733,1.0640177675915685,0.125,10.0,1000
manufacturing,temperature_eps1.0,sample,1.0,8,3,,1,4,0.0,19.15144943407466,0.0957572471703733,1.0640177675915685,0.125,10.0,1000
manufacturing,temperature_eps1.0,sample,1.0,8,3,4.0,1,4,0.0,47.83748518561943,0.23918742592809714,1.0637969909464933,0.125,10.0,1000
manufacturing,temperature_eps1.0,sample,1.0,8,3,8.0,1,4,0.0,23.93058533199889,0.11965292665999445,1.0886661747342492,0.125,10.0,1000
manufacturing,temperature_eps1.0,sample,1.0,8,3,16.0,1,4,0.0,19.15144943407466,0.0957572471703733,1.0640177675915685,0.125,10.0,1000
manufacturing,temperature_eps1.0,sample,1.0,8,4,,1,4,0.0,19.15144943407466,0.0957572471703733,1.0640177675915685,0.125,10.0,1000
manufacturing,temperature_eps1.0,sample,1.0,8,4,4.0,1,4,0.0,47.83748518561943,0.23918742592809714,1.0637969909464933,0.125,10.0,1000
manufacturing,temperature_eps1.0,sample,1.0,8,4,8.0,1,4,0.0,23.93058533199889,0.11965292665999445,1.0886661747342492,0.125,10.0,1000
manufacturing,temperature_eps1.0,sample,1.0,8,4,16.0,1,4,0.0,19.15144943407466,0.0957572471703733,1.0640177675915685,0.125,10.0,1000
manufacturing,temperature_eps1.0,sample,1.0,8,6,,1,4,0.0,19.15144943407466,0.0957572471703733,1.0640177675915685,0.125,10.0,1000
manufacturing,temperature_eps1.0,sample,1.0,8,6,8.0,1,4,0.0,23.93058533199889,0.11965292665999445,1.0886661747342492,0.125,10.0,1000
manufacturing,temperature_eps1.0,sample,1.0,8,6,16.0,1,4,0.0,19.15144943407466,0.0957572471703733,1.0640177675915685,0.125,10.0,1000
manufacturing,temperature_eps1.0,sample,1.0,8,1,,2,0,0.0,17.704757627368544,0.08852378813684272,1.1131393776762468,0.126,10.0,500
manufacturing,temperature_eps1.0,sample,1.0,8,1,4.0,2,0,0.0,44.2564989378557,0.22128249468927852,1.0129998290309234,0.126,10.0,500
manufacturing,temperature_eps1.0,sample,1.0,8,1,8.0,2,0,0.0,22.12987178421068,0.11064935892105339,1.1131393776762468,0.126,10.0,500
manufacturing,temperature_eps1.0,sample,1.0,8,1,16.0,2,0,0.0,17.704757627368544,0.08852378813684272,1.1131393776762468,0.126,10.0,500
manufacturing,temperature_eps1.0,sample,1.0,8,2,,2,0,0.0,17.704757627368544,0.08852378813684272,1.1131393776762468,0.126,10.0,500
manufacturing,temperature_eps1.0,sample,1.0,8,2,4.0,2,0,0.0,44.2564989378557,0.22128249468927852,1.0129998290309234,0.126,10.0,500
manufacturing,temperature_eps1.0,sample,1.0,8,2,8.0,2,0,0.0,22.12987178421068,0.11064935892105339,1.1131393776762468,0.126,10.0,500
manufacturing,temperature_eps1.0,sample,1.0,8,2,16.0,2,0,0.0,17.704757627368544,0.08852378813684272,1.1131393776762468,0.126,10.0,500
manufacturing,temperature_eps1.0,sample,1.0,8,3,,2,0,0.0,17.704757627368544,0.08852378813684272,1.1131393776762468,0.126,10.0,500
manufacturing,temperature_eps1.0,sample,1.0,8,3,4.0,2,0,0.0,44.2564989378557,0.22128249468927852,1.0129998290309234,0.126,10.0,500
manufacturing,temperature_eps1.0,sample,1.0,8,3,8.0,2,0,0.0,22.12987178421068,0.11064935892105339,1.1131393776762468,0.126,10.0,500
manufacturing,temperature_eps1.0,sample,1.0,8,3,16.0,2,0,0.0,17.704757627368544,0.08852378813684272,1.1131393776762468,0.126,10.0,500
manufacturing,temperature_eps1.0,sample,1.0,8,4,,2,0,0.0,17.704757627368544,0.08852378813684272,1.1131393776762468,0.126,10.0,500
manufacturing,temperature_eps1.0,sample,1.0,8,4,4.0,2,0,0.0,44.2564989378557,0.22128249468927852,1.0129998290309234,0.126,10.0,500
manufacturing,temperature_eps1.0,sample,1.0,8,4,8.0,2,0,0.0,22.12987178421068,0.11064935892105339,1.1131393776762468,0.126,10.0,500
manufacturing,temperature_eps1.0,sample,1.0,8,4,16.0,2,0,0.0,17.704757627368544,0.08852378813684272,1.1131393776762468,0.126,10.0,500
manufacturing,temperature_eps1.0,sample,1.0,8,6,,2,0,0.0,17.704757627368544,0.08852378813684272,1.1131393776762468,0.126,10.0,500
manufacturing,temperature_eps1.0,sample,1.0,8,6,8.0,2,0,0.0,22.12987178421068,0.11064935892105339,1.1131393776762468,0.126,10.0,500
manufacturing,temperature_eps1.0,sample,1.0,8,6,16.0,2,0,0.0,17.704757627368544,0.08852378813684272,1.1131393776762468,0.126,10.0,500
manufacturing,temperature_eps1.0,sample,1.0,8,1,,2,2,0.0,17.704757627368544,0.08852378813684272,1.1131393776762468,0.126,10.0,500
manufacturing,temperature_eps1.0,sample,1.0,8,1,4.0,2,2,0.0,44.2564989378557,0.22128249468927852,1.0129998290309234,0.126,10.0,500
manufacturing,temperature_eps1.0,sample,1.0,8,1,8.0,2,2,0.0,22.12987178421068,0.11064935892105339,1.1131393776762468,0.126,10.0,500
manufacturing,temperature_eps1.0,sample,1.0,8,1,16.0,2,2,0.0,17.704757627368544,0.08852378813684272,1.1131393776762468,0.126,10.0,500
manufacturing,temperature_eps1.0,sample,1.0,8,2,,2,2,0.0,17.704757627368544,0.08852378813684272,1.1131393776762468,0.126,10.0,500
manufacturing,temperature_eps1.0,sample,1.0,8,2,4.0,2,2,0.0,44.2564989378557,0.22128249468927852,1.0129998290309234,0.126,10.0,500
manufacturing,temperature_eps1.0,sample,1.0,8,2,8.0,2,2,0.0,22.12987178421068,0.11064935892105339,1.1131393776762468,0.126,10.0,500
manufacturing,temperature_eps1.0,sample,1.0,8,2,16.0,2,2,0.0,17.704757627368544,0.08852378813684272,1.1131393776762468,0.126,10.0,500
manufacturing,temperature_eps1.0,sample,1.0,8,3,,2,2,0.0,17.704757627368544,0.08852378813684272,1.1131393776762468,0.126,10.0,500
manufacturing,temperature_eps1.0,sample,1.0,8,3,4.0,2,2,0.0,44.2564989378557,0.22128249468927852,1.0129998290309234,0.126,10.0,500
manufacturing,temperature_eps1.0,sample,1.0,8,3,8.0,2,2,0.0,22.12987178421068,0.11064935892105339,1.1131393776762468,0.126,10.0,500
manufacturing,temperature_eps1.0,sample,1.0,8,3,16.0,2,2,0.0,17.704757627368544,0.08852378813684272,1.1131393776762468,0.126,10.0,500
manufacturing,temperature_eps1.0,sample,1.0,8,4,,2,2,0.0,17.704757627368544,0.08852378813684272,1.1131393776762468,0.126,10.0,500
manufacturing,temperature_eps1.0,sample,1.0,8,4,4.0,2,2,0.0,44.2564989378557,0.22128249468927852,1.0129998290309234,0.126,10.0,500
manufacturing,temperature_eps1.0,sample,1.0,8,4,8.0,2,2,0.0,22.12987178421068,0.11064935892105339,1.1131393776762468,0.126,10.0,500
manufacturing,temperature_eps1.0,sample,1.0,8,4,16.0,2,2,0.0,17.704757627368544,0.08852378813684272,1.1131393776762468,0.126,10.0,500
manufacturing,temperature_eps1.0,sample,1.0,8,6,,2,2,0.0,17.704757627368544,0.08852378813684272,1.1131393776762468,0.126,10.0,500
manufacturing,temperature_eps1.0,sample,1.0,8,6,8.0,2,2,0.0,22.12987178421068,0.11064935892105339,1.1131393776762468,0.126,10.0,500
manufacturing,temperature_eps1.0,sample,1.0,8,6,16.0,2,2,0.0,17.704757627368544,0.08852378813684272,1.1131393776762468,0.126,10.0,500
manufacturing,temperature_eps1.0,sample,1.0,8,1,,2,4,0.0,17.704757627368544,0.08852378813684272,1.1131393776762468,0.126,10.0,500
manufacturing,temperature_eps1.0,sample,1.0,8,1,4.0,2,4,0.0,44.2564989378557,0.22128249468927852,1.0129998290309234,0.126,10.0,500
manufacturing,temperature_eps1.0,sample,1.0,8,1,8.0,2,4,0.0,22.12987178421068,0.11064935892105339,1.1131393776762468,0.126,10.0,500
manufacturing,temperature_eps1.0,sample,1.0,8,1,16.0,2,4,0.0,17.704757627368544,0.08852378813684272,1.1131393776762468,0.126,10.0,500
manufacturing,temperature_eps1.0,sample,1.0,8,2,,2,4,0.0,17.704757627368544,0.08852378813684272,1.1131393776762468,0.126,10.0,500
manufacturing,temperature_eps1.0,sample,1.0,8,2,4.0,2,4,0.0,44.2564989378557,0.22128249468927852,1.0129998290309234,0.126,10.0,500
manufacturing,temperature_eps1.0,sample,1.0,8,2,8.0,2,4,0.0,22.12987178421068,0.11064935892105339,1.1131393776762468,0.126,10.0,500
manufacturing,temperature_eps1.0,sample,1.0,8,2,16.0,2,4,0.0,17.704757627368544,0.08852378813684272,1.1131393776762468,0.126,10.0,500
manufacturing,temperature_eps1.0,sample,1.0,8,3,,2,4,0.0,17.704757627368544,0.08852378813684272,1.1131393776762468,0.126,10.0,500
manufacturing,temperature_eps1.0,sample,1.0,8,3,4.0,2,4,0.0,44.2564989378557,0.22128249468927852,1.0129998290309234,0.126,10.0,500
manufacturing,temperature_eps1.0,sample,1.0,8,3,8.0,2,4,0.0,22.12987178421068,0.11064935892105339,1.1131393776762468,0.126,10.0,500
manufacturing,temperature_eps1.0,sample,1.0,8,3,16.0,2,4,0.0,17.704757627368544,0.08852378813684272,1.1131393776762468,0.126,10.0,500
manufacturing,temperature_eps1.0,sample,1.0,8,4,,2,4,0.0,17.704757627368544,0.08852378813684272,1.1131393776762468,0.126,10.0,500
manufacturing,temperature_eps1.0,sample,1.0,8,4,4.0,2,4,0.0,44.2564989378557,0.22128249468927852,1.0129998290309234,0.126,10.0,500
manufacturing,temperature_eps1.0,sample,1.0,8,4,8.0,2,4,0.0,22.12987178421068,0.11064935892105339,1.1131393776762468,0.126,10.0,500
manufacturing,temperature_eps1.0,sample,1.0,8,4,16.0,2,4,0.0,17.704757627368544,0.08852378813684272,1.1131393776762468,0.126,10.0,500
manufacturing,temperature_eps1.0,sample,1.0,8,6,,2,4,0.0,17.704757627368544,0.08852378813684272,1.1131393776762468,0.126,10.0,500
manufacturing,temperature_eps1.0,sample,1.0,8,6,8.0,2,4,0.0,22.12987178421068,0.11064935892105339,1.1131393776762468,0.126,10.0,500
manufacturing,temperature_eps1.0,sample,1.0,8,6,16.0,2,4,0.0,17.704757627368544,0.08852378813684272,1.1131393776762468,0.126,10.0,500
manufacturing,temperature_eps1.0,sample,1.0,8,1,,4,0,0.0,16.27953885527425,0.08139769427637125,0.8908296005997581,0.128,10.0,250
manufacturing,temperature_eps1.0,sample,1.0,8,1,4.0,4,0,0.0,40.64350763818563,0.20321753819092817,0.8960828117444055,0.128,10.0,250
manufacturing,temperature_eps1.0,sample,1.0,8,1,8.0,4,0,0.0,20.340200319092816,0.10170100159546408,0.8908296005997581,0.128,10.0,250
manufacturing,temperature_eps1.0,sample,1.0,8,1,16.0,4,0,0.0,16.27953885527425,0.08139769427637125,0.8908296005997581,0.128,10.0,250
manufacturing,temperature_eps1.0,sample,1.0,8,2,,4,0,0.0,16.27953885527425,0.08139769427637125,0.8908296005997581,0.128,10.0,250
manufacturing,temperature_eps1.0,sample,1.0,8,2,4.0,4,0,0.0,40.64350763818563,0.20321753819092817,0.8960828117444055,0.128,10.0,250
manufacturing,temperature_eps1.0,sample,1.0,8,2,8.0,4,0,0.0,20.340200319092816,0.10170100159546408,0.8908296005997581,0.128,10.0,250
manufacturing,temperature_eps1.0,sample,1.0,8,2,16.0,4,0,0.0,16.27953885527425,0.08139769427637125,0.8908296005997581,0.128,10.0,250
manufacturing,temperature_eps1.0,sample,1.0,8,3,,4,0,0.0,16.27953885527425,0.08139769427637125,0.8908296005997581,0.128,10.0,250
manufacturing,temperature_eps1.0,sample,1.0,8,3,4.0,4,0,0.0,40.64350763818563,0.20321753819092817,0.8960828117444055,0.128,10.0,250
manufacturing,temperature_eps1.0,sample,1.0,8,3,8.0,4,0,0.0,20.340200319092816,0.10170100159546408,0.8908296005997581,0.128,10.0,250
manufacturing,temperature_eps1.0,sample,1.0,8,3,16.0,4,0,0.0,16.27953885527425,0.08139769427637125,0.8908296005997581,0.128,10.0,250
manufacturing,temperature_eps1.0,sample,1.0,8,4,,4,0,0.0,16.27953885527425,0.08139769427637125,0.8908296005997581,0.128,10.0,250
manufacturing,temperature_eps1.0,sample,1.0,8,4,4.0,4,0,0.0,40.64350763818563,0.20321753819092817,0.8960828117444055,0.128,10.0,250
manufacturing,temperature_eps1.0,sample,1.0,8,4,8.0,4,0,0.0,20.340200319092816,0.10170100159546408,0.8908296005997581,0.128,10.0,250
manufacturing,temperature_eps1.0,sample,1.0,8,4,16.0,4,0,0.0,16.27953885527425,0.08139769427637125,0.8908296005997581,0.128,10.0,250
manufacturing,temperature_eps1.0,sample,1.0,8,6,,4,0,0.0,16.27953885527425,0.08139769427637125,0.8908296005997581,0.128,10.0,250
manufacturing,temperature_eps1.0,sample,1.0,8,6,8.0,4,0,0.0,20.340200319092816,0.10170100159546408,0.8908296005997581,0.128,10.0,250
manufacturing,temperature_eps1.0,sample,1.0,8,6,16.0,4,0,0.0,16.27953885527425,0.08139769427637125,0.8908296005997581,0.128,10.0,250
manufacturing,temperature_eps1.0,sample,1.0,8,1,,4,2,0.0,16.27953885527425,0.08139769427637125,0.8908296005997581,0.128,10.0,250
manufacturing,temperature_eps1.0,sample,1.0,8,1,4.0,4,2,0.0,40.64350763818563,0.20321753819092817,0.8960828117444055,0.128,10.0,250
manufacturing,temperature_eps1.0,sample,1.0,8,1,8.0,4,2,0.0,20.340200319092816,0.10170100159546408,0.8908296005997581,0.128,10.0,250
manufacturing,temperature_eps1.0,sample,1.0,8,1,16.0,4,2,0.0,16.27953885527425,0.08139769427637125,0.8908296005997581,0.128,10.0,250
manufacturing,temperature_eps1.0,sample,1.0,8,2,,4,2,0.0,16.27953885527425,0.08139769427637125,0.8908296005997581,0.128,10.0,250
manufacturing,temperature_eps1.0,sample,1.0,8,2,4.0,4,2,0.0,40.64350763818563,0.20321753819092817,0.8960828117444055,0.128,10.0,250
manufacturing,temperature_eps1.0,sample,1.0,8,2,8.0,4,2,0.0,20.340200319092816,0.10170100159546408,0.8908296005997581,0.128,10.0,250
manufacturing,temperature_eps1.0,sample,1.0,8,2,16.0,4,2,0.0,16.27953885527425,0.08139769427637125,0.8908296005997581,0.128,10.0,250
manufacturing,temperature_eps1.0,sample,1.0,8,3,,4,2,0.0,16.27953885527425,0.08139769427637125,0.8908296005997581,0.128,10.0,250
manufacturing,temperature_eps1.0,sample,1.0,8,3,4.0,4,2,0.0,40.64350763818563,0.20321753819092817,0.8960828117444055,0.128,10.0,250
manufacturing,temperature_eps1.0,sample,1.0,8,3,8.0,4,2,0.0,20.340200319092816,0.10170100159546408,0.8908296005997581,0.128,10.0,250
manufacturing,temperature_eps1.0,sample,1.0,8,3,16.0,4,2,0.0,16.27953885527425,0.08139769427637125,0.8908296005997581,0.128,10.0,250
manufacturing,temperature_eps1.0,sample,1.0,8,4,,4,2,0.0,16.27953885527425,0.08139769427637125,0.8908296005997581,0.128,10.0,250
manufacturing,temperature_eps1.0,sample,1.0,8,4,4.0,4,2,0.0,40.64350763818563,0.20321753819092817,0.8960828117444055,0.128,10.0,250
manufacturing,temperature_eps1.0,sample,1.0,8,4,8.0,4,2,0.0,20.340200319092816,0.10170100159546408,0.8908296005997581,0.128,10.0,250
manufacturing,temperature_eps1.0,sample,1.0,8,4,16.0,4,2,0.0,16.27953885527425,0.08139769427637125,0.8908296005997581,0.128,10.0,250
manufacturing,temperature_eps1.0,sample,1.0,8,6,,4,2,0.0,16.27953885527425,0.08139769427637125,0.8908296005997581,0.128,10.0,250
manufacturing,temperature_eps1.0,sample,1.0,8,6,8.0,4,2,0.0,20.340200319092816,0.10170100159546408,0.8908296005997581,0.128,10.0,250
manufacturing,temperature_eps1.0,sample,1.0,8,6,16.0,4,2,0.0,16.27953885527425,0.08139769427637125,0.8908296005997581,0.128,10.0,250
manufacturing,temperature_eps1.0,sample,1.0,8,1,,4,4,0.0,16.27953885527425,0.08139769427637125,0.8908296005997581,0.128,10.0,250
manufacturing,temperature_eps1.0,sample,1.0,8,1,4.0,4,4,0.0,40.64350763818563,0.20321753819092817,0.8960828117444055,0.128,10.0,250
manufacturing,temperature_eps1.0,sample,1.0,8,1,8.0,4,4,0.0,20.340200319092816,0.10170100159546408,0.8908296005997581,0.128,10.0,250
manufacturing,temperature_eps1.0,sample,1.0,8,1,16.0,4,4,0.0,16.27953885527425,0.08139769427637125,0.8908296005997581,0.128,10.0,250
manufacturing,temperature_eps1.0,sample,1.0,8,2,,4,4,0.0,16.27953885527425,0.08139769427637125,0.8908296005997581,0.128,10.0,250
manufacturing,temperature_eps1.0,sample,1.0,8,2,4.0,4,4,0.0,40.64350763818563,0.20321753819092817,0.8960828117444055,0.128,10.0,250
manufacturing,temperature_eps1.0,sample,1.0,8,2,8.0,4,4,0.0,20.340200319092816,0.10170100159546408,0.8908296005997581,0.128,10.0,250
manufacturing,temperature_eps1.0,sample,1.0,8,2,16.0,4,4,0.0,16.27953885527425,0.08139769427637125,0.8908296005997581,0.128,10.0,250
manufacturing,temperature_eps1.0,sample,1.0,8,3,,4,4,0.0,16.27953885527425,0.08139769427637125,0.8908296005997581,0.128,10.0,250
manufacturing,temperature_eps1.0,sample,1.0,8,3,4.0,4,4,0.0,40.64350763818563,0.20321753819092817,0.8960828117444055,0.128,10.0,250
manufacturing,temperature_eps1.0,sample,1.0,8,3,8.0,4,4,0.0,20.340200319092816,0.10170100159546408,0.8908296005997581,0.128,10.0,250
manufacturing,temperature_eps1.0,sample,1.0,8,3,16.0,4,4,0.0,16.27953885527425,0.08139769427637125,0.8908296005997581,0.128,10.0,250
manufacturing,temperature_eps1.0,sample,1.0,8,4,,4,4,0.0,16.27953885527425,0.08139769427637125,0.8908296005997581,0.128,10.0,250
manufacturing,temperature_eps1.0,sample,1.0,8,4,4.0,4,4,0.0,40.64350763818563,0.20321753819092817,0.8960828117444055,0.128,10.0,250
manufacturing,temperature_eps1.0,sample,1.0,8,4,8.0,4,4,0.0,20.340200319092816,0.10170100159546408,0.8908296005997581,0.128,10.0,250
manufacturing,temperature_eps1.0,sample,1.0,8,4,16.0,4,4,0.0,16.27953885527425,0.08139769427637125,0.8908296005997581,0.128,10.0,250
manufacturing,temperature_eps1.0,sample,1.0,8,6,,4,4,0.0,16.27953885527425,0.08139769427637125,0.8908296005997581,0.128,10.0,250
manufacturing,temperature_eps1.0,sample,1.0,8,6,8.0,4,4,0.0,20.340200319092816,0.10170100159546408,0.8908296005997581,0.128,10.0,250
manufacturing,temperature_eps1.0,sample,1.0,8,6,16.0,4,4,0.0,16.27953885527425,0.08139769427637125,0.8908296005997581,0.128,10.0,250
manufacturing,temperature_eps1.0,budget_distribution,1.0,8,1,,1,0,0.0,240.65033429012865,1.2032516714506434,0.25238538641451913,0.64,10.0,1000
manufacturing,temperature_eps1.0,budget_distribution,1.0,8,1,4.0,1,0,0.0,604.7830852396012,3.023915426198006,0.3855005159101814,0.664,10.0,1000
manufacturing,temperature_eps1.0,budget_distribution,1.0,8,1,8.0,1,0,0.0,301.61796466265326,1.5080898233132662,0.2549747610678904,0.642,10.0,1000
manufacturing,temperature_eps1.0,budget_distribution,1.0,8,1,16.0,1,0,0.0,240.65033429012865,1.2032516714506434,0.25238538641451913,0.64,10.0,1000
manufacturing,temperature_eps1.0,budget_distribution,1.0,8,2,,1,0,0.0,240.65033429012865,1.2032516714506434,0.25238538641451913,0.64,10.0,1000
manufacturing,temperature_eps1.0,budget_distribution,1.0,8,2,4.0,1,0,0.0,604.7830852396012,3.023915426198006,0.3855005159101814,0.664,10.0,1000
manufacturing,temperature_eps1.0,budget_distribution,1.0,8,2,8.0,1,0,0.0,301.61796466265326,1.5080898233132662,0.2549747610678904,0.642,10.0,1000
manufacturing,temperature_eps1.0,budget_distribution,1.0,8,2,16.0,1,0,0.0,240.65033429012865,1.2032516714506434,0.25238538641451913,0.64,10.0,1000
manufacturing,temperature_eps1.0,budget_distribution,1.0,8,3,,1,0,0.0,240.65033429012865,1.2032516714506434,0.25238538641451913,0.64,10.0,1000
manufacturing,temperature_eps1.0,budget_distribution,1.0,8,3,4.0,1,0,0.0,604.7830852396012,3.023915426198006,0.3855005159101814,0.664,10.0,1000
manufacturing,temperature_eps1.0,budget_distribution,1.0,8,3,8.0,1,0,0.0,301.61796466265326,1.5080898233132662,0.2549747610678904,0.642,10.0,1000
manufacturing,temperature_eps1.0,budget_distribution,1.0,8,3,16.0,1,0,0.0,240.65033429012865,1.2032516714506434,0.25238538641451913,0.64,10.0,1000
manufacturing,temperature_eps1.0,budget_distribution,1.0,8,4,,1,0,0.0,240.65033429012865,1.2032516714506434,0.25238538641451913,0.64,10.0,1000
manufacturing,temperature_eps1.0,budget_distribution,1.0,8,4,4.0,1,0,0.0,604.7830852396012,3.023915426198006,0.3855005159101814,0.664,10.0,1000
manufacturing,temperature_eps1.0,budget_distribution,1.0,8,4,8.0,1,0,0.0,301.61796466265326,1.5080898233132662,0.2549747610678904,0.642,10.0,1000
manufacturing,temperature_eps1.0,budget_distribution,1.0,8,4,16.0,1,0,0.0,240.65033429012865,1.2032516714506434,0.25238538641451913,0.64,10.0,1000
manufacturing,temperature_eps1.0,budget_distribution,1.0,8,6,,1,0,0.0,240.65033429012865,1.2032516714506434,0.25238538641451913,0.64,10.0,1000
manufacturing,temperature_eps1.0,budget_distribution,1.0,8,6,8.0,1,0,0.0,301.61796466265326,1.5080898233132662,0.2549747610678904,0.642,10.0,1000
manufacturing,temperature_eps1.0,budget_distribution,1.0,8,6,16.0,1,0,0.0,240.65033429012865,1.2032516714506434,0.25238538641451913,0.64,10.0,1000
manufacturing,temperature_eps1.0,budget_distribution,1.0,8,1,,1,2,0.0,240.65033429012865,1.2032516714506434,0.25238538641451913,0.64,10.0,1000
manufacturing,temperature_eps1.0,budget_distribution,1.0,8,1,4.0,1,2,0.0,604.7830852396012,3.023915426198006,0.3855005159101814,0.664,10.0,1000
manufacturing,temperature_eps1.0,budget_distribution,1.0,8,1,8.0,1,2,0.0,301.61796466265326,1.5080898233132662,0.2549747610678904,0.642,10.0,1000
manufacturing,temperature_eps1.0,budget_distribution,1.0,8,1,16.0,1,2,0.0,240.65033429012865,1.2032516714506434,0.25238538641451913,0.64,10.0,1000
manufacturing,temperature_eps1.0,budget_distribution,1.0,8,2,,1,2,0.0,240.65033429012865,1.2032516714506434,0.25238538641451913,0.64,10.0,1000
manufacturing,temperature_eps1.0,budget_distribution,1.0,8,2,4.0,1,2,0.0,604.7830852396012,3.023915426198006,0.3855005159101814,0.664,10.0,1000
manufacturing,temperature_eps1.0,budget_distribution,1.0,8,2,8.0,1,2,0.0,301.61796466265326,1.5080898233132662,0.2549747610678904,0.642,10.0,1000
manufacturing,temperature_eps1.0,budget_distribution,1.0,8,2,16.0,1,2,0.0,240.65033429012865,1.2032516714506434,0.25238538641451913,0.64,10.0,1000
manufacturing,temperature_eps1.0,budget_distribution,1.0,8,3,,1,2,0.0,240.65033429012865,1.2032516714506434,0.25238538641451913,0.64,10.0,1000
manufacturing,temperature_eps1.0,budget_distribution,1.0,8,3,4.0,1,2,0.0,604.7830852396012,3.023915426198006,0.3855005159101814,0.664,10.0,1000
manufacturing,temperature_eps1.0,budget_distribution,1.0,8,3,8.0,1,2,0.0,301.61796466265326,1.5080898233132662,0.2549747610678904,0.642,10.0,1000
manufacturing,temperature_eps1.0,budget_distribution,1.0,8,3,16.0,1,2,0.0,240.65033429012865,1.2032516714506434,0.25238538641451913,0.64,10.0,1000
manufacturing,temperature_eps1.0,budget_distribution,1.0,8,4,,1,2,0.0,240.65033429012865,1.2032516714506434,0.25238538641451913,0.64,10.0,1000
manufacturing,temperature_eps1.0,budget_distribution,1.0,8,4,4.0,1,2,0.0,604.7830852396012,3.023915426198006,0.3855005159101814,0.664,10.0,1000
manufacturing,temperature_eps1.0,budget_distribution,1.0,8,4,8.0,1,2,0.0,301.61796466265326,1.5080898233132662,0.2549747610678904,0.642,10.0,1000
manufacturing,temperature_eps1.0,budget_distribution,1.0,8,4,16.0,1,2,0.0,240.65033429012865,1.2032516714506434,0.25238538641451913,0.64,10.0,1000
manufacturing,temperature_eps1.0,budget_distribution,1.0,8,6,,1,2,0.0,240.65033429012865,1.2032516714506434,0.25238538641451913,0.64,10.0,1000
manufacturing,temperature_eps1.0,budget_distribution,1.0,8,6,8.0,1,2,0.0,301.61796466265326,1.5080898233132662,0.2549747610678904,0.642,10.0,1000
manufacturing,temperature_eps1.0,budget_distribution,1.0,8,6,16.0,1,2,0.0,240.65033429012865,1.2032516714506434,0.25238538641451913,0.64,10.0,1000
manufacturing,temperature_eps1.0,budget_distribution,1.0,8,1,,1,4,0.0,240.65033429012865,1.2032516714506434,0.25238538641451913,0.64,10.0,1000
manufacturing,temperature_eps1.0,budget_distribution,1.0,8,1,4.0,1,4,0.0,604.7830852396012,3.023915426198006,0.3855005159101814,0.664,10.0,1000
manufacturing,temperature_eps1.0,budget_distribution,1.0,8,1,8.0,1,4,0.0,301.61796466265326,1.5080898233132662,0.2549747610678904,0.642,10.0,1000
manufacturing,temperature_eps1.0,budget_distribution,1.0,8,1,16.0,1,4,0.0,240.65033429012865,1.2032516714506434,0.25238538641451913,0.64,10.0,1000
manufacturing,temperature_eps1.0,budget_distribution,1.0,8,2,,1,4,0.0,240.65033429012865,1.2032516714506434,0.25238538641451913,0.64,10.0,1000
manufacturing,temperature_eps1.0,budget_distribution,1.0,8,2,4.0,1,4,0.0,604.7830852396012,3.023915426198006,0.3855005159101814,0.664,10.0,1000
manufacturing,temperature_eps1.0,budget_distribution,1.0,8,2,8.0,1,4,0.0,301.61796466265326,1.5080898233132662,0.2549747610678904,0.642,10.0,1000
manufacturing,temperature_eps1.0,budget_distribution,1.0,8,2,16.0,1,4,0.0,240.65033429012865,1.2032516714506434,0.25238538641451913,0.64,10.0,1000
manufacturing,temperature_eps1.0,budget_distribution,1.0,8,3,,1,4,0.0,240.65033429012865,1.2032516714506434,0.25238538641451913,0.64,10.0,1000
manufacturing,temperature_eps1.0,budget_distribution,1.0,8,3,4.0,1,4,0.0,604.7830852396012,3.023915426198006,0.3855005159101814,0.664,10.0,1000
manufacturing,temperature_eps1.0,budget_distribution,1.0,8,3,8.0,1,4,0.0,301.61796466265326,1.5080898233132662,0.2549747610678904,0.642,10.0,1000
manufacturing,temperature_eps1.0,budget_distribution,1.0,8,3,16.0,1,4,0.0,240.65033429012865,1.2032516714506434,0.25238538641451913,0.64,10.0,1000
manufacturing,temperature_eps1.0,budget_distribution,1.0,8,4,,1,4,0.0,240.65033429012865,1.2032516714506434,0.25238538641451913,0.64,10.0,1000
manufacturing,temperature_eps1.0,budget_distribution,1.0,8,4,4.0,1,4,0.0,604.7830852396012,3.023915426198006,0.3855005159101814,0.664,10.0,1000
manufacturing,temperature_eps1.0,budget_distribution,1.0,8,4,8.0,1,4,0.0,301.61796466265326,1.5080898233132662,0.2549747610678904,0.642,10.0,1000
manufacturing,temperature_eps1.0,budget_distribution,1.0,8,4,16.0,1,4,0.0,240.65033429012865,1.2032516714506434,0.25238538641451913,0.64,10.0,1000
manufacturing,temperature_eps1.0,budget_distribution,1.0,8,6,,1,4,0.0,240.65033429012865,1.2032516714506434,0.25238538641451913,0.64,10.0,1000
manufacturing,temperature_eps1.0,budget_distribution,1.0,8,6,8.0,1,4,0.0,301.61796466265326,1.5080898233132662,0.2549747610678904,0.642,10.0,1000
manufacturing,temperature_eps1.0,budget_distribution,1.0,8,6,16.0,1,4,0.0,240.65033429012865,1.2032516714506434,0.25238538641451913,0.64,10.0,1000
manufacturing,temperature_eps1.0,budget_distribution,1.0,8,1,,2,0,0.0,250.72651455278654,1.2536325727639328,0.4114574646099232,0.638,10.0,500
manufacturing,temperature_eps1.0,budget_distribution,1.0,8,1,4.0,2,0,0.0,631.5307300387935,3.157653650193968,0.43211687356094086,0.654,10.0,500
manufacturing,temperature_eps1.0,budget_distribution,1.0,8,1,8.0,2,0,0.0,313.65860187857896,1.5682930093928948,0.4234395636591387,0.648,10.0,500
manufacturing,temperature_eps1.0,budget_distribution,1.0,8,1,16.0,2,0,0.0,250.72651455278654,1.2536325727639328,0.4114574646099232,0.638,10.0,500
manufacturing,temperature_eps1.0,budget_distribution,1.0,8,2,,2,0,0.0,250.72651455278654,1.2536325727639328,0.4114574646099232,0.638,10.0,500
manufacturing,temperature_eps1.0,budget_distribution,1.0,8,2,4.0,2,0,0.0,631.5307300387935,3.157653650193968,0.43211687356094086,0.654,10.0,500
manufacturing,temperature_eps1.0,budget_distribution,1.0,8,2,8.0,2,0,0.0,313.65860187857896,1.5682930093928948,0.4234395636591387,0.648,10.0,500
manufacturing,temperature_eps1.0,budget_distribution,1.0,8,2,16.0,2,0,0.0,250.72651455278654,1.2536325727639328,0.4114574646099232,0.638,10.0,500
manufacturing,temperature_eps1.0,budget_distribution,1.0,8,3,,2,0,0.0,250.72651455278654,1.2536325727639328,0.4114574646099232,0.638,10.0,500
manufacturing,temperature_eps1.0,budget_distribution,1.0,8,3,4.0,2,0,0.0,631.5307300387935,3.157653650193968,0.43211687356094086,0.654,10.0,500
manufacturing,temperature_eps1.0,budget_distribution,1.0,8,3,8.0,2,0,0.0,313.65860187857896,1.5682930093928948,0.4234395636591387,0.648,10.0,500
manufacturing,temperature_eps1.0,budget_distribution,1.0,8,3,16.0,2,0,0.0,250.72651455278654,1.2536325727639328,0.4114574646099232,0.638,10.0,500
manufacturing,temperature_eps1.0,budget_distribution,1.0,8,4,,2,0,0.0,250.72651455278654,1.2536325727639328,0.4114574646099232,0.638,10.0,500
manufacturing,temperature_eps1.0,budget_distribution,1.0,8,4,4.0,2,0,0.0,631.5307300387935,3.157653650193968,0.43211687356094086,0.654,10.0,500
manufacturing,temperature_eps1.0,budget_distribution,1.0,8,4,8.0,2,0,0.0,313.65860187857896,1.5682930093928948,0.4234395636591387,0.648,10.0,500
manufacturing,temperature_eps1.0,budget_distribution,1.0,8,4,16.0,2,0,0.0,250.72651455278654,1.2536325727639328,0.4114574646099232,0.638,10.0,500
manufacturing,temperature_eps1.0,budget_distribution,1.0,8,6,,2,0,0.0,250.72651455278654,1.2536325727639328,0.4114574646099232,0.638,10.0,500
manufacturing,temperature_eps1.0,budget_distribution,1.0,8,6,8.0,2,0,0.0,313.65860187857896,1.5682930093928948,0.4234395636591387,0.648,10.0,500
manufacturing,temperature_eps1.0,budget_distribution,1.0,8,6,16.0,2,0,0.0,250.72651455278654,1.2536325727639328,0.4114574646099232,0.638,10.0,500
manufacturing,temperature_eps1.0,budget_distribution,1.0,8,1,,2,2,0.0,250.72651455278654,1.2536325727639328,0.4114574646099232,0.638,10.0,500
manufacturing,temperature_eps1.0,budget_distribution,1.0,8,1,4.0,2,2,0.0,631.5307300387935,3.157653650193968,0.43211687356094086,0.654,10.0,500
manufacturing,temperature_eps1.0,budget_distribution,1.0,8,1,8.0,2,2,0.0,313.65860187857896,1.5682930093928948,0.4234395636591387,0.648,10.0,500
manufacturing,temperature_eps1.0,budget_distribution,1.0,8,1,16.0,2,2,0.0,250.72651455278654,1.2536325727639328,0.4114574646099232,0.638,10.0,500
manufacturing,temperature_eps1.0,budget_distribution,1.0,8,2,,2,2,0.0,250.72651455278654,1.2536325727639328,0.4114574646099232,0.638,10.0,500
manufacturing,temperature_eps1.0,budget_distribution,1.0,8,2,4.0,2,2,0.0,631.5307300387935,3.157653650193968,0.43211687356094086,0.654,10.0,500
manufacturing,temperature_eps1.0,budget_distribution,1.0,8,2,8.0,2,2,0.0,313.65860187857896,1.5682930093928948,0.4234395636591387,0.648,10.0,500
manufacturing,temperature_eps1.0,budget_distribution,1.0,8,2,16.0,2,2,0.0,250.72651455278654,1.2536325727639328,0.4114574646099232,0.638,10.0,500
manufacturing,temperature_eps1.0,budget_distribution,1.0,8,3,,2,2,0.0,250.72651455278654,1.2536325727639328,0.4114574646099232,0.638,10.0,500
manufacturing,temperature_eps1.0,budget_distribution,1.0,8,3,4.0,2,2,0.0,631.5307300387935,3.157653650193968,0.43211687356094086,0.654,10.0,500
manufacturing,temperature_eps1.0,budget_distribution,1.0,8,3,8.0,2,2,0.0,313.65860187857896,1.5682930093928948,0.4234395636591387,0.648,10.0,500
manufacturing,temperature_eps1.0,budget_distribution,1.0,8,3,16.0,2,2,0.0,250.72651455278654,1.2536325727639328,0.4114574646099232,0.638,10.0,500
manufacturing,temperature_eps1.0,budget_distribution,1.0,8,4,,2,2,0.0,250.72651455278654,1.2536325727639328,0.4114574646099232,0.638,10.0,500
manufacturing,temperature_eps1.0,budget_distribution,1.0,8,4,4.0,2,2,0.0,631.5307300387935,3.157653650193968,0.43211687356094086,0.654,10.0,500
manufacturing,temperature_eps1.0,budget_distribution,1.0,8,4,8.0,2,2,0.0,313.65860187857896,1.5682930093928948,0.4234395636591387,0.648,10.0,500
manufacturing,temperature_eps1.0,budget_distribution,1.0,8,4,16.0,2,2,0.0,250.72651455278654,1.2536325727639328,0.4114574646099232,0.638,10.0,500
manufacturing,temperature_eps1.0,budget_distribution,1.0,8,6,,2,2,0.0,250.72651455278654,1.2536325727639328,0.4114574646099232,0.638,10.0,500
manufacturing,temperature_eps1.0,budget_distribution,1.0,8,6,8.0,2,2,0.0,313.65860187857896,1.5682930093928948,0.4234395636591387,0.648,10.0,500
manufacturing,temperature_eps1.0,budget_distribution,1.0,8,6,16.0,2,2,0.0,250.72651455278654,1.2536325727639328,0.4114574646099232,0.638,10.0,500
manufacturing,temperature_eps1.0,budget_distribution,1.0,8,1,,2,4,0.0,250.72651455278654,1.2536325727639328,0.4114574646099232,0.638,10.0,500
manufacturing,temperature_eps1.0,budget_distribution,1.0,8,1,4.0,2,4,0.0,631.5307300387935,3.157653650193968,0.43211687356094086,0.654,10.0,500
manufacturing,temperature_eps1.0,budget_distribution,1.0,8,1,8.0,2,4,0.0,313.65860187857896,1.5682930093928948,0.4234395636591387,0.648,10.0,500
manufacturing,temperature_eps1.0,budget_distribution,1.0,8,1,16.0,2,4,0.0,250.72651455278654,1.2536325727639328,0.4114574646099232,0.638,10.0,500
manufacturing,temperature_eps1.0,budget_distribution,1.0,8,2,,2,4,0.0,250.72651455278654,1.2536325727639328,0.4114574646099232,0.638,10.0,500
manufacturing,temperature_eps1.0,budget_distribution,1.0,8,2,4.0,2,4,0.0,631.5307300387935,3.157653650193968,0.43211687356094086,0.654,10.0,500
manufacturing,temperature_eps1.0,budget_distribution,1.0,8,2,8.0,2,4,0.0,313.65860187857896,1.5682930093928948,0.4234395636591387,0.648,10.0,500
manufacturing,temperature_eps1.0,budget_distribution,1.0,8,2,16.0,2,4,0.0,250.72651455278654,1.2536325727639328,0.4114574646099232,0.638,10.0,500
manufacturing,temperature_eps1.0,budget_distribution,1.0,8,3,,2,4,0.0,250.72651455278654,1.2536325727639328,0.4114574646099232,0.638,10.0,500
manufacturing,temperature_eps1.0,budget_distribution,1.0,8,3,4.0,2,4,0.0,631.5307300387935,3.157653650193968,0.43211687356094086,0.654,10.0,500
manufacturing,temperature_eps1.0,budget_distribution,1.0,8,3,8.0,2,4,0.0,313.65860187857896,1.5682930093928948,0.4234395636591387,0.648,10.0,500
manufacturing,temperature_eps1.0,budget_distribution,1.0,8,3,16.0,2,4,0.0,250.72651455278654,1.2536325727639328,0.4114574646099232,0.638,10.0,500
manufacturing,temperature_eps1.0,budget_distribution,1.0,8,4,,2,4,0.0,250.72651455278654,1.2536325727639328,0.4114574646099232,0.638,10.0,500
manufacturing,temperature_eps1.0,budget_distribution,1.0,8,4,4.0,2,4,0.0,631.5307300387935,3.157653650193968,0.43211687356094086,0.654,10.0,500
manufacturing,temperature_eps1.0,budget_distribution,1.0,8,4,8.0,2,4,0.0,313.65860187857896,1.5682930093928948,0.4234395636591387,0.648,10.0,500
manufacturing,temperature_eps1.0,budget_distribution,1.0,8,4,16.0,2,4,0.0,250.72651455278654,1.2536325727639328,0.4114574646099232,0.638,10.0,500
manufacturing,temperature_eps1.0,budget_distribution,1.0,8,6,,2,4,0.0,250.72651455278654,1.2536325727639328,0.4114574646099232,0.638,10.0,500
manufacturing,temperature_eps1.0,budget_distribution,1.0,8,6,8.0,2,4,0.0,313.65860187857896,1.5682930093928948,0.4234395636591387,0.648,10.0,500
manufacturing,temperature_eps1.0,budget_distribution,1.0,8,6,16.0,2,4,0.0,250.72651455278654,1.2536325727639328,0.4114574646099232,0.638,10.0,500
manufacturing,temperature_eps1.0,budget_distribution,1.0,8,1,,4,0,0.0,226.06096241504292,1.1303048120752146,0.6176878652344598,0.62,10.0,250
manufacturing,temperature_eps1.0,budget_distribution,1.0,8,1,4.0,4,0,0.0,565.1446285376072,2.825723142688036,0.6176878652344598,0.62,10.0,250
manufacturing,temperature_eps1.0,budget_distribution,1.0,8,1,8.0,4,0,0.0,282.5749067688037,1.4128745338440185,0.6176878652344598,0.62,10.0,250
manufacturing,temperature_eps1.0,budget_distribution,1.0,8,1,16.0,4,0,0.0,226.06096241504292,1.1303048120752146,0.6176878652344598,0.62,10.0,250
manufacturing,temperature_eps1.0,budget_distribution,1.0,8,2,,4,0,0.0,226.06096241504292,1.1303048120752146,0.6176878652344598,0.62,10.0,250
manufacturing,temperature_eps1.0,budget_distribution,1.0,8,2,4.0,4,0,0.0,565.1446285376072,2.825723142688036,0.6176878652344598,0.62,10.0,250
manufacturing,temperature_eps1.0,budget_distribution,1.0,8,2,8.0,4,0,0.0,282.5749067688037,1.4128745338440185,0.6176878652344598,0.62,10.0,250
manufacturing,temperature_eps1.0,budget_distribution,1.0,8,2,16.0,4,0,0.0,226.06096241504292,1.1303048120752146,0.6176878652344598,0.62,10.0,250
manufacturing,temperature_eps1.0,budget_distribution,1.0,8,3,,4,0,0.0,226.06096241504292,1.1303048120752146,0.6176878652344598,0.62,10.0,250
manufacturing,temperature_eps1.0,budget_distribution,1.0,8,3,4.0,4,0,0.0,565.1446285376072,2.825723142688036,0.6176878652344598,0.62,10.0,250
manufacturing,temperature_eps1.0,budget_distribution,1.0,8,3,8.0,4,0,0.0,282.5749067688037,1.4128745338440185,0.6176878652344598,0.62,10.0,250
manufacturing,temperature_eps1.0,budget_distribution,1.0,8,3,16.0,4,0,0.0,226.06096241504292,1.1303048120752146,0.6176878652344598,0.62,10.0,250
manufacturing,temperature_eps1.0,budget_distribution,1.0,8,4,,4,0,0.0,226.06096241504292,1.1303048120752146,0.6176878652344598,0.62,10.0,250
manufacturing,temperature_eps1.0,budget_distribution,1.0,8,4,4.0,4,0,0.0,565.1446285376072,2.825723142688036,0.6176878652344598,0.62,10.0,250
manufacturing,temperature_eps1.0,budget_distribution,1.0,8,4,8.0,4,0,0.0,282.5749067688037,1.4128745338440185,0.6176878652344598,0.62,10.0,250
manufacturing,temperature_eps1.0,budget_distribution,1.0,8,4,16.0,4,0,0.0,226.06096241504292,1.1303048120752146,0.6176878652344598,0.62,10.0,250
manufacturing,temperature_eps1.0,budget_distribution,1.0,8,6,,4,0,0.0,226.06096241504292,1.1303048120752146,0.6176878652344598,0.62,10.0,250
manufacturing,temperature_eps1.0,budget_distribution,1.0,8,6,8.0,4,0,0.0,282.5749067688037,1.4128745338440185,0.6176878652344598,0.62,10.0,250
manufacturing,temperature_eps1.0,budget_distribution,1.0,8,6,16.0,4,0,0.0,226.06096241504292,1.1303048120752146,0.6176878652344598,0.62,10.0,250
manufacturing,temperature_eps1.0,budget_distribution,1.0,8,1,,4,2,0.0,226.06096241504292,1.1303048120752146,0.6176878652344598,0.62,10.0,250
manufacturing,temperature_eps1.0,budget_distribution,1.0,8,1,4.0,4,2,0.0,565.1446285376072,2.825723142688036,0.6176878652344598,0.62,10.0,250
manufacturing,temperature_eps1.0,budget_distribution,1.0,8,1,8.0,4,2,0.0,282.5749067688037,1.4128745338440185,0.6176878652344598,0.62,10.0,250
manufacturing,temperature_eps1.0,budget_distribution,1.0,8,1,16.0,4,2,0.0,226.06096241504292,1.1303048120752146,0.6176878652344598,0.62,10.0,250
manufacturing,temperature_eps1.0,budget_distribution,1.0,8,2,,4,2,0.0,226.06096241504292,1.1303048120752146,0.6176878652344598,0.62,10.0,250
manufacturing,temperature_eps1.0,budget_distribution,1.0,8,2,4.0,4,2,0.0,565.1446285376072,2.825723142688036,0.6176878652344598,0.62,10.0,250
manufacturing,temperature_eps1.0,budget_distribution,1.0,8,2,8.0,4,2,0.0,282.5749067688037,1.4128745338440185,0.6176878652344598,0.62,10.0,250
manufacturing,temperature_eps1.0,budget_distribution,1.0,8,2,16.0,4,2,0.0,226.06096241504292,1.1303048120752146,0.6176878652344598,0.62,10.0,250
manufacturing,temperature_eps1.0,budget_distribution,1.0,8,3,,4,2,0.0,226.06096241504292,1.1303048120752146,0.6176878652344598,0.62,10.0,250
manufacturing,temperature_eps1.0,budget_distribution,1.0,8,3,4.0,4,2,0.0,565.1446285376072,2.825723142688036,0.6176878652344598,0.62,10.0,250
manufacturing,temperature_eps1.0,budget_distribution,1.0,8,3,8.0,4,2,0.0,282.5749067688037,1.4128745338440185,0.6176878652344598,0.62,10.0,250
manufacturing,temperature_eps1.0,budget_distribution,1.0,8,3,16.0,4,2,0.0,226.06096241504292,1.1303048120752146,0.6176878652344598,0.62,10.0,250
manufacturing,temperature_eps1.0,budget_distribution,1.0,8,4,,4,2,0.0,226.06096241504292,1.1303048120752146,0.6176878652344598,0.62,10.0,250
manufacturing,temperature_eps1.0,budget_distribution,1.0,8,4,4.0,4,2,0.0,565.1446285376072,2.825723142688036,0.6176878652344598,0.62,10.0,250
manufacturing,temperature_eps1.0,budget_distribution,1.0,8,4,8.0,4,2,0.0,282.5749067688037,1.4128745338440185,0.6176878652344598,0.62,10.0,250
manufacturing,temperature_eps1.0,budget_distribution,1.0,8,4,16.0,4,2,0.0,226.06096241504292,1.1303048120752146,0.6176878652344598,0.62,10.0,250
manufacturing,temperature_eps1.0,budget_distribution,1.0,8,6,,4,2,0.0,226.06096241504292,1.1303048120752146,0.6176878652344598,0.62,10.0,250
manufacturing,temperature_eps1.0,budget_distribution,1.0,8,6,8.0,4,2,0.0,282.5749067688037,1.4128745338440185,0.6176878652344598,0.62,10.0,250
manufacturing,temperature_eps1.0,budget_distribution,1.0,8,6,16.0,4,2,0.0,226.06096241504292,1.1303048120752146,0.6176878652344598,0.62,10.0,250
manufacturing,temperature_eps1.0,budget_distribution,1.0,8,1,,4,4,0.0,226.06096241504292,1.1303048120752146,0.6176878652344598,0.62,10.0,250
manufacturing,temperature_eps1.0,budget_distribution,1.0,8,1,4.0,4,4,0.0,565.1446285376072,2.825723142688036,0.6176878652344598,0.62,10.0,250
manufacturing,temperature_eps1.0,budget_distribution,1.0,8,1,8.0,4,4,0.0,282.5749067688037,1.4128745338440185,0.6176878652344598,0.62,10.0,250
manufacturing,temperature_eps1.0,budget_distribution,1.0,8,1,16.0,4,4,0.0,226.06096241504292,1.1303048120752146,0.6176878652344598,0.62,10.0,250
manufacturing,temperature_eps1.0,budget_distribution,1.0,8,2,,4,4,0.0,226.06096241504292,1.1303048120752146,0.6176878652344598,0.62,10.0,250
manufacturing,temperature_eps1.0,budget_distribution,1.0,8,2,4.0,4,4,0.0,565.1446285376072,2.825723142688036,0.6176878652344598,0.62,10.0,250
manufacturing,temperature_eps1.0,budget_distribution,1.0,8,2,8.0,4,4,0.0,282.5749067688037,1.4128745338440185,0.6176878652344598,0.62,10.0,250
manufacturing,temperature_eps1.0,budget_distribution,1.0,8,2,16.0,4,4,0.0,226.06096241504292,1.1303048120752146,0.6176878652344598,0.62,10.0,250
manufacturing,temperature_eps1.0,budget_distribution,1.0,8,3,,4,4,0.0,226.06096241504292,1.1303048120752146,0.6176878652344598,0.62,10.0,250
manufacturing,temperature_eps1.0,budget_distribution,1.0,8,3,4.0,4,4,0.0,565.1446285376072,2.825723142688036,0.6176878652344598,0.62,10.0,250
manufacturing,temperature_eps1.0,budget_distribution,1.0,8,3,8.0,4,4,0.0,282.5749067688037,1.4128745338440185,0.6176878652344598,0.62,10.0,250
manufacturing,temperature_eps1.0,budget_distribution,1.0,8,3,16.0,4,4,0.0,226.06096241504292,1.1303048120752146,0.6176878652344598,0.62,10.0,250
manufacturing,temperature_eps1.0,budget_distribution,1.0,8,4,,4,4,0.0,226.06096241504292,1.1303048120752146,0.6176878652344598,0.62,10.0,250
manufacturing,temperature_eps1.0,budget_distribution,1.0,8,4,4.0,4,4,0.0,565.1446285376072,2.825723142688036,0.6176878652344598,0.62,10.0,250
manufacturing,temperature_eps1.0,budget_distribution,1.0,8,4,8.0,4,4,0.0,282.5749067688037,1.4128745338440185,0.6176878652344598,0.62,10.0,250
manufacturing,temperature_eps1.0,budget_distribution,1.0,8,4,16.0,4,4,0.0,226.06096241504292,1.1303048120752146,0.6176878652344598,0.62,10.0,250
manufacturing,temperature_eps1.0,budget_distribution,1.0,8,6,,4,4,0.0,226.06096241504292,1.1303048120752146,0.6176878652344598,0.62,10.0,250
manufacturing,temperature_eps1.0,budget_distribution,1.0,8,6,8.0,4,4,0.0,282.5749067688037,1.4128745338440185,0.6176878652344598,0.62,10.0,250
manufacturing,temperature_eps1.0,budget_distribution,1.0,8,6,16.0,4,4,0.0,226.06096241504292,1.1303048120752146,0.6176878652344598,0.62,10.0,250
manufacturing,temperature_eps1.0,budget_absorption,1.0,8,1,,1,0,0.0,200.53488184271123,1.0026744092135562,0.4952024374568985,0.52,10.0,1000
manufacturing,temperature_eps1.0,budget_absorption,1.0,8,1,4.0,1,0,0.0,528.7420910223921,2.64371045511196,0.5270486427945936,0.553,10.0,1000
manufacturing,temperature_eps1.0,budget_absorption,1.0,8,1,8.0,1,0,0.0,254.31994406518555,1.2715997203259277,0.5034481505264742,0.526,10.0,1000
manufacturing,temperature_eps1.0,budget_absorption,1.0,8,1,16.0,1,0,0.0,200.53488184271123,1.0026744092135562,0.4952024374568985,0.52,10.0,1000
manufacturing,temperature_eps1.0,budget_absorption,1.0,8,2,,1,0,0.0,200.53488184271123,1.0026744092135562,0.4952024374568985,0.52,10.0,1000
manufacturing,temperature_eps1.0,budget_absorption,1.0,8,2,4.0,1,0,0.0,528.7420910223921,2.64371045511196,0.5270486427945936,0.553,10.0,1000
manufacturing,temperature_eps1.0,budget_absorption,1.0,8,2,8.0,1,0,0.0,254.31994406518555,1.2715997203259277,0.5034481505264742,0.526,10.0,1000
manufacturing,temperature_eps1.0,budget_absorption,1.0,8,2,16.0,1,0,0.0,200.53488184271123,1.0026744092135562,0.4952024374568985,0.52,10.0,1000
manufacturing,temperature_eps1.0,budget_absorption,1.0,8,3,,1,0,0.0,200.53488184271123,1.0026744092135562,0.4952024374568985,0.52,10.0,1000
manufacturing,temperature_eps1.0,budget_absorption,1.0,8,3,4.0,1,0,0.0,528.7420910223921,2.64371045511196,0.5270486427945936,0.553,10.0,1000
manufacturing,temperature_eps1.0,budget_absorption,1.0,8,3,8.0,1,0,0.0,254.31994406518555,1.2715997203259277,0.5034481505264742,0.526,10.0,1000
manufacturing,temperature_eps1.0,budget_absorption,1.0,8,3,16.0,1,0,0.0,200.53488184271123,1.0026744092135562,0.4952024374568985,0.52,10.0,1000
manufacturing,temperature_eps1.0,budget_absorption,1.0,8,4,,1,0,0.0,200.53488184271123,1.0026744092135562,0.4952024374568985,0.52,10.0,1000
manufacturing,temperature_eps1.0,budget_absorption,1.0,8,4,4.0,1,0,0.0,528.7420910223921,2.64371045511196,0.5270486427945936,0.553,10.0,1000
manufacturing,temperature_eps1.0,budget_absorption,1.0,8,4,8.0,1,0,0.0,254.31994406518555,1.2715997203259277,0.5034481505264742,0.526,10.0,1000
manufacturing,temperature_eps1.0,budget_absorption,1.0,8,4,16.0,1,0,0.0,200.53488184271123,1.0026744092135562,0.4952024374568985,0.52,10.0,1000
manufacturing,temperature_eps1.0,budget_absorption,1.0,8,6,,1,0,0.0,200.53488184271123,1.0026744092135562,0.4952024374568985,0.52,10.0,1000
manufacturing,temperature_eps1.0,budget_absorption,1.0,8,6,8.0,1,0,0.0,254.31994406518555,1.2715997203259277,0.5034481505264742,0.526,10.0,1000
manufacturing,temperature_eps1.0,budget_absorption,1.0,8,6,16.0,1,0,0.0,200.53488184271123,1.0026744092135562,0.4952024374568985,0.52,10.0,1000
manufacturing,temperature_eps1.0,budget_absorption,1.0,8,1,,1,2,0.0,200.53488184271123,1.0026744092135562,0.4952024374568985,0.52,10.0,1000
manufacturing,temperature_eps1.0,budget_absorption,1.0,8,1,4.0,1,2,0.0,528.7420910223921,2.64371045511196,0.5270486427945936,0.553,10.0,1000
manufacturing,temperature_eps1.0,budget_absorption,1.0,8,1,8.0,1,2,0.0,254.31994406518555,1.2715997203259277,0.5034481505264742,0.526,10.0,1000
manufacturing,temperature_eps1.0,budget_absorption,1.0,8,1,16.0,1,2,0.0,200.53488184271123,1.0026744092135562,0.4952024374568985,0.52,10.0,1000
manufacturing,temperature_eps1.0,budget_absorption,1.0,8,2,,1,2,0.0,200.53488184271123,1.0026744092135562,0.4952024374568985,0.52,10.0,1000
manufacturing,temperature_eps1.0,budget_absorption,1.0,8,2,4.0,1,2,0.0,528.7420910223921,2.64371045511196,0.5270486427945936,0.553,10.0,1000
manufacturing,temperature_eps1.0,budget_absorption,1.0,8,2,8.0,1,2,0.0,254.31994406518555,1.2715997203259277,0.5034481505264742,0.526,10.0,1000
manufacturing,temperature_eps1.0,budget_absorption,1.0,8,2,16.0,1,2,0.0,200.53488184271123,1.0026744092135562,0.4952024374568985,0.52,10.0,1000
manufacturing,temperature_eps1.0,budget_absorption,1.0,8,3,,1,2,0.0,200.53488184271123,1.0026744092135562,0.4952024374568985,0.52,10.0,1000
manufacturing,temperature_eps1.0,budget_absorption,1.0,8,3,4.0,1,2,0.0,528.7420910223921,2.64371045511196,0.5270486427945936,0.553,10.0,1000
manufacturing,temperature_eps1.0,budget_absorption,1.0,8,3,8.0,1,2,0.0,254.31994406518555,1.2715997203259277,0.5034481505264742,0.526,10.0,1000
manufacturing,temperature_eps1.0,budget_absorption,1.0,8,3,16.0,1,2,0.0,200.53488184271123,1.0026744092135562,0.4952024374568985,0.52,10.0,1000
manufacturing,temperature_eps1.0,budget_absorption,1.0,8,4,,1,2,0.0,200.53488184271123,1.0026744092135562,0.4952024374568985,0.52,10.0,1000
manufacturing,temperature_eps1.0,budget_absorption,1.0,8,4,4.0,1,2,0.0,528.7420910223921,2.64371045511196,0.5270486427945936,0.553,10.0,1000
manufacturing,temperature_eps1.0,budget_absorption,1.0,8,4,8.0,1,2,0.0,254.31994406518555,1.2715997203259277,0.5034481505264742,0.526,10.0,1000
manufacturing,temperature_eps1.0,budget_absorption,1.0,8,4,16.0,1,2,0.0,200.53488184271123,1.0026744092135562,0.4952024374568985,0.52,10.0,1000
manufacturing,temperature_eps1.0,budget_absorption,1.0,8,6,,1,2,0.0,200.53488184271123,1.0026744092135562,0.4952024374568985,0.52,10.0,1000
manufacturing,temperature_eps1.0,budget_absorption,1.0,8,6,8.0,1,2,0.0,254.31994406518555,1.2715997203259277,0.5034481505264742,0.526,10.0,1000
manufacturing,temperature_eps1.0,budget_absorption,1.0,8,6,16.0,1,2,0.0,200.53488184271123,1.0026744092135562,0.4952024374568985,0.52,10.0,1000
manufacturing,temperature_eps1.0,budget_absorption,1.0,8,1,,1,4,0.0,200.53488184271123,1.0026744092135562,0.4952024374568985,0.52,10.0,1000
manufacturing,temperature_eps1.0,budget_absorption,1.0,8,1,4.0,1,4,0.0,528.7420910223921,2.64371045511196,0.5270486427945936,0.553,10.0,1000
manufacturing,temperature_eps1.0,budget_absorption,1.0,8,1,8.0,1,4,0.0,254.31994406518555,1.2715997203259277,0.5034481505264742,0.526,10.0,1000
manufacturing,temperature_eps1.0,budget_absorption,1.0,8,1,16.0,1,4,0.0,200.53488184271123,1.0026744092135562,0.4952024374568985,0.52,10.0,1000
manufacturing,temperature_eps1.0,budget_absorption,1.0,8,2,,1,4,0.0,200.53488184271123,1.0026744092135562,0.4952024374568985,0.52,10.0,1000
manufacturing,temperature_eps1.0,budget_absorption,1.0,8,2,4.0,1,4,0.0,528.7420910223921,2.64371045511196,0.5270486427945936,0.553,10.0,1000
manufacturing,temperature_eps1.0,budget_absorption,1.0,8,2,8.0,1,4,0.0,254.31994406518555,1.2715997203259277,0.5034481505264742,0.526,10.0,1000
manufacturing,temperature_eps1.0,budget_absorption,1.0,8,2,16.0,1,4,0.0,200.53488184271123,1.0026744092135562,0.4952024374568985,0.52,10.0,1000
manufacturing,temperature_eps1.0,budget_absorption,1.0,8,3,,1,4,0.0,200.53488184271123,1.0026744092135562,0.4952024374568985,0.52,10.0,1000
manufacturing,temperature_eps1.0,budget_absorption,1.0,8,3,4.0,1,4,0.0,528.7420910223921,2.64371045511196,0.5270486427945936,0.553,10.0,1000
manufacturing,temperature_eps1.0,budget_absorption,1.0,8,3,8.0,1,4,0.0,254.31994406518555,1.2715997203259277,0.5034481505264742,0.526,10.0,1000
manufacturing,temperature_eps1.0,budget_absorption,1.0,8,3,16.0,1,4,0.0,200.53488184271123,1.0026744092135562,0.4952024374568985,0.52,10.0,1000
manufacturing,temperature_eps1.0,budget_absorption,1.0,8,4,,1,4,0.0,200.53488184271123,1.0026744092135562,0.4952024374568985,0.52,10.0,1000
manufacturing,temperature_eps1.0,budget_absorption,1.0,8,4,4.0,1,4,0.0,528.7420910223921,2.64371045511196,0.5270486427945936,0.553,10.0,1000
manufacturing,temperature_eps1.0,budget_absorption,1.0,8,4,8.0,1,4,0.0,254.31994406518555,1.2715997203259277,0.5034481505264742,0.526,10.0,1000
manufacturing,temperature_eps1.0,budget_absorption,1.0,8,4,16.0,1,4,0.0,200.53488184271123,1.0026744092135562,0.4952024374568985,0.52,10.0,1000
manufacturing,temperature_eps1.0,budget_absorption,1.0,8,6,,1,4,0.0,200.53488184271123,1.0026744092135562,0.4952024374568985,0.52,10.0,1000
manufacturing,temperature_eps1.0,budget_absorption,1.0,8,6,8.0,1,4,0.0,254.31994406518555,1.2715997203259277,0.5034481505264742,0.526,10.0,1000
manufacturing,temperature_eps1.0,budget_absorption,1.0,8,6,16.0,1,4,0.0,200.53488184271123,1.0026744092135562,0.4952024374568985,0.52,10.0,1000
manufacturing,temperature_eps1.0,budget_absorption,1.0,8,1,,2,0,0.0,190.18554394783328,0.9509277197391665,0.8052779351848887,0.502,10.0,500
manufacturing,temperature_eps1.0,budget_absorption,1.0,8,1,4.0,2,0,0.0,491.03014423377454,2.455150721168873,0.8375966513538224,0.518,10.0,500
manufacturing,temperature_eps1.0,budget_absorption,1.0,8,1,8.0,2,0,0.0,237.27484566442354,1.1863742283221177,0.8098950856633899,0.5,10.0,500
manufacturing,temperature_eps1.0,budget_absorption,1.0,8,1,16.0,2,0,0.0,190.18554394783328,0.9509277197391665,0.8052779351848887,0.502,10.0,500
manufacturing,temperature_eps1.0,budget_absorption,1.0,8,2,,2,0,0.0,190.18554394783328,0.9509277197391665,0.8052779351848887,0.502,10.0,500
manufacturing,temperature_eps1.0,budget_absorption,1.0,8,2,4.0,2,0,0.0,491.03014423377454,2.455150721168873,0.8375966513538224,0.518,10.0,500
manufacturing,temperature_eps1.0,budget_absorption,1.0,8,2,8.0,2,0,0.0,237.27484566442354,1.1863742283221177,0.8098950856633899,0.5,10.0,500
manufacturing,temperature_eps1.0,budget_absorption,1.0,8,2,16.0,2,0,0.0,190.18554394783328,0.9509277197391665,0.8052779351848887,0.502,10.0,500
manufacturing,temperature_eps1.0,budget_absorption,1.0,8,3,,2,0,0.0,190.18554394783328,0.9509277197391665,0.8052779351848887,0.502,10.0,500
manufacturing,temperature_eps1.0,budget_absorption,1.0,8,3,4.0,2,0,0.0,491.03014423377454,2.455150721168873,0.8375966513538224,0.518,10.0,500
manufacturing,temperature_eps1.0,budget_absorption,1.0,8,3,8.0,2,0,0.0,237.27484566442354,1.1863742283221177,0.8098950856633899,0.5,10.0,500
manufacturing,temperature_eps1.0,budget_absorption,1.0,8,3,16.0,2,0,0.0,190.18554394783328,0.9509277197391665,0.8052779351848887,0.502,10.0,500
manufacturing,temperature_eps1.0,budget_absorption,1.0,8,4,,2,0,0.0,190.18554394783328,0.9509277197391665,0.8052779351848887,0.502,10.0,500
manufacturing,temperature_eps1.0,budget_absorption,1.0,8,4,4.0,2,0,0.0,491.03014423377454,2.455150721168873,0.8375966513538224,0.518,10.0,500
manufacturing,temperature_eps1.0,budget_absorption,1.0,8,4,8.0,2,0,0.0,237.27484566442354,1.1863742283221177,0.8098950856633899,0.5,10.0,500
manufacturing,temperature_eps1.0,budget_absorption,1.0,8,4,16.0,2,0,0.0,190.18554394783328,0.9509277197391665,0.8052779351848887,0.502,10.0,500
manufacturing,temperature_eps1.0,budget_absorption,1.0,8,6,,2,0,0.0,190.18554394783328,0.9509277197391665,0.8052779351848887,0.502,10.0,500
manufacturing,temperature_eps1.0,budget_absorption,1.0,8,6,8.0,2,0,0.0,237.27484566442354,1.1863742283221177,0.8098950856633899,0.5,10.0,500
manufacturing,temperature_eps1.0,budget_absorption,1.0,8,6,16.0,2,0,0.0,190.18554394783328,0.9509277197391665,0.8052779351848887,0.502,10.0,500
manufacturing,temperature_eps1.0,budget_absorption,1.0,8,1,,2,2,0.0,190.18554394783328,0.9509277197391665,0.8052779351848887,0.502,10.0,500
manufacturing,temperature_eps1.0,budget_absorption,1.0,8,1,4.0,2,2,0.0,491.03014423377454,2.455150721168873,0.8375966513538224,0.518,10.0,500
manufacturing,temperature_eps1.0,budget_absorption,1.0,8,1,8.0,2,2,0.0,237.27484566442354,1.1863742283221177,0.8098950856633899,0.5,10.0,500
manufacturing,temperature_eps1.0,budget_absorption,1.0,8,1,16.0,2,2,0.0,190.18554394783328,0.9509277197391665,0.8052779351848887,0.502,10.0,500
manufacturing,temperature_eps1.0,budget_absorption,1.0,8,2,,2,2,0.0,190.18554394783328,0.9509277197391665,0.8052779351848887,0.502,10.0,500
manufacturing,temperature_eps1.0,budget_absorption,1.0,8,2,4.0,2,2,0.0,491.03014423377454,2.455150721168873,0.8375966513538224,0.518,10.0,500
manufacturing,temperature_eps1.0,budget_absorption,1.0,8,2,8.0,2,2,0.0,237.27484566442354,1.1863742283221177,0.8098950856633899,0.5,10.0,500
manufacturing,temperature_eps1.0,budget_absorption,1.0,8,2,16.0,2,2,0.0,190.18554394783328,0.9509277197391665,0.8052779351848887,0.502,10.0,500
manufacturing,temperature_eps1.0,budget_absorption,1.0,8,3,,2,2,0.0,190.18554394783328,0.9509277197391665,0.8052779351848887,0.502,10.0,500
manufacturing,temperature_eps1.0,budget_absorption,1.0,8,3,4.0,2,2,0.0,491.03014423377454,2.455150721168873,0.8375966513538224,0.518,10.0,500
manufacturing,temperature_eps1.0,budget_absorption,1.0,8,3,8.0,2,2,0.0,237.27484566442354,1.1863742283221177,0.8098950856633899,0.5,10.0,500
manufacturing,temperature_eps1.0,budget_absorption,1.0,8,3,16.0,2,2,0.0,190.18554394783328,0.9509277197391665,0.8052779351848887,0.502,10.0,500
manufacturing,temperature_eps1.0,budget_absorption,1.0,8,4,,2,2,0.0,190.18554394783328,0.9509277197391665,0.8052779351848887,0.502,10.0,500
manufacturing,temperature_eps1.0,budget_absorption,1.0,8,4,4.0,2,2,0.0,491.03014423377454,2.455150721168873,0.8375966513538224,0.518,10.0,500
manufacturing,temperature_eps1.0,budget_absorption,1.0,8,4,8.0,2,2,0.0,237.27484566442354,1.1863742283221177,0.8098950856633899,0.5,10.0,500
manufacturing,temperature_eps1.0,budget_absorption,1.0,8,4,16.0,2,2,0.0,190.18554394783328,0.9509277197391665,0.8052779351848887,0.502,10.0,500
manufacturing,temperature_eps1.0,budget_absorption,1.0,8,6,,2,2,0.0,190.18554394783328,0.9509277197391665,0.8052779351848887,0.502,10.0,500
manufacturing,temperature_eps1.0,budget_absorption,1.0,8,6,8.0,2,2,0.0,237.27484566442354,1.1863742283221177,0.8098950856633899,0.5,10.0,500
manufacturing,temperature_eps1.0,budget_absorption,1.0,8,6,16.0,2,2,0.0,190.18554394783328,0.9509277197391665,0.8052779351848887,0.502,10.0,500
manufacturing,temperature_eps1.0,budget_absorption,1.0,8,1,,2,4,0.0,190.18554394783328,0.9509277197391665,0.8052779351848887,0.502,10.0,500
manufacturing,temperature_eps1.0,budget_absorption,1.0,8,1,4.0,2,4,0.0,491.03014423377454,2.455150721168873,0.8375966513538224,0.518,10.0,500
manufacturing,temperature_eps1.0,budget_absorption,1.0,8,1,8.0,2,4,0.0,237.27484566442354,1.1863742283221177,0.8098950856633899,0.5,10.0,500
manufacturing,temperature_eps1.0,budget_absorption,1.0,8,1,16.0,2,4,0.0,190.18554394783328,0.9509277197391665,0.8052779351848887,0.502,10.0,500
manufacturing,temperature_eps1.0,budget_absorption,1.0,8,2,,2,4,0.0,190.18554394783328,0.9509277197391665,0.8052779351848887,0.502,10.0,500
manufacturing,temperature_eps1.0,budget_absorption,1.0,8,2,4.0,2,4,0.0,491.03014423377454,2.455150721168873,0.8375966513538224,0.518,10.0,500
manufacturing,temperature_eps1.0,budget_absorption,1.0,8,2,8.0,2,4,0.0,237.27484566442354,1.1863742283221177,0.8098950856633899,0.5,10.0,500
manufacturing,temperature_eps1.0,budget_absorption,1.0,8,2,16.0,2,4,0.0,190.18554394783328,0.9509277197391665,0.8052779351848887,0.502,10.0,500
manufacturing,temperature_eps1.0,budget_absorption,1.0,8,3,,2,4,0.0,190.18554394783328,0.9509277197391665,0.8052779351848887,0.502,10.0,500
manufacturing,temperature_eps1.0,budget_absorption,1.0,8,3,4.0,2,4,0.0,491.03014423377454,2.455150721168873,0.8375966513538224,0.518,10.0,500
manufacturing,temperature_eps1.0,budget_absorption,1.0,8,3,8.0,2,4,0.0,237.27484566442354,1.1863742283221177,0.8098950856633899,0.5,10.0,500
manufacturing,temperature_eps1.0,budget_absorption,1.0,8,3,16.0,2,4,0.0,190.18554394783328,0.9509277197391665,0.8052779351848887,0.502,10.0,500
manufacturing,temperature_eps1.0,budget_absorption,1.0,8,4,,2,4,0.0,190.18554394783328,0.9509277197391665,0.8052779351848887,0.502,10.0,500
manufacturing,temperature_eps1.0,budget_absorption,1.0,8,4,4.0,2,4,0.0,491.03014423377454,2.455150721168873,0.8375966513538224,0.518,10.0,500
manufacturing,temperature_eps1.0,budget_absorption,1.0,8,4,8.0,2,4,0.0,237.27484566442354,1.1863742283221177,0.8098950856633899,0.5,10.0,500
manufacturing,temperature_eps1.0,budget_absorption,1.0,8,4,16.0,2,4,0.0,190.18554394783328,0.9509277197391665,0.8052779351848887,0.502,10.0,500
manufacturing,temperature_eps1.0,budget_absorption,1.0,8,6,,2,4,0.0,190.18554394783328,0.9509277197391665,0.8052779351848887,0.502,10.0,500
manufacturing,temperature_eps1.0,budget_absorption,1.0,8,6,8.0,2,4,0.0,237.27484566442354,1.1863742283221177,0.8098950856633899,0.5,10.0,500
manufacturing,temperature_eps1.0,budget_absorption,1.0,8,6,16.0,2,4,0.0,190.18554394783328,0.9509277197391665,0.8052779351848887,0.502,10.0,500
manufacturing,temperature_eps1.0,budget_absorption,1.0,8,1,,4,0,0.0,211.63719959792147,1.0581859979896073,0.31336286516156076,0.508,10.0,250
manufacturing,temperature_eps1.0,budget_absorption,1.0,8,1,4.0,4,0,0.0,529.1078594948037,2.6455392974740186,0.31336286516156076,0.508,10.0,250
manufacturing,temperature_eps1.0,budget_absorption,1.0,8,1,8.0,4,0,0.0,264.54897624740187,1.3227448812370093,0.31336286516156076,0.508,10.0,250
manufacturing,temperature_eps1.0,budget_absorption,1.0,8,1,16.0,4,0,0.0,211.63719959792147,1.0581859979896073,0.31336286516156076,0.508,10.0,250
manufacturing,temperature_eps1.0,budget_absorption,1.0,8,2,,4,0,0.0,211.63719959792147,1.0581859979896073,0.31336286516156076,0.508,10.0,250
manufacturing,temperature_eps1.0,budget_absorption,1.0,8,2,4.0,4,0,0.0,529.1078594948037,2.6455392974740186,0.31336286516156076,0.508,10.0,250
manufacturing,temperature_eps1.0,budget_absorption,1.0,8,2,8.0,4,0,0.0,264.54897624740187,1.3227448812370093,0.31336286516156076,0.508,10.0,250
manufacturing,temperature_eps1.0,budget_absorption,1.0,8,2,16.0,4,0,0.0,211.63719959792147,1.0581859979896073,0.31336286516156076,0.508,10.0,250
manufacturing,temperature_eps1.0,budget_absorption,1.0,8,3,,4,0,0.0,211.63719959792147,1.0581859979896073,0.31336286516156076,0.508,10.0,250
manufacturing,temperature_eps1.0,budget_absorption,1.0,8,3,4.0,4,0,0.0,529.1078594948037,2.6455392974740186,0.31336286516156076,0.508,10.0,250
manufacturing,temperature_eps1.0,budget_absorption,1.0,8,3,8.0,4,0,0.0,264.54897624740187,1.3227448812370093,0.31336286516156076,0.508,10.0,250
manufacturing,temperature_eps1.0,budget_absorption,1.0,8,3,16.0,4,0,0.0,211.63719959792147,1.0581859979896073,0.31336286516156076,0.508,10.0,250
manufacturing,temperature_eps1.0,budget_absorption,1.0,8,4,,4,0,0.0,211.63719959792147,1.0581859979896073,0.31336286516156076,0.508,10.0,250
manufacturing,temperature_eps1.0,budget_absorption,1.0,8,4,4.0,4,0,0.0,529.1078594948037,2.6455392974740186,0.31336286516156076,0.508,10.0,250
manufacturing,temperature_eps1.0,budget_absorption,1.0,8,4,8.0,4,0,0.0,264.54897624740187,1.3227448812370093,0.31336286516156076,0.508,10.0,250
manufacturing,temperature_eps1.0,budget_absorption,1.0,8,4,16.0,4,0,0.0,211.63719959792147,1.0581859979896073,0.31336286516156076,0.508,10.0,250
manufacturing,temperature_eps1.0,budget_absorption,1.0,8,6,,4,0,0.0,211.63719959792147,1.0581859979896073,0.31336286516156076,0.508,10.0,250
manufacturing,temperature_eps1.0,budget_absorption,1.0,8,6,8.0,4,0,0.0,264.54897624740187,1.3227448812370093,0.31336286516156076,0.508,10.0,250
manufacturing,temperature_eps1.0,budget_absorption,1.0,8,6,16.0,4,0,0.0,211.63719959792147,1.0581859979896073,0.31336286516156076,0.508,10.0,250
manufacturing,temperature_eps1.0,budget_absorption,1.0,8,1,,4,2,0.0,211.63719959792147,1.0581859979896073,0.31336286516156076,0.508,10.0,250
manufacturing,temperature_eps1.0,budget_absorption,1.0,8,1,4.0,4,2,0.0,529.1078594948037,2.6455392974740186,0.31336286516156076,0.508,10.0,250
manufacturing,temperature_eps1.0,budget_absorption,1.0,8,1,8.0,4,2,0.0,264.54897624740187,1.3227448812370093,0.31336286516156076,0.508,10.0,250
manufacturing,temperature_eps1.0,budget_absorption,1.0,8,1,16.0,4,2,0.0,211.63719959792147,1.0581859979896073,0.31336286516156076,0.508,10.0,250
manufacturing,temperature_eps1.0,budget_absorption,1.0,8,2,,4,2,0.0,211.63719959792147,1.0581859979896073,0.31336286516156076,0.508,10.0,250
manufacturing,temperature_eps1.0,budget_absorption,1.0,8,2,4.0,4,2,0.0,529.1078594948037,2.6455392974740186,0.31336286516156076,0.508,10.0,250
manufacturing,temperature_eps1.0,budget_absorption,1.0,8,2,8.0,4,2,0.0,264.54897624740187,1.3227448812370093,0.31336286516156076,0.508,10.0,250
manufacturing,temperature_eps1.0,budget_absorption,1.0,8,2,16.0,4,2,0.0,211.63719959792147,1.0581859979896073,0.31336286516156076,0.508,10.0,250
manufacturing,temperature_eps1.0,budget_absorption,1.0,8,3,,4,2,0.0,211.63719959792147,1.0581859979896073,0.31336286516156076,0.508,10.0,250
manufacturing,temperature_eps1.0,budget_absorption,1.0,8,3,4.0,4,2,0.0,529.1078594948037,2.6455392974740186,0.31336286516156076,0.508,10.0,250
manufacturing,temperature_eps1.0,budget_absorption,1.0,8,3,8.0,4,2,0.0,264.54897624740187,1.3227448812370093,0.31336286516156076,0.508,10.0,250
manufacturing,temperature_eps1.0,budget_absorption,1.0,8,3,16.0,4,2,0.0,211.63719959792147,1.0581859979896073,0.31336286516156076,0.508,10.0,250
manufacturing,temperature_eps1.0,budget_absorption,1.0,8,4,,4,2,0.0,211.63719959792147,1.0581859979896073,0.31336286516156076,0.508,10.0,250
manufacturing,temperature_eps1.0,budget_absorption,1.0,8,4,4.0,4,2,0.0,529.1078594948037,2.6455392974740186,0.31336286516156076,0.508,10.0,250
manufacturing,temperature_eps1.0,budget_absorption,1.0,8,4,8.0,4,2,0.0,264.54897624740187,1.3227448812370093,0.31336286516156076,0.508,10.0,250
manufacturing,temperature_eps1.0,budget_absorption,1.0,8,4,16.0,4,2,0.0,211.63719959792147,1.0581859979896073,0.31336286516156076,0.508,10.0,250
manufacturing,temperature_eps1.0,budget_absorption,1.0,8,6,,4,2,0.0,211.63719959792147,1.0581859979896073,0.31336286516156076,0.508,10.0,250
manufacturing,temperature_eps1.0,budget_absorption,1.0,8,6,8.0,4,2,0.0,264.54897624740187,1.3227448812370093,0.31336286516156076,0.508,10.0,250
manufacturing,temperature_eps1.0,budget_absorption,1.0,8,6,16.0,4,2,0.0,211.63719959792147,1.0581859979896073,0.31336286516156076,0.508,10.0,250
manufacturing,temperature_eps1.0,budget_absorption,1.0,8,1,,4,4,0.0,211.63719959792147,1.0581859979896073,0.31336286516156076,0.508,10.0,250
manufacturing,temperature_eps1.0,budget_absorption,1.0,8,1,4.0,4,4,0.0,529.1078594948037,2.6455392974740186,0.31336286516156076,0.508,10.0,250
manufacturing,temperature_eps1.0,budget_absorption,1.0,8,1,8.0,4,4,0.0,264.54897624740187,1.3227448812370093,0.31336286516156076,0.508,10.0,250
manufacturing,temperature_eps1.0,budget_absorption,1.0,8,1,16.0,4,4,0.0,211.63719959792147,1.0581859979896073,0.31336286516156076,0.508,10.0,250
manufacturing,temperature_eps1.0,budget_absorption,1.0,8,2,,4,4,0.0,211.63719959792147,1.0581859979896073,0.31336286516156076,0.508,10.0,250
manufacturing,temperature_eps1.0,budget_absorption,1.0,8,2,4.0,4,4,0.0,529.1078594948037,2.6455392974740186,0.31336286516156076,0.508,10.0,250
manufacturing,temperature_eps1.0,budget_absorption,1.0,8,2,8.0,4,4,0.0,264.54897624740187,1.3227448812370093,0.31336286516156076,0.508,10.0,250
manufacturing,temperature_eps1.0,budget_absorption,1.0,8,2,16.0,4,4,0.0,211.63719959792147,1.0581859979896073,0.31336286516156076,0.508,10.0,250
manufacturing,temperature_eps1.0,budget_absorption,1.0,8,3,,4,4,0.0,211.63719959792147,1.0581859979896073,0.31336286516156076,0.508,10.0,250
manufacturing,temperature_eps1.0,budget_absorption,1.0,8,3,4.0,4,4,0.0,529.1078594948037,2.6455392974740186,0.31336286516156076,0.508,10.0,250
manufacturing,temperature_eps1.0,budget_absorption,1.0,8,3,8.0,4,4,0.0,264.54897624740187,1.3227448812370093,0.31336286516156076,0.508,10.0,250
manufacturing,temperature_eps1.0,budget_absorption,1.0,8,3,16.0,4,4,0.0,211.63719959792147,1.0581859979896073,0.31336286516156076,0.508,10.0,250
manufacturing,temperature_eps1.0,budget_absorption,1.0,8,4,,4,4,0.0,211.63719959792147,1.0581859979896073,0.31336286516156076,0.508,10.0,250
manufacturing,temperature_eps1.0,budget_absorption,1.0,8,4,4.0,4,4,0.0,529.1078594948037,2.6455392974740186,0.31336286516156076,0.508,10.0,250
manufacturing,temperature_eps1.0,budget_absorption,1.0,8,4,8.0,4,4,0.0,264.54897624740187,1.3227448812370093,0.31336286516156076,0.508,10.0,250
manufacturing,temperature_eps1.0,budget_absorption,1.0,8,4,16.0,4,4,0.0,211.63719959792147,1.0581859979896073,0.31336286516156076,0.508,10.0,250
manufacturing,temperature_eps1.0,budget_absorption,1.0,8,6,,4,4,0.0,211.63719959792147,1.0581859979896073,0.31336286516156076,0.508,10.0,250
manufacturing,temperature_eps1.0,budget_absorption,1.0,8,6,8.0,4,4,0.0,264.54897624740187,1.3227448812370093,0.31336286516156076,0.508,10.0,250
manufacturing,temperature_eps1.0,budget_absorption,1.0,8,6,16.0,4,4,0.0,211.63719959792147,1.0581859979896073,0.31336286516156076,0.508,10.0,250
manufacturing,temperature_eps1.0,p_gated_uniform,1.0,8,1,,1,0,0.0,150.1485166618257,0.7507425833091286,0.807483118943403,1.0,10.0,1000
manufacturing,temperature_eps1.0,p_gated_uniform,1.0,8,1,4.0,1,0,0.0,375.3712916545643,1.8768564582728215,0.8052114482920871,1.0,10.0,1000
manufacturing,temperature_eps1.0,p_gated_uniform,1.0,8,1,8.0,1,0,0.0,187.68564582728217,0.9384282291364109,0.807483118943403,1.0,10.0,1000
manufacturing,temperature_eps1.0,p_gated_uniform,1.0,8,1,16.0,1,0,0.0,150.1485166618257,0.7507425833091286,0.807483118943403,1.0,10.0,1000
manufacturing,temperature_eps1.0,p_gated_uniform,1.0,8,2,,1,0,0.0,150.1485166618257,0.7507425833091286,0.807483118943403,1.0,10.0,1000
manufacturing,temperature_eps1.0,p_gated_uniform,1.0,8,2,4.0,1,0,0.0,375.3712916545643,1.8768564582728215,0.8052114482920871,1.0,10.0,1000
manufacturing,temperature_eps1.0,p_gated_uniform,1.0,8,2,8.0,1,0,0.0,187.68564582728217,0.9384282291364109,0.807483118943403,1.0,10.0,1000
manufacturing,temperature_eps1.0,p_gated_uniform,1.0,8,2,16.0,1,0,0.0,150.1485166618257,0.7507425833091286,0.807483118943403,1.0,10.0,1000
manufacturing,temperature_eps1.0,p_gated_uniform,1.0,8,3,,1,0,0.0,150.1485166618257,0.7507425833091286,0.807483118943403,1.0,10.0,1000
manufacturing,temperature_eps1.0,p_gated_uniform,1.0,8,3,4.0,1,0,0.0,375.3712916545643,1.8768564582728215,0.8052114482920871,1.0,10.0,1000
manufacturing,temperature_eps1.0,p_gated_uniform,1.0,8,3,8.0,1,0,0.0,187.68564582728217,0.9384282291364109,0.807483118943403,1.0,10.0,1000
manufacturing,temperature_eps1.0,p_gated_uniform,1.0,8,3,16.0,1,0,0.0,150.1485166618257,0.7507425833091286,0.807483118943403,1.0,10.0,1000
manufacturing,temperature_eps1.0,p_gated_uniform,1.0,8,4,,1,0,0.0,150.1485166618257,0.7507425833091286,0.807483118943403,1.0,10.0,1000
manufacturing,temperature_eps1.0,p_gated_uniform,1.0,8,4,4.0,1,0,0.0,375.3712916545643,1.8768564582728215,0.8052114482920871,1.0,10.0,1000
manufacturing,temperature_eps1.0,p_gated_uniform,1.0,8,4,8.0,1,0,0.0,187.68564582728217,0.9384282291364109,0.807483118943403,1.0,10.0,1000
manufacturing,temperature_eps1.0,p_gated_uniform,1.0,8,4,16.0,1,0,0.0,150.1485166618257,0.7507425833091286,0.807483118943403,1.0,10.0,1000
manufacturing,temperature_eps1.0,p_gated_uniform,1.0,8,6,,1,0,0.0,150.1485166618257,0.7507425833091286,0.807483118943403,1.0,10.0,1000
manufacturing,temperature_eps1.0,p_gated_uniform,1.0,8,6,8.0,1,0,0.0,187.68564582728217,0.9384282291364109,0.807483118943403,1.0,10.0,1000
manufacturing,temperature_eps1.0,p_gated_uniform,1.0,8,6,16.0,1,0,0.0,150.1485166618257,0.7507425833091286,0.807483118943403,1.0,10.0,1000
manufacturing,temperature_eps1.0,p_gated_uniform,1.0,8,1,,1,2,0.0,150.1485166618257,0.7507425833091286,0.807483118943403,1.0,10.0,1000
manufacturing,temperature_eps1.0,p_gated_uniform,1.0,8,1,4.0,1,2,0.0,375.3712916545643,1.8768564582728215,0.8052114482920871,1.0,10.0,1000
manufacturing,temperature_eps1.0,p_gated_uniform,1.0,8,1,8.0,1,2,0.0,187.68564582728217,0.9384282291364109,0.807483118943403,1.0,10.0,1000
manufacturing,temperature_eps1.0,p_gated_uniform,1.0,8,1,16.0,1,2,0.0,150.1485166618257,0.7507425833091286,0.807483118943403,1.0,10.0,1000
manufacturing,temperature_eps1.0,p_gated_uniform,1.0,8,2,,1,2,0.0,150.1485166618257,0.7507425833091286,0.807483118943403,1.0,10.0,1000
manufacturing,temperature_eps1.0,p_gated_uniform,1.0,8,2,4.0,1,2,0.0,375.3712916545643,1.8768564582728215,0.8052114482920871,1.0,10.0,1000
manufacturing,temperature_eps1.0,p_gated_uniform,1.0,8,2,8.0,1,2,0.0,187.68564582728217,0.9384282291364109,0.807483118943403,1.0,10.0,1000
manufacturing,temperature_eps1.0,p_gated_uniform,1.0,8,2,16.0,1,2,0.0,150.1485166618257,0.7507425833091286,0.807483118943403,1.0,10.0,1000
manufacturing,temperature_eps1.0,p_gated_uniform,1.0,8,3,,1,2,0.0,150.1485166618257,0.7507425833091286,0.807483118943403,1.0,10.0,1000
manufacturing,temperature_eps1.0,p_gated_uniform,1.0,8,3,4.0,1,2,0.0,375.3712916545643,1.8768564582728215,0.8052114482920871,1.0,10.0,1000
manufacturing,temperature_eps1.0,p_gated_uniform,1.0,8,3,8.0,1,2,0.0,187.68564582728217,0.9384282291364109,0.807483118943403,1.0,10.0,1000
manufacturing,temperature_eps1.0,p_gated_uniform,1.0,8,3,16.0,1,2,0.0,150.1485166618257,0.7507425833091286,0.807483118943403,1.0,10.0,1000
manufacturing,temperature_eps1.0,p_gated_uniform,1.0,8,4,,1,2,0.0,150.1485166618257,0.7507425833091286,0.807483118943403,1.0,10.0,1000
manufacturing,temperature_eps1.0,p_gated_uniform,1.0,8,4,4.0,1,2,0.0,375.3712916545643,1.8768564582728215,0.8052114482920871,1.0,10.0,1000
manufacturing,temperature_eps1.0,p_gated_uniform,1.0,8,4,8.0,1,2,0.0,187.68564582728217,0.9384282291364109,0.807483118943403,1.0,10.0,1000
manufacturing,temperature_eps1.0,p_gated_uniform,1.0,8,4,16.0,1,2,0.0,150.1485166618257,0.7507425833091286,0.807483118943403,1.0,10.0,1000
manufacturing,temperature_eps1.0,p_gated_uniform,1.0,8,6,,1,2,0.0,150.1485166618257,0.7507425833091286,0.807483118943403,1.0,10.0,1000
manufacturing,temperature_eps1.0,p_gated_uniform,1.0,8,6,8.0,1,2,0.0,187.68564582728217,0.9384282291364109,0.807483118943403,1.0,10.0,1000
manufacturing,temperature_eps1.0,p_gated_uniform,1.0,8,6,16.0,1,2,0.0,150.1485166618257,0.7507425833091286,0.807483118943403,1.0,10.0,1000
manufacturing,temperature_eps1.0,p_gated_uniform,1.0,8,1,,1,4,0.0,150.1485166618257,0.7507425833091286,0.807483118943403,1.0,10.0,1000
manufacturing,temperature_eps1.0,p_gated_uniform,1.0,8,1,4.0,1,4,0.0,375.3712916545643,1.8768564582728215,0.8052114482920871,1.0,10.0,1000
manufacturing,temperature_eps1.0,p_gated_uniform,1.0,8,1,8.0,1,4,0.0,187.68564582728217,0.9384282291364109,0.807483118943403,1.0,10.0,1000
manufacturing,temperature_eps1.0,p_gated_uniform,1.0,8,1,16.0,1,4,0.0,150.1485166618257,0.7507425833091286,0.807483118943403,1.0,10.0,1000
manufacturing,temperature_eps1.0,p_gated_uniform,1.0,8,2,,1,4,0.0,150.1485166618257,0.7507425833091286,0.807483118943403,1.0,10.0,1000
manufacturing,temperature_eps1.0,p_gated_uniform,1.0,8,2,4.0,1,4,0.0,375.3712916545643,1.8768564582728215,0.8052114482920871,1.0,10.0,1000
manufacturing,temperature_eps1.0,p_gated_uniform,1.0,8,2,8.0,1,4,0.0,187.68564582728217,0.9384282291364109,0.807483118943403,1.0,10.0,1000
manufacturing,temperature_eps1.0,p_gated_uniform,1.0,8,2,16.0,1,4,0.0,150.1485166618257,0.7507425833091286,0.807483118943403,1.0,10.0,1000
manufacturing,temperature_eps1.0,p_gated_uniform,1.0,8,3,,1,4,0.0,150.1485166618257,0.7507425833091286,0.807483118943403,1.0,10.0,1000
manufacturing,temperature_eps1.0,p_gated_uniform,1.0,8,3,4.0,1,4,0.0,375.3712916545643,1.8768564582728215,0.8052114482920871,1.0,10.0,1000
manufacturing,temperature_eps1.0,p_gated_uniform,1.0,8,3,8.0,1,4,0.0,187.68564582728217,0.9384282291364109,0.807483118943403,1.0,10.0,1000
manufacturing,temperature_eps1.0,p_gated_uniform,1.0,8,3,16.0,1,4,0.0,150.1485166618257,0.7507425833091286,0.807483118943403,1.0,10.0,1000
manufacturing,temperature_eps1.0,p_gated_uniform,1.0,8,4,,1,4,0.0,150.1485166618257,0.7507425833091286,0.807483118943403,1.0,10.0,1000
manufacturing,temperature_eps1.0,p_gated_uniform,1.0,8,4,4.0,1,4,0.0,375.3712916545643,1.8768564582728215,0.8052114482920871,1.0,10.0,1000
manufacturing,temperature_eps1.0,p_gated_uniform,1.0,8,4,8.0,1,4,0.0,187.68564582728217,0.9384282291364109,0.807483118943403,1.0,10.0,1000
manufacturing,temperature_eps1.0,p_gated_uniform,1.0,8,4,16.0,1,4,0.0,150.1485166618257,0.7507425833091286,0.807483118943403,1.0,10.0,1000
manufacturing,temperature_eps1.0,p_gated_uniform,1.0,8,6,,1,4,0.0,150.1485166618257,0.7507425833091286,0.807483118943403,1.0,10.0,1000
manufacturing,temperature_eps1.0,p_gated_uniform,1.0,8,6,8.0,1,4,0.0,187.68564582728217,0.9384282291364109,0.807483118943403,1.0,10.0,1000
manufacturing,temperature_eps1.0,p_gated_uniform,1.0,8,6,16.0,1,4,0.0,150.1485166618257,0.7507425833091286,0.807483118943403,1.0,10.0,1000
manufacturing,temperature_eps1.0,p_gated_uniform,1.0,8,1,,2,0,0.0,156.67131884925314,0.7833565942462657,0.9490903643373501,1.0,10.0,500
manufacturing,temperature_eps1.0,p_gated_uniform,1.0,8,1,4.0,2,0,0.0,391.67829712313295,1.9583914856156648,0.9437968812067142,1.0,10.0,500
manufacturing,temperature_eps1.0,p_gated_uniform,1.0,8,1,8.0,2,0,0.0,195.83914856156647,0.9791957428078324,0.9490903643373501,1.0,10.0,500
manufacturing,temperature_eps1.0,p_gated_uniform,1.0,8,1,16.0,2,0,0.0,156.67131884925314,0.7833565942462657,0.9490903643373501,1.0,10.0,500
manufacturing,temperature_eps1.0,p_gated_uniform,1.0,8,2,,2,0,0.0,156.67131884925314,0.7833565942462657,0.9490903643373501,1.0,10.0,500
manufacturing,temperature_eps1.0,p_gated_uniform,1.0,8,2,4.0,2,0,0.0,391.67829712313295,1.9583914856156648,0.9437968812067142,1.0,10.0,500
manufacturing,temperature_eps1.0,p_gated_uniform,1.0,8,2,8.0,2,0,0.0,195.83914856156647,0.9791957428078324,0.9490903643373501,1.0,10.0,500
manufacturing,temperature_eps1.0,p_gated_uniform,1.0,8,2,16.0,2,0,0.0,156.67131884925314,0.7833565942462657,0.9490903643373501,1.0,10.0,500
manufacturing,temperature_eps1.0,p_gated_uniform,1.0,8,3,,2,0,0.0,156.67131884925314,0.7833565942462657,0.9490903643373501,1.0,10.0,500
manufacturing,temperature_eps1.0,p_gated_uniform,1.0,8,3,4.0,2,0,0.0,391.67829712313295,1.9583914856156648,0.9437968812067142,1.0,10.0,500
manufacturing,temperature_eps1.0,p_gated_uniform,1.0,8,3,8.0,2,0,0.0,195.83914856156647,0.9791957428078324,0.9490903643373501,1.0,10.0,500
manufacturing,temperature_eps1.0,p_gated_uniform,1.0,8,3,16.0,2,0,0.0,156.67131884925314,0.7833565942462657,0.9490903643373501,1.0,10.0,500
manufacturing,temperature_eps1.0,p_gated_uniform,1.0,8,4,,2,0,0.0,156.67131884925314,0.7833565942462657,0.9490903643373501,1.0,10.0,500
manufacturing,temperature_eps1.0,p_gated_uniform,1.0,8,4,4.0,2,0,0.0,391.67829712313295,1.9583914856156648,0.9437968812067142,1.0,10.0,500
manufacturing,temperature_eps1.0,p_gated_uniform,1.0,8,4,8.0,2,0,0.0,195.83914856156647,0.9791957428078324,0.9490903643373501,1.0,10.0,500
manufacturing,temperature_eps1.0,p_gated_uniform,1.0,8,4,16.0,2,0,0.0,156.67131884925314,0.7833565942462657,0.9490903643373501,1.0,10.0,500
manufacturing,temperature_eps1.0,p_gated_uniform,1.0,8,6,,2,0,0.0,156.67131884925314,0.7833565942462657,0.9490903643373501,1.0,10.0,500
manufacturing,temperature_eps1.0,p_gated_uniform,1.0,8,6,8.0,2,0,0.0,195.83914856156647,0.9791957428078324,0.9490903643373501,1.0,10.0,500
manufacturing,temperature_eps1.0,p_gated_uniform,1.0,8,6,16.0,2,0,0.0,156.67131884925314,0.7833565942462657,0.9490903643373501,1.0,10.0,500
manufacturing,temperature_eps1.0,p_gated_uniform,1.0,8,1,,2,2,0.0,156.67131884925314,0.7833565942462657,0.9490903643373501,1.0,10.0,500
manufacturing,temperature_eps1.0,p_gated_uniform,1.0,8,1,4.0,2,2,0.0,391.67829712313295,1.9583914856156648,0.9437968812067142,1.0,10.0,500
manufacturing,temperature_eps1.0,p_gated_uniform,1.0,8,1,8.0,2,2,0.0,195.83914856156647,0.9791957428078324,0.9490903643373501,1.0,10.0,500
manufacturing,temperature_eps1.0,p_gated_uniform,1.0,8,1,16.0,2,2,0.0,156.67131884925314,0.7833565942462657,0.9490903643373501,1.0,10.0,500
manufacturing,temperature_eps1.0,p_gated_uniform,1.0,8,2,,2,2,0.0,156.67131884925314,0.7833565942462657,0.9490903643373501,1.0,10.0,500
manufacturing,temperature_eps1.0,p_gated_uniform,1.0,8,2,4.0,2,2,0.0,391.67829712313295,1.9583914856156648,0.9437968812067142,1.0,10.0,500
manufacturing,temperature_eps1.0,p_gated_uniform,1.0,8,2,8.0,2,2,0.0,195.83914856156647,0.9791957428078324,0.9490903643373501,1.0,10.0,500
manufacturing,temperature_eps1.0,p_gated_uniform,1.0,8,2,16.0,2,2,0.0,156.67131884925314,0.7833565942462657,0.9490903643373501,1.0,10.0,500
manufacturing,temperature_eps1.0,p_gated_uniform,1.0,8,3,,2,2,0.0,156.67131884925314,0.7833565942462657,0.9490903643373501,1.0,10.0,500
manufacturing,temperature_eps1.0,p_gated_uniform,1.0,8,3,4.0,2,2,0.0,391.67829712313295,1.9583914856156648,0.9437968812067142,1.0,10.0,500
manufacturing,temperature_eps1.0,p_gated_uniform,1.0,8,3,8.0,2,2,0.0,195.83914856156647,0.9791957428078324,0.9490903643373501,1.0,10.0,500
manufacturing,temperature_eps1.0,p_gated_uniform,1.0,8,3,16.0,2,2,0.0,156.67131884925314,0.7833565942462657,0.9490903643373501,1.0,10.0,500
manufacturing,temperature_eps1.0,p_gated_uniform,1.0,8,4,,2,2,0.0,156.67131884925314,0.7833565942462657,0.9490903643373501,1.0,10.0,500
manufacturing,temperature_eps1.0,p_gated_uniform,1.0,8,4,4.0,2,2,0.0,391.67829712313295,1.9583914856156648,0.9437968812067142,1.0,10.0,500
manufacturing,temperature_eps1.0,p_gated_uniform,1.0,8,4,8.0,2,2,0.0,195.83914856156647,0.9791957428078324,0.9490903643373501,1.0,10.0,500
manufacturing,temperature_eps1.0,p_gated_uniform,1.0,8,4,16.0,2,2,0.0,156.67131884925314,0.7833565942462657,0.9490903643373501,1.0,10.0,500
manufacturing,temperature_eps1.0,p_gated_uniform,1.0,8,6,,2,2,0.0,156.67131884925314,0.7833565942462657,0.9490903643373501,1.0,10.0,500
manufacturing,temperature_eps1.0,p_gated_uniform,1.0,8,6,8.0,2,2,0.0,195.83914856156647,0.9791957428078324,0.9490903643373501,1.0,10.0,500
manufacturing,temperature_eps1.0,p_gated_uniform,1.0,8,6,16.0,2,2,0.0,156.67131884925314,0.7833565942462657,0.9490903643373501,1.0,10.0,500
manufacturing,temperature_eps1.0,p_gated_uniform,1.0,8,1,,2,4,0.0,156.67131884925314,0.7833565942462657,0.9490903643373501,1.0,10.0,500
manufacturing,temperature_eps1.0,p_gated_uniform,1.0,8,1,4.0,2,4,0.0,391.67829712313295,1.9583914856156648,0.9437968812067142,1.0,10.0,500
manufacturing,temperature_eps1.0,p_gated_uniform,1.0,8,1,8.0,2,4,0.0,195.83914856156647,0.9791957428078324,0.9490903643373501,1.0,10.0,500
manufacturing,temperature_eps1.0,p_gated_uniform,1.0,8,1,16.0,2,4,0.0,156.67131884925314,0.7833565942462657,0.9490903643373501,1.0,10.0,500
manufacturing,temperature_eps1.0,p_gated_uniform,1.0,8,2,,2,4,0.0,156.67131884925314,0.7833565942462657,0.9490903643373501,1.0,10.0,500
manufacturing,temperature_eps1.0,p_gated_uniform,1.0,8,2,4.0,2,4,0.0,391.67829712313295,1.9583914856156648,0.9437968812067142,1.0,10.0,500
manufacturing,temperature_eps1.0,p_gated_uniform,1.0,8,2,8.0,2,4,0.0,195.83914856156647,0.9791957428078324,0.9490903643373501,1.0,10.0,500
manufacturing,temperature_eps1.0,p_gated_uniform,1.0,8,2,16.0,2,4,0.0,156.67131884925314,0.7833565942462657,0.9490903643373501,1.0,10.0,500
manufacturing,temperature_eps1.0,p_gated_uniform,1.0,8,3,,2,4,0.0,156.67131884925314,0.7833565942462657,0.9490903643373501,1.0,10.0,500
manufacturing,temperature_eps1.0,p_gated_uniform,1.0,8,3,4.0,2,4,0.0,391.67829712313295,1.9583914856156648,0.9437968812067142,1.0,10.0,500
manufacturing,temperature_eps1.0,p_gated_uniform,1.0,8,3,8.0,2,4,0.0,195.83914856156647,0.9791957428078324,0.9490903643373501,1.0,10.0,500
manufacturing,temperature_eps1.0,p_gated_uniform,1.0,8,3,16.0,2,4,0.0,156.67131884925314,0.7833565942462657,0.9490903643373501,1.0,10.0,500
manufacturing,temperature_eps1.0,p_gated_uniform,1.0,8,4,,2,4,0.0,156.67131884925314,0.7833565942462657,0.9490903643373501,1.0,10.0,500
manufacturing,temperature_eps1.0,p_gated_uniform,1.0,8,4,4.0,2,4,0.0,391.67829712313295,1.9583914856156648,0.9437968812067142,1.0,10.0,500
manufacturing,temperature_eps1.0,p_gated_uniform,1.0,8,4,8.0,2,4,0.0,195.83914856156647,0.9791957428078324,0.9490903643373501,1.0,10.0,500
manufacturing,temperature_eps1.0,p_gated_uniform,1.0,8,4,16.0,2,4,0.0,156.67131884925314,0.7833565942462657,0.9490903643373501,1.0,10.0,500
manufacturing,temperature_eps1.0,p_gated_uniform,1.0,8,6,,2,4,0.0,156.67131884925314,0.7833565942462657,0.9490903643373501,1.0,10.0,500
manufacturing,temperature_eps1.0,p_gated_uniform,1.0,8,6,8.0,2,4,0.0,195.83914856156647,0.9791957428078324,0.9490903643373501,1.0,10.0,500
manufacturing,temperature_eps1.0,p_gated_uniform,1.0,8,6,16.0,2,4,0.0,156.67131884925314,0.7833565942462657,0.9490903643373501,1.0,10.0,500
manufacturing,temperature_eps1.0,p_gated_uniform,1.0,8,1,,4,0,0.0,164.93867649676272,0.8246933824838136,0.6932019709654147,1.0,10.0,250
manufacturing,temperature_eps1.0,p_gated_uniform,1.0,8,1,4.0,4,0,0.0,412.34669124190685,2.0617334562095344,0.6932019709654147,1.0,10.0,250
manufacturing,temperature_eps1.0,p_gated_uniform,1.0,8,1,8.0,4,0,0.0,206.17334562095343,1.0308667281047672,0.6932019709654147,1.0,10.0,250
manufacturing,temperature_eps1.0,p_gated_uniform,1.0,8,1,16.0,4,0,0.0,164.93867649676272,0.8246933824838136,0.6932019709654147,1.0,10.0,250
manufacturing,temperature_eps1.0,p_gated_uniform,1.0,8,2,,4,0,0.0,164.93867649676272,0.8246933824838136,0.6932019709654147,1.0,10.0,250
manufacturing,temperature_eps1.0,p_gated_uniform,1.0,8,2,4.0,4,0,0.0,412.34669124190685,2.0617334562095344,0.6932019709654147,1.0,10.0,250
manufacturing,temperature_eps1.0,p_gated_uniform,1.0,8,2,8.0,4,0,0.0,206.17334562095343,1.0308667281047672,0.6932019709654147,1.0,10.0,250
manufacturing,temperature_eps1.0,p_gated_uniform,1.0,8,2,16.0,4,0,0.0,164.93867649676272,0.8246933824838136,0.6932019709654147,1.0,10.0,250
manufacturing,temperature_eps1.0,p_gated_uniform,1.0,8,3,,4,0,0.0,164.93867649676272,0.8246933824838136,0.6932019709654147,1.0,10.0,250
manufacturing,temperature_eps1.0,p_gated_uniform,1.0,8,3,4.0,4,0,0.0,412.34669124190685,2.0617334562095344,0.6932019709654147,1.0,10.0,250
manufacturing,temperature_eps1.0,p_gated_uniform,1.0,8,3,8.0,4,0,0.0,206.17334562095343,1.0308667281047672,0.6932019709654147,1.0,10.0,250
manufacturing,temperature_eps1.0,p_gated_uniform,1.0,8,3,16.0,4,0,0.0,164.93867649676272,0.8246933824838136,0.6932019709654147,1.0,10.0,250
manufacturing,temperature_eps1.0,p_gated_uniform,1.0,8,4,,4,0,0.0,164.93867649676272,0.8246933824838136,0.6932019709654147,1.0,10.0,250
manufacturing,temperature_eps1.0,p_gated_uniform,1.0,8,4,4.0,4,0,0.0,412.34669124190685,2.0617334562095344,0.6932019709654147,1.0,10.0,250
manufacturing,temperature_eps1.0,p_gated_uniform,1.0,8,4,8.0,4,0,0.0,206.17334562095343,1.0308667281047672,0.6932019709654147,1.0,10.0,250
manufacturing,temperature_eps1.0,p_gated_uniform,1.0,8,4,16.0,4,0,0.0,164.93867649676272,0.8246933824838136,0.6932019709654147,1.0,10.0,250
manufacturing,temperature_eps1.0,p_gated_uniform,1.0,8,6,,4,0,0.0,164.93867649676272,0.8246933824838136,0.6932019709654147,1.0,10.0,250
manufacturing,temperature_eps1.0,p_gated_uniform,1.0,8,6,8.0,4,0,0.0,206.17334562095343,1.0308667281047672,0.6932019709654147,1.0,10.0,250
manufacturing,temperature_eps1.0,p_gated_uniform,1.0,8,6,16.0,4,0,0.0,164.93867649676272,0.8246933824838136,0.6932019709654147,1.0,10.0,250
manufacturing,temperature_eps1.0,p_gated_uniform,1.0,8,1,,4,2,0.0,164.93867649676272,0.8246933824838136,0.6932019709654147,1.0,10.0,250
manufacturing,temperature_eps1.0,p_gated_uniform,1.0,8,1,4.0,4,2,0.0,412.34669124190685,2.0617334562095344,0.6932019709654147,1.0,10.0,250
manufacturing,temperature_eps1.0,p_gated_uniform,1.0,8,1,8.0,4,2,0.0,206.17334562095343,1.0308667281047672,0.6932019709654147,1.0,10.0,250
manufacturing,temperature_eps1.0,p_gated_uniform,1.0,8,1,16.0,4,2,0.0,164.93867649676272,0.8246933824838136,0.6932019709654147,1.0,10.0,250
manufacturing,temperature_eps1.0,p_gated_uniform,1.0,8,2,,4,2,0.0,164.93867649676272,0.8246933824838136,0.6932019709654147,1.0,10.0,250
manufacturing,temperature_eps1.0,p_gated_uniform,1.0,8,2,4.0,4,2,0.0,412.34669124190685,2.0617334562095344,0.6932019709654147,1.0,10.0,250
manufacturing,temperature_eps1.0,p_gated_uniform,1.0,8,2,8.0,4,2,0.0,206.17334562095343,1.0308667281047672,0.6932019709654147,1.0,10.0,250
manufacturing,temperature_eps1.0,p_gated_uniform,1.0,8,2,16.0,4,2,0.0,164.93867649676272,0.8246933824838136,0.6932019709654147,1.0,10.0,250
manufacturing,temperature_eps1.0,p_gated_uniform,1.0,8,3,,4,2,0.0,164.93867649676272,0.8246933824838136,0.6932019709654147,1.0,10.0,250
manufacturing,temperature_eps1.0,p_gated_uniform,1.0,8,3,4.0,4,2,0.0,412.34669124190685,2.0617334562095344,0.6932019709654147,1.0,10.0,250
manufacturing,temperature_eps1.0,p_gated_uniform,1.0,8,3,8.0,4,2,0.0,206.17334562095343,1.0308667281047672,0.6932019709654147,1.0,10.0,250
manufacturing,temperature_eps1.0,p_gated_uniform,1.0,8,3,16.0,4,2,0.0,164.93867649676272,0.8246933824838136,0.6932019709654147,1.0,10.0,250
manufacturing,temperature_eps1.0,p_gated_uniform,1.0,8,4,,4,2,0.0,164.93867649676272,0.8246933824838136,0.6932019709654147,1.0,10.0,250
manufacturing,temperature_eps1.0,p_gated_uniform,1.0,8,4,4.0,4,2,0.0,412.34669124190685,2.0617334562095344,0.6932019709654147,1.0,10.0,250
manufacturing,temperature_eps1.0,p_gated_uniform,1.0,8,4,8.0,4,2,0.0,206.17334562095343,1.0308667281047672,0.6932019709654147,1.0,10.0,250
manufacturing,temperature_eps1.0,p_gated_uniform,1.0,8,4,16.0,4,2,0.0,164.93867649676272,0.8246933824838136,0.6932019709654147,1.0,10.0,250
manufacturing,temperature_eps1.0,p_gated_uniform,1.0,8,6,,4,2,0.0,164.93867649676272,0.8246933824838136,0.6932019709654147,1.0,10.0,250
manufacturing,temperature_eps1.0,p_gated_uniform,1.0,8,6,8.0,4,2,0.0,206.17334562095343,1.0308667281047672,0.6932019709654147,1.0,10.0,250
manufacturing,temperature_eps1.0,p_gated_uniform,1.0,8,6,16.0,4,2,0.0,164.93867649676272,0.8246933824838136,0.6932019709654147,1.0,10.0,250
manufacturing,temperature_eps1.0,p_gated_uniform,1.0,8,1,,4,4,0.0,164.93867649676272,0.8246933824838136,0.6932019709654147,1.0,10.0,250
manufacturing,temperature_eps1.0,p_gated_uniform,1.0,8,1,4.0,4,4,0.0,412.34669124190685,2.0617334562095344,0.6932019709654147,1.0,10.0,250
manufacturing,temperature_eps1.0,p_gated_uniform,1.0,8,1,8.0,4,4,0.0,206.17334562095343,1.0308667281047672,0.6932019709654147,1.0,10.0,250
manufacturing,temperature_eps1.0,p_gated_uniform,1.0,8,1,16.0,4,4,0.0,164.93867649676272,0.8246933824838136,0.6932019709654147,1.0,10.0,250
manufacturing,temperature_eps1.0,p_gated_uniform,1.0,8,2,,4,4,0.0,164.93867649676272,0.8246933824838136,0.6932019709654147,1.0,10.0,250
manufacturing,temperature_eps1.0,p_gated_uniform,1.0,8,2,4.0,4,4,0.0,412.34669124190685,2.0617334562095344,0.6932019709654147,1.0,10.0,250
manufacturing,temperature_eps1.0,p_gated_uniform,1.0,8,2,8.0,4,4,0.0,206.17334562095343,1.0308667281047672,0.6932019709654147,1.0,10.0,250
manufacturing,temperature_eps1.0,p_gated_uniform,1.0,8,2,16.0,4,4,0.0,164.93867649676272,0.8246933824838136,0.6932019709654147,1.0,10.0,250
manufacturing,temperature_eps1.0,p_gated_uniform,1.0,8,3,,4,4,0.0,164.93867649676272,0.8246933824838136,0.6932019709654147,1.0,10.0,250
manufacturing,temperature_eps1.0,p_gated_uniform,1.0,8,3,4.0,4,4,0.0,412.34669124190685,2.0617334562095344,0.6932019709654147,1.0,10.0,250
manufacturing,temperature_eps1.0,p_gated_uniform,1.0,8,3,8.0,4,4,0.0,206.17334562095343,1.0308667281047672,0.6932019709654147,1.0,10.0,250
manufacturing,temperature_eps1.0,p_gated_uniform,1.0,8,3,16.0,4,4,0.0,164.93867649676272,0.8246933824838136,0.6932019709654147,1.0,10.0,250
manufacturing,temperature_eps1.0,p_gated_uniform,1.0,8,4,,4,4,0.0,164.93867649676272,0.8246933824838136,0.6932019709654147,1.0,10.0,250
manufacturing,temperature_eps1.0,p_gated_uniform,1.0,8,4,4.0,4,4,0.0,412.34669124190685,2.0617334562095344,0.6932019709654147,1.0,10.0,250
manufacturing,temperature_eps1.0,p_gated_uniform,1.0,8,4,8.0,4,4,0.0,206.17334562095343,1.0308667281047672,0.6932019709654147,1.0,10.0,250
manufacturing,temperature_eps1.0,p_gated_uniform,1.0,8,4,16.0,4,4,0.0,164.93867649676272,0.8246933824838136,0.6932019709654147,1.0,10.0,250
manufacturing,temperature_eps1.0,p_gated_uniform,1.0,8,6,,4,4,0.0,164.93867649676272,0.8246933824838136,0.6932019709654147,1.0,10.0,250
manufacturing,temperature_eps1.0,p_gated_uniform,1.0,8,6,8.0,4,4,0.0,206.17334562095343,1.0308667281047672,0.6932019709654147,1.0,10.0,250
manufacturing,temperature_eps1.0,p_gated_uniform,1.0,8,6,16.0,4,4,0.0,164.93867649676272,0.8246933824838136,0.6932019709654147,1.0,10.0,250
manufacturing,temperature_eps1.0,p_gated_sample,1.0,8,1,,1,0,0.0,19.15144943407466,0.0957572471703733,1.0640177675915685,0.125,10.0,1000
manufacturing,temperature_eps1.0,p_gated_sample,1.0,8,1,4.0,1,0,0.0,47.83748518561943,0.23918742592809714,1.0637969909464933,0.125,10.0,1000
manufacturing,temperature_eps1.0,p_gated_sample,1.0,8,1,8.0,1,0,0.0,23.93058533199889,0.11965292665999445,1.0886661747342492,0.125,10.0,1000
manufacturing,temperature_eps1.0,p_gated_sample,1.0,8,1,16.0,1,0,0.0,19.15144943407466,0.0957572471703733,1.0640177675915685,0.125,10.0,1000
manufacturing,temperature_eps1.0,p_gated_sample,1.0,8,2,,1,0,0.0,19.15144943407466,0.0957572471703733,1.0640177675915685,0.125,10.0,1000
manufacturing,temperature_eps1.0,p_gated_sample,1.0,8,2,4.0,1,0,0.0,47.83748518561943,0.23918742592809714,1.0637969909464933,0.125,10.0,1000
manufacturing,temperature_eps1.0,p_gated_sample,1.0,8,2,8.0,1,0,0.0,23.93058533199889,0.11965292665999445,1.0886661747342492,0.125,10.0,1000
manufacturing,temperature_eps1.0,p_gated_sample,1.0,8,2,16.0,1,0,0.0,19.15144943407466,0.0957572471703733,1.0640177675915685,0.125,10.0,1000
manufacturing,temperature_eps1.0,p_gated_sample,1.0,8,3,,1,0,0.0,19.15144943407466,0.0957572471703733,1.0640177675915685,0.125,10.0,1000
manufacturing,temperature_eps1.0,p_gated_sample,1.0,8,3,4.0,1,0,0.0,47.83748518561943,0.23918742592809714,1.0637969909464933,0.125,10.0,1000
manufacturing,temperature_eps1.0,p_gated_sample,1.0,8,3,8.0,1,0,0.0,23.93058533199889,0.11965292665999445,1.0886661747342492,0.125,10.0,1000
manufacturing,temperature_eps1.0,p_gated_sample,1.0,8,3,16.0,1,0,0.0,19.15144943407466,0.0957572471703733,1.0640177675915685,0.125,10.0,1000
manufacturing,temperature_eps1.0,p_gated_sample,1.0,8,4,,1,0,0.0,19.15144943407466,0.0957572471703733,1.0640177675915685,0.125,10.0,1000
manufacturing,temperature_eps1.0,p_gated_sample,1.0,8,4,4.0,1,0,0.0,47.83748518561943,0.23918742592809714,1.0637969909464933,0.125,10.0,1000
manufacturing,temperature_eps1.0,p_gated_sample,1.0,8,4,8.0,1,0,0.0,23.93058533199889,0.11965292665999445,1.0886661747342492,0.125,10.0,1000
manufacturing,temperature_eps1.0,p_gated_sample,1.0,8,4,16.0,1,0,0.0,19.15144943407466,0.0957572471703733,1.0640177675915685,0.125,10.0,1000
manufacturing,temperature_eps1.0,p_gated_sample,1.0,8,6,,1,0,0.0,19.15144943407466,0.0957572471703733,1.0640177675915685,0.125,10.0,1000
manufacturing,temperature_eps1.0,p_gated_sample,1.0,8,6,8.0,1,0,0.0,23.93058533199889,0.11965292665999445,1.0886661747342492,0.125,10.0,1000
manufacturing,temperature_eps1.0,p_gated_sample,1.0,8,6,16.0,1,0,0.0,19.15144943407466,0.0957572471703733,1.0640177675915685,0.125,10.0,1000
manufacturing,temperature_eps1.0,p_gated_sample,1.0,8,1,,1,2,0.0,19.15144943407466,0.0957572471703733,1.0640177675915685,0.125,10.0,1000
manufacturing,temperature_eps1.0,p_gated_sample,1.0,8,1,4.0,1,2,0.0,47.83748518561943,0.23918742592809714,1.0637969909464933,0.125,10.0,1000
manufacturing,temperature_eps1.0,p_gated_sample,1.0,8,1,8.0,1,2,0.0,23.93058533199889,0.11965292665999445,1.0886661747342492,0.125,10.0,1000
manufacturing,temperature_eps1.0,p_gated_sample,1.0,8,1,16.0,1,2,0.0,19.15144943407466,0.0957572471703733,1.0640177675915685,0.125,10.0,1000
manufacturing,temperature_eps1.0,p_gated_sample,1.0,8,2,,1,2,0.0,19.15144943407466,0.0957572471703733,1.0640177675915685,0.125,10.0,1000
manufacturing,temperature_eps1.0,p_gated_sample,1.0,8,2,4.0,1,2,0.0,47.83748518561943,0.23918742592809714,1.0637969909464933,0.125,10.0,1000
manufacturing,temperature_eps1.0,p_gated_sample,1.0,8,2,8.0,1,2,0.0,23.93058533199889,0.11965292665999445,1.0886661747342492,0.125,10.0,1000
manufacturing,temperature_eps1.0,p_gated_sample,1.0,8,2,16.0,1,2,0.0,19.15144943407466,0.0957572471703733,1.0640177675915685,0.125,10.0,1000
manufacturing,temperature_eps1.0,p_gated_sample,1.0,8,3,,1,2,0.0,19.15144943407466,0.0957572471703733,1.0640177675915685,0.125,10.0,1000
manufacturing,temperature_eps1.0,p_gated_sample,1.0,8,3,4.0,1,2,0.0,47.83748518561943,0.23918742592809714,1.0637969909464933,0.125,10.0,1000
manufacturing,temperature_eps1.0,p_gated_sample,1.0,8,3,8.0,1,2,0.0,23.93058533199889,0.11965292665999445,1.0886661747342492,0.125,10.0,1000
manufacturing,temperature_eps1.0,p_gated_sample,1.0,8,3,16.0,1,2,0.0,19.15144943407466,0.0957572471703733,1.0640177675915685,0.125,10.0,1000
manufacturing,temperature_eps1.0,p_gated_sample,1.0,8,4,,1,2,0.0,19.15144943407466,0.0957572471703733,1.0640177675915685,0.125,10.0,1000
manufacturing,temperature_eps1.0,p_gated_sample,1.0,8,4,4.0,1,2,0.0,47.83748518561943,0.23918742592809714,1.0637969909464933,0.125,10.0,1000
manufacturing,temperature_eps1.0,p_gated_sample,1.0,8,4,8.0,1,2,0.0,23.93058533199889,0.11965292665999445,1.0886661747342492,0.125,10.0,1000
manufacturing,temperature_eps1.0,p_gated_sample,1.0,8,4,16.0,1,2,0.0,19.15144943407466,0.0957572471703733,1.0640177675915685,0.125,10.0,1000
manufacturing,temperature_eps1.0,p_gated_sample,1.0,8,6,,1,2,0.0,19.15144943407466,0.0957572471703733,1.0640177675915685,0.125,10.0,1000
manufacturing,temperature_eps1.0,p_gated_sample,1.0,8,6,8.0,1,2,0.0,23.93058533199889,0.11965292665999445,1.0886661747342492,0.125,10.0,1000
manufacturing,temperature_eps1.0,p_gated_sample,1.0,8,6,16.0,1,2,0.0,19.15144943407466,0.0957572471703733,1.0640177675915685,0.125,10.0,1000
manufacturing,temperature_eps1.0,p_gated_sample,1.0,8,1,,1,4,0.0,19.15144943407466,0.0957572471703733,1.0640177675915685,0.125,10.0,1000
manufacturing,temperature_eps1.0,p_gated_sample,1.0,8,1,4.0,1,4,0.0,47.83748518561943,0.23918742592809714,1.0637969909464933,0.125,10.0,1000
manufacturing,temperature_eps1.0,p_gated_sample,1.0,8,1,8.0,1,4,0.0,23.93058533199889,0.11965292665999445,1.0886661747342492,0.125,10.0,1000
manufacturing,temperature_eps1.0,p_gated_sample,1.0,8,1,16.0,1,4,0.0,19.15144943407466,0.0957572471703733,1.0640177675915685,0.125,10.0,1000
manufacturing,temperature_eps1.0,p_gated_sample,1.0,8,2,,1,4,0.0,19.15144943407466,0.0957572471703733,1.0640177675915685,0.125,10.0,1000
manufacturing,temperature_eps1.0,p_gated_sample,1.0,8,2,4.0,1,4,0.0,47.83748518561943,0.23918742592809714,1.0637969909464933,0.125,10.0,1000
manufacturing,temperature_eps1.0,p_gated_sample,1.0,8,2,8.0,1,4,0.0,23.93058533199889,0.11965292665999445,1.0886661747342492,0.125,10.0,1000
manufacturing,temperature_eps1.0,p_gated_sample,1.0,8,2,16.0,1,4,0.0,19.15144943407466,0.0957572471703733,1.0640177675915685,0.125,10.0,1000
manufacturing,temperature_eps1.0,p_gated_sample,1.0,8,3,,1,4,0.0,19.15144943407466,0.0957572471703733,1.0640177675915685,0.125,10.0,1000
manufacturing,temperature_eps1.0,p_gated_sample,1.0,8,3,4.0,1,4,0.0,47.83748518561943,0.23918742592809714,1.0637969909464933,0.125,10.0,1000
manufacturing,temperature_eps1.0,p_gated_sample,1.0,8,3,8.0,1,4,0.0,23.93058533199889,0.11965292665999445,1.0886661747342492,0.125,10.0,1000
manufacturing,temperature_eps1.0,p_gated_sample,1.0,8,3,16.0,1,4,0.0,19.15144943407466,0.0957572471703733,1.0640177675915685,0.125,10.0,1000
manufacturing,temperature_eps1.0,p_gated_sample,1.0,8,4,,1,4,0.0,19.15144943407466,0.0957572471703733,1.0640177675915685,0.125,10.0,1000
manufacturing,temperature_eps1.0,p_gated_sample,1.0,8,4,4.0,1,4,0.0,47.83748518561943,0.23918742592809714,1.0637969909464933,0.125,10.0,1000
manufacturing,temperature_eps1.0,p_gated_sample,1.0,8,4,8.0,1,4,0.0,23.93058533199889,0.11965292665999445,1.0886661747342492,0.125,10.0,1000
manufacturing,temperature_eps1.0,p_gated_sample,1.0,8,4,16.0,1,4,0.0,19.15144943407466,0.0957572471703733,1.0640177675915685,0.125,10.0,1000
manufacturing,temperature_eps1.0,p_gated_sample,1.0,8,6,,1,4,0.0,19.15144943407466,0.0957572471703733,1.0640177675915685,0.125,10.0,1000
manufacturing,temperature_eps1.0,p_gated_sample,1.0,8,6,8.0,1,4,0.0,23.93058533199889,0.11965292665999445,1.0886661747342492,0.125,10.0,1000
manufacturing,temperature_eps1.0,p_gated_sample,1.0,8,6,16.0,1,4,0.0,19.15144943407466,0.0957572471703733,1.0640177675915685,0.125,10.0,1000
manufacturing,temperature_eps1.0,p_gated_sample,1.0,8,1,,2,0,0.0,17.704757627368544,0.08852378813684272,1.1131393776762468,0.126,10.0,500
manufacturing,temperature_eps1.0,p_gated_sample,1.0,8,1,4.0,2,0,0.0,44.2564989378557,0.22128249468927852,1.0129998290309234,0.126,10.0,500
manufacturing,temperature_eps1.0,p_gated_sample,1.0,8,1,8.0,2,0,0.0,22.12987178421068,0.11064935892105339,1.1131393776762468,0.126,10.0,500
manufacturing,temperature_eps1.0,p_gated_sample,1.0,8,1,16.0,2,0,0.0,17.704757627368544,0.08852378813684272,1.1131393776762468,0.126,10.0,500
manufacturing,temperature_eps1.0,p_gated_sample,1.0,8,2,,2,0,0.0,17.704757627368544,0.08852378813684272,1.1131393776762468,0.126,10.0,500
manufacturing,temperature_eps1.0,p_gated_sample,1.0,8,2,4.0,2,0,0.0,44.2564989378557,0.22128249468927852,1.0129998290309234,0.126,10.0,500
manufacturing,temperature_eps1.0,p_gated_sample,1.0,8,2,8.0,2,0,0.0,22.12987178421068,0.11064935892105339,1.1131393776762468,0.126,10.0,500
manufacturing,temperature_eps1.0,p_gated_sample,1.0,8,2,16.0,2,0,0.0,17.704757627368544,0.08852378813684272,1.1131393776762468,0.126,10.0,500
manufacturing,temperature_eps1.0,p_gated_sample,1.0,8,3,,2,0,0.0,17.704757627368544,0.08852378813684272,1.1131393776762468,0.126,10.0,500
manufacturing,temperature_eps1.0,p_gated_sample,1.0,8,3,4.0,2,0,0.0,44.2564989378557,0.22128249468927852,1.0129998290309234,0.126,10.0,500
manufacturing,temperature_eps1.0,p_gated_sample,1.0,8,3,8.0,2,0,0.0,22.12987178421068,0.11064935892105339,1.1131393776762468,0.126,10.0,500
manufacturing,temperature_eps1.0,p_gated_sample,1.0,8,3,16.0,2,0,0.0,17.704757627368544,0.08852378813684272,1.1131393776762468,0.126,10.0,500
manufacturing,temperature_eps1.0,p_gated_sample,1.0,8,4,,2,0,0.0,17.704757627368544,0.08852378813684272,1.1131393776762468,0.126,10.0,500
manufacturing,temperature_eps1.0,p_gated_sample,1.0,8,4,4.0,2,0,0.0,44.2564989378557,0.22128249468927852,1.0129998290309234,0.126,10.0,500
manufacturing,temperature_eps1.0,p_gated_sample,1.0,8,4,8.0,2,0,0.0,22.12987178421068,0.11064935892105339,1.1131393776762468,0.126,10.0,500
manufacturing,temperature_eps1.0,p_gated_sample,1.0,8,4,16.0,2,0,0.0,17.704757627368544,0.08852378813684272,1.1131393776762468,0.126,10.0,500
manufacturing,temperature_eps1.0,p_gated_sample,1.0,8,6,,2,0,0.0,17.704757627368544,0.08852378813684272,1.1131393776762468,0.126,10.0,500
manufacturing,temperature_eps1.0,p_gated_sample,1.0,8,6,8.0,2,0,0.0,22.12987178421068,0.11064935892105339,1.1131393776762468,0.126,10.0,500
manufacturing,temperature_eps1.0,p_gated_sample,1.0,8,6,16.0,2,0,0.0,17.704757627368544,0.08852378813684272,1.1131393776762468,0.126,10.0,500
manufacturing,temperature_eps1.0,p_gated_sample,1.0,8,1,,2,2,0.0,17.704757627368544,0.08852378813684272,1.1131393776762468,0.126,10.0,500
manufacturing,temperature_eps1.0,p_gated_sample,1.0,8,1,4.0,2,2,0.0,44.2564989378557,0.22128249468927852,1.0129998290309234,0.126,10.0,500
manufacturing,temperature_eps1.0,p_gated_sample,1.0,8,1,8.0,2,2,0.0,22.12987178421068,0.11064935892105339,1.1131393776762468,0.126,10.0,500
manufacturing,temperature_eps1.0,p_gated_sample,1.0,8,1,16.0,2,2,0.0,17.704757627368544,0.08852378813684272,1.1131393776762468,0.126,10.0,500
manufacturing,temperature_eps1.0,p_gated_sample,1.0,8,2,,2,2,0.0,17.704757627368544,0.08852378813684272,1.1131393776762468,0.126,10.0,500
manufacturing,temperature_eps1.0,p_gated_sample,1.0,8,2,4.0,2,2,0.0,44.2564989378557,0.22128249468927852,1.0129998290309234,0.126,10.0,500
manufacturing,temperature_eps1.0,p_gated_sample,1.0,8,2,8.0,2,2,0.0,22.12987178421068,0.11064935892105339,1.1131393776762468,0.126,10.0,500
manufacturing,temperature_eps1.0,p_gated_sample,1.0,8,2,16.0,2,2,0.0,17.704757627368544,0.08852378813684272,1.1131393776762468,0.126,10.0,500
manufacturing,temperature_eps1.0,p_gated_sample,1.0,8,3,,2,2,0.0,17.704757627368544,0.08852378813684272,1.1131393776762468,0.126,10.0,500
manufacturing,temperature_eps1.0,p_gated_sample,1.0,8,3,4.0,2,2,0.0,44.2564989378557,0.22128249468927852,1.0129998290309234,0.126,10.0,500
manufacturing,temperature_eps1.0,p_gated_sample,1.0,8,3,8.0,2,2,0.0,22.12987178421068,0.11064935892105339,1.1131393776762468,0.126,10.0,500
manufacturing,temperature_eps1.0,p_gated_sample,1.0,8,3,16.0,2,2,0.0,17.704757627368544,0.08852378813684272,1.1131393776762468,0.126,10.0,500
manufacturing,temperature_eps1.0,p_gated_sample,1.0,8,4,,2,2,0.0,17.704757627368544,0.08852378813684272,1.1131393776762468,0.126,10.0,500
manufacturing,temperature_eps1.0,p_gated_sample,1.0,8,4,4.0,2,2,0.0,44.2564989378557,0.22128249468927852,1.0129998290309234,0.126,10.0,500
manufacturing,temperature_eps1.0,p_gated_sample,1.0,8,4,8.0,2,2,0.0,22.12987178421068,0.11064935892105339,1.1131393776762468,0.126,10.0,500
manufacturing,temperature_eps1.0,p_gated_sample,1.0,8,4,16.0,2,2,0.0,17.704757627368544,0.08852378813684272,1.1131393776762468,0.126,10.0,500
manufacturing,temperature_eps1.0,p_gated_sample,1.0,8,6,,2,2,0.0,17.704757627368544,0.08852378813684272,1.1131393776762468,0.126,10.0,500
manufacturing,temperature_eps1.0,p_gated_sample,1.0,8,6,8.0,2,2,0.0,22.12987178421068,0.11064935892105339,1.1131393776762468,0.126,10.0,500
manufacturing,temperature_eps1.0,p_gated_sample,1.0,8,6,16.0,2,2,0.0,17.704757627368544,0.08852378813684272,1.1131393776762468,0.126,10.0,500
manufacturing,temperature_eps1.0,p_gated_sample,1.0,8,1,,2,4,0.0,17.704757627368544,0.08852378813684272,1.1131393776762468,0.126,10.0,500
manufacturing,temperature_eps1.0,p_gated_sample,1.0,8,1,4.0,2,4,0.0,44.2564989378557,0.22128249468927852,1.0129998290309234,0.126,10.0,500
manufacturing,temperature_eps1.0,p_gated_sample,1.0,8,1,8.0,2,4,0.0,22.12987178421068,0.11064935892105339,1.1131393776762468,0.126,10.0,500
manufacturing,temperature_eps1.0,p_gated_sample,1.0,8,1,16.0,2,4,0.0,17.704757627368544,0.08852378813684272,1.1131393776762468,0.126,10.0,500
manufacturing,temperature_eps1.0,p_gated_sample,1.0,8,2,,2,4,0.0,17.704757627368544,0.08852378813684272,1.1131393776762468,0.126,10.0,500
manufacturing,temperature_eps1.0,p_gated_sample,1.0,8,2,4.0,2,4,0.0,44.2564989378557,0.22128249468927852,1.0129998290309234,0.126,10.0,500
manufacturing,temperature_eps1.0,p_gated_sample,1.0,8,2,8.0,2,4,0.0,22.12987178421068,0.11064935892105339,1.1131393776762468,0.126,10.0,500
manufacturing,temperature_eps1.0,p_gated_sample,1.0,8,2,16.0,2,4,0.0,17.704757627368544,0.08852378813684272,1.1131393776762468,0.126,10.0,500
manufacturing,temperature_eps1.0,p_gated_sample,1.0,8,3,,2,4,0.0,17.704757627368544,0.08852378813684272,1.1131393776762468,0.126,10.0,500
manufacturing,temperature_eps1.0,p_gated_sample,1.0,8,3,4.0,2,4,0.0,44.2564989378557,0.22128249468927852,1.0129998290309234,0.126,10.0,500
manufacturing,temperature_eps1.0,p_gated_sample,1.0,8,3,8.0,2,4,0.0,22.12987178421068,0.11064935892105339,1.1131393776762468,0.126,10.0,500
manufacturing,temperature_eps1.0,p_gated_sample,1.0,8,3,16.0,2,4,0.0,17.704757627368544,0.08852378813684272,1.1131393776762468,0.126,10.0,500
manufacturing,temperature_eps1.0,p_gated_sample,1.0,8,4,,2,4,0.0,17.704757627368544,0.08852378813684272,1.1131393776762468,0.126,10.0,500
manufacturing,temperature_eps1.0,p_gated_sample,1.0,8,4,4.0,2,4,0.0,44.2564989378557,0.22128249468927852,1.0129998290309234,0.126,10.0,500
manufacturing,temperature_eps1.0,p_gated_sample,1.0,8,4,8.0,2,4,0.0,22.12987178421068,0.11064935892105339,1.1131393776762468,0.126,10.0,500
manufacturing,temperature_eps1.0,p_gated_sample,1.0,8,4,16.0,2,4,0.0,17.704757627368544,0.08852378813684272,1.1131393776762468,0.126,10.0,500
manufacturing,temperature_eps1.0,p_gated_sample,1.0,8,6,,2,4,0.0,17.704757627368544,0.08852378813684272,1.1131393776762468,0.126,10.0,500
manufacturing,temperature_eps1.0,p_gated_sample,1.0,8,6,8.0,2,4,0.0,22.12987178421068,0.11064935892105339,1.1131393776762468,0.126,10.0,500
manufacturing,temperature_eps1.0,p_gated_sample,1.0,8,6,16.0,2,4,0.0,17.704757627368544,0.08852378813684272,1.1131393776762468,0.126,10.0,500
manufacturing,temperature_eps1.0,p_gated_sample,1.0,8,1,,4,0,0.0,16.27953885527425,0.08139769427637125,0.8908296005997581,0.128,10.0,250
manufacturing,temperature_eps1.0,p_gated_sample,1.0,8,1,4.0,4,0,0.0,40.64350763818563,0.20321753819092817,0.8960828117444055,0.128,10.0,250
manufacturing,temperature_eps1.0,p_gated_sample,1.0,8,1,8.0,4,0,0.0,20.340200319092816,0.10170100159546408,0.8908296005997581,0.128,10.0,250
manufacturing,temperature_eps1.0,p_gated_sample,1.0,8,1,16.0,4,0,0.0,16.27953885527425,0.08139769427637125,0.8908296005997581,0.128,10.0,250
manufacturing,temperature_eps1.0,p_gated_sample,1.0,8,2,,4,0,0.0,16.27953885527425,0.08139769427637125,0.8908296005997581,0.128,10.0,250
manufacturing,temperature_eps1.0,p_gated_sample,1.0,8,2,4.0,4,0,0.0,40.64350763818563,0.20321753819092817,0.8960828117444055,0.128,10.0,250
manufacturing,temperature_eps1.0,p_gated_sample,1.0,8,2,8.0,4,0,0.0,20.340200319092816,0.10170100159546408,0.8908296005997581,0.128,10.0,250
manufacturing,temperature_eps1.0,p_gated_sample,1.0,8,2,16.0,4,0,0.0,16.27953885527425,0.08139769427637125,0.8908296005997581,0.128,10.0,250
manufacturing,temperature_eps1.0,p_gated_sample,1.0,8,3,,4,0,0.0,16.27953885527425,0.08139769427637125,0.8908296005997581,0.128,10.0,250
manufacturing,temperature_eps1.0,p_gated_sample,1.0,8,3,4.0,4,0,0.0,40.64350763818563,0.20321753819092817,0.8960828117444055,0.128,10.0,250
manufacturing,temperature_eps1.0,p_gated_sample,1.0,8,3,8.0,4,0,0.0,20.340200319092816,0.10170100159546408,0.8908296005997581,0.128,10.0,250
manufacturing,temperature_eps1.0,p_gated_sample,1.0,8,3,16.0,4,0,0.0,16.27953885527425,0.08139769427637125,0.8908296005997581,0.128,10.0,250
manufacturing,temperature_eps1.0,p_gated_sample,1.0,8,4,,4,0,0.0,16.27953885527425,0.08139769427637125,0.8908296005997581,0.128,10.0,250
manufacturing,temperature_eps1.0,p_gated_sample,1.0,8,4,4.0,4,0,0.0,40.64350763818563,0.20321753819092817,0.8960828117444055,0.128,10.0,250
manufacturing,temperature_eps1.0,p_gated_sample,1.0,8,4,8.0,4,0,0.0,20.340200319092816,0.10170100159546408,0.8908296005997581,0.128,10.0,250
manufacturing,temperature_eps1.0,p_gated_sample,1.0,8,4,16.0,4,0,0.0,16.27953885527425,0.08139769427637125,0.8908296005997581,0.128,10.0,250
manufacturing,temperature_eps1.0,p_gated_sample,1.0,8,6,,4,0,0.0,16.27953885527425,0.08139769427637125,0.8908296005997581,0.128,10.0,250
manufacturing,temperature_eps1.0,p_gated_sample,1.0,8,6,8.0,4,0,0.0,20.340200319092816,0.10170100159546408,0.8908296005997581,0.128,10.0,250
manufacturing,temperature_eps1.0,p_gated_sample,1.0,8,6,16.0,4,0,0.0,16.27953885527425,0.08139769427637125,0.8908296005997581,0.128,10.0,250
manufacturing,temperature_eps1.0,p_gated_sample,1.0,8,1,,4,2,0.0,16.27953885527425,0.08139769427637125,0.8908296005997581,0.128,10.0,250
manufacturing,temperature_eps1.0,p_gated_sample,1.0,8,1,4.0,4,2,0.0,40.64350763818563,0.20321753819092817,0.8960828117444055,0.128,10.0,250
manufacturing,temperature_eps1.0,p_gated_sample,1.0,8,1,8.0,4,2,0.0,20.340200319092816,0.10170100159546408,0.8908296005997581,0.128,10.0,250
manufacturing,temperature_eps1.0,p_gated_sample,1.0,8,1,16.0,4,2,0.0,16.27953885527425,0.08139769427637125,0.8908296005997581,0.128,10.0,250
manufacturing,temperature_eps1.0,p_gated_sample,1.0,8,2,,4,2,0.0,16.27953885527425,0.08139769427637125,0.8908296005997581,0.128,10.0,250
manufacturing,temperature_eps1.0,p_gated_sample,1.0,8,2,4.0,4,2,0.0,40.64350763818563,0.20321753819092817,0.8960828117444055,0.128,10.0,250
manufacturing,temperature_eps1.0,p_gated_sample,1.0,8,2,8.0,4,2,0.0,20.340200319092816,0.10170100159546408,0.8908296005997581,0.128,10.0,250
manufacturing,temperature_eps1.0,p_gated_sample,1.0,8,2,16.0,4,2,0.0,16.27953885527425,0.08139769427637125,0.8908296005997581,0.128,10.0,250
manufacturing,temperature_eps1.0,p_gated_sample,1.0,8,3,,4,2,0.0,16.27953885527425,0.08139769427637125,0.8908296005997581,0.128,10.0,250
manufacturing,temperature_eps1.0,p_gated_sample,1.0,8,3,4.0,4,2,0.0,40.64350763818563,0.20321753819092817,0.8960828117444055,0.128,10.0,250
manufacturing,temperature_eps1.0,p_gated_sample,1.0,8,3,8.0,4,2,0.0,20.340200319092816,0.10170100159546408,0.8908296005997581,0.128,10.0,250
manufacturing,temperature_eps1.0,p_gated_sample,1.0,8,3,16.0,4,2,0.0,16.27953885527425,0.08139769427637125,0.8908296005997581,0.128,10.0,250
manufacturing,temperature_eps1.0,p_gated_sample,1.0,8,4,,4,2,0.0,16.27953885527425,0.08139769427637125,0.8908296005997581,0.128,10.0,250
manufacturing,temperature_eps1.0,p_gated_sample,1.0,8,4,4.0,4,2,0.0,40.64350763818563,0.20321753819092817,0.8960828117444055,0.128,10.0,250
manufacturing,temperature_eps1.0,p_gated_sample,1.0,8,4,8.0,4,2,0.0,20.340200319092816,0.10170100159546408,0.8908296005997581,0.128,10.0,250
manufacturing,temperature_eps1.0,p_gated_sample,1.0,8,4,16.0,4,2,0.0,16.27953885527425,0.08139769427637125,0.8908296005997581,0.128,10.0,250
manufacturing,temperature_eps1.0,p_gated_sample,1.0,8,6,,4,2,0.0,16.27953885527425,0.08139769427637125,0.8908296005997581,0.128,10.0,250
manufacturing,temperature_eps1.0,p_gated_sample,1.0,8,6,8.0,4,2,0.0,20.340200319092816,0.10170100159546408,0.8908296005997581,0.128,10.0,250
manufacturing,temperature_eps1.0,p_gated_sample,1.0,8,6,16.0,4,2,0.0,16.27953885527425,0.08139769427637125,0.8908296005997581,0.128,10.0,250
manufacturing,temperature_eps1.0,p_gated_sample,1.0,8,1,,4,4,0.0,16.27953885527425,0.08139769427637125,0.8908296005997581,0.128,10.0,250
manufacturing,temperature_eps1.0,p_gated_sample,1.0,8,1,4.0,4,4,0.0,40.64350763818563,0.20321753819092817,0.8960828117444055,0.128,10.0,250
manufacturing,temperature_eps1.0,p_gated_sample,1.0,8,1,8.0,4,4,0.0,20.340200319092816,0.10170100159546408,0.8908296005997581,0.128,10.0,250
manufacturing,temperature_eps1.0,p_gated_sample,1.0,8,1,16.0,4,4,0.0,16.27953885527425,0.08139769427637125,0.8908296005997581,0.128,10.0,250
manufacturing,temperature_eps1.0,p_gated_sample,1.0,8,2,,4,4,0.0,16.27953885527425,0.08139769427637125,0.8908296005997581,0.128,10.0,250
manufacturing,temperature_eps1.0,p_gated_sample,1.0,8,2,4.0,4,4,0.0,40.64350763818563,0.20321753819092817,0.8960828117444055,0.128,10.0,250
manufacturing,temperature_eps1.0,p_gated_sample,1.0,8,2,8.0,4,4,0.0,20.340200319092816,0.10170100159546408,0.8908296005997581,0.128,10.0,250
manufacturing,temperature_eps1.0,p_gated_sample,1.0,8,2,16.0,4,4,0.0,16.27953885527425,0.08139769427637125,0.8908296005997581,0.128,10.0,250
manufacturing,temperature_eps1.0,p_gated_sample,1.0,8,3,,4,4,0.0,16.27953885527425,0.08139769427637125,0.8908296005997581,0.128,10.0,250
manufacturing,temperature_eps1.0,p_gated_sample,1.0,8,3,4.0,4,4,0.0,40.64350763818563,0.20321753819092817,0.8960828117444055,0.128,10.0,250
manufacturing,temperature_eps1.0,p_gated_sample,1.0,8,3,8.0,4,4,0.0,20.340200319092816,0.10170100159546408,0.8908296005997581,0.128,10.0,250
manufacturing,temperature_eps1.0,p_gated_sample,1.0,8,3,16.0,4,4,0.0,16.27953885527425,0.08139769427637125,0.8908296005997581,0.128,10.0,250
manufacturing,temperature_eps1.0,p_gated_sample,1.0,8,4,,4,4,0.0,16.27953885527425,0.08139769427637125,0.8908296005997581,0.128,10.0,250
manufacturing,temperature_eps1.0,p_gated_sample,1.0,8,4,4.0,4,4,0.0,40.64350763818563,0.20321753819092817,0.8960828117444055,0.128,10.0,250
manufacturing,temperature_eps1.0,p_gated_sample,1.0,8,4,8.0,4,4,0.0,20.340200319092816,0.10170100159546408,0.8908296005997581,0.128,10.0,250
manufacturing,temperature_eps1.0,p_gated_sample,1.0,8,4,16.0,4,4,0.0,16.27953885527425,0.08139769427637125,0.8908296005997581,0.128,10.0,250
manufacturing,temperature_eps1.0,p_gated_sample,1.0,8,6,,4,4,0.0,16.27953885527425,0.08139769427637125,0.8908296005997581,0.128,10.0,250
manufacturing,temperature_eps1.0,p_gated_sample,1.0,8,6,8.0,4,4,0.0,20.340200319092816,0.10170100159546408,0.8908296005997581,0.128,10.0,250
manufacturing,temperature_eps1.0,p_gated_sample,1.0,8,6,16.0,4,4,0.0,16.27953885527425,0.08139769427637125,0.8908296005997581,0.128,10.0,250
manufacturing,temperature_eps1.0,p_gated_ba,1.0,8,1,,1,0,0.0,200.53488184271123,1.0026744092135562,0.4952024374568985,0.52,10.0,1000
manufacturing,temperature_eps1.0,p_gated_ba,1.0,8,1,4.0,1,0,0.0,528.7420910223921,2.64371045511196,0.5270486427945936,0.553,10.0,1000
manufacturing,temperature_eps1.0,p_gated_ba,1.0,8,1,8.0,1,0,0.0,254.31994406518555,1.2715997203259277,0.5034481505264742,0.526,10.0,1000
manufacturing,temperature_eps1.0,p_gated_ba,1.0,8,1,16.0,1,0,0.0,200.53488184271123,1.0026744092135562,0.4952024374568985,0.52,10.0,1000
manufacturing,temperature_eps1.0,p_gated_ba,1.0,8,2,,1,0,0.0,200.53488184271123,1.0026744092135562,0.4952024374568985,0.52,10.0,1000
manufacturing,temperature_eps1.0,p_gated_ba,1.0,8,2,4.0,1,0,0.0,528.7420910223921,2.64371045511196,0.5270486427945936,0.553,10.0,1000
manufacturing,temperature_eps1.0,p_gated_ba,1.0,8,2,8.0,1,0,0.0,254.31994406518555,1.2715997203259277,0.5034481505264742,0.526,10.0,1000
manufacturing,temperature_eps1.0,p_gated_ba,1.0,8,2,16.0,1,0,0.0,200.53488184271123,1.0026744092135562,0.4952024374568985,0.52,10.0,1000
manufacturing,temperature_eps1.0,p_gated_ba,1.0,8,3,,1,0,0.0,200.53488184271123,1.0026744092135562,0.4952024374568985,0.52,10.0,1000
manufacturing,temperature_eps1.0,p_gated_ba,1.0,8,3,4.0,1,0,0.0,528.7420910223921,2.64371045511196,0.5270486427945936,0.553,10.0,1000
manufacturing,temperature_eps1.0,p_gated_ba,1.0,8,3,8.0,1,0,0.0,254.31994406518555,1.2715997203259277,0.5034481505264742,0.526,10.0,1000
manufacturing,temperature_eps1.0,p_gated_ba,1.0,8,3,16.0,1,0,0.0,200.53488184271123,1.0026744092135562,0.4952024374568985,0.52,10.0,1000
manufacturing,temperature_eps1.0,p_gated_ba,1.0,8,4,,1,0,0.0,200.53488184271123,1.0026744092135562,0.4952024374568985,0.52,10.0,1000
manufacturing,temperature_eps1.0,p_gated_ba,1.0,8,4,4.0,1,0,0.0,528.7420910223921,2.64371045511196,0.5270486427945936,0.553,10.0,1000
manufacturing,temperature_eps1.0,p_gated_ba,1.0,8,4,8.0,1,0,0.0,254.31994406518555,1.2715997203259277,0.5034481505264742,0.526,10.0,1000
manufacturing,temperature_eps1.0,p_gated_ba,1.0,8,4,16.0,1,0,0.0,200.53488184271123,1.0026744092135562,0.4952024374568985,0.52,10.0,1000
manufacturing,temperature_eps1.0,p_gated_ba,1.0,8,6,,1,0,0.0,200.53488184271123,1.0026744092135562,0.4952024374568985,0.52,10.0,1000
manufacturing,temperature_eps1.0,p_gated_ba,1.0,8,6,8.0,1,0,0.0,254.31994406518555,1.2715997203259277,0.5034481505264742,0.526,10.0,1000
manufacturing,temperature_eps1.0,p_gated_ba,1.0,8,6,16.0,1,0,0.0,200.53488184271123,1.0026744092135562,0.4952024374568985,0.52,10.0,1000
manufacturing,temperature_eps1.0,p_gated_ba,1.0,8,1,,1,2,0.0,200.53488184271123,1.0026744092135562,0.4952024374568985,0.52,10.0,1000
manufacturing,temperature_eps1.0,p_gated_ba,1.0,8,1,4.0,1,2,0.0,528.7420910223921,2.64371045511196,0.5270486427945936,0.553,10.0,1000
manufacturing,temperature_eps1.0,p_gated_ba,1.0,8,1,8.0,1,2,0.0,254.31994406518555,1.2715997203259277,0.5034481505264742,0.526,10.0,1000
manufacturing,temperature_eps1.0,p_gated_ba,1.0,8,1,16.0,1,2,0.0,200.53488184271123,1.0026744092135562,0.4952024374568985,0.52,10.0,1000
manufacturing,temperature_eps1.0,p_gated_ba,1.0,8,2,,1,2,0.0,200.53488184271123,1.0026744092135562,0.4952024374568985,0.52,10.0,1000
manufacturing,temperature_eps1.0,p_gated_ba,1.0,8,2,4.0,1,2,0.0,528.7420910223921,2.64371045511196,0.5270486427945936,0.553,10.0,1000
manufacturing,temperature_eps1.0,p_gated_ba,1.0,8,2,8.0,1,2,0.0,254.31994406518555,1.2715997203259277,0.5034481505264742,0.526,10.0,1000
manufacturing,temperature_eps1.0,p_gated_ba,1.0,8,2,16.0,1,2,0.0,200.53488184271123,1.0026744092135562,0.4952024374568985,0.52,10.0,1000
manufacturing,temperature_eps1.0,p_gated_ba,1.0,8,3,,1,2,0.0,200.53488184271123,1.0026744092135562,0.4952024374568985,0.52,10.0,1000
manufacturing,temperature_eps1.0,p_gated_ba,1.0,8,3,4.0,1,2,0.0,528.7420910223921,2.64371045511196,0.5270486427945936,0.553,10.0,1000
manufacturing,temperature_eps1.0,p_gated_ba,1.0,8,3,8.0,1,2,0.0,254.31994406518555,1.2715997203259277,0.5034481505264742,0.526,10.0,1000
manufacturing,temperature_eps1.0,p_gated_ba,1.0,8,3,16.0,1,2,0.0,200.53488184271123,1.0026744092135562,0.4952024374568985,0.52,10.0,1000
manufacturing,temperature_eps1.0,p_gated_ba,1.0,8,4,,1,2,0.0,200.53488184271123,1.0026744092135562,0.4952024374568985,0.52,10.0,1000
manufacturing,temperature_eps1.0,p_gated_ba,1.0,8,4,4.0,1,2,0.0,528.7420910223921,2.64371045511196,0.5270486427945936,0.553,10.0,1000
manufacturing,temperature_eps1.0,p_gated_ba,1.0,8,4,8.0,1,2,0.0,254.31994406518555,1.2715997203259277,0.5034481505264742,0.526,10.0,1000
manufacturing,temperature_eps1.0,p_gated_ba,1.0,8,4,16.0,1,2,0.0,200.53488184271123,1.0026744092135562,0.4952024374568985,0.52,10.0,1000
manufacturing,temperature_eps1.0,p_gated_ba,1.0,8,6,,1,2,0.0,200.53488184271123,1.0026744092135562,0.4952024374568985,0.52,10.0,1000
manufacturing,temperature_eps1.0,p_gated_ba,1.0,8,6,8.0,1,2,0.0,254.31994406518555,1.2715997203259277,0.5034481505264742,0.526,10.0,1000
manufacturing,temperature_eps1.0,p_gated_ba,1.0,8,6,16.0,1,2,0.0,200.53488184271123,1.0026744092135562,0.4952024374568985,0.52,10.0,1000
manufacturing,temperature_eps1.0,p_gated_ba,1.0,8,1,,1,4,0.0,200.53488184271123,1.0026744092135562,0.4952024374568985,0.52,10.0,1000
manufacturing,temperature_eps1.0,p_gated_ba,1.0,8,1,4.0,1,4,0.0,528.7420910223921,2.64371045511196,0.5270486427945936,0.553,10.0,1000
manufacturing,temperature_eps1.0,p_gated_ba,1.0,8,1,8.0,1,4,0.0,254.31994406518555,1.2715997203259277,0.5034481505264742,0.526,10.0,1000
manufacturing,temperature_eps1.0,p_gated_ba,1.0,8,1,16.0,1,4,0.0,200.53488184271123,1.0026744092135562,0.4952024374568985,0.52,10.0,1000
manufacturing,temperature_eps1.0,p_gated_ba,1.0,8,2,,1,4,0.0,200.53488184271123,1.0026744092135562,0.4952024374568985,0.52,10.0,1000
manufacturing,temperature_eps1.0,p_gated_ba,1.0,8,2,4.0,1,4,0.0,528.7420910223921,2.64371045511196,0.5270486427945936,0.553,10.0,1000
manufacturing,temperature_eps1.0,p_gated_ba,1.0,8,2,8.0,1,4,0.0,254.31994406518555,1.2715997203259277,0.5034481505264742,0.526,10.0,1000
manufacturing,temperature_eps1.0,p_gated_ba,1.0,8,2,16.0,1,4,0.0,200.53488184271123,1.0026744092135562,0.4952024374568985,0.52,10.0,1000
manufacturing,temperature_eps1.0,p_gated_ba,1.0,8,3,,1,4,0.0,200.53488184271123,1.0026744092135562,0.4952024374568985,0.52,10.0,1000
manufacturing,temperature_eps1.0,p_gated_ba,1.0,8,3,4.0,1,4,0.0,528.7420910223921,2.64371045511196,0.5270486427945936,0.553,10.0,1000
manufacturing,temperature_eps1.0,p_gated_ba,1.0,8,3,8.0,1,4,0.0,254.31994406518555,1.2715997203259277,0.5034481505264742,0.526,10.0,1000
manufacturing,temperature_eps1.0,p_gated_ba,1.0,8,3,16.0,1,4,0.0,200.53488184271123,1.0026744092135562,0.4952024374568985,0.52,10.0,1000
manufacturing,temperature_eps1.0,p_gated_ba,1.0,8,4,,1,4,0.0,200.53488184271123,1.0026744092135562,0.4952024374568985,0.52,10.0,1000
manufacturing,temperature_eps1.0,p_gated_ba,1.0,8,4,4.0,1,4,0.0,528.7420910223921,2.64371045511196,0.5270486427945936,0.553,10.0,1000
manufacturing,temperature_eps1.0,p_gated_ba,1.0,8,4,8.0,1,4,0.0,254.31994406518555,1.2715997203259277,0.5034481505264742,0.526,10.0,1000
manufacturing,temperature_eps1.0,p_gated_ba,1.0,8,4,16.0,1,4,0.0,200.53488184271123,1.0026744092135562,0.4952024374568985,0.52,10.0,1000
manufacturing,temperature_eps1.0,p_gated_ba,1.0,8,6,,1,4,0.0,200.53488184271123,1.0026744092135562,0.4952024374568985,0.52,10.0,1000
manufacturing,temperature_eps1.0,p_gated_ba,1.0,8,6,8.0,1,4,0.0,254.31994406518555,1.2715997203259277,0.5034481505264742,0.526,10.0,1000
manufacturing,temperature_eps1.0,p_gated_ba,1.0,8,6,16.0,1,4,0.0,200.53488184271123,1.0026744092135562,0.4952024374568985,0.52,10.0,1000
manufacturing,temperature_eps1.0,p_gated_ba,1.0,8,1,,2,0,0.0,190.18554394783328,0.9509277197391665,0.8052779351848887,0.502,10.0,500
manufacturing,temperature_eps1.0,p_gated_ba,1.0,8,1,4.0,2,0,0.0,491.03014423377454,2.455150721168873,0.8375966513538224,0.518,10.0,500
manufacturing,temperature_eps1.0,p_gated_ba,1.0,8,1,8.0,2,0,0.0,237.27484566442354,1.1863742283221177,0.8098950856633899,0.5,10.0,500
manufacturing,temperature_eps1.0,p_gated_ba,1.0,8,1,16.0,2,0,0.0,190.18554394783328,0.9509277197391665,0.8052779351848887,0.502,10.0,500
manufacturing,temperature_eps1.0,p_gated_ba,1.0,8,2,,2,0,0.0,190.18554394783328,0.9509277197391665,0.8052779351848887,0.502,10.0,500
manufacturing,temperature_eps1.0,p_gated_ba,1.0,8,2,4.0,2,0,0.0,491.03014423377454,2.455150721168873,0.8375966513538224,0.518,10.0,500
manufacturing,temperature_eps1.0,p_gated_ba,1.0,8,2,8.0,2,0,0.0,237.27484566442354,1.1863742283221177,0.8098950856633899,0.5,10.0,500
manufacturing,temperature_eps1.0,p_gated_ba,1.0,8,2,16.0,2,0,0.0,190.18554394783328,0.9509277197391665,0.8052779351848887,0.502,10.0,500
manufacturing,temperature_eps1.0,p_gated_ba,1.0,8,3,,2,0,0.0,190.18554394783328,0.9509277197391665,0.8052779351848887,0.502,10.0,500
manufacturing,temperature_eps1.0,p_gated_ba,1.0,8,3,4.0,2,0,0.0,491.03014423377454,2.455150721168873,0.8375966513538224,0.518,10.0,500
manufacturing,temperature_eps1.0,p_gated_ba,1.0,8,3,8.0,2,0,0.0,237.27484566442354,1.1863742283221177,0.8098950856633899,0.5,10.0,500
manufacturing,temperature_eps1.0,p_gated_ba,1.0,8,3,16.0,2,0,0.0,190.18554394783328,0.9509277197391665,0.8052779351848887,0.502,10.0,500
manufacturing,temperature_eps1.0,p_gated_ba,1.0,8,4,,2,0,0.0,190.18554394783328,0.9509277197391665,0.8052779351848887,0.502,10.0,500
manufacturing,temperature_eps1.0,p_gated_ba,1.0,8,4,4.0,2,0,0.0,491.03014423377454,2.455150721168873,0.8375966513538224,0.518,10.0,500
manufacturing,temperature_eps1.0,p_gated_ba,1.0,8,4,8.0,2,0,0.0,237.27484566442354,1.1863742283221177,0.8098950856633899,0.5,10.0,500
manufacturing,temperature_eps1.0,p_gated_ba,1.0,8,4,16.0,2,0,0.0,190.18554394783328,0.9509277197391665,0.8052779351848887,0.502,10.0,500
manufacturing,temperature_eps1.0,p_gated_ba,1.0,8,6,,2,0,0.0,190.18554394783328,0.9509277197391665,0.8052779351848887,0.502,10.0,500
manufacturing,temperature_eps1.0,p_gated_ba,1.0,8,6,8.0,2,0,0.0,237.27484566442354,1.1863742283221177,0.8098950856633899,0.5,10.0,500
manufacturing,temperature_eps1.0,p_gated_ba,1.0,8,6,16.0,2,0,0.0,190.18554394783328,0.9509277197391665,0.8052779351848887,0.502,10.0,500
manufacturing,temperature_eps1.0,p_gated_ba,1.0,8,1,,2,2,0.0,190.18554394783328,0.9509277197391665,0.8052779351848887,0.502,10.0,500
manufacturing,temperature_eps1.0,p_gated_ba,1.0,8,1,4.0,2,2,0.0,491.03014423377454,2.455150721168873,0.8375966513538224,0.518,10.0,500
manufacturing,temperature_eps1.0,p_gated_ba,1.0,8,1,8.0,2,2,0.0,237.27484566442354,1.1863742283221177,0.8098950856633899,0.5,10.0,500
manufacturing,temperature_eps1.0,p_gated_ba,1.0,8,1,16.0,2,2,0.0,190.18554394783328,0.9509277197391665,0.8052779351848887,0.502,10.0,500
manufacturing,temperature_eps1.0,p_gated_ba,1.0,8,2,,2,2,0.0,190.18554394783328,0.9509277197391665,0.8052779351848887,0.502,10.0,500
manufacturing,temperature_eps1.0,p_gated_ba,1.0,8,2,4.0,2,2,0.0,491.03014423377454,2.455150721168873,0.8375966513538224,0.518,10.0,500
manufacturing,temperature_eps1.0,p_gated_ba,1.0,8,2,8.0,2,2,0.0,237.27484566442354,1.1863742283221177,0.8098950856633899,0.5,10.0,500
manufacturing,temperature_eps1.0,p_gated_ba,1.0,8,2,16.0,2,2,0.0,190.18554394783328,0.9509277197391665,0.8052779351848887,0.502,10.0,500
manufacturing,temperature_eps1.0,p_gated_ba,1.0,8,3,,2,2,0.0,190.18554394783328,0.9509277197391665,0.8052779351848887,0.502,10.0,500
manufacturing,temperature_eps1.0,p_gated_ba,1.0,8,3,4.0,2,2,0.0,491.03014423377454,2.455150721168873,0.8375966513538224,0.518,10.0,500
manufacturing,temperature_eps1.0,p_gated_ba,1.0,8,3,8.0,2,2,0.0,237.27484566442354,1.1863742283221177,0.8098950856633899,0.5,10.0,500
manufacturing,temperature_eps1.0,p_gated_ba,1.0,8,3,16.0,2,2,0.0,190.18554394783328,0.9509277197391665,0.8052779351848887,0.502,10.0,500
manufacturing,temperature_eps1.0,p_gated_ba,1.0,8,4,,2,2,0.0,190.18554394783328,0.9509277197391665,0.8052779351848887,0.502,10.0,500
manufacturing,temperature_eps1.0,p_gated_ba,1.0,8,4,4.0,2,2,0.0,491.03014423377454,2.455150721168873,0.8375966513538224,0.518,10.0,500
manufacturing,temperature_eps1.0,p_gated_ba,1.0,8,4,8.0,2,2,0.0,237.27484566442354,1.1863742283221177,0.8098950856633899,0.5,10.0,500
manufacturing,temperature_eps1.0,p_gated_ba,1.0,8,4,16.0,2,2,0.0,190.18554394783328,0.9509277197391665,0.8052779351848887,0.502,10.0,500
manufacturing,temperature_eps1.0,p_gated_ba,1.0,8,6,,2,2,0.0,190.18554394783328,0.9509277197391665,0.8052779351848887,0.502,10.0,500
manufacturing,temperature_eps1.0,p_gated_ba,1.0,8,6,8.0,2,2,0.0,237.27484566442354,1.1863742283221177,0.8098950856633899,0.5,10.0,500
manufacturing,temperature_eps1.0,p_gated_ba,1.0,8,6,16.0,2,2,0.0,190.18554394783328,0.9509277197391665,0.8052779351848887,0.502,10.0,500
manufacturing,temperature_eps1.0,p_gated_ba,1.0,8,1,,2,4,0.0,190.18554394783328,0.9509277197391665,0.8052779351848887,0.502,10.0,500
manufacturing,temperature_eps1.0,p_gated_ba,1.0,8,1,4.0,2,4,0.0,491.03014423377454,2.455150721168873,0.8375966513538224,0.518,10.0,500
manufacturing,temperature_eps1.0,p_gated_ba,1.0,8,1,8.0,2,4,0.0,237.27484566442354,1.1863742283221177,0.8098950856633899,0.5,10.0,500
manufacturing,temperature_eps1.0,p_gated_ba,1.0,8,1,16.0,2,4,0.0,190.18554394783328,0.9509277197391665,0.8052779351848887,0.502,10.0,500
manufacturing,temperature_eps1.0,p_gated_ba,1.0,8,2,,2,4,0.0,190.18554394783328,0.9509277197391665,0.8052779351848887,0.502,10.0,500
manufacturing,temperature_eps1.0,p_gated_ba,1.0,8,2,4.0,2,4,0.0,491.03014423377454,2.455150721168873,0.8375966513538224,0.518,10.0,500
manufacturing,temperature_eps1.0,p_gated_ba,1.0,8,2,8.0,2,4,0.0,237.27484566442354,1.1863742283221177,0.8098950856633899,0.5,10.0,500
manufacturing,temperature_eps1.0,p_gated_ba,1.0,8,2,16.0,2,4,0.0,190.18554394783328,0.9509277197391665,0.8052779351848887,0.502,10.0,500
manufacturing,temperature_eps1.0,p_gated_ba,1.0,8,3,,2,4,0.0,190.18554394783328,0.9509277197391665,0.8052779351848887,0.502,10.0,500
manufacturing,temperature_eps1.0,p_gated_ba,1.0,8,3,4.0,2,4,0.0,491.03014423377454,2.455150721168873,0.8375966513538224,0.518,10.0,500
manufacturing,temperature_eps1.0,p_gated_ba,1.0,8,3,8.0,2,4,0.0,237.27484566442354,1.1863742283221177,0.8098950856633899,0.5,10.0,500
manufacturing,temperature_eps1.0,p_gated_ba,1.0,8,3,16.0,2,4,0.0,190.18554394783328,0.9509277197391665,0.8052779351848887,0.502,10.0,500
manufacturing,temperature_eps1.0,p_gated_ba,1.0,8,4,,2,4,0.0,190.18554394783328,0.9509277197391665,0.8052779351848887,0.502,10.0,500
manufacturing,temperature_eps1.0,p_gated_ba,1.0,8,4,4.0,2,4,0.0,491.03014423377454,2.455150721168873,0.8375966513538224,0.518,10.0,500
manufacturing,temperature_eps1.0,p_gated_ba,1.0,8,4,8.0,2,4,0.0,237.27484566442354,1.1863742283221177,0.8098950856633899,0.5,10.0,500
manufacturing,temperature_eps1.0,p_gated_ba,1.0,8,4,16.0,2,4,0.0,190.18554394783328,0.9509277197391665,0.8052779351848887,0.502,10.0,500
manufacturing,temperature_eps1.0,p_gated_ba,1.0,8,6,,2,4,0.0,190.18554394783328,0.9509277197391665,0.8052779351848887,0.502,10.0,500
manufacturing,temperature_eps1.0,p_gated_ba,1.0,8,6,8.0,2,4,0.0,237.27484566442354,1.1863742283221177,0.8098950856633899,0.5,10.0,500
manufacturing,temperature_eps1.0,p_gated_ba,1.0,8,6,16.0,2,4,0.0,190.18554394783328,0.9509277197391665,0.8052779351848887,0.502,10.0,500
manufacturing,temperature_eps1.0,p_gated_ba,1.0,8,1,,4,0,0.0,211.63719959792147,1.0581859979896073,0.31336286516156076,0.508,10.0,250
manufacturing,temperature_eps1.0,p_gated_ba,1.0,8,1,4.0,4,0,0.0,529.1078594948037,2.6455392974740186,0.31336286516156076,0.508,10.0,250
manufacturing,temperature_eps1.0,p_gated_ba,1.0,8,1,8.0,4,0,0.0,264.54897624740187,1.3227448812370093,0.31336286516156076,0.508,10.0,250
manufacturing,temperature_eps1.0,p_gated_ba,1.0,8,1,16.0,4,0,0.0,211.63719959792147,1.0581859979896073,0.31336286516156076,0.508,10.0,250
manufacturing,temperature_eps1.0,p_gated_ba,1.0,8,2,,4,0,0.0,211.63719959792147,1.0581859979896073,0.31336286516156076,0.508,10.0,250
manufacturing,temperature_eps1.0,p_gated_ba,1.0,8,2,4.0,4,0,0.0,529.1078594948037,2.6455392974740186,0.31336286516156076,0.508,10.0,250
manufacturing,temperature_eps1.0,p_gated_ba,1.0,8,2,8.0,4,0,0.0,264.54897624740187,1.3227448812370093,0.31336286516156076,0.508,10.0,250
manufacturing,temperature_eps1.0,p_gated_ba,1.0,8,2,16.0,4,0,0.0,211.63719959792147,1.0581859979896073,0.31336286516156076,0.508,10.0,250
manufacturing,temperature_eps1.0,p_gated_ba,1.0,8,3,,4,0,0.0,211.63719959792147,1.0581859979896073,0.31336286516156076,0.508,10.0,250
manufacturing,temperature_eps1.0,p_gated_ba,1.0,8,3,4.0,4,0,0.0,529.1078594948037,2.6455392974740186,0.31336286516156076,0.508,10.0,250
manufacturing,temperature_eps1.0,p_gated_ba,1.0,8,3,8.0,4,0,0.0,264.54897624740187,1.3227448812370093,0.31336286516156076,0.508,10.0,250
manufacturing,temperature_eps1.0,p_gated_ba,1.0,8,3,16.0,4,0,0.0,211.63719959792147,1.0581859979896073,0.31336286516156076,0.508,10.0,250
manufacturing,temperature_eps1.0,p_gated_ba,1.0,8,4,,4,0,0.0,211.63719959792147,1.0581859979896073,0.31336286516156076,0.508,10.0,250
manufacturing,temperature_eps1.0,p_gated_ba,1.0,8,4,4.0,4,0,0.0,529.1078594948037,2.6455392974740186,0.31336286516156076,0.508,10.0,250
manufacturing,temperature_eps1.0,p_gated_ba,1.0,8,4,8.0,4,0,0.0,264.54897624740187,1.3227448812370093,0.31336286516156076,0.508,10.0,250
manufacturing,temperature_eps1.0,p_gated_ba,1.0,8,4,16.0,4,0,0.0,211.63719959792147,1.0581859979896073,0.31336286516156076,0.508,10.0,250
manufacturing,temperature_eps1.0,p_gated_ba,1.0,8,6,,4,0,0.0,211.63719959792147,1.0581859979896073,0.31336286516156076,0.508,10.0,250
manufacturing,temperature_eps1.0,p_gated_ba,1.0,8,6,8.0,4,0,0.0,264.54897624740187,1.3227448812370093,0.31336286516156076,0.508,10.0,250
manufacturing,temperature_eps1.0,p_gated_ba,1.0,8,6,16.0,4,0,0.0,211.63719959792147,1.0581859979896073,0.31336286516156076,0.508,10.0,250
manufacturing,temperature_eps1.0,p_gated_ba,1.0,8,1,,4,2,0.0,211.63719959792147,1.0581859979896073,0.31336286516156076,0.508,10.0,250
manufacturing,temperature_eps1.0,p_gated_ba,1.0,8,1,4.0,4,2,0.0,529.1078594948037,2.6455392974740186,0.31336286516156076,0.508,10.0,250
manufacturing,temperature_eps1.0,p_gated_ba,1.0,8,1,8.0,4,2,0.0,264.54897624740187,1.3227448812370093,0.31336286516156076,0.508,10.0,250
manufacturing,temperature_eps1.0,p_gated_ba,1.0,8,1,16.0,4,2,0.0,211.63719959792147,1.0581859979896073,0.31336286516156076,0.508,10.0,250
manufacturing,temperature_eps1.0,p_gated_ba,1.0,8,2,,4,2,0.0,211.63719959792147,1.0581859979896073,0.31336286516156076,0.508,10.0,250
manufacturing,temperature_eps1.0,p_gated_ba,1.0,8,2,4.0,4,2,0.0,529.1078594948037,2.6455392974740186,0.31336286516156076,0.508,10.0,250
manufacturing,temperature_eps1.0,p_gated_ba,1.0,8,2,8.0,4,2,0.0,264.54897624740187,1.3227448812370093,0.31336286516156076,0.508,10.0,250
manufacturing,temperature_eps1.0,p_gated_ba,1.0,8,2,16.0,4,2,0.0,211.63719959792147,1.0581859979896073,0.31336286516156076,0.508,10.0,250
manufacturing,temperature_eps1.0,p_gated_ba,1.0,8,3,,4,2,0.0,211.63719959792147,1.0581859979896073,0.31336286516156076,0.508,10.0,250
manufacturing,temperature_eps1.0,p_gated_ba,1.0,8,3,4.0,4,2,0.0,529.1078594948037,2.6455392974740186,0.31336286516156076,0.508,10.0,250
manufacturing,temperature_eps1.0,p_gated_ba,1.0,8,3,8.0,4,2,0.0,264.54897624740187,1.3227448812370093,0.31336286516156076,0.508,10.0,250
manufacturing,temperature_eps1.0,p_gated_ba,1.0,8,3,16.0,4,2,0.0,211.63719959792147,1.0581859979896073,0.31336286516156076,0.508,10.0,250
manufacturing,temperature_eps1.0,p_gated_ba,1.0,8,4,,4,2,0.0,211.63719959792147,1.0581859979896073,0.31336286516156076,0.508,10.0,250
manufacturing,temperature_eps1.0,p_gated_ba,1.0,8,4,4.0,4,2,0.0,529.1078594948037,2.6455392974740186,0.31336286516156076,0.508,10.0,250
manufacturing,temperature_eps1.0,p_gated_ba,1.0,8,4,8.0,4,2,0.0,264.54897624740187,1.3227448812370093,0.31336286516156076,0.508,10.0,250
manufacturing,temperature_eps1.0,p_gated_ba,1.0,8,4,16.0,4,2,0.0,211.63719959792147,1.0581859979896073,0.31336286516156076,0.508,10.0,250
manufacturing,temperature_eps1.0,p_gated_ba,1.0,8,6,,4,2,0.0,211.63719959792147,1.0581859979896073,0.31336286516156076,0.508,10.0,250
manufacturing,temperature_eps1.0,p_gated_ba,1.0,8,6,8.0,4,2,0.0,264.54897624740187,1.3227448812370093,0.31336286516156076,0.508,10.0,250
manufacturing,temperature_eps1.0,p_gated_ba,1.0,8,6,16.0,4,2,0.0,211.63719959792147,1.0581859979896073,0.31336286516156076,0.508,10.0,250
manufacturing,temperature_eps1.0,p_gated_ba,1.0,8,1,,4,4,0.0,211.63719959792147,1.0581859979896073,0.31336286516156076,0.508,10.0,250
manufacturing,temperature_eps1.0,p_gated_ba,1.0,8,1,4.0,4,4,0.0,529.1078594948037,2.6455392974740186,0.31336286516156076,0.508,10.0,250
manufacturing,temperature_eps1.0,p_gated_ba,1.0,8,1,8.0,4,4,0.0,264.54897624740187,1.3227448812370093,0.31336286516156076,0.508,10.0,250
manufacturing,temperature_eps1.0,p_gated_ba,1.0,8,1,16.0,4,4,0.0,211.63719959792147,1.0581859979896073,0.31336286516156076,0.508,10.0,250
manufacturing,temperature_eps1.0,p_gated_ba,1.0,8,2,,4,4,0.0,211.63719959792147,1.0581859979896073,0.31336286516156076,0.508,10.0,250
manufacturing,temperature_eps1.0,p_gated_ba,1.0,8,2,4.0,4,4,0.0,529.1078594948037,2.6455392974740186,0.31336286516156076,0.508,10.0,250
manufacturing,temperature_eps1.0,p_gated_ba,1.0,8,2,8.0,4,4,0.0,264.54897624740187,1.3227448812370093,0.31336286516156076,0.508,10.0,250
manufacturing,temperature_eps1.0,p_gated_ba,1.0,8,2,16.0,4,4,0.0,211.63719959792147,1.0581859979896073,0.31336286516156076,0.508,10.0,250
manufacturing,temperature_eps1.0,p_gated_ba,1.0,8,3,,4,4,0.0,211.63719959792147,1.0581859979896073,0.31336286516156076,0.508,10.0,250
manufacturing,temperature_eps1.0,p_gated_ba,1.0,8,3,4.0,4,4,0.0,529.1078594948037,2.6455392974740186,0.31336286516156076,0.508,10.0,250
manufacturing,temperature_eps1.0,p_gated_ba,1.0,8,3,8.0,4,4,0.0,264.54897624740187,1.3227448812370093,0.31336286516156076,0.508,10.0,250
manufacturing,temperature_eps1.0,p_gated_ba,1.0,8,3,16.0,4,4,0.0,211.63719959792147,1.0581859979896073,0.31336286516156076,0.508,10.0,250
manufacturing,temperature_eps1.0,p_gated_ba,1.0,8,4,,4,4,0.0,211.63719959792147,1.0581859979896073,0.31336286516156076,0.508,10.0,250
manufacturing,temperature_eps1.0,p_gated_ba,1.0,8,4,4.0,4,4,0.0,529.1078594948037,2.6455392974740186,0.31336286516156076,0.508,10.0,250
manufacturing,temperature_eps1.0,p_gated_ba,1.0,8,4,8.0,4,4,0.0,264.54897624740187,1.3227448812370093,0.31336286516156076,0.508,10.0,250
manufacturing,temperature_eps1.0,p_gated_ba,1.0,8,4,16.0,4,4,0.0,211.63719959792147,1.0581859979896073,0.31336286516156076,0.508,10.0,250
manufacturing,temperature_eps1.0,p_gated_ba,1.0,8,6,,4,4,0.0,211.63719959792147,1.0581859979896073,0.31336286516156076,0.508,10.0,250
manufacturing,temperature_eps1.0,p_gated_ba,1.0,8,6,8.0,4,4,0.0,264.54897624740187,1.3227448812370093,0.31336286516156076,0.508,10.0,250
manufacturing,temperature_eps1.0,p_gated_ba,1.0,8,6,16.0,4,4,0.0,211.63719959792147,1.0581859979896073,0.31336286516156076,0.508,10.0,250
manufacturing,temperature_eps1.0,n_weighted,1.0,8,1,,1,0,0.0,150.1485166618257,0.7507425833091286,0.807483118943403,1.0,10.0,1000
manufacturing,temperature_eps1.0,n_weighted,1.0,8,1,4.0,1,0,0.0,375.3712916545643,1.8768564582728215,0.8052114482920871,1.0,10.0,1000
manufacturing,temperature_eps1.0,n_weighted,1.0,8,1,8.0,1,0,0.0,187.68564582728217,0.9384282291364109,0.807483118943403,1.0,10.0,1000
manufacturing,temperature_eps1.0,n_weighted,1.0,8,1,16.0,1,0,0.0,150.1485166618257,0.7507425833091286,0.807483118943403,1.0,10.0,1000
manufacturing,temperature_eps1.0,n_weighted,1.0,8,2,,1,0,0.0,150.1485166618257,0.7507425833091286,0.807483118943403,1.0,10.0,1000
manufacturing,temperature_eps1.0,n_weighted,1.0,8,2,4.0,1,0,0.0,375.3712916545643,1.8768564582728215,0.8052114482920871,1.0,10.0,1000
manufacturing,temperature_eps1.0,n_weighted,1.0,8,2,8.0,1,0,0.0,187.68564582728217,0.9384282291364109,0.807483118943403,1.0,10.0,1000
manufacturing,temperature_eps1.0,n_weighted,1.0,8,2,16.0,1,0,0.0,150.1485166618257,0.7507425833091286,0.807483118943403,1.0,10.0,1000
manufacturing,temperature_eps1.0,n_weighted,1.0,8,3,,1,0,0.0,150.1485166618257,0.7507425833091286,0.807483118943403,1.0,10.0,1000
manufacturing,temperature_eps1.0,n_weighted,1.0,8,3,4.0,1,0,0.0,375.3712916545643,1.8768564582728215,0.8052114482920871,1.0,10.0,1000
manufacturing,temperature_eps1.0,n_weighted,1.0,8,3,8.0,1,0,0.0,187.68564582728217,0.9384282291364109,0.807483118943403,1.0,10.0,1000
manufacturing,temperature_eps1.0,n_weighted,1.0,8,3,16.0,1,0,0.0,150.1485166618257,0.7507425833091286,0.807483118943403,1.0,10.0,1000
manufacturing,temperature_eps1.0,n_weighted,1.0,8,4,,1,0,0.0,150.1485166618257,0.7507425833091286,0.807483118943403,1.0,10.0,1000
manufacturing,temperature_eps1.0,n_weighted,1.0,8,4,4.0,1,0,0.0,375.3712916545643,1.8768564582728215,0.8052114482920871,1.0,10.0,1000
manufacturing,temperature_eps1.0,n_weighted,1.0,8,4,8.0,1,0,0.0,187.68564582728217,0.9384282291364109,0.807483118943403,1.0,10.0,1000
manufacturing,temperature_eps1.0,n_weighted,1.0,8,4,16.0,1,0,0.0,150.1485166618257,0.7507425833091286,0.807483118943403,1.0,10.0,1000
manufacturing,temperature_eps1.0,n_weighted,1.0,8,6,,1,0,0.0,150.1485166618257,0.7507425833091286,0.807483118943403,1.0,10.0,1000
manufacturing,temperature_eps1.0,n_weighted,1.0,8,6,8.0,1,0,0.0,187.68564582728217,0.9384282291364109,0.807483118943403,1.0,10.0,1000
manufacturing,temperature_eps1.0,n_weighted,1.0,8,6,16.0,1,0,0.0,150.1485166618257,0.7507425833091286,0.807483118943403,1.0,10.0,1000
manufacturing,temperature_eps1.0,n_weighted,1.0,8,1,,1,2,0.0,150.1485166618257,0.7507425833091286,0.807483118943403,1.0,10.0,1000
manufacturing,temperature_eps1.0,n_weighted,1.0,8,1,4.0,1,2,0.0,375.3712916545643,1.8768564582728215,0.8052114482920871,1.0,10.0,1000
manufacturing,temperature_eps1.0,n_weighted,1.0,8,1,8.0,1,2,0.0,187.68564582728217,0.9384282291364109,0.807483118943403,1.0,10.0,1000
manufacturing,temperature_eps1.0,n_weighted,1.0,8,1,16.0,1,2,0.0,150.1485166618257,0.7507425833091286,0.807483118943403,1.0,10.0,1000
manufacturing,temperature_eps1.0,n_weighted,1.0,8,2,,1,2,0.0,150.1485166618257,0.7507425833091286,0.807483118943403,1.0,10.0,1000
manufacturing,temperature_eps1.0,n_weighted,1.0,8,2,4.0,1,2,0.0,375.3712916545643,1.8768564582728215,0.8052114482920871,1.0,10.0,1000
manufacturing,temperature_eps1.0,n_weighted,1.0,8,2,8.0,1,2,0.0,187.68564582728217,0.9384282291364109,0.807483118943403,1.0,10.0,1000
manufacturing,temperature_eps1.0,n_weighted,1.0,8,2,16.0,1,2,0.0,150.1485166618257,0.7507425833091286,0.807483118943403,1.0,10.0,1000
manufacturing,temperature_eps1.0,n_weighted,1.0,8,3,,1,2,0.0,150.1485166618257,0.7507425833091286,0.807483118943403,1.0,10.0,1000
manufacturing,temperature_eps1.0,n_weighted,1.0,8,3,4.0,1,2,0.0,375.3712916545643,1.8768564582728215,0.8052114482920871,1.0,10.0,1000
manufacturing,temperature_eps1.0,n_weighted,1.0,8,3,8.0,1,2,0.0,187.68564582728217,0.9384282291364109,0.807483118943403,1.0,10.0,1000
manufacturing,temperature_eps1.0,n_weighted,1.0,8,3,16.0,1,2,0.0,150.1485166618257,0.7507425833091286,0.807483118943403,1.0,10.0,1000
manufacturing,temperature_eps1.0,n_weighted,1.0,8,4,,1,2,0.0,150.1485166618257,0.7507425833091286,0.807483118943403,1.0,10.0,1000
manufacturing,temperature_eps1.0,n_weighted,1.0,8,4,4.0,1,2,0.0,375.3712916545643,1.8768564582728215,0.8052114482920871,1.0,10.0,1000
manufacturing,temperature_eps1.0,n_weighted,1.0,8,4,8.0,1,2,0.0,187.68564582728217,0.9384282291364109,0.807483118943403,1.0,10.0,1000
manufacturing,temperature_eps1.0,n_weighted,1.0,8,4,16.0,1,2,0.0,150.1485166618257,0.7507425833091286,0.807483118943403,1.0,10.0,1000
manufacturing,temperature_eps1.0,n_weighted,1.0,8,6,,1,2,0.0,150.1485166618257,0.7507425833091286,0.807483118943403,1.0,10.0,1000
manufacturing,temperature_eps1.0,n_weighted,1.0,8,6,8.0,1,2,0.0,187.68564582728217,0.9384282291364109,0.807483118943403,1.0,10.0,1000
manufacturing,temperature_eps1.0,n_weighted,1.0,8,6,16.0,1,2,0.0,150.1485166618257,0.7507425833091286,0.807483118943403,1.0,10.0,1000
manufacturing,temperature_eps1.0,n_weighted,1.0,8,1,,1,4,0.0,150.1485166618257,0.7507425833091286,0.807483118943403,1.0,10.0,1000
manufacturing,temperature_eps1.0,n_weighted,1.0,8,1,4.0,1,4,0.0,375.3712916545643,1.8768564582728215,0.8052114482920871,1.0,10.0,1000
manufacturing,temperature_eps1.0,n_weighted,1.0,8,1,8.0,1,4,0.0,187.68564582728217,0.9384282291364109,0.807483118943403,1.0,10.0,1000
manufacturing,temperature_eps1.0,n_weighted,1.0,8,1,16.0,1,4,0.0,150.1485166618257,0.7507425833091286,0.807483118943403,1.0,10.0,1000
manufacturing,temperature_eps1.0,n_weighted,1.0,8,2,,1,4,0.0,150.1485166618257,0.7507425833091286,0.807483118943403,1.0,10.0,1000
manufacturing,temperature_eps1.0,n_weighted,1.0,8,2,4.0,1,4,0.0,375.3712916545643,1.8768564582728215,0.8052114482920871,1.0,10.0,1000
manufacturing,temperature_eps1.0,n_weighted,1.0,8,2,8.0,1,4,0.0,187.68564582728217,0.9384282291364109,0.807483118943403,1.0,10.0,1000
manufacturing,temperature_eps1.0,n_weighted,1.0,8,2,16.0,1,4,0.0,150.1485166618257,0.7507425833091286,0.807483118943403,1.0,10.0,1000
manufacturing,temperature_eps1.0,n_weighted,1.0,8,3,,1,4,0.0,150.1485166618257,0.7507425833091286,0.807483118943403,1.0,10.0,1000
manufacturing,temperature_eps1.0,n_weighted,1.0,8,3,4.0,1,4,0.0,375.3712916545643,1.8768564582728215,0.8052114482920871,1.0,10.0,1000
manufacturing,temperature_eps1.0,n_weighted,1.0,8,3,8.0,1,4,0.0,187.68564582728217,0.9384282291364109,0.807483118943403,1.0,10.0,1000
manufacturing,temperature_eps1.0,n_weighted,1.0,8,3,16.0,1,4,0.0,150.1485166618257,0.7507425833091286,0.807483118943403,1.0,10.0,1000
manufacturing,temperature_eps1.0,n_weighted,1.0,8,4,,1,4,0.0,150.1485166618257,0.7507425833091286,0.807483118943403,1.0,10.0,1000
manufacturing,temperature_eps1.0,n_weighted,1.0,8,4,4.0,1,4,0.0,375.3712916545643,1.8768564582728215,0.8052114482920871,1.0,10.0,1000
manufacturing,temperature_eps1.0,n_weighted,1.0,8,4,8.0,1,4,0.0,187.68564582728217,0.9384282291364109,0.807483118943403,1.0,10.0,1000
manufacturing,temperature_eps1.0,n_weighted,1.0,8,4,16.0,1,4,0.0,150.1485166618257,0.7507425833091286,0.807483118943403,1.0,10.0,1000
manufacturing,temperature_eps1.0,n_weighted,1.0,8,6,,1,4,0.0,150.1485166618257,0.7507425833091286,0.807483118943403,1.0,10.0,1000
manufacturing,temperature_eps1.0,n_weighted,1.0,8,6,8.0,1,4,0.0,187.68564582728217,0.9384282291364109,0.807483118943403,1.0,10.0,1000
manufacturing,temperature_eps1.0,n_weighted,1.0,8,6,16.0,1,4,0.0,150.1485166618257,0.7507425833091286,0.807483118943403,1.0,10.0,1000
manufacturing,temperature_eps1.0,n_weighted,1.0,8,1,,2,0,0.0,156.67131884925314,0.7833565942462657,0.9490903643373501,1.0,10.0,500
manufacturing,temperature_eps1.0,n_weighted,1.0,8,1,4.0,2,0,0.0,391.67829712313295,1.9583914856156648,0.9437968812067142,1.0,10.0,500
manufacturing,temperature_eps1.0,n_weighted,1.0,8,1,8.0,2,0,0.0,195.83914856156647,0.9791957428078324,0.9490903643373501,1.0,10.0,500
manufacturing,temperature_eps1.0,n_weighted,1.0,8,1,16.0,2,0,0.0,156.67131884925314,0.7833565942462657,0.9490903643373501,1.0,10.0,500
manufacturing,temperature_eps1.0,n_weighted,1.0,8,2,,2,0,0.0,156.67131884925314,0.7833565942462657,0.9490903643373501,1.0,10.0,500
manufacturing,temperature_eps1.0,n_weighted,1.0,8,2,4.0,2,0,0.0,391.67829712313295,1.9583914856156648,0.9437968812067142,1.0,10.0,500
manufacturing,temperature_eps1.0,n_weighted,1.0,8,2,8.0,2,0,0.0,195.83914856156647,0.9791957428078324,0.9490903643373501,1.0,10.0,500
manufacturing,temperature_eps1.0,n_weighted,1.0,8,2,16.0,2,0,0.0,156.67131884925314,0.7833565942462657,0.9490903643373501,1.0,10.0,500
manufacturing,temperature_eps1.0,n_weighted,1.0,8,3,,2,0,0.0,156.67131884925314,0.7833565942462657,0.9490903643373501,1.0,10.0,500
manufacturing,temperature_eps1.0,n_weighted,1.0,8,3,4.0,2,0,0.0,391.67829712313295,1.9583914856156648,0.9437968812067142,1.0,10.0,500
manufacturing,temperature_eps1.0,n_weighted,1.0,8,3,8.0,2,0,0.0,195.83914856156647,0.9791957428078324,0.9490903643373501,1.0,10.0,500
manufacturing,temperature_eps1.0,n_weighted,1.0,8,3,16.0,2,0,0.0,156.67131884925314,0.7833565942462657,0.9490903643373501,1.0,10.0,500
manufacturing,temperature_eps1.0,n_weighted,1.0,8,4,,2,0,0.0,156.67131884925314,0.7833565942462657,0.9490903643373501,1.0,10.0,500
manufacturing,temperature_eps1.0,n_weighted,1.0,8,4,4.0,2,0,0.0,391.67829712313295,1.9583914856156648,0.9437968812067142,1.0,10.0,500
manufacturing,temperature_eps1.0,n_weighted,1.0,8,4,8.0,2,0,0.0,195.83914856156647,0.9791957428078324,0.9490903643373501,1.0,10.0,500
manufacturing,temperature_eps1.0,n_weighted,1.0,8,4,16.0,2,0,0.0,156.67131884925314,0.7833565942462657,0.9490903643373501,1.0,10.0,500
manufacturing,temperature_eps1.0,n_weighted,1.0,8,6,,2,0,0.0,156.67131884925314,0.7833565942462657,0.9490903643373501,1.0,10.0,500
manufacturing,temperature_eps1.0,n_weighted,1.0,8,6,8.0,2,0,0.0,195.83914856156647,0.9791957428078324,0.9490903643373501,1.0,10.0,500
manufacturing,temperature_eps1.0,n_weighted,1.0,8,6,16.0,2,0,0.0,156.67131884925314,0.7833565942462657,0.9490903643373501,1.0,10.0,500
manufacturing,temperature_eps1.0,n_weighted,1.0,8,1,,2,2,0.0,156.67131884925314,0.7833565942462657,0.9490903643373501,1.0,10.0,500
manufacturing,temperature_eps1.0,n_weighted,1.0,8,1,4.0,2,2,0.0,391.67829712313295,1.9583914856156648,0.9437968812067142,1.0,10.0,500
manufacturing,temperature_eps1.0,n_weighted,1.0,8,1,8.0,2,2,0.0,195.83914856156647,0.9791957428078324,0.9490903643373501,1.0,10.0,500
manufacturing,temperature_eps1.0,n_weighted,1.0,8,1,16.0,2,2,0.0,156.67131884925314,0.7833565942462657,0.9490903643373501,1.0,10.0,500
manufacturing,temperature_eps1.0,n_weighted,1.0,8,2,,2,2,0.0,156.67131884925314,0.7833565942462657,0.9490903643373501,1.0,10.0,500
manufacturing,temperature_eps1.0,n_weighted,1.0,8,2,4.0,2,2,0.0,391.67829712313295,1.9583914856156648,0.9437968812067142,1.0,10.0,500
manufacturing,temperature_eps1.0,n_weighted,1.0,8,2,8.0,2,2,0.0,195.83914856156647,0.9791957428078324,0.9490903643373501,1.0,10.0,500
manufacturing,temperature_eps1.0,n_weighted,1.0,8,2,16.0,2,2,0.0,156.67131884925314,0.7833565942462657,0.9490903643373501,1.0,10.0,500
manufacturing,temperature_eps1.0,n_weighted,1.0,8,3,,2,2,0.0,156.67131884925314,0.7833565942462657,0.9490903643373501,1.0,10.0,500
manufacturing,temperature_eps1.0,n_weighted,1.0,8,3,4.0,2,2,0.0,391.67829712313295,1.9583914856156648,0.9437968812067142,1.0,10.0,500
manufacturing,temperature_eps1.0,n_weighted,1.0,8,3,8.0,2,2,0.0,195.83914856156647,0.9791957428078324,0.9490903643373501,1.0,10.0,500
manufacturing,temperature_eps1.0,n_weighted,1.0,8,3,16.0,2,2,0.0,156.67131884925314,0.7833565942462657,0.9490903643373501,1.0,10.0,500
manufacturing,temperature_eps1.0,n_weighted,1.0,8,4,,2,2,0.0,156.67131884925314,0.7833565942462657,0.9490903643373501,1.0,10.0,500
manufacturing,temperature_eps1.0,n_weighted,1.0,8,4,4.0,2,2,0.0,391.67829712313295,1.9583914856156648,0.9437968812067142,1.0,10.0,500
manufacturing,temperature_eps1.0,n_weighted,1.0,8,4,8.0,2,2,0.0,195.83914856156647,0.9791957428078324,0.9490903643373501,1.0,10.0,500
manufacturing,temperature_eps1.0,n_weighted,1.0,8,4,16.0,2,2,0.0,156.67131884925314,0.7833565942462657,0.9490903643373501,1.0,10.0,500
manufacturing,temperature_eps1.0,n_weighted,1.0,8,6,,2,2,0.0,156.67131884925314,0.7833565942462657,0.9490903643373501,1.0,10.0,500
manufacturing,temperature_eps1.0,n_weighted,1.0,8,6,8.0,2,2,0.0,195.83914856156647,0.9791957428078324,0.9490903643373501,1.0,10.0,500
manufacturing,temperature_eps1.0,n_weighted,1.0,8,6,16.0,2,2,0.0,156.67131884925314,0.7833565942462657,0.9490903643373501,1.0,10.0,500
manufacturing,temperature_eps1.0,n_weighted,1.0,8,1,,2,4,0.0,156.67131884925314,0.7833565942462657,0.9490903643373501,1.0,10.0,500
manufacturing,temperature_eps1.0,n_weighted,1.0,8,1,4.0,2,4,0.0,391.67829712313295,1.9583914856156648,0.9437968812067142,1.0,10.0,500
manufacturing,temperature_eps1.0,n_weighted,1.0,8,1,8.0,2,4,0.0,195.83914856156647,0.9791957428078324,0.9490903643373501,1.0,10.0,500
manufacturing,temperature_eps1.0,n_weighted,1.0,8,1,16.0,2,4,0.0,156.67131884925314,0.7833565942462657,0.9490903643373501,1.0,10.0,500
manufacturing,temperature_eps1.0,n_weighted,1.0,8,2,,2,4,0.0,156.67131884925314,0.7833565942462657,0.9490903643373501,1.0,10.0,500
manufacturing,temperature_eps1.0,n_weighted,1.0,8,2,4.0,2,4,0.0,391.67829712313295,1.9583914856156648,0.9437968812067142,1.0,10.0,500
manufacturing,temperature_eps1.0,n_weighted,1.0,8,2,8.0,2,4,0.0,195.83914856156647,0.9791957428078324,0.9490903643373501,1.0,10.0,500
manufacturing,temperature_eps1.0,n_weighted,1.0,8,2,16.0,2,4,0.0,156.67131884925314,0.7833565942462657,0.9490903643373501,1.0,10.0,500
manufacturing,temperature_eps1.0,n_weighted,1.0,8,3,,2,4,0.0,156.67131884925314,0.7833565942462657,0.9490903643373501,1.0,10.0,500
manufacturing,temperature_eps1.0,n_weighted,1.0,8,3,4.0,2,4,0.0,391.67829712313295,1.9583914856156648,0.9437968812067142,1.0,10.0,500
manufacturing,temperature_eps1.0,n_weighted,1.0,8,3,8.0,2,4,0.0,195.83914856156647,0.9791957428078324,0.9490903643373501,1.0,10.0,500
manufacturing,temperature_eps1.0,n_weighted,1.0,8,3,16.0,2,4,0.0,156.67131884925314,0.7833565942462657,0.9490903643373501,1.0,10.0,500
manufacturing,temperature_eps1.0,n_weighted,1.0,8,4,,2,4,0.0,156.67131884925314,0.7833565942462657,0.9490903643373501,1.0,10.0,500
manufacturing,temperature_eps1.0,n_weighted,1.0,8,4,4.0,2,4,0.0,391.67829712313295,1.9583914856156648,0.9437968812067142,1.0,10.0,500
manufacturing,temperature_eps1.0,n_weighted,1.0,8,4,8.0,2,4,0.0,195.83914856156647,0.9791957428078324,0.9490903643373501,1.0,10.0,500
manufacturing,temperature_eps1.0,n_weighted,1.0,8,4,16.0,2,4,0.0,156.67131884925314,0.7833565942462657,0.9490903643373501,1.0,10.0,500
manufacturing,temperature_eps1.0,n_weighted,1.0,8,6,,2,4,0.0,156.67131884925314,0.7833565942462657,0.9490903643373501,1.0,10.0,500
manufacturing,temperature_eps1.0,n_weighted,1.0,8,6,8.0,2,4,0.0,195.83914856156647,0.9791957428078324,0.9490903643373501,1.0,10.0,500
manufacturing,temperature_eps1.0,n_weighted,1.0,8,6,16.0,2,4,0.0,156.67131884925314,0.7833565942462657,0.9490903643373501,1.0,10.0,500
manufacturing,temperature_eps1.0,n_weighted,1.0,8,1,,4,0,0.0,164.93867649676272,0.8246933824838136,0.6932019709654147,1.0,10.0,250
manufacturing,temperature_eps1.0,n_weighted,1.0,8,1,4.0,4,0,0.0,412.34669124190685,2.0617334562095344,0.6932019709654147,1.0,10.0,250
manufacturing,temperature_eps1.0,n_weighted,1.0,8,1,8.0,4,0,0.0,206.17334562095343,1.0308667281047672,0.6932019709654147,1.0,10.0,250
manufacturing,temperature_eps1.0,n_weighted,1.0,8,1,16.0,4,0,0.0,164.93867649676272,0.8246933824838136,0.6932019709654147,1.0,10.0,250
manufacturing,temperature_eps1.0,n_weighted,1.0,8,2,,4,0,0.0,164.93867649676272,0.8246933824838136,0.6932019709654147,1.0,10.0,250
manufacturing,temperature_eps1.0,n_weighted,1.0,8,2,4.0,4,0,0.0,412.34669124190685,2.0617334562095344,0.6932019709654147,1.0,10.0,250
manufacturing,temperature_eps1.0,n_weighted,1.0,8,2,8.0,4,0,0.0,206.17334562095343,1.0308667281047672,0.6932019709654147,1.0,10.0,250
manufacturing,temperature_eps1.0,n_weighted,1.0,8,2,16.0,4,0,0.0,164.93867649676272,0.8246933824838136,0.6932019709654147,1.0,10.0,250
manufacturing,temperature_eps1.0,n_weighted,1.0,8,3,,4,0,0.0,164.93867649676272,0.8246933824838136,0.6932019709654147,1.0,10.0,250
manufacturing,temperature_eps1.0,n_weighted,1.0,8,3,4.0,4,0,0.0,412.34669124190685,2.0617334562095344,0.6932019709654147,1.0,10.0,250
manufacturing,temperature_eps1.0,n_weighted,1.0,8,3,8.0,4,0,0.0,206.17334562095343,1.0308667281047672,0.6932019709654147,1.0,10.0,250
manufacturing,temperature_eps1.0,n_weighted,1.0,8,3,16.0,4,0,0.0,164.93867649676272,0.8246933824838136,0.6932019709654147,1.0,10.0,250
manufacturing,temperature_eps1.0,n_weighted,1.0,8,4,,4,0,0.0,164.93867649676272,0.8246933824838136,0.6932019709654147,1.0,10.0,250
manufacturing,temperature_eps1.0,n_weighted,1.0,8,4,4.0,4,0,0.0,412.34669124190685,2.0617334562095344,0.6932019709654147,1.0,10.0,250
manufacturing,temperature_eps1.0,n_weighted,1.0,8,4,8.0,4,0,0.0,206.17334562095343,1.0308667281047672,0.6932019709654147,1.0,10.0,250
manufacturing,temperature_eps1.0,n_weighted,1.0,8,4,16.0,4,0,0.0,164.93867649676272,0.8246933824838136,0.6932019709654147,1.0,10.0,250
manufacturing,temperature_eps1.0,n_weighted,1.0,8,6,,4,0,0.0,164.93867649676272,0.8246933824838136,0.6932019709654147,1.0,10.0,250
manufacturing,temperature_eps1.0,n_weighted,1.0,8,6,8.0,4,0,0.0,206.17334562095343,1.0308667281047672,0.6932019709654147,1.0,10.0,250
manufacturing,temperature_eps1.0,n_weighted,1.0,8,6,16.0,4,0,0.0,164.93867649676272,0.8246933824838136,0.6932019709654147,1.0,10.0,250
manufacturing,temperature_eps1.0,n_weighted,1.0,8,1,,4,2,0.0,164.93867649676272,0.8246933824838136,0.6932019709654147,1.0,10.0,250
manufacturing,temperature_eps1.0,n_weighted,1.0,8,1,4.0,4,2,0.0,412.34669124190685,2.0617334562095344,0.6932019709654147,1.0,10.0,250
manufacturing,temperature_eps1.0,n_weighted,1.0,8,1,8.0,4,2,0.0,206.17334562095343,1.0308667281047672,0.6932019709654147,1.0,10.0,250
manufacturing,temperature_eps1.0,n_weighted,1.0,8,1,16.0,4,2,0.0,164.93867649676272,0.8246933824838136,0.6932019709654147,1.0,10.0,250
manufacturing,temperature_eps1.0,n_weighted,1.0,8,2,,4,2,0.0,164.93867649676272,0.8246933824838136,0.6932019709654147,1.0,10.0,250
manufacturing,temperature_eps1.0,n_weighted,1.0,8,2,4.0,4,2,0.0,412.34669124190685,2.0617334562095344,0.6932019709654147,1.0,10.0,250
manufacturing,temperature_eps1.0,n_weighted,1.0,8,2,8.0,4,2,0.0,206.17334562095343,1.0308667281047672,0.6932019709654147,1.0,10.0,250
manufacturing,temperature_eps1.0,n_weighted,1.0,8,2,16.0,4,2,0.0,164.93867649676272,0.8246933824838136,0.6932019709654147,1.0,10.0,250
manufacturing,temperature_eps1.0,n_weighted,1.0,8,3,,4,2,0.0,164.93867649676272,0.8246933824838136,0.6932019709654147,1.0,10.0,250
manufacturing,temperature_eps1.0,n_weighted,1.0,8,3,4.0,4,2,0.0,412.34669124190685,2.0617334562095344,0.6932019709654147,1.0,10.0,250
manufacturing,temperature_eps1.0,n_weighted,1.0,8,3,8.0,4,2,0.0,206.17334562095343,1.0308667281047672,0.6932019709654147,1.0,10.0,250
manufacturing,temperature_eps1.0,n_weighted,1.0,8,3,16.0,4,2,0.0,164.93867649676272,0.8246933824838136,0.6932019709654147,1.0,10.0,250
manufacturing,temperature_eps1.0,n_weighted,1.0,8,4,,4,2,0.0,164.93867649676272,0.8246933824838136,0.6932019709654147,1.0,10.0,250
manufacturing,temperature_eps1.0,n_weighted,1.0,8,4,4.0,4,2,0.0,412.34669124190685,2.0617334562095344,0.6932019709654147,1.0,10.0,250
manufacturing,temperature_eps1.0,n_weighted,1.0,8,4,8.0,4,2,0.0,206.17334562095343,1.0308667281047672,0.6932019709654147,1.0,10.0,250
manufacturing,temperature_eps1.0,n_weighted,1.0,8,4,16.0,4,2,0.0,164.93867649676272,0.8246933824838136,0.6932019709654147,1.0,10.0,250
manufacturing,temperature_eps1.0,n_weighted,1.0,8,6,,4,2,0.0,164.93867649676272,0.8246933824838136,0.6932019709654147,1.0,10.0,250
manufacturing,temperature_eps1.0,n_weighted,1.0,8,6,8.0,4,2,0.0,206.17334562095343,1.0308667281047672,0.6932019709654147,1.0,10.0,250
manufacturing,temperature_eps1.0,n_weighted,1.0,8,6,16.0,4,2,0.0,164.93867649676272,0.8246933824838136,0.6932019709654147,1.0,10.0,250
manufacturing,temperature_eps1.0,n_weighted,1.0,8,1,,4,4,0.0,164.93867649676272,0.8246933824838136,0.6932019709654147,1.0,10.0,250
manufacturing,temperature_eps1.0,n_weighted,1.0,8,1,4.0,4,4,0.0,412.34669124190685,2.0617334562095344,0.6932019709654147,1.0,10.0,250
manufacturing,temperature_eps1.0,n_weighted,1.0,8,1,8.0,4,4,0.0,206.17334562095343,1.0308667281047672,0.6932019709654147,1.0,10.0,250
manufacturing,temperature_eps1.0,n_weighted,1.0,8,1,16.0,4,4,0.0,164.93867649676272,0.8246933824838136,0.6932019709654147,1.0,10.0,250
manufacturing,temperature_eps1.0,n_weighted,1.0,8,2,,4,4,0.0,164.93867649676272,0.8246933824838136,0.6932019709654147,1.0,10.0,250
manufacturing,temperature_eps1.0,n_weighted,1.0,8,2,4.0,4,4,0.0,412.34669124190685,2.0617334562095344,0.6932019709654147,1.0,10.0,250
manufacturing,temperature_eps1.0,n_weighted,1.0,8,2,8.0,4,4,0.0,206.17334562095343,1.0308667281047672,0.6932019709654147,1.0,10.0,250
manufacturing,temperature_eps1.0,n_weighted,1.0,8,2,16.0,4,4,0.0,164.93867649676272,0.8246933824838136,0.6932019709654147,1.0,10.0,250
manufacturing,temperature_eps1.0,n_weighted,1.0,8,3,,4,4,0.0,164.93867649676272,0.8246933824838136,0.6932019709654147,1.0,10.0,250
manufacturing,temperature_eps1.0,n_weighted,1.0,8,3,4.0,4,4,0.0,412.34669124190685,2.0617334562095344,0.6932019709654147,1.0,10.0,250
manufacturing,temperature_eps1.0,n_weighted,1.0,8,3,8.0,4,4,0.0,206.17334562095343,1.0308667281047672,0.6932019709654147,1.0,10.0,250
manufacturing,temperature_eps1.0,n_weighted,1.0,8,3,16.0,4,4,0.0,164.93867649676272,0.8246933824838136,0.6932019709654147,1.0,10.0,250
manufacturing,temperature_eps1.0,n_weighted,1.0,8,4,,4,4,0.0,164.93867649676272,0.8246933824838136,0.6932019709654147,1.0,10.0,250
manufacturing,temperature_eps1.0,n_weighted,1.0,8,4,4.0,4,4,0.0,412.34669124190685,2.0617334562095344,0.6932019709654147,1.0,10.0,250
manufacturing,temperature_eps1.0,n_weighted,1.0,8,4,8.0,4,4,0.0,206.17334562095343,1.0308667281047672,0.6932019709654147,1.0,10.0,250
manufacturing,temperature_eps1.0,n_weighted,1.0,8,4,16.0,4,4,0.0,164.93867649676272,0.8246933824838136,0.6932019709654147,1.0,10.0,250
manufacturing,temperature_eps1.0,n_weighted,1.0,8,6,,4,4,0.0,164.93867649676272,0.8246933824838136,0.6932019709654147,1.0,10.0,250
manufacturing,temperature_eps1.0,n_weighted,1.0,8,6,8.0,4,4,0.0,206.17334562095343,1.0308667281047672,0.6932019709654147,1.0,10.0,250
manufacturing,temperature_eps1.0,n_weighted,1.0,8,6,16.0,4,4,0.0,164.93867649676272,0.8246933824838136,0.6932019709654147,1.0,10.0,250
