dataset,sensor,strategy,epsilon,w,P_min,P_max,delta_t,k_ext,epsilon_count,mae,normalized_mae,kl_divergence,release_rate,avg_n_tau,n_logical_timestamps
mobility,traffic_speed_eps1.0,uniform,1.0,8,1,,1,0,0.0,184.3106158009078,1.5359217983408984,0.9955827692629473,1.0,5.08273381294964,834
mobility,traffic_speed_eps1.0,uniform,1.0,8,1,4.0,1,0,0.0,230.49966839424047,1.9208305699520039,0.8334125452629491,1.0,5.08273381294964,834
mobility,traffic_speed_eps1.0,uniform,1.0,8,1,8.0,1,0,0.0,184.3106158009078,1.5359217983408984,0.9955827692629473,1.0,5.08273381294964,834
mobility,traffic_speed_eps1.0,uniform,1.0,8,1,16.0,1,0,0.0,184.3106158009078,1.5359217983408984,0.9955827692629473,1.0,5.08273381294964,834
mobility,traffic_speed_eps1.0,uniform,1.0,8,2,,1,0,0.0,184.3106158009078,1.5359217983408984,0.9955827692629473,1.0,5.08273381294964,834
mobility,traffic_speed_eps1.0,uniform,1.0,8,2,4.0,1,0,0.0,230.49966839424047,1.9208305699520039,0.8334125452629491,1.0,5.08273381294964,834
mobility,traffic_speed_eps1.0,uniform,1.0,8,2,8.0,1,0,0.0,184.3106158009078,1.5359217983408984,0.9955827692629473,1.0,5.08273381294964,834
mobility,traffic_speed_eps1.0,uniform,1.0,8,2,16.0,1,0,0.0,184.3106158009078,1.5359217983408984,0.9955827692629473,1.0,5.08273381294964,834
mobility,traffic_speed_eps1.0,uniform,1.0,8,3,,1,0,0.0,184.3106158009078,1.5359217983408984,0.9955827692629473,1.0,5.08273381294964,834
mobility,traffic_speed_eps1.0,uniform,1.0,8,3,4.0,1,0,0.0,230.49966839424047,1.9208305699520039,0.8334125452629491,1.0,5.08273381294964,834
mobility,traffic_speed_eps1.0,uniform,1.0,8,3,8.0,1,0,0.0,184.3106158009078,1.5359217983408984,0.9955827692629473,1.0,5.08273381294964,834
mobility,traffic_speed_eps1.0,uniform,1.0,8,3,16.0,1,0,0.0,184.3106158009078,1.5359217983408984,0.9955827692629473,1.0,5.08273381294964,834
mobility,traffic_speed_eps1.0,uniform,1.0,8,4,,1,0,0.0,184.3106158009078,1.5359217983408984,0.9955827692629473,1.0,5.08273381294964,834
mobility,traffic_speed_eps1.0,uniform,1.0,8,4,4.0,1,0,0.0,230.49966839424047,1.9208305699520039,0.8334125452629491,1.0,5.08273381294964,834
mobility,traffic_speed_eps1.0,uniform,1.0,8,4,8.0,1,0,0.0,184.3106158009078,1.5359217983408984,0.9955827692629473,1.0,5.08273381294964,834
mobility,traffic_speed_eps1.0,uniform,1.0,8,4,16.0,1,0,0.0,184.3106158009078,1.5359217983408984,0.9955827692629473,1.0,5.08273381294964,834
mobility,traffic_speed_eps1.0,uniform,1.0,8,6,,1,0,0.0,184.3106158009078,1.5359217983408984,0.9955827692629473,1.0,5.08273381294964,834
mobility,traffic_speed_eps1.0,uniform,1.0,8,6,8.0,1,0,0.0,184.3106158009078,1.5359217983408984,0.9955827692629473,1.0,5.08273381294964,834
mobility,traffic_speed_eps1.0,uniform,1.0,8,6,16.0,1,0,0.0,184.3106158009078,1.5359217983408984,0.9955827692629473,1.0,5.08273381294964,834
mobility,traffic_speed_eps1.0,uniform,1.0,8,1,,1,2,0.0,184.3106158009078,1.5359217983408984,0.9955827692629473,1.0,5.08273381294964,834
mobility,traffic_speed_eps1.0,uniform,1.0,8,1,4.0,1,2,0.0,230.49966839424047,1.9208305699520039,0.8334125452629491,1.0,5.08273381294964,834
mobility,traffic_speed_eps1.0,uniform,1.0,8,1,8.0,1,2,0.0,184.3106158009078,1.5359217983408984,0.9955827692629473,1.0,5.08273381294964,834
mobility,traffic_speed_eps1.0,uniform,1.0,8,1,16.0,1,2,0.0,184.3106158009078,1.5359217983408984,0.9955827692629473,1.0,5.08273381294964,834
mobility,traffic_speed_eps1.0,uniform,1.0,8,2,,1,2,0.0,184.3106158009078,1.5359217983408984,0.9955827692629473,1.0,5.08273381294964,834
mobility,traffic_speed_eps1.0,uniform,1.0,8,2,4.0,1,2,0.0,230.49966839424047,1.9208305699520039,0.8334125452629491,1.0,5.08273381294964,834
mobility,traffic_speed_eps1.0,uniform,1.0,8,2,8.0,1,2,0.0,184.3106158009078,1.5359217983408984,0.9955827692629473,1.0,5.08273381294964,834
mobility,traffic_speed_eps1.0,uniform,1.0,8,2,16.0,1,2,0.0,184.3106158009078,1.5359217983408984,0.9955827692629473,1.0,5.08273381294964,834
mobility,traffic_speed_eps1.0,uniform,1.0,8,3,,1,2,0.0,184.3106158009078,1.5359217983408984,0.9955827692629473,1.0,5.08273381294964,834
mobility,traffic_speed_eps1.0,uniform,1.0,8,3,4.0,1,2,0.0,230.49966839424047,1.9208305699520039,0.8334125452629491,1.0,5.08273381294964,834
mobility,traffic_speed_eps1.0,uniform,1.0,8,3,8.0,1,2,0.0,184.3106158009078,1.5359217983408984,0.9955827692629473,1.0,5.08273381294964,834
mobility,traffic_speed_eps1.0,uniform,1.0,8,3,16.0,1,2,0.0,184.3106158009078,1.5359217983408984,0.9955827692629473,1.0,5.08273381294964,834
mobility,traffic_speed_eps1.0,uniform,1.0,8,4,,1,2,0.0,180.4250696169632,1.5035422468080268,0.8459005162109255,1.0,5.212871287128713,808
mobility,traffic_speed_eps1.0,uniform,1.0,8,4,4.0,1,2,0.0,229.48604137984825,1.912383678165402,0.8268996401922706,1.0,5.212871287128713,808
mobility,traffic_speed_eps1.0,uniform,1.0,8,4,8.0,1,2,0.0,180.4446853448309,1.503705711206924,0.8459005162109255,1.0,5.212871287128713,808
mobility,traffic_speed_eps1.0,uniform,1.0,8,4,16.0,1,2,0.0,180.4250696169632,1.5035422468080268,0.8459005162109255,1.0,5.212871287128713,808
mobility,traffic_speed_eps1.0,uniform,1.0,8,6,,1,2,0.0,128.58515665469227,1.0715429721224357,0.8267281025565424,1.0,7.462925851703407,499
mobility,traffic_speed_eps1.0,uniform,1.0,8,6,8.0,1,2,0.0,133.43369348639342,1.1119474457199452,0.855042912702615,1.0,7.462925851703407,499
mobility,traffic_speed_eps1.0,uniform,1.0,8,6,16.0,1,2,0.0,128.58515665469227,1.0715429721224357,0.8267281025565424,1.0,7.462925851703407,499
mobility,traffic_speed_eps1.0,uniform,1.0,8,1,,1,4,0.0,184.3106158009078,1.5359217983408984,0.9955827692629473,1.0,5.08273381294964,834
mobility,traffic_speed_eps1.0,uniform,1.0,8,1,4.0,1,4,0.0,230.49966839424047,1.9208305699520039,0.8334125452629491,1.0,5.08273381294964,834
mobility,traffic_speed_eps1.0,uniform,1.0,8,1,8.0,1,4,0.0,184.3106158009078,1.5359217983408984,0.9955827692629473,1.0,5.08273381294964,834
mobility,traffic_speed_eps1.0,uniform,1.0,8,1,16.0,1,4,0.0,184.3106158009078,1.5359217983408984,0.9955827692629473,1.0,5.08273381294964,834
mobility,traffic_speed_eps1.0,uniform,1.0,8,2,,1,4,0.0,184.3106158009078,1.5359217983408984,0.9955827692629473,1.0,5.08273381294964,834
mobility,traffic_speed_eps1.0,uniform,1.0,8,2,4.0,1,4,0.0,230.49966839424047,1.9208305699520039,0.8334125452629491,1.0,5.08273381294964,834
mobility,traffic_speed_eps1.0,uniform,1.0,8,2,8.0,1,4,0.0,184.3106158009078,1.5359217983408984,0.9955827692629473,1.0,5.08273381294964,834
mobility,traffic_speed_eps1.0,uniform,1.0,8,2,16.0,1,4,0.0,184.3106158009078,1.5359217983408984,0.9955827692629473,1.0,5.08273381294964,834
mobility,traffic_speed_eps1.0,uniform,1.0,8,3,,1,4,0.0,184.3106158009078,1.5359217983408984,0.9955827692629473,1.0,5.08273381294964,834
mobility,traffic_speed_eps1.0,uniform,1.0,8,3,4.0,1,4,0.0,230.49966839424047,1.9208305699520039,0.8334125452629491,1.0,5.08273381294964,834
mobility,traffic_speed_eps1.0,uniform,1.0,8,3,8.0,1,4,0.0,184.3106158009078,1.5359217983408984,0.9955827692629473,1.0,5.08273381294964,834
mobility,traffic_speed_eps1.0,uniform,1.0,8,3,16.0,1,4,0.0,184.3106158009078,1.5359217983408984,0.9955827692629473,1.0,5.08273381294964,834
mobility,traffic_speed_eps1.0,uniform,1.0,8,4,,1,4,0.0,180.4250696169632,1.5035422468080268,0.8459005162109255,1.0,5.212871287128713,808
mobility,traffic_speed_eps1.0,uniform,1.0,8,4,4.0,1,4,0.0,229.48604137984825,1.912383678165402,0.8268996401922706,1.0,5.212871287128713,808
mobility,traffic_speed_eps1.0,uniform,1.0,8,4,8.0,1,4,0.0,180.4446853448309,1.503705711206924,0.8459005162109255,1.0,5.212871287128713,808
mobility,traffic_speed_eps1.0,uniform,1.0,8,4,16.0,1,4,0.0,180.4250696169632,1.5035422468080268,0.8459005162109255,1.0,5.212871287128713,808
mobility,traffic_speed_eps1.0,uniform,1.0,8,6,,1,4,0.0,128.58515665469227,1.0715429721224357,0.8267281025565424,1.0,7.462925851703407,499
mobility,traffic_speed_eps1.0,uniform,1.0,8,6,8.0,1,4,0.0,133.43369348639342,1.1119474457199452,0.855042912702615,1.0,7.462925851703407,499
mobility,traffic_speed_eps1.0,uniform,1.0,8,6,16.0,1,4,0.0,128.58515665469227,1.0715429721224357,0.8267281025565424,1.0,7.462925851703407,499
mobility,traffic_speed_eps1.0,uniform,1.0,8,1,,2,0,0.0,114.86249776688153,0.9571874813906794,0.8453427151321496,1.0,8.57074340527578,417
mobility,traffic_speed_eps1.0,uniform,1.0,8,1,4.0,2,0,0.0,239.92392038387428,1.9993660031989522,0.38804036882674037,1.0,8.57074340527578,417
mobility,traffic_speed_eps1.0,uniform,1.0,8,1,8.0,2,0,0.0,124.88563509095071,1.0407136257579226,0.6402269712480424,1.0,8.57074340527578,417
mobility,traffic_speed_eps1.0,uniform,1.0,8,1,16.0,2,0,0.0,114.86249776688153,0.9571874813906794,0.8453427151321496,1.0,8.57074340527578,417
mobility,traffic_speed_eps1.0,uniform,1.0,8,2,,2,0,0.0,114.86249776688153,0.9571874813906794,0.8453427151321496,1.0,8.57074340527578,417
mobility,traffic_speed_eps1.0,uniform,1.0,8,2,4.0,2,0,0.0,239.92392038387428,1.9993660031989522,0.38804036882674037,1.0,8.57074340527578,417
mobility,traffic_speed_eps1.0,uniform,1.0,8,2,8.0,2,0,0.0,124.88563509095071,1.0407136257579226,0.6402269712480424,1.0,8.57074340527578,417
mobility,traffic_speed_eps1.0,uniform,1.0,8,2,16.0,2,0,0.0,114.86249776688153,0.9571874813906794,0.8453427151321496,1.0,8.57074340527578,417
mobility,traffic_speed_eps1.0,uniform,1.0,8,3,,2,0,0.0,114.86249776688153,0.9571874813906794,0.8453427151321496,1.0,8.57074340527578,417
mobility,traffic_speed_eps1.0,uniform,1.0,8,3,4.0,2,0,0.0,239.92392038387428,1.9993660031989522,0.38804036882674037,1.0,8.57074340527578,417
mobility,traffic_speed_eps1.0,uniform,1.0,8,3,8.0,2,0,0.0,124.88563509095071,1.0407136257579226,0.6402269712480424,1.0,8.57074340527578,417
mobility,traffic_speed_eps1.0,uniform,1.0,8,3,16.0,2,0,0.0,114.86249776688153,0.9571874813906794,0.8453427151321496,1.0,8.57074340527578,417
mobility,traffic_speed_eps1.0,uniform,1.0,8,4,,2,0,0.0,114.86249776688153,0.9571874813906794,0.8453427151321496,1.0,8.57074340527578,417
mobility,traffic_speed_eps1.0,uniform,1.0,8,4,4.0,2,0,0.0,239.92392038387428,1.9993660031989522,0.38804036882674037,1.0,8.57074340527578,417
mobility,traffic_speed_eps1.0,uniform,1.0,8,4,8.0,2,0,0.0,124.88563509095071,1.0407136257579226,0.6402269712480424,1.0,8.57074340527578,417
mobility,traffic_speed_eps1.0,uniform,1.0,8,4,16.0,2,0,0.0,114.86249776688153,0.9571874813906794,0.8453427151321496,1.0,8.57074340527578,417
mobility,traffic_speed_eps1.0,uniform,1.0,8,6,,2,0,0.0,114.86249776688153,0.9571874813906794,0.8453427151321496,1.0,8.57074340527578,417
mobility,traffic_speed_eps1.0,uniform,1.0,8,6,8.0,2,0,0.0,124.88563509095071,1.0407136257579226,0.6402269712480424,1.0,8.57074340527578,417
mobility,traffic_speed_eps1.0,uniform,1.0,8,6,16.0,2,0,0.0,114.86249776688153,0.9571874813906794,0.8453427151321496,1.0,8.57074340527578,417
mobility,traffic_speed_eps1.0,uniform,1.0,8,1,,2,2,0.0,114.86249776688153,0.9571874813906794,0.8453427151321496,1.0,8.57074340527578,417
mobility,traffic_speed_eps1.0,uniform,1.0,8,1,4.0,2,2,0.0,239.92392038387428,1.9993660031989522,0.38804036882674037,1.0,8.57074340527578,417
mobility,traffic_speed_eps1.0,uniform,1.0,8,1,8.0,2,2,0.0,124.88563509095071,1.0407136257579226,0.6402269712480424,1.0,8.57074340527578,417
mobility,traffic_speed_eps1.0,uniform,1.0,8,1,16.0,2,2,0.0,114.86249776688153,0.9571874813906794,0.8453427151321496,1.0,8.57074340527578,417
mobility,traffic_speed_eps1.0,uniform,1.0,8,2,,2,2,0.0,114.86249776688153,0.9571874813906794,0.8453427151321496,1.0,8.57074340527578,417
mobility,traffic_speed_eps1.0,uniform,1.0,8,2,4.0,2,2,0.0,239.92392038387428,1.9993660031989522,0.38804036882674037,1.0,8.57074340527578,417
mobility,traffic_speed_eps1.0,uniform,1.0,8,2,8.0,2,2,0.0,124.88563509095071,1.0407136257579226,0.6402269712480424,1.0,8.57074340527578,417
mobility,traffic_speed_eps1.0,uniform,1.0,8,2,16.0,2,2,0.0,114.86249776688153,0.9571874813906794,0.8453427151321496,1.0,8.57074340527578,417
mobility,traffic_speed_eps1.0,uniform,1.0,8,3,,2,2,0.0,114.86249776688153,0.9571874813906794,0.8453427151321496,1.0,8.57074340527578,417
mobility,traffic_speed_eps1.0,uniform,1.0,8,3,4.0,2,2,0.0,239.92392038387428,1.9993660031989522,0.38804036882674037,1.0,8.57074340527578,417
mobility,traffic_speed_eps1.0,uniform,1.0,8,3,8.0,2,2,0.0,124.88563509095071,1.0407136257579226,0.6402269712480424,1.0,8.57074340527578,417
mobility,traffic_speed_eps1.0,uniform,1.0,8,3,16.0,2,2,0.0,114.86249776688153,0.9571874813906794,0.8453427151321496,1.0,8.57074340527578,417
mobility,traffic_speed_eps1.0,uniform,1.0,8,4,,2,2,0.0,114.86249776688153,0.9571874813906794,0.8453427151321496,1.0,8.57074340527578,417
mobility,traffic_speed_eps1.0,uniform,1.0,8,4,4.0,2,2,0.0,239.92392038387428,1.9993660031989522,0.38804036882674037,1.0,8.57074340527578,417
mobility,traffic_speed_eps1.0,uniform,1.0,8,4,8.0,2,2,0.0,124.88563509095071,1.0407136257579226,0.6402269712480424,1.0,8.57074340527578,417
mobility,traffic_speed_eps1.0,uniform,1.0,8,4,16.0,2,2,0.0,114.86249776688153,0.9571874813906794,0.8453427151321496,1.0,8.57074340527578,417
mobility,traffic_speed_eps1.0,uniform,1.0,8,6,,2,2,0.0,114.5715759841045,0.9547631332008708,0.4819543377120103,1.0,8.624697336561743,413
mobility,traffic_speed_eps1.0,uniform,1.0,8,6,8.0,2,2,0.0,124.70441678249463,1.0392034731874553,0.5230870915190473,1.0,8.624697336561743,413
mobility,traffic_speed_eps1.0,uniform,1.0,8,6,16.0,2,2,0.0,114.5715759841045,0.9547631332008708,0.4819543377120103,1.0,8.624697336561743,413
mobility,traffic_speed_eps1.0,uniform,1.0,8,1,,2,4,0.0,114.86249776688153,0.9571874813906794,0.8453427151321496,1.0,8.57074340527578,417
mobility,traffic_speed_eps1.0,uniform,1.0,8,1,4.0,2,4,0.0,239.92392038387428,1.9993660031989522,0.38804036882674037,1.0,8.57074340527578,417
mobility,traffic_speed_eps1.0,uniform,1.0,8,1,8.0,2,4,0.0,124.88563509095071,1.0407136257579226,0.6402269712480424,1.0,8.57074340527578,417
mobility,traffic_speed_eps1.0,uniform,1.0,8,1,16.0,2,4,0.0,114.86249776688153,0.9571874813906794,0.8453427151321496,1.0,8.57074340527578,417
mobility,traffic_speed_eps1.0,uniform,1.0,8,2,,2,4,0.0,114.86249776688153,0.9571874813906794,0.8453427151321496,1.0,8.57074340527578,417
mobility,traffic_speed_eps1.0,uniform,1.0,8,2,4.0,2,4,0.0,239.92392038387428,1.9993660031989522,0.38804036882674037,1.0,8.57074340527578,417
mobility,traffic_speed_eps1.0,uniform,1.0,8,2,8.0,2,4,0.0,124.88563509095071,1.0407136257579226,0.6402269712480424,1.0,8.57074340527578,417
mobility,traffic_speed_eps1.0,uniform,1.0,8,2,16.0,2,4,0.0,114.86249776688153,0.9571874813906794,0.8453427151321496,1.0,8.57074340527578,417
mobility,traffic_speed_eps1.0,uniform,1.0,8,3,,2,4,0.0,114.86249776688153,0.9571874813906794,0.8453427151321496,1.0,8.57074340527578,417
mobility,traffic_speed_eps1.0,uniform,1.0,8,3,4.0,2,4,0.0,239.92392038387428,1.9993660031989522,0.38804036882674037,1.0,8.57074340527578,417
mobility,traffic_speed_eps1.0,uniform,1.0,8,3,8.0,2,4,0.0,124.88563509095071,1.0407136257579226,0.6402269712480424,1.0,8.57074340527578,417
mobility,traffic_speed_eps1.0,uniform,1.0,8,3,16.0,2,4,0.0,114.86249776688153,0.9571874813906794,0.8453427151321496,1.0,8.57074340527578,417
mobility,traffic_speed_eps1.0,uniform,1.0,8,4,,2,4,0.0,114.86249776688153,0.9571874813906794,0.8453427151321496,1.0,8.57074340527578,417
mobility,traffic_speed_eps1.0,uniform,1.0,8,4,4.0,2,4,0.0,239.92392038387428,1.9993660031989522,0.38804036882674037,1.0,8.57074340527578,417
mobility,traffic_speed_eps1.0,uniform,1.0,8,4,8.0,2,4,0.0,124.88563509095071,1.0407136257579226,0.6402269712480424,1.0,8.57074340527578,417
mobility,traffic_speed_eps1.0,uniform,1.0,8,4,16.0,2,4,0.0,114.86249776688153,0.9571874813906794,0.8453427151321496,1.0,8.57074340527578,417
mobility,traffic_speed_eps1.0,uniform,1.0,8,6,,2,4,0.0,114.5715759841045,0.9547631332008708,0.4819543377120103,1.0,8.624697336561743,413
mobility,traffic_speed_eps1.0,uniform,1.0,8,6,8.0,2,4,0.0,124.70441678249463,1.0392034731874553,0.5230870915190473,1.0,8.624697336561743,413
mobility,traffic_speed_eps1.0,uniform,1.0,8,6,16.0,2,4,0.0,114.5715759841045,0.9547631332008708,0.4819543377120103,1.0,8.624697336561743,413
mobility,traffic_speed_eps1.0,uniform,1.0,8,1,,4,0,0.0,79.89885465648759,0.6658237888040632,0.8358289120223763,1.0,12.44976076555024,209
mobility,traffic_speed_eps1.0,uniform,1.0,8,1,4.0,4,0,0.0,242.20961540825158,2.0184134617354297,0.8480896556928463,1.0,12.44976076555024,209
mobility,traffic_speed_eps1.0,uniform,1.0,8,1,8.0,4,0,0.0,121.13789677643736,1.009482473136978,0.8129135805019919,1.0,12.44976076555024,209
mobility,traffic_speed_eps1.0,uniform,1.0,8,1,16.0,4,0,0.0,79.89885465648759,0.6658237888040632,0.8358289120223763,1.0,12.44976076555024,209
mobility,traffic_speed_eps1.0,uniform,1.0,8,2,,4,0,0.0,79.89885465648759,0.6658237888040632,0.8358289120223763,1.0,12.44976076555024,209
mobility,traffic_speed_eps1.0,uniform,1.0,8,2,4.0,4,0,0.0,242.20961540825158,2.0184134617354297,0.8480896556928463,1.0,12.44976076555024,209
mobility,traffic_speed_eps1.0,uniform,1.0,8,2,8.0,4,0,0.0,121.13789677643736,1.009482473136978,0.8129135805019919,1.0,12.44976076555024,209
mobility,traffic_speed_eps1.0,uniform,1.0,8,2,16.0,4,0,0.0,79.89885465648759,0.6658237888040632,0.8358289120223763,1.0,12.44976076555024,209
mobility,traffic_speed_eps1.0,uniform,1.0,8,3,,4,0,0.0,79.89885465648759,0.6658237888040632,0.8358289120223763,1.0,12.44976076555024,209
mobility,traffic_speed_eps1.0,uniform,1.0,8,3,4.0,4,0,0.0,242.20961540825158,2.0184134617354297,0.8480896556928463,1.0,12.44976076555024,209
mobility,traffic_speed_eps1.0,uniform,1.0,8,3,8.0,4,0,0.0,121.13789677643736,1.009482473136978,0.8129135805019919,1.0,12.44976076555024,209
mobility,traffic_speed_eps1.0,uniform,1.0,8,3,16.0,4,0,0.0,79.89885465648759,0.6658237888040632,0.8358289120223763,1.0,12.44976076555024,209
mobility,traffic_speed_eps1.0,uniform,1.0,8,4,,4,0,0.0,79.89885465648759,0.6658237888040632,0.8358289120223763,1.0,12.44976076555024,209
mobility,traffic_speed_eps1.0,uniform,1.0,8,4,4.0,4,0,0.0,242.20961540825158,2.0184134617354297,0.8480896556928463,1.0,12.44976076555024,209
mobility,traffic_speed_eps1.0,uniform,1.0,8,4,8.0,4,0,0.0,121.13789677643736,1.009482473136978,0.8129135805019919,1.0,12.44976076555024,209
mobility,traffic_speed_eps1.0,uniform,1.0,8,4,16.0,4,0,0.0,79.89885465648759,0.6658237888040632,0.8358289120223763,1.0,12.44976076555024,209
mobility,traffic_speed_eps1.0,uniform,1.0,8,6,,4,0,0.0,79.89885465648759,0.6658237888040632,0.8358289120223763,1.0,12.44976076555024,209
mobility,traffic_speed_eps1.0,uniform,1.0,8,6,8.0,4,0,0.0,121.13789677643736,1.009482473136978,0.8129135805019919,1.0,12.44976076555024,209
mobility,traffic_speed_eps1.0,uniform,1.0,8,6,16.0,4,0,0.0,79.89885465648759,0.6658237888040632,0.8358289120223763,1.0,12.44976076555024,209
mobility,traffic_speed_eps1.0,uniform,1.0,8,1,,4,2,0.0,79.89885465648759,0.6658237888040632,0.8358289120223763,1.0,12.44976076555024,209
mobility,traffic_speed_eps1.0,uniform,1.0,8,1,4.0,4,2,0.0,242.20961540825158,2.0184134617354297,0.8480896556928463,1.0,12.44976076555024,209
mobility,traffic_speed_eps1.0,uniform,1.0,8,1,8.0,4,2,0.0,121.13789677643736,1.009482473136978,0.8129135805019919,1.0,12.44976076555024,209
mobility,traffic_speed_eps1.0,uniform,1.0,8,1,16.0,4,2,0.0,79.89885465648759,0.6658237888040632,0.8358289120223763,1.0,12.44976076555024,209
mobility,traffic_speed_eps1.0,uniform,1.0,8,2,,4,2,0.0,79.89885465648759,0.6658237888040632,0.8358289120223763,1.0,12.44976076555024,209
mobility,traffic_speed_eps1.0,uniform,1.0,8,2,4.0,4,2,0.0,242.20961540825158,2.0184134617354297,0.8480896556928463,1.0,12.44976076555024,209
mobility,traffic_speed_eps1.0,uniform,1.0,8,2,8.0,4,2,0.0,121.13789677643736,1.009482473136978,0.8129135805019919,1.0,12.44976076555024,209
mobility,traffic_speed_eps1.0,uniform,1.0,8,2,16.0,4,2,0.0,79.89885465648759,0.6658237888040632,0.8358289120223763,1.0,12.44976076555024,209
mobility,traffic_speed_eps1.0,uniform,1.0,8,3,,4,2,0.0,79.89885465648759,0.6658237888040632,0.8358289120223763,1.0,12.44976076555024,209
mobility,traffic_speed_eps1.0,uniform,1.0,8,3,4.0,4,2,0.0,242.20961540825158,2.0184134617354297,0.8480896556928463,1.0,12.44976076555024,209
mobility,traffic_speed_eps1.0,uniform,1.0,8,3,8.0,4,2,0.0,121.13789677643736,1.009482473136978,0.8129135805019919,1.0,12.44976076555024,209
mobility,traffic_speed_eps1.0,uniform,1.0,8,3,16.0,4,2,0.0,79.89885465648759,0.6658237888040632,0.8358289120223763,1.0,12.44976076555024,209
mobility,traffic_speed_eps1.0,uniform,1.0,8,4,,4,2,0.0,79.89885465648759,0.6658237888040632,0.8358289120223763,1.0,12.44976076555024,209
mobility,traffic_speed_eps1.0,uniform,1.0,8,4,4.0,4,2,0.0,242.20961540825158,2.0184134617354297,0.8480896556928463,1.0,12.44976076555024,209
mobility,traffic_speed_eps1.0,uniform,1.0,8,4,8.0,4,2,0.0,121.13789677643736,1.009482473136978,0.8129135805019919,1.0,12.44976076555024,209
mobility,traffic_speed_eps1.0,uniform,1.0,8,4,16.0,4,2,0.0,79.89885465648759,0.6658237888040632,0.8358289120223763,1.0,12.44976076555024,209
mobility,traffic_speed_eps1.0,uniform,1.0,8,6,,4,2,0.0,79.89885465648759,0.6658237888040632,0.8358289120223763,1.0,12.44976076555024,209
mobility,traffic_speed_eps1.0,uniform,1.0,8,6,8.0,4,2,0.0,121.13789677643736,1.009482473136978,0.8129135805019919,1.0,12.44976076555024,209
mobility,traffic_speed_eps1.0,uniform,1.0,8,6,16.0,4,2,0.0,79.89885465648759,0.6658237888040632,0.8358289120223763,1.0,12.44976076555024,209
mobility,traffic_speed_eps1.0,uniform,1.0,8,1,,4,4,0.0,79.89885465648759,0.6658237888040632,0.8358289120223763,1.0,12.44976076555024,209
mobility,traffic_speed_eps1.0,uniform,1.0,8,1,4.0,4,4,0.0,242.20961540825158,2.0184134617354297,0.8480896556928463,1.0,12.44976076555024,209
mobility,traffic_speed_eps1.0,uniform,1.0,8,1,8.0,4,4,0.0,121.13789677643736,1.009482473136978,0.8129135805019919,1.0,12.44976076555024,209
mobility,traffic_speed_eps1.0,uniform,1.0,8,1,16.0,4,4,0.0,79.89885465648759,0.6658237888040632,0.8358289120223763,1.0,12.44976076555024,209
mobility,traffic_speed_eps1.0,uniform,1.0,8,2,,4,4,0.0,79.89885465648759,0.6658237888040632,0.8358289120223763,1.0,12.44976076555024,209
mobility,traffic_speed_eps1.0,uniform,1.0,8,2,4.0,4,4,0.0,242.20961540825158,2.0184134617354297,0.8480896556928463,1.0,12.44976076555024,209
mobility,traffic_speed_eps1.0,uniform,1.0,8,2,8.0,4,4,0.0,121.13789677643736,1.009482473136978,0.8129135805019919,1.0,12.44976076555024,209
mobility,traffic_speed_eps1.0,uniform,1.0,8,2,16.0,4,4,0.0,79.89885465648759,0.6658237888040632,0.8358289120223763,1.0,12.44976076555024,209
mobility,traffic_speed_eps1.0,uniform,1.0,8,3,,4,4,0.0,79.89885465648759,0.6658237888040632,0.8358289120223763,1.0,12.44976076555024,209
mobility,traffic_speed_eps1.0,uniform,1.0,8,3,4.0,4,4,0.0,242.20961540825158,2.0184134617354297,0.8480896556928463,1.0,12.44976076555024,209
mobility,traffic_speed_eps1.0,uniform,1.0,8,3,8.0,4,4,0.0,121.13789677643736,1.009482473136978,0.8129135805019919,1.0,12.44976076555024,209
mobility,traffic_speed_eps1.0,uniform,1.0,8,3,16.0,4,4,0.0,79.89885465648759,0.6658237888040632,0.8358289120223763,1.0,12.44976076555024,209
mobility,traffic_speed_eps1.0,uniform,1.0,8,4,,4,4,0.0,79.89885465648759,0.6658237888040632,0.8358289120223763,1.0,12.44976076555024,209
mobility,traffic_speed_eps1.0,uniform,1.0,8,4,4.0,4,4,0.0,242.20961540825158,2.0184134617354297,0.8480896556928463,1.0,12.44976076555024,209
mobility,traffic_speed_eps1.0,uniform,1.0,8,4,8.0,4,4,0.0,121.13789677643736,1.009482473136978,0.8129135805019919,1.0,12.44976076555024,209
mobility,traffic_speed_eps1.0,uniform,1.0,8,4,16.0,4,4,0.0,79.89885465648759,0.6658237888040632,0.8358289120223763,1.0,12.44976076555024,209
mobility,traffic_speed_eps1.0,uniform,1.0,8,6,,4,4,0.0,79.89885465648759,0.6658237888040632,0.8358289120223763,1.0,12.44976076555024,209
mobility,traffic_speed_eps1.0,uniform,1.0,8,6,8.0,4,4,0.0,121.13789677643736,1.009482473136978,0.8129135805019919,1.0,12.44976076555024,209
mobility,traffic_speed_eps1.0,uniform,1.0,8,6,16.0,4,4,0.0,79.89885465648759,0.6658237888040632,0.8358289120223763,1.0,12.44976076555024,209
mobility,traffic_speed_eps1.0,sample,1.0,8,1,,1,0,0.0,25.35240582444213,0.21127004853701775,0.3347274871536977,0.12589928057553956,5.08273381294964,834
mobility,traffic_speed_eps1.0,sample,1.0,8,1,4.0,1,0,0.0,30.33673256086844,0.2528061046739037,0.5289494162798273,0.12589928057553956,5.08273381294964,834
mobility,traffic_speed_eps1.0,sample,1.0,8,1,8.0,1,0,0.0,25.35240582444213,0.21127004853701775,0.3347274871536977,0.12589928057553956,5.08273381294964,834
mobility,traffic_speed_eps1.0,sample,1.0,8,1,16.0,1,0,0.0,25.35240582444213,0.21127004853701775,0.3347274871536977,0.12589928057553956,5.08273381294964,834
mobility,traffic_speed_eps1.0,sample,1.0,8,2,,1,0,0.0,25.35240582444213,0.21127004853701775,0.3347274871536977,0.12589928057553956,5.08273381294964,834
mobility,traffic_speed_eps1.0,sample,1.0,8,2,4.0,1,0,0.0,30.33673256086844,0.2528061046739037,0.5289494162798273,0.12589928057553956,5.08273381294964,834
mobility,traffic_speed_eps1.0,sample,1.0,8,2,8.0,1,0,0.0,25.35240582444213,0.21127004853701775,0.3347274871536977,0.12589928057553956,5.08273381294964,834
mobility,traffic_speed_eps1.0,sample,1.0,8,2,16.0,1,0,0.0,25.35240582444213,0.21127004853701775,0.3347274871536977,0.12589928057553956,5.08273381294964,834
mobility,traffic_speed_eps1.0,sample,1.0,8,3,,1,0,0.0,25.35240582444213,0.21127004853701775,0.3347274871536977,0.12589928057553956,5.08273381294964,834
mobility,traffic_speed_eps1.0,sample,1.0,8,3,4.0,1,0,0.0,30.33673256086844,0.2528061046739037,0.5289494162798273,0.12589928057553956,5.08273381294964,834
mobility,traffic_speed_eps1.0,sample,1.0,8,3,8.0,1,0,0.0,25.35240582444213,0.21127004853701775,0.3347274871536977,0.12589928057553956,5.08273381294964,834
mobility,traffic_speed_eps1.0,sample,1.0,8,3,16.0,1,0,0.0,25.35240582444213,0.21127004853701775,0.3347274871536977,0.12589928057553956,5.08273381294964,834
mobility,traffic_speed_eps1.0,sample,1.0,8,4,,1,0,0.0,25.35240582444213,0.21127004853701775,0.3347274871536977,0.12589928057553956,5.08273381294964,834
mobility,traffic_speed_eps1.0,sample,1.0,8,4,4.0,1,0,0.0,30.33673256086844,0.2528061046739037,0.5289494162798273,0.12589928057553956,5.08273381294964,834
mobility,traffic_speed_eps1.0,sample,1.0,8,4,8.0,1,0,0.0,25.35240582444213,0.21127004853701775,0.3347274871536977,0.12589928057553956,5.08273381294964,834
mobility,traffic_speed_eps1.0,sample,1.0,8,4,16.0,1,0,0.0,25.35240582444213,0.21127004853701775,0.3347274871536977,0.12589928057553956,5.08273381294964,834
mobility,traffic_speed_eps1.0,sample,1.0,8,6,,1,0,0.0,25.35240582444213,0.21127004853701775,0.3347274871536977,0.12589928057553956,5.08273381294964,834
mobility,traffic_speed_eps1.0,sample,1.0,8,6,8.0,1,0,0.0,25.35240582444213,0.21127004853701775,0.3347274871536977,0.12589928057553956,5.08273381294964,834
mobility,traffic_speed_eps1.0,sample,1.0,8,6,16.0,1,0,0.0,25.35240582444213,0.21127004853701775,0.3347274871536977,0.12589928057553956,5.08273381294964,834
mobility,traffic_speed_eps1.0,sample,1.0,8,1,,1,2,0.0,25.35240582444213,0.21127004853701775,0.3347274871536977,0.12589928057553956,5.08273381294964,834
mobility,traffic_speed_eps1.0,sample,1.0,8,1,4.0,1,2,0.0,30.33673256086844,0.2528061046739037,0.5289494162798273,0.12589928057553956,5.08273381294964,834
mobility,traffic_speed_eps1.0,sample,1.0,8,1,8.0,1,2,0.0,25.35240582444213,0.21127004853701775,0.3347274871536977,0.12589928057553956,5.08273381294964,834
mobility,traffic_speed_eps1.0,sample,1.0,8,1,16.0,1,2,0.0,25.35240582444213,0.21127004853701775,0.3347274871536977,0.12589928057553956,5.08273381294964,834
mobility,traffic_speed_eps1.0,sample,1.0,8,2,,1,2,0.0,25.35240582444213,0.21127004853701775,0.3347274871536977,0.12589928057553956,5.08273381294964,834
mobility,traffic_speed_eps1.0,sample,1.0,8,2,4.0,1,2,0.0,30.33673256086844,0.2528061046739037,0.5289494162798273,0.12589928057553956,5.08273381294964,834
mobility,traffic_speed_eps1.0,sample,1.0,8,2,8.0,1,2,0.0,25.35240582444213,0.21127004853701775,0.3347274871536977,0.12589928057553956,5.08273381294964,834
mobility,traffic_speed_eps1.0,sample,1.0,8,2,16.0,1,2,0.0,25.35240582444213,0.21127004853701775,0.3347274871536977,0.12589928057553956,5.08273381294964,834
mobility,traffic_speed_eps1.0,sample,1.0,8,3,,1,2,0.0,25.35240582444213,0.21127004853701775,0.3347274871536977,0.12589928057553956,5.08273381294964,834
mobility,traffic_speed_eps1.0,sample,1.0,8,3,4.0,1,2,0.0,30.33673256086844,0.2528061046739037,0.5289494162798273,0.12589928057553956,5.08273381294964,834
mobility,traffic_speed_eps1.0,sample,1.0,8,3,8.0,1,2,0.0,25.35240582444213,0.21127004853701775,0.3347274871536977,0.12589928057553956,5.08273381294964,834
mobility,traffic_speed_eps1.0,sample,1.0,8,3,16.0,1,2,0.0,25.35240582444213,0.21127004853701775,0.3347274871536977,0.12589928057553956,5.08273381294964,834
mobility,traffic_speed_eps1.0,sample,1.0,8,4,,1,2,0.0,25.837858407968813,0.21531548673307344,0.3553817161360086,0.125,5.212871287128713,808
mobility,traffic_speed_eps1.0,sample,1.0,8,4,4.0,1,2,0.0,30.722034172786188,0.2560169514398849,0.32918615594408795,0.125,5.212871287128713,808
mobility,traffic_speed_eps1.0,sample,1.0,8,4,8.0,1,2,0.0,25.83948463371982,0.21532903861433184,0.3553817161360086,0.125,5.212871287128713,808
mobility,traffic_speed_eps1.0,sample,1.0,8,4,16.0,1,2,0.0,25.837858407968813,0.21531548673307344,0.3553817161360086,0.125,5.212871287128713,808
mobility,traffic_speed_eps1.0,sample,1.0,8,6,,1,2,0.0,16.799964688197264,0.1399997057349772,0.38413830765618845,0.12625250501002003,7.462925851703407,499
mobility,traffic_speed_eps1.0,sample,1.0,8,6,8.0,1,2,0.0,17.22127055249141,0.14351058793742844,0.38386596283701346,0.12625250501002003,7.462925851703407,499
mobility,traffic_speed_eps1.0,sample,1.0,8,6,16.0,1,2,0.0,16.799964688197264,0.1399997057349772,0.38413830765618845,0.12625250501002003,7.462925851703407,499
mobility,traffic_speed_eps1.0,sample,1.0,8,1,,1,4,0.0,25.35240582444213,0.21127004853701775,0.3347274871536977,0.12589928057553956,5.08273381294964,834
mobility,traffic_speed_eps1.0,sample,1.0,8,1,4.0,1,4,0.0,30.33673256086844,0.2528061046739037,0.5289494162798273,0.12589928057553956,5.08273381294964,834
mobility,traffic_speed_eps1.0,sample,1.0,8,1,8.0,1,4,0.0,25.35240582444213,0.21127004853701775,0.3347274871536977,0.12589928057553956,5.08273381294964,834
mobility,traffic_speed_eps1.0,sample,1.0,8,1,16.0,1,4,0.0,25.35240582444213,0.21127004853701775,0.3347274871536977,0.12589928057553956,5.08273381294964,834
mobility,traffic_speed_eps1.0,sample,1.0,8,2,,1,4,0.0,25.35240582444213,0.21127004853701775,0.3347274871536977,0.12589928057553956,5.08273381294964,834
mobility,traffic_speed_eps1.0,sample,1.0,8,2,4.0,1,4,0.0,30.33673256086844,0.2528061046739037,0.5289494162798273,0.12589928057553956,5.08273381294964,834
mobility,traffic_speed_eps1.0,sample,1.0,8,2,8.0,1,4,0.0,25.35240582444213,0.21127004853701775,0.3347274871536977,0.12589928057553956,5.08273381294964,834
mobility,traffic_speed_eps1.0,sample,1.0,8,2,16.0,1,4,0.0,25.35240582444213,0.21127004853701775,0.3347274871536977,0.12589928057553956,5.08273381294964,834
mobility,traffic_speed_eps1.0,sample,1.0,8,3,,1,4,0.0,25.35240582444213,0.21127004853701775,0.3347274871536977,0.12589928057553956,5.08273381294964,834
mobility,traffic_speed_eps1.0,sample,1.0,8,3,4.0,1,4,0.0,30.33673256086844,0.2528061046739037,0.5289494162798273,0.12589928057553956,5.08273381294964,834
mobility,traffic_speed_eps1.0,sample,1.0,8,3,8.0,1,4,0.0,25.35240582444213,0.21127004853701775,0.3347274871536977,0.12589928057553956,5.08273381294964,834
mobility,traffic_speed_eps1.0,sample,1.0,8,3,16.0,1,4,0.0,25.35240582444213,0.21127004853701775,0.3347274871536977,0.12589928057553956,5.08273381294964,834
mobility,traffic_speed_eps1.0,sample,1.0,8,4,,1,4,0.0,25.837858407968813,0.21531548673307344,0.3553817161360086,0.125,5.212871287128713,808
mobility,traffic_speed_eps1.0,sample,1.0,8,4,4.0,1,4,0.0,30.722034172786188,0.2560169514398849,0.32918615594408795,0.125,5.212871287128713,808
mobility,traffic_speed_eps1.0,sample,1.0,8,4,8.0,1,4,0.0,25.83948463371982,0.21532903861433184,0.3553817161360086,0.125,5.212871287128713,808
mobility,traffic_speed_eps1.0,sample,1.0,8,4,16.0,1,4,0.0,25.837858407968813,0.21531548673307344,0.3553817161360086,0.125,5.212871287128713,808
mobility,traffic_speed_eps1.0,sample,1.0,8,6,,1,4,0.0,16.799964688197264,0.1399997057349772,0.38413830765618845,0.12625250501002003,7.462925851703407,499
mobility,traffic_speed_eps1.0,sample,1.0,8,6,8.0,1,4,0.0,17.22127055249141,0.14351058793742844,0.38386596283701346,0.12625250501002003,7.462925851703407,499
mobility,traffic_speed_eps1.0,sample,1.0,8,6,16.0,1,4,0.0,16.799964688197264,0.1399997057349772,0.38413830765618845,0.12625250501002003,7.462925851703407,499
mobility,traffic_speed_eps1.0,sample,1.0,8,1,,2,0,0.0,14.782554077369701,0.12318795064474751,0.364948149755339,0.12709832134292565,8.57074340527578,417
mobility,traffic_speed_eps1.0,sample,1.0,8,1,4.0,2,0,0.0,27.109698499722228,0.2259141541643519,0.4894708457049064,0.12709832134292565,8.57074340527578,417
mobility,traffic_speed_eps1.0,sample,1.0,8,1,8.0,2,0,0.0,15.605472332636321,0.13004560277196933,0.47840850796387446,0.12709832134292565,8.57074340527578,417
mobility,traffic_speed_eps1.0,sample,1.0,8,1,16.0,2,0,0.0,14.782554077369701,0.12318795064474751,0.364948149755339,0.12709832134292565,8.57074340527578,417
mobility,traffic_speed_eps1.0,sample,1.0,8,2,,2,0,0.0,14.782554077369701,0.12318795064474751,0.364948149755339,0.12709832134292565,8.57074340527578,417
mobility,traffic_speed_eps1.0,sample,1.0,8,2,4.0,2,0,0.0,27.109698499722228,0.2259141541643519,0.4894708457049064,0.12709832134292565,8.57074340527578,417
mobility,traffic_speed_eps1.0,sample,1.0,8,2,8.0,2,0,0.0,15.605472332636321,0.13004560277196933,0.47840850796387446,0.12709832134292565,8.57074340527578,417
mobility,traffic_speed_eps1.0,sample,1.0,8,2,16.0,2,0,0.0,14.782554077369701,0.12318795064474751,0.364948149755339,0.12709832134292565,8.57074340527578,417
mobility,traffic_speed_eps1.0,sample,1.0,8,3,,2,0,0.0,14.782554077369701,0.12318795064474751,0.364948149755339,0.12709832134292565,8.57074340527578,417
mobility,traffic_speed_eps1.0,sample,1.0,8,3,4.0,2,0,0.0,27.109698499722228,0.2259141541643519,0.4894708457049064,0.12709832134292565,8.57074340527578,417
mobility,traffic_speed_eps1.0,sample,1.0,8,3,8.0,2,0,0.0,15.605472332636321,0.13004560277196933,0.47840850796387446,0.12709832134292565,8.57074340527578,417
mobility,traffic_speed_eps1.0,sample,1.0,8,3,16.0,2,0,0.0,14.782554077369701,0.12318795064474751,0.364948149755339,0.12709832134292565,8.57074340527578,417
mobility,traffic_speed_eps1.0,sample,1.0,8,4,,2,0,0.0,14.782554077369701,0.12318795064474751,0.364948149755339,0.12709832134292565,8.57074340527578,417
mobility,traffic_speed_eps1.0,sample,1.0,8,4,4.0,2,0,0.0,27.109698499722228,0.2259141541643519,0.4894708457049064,0.12709832134292565,8.57074340527578,417
mobility,traffic_speed_eps1.0,sample,1.0,8,4,8.0,2,0,0.0,15.605472332636321,0.13004560277196933,0.47840850796387446,0.12709832134292565,8.57074340527578,417
mobility,traffic_speed_eps1.0,sample,1.0,8,4,16.0,2,0,0.0,14.782554077369701,0.12318795064474751,0.364948149755339,0.12709832134292565,8.57074340527578,417
mobility,traffic_speed_eps1.0,sample,1.0,8,6,,2,0,0.0,14.782554077369701,0.12318795064474751,0.364948149755339,0.12709832134292565,8.57074340527578,417
mobility,traffic_speed_eps1.0,sample,1.0,8,6,8.0,2,0,0.0,15.605472332636321,0.13004560277196933,0.47840850796387446,0.12709832134292565,8.57074340527578,417
mobility,traffic_speed_eps1.0,sample,1.0,8,6,16.0,2,0,0.0,14.782554077369701,0.12318795064474751,0.364948149755339,0.12709832134292565,8.57074340527578,417
mobility,traffic_speed_eps1.0,sample,1.0,8,1,,2,2,0.0,14.782554077369701,0.12318795064474751,0.364948149755339,0.12709832134292565,8.57074340527578,417
mobility,traffic_speed_eps1.0,sample,1.0,8,1,4.0,2,2,0.0,27.109698499722228,0.2259141541643519,0.4894708457049064,0.12709832134292565,8.57074340527578,417
mobility,traffic_speed_eps1.0,sample,1.0,8,1,8.0,2,2,0.0,15.605472332636321,0.13004560277196933,0.47840850796387446,0.12709832134292565,8.57074340527578,417
mobility,traffic_speed_eps1.0,sample,1.0,8,1,16.0,2,2,0.0,14.782554077369701,0.12318795064474751,0.364948149755339,0.12709832134292565,8.57074340527578,417
mobility,traffic_speed_eps1.0,sample,1.0,8,2,,2,2,0.0,14.782554077369701,0.12318795064474751,0.364948149755339,0.12709832134292565,8.57074340527578,417
mobility,traffic_speed_eps1.0,sample,1.0,8,2,4.0,2,2,0.0,27.109698499722228,0.2259141541643519,0.4894708457049064,0.12709832134292565,8.57074340527578,417
mobility,traffic_speed_eps1.0,sample,1.0,8,2,8.0,2,2,0.0,15.605472332636321,0.13004560277196933,0.47840850796387446,0.12709832134292565,8.57074340527578,417
mobility,traffic_speed_eps1.0,sample,1.0,8,2,16.0,2,2,0.0,14.782554077369701,0.12318795064474751,0.364948149755339,0.12709832134292565,8.57074340527578,417
mobility,traffic_speed_eps1.0,sample,1.0,8,3,,2,2,0.0,14.782554077369701,0.12318795064474751,0.364948149755339,0.12709832134292565,8.57074340527578,417
mobility,traffic_speed_eps1.0,sample,1.0,8,3,4.0,2,2,0.0,27.109698499722228,0.2259141541643519,0.4894708457049064,0.12709832134292565,8.57074340527578,417
mobility,traffic_speed_eps1.0,sample,1.0,8,3,8.0,2,2,0.0,15.605472332636321,0.13004560277196933,0.47840850796387446,0.12709832134292565,8.57074340527578,417
mobility,traffic_speed_eps1.0,sample,1.0,8,3,16.0,2,2,0.0,14.782554077369701,0.12318795064474751,0.364948149755339,0.12709832134292565,8.57074340527578,417
mobility,traffic_speed_eps1.0,sample,1.0,8,4,,2,2,0.0,14.782554077369701,0.12318795064474751,0.364948149755339,0.12709832134292565,8.57074340527578,417
mobility,traffic_speed_eps1.0,sample,1.0,8,4,4.0,2,2,0.0,27.109698499722228,0.2259141541643519,0.4894708457049064,0.12709832134292565,8.57074340527578,417
mobility,traffic_speed_eps1.0,sample,1.0,8,4,8.0,2,2,0.0,15.605472332636321,0.13004560277196933,0.47840850796387446,0.12709832134292565,8.57074340527578,417
mobility,traffic_speed_eps1.0,sample,1.0,8,4,16.0,2,2,0.0,14.782554077369701,0.12318795064474751,0.364948149755339,0.12709832134292565,8.57074340527578,417
mobility,traffic_speed_eps1.0,sample,1.0,8,6,,2,2,0.0,14.42495339563398,0.12020794496361649,0.46270628525068414,0.12590799031476999,8.624697336561743,413
mobility,traffic_speed_eps1.0,sample,1.0,8,6,8.0,2,2,0.0,15.46420769373675,0.12886839744780626,0.48697870045286323,0.12590799031476999,8.624697336561743,413
mobility,traffic_speed_eps1.0,sample,1.0,8,6,16.0,2,2,0.0,14.42495339563398,0.12020794496361649,0.46270628525068414,0.12590799031476999,8.624697336561743,413
mobility,traffic_speed_eps1.0,sample,1.0,8,1,,2,4,0.0,14.782554077369701,0.12318795064474751,0.364948149755339,0.12709832134292565,8.57074340527578,417
mobility,traffic_speed_eps1.0,sample,1.0,8,1,4.0,2,4,0.0,27.109698499722228,0.2259141541643519,0.4894708457049064,0.12709832134292565,8.57074340527578,417
mobility,traffic_speed_eps1.0,sample,1.0,8,1,8.0,2,4,0.0,15.605472332636321,0.13004560277196933,0.47840850796387446,0.12709832134292565,8.57074340527578,417
mobility,traffic_speed_eps1.0,sample,1.0,8,1,16.0,2,4,0.0,14.782554077369701,0.12318795064474751,0.364948149755339,0.12709832134292565,8.57074340527578,417
mobility,traffic_speed_eps1.0,sample,1.0,8,2,,2,4,0.0,14.782554077369701,0.12318795064474751,0.364948149755339,0.12709832134292565,8.57074340527578,417
mobility,traffic_speed_eps1.0,sample,1.0,8,2,4.0,2,4,0.0,27.109698499722228,0.2259141541643519,0.4894708457049064,0.12709832134292565,8.57074340527578,417
mobility,traffic_speed_eps1.0,sample,1.0,8,2,8.0,2,4,0.0,15.605472332636321,0.13004560277196933,0.47840850796387446,0.12709832134292565,8.57074340527578,417
mobility,traffic_speed_eps1.0,sample,1.0,8,2,16.0,2,4,0.0,14.782554077369701,0.12318795064474751,0.364948149755339,0.12709832134292565,8.57074340527578,417
mobility,traffic_speed_eps1.0,sample,1.0,8,3,,2,4,0.0,14.782554077369701,0.12318795064474751,0.364948149755339,0.12709832134292565,8.57074340527578,417
mobility,traffic_speed_eps1.0,sample,1.0,8,3,4.0,2,4,0.0,27.109698499722228,0.2259141541643519,0.4894708457049064,0.12709832134292565,8.57074340527578,417
mobility,traffic_speed_eps1.0,sample,1.0,8,3,8.0,2,4,0.0,15.605472332636321,0.13004560277196933,0.47840850796387446,0.12709832134292565,8.57074340527578,417
mobility,traffic_speed_eps1.0,sample,1.0,8,3,16.0,2,4,0.0,14.782554077369701,0.12318795064474751,0.364948149755339,0.12709832134292565,8.57074340527578,417
mobility,traffic_speed_eps1.0,sample,1.0,8,4,,2,4,0.0,14.782554077369701,0.12318795064474751,0.364948149755339,0.12709832134292565,8.57074340527578,417
mobility,traffic_speed_eps1.0,sample,1.0,8,4,4.0,2,4,0.0,27.109698499722228,0.2259141541643519,0.4894708457049064,0.12709832134292565,8.57074340527578,417
mobility,traffic_speed_eps1.0,sample,1.0,8,4,8.0,2,4,0.0,15.605472332636321,0.13004560277196933,0.47840850796387446,0.12709832134292565,8.57074340527578,417
mobility,traffic_speed_eps1.0,sample,1.0,8,4,16.0,2,4,0.0,14.782554077369701,0.12318795064474751,0.364948149755339,0.12709832134292565,8.57074340527578,417
mobility,traffic_speed_eps1.0,sample,1.0,8,6,,2,4,0.0,14.42495339563398,0.12020794496361649,0.46270628525068414,0.12590799031476999,8.624697336561743,413
mobility,traffic_speed_eps1.0,sample,1.0,8,6,8.0,2,4,0.0,15.46420769373675,0.12886839744780626,0.48697870045286323,0.12590799031476999,8.624697336561743,413
mobility,traffic_speed_eps1.0,sample,1.0,8,6,16.0,2,4,0.0,14.42495339563398,0.12020794496361649,0.46270628525068414,0.12590799031476999,8.624697336561743,413
mobility,traffic_speed_eps1.0,sample,1.0,8,1,,4,0,0.0,9.34110696400912,0.07784255803340932,0.23187698763503134,0.1291866028708134,12.44976076555024,209
mobility,traffic_speed_eps1.0,sample,1.0,8,1,4.0,4,0,0.0,24.526936303214743,0.20439113586012286,0.9367160370766127,0.1291866028708134,12.44976076555024,209
mobility,traffic_speed_eps1.0,sample,1.0,8,1,8.0,4,0,0.0,12.570547027118835,0.10475455855932363,0.648554153104569,0.1291866028708134,12.44976076555024,209
mobility,traffic_speed_eps1.0,sample,1.0,8,1,16.0,4,0,0.0,9.34110696400912,0.07784255803340932,0.23187698763503134,0.1291866028708134,12.44976076555024,209
mobility,traffic_speed_eps1.0,sample,1.0,8,2,,4,0,0.0,9.34110696400912,0.07784255803340932,0.23187698763503134,0.1291866028708134,12.44976076555024,209
mobility,traffic_speed_eps1.0,sample,1.0,8,2,4.0,4,0,0.0,24.526936303214743,0.20439113586012286,0.9367160370766127,0.1291866028708134,12.44976076555024,209
mobility,traffic_speed_eps1.0,sample,1.0,8,2,8.0,4,0,0.0,12.570547027118835,0.10475455855932363,0.648554153104569,0.1291866028708134,12.44976076555024,209
mobility,traffic_speed_eps1.0,sample,1.0,8,2,16.0,4,0,0.0,9.34110696400912,0.07784255803340932,0.23187698763503134,0.1291866028708134,12.44976076555024,209
mobility,traffic_speed_eps1.0,sample,1.0,8,3,,4,0,0.0,9.34110696400912,0.07784255803340932,0.23187698763503134,0.1291866028708134,12.44976076555024,209
mobility,traffic_speed_eps1.0,sample,1.0,8,3,4.0,4,0,0.0,24.526936303214743,0.20439113586012286,0.9367160370766127,0.1291866028708134,12.44976076555024,209
mobility,traffic_speed_eps1.0,sample,1.0,8,3,8.0,4,0,0.0,12.570547027118835,0.10475455855932363,0.648554153104569,0.1291866028708134,12.44976076555024,209
mobility,traffic_speed_eps1.0,sample,1.0,8,3,16.0,4,0,0.0,9.34110696400912,0.07784255803340932,0.23187698763503134,0.1291866028708134,12.44976076555024,209
mobility,traffic_speed_eps1.0,sample,1.0,8,4,,4,0,0.0,9.34110696400912,0.07784255803340932,0.23187698763503134,0.1291866028708134,12.44976076555024,209
mobility,traffic_speed_eps1.0,sample,1.0,8,4,4.0,4,0,0.0,24.526936303214743,0.20439113586012286,0.9367160370766127,0.1291866028708134,12.44976076555024,209
mobility,traffic_speed_eps1.0,sample,1.0,8,4,8.0,4,0,0.0,12.570547027118835,0.10475455855932363,0.648554153104569,0.1291866028708134,12.44976076555024,209
mobility,traffic_speed_eps1.0,sample,1.0,8,4,16.0,4,0,0.0,9.34110696400912,0.07784255803340932,0.23187698763503134,0.1291866028708134,12.44976076555024,209
mobility,traffic_speed_eps1.0,sample,1.0,8,6,,4,0,0.0,9.34110696400912,0.07784255803340932,0.23187698763503134,0.1291866028708134,12.44976076555024,209
mobility,traffic_speed_eps1.0,sample,1.0,8,6,8.0,4,0,0.0,12.570547027118835,0.10475455855932363,0.648554153104569,0.1291866028708134,12.44976076555024,209
mobility,traffic_speed_eps1.0,sample,1.0,8,6,16.0,4,0,0.0,9.34110696400912,0.07784255803340932,0.23187698763503134,0.1291866028708134,12.44976076555024,209
mobility,traffic_speed_eps1.0,sample,1.0,8,1,,4,2,0.0,9.34110696400912,0.07784255803340932,0.23187698763503134,0.1291866028708134,12.44976076555024,209
mobility,traffic_speed_eps1.0,sample,1.0,8,1,4.0,4,2,0.0,24.526936303214743,0.20439113586012286,0.9367160370766127,0.1291866028708134,12.44976076555024,209
mobility,traffic_speed_eps1.0,sample,1.0,8,1,8.0,4,2,0.0,12.570547027118835,0.10475455855932363,0.648554153104569,0.1291866028708134,12.44976076555024,209
mobility,traffic_speed_eps1.0,sample,1.0,8,1,16.0,4,2,0.0,9.34110696400912,0.07784255803340932,0.23187698763503134,0.1291866028708134,12.44976076555024,209
mobility,traffic_speed_eps1.0,sample,1.0,8,2,,4,2,0.0,9.34110696400912,0.07784255803340932,0.23187698763503134,0.1291866028708134,12.44976076555024,209
mobility,traffic_speed_eps1.0,sample,1.0,8,2,4.0,4,2,0.0,24.526936303214743,0.20439113586012286,0.9367160370766127,0.1291866028708134,12.44976076555024,209
mobility,traffic_speed_eps1.0,sample,1.0,8,2,8.0,4,2,0.0,12.570547027118835,0.10475455855932363,0.648554153104569,0.1291866028708134,12.44976076555024,209
mobility,traffic_speed_eps1.0,sample,1.0,8,2,16.0,4,2,0.0,9.34110696400912,0.07784255803340932,0.23187698763503134,0.1291866028708134,12.44976076555024,209
mobility,traffic_speed_eps1.0,sample,1.0,8,3,,4,2,0.0,9.34110696400912,0.07784255803340932,0.23187698763503134,0.1291866028708134,12.44976076555024,209
mobility,traffic_speed_eps1.0,sample,1.0,8,3,4.0,4,2,0.0,24.526936303214743,0.20439113586012286,0.9367160370766127,0.1291866028708134,12.44976076555024,209
mobility,traffic_speed_eps1.0,sample,1.0,8,3,8.0,4,2,0.0,12.570547027118835,0.10475455855932363,0.648554153104569,0.1291866028708134,12.44976076555024,209
mobility,traffic_speed_eps1.0,sample,1.0,8,3,16.0,4,2,0.0,9.34110696400912,0.07784255803340932,0.23187698763503134,0.1291866028708134,12.44976076555024,209
mobility,traffic_speed_eps1.0,sample,1.0,8,4,,4,2,0.0,9.34110696400912,0.07784255803340932,0.23187698763503134,0.1291866028708134,12.44976076555024,209
mobility,traffic_speed_eps1.0,sample,1.0,8,4,4.0,4,2,0.0,24.526936303214743,0.20439113586012286,0.9367160370766127,0.1291866028708134,12.44976076555024,209
mobility,traffic_speed_eps1.0,sample,1.0,8,4,8.0,4,2,0.0,12.570547027118835,0.10475455855932363,0.648554153104569,0.1291866028708134,12.44976076555024,209
mobility,traffic_speed_eps1.0,sample,1.0,8,4,16.0,4,2,0.0,9.34110696400912,0.07784255803340932,0.23187698763503134,0.1291866028708134,12.44976076555024,209
mobility,traffic_speed_eps1.0,sample,1.0,8,6,,4,2,0.0,9.34110696400912,0.07784255803340932,0.23187698763503134,0.1291866028708134,12.44976076555024,209
mobility,traffic_speed_eps1.0,sample,1.0,8,6,8.0,4,2,0.0,12.570547027118835,0.10475455855932363,0.648554153104569,0.1291866028708134,12.44976076555024,209
mobility,traffic_speed_eps1.0,sample,1.0,8,6,16.0,4,2,0.0,9.34110696400912,0.07784255803340932,0.23187698763503134,0.1291866028708134,12.44976076555024,209
mobility,traffic_speed_eps1.0,sample,1.0,8,1,,4,4,0.0,9.34110696400912,0.07784255803340932,0.23187698763503134,0.1291866028708134,12.44976076555024,209
mobility,traffic_speed_eps1.0,sample,1.0,8,1,4.0,4,4,0.0,24.526936303214743,0.20439113586012286,0.9367160370766127,0.1291866028708134,12.44976076555024,209
mobility,traffic_speed_eps1.0,sample,1.0,8,1,8.0,4,4,0.0,12.570547027118835,0.10475455855932363,0.648554153104569,0.1291866028708134,12.44976076555024,209
mobility,traffic_speed_eps1.0,sample,1.0,8,1,16.0,4,4,0.0,9.34110696400912,0.07784255803340932,0.23187698763503134,0.1291866028708134,12.44976076555024,209
mobility,traffic_speed_eps1.0,sample,1.0,8,2,,4,4,0.0,9.34110696400912,0.07784255803340932,0.23187698763503134,0.1291866028708134,12.44976076555024,209
mobility,traffic_speed_eps1.0,sample,1.0,8,2,4.0,4,4,0.0,24.526936303214743,0.20439113586012286,0.9367160370766127,0.1291866028708134,12.44976076555024,209
mobility,traffic_speed_eps1.0,sample,1.0,8,2,8.0,4,4,0.0,12.570547027118835,0.10475455855932363,0.648554153104569,0.1291866028708134,12.44976076555024,209
mobility,traffic_speed_eps1.0,sample,1.0,8,2,16.0,4,4,0.0,9.34110696400912,0.07784255803340932,0.23187698763503134,0.1291866028708134,12.44976076555024,209
mobility,traffic_speed_eps1.0,sample,1.0,8,3,,4,4,0.0,9.34110696400912,0.07784255803340932,0.23187698763503134,0.1291866028708134,12.44976076555024,209
mobility,traffic_speed_eps1.0,sample,1.0,8,3,4.0,4,4,0.0,24.526936303214743,0.20439113586012286,0.9367160370766127,0.1291866028708134,12.44976076555024,209
mobility,traffic_speed_eps1.0,sample,1.0,8,3,8.0,4,4,0.0,12.570547027118835,0.10475455855932363,0.648554153104569,0.1291866028708134,12.44976076555024,209
mobility,traffic_speed_eps1.0,sample,1.0,8,3,16.0,4,4,0.0,9.34110696400912,0.07784255803340932,0.23187698763503134,0.1291866028708134,12.44976076555024,209
mobility,traffic_speed_eps1.0,sample,1.0,8,4,,4,4,0.0,9.34110696400912,0.07784255803340932,0.23187698763503134,0.1291866028708134,12.44976076555024,209
mobility,traffic_speed_eps1.0,sample,1.0,8,4,4.0,4,4,0.0,24.526936303214743,0.20439113586012286,0.9367160370766127,0.1291866028708134,12.44976076555024,209
mobility,traffic_speed_eps1.0,sample,1.0,8,4,8.0,4,4,0.0,12.570547027118835,0.10475455855932363,0.648554153104569,0.1291866028708134,12.44976076555024,209
mobility,traffic_speed_eps1.0,sample,1.0,8,4,16.0,4,4,0.0,9.34110696400912,0.07784255803340932,0.23187698763503134,0.1291866028708134,12.44976076555024,209
mobility,traffic_speed_eps1.0,sample,1.0,8,6,,4,4,0.0,9.34110696400912,0.07784255803340932,0.23187698763503134,0.1291866028708134,12.44976076555024,209
mobility,traffic_speed_eps1.0,sample,1.0,8,6,8.0,4,4,0.0,12.570547027118835,0.10475455855932363,0.648554153104569,0.1291866028708134,12.44976076555024,209
mobility,traffic_speed_eps1.0,sample,1.0,8,6,16.0,4,4,0.0,9.34110696400912,0.07784255803340932,0.23187698763503134,0.1291866028708134,12.44976076555024,209
mobility,traffic_speed_eps1.0,budget_distribution,1.0,8,1,,1,0,0.0,306.4109912685637,2.553424927238031,0.3853553759400327,0.6546762589928058,5.08273381294964,834
mobility,traffic_speed_eps1.0,budget_distribution,1.0,8,1,4.0,1,0,0.0,373.48529070999643,3.1123774225833034,0.15315139268827957,0.6642685851318945,5.08273381294964,834
mobility,traffic_speed_eps1.0,budget_distribution,1.0,8,1,8.0,1,0,0.0,306.4109912685637,2.553424927238031,0.3853553759400327,0.6546762589928058,5.08273381294964,834
mobility,traffic_speed_eps1.0,budget_distribution,1.0,8,1,16.0,1,0,0.0,306.4109912685637,2.553424927238031,0.3853553759400327,0.6546762589928058,5.08273381294964,834
mobility,traffic_speed_eps1.0,budget_distribution,1.0,8,2,,1,0,0.0,306.4109912685637,2.553424927238031,0.3853553759400327,0.6546762589928058,5.08273381294964,834
mobility,traffic_speed_eps1.0,budget_distribution,1.0,8,2,4.0,1,0,0.0,373.48529070999643,3.1123774225833034,0.15315139268827957,0.6642685851318945,5.08273381294964,834
mobility,traffic_speed_eps1.0,budget_distribution,1.0,8,2,8.0,1,0,0.0,306.4109912685637,2.553424927238031,0.3853553759400327,0.6546762589928058,5.08273381294964,834
mobility,traffic_speed_eps1.0,budget_distribution,1.0,8,2,16.0,1,0,0.0,306.4109912685637,2.553424927238031,0.3853553759400327,0.6546762589928058,5.08273381294964,834
mobility,traffic_speed_eps1.0,budget_distribution,1.0,8,3,,1,0,0.0,306.4109912685637,2.553424927238031,0.3853553759400327,0.6546762589928058,5.08273381294964,834
mobility,traffic_speed_eps1.0,budget_distribution,1.0,8,3,4.0,1,0,0.0,373.48529070999643,3.1123774225833034,0.15315139268827957,0.6642685851318945,5.08273381294964,834
mobility,traffic_speed_eps1.0,budget_distribution,1.0,8,3,8.0,1,0,0.0,306.4109912685637,2.553424927238031,0.3853553759400327,0.6546762589928058,5.08273381294964,834
mobility,traffic_speed_eps1.0,budget_distribution,1.0,8,3,16.0,1,0,0.0,306.4109912685637,2.553424927238031,0.3853553759400327,0.6546762589928058,5.08273381294964,834
mobility,traffic_speed_eps1.0,budget_distribution,1.0,8,4,,1,0,0.0,306.4109912685637,2.553424927238031,0.3853553759400327,0.6546762589928058,5.08273381294964,834
mobility,traffic_speed_eps1.0,budget_distribution,1.0,8,4,4.0,1,0,0.0,373.48529070999643,3.1123774225833034,0.15315139268827957,0.6642685851318945,5.08273381294964,834
mobility,traffic_speed_eps1.0,budget_distribution,1.0,8,4,8.0,1,0,0.0,306.4109912685637,2.553424927238031,0.3853553759400327,0.6546762589928058,5.08273381294964,834
mobility,traffic_speed_eps1.0,budget_distribution,1.0,8,4,16.0,1,0,0.0,306.4109912685637,2.553424927238031,0.3853553759400327,0.6546762589928058,5.08273381294964,834
mobility,traffic_speed_eps1.0,budget_distribution,1.0,8,6,,1,0,0.0,306.4109912685637,2.553424927238031,0.3853553759400327,0.6546762589928058,5.08273381294964,834
mobility,traffic_speed_eps1.0,budget_distribution,1.0,8,6,8.0,1,0,0.0,306.4109912685637,2.553424927238031,0.3853553759400327,0.6546762589928058,5.08273381294964,834
mobility,traffic_speed_eps1.0,budget_distribution,1.0,8,6,16.0,1,0,0.0,306.4109912685637,2.553424927238031,0.3853553759400327,0.6546762589928058,5.08273381294964,834
mobility,traffic_speed_eps1.0,budget_distribution,1.0,8,1,,1,2,0.0,306.4109912685637,2.553424927238031,0.3853553759400327,0.6546762589928058,5.08273381294964,834
mobility,traffic_speed_eps1.0,budget_distribution,1.0,8,1,4.0,1,2,0.0,373.48529070999643,3.1123774225833034,0.15315139268827957,0.6642685851318945,5.08273381294964,834
mobility,traffic_speed_eps1.0,budget_distribution,1.0,8,1,8.0,1,2,0.0,306.4109912685637,2.553424927238031,0.3853553759400327,0.6546762589928058,5.08273381294964,834
mobility,traffic_speed_eps1.0,budget_distribution,1.0,8,1,16.0,1,2,0.0,306.4109912685637,2.553424927238031,0.3853553759400327,0.6546762589928058,5.08273381294964,834
mobility,traffic_speed_eps1.0,budget_distribution,1.0,8,2,,1,2,0.0,306.4109912685637,2.553424927238031,0.3853553759400327,0.6546762589928058,5.08273381294964,834
mobility,traffic_speed_eps1.0,budget_distribution,1.0,8,2,4.0,1,2,0.0,373.48529070999643,3.1123774225833034,0.15315139268827957,0.6642685851318945,5.08273381294964,834
mobility,traffic_speed_eps1.0,budget_distribution,1.0,8,2,8.0,1,2,0.0,306.4109912685637,2.553424927238031,0.3853553759400327,0.6546762589928058,5.08273381294964,834
mobility,traffic_speed_eps1.0,budget_distribution,1.0,8,2,16.0,1,2,0.0,306.4109912685637,2.553424927238031,0.3853553759400327,0.6546762589928058,5.08273381294964,834
mobility,traffic_speed_eps1.0,budget_distribution,1.0,8,3,,1,2,0.0,306.4109912685637,2.553424927238031,0.3853553759400327,0.6546762589928058,5.08273381294964,834
mobility,traffic_speed_eps1.0,budget_distribution,1.0,8,3,4.0,1,2,0.0,373.48529070999643,3.1123774225833034,0.15315139268827957,0.6642685851318945,5.08273381294964,834
mobility,traffic_speed_eps1.0,budget_distribution,1.0,8,3,8.0,1,2,0.0,306.4109912685637,2.553424927238031,0.3853553759400327,0.6546762589928058,5.08273381294964,834
mobility,traffic_speed_eps1.0,budget_distribution,1.0,8,3,16.0,1,2,0.0,306.4109912685637,2.553424927238031,0.3853553759400327,0.6546762589928058,5.08273381294964,834
mobility,traffic_speed_eps1.0,budget_distribution,1.0,8,4,,1,2,0.0,282.16166266746467,2.351347188895539,0.4306797705604249,0.6349009900990099,5.212871287128713,808
mobility,traffic_speed_eps1.0,budget_distribution,1.0,8,4,4.0,1,2,0.0,373.11692623803503,3.109307718650292,0.2818580228796849,0.6547029702970297,5.212871287128713,808
mobility,traffic_speed_eps1.0,budget_distribution,1.0,8,4,8.0,1,2,0.0,282.2208240630577,2.351840200525481,0.4306797705604249,0.6349009900990099,5.212871287128713,808
mobility,traffic_speed_eps1.0,budget_distribution,1.0,8,4,16.0,1,2,0.0,282.16166266746467,2.351347188895539,0.4306797705604249,0.6349009900990099,5.212871287128713,808
mobility,traffic_speed_eps1.0,budget_distribution,1.0,8,6,,1,2,0.0,201.71823500614292,1.6809852917178576,0.136474852916939,0.6412825651302605,7.462925851703407,499
mobility,traffic_speed_eps1.0,budget_distribution,1.0,8,6,8.0,1,2,0.0,204.44996768652763,1.7037497307210636,0.308761696527738,0.6412825651302605,7.462925851703407,499
mobility,traffic_speed_eps1.0,budget_distribution,1.0,8,6,16.0,1,2,0.0,201.71823500614292,1.6809852917178576,0.136474852916939,0.6412825651302605,7.462925851703407,499
mobility,traffic_speed_eps1.0,budget_distribution,1.0,8,1,,1,4,0.0,306.4109912685637,2.553424927238031,0.3853553759400327,0.6546762589928058,5.08273381294964,834
mobility,traffic_speed_eps1.0,budget_distribution,1.0,8,1,4.0,1,4,0.0,373.48529070999643,3.1123774225833034,0.15315139268827957,0.6642685851318945,5.08273381294964,834
mobility,traffic_speed_eps1.0,budget_distribution,1.0,8,1,8.0,1,4,0.0,306.4109912685637,2.553424927238031,0.3853553759400327,0.6546762589928058,5.08273381294964,834
mobility,traffic_speed_eps1.0,budget_distribution,1.0,8,1,16.0,1,4,0.0,306.4109912685637,2.553424927238031,0.3853553759400327,0.6546762589928058,5.08273381294964,834
mobility,traffic_speed_eps1.0,budget_distribution,1.0,8,2,,1,4,0.0,306.4109912685637,2.553424927238031,0.3853553759400327,0.6546762589928058,5.08273381294964,834
mobility,traffic_speed_eps1.0,budget_distribution,1.0,8,2,4.0,1,4,0.0,373.48529070999643,3.1123774225833034,0.15315139268827957,0.6642685851318945,5.08273381294964,834
mobility,traffic_speed_eps1.0,budget_distribution,1.0,8,2,8.0,1,4,0.0,306.4109912685637,2.553424927238031,0.3853553759400327,0.6546762589928058,5.08273381294964,834
mobility,traffic_speed_eps1.0,budget_distribution,1.0,8,2,16.0,1,4,0.0,306.4109912685637,2.553424927238031,0.3853553759400327,0.6546762589928058,5.08273381294964,834
mobility,traffic_speed_eps1.0,budget_distribution,1.0,8,3,,1,4,0.0,306.4109912685637,2.553424927238031,0.3853553759400327,0.6546762589928058,5.08273381294964,834
mobility,traffic_speed_eps1.0,budget_distribution,1.0,8,3,4.0,1,4,0.0,373.48529070999643,3.1123774225833034,0.15315139268827957,0.6642685851318945,5.08273381294964,834
mobility,traffic_speed_eps1.0,budget_distribution,1.0,8,3,8.0,1,4,0.0,306.4109912685637,2.553424927238031,0.3853553759400327,0.6546762589928058,5.08273381294964,834
mobility,traffic_speed_eps1.0,budget_distribution,1.0,8,3,16.0,1,4,0.0,306.4109912685637,2.553424927238031,0.3853553759400327,0.6546762589928058,5.08273381294964,834
mobility,traffic_speed_eps1.0,budget_distribution,1.0,8,4,,1,4,0.0,282.16166266746467,2.351347188895539,0.4306797705604249,0.6349009900990099,5.212871287128713,808
mobility,traffic_speed_eps1.0,budget_distribution,1.0,8,4,4.0,1,4,0.0,373.11692623803503,3.109307718650292,0.2818580228796849,0.6547029702970297,5.212871287128713,808
mobility,traffic_speed_eps1.0,budget_distribution,1.0,8,4,8.0,1,4,0.0,282.2208240630577,2.351840200525481,0.4306797705604249,0.6349009900990099,5.212871287128713,808
mobility,traffic_speed_eps1.0,budget_distribution,1.0,8,4,16.0,1,4,0.0,282.16166266746467,2.351347188895539,0.4306797705604249,0.6349009900990099,5.212871287128713,808
mobility,traffic_speed_eps1.0,budget_distribution,1.0,8,6,,1,4,0.0,201.71823500614292,1.6809852917178576,0.136474852916939,0.6412825651302605,7.462925851703407,499
mobility,traffic_speed_eps1.0,budget_distribution,1.0,8,6,8.0,1,4,0.0,204.44996768652763,1.7037497307210636,0.308761696527738,0.6412825651302605,7.462925851703407,499
mobility,traffic_speed_eps1.0,budget_distribution,1.0,8,6,16.0,1,4,0.0,201.71823500614292,1.6809852917178576,0.136474852916939,0.6412825651302605,7.462925851703407,499
mobility,traffic_speed_eps1.0,budget_distribution,1.0,8,1,,2,0,0.0,185.595346607694,1.54662788839745,0.180566820719113,0.6594724220623501,8.57074340527578,417
mobility,traffic_speed_eps1.0,budget_distribution,1.0,8,1,4.0,2,0,0.0,345.03401150047927,2.8752834291706604,0.5384769782891532,0.6474820143884892,8.57074340527578,417
mobility,traffic_speed_eps1.0,budget_distribution,1.0,8,1,8.0,2,0,0.0,179.4395100431968,1.4953292503599733,0.5350770421534216,0.6282973621103117,8.57074340527578,417
mobility,traffic_speed_eps1.0,budget_distribution,1.0,8,1,16.0,2,0,0.0,185.595346607694,1.54662788839745,0.180566820719113,0.6594724220623501,8.57074340527578,417
mobility,traffic_speed_eps1.0,budget_distribution,1.0,8,2,,2,0,0.0,185.595346607694,1.54662788839745,0.180566820719113,0.6594724220623501,8.57074340527578,417
mobility,traffic_speed_eps1.0,budget_distribution,1.0,8,2,4.0,2,0,0.0,345.03401150047927,2.8752834291706604,0.5384769782891532,0.6474820143884892,8.57074340527578,417
mobility,traffic_speed_eps1.0,budget_distribution,1.0,8,2,8.0,2,0,0.0,179.4395100431968,1.4953292503599733,0.5350770421534216,0.6282973621103117,8.57074340527578,417
mobility,traffic_speed_eps1.0,budget_distribution,1.0,8,2,16.0,2,0,0.0,185.595346607694,1.54662788839745,0.180566820719113,0.6594724220623501,8.57074340527578,417
mobility,traffic_speed_eps1.0,budget_distribution,1.0,8,3,,2,0,0.0,185.595346607694,1.54662788839745,0.180566820719113,0.6594724220623501,8.57074340527578,417
mobility,traffic_speed_eps1.0,budget_distribution,1.0,8,3,4.0,2,0,0.0,345.03401150047927,2.8752834291706604,0.5384769782891532,0.6474820143884892,8.57074340527578,417
mobility,traffic_speed_eps1.0,budget_distribution,1.0,8,3,8.0,2,0,0.0,179.4395100431968,1.4953292503599733,0.5350770421534216,0.6282973621103117,8.57074340527578,417
mobility,traffic_speed_eps1.0,budget_distribution,1.0,8,3,16.0,2,0,0.0,185.595346607694,1.54662788839745,0.180566820719113,0.6594724220623501,8.57074340527578,417
mobility,traffic_speed_eps1.0,budget_distribution,1.0,8,4,,2,0,0.0,185.595346607694,1.54662788839745,0.180566820719113,0.6594724220623501,8.57074340527578,417
mobility,traffic_speed_eps1.0,budget_distribution,1.0,8,4,4.0,2,0,0.0,345.03401150047927,2.8752834291706604,0.5384769782891532,0.6474820143884892,8.57074340527578,417
mobility,traffic_speed_eps1.0,budget_distribution,1.0,8,4,8.0,2,0,0.0,179.4395100431968,1.4953292503599733,0.5350770421534216,0.6282973621103117,8.57074340527578,417
mobility,traffic_speed_eps1.0,budget_distribution,1.0,8,4,16.0,2,0,0.0,185.595346607694,1.54662788839745,0.180566820719113,0.6594724220623501,8.57074340527578,417
mobility,traffic_speed_eps1.0,budget_distribution,1.0,8,6,,2,0,0.0,185.595346607694,1.54662788839745,0.180566820719113,0.6594724220623501,8.57074340527578,417
mobility,traffic_speed_eps1.0,budget_distribution,1.0,8,6,8.0,2,0,0.0,179.4395100431968,1.4953292503599733,0.5350770421534216,0.6282973621103117,8.57074340527578,417
mobility,traffic_speed_eps1.0,budget_distribution,1.0,8,6,16.0,2,0,0.0,185.595346607694,1.54662788839745,0.180566820719113,0.6594724220623501,8.57074340527578,417
mobility,traffic_speed_eps1.0,budget_distribution,1.0,8,1,,2,2,0.0,185.595346607694,1.54662788839745,0.180566820719113,0.6594724220623501,8.57074340527578,417
mobility,traffic_speed_eps1.0,budget_distribution,1.0,8,1,4.0,2,2,0.0,345.03401150047927,2.8752834291706604,0.5384769782891532,0.6474820143884892,8.57074340527578,417
mobility,traffic_speed_eps1.0,budget_distribution,1.0,8,1,8.0,2,2,0.0,179.4395100431968,1.4953292503599733,0.5350770421534216,0.6282973621103117,8.57074340527578,417
mobility,traffic_speed_eps1.0,budget_distribution,1.0,8,1,16.0,2,2,0.0,185.595346607694,1.54662788839745,0.180566820719113,0.6594724220623501,8.57074340527578,417
mobility,traffic_speed_eps1.0,budget_distribution,1.0,8,2,,2,2,0.0,185.595346607694,1.54662788839745,0.180566820719113,0.6594724220623501,8.57074340527578,417
mobility,traffic_speed_eps1.0,budget_distribution,1.0,8,2,4.0,2,2,0.0,345.03401150047927,2.8752834291706604,0.5384769782891532,0.6474820143884892,8.57074340527578,417
mobility,traffic_speed_eps1.0,budget_distribution,1.0,8,2,8.0,2,2,0.0,179.4395100431968,1.4953292503599733,0.5350770421534216,0.6282973621103117,8.57074340527578,417
mobility,traffic_speed_eps1.0,budget_distribution,1.0,8,2,16.0,2,2,0.0,185.595346607694,1.54662788839745,0.180566820719113,0.6594724220623501,8.57074340527578,417
mobility,traffic_speed_eps1.0,budget_distribution,1.0,8,3,,2,2,0.0,185.595346607694,1.54662788839745,0.180566820719113,0.6594724220623501,8.57074340527578,417
mobility,traffic_speed_eps1.0,budget_distribution,1.0,8,3,4.0,2,2,0.0,345.03401150047927,2.8752834291706604,0.5384769782891532,0.6474820143884892,8.57074340527578,417
mobility,traffic_speed_eps1.0,budget_distribution,1.0,8,3,8.0,2,2,0.0,179.4395100431968,1.4953292503599733,0.5350770421534216,0.6282973621103117,8.57074340527578,417
mobility,traffic_speed_eps1.0,budget_distribution,1.0,8,3,16.0,2,2,0.0,185.595346607694,1.54662788839745,0.180566820719113,0.6594724220623501,8.57074340527578,417
mobility,traffic_speed_eps1.0,budget_distribution,1.0,8,4,,2,2,0.0,185.595346607694,1.54662788839745,0.180566820719113,0.6594724220623501,8.57074340527578,417
mobility,traffic_speed_eps1.0,budget_distribution,1.0,8,4,4.0,2,2,0.0,345.03401150047927,2.8752834291706604,0.5384769782891532,0.6474820143884892,8.57074340527578,417
mobility,traffic_speed_eps1.0,budget_distribution,1.0,8,4,8.0,2,2,0.0,179.4395100431968,1.4953292503599733,0.5350770421534216,0.6282973621103117,8.57074340527578,417
mobility,traffic_speed_eps1.0,budget_distribution,1.0,8,4,16.0,2,2,0.0,185.595346607694,1.54662788839745,0.180566820719113,0.6594724220623501,8.57074340527578,417
mobility,traffic_speed_eps1.0,budget_distribution,1.0,8,6,,2,2,0.0,182.22510884799053,1.5185425737332543,0.3876956369706549,0.6440677966101694,8.624697336561743,413
mobility,traffic_speed_eps1.0,budget_distribution,1.0,8,6,8.0,2,2,0.0,176.7564711610166,1.4729705930084718,0.5287655252690311,0.6319612590799032,8.624697336561743,413
mobility,traffic_speed_eps1.0,budget_distribution,1.0,8,6,16.0,2,2,0.0,182.22510884799053,1.5185425737332543,0.3876956369706549,0.6440677966101694,8.624697336561743,413
mobility,traffic_speed_eps1.0,budget_distribution,1.0,8,1,,2,4,0.0,185.595346607694,1.54662788839745,0.180566820719113,0.6594724220623501,8.57074340527578,417
mobility,traffic_speed_eps1.0,budget_distribution,1.0,8,1,4.0,2,4,0.0,345.03401150047927,2.8752834291706604,0.5384769782891532,0.6474820143884892,8.57074340527578,417
mobility,traffic_speed_eps1.0,budget_distribution,1.0,8,1,8.0,2,4,0.0,179.4395100431968,1.4953292503599733,0.5350770421534216,0.6282973621103117,8.57074340527578,417
mobility,traffic_speed_eps1.0,budget_distribution,1.0,8,1,16.0,2,4,0.0,185.595346607694,1.54662788839745,0.180566820719113,0.6594724220623501,8.57074340527578,417
mobility,traffic_speed_eps1.0,budget_distribution,1.0,8,2,,2,4,0.0,185.595346607694,1.54662788839745,0.180566820719113,0.6594724220623501,8.57074340527578,417
mobility,traffic_speed_eps1.0,budget_distribution,1.0,8,2,4.0,2,4,0.0,345.03401150047927,2.8752834291706604,0.5384769782891532,0.6474820143884892,8.57074340527578,417
mobility,traffic_speed_eps1.0,budget_distribution,1.0,8,2,8.0,2,4,0.0,179.4395100431968,1.4953292503599733,0.5350770421534216,0.6282973621103117,8.57074340527578,417
mobility,traffic_speed_eps1.0,budget_distribution,1.0,8,2,16.0,2,4,0.0,185.595346607694,1.54662788839745,0.180566820719113,0.6594724220623501,8.57074340527578,417
mobility,traffic_speed_eps1.0,budget_distribution,1.0,8,3,,2,4,0.0,185.595346607694,1.54662788839745,0.180566820719113,0.6594724220623501,8.57074340527578,417
mobility,traffic_speed_eps1.0,budget_distribution,1.0,8,3,4.0,2,4,0.0,345.03401150047927,2.8752834291706604,0.5384769782891532,0.6474820143884892,8.57074340527578,417
mobility,traffic_speed_eps1.0,budget_distribution,1.0,8,3,8.0,2,4,0.0,179.4395100431968,1.4953292503599733,0.5350770421534216,0.6282973621103117,8.57074340527578,417
mobility,traffic_speed_eps1.0,budget_distribution,1.0,8,3,16.0,2,4,0.0,185.595346607694,1.54662788839745,0.180566820719113,0.6594724220623501,8.57074340527578,417
mobility,traffic_speed_eps1.0,budget_distribution,1.0,8,4,,2,4,0.0,185.595346607694,1.54662788839745,0.180566820719113,0.6594724220623501,8.57074340527578,417
mobility,traffic_speed_eps1.0,budget_distribution,1.0,8,4,4.0,2,4,0.0,345.03401150047927,2.8752834291706604,0.5384769782891532,0.6474820143884892,8.57074340527578,417
mobility,traffic_speed_eps1.0,budget_distribution,1.0,8,4,8.0,2,4,0.0,179.4395100431968,1.4953292503599733,0.5350770421534216,0.6282973621103117,8.57074340527578,417
mobility,traffic_speed_eps1.0,budget_distribution,1.0,8,4,16.0,2,4,0.0,185.595346607694,1.54662788839745,0.180566820719113,0.6594724220623501,8.57074340527578,417
mobility,traffic_speed_eps1.0,budget_distribution,1.0,8,6,,2,4,0.0,182.22510884799053,1.5185425737332543,0.3876956369706549,0.6440677966101694,8.624697336561743,413
mobility,traffic_speed_eps1.0,budget_distribution,1.0,8,6,8.0,2,4,0.0,176.7564711610166,1.4729705930084718,0.5287655252690311,0.6319612590799032,8.624697336561743,413
mobility,traffic_speed_eps1.0,budget_distribution,1.0,8,6,16.0,2,4,0.0,182.22510884799053,1.5185425737332543,0.3876956369706549,0.6440677966101694,8.624697336561743,413
mobility,traffic_speed_eps1.0,budget_distribution,1.0,8,1,,4,0,0.0,111.36749755668453,0.9280624796390378,0.4085875618648057,0.6124401913875598,12.44976076555024,209
mobility,traffic_speed_eps1.0,budget_distribution,1.0,8,1,4.0,4,0,0.0,352.96902674466776,2.9414085562055647,0.5832754736468851,0.6267942583732058,12.44976076555024,209
mobility,traffic_speed_eps1.0,budget_distribution,1.0,8,1,8.0,4,0,0.0,171.99098725925447,1.433258227160454,0.5409357530082847,0.6220095693779905,12.44976076555024,209
mobility,traffic_speed_eps1.0,budget_distribution,1.0,8,1,16.0,4,0,0.0,111.36749755668453,0.9280624796390378,0.4085875618648057,0.6124401913875598,12.44976076555024,209
mobility,traffic_speed_eps1.0,budget_distribution,1.0,8,2,,4,0,0.0,111.36749755668453,0.9280624796390378,0.4085875618648057,0.6124401913875598,12.44976076555024,209
mobility,traffic_speed_eps1.0,budget_distribution,1.0,8,2,4.0,4,0,0.0,352.96902674466776,2.9414085562055647,0.5832754736468851,0.6267942583732058,12.44976076555024,209
mobility,traffic_speed_eps1.0,budget_distribution,1.0,8,2,8.0,4,0,0.0,171.99098725925447,1.433258227160454,0.5409357530082847,0.6220095693779905,12.44976076555024,209
mobility,traffic_speed_eps1.0,budget_distribution,1.0,8,2,16.0,4,0,0.0,111.36749755668453,0.9280624796390378,0.4085875618648057,0.6124401913875598,12.44976076555024,209
mobility,traffic_speed_eps1.0,budget_distribution,1.0,8,3,,4,0,0.0,111.36749755668453,0.9280624796390378,0.4085875618648057,0.6124401913875598,12.44976076555024,209
mobility,traffic_speed_eps1.0,budget_distribution,1.0,8,3,4.0,4,0,0.0,352.96902674466776,2.9414085562055647,0.5832754736468851,0.6267942583732058,12.44976076555024,209
mobility,traffic_speed_eps1.0,budget_distribution,1.0,8,3,8.0,4,0,0.0,171.99098725925447,1.433258227160454,0.5409357530082847,0.6220095693779905,12.44976076555024,209
mobility,traffic_speed_eps1.0,budget_distribution,1.0,8,3,16.0,4,0,0.0,111.36749755668453,0.9280624796390378,0.4085875618648057,0.6124401913875598,12.44976076555024,209
mobility,traffic_speed_eps1.0,budget_distribution,1.0,8,4,,4,0,0.0,111.36749755668453,0.9280624796390378,0.4085875618648057,0.6124401913875598,12.44976076555024,209
mobility,traffic_speed_eps1.0,budget_distribution,1.0,8,4,4.0,4,0,0.0,352.96902674466776,2.9414085562055647,0.5832754736468851,0.6267942583732058,12.44976076555024,209
mobility,traffic_speed_eps1.0,budget_distribution,1.0,8,4,8.0,4,0,0.0,171.99098725925447,1.433258227160454,0.5409357530082847,0.6220095693779905,12.44976076555024,209
mobility,traffic_speed_eps1.0,budget_distribution,1.0,8,4,16.0,4,0,0.0,111.36749755668453,0.9280624796390378,0.4085875618648057,0.6124401913875598,12.44976076555024,209
mobility,traffic_speed_eps1.0,budget_distribution,1.0,8,6,,4,0,0.0,111.36749755668453,0.9280624796390378,0.4085875618648057,0.6124401913875598,12.44976076555024,209
mobility,traffic_speed_eps1.0,budget_distribution,1.0,8,6,8.0,4,0,0.0,171.99098725925447,1.433258227160454,0.5409357530082847,0.6220095693779905,12.44976076555024,209
mobility,traffic_speed_eps1.0,budget_distribution,1.0,8,6,16.0,4,0,0.0,111.36749755668453,0.9280624796390378,0.4085875618648057,0.6124401913875598,12.44976076555024,209
mobility,traffic_speed_eps1.0,budget_distribution,1.0,8,1,,4,2,0.0,111.36749755668453,0.9280624796390378,0.4085875618648057,0.6124401913875598,12.44976076555024,209
mobility,traffic_speed_eps1.0,budget_distribution,1.0,8,1,4.0,4,2,0.0,352.96902674466776,2.9414085562055647,0.5832754736468851,0.6267942583732058,12.44976076555024,209
mobility,traffic_speed_eps1.0,budget_distribution,1.0,8,1,8.0,4,2,0.0,171.99098725925447,1.433258227160454,0.5409357530082847,0.6220095693779905,12.44976076555024,209
mobility,traffic_speed_eps1.0,budget_distribution,1.0,8,1,16.0,4,2,0.0,111.36749755668453,0.9280624796390378,0.4085875618648057,0.6124401913875598,12.44976076555024,209
mobility,traffic_speed_eps1.0,budget_distribution,1.0,8,2,,4,2,0.0,111.36749755668453,0.9280624796390378,0.4085875618648057,0.6124401913875598,12.44976076555024,209
mobility,traffic_speed_eps1.0,budget_distribution,1.0,8,2,4.0,4,2,0.0,352.96902674466776,2.9414085562055647,0.5832754736468851,0.6267942583732058,12.44976076555024,209
mobility,traffic_speed_eps1.0,budget_distribution,1.0,8,2,8.0,4,2,0.0,171.99098725925447,1.433258227160454,0.5409357530082847,0.6220095693779905,12.44976076555024,209
mobility,traffic_speed_eps1.0,budget_distribution,1.0,8,2,16.0,4,2,0.0,111.36749755668453,0.9280624796390378,0.4085875618648057,0.6124401913875598,12.44976076555024,209
mobility,traffic_speed_eps1.0,budget_distribution,1.0,8,3,,4,2,0.0,111.36749755668453,0.9280624796390378,0.4085875618648057,0.6124401913875598,12.44976076555024,209
mobility,traffic_speed_eps1.0,budget_distribution,1.0,8,3,4.0,4,2,0.0,352.96902674466776,2.9414085562055647,0.5832754736468851,0.6267942583732058,12.44976076555024,209
mobility,traffic_speed_eps1.0,budget_distribution,1.0,8,3,8.0,4,2,0.0,171.99098725925447,1.433258227160454,0.5409357530082847,0.6220095693779905,12.44976076555024,209
mobility,traffic_speed_eps1.0,budget_distribution,1.0,8,3,16.0,4,2,0.0,111.36749755668453,0.9280624796390378,0.4085875618648057,0.6124401913875598,12.44976076555024,209
mobility,traffic_speed_eps1.0,budget_distribution,1.0,8,4,,4,2,0.0,111.36749755668453,0.9280624796390378,0.4085875618648057,0.6124401913875598,12.44976076555024,209
mobility,traffic_speed_eps1.0,budget_distribution,1.0,8,4,4.0,4,2,0.0,352.96902674466776,2.9414085562055647,0.5832754736468851,0.6267942583732058,12.44976076555024,209
mobility,traffic_speed_eps1.0,budget_distribution,1.0,8,4,8.0,4,2,0.0,171.99098725925447,1.433258227160454,0.5409357530082847,0.6220095693779905,12.44976076555024,209
mobility,traffic_speed_eps1.0,budget_distribution,1.0,8,4,16.0,4,2,0.0,111.36749755668453,0.9280624796390378,0.4085875618648057,0.6124401913875598,12.44976076555024,209
mobility,traffic_speed_eps1.0,budget_distribution,1.0,8,6,,4,2,0.0,111.36749755668453,0.9280624796390378,0.4085875618648057,0.6124401913875598,12.44976076555024,209
mobility,traffic_speed_eps1.0,budget_distribution,1.0,8,6,8.0,4,2,0.0,171.99098725925447,1.433258227160454,0.5409357530082847,0.6220095693779905,12.44976076555024,209
mobility,traffic_speed_eps1.0,budget_distribution,1.0,8,6,16.0,4,2,0.0,111.36749755668453,0.9280624796390378,0.4085875618648057,0.6124401913875598,12.44976076555024,209
mobility,traffic_speed_eps1.0,budget_distribution,1.0,8,1,,4,4,0.0,111.36749755668453,0.9280624796390378,0.4085875618648057,0.6124401913875598,12.44976076555024,209
mobility,traffic_speed_eps1.0,budget_distribution,1.0,8,1,4.0,4,4,0.0,352.96902674466776,2.9414085562055647,0.5832754736468851,0.6267942583732058,12.44976076555024,209
mobility,traffic_speed_eps1.0,budget_distribution,1.0,8,1,8.0,4,4,0.0,171.99098725925447,1.433258227160454,0.5409357530082847,0.6220095693779905,12.44976076555024,209
mobility,traffic_speed_eps1.0,budget_distribution,1.0,8,1,16.0,4,4,0.0,111.36749755668453,0.9280624796390378,0.4085875618648057,0.6124401913875598,12.44976076555024,209
mobility,traffic_speed_eps1.0,budget_distribution,1.0,8,2,,4,4,0.0,111.36749755668453,0.9280624796390378,0.4085875618648057,0.6124401913875598,12.44976076555024,209
mobility,traffic_speed_eps1.0,budget_distribution,1.0,8,2,4.0,4,4,0.0,352.96902674466776,2.9414085562055647,0.5832754736468851,0.6267942583732058,12.44976076555024,209
mobility,traffic_speed_eps1.0,budget_distribution,1.0,8,2,8.0,4,4,0.0,171.99098725925447,1.433258227160454,0.5409357530082847,0.6220095693779905,12.44976076555024,209
mobility,traffic_speed_eps1.0,budget_distribution,1.0,8,2,16.0,4,4,0.0,111.36749755668453,0.9280624796390378,0.4085875618648057,0.6124401913875598,12.44976076555024,209
mobility,traffic_speed_eps1.0,budget_distribution,1.0,8,3,,4,4,0.0,111.36749755668453,0.9280624796390378,0.4085875618648057,0.6124401913875598,12.44976076555024,209
mobility,traffic_speed_eps1.0,budget_distribution,1.0,8,3,4.0,4,4,0.0,352.96902674466776,2.9414085562055647,0.5832754736468851,0.6267942583732058,12.44976076555024,209
mobility,traffic_speed_eps1.0,budget_distribution,1.0,8,3,8.0,4,4,0.0,171.99098725925447,1.433258227160454,0.5409357530082847,0.6220095693779905,12.44976076555024,209
mobility,traffic_speed_eps1.0,budget_distribution,1.0,8,3,16.0,4,4,0.0,111.36749755668453,0.9280624796390378,0.4085875618648057,0.6124401913875598,12.44976076555024,209
mobility,traffic_speed_eps1.0,budget_distribution,1.0,8,4,,4,4,0.0,111.36749755668453,0.9280624796390378,0.4085875618648057,0.6124401913875598,12.44976076555024,209
mobility,traffic_speed_eps1.0,budget_distribution,1.0,8,4,4.0,4,4,0.0,352.96902674466776,2.9414085562055647,0.5832754736468851,0.6267942583732058,12.44976076555024,209
mobility,traffic_speed_eps1.0,budget_distribution,1.0,8,4,8.0,4,4,0.0,171.99098725925447,1.433258227160454,0.5409357530082847,0.6220095693779905,12.44976076555024,209
mobility,traffic_speed_eps1.0,budget_distribution,1.0,8,4,16.0,4,4,0.0,111.36749755668453,0.9280624796390378,0.4085875618648057,0.6124401913875598,12.44976076555024,209
mobility,traffic_speed_eps1.0,budget_distribution,1.0,8,6,,4,4,0.0,111.36749755668453,0.9280624796390378,0.4085875618648057,0.6124401913875598,12.44976076555024,209
mobility,traffic_speed_eps1.0,budget_distribution,1.0,8,6,8.0,4,4,0.0,171.99098725925447,1.433258227160454,0.5409357530082847,0.6220095693779905,12.44976076555024,209
mobility,traffic_speed_eps1.0,budget_distribution,1.0,8,6,16.0,4,4,0.0,111.36749755668453,0.9280624796390378,0.4085875618648057,0.6124401913875598,12.44976076555024,209
mobility,traffic_speed_eps1.0,budget_absorption,1.0,8,1,,1,0,0.0,237.9974816989192,1.9833123474909933,0.35329263418885903,0.5059952038369304,5.08273381294964,834
mobility,traffic_speed_eps1.0,budget_absorption,1.0,8,1,4.0,1,0,0.0,310.603149191258,2.5883595765938168,0.5033933015039112,0.5323741007194245,5.08273381294964,834
mobility,traffic_speed_eps1.0,budget_absorption,1.0,8,1,8.0,1,0,0.0,237.9974816989192,1.9833123474909933,0.35329263418885903,0.5059952038369304,5.08273381294964,834
mobility,traffic_speed_eps1.0,budget_absorption,1.0,8,1,16.0,1,0,0.0,237.9974816989192,1.9833123474909933,0.35329263418885903,0.5059952038369304,5.08273381294964,834
mobility,traffic_speed_eps1.0,budget_absorption,1.0,8,2,,1,0,0.0,237.9974816989192,1.9833123474909933,0.35329263418885903,0.5059952038369304,5.08273381294964,834
mobility,traffic_speed_eps1.0,budget_absorption,1.0,8,2,4.0,1,0,0.0,310.603149191258,2.5883595765938168,0.5033933015039112,0.5323741007194245,5.08273381294964,834
mobility,traffic_speed_eps1.0,budget_absorption,1.0,8,2,8.0,1,0,0.0,237.9974816989192,1.9833123474909933,0.35329263418885903,0.5059952038369304,5.08273381294964,834
mobility,traffic_speed_eps1.0,budget_absorption,1.0,8,2,16.0,1,0,0.0,237.9974816989192,1.9833123474909933,0.35329263418885903,0.5059952038369304,5.08273381294964,834
mobility,traffic_speed_eps1.0,budget_absorption,1.0,8,3,,1,0,0.0,237.9974816989192,1.9833123474909933,0.35329263418885903,0.5059952038369304,5.08273381294964,834
mobility,traffic_speed_eps1.0,budget_absorption,1.0,8,3,4.0,1,0,0.0,310.603149191258,2.5883595765938168,0.5033933015039112,0.5323741007194245,5.08273381294964,834
mobility,traffic_speed_eps1.0,budget_absorption,1.0,8,3,8.0,1,0,0.0,237.9974816989192,1.9833123474909933,0.35329263418885903,0.5059952038369304,5.08273381294964,834
mobility,traffic_speed_eps1.0,budget_absorption,1.0,8,3,16.0,1,0,0.0,237.9974816989192,1.9833123474909933,0.35329263418885903,0.5059952038369304,5.08273381294964,834
mobility,traffic_speed_eps1.0,budget_absorption,1.0,8,4,,1,0,0.0,237.9974816989192,1.9833123474909933,0.35329263418885903,0.5059952038369304,5.08273381294964,834
mobility,traffic_speed_eps1.0,budget_absorption,1.0,8,4,4.0,1,0,0.0,310.603149191258,2.5883595765938168,0.5033933015039112,0.5323741007194245,5.08273381294964,834
mobility,traffic_speed_eps1.0,budget_absorption,1.0,8,4,8.0,1,0,0.0,237.9974816989192,1.9833123474909933,0.35329263418885903,0.5059952038369304,5.08273381294964,834
mobility,traffic_speed_eps1.0,budget_absorption,1.0,8,4,16.0,1,0,0.0,237.9974816989192,1.9833123474909933,0.35329263418885903,0.5059952038369304,5.08273381294964,834
mobility,traffic_speed_eps1.0,budget_absorption,1.0,8,6,,1,0,0.0,237.9974816989192,1.9833123474909933,0.35329263418885903,0.5059952038369304,5.08273381294964,834
mobility,traffic_speed_eps1.0,budget_absorption,1.0,8,6,8.0,1,0,0.0,237.9974816989192,1.9833123474909933,0.35329263418885903,0.5059952038369304,5.08273381294964,834
mobility,traffic_speed_eps1.0,budget_absorption,1.0,8,6,16.0,1,0,0.0,237.9974816989192,1.9833123474909933,0.35329263418885903,0.5059952038369304,5.08273381294964,834
mobility,traffic_speed_eps1.0,budget_absorption,1.0,8,1,,1,2,0.0,237.9974816989192,1.9833123474909933,0.35329263418885903,0.5059952038369304,5.08273381294964,834
mobility,traffic_speed_eps1.0,budget_absorption,1.0,8,1,4.0,1,2,0.0,310.603149191258,2.5883595765938168,0.5033933015039112,0.5323741007194245,5.08273381294964,834
mobility,traffic_speed_eps1.0,budget_absorption,1.0,8,1,8.0,1,2,0.0,237.9974816989192,1.9833123474909933,0.35329263418885903,0.5059952038369304,5.08273381294964,834
mobility,traffic_speed_eps1.0,budget_absorption,1.0,8,1,16.0,1,2,0.0,237.9974816989192,1.9833123474909933,0.35329263418885903,0.5059952038369304,5.08273381294964,834
mobility,traffic_speed_eps1.0,budget_absorption,1.0,8,2,,1,2,0.0,237.9974816989192,1.9833123474909933,0.35329263418885903,0.5059952038369304,5.08273381294964,834
mobility,traffic_speed_eps1.0,budget_absorption,1.0,8,2,4.0,1,2,0.0,310.603149191258,2.5883595765938168,0.5033933015039112,0.5323741007194245,5.08273381294964,834
mobility,traffic_speed_eps1.0,budget_absorption,1.0,8,2,8.0,1,2,0.0,237.9974816989192,1.9833123474909933,0.35329263418885903,0.5059952038369304,5.08273381294964,834
mobility,traffic_speed_eps1.0,budget_absorption,1.0,8,2,16.0,1,2,0.0,237.9974816989192,1.9833123474909933,0.35329263418885903,0.5059952038369304,5.08273381294964,834
mobility,traffic_speed_eps1.0,budget_absorption,1.0,8,3,,1,2,0.0,237.9974816989192,1.9833123474909933,0.35329263418885903,0.5059952038369304,5.08273381294964,834
mobility,traffic_speed_eps1.0,budget_absorption,1.0,8,3,4.0,1,2,0.0,310.603149191258,2.5883595765938168,0.5033933015039112,0.5323741007194245,5.08273381294964,834
mobility,traffic_speed_eps1.0,budget_absorption,1.0,8,3,8.0,1,2,0.0,237.9974816989192,1.9833123474909933,0.35329263418885903,0.5059952038369304,5.08273381294964,834
mobility,traffic_speed_eps1.0,budget_absorption,1.0,8,3,16.0,1,2,0.0,237.9974816989192,1.9833123474909933,0.35329263418885903,0.5059952038369304,5.08273381294964,834
mobility,traffic_speed_eps1.0,budget_absorption,1.0,8,4,,1,2,0.0,245.91265125861196,2.049272093821766,0.6184583961000177,0.5321782178217822,5.212871287128713,808
mobility,traffic_speed_eps1.0,budget_absorption,1.0,8,4,4.0,1,2,0.0,310.63364443317386,2.588613703609782,0.49800801210000667,0.5334158415841584,5.212871287128713,808
mobility,traffic_speed_eps1.0,budget_absorption,1.0,8,4,8.0,1,2,0.0,245.94364170403705,2.049530347533642,0.6184583961000177,0.5321782178217822,5.212871287128713,808
mobility,traffic_speed_eps1.0,budget_absorption,1.0,8,4,16.0,1,2,0.0,245.91265125861196,2.049272093821766,0.6184583961000177,0.5321782178217822,5.212871287128713,808
mobility,traffic_speed_eps1.0,budget_absorption,1.0,8,6,,1,2,0.0,159.36638154697806,1.3280531795581505,0.2813881013540671,0.5050100200400801,7.462925851703407,499
mobility,traffic_speed_eps1.0,budget_absorption,1.0,8,6,8.0,1,2,0.0,164.40280977462257,1.3700234147885213,0.29749956110909026,0.5050100200400801,7.462925851703407,499
mobility,traffic_speed_eps1.0,budget_absorption,1.0,8,6,16.0,1,2,0.0,159.36638154697806,1.3280531795581505,0.2813881013540671,0.5050100200400801,7.462925851703407,499
mobility,traffic_speed_eps1.0,budget_absorption,1.0,8,1,,1,4,0.0,237.9974816989192,1.9833123474909933,0.35329263418885903,0.5059952038369304,5.08273381294964,834
mobility,traffic_speed_eps1.0,budget_absorption,1.0,8,1,4.0,1,4,0.0,310.603149191258,2.5883595765938168,0.5033933015039112,0.5323741007194245,5.08273381294964,834
mobility,traffic_speed_eps1.0,budget_absorption,1.0,8,1,8.0,1,4,0.0,237.9974816989192,1.9833123474909933,0.35329263418885903,0.5059952038369304,5.08273381294964,834
mobility,traffic_speed_eps1.0,budget_absorption,1.0,8,1,16.0,1,4,0.0,237.9974816989192,1.9833123474909933,0.35329263418885903,0.5059952038369304,5.08273381294964,834
mobility,traffic_speed_eps1.0,budget_absorption,1.0,8,2,,1,4,0.0,237.9974816989192,1.9833123474909933,0.35329263418885903,0.5059952038369304,5.08273381294964,834
mobility,traffic_speed_eps1.0,budget_absorption,1.0,8,2,4.0,1,4,0.0,310.603149191258,2.5883595765938168,0.5033933015039112,0.5323741007194245,5.08273381294964,834
mobility,traffic_speed_eps1.0,budget_absorption,1.0,8,2,8.0,1,4,0.0,237.9974816989192,1.9833123474909933,0.35329263418885903,0.5059952038369304,5.08273381294964,834
mobility,traffic_speed_eps1.0,budget_absorption,1.0,8,2,16.0,1,4,0.0,237.9974816989192,1.9833123474909933,0.35329263418885903,0.5059952038369304,5.08273381294964,834
mobility,traffic_speed_eps1.0,budget_absorption,1.0,8,3,,1,4,0.0,237.9974816989192,1.9833123474909933,0.35329263418885903,0.5059952038369304,5.08273381294964,834
mobility,traffic_speed_eps1.0,budget_absorption,1.0,8,3,4.0,1,4,0.0,310.603149191258,2.5883595765938168,0.5033933015039112,0.5323741007194245,5.08273381294964,834
mobility,traffic_speed_eps1.0,budget_absorption,1.0,8,3,8.0,1,4,0.0,237.9974816989192,1.9833123474909933,0.35329263418885903,0.5059952038369304,5.08273381294964,834
mobility,traffic_speed_eps1.0,budget_absorption,1.0,8,3,16.0,1,4,0.0,237.9974816989192,1.9833123474909933,0.35329263418885903,0.5059952038369304,5.08273381294964,834
mobility,traffic_speed_eps1.0,budget_absorption,1.0,8,4,,1,4,0.0,245.91265125861196,2.049272093821766,0.6184583961000177,0.5321782178217822,5.212871287128713,808
mobility,traffic_speed_eps1.0,budget_absorption,1.0,8,4,4.0,1,4,0.0,310.63364443317386,2.588613703609782,0.49800801210000667,0.5334158415841584,5.212871287128713,808
mobility,traffic_speed_eps1.0,budget_absorption,1.0,8,4,8.0,1,4,0.0,245.94364170403705,2.049530347533642,0.6184583961000177,0.5321782178217822,5.212871287128713,808
mobility,traffic_speed_eps1.0,budget_absorption,1.0,8,4,16.0,1,4,0.0,245.91265125861196,2.049272093821766,0.6184583961000177,0.5321782178217822,5.212871287128713,808
mobility,traffic_speed_eps1.0,budget_absorption,1.0,8,6,,1,4,0.0,159.36638154697806,1.3280531795581505,0.2813881013540671,0.5050100200400801,7.462925851703407,499
mobility,traffic_speed_eps1.0,budget_absorption,1.0,8,6,8.0,1,4,0.0,164.40280977462257,1.3700234147885213,0.29749956110909026,0.5050100200400801,7.462925851703407,499
mobility,traffic_speed_eps1.0,budget_absorption,1.0,8,6,16.0,1,4,0.0,159.36638154697806,1.3280531795581505,0.2813881013540671,0.5050100200400801,7.462925851703407,499
mobility,traffic_speed_eps1.0,budget_absorption,1.0,8,1,,2,0,0.0,143.61068449818256,1.1967557041515213,0.8099735664485829,0.5011990407673861,8.57074340527578,417
mobility,traffic_speed_eps1.0,budget_absorption,1.0,8,1,4.0,2,0,0.0,309.0467836808322,2.5753898640069353,0.934744221719515,0.5299760191846523,8.57074340527578,417
mobility,traffic_speed_eps1.0,budget_absorption,1.0,8,1,8.0,2,0,0.0,159.99840798472943,1.3333200665394118,0.5301652503082329,0.5323741007194245,8.57074340527578,417
mobility,traffic_speed_eps1.0,budget_absorption,1.0,8,1,16.0,2,0,0.0,143.61068449818256,1.1967557041515213,0.8099735664485829,0.5011990407673861,8.57074340527578,417
mobility,traffic_speed_eps1.0,budget_absorption,1.0,8,2,,2,0,0.0,143.61068449818256,1.1967557041515213,0.8099735664485829,0.5011990407673861,8.57074340527578,417
mobility,traffic_speed_eps1.0,budget_absorption,1.0,8,2,4.0,2,0,0.0,309.0467836808322,2.5753898640069353,0.934744221719515,0.5299760191846523,8.57074340527578,417
mobility,traffic_speed_eps1.0,budget_absorption,1.0,8,2,8.0,2,0,0.0,159.99840798472943,1.3333200665394118,0.5301652503082329,0.5323741007194245,8.57074340527578,417
mobility,traffic_speed_eps1.0,budget_absorption,1.0,8,2,16.0,2,0,0.0,143.61068449818256,1.1967557041515213,0.8099735664485829,0.5011990407673861,8.57074340527578,417
mobility,traffic_speed_eps1.0,budget_absorption,1.0,8,3,,2,0,0.0,143.61068449818256,1.1967557041515213,0.8099735664485829,0.5011990407673861,8.57074340527578,417
mobility,traffic_speed_eps1.0,budget_absorption,1.0,8,3,4.0,2,0,0.0,309.0467836808322,2.5753898640069353,0.934744221719515,0.5299760191846523,8.57074340527578,417
mobility,traffic_speed_eps1.0,budget_absorption,1.0,8,3,8.0,2,0,0.0,159.99840798472943,1.3333200665394118,0.5301652503082329,0.5323741007194245,8.57074340527578,417
mobility,traffic_speed_eps1.0,budget_absorption,1.0,8,3,16.0,2,0,0.0,143.61068449818256,1.1967557041515213,0.8099735664485829,0.5011990407673861,8.57074340527578,417
mobility,traffic_speed_eps1.0,budget_absorption,1.0,8,4,,2,0,0.0,143.61068449818256,1.1967557041515213,0.8099735664485829,0.5011990407673861,8.57074340527578,417
mobility,traffic_speed_eps1.0,budget_absorption,1.0,8,4,4.0,2,0,0.0,309.0467836808322,2.5753898640069353,0.934744221719515,0.5299760191846523,8.57074340527578,417
mobility,traffic_speed_eps1.0,budget_absorption,1.0,8,4,8.0,2,0,0.0,159.99840798472943,1.3333200665394118,0.5301652503082329,0.5323741007194245,8.57074340527578,417
mobility,traffic_speed_eps1.0,budget_absorption,1.0,8,4,16.0,2,0,0.0,143.61068449818256,1.1967557041515213,0.8099735664485829,0.5011990407673861,8.57074340527578,417
mobility,traffic_speed_eps1.0,budget_absorption,1.0,8,6,,2,0,0.0,143.61068449818256,1.1967557041515213,0.8099735664485829,0.5011990407673861,8.57074340527578,417
mobility,traffic_speed_eps1.0,budget_absorption,1.0,8,6,8.0,2,0,0.0,159.99840798472943,1.3333200665394118,0.5301652503082329,0.5323741007194245,8.57074340527578,417
mobility,traffic_speed_eps1.0,budget_absorption,1.0,8,6,16.0,2,0,0.0,143.61068449818256,1.1967557041515213,0.8099735664485829,0.5011990407673861,8.57074340527578,417
mobility,traffic_speed_eps1.0,budget_absorption,1.0,8,1,,2,2,0.0,143.61068449818256,1.1967557041515213,0.8099735664485829,0.5011990407673861,8.57074340527578,417
mobility,traffic_speed_eps1.0,budget_absorption,1.0,8,1,4.0,2,2,0.0,309.0467836808322,2.5753898640069353,0.934744221719515,0.5299760191846523,8.57074340527578,417
mobility,traffic_speed_eps1.0,budget_absorption,1.0,8,1,8.0,2,2,0.0,159.99840798472943,1.3333200665394118,0.5301652503082329,0.5323741007194245,8.57074340527578,417
mobility,traffic_speed_eps1.0,budget_absorption,1.0,8,1,16.0,2,2,0.0,143.61068449818256,1.1967557041515213,0.8099735664485829,0.5011990407673861,8.57074340527578,417
mobility,traffic_speed_eps1.0,budget_absorption,1.0,8,2,,2,2,0.0,143.61068449818256,1.1967557041515213,0.8099735664485829,0.5011990407673861,8.57074340527578,417
mobility,traffic_speed_eps1.0,budget_absorption,1.0,8,2,4.0,2,2,0.0,309.0467836808322,2.5753898640069353,0.934744221719515,0.5299760191846523,8.57074340527578,417
mobility,traffic_speed_eps1.0,budget_absorption,1.0,8,2,8.0,2,2,0.0,159.99840798472943,1.3333200665394118,0.5301652503082329,0.5323741007194245,8.57074340527578,417
mobility,traffic_speed_eps1.0,budget_absorption,1.0,8,2,16.0,2,2,0.0,143.61068449818256,1.1967557041515213,0.8099735664485829,0.5011990407673861,8.57074340527578,417
mobility,traffic_speed_eps1.0,budget_absorption,1.0,8,3,,2,2,0.0,143.61068449818256,1.1967557041515213,0.8099735664485829,0.5011990407673861,8.57074340527578,417
mobility,traffic_speed_eps1.0,budget_absorption,1.0,8,3,4.0,2,2,0.0,309.0467836808322,2.5753898640069353,0.934744221719515,0.5299760191846523,8.57074340527578,417
mobility,traffic_speed_eps1.0,budget_absorption,1.0,8,3,8.0,2,2,0.0,159.99840798472943,1.3333200665394118,0.5301652503082329,0.5323741007194245,8.57074340527578,417
mobility,traffic_speed_eps1.0,budget_absorption,1.0,8,3,16.0,2,2,0.0,143.61068449818256,1.1967557041515213,0.8099735664485829,0.5011990407673861,8.57074340527578,417
mobility,traffic_speed_eps1.0,budget_absorption,1.0,8,4,,2,2,0.0,143.61068449818256,1.1967557041515213,0.8099735664485829,0.5011990407673861,8.57074340527578,417
mobility,traffic_speed_eps1.0,budget_absorption,1.0,8,4,4.0,2,2,0.0,309.0467836808322,2.5753898640069353,0.934744221719515,0.5299760191846523,8.57074340527578,417
mobility,traffic_speed_eps1.0,budget_absorption,1.0,8,4,8.0,2,2,0.0,159.99840798472943,1.3333200665394118,0.5301652503082329,0.5323741007194245,8.57074340527578,417
mobility,traffic_speed_eps1.0,budget_absorption,1.0,8,4,16.0,2,2,0.0,143.61068449818256,1.1967557041515213,0.8099735664485829,0.5011990407673861,8.57074340527578,417
mobility,traffic_speed_eps1.0,budget_absorption,1.0,8,6,,2,2,0.0,139.58925983988073,1.163243831999006,0.8410774690224708,0.4915254237288136,8.624697336561743,413
mobility,traffic_speed_eps1.0,budget_absorption,1.0,8,6,8.0,2,2,0.0,159.7288208323496,1.3310735069362467,0.6120423629687675,0.5181598062953995,8.624697336561743,413
mobility,traffic_speed_eps1.0,budget_absorption,1.0,8,6,16.0,2,2,0.0,139.58925983988073,1.163243831999006,0.8410774690224708,0.4915254237288136,8.624697336561743,413
mobility,traffic_speed_eps1.0,budget_absorption,1.0,8,1,,2,4,0.0,143.61068449818256,1.1967557041515213,0.8099735664485829,0.5011990407673861,8.57074340527578,417
mobility,traffic_speed_eps1.0,budget_absorption,1.0,8,1,4.0,2,4,0.0,309.0467836808322,2.5753898640069353,0.934744221719515,0.5299760191846523,8.57074340527578,417
mobility,traffic_speed_eps1.0,budget_absorption,1.0,8,1,8.0,2,4,0.0,159.99840798472943,1.3333200665394118,0.5301652503082329,0.5323741007194245,8.57074340527578,417
mobility,traffic_speed_eps1.0,budget_absorption,1.0,8,1,16.0,2,4,0.0,143.61068449818256,1.1967557041515213,0.8099735664485829,0.5011990407673861,8.57074340527578,417
mobility,traffic_speed_eps1.0,budget_absorption,1.0,8,2,,2,4,0.0,143.61068449818256,1.1967557041515213,0.8099735664485829,0.5011990407673861,8.57074340527578,417
mobility,traffic_speed_eps1.0,budget_absorption,1.0,8,2,4.0,2,4,0.0,309.0467836808322,2.5753898640069353,0.934744221719515,0.5299760191846523,8.57074340527578,417
mobility,traffic_speed_eps1.0,budget_absorption,1.0,8,2,8.0,2,4,0.0,159.99840798472943,1.3333200665394118,0.5301652503082329,0.5323741007194245,8.57074340527578,417
mobility,traffic_speed_eps1.0,budget_absorption,1.0,8,2,16.0,2,4,0.0,143.61068449818256,1.1967557041515213,0.8099735664485829,0.5011990407673861,8.57074340527578,417
mobility,traffic_speed_eps1.0,budget_absorption,1.0,8,3,,2,4,0.0,143.61068449818256,1.1967557041515213,0.8099735664485829,0.5011990407673861,8.57074340527578,417
mobility,traffic_speed_eps1.0,budget_absorption,1.0,8,3,4.0,2,4,0.0,309.0467836808322,2.5753898640069353,0.934744221719515,0.5299760191846523,8.57074340527578,417
mobility,traffic_speed_eps1.0,budget_absorption,1.0,8,3,8.0,2,4,0.0,159.99840798472943,1.3333200665394118,0.5301652503082329,0.5323741007194245,8.57074340527578,417
mobility,traffic_speed_eps1.0,budget_absorption,1.0,8,3,16.0,2,4,0.0,143.61068449818256,1.1967557041515213,0.8099735664485829,0.5011990407673861,8.57074340527578,417
mobility,traffic_speed_eps1.0,budget_absorption,1.0,8,4,,2,4,0.0,143.61068449818256,1.1967557041515213,0.8099735664485829,0.5011990407673861,8.57074340527578,417
mobility,traffic_speed_eps1.0,budget_absorption,1.0,8,4,4.0,2,4,0.0,309.0467836808322,2.5753898640069353,0.934744221719515,0.5299760191846523,8.57074340527578,417
mobility,traffic_speed_eps1.0,budget_absorption,1.0,8,4,8.0,2,4,0.0,159.99840798472943,1.3333200665394118,0.5301652503082329,0.5323741007194245,8.57074340527578,417
mobility,traffic_speed_eps1.0,budget_absorption,1.0,8,4,16.0,2,4,0.0,143.61068449818256,1.1967557041515213,0.8099735664485829,0.5011990407673861,8.57074340527578,417
mobility,traffic_speed_eps1.0,budget_absorption,1.0,8,6,,2,4,0.0,139.58925983988073,1.163243831999006,0.8410774690224708,0.4915254237288136,8.624697336561743,413
mobility,traffic_speed_eps1.0,budget_absorption,1.0,8,6,8.0,2,4,0.0,159.7288208323496,1.3310735069362467,0.6120423629687675,0.5181598062953995,8.624697336561743,413
mobility,traffic_speed_eps1.0,budget_absorption,1.0,8,6,16.0,2,4,0.0,139.58925983988073,1.163243831999006,0.8410774690224708,0.4915254237288136,8.624697336561743,413
mobility,traffic_speed_eps1.0,budget_absorption,1.0,8,1,,4,0,0.0,114.99474823975463,0.9582895686646219,0.4104964282445617,0.5598086124401914,12.44976076555024,209
mobility,traffic_speed_eps1.0,budget_absorption,1.0,8,1,4.0,4,0,0.0,351.71879875162165,2.930989989596847,0.36955955116663297,0.5645933014354066,12.44976076555024,209
mobility,traffic_speed_eps1.0,budget_absorption,1.0,8,1,8.0,4,0,0.0,176.12113452047177,1.4676761210039315,0.36955955116663297,0.5645933014354066,12.44976076555024,209
mobility,traffic_speed_eps1.0,budget_absorption,1.0,8,1,16.0,4,0,0.0,114.99474823975463,0.9582895686646219,0.4104964282445617,0.5598086124401914,12.44976076555024,209
mobility,traffic_speed_eps1.0,budget_absorption,1.0,8,2,,4,0,0.0,114.99474823975463,0.9582895686646219,0.4104964282445617,0.5598086124401914,12.44976076555024,209
mobility,traffic_speed_eps1.0,budget_absorption,1.0,8,2,4.0,4,0,0.0,351.71879875162165,2.930989989596847,0.36955955116663297,0.5645933014354066,12.44976076555024,209
mobility,traffic_speed_eps1.0,budget_absorption,1.0,8,2,8.0,4,0,0.0,176.12113452047177,1.4676761210039315,0.36955955116663297,0.5645933014354066,12.44976076555024,209
mobility,traffic_speed_eps1.0,budget_absorption,1.0,8,2,16.0,4,0,0.0,114.99474823975463,0.9582895686646219,0.4104964282445617,0.5598086124401914,12.44976076555024,209
mobility,traffic_speed_eps1.0,budget_absorption,1.0,8,3,,4,0,0.0,114.99474823975463,0.9582895686646219,0.4104964282445617,0.5598086124401914,12.44976076555024,209
mobility,traffic_speed_eps1.0,budget_absorption,1.0,8,3,4.0,4,0,0.0,351.71879875162165,2.930989989596847,0.36955955116663297,0.5645933014354066,12.44976076555024,209
mobility,traffic_speed_eps1.0,budget_absorption,1.0,8,3,8.0,4,0,0.0,176.12113452047177,1.4676761210039315,0.36955955116663297,0.5645933014354066,12.44976076555024,209
mobility,traffic_speed_eps1.0,budget_absorption,1.0,8,3,16.0,4,0,0.0,114.99474823975463,0.9582895686646219,0.4104964282445617,0.5598086124401914,12.44976076555024,209
mobility,traffic_speed_eps1.0,budget_absorption,1.0,8,4,,4,0,0.0,114.99474823975463,0.9582895686646219,0.4104964282445617,0.5598086124401914,12.44976076555024,209
mobility,traffic_speed_eps1.0,budget_absorption,1.0,8,4,4.0,4,0,0.0,351.71879875162165,2.930989989596847,0.36955955116663297,0.5645933014354066,12.44976076555024,209
mobility,traffic_speed_eps1.0,budget_absorption,1.0,8,4,8.0,4,0,0.0,176.12113452047177,1.4676761210039315,0.36955955116663297,0.5645933014354066,12.44976076555024,209
mobility,traffic_speed_eps1.0,budget_absorption,1.0,8,4,16.0,4,0,0.0,114.99474823975463,0.9582895686646219,0.4104964282445617,0.5598086124401914,12.44976076555024,209
mobility,traffic_speed_eps1.0,budget_absorption,1.0,8,6,,4,0,0.0,114.99474823975463,0.9582895686646219,0.4104964282445617,0.5598086124401914,12.44976076555024,209
mobility,traffic_speed_eps1.0,budget_absorption,1.0,8,6,8.0,4,0,0.0,176.12113452047177,1.4676761210039315,0.36955955116663297,0.5645933014354066,12.44976076555024,209
mobility,traffic_speed_eps1.0,budget_absorption,1.0,8,6,16.0,4,0,0.0,114.99474823975463,0.9582895686646219,0.4104964282445617,0.5598086124401914,12.44976076555024,209
mobility,traffic_speed_eps1.0,budget_absorption,1.0,8,1,,4,2,0.0,114.99474823975463,0.9582895686646219,0.4104964282445617,0.5598086124401914,12.44976076555024,209
mobility,traffic_speed_eps1.0,budget_absorption,1.0,8,1,4.0,4,2,0.0,351.71879875162165,2.930989989596847,0.36955955116663297,0.5645933014354066,12.44976076555024,209
mobility,traffic_speed_eps1.0,budget_absorption,1.0,8,1,8.0,4,2,0.0,176.12113452047177,1.4676761210039315,0.36955955116663297,0.5645933014354066,12.44976076555024,209
mobility,traffic_speed_eps1.0,budget_absorption,1.0,8,1,16.0,4,2,0.0,114.99474823975463,0.9582895686646219,0.4104964282445617,0.5598086124401914,12.44976076555024,209
mobility,traffic_speed_eps1.0,budget_absorption,1.0,8,2,,4,2,0.0,114.99474823975463,0.9582895686646219,0.4104964282445617,0.5598086124401914,12.44976076555024,209
mobility,traffic_speed_eps1.0,budget_absorption,1.0,8,2,4.0,4,2,0.0,351.71879875162165,2.930989989596847,0.36955955116663297,0.5645933014354066,12.44976076555024,209
mobility,traffic_speed_eps1.0,budget_absorption,1.0,8,2,8.0,4,2,0.0,176.12113452047177,1.4676761210039315,0.36955955116663297,0.5645933014354066,12.44976076555024,209
mobility,traffic_speed_eps1.0,budget_absorption,1.0,8,2,16.0,4,2,0.0,114.99474823975463,0.9582895686646219,0.4104964282445617,0.5598086124401914,12.44976076555024,209
mobility,traffic_speed_eps1.0,budget_absorption,1.0,8,3,,4,2,0.0,114.99474823975463,0.9582895686646219,0.4104964282445617,0.5598086124401914,12.44976076555024,209
mobility,traffic_speed_eps1.0,budget_absorption,1.0,8,3,4.0,4,2,0.0,351.71879875162165,2.930989989596847,0.36955955116663297,0.5645933014354066,12.44976076555024,209
mobility,traffic_speed_eps1.0,budget_absorption,1.0,8,3,8.0,4,2,0.0,176.12113452047177,1.4676761210039315,0.36955955116663297,0.5645933014354066,12.44976076555024,209
mobility,traffic_speed_eps1.0,budget_absorption,1.0,8,3,16.0,4,2,0.0,114.99474823975463,0.9582895686646219,0.4104964282445617,0.5598086124401914,12.44976076555024,209
mobility,traffic_speed_eps1.0,budget_absorption,1.0,8,4,,4,2,0.0,114.99474823975463,0.9582895686646219,0.4104964282445617,0.5598086124401914,12.44976076555024,209
mobility,traffic_speed_eps1.0,budget_absorption,1.0,8,4,4.0,4,2,0.0,351.71879875162165,2.930989989596847,0.36955955116663297,0.5645933014354066,12.44976076555024,209
mobility,traffic_speed_eps1.0,budget_absorption,1.0,8,4,8.0,4,2,0.0,176.12113452047177,1.4676761210039315,0.36955955116663297,0.5645933014354066,12.44976076555024,209
mobility,traffic_speed_eps1.0,budget_absorption,1.0,8,4,16.0,4,2,0.0,114.99474823975463,0.9582895686646219,0.4104964282445617,0.5598086124401914,12.44976076555024,209
mobility,traffic_speed_eps1.0,budget_absorption,1.0,8,6,,4,2,0.0,114.99474823975463,0.9582895686646219,0.4104964282445617,0.5598086124401914,12.44976076555024,209
mobility,traffic_speed_eps1.0,budget_absorption,1.0,8,6,8.0,4,2,0.0,176.12113452047177,1.4676761210039315,0.36955955116663297,0.5645933014354066,12.44976076555024,209
mobility,traffic_speed_eps1.0,budget_absorption,1.0,8,6,16.0,4,2,0.0,114.99474823975463,0.9582895686646219,0.4104964282445617,0.5598086124401914,12.44976076555024,209
mobility,traffic_speed_eps1.0,budget_absorption,1.0,8,1,,4,4,0.0,114.99474823975463,0.9582895686646219,0.4104964282445617,0.5598086124401914,12.44976076555024,209
mobility,traffic_speed_eps1.0,budget_absorption,1.0,8,1,4.0,4,4,0.0,351.71879875162165,2.930989989596847,0.36955955116663297,0.5645933014354066,12.44976076555024,209
mobility,traffic_speed_eps1.0,budget_absorption,1.0,8,1,8.0,4,4,0.0,176.12113452047177,1.4676761210039315,0.36955955116663297,0.5645933014354066,12.44976076555024,209
mobility,traffic_speed_eps1.0,budget_absorption,1.0,8,1,16.0,4,4,0.0,114.99474823975463,0.9582895686646219,0.4104964282445617,0.5598086124401914,12.44976076555024,209
mobility,traffic_speed_eps1.0,budget_absorption,1.0,8,2,,4,4,0.0,114.99474823975463,0.9582895686646219,0.4104964282445617,0.5598086124401914,12.44976076555024,209
mobility,traffic_speed_eps1.0,budget_absorption,1.0,8,2,4.0,4,4,0.0,351.71879875162165,2.930989989596847,0.36955955116663297,0.5645933014354066,12.44976076555024,209
mobility,traffic_speed_eps1.0,budget_absorption,1.0,8,2,8.0,4,4,0.0,176.12113452047177,1.4676761210039315,0.36955955116663297,0.5645933014354066,12.44976076555024,209
mobility,traffic_speed_eps1.0,budget_absorption,1.0,8,2,16.0,4,4,0.0,114.99474823975463,0.9582895686646219,0.4104964282445617,0.5598086124401914,12.44976076555024,209
mobility,traffic_speed_eps1.0,budget_absorption,1.0,8,3,,4,4,0.0,114.99474823975463,0.9582895686646219,0.4104964282445617,0.5598086124401914,12.44976076555024,209
mobility,traffic_speed_eps1.0,budget_absorption,1.0,8,3,4.0,4,4,0.0,351.71879875162165,2.930989989596847,0.36955955116663297,0.5645933014354066,12.44976076555024,209
mobility,traffic_speed_eps1.0,budget_absorption,1.0,8,3,8.0,4,4,0.0,176.12113452047177,1.4676761210039315,0.36955955116663297,0.5645933014354066,12.44976076555024,209
mobility,traffic_speed_eps1.0,budget_absorption,1.0,8,3,16.0,4,4,0.0,114.99474823975463,0.9582895686646219,0.4104964282445617,0.5598086124401914,12.44976076555024,209
mobility,traffic_speed_eps1.0,budget_absorption,1.0,8,4,,4,4,0.0,114.99474823975463,0.9582895686646219,0.4104964282445617,0.5598086124401914,12.44976076555024,209
mobility,traffic_speed_eps1.0,budget_absorption,1.0,8,4,4.0,4,4,0.0,351.71879875162165,2.930989989596847,0.36955955116663297,0.5645933014354066,12.44976076555024,209
mobility,traffic_speed_eps1.0,budget_absorption,1.0,8,4,8.0,4,4,0.0,176.12113452047177,1.4676761210039315,0.36955955116663297,0.5645933014354066,12.44976076555024,209
mobility,traffic_speed_eps1.0,budget_absorption,1.0,8,4,16.0,4,4,0.0,114.99474823975463,0.9582895686646219,0.4104964282445617,0.5598086124401914,12.44976076555024,209
mobility,traffic_speed_eps1.0,budget_absorption,1.0,8,6,,4,4,0.0,114.99474823975463,0.9582895686646219,0.4104964282445617,0.5598086124401914,12.44976076555024,209
mobility,traffic_speed_eps1.0,budget_absorption,1.0,8,6,8.0,4,4,0.0,176.12113452047177,1.4676761210039315,0.36955955116663297,0.5645933014354066,12.44976076555024,209
mobility,traffic_speed_eps1.0,budget_absorption,1.0,8,6,16.0,4,4,0.0,114.99474823975463,0.9582895686646219,0.4104964282445617,0.5598086124401914,12.44976076555024,209
mobility,traffic_speed_eps1.0,p_gated_uniform,1.0,8,1,,1,0,0.0,184.3106158009078,1.5359217983408984,0.9955827692629473,1.0,5.08273381294964,834
mobility,traffic_speed_eps1.0,p_gated_uniform,1.0,8,1,4.0,1,0,0.0,230.49966839424047,1.9208305699520039,0.8334125452629491,1.0,5.08273381294964,834
mobility,traffic_speed_eps1.0,p_gated_uniform,1.0,8,1,8.0,1,0,0.0,184.3106158009078,1.5359217983408984,0.9955827692629473,1.0,5.08273381294964,834
mobility,traffic_speed_eps1.0,p_gated_uniform,1.0,8,1,16.0,1,0,0.0,184.3106158009078,1.5359217983408984,0.9955827692629473,1.0,5.08273381294964,834
mobility,traffic_speed_eps1.0,p_gated_uniform,1.0,8,2,,1,0,0.0,184.3106158009078,1.5359217983408984,0.9955827692629473,1.0,5.08273381294964,834
mobility,traffic_speed_eps1.0,p_gated_uniform,1.0,8,2,4.0,1,0,0.0,230.49966839424047,1.9208305699520039,0.8334125452629491,1.0,5.08273381294964,834
mobility,traffic_speed_eps1.0,p_gated_uniform,1.0,8,2,8.0,1,0,0.0,184.3106158009078,1.5359217983408984,0.9955827692629473,1.0,5.08273381294964,834
mobility,traffic_speed_eps1.0,p_gated_uniform,1.0,8,2,16.0,1,0,0.0,184.3106158009078,1.5359217983408984,0.9955827692629473,1.0,5.08273381294964,834
mobility,traffic_speed_eps1.0,p_gated_uniform,1.0,8,3,,1,0,0.0,184.16429548577474,1.5347024623814562,0.994358516248076,0.9988009592326139,5.08273381294964,834
mobility,traffic_speed_eps1.0,p_gated_uniform,1.0,8,3,4.0,1,0,0.0,230.3538798386482,1.9196156653220684,0.8321927257464108,0.9988009592326139,5.08273381294964,834
mobility,traffic_speed_eps1.0,p_gated_uniform,1.0,8,3,8.0,1,0,0.0,184.16429548577474,1.5347024623814562,0.994358516248076,0.9988009592326139,5.08273381294964,834
mobility,traffic_speed_eps1.0,p_gated_uniform,1.0,8,3,16.0,1,0,0.0,184.16429548577474,1.5347024623814562,0.994358516248076,0.9988009592326139,5.08273381294964,834
mobility,traffic_speed_eps1.0,p_gated_uniform,1.0,8,4,,1,0,0.0,182.02073837328442,1.5168394864440369,0.787642342656887,0.9676258992805755,5.08273381294964,834
mobility,traffic_speed_eps1.0,p_gated_uniform,1.0,8,4,4.0,1,0,0.0,229.1561984834111,1.909634987361759,0.8113474625119657,0.9676258992805755,5.08273381294964,834
mobility,traffic_speed_eps1.0,p_gated_uniform,1.0,8,4,8.0,1,0,0.0,182.02073837328442,1.5168394864440369,0.787642342656887,0.9676258992805755,5.08273381294964,834
mobility,traffic_speed_eps1.0,p_gated_uniform,1.0,8,4,16.0,1,0,0.0,182.02073837328442,1.5168394864440369,0.787642342656887,0.9676258992805755,5.08273381294964,834
mobility,traffic_speed_eps1.0,p_gated_uniform,1.0,8,6,,1,0,0.0,149.1215724678009,1.2426797705650074,0.7239491426244753,0.33213429256594723,5.08273381294964,834
mobility,traffic_speed_eps1.0,p_gated_uniform,1.0,8,6,8.0,1,0,0.0,149.1215724678009,1.2426797705650074,0.7239491426244753,0.33213429256594723,5.08273381294964,834
mobility,traffic_speed_eps1.0,p_gated_uniform,1.0,8,6,16.0,1,0,0.0,149.1215724678009,1.2426797705650074,0.7239491426244753,0.33213429256594723,5.08273381294964,834
mobility,traffic_speed_eps1.0,p_gated_uniform,1.0,8,1,,1,2,0.0,184.3106158009078,1.5359217983408984,0.9955827692629473,1.0,5.08273381294964,834
mobility,traffic_speed_eps1.0,p_gated_uniform,1.0,8,1,4.0,1,2,0.0,230.49966839424047,1.9208305699520039,0.8334125452629491,1.0,5.08273381294964,834
mobility,traffic_speed_eps1.0,p_gated_uniform,1.0,8,1,8.0,1,2,0.0,184.3106158009078,1.5359217983408984,0.9955827692629473,1.0,5.08273381294964,834
mobility,traffic_speed_eps1.0,p_gated_uniform,1.0,8,1,16.0,1,2,0.0,184.3106158009078,1.5359217983408984,0.9955827692629473,1.0,5.08273381294964,834
mobility,traffic_speed_eps1.0,p_gated_uniform,1.0,8,2,,1,2,0.0,184.3106158009078,1.5359217983408984,0.9955827692629473,1.0,5.08273381294964,834
mobility,traffic_speed_eps1.0,p_gated_uniform,1.0,8,2,4.0,1,2,0.0,230.49966839424047,1.9208305699520039,0.8334125452629491,1.0,5.08273381294964,834
mobility,traffic_speed_eps1.0,p_gated_uniform,1.0,8,2,8.0,1,2,0.0,184.3106158009078,1.5359217983408984,0.9955827692629473,1.0,5.08273381294964,834
mobility,traffic_speed_eps1.0,p_gated_uniform,1.0,8,2,16.0,1,2,0.0,184.3106158009078,1.5359217983408984,0.9955827692629473,1.0,5.08273381294964,834
mobility,traffic_speed_eps1.0,p_gated_uniform,1.0,8,3,,1,2,0.0,184.16429548577474,1.5347024623814562,0.994358516248076,0.9988009592326139,5.08273381294964,834
mobility,traffic_speed_eps1.0,p_gated_uniform,1.0,8,3,4.0,1,2,0.0,230.3538798386482,1.9196156653220684,0.8321927257464108,0.9988009592326139,5.08273381294964,834
mobility,traffic_speed_eps1.0,p_gated_uniform,1.0,8,3,8.0,1,2,0.0,184.16429548577474,1.5347024623814562,0.994358516248076,0.9988009592326139,5.08273381294964,834
mobility,traffic_speed_eps1.0,p_gated_uniform,1.0,8,3,16.0,1,2,0.0,184.16429548577474,1.5347024623814562,0.994358516248076,0.9988009592326139,5.08273381294964,834
mobility,traffic_speed_eps1.0,p_gated_uniform,1.0,8,4,,1,2,0.0,180.71838593232096,1.505986549436008,0.8446397245076727,0.9987623762376238,5.212871287128713,808
mobility,traffic_speed_eps1.0,p_gated_uniform,1.0,8,4,4.0,1,2,0.0,229.89111910609242,1.9157593258841035,0.8256401743362791,0.9987623762376238,5.212871287128713,808
mobility,traffic_speed_eps1.0,p_gated_uniform,1.0,8,4,8.0,1,2,0.0,180.73800166018862,1.506150013834905,0.8446397245076727,0.9987623762376238,5.212871287128713,808
mobility,traffic_speed_eps1.0,p_gated_uniform,1.0,8,4,16.0,1,2,0.0,180.71838593232096,1.505986549436008,0.8446397245076727,0.9987623762376238,5.212871287128713,808
mobility,traffic_speed_eps1.0,p_gated_uniform,1.0,8,6,,1,2,0.0,128.7058098122415,1.0725484151020126,0.829386992888042,0.9979959919839679,7.462925851703407,499
mobility,traffic_speed_eps1.0,p_gated_uniform,1.0,8,6,8.0,1,2,0.0,133.55434664394267,1.1129528886995221,0.857839408336755,0.9979959919839679,7.462925851703407,499
mobility,traffic_speed_eps1.0,p_gated_uniform,1.0,8,6,16.0,1,2,0.0,128.7058098122415,1.0725484151020126,0.829386992888042,0.9979959919839679,7.462925851703407,499
mobility,traffic_speed_eps1.0,p_gated_uniform,1.0,8,1,,1,4,0.0,184.3106158009078,1.5359217983408984,0.9955827692629473,1.0,5.08273381294964,834
mobility,traffic_speed_eps1.0,p_gated_uniform,1.0,8,1,4.0,1,4,0.0,230.49966839424047,1.9208305699520039,0.8334125452629491,1.0,5.08273381294964,834
mobility,traffic_speed_eps1.0,p_gated_uniform,1.0,8,1,8.0,1,4,0.0,184.3106158009078,1.5359217983408984,0.9955827692629473,1.0,5.08273381294964,834
mobility,traffic_speed_eps1.0,p_gated_uniform,1.0,8,1,16.0,1,4,0.0,184.3106158009078,1.5359217983408984,0.9955827692629473,1.0,5.08273381294964,834
mobility,traffic_speed_eps1.0,p_gated_uniform,1.0,8,2,,1,4,0.0,184.3106158009078,1.5359217983408984,0.9955827692629473,1.0,5.08273381294964,834
mobility,traffic_speed_eps1.0,p_gated_uniform,1.0,8,2,4.0,1,4,0.0,230.49966839424047,1.9208305699520039,0.8334125452629491,1.0,5.08273381294964,834
mobility,traffic_speed_eps1.0,p_gated_uniform,1.0,8,2,8.0,1,4,0.0,184.3106158009078,1.5359217983408984,0.9955827692629473,1.0,5.08273381294964,834
mobility,traffic_speed_eps1.0,p_gated_uniform,1.0,8,2,16.0,1,4,0.0,184.3106158009078,1.5359217983408984,0.9955827692629473,1.0,5.08273381294964,834
mobility,traffic_speed_eps1.0,p_gated_uniform,1.0,8,3,,1,4,0.0,184.16429548577474,1.5347024623814562,0.994358516248076,0.9988009592326139,5.08273381294964,834
mobility,traffic_speed_eps1.0,p_gated_uniform,1.0,8,3,4.0,1,4,0.0,230.3538798386482,1.9196156653220684,0.8321927257464108,0.9988009592326139,5.08273381294964,834
mobility,traffic_speed_eps1.0,p_gated_uniform,1.0,8,3,8.0,1,4,0.0,184.16429548577474,1.5347024623814562,0.994358516248076,0.9988009592326139,5.08273381294964,834
mobility,traffic_speed_eps1.0,p_gated_uniform,1.0,8,3,16.0,1,4,0.0,184.16429548577474,1.5347024623814562,0.994358516248076,0.9988009592326139,5.08273381294964,834
mobility,traffic_speed_eps1.0,p_gated_uniform,1.0,8,4,,1,4,0.0,180.71838593232096,1.505986549436008,0.8446397245076727,0.9987623762376238,5.212871287128713,808
mobility,traffic_speed_eps1.0,p_gated_uniform,1.0,8,4,4.0,1,4,0.0,229.89111910609242,1.9157593258841035,0.8256401743362791,0.9987623762376238,5.212871287128713,808
mobility,traffic_speed_eps1.0,p_gated_uniform,1.0,8,4,8.0,1,4,0.0,180.73800166018862,1.506150013834905,0.8446397245076727,0.9987623762376238,5.212871287128713,808
mobility,traffic_speed_eps1.0,p_gated_uniform,1.0,8,4,16.0,1,4,0.0,180.71838593232096,1.505986549436008,0.8446397245076727,0.9987623762376238,5.212871287128713,808
mobility,traffic_speed_eps1.0,p_gated_uniform,1.0,8,6,,1,4,0.0,128.7058098122415,1.0725484151020126,0.829386992888042,0.9979959919839679,7.462925851703407,499
mobility,traffic_speed_eps1.0,p_gated_uniform,1.0,8,6,8.0,1,4,0.0,133.55434664394267,1.1129528886995221,0.857839408336755,0.9979959919839679,7.462925851703407,499
mobility,traffic_speed_eps1.0,p_gated_uniform,1.0,8,6,16.0,1,4,0.0,128.7058098122415,1.0725484151020126,0.829386992888042,0.9979959919839679,7.462925851703407,499
mobility,traffic_speed_eps1.0,p_gated_uniform,1.0,8,1,,2,0,0.0,114.86249776688153,0.9571874813906794,0.8453427151321496,1.0,8.57074340527578,417
mobility,traffic_speed_eps1.0,p_gated_uniform,1.0,8,1,4.0,2,0,0.0,239.92392038387428,1.9993660031989522,0.38804036882674037,1.0,8.57074340527578,417
mobility,traffic_speed_eps1.0,p_gated_uniform,1.0,8,1,8.0,2,0,0.0,124.88563509095071,1.0407136257579226,0.6402269712480424,1.0,8.57074340527578,417
mobility,traffic_speed_eps1.0,p_gated_uniform,1.0,8,1,16.0,2,0,0.0,114.86249776688153,0.9571874813906794,0.8453427151321496,1.0,8.57074340527578,417
mobility,traffic_speed_eps1.0,p_gated_uniform,1.0,8,2,,2,0,0.0,114.86249776688153,0.9571874813906794,0.8453427151321496,1.0,8.57074340527578,417
mobility,traffic_speed_eps1.0,p_gated_uniform,1.0,8,2,4.0,2,0,0.0,239.92392038387428,1.9993660031989522,0.38804036882674037,1.0,8.57074340527578,417
mobility,traffic_speed_eps1.0,p_gated_uniform,1.0,8,2,8.0,2,0,0.0,124.88563509095071,1.0407136257579226,0.6402269712480424,1.0,8.57074340527578,417
mobility,traffic_speed_eps1.0,p_gated_uniform,1.0,8,2,16.0,2,0,0.0,114.86249776688153,0.9571874813906794,0.8453427151321496,1.0,8.57074340527578,417
mobility,traffic_speed_eps1.0,p_gated_uniform,1.0,8,3,,2,0,0.0,114.86249776688153,0.9571874813906794,0.8453427151321496,1.0,8.57074340527578,417
mobility,traffic_speed_eps1.0,p_gated_uniform,1.0,8,3,4.0,2,0,0.0,239.92392038387428,1.9993660031989522,0.38804036882674037,1.0,8.57074340527578,417
mobility,traffic_speed_eps1.0,p_gated_uniform,1.0,8,3,8.0,2,0,0.0,124.88563509095071,1.0407136257579226,0.6402269712480424,1.0,8.57074340527578,417
mobility,traffic_speed_eps1.0,p_gated_uniform,1.0,8,3,16.0,2,0,0.0,114.86249776688153,0.9571874813906794,0.8453427151321496,1.0,8.57074340527578,417
mobility,traffic_speed_eps1.0,p_gated_uniform,1.0,8,4,,2,0,0.0,114.86249776688153,0.9571874813906794,0.8453427151321496,1.0,8.57074340527578,417
mobility,traffic_speed_eps1.0,p_gated_uniform,1.0,8,4,4.0,2,0,0.0,239.92392038387428,1.9993660031989522,0.38804036882674037,1.0,8.57074340527578,417
mobility,traffic_speed_eps1.0,p_gated_uniform,1.0,8,4,8.0,2,0,0.0,124.88563509095071,1.0407136257579226,0.6402269712480424,1.0,8.57074340527578,417
mobility,traffic_speed_eps1.0,p_gated_uniform,1.0,8,4,16.0,2,0,0.0,114.86249776688153,0.9571874813906794,0.8453427151321496,1.0,8.57074340527578,417
mobility,traffic_speed_eps1.0,p_gated_uniform,1.0,8,6,,2,0,0.0,116.56196817577685,0.9713497347981405,0.4904446188256931,0.9904076738609112,8.57074340527578,417
mobility,traffic_speed_eps1.0,p_gated_uniform,1.0,8,6,8.0,2,0,0.0,126.60871025834227,1.0550725854861855,0.5317432269124207,0.9904076738609112,8.57074340527578,417
mobility,traffic_speed_eps1.0,p_gated_uniform,1.0,8,6,16.0,2,0,0.0,116.56196817577685,0.9713497347981405,0.4904446188256931,0.9904076738609112,8.57074340527578,417
mobility,traffic_speed_eps1.0,p_gated_uniform,1.0,8,1,,2,2,0.0,114.86249776688153,0.9571874813906794,0.8453427151321496,1.0,8.57074340527578,417
mobility,traffic_speed_eps1.0,p_gated_uniform,1.0,8,1,4.0,2,2,0.0,239.92392038387428,1.9993660031989522,0.38804036882674037,1.0,8.57074340527578,417
mobility,traffic_speed_eps1.0,p_gated_uniform,1.0,8,1,8.0,2,2,0.0,124.88563509095071,1.0407136257579226,0.6402269712480424,1.0,8.57074340527578,417
mobility,traffic_speed_eps1.0,p_gated_uniform,1.0,8,1,16.0,2,2,0.0,114.86249776688153,0.9571874813906794,0.8453427151321496,1.0,8.57074340527578,417
mobility,traffic_speed_eps1.0,p_gated_uniform,1.0,8,2,,2,2,0.0,114.86249776688153,0.9571874813906794,0.8453427151321496,1.0,8.57074340527578,417
mobility,traffic_speed_eps1.0,p_gated_uniform,1.0,8,2,4.0,2,2,0.0,239.92392038387428,1.9993660031989522,0.38804036882674037,1.0,8.57074340527578,417
mobility,traffic_speed_eps1.0,p_gated_uniform,1.0,8,2,8.0,2,2,0.0,124.88563509095071,1.0407136257579226,0.6402269712480424,1.0,8.57074340527578,417
mobility,traffic_speed_eps1.0,p_gated_uniform,1.0,8,2,16.0,2,2,0.0,114.86249776688153,0.9571874813906794,0.8453427151321496,1.0,8.57074340527578,417
mobility,traffic_speed_eps1.0,p_gated_uniform,1.0,8,3,,2,2,0.0,114.86249776688153,0.9571874813906794,0.8453427151321496,1.0,8.57074340527578,417
mobility,traffic_speed_eps1.0,p_gated_uniform,1.0,8,3,4.0,2,2,0.0,239.92392038387428,1.9993660031989522,0.38804036882674037,1.0,8.57074340527578,417
mobility,traffic_speed_eps1.0,p_gated_uniform,1.0,8,3,8.0,2,2,0.0,124.88563509095071,1.0407136257579226,0.6402269712480424,1.0,8.57074340527578,417
mobility,traffic_speed_eps1.0,p_gated_uniform,1.0,8,3,16.0,2,2,0.0,114.86249776688153,0.9571874813906794,0.8453427151321496,1.0,8.57074340527578,417
mobility,traffic_speed_eps1.0,p_gated_uniform,1.0,8,4,,2,2,0.0,114.86249776688153,0.9571874813906794,0.8453427151321496,1.0,8.57074340527578,417
mobility,traffic_speed_eps1.0,p_gated_uniform,1.0,8,4,4.0,2,2,0.0,239.92392038387428,1.9993660031989522,0.38804036882674037,1.0,8.57074340527578,417
mobility,traffic_speed_eps1.0,p_gated_uniform,1.0,8,4,8.0,2,2,0.0,124.88563509095071,1.0407136257579226,0.6402269712480424,1.0,8.57074340527578,417
mobility,traffic_speed_eps1.0,p_gated_uniform,1.0,8,4,16.0,2,2,0.0,114.86249776688153,0.9571874813906794,0.8453427151321496,1.0,8.57074340527578,417
mobility,traffic_speed_eps1.0,p_gated_uniform,1.0,8,6,,2,2,0.0,114.5715759841045,0.9547631332008708,0.4819543377120103,1.0,8.624697336561743,413
mobility,traffic_speed_eps1.0,p_gated_uniform,1.0,8,6,8.0,2,2,0.0,124.70441678249463,1.0392034731874553,0.5230870915190473,1.0,8.624697336561743,413
mobility,traffic_speed_eps1.0,p_gated_uniform,1.0,8,6,16.0,2,2,0.0,114.5715759841045,0.9547631332008708,0.4819543377120103,1.0,8.624697336561743,413
mobility,traffic_speed_eps1.0,p_gated_uniform,1.0,8,1,,2,4,0.0,114.86249776688153,0.9571874813906794,0.8453427151321496,1.0,8.57074340527578,417
mobility,traffic_speed_eps1.0,p_gated_uniform,1.0,8,1,4.0,2,4,0.0,239.92392038387428,1.9993660031989522,0.38804036882674037,1.0,8.57074340527578,417
mobility,traffic_speed_eps1.0,p_gated_uniform,1.0,8,1,8.0,2,4,0.0,124.88563509095071,1.0407136257579226,0.6402269712480424,1.0,8.57074340527578,417
mobility,traffic_speed_eps1.0,p_gated_uniform,1.0,8,1,16.0,2,4,0.0,114.86249776688153,0.9571874813906794,0.8453427151321496,1.0,8.57074340527578,417
mobility,traffic_speed_eps1.0,p_gated_uniform,1.0,8,2,,2,4,0.0,114.86249776688153,0.9571874813906794,0.8453427151321496,1.0,8.57074340527578,417
mobility,traffic_speed_eps1.0,p_gated_uniform,1.0,8,2,4.0,2,4,0.0,239.92392038387428,1.9993660031989522,0.38804036882674037,1.0,8.57074340527578,417
mobility,traffic_speed_eps1.0,p_gated_uniform,1.0,8,2,8.0,2,4,0.0,124.88563509095071,1.0407136257579226,0.6402269712480424,1.0,8.57074340527578,417
mobility,traffic_speed_eps1.0,p_gated_uniform,1.0,8,2,16.0,2,4,0.0,114.86249776688153,0.9571874813906794,0.8453427151321496,1.0,8.57074340527578,417
mobility,traffic_speed_eps1.0,p_gated_uniform,1.0,8,3,,2,4,0.0,114.86249776688153,0.9571874813906794,0.8453427151321496,1.0,8.57074340527578,417
mobility,traffic_speed_eps1.0,p_gated_uniform,1.0,8,3,4.0,2,4,0.0,239.92392038387428,1.9993660031989522,0.38804036882674037,1.0,8.57074340527578,417
mobility,traffic_speed_eps1.0,p_gated_uniform,1.0,8,3,8.0,2,4,0.0,124.88563509095071,1.0407136257579226,0.6402269712480424,1.0,8.57074340527578,417
mobility,traffic_speed_eps1.0,p_gated_uniform,1.0,8,3,16.0,2,4,0.0,114.86249776688153,0.9571874813906794,0.8453427151321496,1.0,8.57074340527578,417
mobility,traffic_speed_eps1.0,p_gated_uniform,1.0,8,4,,2,4,0.0,114.86249776688153,0.9571874813906794,0.8453427151321496,1.0,8.57074340527578,417
mobility,traffic_speed_eps1.0,p_gated_uniform,1.0,8,4,4.0,2,4,0.0,239.92392038387428,1.9993660031989522,0.38804036882674037,1.0,8.57074340527578,417
mobility,traffic_speed_eps1.0,p_gated_uniform,1.0,8,4,8.0,2,4,0.0,124.88563509095071,1.0407136257579226,0.6402269712480424,1.0,8.57074340527578,417
mobility,traffic_speed_eps1.0,p_gated_uniform,1.0,8,4,16.0,2,4,0.0,114.86249776688153,0.9571874813906794,0.8453427151321496,1.0,8.57074340527578,417
mobility,traffic_speed_eps1.0,p_gated_uniform,1.0,8,6,,2,4,0.0,114.5715759841045,0.9547631332008708,0.4819543377120103,1.0,8.624697336561743,413
mobility,traffic_speed_eps1.0,p_gated_uniform,1.0,8,6,8.0,2,4,0.0,124.70441678249463,1.0392034731874553,0.5230870915190473,1.0,8.624697336561743,413
mobility,traffic_speed_eps1.0,p_gated_uniform,1.0,8,6,16.0,2,4,0.0,114.5715759841045,0.9547631332008708,0.4819543377120103,1.0,8.624697336561743,413
mobility,traffic_speed_eps1.0,p_gated_uniform,1.0,8,1,,4,0,0.0,79.89885465648759,0.6658237888040632,0.8358289120223763,1.0,12.44976076555024,209
mobility,traffic_speed_eps1.0,p_gated_uniform,1.0,8,1,4.0,4,0,0.0,242.20961540825158,2.0184134617354297,0.8480896556928463,1.0,12.44976076555024,209
mobility,traffic_speed_eps1.0,p_gated_uniform,1.0,8,1,8.0,4,0,0.0,121.13789677643736,1.009482473136978,0.8129135805019919,1.0,12.44976076555024,209
mobility,traffic_speed_eps1.0,p_gated_uniform,1.0,8,1,16.0,4,0,0.0,79.89885465648759,0.6658237888040632,0.8358289120223763,1.0,12.44976076555024,209
mobility,traffic_speed_eps1.0,p_gated_uniform,1.0,8,2,,4,0,0.0,79.89885465648759,0.6658237888040632,0.8358289120223763,1.0,12.44976076555024,209
mobility,traffic_speed_eps1.0,p_gated_uniform,1.0,8,2,4.0,4,0,0.0,242.20961540825158,2.0184134617354297,0.8480896556928463,1.0,12.44976076555024,209
mobility,traffic_speed_eps1.0,p_gated_uniform,1.0,8,2,8.0,4,0,0.0,121.13789677643736,1.009482473136978,0.8129135805019919,1.0,12.44976076555024,209
mobility,traffic_speed_eps1.0,p_gated_uniform,1.0,8,2,16.0,4,0,0.0,79.89885465648759,0.6658237888040632,0.8358289120223763,1.0,12.44976076555024,209
mobility,traffic_speed_eps1.0,p_gated_uniform,1.0,8,3,,4,0,0.0,79.89885465648759,0.6658237888040632,0.8358289120223763,1.0,12.44976076555024,209
mobility,traffic_speed_eps1.0,p_gated_uniform,1.0,8,3,4.0,4,0,0.0,242.20961540825158,2.0184134617354297,0.8480896556928463,1.0,12.44976076555024,209
mobility,traffic_speed_eps1.0,p_gated_uniform,1.0,8,3,8.0,4,0,0.0,121.13789677643736,1.009482473136978,0.8129135805019919,1.0,12.44976076555024,209
mobility,traffic_speed_eps1.0,p_gated_uniform,1.0,8,3,16.0,4,0,0.0,79.89885465648759,0.6658237888040632,0.8358289120223763,1.0,12.44976076555024,209
mobility,traffic_speed_eps1.0,p_gated_uniform,1.0,8,4,,4,0,0.0,79.89885465648759,0.6658237888040632,0.8358289120223763,1.0,12.44976076555024,209
mobility,traffic_speed_eps1.0,p_gated_uniform,1.0,8,4,4.0,4,0,0.0,242.20961540825158,2.0184134617354297,0.8480896556928463,1.0,12.44976076555024,209
mobility,traffic_speed_eps1.0,p_gated_uniform,1.0,8,4,8.0,4,0,0.0,121.13789677643736,1.009482473136978,0.8129135805019919,1.0,12.44976076555024,209
mobility,traffic_speed_eps1.0,p_gated_uniform,1.0,8,4,16.0,4,0,0.0,79.89885465648759,0.6658237888040632,0.8358289120223763,1.0,12.44976076555024,209
mobility,traffic_speed_eps1.0,p_gated_uniform,1.0,8,6,,4,0,0.0,79.89885465648759,0.6658237888040632,0.8358289120223763,1.0,12.44976076555024,209
mobility,traffic_speed_eps1.0,p_gated_uniform,1.0,8,6,8.0,4,0,0.0,121.13789677643736,1.009482473136978,0.8129135805019919,1.0,12.44976076555024,209
mobility,traffic_speed_eps1.0,p_gated_uniform,1.0,8,6,16.0,4,0,0.0,79.89885465648759,0.6658237888040632,0.8358289120223763,1.0,12.44976076555024,209
mobility,traffic_speed_eps1.0,p_gated_uniform,1.0,8,1,,4,2,0.0,79.89885465648759,0.6658237888040632,0.8358289120223763,1.0,12.44976076555024,209
mobility,traffic_speed_eps1.0,p_gated_uniform,1.0,8,1,4.0,4,2,0.0,242.20961540825158,2.0184134617354297,0.8480896556928463,1.0,12.44976076555024,209
mobility,traffic_speed_eps1.0,p_gated_uniform,1.0,8,1,8.0,4,2,0.0,121.13789677643736,1.009482473136978,0.8129135805019919,1.0,12.44976076555024,209
mobility,traffic_speed_eps1.0,p_gated_uniform,1.0,8,1,16.0,4,2,0.0,79.89885465648759,0.6658237888040632,0.8358289120223763,1.0,12.44976076555024,209
mobility,traffic_speed_eps1.0,p_gated_uniform,1.0,8,2,,4,2,0.0,79.89885465648759,0.6658237888040632,0.8358289120223763,1.0,12.44976076555024,209
mobility,traffic_speed_eps1.0,p_gated_uniform,1.0,8,2,4.0,4,2,0.0,242.20961540825158,2.0184134617354297,0.8480896556928463,1.0,12.44976076555024,209
mobility,traffic_speed_eps1.0,p_gated_uniform,1.0,8,2,8.0,4,2,0.0,121.13789677643736,1.009482473136978,0.8129135805019919,1.0,12.44976076555024,209
mobility,traffic_speed_eps1.0,p_gated_uniform,1.0,8,2,16.0,4,2,0.0,79.89885465648759,0.6658237888040632,0.8358289120223763,1.0,12.44976076555024,209
mobility,traffic_speed_eps1.0,p_gated_uniform,1.0,8,3,,4,2,0.0,79.89885465648759,0.6658237888040632,0.8358289120223763,1.0,12.44976076555024,209
mobility,traffic_speed_eps1.0,p_gated_uniform,1.0,8,3,4.0,4,2,0.0,242.20961540825158,2.0184134617354297,0.8480896556928463,1.0,12.44976076555024,209
mobility,traffic_speed_eps1.0,p_gated_uniform,1.0,8,3,8.0,4,2,0.0,121.13789677643736,1.009482473136978,0.8129135805019919,1.0,12.44976076555024,209
mobility,traffic_speed_eps1.0,p_gated_uniform,1.0,8,3,16.0,4,2,0.0,79.89885465648759,0.6658237888040632,0.8358289120223763,1.0,12.44976076555024,209
mobility,traffic_speed_eps1.0,p_gated_uniform,1.0,8,4,,4,2,0.0,79.89885465648759,0.6658237888040632,0.8358289120223763,1.0,12.44976076555024,209
mobility,traffic_speed_eps1.0,p_gated_uniform,1.0,8,4,4.0,4,2,0.0,242.20961540825158,2.0184134617354297,0.8480896556928463,1.0,12.44976076555024,209
mobility,traffic_speed_eps1.0,p_gated_uniform,1.0,8,4,8.0,4,2,0.0,121.13789677643736,1.009482473136978,0.8129135805019919,1.0,12.44976076555024,209
mobility,traffic_speed_eps1.0,p_gated_uniform,1.0,8,4,16.0,4,2,0.0,79.89885465648759,0.6658237888040632,0.8358289120223763,1.0,12.44976076555024,209
mobility,traffic_speed_eps1.0,p_gated_uniform,1.0,8,6,,4,2,0.0,79.89885465648759,0.6658237888040632,0.8358289120223763,1.0,12.44976076555024,209
mobility,traffic_speed_eps1.0,p_gated_uniform,1.0,8,6,8.0,4,2,0.0,121.13789677643736,1.009482473136978,0.8129135805019919,1.0,12.44976076555024,209
mobility,traffic_speed_eps1.0,p_gated_uniform,1.0,8,6,16.0,4,2,0.0,79.89885465648759,0.6658237888040632,0.8358289120223763,1.0,12.44976076555024,209
mobility,traffic_speed_eps1.0,p_gated_uniform,1.0,8,1,,4,4,0.0,79.89885465648759,0.6658237888040632,0.8358289120223763,1.0,12.44976076555024,209
mobility,traffic_speed_eps1.0,p_gated_uniform,1.0,8,1,4.0,4,4,0.0,242.20961540825158,2.0184134617354297,0.8480896556928463,1.0,12.44976076555024,209
mobility,traffic_speed_eps1.0,p_gated_uniform,1.0,8,1,8.0,4,4,0.0,121.13789677643736,1.009482473136978,0.8129135805019919,1.0,12.44976076555024,209
mobility,traffic_speed_eps1.0,p_gated_uniform,1.0,8,1,16.0,4,4,0.0,79.89885465648759,0.6658237888040632,0.8358289120223763,1.0,12.44976076555024,209
mobility,traffic_speed_eps1.0,p_gated_uniform,1.0,8,2,,4,4,0.0,79.89885465648759,0.6658237888040632,0.8358289120223763,1.0,12.44976076555024,209
mobility,traffic_speed_eps1.0,p_gated_uniform,1.0,8,2,4.0,4,4,0.0,242.20961540825158,2.0184134617354297,0.8480896556928463,1.0,12.44976076555024,209
mobility,traffic_speed_eps1.0,p_gated_uniform,1.0,8,2,8.0,4,4,0.0,121.13789677643736,1.009482473136978,0.8129135805019919,1.0,12.44976076555024,209
mobility,traffic_speed_eps1.0,p_gated_uniform,1.0,8,2,16.0,4,4,0.0,79.89885465648759,0.6658237888040632,0.8358289120223763,1.0,12.44976076555024,209
mobility,traffic_speed_eps1.0,p_gated_uniform,1.0,8,3,,4,4,0.0,79.89885465648759,0.6658237888040632,0.8358289120223763,1.0,12.44976076555024,209
mobility,traffic_speed_eps1.0,p_gated_uniform,1.0,8,3,4.0,4,4,0.0,242.20961540825158,2.0184134617354297,0.8480896556928463,1.0,12.44976076555024,209
mobility,traffic_speed_eps1.0,p_gated_uniform,1.0,8,3,8.0,4,4,0.0,121.13789677643736,1.009482473136978,0.8129135805019919,1.0,12.44976076555024,209
mobility,traffic_speed_eps1.0,p_gated_uniform,1.0,8,3,16.0,4,4,0.0,79.89885465648759,0.6658237888040632,0.8358289120223763,1.0,12.44976076555024,209
mobility,traffic_speed_eps1.0,p_gated_uniform,1.0,8,4,,4,4,0.0,79.89885465648759,0.6658237888040632,0.8358289120223763,1.0,12.44976076555024,209
mobility,traffic_speed_eps1.0,p_gated_uniform,1.0,8,4,4.0,4,4,0.0,242.20961540825158,2.0184134617354297,0.8480896556928463,1.0,12.44976076555024,209
mobility,traffic_speed_eps1.0,p_gated_uniform,1.0,8,4,8.0,4,4,0.0,121.13789677643736,1.009482473136978,0.8129135805019919,1.0,12.44976076555024,209
mobility,traffic_speed_eps1.0,p_gated_uniform,1.0,8,4,16.0,4,4,0.0,79.89885465648759,0.6658237888040632,0.8358289120223763,1.0,12.44976076555024,209
mobility,traffic_speed_eps1.0,p_gated_uniform,1.0,8,6,,4,4,0.0,79.89885465648759,0.6658237888040632,0.8358289120223763,1.0,12.44976076555024,209
mobility,traffic_speed_eps1.0,p_gated_uniform,1.0,8,6,8.0,4,4,0.0,121.13789677643736,1.009482473136978,0.8129135805019919,1.0,12.44976076555024,209
mobility,traffic_speed_eps1.0,p_gated_uniform,1.0,8,6,16.0,4,4,0.0,79.89885465648759,0.6658237888040632,0.8358289120223763,1.0,12.44976076555024,209
mobility,traffic_speed_eps1.0,p_gated_sample,1.0,8,1,,1,0,0.0,25.35240582444213,0.21127004853701775,0.3347274871536977,0.12589928057553956,5.08273381294964,834
mobility,traffic_speed_eps1.0,p_gated_sample,1.0,8,1,4.0,1,0,0.0,30.33673256086844,0.2528061046739037,0.5289494162798273,0.12589928057553956,5.08273381294964,834
mobility,traffic_speed_eps1.0,p_gated_sample,1.0,8,1,8.0,1,0,0.0,25.35240582444213,0.21127004853701775,0.3347274871536977,0.12589928057553956,5.08273381294964,834
mobility,traffic_speed_eps1.0,p_gated_sample,1.0,8,1,16.0,1,0,0.0,25.35240582444213,0.21127004853701775,0.3347274871536977,0.12589928057553956,5.08273381294964,834
mobility,traffic_speed_eps1.0,p_gated_sample,1.0,8,2,,1,0,0.0,25.35240582444213,0.21127004853701775,0.3347274871536977,0.12589928057553956,5.08273381294964,834
mobility,traffic_speed_eps1.0,p_gated_sample,1.0,8,2,4.0,1,0,0.0,30.33673256086844,0.2528061046739037,0.5289494162798273,0.12589928057553956,5.08273381294964,834
mobility,traffic_speed_eps1.0,p_gated_sample,1.0,8,2,8.0,1,0,0.0,25.35240582444213,0.21127004853701775,0.3347274871536977,0.12589928057553956,5.08273381294964,834
mobility,traffic_speed_eps1.0,p_gated_sample,1.0,8,2,16.0,1,0,0.0,25.35240582444213,0.21127004853701775,0.3347274871536977,0.12589928057553956,5.08273381294964,834
mobility,traffic_speed_eps1.0,p_gated_sample,1.0,8,3,,1,0,0.0,25.35240582444213,0.21127004853701775,0.3347274871536977,0.12589928057553956,5.08273381294964,834
mobility,traffic_speed_eps1.0,p_gated_sample,1.0,8,3,4.0,1,0,0.0,30.33673256086844,0.2528061046739037,0.5289494162798273,0.12589928057553956,5.08273381294964,834
mobility,traffic_speed_eps1.0,p_gated_sample,1.0,8,3,8.0,1,0,0.0,25.35240582444213,0.21127004853701775,0.3347274871536977,0.12589928057553956,5.08273381294964,834
mobility,traffic_speed_eps1.0,p_gated_sample,1.0,8,3,16.0,1,0,0.0,25.35240582444213,0.21127004853701775,0.3347274871536977,0.12589928057553956,5.08273381294964,834
mobility,traffic_speed_eps1.0,p_gated_sample,1.0,8,4,,1,0,0.0,24.306172397385954,0.20255143664488295,0.3719429756910225,0.1223021582733813,5.08273381294964,834
mobility,traffic_speed_eps1.0,p_gated_sample,1.0,8,4,4.0,1,0,0.0,30.049675245911004,0.2504139603825917,0.3908668333484467,0.1223021582733813,5.08273381294964,834
mobility,traffic_speed_eps1.0,p_gated_sample,1.0,8,4,8.0,1,0,0.0,24.306172397385954,0.20255143664488295,0.3719429756910225,0.1223021582733813,5.08273381294964,834
mobility,traffic_speed_eps1.0,p_gated_sample,1.0,8,4,16.0,1,0,0.0,24.306172397385954,0.20255143664488295,0.3719429756910225,0.1223021582733813,5.08273381294964,834
mobility,traffic_speed_eps1.0,p_gated_sample,1.0,8,6,,1,0,0.0,22.905213304756305,0.1908767775396359,0.2703361966680307,0.05275779376498801,5.08273381294964,834
mobility,traffic_speed_eps1.0,p_gated_sample,1.0,8,6,8.0,1,0,0.0,22.905213304756305,0.1908767775396359,0.2703361966680307,0.05275779376498801,5.08273381294964,834
mobility,traffic_speed_eps1.0,p_gated_sample,1.0,8,6,16.0,1,0,0.0,22.905213304756305,0.1908767775396359,0.2703361966680307,0.05275779376498801,5.08273381294964,834
mobility,traffic_speed_eps1.0,p_gated_sample,1.0,8,1,,1,2,0.0,25.35240582444213,0.21127004853701775,0.3347274871536977,0.12589928057553956,5.08273381294964,834
mobility,traffic_speed_eps1.0,p_gated_sample,1.0,8,1,4.0,1,2,0.0,30.33673256086844,0.2528061046739037,0.5289494162798273,0.12589928057553956,5.08273381294964,834
mobility,traffic_speed_eps1.0,p_gated_sample,1.0,8,1,8.0,1,2,0.0,25.35240582444213,0.21127004853701775,0.3347274871536977,0.12589928057553956,5.08273381294964,834
mobility,traffic_speed_eps1.0,p_gated_sample,1.0,8,1,16.0,1,2,0.0,25.35240582444213,0.21127004853701775,0.3347274871536977,0.12589928057553956,5.08273381294964,834
mobility,traffic_speed_eps1.0,p_gated_sample,1.0,8,2,,1,2,0.0,25.35240582444213,0.21127004853701775,0.3347274871536977,0.12589928057553956,5.08273381294964,834
mobility,traffic_speed_eps1.0,p_gated_sample,1.0,8,2,4.0,1,2,0.0,30.33673256086844,0.2528061046739037,0.5289494162798273,0.12589928057553956,5.08273381294964,834
mobility,traffic_speed_eps1.0,p_gated_sample,1.0,8,2,8.0,1,2,0.0,25.35240582444213,0.21127004853701775,0.3347274871536977,0.12589928057553956,5.08273381294964,834
mobility,traffic_speed_eps1.0,p_gated_sample,1.0,8,2,16.0,1,2,0.0,25.35240582444213,0.21127004853701775,0.3347274871536977,0.12589928057553956,5.08273381294964,834
mobility,traffic_speed_eps1.0,p_gated_sample,1.0,8,3,,1,2,0.0,25.35240582444213,0.21127004853701775,0.3347274871536977,0.12589928057553956,5.08273381294964,834
mobility,traffic_speed_eps1.0,p_gated_sample,1.0,8,3,4.0,1,2,0.0,30.33673256086844,0.2528061046739037,0.5289494162798273,0.12589928057553956,5.08273381294964,834
mobility,traffic_speed_eps1.0,p_gated_sample,1.0,8,3,8.0,1,2,0.0,25.35240582444213,0.21127004853701775,0.3347274871536977,0.12589928057553956,5.08273381294964,834
mobility,traffic_speed_eps1.0,p_gated_sample,1.0,8,3,16.0,1,2,0.0,25.35240582444213,0.21127004853701775,0.3347274871536977,0.12589928057553956,5.08273381294964,834
mobility,traffic_speed_eps1.0,p_gated_sample,1.0,8,4,,1,2,0.0,25.837858407968813,0.21531548673307344,0.3553817161360086,0.125,5.212871287128713,808
mobility,traffic_speed_eps1.0,p_gated_sample,1.0,8,4,4.0,1,2,0.0,30.722034172786188,0.2560169514398849,0.32918615594408795,0.125,5.212871287128713,808
mobility,traffic_speed_eps1.0,p_gated_sample,1.0,8,4,8.0,1,2,0.0,25.83948463371982,0.21532903861433184,0.3553817161360086,0.125,5.212871287128713,808
mobility,traffic_speed_eps1.0,p_gated_sample,1.0,8,4,16.0,1,2,0.0,25.837858407968813,0.21531548673307344,0.3553817161360086,0.125,5.212871287128713,808
mobility,traffic_speed_eps1.0,p_gated_sample,1.0,8,6,,1,2,0.0,16.799964688197264,0.1399997057349772,0.38413830765618845,0.12625250501002003,7.462925851703407,499
mobility,traffic_speed_eps1.0,p_gated_sample,1.0,8,6,8.0,1,2,0.0,17.22127055249141,0.14351058793742844,0.38386596283701346,0.12625250501002003,7.462925851703407,499
mobility,traffic_speed_eps1.0,p_gated_sample,1.0,8,6,16.0,1,2,0.0,16.799964688197264,0.1399997057349772,0.38413830765618845,0.12625250501002003,7.462925851703407,499
mobility,traffic_speed_eps1.0,p_gated_sample,1.0,8,1,,1,4,0.0,25.35240582444213,0.21127004853701775,0.3347274871536977,0.12589928057553956,5.08273381294964,834
mobility,traffic_speed_eps1.0,p_gated_sample,1.0,8,1,4.0,1,4,0.0,30.33673256086844,0.2528061046739037,0.5289494162798273,0.12589928057553956,5.08273381294964,834
mobility,traffic_speed_eps1.0,p_gated_sample,1.0,8,1,8.0,1,4,0.0,25.35240582444213,0.21127004853701775,0.3347274871536977,0.12589928057553956,5.08273381294964,834
mobility,traffic_speed_eps1.0,p_gated_sample,1.0,8,1,16.0,1,4,0.0,25.35240582444213,0.21127004853701775,0.3347274871536977,0.12589928057553956,5.08273381294964,834
mobility,traffic_speed_eps1.0,p_gated_sample,1.0,8,2,,1,4,0.0,25.35240582444213,0.21127004853701775,0.3347274871536977,0.12589928057553956,5.08273381294964,834
mobility,traffic_speed_eps1.0,p_gated_sample,1.0,8,2,4.0,1,4,0.0,30.33673256086844,0.2528061046739037,0.5289494162798273,0.12589928057553956,5.08273381294964,834
mobility,traffic_speed_eps1.0,p_gated_sample,1.0,8,2,8.0,1,4,0.0,25.35240582444213,0.21127004853701775,0.3347274871536977,0.12589928057553956,5.08273381294964,834
mobility,traffic_speed_eps1.0,p_gated_sample,1.0,8,2,16.0,1,4,0.0,25.35240582444213,0.21127004853701775,0.3347274871536977,0.12589928057553956,5.08273381294964,834
mobility,traffic_speed_eps1.0,p_gated_sample,1.0,8,3,,1,4,0.0,25.35240582444213,0.21127004853701775,0.3347274871536977,0.12589928057553956,5.08273381294964,834
mobility,traffic_speed_eps1.0,p_gated_sample,1.0,8,3,4.0,1,4,0.0,30.33673256086844,0.2528061046739037,0.5289494162798273,0.12589928057553956,5.08273381294964,834
mobility,traffic_speed_eps1.0,p_gated_sample,1.0,8,3,8.0,1,4,0.0,25.35240582444213,0.21127004853701775,0.3347274871536977,0.12589928057553956,5.08273381294964,834
mobility,traffic_speed_eps1.0,p_gated_sample,1.0,8,3,16.0,1,4,0.0,25.35240582444213,0.21127004853701775,0.3347274871536977,0.12589928057553956,5.08273381294964,834
mobility,traffic_speed_eps1.0,p_gated_sample,1.0,8,4,,1,4,0.0,25.837858407968813,0.21531548673307344,0.3553817161360086,0.125,5.212871287128713,808
mobility,traffic_speed_eps1.0,p_gated_sample,1.0,8,4,4.0,1,4,0.0,30.722034172786188,0.2560169514398849,0.32918615594408795,0.125,5.212871287128713,808
mobility,traffic_speed_eps1.0,p_gated_sample,1.0,8,4,8.0,1,4,0.0,25.83948463371982,0.21532903861433184,0.3553817161360086,0.125,5.212871287128713,808
mobility,traffic_speed_eps1.0,p_gated_sample,1.0,8,4,16.0,1,4,0.0,25.837858407968813,0.21531548673307344,0.3553817161360086,0.125,5.212871287128713,808
mobility,traffic_speed_eps1.0,p_gated_sample,1.0,8,6,,1,4,0.0,16.799964688197264,0.1399997057349772,0.38413830765618845,0.12625250501002003,7.462925851703407,499
mobility,traffic_speed_eps1.0,p_gated_sample,1.0,8,6,8.0,1,4,0.0,17.22127055249141,0.14351058793742844,0.38386596283701346,0.12625250501002003,7.462925851703407,499
mobility,traffic_speed_eps1.0,p_gated_sample,1.0,8,6,16.0,1,4,0.0,16.799964688197264,0.1399997057349772,0.38413830765618845,0.12625250501002003,7.462925851703407,499
mobility,traffic_speed_eps1.0,p_gated_sample,1.0,8,1,,2,0,0.0,14.782554077369701,0.12318795064474751,0.364948149755339,0.12709832134292565,8.57074340527578,417
mobility,traffic_speed_eps1.0,p_gated_sample,1.0,8,1,4.0,2,0,0.0,27.109698499722228,0.2259141541643519,0.4894708457049064,0.12709832134292565,8.57074340527578,417
mobility,traffic_speed_eps1.0,p_gated_sample,1.0,8,1,8.0,2,0,0.0,15.605472332636321,0.13004560277196933,0.47840850796387446,0.12709832134292565,8.57074340527578,417
mobility,traffic_speed_eps1.0,p_gated_sample,1.0,8,1,16.0,2,0,0.0,14.782554077369701,0.12318795064474751,0.364948149755339,0.12709832134292565,8.57074340527578,417
mobility,traffic_speed_eps1.0,p_gated_sample,1.0,8,2,,2,0,0.0,14.782554077369701,0.12318795064474751,0.364948149755339,0.12709832134292565,8.57074340527578,417
mobility,traffic_speed_eps1.0,p_gated_sample,1.0,8,2,4.0,2,0,0.0,27.109698499722228,0.2259141541643519,0.4894708457049064,0.12709832134292565,8.57074340527578,417
mobility,traffic_speed_eps1.0,p_gated_sample,1.0,8,2,8.0,2,0,0.0,15.605472332636321,0.13004560277196933,0.47840850796387446,0.12709832134292565,8.57074340527578,417
mobility,traffic_speed_eps1.0,p_gated_sample,1.0,8,2,16.0,2,0,0.0,14.782554077369701,0.12318795064474751,0.364948149755339,0.12709832134292565,8.57074340527578,417
mobility,traffic_speed_eps1.0,p_gated_sample,1.0,8,3,,2,0,0.0,14.782554077369701,0.12318795064474751,0.364948149755339,0.12709832134292565,8.57074340527578,417
mobility,traffic_speed_eps1.0,p_gated_sample,1.0,8,3,4.0,2,0,0.0,27.109698499722228,0.2259141541643519,0.4894708457049064,0.12709832134292565,8.57074340527578,417
mobility,traffic_speed_eps1.0,p_gated_sample,1.0,8,3,8.0,2,0,0.0,15.605472332636321,0.13004560277196933,0.47840850796387446,0.12709832134292565,8.57074340527578,417
mobility,traffic_speed_eps1.0,p_gated_sample,1.0,8,3,16.0,2,0,0.0,14.782554077369701,0.12318795064474751,0.364948149755339,0.12709832134292565,8.57074340527578,417
mobility,traffic_speed_eps1.0,p_gated_sample,1.0,8,4,,2,0,0.0,14.782554077369701,0.12318795064474751,0.364948149755339,0.12709832134292565,8.57074340527578,417
mobility,traffic_speed_eps1.0,p_gated_sample,1.0,8,4,4.0,2,0,0.0,27.109698499722228,0.2259141541643519,0.4894708457049064,0.12709832134292565,8.57074340527578,417
mobility,traffic_speed_eps1.0,p_gated_sample,1.0,8,4,8.0,2,0,0.0,15.605472332636321,0.13004560277196933,0.47840850796387446,0.12709832134292565,8.57074340527578,417
mobility,traffic_speed_eps1.0,p_gated_sample,1.0,8,4,16.0,2,0,0.0,14.782554077369701,0.12318795064474751,0.364948149755339,0.12709832134292565,8.57074340527578,417
mobility,traffic_speed_eps1.0,p_gated_sample,1.0,8,6,,2,0,0.0,14.782554077369701,0.12318795064474751,0.364948149755339,0.12709832134292565,8.57074340527578,417
mobility,traffic_speed_eps1.0,p_gated_sample,1.0,8,6,8.0,2,0,0.0,15.605472332636321,0.13004560277196933,0.47840850796387446,0.12709832134292565,8.57074340527578,417
mobility,traffic_speed_eps1.0,p_gated_sample,1.0,8,6,16.0,2,0,0.0,14.782554077369701,0.12318795064474751,0.364948149755339,0.12709832134292565,8.57074340527578,417
mobility,traffic_speed_eps1.0,p_gated_sample,1.0,8,1,,2,2,0.0,14.782554077369701,0.12318795064474751,0.364948149755339,0.12709832134292565,8.57074340527578,417
mobility,traffic_speed_eps1.0,p_gated_sample,1.0,8,1,4.0,2,2,0.0,27.109698499722228,0.2259141541643519,0.4894708457049064,0.12709832134292565,8.57074340527578,417
mobility,traffic_speed_eps1.0,p_gated_sample,1.0,8,1,8.0,2,2,0.0,15.605472332636321,0.13004560277196933,0.47840850796387446,0.12709832134292565,8.57074340527578,417
mobility,traffic_speed_eps1.0,p_gated_sample,1.0,8,1,16.0,2,2,0.0,14.782554077369701,0.12318795064474751,0.364948149755339,0.12709832134292565,8.57074340527578,417
mobility,traffic_speed_eps1.0,p_gated_sample,1.0,8,2,,2,2,0.0,14.782554077369701,0.12318795064474751,0.364948149755339,0.12709832134292565,8.57074340527578,417
mobility,traffic_speed_eps1.0,p_gated_sample,1.0,8,2,4.0,2,2,0.0,27.109698499722228,0.2259141541643519,0.4894708457049064,0.12709832134292565,8.57074340527578,417
mobility,traffic_speed_eps1.0,p_gated_sample,1.0,8,2,8.0,2,2,0.0,15.605472332636321,0.13004560277196933,0.47840850796387446,0.12709832134292565,8.57074340527578,417
mobility,traffic_speed_eps1.0,p_gated_sample,1.0,8,2,16.0,2,2,0.0,14.782554077369701,0.12318795064474751,0.364948149755339,0.12709832134292565,8.57074340527578,417
mobility,traffic_speed_eps1.0,p_gated_sample,1.0,8,3,,2,2,0.0,14.782554077369701,0.12318795064474751,0.364948149755339,0.12709832134292565,8.57074340527578,417
mobility,traffic_speed_eps1.0,p_gated_sample,1.0,8,3,4.0,2,2,0.0,27.109698499722228,0.2259141541643519,0.4894708457049064,0.12709832134292565,8.57074340527578,417
mobility,traffic_speed_eps1.0,p_gated_sample,1.0,8,3,8.0,2,2,0.0,15.605472332636321,0.13004560277196933,0.47840850796387446,0.12709832134292565,8.57074340527578,417
mobility,traffic_speed_eps1.0,p_gated_sample,1.0,8,3,16.0,2,2,0.0,14.782554077369701,0.12318795064474751,0.364948149755339,0.12709832134292565,8.57074340527578,417
mobility,traffic_speed_eps1.0,p_gated_sample,1.0,8,4,,2,2,0.0,14.782554077369701,0.12318795064474751,0.364948149755339,0.12709832134292565,8.57074340527578,417
mobility,traffic_speed_eps1.0,p_gated_sample,1.0,8,4,4.0,2,2,0.0,27.109698499722228,0.2259141541643519,0.4894708457049064,0.12709832134292565,8.57074340527578,417
mobility,traffic_speed_eps1.0,p_gated_sample,1.0,8,4,8.0,2,2,0.0,15.605472332636321,0.13004560277196933,0.47840850796387446,0.12709832134292565,8.57074340527578,417
mobility,traffic_speed_eps1.0,p_gated_sample,1.0,8,4,16.0,2,2,0.0,14.782554077369701,0.12318795064474751,0.364948149755339,0.12709832134292565,8.57074340527578,417
mobility,traffic_speed_eps1.0,p_gated_sample,1.0,8,6,,2,2,0.0,14.42495339563398,0.12020794496361649,0.46270628525068414,0.12590799031476999,8.624697336561743,413
mobility,traffic_speed_eps1.0,p_gated_sample,1.0,8,6,8.0,2,2,0.0,15.46420769373675,0.12886839744780626,0.48697870045286323,0.12590799031476999,8.624697336561743,413
mobility,traffic_speed_eps1.0,p_gated_sample,1.0,8,6,16.0,2,2,0.0,14.42495339563398,0.12020794496361649,0.46270628525068414,0.12590799031476999,8.624697336561743,413
mobility,traffic_speed_eps1.0,p_gated_sample,1.0,8,1,,2,4,0.0,14.782554077369701,0.12318795064474751,0.364948149755339,0.12709832134292565,8.57074340527578,417
mobility,traffic_speed_eps1.0,p_gated_sample,1.0,8,1,4.0,2,4,0.0,27.109698499722228,0.2259141541643519,0.4894708457049064,0.12709832134292565,8.57074340527578,417
mobility,traffic_speed_eps1.0,p_gated_sample,1.0,8,1,8.0,2,4,0.0,15.605472332636321,0.13004560277196933,0.47840850796387446,0.12709832134292565,8.57074340527578,417
mobility,traffic_speed_eps1.0,p_gated_sample,1.0,8,1,16.0,2,4,0.0,14.782554077369701,0.12318795064474751,0.364948149755339,0.12709832134292565,8.57074340527578,417
mobility,traffic_speed_eps1.0,p_gated_sample,1.0,8,2,,2,4,0.0,14.782554077369701,0.12318795064474751,0.364948149755339,0.12709832134292565,8.57074340527578,417
mobility,traffic_speed_eps1.0,p_gated_sample,1.0,8,2,4.0,2,4,0.0,27.109698499722228,0.2259141541643519,0.4894708457049064,0.12709832134292565,8.57074340527578,417
mobility,traffic_speed_eps1.0,p_gated_sample,1.0,8,2,8.0,2,4,0.0,15.605472332636321,0.13004560277196933,0.47840850796387446,0.12709832134292565,8.57074340527578,417
mobility,traffic_speed_eps1.0,p_gated_sample,1.0,8,2,16.0,2,4,0.0,14.782554077369701,0.12318795064474751,0.364948149755339,0.12709832134292565,8.57074340527578,417
mobility,traffic_speed_eps1.0,p_gated_sample,1.0,8,3,,2,4,0.0,14.782554077369701,0.12318795064474751,0.364948149755339,0.12709832134292565,8.57074340527578,417
mobility,traffic_speed_eps1.0,p_gated_sample,1.0,8,3,4.0,2,4,0.0,27.109698499722228,0.2259141541643519,0.4894708457049064,0.12709832134292565,8.57074340527578,417
mobility,traffic_speed_eps1.0,p_gated_sample,1.0,8,3,8.0,2,4,0.0,15.605472332636321,0.13004560277196933,0.47840850796387446,0.12709832134292565,8.57074340527578,417
mobility,traffic_speed_eps1.0,p_gated_sample,1.0,8,3,16.0,2,4,0.0,14.782554077369701,0.12318795064474751,0.364948149755339,0.12709832134292565,8.57074340527578,417
mobility,traffic_speed_eps1.0,p_gated_sample,1.0,8,4,,2,4,0.0,14.782554077369701,0.12318795064474751,0.364948149755339,0.12709832134292565,8.57074340527578,417
mobility,traffic_speed_eps1.0,p_gated_sample,1.0,8,4,4.0,2,4,0.0,27.109698499722228,0.2259141541643519,0.4894708457049064,0.12709832134292565,8.57074340527578,417
mobility,traffic_speed_eps1.0,p_gated_sample,1.0,8,4,8.0,2,4,0.0,15.605472332636321,0.13004560277196933,0.47840850796387446,0.12709832134292565,8.57074340527578,417
mobility,traffic_speed_eps1.0,p_gated_sample,1.0,8,4,16.0,2,4,0.0,14.782554077369701,0.12318795064474751,0.364948149755339,0.12709832134292565,8.57074340527578,417
mobility,traffic_speed_eps1.0,p_gated_sample,1.0,8,6,,2,4,0.0,14.42495339563398,0.12020794496361649,0.46270628525068414,0.12590799031476999,8.624697336561743,413
mobility,traffic_speed_eps1.0,p_gated_sample,1.0,8,6,8.0,2,4,0.0,15.46420769373675,0.12886839744780626,0.48697870045286323,0.12590799031476999,8.624697336561743,413
mobility,traffic_speed_eps1.0,p_gated_sample,1.0,8,6,16.0,2,4,0.0,14.42495339563398,0.12020794496361649,0.46270628525068414,0.12590799031476999,8.624697336561743,413
mobility,traffic_speed_eps1.0,p_gated_sample,1.0,8,1,,4,0,0.0,9.34110696400912,0.07784255803340932,0.23187698763503134,0.1291866028708134,12.44976076555024,209
mobility,traffic_speed_eps1.0,p_gated_sample,1.0,8,1,4.0,4,0,0.0,24.526936303214743,0.20439113586012286,0.9367160370766127,0.1291866028708134,12.44976076555024,209
mobility,traffic_speed_eps1.0,p_gated_sample,1.0,8,1,8.0,4,0,0.0,12.570547027118835,0.10475455855932363,0.648554153104569,0.1291866028708134,12.44976076555024,209
mobility,traffic_speed_eps1.0,p_gated_sample,1.0,8,1,16.0,4,0,0.0,9.34110696400912,0.07784255803340932,0.23187698763503134,0.1291866028708134,12.44976076555024,209
mobility,traffic_speed_eps1.0,p_gated_sample,1.0,8,2,,4,0,0.0,9.34110696400912,0.07784255803340932,0.23187698763503134,0.1291866028708134,12.44976076555024,209
mobility,traffic_speed_eps1.0,p_gated_sample,1.0,8,2,4.0,4,0,0.0,24.526936303214743,0.20439113586012286,0.9367160370766127,0.1291866028708134,12.44976076555024,209
mobility,traffic_speed_eps1.0,p_gated_sample,1.0,8,2,8.0,4,0,0.0,12.570547027118835,0.10475455855932363,0.648554153104569,0.1291866028708134,12.44976076555024,209
mobility,traffic_speed_eps1.0,p_gated_sample,1.0,8,2,16.0,4,0,0.0,9.34110696400912,0.07784255803340932,0.23187698763503134,0.1291866028708134,12.44976076555024,209
mobility,traffic_speed_eps1.0,p_gated_sample,1.0,8,3,,4,0,0.0,9.34110696400912,0.07784255803340932,0.23187698763503134,0.1291866028708134,12.44976076555024,209
mobility,traffic_speed_eps1.0,p_gated_sample,1.0,8,3,4.0,4,0,0.0,24.526936303214743,0.20439113586012286,0.9367160370766127,0.1291866028708134,12.44976076555024,209
mobility,traffic_speed_eps1.0,p_gated_sample,1.0,8,3,8.0,4,0,0.0,12.570547027118835,0.10475455855932363,0.648554153104569,0.1291866028708134,12.44976076555024,209
mobility,traffic_speed_eps1.0,p_gated_sample,1.0,8,3,16.0,4,0,0.0,9.34110696400912,0.07784255803340932,0.23187698763503134,0.1291866028708134,12.44976076555024,209
mobility,traffic_speed_eps1.0,p_gated_sample,1.0,8,4,,4,0,0.0,9.34110696400912,0.07784255803340932,0.23187698763503134,0.1291866028708134,12.44976076555024,209
mobility,traffic_speed_eps1.0,p_gated_sample,1.0,8,4,4.0,4,0,0.0,24.526936303214743,0.20439113586012286,0.9367160370766127,0.1291866028708134,12.44976076555024,209
mobility,traffic_speed_eps1.0,p_gated_sample,1.0,8,4,8.0,4,0,0.0,12.570547027118835,0.10475455855932363,0.648554153104569,0.1291866028708134,12.44976076555024,209
mobility,traffic_speed_eps1.0,p_gated_sample,1.0,8,4,16.0,4,0,0.0,9.34110696400912,0.07784255803340932,0.23187698763503134,0.1291866028708134,12.44976076555024,209
mobility,traffic_speed_eps1.0,p_gated_sample,1.0,8,6,,4,0,0.0,9.34110696400912,0.07784255803340932,0.23187698763503134,0.1291866028708134,12.44976076555024,209
mobility,traffic_speed_eps1.0,p_gated_sample,1.0,8,6,8.0,4,0,0.0,12.570547027118835,0.10475455855932363,0.648554153104569,0.1291866028708134,12.44976076555024,209
mobility,traffic_speed_eps1.0,p_gated_sample,1.0,8,6,16.0,4,0,0.0,9.34110696400912,0.07784255803340932,0.23187698763503134,0.1291866028708134,12.44976076555024,209
mobility,traffic_speed_eps1.0,p_gated_sample,1.0,8,1,,4,2,0.0,9.34110696400912,0.07784255803340932,0.23187698763503134,0.1291866028708134,12.44976076555024,209
mobility,traffic_speed_eps1.0,p_gated_sample,1.0,8,1,4.0,4,2,0.0,24.526936303214743,0.20439113586012286,0.9367160370766127,0.1291866028708134,12.44976076555024,209
mobility,traffic_speed_eps1.0,p_gated_sample,1.0,8,1,8.0,4,2,0.0,12.570547027118835,0.10475455855932363,0.648554153104569,0.1291866028708134,12.44976076555024,209
mobility,traffic_speed_eps1.0,p_gated_sample,1.0,8,1,16.0,4,2,0.0,9.34110696400912,0.07784255803340932,0.23187698763503134,0.1291866028708134,12.44976076555024,209
mobility,traffic_speed_eps1.0,p_gated_sample,1.0,8,2,,4,2,0.0,9.34110696400912,0.07784255803340932,0.23187698763503134,0.1291866028708134,12.44976076555024,209
mobility,traffic_speed_eps1.0,p_gated_sample,1.0,8,2,4.0,4,2,0.0,24.526936303214743,0.20439113586012286,0.9367160370766127,0.1291866028708134,12.44976076555024,209
mobility,traffic_speed_eps1.0,p_gated_sample,1.0,8,2,8.0,4,2,0.0,12.570547027118835,0.10475455855932363,0.648554153104569,0.1291866028708134,12.44976076555024,209
mobility,traffic_speed_eps1.0,p_gated_sample,1.0,8,2,16.0,4,2,0.0,9.34110696400912,0.07784255803340932,0.23187698763503134,0.1291866028708134,12.44976076555024,209
mobility,traffic_speed_eps1.0,p_gated_sample,1.0,8,3,,4,2,0.0,9.34110696400912,0.07784255803340932,0.23187698763503134,0.1291866028708134,12.44976076555024,209
mobility,traffic_speed_eps1.0,p_gated_sample,1.0,8,3,4.0,4,2,0.0,24.526936303214743,0.20439113586012286,0.9367160370766127,0.1291866028708134,12.44976076555024,209
mobility,traffic_speed_eps1.0,p_gated_sample,1.0,8,3,8.0,4,2,0.0,12.570547027118835,0.10475455855932363,0.648554153104569,0.1291866028708134,12.44976076555024,209
mobility,traffic_speed_eps1.0,p_gated_sample,1.0,8,3,16.0,4,2,0.0,9.34110696400912,0.07784255803340932,0.23187698763503134,0.1291866028708134,12.44976076555024,209
mobility,traffic_speed_eps1.0,p_gated_sample,1.0,8,4,,4,2,0.0,9.34110696400912,0.07784255803340932,0.23187698763503134,0.1291866028708134,12.44976076555024,209
mobility,traffic_speed_eps1.0,p_gated_sample,1.0,8,4,4.0,4,2,0.0,24.526936303214743,0.20439113586012286,0.9367160370766127,0.1291866028708134,12.44976076555024,209
mobility,traffic_speed_eps1.0,p_gated_sample,1.0,8,4,8.0,4,2,0.0,12.570547027118835,0.10475455855932363,0.648554153104569,0.1291866028708134,12.44976076555024,209
mobility,traffic_speed_eps1.0,p_gated_sample,1.0,8,4,16.0,4,2,0.0,9.34110696400912,0.07784255803340932,0.23187698763503134,0.1291866028708134,12.44976076555024,209
mobility,traffic_speed_eps1.0,p_gated_sample,1.0,8,6,,4,2,0.0,9.34110696400912,0.07784255803340932,0.23187698763503134,0.1291866028708134,12.44976076555024,209
mobility,traffic_speed_eps1.0,p_gated_sample,1.0,8,6,8.0,4,2,0.0,12.570547027118835,0.10475455855932363,0.648554153104569,0.1291866028708134,12.44976076555024,209
mobility,traffic_speed_eps1.0,p_gated_sample,1.0,8,6,16.0,4,2,0.0,9.34110696400912,0.07784255803340932,0.23187698763503134,0.1291866028708134,12.44976076555024,209
mobility,traffic_speed_eps1.0,p_gated_sample,1.0,8,1,,4,4,0.0,9.34110696400912,0.07784255803340932,0.23187698763503134,0.1291866028708134,12.44976076555024,209
mobility,traffic_speed_eps1.0,p_gated_sample,1.0,8,1,4.0,4,4,0.0,24.526936303214743,0.20439113586012286,0.9367160370766127,0.1291866028708134,12.44976076555024,209
mobility,traffic_speed_eps1.0,p_gated_sample,1.0,8,1,8.0,4,4,0.0,12.570547027118835,0.10475455855932363,0.648554153104569,0.1291866028708134,12.44976076555024,209
mobility,traffic_speed_eps1.0,p_gated_sample,1.0,8,1,16.0,4,4,0.0,9.34110696400912,0.07784255803340932,0.23187698763503134,0.1291866028708134,12.44976076555024,209
mobility,traffic_speed_eps1.0,p_gated_sample,1.0,8,2,,4,4,0.0,9.34110696400912,0.07784255803340932,0.23187698763503134,0.1291866028708134,12.44976076555024,209
mobility,traffic_speed_eps1.0,p_gated_sample,1.0,8,2,4.0,4,4,0.0,24.526936303214743,0.20439113586012286,0.9367160370766127,0.1291866028708134,12.44976076555024,209
mobility,traffic_speed_eps1.0,p_gated_sample,1.0,8,2,8.0,4,4,0.0,12.570547027118835,0.10475455855932363,0.648554153104569,0.1291866028708134,12.44976076555024,209
mobility,traffic_speed_eps1.0,p_gated_sample,1.0,8,2,16.0,4,4,0.0,9.34110696400912,0.07784255803340932,0.23187698763503134,0.1291866028708134,12.44976076555024,209
mobility,traffic_speed_eps1.0,p_gated_sample,1.0,8,3,,4,4,0.0,9.34110696400912,0.07784255803340932,0.23187698763503134,0.1291866028708134,12.44976076555024,209
mobility,traffic_speed_eps1.0,p_gated_sample,1.0,8,3,4.0,4,4,0.0,24.526936303214743,0.20439113586012286,0.9367160370766127,0.1291866028708134,12.44976076555024,209
mobility,traffic_speed_eps1.0,p_gated_sample,1.0,8,3,8.0,4,4,0.0,12.570547027118835,0.10475455855932363,0.648554153104569,0.1291866028708134,12.44976076555024,209
mobility,traffic_speed_eps1.0,p_gated_sample,1.0,8,3,16.0,4,4,0.0,9.34110696400912,0.07784255803340932,0.23187698763503134,0.1291866028708134,12.44976076555024,209
mobility,traffic_speed_eps1.0,p_gated_sample,1.0,8,4,,4,4,0.0,9.34110696400912,0.07784255803340932,0.23187698763503134,0.1291866028708134,12.44976076555024,209
mobility,traffic_speed_eps1.0,p_gated_sample,1.0,8,4,4.0,4,4,0.0,24.526936303214743,0.20439113586012286,0.9367160370766127,0.1291866028708134,12.44976076555024,209
mobility,traffic_speed_eps1.0,p_gated_sample,1.0,8,4,8.0,4,4,0.0,12.570547027118835,0.10475455855932363,0.648554153104569,0.1291866028708134,12.44976076555024,209
mobility,traffic_speed_eps1.0,p_gated_sample,1.0,8,4,16.0,4,4,0.0,9.34110696400912,0.07784255803340932,0.23187698763503134,0.1291866028708134,12.44976076555024,209
mobility,traffic_speed_eps1.0,p_gated_sample,1.0,8,6,,4,4,0.0,9.34110696400912,0.07784255803340932,0.23187698763503134,0.1291866028708134,12.44976076555024,209
mobility,traffic_speed_eps1.0,p_gated_sample,1.0,8,6,8.0,4,4,0.0,12.570547027118835,0.10475455855932363,0.648554153104569,0.1291866028708134,12.44976076555024,209
mobility,traffic_speed_eps1.0,p_gated_sample,1.0,8,6,16.0,4,4,0.0,9.34110696400912,0.07784255803340932,0.23187698763503134,0.1291866028708134,12.44976076555024,209
mobility,traffic_speed_eps1.0,p_gated_ba,1.0,8,1,,1,0,0.0,237.9974816989192,1.9833123474909933,0.35329263418885903,0.5059952038369304,5.08273381294964,834
mobility,traffic_speed_eps1.0,p_gated_ba,1.0,8,1,4.0,1,0,0.0,310.603149191258,2.5883595765938168,0.5033933015039112,0.5323741007194245,5.08273381294964,834
mobility,traffic_speed_eps1.0,p_gated_ba,1.0,8,1,8.0,1,0,0.0,237.9974816989192,1.9833123474909933,0.35329263418885903,0.5059952038369304,5.08273381294964,834
mobility,traffic_speed_eps1.0,p_gated_ba,1.0,8,1,16.0,1,0,0.0,237.9974816989192,1.9833123474909933,0.35329263418885903,0.5059952038369304,5.08273381294964,834
mobility,traffic_speed_eps1.0,p_gated_ba,1.0,8,2,,1,0,0.0,237.9974816989192,1.9833123474909933,0.35329263418885903,0.5059952038369304,5.08273381294964,834
mobility,traffic_speed_eps1.0,p_gated_ba,1.0,8,2,4.0,1,0,0.0,310.603149191258,2.5883595765938168,0.5033933015039112,0.5323741007194245,5.08273381294964,834
mobility,traffic_speed_eps1.0,p_gated_ba,1.0,8,2,8.0,1,0,0.0,237.9974816989192,1.9833123474909933,0.35329263418885903,0.5059952038369304,5.08273381294964,834
mobility,traffic_speed_eps1.0,p_gated_ba,1.0,8,2,16.0,1,0,0.0,237.9974816989192,1.9833123474909933,0.35329263418885903,0.5059952038369304,5.08273381294964,834
mobility,traffic_speed_eps1.0,p_gated_ba,1.0,8,3,,1,0,0.0,237.4724770525243,1.978937308771036,0.35208547145498936,0.5047961630695443,5.08273381294964,834
mobility,traffic_speed_eps1.0,p_gated_ba,1.0,8,3,4.0,1,0,0.0,312.59151450244127,2.604929287520344,0.504191575527517,0.5311750599520384,5.08273381294964,834
mobility,traffic_speed_eps1.0,p_gated_ba,1.0,8,3,8.0,1,0,0.0,237.4724770525243,1.978937308771036,0.35208547145498936,0.5047961630695443,5.08273381294964,834
mobility,traffic_speed_eps1.0,p_gated_ba,1.0,8,3,16.0,1,0,0.0,237.4724770525243,1.978937308771036,0.35208547145498936,0.5047961630695443,5.08273381294964,834
mobility,traffic_speed_eps1.0,p_gated_ba,1.0,8,4,,1,0,0.0,239.2182092049784,1.9934850767081533,0.6052074028767824,0.5155875299760192,5.08273381294964,834
mobility,traffic_speed_eps1.0,p_gated_ba,1.0,8,4,4.0,1,0,0.0,309.7030605682471,2.580858838068726,0.49675418719752407,0.5167865707434053,5.08273381294964,834
mobility,traffic_speed_eps1.0,p_gated_ba,1.0,8,4,8.0,1,0,0.0,239.2182092049784,1.9934850767081533,0.6052074028767824,0.5155875299760192,5.08273381294964,834
mobility,traffic_speed_eps1.0,p_gated_ba,1.0,8,4,16.0,1,0,0.0,239.2182092049784,1.9934850767081533,0.6052074028767824,0.5155875299760192,5.08273381294964,834
mobility,traffic_speed_eps1.0,p_gated_ba,1.0,8,6,,1,0,0.0,198.83506094069097,1.6569588411724248,0.7017469481097746,0.16666666666666666,5.08273381294964,834
mobility,traffic_speed_eps1.0,p_gated_ba,1.0,8,6,8.0,1,0,0.0,198.83506094069097,1.6569588411724248,0.7017469481097746,0.16666666666666666,5.08273381294964,834
mobility,traffic_speed_eps1.0,p_gated_ba,1.0,8,6,16.0,1,0,0.0,198.83506094069097,1.6569588411724248,0.7017469481097746,0.16666666666666666,5.08273381294964,834
mobility,traffic_speed_eps1.0,p_gated_ba,1.0,8,1,,1,2,0.0,237.9974816989192,1.9833123474909933,0.35329263418885903,0.5059952038369304,5.08273381294964,834
mobility,traffic_speed_eps1.0,p_gated_ba,1.0,8,1,4.0,1,2,0.0,310.603149191258,2.5883595765938168,0.5033933015039112,0.5323741007194245,5.08273381294964,834
mobility,traffic_speed_eps1.0,p_gated_ba,1.0,8,1,8.0,1,2,0.0,237.9974816989192,1.9833123474909933,0.35329263418885903,0.5059952038369304,5.08273381294964,834
mobility,traffic_speed_eps1.0,p_gated_ba,1.0,8,1,16.0,1,2,0.0,237.9974816989192,1.9833123474909933,0.35329263418885903,0.5059952038369304,5.08273381294964,834
mobility,traffic_speed_eps1.0,p_gated_ba,1.0,8,2,,1,2,0.0,237.9974816989192,1.9833123474909933,0.35329263418885903,0.5059952038369304,5.08273381294964,834
mobility,traffic_speed_eps1.0,p_gated_ba,1.0,8,2,4.0,1,2,0.0,310.603149191258,2.5883595765938168,0.5033933015039112,0.5323741007194245,5.08273381294964,834
mobility,traffic_speed_eps1.0,p_gated_ba,1.0,8,2,8.0,1,2,0.0,237.9974816989192,1.9833123474909933,0.35329263418885903,0.5059952038369304,5.08273381294964,834
mobility,traffic_speed_eps1.0,p_gated_ba,1.0,8,2,16.0,1,2,0.0,237.9974816989192,1.9833123474909933,0.35329263418885903,0.5059952038369304,5.08273381294964,834
mobility,traffic_speed_eps1.0,p_gated_ba,1.0,8,3,,1,2,0.0,237.4724770525243,1.978937308771036,0.35208547145498936,0.5047961630695443,5.08273381294964,834
mobility,traffic_speed_eps1.0,p_gated_ba,1.0,8,3,4.0,1,2,0.0,312.59151450244127,2.604929287520344,0.504191575527517,0.5311750599520384,5.08273381294964,834
mobility,traffic_speed_eps1.0,p_gated_ba,1.0,8,3,8.0,1,2,0.0,237.4724770525243,1.978937308771036,0.35208547145498936,0.5047961630695443,5.08273381294964,834
mobility,traffic_speed_eps1.0,p_gated_ba,1.0,8,3,16.0,1,2,0.0,237.4724770525243,1.978937308771036,0.35208547145498936,0.5047961630695443,5.08273381294964,834
mobility,traffic_speed_eps1.0,p_gated_ba,1.0,8,4,,1,2,0.0,245.91265125861196,2.049272093821766,0.6172155006754708,0.5321782178217822,5.212871287128713,808
mobility,traffic_speed_eps1.0,p_gated_ba,1.0,8,4,4.0,1,2,0.0,310.63364443317386,2.588613703609782,0.49675418719752407,0.5334158415841584,5.212871287128713,808
mobility,traffic_speed_eps1.0,p_gated_ba,1.0,8,4,8.0,1,2,0.0,245.94364170403705,2.049530347533642,0.6172155006754708,0.5321782178217822,5.212871287128713,808
mobility,traffic_speed_eps1.0,p_gated_ba,1.0,8,4,16.0,1,2,0.0,245.91265125861196,2.049272093821766,0.6172155006754708,0.5321782178217822,5.212871287128713,808
mobility,traffic_speed_eps1.0,p_gated_ba,1.0,8,6,,1,2,0.0,159.36638154697806,1.3280531795581505,0.2820517533594231,0.5050100200400801,7.462925851703407,499
mobility,traffic_speed_eps1.0,p_gated_ba,1.0,8,6,8.0,1,2,0.0,164.40280977462257,1.3700234147885213,0.298207400043263,0.5050100200400801,7.462925851703407,499
mobility,traffic_speed_eps1.0,p_gated_ba,1.0,8,6,16.0,1,2,0.0,159.36638154697806,1.3280531795581505,0.2820517533594231,0.5050100200400801,7.462925851703407,499
mobility,traffic_speed_eps1.0,p_gated_ba,1.0,8,1,,1,4,0.0,237.9974816989192,1.9833123474909933,0.35329263418885903,0.5059952038369304,5.08273381294964,834
mobility,traffic_speed_eps1.0,p_gated_ba,1.0,8,1,4.0,1,4,0.0,310.603149191258,2.5883595765938168,0.5033933015039112,0.5323741007194245,5.08273381294964,834
mobility,traffic_speed_eps1.0,p_gated_ba,1.0,8,1,8.0,1,4,0.0,237.9974816989192,1.9833123474909933,0.35329263418885903,0.5059952038369304,5.08273381294964,834
mobility,traffic_speed_eps1.0,p_gated_ba,1.0,8,1,16.0,1,4,0.0,237.9974816989192,1.9833123474909933,0.35329263418885903,0.5059952038369304,5.08273381294964,834
mobility,traffic_speed_eps1.0,p_gated_ba,1.0,8,2,,1,4,0.0,237.9974816989192,1.9833123474909933,0.35329263418885903,0.5059952038369304,5.08273381294964,834
mobility,traffic_speed_eps1.0,p_gated_ba,1.0,8,2,4.0,1,4,0.0,310.603149191258,2.5883595765938168,0.5033933015039112,0.5323741007194245,5.08273381294964,834
mobility,traffic_speed_eps1.0,p_gated_ba,1.0,8,2,8.0,1,4,0.0,237.9974816989192,1.9833123474909933,0.35329263418885903,0.5059952038369304,5.08273381294964,834
mobility,traffic_speed_eps1.0,p_gated_ba,1.0,8,2,16.0,1,4,0.0,237.9974816989192,1.9833123474909933,0.35329263418885903,0.5059952038369304,5.08273381294964,834
mobility,traffic_speed_eps1.0,p_gated_ba,1.0,8,3,,1,4,0.0,237.4724770525243,1.978937308771036,0.35208547145498936,0.5047961630695443,5.08273381294964,834
mobility,traffic_speed_eps1.0,p_gated_ba,1.0,8,3,4.0,1,4,0.0,312.59151450244127,2.604929287520344,0.504191575527517,0.5311750599520384,5.08273381294964,834
mobility,traffic_speed_eps1.0,p_gated_ba,1.0,8,3,8.0,1,4,0.0,237.4724770525243,1.978937308771036,0.35208547145498936,0.5047961630695443,5.08273381294964,834
mobility,traffic_speed_eps1.0,p_gated_ba,1.0,8,3,16.0,1,4,0.0,237.4724770525243,1.978937308771036,0.35208547145498936,0.5047961630695443,5.08273381294964,834
mobility,traffic_speed_eps1.0,p_gated_ba,1.0,8,4,,1,4,0.0,245.91265125861196,2.049272093821766,0.6172155006754708,0.5321782178217822,5.212871287128713,808
mobility,traffic_speed_eps1.0,p_gated_ba,1.0,8,4,4.0,1,4,0.0,310.63364443317386,2.588613703609782,0.49675418719752407,0.5334158415841584,5.212871287128713,808
mobility,traffic_speed_eps1.0,p_gated_ba,1.0,8,4,8.0,1,4,0.0,245.94364170403705,2.049530347533642,0.6172155006754708,0.5321782178217822,5.212871287128713,808
mobility,traffic_speed_eps1.0,p_gated_ba,1.0,8,4,16.0,1,4,0.0,245.91265125861196,2.049272093821766,0.6172155006754708,0.5321782178217822,5.212871287128713,808
mobility,traffic_speed_eps1.0,p_gated_ba,1.0,8,6,,1,4,0.0,159.36638154697806,1.3280531795581505,0.2820517533594231,0.5050100200400801,7.462925851703407,499
mobility,traffic_speed_eps1.0,p_gated_ba,1.0,8,6,8.0,1,4,0.0,164.40280977462257,1.3700234147885213,0.298207400043263,0.5050100200400801,7.462925851703407,499
mobility,traffic_speed_eps1.0,p_gated_ba,1.0,8,6,16.0,1,4,0.0,159.36638154697806,1.3280531795581505,0.2820517533594231,0.5050100200400801,7.462925851703407,499
mobility,traffic_speed_eps1.0,p_gated_ba,1.0,8,1,,2,0,0.0,143.61068449818256,1.1967557041515213,0.8099735664485829,0.5011990407673861,8.57074340527578,417
mobility,traffic_speed_eps1.0,p_gated_ba,1.0,8,1,4.0,2,0,0.0,309.0467836808322,2.5753898640069353,0.934744221719515,0.5299760191846523,8.57074340527578,417
mobility,traffic_speed_eps1.0,p_gated_ba,1.0,8,1,8.0,2,0,0.0,159.99840798472943,1.3333200665394118,0.5301652503082329,0.5323741007194245,8.57074340527578,417
mobility,traffic_speed_eps1.0,p_gated_ba,1.0,8,1,16.0,2,0,0.0,143.61068449818256,1.1967557041515213,0.8099735664485829,0.5011990407673861,8.57074340527578,417
mobility,traffic_speed_eps1.0,p_gated_ba,1.0,8,2,,2,0,0.0,143.61068449818256,1.1967557041515213,0.8099735664485829,0.5011990407673861,8.57074340527578,417
mobility,traffic_speed_eps1.0,p_gated_ba,1.0,8,2,4.0,2,0,0.0,309.0467836808322,2.5753898640069353,0.934744221719515,0.5299760191846523,8.57074340527578,417
mobility,traffic_speed_eps1.0,p_gated_ba,1.0,8,2,8.0,2,0,0.0,159.99840798472943,1.3333200665394118,0.5301652503082329,0.5323741007194245,8.57074340527578,417
mobility,traffic_speed_eps1.0,p_gated_ba,1.0,8,2,16.0,2,0,0.0,143.61068449818256,1.1967557041515213,0.8099735664485829,0.5011990407673861,8.57074340527578,417
mobility,traffic_speed_eps1.0,p_gated_ba,1.0,8,3,,2,0,0.0,143.61068449818256,1.1967557041515213,0.8099735664485829,0.5011990407673861,8.57074340527578,417
mobility,traffic_speed_eps1.0,p_gated_ba,1.0,8,3,4.0,2,0,0.0,309.0467836808322,2.5753898640069353,0.934744221719515,0.5299760191846523,8.57074340527578,417
mobility,traffic_speed_eps1.0,p_gated_ba,1.0,8,3,8.0,2,0,0.0,159.99840798472943,1.3333200665394118,0.5301652503082329,0.5323741007194245,8.57074340527578,417
mobility,traffic_speed_eps1.0,p_gated_ba,1.0,8,3,16.0,2,0,0.0,143.61068449818256,1.1967557041515213,0.8099735664485829,0.5011990407673861,8.57074340527578,417
mobility,traffic_speed_eps1.0,p_gated_ba,1.0,8,4,,2,0,0.0,143.61068449818256,1.1967557041515213,0.8099735664485829,0.5011990407673861,8.57074340527578,417
mobility,traffic_speed_eps1.0,p_gated_ba,1.0,8,4,4.0,2,0,0.0,309.0467836808322,2.5753898640069353,0.934744221719515,0.5299760191846523,8.57074340527578,417
mobility,traffic_speed_eps1.0,p_gated_ba,1.0,8,4,8.0,2,0,0.0,159.99840798472943,1.3333200665394118,0.5301652503082329,0.5323741007194245,8.57074340527578,417
mobility,traffic_speed_eps1.0,p_gated_ba,1.0,8,4,16.0,2,0,0.0,143.61068449818256,1.1967557041515213,0.8099735664485829,0.5011990407673861,8.57074340527578,417
mobility,traffic_speed_eps1.0,p_gated_ba,1.0,8,6,,2,0,0.0,139.04613432864255,1.1587177860720212,0.8410774690224708,0.486810551558753,8.57074340527578,417
mobility,traffic_speed_eps1.0,p_gated_ba,1.0,8,6,8.0,2,0,0.0,158.65857739843634,1.3221548116536361,0.6120423629687675,0.513189448441247,8.57074340527578,417
mobility,traffic_speed_eps1.0,p_gated_ba,1.0,8,6,16.0,2,0,0.0,139.04613432864255,1.1587177860720212,0.8410774690224708,0.486810551558753,8.57074340527578,417
mobility,traffic_speed_eps1.0,p_gated_ba,1.0,8,1,,2,2,0.0,143.61068449818256,1.1967557041515213,0.8099735664485829,0.5011990407673861,8.57074340527578,417
mobility,traffic_speed_eps1.0,p_gated_ba,1.0,8,1,4.0,2,2,0.0,309.0467836808322,2.5753898640069353,0.934744221719515,0.5299760191846523,8.57074340527578,417
mobility,traffic_speed_eps1.0,p_gated_ba,1.0,8,1,8.0,2,2,0.0,159.99840798472943,1.3333200665394118,0.5301652503082329,0.5323741007194245,8.57074340527578,417
mobility,traffic_speed_eps1.0,p_gated_ba,1.0,8,1,16.0,2,2,0.0,143.61068449818256,1.1967557041515213,0.8099735664485829,0.5011990407673861,8.57074340527578,417
mobility,traffic_speed_eps1.0,p_gated_ba,1.0,8,2,,2,2,0.0,143.61068449818256,1.1967557041515213,0.8099735664485829,0.5011990407673861,8.57074340527578,417
mobility,traffic_speed_eps1.0,p_gated_ba,1.0,8,2,4.0,2,2,0.0,309.0467836808322,2.5753898640069353,0.934744221719515,0.5299760191846523,8.57074340527578,417
mobility,traffic_speed_eps1.0,p_gated_ba,1.0,8,2,8.0,2,2,0.0,159.99840798472943,1.3333200665394118,0.5301652503082329,0.5323741007194245,8.57074340527578,417
mobility,traffic_speed_eps1.0,p_gated_ba,1.0,8,2,16.0,2,2,0.0,143.61068449818256,1.1967557041515213,0.8099735664485829,0.5011990407673861,8.57074340527578,417
mobility,traffic_speed_eps1.0,p_gated_ba,1.0,8,3,,2,2,0.0,143.61068449818256,1.1967557041515213,0.8099735664485829,0.5011990407673861,8.57074340527578,417
mobility,traffic_speed_eps1.0,p_gated_ba,1.0,8,3,4.0,2,2,0.0,309.0467836808322,2.5753898640069353,0.934744221719515,0.5299760191846523,8.57074340527578,417
mobility,traffic_speed_eps1.0,p_gated_ba,1.0,8,3,8.0,2,2,0.0,159.99840798472943,1.3333200665394118,0.5301652503082329,0.5323741007194245,8.57074340527578,417
mobility,traffic_speed_eps1.0,p_gated_ba,1.0,8,3,16.0,2,2,0.0,143.61068449818256,1.1967557041515213,0.8099735664485829,0.5011990407673861,8.57074340527578,417
mobility,traffic_speed_eps1.0,p_gated_ba,1.0,8,4,,2,2,0.0,143.61068449818256,1.1967557041515213,0.8099735664485829,0.5011990407673861,8.57074340527578,417
mobility,traffic_speed_eps1.0,p_gated_ba,1.0,8,4,4.0,2,2,0.0,309.0467836808322,2.5753898640069353,0.934744221719515,0.5299760191846523,8.57074340527578,417
mobility,traffic_speed_eps1.0,p_gated_ba,1.0,8,4,8.0,2,2,0.0,159.99840798472943,1.3333200665394118,0.5301652503082329,0.5323741007194245,8.57074340527578,417
mobility,traffic_speed_eps1.0,p_gated_ba,1.0,8,4,16.0,2,2,0.0,143.61068449818256,1.1967557041515213,0.8099735664485829,0.5011990407673861,8.57074340527578,417
mobility,traffic_speed_eps1.0,p_gated_ba,1.0,8,6,,2,2,0.0,139.58925983988073,1.163243831999006,0.8410774690224708,0.4915254237288136,8.624697336561743,413
mobility,traffic_speed_eps1.0,p_gated_ba,1.0,8,6,8.0,2,2,0.0,159.7288208323496,1.3310735069362467,0.6120423629687675,0.5181598062953995,8.624697336561743,413
mobility,traffic_speed_eps1.0,p_gated_ba,1.0,8,6,16.0,2,2,0.0,139.58925983988073,1.163243831999006,0.8410774690224708,0.4915254237288136,8.624697336561743,413
mobility,traffic_speed_eps1.0,p_gated_ba,1.0,8,1,,2,4,0.0,143.61068449818256,1.1967557041515213,0.8099735664485829,0.5011990407673861,8.57074340527578,417
mobility,traffic_speed_eps1.0,p_gated_ba,1.0,8,1,4.0,2,4,0.0,309.0467836808322,2.5753898640069353,0.934744221719515,0.5299760191846523,8.57074340527578,417
mobility,traffic_speed_eps1.0,p_gated_ba,1.0,8,1,8.0,2,4,0.0,159.99840798472943,1.3333200665394118,0.5301652503082329,0.5323741007194245,8.57074340527578,417
mobility,traffic_speed_eps1.0,p_gated_ba,1.0,8,1,16.0,2,4,0.0,143.61068449818256,1.1967557041515213,0.8099735664485829,0.5011990407673861,8.57074340527578,417
mobility,traffic_speed_eps1.0,p_gated_ba,1.0,8,2,,2,4,0.0,143.61068449818256,1.1967557041515213,0.8099735664485829,0.5011990407673861,8.57074340527578,417
mobility,traffic_speed_eps1.0,p_gated_ba,1.0,8,2,4.0,2,4,0.0,309.0467836808322,2.5753898640069353,0.934744221719515,0.5299760191846523,8.57074340527578,417
mobility,traffic_speed_eps1.0,p_gated_ba,1.0,8,2,8.0,2,4,0.0,159.99840798472943,1.3333200665394118,0.5301652503082329,0.5323741007194245,8.57074340527578,417
mobility,traffic_speed_eps1.0,p_gated_ba,1.0,8,2,16.0,2,4,0.0,143.61068449818256,1.1967557041515213,0.8099735664485829,0.5011990407673861,8.57074340527578,417
mobility,traffic_speed_eps1.0,p_gated_ba,1.0,8,3,,2,4,0.0,143.61068449818256,1.1967557041515213,0.8099735664485829,0.5011990407673861,8.57074340527578,417
mobility,traffic_speed_eps1.0,p_gated_ba,1.0,8,3,4.0,2,4,0.0,309.0467836808322,2.5753898640069353,0.934744221719515,0.5299760191846523,8.57074340527578,417
mobility,traffic_speed_eps1.0,p_gated_ba,1.0,8,3,8.0,2,4,0.0,159.99840798472943,1.3333200665394118,0.5301652503082329,0.5323741007194245,8.57074340527578,417
mobility,traffic_speed_eps1.0,p_gated_ba,1.0,8,3,16.0,2,4,0.0,143.61068449818256,1.1967557041515213,0.8099735664485829,0.5011990407673861,8.57074340527578,417
mobility,traffic_speed_eps1.0,p_gated_ba,1.0,8,4,,2,4,0.0,143.61068449818256,1.1967557041515213,0.8099735664485829,0.5011990407673861,8.57074340527578,417
mobility,traffic_speed_eps1.0,p_gated_ba,1.0,8,4,4.0,2,4,0.0,309.0467836808322,2.5753898640069353,0.934744221719515,0.5299760191846523,8.57074340527578,417
mobility,traffic_speed_eps1.0,p_gated_ba,1.0,8,4,8.0,2,4,0.0,159.99840798472943,1.3333200665394118,0.5301652503082329,0.5323741007194245,8.57074340527578,417
mobility,traffic_speed_eps1.0,p_gated_ba,1.0,8,4,16.0,2,4,0.0,143.61068449818256,1.1967557041515213,0.8099735664485829,0.5011990407673861,8.57074340527578,417
mobility,traffic_speed_eps1.0,p_gated_ba,1.0,8,6,,2,4,0.0,139.58925983988073,1.163243831999006,0.8410774690224708,0.4915254237288136,8.624697336561743,413
mobility,traffic_speed_eps1.0,p_gated_ba,1.0,8,6,8.0,2,4,0.0,159.7288208323496,1.3310735069362467,0.6120423629687675,0.5181598062953995,8.624697336561743,413
mobility,traffic_speed_eps1.0,p_gated_ba,1.0,8,6,16.0,2,4,0.0,139.58925983988073,1.163243831999006,0.8410774690224708,0.4915254237288136,8.624697336561743,413
mobility,traffic_speed_eps1.0,p_gated_ba,1.0,8,1,,4,0,0.0,114.99474823975463,0.9582895686646219,0.4104964282445617,0.5598086124401914,12.44976076555024,209
mobility,traffic_speed_eps1.0,p_gated_ba,1.0,8,1,4.0,4,0,0.0,351.71879875162165,2.930989989596847,0.36955955116663297,0.5645933014354066,12.44976076555024,209
mobility,traffic_speed_eps1.0,p_gated_ba,1.0,8,1,8.0,4,0,0.0,176.12113452047177,1.4676761210039315,0.36955955116663297,0.5645933014354066,12.44976076555024,209
mobility,traffic_speed_eps1.0,p_gated_ba,1.0,8,1,16.0,4,0,0.0,114.99474823975463,0.9582895686646219,0.4104964282445617,0.5598086124401914,12.44976076555024,209
mobility,traffic_speed_eps1.0,p_gated_ba,1.0,8,2,,4,0,0.0,114.99474823975463,0.9582895686646219,0.4104964282445617,0.5598086124401914,12.44976076555024,209
mobility,traffic_speed_eps1.0,p_gated_ba,1.0,8,2,4.0,4,0,0.0,351.71879875162165,2.930989989596847,0.36955955116663297,0.5645933014354066,12.44976076555024,209
mobility,traffic_speed_eps1.0,p_gated_ba,1.0,8,2,8.0,4,0,0.0,176.12113452047177,1.4676761210039315,0.36955955116663297,0.5645933014354066,12.44976076555024,209
mobility,traffic_speed_eps1.0,p_gated_ba,1.0,8,2,16.0,4,0,0.0,114.99474823975463,0.9582895686646219,0.4104964282445617,0.5598086124401914,12.44976076555024,209
mobility,traffic_speed_eps1.0,p_gated_ba,1.0,8,3,,4,0,0.0,114.99474823975463,0.9582895686646219,0.4104964282445617,0.5598086124401914,12.44976076555024,209
mobility,traffic_speed_eps1.0,p_gated_ba,1.0,8,3,4.0,4,0,0.0,351.71879875162165,2.930989989596847,0.36955955116663297,0.5645933014354066,12.44976076555024,209
mobility,traffic_speed_eps1.0,p_gated_ba,1.0,8,3,8.0,4,0,0.0,176.12113452047177,1.4676761210039315,0.36955955116663297,0.5645933014354066,12.44976076555024,209
mobility,traffic_speed_eps1.0,p_gated_ba,1.0,8,3,16.0,4,0,0.0,114.99474823975463,0.9582895686646219,0.4104964282445617,0.5598086124401914,12.44976076555024,209
mobility,traffic_speed_eps1.0,p_gated_ba,1.0,8,4,,4,0,0.0,114.99474823975463,0.9582895686646219,0.4104964282445617,0.5598086124401914,12.44976076555024,209
mobility,traffic_speed_eps1.0,p_gated_ba,1.0,8,4,4.0,4,0,0.0,351.71879875162165,2.930989989596847,0.36955955116663297,0.5645933014354066,12.44976076555024,209
mobility,traffic_speed_eps1.0,p_gated_ba,1.0,8,4,8.0,4,0,0.0,176.12113452047177,1.4676761210039315,0.36955955116663297,0.5645933014354066,12.44976076555024,209
mobility,traffic_speed_eps1.0,p_gated_ba,1.0,8,4,16.0,4,0,0.0,114.99474823975463,0.9582895686646219,0.4104964282445617,0.5598086124401914,12.44976076555024,209
mobility,traffic_speed_eps1.0,p_gated_ba,1.0,8,6,,4,0,0.0,114.99474823975463,0.9582895686646219,0.4104964282445617,0.5598086124401914,12.44976076555024,209
mobility,traffic_speed_eps1.0,p_gated_ba,1.0,8,6,8.0,4,0,0.0,176.12113452047177,1.4676761210039315,0.36955955116663297,0.5645933014354066,12.44976076555024,209
mobility,traffic_speed_eps1.0,p_gated_ba,1.0,8,6,16.0,4,0,0.0,114.99474823975463,0.9582895686646219,0.4104964282445617,0.5598086124401914,12.44976076555024,209
mobility,traffic_speed_eps1.0,p_gated_ba,1.0,8,1,,4,2,0.0,114.99474823975463,0.9582895686646219,0.4104964282445617,0.5598086124401914,12.44976076555024,209
mobility,traffic_speed_eps1.0,p_gated_ba,1.0,8,1,4.0,4,2,0.0,351.71879875162165,2.930989989596847,0.36955955116663297,0.5645933014354066,12.44976076555024,209
mobility,traffic_speed_eps1.0,p_gated_ba,1.0,8,1,8.0,4,2,0.0,176.12113452047177,1.4676761210039315,0.36955955116663297,0.5645933014354066,12.44976076555024,209
mobility,traffic_speed_eps1.0,p_gated_ba,1.0,8,1,16.0,4,2,0.0,114.99474823975463,0.9582895686646219,0.4104964282445617,0.5598086124401914,12.44976076555024,209
mobility,traffic_speed_eps1.0,p_gated_ba,1.0,8,2,,4,2,0.0,114.99474823975463,0.9582895686646219,0.4104964282445617,0.5598086124401914,12.44976076555024,209
mobility,traffic_speed_eps1.0,p_gated_ba,1.0,8,2,4.0,4,2,0.0,351.71879875162165,2.930989989596847,0.36955955116663297,0.5645933014354066,12.44976076555024,209
mobility,traffic_speed_eps1.0,p_gated_ba,1.0,8,2,8.0,4,2,0.0,176.12113452047177,1.4676761210039315,0.36955955116663297,0.5645933014354066,12.44976076555024,209
mobility,traffic_speed_eps1.0,p_gated_ba,1.0,8,2,16.0,4,2,0.0,114.99474823975463,0.9582895686646219,0.4104964282445617,0.5598086124401914,12.44976076555024,209
mobility,traffic_speed_eps1.0,p_gated_ba,1.0,8,3,,4,2,0.0,114.99474823975463,0.9582895686646219,0.4104964282445617,0.5598086124401914,12.44976076555024,209
mobility,traffic_speed_eps1.0,p_gated_ba,1.0,8,3,4.0,4,2,0.0,351.71879875162165,2.930989989596847,0.36955955116663297,0.5645933014354066,12.44976076555024,209
mobility,traffic_speed_eps1.0,p_gated_ba,1.0,8,3,8.0,4,2,0.0,176.12113452047177,1.4676761210039315,0.36955955116663297,0.5645933014354066,12.44976076555024,209
mobility,traffic_speed_eps1.0,p_gated_ba,1.0,8,3,16.0,4,2,0.0,114.99474823975463,0.9582895686646219,0.4104964282445617,0.5598086124401914,12.44976076555024,209
mobility,traffic_speed_eps1.0,p_gated_ba,1.0,8,4,,4,2,0.0,114.99474823975463,0.9582895686646219,0.4104964282445617,0.5598086124401914,12.44976076555024,209
mobility,traffic_speed_eps1.0,p_gated_ba,1.0,8,4,4.0,4,2,0.0,351.71879875162165,2.930989989596847,0.36955955116663297,0.5645933014354066,12.44976076555024,209
mobility,traffic_speed_eps1.0,p_gated_ba,1.0,8,4,8.0,4,2,0.0,176.12113452047177,1.4676761210039315,0.36955955116663297,0.5645933014354066,12.44976076555024,209
mobility,traffic_speed_eps1.0,p_gated_ba,1.0,8,4,16.0,4,2,0.0,114.99474823975463,0.9582895686646219,0.4104964282445617,0.5598086124401914,12.44976076555024,209
mobility,traffic_speed_eps1.0,p_gated_ba,1.0,8,6,,4,2,0.0,114.99474823975463,0.9582895686646219,0.4104964282445617,0.5598086124401914,12.44976076555024,209
mobility,traffic_speed_eps1.0,p_gated_ba,1.0,8,6,8.0,4,2,0.0,176.12113452047177,1.4676761210039315,0.36955955116663297,0.5645933014354066,12.44976076555024,209
mobility,traffic_speed_eps1.0,p_gated_ba,1.0,8,6,16.0,4,2,0.0,114.99474823975463,0.9582895686646219,0.4104964282445617,0.5598086124401914,12.44976076555024,209
mobility,traffic_speed_eps1.0,p_gated_ba,1.0,8,1,,4,4,0.0,114.99474823975463,0.9582895686646219,0.4104964282445617,0.5598086124401914,12.44976076555024,209
mobility,traffic_speed_eps1.0,p_gated_ba,1.0,8,1,4.0,4,4,0.0,351.71879875162165,2.930989989596847,0.36955955116663297,0.5645933014354066,12.44976076555024,209
mobility,traffic_speed_eps1.0,p_gated_ba,1.0,8,1,8.0,4,4,0.0,176.12113452047177,1.4676761210039315,0.36955955116663297,0.5645933014354066,12.44976076555024,209
mobility,traffic_speed_eps1.0,p_gated_ba,1.0,8,1,16.0,4,4,0.0,114.99474823975463,0.9582895686646219,0.4104964282445617,0.5598086124401914,12.44976076555024,209
mobility,traffic_speed_eps1.0,p_gated_ba,1.0,8,2,,4,4,0.0,114.99474823975463,0.9582895686646219,0.4104964282445617,0.5598086124401914,12.44976076555024,209
mobility,traffic_speed_eps1.0,p_gated_ba,1.0,8,2,4.0,4,4,0.0,351.71879875162165,2.930989989596847,0.36955955116663297,0.5645933014354066,12.44976076555024,209
mobility,traffic_speed_eps1.0,p_gated_ba,1.0,8,2,8.0,4,4,0.0,176.12113452047177,1.4676761210039315,0.36955955116663297,0.5645933014354066,12.44976076555024,209
mobility,traffic_speed_eps1.0,p_gated_ba,1.0,8,2,16.0,4,4,0.0,114.99474823975463,0.9582895686646219,0.4104964282445617,0.5598086124401914,12.44976076555024,209
mobility,traffic_speed_eps1.0,p_gated_ba,1.0,8,3,,4,4,0.0,114.99474823975463,0.9582895686646219,0.4104964282445617,0.5598086124401914,12.44976076555024,209
mobility,traffic_speed_eps1.0,p_gated_ba,1.0,8,3,4.0,4,4,0.0,351.71879875162165,2.930989989596847,0.36955955116663297,0.5645933014354066,12.44976076555024,209
mobility,traffic_speed_eps1.0,p_gated_ba,1.0,8,3,8.0,4,4,0.0,176.12113452047177,1.4676761210039315,0.36955955116663297,0.5645933014354066,12.44976076555024,209
mobility,traffic_speed_eps1.0,p_gated_ba,1.0,8,3,16.0,4,4,0.0,114.99474823975463,0.9582895686646219,0.4104964282445617,0.5598086124401914,12.44976076555024,209
mobility,traffic_speed_eps1.0,p_gated_ba,1.0,8,4,,4,4,0.0,114.99474823975463,0.9582895686646219,0.4104964282445617,0.5598086124401914,12.44976076555024,209
mobility,traffic_speed_eps1.0,p_gated_ba,1.0,8,4,4.0,4,4,0.0,351.71879875162165,2.930989989596847,0.36955955116663297,0.5645933014354066,12.44976076555024,209
mobility,traffic_speed_eps1.0,p_gated_ba,1.0,8,4,8.0,4,4,0.0,176.12113452047177,1.4676761210039315,0.36955955116663297,0.5645933014354066,12.44976076555024,209
mobility,traffic_speed_eps1.0,p_gated_ba,1.0,8,4,16.0,4,4,0.0,114.99474823975463,0.9582895686646219,0.4104964282445617,0.5598086124401914,12.44976076555024,209
mobility,traffic_speed_eps1.0,p_gated_ba,1.0,8,6,,4,4,0.0,114.99474823975463,0.9582895686646219,0.4104964282445617,0.5598086124401914,12.44976076555024,209
mobility,traffic_speed_eps1.0,p_gated_ba,1.0,8,6,8.0,4,4,0.0,176.12113452047177,1.4676761210039315,0.36955955116663297,0.5645933014354066,12.44976076555024,209
mobility,traffic_speed_eps1.0,p_gated_ba,1.0,8,6,16.0,4,4,0.0,114.99474823975463,0.9582895686646219,0.4104964282445617,0.5598086124401914,12.44976076555024,209
mobility,traffic_speed_eps1.0,n_weighted,1.0,8,1,,1,0,0.0,191.17619793782333,1.5931349828151944,0.9299183940563659,1.0,5.08273381294964,834
mobility,traffic_speed_eps1.0,n_weighted,1.0,8,1,4.0,1,0,0.0,232.46247619374375,1.9371873016145313,0.8061415175850578,1.0,5.08273381294964,834
mobility,traffic_speed_eps1.0,n_weighted,1.0,8,1,8.0,1,0,0.0,191.17619793782333,1.5931349828151944,0.9299183940563659,1.0,5.08273381294964,834
mobility,traffic_speed_eps1.0,n_weighted,1.0,8,1,16.0,1,0,0.0,191.17619793782333,1.5931349828151944,0.9299183940563659,1.0,5.08273381294964,834
mobility,traffic_speed_eps1.0,n_weighted,1.0,8,2,,1,0,0.0,191.17619793782333,1.5931349828151944,0.9299183940563659,1.0,5.08273381294964,834
mobility,traffic_speed_eps1.0,n_weighted,1.0,8,2,4.0,1,0,0.0,232.46247619374375,1.9371873016145313,0.8061415175850578,1.0,5.08273381294964,834
mobility,traffic_speed_eps1.0,n_weighted,1.0,8,2,8.0,1,0,0.0,191.17619793782333,1.5931349828151944,0.9299183940563659,1.0,5.08273381294964,834
mobility,traffic_speed_eps1.0,n_weighted,1.0,8,2,16.0,1,0,0.0,191.17619793782333,1.5931349828151944,0.9299183940563659,1.0,5.08273381294964,834
mobility,traffic_speed_eps1.0,n_weighted,1.0,8,3,,1,0,0.0,191.08954629565568,1.5924128857971307,0.9286965404215727,0.9988009592326139,5.08273381294964,834
mobility,traffic_speed_eps1.0,n_weighted,1.0,8,3,4.0,1,0,0.0,232.34929750658478,1.9362441458882065,0.8049224219565911,0.9988009592326139,5.08273381294964,834
mobility,traffic_speed_eps1.0,n_weighted,1.0,8,3,8.0,1,0,0.0,191.08954629565568,1.5924128857971307,0.9286965404215727,0.9988009592326139,5.08273381294964,834
mobility,traffic_speed_eps1.0,n_weighted,1.0,8,3,16.0,1,0,0.0,191.08954629565568,1.5924128857971307,0.9286965404215727,0.9988009592326139,5.08273381294964,834
mobility,traffic_speed_eps1.0,n_weighted,1.0,8,4,,1,0,0.0,187.80431755141223,1.5650359795951019,0.7449334490043246,0.9676258992805755,5.08273381294964,834
mobility,traffic_speed_eps1.0,n_weighted,1.0,8,4,4.0,1,0,0.0,229.1561984834111,1.909634987361759,0.8113474625119657,0.9676258992805755,5.08273381294964,834
mobility,traffic_speed_eps1.0,n_weighted,1.0,8,4,8.0,1,0,0.0,187.80431755141223,1.5650359795951019,0.7449334490043246,0.9676258992805755,5.08273381294964,834
mobility,traffic_speed_eps1.0,n_weighted,1.0,8,4,16.0,1,0,0.0,187.80431755141223,1.5650359795951019,0.7449334490043246,0.9676258992805755,5.08273381294964,834
mobility,traffic_speed_eps1.0,n_weighted,1.0,8,6,,1,0,0.0,149.1215724678009,1.2426797705650074,0.7239491426244753,0.33213429256594723,5.08273381294964,834
mobility,traffic_speed_eps1.0,n_weighted,1.0,8,6,8.0,1,0,0.0,149.1215724678009,1.2426797705650074,0.7239491426244753,0.33213429256594723,5.08273381294964,834
mobility,traffic_speed_eps1.0,n_weighted,1.0,8,6,16.0,1,0,0.0,149.1215724678009,1.2426797705650074,0.7239491426244753,0.33213429256594723,5.08273381294964,834
mobility,traffic_speed_eps1.0,n_weighted,1.0,8,1,,1,2,0.0,191.17619793782333,1.5931349828151944,0.9299183940563659,1.0,5.08273381294964,834
mobility,traffic_speed_eps1.0,n_weighted,1.0,8,1,4.0,1,2,0.0,232.46247619374375,1.9371873016145313,0.8061415175850578,1.0,5.08273381294964,834
mobility,traffic_speed_eps1.0,n_weighted,1.0,8,1,8.0,1,2,0.0,191.17619793782333,1.5931349828151944,0.9299183940563659,1.0,5.08273381294964,834
mobility,traffic_speed_eps1.0,n_weighted,1.0,8,1,16.0,1,2,0.0,191.17619793782333,1.5931349828151944,0.9299183940563659,1.0,5.08273381294964,834
mobility,traffic_speed_eps1.0,n_weighted,1.0,8,2,,1,2,0.0,191.17619793782333,1.5931349828151944,0.9299183940563659,1.0,5.08273381294964,834
mobility,traffic_speed_eps1.0,n_weighted,1.0,8,2,4.0,1,2,0.0,232.46247619374375,1.9371873016145313,0.8061415175850578,1.0,5.08273381294964,834
mobility,traffic_speed_eps1.0,n_weighted,1.0,8,2,8.0,1,2,0.0,191.17619793782333,1.5931349828151944,0.9299183940563659,1.0,5.08273381294964,834
mobility,traffic_speed_eps1.0,n_weighted,1.0,8,2,16.0,1,2,0.0,191.17619793782333,1.5931349828151944,0.9299183940563659,1.0,5.08273381294964,834
mobility,traffic_speed_eps1.0,n_weighted,1.0,8,3,,1,2,0.0,191.08954629565568,1.5924128857971307,0.9286965404215727,0.9988009592326139,5.08273381294964,834
mobility,traffic_speed_eps1.0,n_weighted,1.0,8,3,4.0,1,2,0.0,232.34929750658478,1.9362441458882065,0.8049224219565911,0.9988009592326139,5.08273381294964,834
mobility,traffic_speed_eps1.0,n_weighted,1.0,8,3,8.0,1,2,0.0,191.08954629565568,1.5924128857971307,0.9286965404215727,0.9988009592326139,5.08273381294964,834
mobility,traffic_speed_eps1.0,n_weighted,1.0,8,3,16.0,1,2,0.0,191.08954629565568,1.5924128857971307,0.9286965404215727,0.9988009592326139,5.08273381294964,834
mobility,traffic_speed_eps1.0,n_weighted,1.0,8,4,,1,2,0.0,188.14682009223543,1.5678901674352952,0.7938316772407004,0.9987623762376238,5.212871287128713,808
mobility,traffic_speed_eps1.0,n_weighted,1.0,8,4,4.0,1,2,0.0,229.89111910609242,1.9157593258841035,0.8256401743362791,0.9987623762376238,5.212871287128713,808
mobility,traffic_speed_eps1.0,n_weighted,1.0,8,4,8.0,1,2,0.0,188.16449942965724,1.5680374952471436,0.7938316772407004,0.9987623762376238,5.212871287128713,808
mobility,traffic_speed_eps1.0,n_weighted,1.0,8,4,16.0,1,2,0.0,188.14682009223543,1.5678901674352952,0.7938316772407004,0.9987623762376238,5.212871287128713,808
mobility,traffic_speed_eps1.0,n_weighted,1.0,8,6,,1,2,0.0,135.34538712543593,1.1278782260452995,0.4156283022899276,0.9979959919839679,7.462925851703407,499
mobility,traffic_speed_eps1.0,n_weighted,1.0,8,6,8.0,1,2,0.0,138.19955418284272,1.1516629515236894,0.4149189072782297,0.9979959919839679,7.462925851703407,499
mobility,traffic_speed_eps1.0,n_weighted,1.0,8,6,16.0,1,2,0.0,135.34538712543593,1.1278782260452995,0.4156283022899276,0.9979959919839679,7.462925851703407,499
mobility,traffic_speed_eps1.0,n_weighted,1.0,8,1,,1,4,0.0,191.17619793782333,1.5931349828151944,0.9299183940563659,1.0,5.08273381294964,834
mobility,traffic_speed_eps1.0,n_weighted,1.0,8,1,4.0,1,4,0.0,232.46247619374375,1.9371873016145313,0.8061415175850578,1.0,5.08273381294964,834
mobility,traffic_speed_eps1.0,n_weighted,1.0,8,1,8.0,1,4,0.0,191.17619793782333,1.5931349828151944,0.9299183940563659,1.0,5.08273381294964,834
mobility,traffic_speed_eps1.0,n_weighted,1.0,8,1,16.0,1,4,0.0,191.17619793782333,1.5931349828151944,0.9299183940563659,1.0,5.08273381294964,834
mobility,traffic_speed_eps1.0,n_weighted,1.0,8,2,,1,4,0.0,191.17619793782333,1.5931349828151944,0.9299183940563659,1.0,5.08273381294964,834
mobility,traffic_speed_eps1.0,n_weighted,1.0,8,2,4.0,1,4,0.0,232.46247619374375,1.9371873016145313,0.8061415175850578,1.0,5.08273381294964,834
mobility,traffic_speed_eps1.0,n_weighted,1.0,8,2,8.0,1,4,0.0,191.17619793782333,1.5931349828151944,0.9299183940563659,1.0,5.08273381294964,834
mobility,traffic_speed_eps1.0,n_weighted,1.0,8,2,16.0,1,4,0.0,191.17619793782333,1.5931349828151944,0.9299183940563659,1.0,5.08273381294964,834
mobility,traffic_speed_eps1.0,n_weighted,1.0,8,3,,1,4,0.0,191.08954629565568,1.5924128857971307,0.9286965404215727,0.9988009592326139,5.08273381294964,834
mobility,traffic_speed_eps1.0,n_weighted,1.0,8,3,4.0,1,4,0.0,232.34929750658478,1.9362441458882065,0.8049224219565911,0.9988009592326139,5.08273381294964,834
mobility,traffic_speed_eps1.0,n_weighted,1.0,8,3,8.0,1,4,0.0,191.08954629565568,1.5924128857971307,0.9286965404215727,0.9988009592326139,5.08273381294964,834
mobility,traffic_speed_eps1.0,n_weighted,1.0,8,3,16.0,1,4,0.0,191.08954629565568,1.5924128857971307,0.9286965404215727,0.9988009592326139,5.08273381294964,834
mobility,traffic_speed_eps1.0,n_weighted,1.0,8,4,,1,4,0.0,188.14682009223543,1.5678901674352952,0.7938316772407004,0.9987623762376238,5.212871287128713,808
mobility,traffic_speed_eps1.0,n_weighted,1.0,8,4,4.0,1,4,0.0,229.89111910609242,1.9157593258841035,0.8256401743362791,0.9987623762376238,5.212871287128713,808
mobility,traffic_speed_eps1.0,n_weighted,1.0,8,4,8.0,1,4,0.0,188.16449942965724,1.5680374952471436,0.7938316772407004,0.9987623762376238,5.212871287128713,808
mobility,traffic_speed_eps1.0,n_weighted,1.0,8,4,16.0,1,4,0.0,188.14682009223543,1.5678901674352952,0.7938316772407004,0.9987623762376238,5.212871287128713,808
mobility,traffic_speed_eps1.0,n_weighted,1.0,8,6,,1,4,0.0,135.34538712543593,1.1278782260452995,0.4156283022899276,0.9979959919839679,7.462925851703407,499
mobility,traffic_speed_eps1.0,n_weighted,1.0,8,6,8.0,1,4,0.0,138.19955418284272,1.1516629515236894,0.4149189072782297,0.9979959919839679,7.462925851703407,499
mobility,traffic_speed_eps1.0,n_weighted,1.0,8,6,16.0,1,4,0.0,135.34538712543593,1.1278782260452995,0.4156283022899276,0.9979959919839679,7.462925851703407,499
mobility,traffic_speed_eps1.0,n_weighted,1.0,8,1,,2,0,0.0,118.29040255226634,0.9857533546022196,0.7839682907674542,1.0,8.57074340527578,417
mobility,traffic_speed_eps1.0,n_weighted,1.0,8,1,4.0,2,0,0.0,239.92392038387428,1.9993660031989522,0.38804036882674037,1.0,8.57074340527578,417
mobility,traffic_speed_eps1.0,n_weighted,1.0,8,1,8.0,2,0,0.0,126.93361694832211,1.0577801412360175,0.7898870630600051,1.0,8.57074340527578,417
mobility,traffic_speed_eps1.0,n_weighted,1.0,8,1,16.0,2,0,0.0,118.29040255226634,0.9857533546022196,0.7839682907674542,1.0,8.57074340527578,417
mobility,traffic_speed_eps1.0,n_weighted,1.0,8,2,,2,0,0.0,118.29040255226634,0.9857533546022196,0.7839682907674542,1.0,8.57074340527578,417
mobility,traffic_speed_eps1.0,n_weighted,1.0,8,2,4.0,2,0,0.0,239.92392038387428,1.9993660031989522,0.38804036882674037,1.0,8.57074340527578,417
mobility,traffic_speed_eps1.0,n_weighted,1.0,8,2,8.0,2,0,0.0,126.93361694832211,1.0577801412360175,0.7898870630600051,1.0,8.57074340527578,417
mobility,traffic_speed_eps1.0,n_weighted,1.0,8,2,16.0,2,0,0.0,118.29040255226634,0.9857533546022196,0.7839682907674542,1.0,8.57074340527578,417
mobility,traffic_speed_eps1.0,n_weighted,1.0,8,3,,2,0,0.0,118.29040255226634,0.9857533546022196,0.7839682907674542,1.0,8.57074340527578,417
mobility,traffic_speed_eps1.0,n_weighted,1.0,8,3,4.0,2,0,0.0,239.92392038387428,1.9993660031989522,0.38804036882674037,1.0,8.57074340527578,417
mobility,traffic_speed_eps1.0,n_weighted,1.0,8,3,8.0,2,0,0.0,126.93361694832211,1.0577801412360175,0.7898870630600051,1.0,8.57074340527578,417
mobility,traffic_speed_eps1.0,n_weighted,1.0,8,3,16.0,2,0,0.0,118.29040255226634,0.9857533546022196,0.7839682907674542,1.0,8.57074340527578,417
mobility,traffic_speed_eps1.0,n_weighted,1.0,8,4,,2,0,0.0,118.29040255226634,0.9857533546022196,0.7839682907674542,1.0,8.57074340527578,417
mobility,traffic_speed_eps1.0,n_weighted,1.0,8,4,4.0,2,0,0.0,239.92392038387428,1.9993660031989522,0.38804036882674037,1.0,8.57074340527578,417
mobility,traffic_speed_eps1.0,n_weighted,1.0,8,4,8.0,2,0,0.0,126.93361694832211,1.0577801412360175,0.7898870630600051,1.0,8.57074340527578,417
mobility,traffic_speed_eps1.0,n_weighted,1.0,8,4,16.0,2,0,0.0,118.29040255226634,0.9857533546022196,0.7839682907674542,1.0,8.57074340527578,417
mobility,traffic_speed_eps1.0,n_weighted,1.0,8,6,,2,0,0.0,120.06577448124375,1.0005481206770312,0.9836186302420092,0.9904076738609112,8.57074340527578,417
mobility,traffic_speed_eps1.0,n_weighted,1.0,8,6,8.0,2,0,0.0,128.45370311163944,1.0704475259303288,0.7859964917020079,0.9904076738609112,8.57074340527578,417
mobility,traffic_speed_eps1.0,n_weighted,1.0,8,6,16.0,2,0,0.0,120.06577448124375,1.0005481206770312,0.9836186302420092,0.9904076738609112,8.57074340527578,417
mobility,traffic_speed_eps1.0,n_weighted,1.0,8,1,,2,2,0.0,118.29040255226634,0.9857533546022196,0.7839682907674542,1.0,8.57074340527578,417
mobility,traffic_speed_eps1.0,n_weighted,1.0,8,1,4.0,2,2,0.0,239.92392038387428,1.9993660031989522,0.38804036882674037,1.0,8.57074340527578,417
mobility,traffic_speed_eps1.0,n_weighted,1.0,8,1,8.0,2,2,0.0,126.93361694832211,1.0577801412360175,0.7898870630600051,1.0,8.57074340527578,417
mobility,traffic_speed_eps1.0,n_weighted,1.0,8,1,16.0,2,2,0.0,118.29040255226634,0.9857533546022196,0.7839682907674542,1.0,8.57074340527578,417
mobility,traffic_speed_eps1.0,n_weighted,1.0,8,2,,2,2,0.0,118.29040255226634,0.9857533546022196,0.7839682907674542,1.0,8.57074340527578,417
mobility,traffic_speed_eps1.0,n_weighted,1.0,8,2,4.0,2,2,0.0,239.92392038387428,1.9993660031989522,0.38804036882674037,1.0,8.57074340527578,417
mobility,traffic_speed_eps1.0,n_weighted,1.0,8,2,8.0,2,2,0.0,126.93361694832211,1.0577801412360175,0.7898870630600051,1.0,8.57074340527578,417
mobility,traffic_speed_eps1.0,n_weighted,1.0,8,2,16.0,2,2,0.0,118.29040255226634,0.9857533546022196,0.7839682907674542,1.0,8.57074340527578,417
mobility,traffic_speed_eps1.0,n_weighted,1.0,8,3,,2,2,0.0,118.29040255226634,0.9857533546022196,0.7839682907674542,1.0,8.57074340527578,417
mobility,traffic_speed_eps1.0,n_weighted,1.0,8,3,4.0,2,2,0.0,239.92392038387428,1.9993660031989522,0.38804036882674037,1.0,8.57074340527578,417
mobility,traffic_speed_eps1.0,n_weighted,1.0,8,3,8.0,2,2,0.0,126.93361694832211,1.0577801412360175,0.7898870630600051,1.0,8.57074340527578,417
mobility,traffic_speed_eps1.0,n_weighted,1.0,8,3,16.0,2,2,0.0,118.29040255226634,0.9857533546022196,0.7839682907674542,1.0,8.57074340527578,417
mobility,traffic_speed_eps1.0,n_weighted,1.0,8,4,,2,2,0.0,118.29040255226634,0.9857533546022196,0.7839682907674542,1.0,8.57074340527578,417
mobility,traffic_speed_eps1.0,n_weighted,1.0,8,4,4.0,2,2,0.0,239.92392038387428,1.9993660031989522,0.38804036882674037,1.0,8.57074340527578,417
mobility,traffic_speed_eps1.0,n_weighted,1.0,8,4,8.0,2,2,0.0,126.93361694832211,1.0577801412360175,0.7898870630600051,1.0,8.57074340527578,417
mobility,traffic_speed_eps1.0,n_weighted,1.0,8,4,16.0,2,2,0.0,118.29040255226634,0.9857533546022196,0.7839682907674542,1.0,8.57074340527578,417
mobility,traffic_speed_eps1.0,n_weighted,1.0,8,6,,2,2,0.0,118.25557530431308,0.9854631275359423,0.9837231936228902,1.0,8.624697336561743,413
mobility,traffic_speed_eps1.0,n_weighted,1.0,8,6,8.0,2,2,0.0,126.42026388769949,1.0535021990641624,0.7914726429600345,1.0,8.624697336561743,413
mobility,traffic_speed_eps1.0,n_weighted,1.0,8,6,16.0,2,2,0.0,118.25557530431308,0.9854631275359423,0.9837231936228902,1.0,8.624697336561743,413
mobility,traffic_speed_eps1.0,n_weighted,1.0,8,1,,2,4,0.0,118.29040255226634,0.9857533546022196,0.7839682907674542,1.0,8.57074340527578,417
mobility,traffic_speed_eps1.0,n_weighted,1.0,8,1,4.0,2,4,0.0,239.92392038387428,1.9993660031989522,0.38804036882674037,1.0,8.57074340527578,417
mobility,traffic_speed_eps1.0,n_weighted,1.0,8,1,8.0,2,4,0.0,126.93361694832211,1.0577801412360175,0.7898870630600051,1.0,8.57074340527578,417
mobility,traffic_speed_eps1.0,n_weighted,1.0,8,1,16.0,2,4,0.0,118.29040255226634,0.9857533546022196,0.7839682907674542,1.0,8.57074340527578,417
mobility,traffic_speed_eps1.0,n_weighted,1.0,8,2,,2,4,0.0,118.29040255226634,0.9857533546022196,0.7839682907674542,1.0,8.57074340527578,417
mobility,traffic_speed_eps1.0,n_weighted,1.0,8,2,4.0,2,4,0.0,239.92392038387428,1.9993660031989522,0.38804036882674037,1.0,8.57074340527578,417
mobility,traffic_speed_eps1.0,n_weighted,1.0,8,2,8.0,2,4,0.0,126.93361694832211,1.0577801412360175,0.7898870630600051,1.0,8.57074340527578,417
mobility,traffic_speed_eps1.0,n_weighted,1.0,8,2,16.0,2,4,0.0,118.29040255226634,0.9857533546022196,0.7839682907674542,1.0,8.57074340527578,417
mobility,traffic_speed_eps1.0,n_weighted,1.0,8,3,,2,4,0.0,118.29040255226634,0.9857533546022196,0.7839682907674542,1.0,8.57074340527578,417
mobility,traffic_speed_eps1.0,n_weighted,1.0,8,3,4.0,2,4,0.0,239.92392038387428,1.9993660031989522,0.38804036882674037,1.0,8.57074340527578,417
mobility,traffic_speed_eps1.0,n_weighted,1.0,8,3,8.0,2,4,0.0,126.93361694832211,1.0577801412360175,0.7898870630600051,1.0,8.57074340527578,417
mobility,traffic_speed_eps1.0,n_weighted,1.0,8,3,16.0,2,4,0.0,118.29040255226634,0.9857533546022196,0.7839682907674542,1.0,8.57074340527578,417
mobility,traffic_speed_eps1.0,n_weighted,1.0,8,4,,2,4,0.0,118.29040255226634,0.9857533546022196,0.7839682907674542,1.0,8.57074340527578,417
mobility,traffic_speed_eps1.0,n_weighted,1.0,8,4,4.0,2,4,0.0,239.92392038387428,1.9993660031989522,0.38804036882674037,1.0,8.57074340527578,417
mobility,traffic_speed_eps1.0,n_weighted,1.0,8,4,8.0,2,4,0.0,126.93361694832211,1.0577801412360175,0.7898870630600051,1.0,8.57074340527578,417
mobility,traffic_speed_eps1.0,n_weighted,1.0,8,4,16.0,2,4,0.0,118.29040255226634,0.9857533546022196,0.7839682907674542,1.0,8.57074340527578,417
mobility,traffic_speed_eps1.0,n_weighted,1.0,8,6,,2,4,0.0,118.25557530431308,0.9854631275359423,0.9837231936228902,1.0,8.624697336561743,413
mobility,traffic_speed_eps1.0,n_weighted,1.0,8,6,8.0,2,4,0.0,126.42026388769949,1.0535021990641624,0.7914726429600345,1.0,8.624697336561743,413
mobility,traffic_speed_eps1.0,n_weighted,1.0,8,6,16.0,2,4,0.0,118.25557530431308,0.9854631275359423,0.9837231936228902,1.0,8.624697336561743,413
mobility,traffic_speed_eps1.0,n_weighted,1.0,8,1,,4,0,0.0,81.0746688098168,0.6756222400818067,0.7583354147038329,1.0,12.44976076555024,209
mobility,traffic_speed_eps1.0,n_weighted,1.0,8,1,4.0,4,0,0.0,242.20961540825158,2.0184134617354297,0.8480896556928463,1.0,12.44976076555024,209
mobility,traffic_speed_eps1.0,n_weighted,1.0,8,1,8.0,4,0,0.0,121.13789677643736,1.009482473136978,0.8129135805019919,1.0,12.44976076555024,209
mobility,traffic_speed_eps1.0,n_weighted,1.0,8,1,16.0,4,0,0.0,81.0746688098168,0.6756222400818067,0.7583354147038329,1.0,12.44976076555024,209
mobility,traffic_speed_eps1.0,n_weighted,1.0,8,2,,4,0,0.0,81.0746688098168,0.6756222400818067,0.7583354147038329,1.0,12.44976076555024,209
mobility,traffic_speed_eps1.0,n_weighted,1.0,8,2,4.0,4,0,0.0,242.20961540825158,2.0184134617354297,0.8480896556928463,1.0,12.44976076555024,209
mobility,traffic_speed_eps1.0,n_weighted,1.0,8,2,8.0,4,0,0.0,121.13789677643736,1.009482473136978,0.8129135805019919,1.0,12.44976076555024,209
mobility,traffic_speed_eps1.0,n_weighted,1.0,8,2,16.0,4,0,0.0,81.0746688098168,0.6756222400818067,0.7583354147038329,1.0,12.44976076555024,209
mobility,traffic_speed_eps1.0,n_weighted,1.0,8,3,,4,0,0.0,81.0746688098168,0.6756222400818067,0.7583354147038329,1.0,12.44976076555024,209
mobility,traffic_speed_eps1.0,n_weighted,1.0,8,3,4.0,4,0,0.0,242.20961540825158,2.0184134617354297,0.8480896556928463,1.0,12.44976076555024,209
mobility,traffic_speed_eps1.0,n_weighted,1.0,8,3,8.0,4,0,0.0,121.13789677643736,1.009482473136978,0.8129135805019919,1.0,12.44976076555024,209
mobility,traffic_speed_eps1.0,n_weighted,1.0,8,3,16.0,4,0,0.0,81.0746688098168,0.6756222400818067,0.7583354147038329,1.0,12.44976076555024,209
mobility,traffic_speed_eps1.0,n_weighted,1.0,8,4,,4,0,0.0,81.0746688098168,0.6756222400818067,0.7583354147038329,1.0,12.44976076555024,209
mobility,traffic_speed_eps1.0,n_weighted,1.0,8,4,4.0,4,0,0.0,242.20961540825158,2.0184134617354297,0.8480896556928463,1.0,12.44976076555024,209
mobility,traffic_speed_eps1.0,n_weighted,1.0,8,4,8.0,4,0,0.0,121.13789677643736,1.009482473136978,0.8129135805019919,1.0,12.44976076555024,209
mobility,traffic_speed_eps1.0,n_weighted,1.0,8,4,16.0,4,0,0.0,81.0746688098168,0.6756222400818067,0.7583354147038329,1.0,12.44976076555024,209
mobility,traffic_speed_eps1.0,n_weighted,1.0,8,6,,4,0,0.0,81.0746688098168,0.6756222400818067,0.7583354147038329,1.0,12.44976076555024,209
mobility,traffic_speed_eps1.0,n_weighted,1.0,8,6,8.0,4,0,0.0,121.13789677643736,1.009482473136978,0.8129135805019919,1.0,12.44976076555024,209
mobility,traffic_speed_eps1.0,n_weighted,1.0,8,6,16.0,4,0,0.0,81.0746688098168,0.6756222400818067,0.7583354147038329,1.0,12.44976076555024,209
mobility,traffic_speed_eps1.0,n_weighted,1.0,8,1,,4,2,0.0,81.0746688098168,0.6756222400818067,0.7583354147038329,1.0,12.44976076555024,209
mobility,traffic_speed_eps1.0,n_weighted,1.0,8,1,4.0,4,2,0.0,242.20961540825158,2.0184134617354297,0.8480896556928463,1.0,12.44976076555024,209
mobility,traffic_speed_eps1.0,n_weighted,1.0,8,1,8.0,4,2,0.0,121.13789677643736,1.009482473136978,0.8129135805019919,1.0,12.44976076555024,209
mobility,traffic_speed_eps1.0,n_weighted,1.0,8,1,16.0,4,2,0.0,81.0746688098168,0.6756222400818067,0.7583354147038329,1.0,12.44976076555024,209
mobility,traffic_speed_eps1.0,n_weighted,1.0,8,2,,4,2,0.0,81.0746688098168,0.6756222400818067,0.7583354147038329,1.0,12.44976076555024,209
mobility,traffic_speed_eps1.0,n_weighted,1.0,8,2,4.0,4,2,0.0,242.20961540825158,2.0184134617354297,0.8480896556928463,1.0,12.44976076555024,209
mobility,traffic_speed_eps1.0,n_weighted,1.0,8,2,8.0,4,2,0.0,121.13789677643736,1.009482473136978,0.8129135805019919,1.0,12.44976076555024,209
mobility,traffic_speed_eps1.0,n_weighted,1.0,8,2,16.0,4,2,0.0,81.0746688098168,0.6756222400818067,0.7583354147038329,1.0,12.44976076555024,209
mobility,traffic_speed_eps1.0,n_weighted,1.0,8,3,,4,2,0.0,81.0746688098168,0.6756222400818067,0.7583354147038329,1.0,12.44976076555024,209
mobility,traffic_speed_eps1.0,n_weighted,1.0,8,3,4.0,4,2,0.0,242.20961540825158,2.0184134617354297,0.8480896556928463,1.0,12.44976076555024,209
mobility,traffic_speed_eps1.0,n_weighted,1.0,8,3,8.0,4,2,0.0,121.13789677643736,1.009482473136978,0.8129135805019919,1.0,12.44976076555024,209
mobility,traffic_speed_eps1.0,n_weighted,1.0,8,3,16.0,4,2,0.0,81.0746688098168,0.6756222400818067,0.7583354147038329,1.0,12.44976076555024,209
mobility,traffic_speed_eps1.0,n_weighted,1.0,8,4,,4,2,0.0,81.0746688098168,0.6756222400818067,0.7583354147038329,1.0,12.44976076555024,209
mobility,traffic_speed_eps1.0,n_weighted,1.0,8,4,4.0,4,2,0.0,242.20961540825158,2.0184134617354297,0.8480896556928463,1.0,12.44976076555024,209
mobility,traffic_speed_eps1.0,n_weighted,1.0,8,4,8.0,4,2,0.0,121.13789677643736,1.009482473136978,0.8129135805019919,1.0,12.44976076555024,209
mobility,traffic_speed_eps1.0,n_weighted,1.0,8,4,16.0,4,2,0.0,81.0746688098168,0.6756222400818067,0.7583354147038329,1.0,12.44976076555024,209
mobility,traffic_speed_eps1.0,n_weighted,1.0,8,6,,4,2,0.0,81.0746688098168,0.6756222400818067,0.7583354147038329,1.0,12.44976076555024,209
mobility,traffic_speed_eps1.0,n_weighted,1.0,8,6,8.0,4,2,0.0,121.13789677643736,1.009482473136978,0.8129135805019919,1.0,12.44976076555024,209
mobility,traffic_speed_eps1.0,n_weighted,1.0,8,6,16.0,4,2,0.0,81.0746688098168,0.6756222400818067,0.7583354147038329,1.0,12.44976076555024,209
mobility,traffic_speed_eps1.0,n_weighted,1.0,8,1,,4,4,0.0,81.0746688098168,0.6756222400818067,0.7583354147038329,1.0,12.44976076555024,209
mobility,traffic_speed_eps1.0,n_weighted,1.0,8,1,4.0,4,4,0.0,242.20961540825158,2.0184134617354297,0.8480896556928463,1.0,12.44976076555024,209
mobility,traffic_speed_eps1.0,n_weighted,1.0,8,1,8.0,4,4,0.0,121.13789677643736,1.009482473136978,0.8129135805019919,1.0,12.44976076555024,209
mobility,traffic_speed_eps1.0,n_weighted,1.0,8,1,16.0,4,4,0.0,81.0746688098168,0.6756222400818067,0.7583354147038329,1.0,12.44976076555024,209
mobility,traffic_speed_eps1.0,n_weighted,1.0,8,2,,4,4,0.0,81.0746688098168,0.6756222400818067,0.7583354147038329,1.0,12.44976076555024,209
mobility,traffic_speed_eps1.0,n_weighted,1.0,8,2,4.0,4,4,0.0,242.20961540825158,2.0184134617354297,0.8480896556928463,1.0,12.44976076555024,209
mobility,traffic_speed_eps1.0,n_weighted,1.0,8,2,8.0,4,4,0.0,121.13789677643736,1.009482473136978,0.8129135805019919,1.0,12.44976076555024,209
mobility,traffic_speed_eps1.0,n_weighted,1.0,8,2,16.0,4,4,0.0,81.0746688098168,0.6756222400818067,0.7583354147038329,1.0,12.44976076555024,209
mobility,traffic_speed_eps1.0,n_weighted,1.0,8,3,,4,4,0.0,81.0746688098168,0.6756222400818067,0.7583354147038329,1.0,12.44976076555024,209
mobility,traffic_speed_eps1.0,n_weighted,1.0,8,3,4.0,4,4,0.0,242.20961540825158,2.0184134617354297,0.8480896556928463,1.0,12.44976076555024,209
mobility,traffic_speed_eps1.0,n_weighted,1.0,8,3,8.0,4,4,0.0,121.13789677643736,1.009482473136978,0.8129135805019919,1.0,12.44976076555024,209
mobility,traffic_speed_eps1.0,n_weighted,1.0,8,3,16.0,4,4,0.0,81.0746688098168,0.6756222400818067,0.7583354147038329,1.0,12.44976076555024,209
mobility,traffic_speed_eps1.0,n_weighted,1.0,8,4,,4,4,0.0,81.0746688098168,0.6756222400818067,0.7583354147038329,1.0,12.44976076555024,209
mobility,traffic_speed_eps1.0,n_weighted,1.0,8,4,4.0,4,4,0.0,242.20961540825158,2.0184134617354297,0.8480896556928463,1.0,12.44976076555024,209
mobility,traffic_speed_eps1.0,n_weighted,1.0,8,4,8.0,4,4,0.0,121.13789677643736,1.009482473136978,0.8129135805019919,1.0,12.44976076555024,209
mobility,traffic_speed_eps1.0,n_weighted,1.0,8,4,16.0,4,4,0.0,81.0746688098168,0.6756222400818067,0.7583354147038329,1.0,12.44976076555024,209
mobility,traffic_speed_eps1.0,n_weighted,1.0,8,6,,4,4,0.0,81.0746688098168,0.6756222400818067,0.7583354147038329,1.0,12.44976076555024,209
mobility,traffic_speed_eps1.0,n_weighted,1.0,8,6,8.0,4,4,0.0,121.13789677643736,1.009482473136978,0.8129135805019919,1.0,12.44976076555024,209
mobility,traffic_speed_eps1.0,n_weighted,1.0,8,6,16.0,4,4,0.0,81.0746688098168,0.6756222400818067,0.7583354147038329,1.0,12.44976076555024,209
