dataset,sensor,strategy,epsilon,w,P_min,P_max,delta_t,k_ext,epsilon_count,mae,normalized_mae,kl_divergence,release_rate,avg_n_tau,n_logical_timestamps
mobility,traffic_speed_eps4.0,uniform,4.0,8,1,,1,0,0.0,46.07765395022697,0.3839804495852247,0.5788003765891842,1.0,5.08273381294964,834
mobility,traffic_speed_eps4.0,uniform,4.0,8,1,4.0,1,0,0.0,57.62491709856012,0.48020764248800096,0.7915055633026945,1.0,5.08273381294964,834
mobility,traffic_speed_eps4.0,uniform,4.0,8,1,8.0,1,0,0.0,46.07765395022697,0.3839804495852247,0.5788003765891842,1.0,5.08273381294964,834
mobility,traffic_speed_eps4.0,uniform,4.0,8,1,16.0,1,0,0.0,46.07765395022697,0.3839804495852247,0.5788003765891842,1.0,5.08273381294964,834
mobility,traffic_speed_eps4.0,uniform,4.0,8,2,,1,0,0.0,46.07765395022697,0.3839804495852247,0.5788003765891842,1.0,5.08273381294964,834
mobility,traffic_speed_eps4.0,uniform,4.0,8,2,4.0,1,0,0.0,57.62491709856012,0.48020764248800096,0.7915055633026945,1.0,5.08273381294964,834
mobility,traffic_speed_eps4.0,uniform,4.0,8,2,8.0,1,0,0.0,46.07765395022697,0.3839804495852247,0.5788003765891842,1.0,5.08273381294964,834
mobility,traffic_speed_eps4.0,uniform,4.0,8,2,16.0,1,0,0.0,46.07765395022697,0.3839804495852247,0.5788003765891842,1.0,5.08273381294964,834
mobility,traffic_speed_eps4.0,uniform,4.0,8,3,,1,0,0.0,46.07765395022697,0.3839804495852247,0.5788003765891842,1.0,5.08273381294964,834
mobility,traffic_speed_eps4.0,uniform,4.0,8,3,4.0,1,0,0.0,57.62491709856012,0.48020764248800096,0.7915055633026945,1.0,5.08273381294964,834
mobility,traffic_speed_eps4.0,uniform,4.0,8,3,8.0,1,0,0.0,46.07765395022697,0.3839804495852247,0.5788003765891842,1.0,5.08273381294964,834
mobility,traffic_speed_eps4.0,uniform,4.0,8,3,16.0,1,0,0.0,46.07765395022697,0.3839804495852247,0.5788003765891842,1.0,5.08273381294964,834
mobility,traffic_speed_eps4.0,uniform,4.0,8,4,,1,0,0.0,46.07765395022697,0.3839804495852247,0.5788003765891842,1.0,5.08273381294964,834
mobility,traffic_speed_eps4.0,uniform,4.0,8,4,4.0,1,0,0.0,57.62491709856012,0.48020764248800096,0.7915055633026945,1.0,5.08273381294964,834
mobility,traffic_speed_eps4.0,uniform,4.0,8,4,8.0,1,0,0.0,46.07765395022697,0.3839804495852247,0.5788003765891842,1.0,5.08273381294964,834
mobility,traffic_speed_eps4.0,uniform,4.0,8,4,16.0,1,0,0.0,46.07765395022697,0.3839804495852247,0.5788003765891842,1.0,5.08273381294964,834
mobility,traffic_speed_eps4.0,uniform,4.0,8,6,,1,0,0.0,46.07765395022697,0.3839804495852247,0.5788003765891842,1.0,5.08273381294964,834
mobility,traffic_speed_eps4.0,uniform,4.0,8,6,8.0,1,0,0.0,46.07765395022697,0.3839804495852247,0.5788003765891842,1.0,5.08273381294964,834
mobility,traffic_speed_eps4.0,uniform,4.0,8,6,16.0,1,0,0.0,46.07765395022697,0.3839804495852247,0.5788003765891842,1.0,5.08273381294964,834
mobility,traffic_speed_eps4.0,uniform,4.0,8,1,,1,2,0.0,46.07765395022697,0.3839804495852247,0.5788003765891842,1.0,5.08273381294964,834
mobility,traffic_speed_eps4.0,uniform,4.0,8,1,4.0,1,2,0.0,57.62491709856012,0.48020764248800096,0.7915055633026945,1.0,5.08273381294964,834
mobility,traffic_speed_eps4.0,uniform,4.0,8,1,8.0,1,2,0.0,46.07765395022697,0.3839804495852247,0.5788003765891842,1.0,5.08273381294964,834
mobility,traffic_speed_eps4.0,uniform,4.0,8,1,16.0,1,2,0.0,46.07765395022697,0.3839804495852247,0.5788003765891842,1.0,5.08273381294964,834
mobility,traffic_speed_eps4.0,uniform,4.0,8,2,,1,2,0.0,46.07765395022697,0.3839804495852247,0.5788003765891842,1.0,5.08273381294964,834
mobility,traffic_speed_eps4.0,uniform,4.0,8,2,4.0,1,2,0.0,57.62491709856012,0.48020764248800096,0.7915055633026945,1.0,5.08273381294964,834
mobility,traffic_speed_eps4.0,uniform,4.0,8,2,8.0,1,2,0.0,46.07765395022697,0.3839804495852247,0.5788003765891842,1.0,5.08273381294964,834
mobility,traffic_speed_eps4.0,uniform,4.0,8,2,16.0,1,2,0.0,46.07765395022697,0.3839804495852247,0.5788003765891842,1.0,5.08273381294964,834
mobility,traffic_speed_eps4.0,uniform,4.0,8,3,,1,2,0.0,46.07765395022697,0.3839804495852247,0.5788003765891842,1.0,5.08273381294964,834
mobility,traffic_speed_eps4.0,uniform,4.0,8,3,4.0,1,2,0.0,57.62491709856012,0.48020764248800096,0.7915055633026945,1.0,5.08273381294964,834
mobility,traffic_speed_eps4.0,uniform,4.0,8,3,8.0,1,2,0.0,46.07765395022697,0.3839804495852247,0.5788003765891842,1.0,5.08273381294964,834
mobility,traffic_speed_eps4.0,uniform,4.0,8,3,16.0,1,2,0.0,46.07765395022697,0.3839804495852247,0.5788003765891842,1.0,5.08273381294964,834
mobility,traffic_speed_eps4.0,uniform,4.0,8,4,,1,2,0.0,45.1062674042408,0.3758855617020067,0.8097741485711284,1.0,5.212871287128713,808
mobility,traffic_speed_eps4.0,uniform,4.0,8,4,4.0,1,2,0.0,57.37151034496206,0.4780959195413505,0.785642037182302,1.0,5.212871287128713,808
mobility,traffic_speed_eps4.0,uniform,4.0,8,4,8.0,1,2,0.0,45.11117133620772,0.37592642780173097,0.8097741485711284,1.0,5.212871287128713,808
mobility,traffic_speed_eps4.0,uniform,4.0,8,4,16.0,1,2,0.0,45.1062674042408,0.3758855617020067,0.8097741485711284,1.0,5.212871287128713,808
mobility,traffic_speed_eps4.0,uniform,4.0,8,6,,1,2,0.0,32.14628916367307,0.2678857430306089,0.73983372264892,1.0,7.462925851703407,499
mobility,traffic_speed_eps4.0,uniform,4.0,8,6,8.0,1,2,0.0,33.35842337159836,0.27798686142998635,0.7497429847390588,1.0,7.462925851703407,499
mobility,traffic_speed_eps4.0,uniform,4.0,8,6,16.0,1,2,0.0,32.14628916367307,0.2678857430306089,0.73983372264892,1.0,7.462925851703407,499
mobility,traffic_speed_eps4.0,uniform,4.0,8,1,,1,4,0.0,46.07765395022697,0.3839804495852247,0.5788003765891842,1.0,5.08273381294964,834
mobility,traffic_speed_eps4.0,uniform,4.0,8,1,4.0,1,4,0.0,57.62491709856012,0.48020764248800096,0.7915055633026945,1.0,5.08273381294964,834
mobility,traffic_speed_eps4.0,uniform,4.0,8,1,8.0,1,4,0.0,46.07765395022697,0.3839804495852247,0.5788003765891842,1.0,5.08273381294964,834
mobility,traffic_speed_eps4.0,uniform,4.0,8,1,16.0,1,4,0.0,46.07765395022697,0.3839804495852247,0.5788003765891842,1.0,5.08273381294964,834
mobility,traffic_speed_eps4.0,uniform,4.0,8,2,,1,4,0.0,46.07765395022697,0.3839804495852247,0.5788003765891842,1.0,5.08273381294964,834
mobility,traffic_speed_eps4.0,uniform,4.0,8,2,4.0,1,4,0.0,57.62491709856012,0.48020764248800096,0.7915055633026945,1.0,5.08273381294964,834
mobility,traffic_speed_eps4.0,uniform,4.0,8,2,8.0,1,4,0.0,46.07765395022697,0.3839804495852247,0.5788003765891842,1.0,5.08273381294964,834
mobility,traffic_speed_eps4.0,uniform,4.0,8,2,16.0,1,4,0.0,46.07765395022697,0.3839804495852247,0.5788003765891842,1.0,5.08273381294964,834
mobility,traffic_speed_eps4.0,uniform,4.0,8,3,,1,4,0.0,46.07765395022697,0.3839804495852247,0.5788003765891842,1.0,5.08273381294964,834
mobility,traffic_speed_eps4.0,uniform,4.0,8,3,4.0,1,4,0.0,57.62491709856012,0.48020764248800096,0.7915055633026945,1.0,5.08273381294964,834
mobility,traffic_speed_eps4.0,uniform,4.0,8,3,8.0,1,4,0.0,46.07765395022697,0.3839804495852247,0.5788003765891842,1.0,5.08273381294964,834
mobility,traffic_speed_eps4.0,uniform,4.0,8,3,16.0,1,4,0.0,46.07765395022697,0.3839804495852247,0.5788003765891842,1.0,5.08273381294964,834
mobility,traffic_speed_eps4.0,uniform,4.0,8,4,,1,4,0.0,45.1062674042408,0.3758855617020067,0.8097741485711284,1.0,5.212871287128713,808
mobility,traffic_speed_eps4.0,uniform,4.0,8,4,4.0,1,4,0.0,57.37151034496206,0.4780959195413505,0.785642037182302,1.0,5.212871287128713,808
mobility,traffic_speed_eps4.0,uniform,4.0,8,4,8.0,1,4,0.0,45.11117133620772,0.37592642780173097,0.8097741485711284,1.0,5.212871287128713,808
mobility,traffic_speed_eps4.0,uniform,4.0,8,4,16.0,1,4,0.0,45.1062674042408,0.3758855617020067,0.8097741485711284,1.0,5.212871287128713,808
mobility,traffic_speed_eps4.0,uniform,4.0,8,6,,1,4,0.0,32.14628916367307,0.2678857430306089,0.73983372264892,1.0,7.462925851703407,499
mobility,traffic_speed_eps4.0,uniform,4.0,8,6,8.0,1,4,0.0,33.35842337159836,0.27798686142998635,0.7497429847390588,1.0,7.462925851703407,499
mobility,traffic_speed_eps4.0,uniform,4.0,8,6,16.0,1,4,0.0,32.14628916367307,0.2678857430306089,0.73983372264892,1.0,7.462925851703407,499
mobility,traffic_speed_eps4.0,uniform,4.0,8,1,,2,0,0.0,28.715624441720383,0.23929687034766986,0.551282868478398,1.0,8.57074340527578,417
mobility,traffic_speed_eps4.0,uniform,4.0,8,1,4.0,2,0,0.0,59.98098009596857,0.49984150079973805,0.7662425751686769,1.0,8.57074340527578,417
mobility,traffic_speed_eps4.0,uniform,4.0,8,1,8.0,2,0,0.0,31.22140877273768,0.26017840643948065,0.6575436838816934,1.0,8.57074340527578,417
mobility,traffic_speed_eps4.0,uniform,4.0,8,1,16.0,2,0,0.0,28.715624441720383,0.23929687034766986,0.551282868478398,1.0,8.57074340527578,417
mobility,traffic_speed_eps4.0,uniform,4.0,8,2,,2,0,0.0,28.715624441720383,0.23929687034766986,0.551282868478398,1.0,8.57074340527578,417
mobility,traffic_speed_eps4.0,uniform,4.0,8,2,4.0,2,0,0.0,59.98098009596857,0.49984150079973805,0.7662425751686769,1.0,8.57074340527578,417
mobility,traffic_speed_eps4.0,uniform,4.0,8,2,8.0,2,0,0.0,31.22140877273768,0.26017840643948065,0.6575436838816934,1.0,8.57074340527578,417
mobility,traffic_speed_eps4.0,uniform,4.0,8,2,16.0,2,0,0.0,28.715624441720383,0.23929687034766986,0.551282868478398,1.0,8.57074340527578,417
mobility,traffic_speed_eps4.0,uniform,4.0,8,3,,2,0,0.0,28.715624441720383,0.23929687034766986,0.551282868478398,1.0,8.57074340527578,417
mobility,traffic_speed_eps4.0,uniform,4.0,8,3,4.0,2,0,0.0,59.98098009596857,0.49984150079973805,0.7662425751686769,1.0,8.57074340527578,417
mobility,traffic_speed_eps4.0,uniform,4.0,8,3,8.0,2,0,0.0,31.22140877273768,0.26017840643948065,0.6575436838816934,1.0,8.57074340527578,417
mobility,traffic_speed_eps4.0,uniform,4.0,8,3,16.0,2,0,0.0,28.715624441720383,0.23929687034766986,0.551282868478398,1.0,8.57074340527578,417
mobility,traffic_speed_eps4.0,uniform,4.0,8,4,,2,0,0.0,28.715624441720383,0.23929687034766986,0.551282868478398,1.0,8.57074340527578,417
mobility,traffic_speed_eps4.0,uniform,4.0,8,4,4.0,2,0,0.0,59.98098009596857,0.49984150079973805,0.7662425751686769,1.0,8.57074340527578,417
mobility,traffic_speed_eps4.0,uniform,4.0,8,4,8.0,2,0,0.0,31.22140877273768,0.26017840643948065,0.6575436838816934,1.0,8.57074340527578,417
mobility,traffic_speed_eps4.0,uniform,4.0,8,4,16.0,2,0,0.0,28.715624441720383,0.23929687034766986,0.551282868478398,1.0,8.57074340527578,417
mobility,traffic_speed_eps4.0,uniform,4.0,8,6,,2,0,0.0,28.715624441720383,0.23929687034766986,0.551282868478398,1.0,8.57074340527578,417
mobility,traffic_speed_eps4.0,uniform,4.0,8,6,8.0,2,0,0.0,31.22140877273768,0.26017840643948065,0.6575436838816934,1.0,8.57074340527578,417
mobility,traffic_speed_eps4.0,uniform,4.0,8,6,16.0,2,0,0.0,28.715624441720383,0.23929687034766986,0.551282868478398,1.0,8.57074340527578,417
mobility,traffic_speed_eps4.0,uniform,4.0,8,1,,2,2,0.0,28.715624441720383,0.23929687034766986,0.551282868478398,1.0,8.57074340527578,417
mobility,traffic_speed_eps4.0,uniform,4.0,8,1,4.0,2,2,0.0,59.98098009596857,0.49984150079973805,0.7662425751686769,1.0,8.57074340527578,417
mobility,traffic_speed_eps4.0,uniform,4.0,8,1,8.0,2,2,0.0,31.22140877273768,0.26017840643948065,0.6575436838816934,1.0,8.57074340527578,417
mobility,traffic_speed_eps4.0,uniform,4.0,8,1,16.0,2,2,0.0,28.715624441720383,0.23929687034766986,0.551282868478398,1.0,8.57074340527578,417
mobility,traffic_speed_eps4.0,uniform,4.0,8,2,,2,2,0.0,28.715624441720383,0.23929687034766986,0.551282868478398,1.0,8.57074340527578,417
mobility,traffic_speed_eps4.0,uniform,4.0,8,2,4.0,2,2,0.0,59.98098009596857,0.49984150079973805,0.7662425751686769,1.0,8.57074340527578,417
mobility,traffic_speed_eps4.0,uniform,4.0,8,2,8.0,2,2,0.0,31.22140877273768,0.26017840643948065,0.6575436838816934,1.0,8.57074340527578,417
mobility,traffic_speed_eps4.0,uniform,4.0,8,2,16.0,2,2,0.0,28.715624441720383,0.23929687034766986,0.551282868478398,1.0,8.57074340527578,417
mobility,traffic_speed_eps4.0,uniform,4.0,8,3,,2,2,0.0,28.715624441720383,0.23929687034766986,0.551282868478398,1.0,8.57074340527578,417
mobility,traffic_speed_eps4.0,uniform,4.0,8,3,4.0,2,2,0.0,59.98098009596857,0.49984150079973805,0.7662425751686769,1.0,8.57074340527578,417
mobility,traffic_speed_eps4.0,uniform,4.0,8,3,8.0,2,2,0.0,31.22140877273768,0.26017840643948065,0.6575436838816934,1.0,8.57074340527578,417
mobility,traffic_speed_eps4.0,uniform,4.0,8,3,16.0,2,2,0.0,28.715624441720383,0.23929687034766986,0.551282868478398,1.0,8.57074340527578,417
mobility,traffic_speed_eps4.0,uniform,4.0,8,4,,2,2,0.0,28.715624441720383,0.23929687034766986,0.551282868478398,1.0,8.57074340527578,417
mobility,traffic_speed_eps4.0,uniform,4.0,8,4,4.0,2,2,0.0,59.98098009596857,0.49984150079973805,0.7662425751686769,1.0,8.57074340527578,417
mobility,traffic_speed_eps4.0,uniform,4.0,8,4,8.0,2,2,0.0,31.22140877273768,0.26017840643948065,0.6575436838816934,1.0,8.57074340527578,417
mobility,traffic_speed_eps4.0,uniform,4.0,8,4,16.0,2,2,0.0,28.715624441720383,0.23929687034766986,0.551282868478398,1.0,8.57074340527578,417
mobility,traffic_speed_eps4.0,uniform,4.0,8,6,,2,2,0.0,28.642893996026125,0.2386907833002177,0.3529729607969132,1.0,8.624697336561743,413
mobility,traffic_speed_eps4.0,uniform,4.0,8,6,8.0,2,2,0.0,31.176104195623658,0.25980086829686383,0.3875766907415404,1.0,8.624697336561743,413
mobility,traffic_speed_eps4.0,uniform,4.0,8,6,16.0,2,2,0.0,28.642893996026125,0.2386907833002177,0.3529729607969132,1.0,8.624697336561743,413
mobility,traffic_speed_eps4.0,uniform,4.0,8,1,,2,4,0.0,28.715624441720383,0.23929687034766986,0.551282868478398,1.0,8.57074340527578,417
mobility,traffic_speed_eps4.0,uniform,4.0,8,1,4.0,2,4,0.0,59.98098009596857,0.49984150079973805,0.7662425751686769,1.0,8.57074340527578,417
mobility,traffic_speed_eps4.0,uniform,4.0,8,1,8.0,2,4,0.0,31.22140877273768,0.26017840643948065,0.6575436838816934,1.0,8.57074340527578,417
mobility,traffic_speed_eps4.0,uniform,4.0,8,1,16.0,2,4,0.0,28.715624441720383,0.23929687034766986,0.551282868478398,1.0,8.57074340527578,417
mobility,traffic_speed_eps4.0,uniform,4.0,8,2,,2,4,0.0,28.715624441720383,0.23929687034766986,0.551282868478398,1.0,8.57074340527578,417
mobility,traffic_speed_eps4.0,uniform,4.0,8,2,4.0,2,4,0.0,59.98098009596857,0.49984150079973805,0.7662425751686769,1.0,8.57074340527578,417
mobility,traffic_speed_eps4.0,uniform,4.0,8,2,8.0,2,4,0.0,31.22140877273768,0.26017840643948065,0.6575436838816934,1.0,8.57074340527578,417
mobility,traffic_speed_eps4.0,uniform,4.0,8,2,16.0,2,4,0.0,28.715624441720383,0.23929687034766986,0.551282868478398,1.0,8.57074340527578,417
mobility,traffic_speed_eps4.0,uniform,4.0,8,3,,2,4,0.0,28.715624441720383,0.23929687034766986,0.551282868478398,1.0,8.57074340527578,417
mobility,traffic_speed_eps4.0,uniform,4.0,8,3,4.0,2,4,0.0,59.98098009596857,0.49984150079973805,0.7662425751686769,1.0,8.57074340527578,417
mobility,traffic_speed_eps4.0,uniform,4.0,8,3,8.0,2,4,0.0,31.22140877273768,0.26017840643948065,0.6575436838816934,1.0,8.57074340527578,417
mobility,traffic_speed_eps4.0,uniform,4.0,8,3,16.0,2,4,0.0,28.715624441720383,0.23929687034766986,0.551282868478398,1.0,8.57074340527578,417
mobility,traffic_speed_eps4.0,uniform,4.0,8,4,,2,4,0.0,28.715624441720383,0.23929687034766986,0.551282868478398,1.0,8.57074340527578,417
mobility,traffic_speed_eps4.0,uniform,4.0,8,4,4.0,2,4,0.0,59.98098009596857,0.49984150079973805,0.7662425751686769,1.0,8.57074340527578,417
mobility,traffic_speed_eps4.0,uniform,4.0,8,4,8.0,2,4,0.0,31.22140877273768,0.26017840643948065,0.6575436838816934,1.0,8.57074340527578,417
mobility,traffic_speed_eps4.0,uniform,4.0,8,4,16.0,2,4,0.0,28.715624441720383,0.23929687034766986,0.551282868478398,1.0,8.57074340527578,417
mobility,traffic_speed_eps4.0,uniform,4.0,8,6,,2,4,0.0,28.642893996026125,0.2386907833002177,0.3529729607969132,1.0,8.624697336561743,413
mobility,traffic_speed_eps4.0,uniform,4.0,8,6,8.0,2,4,0.0,31.176104195623658,0.25980086829686383,0.3875766907415404,1.0,8.624697336561743,413
mobility,traffic_speed_eps4.0,uniform,4.0,8,6,16.0,2,4,0.0,28.642893996026125,0.2386907833002177,0.3529729607969132,1.0,8.624697336561743,413
mobility,traffic_speed_eps4.0,uniform,4.0,8,1,,4,0,0.0,19.974713664121897,0.1664559472010158,0.6877916827513206,1.0,12.44976076555024,209
mobility,traffic_speed_eps4.0,uniform,4.0,8,1,4.0,4,0,0.0,60.552403852062895,0.5046033654338574,0.7797168740397172,1.0,12.44976076555024,209
mobility,traffic_speed_eps4.0,uniform,4.0,8,1,8.0,4,0,0.0,30.28447419410934,0.2523706182842445,0.7370632678585235,1.0,12.44976076555024,209
mobility,traffic_speed_eps4.0,uniform,4.0,8,1,16.0,4,0,0.0,19.974713664121897,0.1664559472010158,0.6877916827513206,1.0,12.44976076555024,209
mobility,traffic_speed_eps4.0,uniform,4.0,8,2,,4,0,0.0,19.974713664121897,0.1664559472010158,0.6877916827513206,1.0,12.44976076555024,209
mobility,traffic_speed_eps4.0,uniform,4.0,8,2,4.0,4,0,0.0,60.552403852062895,0.5046033654338574,0.7797168740397172,1.0,12.44976076555024,209
mobility,traffic_speed_eps4.0,uniform,4.0,8,2,8.0,4,0,0.0,30.28447419410934,0.2523706182842445,0.7370632678585235,1.0,12.44976076555024,209
mobility,traffic_speed_eps4.0,uniform,4.0,8,2,16.0,4,0,0.0,19.974713664121897,0.1664559472010158,0.6877916827513206,1.0,12.44976076555024,209
mobility,traffic_speed_eps4.0,uniform,4.0,8,3,,4,0,0.0,19.974713664121897,0.1664559472010158,0.6877916827513206,1.0,12.44976076555024,209
mobility,traffic_speed_eps4.0,uniform,4.0,8,3,4.0,4,0,0.0,60.552403852062895,0.5046033654338574,0.7797168740397172,1.0,12.44976076555024,209
mobility,traffic_speed_eps4.0,uniform,4.0,8,3,8.0,4,0,0.0,30.28447419410934,0.2523706182842445,0.7370632678585235,1.0,12.44976076555024,209
mobility,traffic_speed_eps4.0,uniform,4.0,8,3,16.0,4,0,0.0,19.974713664121897,0.1664559472010158,0.6877916827513206,1.0,12.44976076555024,209
mobility,traffic_speed_eps4.0,uniform,4.0,8,4,,4,0,0.0,19.974713664121897,0.1664559472010158,0.6877916827513206,1.0,12.44976076555024,209
mobility,traffic_speed_eps4.0,uniform,4.0,8,4,4.0,4,0,0.0,60.552403852062895,0.5046033654338574,0.7797168740397172,1.0,12.44976076555024,209
mobility,traffic_speed_eps4.0,uniform,4.0,8,4,8.0,4,0,0.0,30.28447419410934,0.2523706182842445,0.7370632678585235,1.0,12.44976076555024,209
mobility,traffic_speed_eps4.0,uniform,4.0,8,4,16.0,4,0,0.0,19.974713664121897,0.1664559472010158,0.6877916827513206,1.0,12.44976076555024,209
mobility,traffic_speed_eps4.0,uniform,4.0,8,6,,4,0,0.0,19.974713664121897,0.1664559472010158,0.6877916827513206,1.0,12.44976076555024,209
mobility,traffic_speed_eps4.0,uniform,4.0,8,6,8.0,4,0,0.0,30.28447419410934,0.2523706182842445,0.7370632678585235,1.0,12.44976076555024,209
mobility,traffic_speed_eps4.0,uniform,4.0,8,6,16.0,4,0,0.0,19.974713664121897,0.1664559472010158,0.6877916827513206,1.0,12.44976076555024,209
mobility,traffic_speed_eps4.0,uniform,4.0,8,1,,4,2,0.0,19.974713664121897,0.1664559472010158,0.6877916827513206,1.0,12.44976076555024,209
mobility,traffic_speed_eps4.0,uniform,4.0,8,1,4.0,4,2,0.0,60.552403852062895,0.5046033654338574,0.7797168740397172,1.0,12.44976076555024,209
mobility,traffic_speed_eps4.0,uniform,4.0,8,1,8.0,4,2,0.0,30.28447419410934,0.2523706182842445,0.7370632678585235,1.0,12.44976076555024,209
mobility,traffic_speed_eps4.0,uniform,4.0,8,1,16.0,4,2,0.0,19.974713664121897,0.1664559472010158,0.6877916827513206,1.0,12.44976076555024,209
mobility,traffic_speed_eps4.0,uniform,4.0,8,2,,4,2,0.0,19.974713664121897,0.1664559472010158,0.6877916827513206,1.0,12.44976076555024,209
mobility,traffic_speed_eps4.0,uniform,4.0,8,2,4.0,4,2,0.0,60.552403852062895,0.5046033654338574,0.7797168740397172,1.0,12.44976076555024,209
mobility,traffic_speed_eps4.0,uniform,4.0,8,2,8.0,4,2,0.0,30.28447419410934,0.2523706182842445,0.7370632678585235,1.0,12.44976076555024,209
mobility,traffic_speed_eps4.0,uniform,4.0,8,2,16.0,4,2,0.0,19.974713664121897,0.1664559472010158,0.6877916827513206,1.0,12.44976076555024,209
mobility,traffic_speed_eps4.0,uniform,4.0,8,3,,4,2,0.0,19.974713664121897,0.1664559472010158,0.6877916827513206,1.0,12.44976076555024,209
mobility,traffic_speed_eps4.0,uniform,4.0,8,3,4.0,4,2,0.0,60.552403852062895,0.5046033654338574,0.7797168740397172,1.0,12.44976076555024,209
mobility,traffic_speed_eps4.0,uniform,4.0,8,3,8.0,4,2,0.0,30.28447419410934,0.2523706182842445,0.7370632678585235,1.0,12.44976076555024,209
mobility,traffic_speed_eps4.0,uniform,4.0,8,3,16.0,4,2,0.0,19.974713664121897,0.1664559472010158,0.6877916827513206,1.0,12.44976076555024,209
mobility,traffic_speed_eps4.0,uniform,4.0,8,4,,4,2,0.0,19.974713664121897,0.1664559472010158,0.6877916827513206,1.0,12.44976076555024,209
mobility,traffic_speed_eps4.0,uniform,4.0,8,4,4.0,4,2,0.0,60.552403852062895,0.5046033654338574,0.7797168740397172,1.0,12.44976076555024,209
mobility,traffic_speed_eps4.0,uniform,4.0,8,4,8.0,4,2,0.0,30.28447419410934,0.2523706182842445,0.7370632678585235,1.0,12.44976076555024,209
mobility,traffic_speed_eps4.0,uniform,4.0,8,4,16.0,4,2,0.0,19.974713664121897,0.1664559472010158,0.6877916827513206,1.0,12.44976076555024,209
mobility,traffic_speed_eps4.0,uniform,4.0,8,6,,4,2,0.0,19.974713664121897,0.1664559472010158,0.6877916827513206,1.0,12.44976076555024,209
mobility,traffic_speed_eps4.0,uniform,4.0,8,6,8.0,4,2,0.0,30.28447419410934,0.2523706182842445,0.7370632678585235,1.0,12.44976076555024,209
mobility,traffic_speed_eps4.0,uniform,4.0,8,6,16.0,4,2,0.0,19.974713664121897,0.1664559472010158,0.6877916827513206,1.0,12.44976076555024,209
mobility,traffic_speed_eps4.0,uniform,4.0,8,1,,4,4,0.0,19.974713664121897,0.1664559472010158,0.6877916827513206,1.0,12.44976076555024,209
mobility,traffic_speed_eps4.0,uniform,4.0,8,1,4.0,4,4,0.0,60.552403852062895,0.5046033654338574,0.7797168740397172,1.0,12.44976076555024,209
mobility,traffic_speed_eps4.0,uniform,4.0,8,1,8.0,4,4,0.0,30.28447419410934,0.2523706182842445,0.7370632678585235,1.0,12.44976076555024,209
mobility,traffic_speed_eps4.0,uniform,4.0,8,1,16.0,4,4,0.0,19.974713664121897,0.1664559472010158,0.6877916827513206,1.0,12.44976076555024,209
mobility,traffic_speed_eps4.0,uniform,4.0,8,2,,4,4,0.0,19.974713664121897,0.1664559472010158,0.6877916827513206,1.0,12.44976076555024,209
mobility,traffic_speed_eps4.0,uniform,4.0,8,2,4.0,4,4,0.0,60.552403852062895,0.5046033654338574,0.7797168740397172,1.0,12.44976076555024,209
mobility,traffic_speed_eps4.0,uniform,4.0,8,2,8.0,4,4,0.0,30.28447419410934,0.2523706182842445,0.7370632678585235,1.0,12.44976076555024,209
mobility,traffic_speed_eps4.0,uniform,4.0,8,2,16.0,4,4,0.0,19.974713664121897,0.1664559472010158,0.6877916827513206,1.0,12.44976076555024,209
mobility,traffic_speed_eps4.0,uniform,4.0,8,3,,4,4,0.0,19.974713664121897,0.1664559472010158,0.6877916827513206,1.0,12.44976076555024,209
mobility,traffic_speed_eps4.0,uniform,4.0,8,3,4.0,4,4,0.0,60.552403852062895,0.5046033654338574,0.7797168740397172,1.0,12.44976076555024,209
mobility,traffic_speed_eps4.0,uniform,4.0,8,3,8.0,4,4,0.0,30.28447419410934,0.2523706182842445,0.7370632678585235,1.0,12.44976076555024,209
mobility,traffic_speed_eps4.0,uniform,4.0,8,3,16.0,4,4,0.0,19.974713664121897,0.1664559472010158,0.6877916827513206,1.0,12.44976076555024,209
mobility,traffic_speed_eps4.0,uniform,4.0,8,4,,4,4,0.0,19.974713664121897,0.1664559472010158,0.6877916827513206,1.0,12.44976076555024,209
mobility,traffic_speed_eps4.0,uniform,4.0,8,4,4.0,4,4,0.0,60.552403852062895,0.5046033654338574,0.7797168740397172,1.0,12.44976076555024,209
mobility,traffic_speed_eps4.0,uniform,4.0,8,4,8.0,4,4,0.0,30.28447419410934,0.2523706182842445,0.7370632678585235,1.0,12.44976076555024,209
mobility,traffic_speed_eps4.0,uniform,4.0,8,4,16.0,4,4,0.0,19.974713664121897,0.1664559472010158,0.6877916827513206,1.0,12.44976076555024,209
mobility,traffic_speed_eps4.0,uniform,4.0,8,6,,4,4,0.0,19.974713664121897,0.1664559472010158,0.6877916827513206,1.0,12.44976076555024,209
mobility,traffic_speed_eps4.0,uniform,4.0,8,6,8.0,4,4,0.0,30.28447419410934,0.2523706182842445,0.7370632678585235,1.0,12.44976076555024,209
mobility,traffic_speed_eps4.0,uniform,4.0,8,6,16.0,4,4,0.0,19.974713664121897,0.1664559472010158,0.6877916827513206,1.0,12.44976076555024,209
mobility,traffic_speed_eps4.0,sample,4.0,8,1,,1,0,0.0,10.86300196395108,0.090525016366259,0.03610875581530777,0.12589928057553956,5.08273381294964,834
mobility,traffic_speed_eps4.0,sample,4.0,8,1,4.0,1,0,0.0,11.62780669459368,0.096898389121614,0.09936057783729096,0.12589928057553956,5.08273381294964,834
mobility,traffic_speed_eps4.0,sample,4.0,8,1,8.0,1,0,0.0,10.86300196395108,0.090525016366259,0.03610875581530777,0.12589928057553956,5.08273381294964,834
mobility,traffic_speed_eps4.0,sample,4.0,8,1,16.0,1,0,0.0,10.86300196395108,0.090525016366259,0.03610875581530777,0.12589928057553956,5.08273381294964,834
mobility,traffic_speed_eps4.0,sample,4.0,8,2,,1,0,0.0,10.86300196395108,0.090525016366259,0.03610875581530777,0.12589928057553956,5.08273381294964,834
mobility,traffic_speed_eps4.0,sample,4.0,8,2,4.0,1,0,0.0,11.62780669459368,0.096898389121614,0.09936057783729096,0.12589928057553956,5.08273381294964,834
mobility,traffic_speed_eps4.0,sample,4.0,8,2,8.0,1,0,0.0,10.86300196395108,0.090525016366259,0.03610875581530777,0.12589928057553956,5.08273381294964,834
mobility,traffic_speed_eps4.0,sample,4.0,8,2,16.0,1,0,0.0,10.86300196395108,0.090525016366259,0.03610875581530777,0.12589928057553956,5.08273381294964,834
mobility,traffic_speed_eps4.0,sample,4.0,8,3,,1,0,0.0,10.86300196395108,0.090525016366259,0.03610875581530777,0.12589928057553956,5.08273381294964,834
mobility,traffic_speed_eps4.0,sample,4.0,8,3,4.0,1,0,0.0,11.62780669459368,0.096898389121614,0.09936057783729096,0.12589928057553956,5.08273381294964,834
mobility,traffic_speed_eps4.0,sample,4.0,8,3,8.0,1,0,0.0,10.86300196395108,0.090525016366259,0.03610875581530777,0.12589928057553956,5.08273381294964,834
mobility,traffic_speed_eps4.0,sample,4.0,8,3,16.0,1,0,0.0,10.86300196395108,0.090525016366259,0.03610875581530777,0.12589928057553956,5.08273381294964,834
mobility,traffic_speed_eps4.0,sample,4.0,8,4,,1,0,0.0,10.86300196395108,0.090525016366259,0.03610875581530777,0.12589928057553956,5.08273381294964,834
mobility,traffic_speed_eps4.0,sample,4.0,8,4,4.0,1,0,0.0,11.62780669459368,0.096898389121614,0.09936057783729096,0.12589928057553956,5.08273381294964,834
mobility,traffic_speed_eps4.0,sample,4.0,8,4,8.0,1,0,0.0,10.86300196395108,0.090525016366259,0.03610875581530777,0.12589928057553956,5.08273381294964,834
mobility,traffic_speed_eps4.0,sample,4.0,8,4,16.0,1,0,0.0,10.86300196395108,0.090525016366259,0.03610875581530777,0.12589928057553956,5.08273381294964,834
mobility,traffic_speed_eps4.0,sample,4.0,8,6,,1,0,0.0,10.86300196395108,0.090525016366259,0.03610875581530777,0.12589928057553956,5.08273381294964,834
mobility,traffic_speed_eps4.0,sample,4.0,8,6,8.0,1,0,0.0,10.86300196395108,0.090525016366259,0.03610875581530777,0.12589928057553956,5.08273381294964,834
mobility,traffic_speed_eps4.0,sample,4.0,8,6,16.0,1,0,0.0,10.86300196395108,0.090525016366259,0.03610875581530777,0.12589928057553956,5.08273381294964,834
mobility,traffic_speed_eps4.0,sample,4.0,8,1,,1,2,0.0,10.86300196395108,0.090525016366259,0.03610875581530777,0.12589928057553956,5.08273381294964,834
mobility,traffic_speed_eps4.0,sample,4.0,8,1,4.0,1,2,0.0,11.62780669459368,0.096898389121614,0.09936057783729096,0.12589928057553956,5.08273381294964,834
mobility,traffic_speed_eps4.0,sample,4.0,8,1,8.0,1,2,0.0,10.86300196395108,0.090525016366259,0.03610875581530777,0.12589928057553956,5.08273381294964,834
mobility,traffic_speed_eps4.0,sample,4.0,8,1,16.0,1,2,0.0,10.86300196395108,0.090525016366259,0.03610875581530777,0.12589928057553956,5.08273381294964,834
mobility,traffic_speed_eps4.0,sample,4.0,8,2,,1,2,0.0,10.86300196395108,0.090525016366259,0.03610875581530777,0.12589928057553956,5.08273381294964,834
mobility,traffic_speed_eps4.0,sample,4.0,8,2,4.0,1,2,0.0,11.62780669459368,0.096898389121614,0.09936057783729096,0.12589928057553956,5.08273381294964,834
mobility,traffic_speed_eps4.0,sample,4.0,8,2,8.0,1,2,0.0,10.86300196395108,0.090525016366259,0.03610875581530777,0.12589928057553956,5.08273381294964,834
mobility,traffic_speed_eps4.0,sample,4.0,8,2,16.0,1,2,0.0,10.86300196395108,0.090525016366259,0.03610875581530777,0.12589928057553956,5.08273381294964,834
mobility,traffic_speed_eps4.0,sample,4.0,8,3,,1,2,0.0,10.86300196395108,0.090525016366259,0.03610875581530777,0.12589928057553956,5.08273381294964,834
mobility,traffic_speed_eps4.0,sample,4.0,8,3,4.0,1,2,0.0,11.62780669459368,0.096898389121614,0.09936057783729096,0.12589928057553956,5.08273381294964,834
mobility,traffic_speed_eps4.0,sample,4.0,8,3,8.0,1,2,0.0,10.86300196395108,0.090525016366259,0.03610875581530777,0.12589928057553956,5.08273381294964,834
mobility,traffic_speed_eps4.0,sample,4.0,8,3,16.0,1,2,0.0,10.86300196395108,0.090525016366259,0.03610875581530777,0.12589928057553956,5.08273381294964,834
mobility,traffic_speed_eps4.0,sample,4.0,8,4,,1,2,0.0,11.184361500630477,0.09320301250525397,0.04492363141139932,0.125,5.212871287128713,808
mobility,traffic_speed_eps4.0,sample,4.0,8,4,4.0,1,2,0.0,11.966197230145607,0.09971831025121339,0.06042777340050402,0.125,5.212871287128713,808
mobility,traffic_speed_eps4.0,sample,4.0,8,4,8.0,1,2,0.0,11.184768057068228,0.09320640047556857,0.04492363141139932,0.125,5.212871287128713,808
mobility,traffic_speed_eps4.0,sample,4.0,8,4,16.0,1,2,0.0,11.184361500630477,0.09320301250525397,0.04492363141139932,0.125,5.212871287128713,808
mobility,traffic_speed_eps4.0,sample,4.0,8,6,,1,2,0.0,8.34865761095473,0.06957214675795607,0.08796700611005967,0.12625250501002003,7.462925851703407,499
mobility,traffic_speed_eps4.0,sample,4.0,8,6,8.0,1,2,0.0,8.426561424020804,0.07022134520017337,0.09579759744612565,0.12625250501002003,7.462925851703407,499
mobility,traffic_speed_eps4.0,sample,4.0,8,6,16.0,1,2,0.0,8.34865761095473,0.06957214675795607,0.08796700611005967,0.12625250501002003,7.462925851703407,499
mobility,traffic_speed_eps4.0,sample,4.0,8,1,,1,4,0.0,10.86300196395108,0.090525016366259,0.03610875581530777,0.12589928057553956,5.08273381294964,834
mobility,traffic_speed_eps4.0,sample,4.0,8,1,4.0,1,4,0.0,11.62780669459368,0.096898389121614,0.09936057783729096,0.12589928057553956,5.08273381294964,834
mobility,traffic_speed_eps4.0,sample,4.0,8,1,8.0,1,4,0.0,10.86300196395108,0.090525016366259,0.03610875581530777,0.12589928057553956,5.08273381294964,834
mobility,traffic_speed_eps4.0,sample,4.0,8,1,16.0,1,4,0.0,10.86300196395108,0.090525016366259,0.03610875581530777,0.12589928057553956,5.08273381294964,834
mobility,traffic_speed_eps4.0,sample,4.0,8,2,,1,4,0.0,10.86300196395108,0.090525016366259,0.03610875581530777,0.12589928057553956,5.08273381294964,834
mobility,traffic_speed_eps4.0,sample,4.0,8,2,4.0,1,4,0.0,11.62780669459368,0.096898389121614,0.09936057783729096,0.12589928057553956,5.08273381294964,834
mobility,traffic_speed_eps4.0,sample,4.0,8,2,8.0,1,4,0.0,10.86300196395108,0.090525016366259,0.03610875581530777,0.12589928057553956,5.08273381294964,834
mobility,traffic_speed_eps4.0,sample,4.0,8,2,16.0,1,4,0.0,10.86300196395108,0.090525016366259,0.03610875581530777,0.12589928057553956,5.08273381294964,834
mobility,traffic_speed_eps4.0,sample,4.0,8,3,,1,4,0.0,10.86300196395108,0.090525016366259,0.03610875581530777,0.12589928057553956,5.08273381294964,834
mobility,traffic_speed_eps4.0,sample,4.0,8,3,4.0,1,4,0.0,11.62780669459368,0.096898389121614,0.09936057783729096,0.12589928057553956,5.08273381294964,834
mobility,traffic_speed_eps4.0,sample,4.0,8,3,8.0,1,4,0.0,10.86300196395108,0.090525016366259,0.03610875581530777,0.12589928057553956,5.08273381294964,834
mobility,traffic_speed_eps4.0,sample,4.0,8,3,16.0,1,4,0.0,10.86300196395108,0.090525016366259,0.03610875581530777,0.12589928057553956,5.08273381294964,834
mobility,traffic_speed_eps4.0,sample,4.0,8,4,,1,4,0.0,11.184361500630477,0.09320301250525397,0.04492363141139932,0.125,5.212871287128713,808
mobility,traffic_speed_eps4.0,sample,4.0,8,4,4.0,1,4,0.0,11.966197230145607,0.09971831025121339,0.06042777340050402,0.125,5.212871287128713,808
mobility,traffic_speed_eps4.0,sample,4.0,8,4,8.0,1,4,0.0,11.184768057068228,0.09320640047556857,0.04492363141139932,0.125,5.212871287128713,808
mobility,traffic_speed_eps4.0,sample,4.0,8,4,16.0,1,4,0.0,11.184361500630477,0.09320301250525397,0.04492363141139932,0.125,5.212871287128713,808
mobility,traffic_speed_eps4.0,sample,4.0,8,6,,1,4,0.0,8.34865761095473,0.06957214675795607,0.08796700611005967,0.12625250501002003,7.462925851703407,499
mobility,traffic_speed_eps4.0,sample,4.0,8,6,8.0,1,4,0.0,8.426561424020804,0.07022134520017337,0.09579759744612565,0.12625250501002003,7.462925851703407,499
mobility,traffic_speed_eps4.0,sample,4.0,8,6,16.0,1,4,0.0,8.34865761095473,0.06957214675795607,0.08796700611005967,0.12625250501002003,7.462925851703407,499
mobility,traffic_speed_eps4.0,sample,4.0,8,1,,2,0,0.0,7.29615794080185,0.060801316173348746,0.14904069111746693,0.12709832134292565,8.57074340527578,417
mobility,traffic_speed_eps4.0,sample,4.0,8,1,4.0,2,0,0.0,9.642467177857029,0.08035389314880857,0.23203072915995168,0.12709832134292565,8.57074340527578,417
mobility,traffic_speed_eps4.0,sample,4.0,8,1,8.0,2,0,0.0,7.449686444835292,0.062080720373627434,0.12189409812412773,0.12709832134292565,8.57074340527578,417
mobility,traffic_speed_eps4.0,sample,4.0,8,1,16.0,2,0,0.0,7.29615794080185,0.060801316173348746,0.14904069111746693,0.12709832134292565,8.57074340527578,417
mobility,traffic_speed_eps4.0,sample,4.0,8,2,,2,0,0.0,7.29615794080185,0.060801316173348746,0.14904069111746693,0.12709832134292565,8.57074340527578,417
mobility,traffic_speed_eps4.0,sample,4.0,8,2,4.0,2,0,0.0,9.642467177857029,0.08035389314880857,0.23203072915995168,0.12709832134292565,8.57074340527578,417
mobility,traffic_speed_eps4.0,sample,4.0,8,2,8.0,2,0,0.0,7.449686444835292,0.062080720373627434,0.12189409812412773,0.12709832134292565,8.57074340527578,417
mobility,traffic_speed_eps4.0,sample,4.0,8,2,16.0,2,0,0.0,7.29615794080185,0.060801316173348746,0.14904069111746693,0.12709832134292565,8.57074340527578,417
mobility,traffic_speed_eps4.0,sample,4.0,8,3,,2,0,0.0,7.29615794080185,0.060801316173348746,0.14904069111746693,0.12709832134292565,8.57074340527578,417
mobility,traffic_speed_eps4.0,sample,4.0,8,3,4.0,2,0,0.0,9.642467177857029,0.08035389314880857,0.23203072915995168,0.12709832134292565,8.57074340527578,417
mobility,traffic_speed_eps4.0,sample,4.0,8,3,8.0,2,0,0.0,7.449686444835292,0.062080720373627434,0.12189409812412773,0.12709832134292565,8.57074340527578,417
mobility,traffic_speed_eps4.0,sample,4.0,8,3,16.0,2,0,0.0,7.29615794080185,0.060801316173348746,0.14904069111746693,0.12709832134292565,8.57074340527578,417
mobility,traffic_speed_eps4.0,sample,4.0,8,4,,2,0,0.0,7.29615794080185,0.060801316173348746,0.14904069111746693,0.12709832134292565,8.57074340527578,417
mobility,traffic_speed_eps4.0,sample,4.0,8,4,4.0,2,0,0.0,9.642467177857029,0.08035389314880857,0.23203072915995168,0.12709832134292565,8.57074340527578,417
mobility,traffic_speed_eps4.0,sample,4.0,8,4,8.0,2,0,0.0,7.449686444835292,0.062080720373627434,0.12189409812412773,0.12709832134292565,8.57074340527578,417
mobility,traffic_speed_eps4.0,sample,4.0,8,4,16.0,2,0,0.0,7.29615794080185,0.060801316173348746,0.14904069111746693,0.12709832134292565,8.57074340527578,417
mobility,traffic_speed_eps4.0,sample,4.0,8,6,,2,0,0.0,7.29615794080185,0.060801316173348746,0.14904069111746693,0.12709832134292565,8.57074340527578,417
mobility,traffic_speed_eps4.0,sample,4.0,8,6,8.0,2,0,0.0,7.449686444835292,0.062080720373627434,0.12189409812412773,0.12709832134292565,8.57074340527578,417
mobility,traffic_speed_eps4.0,sample,4.0,8,6,16.0,2,0,0.0,7.29615794080185,0.060801316173348746,0.14904069111746693,0.12709832134292565,8.57074340527578,417
mobility,traffic_speed_eps4.0,sample,4.0,8,1,,2,2,0.0,7.29615794080185,0.060801316173348746,0.14904069111746693,0.12709832134292565,8.57074340527578,417
mobility,traffic_speed_eps4.0,sample,4.0,8,1,4.0,2,2,0.0,9.642467177857029,0.08035389314880857,0.23203072915995168,0.12709832134292565,8.57074340527578,417
mobility,traffic_speed_eps4.0,sample,4.0,8,1,8.0,2,2,0.0,7.449686444835292,0.062080720373627434,0.12189409812412773,0.12709832134292565,8.57074340527578,417
mobility,traffic_speed_eps4.0,sample,4.0,8,1,16.0,2,2,0.0,7.29615794080185,0.060801316173348746,0.14904069111746693,0.12709832134292565,8.57074340527578,417
mobility,traffic_speed_eps4.0,sample,4.0,8,2,,2,2,0.0,7.29615794080185,0.060801316173348746,0.14904069111746693,0.12709832134292565,8.57074340527578,417
mobility,traffic_speed_eps4.0,sample,4.0,8,2,4.0,2,2,0.0,9.642467177857029,0.08035389314880857,0.23203072915995168,0.12709832134292565,8.57074340527578,417
mobility,traffic_speed_eps4.0,sample,4.0,8,2,8.0,2,2,0.0,7.449686444835292,0.062080720373627434,0.12189409812412773,0.12709832134292565,8.57074340527578,417
mobility,traffic_speed_eps4.0,sample,4.0,8,2,16.0,2,2,0.0,7.29615794080185,0.060801316173348746,0.14904069111746693,0.12709832134292565,8.57074340527578,417
mobility,traffic_speed_eps4.0,sample,4.0,8,3,,2,2,0.0,7.29615794080185,0.060801316173348746,0.14904069111746693,0.12709832134292565,8.57074340527578,417
mobility,traffic_speed_eps4.0,sample,4.0,8,3,4.0,2,2,0.0,9.642467177857029,0.08035389314880857,0.23203072915995168,0.12709832134292565,8.57074340527578,417
mobility,traffic_speed_eps4.0,sample,4.0,8,3,8.0,2,2,0.0,7.449686444835292,0.062080720373627434,0.12189409812412773,0.12709832134292565,8.57074340527578,417
mobility,traffic_speed_eps4.0,sample,4.0,8,3,16.0,2,2,0.0,7.29615794080185,0.060801316173348746,0.14904069111746693,0.12709832134292565,8.57074340527578,417
mobility,traffic_speed_eps4.0,sample,4.0,8,4,,2,2,0.0,7.29615794080185,0.060801316173348746,0.14904069111746693,0.12709832134292565,8.57074340527578,417
mobility,traffic_speed_eps4.0,sample,4.0,8,4,4.0,2,2,0.0,9.642467177857029,0.08035389314880857,0.23203072915995168,0.12709832134292565,8.57074340527578,417
mobility,traffic_speed_eps4.0,sample,4.0,8,4,8.0,2,2,0.0,7.449686444835292,0.062080720373627434,0.12189409812412773,0.12709832134292565,8.57074340527578,417
mobility,traffic_speed_eps4.0,sample,4.0,8,4,16.0,2,2,0.0,7.29615794080185,0.060801316173348746,0.14904069111746693,0.12709832134292565,8.57074340527578,417
mobility,traffic_speed_eps4.0,sample,4.0,8,6,,2,2,0.0,7.011934016940515,0.05843278347450429,0.1245781109658763,0.12590799031476999,8.624697336561743,413
mobility,traffic_speed_eps4.0,sample,4.0,8,6,8.0,2,2,0.0,7.2085423770141475,0.060071186475117895,0.19373468293740806,0.12590799031476999,8.624697336561743,413
mobility,traffic_speed_eps4.0,sample,4.0,8,6,16.0,2,2,0.0,7.011934016940515,0.05843278347450429,0.1245781109658763,0.12590799031476999,8.624697336561743,413
mobility,traffic_speed_eps4.0,sample,4.0,8,1,,2,4,0.0,7.29615794080185,0.060801316173348746,0.14904069111746693,0.12709832134292565,8.57074340527578,417
mobility,traffic_speed_eps4.0,sample,4.0,8,1,4.0,2,4,0.0,9.642467177857029,0.08035389314880857,0.23203072915995168,0.12709832134292565,8.57074340527578,417
mobility,traffic_speed_eps4.0,sample,4.0,8,1,8.0,2,4,0.0,7.449686444835292,0.062080720373627434,0.12189409812412773,0.12709832134292565,8.57074340527578,417
mobility,traffic_speed_eps4.0,sample,4.0,8,1,16.0,2,4,0.0,7.29615794080185,0.060801316173348746,0.14904069111746693,0.12709832134292565,8.57074340527578,417
mobility,traffic_speed_eps4.0,sample,4.0,8,2,,2,4,0.0,7.29615794080185,0.060801316173348746,0.14904069111746693,0.12709832134292565,8.57074340527578,417
mobility,traffic_speed_eps4.0,sample,4.0,8,2,4.0,2,4,0.0,9.642467177857029,0.08035389314880857,0.23203072915995168,0.12709832134292565,8.57074340527578,417
mobility,traffic_speed_eps4.0,sample,4.0,8,2,8.0,2,4,0.0,7.449686444835292,0.062080720373627434,0.12189409812412773,0.12709832134292565,8.57074340527578,417
mobility,traffic_speed_eps4.0,sample,4.0,8,2,16.0,2,4,0.0,7.29615794080185,0.060801316173348746,0.14904069111746693,0.12709832134292565,8.57074340527578,417
mobility,traffic_speed_eps4.0,sample,4.0,8,3,,2,4,0.0,7.29615794080185,0.060801316173348746,0.14904069111746693,0.12709832134292565,8.57074340527578,417
mobility,traffic_speed_eps4.0,sample,4.0,8,3,4.0,2,4,0.0,9.642467177857029,0.08035389314880857,0.23203072915995168,0.12709832134292565,8.57074340527578,417
mobility,traffic_speed_eps4.0,sample,4.0,8,3,8.0,2,4,0.0,7.449686444835292,0.062080720373627434,0.12189409812412773,0.12709832134292565,8.57074340527578,417
mobility,traffic_speed_eps4.0,sample,4.0,8,3,16.0,2,4,0.0,7.29615794080185,0.060801316173348746,0.14904069111746693,0.12709832134292565,8.57074340527578,417
mobility,traffic_speed_eps4.0,sample,4.0,8,4,,2,4,0.0,7.29615794080185,0.060801316173348746,0.14904069111746693,0.12709832134292565,8.57074340527578,417
mobility,traffic_speed_eps4.0,sample,4.0,8,4,4.0,2,4,0.0,9.642467177857029,0.08035389314880857,0.23203072915995168,0.12709832134292565,8.57074340527578,417
mobility,traffic_speed_eps4.0,sample,4.0,8,4,8.0,2,4,0.0,7.449686444835292,0.062080720373627434,0.12189409812412773,0.12709832134292565,8.57074340527578,417
mobility,traffic_speed_eps4.0,sample,4.0,8,4,16.0,2,4,0.0,7.29615794080185,0.060801316173348746,0.14904069111746693,0.12709832134292565,8.57074340527578,417
mobility,traffic_speed_eps4.0,sample,4.0,8,6,,2,4,0.0,7.011934016940515,0.05843278347450429,0.1245781109658763,0.12590799031476999,8.624697336561743,413
mobility,traffic_speed_eps4.0,sample,4.0,8,6,8.0,2,4,0.0,7.2085423770141475,0.060071186475117895,0.19373468293740806,0.12590799031476999,8.624697336561743,413
mobility,traffic_speed_eps4.0,sample,4.0,8,6,16.0,2,4,0.0,7.011934016940515,0.05843278347450429,0.1245781109658763,0.12590799031476999,8.624697336561743,413
mobility,traffic_speed_eps4.0,sample,4.0,8,1,,4,0,0.0,4.677202098552346,0.038976684154602884,0.07972950543620991,0.1291866028708134,12.44976076555024,209
mobility,traffic_speed_eps4.0,sample,4.0,8,1,4.0,4,0,0.0,7.3222155891402485,0.061018463242835407,0.1950688575723635,0.1291866028708134,12.44976076555024,209
mobility,traffic_speed_eps4.0,sample,4.0,8,1,8.0,4,0,0.0,5.113299346263398,0.042610827885528314,0.04172013289788786,0.1291866028708134,12.44976076555024,209
mobility,traffic_speed_eps4.0,sample,4.0,8,1,16.0,4,0,0.0,4.677202098552346,0.038976684154602884,0.07972950543620991,0.1291866028708134,12.44976076555024,209
mobility,traffic_speed_eps4.0,sample,4.0,8,2,,4,0,0.0,4.677202098552346,0.038976684154602884,0.07972950543620991,0.1291866028708134,12.44976076555024,209
mobility,traffic_speed_eps4.0,sample,4.0,8,2,4.0,4,0,0.0,7.3222155891402485,0.061018463242835407,0.1950688575723635,0.1291866028708134,12.44976076555024,209
mobility,traffic_speed_eps4.0,sample,4.0,8,2,8.0,4,0,0.0,5.113299346263398,0.042610827885528314,0.04172013289788786,0.1291866028708134,12.44976076555024,209
mobility,traffic_speed_eps4.0,sample,4.0,8,2,16.0,4,0,0.0,4.677202098552346,0.038976684154602884,0.07972950543620991,0.1291866028708134,12.44976076555024,209
mobility,traffic_speed_eps4.0,sample,4.0,8,3,,4,0,0.0,4.677202098552346,0.038976684154602884,0.07972950543620991,0.1291866028708134,12.44976076555024,209
mobility,traffic_speed_eps4.0,sample,4.0,8,3,4.0,4,0,0.0,7.3222155891402485,0.061018463242835407,0.1950688575723635,0.1291866028708134,12.44976076555024,209
mobility,traffic_speed_eps4.0,sample,4.0,8,3,8.0,4,0,0.0,5.113299346263398,0.042610827885528314,0.04172013289788786,0.1291866028708134,12.44976076555024,209
mobility,traffic_speed_eps4.0,sample,4.0,8,3,16.0,4,0,0.0,4.677202098552346,0.038976684154602884,0.07972950543620991,0.1291866028708134,12.44976076555024,209
mobility,traffic_speed_eps4.0,sample,4.0,8,4,,4,0,0.0,4.677202098552346,0.038976684154602884,0.07972950543620991,0.1291866028708134,12.44976076555024,209
mobility,traffic_speed_eps4.0,sample,4.0,8,4,4.0,4,0,0.0,7.3222155891402485,0.061018463242835407,0.1950688575723635,0.1291866028708134,12.44976076555024,209
mobility,traffic_speed_eps4.0,sample,4.0,8,4,8.0,4,0,0.0,5.113299346263398,0.042610827885528314,0.04172013289788786,0.1291866028708134,12.44976076555024,209
mobility,traffic_speed_eps4.0,sample,4.0,8,4,16.0,4,0,0.0,4.677202098552346,0.038976684154602884,0.07972950543620991,0.1291866028708134,12.44976076555024,209
mobility,traffic_speed_eps4.0,sample,4.0,8,6,,4,0,0.0,4.677202098552346,0.038976684154602884,0.07972950543620991,0.1291866028708134,12.44976076555024,209
mobility,traffic_speed_eps4.0,sample,4.0,8,6,8.0,4,0,0.0,5.113299346263398,0.042610827885528314,0.04172013289788786,0.1291866028708134,12.44976076555024,209
mobility,traffic_speed_eps4.0,sample,4.0,8,6,16.0,4,0,0.0,4.677202098552346,0.038976684154602884,0.07972950543620991,0.1291866028708134,12.44976076555024,209
mobility,traffic_speed_eps4.0,sample,4.0,8,1,,4,2,0.0,4.677202098552346,0.038976684154602884,0.07972950543620991,0.1291866028708134,12.44976076555024,209
mobility,traffic_speed_eps4.0,sample,4.0,8,1,4.0,4,2,0.0,7.3222155891402485,0.061018463242835407,0.1950688575723635,0.1291866028708134,12.44976076555024,209
mobility,traffic_speed_eps4.0,sample,4.0,8,1,8.0,4,2,0.0,5.113299346263398,0.042610827885528314,0.04172013289788786,0.1291866028708134,12.44976076555024,209
mobility,traffic_speed_eps4.0,sample,4.0,8,1,16.0,4,2,0.0,4.677202098552346,0.038976684154602884,0.07972950543620991,0.1291866028708134,12.44976076555024,209
mobility,traffic_speed_eps4.0,sample,4.0,8,2,,4,2,0.0,4.677202098552346,0.038976684154602884,0.07972950543620991,0.1291866028708134,12.44976076555024,209
mobility,traffic_speed_eps4.0,sample,4.0,8,2,4.0,4,2,0.0,7.3222155891402485,0.061018463242835407,0.1950688575723635,0.1291866028708134,12.44976076555024,209
mobility,traffic_speed_eps4.0,sample,4.0,8,2,8.0,4,2,0.0,5.113299346263398,0.042610827885528314,0.04172013289788786,0.1291866028708134,12.44976076555024,209
mobility,traffic_speed_eps4.0,sample,4.0,8,2,16.0,4,2,0.0,4.677202098552346,0.038976684154602884,0.07972950543620991,0.1291866028708134,12.44976076555024,209
mobility,traffic_speed_eps4.0,sample,4.0,8,3,,4,2,0.0,4.677202098552346,0.038976684154602884,0.07972950543620991,0.1291866028708134,12.44976076555024,209
mobility,traffic_speed_eps4.0,sample,4.0,8,3,4.0,4,2,0.0,7.3222155891402485,0.061018463242835407,0.1950688575723635,0.1291866028708134,12.44976076555024,209
mobility,traffic_speed_eps4.0,sample,4.0,8,3,8.0,4,2,0.0,5.113299346263398,0.042610827885528314,0.04172013289788786,0.1291866028708134,12.44976076555024,209
mobility,traffic_speed_eps4.0,sample,4.0,8,3,16.0,4,2,0.0,4.677202098552346,0.038976684154602884,0.07972950543620991,0.1291866028708134,12.44976076555024,209
mobility,traffic_speed_eps4.0,sample,4.0,8,4,,4,2,0.0,4.677202098552346,0.038976684154602884,0.07972950543620991,0.1291866028708134,12.44976076555024,209
mobility,traffic_speed_eps4.0,sample,4.0,8,4,4.0,4,2,0.0,7.3222155891402485,0.061018463242835407,0.1950688575723635,0.1291866028708134,12.44976076555024,209
mobility,traffic_speed_eps4.0,sample,4.0,8,4,8.0,4,2,0.0,5.113299346263398,0.042610827885528314,0.04172013289788786,0.1291866028708134,12.44976076555024,209
mobility,traffic_speed_eps4.0,sample,4.0,8,4,16.0,4,2,0.0,4.677202098552346,0.038976684154602884,0.07972950543620991,0.1291866028708134,12.44976076555024,209
mobility,traffic_speed_eps4.0,sample,4.0,8,6,,4,2,0.0,4.677202098552346,0.038976684154602884,0.07972950543620991,0.1291866028708134,12.44976076555024,209
mobility,traffic_speed_eps4.0,sample,4.0,8,6,8.0,4,2,0.0,5.113299346263398,0.042610827885528314,0.04172013289788786,0.1291866028708134,12.44976076555024,209
mobility,traffic_speed_eps4.0,sample,4.0,8,6,16.0,4,2,0.0,4.677202098552346,0.038976684154602884,0.07972950543620991,0.1291866028708134,12.44976076555024,209
mobility,traffic_speed_eps4.0,sample,4.0,8,1,,4,4,0.0,4.677202098552346,0.038976684154602884,0.07972950543620991,0.1291866028708134,12.44976076555024,209
mobility,traffic_speed_eps4.0,sample,4.0,8,1,4.0,4,4,0.0,7.3222155891402485,0.061018463242835407,0.1950688575723635,0.1291866028708134,12.44976076555024,209
mobility,traffic_speed_eps4.0,sample,4.0,8,1,8.0,4,4,0.0,5.113299346263398,0.042610827885528314,0.04172013289788786,0.1291866028708134,12.44976076555024,209
mobility,traffic_speed_eps4.0,sample,4.0,8,1,16.0,4,4,0.0,4.677202098552346,0.038976684154602884,0.07972950543620991,0.1291866028708134,12.44976076555024,209
mobility,traffic_speed_eps4.0,sample,4.0,8,2,,4,4,0.0,4.677202098552346,0.038976684154602884,0.07972950543620991,0.1291866028708134,12.44976076555024,209
mobility,traffic_speed_eps4.0,sample,4.0,8,2,4.0,4,4,0.0,7.3222155891402485,0.061018463242835407,0.1950688575723635,0.1291866028708134,12.44976076555024,209
mobility,traffic_speed_eps4.0,sample,4.0,8,2,8.0,4,4,0.0,5.113299346263398,0.042610827885528314,0.04172013289788786,0.1291866028708134,12.44976076555024,209
mobility,traffic_speed_eps4.0,sample,4.0,8,2,16.0,4,4,0.0,4.677202098552346,0.038976684154602884,0.07972950543620991,0.1291866028708134,12.44976076555024,209
mobility,traffic_speed_eps4.0,sample,4.0,8,3,,4,4,0.0,4.677202098552346,0.038976684154602884,0.07972950543620991,0.1291866028708134,12.44976076555024,209
mobility,traffic_speed_eps4.0,sample,4.0,8,3,4.0,4,4,0.0,7.3222155891402485,0.061018463242835407,0.1950688575723635,0.1291866028708134,12.44976076555024,209
mobility,traffic_speed_eps4.0,sample,4.0,8,3,8.0,4,4,0.0,5.113299346263398,0.042610827885528314,0.04172013289788786,0.1291866028708134,12.44976076555024,209
mobility,traffic_speed_eps4.0,sample,4.0,8,3,16.0,4,4,0.0,4.677202098552346,0.038976684154602884,0.07972950543620991,0.1291866028708134,12.44976076555024,209
mobility,traffic_speed_eps4.0,sample,4.0,8,4,,4,4,0.0,4.677202098552346,0.038976684154602884,0.07972950543620991,0.1291866028708134,12.44976076555024,209
mobility,traffic_speed_eps4.0,sample,4.0,8,4,4.0,4,4,0.0,7.3222155891402485,0.061018463242835407,0.1950688575723635,0.1291866028708134,12.44976076555024,209
mobility,traffic_speed_eps4.0,sample,4.0,8,4,8.0,4,4,0.0,5.113299346263398,0.042610827885528314,0.04172013289788786,0.1291866028708134,12.44976076555024,209
mobility,traffic_speed_eps4.0,sample,4.0,8,4,16.0,4,4,0.0,4.677202098552346,0.038976684154602884,0.07972950543620991,0.1291866028708134,12.44976076555024,209
mobility,traffic_speed_eps4.0,sample,4.0,8,6,,4,4,0.0,4.677202098552346,0.038976684154602884,0.07972950543620991,0.1291866028708134,12.44976076555024,209
mobility,traffic_speed_eps4.0,sample,4.0,8,6,8.0,4,4,0.0,5.113299346263398,0.042610827885528314,0.04172013289788786,0.1291866028708134,12.44976076555024,209
mobility,traffic_speed_eps4.0,sample,4.0,8,6,16.0,4,4,0.0,4.677202098552346,0.038976684154602884,0.07972950543620991,0.1291866028708134,12.44976076555024,209
mobility,traffic_speed_eps4.0,budget_distribution,4.0,8,1,,1,0,0.0,77.74687759838666,0.6478906466532222,0.1492568437291318,0.6474820143884892,5.08273381294964,834
mobility,traffic_speed_eps4.0,budget_distribution,4.0,8,1,4.0,1,0,0.0,97.39777659131933,0.8116481382609944,0.5684691624056332,0.6474820143884892,5.08273381294964,834
mobility,traffic_speed_eps4.0,budget_distribution,4.0,8,1,8.0,1,0,0.0,77.74687759838666,0.6478906466532222,0.1492568437291318,0.6474820143884892,5.08273381294964,834
mobility,traffic_speed_eps4.0,budget_distribution,4.0,8,1,16.0,1,0,0.0,77.74687759838666,0.6478906466532222,0.1492568437291318,0.6474820143884892,5.08273381294964,834
mobility,traffic_speed_eps4.0,budget_distribution,4.0,8,2,,1,0,0.0,77.74687759838666,0.6478906466532222,0.1492568437291318,0.6474820143884892,5.08273381294964,834
mobility,traffic_speed_eps4.0,budget_distribution,4.0,8,2,4.0,1,0,0.0,97.39777659131933,0.8116481382609944,0.5684691624056332,0.6474820143884892,5.08273381294964,834
mobility,traffic_speed_eps4.0,budget_distribution,4.0,8,2,8.0,1,0,0.0,77.74687759838666,0.6478906466532222,0.1492568437291318,0.6474820143884892,5.08273381294964,834
mobility,traffic_speed_eps4.0,budget_distribution,4.0,8,2,16.0,1,0,0.0,77.74687759838666,0.6478906466532222,0.1492568437291318,0.6474820143884892,5.08273381294964,834
mobility,traffic_speed_eps4.0,budget_distribution,4.0,8,3,,1,0,0.0,77.74687759838666,0.6478906466532222,0.1492568437291318,0.6474820143884892,5.08273381294964,834
mobility,traffic_speed_eps4.0,budget_distribution,4.0,8,3,4.0,1,0,0.0,97.39777659131933,0.8116481382609944,0.5684691624056332,0.6474820143884892,5.08273381294964,834
mobility,traffic_speed_eps4.0,budget_distribution,4.0,8,3,8.0,1,0,0.0,77.74687759838666,0.6478906466532222,0.1492568437291318,0.6474820143884892,5.08273381294964,834
mobility,traffic_speed_eps4.0,budget_distribution,4.0,8,3,16.0,1,0,0.0,77.74687759838666,0.6478906466532222,0.1492568437291318,0.6474820143884892,5.08273381294964,834
mobility,traffic_speed_eps4.0,budget_distribution,4.0,8,4,,1,0,0.0,77.74687759838666,0.6478906466532222,0.1492568437291318,0.6474820143884892,5.08273381294964,834
mobility,traffic_speed_eps4.0,budget_distribution,4.0,8,4,4.0,1,0,0.0,97.39777659131933,0.8116481382609944,0.5684691624056332,0.6474820143884892,5.08273381294964,834
mobility,traffic_speed_eps4.0,budget_distribution,4.0,8,4,8.0,1,0,0.0,77.74687759838666,0.6478906466532222,0.1492568437291318,0.6474820143884892,5.08273381294964,834
mobility,traffic_speed_eps4.0,budget_distribution,4.0,8,4,16.0,1,0,0.0,77.74687759838666,0.6478906466532222,0.1492568437291318,0.6474820143884892,5.08273381294964,834
mobility,traffic_speed_eps4.0,budget_distribution,4.0,8,6,,1,0,0.0,77.74687759838666,0.6478906466532222,0.1492568437291318,0.6474820143884892,5.08273381294964,834
mobility,traffic_speed_eps4.0,budget_distribution,4.0,8,6,8.0,1,0,0.0,77.74687759838666,0.6478906466532222,0.1492568437291318,0.6474820143884892,5.08273381294964,834
mobility,traffic_speed_eps4.0,budget_distribution,4.0,8,6,16.0,1,0,0.0,77.74687759838666,0.6478906466532222,0.1492568437291318,0.6474820143884892,5.08273381294964,834
mobility,traffic_speed_eps4.0,budget_distribution,4.0,8,1,,1,2,0.0,77.74687759838666,0.6478906466532222,0.1492568437291318,0.6474820143884892,5.08273381294964,834
mobility,traffic_speed_eps4.0,budget_distribution,4.0,8,1,4.0,1,2,0.0,97.39777659131933,0.8116481382609944,0.5684691624056332,0.6474820143884892,5.08273381294964,834
mobility,traffic_speed_eps4.0,budget_distribution,4.0,8,1,8.0,1,2,0.0,77.74687759838666,0.6478906466532222,0.1492568437291318,0.6474820143884892,5.08273381294964,834
mobility,traffic_speed_eps4.0,budget_distribution,4.0,8,1,16.0,1,2,0.0,77.74687759838666,0.6478906466532222,0.1492568437291318,0.6474820143884892,5.08273381294964,834
mobility,traffic_speed_eps4.0,budget_distribution,4.0,8,2,,1,2,0.0,77.74687759838666,0.6478906466532222,0.1492568437291318,0.6474820143884892,5.08273381294964,834
mobility,traffic_speed_eps4.0,budget_distribution,4.0,8,2,4.0,1,2,0.0,97.39777659131933,0.8116481382609944,0.5684691624056332,0.6474820143884892,5.08273381294964,834
mobility,traffic_speed_eps4.0,budget_distribution,4.0,8,2,8.0,1,2,0.0,77.74687759838666,0.6478906466532222,0.1492568437291318,0.6474820143884892,5.08273381294964,834
mobility,traffic_speed_eps4.0,budget_distribution,4.0,8,2,16.0,1,2,0.0,77.74687759838666,0.6478906466532222,0.1492568437291318,0.6474820143884892,5.08273381294964,834
mobility,traffic_speed_eps4.0,budget_distribution,4.0,8,3,,1,2,0.0,77.74687759838666,0.6478906466532222,0.1492568437291318,0.6474820143884892,5.08273381294964,834
mobility,traffic_speed_eps4.0,budget_distribution,4.0,8,3,4.0,1,2,0.0,97.39777659131933,0.8116481382609944,0.5684691624056332,0.6474820143884892,5.08273381294964,834
mobility,traffic_speed_eps4.0,budget_distribution,4.0,8,3,8.0,1,2,0.0,77.74687759838666,0.6478906466532222,0.1492568437291318,0.6474820143884892,5.08273381294964,834
mobility,traffic_speed_eps4.0,budget_distribution,4.0,8,3,16.0,1,2,0.0,77.74687759838666,0.6478906466532222,0.1492568437291318,0.6474820143884892,5.08273381294964,834
mobility,traffic_speed_eps4.0,budget_distribution,4.0,8,4,,1,2,0.0,72.052586022907,0.6004382168575583,0.39000665471713947,0.6361386138613861,5.212871287128713,808
mobility,traffic_speed_eps4.0,budget_distribution,4.0,8,4,4.0,1,2,0.0,88.70001115863032,0.7391667596552527,0.3233777916443035,0.6646039603960396,5.212871287128713,808
mobility,traffic_speed_eps4.0,budget_distribution,4.0,8,4,8.0,1,2,0.0,72.052586022907,0.6004382168575583,0.39000665471713947,0.6361386138613861,5.212871287128713,808
mobility,traffic_speed_eps4.0,budget_distribution,4.0,8,4,16.0,1,2,0.0,72.052586022907,0.6004382168575583,0.39000665471713947,0.6361386138613861,5.212871287128713,808
mobility,traffic_speed_eps4.0,budget_distribution,4.0,8,6,,1,2,0.0,46.85329669939886,0.39044413916165716,0.30713974669242056,0.5871743486973948,7.462925851703407,499
mobility,traffic_speed_eps4.0,budget_distribution,4.0,8,6,8.0,1,2,0.0,48.77218391927719,0.4064348659939766,0.35496525258063366,0.5871743486973948,7.462925851703407,499
mobility,traffic_speed_eps4.0,budget_distribution,4.0,8,6,16.0,1,2,0.0,46.85329669939886,0.39044413916165716,0.30713974669242056,0.5871743486973948,7.462925851703407,499
mobility,traffic_speed_eps4.0,budget_distribution,4.0,8,1,,1,4,0.0,77.74687759838666,0.6478906466532222,0.1492568437291318,0.6474820143884892,5.08273381294964,834
mobility,traffic_speed_eps4.0,budget_distribution,4.0,8,1,4.0,1,4,0.0,97.39777659131933,0.8116481382609944,0.5684691624056332,0.6474820143884892,5.08273381294964,834
mobility,traffic_speed_eps4.0,budget_distribution,4.0,8,1,8.0,1,4,0.0,77.74687759838666,0.6478906466532222,0.1492568437291318,0.6474820143884892,5.08273381294964,834
mobility,traffic_speed_eps4.0,budget_distribution,4.0,8,1,16.0,1,4,0.0,77.74687759838666,0.6478906466532222,0.1492568437291318,0.6474820143884892,5.08273381294964,834
mobility,traffic_speed_eps4.0,budget_distribution,4.0,8,2,,1,4,0.0,77.74687759838666,0.6478906466532222,0.1492568437291318,0.6474820143884892,5.08273381294964,834
mobility,traffic_speed_eps4.0,budget_distribution,4.0,8,2,4.0,1,4,0.0,97.39777659131933,0.8116481382609944,0.5684691624056332,0.6474820143884892,5.08273381294964,834
mobility,traffic_speed_eps4.0,budget_distribution,4.0,8,2,8.0,1,4,0.0,77.74687759838666,0.6478906466532222,0.1492568437291318,0.6474820143884892,5.08273381294964,834
mobility,traffic_speed_eps4.0,budget_distribution,4.0,8,2,16.0,1,4,0.0,77.74687759838666,0.6478906466532222,0.1492568437291318,0.6474820143884892,5.08273381294964,834
mobility,traffic_speed_eps4.0,budget_distribution,4.0,8,3,,1,4,0.0,77.74687759838666,0.6478906466532222,0.1492568437291318,0.6474820143884892,5.08273381294964,834
mobility,traffic_speed_eps4.0,budget_distribution,4.0,8,3,4.0,1,4,0.0,97.39777659131933,0.8116481382609944,0.5684691624056332,0.6474820143884892,5.08273381294964,834
mobility,traffic_speed_eps4.0,budget_distribution,4.0,8,3,8.0,1,4,0.0,77.74687759838666,0.6478906466532222,0.1492568437291318,0.6474820143884892,5.08273381294964,834
mobility,traffic_speed_eps4.0,budget_distribution,4.0,8,3,16.0,1,4,0.0,77.74687759838666,0.6478906466532222,0.1492568437291318,0.6474820143884892,5.08273381294964,834
mobility,traffic_speed_eps4.0,budget_distribution,4.0,8,4,,1,4,0.0,72.052586022907,0.6004382168575583,0.39000665471713947,0.6361386138613861,5.212871287128713,808
mobility,traffic_speed_eps4.0,budget_distribution,4.0,8,4,4.0,1,4,0.0,88.70001115863032,0.7391667596552527,0.3233777916443035,0.6646039603960396,5.212871287128713,808
mobility,traffic_speed_eps4.0,budget_distribution,4.0,8,4,8.0,1,4,0.0,72.052586022907,0.6004382168575583,0.39000665471713947,0.6361386138613861,5.212871287128713,808
mobility,traffic_speed_eps4.0,budget_distribution,4.0,8,4,16.0,1,4,0.0,72.052586022907,0.6004382168575583,0.39000665471713947,0.6361386138613861,5.212871287128713,808
mobility,traffic_speed_eps4.0,budget_distribution,4.0,8,6,,1,4,0.0,46.85329669939886,0.39044413916165716,0.30713974669242056,0.5871743486973948,7.462925851703407,499
mobility,traffic_speed_eps4.0,budget_distribution,4.0,8,6,8.0,1,4,0.0,48.77218391927719,0.4064348659939766,0.35496525258063366,0.5871743486973948,7.462925851703407,499
mobility,traffic_speed_eps4.0,budget_distribution,4.0,8,6,16.0,1,4,0.0,46.85329669939886,0.39044413916165716,0.30713974669242056,0.5871743486973948,7.462925851703407,499
mobility,traffic_speed_eps4.0,budget_distribution,4.0,8,1,,2,0,0.0,43.61881749935506,0.36349014582795885,0.14746675486976343,0.5827338129496403,8.57074340527578,417
mobility,traffic_speed_eps4.0,budget_distribution,4.0,8,1,4.0,2,0,0.0,87.43742938159104,0.728645244846592,0.480397311173968,0.6211031175059952,8.57074340527578,417
mobility,traffic_speed_eps4.0,budget_distribution,4.0,8,1,8.0,2,0,0.0,42.38661089808647,0.3532217574840539,0.5450864870256238,0.5827338129496403,8.57074340527578,417
mobility,traffic_speed_eps4.0,budget_distribution,4.0,8,1,16.0,2,0,0.0,43.61881749935506,0.36349014582795885,0.14746675486976343,0.5827338129496403,8.57074340527578,417
mobility,traffic_speed_eps4.0,budget_distribution,4.0,8,2,,2,0,0.0,43.61881749935506,0.36349014582795885,0.14746675486976343,0.5827338129496403,8.57074340527578,417
mobility,traffic_speed_eps4.0,budget_distribution,4.0,8,2,4.0,2,0,0.0,87.43742938159104,0.728645244846592,0.480397311173968,0.6211031175059952,8.57074340527578,417
mobility,traffic_speed_eps4.0,budget_distribution,4.0,8,2,8.0,2,0,0.0,42.38661089808647,0.3532217574840539,0.5450864870256238,0.5827338129496403,8.57074340527578,417
mobility,traffic_speed_eps4.0,budget_distribution,4.0,8,2,16.0,2,0,0.0,43.61881749935506,0.36349014582795885,0.14746675486976343,0.5827338129496403,8.57074340527578,417
mobility,traffic_speed_eps4.0,budget_distribution,4.0,8,3,,2,0,0.0,43.61881749935506,0.36349014582795885,0.14746675486976343,0.5827338129496403,8.57074340527578,417
mobility,traffic_speed_eps4.0,budget_distribution,4.0,8,3,4.0,2,0,0.0,87.43742938159104,0.728645244846592,0.480397311173968,0.6211031175059952,8.57074340527578,417
mobility,traffic_speed_eps4.0,budget_distribution,4.0,8,3,8.0,2,0,0.0,42.38661089808647,0.3532217574840539,0.5450864870256238,0.5827338129496403,8.57074340527578,417
mobility,traffic_speed_eps4.0,budget_distribution,4.0,8,3,16.0,2,0,0.0,43.61881749935506,0.36349014582795885,0.14746675486976343,0.5827338129496403,8.57074340527578,417
mobility,traffic_speed_eps4.0,budget_distribution,4.0,8,4,,2,0,0.0,43.61881749935506,0.36349014582795885,0.14746675486976343,0.5827338129496403,8.57074340527578,417
mobility,traffic_speed_eps4.0,budget_distribution,4.0,8,4,4.0,2,0,0.0,87.43742938159104,0.728645244846592,0.480397311173968,0.6211031175059952,8.57074340527578,417
mobility,traffic_speed_eps4.0,budget_distribution,4.0,8,4,8.0,2,0,0.0,42.38661089808647,0.3532217574840539,0.5450864870256238,0.5827338129496403,8.57074340527578,417
mobility,traffic_speed_eps4.0,budget_distribution,4.0,8,4,16.0,2,0,0.0,43.61881749935506,0.36349014582795885,0.14746675486976343,0.5827338129496403,8.57074340527578,417
mobility,traffic_speed_eps4.0,budget_distribution,4.0,8,6,,2,0,0.0,43.61881749935506,0.36349014582795885,0.14746675486976343,0.5827338129496403,8.57074340527578,417
mobility,traffic_speed_eps4.0,budget_distribution,4.0,8,6,8.0,2,0,0.0,42.38661089808647,0.3532217574840539,0.5450864870256238,0.5827338129496403,8.57074340527578,417
mobility,traffic_speed_eps4.0,budget_distribution,4.0,8,6,16.0,2,0,0.0,43.61881749935506,0.36349014582795885,0.14746675486976343,0.5827338129496403,8.57074340527578,417
mobility,traffic_speed_eps4.0,budget_distribution,4.0,8,1,,2,2,0.0,43.61881749935506,0.36349014582795885,0.14746675486976343,0.5827338129496403,8.57074340527578,417
mobility,traffic_speed_eps4.0,budget_distribution,4.0,8,1,4.0,2,2,0.0,87.43742938159104,0.728645244846592,0.480397311173968,0.6211031175059952,8.57074340527578,417
mobility,traffic_speed_eps4.0,budget_distribution,4.0,8,1,8.0,2,2,0.0,42.38661089808647,0.3532217574840539,0.5450864870256238,0.5827338129496403,8.57074340527578,417
mobility,traffic_speed_eps4.0,budget_distribution,4.0,8,1,16.0,2,2,0.0,43.61881749935506,0.36349014582795885,0.14746675486976343,0.5827338129496403,8.57074340527578,417
mobility,traffic_speed_eps4.0,budget_distribution,4.0,8,2,,2,2,0.0,43.61881749935506,0.36349014582795885,0.14746675486976343,0.5827338129496403,8.57074340527578,417
mobility,traffic_speed_eps4.0,budget_distribution,4.0,8,2,4.0,2,2,0.0,87.43742938159104,0.728645244846592,0.480397311173968,0.6211031175059952,8.57074340527578,417
mobility,traffic_speed_eps4.0,budget_distribution,4.0,8,2,8.0,2,2,0.0,42.38661089808647,0.3532217574840539,0.5450864870256238,0.5827338129496403,8.57074340527578,417
mobility,traffic_speed_eps4.0,budget_distribution,4.0,8,2,16.0,2,2,0.0,43.61881749935506,0.36349014582795885,0.14746675486976343,0.5827338129496403,8.57074340527578,417
mobility,traffic_speed_eps4.0,budget_distribution,4.0,8,3,,2,2,0.0,43.61881749935506,0.36349014582795885,0.14746675486976343,0.5827338129496403,8.57074340527578,417
mobility,traffic_speed_eps4.0,budget_distribution,4.0,8,3,4.0,2,2,0.0,87.43742938159104,0.728645244846592,0.480397311173968,0.6211031175059952,8.57074340527578,417
mobility,traffic_speed_eps4.0,budget_distribution,4.0,8,3,8.0,2,2,0.0,42.38661089808647,0.3532217574840539,0.5450864870256238,0.5827338129496403,8.57074340527578,417
mobility,traffic_speed_eps4.0,budget_distribution,4.0,8,3,16.0,2,2,0.0,43.61881749935506,0.36349014582795885,0.14746675486976343,0.5827338129496403,8.57074340527578,417
mobility,traffic_speed_eps4.0,budget_distribution,4.0,8,4,,2,2,0.0,43.61881749935506,0.36349014582795885,0.14746675486976343,0.5827338129496403,8.57074340527578,417
mobility,traffic_speed_eps4.0,budget_distribution,4.0,8,4,4.0,2,2,0.0,87.43742938159104,0.728645244846592,0.480397311173968,0.6211031175059952,8.57074340527578,417
mobility,traffic_speed_eps4.0,budget_distribution,4.0,8,4,8.0,2,2,0.0,42.38661089808647,0.3532217574840539,0.5450864870256238,0.5827338129496403,8.57074340527578,417
mobility,traffic_speed_eps4.0,budget_distribution,4.0,8,4,16.0,2,2,0.0,43.61881749935506,0.36349014582795885,0.14746675486976343,0.5827338129496403,8.57074340527578,417
mobility,traffic_speed_eps4.0,budget_distribution,4.0,8,6,,2,2,0.0,39.63664755591506,0.3303053962992922,0.4672694814824357,0.5883777239709443,8.624697336561743,413
mobility,traffic_speed_eps4.0,budget_distribution,4.0,8,6,8.0,2,2,0.0,43.578785264008786,0.3631565438667399,0.23686775554822392,0.585956416464891,8.624697336561743,413
mobility,traffic_speed_eps4.0,budget_distribution,4.0,8,6,16.0,2,2,0.0,39.63664755591506,0.3303053962992922,0.4672694814824357,0.5883777239709443,8.624697336561743,413
mobility,traffic_speed_eps4.0,budget_distribution,4.0,8,1,,2,4,0.0,43.61881749935506,0.36349014582795885,0.14746675486976343,0.5827338129496403,8.57074340527578,417
mobility,traffic_speed_eps4.0,budget_distribution,4.0,8,1,4.0,2,4,0.0,87.43742938159104,0.728645244846592,0.480397311173968,0.6211031175059952,8.57074340527578,417
mobility,traffic_speed_eps4.0,budget_distribution,4.0,8,1,8.0,2,4,0.0,42.38661089808647,0.3532217574840539,0.5450864870256238,0.5827338129496403,8.57074340527578,417
mobility,traffic_speed_eps4.0,budget_distribution,4.0,8,1,16.0,2,4,0.0,43.61881749935506,0.36349014582795885,0.14746675486976343,0.5827338129496403,8.57074340527578,417
mobility,traffic_speed_eps4.0,budget_distribution,4.0,8,2,,2,4,0.0,43.61881749935506,0.36349014582795885,0.14746675486976343,0.5827338129496403,8.57074340527578,417
mobility,traffic_speed_eps4.0,budget_distribution,4.0,8,2,4.0,2,4,0.0,87.43742938159104,0.728645244846592,0.480397311173968,0.6211031175059952,8.57074340527578,417
mobility,traffic_speed_eps4.0,budget_distribution,4.0,8,2,8.0,2,4,0.0,42.38661089808647,0.3532217574840539,0.5450864870256238,0.5827338129496403,8.57074340527578,417
mobility,traffic_speed_eps4.0,budget_distribution,4.0,8,2,16.0,2,4,0.0,43.61881749935506,0.36349014582795885,0.14746675486976343,0.5827338129496403,8.57074340527578,417
mobility,traffic_speed_eps4.0,budget_distribution,4.0,8,3,,2,4,0.0,43.61881749935506,0.36349014582795885,0.14746675486976343,0.5827338129496403,8.57074340527578,417
mobility,traffic_speed_eps4.0,budget_distribution,4.0,8,3,4.0,2,4,0.0,87.43742938159104,0.728645244846592,0.480397311173968,0.6211031175059952,8.57074340527578,417
mobility,traffic_speed_eps4.0,budget_distribution,4.0,8,3,8.0,2,4,0.0,42.38661089808647,0.3532217574840539,0.5450864870256238,0.5827338129496403,8.57074340527578,417
mobility,traffic_speed_eps4.0,budget_distribution,4.0,8,3,16.0,2,4,0.0,43.61881749935506,0.36349014582795885,0.14746675486976343,0.5827338129496403,8.57074340527578,417
mobility,traffic_speed_eps4.0,budget_distribution,4.0,8,4,,2,4,0.0,43.61881749935506,0.36349014582795885,0.14746675486976343,0.5827338129496403,8.57074340527578,417
mobility,traffic_speed_eps4.0,budget_distribution,4.0,8,4,4.0,2,4,0.0,87.43742938159104,0.728645244846592,0.480397311173968,0.6211031175059952,8.57074340527578,417
mobility,traffic_speed_eps4.0,budget_distribution,4.0,8,4,8.0,2,4,0.0,42.38661089808647,0.3532217574840539,0.5450864870256238,0.5827338129496403,8.57074340527578,417
mobility,traffic_speed_eps4.0,budget_distribution,4.0,8,4,16.0,2,4,0.0,43.61881749935506,0.36349014582795885,0.14746675486976343,0.5827338129496403,8.57074340527578,417
mobility,traffic_speed_eps4.0,budget_distribution,4.0,8,6,,2,4,0.0,39.63664755591506,0.3303053962992922,0.4672694814824357,0.5883777239709443,8.624697336561743,413
mobility,traffic_speed_eps4.0,budget_distribution,4.0,8,6,8.0,2,4,0.0,43.578785264008786,0.3631565438667399,0.23686775554822392,0.585956416464891,8.624697336561743,413
mobility,traffic_speed_eps4.0,budget_distribution,4.0,8,6,16.0,2,4,0.0,39.63664755591506,0.3303053962992922,0.4672694814824357,0.5883777239709443,8.624697336561743,413
mobility,traffic_speed_eps4.0,budget_distribution,4.0,8,1,,4,0,0.0,24.52300215161209,0.20435835126343407,0.33632605241429697,0.5741626794258373,12.44976076555024,209
mobility,traffic_speed_eps4.0,budget_distribution,4.0,8,1,4.0,4,0,0.0,78.2709092588146,0.6522575771567883,0.5347814452848499,0.6411483253588517,12.44976076555024,209
mobility,traffic_speed_eps4.0,budget_distribution,4.0,8,1,8.0,4,0,0.0,39.75362008638424,0.3312801673865353,0.4867109852664316,0.6028708133971292,12.44976076555024,209
mobility,traffic_speed_eps4.0,budget_distribution,4.0,8,1,16.0,4,0,0.0,24.52300215161209,0.20435835126343407,0.33632605241429697,0.5741626794258373,12.44976076555024,209
mobility,traffic_speed_eps4.0,budget_distribution,4.0,8,2,,4,0,0.0,24.52300215161209,0.20435835126343407,0.33632605241429697,0.5741626794258373,12.44976076555024,209
mobility,traffic_speed_eps4.0,budget_distribution,4.0,8,2,4.0,4,0,0.0,78.2709092588146,0.6522575771567883,0.5347814452848499,0.6411483253588517,12.44976076555024,209
mobility,traffic_speed_eps4.0,budget_distribution,4.0,8,2,8.0,4,0,0.0,39.75362008638424,0.3312801673865353,0.4867109852664316,0.6028708133971292,12.44976076555024,209
mobility,traffic_speed_eps4.0,budget_distribution,4.0,8,2,16.0,4,0,0.0,24.52300215161209,0.20435835126343407,0.33632605241429697,0.5741626794258373,12.44976076555024,209
mobility,traffic_speed_eps4.0,budget_distribution,4.0,8,3,,4,0,0.0,24.52300215161209,0.20435835126343407,0.33632605241429697,0.5741626794258373,12.44976076555024,209
mobility,traffic_speed_eps4.0,budget_distribution,4.0,8,3,4.0,4,0,0.0,78.2709092588146,0.6522575771567883,0.5347814452848499,0.6411483253588517,12.44976076555024,209
mobility,traffic_speed_eps4.0,budget_distribution,4.0,8,3,8.0,4,0,0.0,39.75362008638424,0.3312801673865353,0.4867109852664316,0.6028708133971292,12.44976076555024,209
mobility,traffic_speed_eps4.0,budget_distribution,4.0,8,3,16.0,4,0,0.0,24.52300215161209,0.20435835126343407,0.33632605241429697,0.5741626794258373,12.44976076555024,209
mobility,traffic_speed_eps4.0,budget_distribution,4.0,8,4,,4,0,0.0,24.52300215161209,0.20435835126343407,0.33632605241429697,0.5741626794258373,12.44976076555024,209
mobility,traffic_speed_eps4.0,budget_distribution,4.0,8,4,4.0,4,0,0.0,78.2709092588146,0.6522575771567883,0.5347814452848499,0.6411483253588517,12.44976076555024,209
mobility,traffic_speed_eps4.0,budget_distribution,4.0,8,4,8.0,4,0,0.0,39.75362008638424,0.3312801673865353,0.4867109852664316,0.6028708133971292,12.44976076555024,209
mobility,traffic_speed_eps4.0,budget_distribution,4.0,8,4,16.0,4,0,0.0,24.52300215161209,0.20435835126343407,0.33632605241429697,0.5741626794258373,12.44976076555024,209
mobility,traffic_speed_eps4.0,budget_distribution,4.0,8,6,,4,0,0.0,24.52300215161209,0.20435835126343407,0.33632605241429697,0.5741626794258373,12.44976076555024,209
mobility,traffic_speed_eps4.0,budget_distribution,4.0,8,6,8.0,4,0,0.0,39.75362008638424,0.3312801673865353,0.4867109852664316,0.6028708133971292,12.44976076555024,209
mobility,traffic_speed_eps4.0,budget_distribution,4.0,8,6,16.0,4,0,0.0,24.52300215161209,0.20435835126343407,0.33632605241429697,0.5741626794258373,12.44976076555024,209
mobility,traffic_speed_eps4.0,budget_distribution,4.0,8,1,,4,2,0.0,24.52300215161209,0.20435835126343407,0.33632605241429697,0.5741626794258373,12.44976076555024,209
mobility,traffic_speed_eps4.0,budget_distribution,4.0,8,1,4.0,4,2,0.0,78.2709092588146,0.6522575771567883,0.5347814452848499,0.6411483253588517,12.44976076555024,209
mobility,traffic_speed_eps4.0,budget_distribution,4.0,8,1,8.0,4,2,0.0,39.75362008638424,0.3312801673865353,0.4867109852664316,0.6028708133971292,12.44976076555024,209
mobility,traffic_speed_eps4.0,budget_distribution,4.0,8,1,16.0,4,2,0.0,24.52300215161209,0.20435835126343407,0.33632605241429697,0.5741626794258373,12.44976076555024,209
mobility,traffic_speed_eps4.0,budget_distribution,4.0,8,2,,4,2,0.0,24.52300215161209,0.20435835126343407,0.33632605241429697,0.5741626794258373,12.44976076555024,209
mobility,traffic_speed_eps4.0,budget_distribution,4.0,8,2,4.0,4,2,0.0,78.2709092588146,0.6522575771567883,0.5347814452848499,0.6411483253588517,12.44976076555024,209
mobility,traffic_speed_eps4.0,budget_distribution,4.0,8,2,8.0,4,2,0.0,39.75362008638424,0.3312801673865353,0.4867109852664316,0.6028708133971292,12.44976076555024,209
mobility,traffic_speed_eps4.0,budget_distribution,4.0,8,2,16.0,4,2,0.0,24.52300215161209,0.20435835126343407,0.33632605241429697,0.5741626794258373,12.44976076555024,209
mobility,traffic_speed_eps4.0,budget_distribution,4.0,8,3,,4,2,0.0,24.52300215161209,0.20435835126343407,0.33632605241429697,0.5741626794258373,12.44976076555024,209
mobility,traffic_speed_eps4.0,budget_distribution,4.0,8,3,4.0,4,2,0.0,78.2709092588146,0.6522575771567883,0.5347814452848499,0.6411483253588517,12.44976076555024,209
mobility,traffic_speed_eps4.0,budget_distribution,4.0,8,3,8.0,4,2,0.0,39.75362008638424,0.3312801673865353,0.4867109852664316,0.6028708133971292,12.44976076555024,209
mobility,traffic_speed_eps4.0,budget_distribution,4.0,8,3,16.0,4,2,0.0,24.52300215161209,0.20435835126343407,0.33632605241429697,0.5741626794258373,12.44976076555024,209
mobility,traffic_speed_eps4.0,budget_distribution,4.0,8,4,,4,2,0.0,24.52300215161209,0.20435835126343407,0.33632605241429697,0.5741626794258373,12.44976076555024,209
mobility,traffic_speed_eps4.0,budget_distribution,4.0,8,4,4.0,4,2,0.0,78.2709092588146,0.6522575771567883,0.5347814452848499,0.6411483253588517,12.44976076555024,209
mobility,traffic_speed_eps4.0,budget_distribution,4.0,8,4,8.0,4,2,0.0,39.75362008638424,0.3312801673865353,0.4867109852664316,0.6028708133971292,12.44976076555024,209
mobility,traffic_speed_eps4.0,budget_distribution,4.0,8,4,16.0,4,2,0.0,24.52300215161209,0.20435835126343407,0.33632605241429697,0.5741626794258373,12.44976076555024,209
mobility,traffic_speed_eps4.0,budget_distribution,4.0,8,6,,4,2,0.0,24.52300215161209,0.20435835126343407,0.33632605241429697,0.5741626794258373,12.44976076555024,209
mobility,traffic_speed_eps4.0,budget_distribution,4.0,8,6,8.0,4,2,0.0,39.75362008638424,0.3312801673865353,0.4867109852664316,0.6028708133971292,12.44976076555024,209
mobility,traffic_speed_eps4.0,budget_distribution,4.0,8,6,16.0,4,2,0.0,24.52300215161209,0.20435835126343407,0.33632605241429697,0.5741626794258373,12.44976076555024,209
mobility,traffic_speed_eps4.0,budget_distribution,4.0,8,1,,4,4,0.0,24.52300215161209,0.20435835126343407,0.33632605241429697,0.5741626794258373,12.44976076555024,209
mobility,traffic_speed_eps4.0,budget_distribution,4.0,8,1,4.0,4,4,0.0,78.2709092588146,0.6522575771567883,0.5347814452848499,0.6411483253588517,12.44976076555024,209
mobility,traffic_speed_eps4.0,budget_distribution,4.0,8,1,8.0,4,4,0.0,39.75362008638424,0.3312801673865353,0.4867109852664316,0.6028708133971292,12.44976076555024,209
mobility,traffic_speed_eps4.0,budget_distribution,4.0,8,1,16.0,4,4,0.0,24.52300215161209,0.20435835126343407,0.33632605241429697,0.5741626794258373,12.44976076555024,209
mobility,traffic_speed_eps4.0,budget_distribution,4.0,8,2,,4,4,0.0,24.52300215161209,0.20435835126343407,0.33632605241429697,0.5741626794258373,12.44976076555024,209
mobility,traffic_speed_eps4.0,budget_distribution,4.0,8,2,4.0,4,4,0.0,78.2709092588146,0.6522575771567883,0.5347814452848499,0.6411483253588517,12.44976076555024,209
mobility,traffic_speed_eps4.0,budget_distribution,4.0,8,2,8.0,4,4,0.0,39.75362008638424,0.3312801673865353,0.4867109852664316,0.6028708133971292,12.44976076555024,209
mobility,traffic_speed_eps4.0,budget_distribution,4.0,8,2,16.0,4,4,0.0,24.52300215161209,0.20435835126343407,0.33632605241429697,0.5741626794258373,12.44976076555024,209
mobility,traffic_speed_eps4.0,budget_distribution,4.0,8,3,,4,4,0.0,24.52300215161209,0.20435835126343407,0.33632605241429697,0.5741626794258373,12.44976076555024,209
mobility,traffic_speed_eps4.0,budget_distribution,4.0,8,3,4.0,4,4,0.0,78.2709092588146,0.6522575771567883,0.5347814452848499,0.6411483253588517,12.44976076555024,209
mobility,traffic_speed_eps4.0,budget_distribution,4.0,8,3,8.0,4,4,0.0,39.75362008638424,0.3312801673865353,0.4867109852664316,0.6028708133971292,12.44976076555024,209
mobility,traffic_speed_eps4.0,budget_distribution,4.0,8,3,16.0,4,4,0.0,24.52300215161209,0.20435835126343407,0.33632605241429697,0.5741626794258373,12.44976076555024,209
mobility,traffic_speed_eps4.0,budget_distribution,4.0,8,4,,4,4,0.0,24.52300215161209,0.20435835126343407,0.33632605241429697,0.5741626794258373,12.44976076555024,209
mobility,traffic_speed_eps4.0,budget_distribution,4.0,8,4,4.0,4,4,0.0,78.2709092588146,0.6522575771567883,0.5347814452848499,0.6411483253588517,12.44976076555024,209
mobility,traffic_speed_eps4.0,budget_distribution,4.0,8,4,8.0,4,4,0.0,39.75362008638424,0.3312801673865353,0.4867109852664316,0.6028708133971292,12.44976076555024,209
mobility,traffic_speed_eps4.0,budget_distribution,4.0,8,4,16.0,4,4,0.0,24.52300215161209,0.20435835126343407,0.33632605241429697,0.5741626794258373,12.44976076555024,209
mobility,traffic_speed_eps4.0,budget_distribution,4.0,8,6,,4,4,0.0,24.52300215161209,0.20435835126343407,0.33632605241429697,0.5741626794258373,12.44976076555024,209
mobility,traffic_speed_eps4.0,budget_distribution,4.0,8,6,8.0,4,4,0.0,39.75362008638424,0.3312801673865353,0.4867109852664316,0.6028708133971292,12.44976076555024,209
mobility,traffic_speed_eps4.0,budget_distribution,4.0,8,6,16.0,4,4,0.0,24.52300215161209,0.20435835126343407,0.33632605241429697,0.5741626794258373,12.44976076555024,209
mobility,traffic_speed_eps4.0,budget_absorption,4.0,8,1,,1,0,0.0,55.62026416800412,0.46350220140003434,0.4541657162814362,0.47601918465227816,5.08273381294964,834
mobility,traffic_speed_eps4.0,budget_absorption,4.0,8,1,4.0,1,0,0.0,76.40934590020306,0.6367445491683589,0.35434073819955314,0.5059952038369304,5.08273381294964,834
mobility,traffic_speed_eps4.0,budget_absorption,4.0,8,1,8.0,1,0,0.0,55.62026416800412,0.46350220140003434,0.4541657162814362,0.47601918465227816,5.08273381294964,834
mobility,traffic_speed_eps4.0,budget_absorption,4.0,8,1,16.0,1,0,0.0,55.62026416800412,0.46350220140003434,0.4541657162814362,0.47601918465227816,5.08273381294964,834
mobility,traffic_speed_eps4.0,budget_absorption,4.0,8,2,,1,0,0.0,55.62026416800412,0.46350220140003434,0.4541657162814362,0.47601918465227816,5.08273381294964,834
mobility,traffic_speed_eps4.0,budget_absorption,4.0,8,2,4.0,1,0,0.0,76.40934590020306,0.6367445491683589,0.35434073819955314,0.5059952038369304,5.08273381294964,834
mobility,traffic_speed_eps4.0,budget_absorption,4.0,8,2,8.0,1,0,0.0,55.62026416800412,0.46350220140003434,0.4541657162814362,0.47601918465227816,5.08273381294964,834
mobility,traffic_speed_eps4.0,budget_absorption,4.0,8,2,16.0,1,0,0.0,55.62026416800412,0.46350220140003434,0.4541657162814362,0.47601918465227816,5.08273381294964,834
mobility,traffic_speed_eps4.0,budget_absorption,4.0,8,3,,1,0,0.0,55.62026416800412,0.46350220140003434,0.4541657162814362,0.47601918465227816,5.08273381294964,834
mobility,traffic_speed_eps4.0,budget_absorption,4.0,8,3,4.0,1,0,0.0,76.40934590020306,0.6367445491683589,0.35434073819955314,0.5059952038369304,5.08273381294964,834
mobility,traffic_speed_eps4.0,budget_absorption,4.0,8,3,8.0,1,0,0.0,55.62026416800412,0.46350220140003434,0.4541657162814362,0.47601918465227816,5.08273381294964,834
mobility,traffic_speed_eps4.0,budget_absorption,4.0,8,3,16.0,1,0,0.0,55.62026416800412,0.46350220140003434,0.4541657162814362,0.47601918465227816,5.08273381294964,834
mobility,traffic_speed_eps4.0,budget_absorption,4.0,8,4,,1,0,0.0,55.62026416800412,0.46350220140003434,0.4541657162814362,0.47601918465227816,5.08273381294964,834
mobility,traffic_speed_eps4.0,budget_absorption,4.0,8,4,4.0,1,0,0.0,76.40934590020306,0.6367445491683589,0.35434073819955314,0.5059952038369304,5.08273381294964,834
mobility,traffic_speed_eps4.0,budget_absorption,4.0,8,4,8.0,1,0,0.0,55.62026416800412,0.46350220140003434,0.4541657162814362,0.47601918465227816,5.08273381294964,834
mobility,traffic_speed_eps4.0,budget_absorption,4.0,8,4,16.0,1,0,0.0,55.62026416800412,0.46350220140003434,0.4541657162814362,0.47601918465227816,5.08273381294964,834
mobility,traffic_speed_eps4.0,budget_absorption,4.0,8,6,,1,0,0.0,55.62026416800412,0.46350220140003434,0.4541657162814362,0.47601918465227816,5.08273381294964,834
mobility,traffic_speed_eps4.0,budget_absorption,4.0,8,6,8.0,1,0,0.0,55.62026416800412,0.46350220140003434,0.4541657162814362,0.47601918465227816,5.08273381294964,834
mobility,traffic_speed_eps4.0,budget_absorption,4.0,8,6,16.0,1,0,0.0,55.62026416800412,0.46350220140003434,0.4541657162814362,0.47601918465227816,5.08273381294964,834
mobility,traffic_speed_eps4.0,budget_absorption,4.0,8,1,,1,2,0.0,55.62026416800412,0.46350220140003434,0.4541657162814362,0.47601918465227816,5.08273381294964,834
mobility,traffic_speed_eps4.0,budget_absorption,4.0,8,1,4.0,1,2,0.0,76.40934590020306,0.6367445491683589,0.35434073819955314,0.5059952038369304,5.08273381294964,834
mobility,traffic_speed_eps4.0,budget_absorption,4.0,8,1,8.0,1,2,0.0,55.62026416800412,0.46350220140003434,0.4541657162814362,0.47601918465227816,5.08273381294964,834
mobility,traffic_speed_eps4.0,budget_absorption,4.0,8,1,16.0,1,2,0.0,55.62026416800412,0.46350220140003434,0.4541657162814362,0.47601918465227816,5.08273381294964,834
mobility,traffic_speed_eps4.0,budget_absorption,4.0,8,2,,1,2,0.0,55.62026416800412,0.46350220140003434,0.4541657162814362,0.47601918465227816,5.08273381294964,834
mobility,traffic_speed_eps4.0,budget_absorption,4.0,8,2,4.0,1,2,0.0,76.40934590020306,0.6367445491683589,0.35434073819955314,0.5059952038369304,5.08273381294964,834
mobility,traffic_speed_eps4.0,budget_absorption,4.0,8,2,8.0,1,2,0.0,55.62026416800412,0.46350220140003434,0.4541657162814362,0.47601918465227816,5.08273381294964,834
mobility,traffic_speed_eps4.0,budget_absorption,4.0,8,2,16.0,1,2,0.0,55.62026416800412,0.46350220140003434,0.4541657162814362,0.47601918465227816,5.08273381294964,834
mobility,traffic_speed_eps4.0,budget_absorption,4.0,8,3,,1,2,0.0,55.62026416800412,0.46350220140003434,0.4541657162814362,0.47601918465227816,5.08273381294964,834
mobility,traffic_speed_eps4.0,budget_absorption,4.0,8,3,4.0,1,2,0.0,76.40934590020306,0.6367445491683589,0.35434073819955314,0.5059952038369304,5.08273381294964,834
mobility,traffic_speed_eps4.0,budget_absorption,4.0,8,3,8.0,1,2,0.0,55.62026416800412,0.46350220140003434,0.4541657162814362,0.47601918465227816,5.08273381294964,834
mobility,traffic_speed_eps4.0,budget_absorption,4.0,8,3,16.0,1,2,0.0,55.62026416800412,0.46350220140003434,0.4541657162814362,0.47601918465227816,5.08273381294964,834
mobility,traffic_speed_eps4.0,budget_absorption,4.0,8,4,,1,2,0.0,58.07048591933515,0.48392071599445957,0.32644413229609276,0.48514851485148514,5.212871287128713,808
mobility,traffic_speed_eps4.0,budget_absorption,4.0,8,4,4.0,1,2,0.0,74.04469876891437,0.6170391564076197,0.40543115719407563,0.4975247524752475,5.212871287128713,808
mobility,traffic_speed_eps4.0,budget_absorption,4.0,8,4,8.0,1,2,0.0,58.07048591933515,0.48392071599445957,0.32644413229609276,0.48514851485148514,5.212871287128713,808
mobility,traffic_speed_eps4.0,budget_absorption,4.0,8,4,16.0,1,2,0.0,58.07048591933515,0.48392071599445957,0.32644413229609276,0.48514851485148514,5.212871287128713,808
mobility,traffic_speed_eps4.0,budget_absorption,4.0,8,6,,1,2,0.0,35.300082983948684,0.29416735819957235,0.38331843441602625,0.4168336673346693,7.462925851703407,499
mobility,traffic_speed_eps4.0,budget_absorption,4.0,8,6,8.0,1,2,0.0,38.20621990396531,0.3183851658663776,0.4035866448498664,0.4288577154308617,7.462925851703407,499
mobility,traffic_speed_eps4.0,budget_absorption,4.0,8,6,16.0,1,2,0.0,35.300082983948684,0.29416735819957235,0.38331843441602625,0.4168336673346693,7.462925851703407,499
mobility,traffic_speed_eps4.0,budget_absorption,4.0,8,1,,1,4,0.0,55.62026416800412,0.46350220140003434,0.4541657162814362,0.47601918465227816,5.08273381294964,834
mobility,traffic_speed_eps4.0,budget_absorption,4.0,8,1,4.0,1,4,0.0,76.40934590020306,0.6367445491683589,0.35434073819955314,0.5059952038369304,5.08273381294964,834
mobility,traffic_speed_eps4.0,budget_absorption,4.0,8,1,8.0,1,4,0.0,55.62026416800412,0.46350220140003434,0.4541657162814362,0.47601918465227816,5.08273381294964,834
mobility,traffic_speed_eps4.0,budget_absorption,4.0,8,1,16.0,1,4,0.0,55.62026416800412,0.46350220140003434,0.4541657162814362,0.47601918465227816,5.08273381294964,834
mobility,traffic_speed_eps4.0,budget_absorption,4.0,8,2,,1,4,0.0,55.62026416800412,0.46350220140003434,0.4541657162814362,0.47601918465227816,5.08273381294964,834
mobility,traffic_speed_eps4.0,budget_absorption,4.0,8,2,4.0,1,4,0.0,76.40934590020306,0.6367445491683589,0.35434073819955314,0.5059952038369304,5.08273381294964,834
mobility,traffic_speed_eps4.0,budget_absorption,4.0,8,2,8.0,1,4,0.0,55.62026416800412,0.46350220140003434,0.4541657162814362,0.47601918465227816,5.08273381294964,834
mobility,traffic_speed_eps4.0,budget_absorption,4.0,8,2,16.0,1,4,0.0,55.62026416800412,0.46350220140003434,0.4541657162814362,0.47601918465227816,5.08273381294964,834
mobility,traffic_speed_eps4.0,budget_absorption,4.0,8,3,,1,4,0.0,55.62026416800412,0.46350220140003434,0.4541657162814362,0.47601918465227816,5.08273381294964,834
mobility,traffic_speed_eps4.0,budget_absorption,4.0,8,3,4.0,1,4,0.0,76.40934590020306,0.6367445491683589,0.35434073819955314,0.5059952038369304,5.08273381294964,834
mobility,traffic_speed_eps4.0,budget_absorption,4.0,8,3,8.0,1,4,0.0,55.62026416800412,0.46350220140003434,0.4541657162814362,0.47601918465227816,5.08273381294964,834
mobility,traffic_speed_eps4.0,budget_absorption,4.0,8,3,16.0,1,4,0.0,55.62026416800412,0.46350220140003434,0.4541657162814362,0.47601918465227816,5.08273381294964,834
mobility,traffic_speed_eps4.0,budget_absorption,4.0,8,4,,1,4,0.0,58.07048591933515,0.48392071599445957,0.32644413229609276,0.48514851485148514,5.212871287128713,808
mobility,traffic_speed_eps4.0,budget_absorption,4.0,8,4,4.0,1,4,0.0,74.04469876891437,0.6170391564076197,0.40543115719407563,0.4975247524752475,5.212871287128713,808
mobility,traffic_speed_eps4.0,budget_absorption,4.0,8,4,8.0,1,4,0.0,58.07048591933515,0.48392071599445957,0.32644413229609276,0.48514851485148514,5.212871287128713,808
mobility,traffic_speed_eps4.0,budget_absorption,4.0,8,4,16.0,1,4,0.0,58.07048591933515,0.48392071599445957,0.32644413229609276,0.48514851485148514,5.212871287128713,808
mobility,traffic_speed_eps4.0,budget_absorption,4.0,8,6,,1,4,0.0,35.300082983948684,0.29416735819957235,0.38331843441602625,0.4168336673346693,7.462925851703407,499
mobility,traffic_speed_eps4.0,budget_absorption,4.0,8,6,8.0,1,4,0.0,38.20621990396531,0.3183851658663776,0.4035866448498664,0.4288577154308617,7.462925851703407,499
mobility,traffic_speed_eps4.0,budget_absorption,4.0,8,6,16.0,1,4,0.0,35.300082983948684,0.29416735819957235,0.38331843441602625,0.4168336673346693,7.462925851703407,499
mobility,traffic_speed_eps4.0,budget_absorption,4.0,8,1,,2,0,0.0,32.113185880902286,0.26760988234085237,0.31400203490658174,0.45323741007194246,8.57074340527578,417
mobility,traffic_speed_eps4.0,budget_absorption,4.0,8,1,4.0,2,0,0.0,73.78783149710445,0.6148985958092037,0.5803069680376917,0.49160671462829736,8.57074340527578,417
mobility,traffic_speed_eps4.0,budget_absorption,4.0,8,1,8.0,2,0,0.0,35.443253701439176,0.29536044751199314,0.13040372659650937,0.46522781774580335,8.57074340527578,417
mobility,traffic_speed_eps4.0,budget_absorption,4.0,8,1,16.0,2,0,0.0,32.113185880902286,0.26760988234085237,0.31400203490658174,0.45323741007194246,8.57074340527578,417
mobility,traffic_speed_eps4.0,budget_absorption,4.0,8,2,,2,0,0.0,32.113185880902286,0.26760988234085237,0.31400203490658174,0.45323741007194246,8.57074340527578,417
mobility,traffic_speed_eps4.0,budget_absorption,4.0,8,2,4.0,2,0,0.0,73.78783149710445,0.6148985958092037,0.5803069680376917,0.49160671462829736,8.57074340527578,417
mobility,traffic_speed_eps4.0,budget_absorption,4.0,8,2,8.0,2,0,0.0,35.443253701439176,0.29536044751199314,0.13040372659650937,0.46522781774580335,8.57074340527578,417
mobility,traffic_speed_eps4.0,budget_absorption,4.0,8,2,16.0,2,0,0.0,32.113185880902286,0.26760988234085237,0.31400203490658174,0.45323741007194246,8.57074340527578,417
mobility,traffic_speed_eps4.0,budget_absorption,4.0,8,3,,2,0,0.0,32.113185880902286,0.26760988234085237,0.31400203490658174,0.45323741007194246,8.57074340527578,417
mobility,traffic_speed_eps4.0,budget_absorption,4.0,8,3,4.0,2,0,0.0,73.78783149710445,0.6148985958092037,0.5803069680376917,0.49160671462829736,8.57074340527578,417
mobility,traffic_speed_eps4.0,budget_absorption,4.0,8,3,8.0,2,0,0.0,35.443253701439176,0.29536044751199314,0.13040372659650937,0.46522781774580335,8.57074340527578,417
mobility,traffic_speed_eps4.0,budget_absorption,4.0,8,3,16.0,2,0,0.0,32.113185880902286,0.26760988234085237,0.31400203490658174,0.45323741007194246,8.57074340527578,417
mobility,traffic_speed_eps4.0,budget_absorption,4.0,8,4,,2,0,0.0,32.113185880902286,0.26760988234085237,0.31400203490658174,0.45323741007194246,8.57074340527578,417
mobility,traffic_speed_eps4.0,budget_absorption,4.0,8,4,4.0,2,0,0.0,73.78783149710445,0.6148985958092037,0.5803069680376917,0.49160671462829736,8.57074340527578,417
mobility,traffic_speed_eps4.0,budget_absorption,4.0,8,4,8.0,2,0,0.0,35.443253701439176,0.29536044751199314,0.13040372659650937,0.46522781774580335,8.57074340527578,417
mobility,traffic_speed_eps4.0,budget_absorption,4.0,8,4,16.0,2,0,0.0,32.113185880902286,0.26760988234085237,0.31400203490658174,0.45323741007194246,8.57074340527578,417
mobility,traffic_speed_eps4.0,budget_absorption,4.0,8,6,,2,0,0.0,32.113185880902286,0.26760988234085237,0.31400203490658174,0.45323741007194246,8.57074340527578,417
mobility,traffic_speed_eps4.0,budget_absorption,4.0,8,6,8.0,2,0,0.0,35.443253701439176,0.29536044751199314,0.13040372659650937,0.46522781774580335,8.57074340527578,417
mobility,traffic_speed_eps4.0,budget_absorption,4.0,8,6,16.0,2,0,0.0,32.113185880902286,0.26760988234085237,0.31400203490658174,0.45323741007194246,8.57074340527578,417
mobility,traffic_speed_eps4.0,budget_absorption,4.0,8,1,,2,2,0.0,32.113185880902286,0.26760988234085237,0.31400203490658174,0.45323741007194246,8.57074340527578,417
mobility,traffic_speed_eps4.0,budget_absorption,4.0,8,1,4.0,2,2,0.0,73.78783149710445,0.6148985958092037,0.5803069680376917,0.49160671462829736,8.57074340527578,417
mobility,traffic_speed_eps4.0,budget_absorption,4.0,8,1,8.0,2,2,0.0,35.443253701439176,0.29536044751199314,0.13040372659650937,0.46522781774580335,8.57074340527578,417
mobility,traffic_speed_eps4.0,budget_absorption,4.0,8,1,16.0,2,2,0.0,32.113185880902286,0.26760988234085237,0.31400203490658174,0.45323741007194246,8.57074340527578,417
mobility,traffic_speed_eps4.0,budget_absorption,4.0,8,2,,2,2,0.0,32.113185880902286,0.26760988234085237,0.31400203490658174,0.45323741007194246,8.57074340527578,417
mobility,traffic_speed_eps4.0,budget_absorption,4.0,8,2,4.0,2,2,0.0,73.78783149710445,0.6148985958092037,0.5803069680376917,0.49160671462829736,8.57074340527578,417
mobility,traffic_speed_eps4.0,budget_absorption,4.0,8,2,8.0,2,2,0.0,35.443253701439176,0.29536044751199314,0.13040372659650937,0.46522781774580335,8.57074340527578,417
mobility,traffic_speed_eps4.0,budget_absorption,4.0,8,2,16.0,2,2,0.0,32.113185880902286,0.26760988234085237,0.31400203490658174,0.45323741007194246,8.57074340527578,417
mobility,traffic_speed_eps4.0,budget_absorption,4.0,8,3,,2,2,0.0,32.113185880902286,0.26760988234085237,0.31400203490658174,0.45323741007194246,8.57074340527578,417
mobility,traffic_speed_eps4.0,budget_absorption,4.0,8,3,4.0,2,2,0.0,73.78783149710445,0.6148985958092037,0.5803069680376917,0.49160671462829736,8.57074340527578,417
mobility,traffic_speed_eps4.0,budget_absorption,4.0,8,3,8.0,2,2,0.0,35.443253701439176,0.29536044751199314,0.13040372659650937,0.46522781774580335,8.57074340527578,417
mobility,traffic_speed_eps4.0,budget_absorption,4.0,8,3,16.0,2,2,0.0,32.113185880902286,0.26760988234085237,0.31400203490658174,0.45323741007194246,8.57074340527578,417
mobility,traffic_speed_eps4.0,budget_absorption,4.0,8,4,,2,2,0.0,32.113185880902286,0.26760988234085237,0.31400203490658174,0.45323741007194246,8.57074340527578,417
mobility,traffic_speed_eps4.0,budget_absorption,4.0,8,4,4.0,2,2,0.0,73.78783149710445,0.6148985958092037,0.5803069680376917,0.49160671462829736,8.57074340527578,417
mobility,traffic_speed_eps4.0,budget_absorption,4.0,8,4,8.0,2,2,0.0,35.443253701439176,0.29536044751199314,0.13040372659650937,0.46522781774580335,8.57074340527578,417
mobility,traffic_speed_eps4.0,budget_absorption,4.0,8,4,16.0,2,2,0.0,32.113185880902286,0.26760988234085237,0.31400203490658174,0.45323741007194246,8.57074340527578,417
mobility,traffic_speed_eps4.0,budget_absorption,4.0,8,6,,2,2,0.0,31.623181790832177,0.26352651492360146,0.35245016452771244,0.43099273607748184,8.624697336561743,413
mobility,traffic_speed_eps4.0,budget_absorption,4.0,8,6,8.0,2,2,0.0,35.026821459151755,0.2918901788262646,0.130968552691348,0.43825665859564167,8.624697336561743,413
mobility,traffic_speed_eps4.0,budget_absorption,4.0,8,6,16.0,2,2,0.0,31.623181790832177,0.26352651492360146,0.35245016452771244,0.43099273607748184,8.624697336561743,413
mobility,traffic_speed_eps4.0,budget_absorption,4.0,8,1,,2,4,0.0,32.113185880902286,0.26760988234085237,0.31400203490658174,0.45323741007194246,8.57074340527578,417
mobility,traffic_speed_eps4.0,budget_absorption,4.0,8,1,4.0,2,4,0.0,73.78783149710445,0.6148985958092037,0.5803069680376917,0.49160671462829736,8.57074340527578,417
mobility,traffic_speed_eps4.0,budget_absorption,4.0,8,1,8.0,2,4,0.0,35.443253701439176,0.29536044751199314,0.13040372659650937,0.46522781774580335,8.57074340527578,417
mobility,traffic_speed_eps4.0,budget_absorption,4.0,8,1,16.0,2,4,0.0,32.113185880902286,0.26760988234085237,0.31400203490658174,0.45323741007194246,8.57074340527578,417
mobility,traffic_speed_eps4.0,budget_absorption,4.0,8,2,,2,4,0.0,32.113185880902286,0.26760988234085237,0.31400203490658174,0.45323741007194246,8.57074340527578,417
mobility,traffic_speed_eps4.0,budget_absorption,4.0,8,2,4.0,2,4,0.0,73.78783149710445,0.6148985958092037,0.5803069680376917,0.49160671462829736,8.57074340527578,417
mobility,traffic_speed_eps4.0,budget_absorption,4.0,8,2,8.0,2,4,0.0,35.443253701439176,0.29536044751199314,0.13040372659650937,0.46522781774580335,8.57074340527578,417
mobility,traffic_speed_eps4.0,budget_absorption,4.0,8,2,16.0,2,4,0.0,32.113185880902286,0.26760988234085237,0.31400203490658174,0.45323741007194246,8.57074340527578,417
mobility,traffic_speed_eps4.0,budget_absorption,4.0,8,3,,2,4,0.0,32.113185880902286,0.26760988234085237,0.31400203490658174,0.45323741007194246,8.57074340527578,417
mobility,traffic_speed_eps4.0,budget_absorption,4.0,8,3,4.0,2,4,0.0,73.78783149710445,0.6148985958092037,0.5803069680376917,0.49160671462829736,8.57074340527578,417
mobility,traffic_speed_eps4.0,budget_absorption,4.0,8,3,8.0,2,4,0.0,35.443253701439176,0.29536044751199314,0.13040372659650937,0.46522781774580335,8.57074340527578,417
mobility,traffic_speed_eps4.0,budget_absorption,4.0,8,3,16.0,2,4,0.0,32.113185880902286,0.26760988234085237,0.31400203490658174,0.45323741007194246,8.57074340527578,417
mobility,traffic_speed_eps4.0,budget_absorption,4.0,8,4,,2,4,0.0,32.113185880902286,0.26760988234085237,0.31400203490658174,0.45323741007194246,8.57074340527578,417
mobility,traffic_speed_eps4.0,budget_absorption,4.0,8,4,4.0,2,4,0.0,73.78783149710445,0.6148985958092037,0.5803069680376917,0.49160671462829736,8.57074340527578,417
mobility,traffic_speed_eps4.0,budget_absorption,4.0,8,4,8.0,2,4,0.0,35.443253701439176,0.29536044751199314,0.13040372659650937,0.46522781774580335,8.57074340527578,417
mobility,traffic_speed_eps4.0,budget_absorption,4.0,8,4,16.0,2,4,0.0,32.113185880902286,0.26760988234085237,0.31400203490658174,0.45323741007194246,8.57074340527578,417
mobility,traffic_speed_eps4.0,budget_absorption,4.0,8,6,,2,4,0.0,31.623181790832177,0.26352651492360146,0.35245016452771244,0.43099273607748184,8.624697336561743,413
mobility,traffic_speed_eps4.0,budget_absorption,4.0,8,6,8.0,2,4,0.0,35.026821459151755,0.2918901788262646,0.130968552691348,0.43825665859564167,8.624697336561743,413
mobility,traffic_speed_eps4.0,budget_absorption,4.0,8,6,16.0,2,4,0.0,31.623181790832177,0.26352651492360146,0.35245016452771244,0.43099273607748184,8.624697336561743,413
mobility,traffic_speed_eps4.0,budget_absorption,4.0,8,1,,4,0,0.0,21.750459118777634,0.18125382598981363,0.30601297631018487,0.3875598086124402,12.44976076555024,209
mobility,traffic_speed_eps4.0,budget_absorption,4.0,8,1,4.0,4,0,0.0,86.9333798970727,0.7244448324756058,0.355869368642848,0.5502392344497608,12.44976076555024,209
mobility,traffic_speed_eps4.0,budget_absorption,4.0,8,1,8.0,4,0,0.0,39.09927990420846,0.3258273325350705,0.35168952302983153,0.49282296650717705,12.44976076555024,209
mobility,traffic_speed_eps4.0,budget_absorption,4.0,8,1,16.0,4,0,0.0,21.750459118777634,0.18125382598981363,0.30601297631018487,0.3875598086124402,12.44976076555024,209
mobility,traffic_speed_eps4.0,budget_absorption,4.0,8,2,,4,0,0.0,21.750459118777634,0.18125382598981363,0.30601297631018487,0.3875598086124402,12.44976076555024,209
mobility,traffic_speed_eps4.0,budget_absorption,4.0,8,2,4.0,4,0,0.0,86.9333798970727,0.7244448324756058,0.355869368642848,0.5502392344497608,12.44976076555024,209
mobility,traffic_speed_eps4.0,budget_absorption,4.0,8,2,8.0,4,0,0.0,39.09927990420846,0.3258273325350705,0.35168952302983153,0.49282296650717705,12.44976076555024,209
mobility,traffic_speed_eps4.0,budget_absorption,4.0,8,2,16.0,4,0,0.0,21.750459118777634,0.18125382598981363,0.30601297631018487,0.3875598086124402,12.44976076555024,209
mobility,traffic_speed_eps4.0,budget_absorption,4.0,8,3,,4,0,0.0,21.750459118777634,0.18125382598981363,0.30601297631018487,0.3875598086124402,12.44976076555024,209
mobility,traffic_speed_eps4.0,budget_absorption,4.0,8,3,4.0,4,0,0.0,86.9333798970727,0.7244448324756058,0.355869368642848,0.5502392344497608,12.44976076555024,209
mobility,traffic_speed_eps4.0,budget_absorption,4.0,8,3,8.0,4,0,0.0,39.09927990420846,0.3258273325350705,0.35168952302983153,0.49282296650717705,12.44976076555024,209
mobility,traffic_speed_eps4.0,budget_absorption,4.0,8,3,16.0,4,0,0.0,21.750459118777634,0.18125382598981363,0.30601297631018487,0.3875598086124402,12.44976076555024,209
mobility,traffic_speed_eps4.0,budget_absorption,4.0,8,4,,4,0,0.0,21.750459118777634,0.18125382598981363,0.30601297631018487,0.3875598086124402,12.44976076555024,209
mobility,traffic_speed_eps4.0,budget_absorption,4.0,8,4,4.0,4,0,0.0,86.9333798970727,0.7244448324756058,0.355869368642848,0.5502392344497608,12.44976076555024,209
mobility,traffic_speed_eps4.0,budget_absorption,4.0,8,4,8.0,4,0,0.0,39.09927990420846,0.3258273325350705,0.35168952302983153,0.49282296650717705,12.44976076555024,209
mobility,traffic_speed_eps4.0,budget_absorption,4.0,8,4,16.0,4,0,0.0,21.750459118777634,0.18125382598981363,0.30601297631018487,0.3875598086124402,12.44976076555024,209
mobility,traffic_speed_eps4.0,budget_absorption,4.0,8,6,,4,0,0.0,21.750459118777634,0.18125382598981363,0.30601297631018487,0.3875598086124402,12.44976076555024,209
mobility,traffic_speed_eps4.0,budget_absorption,4.0,8,6,8.0,4,0,0.0,39.09927990420846,0.3258273325350705,0.35168952302983153,0.49282296650717705,12.44976076555024,209
mobility,traffic_speed_eps4.0,budget_absorption,4.0,8,6,16.0,4,0,0.0,21.750459118777634,0.18125382598981363,0.30601297631018487,0.3875598086124402,12.44976076555024,209
mobility,traffic_speed_eps4.0,budget_absorption,4.0,8,1,,4,2,0.0,21.750459118777634,0.18125382598981363,0.30601297631018487,0.3875598086124402,12.44976076555024,209
mobility,traffic_speed_eps4.0,budget_absorption,4.0,8,1,4.0,4,2,0.0,86.9333798970727,0.7244448324756058,0.355869368642848,0.5502392344497608,12.44976076555024,209
mobility,traffic_speed_eps4.0,budget_absorption,4.0,8,1,8.0,4,2,0.0,39.09927990420846,0.3258273325350705,0.35168952302983153,0.49282296650717705,12.44976076555024,209
mobility,traffic_speed_eps4.0,budget_absorption,4.0,8,1,16.0,4,2,0.0,21.750459118777634,0.18125382598981363,0.30601297631018487,0.3875598086124402,12.44976076555024,209
mobility,traffic_speed_eps4.0,budget_absorption,4.0,8,2,,4,2,0.0,21.750459118777634,0.18125382598981363,0.30601297631018487,0.3875598086124402,12.44976076555024,209
mobility,traffic_speed_eps4.0,budget_absorption,4.0,8,2,4.0,4,2,0.0,86.9333798970727,0.7244448324756058,0.355869368642848,0.5502392344497608,12.44976076555024,209
mobility,traffic_speed_eps4.0,budget_absorption,4.0,8,2,8.0,4,2,0.0,39.09927990420846,0.3258273325350705,0.35168952302983153,0.49282296650717705,12.44976076555024,209
mobility,traffic_speed_eps4.0,budget_absorption,4.0,8,2,16.0,4,2,0.0,21.750459118777634,0.18125382598981363,0.30601297631018487,0.3875598086124402,12.44976076555024,209
mobility,traffic_speed_eps4.0,budget_absorption,4.0,8,3,,4,2,0.0,21.750459118777634,0.18125382598981363,0.30601297631018487,0.3875598086124402,12.44976076555024,209
mobility,traffic_speed_eps4.0,budget_absorption,4.0,8,3,4.0,4,2,0.0,86.9333798970727,0.7244448324756058,0.355869368642848,0.5502392344497608,12.44976076555024,209
mobility,traffic_speed_eps4.0,budget_absorption,4.0,8,3,8.0,4,2,0.0,39.09927990420846,0.3258273325350705,0.35168952302983153,0.49282296650717705,12.44976076555024,209
mobility,traffic_speed_eps4.0,budget_absorption,4.0,8,3,16.0,4,2,0.0,21.750459118777634,0.18125382598981363,0.30601297631018487,0.3875598086124402,12.44976076555024,209
mobility,traffic_speed_eps4.0,budget_absorption,4.0,8,4,,4,2,0.0,21.750459118777634,0.18125382598981363,0.30601297631018487,0.3875598086124402,12.44976076555024,209
mobility,traffic_speed_eps4.0,budget_absorption,4.0,8,4,4.0,4,2,0.0,86.9333798970727,0.7244448324756058,0.355869368642848,0.5502392344497608,12.44976076555024,209
mobility,traffic_speed_eps4.0,budget_absorption,4.0,8,4,8.0,4,2,0.0,39.09927990420846,0.3258273325350705,0.35168952302983153,0.49282296650717705,12.44976076555024,209
mobility,traffic_speed_eps4.0,budget_absorption,4.0,8,4,16.0,4,2,0.0,21.750459118777634,0.18125382598981363,0.30601297631018487,0.3875598086124402,12.44976076555024,209
mobility,traffic_speed_eps4.0,budget_absorption,4.0,8,6,,4,2,0.0,21.750459118777634,0.18125382598981363,0.30601297631018487,0.3875598086124402,12.44976076555024,209
mobility,traffic_speed_eps4.0,budget_absorption,4.0,8,6,8.0,4,2,0.0,39.09927990420846,0.3258273325350705,0.35168952302983153,0.49282296650717705,12.44976076555024,209
mobility,traffic_speed_eps4.0,budget_absorption,4.0,8,6,16.0,4,2,0.0,21.750459118777634,0.18125382598981363,0.30601297631018487,0.3875598086124402,12.44976076555024,209
mobility,traffic_speed_eps4.0,budget_absorption,4.0,8,1,,4,4,0.0,21.750459118777634,0.18125382598981363,0.30601297631018487,0.3875598086124402,12.44976076555024,209
mobility,traffic_speed_eps4.0,budget_absorption,4.0,8,1,4.0,4,4,0.0,86.9333798970727,0.7244448324756058,0.355869368642848,0.5502392344497608,12.44976076555024,209
mobility,traffic_speed_eps4.0,budget_absorption,4.0,8,1,8.0,4,4,0.0,39.09927990420846,0.3258273325350705,0.35168952302983153,0.49282296650717705,12.44976076555024,209
mobility,traffic_speed_eps4.0,budget_absorption,4.0,8,1,16.0,4,4,0.0,21.750459118777634,0.18125382598981363,0.30601297631018487,0.3875598086124402,12.44976076555024,209
mobility,traffic_speed_eps4.0,budget_absorption,4.0,8,2,,4,4,0.0,21.750459118777634,0.18125382598981363,0.30601297631018487,0.3875598086124402,12.44976076555024,209
mobility,traffic_speed_eps4.0,budget_absorption,4.0,8,2,4.0,4,4,0.0,86.9333798970727,0.7244448324756058,0.355869368642848,0.5502392344497608,12.44976076555024,209
mobility,traffic_speed_eps4.0,budget_absorption,4.0,8,2,8.0,4,4,0.0,39.09927990420846,0.3258273325350705,0.35168952302983153,0.49282296650717705,12.44976076555024,209
mobility,traffic_speed_eps4.0,budget_absorption,4.0,8,2,16.0,4,4,0.0,21.750459118777634,0.18125382598981363,0.30601297631018487,0.3875598086124402,12.44976076555024,209
mobility,traffic_speed_eps4.0,budget_absorption,4.0,8,3,,4,4,0.0,21.750459118777634,0.18125382598981363,0.30601297631018487,0.3875598086124402,12.44976076555024,209
mobility,traffic_speed_eps4.0,budget_absorption,4.0,8,3,4.0,4,4,0.0,86.9333798970727,0.7244448324756058,0.355869368642848,0.5502392344497608,12.44976076555024,209
mobility,traffic_speed_eps4.0,budget_absorption,4.0,8,3,8.0,4,4,0.0,39.09927990420846,0.3258273325350705,0.35168952302983153,0.49282296650717705,12.44976076555024,209
mobility,traffic_speed_eps4.0,budget_absorption,4.0,8,3,16.0,4,4,0.0,21.750459118777634,0.18125382598981363,0.30601297631018487,0.3875598086124402,12.44976076555024,209
mobility,traffic_speed_eps4.0,budget_absorption,4.0,8,4,,4,4,0.0,21.750459118777634,0.18125382598981363,0.30601297631018487,0.3875598086124402,12.44976076555024,209
mobility,traffic_speed_eps4.0,budget_absorption,4.0,8,4,4.0,4,4,0.0,86.9333798970727,0.7244448324756058,0.355869368642848,0.5502392344497608,12.44976076555024,209
mobility,traffic_speed_eps4.0,budget_absorption,4.0,8,4,8.0,4,4,0.0,39.09927990420846,0.3258273325350705,0.35168952302983153,0.49282296650717705,12.44976076555024,209
mobility,traffic_speed_eps4.0,budget_absorption,4.0,8,4,16.0,4,4,0.0,21.750459118777634,0.18125382598981363,0.30601297631018487,0.3875598086124402,12.44976076555024,209
mobility,traffic_speed_eps4.0,budget_absorption,4.0,8,6,,4,4,0.0,21.750459118777634,0.18125382598981363,0.30601297631018487,0.3875598086124402,12.44976076555024,209
mobility,traffic_speed_eps4.0,budget_absorption,4.0,8,6,8.0,4,4,0.0,39.09927990420846,0.3258273325350705,0.35168952302983153,0.49282296650717705,12.44976076555024,209
mobility,traffic_speed_eps4.0,budget_absorption,4.0,8,6,16.0,4,4,0.0,21.750459118777634,0.18125382598981363,0.30601297631018487,0.3875598086124402,12.44976076555024,209
mobility,traffic_speed_eps4.0,p_gated_uniform,4.0,8,1,,1,0,0.0,46.07765395022697,0.3839804495852247,0.5788003765891842,1.0,5.08273381294964,834
mobility,traffic_speed_eps4.0,p_gated_uniform,4.0,8,1,4.0,1,0,0.0,57.62491709856012,0.48020764248800096,0.7915055633026945,1.0,5.08273381294964,834
mobility,traffic_speed_eps4.0,p_gated_uniform,4.0,8,1,8.0,1,0,0.0,46.07765395022697,0.3839804495852247,0.5788003765891842,1.0,5.08273381294964,834
mobility,traffic_speed_eps4.0,p_gated_uniform,4.0,8,1,16.0,1,0,0.0,46.07765395022697,0.3839804495852247,0.5788003765891842,1.0,5.08273381294964,834
mobility,traffic_speed_eps4.0,p_gated_uniform,4.0,8,2,,1,0,0.0,46.07765395022697,0.3839804495852247,0.5788003765891842,1.0,5.08273381294964,834
mobility,traffic_speed_eps4.0,p_gated_uniform,4.0,8,2,4.0,1,0,0.0,57.62491709856012,0.48020764248800096,0.7915055633026945,1.0,5.08273381294964,834
mobility,traffic_speed_eps4.0,p_gated_uniform,4.0,8,2,8.0,1,0,0.0,46.07765395022697,0.3839804495852247,0.5788003765891842,1.0,5.08273381294964,834
mobility,traffic_speed_eps4.0,p_gated_uniform,4.0,8,2,16.0,1,0,0.0,46.07765395022697,0.3839804495852247,0.5788003765891842,1.0,5.08273381294964,834
mobility,traffic_speed_eps4.0,p_gated_uniform,4.0,8,3,,1,0,0.0,46.047890503125885,0.38373242085938236,0.5780098230289986,0.9988009592326139,5.08273381294964,834
mobility,traffic_speed_eps4.0,p_gated_uniform,4.0,8,3,4.0,1,0,0.0,57.59463394468052,0.47995528287233763,0.7902794238322913,0.9988009592326139,5.08273381294964,834
mobility,traffic_speed_eps4.0,p_gated_uniform,4.0,8,3,8.0,1,0,0.0,46.047890503125885,0.38373242085938236,0.5780098230289986,0.9988009592326139,5.08273381294964,834
mobility,traffic_speed_eps4.0,p_gated_uniform,4.0,8,3,16.0,1,0,0.0,46.047890503125885,0.38373242085938236,0.5780098230289986,0.9988009592326139,5.08273381294964,834
mobility,traffic_speed_eps4.0,p_gated_uniform,4.0,8,4,,1,0,0.0,45.67285116448093,0.3806070930373411,0.5672887342531954,0.9676258992805755,5.08273381294964,834
mobility,traffic_speed_eps4.0,p_gated_uniform,4.0,8,4,4.0,1,0,0.0,57.44006524697815,0.4786672103914846,0.8007744748685366,0.9676258992805755,5.08273381294964,834
mobility,traffic_speed_eps4.0,p_gated_uniform,4.0,8,4,8.0,1,0,0.0,45.67285116448093,0.3806070930373411,0.5672887342531954,0.9676258992805755,5.08273381294964,834
mobility,traffic_speed_eps4.0,p_gated_uniform,4.0,8,4,16.0,1,0,0.0,45.67285116448093,0.3806070930373411,0.5672887342531954,0.9676258992805755,5.08273381294964,834
mobility,traffic_speed_eps4.0,p_gated_uniform,4.0,8,6,,1,0,0.0,38.71602147311933,0.32263351227599446,0.5624100051543055,0.33213429256594723,5.08273381294964,834
mobility,traffic_speed_eps4.0,p_gated_uniform,4.0,8,6,8.0,1,0,0.0,38.71602147311933,0.32263351227599446,0.5624100051543055,0.33213429256594723,5.08273381294964,834
mobility,traffic_speed_eps4.0,p_gated_uniform,4.0,8,6,16.0,1,0,0.0,38.71602147311933,0.32263351227599446,0.5624100051543055,0.33213429256594723,5.08273381294964,834
mobility,traffic_speed_eps4.0,p_gated_uniform,4.0,8,1,,1,2,0.0,46.07765395022697,0.3839804495852247,0.5788003765891842,1.0,5.08273381294964,834
mobility,traffic_speed_eps4.0,p_gated_uniform,4.0,8,1,4.0,1,2,0.0,57.62491709856012,0.48020764248800096,0.7915055633026945,1.0,5.08273381294964,834
mobility,traffic_speed_eps4.0,p_gated_uniform,4.0,8,1,8.0,1,2,0.0,46.07765395022697,0.3839804495852247,0.5788003765891842,1.0,5.08273381294964,834
mobility,traffic_speed_eps4.0,p_gated_uniform,4.0,8,1,16.0,1,2,0.0,46.07765395022697,0.3839804495852247,0.5788003765891842,1.0,5.08273381294964,834
mobility,traffic_speed_eps4.0,p_gated_uniform,4.0,8,2,,1,2,0.0,46.07765395022697,0.3839804495852247,0.5788003765891842,1.0,5.08273381294964,834
mobility,traffic_speed_eps4.0,p_gated_uniform,4.0,8,2,4.0,1,2,0.0,57.62491709856012,0.48020764248800096,0.7915055633026945,1.0,5.08273381294964,834
mobility,traffic_speed_eps4.0,p_gated_uniform,4.0,8,2,8.0,1,2,0.0,46.07765395022697,0.3839804495852247,0.5788003765891842,1.0,5.08273381294964,834
mobility,traffic_speed_eps4.0,p_gated_uniform,4.0,8,2,16.0,1,2,0.0,46.07765395022697,0.3839804495852247,0.5788003765891842,1.0,5.08273381294964,834
mobility,traffic_speed_eps4.0,p_gated_uniform,4.0,8,3,,1,2,0.0,46.047890503125885,0.38373242085938236,0.5780098230289986,0.9988009592326139,5.08273381294964,834
mobility,traffic_speed_eps4.0,p_gated_uniform,4.0,8,3,4.0,1,2,0.0,57.59463394468052,0.47995528287233763,0.7902794238322913,0.9988009592326139,5.08273381294964,834
mobility,traffic_speed_eps4.0,p_gated_uniform,4.0,8,3,8.0,1,2,0.0,46.047890503125885,0.38373242085938236,0.5780098230289986,0.9988009592326139,5.08273381294964,834
mobility,traffic_speed_eps4.0,p_gated_uniform,4.0,8,3,16.0,1,2,0.0,46.047890503125885,0.38373242085938236,0.5780098230289986,0.9988009592326139,5.08273381294964,834
mobility,traffic_speed_eps4.0,p_gated_uniform,4.0,8,4,,1,2,0.0,45.18663246182151,0.37655527051517923,0.8084786855003318,0.9987623762376238,5.212871287128713,808
mobility,traffic_speed_eps4.0,p_gated_uniform,4.0,8,4,4.0,1,2,0.0,57.479815755264376,0.47899846462720314,0.7843788168676258,0.9987623762376238,5.212871287128713,808
mobility,traffic_speed_eps4.0,p_gated_uniform,4.0,8,4,8.0,1,2,0.0,45.19153639378843,0.3765961366149036,0.8084786855003318,0.9987623762376238,5.212871287128713,808
mobility,traffic_speed_eps4.0,p_gated_uniform,4.0,8,4,16.0,1,2,0.0,45.18663246182151,0.37655527051517923,0.8084786855003318,0.9987623762376238,5.212871287128713,808
mobility,traffic_speed_eps4.0,p_gated_uniform,4.0,8,6,,1,2,0.0,32.16916390603401,0.2680763658836167,0.7424944540468073,0.9979959919839679,7.462925851703407,499
mobility,traffic_speed_eps4.0,p_gated_uniform,4.0,8,6,8.0,1,2,0.0,33.38129811395931,0.27817748428299427,0.7524570288447796,0.9979959919839679,7.462925851703407,499
mobility,traffic_speed_eps4.0,p_gated_uniform,4.0,8,6,16.0,1,2,0.0,32.16916390603401,0.2680763658836167,0.7424944540468073,0.9979959919839679,7.462925851703407,499
mobility,traffic_speed_eps4.0,p_gated_uniform,4.0,8,1,,1,4,0.0,46.07765395022697,0.3839804495852247,0.5788003765891842,1.0,5.08273381294964,834
mobility,traffic_speed_eps4.0,p_gated_uniform,4.0,8,1,4.0,1,4,0.0,57.62491709856012,0.48020764248800096,0.7915055633026945,1.0,5.08273381294964,834
mobility,traffic_speed_eps4.0,p_gated_uniform,4.0,8,1,8.0,1,4,0.0,46.07765395022697,0.3839804495852247,0.5788003765891842,1.0,5.08273381294964,834
mobility,traffic_speed_eps4.0,p_gated_uniform,4.0,8,1,16.0,1,4,0.0,46.07765395022697,0.3839804495852247,0.5788003765891842,1.0,5.08273381294964,834
mobility,traffic_speed_eps4.0,p_gated_uniform,4.0,8,2,,1,4,0.0,46.07765395022697,0.3839804495852247,0.5788003765891842,1.0,5.08273381294964,834
mobility,traffic_speed_eps4.0,p_gated_uniform,4.0,8,2,4.0,1,4,0.0,57.62491709856012,0.48020764248800096,0.7915055633026945,1.0,5.08273381294964,834
mobility,traffic_speed_eps4.0,p_gated_uniform,4.0,8,2,8.0,1,4,0.0,46.07765395022697,0.3839804495852247,0.5788003765891842,1.0,5.08273381294964,834
mobility,traffic_speed_eps4.0,p_gated_uniform,4.0,8,2,16.0,1,4,0.0,46.07765395022697,0.3839804495852247,0.5788003765891842,1.0,5.08273381294964,834
mobility,traffic_speed_eps4.0,p_gated_uniform,4.0,8,3,,1,4,0.0,46.047890503125885,0.38373242085938236,0.5780098230289986,0.9988009592326139,5.08273381294964,834
mobility,traffic_speed_eps4.0,p_gated_uniform,4.0,8,3,4.0,1,4,0.0,57.59463394468052,0.47995528287233763,0.7902794238322913,0.9988009592326139,5.08273381294964,834
mobility,traffic_speed_eps4.0,p_gated_uniform,4.0,8,3,8.0,1,4,0.0,46.047890503125885,0.38373242085938236,0.5780098230289986,0.9988009592326139,5.08273381294964,834
mobility,traffic_speed_eps4.0,p_gated_uniform,4.0,8,3,16.0,1,4,0.0,46.047890503125885,0.38373242085938236,0.5780098230289986,0.9988009592326139,5.08273381294964,834
mobility,traffic_speed_eps4.0,p_gated_uniform,4.0,8,4,,1,4,0.0,45.18663246182151,0.37655527051517923,0.8084786855003318,0.9987623762376238,5.212871287128713,808
mobility,traffic_speed_eps4.0,p_gated_uniform,4.0,8,4,4.0,1,4,0.0,57.479815755264376,0.47899846462720314,0.7843788168676258,0.9987623762376238,5.212871287128713,808
mobility,traffic_speed_eps4.0,p_gated_uniform,4.0,8,4,8.0,1,4,0.0,45.19153639378843,0.3765961366149036,0.8084786855003318,0.9987623762376238,5.212871287128713,808
mobility,traffic_speed_eps4.0,p_gated_uniform,4.0,8,4,16.0,1,4,0.0,45.18663246182151,0.37655527051517923,0.8084786855003318,0.9987623762376238,5.212871287128713,808
mobility,traffic_speed_eps4.0,p_gated_uniform,4.0,8,6,,1,4,0.0,32.16916390603401,0.2680763658836167,0.7424944540468073,0.9979959919839679,7.462925851703407,499
mobility,traffic_speed_eps4.0,p_gated_uniform,4.0,8,6,8.0,1,4,0.0,33.38129811395931,0.27817748428299427,0.7524570288447796,0.9979959919839679,7.462925851703407,499
mobility,traffic_speed_eps4.0,p_gated_uniform,4.0,8,6,16.0,1,4,0.0,32.16916390603401,0.2680763658836167,0.7424944540468073,0.9979959919839679,7.462925851703407,499
mobility,traffic_speed_eps4.0,p_gated_uniform,4.0,8,1,,2,0,0.0,28.715624441720383,0.23929687034766986,0.551282868478398,1.0,8.57074340527578,417
mobility,traffic_speed_eps4.0,p_gated_uniform,4.0,8,1,4.0,2,0,0.0,59.98098009596857,0.49984150079973805,0.7662425751686769,1.0,8.57074340527578,417
mobility,traffic_speed_eps4.0,p_gated_uniform,4.0,8,1,8.0,2,0,0.0,31.22140877273768,0.26017840643948065,0.6575436838816934,1.0,8.57074340527578,417
mobility,traffic_speed_eps4.0,p_gated_uniform,4.0,8,1,16.0,2,0,0.0,28.715624441720383,0.23929687034766986,0.551282868478398,1.0,8.57074340527578,417
mobility,traffic_speed_eps4.0,p_gated_uniform,4.0,8,2,,2,0,0.0,28.715624441720383,0.23929687034766986,0.551282868478398,1.0,8.57074340527578,417
mobility,traffic_speed_eps4.0,p_gated_uniform,4.0,8,2,4.0,2,0,0.0,59.98098009596857,0.49984150079973805,0.7662425751686769,1.0,8.57074340527578,417
mobility,traffic_speed_eps4.0,p_gated_uniform,4.0,8,2,8.0,2,0,0.0,31.22140877273768,0.26017840643948065,0.6575436838816934,1.0,8.57074340527578,417
mobility,traffic_speed_eps4.0,p_gated_uniform,4.0,8,2,16.0,2,0,0.0,28.715624441720383,0.23929687034766986,0.551282868478398,1.0,8.57074340527578,417
mobility,traffic_speed_eps4.0,p_gated_uniform,4.0,8,3,,2,0,0.0,28.715624441720383,0.23929687034766986,0.551282868478398,1.0,8.57074340527578,417
mobility,traffic_speed_eps4.0,p_gated_uniform,4.0,8,3,4.0,2,0,0.0,59.98098009596857,0.49984150079973805,0.7662425751686769,1.0,8.57074340527578,417
mobility,traffic_speed_eps4.0,p_gated_uniform,4.0,8,3,8.0,2,0,0.0,31.22140877273768,0.26017840643948065,0.6575436838816934,1.0,8.57074340527578,417
mobility,traffic_speed_eps4.0,p_gated_uniform,4.0,8,3,16.0,2,0,0.0,28.715624441720383,0.23929687034766986,0.551282868478398,1.0,8.57074340527578,417
mobility,traffic_speed_eps4.0,p_gated_uniform,4.0,8,4,,2,0,0.0,28.715624441720383,0.23929687034766986,0.551282868478398,1.0,8.57074340527578,417
mobility,traffic_speed_eps4.0,p_gated_uniform,4.0,8,4,4.0,2,0,0.0,59.98098009596857,0.49984150079973805,0.7662425751686769,1.0,8.57074340527578,417
mobility,traffic_speed_eps4.0,p_gated_uniform,4.0,8,4,8.0,2,0,0.0,31.22140877273768,0.26017840643948065,0.6575436838816934,1.0,8.57074340527578,417
mobility,traffic_speed_eps4.0,p_gated_uniform,4.0,8,4,16.0,2,0,0.0,28.715624441720383,0.23929687034766986,0.551282868478398,1.0,8.57074340527578,417
mobility,traffic_speed_eps4.0,p_gated_uniform,4.0,8,6,,2,0,0.0,29.21467180194017,0.24345559834950142,0.35743377577243424,0.9904076738609112,8.57074340527578,417
mobility,traffic_speed_eps4.0,p_gated_uniform,4.0,8,6,8.0,2,0,0.0,31.726357322581524,0.2643863110215127,0.3875766907415404,0.9904076738609112,8.57074340527578,417
mobility,traffic_speed_eps4.0,p_gated_uniform,4.0,8,6,16.0,2,0,0.0,29.21467180194017,0.24345559834950142,0.35743377577243424,0.9904076738609112,8.57074340527578,417
mobility,traffic_speed_eps4.0,p_gated_uniform,4.0,8,1,,2,2,0.0,28.715624441720383,0.23929687034766986,0.551282868478398,1.0,8.57074340527578,417
mobility,traffic_speed_eps4.0,p_gated_uniform,4.0,8,1,4.0,2,2,0.0,59.98098009596857,0.49984150079973805,0.7662425751686769,1.0,8.57074340527578,417
mobility,traffic_speed_eps4.0,p_gated_uniform,4.0,8,1,8.0,2,2,0.0,31.22140877273768,0.26017840643948065,0.6575436838816934,1.0,8.57074340527578,417
mobility,traffic_speed_eps4.0,p_gated_uniform,4.0,8,1,16.0,2,2,0.0,28.715624441720383,0.23929687034766986,0.551282868478398,1.0,8.57074340527578,417
mobility,traffic_speed_eps4.0,p_gated_uniform,4.0,8,2,,2,2,0.0,28.715624441720383,0.23929687034766986,0.551282868478398,1.0,8.57074340527578,417
mobility,traffic_speed_eps4.0,p_gated_uniform,4.0,8,2,4.0,2,2,0.0,59.98098009596857,0.49984150079973805,0.7662425751686769,1.0,8.57074340527578,417
mobility,traffic_speed_eps4.0,p_gated_uniform,4.0,8,2,8.0,2,2,0.0,31.22140877273768,0.26017840643948065,0.6575436838816934,1.0,8.57074340527578,417
mobility,traffic_speed_eps4.0,p_gated_uniform,4.0,8,2,16.0,2,2,0.0,28.715624441720383,0.23929687034766986,0.551282868478398,1.0,8.57074340527578,417
mobility,traffic_speed_eps4.0,p_gated_uniform,4.0,8,3,,2,2,0.0,28.715624441720383,0.23929687034766986,0.551282868478398,1.0,8.57074340527578,417
mobility,traffic_speed_eps4.0,p_gated_uniform,4.0,8,3,4.0,2,2,0.0,59.98098009596857,0.49984150079973805,0.7662425751686769,1.0,8.57074340527578,417
mobility,traffic_speed_eps4.0,p_gated_uniform,4.0,8,3,8.0,2,2,0.0,31.22140877273768,0.26017840643948065,0.6575436838816934,1.0,8.57074340527578,417
mobility,traffic_speed_eps4.0,p_gated_uniform,4.0,8,3,16.0,2,2,0.0,28.715624441720383,0.23929687034766986,0.551282868478398,1.0,8.57074340527578,417
mobility,traffic_speed_eps4.0,p_gated_uniform,4.0,8,4,,2,2,0.0,28.715624441720383,0.23929687034766986,0.551282868478398,1.0,8.57074340527578,417
mobility,traffic_speed_eps4.0,p_gated_uniform,4.0,8,4,4.0,2,2,0.0,59.98098009596857,0.49984150079973805,0.7662425751686769,1.0,8.57074340527578,417
mobility,traffic_speed_eps4.0,p_gated_uniform,4.0,8,4,8.0,2,2,0.0,31.22140877273768,0.26017840643948065,0.6575436838816934,1.0,8.57074340527578,417
mobility,traffic_speed_eps4.0,p_gated_uniform,4.0,8,4,16.0,2,2,0.0,28.715624441720383,0.23929687034766986,0.551282868478398,1.0,8.57074340527578,417
mobility,traffic_speed_eps4.0,p_gated_uniform,4.0,8,6,,2,2,0.0,28.642893996026125,0.2386907833002177,0.3529729607969132,1.0,8.624697336561743,413
mobility,traffic_speed_eps4.0,p_gated_uniform,4.0,8,6,8.0,2,2,0.0,31.176104195623658,0.25980086829686383,0.3875766907415404,1.0,8.624697336561743,413
mobility,traffic_speed_eps4.0,p_gated_uniform,4.0,8,6,16.0,2,2,0.0,28.642893996026125,0.2386907833002177,0.3529729607969132,1.0,8.624697336561743,413
mobility,traffic_speed_eps4.0,p_gated_uniform,4.0,8,1,,2,4,0.0,28.715624441720383,0.23929687034766986,0.551282868478398,1.0,8.57074340527578,417
mobility,traffic_speed_eps4.0,p_gated_uniform,4.0,8,1,4.0,2,4,0.0,59.98098009596857,0.49984150079973805,0.7662425751686769,1.0,8.57074340527578,417
mobility,traffic_speed_eps4.0,p_gated_uniform,4.0,8,1,8.0,2,4,0.0,31.22140877273768,0.26017840643948065,0.6575436838816934,1.0,8.57074340527578,417
mobility,traffic_speed_eps4.0,p_gated_uniform,4.0,8,1,16.0,2,4,0.0,28.715624441720383,0.23929687034766986,0.551282868478398,1.0,8.57074340527578,417
mobility,traffic_speed_eps4.0,p_gated_uniform,4.0,8,2,,2,4,0.0,28.715624441720383,0.23929687034766986,0.551282868478398,1.0,8.57074340527578,417
mobility,traffic_speed_eps4.0,p_gated_uniform,4.0,8,2,4.0,2,4,0.0,59.98098009596857,0.49984150079973805,0.7662425751686769,1.0,8.57074340527578,417
mobility,traffic_speed_eps4.0,p_gated_uniform,4.0,8,2,8.0,2,4,0.0,31.22140877273768,0.26017840643948065,0.6575436838816934,1.0,8.57074340527578,417
mobility,traffic_speed_eps4.0,p_gated_uniform,4.0,8,2,16.0,2,4,0.0,28.715624441720383,0.23929687034766986,0.551282868478398,1.0,8.57074340527578,417
mobility,traffic_speed_eps4.0,p_gated_uniform,4.0,8,3,,2,4,0.0,28.715624441720383,0.23929687034766986,0.551282868478398,1.0,8.57074340527578,417
mobility,traffic_speed_eps4.0,p_gated_uniform,4.0,8,3,4.0,2,4,0.0,59.98098009596857,0.49984150079973805,0.7662425751686769,1.0,8.57074340527578,417
mobility,traffic_speed_eps4.0,p_gated_uniform,4.0,8,3,8.0,2,4,0.0,31.22140877273768,0.26017840643948065,0.6575436838816934,1.0,8.57074340527578,417
mobility,traffic_speed_eps4.0,p_gated_uniform,4.0,8,3,16.0,2,4,0.0,28.715624441720383,0.23929687034766986,0.551282868478398,1.0,8.57074340527578,417
mobility,traffic_speed_eps4.0,p_gated_uniform,4.0,8,4,,2,4,0.0,28.715624441720383,0.23929687034766986,0.551282868478398,1.0,8.57074340527578,417
mobility,traffic_speed_eps4.0,p_gated_uniform,4.0,8,4,4.0,2,4,0.0,59.98098009596857,0.49984150079973805,0.7662425751686769,1.0,8.57074340527578,417
mobility,traffic_speed_eps4.0,p_gated_uniform,4.0,8,4,8.0,2,4,0.0,31.22140877273768,0.26017840643948065,0.6575436838816934,1.0,8.57074340527578,417
mobility,traffic_speed_eps4.0,p_gated_uniform,4.0,8,4,16.0,2,4,0.0,28.715624441720383,0.23929687034766986,0.551282868478398,1.0,8.57074340527578,417
mobility,traffic_speed_eps4.0,p_gated_uniform,4.0,8,6,,2,4,0.0,28.642893996026125,0.2386907833002177,0.3529729607969132,1.0,8.624697336561743,413
mobility,traffic_speed_eps4.0,p_gated_uniform,4.0,8,6,8.0,2,4,0.0,31.176104195623658,0.25980086829686383,0.3875766907415404,1.0,8.624697336561743,413
mobility,traffic_speed_eps4.0,p_gated_uniform,4.0,8,6,16.0,2,4,0.0,28.642893996026125,0.2386907833002177,0.3529729607969132,1.0,8.624697336561743,413
mobility,traffic_speed_eps4.0,p_gated_uniform,4.0,8,1,,4,0,0.0,19.974713664121897,0.1664559472010158,0.6877916827513206,1.0,12.44976076555024,209
mobility,traffic_speed_eps4.0,p_gated_uniform,4.0,8,1,4.0,4,0,0.0,60.552403852062895,0.5046033654338574,0.7797168740397172,1.0,12.44976076555024,209
mobility,traffic_speed_eps4.0,p_gated_uniform,4.0,8,1,8.0,4,0,0.0,30.28447419410934,0.2523706182842445,0.7370632678585235,1.0,12.44976076555024,209
mobility,traffic_speed_eps4.0,p_gated_uniform,4.0,8,1,16.0,4,0,0.0,19.974713664121897,0.1664559472010158,0.6877916827513206,1.0,12.44976076555024,209
mobility,traffic_speed_eps4.0,p_gated_uniform,4.0,8,2,,4,0,0.0,19.974713664121897,0.1664559472010158,0.6877916827513206,1.0,12.44976076555024,209
mobility,traffic_speed_eps4.0,p_gated_uniform,4.0,8,2,4.0,4,0,0.0,60.552403852062895,0.5046033654338574,0.7797168740397172,1.0,12.44976076555024,209
mobility,traffic_speed_eps4.0,p_gated_uniform,4.0,8,2,8.0,4,0,0.0,30.28447419410934,0.2523706182842445,0.7370632678585235,1.0,12.44976076555024,209
mobility,traffic_speed_eps4.0,p_gated_uniform,4.0,8,2,16.0,4,0,0.0,19.974713664121897,0.1664559472010158,0.6877916827513206,1.0,12.44976076555024,209
mobility,traffic_speed_eps4.0,p_gated_uniform,4.0,8,3,,4,0,0.0,19.974713664121897,0.1664559472010158,0.6877916827513206,1.0,12.44976076555024,209
mobility,traffic_speed_eps4.0,p_gated_uniform,4.0,8,3,4.0,4,0,0.0,60.552403852062895,0.5046033654338574,0.7797168740397172,1.0,12.44976076555024,209
mobility,traffic_speed_eps4.0,p_gated_uniform,4.0,8,3,8.0,4,0,0.0,30.28447419410934,0.2523706182842445,0.7370632678585235,1.0,12.44976076555024,209
mobility,traffic_speed_eps4.0,p_gated_uniform,4.0,8,3,16.0,4,0,0.0,19.974713664121897,0.1664559472010158,0.6877916827513206,1.0,12.44976076555024,209
mobility,traffic_speed_eps4.0,p_gated_uniform,4.0,8,4,,4,0,0.0,19.974713664121897,0.1664559472010158,0.6877916827513206,1.0,12.44976076555024,209
mobility,traffic_speed_eps4.0,p_gated_uniform,4.0,8,4,4.0,4,0,0.0,60.552403852062895,0.5046033654338574,0.7797168740397172,1.0,12.44976076555024,209
mobility,traffic_speed_eps4.0,p_gated_uniform,4.0,8,4,8.0,4,0,0.0,30.28447419410934,0.2523706182842445,0.7370632678585235,1.0,12.44976076555024,209
mobility,traffic_speed_eps4.0,p_gated_uniform,4.0,8,4,16.0,4,0,0.0,19.974713664121897,0.1664559472010158,0.6877916827513206,1.0,12.44976076555024,209
mobility,traffic_speed_eps4.0,p_gated_uniform,4.0,8,6,,4,0,0.0,19.974713664121897,0.1664559472010158,0.6877916827513206,1.0,12.44976076555024,209
mobility,traffic_speed_eps4.0,p_gated_uniform,4.0,8,6,8.0,4,0,0.0,30.28447419410934,0.2523706182842445,0.7370632678585235,1.0,12.44976076555024,209
mobility,traffic_speed_eps4.0,p_gated_uniform,4.0,8,6,16.0,4,0,0.0,19.974713664121897,0.1664559472010158,0.6877916827513206,1.0,12.44976076555024,209
mobility,traffic_speed_eps4.0,p_gated_uniform,4.0,8,1,,4,2,0.0,19.974713664121897,0.1664559472010158,0.6877916827513206,1.0,12.44976076555024,209
mobility,traffic_speed_eps4.0,p_gated_uniform,4.0,8,1,4.0,4,2,0.0,60.552403852062895,0.5046033654338574,0.7797168740397172,1.0,12.44976076555024,209
mobility,traffic_speed_eps4.0,p_gated_uniform,4.0,8,1,8.0,4,2,0.0,30.28447419410934,0.2523706182842445,0.7370632678585235,1.0,12.44976076555024,209
mobility,traffic_speed_eps4.0,p_gated_uniform,4.0,8,1,16.0,4,2,0.0,19.974713664121897,0.1664559472010158,0.6877916827513206,1.0,12.44976076555024,209
mobility,traffic_speed_eps4.0,p_gated_uniform,4.0,8,2,,4,2,0.0,19.974713664121897,0.1664559472010158,0.6877916827513206,1.0,12.44976076555024,209
mobility,traffic_speed_eps4.0,p_gated_uniform,4.0,8,2,4.0,4,2,0.0,60.552403852062895,0.5046033654338574,0.7797168740397172,1.0,12.44976076555024,209
mobility,traffic_speed_eps4.0,p_gated_uniform,4.0,8,2,8.0,4,2,0.0,30.28447419410934,0.2523706182842445,0.7370632678585235,1.0,12.44976076555024,209
mobility,traffic_speed_eps4.0,p_gated_uniform,4.0,8,2,16.0,4,2,0.0,19.974713664121897,0.1664559472010158,0.6877916827513206,1.0,12.44976076555024,209
mobility,traffic_speed_eps4.0,p_gated_uniform,4.0,8,3,,4,2,0.0,19.974713664121897,0.1664559472010158,0.6877916827513206,1.0,12.44976076555024,209
mobility,traffic_speed_eps4.0,p_gated_uniform,4.0,8,3,4.0,4,2,0.0,60.552403852062895,0.5046033654338574,0.7797168740397172,1.0,12.44976076555024,209
mobility,traffic_speed_eps4.0,p_gated_uniform,4.0,8,3,8.0,4,2,0.0,30.28447419410934,0.2523706182842445,0.7370632678585235,1.0,12.44976076555024,209
mobility,traffic_speed_eps4.0,p_gated_uniform,4.0,8,3,16.0,4,2,0.0,19.974713664121897,0.1664559472010158,0.6877916827513206,1.0,12.44976076555024,209
mobility,traffic_speed_eps4.0,p_gated_uniform,4.0,8,4,,4,2,0.0,19.974713664121897,0.1664559472010158,0.6877916827513206,1.0,12.44976076555024,209
mobility,traffic_speed_eps4.0,p_gated_uniform,4.0,8,4,4.0,4,2,0.0,60.552403852062895,0.5046033654338574,0.7797168740397172,1.0,12.44976076555024,209
mobility,traffic_speed_eps4.0,p_gated_uniform,4.0,8,4,8.0,4,2,0.0,30.28447419410934,0.2523706182842445,0.7370632678585235,1.0,12.44976076555024,209
mobility,traffic_speed_eps4.0,p_gated_uniform,4.0,8,4,16.0,4,2,0.0,19.974713664121897,0.1664559472010158,0.6877916827513206,1.0,12.44976076555024,209
mobility,traffic_speed_eps4.0,p_gated_uniform,4.0,8,6,,4,2,0.0,19.974713664121897,0.1664559472010158,0.6877916827513206,1.0,12.44976076555024,209
mobility,traffic_speed_eps4.0,p_gated_uniform,4.0,8,6,8.0,4,2,0.0,30.28447419410934,0.2523706182842445,0.7370632678585235,1.0,12.44976076555024,209
mobility,traffic_speed_eps4.0,p_gated_uniform,4.0,8,6,16.0,4,2,0.0,19.974713664121897,0.1664559472010158,0.6877916827513206,1.0,12.44976076555024,209
mobility,traffic_speed_eps4.0,p_gated_uniform,4.0,8,1,,4,4,0.0,19.974713664121897,0.1664559472010158,0.6877916827513206,1.0,12.44976076555024,209
mobility,traffic_speed_eps4.0,p_gated_uniform,4.0,8,1,4.0,4,4,0.0,60.552403852062895,0.5046033654338574,0.7797168740397172,1.0,12.44976076555024,209
mobility,traffic_speed_eps4.0,p_gated_uniform,4.0,8,1,8.0,4,4,0.0,30.28447419410934,0.2523706182842445,0.7370632678585235,1.0,12.44976076555024,209
mobility,traffic_speed_eps4.0,p_gated_uniform,4.0,8,1,16.0,4,4,0.0,19.974713664121897,0.1664559472010158,0.6877916827513206,1.0,12.44976076555024,209
mobility,traffic_speed_eps4.0,p_gated_uniform,4.0,8,2,,4,4,0.0,19.974713664121897,0.1664559472010158,0.6877916827513206,1.0,12.44976076555024,209
mobility,traffic_speed_eps4.0,p_gated_uniform,4.0,8,2,4.0,4,4,0.0,60.552403852062895,0.5046033654338574,0.7797168740397172,1.0,12.44976076555024,209
mobility,traffic_speed_eps4.0,p_gated_uniform,4.0,8,2,8.0,4,4,0.0,30.28447419410934,0.2523706182842445,0.7370632678585235,1.0,12.44976076555024,209
mobility,traffic_speed_eps4.0,p_gated_uniform,4.0,8,2,16.0,4,4,0.0,19.974713664121897,0.1664559472010158,0.6877916827513206,1.0,12.44976076555024,209
mobility,traffic_speed_eps4.0,p_gated_uniform,4.0,8,3,,4,4,0.0,19.974713664121897,0.1664559472010158,0.6877916827513206,1.0,12.44976076555024,209
mobility,traffic_speed_eps4.0,p_gated_uniform,4.0,8,3,4.0,4,4,0.0,60.552403852062895,0.5046033654338574,0.7797168740397172,1.0,12.44976076555024,209
mobility,traffic_speed_eps4.0,p_gated_uniform,4.0,8,3,8.0,4,4,0.0,30.28447419410934,0.2523706182842445,0.7370632678585235,1.0,12.44976076555024,209
mobility,traffic_speed_eps4.0,p_gated_uniform,4.0,8,3,16.0,4,4,0.0,19.974713664121897,0.1664559472010158,0.6877916827513206,1.0,12.44976076555024,209
mobility,traffic_speed_eps4.0,p_gated_uniform,4.0,8,4,,4,4,0.0,19.974713664121897,0.1664559472010158,0.6877916827513206,1.0,12.44976076555024,209
mobility,traffic_speed_eps4.0,p_gated_uniform,4.0,8,4,4.0,4,4,0.0,60.552403852062895,0.5046033654338574,0.7797168740397172,1.0,12.44976076555024,209
mobility,traffic_speed_eps4.0,p_gated_uniform,4.0,8,4,8.0,4,4,0.0,30.28447419410934,0.2523706182842445,0.7370632678585235,1.0,12.44976076555024,209
mobility,traffic_speed_eps4.0,p_gated_uniform,4.0,8,4,16.0,4,4,0.0,19.974713664121897,0.1664559472010158,0.6877916827513206,1.0,12.44976076555024,209
mobility,traffic_speed_eps4.0,p_gated_uniform,4.0,8,6,,4,4,0.0,19.974713664121897,0.1664559472010158,0.6877916827513206,1.0,12.44976076555024,209
mobility,traffic_speed_eps4.0,p_gated_uniform,4.0,8,6,8.0,4,4,0.0,30.28447419410934,0.2523706182842445,0.7370632678585235,1.0,12.44976076555024,209
mobility,traffic_speed_eps4.0,p_gated_uniform,4.0,8,6,16.0,4,4,0.0,19.974713664121897,0.1664559472010158,0.6877916827513206,1.0,12.44976076555024,209
mobility,traffic_speed_eps4.0,p_gated_sample,4.0,8,1,,1,0,0.0,10.86300196395108,0.090525016366259,0.03610875581530777,0.12589928057553956,5.08273381294964,834
mobility,traffic_speed_eps4.0,p_gated_sample,4.0,8,1,4.0,1,0,0.0,11.62780669459368,0.096898389121614,0.09936057783729096,0.12589928057553956,5.08273381294964,834
mobility,traffic_speed_eps4.0,p_gated_sample,4.0,8,1,8.0,1,0,0.0,10.86300196395108,0.090525016366259,0.03610875581530777,0.12589928057553956,5.08273381294964,834
mobility,traffic_speed_eps4.0,p_gated_sample,4.0,8,1,16.0,1,0,0.0,10.86300196395108,0.090525016366259,0.03610875581530777,0.12589928057553956,5.08273381294964,834
mobility,traffic_speed_eps4.0,p_gated_sample,4.0,8,2,,1,0,0.0,10.86300196395108,0.090525016366259,0.03610875581530777,0.12589928057553956,5.08273381294964,834
mobility,traffic_speed_eps4.0,p_gated_sample,4.0,8,2,4.0,1,0,0.0,11.62780669459368,0.096898389121614,0.09936057783729096,0.12589928057553956,5.08273381294964,834
mobility,traffic_speed_eps4.0,p_gated_sample,4.0,8,2,8.0,1,0,0.0,10.86300196395108,0.090525016366259,0.03610875581530777,0.12589928057553956,5.08273381294964,834
mobility,traffic_speed_eps4.0,p_gated_sample,4.0,8,2,16.0,1,0,0.0,10.86300196395108,0.090525016366259,0.03610875581530777,0.12589928057553956,5.08273381294964,834
mobility,traffic_speed_eps4.0,p_gated_sample,4.0,8,3,,1,0,0.0,10.86300196395108,0.090525016366259,0.03610875581530777,0.12589928057553956,5.08273381294964,834
mobility,traffic_speed_eps4.0,p_gated_sample,4.0,8,3,4.0,1,0,0.0,11.62780669459368,0.096898389121614,0.09936057783729096,0.12589928057553956,5.08273381294964,834
mobility,traffic_speed_eps4.0,p_gated_sample,4.0,8,3,8.0,1,0,0.0,10.86300196395108,0.090525016366259,0.03610875581530777,0.12589928057553956,5.08273381294964,834
mobility,traffic_speed_eps4.0,p_gated_sample,4.0,8,3,16.0,1,0,0.0,10.86300196395108,0.090525016366259,0.03610875581530777,0.12589928057553956,5.08273381294964,834
mobility,traffic_speed_eps4.0,p_gated_sample,4.0,8,4,,1,0,0.0,10.604006527050625,0.08836672105875522,0.05847974438461278,0.1223021582733813,5.08273381294964,834
mobility,traffic_speed_eps4.0,p_gated_sample,4.0,8,4,4.0,1,0,0.0,11.446587911646912,0.0953882325970576,0.05824180679588616,0.1223021582733813,5.08273381294964,834
mobility,traffic_speed_eps4.0,p_gated_sample,4.0,8,4,8.0,1,0,0.0,10.604006527050625,0.08836672105875522,0.05847974438461278,0.1223021582733813,5.08273381294964,834
mobility,traffic_speed_eps4.0,p_gated_sample,4.0,8,4,16.0,1,0,0.0,10.604006527050625,0.08836672105875522,0.05847974438461278,0.1223021582733813,5.08273381294964,834
mobility,traffic_speed_eps4.0,p_gated_sample,4.0,8,6,,1,0,0.0,10.732868001311369,0.08944056667759474,0.05212087009533543,0.05275779376498801,5.08273381294964,834
mobility,traffic_speed_eps4.0,p_gated_sample,4.0,8,6,8.0,1,0,0.0,10.732868001311369,0.08944056667759474,0.05212087009533543,0.05275779376498801,5.08273381294964,834
mobility,traffic_speed_eps4.0,p_gated_sample,4.0,8,6,16.0,1,0,0.0,10.732868001311369,0.08944056667759474,0.05212087009533543,0.05275779376498801,5.08273381294964,834
mobility,traffic_speed_eps4.0,p_gated_sample,4.0,8,1,,1,2,0.0,10.86300196395108,0.090525016366259,0.03610875581530777,0.12589928057553956,5.08273381294964,834
mobility,traffic_speed_eps4.0,p_gated_sample,4.0,8,1,4.0,1,2,0.0,11.62780669459368,0.096898389121614,0.09936057783729096,0.12589928057553956,5.08273381294964,834
mobility,traffic_speed_eps4.0,p_gated_sample,4.0,8,1,8.0,1,2,0.0,10.86300196395108,0.090525016366259,0.03610875581530777,0.12589928057553956,5.08273381294964,834
mobility,traffic_speed_eps4.0,p_gated_sample,4.0,8,1,16.0,1,2,0.0,10.86300196395108,0.090525016366259,0.03610875581530777,0.12589928057553956,5.08273381294964,834
mobility,traffic_speed_eps4.0,p_gated_sample,4.0,8,2,,1,2,0.0,10.86300196395108,0.090525016366259,0.03610875581530777,0.12589928057553956,5.08273381294964,834
mobility,traffic_speed_eps4.0,p_gated_sample,4.0,8,2,4.0,1,2,0.0,11.62780669459368,0.096898389121614,0.09936057783729096,0.12589928057553956,5.08273381294964,834
mobility,traffic_speed_eps4.0,p_gated_sample,4.0,8,2,8.0,1,2,0.0,10.86300196395108,0.090525016366259,0.03610875581530777,0.12589928057553956,5.08273381294964,834
mobility,traffic_speed_eps4.0,p_gated_sample,4.0,8,2,16.0,1,2,0.0,10.86300196395108,0.090525016366259,0.03610875581530777,0.12589928057553956,5.08273381294964,834
mobility,traffic_speed_eps4.0,p_gated_sample,4.0,8,3,,1,2,0.0,10.86300196395108,0.090525016366259,0.03610875581530777,0.12589928057553956,5.08273381294964,834
mobility,traffic_speed_eps4.0,p_gated_sample,4.0,8,3,4.0,1,2,0.0,11.62780669459368,0.096898389121614,0.09936057783729096,0.12589928057553956,5.08273381294964,834
mobility,traffic_speed_eps4.0,p_gated_sample,4.0,8,3,8.0,1,2,0.0,10.86300196395108,0.090525016366259,0.03610875581530777,0.12589928057553956,5.08273381294964,834
mobility,traffic_speed_eps4.0,p_gated_sample,4.0,8,3,16.0,1,2,0.0,10.86300196395108,0.090525016366259,0.03610875581530777,0.12589928057553956,5.08273381294964,834
mobility,traffic_speed_eps4.0,p_gated_sample,4.0,8,4,,1,2,0.0,11.184361500630477,0.09320301250525397,0.04492363141139932,0.125,5.212871287128713,808
mobility,traffic_speed_eps4.0,p_gated_sample,4.0,8,4,4.0,1,2,0.0,11.966197230145607,0.09971831025121339,0.06042777340050402,0.125,5.212871287128713,808
mobility,traffic_speed_eps4.0,p_gated_sample,4.0,8,4,8.0,1,2,0.0,11.184768057068228,0.09320640047556857,0.04492363141139932,0.125,5.212871287128713,808
mobility,traffic_speed_eps4.0,p_gated_sample,4.0,8,4,16.0,1,2,0.0,11.184361500630477,0.09320301250525397,0.04492363141139932,0.125,5.212871287128713,808
mobility,traffic_speed_eps4.0,p_gated_sample,4.0,8,6,,1,2,0.0,8.34865761095473,0.06957214675795607,0.08796700611005967,0.12625250501002003,7.462925851703407,499
mobility,traffic_speed_eps4.0,p_gated_sample,4.0,8,6,8.0,1,2,0.0,8.426561424020804,0.07022134520017337,0.09579759744612565,0.12625250501002003,7.462925851703407,499
mobility,traffic_speed_eps4.0,p_gated_sample,4.0,8,6,16.0,1,2,0.0,8.34865761095473,0.06957214675795607,0.08796700611005967,0.12625250501002003,7.462925851703407,499
mobility,traffic_speed_eps4.0,p_gated_sample,4.0,8,1,,1,4,0.0,10.86300196395108,0.090525016366259,0.03610875581530777,0.12589928057553956,5.08273381294964,834
mobility,traffic_speed_eps4.0,p_gated_sample,4.0,8,1,4.0,1,4,0.0,11.62780669459368,0.096898389121614,0.09936057783729096,0.12589928057553956,5.08273381294964,834
mobility,traffic_speed_eps4.0,p_gated_sample,4.0,8,1,8.0,1,4,0.0,10.86300196395108,0.090525016366259,0.03610875581530777,0.12589928057553956,5.08273381294964,834
mobility,traffic_speed_eps4.0,p_gated_sample,4.0,8,1,16.0,1,4,0.0,10.86300196395108,0.090525016366259,0.03610875581530777,0.12589928057553956,5.08273381294964,834
mobility,traffic_speed_eps4.0,p_gated_sample,4.0,8,2,,1,4,0.0,10.86300196395108,0.090525016366259,0.03610875581530777,0.12589928057553956,5.08273381294964,834
mobility,traffic_speed_eps4.0,p_gated_sample,4.0,8,2,4.0,1,4,0.0,11.62780669459368,0.096898389121614,0.09936057783729096,0.12589928057553956,5.08273381294964,834
mobility,traffic_speed_eps4.0,p_gated_sample,4.0,8,2,8.0,1,4,0.0,10.86300196395108,0.090525016366259,0.03610875581530777,0.12589928057553956,5.08273381294964,834
mobility,traffic_speed_eps4.0,p_gated_sample,4.0,8,2,16.0,1,4,0.0,10.86300196395108,0.090525016366259,0.03610875581530777,0.12589928057553956,5.08273381294964,834
mobility,traffic_speed_eps4.0,p_gated_sample,4.0,8,3,,1,4,0.0,10.86300196395108,0.090525016366259,0.03610875581530777,0.12589928057553956,5.08273381294964,834
mobility,traffic_speed_eps4.0,p_gated_sample,4.0,8,3,4.0,1,4,0.0,11.62780669459368,0.096898389121614,0.09936057783729096,0.12589928057553956,5.08273381294964,834
mobility,traffic_speed_eps4.0,p_gated_sample,4.0,8,3,8.0,1,4,0.0,10.86300196395108,0.090525016366259,0.03610875581530777,0.12589928057553956,5.08273381294964,834
mobility,traffic_speed_eps4.0,p_gated_sample,4.0,8,3,16.0,1,4,0.0,10.86300196395108,0.090525016366259,0.03610875581530777,0.12589928057553956,5.08273381294964,834
mobility,traffic_speed_eps4.0,p_gated_sample,4.0,8,4,,1,4,0.0,11.184361500630477,0.09320301250525397,0.04492363141139932,0.125,5.212871287128713,808
mobility,traffic_speed_eps4.0,p_gated_sample,4.0,8,4,4.0,1,4,0.0,11.966197230145607,0.09971831025121339,0.06042777340050402,0.125,5.212871287128713,808
mobility,traffic_speed_eps4.0,p_gated_sample,4.0,8,4,8.0,1,4,0.0,11.184768057068228,0.09320640047556857,0.04492363141139932,0.125,5.212871287128713,808
mobility,traffic_speed_eps4.0,p_gated_sample,4.0,8,4,16.0,1,4,0.0,11.184361500630477,0.09320301250525397,0.04492363141139932,0.125,5.212871287128713,808
mobility,traffic_speed_eps4.0,p_gated_sample,4.0,8,6,,1,4,0.0,8.34865761095473,0.06957214675795607,0.08796700611005967,0.12625250501002003,7.462925851703407,499
mobility,traffic_speed_eps4.0,p_gated_sample,4.0,8,6,8.0,1,4,0.0,8.426561424020804,0.07022134520017337,0.09579759744612565,0.12625250501002003,7.462925851703407,499
mobility,traffic_speed_eps4.0,p_gated_sample,4.0,8,6,16.0,1,4,0.0,8.34865761095473,0.06957214675795607,0.08796700611005967,0.12625250501002003,7.462925851703407,499
mobility,traffic_speed_eps4.0,p_gated_sample,4.0,8,1,,2,0,0.0,7.29615794080185,0.060801316173348746,0.14904069111746693,0.12709832134292565,8.57074340527578,417
mobility,traffic_speed_eps4.0,p_gated_sample,4.0,8,1,4.0,2,0,0.0,9.642467177857029,0.08035389314880857,0.23203072915995168,0.12709832134292565,8.57074340527578,417
mobility,traffic_speed_eps4.0,p_gated_sample,4.0,8,1,8.0,2,0,0.0,7.449686444835292,0.062080720373627434,0.12189409812412773,0.12709832134292565,8.57074340527578,417
mobility,traffic_speed_eps4.0,p_gated_sample,4.0,8,1,16.0,2,0,0.0,7.29615794080185,0.060801316173348746,0.14904069111746693,0.12709832134292565,8.57074340527578,417
mobility,traffic_speed_eps4.0,p_gated_sample,4.0,8,2,,2,0,0.0,7.29615794080185,0.060801316173348746,0.14904069111746693,0.12709832134292565,8.57074340527578,417
mobility,traffic_speed_eps4.0,p_gated_sample,4.0,8,2,4.0,2,0,0.0,9.642467177857029,0.08035389314880857,0.23203072915995168,0.12709832134292565,8.57074340527578,417
mobility,traffic_speed_eps4.0,p_gated_sample,4.0,8,2,8.0,2,0,0.0,7.449686444835292,0.062080720373627434,0.12189409812412773,0.12709832134292565,8.57074340527578,417
mobility,traffic_speed_eps4.0,p_gated_sample,4.0,8,2,16.0,2,0,0.0,7.29615794080185,0.060801316173348746,0.14904069111746693,0.12709832134292565,8.57074340527578,417
mobility,traffic_speed_eps4.0,p_gated_sample,4.0,8,3,,2,0,0.0,7.29615794080185,0.060801316173348746,0.14904069111746693,0.12709832134292565,8.57074340527578,417
mobility,traffic_speed_eps4.0,p_gated_sample,4.0,8,3,4.0,2,0,0.0,9.642467177857029,0.08035389314880857,0.23203072915995168,0.12709832134292565,8.57074340527578,417
mobility,traffic_speed_eps4.0,p_gated_sample,4.0,8,3,8.0,2,0,0.0,7.449686444835292,0.062080720373627434,0.12189409812412773,0.12709832134292565,8.57074340527578,417
mobility,traffic_speed_eps4.0,p_gated_sample,4.0,8,3,16.0,2,0,0.0,7.29615794080185,0.060801316173348746,0.14904069111746693,0.12709832134292565,8.57074340527578,417
mobility,traffic_speed_eps4.0,p_gated_sample,4.0,8,4,,2,0,0.0,7.29615794080185,0.060801316173348746,0.14904069111746693,0.12709832134292565,8.57074340527578,417
mobility,traffic_speed_eps4.0,p_gated_sample,4.0,8,4,4.0,2,0,0.0,9.642467177857029,0.08035389314880857,0.23203072915995168,0.12709832134292565,8.57074340527578,417
mobility,traffic_speed_eps4.0,p_gated_sample,4.0,8,4,8.0,2,0,0.0,7.449686444835292,0.062080720373627434,0.12189409812412773,0.12709832134292565,8.57074340527578,417
mobility,traffic_speed_eps4.0,p_gated_sample,4.0,8,4,16.0,2,0,0.0,7.29615794080185,0.060801316173348746,0.14904069111746693,0.12709832134292565,8.57074340527578,417
mobility,traffic_speed_eps4.0,p_gated_sample,4.0,8,6,,2,0,0.0,7.29615794080185,0.060801316173348746,0.14904069111746693,0.12709832134292565,8.57074340527578,417
mobility,traffic_speed_eps4.0,p_gated_sample,4.0,8,6,8.0,2,0,0.0,7.449686444835292,0.062080720373627434,0.12189409812412773,0.12709832134292565,8.57074340527578,417
mobility,traffic_speed_eps4.0,p_gated_sample,4.0,8,6,16.0,2,0,0.0,7.29615794080185,0.060801316173348746,0.14904069111746693,0.12709832134292565,8.57074340527578,417
mobility,traffic_speed_eps4.0,p_gated_sample,4.0,8,1,,2,2,0.0,7.29615794080185,0.060801316173348746,0.14904069111746693,0.12709832134292565,8.57074340527578,417
mobility,traffic_speed_eps4.0,p_gated_sample,4.0,8,1,4.0,2,2,0.0,9.642467177857029,0.08035389314880857,0.23203072915995168,0.12709832134292565,8.57074340527578,417
mobility,traffic_speed_eps4.0,p_gated_sample,4.0,8,1,8.0,2,2,0.0,7.449686444835292,0.062080720373627434,0.12189409812412773,0.12709832134292565,8.57074340527578,417
mobility,traffic_speed_eps4.0,p_gated_sample,4.0,8,1,16.0,2,2,0.0,7.29615794080185,0.060801316173348746,0.14904069111746693,0.12709832134292565,8.57074340527578,417
mobility,traffic_speed_eps4.0,p_gated_sample,4.0,8,2,,2,2,0.0,7.29615794080185,0.060801316173348746,0.14904069111746693,0.12709832134292565,8.57074340527578,417
mobility,traffic_speed_eps4.0,p_gated_sample,4.0,8,2,4.0,2,2,0.0,9.642467177857029,0.08035389314880857,0.23203072915995168,0.12709832134292565,8.57074340527578,417
mobility,traffic_speed_eps4.0,p_gated_sample,4.0,8,2,8.0,2,2,0.0,7.449686444835292,0.062080720373627434,0.12189409812412773,0.12709832134292565,8.57074340527578,417
mobility,traffic_speed_eps4.0,p_gated_sample,4.0,8,2,16.0,2,2,0.0,7.29615794080185,0.060801316173348746,0.14904069111746693,0.12709832134292565,8.57074340527578,417
mobility,traffic_speed_eps4.0,p_gated_sample,4.0,8,3,,2,2,0.0,7.29615794080185,0.060801316173348746,0.14904069111746693,0.12709832134292565,8.57074340527578,417
mobility,traffic_speed_eps4.0,p_gated_sample,4.0,8,3,4.0,2,2,0.0,9.642467177857029,0.08035389314880857,0.23203072915995168,0.12709832134292565,8.57074340527578,417
mobility,traffic_speed_eps4.0,p_gated_sample,4.0,8,3,8.0,2,2,0.0,7.449686444835292,0.062080720373627434,0.12189409812412773,0.12709832134292565,8.57074340527578,417
mobility,traffic_speed_eps4.0,p_gated_sample,4.0,8,3,16.0,2,2,0.0,7.29615794080185,0.060801316173348746,0.14904069111746693,0.12709832134292565,8.57074340527578,417
mobility,traffic_speed_eps4.0,p_gated_sample,4.0,8,4,,2,2,0.0,7.29615794080185,0.060801316173348746,0.14904069111746693,0.12709832134292565,8.57074340527578,417
mobility,traffic_speed_eps4.0,p_gated_sample,4.0,8,4,4.0,2,2,0.0,9.642467177857029,0.08035389314880857,0.23203072915995168,0.12709832134292565,8.57074340527578,417
mobility,traffic_speed_eps4.0,p_gated_sample,4.0,8,4,8.0,2,2,0.0,7.449686444835292,0.062080720373627434,0.12189409812412773,0.12709832134292565,8.57074340527578,417
mobility,traffic_speed_eps4.0,p_gated_sample,4.0,8,4,16.0,2,2,0.0,7.29615794080185,0.060801316173348746,0.14904069111746693,0.12709832134292565,8.57074340527578,417
mobility,traffic_speed_eps4.0,p_gated_sample,4.0,8,6,,2,2,0.0,7.011934016940515,0.05843278347450429,0.1245781109658763,0.12590799031476999,8.624697336561743,413
mobility,traffic_speed_eps4.0,p_gated_sample,4.0,8,6,8.0,2,2,0.0,7.2085423770141475,0.060071186475117895,0.19373468293740806,0.12590799031476999,8.624697336561743,413
mobility,traffic_speed_eps4.0,p_gated_sample,4.0,8,6,16.0,2,2,0.0,7.011934016940515,0.05843278347450429,0.1245781109658763,0.12590799031476999,8.624697336561743,413
mobility,traffic_speed_eps4.0,p_gated_sample,4.0,8,1,,2,4,0.0,7.29615794080185,0.060801316173348746,0.14904069111746693,0.12709832134292565,8.57074340527578,417
mobility,traffic_speed_eps4.0,p_gated_sample,4.0,8,1,4.0,2,4,0.0,9.642467177857029,0.08035389314880857,0.23203072915995168,0.12709832134292565,8.57074340527578,417
mobility,traffic_speed_eps4.0,p_gated_sample,4.0,8,1,8.0,2,4,0.0,7.449686444835292,0.062080720373627434,0.12189409812412773,0.12709832134292565,8.57074340527578,417
mobility,traffic_speed_eps4.0,p_gated_sample,4.0,8,1,16.0,2,4,0.0,7.29615794080185,0.060801316173348746,0.14904069111746693,0.12709832134292565,8.57074340527578,417
mobility,traffic_speed_eps4.0,p_gated_sample,4.0,8,2,,2,4,0.0,7.29615794080185,0.060801316173348746,0.14904069111746693,0.12709832134292565,8.57074340527578,417
mobility,traffic_speed_eps4.0,p_gated_sample,4.0,8,2,4.0,2,4,0.0,9.642467177857029,0.08035389314880857,0.23203072915995168,0.12709832134292565,8.57074340527578,417
mobility,traffic_speed_eps4.0,p_gated_sample,4.0,8,2,8.0,2,4,0.0,7.449686444835292,0.062080720373627434,0.12189409812412773,0.12709832134292565,8.57074340527578,417
mobility,traffic_speed_eps4.0,p_gated_sample,4.0,8,2,16.0,2,4,0.0,7.29615794080185,0.060801316173348746,0.14904069111746693,0.12709832134292565,8.57074340527578,417
mobility,traffic_speed_eps4.0,p_gated_sample,4.0,8,3,,2,4,0.0,7.29615794080185,0.060801316173348746,0.14904069111746693,0.12709832134292565,8.57074340527578,417
mobility,traffic_speed_eps4.0,p_gated_sample,4.0,8,3,4.0,2,4,0.0,9.642467177857029,0.08035389314880857,0.23203072915995168,0.12709832134292565,8.57074340527578,417
mobility,traffic_speed_eps4.0,p_gated_sample,4.0,8,3,8.0,2,4,0.0,7.449686444835292,0.062080720373627434,0.12189409812412773,0.12709832134292565,8.57074340527578,417
mobility,traffic_speed_eps4.0,p_gated_sample,4.0,8,3,16.0,2,4,0.0,7.29615794080185,0.060801316173348746,0.14904069111746693,0.12709832134292565,8.57074340527578,417
mobility,traffic_speed_eps4.0,p_gated_sample,4.0,8,4,,2,4,0.0,7.29615794080185,0.060801316173348746,0.14904069111746693,0.12709832134292565,8.57074340527578,417
mobility,traffic_speed_eps4.0,p_gated_sample,4.0,8,4,4.0,2,4,0.0,9.642467177857029,0.08035389314880857,0.23203072915995168,0.12709832134292565,8.57074340527578,417
mobility,traffic_speed_eps4.0,p_gated_sample,4.0,8,4,8.0,2,4,0.0,7.449686444835292,0.062080720373627434,0.12189409812412773,0.12709832134292565,8.57074340527578,417
mobility,traffic_speed_eps4.0,p_gated_sample,4.0,8,4,16.0,2,4,0.0,7.29615794080185,0.060801316173348746,0.14904069111746693,0.12709832134292565,8.57074340527578,417
mobility,traffic_speed_eps4.0,p_gated_sample,4.0,8,6,,2,4,0.0,7.011934016940515,0.05843278347450429,0.1245781109658763,0.12590799031476999,8.624697336561743,413
mobility,traffic_speed_eps4.0,p_gated_sample,4.0,8,6,8.0,2,4,0.0,7.2085423770141475,0.060071186475117895,0.19373468293740806,0.12590799031476999,8.624697336561743,413
mobility,traffic_speed_eps4.0,p_gated_sample,4.0,8,6,16.0,2,4,0.0,7.011934016940515,0.05843278347450429,0.1245781109658763,0.12590799031476999,8.624697336561743,413
mobility,traffic_speed_eps4.0,p_gated_sample,4.0,8,1,,4,0,0.0,4.677202098552346,0.038976684154602884,0.07972950543620991,0.1291866028708134,12.44976076555024,209
mobility,traffic_speed_eps4.0,p_gated_sample,4.0,8,1,4.0,4,0,0.0,7.3222155891402485,0.061018463242835407,0.1950688575723635,0.1291866028708134,12.44976076555024,209
mobility,traffic_speed_eps4.0,p_gated_sample,4.0,8,1,8.0,4,0,0.0,5.113299346263398,0.042610827885528314,0.04172013289788786,0.1291866028708134,12.44976076555024,209
mobility,traffic_speed_eps4.0,p_gated_sample,4.0,8,1,16.0,4,0,0.0,4.677202098552346,0.038976684154602884,0.07972950543620991,0.1291866028708134,12.44976076555024,209
mobility,traffic_speed_eps4.0,p_gated_sample,4.0,8,2,,4,0,0.0,4.677202098552346,0.038976684154602884,0.07972950543620991,0.1291866028708134,12.44976076555024,209
mobility,traffic_speed_eps4.0,p_gated_sample,4.0,8,2,4.0,4,0,0.0,7.3222155891402485,0.061018463242835407,0.1950688575723635,0.1291866028708134,12.44976076555024,209
mobility,traffic_speed_eps4.0,p_gated_sample,4.0,8,2,8.0,4,0,0.0,5.113299346263398,0.042610827885528314,0.04172013289788786,0.1291866028708134,12.44976076555024,209
mobility,traffic_speed_eps4.0,p_gated_sample,4.0,8,2,16.0,4,0,0.0,4.677202098552346,0.038976684154602884,0.07972950543620991,0.1291866028708134,12.44976076555024,209
mobility,traffic_speed_eps4.0,p_gated_sample,4.0,8,3,,4,0,0.0,4.677202098552346,0.038976684154602884,0.07972950543620991,0.1291866028708134,12.44976076555024,209
mobility,traffic_speed_eps4.0,p_gated_sample,4.0,8,3,4.0,4,0,0.0,7.3222155891402485,0.061018463242835407,0.1950688575723635,0.1291866028708134,12.44976076555024,209
mobility,traffic_speed_eps4.0,p_gated_sample,4.0,8,3,8.0,4,0,0.0,5.113299346263398,0.042610827885528314,0.04172013289788786,0.1291866028708134,12.44976076555024,209
mobility,traffic_speed_eps4.0,p_gated_sample,4.0,8,3,16.0,4,0,0.0,4.677202098552346,0.038976684154602884,0.07972950543620991,0.1291866028708134,12.44976076555024,209
mobility,traffic_speed_eps4.0,p_gated_sample,4.0,8,4,,4,0,0.0,4.677202098552346,0.038976684154602884,0.07972950543620991,0.1291866028708134,12.44976076555024,209
mobility,traffic_speed_eps4.0,p_gated_sample,4.0,8,4,4.0,4,0,0.0,7.3222155891402485,0.061018463242835407,0.1950688575723635,0.1291866028708134,12.44976076555024,209
mobility,traffic_speed_eps4.0,p_gated_sample,4.0,8,4,8.0,4,0,0.0,5.113299346263398,0.042610827885528314,0.04172013289788786,0.1291866028708134,12.44976076555024,209
mobility,traffic_speed_eps4.0,p_gated_sample,4.0,8,4,16.0,4,0,0.0,4.677202098552346,0.038976684154602884,0.07972950543620991,0.1291866028708134,12.44976076555024,209
mobility,traffic_speed_eps4.0,p_gated_sample,4.0,8,6,,4,0,0.0,4.677202098552346,0.038976684154602884,0.07972950543620991,0.1291866028708134,12.44976076555024,209
mobility,traffic_speed_eps4.0,p_gated_sample,4.0,8,6,8.0,4,0,0.0,5.113299346263398,0.042610827885528314,0.04172013289788786,0.1291866028708134,12.44976076555024,209
mobility,traffic_speed_eps4.0,p_gated_sample,4.0,8,6,16.0,4,0,0.0,4.677202098552346,0.038976684154602884,0.07972950543620991,0.1291866028708134,12.44976076555024,209
mobility,traffic_speed_eps4.0,p_gated_sample,4.0,8,1,,4,2,0.0,4.677202098552346,0.038976684154602884,0.07972950543620991,0.1291866028708134,12.44976076555024,209
mobility,traffic_speed_eps4.0,p_gated_sample,4.0,8,1,4.0,4,2,0.0,7.3222155891402485,0.061018463242835407,0.1950688575723635,0.1291866028708134,12.44976076555024,209
mobility,traffic_speed_eps4.0,p_gated_sample,4.0,8,1,8.0,4,2,0.0,5.113299346263398,0.042610827885528314,0.04172013289788786,0.1291866028708134,12.44976076555024,209
mobility,traffic_speed_eps4.0,p_gated_sample,4.0,8,1,16.0,4,2,0.0,4.677202098552346,0.038976684154602884,0.07972950543620991,0.1291866028708134,12.44976076555024,209
mobility,traffic_speed_eps4.0,p_gated_sample,4.0,8,2,,4,2,0.0,4.677202098552346,0.038976684154602884,0.07972950543620991,0.1291866028708134,12.44976076555024,209
mobility,traffic_speed_eps4.0,p_gated_sample,4.0,8,2,4.0,4,2,0.0,7.3222155891402485,0.061018463242835407,0.1950688575723635,0.1291866028708134,12.44976076555024,209
mobility,traffic_speed_eps4.0,p_gated_sample,4.0,8,2,8.0,4,2,0.0,5.113299346263398,0.042610827885528314,0.04172013289788786,0.1291866028708134,12.44976076555024,209
mobility,traffic_speed_eps4.0,p_gated_sample,4.0,8,2,16.0,4,2,0.0,4.677202098552346,0.038976684154602884,0.07972950543620991,0.1291866028708134,12.44976076555024,209
mobility,traffic_speed_eps4.0,p_gated_sample,4.0,8,3,,4,2,0.0,4.677202098552346,0.038976684154602884,0.07972950543620991,0.1291866028708134,12.44976076555024,209
mobility,traffic_speed_eps4.0,p_gated_sample,4.0,8,3,4.0,4,2,0.0,7.3222155891402485,0.061018463242835407,0.1950688575723635,0.1291866028708134,12.44976076555024,209
mobility,traffic_speed_eps4.0,p_gated_sample,4.0,8,3,8.0,4,2,0.0,5.113299346263398,0.042610827885528314,0.04172013289788786,0.1291866028708134,12.44976076555024,209
mobility,traffic_speed_eps4.0,p_gated_sample,4.0,8,3,16.0,4,2,0.0,4.677202098552346,0.038976684154602884,0.07972950543620991,0.1291866028708134,12.44976076555024,209
mobility,traffic_speed_eps4.0,p_gated_sample,4.0,8,4,,4,2,0.0,4.677202098552346,0.038976684154602884,0.07972950543620991,0.1291866028708134,12.44976076555024,209
mobility,traffic_speed_eps4.0,p_gated_sample,4.0,8,4,4.0,4,2,0.0,7.3222155891402485,0.061018463242835407,0.1950688575723635,0.1291866028708134,12.44976076555024,209
mobility,traffic_speed_eps4.0,p_gated_sample,4.0,8,4,8.0,4,2,0.0,5.113299346263398,0.042610827885528314,0.04172013289788786,0.1291866028708134,12.44976076555024,209
mobility,traffic_speed_eps4.0,p_gated_sample,4.0,8,4,16.0,4,2,0.0,4.677202098552346,0.038976684154602884,0.07972950543620991,0.1291866028708134,12.44976076555024,209
mobility,traffic_speed_eps4.0,p_gated_sample,4.0,8,6,,4,2,0.0,4.677202098552346,0.038976684154602884,0.07972950543620991,0.1291866028708134,12.44976076555024,209
mobility,traffic_speed_eps4.0,p_gated_sample,4.0,8,6,8.0,4,2,0.0,5.113299346263398,0.042610827885528314,0.04172013289788786,0.1291866028708134,12.44976076555024,209
mobility,traffic_speed_eps4.0,p_gated_sample,4.0,8,6,16.0,4,2,0.0,4.677202098552346,0.038976684154602884,0.07972950543620991,0.1291866028708134,12.44976076555024,209
mobility,traffic_speed_eps4.0,p_gated_sample,4.0,8,1,,4,4,0.0,4.677202098552346,0.038976684154602884,0.07972950543620991,0.1291866028708134,12.44976076555024,209
mobility,traffic_speed_eps4.0,p_gated_sample,4.0,8,1,4.0,4,4,0.0,7.3222155891402485,0.061018463242835407,0.1950688575723635,0.1291866028708134,12.44976076555024,209
mobility,traffic_speed_eps4.0,p_gated_sample,4.0,8,1,8.0,4,4,0.0,5.113299346263398,0.042610827885528314,0.04172013289788786,0.1291866028708134,12.44976076555024,209
mobility,traffic_speed_eps4.0,p_gated_sample,4.0,8,1,16.0,4,4,0.0,4.677202098552346,0.038976684154602884,0.07972950543620991,0.1291866028708134,12.44976076555024,209
mobility,traffic_speed_eps4.0,p_gated_sample,4.0,8,2,,4,4,0.0,4.677202098552346,0.038976684154602884,0.07972950543620991,0.1291866028708134,12.44976076555024,209
mobility,traffic_speed_eps4.0,p_gated_sample,4.0,8,2,4.0,4,4,0.0,7.3222155891402485,0.061018463242835407,0.1950688575723635,0.1291866028708134,12.44976076555024,209
mobility,traffic_speed_eps4.0,p_gated_sample,4.0,8,2,8.0,4,4,0.0,5.113299346263398,0.042610827885528314,0.04172013289788786,0.1291866028708134,12.44976076555024,209
mobility,traffic_speed_eps4.0,p_gated_sample,4.0,8,2,16.0,4,4,0.0,4.677202098552346,0.038976684154602884,0.07972950543620991,0.1291866028708134,12.44976076555024,209
mobility,traffic_speed_eps4.0,p_gated_sample,4.0,8,3,,4,4,0.0,4.677202098552346,0.038976684154602884,0.07972950543620991,0.1291866028708134,12.44976076555024,209
mobility,traffic_speed_eps4.0,p_gated_sample,4.0,8,3,4.0,4,4,0.0,7.3222155891402485,0.061018463242835407,0.1950688575723635,0.1291866028708134,12.44976076555024,209
mobility,traffic_speed_eps4.0,p_gated_sample,4.0,8,3,8.0,4,4,0.0,5.113299346263398,0.042610827885528314,0.04172013289788786,0.1291866028708134,12.44976076555024,209
mobility,traffic_speed_eps4.0,p_gated_sample,4.0,8,3,16.0,4,4,0.0,4.677202098552346,0.038976684154602884,0.07972950543620991,0.1291866028708134,12.44976076555024,209
mobility,traffic_speed_eps4.0,p_gated_sample,4.0,8,4,,4,4,0.0,4.677202098552346,0.038976684154602884,0.07972950543620991,0.1291866028708134,12.44976076555024,209
mobility,traffic_speed_eps4.0,p_gated_sample,4.0,8,4,4.0,4,4,0.0,7.3222155891402485,0.061018463242835407,0.1950688575723635,0.1291866028708134,12.44976076555024,209
mobility,traffic_speed_eps4.0,p_gated_sample,4.0,8,4,8.0,4,4,0.0,5.113299346263398,0.042610827885528314,0.04172013289788786,0.1291866028708134,12.44976076555024,209
mobility,traffic_speed_eps4.0,p_gated_sample,4.0,8,4,16.0,4,4,0.0,4.677202098552346,0.038976684154602884,0.07972950543620991,0.1291866028708134,12.44976076555024,209
mobility,traffic_speed_eps4.0,p_gated_sample,4.0,8,6,,4,4,0.0,4.677202098552346,0.038976684154602884,0.07972950543620991,0.1291866028708134,12.44976076555024,209
mobility,traffic_speed_eps4.0,p_gated_sample,4.0,8,6,8.0,4,4,0.0,5.113299346263398,0.042610827885528314,0.04172013289788786,0.1291866028708134,12.44976076555024,209
mobility,traffic_speed_eps4.0,p_gated_sample,4.0,8,6,16.0,4,4,0.0,4.677202098552346,0.038976684154602884,0.07972950543620991,0.1291866028708134,12.44976076555024,209
mobility,traffic_speed_eps4.0,p_gated_ba,4.0,8,1,,1,0,0.0,55.62026416800412,0.46350220140003434,0.4541657162814362,0.47601918465227816,5.08273381294964,834
mobility,traffic_speed_eps4.0,p_gated_ba,4.0,8,1,4.0,1,0,0.0,76.40934590020306,0.6367445491683589,0.35434073819955314,0.5059952038369304,5.08273381294964,834
mobility,traffic_speed_eps4.0,p_gated_ba,4.0,8,1,8.0,1,0,0.0,55.62026416800412,0.46350220140003434,0.4541657162814362,0.47601918465227816,5.08273381294964,834
mobility,traffic_speed_eps4.0,p_gated_ba,4.0,8,1,16.0,1,0,0.0,55.62026416800412,0.46350220140003434,0.4541657162814362,0.47601918465227816,5.08273381294964,834
mobility,traffic_speed_eps4.0,p_gated_ba,4.0,8,2,,1,0,0.0,55.62026416800412,0.46350220140003434,0.4541657162814362,0.47601918465227816,5.08273381294964,834
mobility,traffic_speed_eps4.0,p_gated_ba,4.0,8,2,4.0,1,0,0.0,76.40934590020306,0.6367445491683589,0.35434073819955314,0.5059952038369304,5.08273381294964,834
mobility,traffic_speed_eps4.0,p_gated_ba,4.0,8,2,8.0,1,0,0.0,55.62026416800412,0.46350220140003434,0.4541657162814362,0.47601918465227816,5.08273381294964,834
mobility,traffic_speed_eps4.0,p_gated_ba,4.0,8,2,16.0,1,0,0.0,55.62026416800412,0.46350220140003434,0.4541657162814362,0.47601918465227816,5.08273381294964,834
mobility,traffic_speed_eps4.0,p_gated_ba,4.0,8,3,,1,0,0.0,55.62026416800412,0.46350220140003434,0.45293897350104334,0.47601918465227816,5.08273381294964,834
mobility,traffic_speed_eps4.0,p_gated_ba,4.0,8,3,4.0,1,0,0.0,76.27521516724035,0.6356267930603362,0.35313129398169135,0.5047961630695443,5.08273381294964,834
mobility,traffic_speed_eps4.0,p_gated_ba,4.0,8,3,8.0,1,0,0.0,55.62026416800412,0.46350220140003434,0.45293897350104334,0.47601918465227816,5.08273381294964,834
mobility,traffic_speed_eps4.0,p_gated_ba,4.0,8,3,16.0,1,0,0.0,55.62026416800412,0.46350220140003434,0.45293897350104334,0.47601918465227816,5.08273381294964,834
mobility,traffic_speed_eps4.0,p_gated_ba,4.0,8,4,,1,0,0.0,58.42295227864408,0.48685793565536734,0.3184463939217478,0.46882494004796166,5.08273381294964,834
mobility,traffic_speed_eps4.0,p_gated_ba,4.0,8,4,4.0,1,0,0.0,73.57914016407814,0.6131595013673178,0.39883652526021296,0.48081534772182255,5.08273381294964,834
mobility,traffic_speed_eps4.0,p_gated_ba,4.0,8,4,8.0,1,0,0.0,58.42295227864408,0.48685793565536734,0.3184463939217478,0.46882494004796166,5.08273381294964,834
mobility,traffic_speed_eps4.0,p_gated_ba,4.0,8,4,16.0,1,0,0.0,58.42295227864408,0.48685793565536734,0.3184463939217478,0.46882494004796166,5.08273381294964,834
mobility,traffic_speed_eps4.0,p_gated_ba,4.0,8,6,,1,0,0.0,53.30110243537438,0.44417585362811984,0.2818792362408876,0.1474820143884892,5.08273381294964,834
mobility,traffic_speed_eps4.0,p_gated_ba,4.0,8,6,8.0,1,0,0.0,53.30110243537438,0.44417585362811984,0.2818792362408876,0.1474820143884892,5.08273381294964,834
mobility,traffic_speed_eps4.0,p_gated_ba,4.0,8,6,16.0,1,0,0.0,53.30110243537438,0.44417585362811984,0.2818792362408876,0.1474820143884892,5.08273381294964,834
mobility,traffic_speed_eps4.0,p_gated_ba,4.0,8,1,,1,2,0.0,55.62026416800412,0.46350220140003434,0.4541657162814362,0.47601918465227816,5.08273381294964,834
mobility,traffic_speed_eps4.0,p_gated_ba,4.0,8,1,4.0,1,2,0.0,76.40934590020306,0.6367445491683589,0.35434073819955314,0.5059952038369304,5.08273381294964,834
mobility,traffic_speed_eps4.0,p_gated_ba,4.0,8,1,8.0,1,2,0.0,55.62026416800412,0.46350220140003434,0.4541657162814362,0.47601918465227816,5.08273381294964,834
mobility,traffic_speed_eps4.0,p_gated_ba,4.0,8,1,16.0,1,2,0.0,55.62026416800412,0.46350220140003434,0.4541657162814362,0.47601918465227816,5.08273381294964,834
mobility,traffic_speed_eps4.0,p_gated_ba,4.0,8,2,,1,2,0.0,55.62026416800412,0.46350220140003434,0.4541657162814362,0.47601918465227816,5.08273381294964,834
mobility,traffic_speed_eps4.0,p_gated_ba,4.0,8,2,4.0,1,2,0.0,76.40934590020306,0.6367445491683589,0.35434073819955314,0.5059952038369304,5.08273381294964,834
mobility,traffic_speed_eps4.0,p_gated_ba,4.0,8,2,8.0,1,2,0.0,55.62026416800412,0.46350220140003434,0.4541657162814362,0.47601918465227816,5.08273381294964,834
mobility,traffic_speed_eps4.0,p_gated_ba,4.0,8,2,16.0,1,2,0.0,55.62026416800412,0.46350220140003434,0.4541657162814362,0.47601918465227816,5.08273381294964,834
mobility,traffic_speed_eps4.0,p_gated_ba,4.0,8,3,,1,2,0.0,55.62026416800412,0.46350220140003434,0.45293897350104334,0.47601918465227816,5.08273381294964,834
mobility,traffic_speed_eps4.0,p_gated_ba,4.0,8,3,4.0,1,2,0.0,76.27521516724035,0.6356267930603362,0.35313129398169135,0.5047961630695443,5.08273381294964,834
mobility,traffic_speed_eps4.0,p_gated_ba,4.0,8,3,8.0,1,2,0.0,55.62026416800412,0.46350220140003434,0.45293897350104334,0.47601918465227816,5.08273381294964,834
mobility,traffic_speed_eps4.0,p_gated_ba,4.0,8,3,16.0,1,2,0.0,55.62026416800412,0.46350220140003434,0.45293897350104334,0.47601918465227816,5.08273381294964,834
mobility,traffic_speed_eps4.0,p_gated_ba,4.0,8,4,,1,2,0.0,58.13285753047721,0.48444047942064344,0.32706962016187924,0.4839108910891089,5.212871287128713,808
mobility,traffic_speed_eps4.0,p_gated_ba,4.0,8,4,4.0,1,2,0.0,74.2002399688933,0.6183353330741108,0.4060604206428375,0.4962871287128713,5.212871287128713,808
mobility,traffic_speed_eps4.0,p_gated_ba,4.0,8,4,8.0,1,2,0.0,58.13285753047721,0.48444047942064344,0.32706962016187924,0.4839108910891089,5.212871287128713,808
mobility,traffic_speed_eps4.0,p_gated_ba,4.0,8,4,16.0,1,2,0.0,58.13285753047721,0.48444047942064344,0.32706962016187924,0.4839108910891089,5.212871287128713,808
mobility,traffic_speed_eps4.0,p_gated_ba,4.0,8,6,,1,2,0.0,35.300082983948684,0.29416735819957235,0.38427347170670756,0.4168336673346693,7.462925851703407,499
mobility,traffic_speed_eps4.0,p_gated_ba,4.0,8,6,8.0,1,2,0.0,38.20621990396531,0.3183851658663776,0.4046075687392919,0.4288577154308617,7.462925851703407,499
mobility,traffic_speed_eps4.0,p_gated_ba,4.0,8,6,16.0,1,2,0.0,35.300082983948684,0.29416735819957235,0.38427347170670756,0.4168336673346693,7.462925851703407,499
mobility,traffic_speed_eps4.0,p_gated_ba,4.0,8,1,,1,4,0.0,55.62026416800412,0.46350220140003434,0.4541657162814362,0.47601918465227816,5.08273381294964,834
mobility,traffic_speed_eps4.0,p_gated_ba,4.0,8,1,4.0,1,4,0.0,76.40934590020306,0.6367445491683589,0.35434073819955314,0.5059952038369304,5.08273381294964,834
mobility,traffic_speed_eps4.0,p_gated_ba,4.0,8,1,8.0,1,4,0.0,55.62026416800412,0.46350220140003434,0.4541657162814362,0.47601918465227816,5.08273381294964,834
mobility,traffic_speed_eps4.0,p_gated_ba,4.0,8,1,16.0,1,4,0.0,55.62026416800412,0.46350220140003434,0.4541657162814362,0.47601918465227816,5.08273381294964,834
mobility,traffic_speed_eps4.0,p_gated_ba,4.0,8,2,,1,4,0.0,55.62026416800412,0.46350220140003434,0.4541657162814362,0.47601918465227816,5.08273381294964,834
mobility,traffic_speed_eps4.0,p_gated_ba,4.0,8,2,4.0,1,4,0.0,76.40934590020306,0.6367445491683589,0.35434073819955314,0.5059952038369304,5.08273381294964,834
mobility,traffic_speed_eps4.0,p_gated_ba,4.0,8,2,8.0,1,4,0.0,55.62026416800412,0.46350220140003434,0.4541657162814362,0.47601918465227816,5.08273381294964,834
mobility,traffic_speed_eps4.0,p_gated_ba,4.0,8,2,16.0,1,4,0.0,55.62026416800412,0.46350220140003434,0.4541657162814362,0.47601918465227816,5.08273381294964,834
mobility,traffic_speed_eps4.0,p_gated_ba,4.0,8,3,,1,4,0.0,55.62026416800412,0.46350220140003434,0.45293897350104334,0.47601918465227816,5.08273381294964,834
mobility,traffic_speed_eps4.0,p_gated_ba,4.0,8,3,4.0,1,4,0.0,76.27521516724035,0.6356267930603362,0.35313129398169135,0.5047961630695443,5.08273381294964,834
mobility,traffic_speed_eps4.0,p_gated_ba,4.0,8,3,8.0,1,4,0.0,55.62026416800412,0.46350220140003434,0.45293897350104334,0.47601918465227816,5.08273381294964,834
mobility,traffic_speed_eps4.0,p_gated_ba,4.0,8,3,16.0,1,4,0.0,55.62026416800412,0.46350220140003434,0.45293897350104334,0.47601918465227816,5.08273381294964,834
mobility,traffic_speed_eps4.0,p_gated_ba,4.0,8,4,,1,4,0.0,58.13285753047721,0.48444047942064344,0.32706962016187924,0.4839108910891089,5.212871287128713,808
mobility,traffic_speed_eps4.0,p_gated_ba,4.0,8,4,4.0,1,4,0.0,74.2002399688933,0.6183353330741108,0.4060604206428375,0.4962871287128713,5.212871287128713,808
mobility,traffic_speed_eps4.0,p_gated_ba,4.0,8,4,8.0,1,4,0.0,58.13285753047721,0.48444047942064344,0.32706962016187924,0.4839108910891089,5.212871287128713,808
mobility,traffic_speed_eps4.0,p_gated_ba,4.0,8,4,16.0,1,4,0.0,58.13285753047721,0.48444047942064344,0.32706962016187924,0.4839108910891089,5.212871287128713,808
mobility,traffic_speed_eps4.0,p_gated_ba,4.0,8,6,,1,4,0.0,35.300082983948684,0.29416735819957235,0.38427347170670756,0.4168336673346693,7.462925851703407,499
mobility,traffic_speed_eps4.0,p_gated_ba,4.0,8,6,8.0,1,4,0.0,38.20621990396531,0.3183851658663776,0.4046075687392919,0.4288577154308617,7.462925851703407,499
mobility,traffic_speed_eps4.0,p_gated_ba,4.0,8,6,16.0,1,4,0.0,35.300082983948684,0.29416735819957235,0.38427347170670756,0.4168336673346693,7.462925851703407,499
mobility,traffic_speed_eps4.0,p_gated_ba,4.0,8,1,,2,0,0.0,32.113185880902286,0.26760988234085237,0.31400203490658174,0.45323741007194246,8.57074340527578,417
mobility,traffic_speed_eps4.0,p_gated_ba,4.0,8,1,4.0,2,0,0.0,73.78783149710445,0.6148985958092037,0.5803069680376917,0.49160671462829736,8.57074340527578,417
mobility,traffic_speed_eps4.0,p_gated_ba,4.0,8,1,8.0,2,0,0.0,35.443253701439176,0.29536044751199314,0.13040372659650937,0.46522781774580335,8.57074340527578,417
mobility,traffic_speed_eps4.0,p_gated_ba,4.0,8,1,16.0,2,0,0.0,32.113185880902286,0.26760988234085237,0.31400203490658174,0.45323741007194246,8.57074340527578,417
mobility,traffic_speed_eps4.0,p_gated_ba,4.0,8,2,,2,0,0.0,32.113185880902286,0.26760988234085237,0.31400203490658174,0.45323741007194246,8.57074340527578,417
mobility,traffic_speed_eps4.0,p_gated_ba,4.0,8,2,4.0,2,0,0.0,73.78783149710445,0.6148985958092037,0.5803069680376917,0.49160671462829736,8.57074340527578,417
mobility,traffic_speed_eps4.0,p_gated_ba,4.0,8,2,8.0,2,0,0.0,35.443253701439176,0.29536044751199314,0.13040372659650937,0.46522781774580335,8.57074340527578,417
mobility,traffic_speed_eps4.0,p_gated_ba,4.0,8,2,16.0,2,0,0.0,32.113185880902286,0.26760988234085237,0.31400203490658174,0.45323741007194246,8.57074340527578,417
mobility,traffic_speed_eps4.0,p_gated_ba,4.0,8,3,,2,0,0.0,32.113185880902286,0.26760988234085237,0.31400203490658174,0.45323741007194246,8.57074340527578,417
mobility,traffic_speed_eps4.0,p_gated_ba,4.0,8,3,4.0,2,0,0.0,73.78783149710445,0.6148985958092037,0.5803069680376917,0.49160671462829736,8.57074340527578,417
mobility,traffic_speed_eps4.0,p_gated_ba,4.0,8,3,8.0,2,0,0.0,35.443253701439176,0.29536044751199314,0.13040372659650937,0.46522781774580335,8.57074340527578,417
mobility,traffic_speed_eps4.0,p_gated_ba,4.0,8,3,16.0,2,0,0.0,32.113185880902286,0.26760988234085237,0.31400203490658174,0.45323741007194246,8.57074340527578,417
mobility,traffic_speed_eps4.0,p_gated_ba,4.0,8,4,,2,0,0.0,32.113185880902286,0.26760988234085237,0.31400203490658174,0.45323741007194246,8.57074340527578,417
mobility,traffic_speed_eps4.0,p_gated_ba,4.0,8,4,4.0,2,0,0.0,73.78783149710445,0.6148985958092037,0.5803069680376917,0.49160671462829736,8.57074340527578,417
mobility,traffic_speed_eps4.0,p_gated_ba,4.0,8,4,8.0,2,0,0.0,35.443253701439176,0.29536044751199314,0.13040372659650937,0.46522781774580335,8.57074340527578,417
mobility,traffic_speed_eps4.0,p_gated_ba,4.0,8,4,16.0,2,0,0.0,32.113185880902286,0.26760988234085237,0.31400203490658174,0.45323741007194246,8.57074340527578,417
mobility,traffic_speed_eps4.0,p_gated_ba,4.0,8,6,,2,0,0.0,31.61265841304793,0.26343882010873276,0.35245016452771244,0.42685851318944845,8.57074340527578,417
mobility,traffic_speed_eps4.0,p_gated_ba,4.0,8,6,8.0,2,0,0.0,35.85876229343271,0.29882301911193926,0.13095620293363514,0.434052757793765,8.57074340527578,417
mobility,traffic_speed_eps4.0,p_gated_ba,4.0,8,6,16.0,2,0,0.0,31.61265841304793,0.26343882010873276,0.35245016452771244,0.42685851318944845,8.57074340527578,417
mobility,traffic_speed_eps4.0,p_gated_ba,4.0,8,1,,2,2,0.0,32.113185880902286,0.26760988234085237,0.31400203490658174,0.45323741007194246,8.57074340527578,417
mobility,traffic_speed_eps4.0,p_gated_ba,4.0,8,1,4.0,2,2,0.0,73.78783149710445,0.6148985958092037,0.5803069680376917,0.49160671462829736,8.57074340527578,417
mobility,traffic_speed_eps4.0,p_gated_ba,4.0,8,1,8.0,2,2,0.0,35.443253701439176,0.29536044751199314,0.13040372659650937,0.46522781774580335,8.57074340527578,417
mobility,traffic_speed_eps4.0,p_gated_ba,4.0,8,1,16.0,2,2,0.0,32.113185880902286,0.26760988234085237,0.31400203490658174,0.45323741007194246,8.57074340527578,417
mobility,traffic_speed_eps4.0,p_gated_ba,4.0,8,2,,2,2,0.0,32.113185880902286,0.26760988234085237,0.31400203490658174,0.45323741007194246,8.57074340527578,417
mobility,traffic_speed_eps4.0,p_gated_ba,4.0,8,2,4.0,2,2,0.0,73.78783149710445,0.6148985958092037,0.5803069680376917,0.49160671462829736,8.57074340527578,417
mobility,traffic_speed_eps4.0,p_gated_ba,4.0,8,2,8.0,2,2,0.0,35.443253701439176,0.29536044751199314,0.13040372659650937,0.46522781774580335,8.57074340527578,417
mobility,traffic_speed_eps4.0,p_gated_ba,4.0,8,2,16.0,2,2,0.0,32.113185880902286,0.26760988234085237,0.31400203490658174,0.45323741007194246,8.57074340527578,417
mobility,traffic_speed_eps4.0,p_gated_ba,4.0,8,3,,2,2,0.0,32.113185880902286,0.26760988234085237,0.31400203490658174,0.45323741007194246,8.57074340527578,417
mobility,traffic_speed_eps4.0,p_gated_ba,4.0,8,3,4.0,2,2,0.0,73.78783149710445,0.6148985958092037,0.5803069680376917,0.49160671462829736,8.57074340527578,417
mobility,traffic_speed_eps4.0,p_gated_ba,4.0,8,3,8.0,2,2,0.0,35.443253701439176,0.29536044751199314,0.13040372659650937,0.46522781774580335,8.57074340527578,417
mobility,traffic_speed_eps4.0,p_gated_ba,4.0,8,3,16.0,2,2,0.0,32.113185880902286,0.26760988234085237,0.31400203490658174,0.45323741007194246,8.57074340527578,417
mobility,traffic_speed_eps4.0,p_gated_ba,4.0,8,4,,2,2,0.0,32.113185880902286,0.26760988234085237,0.31400203490658174,0.45323741007194246,8.57074340527578,417
mobility,traffic_speed_eps4.0,p_gated_ba,4.0,8,4,4.0,2,2,0.0,73.78783149710445,0.6148985958092037,0.5803069680376917,0.49160671462829736,8.57074340527578,417
mobility,traffic_speed_eps4.0,p_gated_ba,4.0,8,4,8.0,2,2,0.0,35.443253701439176,0.29536044751199314,0.13040372659650937,0.46522781774580335,8.57074340527578,417
mobility,traffic_speed_eps4.0,p_gated_ba,4.0,8,4,16.0,2,2,0.0,32.113185880902286,0.26760988234085237,0.31400203490658174,0.45323741007194246,8.57074340527578,417
mobility,traffic_speed_eps4.0,p_gated_ba,4.0,8,6,,2,2,0.0,31.623181790832177,0.26352651492360146,0.35245016452771244,0.43099273607748184,8.624697336561743,413
mobility,traffic_speed_eps4.0,p_gated_ba,4.0,8,6,8.0,2,2,0.0,35.026821459151755,0.2918901788262646,0.130968552691348,0.43825665859564167,8.624697336561743,413
mobility,traffic_speed_eps4.0,p_gated_ba,4.0,8,6,16.0,2,2,0.0,31.623181790832177,0.26352651492360146,0.35245016452771244,0.43099273607748184,8.624697336561743,413
mobility,traffic_speed_eps4.0,p_gated_ba,4.0,8,1,,2,4,0.0,32.113185880902286,0.26760988234085237,0.31400203490658174,0.45323741007194246,8.57074340527578,417
mobility,traffic_speed_eps4.0,p_gated_ba,4.0,8,1,4.0,2,4,0.0,73.78783149710445,0.6148985958092037,0.5803069680376917,0.49160671462829736,8.57074340527578,417
mobility,traffic_speed_eps4.0,p_gated_ba,4.0,8,1,8.0,2,4,0.0,35.443253701439176,0.29536044751199314,0.13040372659650937,0.46522781774580335,8.57074340527578,417
mobility,traffic_speed_eps4.0,p_gated_ba,4.0,8,1,16.0,2,4,0.0,32.113185880902286,0.26760988234085237,0.31400203490658174,0.45323741007194246,8.57074340527578,417
mobility,traffic_speed_eps4.0,p_gated_ba,4.0,8,2,,2,4,0.0,32.113185880902286,0.26760988234085237,0.31400203490658174,0.45323741007194246,8.57074340527578,417
mobility,traffic_speed_eps4.0,p_gated_ba,4.0,8,2,4.0,2,4,0.0,73.78783149710445,0.6148985958092037,0.5803069680376917,0.49160671462829736,8.57074340527578,417
mobility,traffic_speed_eps4.0,p_gated_ba,4.0,8,2,8.0,2,4,0.0,35.443253701439176,0.29536044751199314,0.13040372659650937,0.46522781774580335,8.57074340527578,417
mobility,traffic_speed_eps4.0,p_gated_ba,4.0,8,2,16.0,2,4,0.0,32.113185880902286,0.26760988234085237,0.31400203490658174,0.45323741007194246,8.57074340527578,417
mobility,traffic_speed_eps4.0,p_gated_ba,4.0,8,3,,2,4,0.0,32.113185880902286,0.26760988234085237,0.31400203490658174,0.45323741007194246,8.57074340527578,417
mobility,traffic_speed_eps4.0,p_gated_ba,4.0,8,3,4.0,2,4,0.0,73.78783149710445,0.6148985958092037,0.5803069680376917,0.49160671462829736,8.57074340527578,417
mobility,traffic_speed_eps4.0,p_gated_ba,4.0,8,3,8.0,2,4,0.0,35.443253701439176,0.29536044751199314,0.13040372659650937,0.46522781774580335,8.57074340527578,417
mobility,traffic_speed_eps4.0,p_gated_ba,4.0,8,3,16.0,2,4,0.0,32.113185880902286,0.26760988234085237,0.31400203490658174,0.45323741007194246,8.57074340527578,417
mobility,traffic_speed_eps4.0,p_gated_ba,4.0,8,4,,2,4,0.0,32.113185880902286,0.26760988234085237,0.31400203490658174,0.45323741007194246,8.57074340527578,417
mobility,traffic_speed_eps4.0,p_gated_ba,4.0,8,4,4.0,2,4,0.0,73.78783149710445,0.6148985958092037,0.5803069680376917,0.49160671462829736,8.57074340527578,417
mobility,traffic_speed_eps4.0,p_gated_ba,4.0,8,4,8.0,2,4,0.0,35.443253701439176,0.29536044751199314,0.13040372659650937,0.46522781774580335,8.57074340527578,417
mobility,traffic_speed_eps4.0,p_gated_ba,4.0,8,4,16.0,2,4,0.0,32.113185880902286,0.26760988234085237,0.31400203490658174,0.45323741007194246,8.57074340527578,417
mobility,traffic_speed_eps4.0,p_gated_ba,4.0,8,6,,2,4,0.0,31.623181790832177,0.26352651492360146,0.35245016452771244,0.43099273607748184,8.624697336561743,413
mobility,traffic_speed_eps4.0,p_gated_ba,4.0,8,6,8.0,2,4,0.0,35.026821459151755,0.2918901788262646,0.130968552691348,0.43825665859564167,8.624697336561743,413
mobility,traffic_speed_eps4.0,p_gated_ba,4.0,8,6,16.0,2,4,0.0,31.623181790832177,0.26352651492360146,0.35245016452771244,0.43099273607748184,8.624697336561743,413
mobility,traffic_speed_eps4.0,p_gated_ba,4.0,8,1,,4,0,0.0,21.750459118777634,0.18125382598981363,0.30601297631018487,0.3875598086124402,12.44976076555024,209
mobility,traffic_speed_eps4.0,p_gated_ba,4.0,8,1,4.0,4,0,0.0,86.9333798970727,0.7244448324756058,0.355869368642848,0.5502392344497608,12.44976076555024,209
mobility,traffic_speed_eps4.0,p_gated_ba,4.0,8,1,8.0,4,0,0.0,39.09927990420846,0.3258273325350705,0.35168952302983153,0.49282296650717705,12.44976076555024,209
mobility,traffic_speed_eps4.0,p_gated_ba,4.0,8,1,16.0,4,0,0.0,21.750459118777634,0.18125382598981363,0.30601297631018487,0.3875598086124402,12.44976076555024,209
mobility,traffic_speed_eps4.0,p_gated_ba,4.0,8,2,,4,0,0.0,21.750459118777634,0.18125382598981363,0.30601297631018487,0.3875598086124402,12.44976076555024,209
mobility,traffic_speed_eps4.0,p_gated_ba,4.0,8,2,4.0,4,0,0.0,86.9333798970727,0.7244448324756058,0.355869368642848,0.5502392344497608,12.44976076555024,209
mobility,traffic_speed_eps4.0,p_gated_ba,4.0,8,2,8.0,4,0,0.0,39.09927990420846,0.3258273325350705,0.35168952302983153,0.49282296650717705,12.44976076555024,209
mobility,traffic_speed_eps4.0,p_gated_ba,4.0,8,2,16.0,4,0,0.0,21.750459118777634,0.18125382598981363,0.30601297631018487,0.3875598086124402,12.44976076555024,209
mobility,traffic_speed_eps4.0,p_gated_ba,4.0,8,3,,4,0,0.0,21.750459118777634,0.18125382598981363,0.30601297631018487,0.3875598086124402,12.44976076555024,209
mobility,traffic_speed_eps4.0,p_gated_ba,4.0,8,3,4.0,4,0,0.0,86.9333798970727,0.7244448324756058,0.355869368642848,0.5502392344497608,12.44976076555024,209
mobility,traffic_speed_eps4.0,p_gated_ba,4.0,8,3,8.0,4,0,0.0,39.09927990420846,0.3258273325350705,0.35168952302983153,0.49282296650717705,12.44976076555024,209
mobility,traffic_speed_eps4.0,p_gated_ba,4.0,8,3,16.0,4,0,0.0,21.750459118777634,0.18125382598981363,0.30601297631018487,0.3875598086124402,12.44976076555024,209
mobility,traffic_speed_eps4.0,p_gated_ba,4.0,8,4,,4,0,0.0,21.750459118777634,0.18125382598981363,0.30601297631018487,0.3875598086124402,12.44976076555024,209
mobility,traffic_speed_eps4.0,p_gated_ba,4.0,8,4,4.0,4,0,0.0,86.9333798970727,0.7244448324756058,0.355869368642848,0.5502392344497608,12.44976076555024,209
mobility,traffic_speed_eps4.0,p_gated_ba,4.0,8,4,8.0,4,0,0.0,39.09927990420846,0.3258273325350705,0.35168952302983153,0.49282296650717705,12.44976076555024,209
mobility,traffic_speed_eps4.0,p_gated_ba,4.0,8,4,16.0,4,0,0.0,21.750459118777634,0.18125382598981363,0.30601297631018487,0.3875598086124402,12.44976076555024,209
mobility,traffic_speed_eps4.0,p_gated_ba,4.0,8,6,,4,0,0.0,21.750459118777634,0.18125382598981363,0.30601297631018487,0.3875598086124402,12.44976076555024,209
mobility,traffic_speed_eps4.0,p_gated_ba,4.0,8,6,8.0,4,0,0.0,39.09927990420846,0.3258273325350705,0.35168952302983153,0.49282296650717705,12.44976076555024,209
mobility,traffic_speed_eps4.0,p_gated_ba,4.0,8,6,16.0,4,0,0.0,21.750459118777634,0.18125382598981363,0.30601297631018487,0.3875598086124402,12.44976076555024,209
mobility,traffic_speed_eps4.0,p_gated_ba,4.0,8,1,,4,2,0.0,21.750459118777634,0.18125382598981363,0.30601297631018487,0.3875598086124402,12.44976076555024,209
mobility,traffic_speed_eps4.0,p_gated_ba,4.0,8,1,4.0,4,2,0.0,86.9333798970727,0.7244448324756058,0.355869368642848,0.5502392344497608,12.44976076555024,209
mobility,traffic_speed_eps4.0,p_gated_ba,4.0,8,1,8.0,4,2,0.0,39.09927990420846,0.3258273325350705,0.35168952302983153,0.49282296650717705,12.44976076555024,209
mobility,traffic_speed_eps4.0,p_gated_ba,4.0,8,1,16.0,4,2,0.0,21.750459118777634,0.18125382598981363,0.30601297631018487,0.3875598086124402,12.44976076555024,209
mobility,traffic_speed_eps4.0,p_gated_ba,4.0,8,2,,4,2,0.0,21.750459118777634,0.18125382598981363,0.30601297631018487,0.3875598086124402,12.44976076555024,209
mobility,traffic_speed_eps4.0,p_gated_ba,4.0,8,2,4.0,4,2,0.0,86.9333798970727,0.7244448324756058,0.355869368642848,0.5502392344497608,12.44976076555024,209
mobility,traffic_speed_eps4.0,p_gated_ba,4.0,8,2,8.0,4,2,0.0,39.09927990420846,0.3258273325350705,0.35168952302983153,0.49282296650717705,12.44976076555024,209
mobility,traffic_speed_eps4.0,p_gated_ba,4.0,8,2,16.0,4,2,0.0,21.750459118777634,0.18125382598981363,0.30601297631018487,0.3875598086124402,12.44976076555024,209
mobility,traffic_speed_eps4.0,p_gated_ba,4.0,8,3,,4,2,0.0,21.750459118777634,0.18125382598981363,0.30601297631018487,0.3875598086124402,12.44976076555024,209
mobility,traffic_speed_eps4.0,p_gated_ba,4.0,8,3,4.0,4,2,0.0,86.9333798970727,0.7244448324756058,0.355869368642848,0.5502392344497608,12.44976076555024,209
mobility,traffic_speed_eps4.0,p_gated_ba,4.0,8,3,8.0,4,2,0.0,39.09927990420846,0.3258273325350705,0.35168952302983153,0.49282296650717705,12.44976076555024,209
mobility,traffic_speed_eps4.0,p_gated_ba,4.0,8,3,16.0,4,2,0.0,21.750459118777634,0.18125382598981363,0.30601297631018487,0.3875598086124402,12.44976076555024,209
mobility,traffic_speed_eps4.0,p_gated_ba,4.0,8,4,,4,2,0.0,21.750459118777634,0.18125382598981363,0.30601297631018487,0.3875598086124402,12.44976076555024,209
mobility,traffic_speed_eps4.0,p_gated_ba,4.0,8,4,4.0,4,2,0.0,86.9333798970727,0.7244448324756058,0.355869368642848,0.5502392344497608,12.44976076555024,209
mobility,traffic_speed_eps4.0,p_gated_ba,4.0,8,4,8.0,4,2,0.0,39.09927990420846,0.3258273325350705,0.35168952302983153,0.49282296650717705,12.44976076555024,209
mobility,traffic_speed_eps4.0,p_gated_ba,4.0,8,4,16.0,4,2,0.0,21.750459118777634,0.18125382598981363,0.30601297631018487,0.3875598086124402,12.44976076555024,209
mobility,traffic_speed_eps4.0,p_gated_ba,4.0,8,6,,4,2,0.0,21.750459118777634,0.18125382598981363,0.30601297631018487,0.3875598086124402,12.44976076555024,209
mobility,traffic_speed_eps4.0,p_gated_ba,4.0,8,6,8.0,4,2,0.0,39.09927990420846,0.3258273325350705,0.35168952302983153,0.49282296650717705,12.44976076555024,209
mobility,traffic_speed_eps4.0,p_gated_ba,4.0,8,6,16.0,4,2,0.0,21.750459118777634,0.18125382598981363,0.30601297631018487,0.3875598086124402,12.44976076555024,209
mobility,traffic_speed_eps4.0,p_gated_ba,4.0,8,1,,4,4,0.0,21.750459118777634,0.18125382598981363,0.30601297631018487,0.3875598086124402,12.44976076555024,209
mobility,traffic_speed_eps4.0,p_gated_ba,4.0,8,1,4.0,4,4,0.0,86.9333798970727,0.7244448324756058,0.355869368642848,0.5502392344497608,12.44976076555024,209
mobility,traffic_speed_eps4.0,p_gated_ba,4.0,8,1,8.0,4,4,0.0,39.09927990420846,0.3258273325350705,0.35168952302983153,0.49282296650717705,12.44976076555024,209
mobility,traffic_speed_eps4.0,p_gated_ba,4.0,8,1,16.0,4,4,0.0,21.750459118777634,0.18125382598981363,0.30601297631018487,0.3875598086124402,12.44976076555024,209
mobility,traffic_speed_eps4.0,p_gated_ba,4.0,8,2,,4,4,0.0,21.750459118777634,0.18125382598981363,0.30601297631018487,0.3875598086124402,12.44976076555024,209
mobility,traffic_speed_eps4.0,p_gated_ba,4.0,8,2,4.0,4,4,0.0,86.9333798970727,0.7244448324756058,0.355869368642848,0.5502392344497608,12.44976076555024,209
mobility,traffic_speed_eps4.0,p_gated_ba,4.0,8,2,8.0,4,4,0.0,39.09927990420846,0.3258273325350705,0.35168952302983153,0.49282296650717705,12.44976076555024,209
mobility,traffic_speed_eps4.0,p_gated_ba,4.0,8,2,16.0,4,4,0.0,21.750459118777634,0.18125382598981363,0.30601297631018487,0.3875598086124402,12.44976076555024,209
mobility,traffic_speed_eps4.0,p_gated_ba,4.0,8,3,,4,4,0.0,21.750459118777634,0.18125382598981363,0.30601297631018487,0.3875598086124402,12.44976076555024,209
mobility,traffic_speed_eps4.0,p_gated_ba,4.0,8,3,4.0,4,4,0.0,86.9333798970727,0.7244448324756058,0.355869368642848,0.5502392344497608,12.44976076555024,209
mobility,traffic_speed_eps4.0,p_gated_ba,4.0,8,3,8.0,4,4,0.0,39.09927990420846,0.3258273325350705,0.35168952302983153,0.49282296650717705,12.44976076555024,209
mobility,traffic_speed_eps4.0,p_gated_ba,4.0,8,3,16.0,4,4,0.0,21.750459118777634,0.18125382598981363,0.30601297631018487,0.3875598086124402,12.44976076555024,209
mobility,traffic_speed_eps4.0,p_gated_ba,4.0,8,4,,4,4,0.0,21.750459118777634,0.18125382598981363,0.30601297631018487,0.3875598086124402,12.44976076555024,209
mobility,traffic_speed_eps4.0,p_gated_ba,4.0,8,4,4.0,4,4,0.0,86.9333798970727,0.7244448324756058,0.355869368642848,0.5502392344497608,12.44976076555024,209
mobility,traffic_speed_eps4.0,p_gated_ba,4.0,8,4,8.0,4,4,0.0,39.09927990420846,0.3258273325350705,0.35168952302983153,0.49282296650717705,12.44976076555024,209
mobility,traffic_speed_eps4.0,p_gated_ba,4.0,8,4,16.0,4,4,0.0,21.750459118777634,0.18125382598981363,0.30601297631018487,0.3875598086124402,12.44976076555024,209
mobility,traffic_speed_eps4.0,p_gated_ba,4.0,8,6,,4,4,0.0,21.750459118777634,0.18125382598981363,0.30601297631018487,0.3875598086124402,12.44976076555024,209
mobility,traffic_speed_eps4.0,p_gated_ba,4.0,8,6,8.0,4,4,0.0,39.09927990420846,0.3258273325350705,0.35168952302983153,0.49282296650717705,12.44976076555024,209
mobility,traffic_speed_eps4.0,p_gated_ba,4.0,8,6,16.0,4,4,0.0,21.750459118777634,0.18125382598981363,0.30601297631018487,0.3875598086124402,12.44976076555024,209
mobility,traffic_speed_eps4.0,n_weighted,4.0,8,1,,1,0,0.0,47.79404948445583,0.3982837457037986,0.767055126131726,1.0,5.08273381294964,834
mobility,traffic_speed_eps4.0,n_weighted,4.0,8,1,4.0,1,0,0.0,58.11561904843594,0.48429682540363284,0.785104763225531,1.0,5.08273381294964,834
mobility,traffic_speed_eps4.0,n_weighted,4.0,8,1,8.0,1,0,0.0,47.79404948445583,0.3982837457037986,0.767055126131726,1.0,5.08273381294964,834
mobility,traffic_speed_eps4.0,n_weighted,4.0,8,1,16.0,1,0,0.0,47.79404948445583,0.3982837457037986,0.767055126131726,1.0,5.08273381294964,834
mobility,traffic_speed_eps4.0,n_weighted,4.0,8,2,,1,0,0.0,47.79404948445583,0.3982837457037986,0.767055126131726,1.0,5.08273381294964,834
mobility,traffic_speed_eps4.0,n_weighted,4.0,8,2,4.0,1,0,0.0,58.11561904843594,0.48429682540363284,0.785104763225531,1.0,5.08273381294964,834
mobility,traffic_speed_eps4.0,n_weighted,4.0,8,2,8.0,1,0,0.0,47.79404948445583,0.3982837457037986,0.767055126131726,1.0,5.08273381294964,834
mobility,traffic_speed_eps4.0,n_weighted,4.0,8,2,16.0,1,0,0.0,47.79404948445583,0.3982837457037986,0.767055126131726,1.0,5.08273381294964,834
mobility,traffic_speed_eps4.0,n_weighted,4.0,8,3,,1,0,0.0,47.77920320559612,0.398160026713301,0.7658545720236574,0.9988009592326139,5.08273381294964,834
mobility,traffic_speed_eps4.0,n_weighted,4.0,8,3,4.0,1,0,0.0,58.09327181717362,0.48411059847644683,0.7838786051018574,0.9988009592326139,5.08273381294964,834
mobility,traffic_speed_eps4.0,n_weighted,4.0,8,3,8.0,1,0,0.0,47.77920320559612,0.398160026713301,0.7658545720236574,0.9988009592326139,5.08273381294964,834
mobility,traffic_speed_eps4.0,n_weighted,4.0,8,3,16.0,1,0,0.0,47.77920320559612,0.398160026713301,0.7658545720236574,0.9988009592326139,5.08273381294964,834
mobility,traffic_speed_eps4.0,n_weighted,4.0,8,4,,1,0,0.0,47.10562226407953,0.3925468522006627,0.6125489896155942,0.9676258992805755,5.08273381294964,834
mobility,traffic_speed_eps4.0,n_weighted,4.0,8,4,4.0,1,0,0.0,57.44006524697815,0.4786672103914846,0.8007744748685366,0.9676258992805755,5.08273381294964,834
mobility,traffic_speed_eps4.0,n_weighted,4.0,8,4,8.0,1,0,0.0,47.10562226407953,0.3925468522006627,0.6125489896155942,0.9676258992805755,5.08273381294964,834
mobility,traffic_speed_eps4.0,n_weighted,4.0,8,4,16.0,1,0,0.0,47.10562226407953,0.3925468522006627,0.6125489896155942,0.9676258992805755,5.08273381294964,834
mobility,traffic_speed_eps4.0,n_weighted,4.0,8,6,,1,0,0.0,38.71602147311933,0.32263351227599446,0.5624100051543055,0.33213429256594723,5.08273381294964,834
mobility,traffic_speed_eps4.0,n_weighted,4.0,8,6,8.0,1,0,0.0,38.71602147311933,0.32263351227599446,0.5624100051543055,0.33213429256594723,5.08273381294964,834
mobility,traffic_speed_eps4.0,n_weighted,4.0,8,6,16.0,1,0,0.0,38.71602147311933,0.32263351227599446,0.5624100051543055,0.33213429256594723,5.08273381294964,834
mobility,traffic_speed_eps4.0,n_weighted,4.0,8,1,,1,2,0.0,47.79404948445583,0.3982837457037986,0.767055126131726,1.0,5.08273381294964,834
mobility,traffic_speed_eps4.0,n_weighted,4.0,8,1,4.0,1,2,0.0,58.11561904843594,0.48429682540363284,0.785104763225531,1.0,5.08273381294964,834
mobility,traffic_speed_eps4.0,n_weighted,4.0,8,1,8.0,1,2,0.0,47.79404948445583,0.3982837457037986,0.767055126131726,1.0,5.08273381294964,834
mobility,traffic_speed_eps4.0,n_weighted,4.0,8,1,16.0,1,2,0.0,47.79404948445583,0.3982837457037986,0.767055126131726,1.0,5.08273381294964,834
mobility,traffic_speed_eps4.0,n_weighted,4.0,8,2,,1,2,0.0,47.79404948445583,0.3982837457037986,0.767055126131726,1.0,5.08273381294964,834
mobility,traffic_speed_eps4.0,n_weighted,4.0,8,2,4.0,1,2,0.0,58.11561904843594,0.48429682540363284,0.785104763225531,1.0,5.08273381294964,834
mobility,traffic_speed_eps4.0,n_weighted,4.0,8,2,8.0,1,2,0.0,47.79404948445583,0.3982837457037986,0.767055126131726,1.0,5.08273381294964,834
mobility,traffic_speed_eps4.0,n_weighted,4.0,8,2,16.0,1,2,0.0,47.79404948445583,0.3982837457037986,0.767055126131726,1.0,5.08273381294964,834
mobility,traffic_speed_eps4.0,n_weighted,4.0,8,3,,1,2,0.0,47.77920320559612,0.398160026713301,0.7658545720236574,0.9988009592326139,5.08273381294964,834
mobility,traffic_speed_eps4.0,n_weighted,4.0,8,3,4.0,1,2,0.0,58.09327181717362,0.48411059847644683,0.7838786051018574,0.9988009592326139,5.08273381294964,834
mobility,traffic_speed_eps4.0,n_weighted,4.0,8,3,8.0,1,2,0.0,47.77920320559612,0.398160026713301,0.7658545720236574,0.9988009592326139,5.08273381294964,834
mobility,traffic_speed_eps4.0,n_weighted,4.0,8,3,16.0,1,2,0.0,47.77920320559612,0.398160026713301,0.7658545720236574,0.9988009592326139,5.08273381294964,834
mobility,traffic_speed_eps4.0,n_weighted,4.0,8,4,,1,2,0.0,47.043741001800136,0.3920311750150011,0.7935233289530617,0.9987623762376238,5.212871287128713,808
mobility,traffic_speed_eps4.0,n_weighted,4.0,8,4,4.0,1,2,0.0,57.479815755264376,0.47899846462720314,0.7843788168676258,0.9987623762376238,5.212871287128713,808
mobility,traffic_speed_eps4.0,n_weighted,4.0,8,4,8.0,1,2,0.0,47.04816083615559,0.39206800696796323,0.7935233289530617,0.9987623762376238,5.212871287128713,808
mobility,traffic_speed_eps4.0,n_weighted,4.0,8,4,16.0,1,2,0.0,47.043741001800136,0.3920311750150011,0.7935233289530617,0.9987623762376238,5.212871287128713,808
mobility,traffic_speed_eps4.0,n_weighted,4.0,8,6,,1,2,0.0,33.829058234332614,0.28190881861943845,0.3843602258547549,0.9979959919839679,7.462925851703407,499
mobility,traffic_speed_eps4.0,n_weighted,4.0,8,6,8.0,1,2,0.0,34.54259999868432,0.28785499998903596,0.3949971703907869,0.9979959919839679,7.462925851703407,499
mobility,traffic_speed_eps4.0,n_weighted,4.0,8,6,16.0,1,2,0.0,33.829058234332614,0.28190881861943845,0.3843602258547549,0.9979959919839679,7.462925851703407,499
mobility,traffic_speed_eps4.0,n_weighted,4.0,8,1,,1,4,0.0,47.79404948445583,0.3982837457037986,0.767055126131726,1.0,5.08273381294964,834
mobility,traffic_speed_eps4.0,n_weighted,4.0,8,1,4.0,1,4,0.0,58.11561904843594,0.48429682540363284,0.785104763225531,1.0,5.08273381294964,834
mobility,traffic_speed_eps4.0,n_weighted,4.0,8,1,8.0,1,4,0.0,47.79404948445583,0.3982837457037986,0.767055126131726,1.0,5.08273381294964,834
mobility,traffic_speed_eps4.0,n_weighted,4.0,8,1,16.0,1,4,0.0,47.79404948445583,0.3982837457037986,0.767055126131726,1.0,5.08273381294964,834
mobility,traffic_speed_eps4.0,n_weighted,4.0,8,2,,1,4,0.0,47.79404948445583,0.3982837457037986,0.767055126131726,1.0,5.08273381294964,834
mobility,traffic_speed_eps4.0,n_weighted,4.0,8,2,4.0,1,4,0.0,58.11561904843594,0.48429682540363284,0.785104763225531,1.0,5.08273381294964,834
mobility,traffic_speed_eps4.0,n_weighted,4.0,8,2,8.0,1,4,0.0,47.79404948445583,0.3982837457037986,0.767055126131726,1.0,5.08273381294964,834
mobility,traffic_speed_eps4.0,n_weighted,4.0,8,2,16.0,1,4,0.0,47.79404948445583,0.3982837457037986,0.767055126131726,1.0,5.08273381294964,834
mobility,traffic_speed_eps4.0,n_weighted,4.0,8,3,,1,4,0.0,47.77920320559612,0.398160026713301,0.7658545720236574,0.9988009592326139,5.08273381294964,834
mobility,traffic_speed_eps4.0,n_weighted,4.0,8,3,4.0,1,4,0.0,58.09327181717362,0.48411059847644683,0.7838786051018574,0.9988009592326139,5.08273381294964,834
mobility,traffic_speed_eps4.0,n_weighted,4.0,8,3,8.0,1,4,0.0,47.77920320559612,0.398160026713301,0.7658545720236574,0.9988009592326139,5.08273381294964,834
mobility,traffic_speed_eps4.0,n_weighted,4.0,8,3,16.0,1,4,0.0,47.77920320559612,0.398160026713301,0.7658545720236574,0.9988009592326139,5.08273381294964,834
mobility,traffic_speed_eps4.0,n_weighted,4.0,8,4,,1,4,0.0,47.043741001800136,0.3920311750150011,0.7935233289530617,0.9987623762376238,5.212871287128713,808
mobility,traffic_speed_eps4.0,n_weighted,4.0,8,4,4.0,1,4,0.0,57.479815755264376,0.47899846462720314,0.7843788168676258,0.9987623762376238,5.212871287128713,808
mobility,traffic_speed_eps4.0,n_weighted,4.0,8,4,8.0,1,4,0.0,47.04816083615559,0.39206800696796323,0.7935233289530617,0.9987623762376238,5.212871287128713,808
mobility,traffic_speed_eps4.0,n_weighted,4.0,8,4,16.0,1,4,0.0,47.043741001800136,0.3920311750150011,0.7935233289530617,0.9987623762376238,5.212871287128713,808
mobility,traffic_speed_eps4.0,n_weighted,4.0,8,6,,1,4,0.0,33.829058234332614,0.28190881861943845,0.3843602258547549,0.9979959919839679,7.462925851703407,499
mobility,traffic_speed_eps4.0,n_weighted,4.0,8,6,8.0,1,4,0.0,34.54259999868432,0.28785499998903596,0.3949971703907869,0.9979959919839679,7.462925851703407,499
mobility,traffic_speed_eps4.0,n_weighted,4.0,8,6,16.0,1,4,0.0,33.829058234332614,0.28190881861943845,0.3843602258547549,0.9979959919839679,7.462925851703407,499
mobility,traffic_speed_eps4.0,n_weighted,4.0,8,1,,2,0,0.0,29.572600638066586,0.2464383386505549,0.494194572381628,1.0,8.57074340527578,417
mobility,traffic_speed_eps4.0,n_weighted,4.0,8,1,4.0,2,0,0.0,59.98098009596857,0.49984150079973805,0.7662425751686769,1.0,8.57074340527578,417
mobility,traffic_speed_eps4.0,n_weighted,4.0,8,1,8.0,2,0,0.0,31.733404237080528,0.2644450353090044,0.360354908463254,1.0,8.57074340527578,417
mobility,traffic_speed_eps4.0,n_weighted,4.0,8,1,16.0,2,0,0.0,29.572600638066586,0.2464383386505549,0.494194572381628,1.0,8.57074340527578,417
mobility,traffic_speed_eps4.0,n_weighted,4.0,8,2,,2,0,0.0,29.572600638066586,0.2464383386505549,0.494194572381628,1.0,8.57074340527578,417
mobility,traffic_speed_eps4.0,n_weighted,4.0,8,2,4.0,2,0,0.0,59.98098009596857,0.49984150079973805,0.7662425751686769,1.0,8.57074340527578,417
mobility,traffic_speed_eps4.0,n_weighted,4.0,8,2,8.0,2,0,0.0,31.733404237080528,0.2644450353090044,0.360354908463254,1.0,8.57074340527578,417
mobility,traffic_speed_eps4.0,n_weighted,4.0,8,2,16.0,2,0,0.0,29.572600638066586,0.2464383386505549,0.494194572381628,1.0,8.57074340527578,417
mobility,traffic_speed_eps4.0,n_weighted,4.0,8,3,,2,0,0.0,29.572600638066586,0.2464383386505549,0.494194572381628,1.0,8.57074340527578,417
mobility,traffic_speed_eps4.0,n_weighted,4.0,8,3,4.0,2,0,0.0,59.98098009596857,0.49984150079973805,0.7662425751686769,1.0,8.57074340527578,417
mobility,traffic_speed_eps4.0,n_weighted,4.0,8,3,8.0,2,0,0.0,31.733404237080528,0.2644450353090044,0.360354908463254,1.0,8.57074340527578,417
mobility,traffic_speed_eps4.0,n_weighted,4.0,8,3,16.0,2,0,0.0,29.572600638066586,0.2464383386505549,0.494194572381628,1.0,8.57074340527578,417
mobility,traffic_speed_eps4.0,n_weighted,4.0,8,4,,2,0,0.0,29.572600638066586,0.2464383386505549,0.494194572381628,1.0,8.57074340527578,417
mobility,traffic_speed_eps4.0,n_weighted,4.0,8,4,4.0,2,0,0.0,59.98098009596857,0.49984150079973805,0.7662425751686769,1.0,8.57074340527578,417
mobility,traffic_speed_eps4.0,n_weighted,4.0,8,4,8.0,2,0,0.0,31.733404237080528,0.2644450353090044,0.360354908463254,1.0,8.57074340527578,417
mobility,traffic_speed_eps4.0,n_weighted,4.0,8,4,16.0,2,0,0.0,29.572600638066586,0.2464383386505549,0.494194572381628,1.0,8.57074340527578,417
mobility,traffic_speed_eps4.0,n_weighted,4.0,8,6,,2,0,0.0,30.090623378306898,0.25075519481922415,0.6694467594192293,0.9904076738609112,8.57074340527578,417
mobility,traffic_speed_eps4.0,n_weighted,4.0,8,6,8.0,2,0,0.0,32.18760553590581,0.2682300461325484,0.36965892633446523,0.9904076738609112,8.57074340527578,417
mobility,traffic_speed_eps4.0,n_weighted,4.0,8,6,16.0,2,0,0.0,30.090623378306898,0.25075519481922415,0.6694467594192293,0.9904076738609112,8.57074340527578,417
mobility,traffic_speed_eps4.0,n_weighted,4.0,8,1,,2,2,0.0,29.572600638066586,0.2464383386505549,0.494194572381628,1.0,8.57074340527578,417
mobility,traffic_speed_eps4.0,n_weighted,4.0,8,1,4.0,2,2,0.0,59.98098009596857,0.49984150079973805,0.7662425751686769,1.0,8.57074340527578,417
mobility,traffic_speed_eps4.0,n_weighted,4.0,8,1,8.0,2,2,0.0,31.733404237080528,0.2644450353090044,0.360354908463254,1.0,8.57074340527578,417
mobility,traffic_speed_eps4.0,n_weighted,4.0,8,1,16.0,2,2,0.0,29.572600638066586,0.2464383386505549,0.494194572381628,1.0,8.57074340527578,417
mobility,traffic_speed_eps4.0,n_weighted,4.0,8,2,,2,2,0.0,29.572600638066586,0.2464383386505549,0.494194572381628,1.0,8.57074340527578,417
mobility,traffic_speed_eps4.0,n_weighted,4.0,8,2,4.0,2,2,0.0,59.98098009596857,0.49984150079973805,0.7662425751686769,1.0,8.57074340527578,417
mobility,traffic_speed_eps4.0,n_weighted,4.0,8,2,8.0,2,2,0.0,31.733404237080528,0.2644450353090044,0.360354908463254,1.0,8.57074340527578,417
mobility,traffic_speed_eps4.0,n_weighted,4.0,8,2,16.0,2,2,0.0,29.572600638066586,0.2464383386505549,0.494194572381628,1.0,8.57074340527578,417
mobility,traffic_speed_eps4.0,n_weighted,4.0,8,3,,2,2,0.0,29.572600638066586,0.2464383386505549,0.494194572381628,1.0,8.57074340527578,417
mobility,traffic_speed_eps4.0,n_weighted,4.0,8,3,4.0,2,2,0.0,59.98098009596857,0.49984150079973805,0.7662425751686769,1.0,8.57074340527578,417
mobility,traffic_speed_eps4.0,n_weighted,4.0,8,3,8.0,2,2,0.0,31.733404237080528,0.2644450353090044,0.360354908463254,1.0,8.57074340527578,417
mobility,traffic_speed_eps4.0,n_weighted,4.0,8,3,16.0,2,2,0.0,29.572600638066586,0.2464383386505549,0.494194572381628,1.0,8.57074340527578,417
mobility,traffic_speed_eps4.0,n_weighted,4.0,8,4,,2,2,0.0,29.572600638066586,0.2464383386505549,0.494194572381628,1.0,8.57074340527578,417
mobility,traffic_speed_eps4.0,n_weighted,4.0,8,4,4.0,2,2,0.0,59.98098009596857,0.49984150079973805,0.7662425751686769,1.0,8.57074340527578,417
mobility,traffic_speed_eps4.0,n_weighted,4.0,8,4,8.0,2,2,0.0,31.733404237080528,0.2644450353090044,0.360354908463254,1.0,8.57074340527578,417
mobility,traffic_speed_eps4.0,n_weighted,4.0,8,4,16.0,2,2,0.0,29.572600638066586,0.2464383386505549,0.494194572381628,1.0,8.57074340527578,417
mobility,traffic_speed_eps4.0,n_weighted,4.0,8,6,,2,2,0.0,29.56389382607827,0.24636578188398559,0.6599116715161594,1.0,8.624697336561743,413
mobility,traffic_speed_eps4.0,n_weighted,4.0,8,6,8.0,2,2,0.0,31.605065971924873,0.2633755497660406,0.37403556763724877,1.0,8.624697336561743,413
mobility,traffic_speed_eps4.0,n_weighted,4.0,8,6,16.0,2,2,0.0,29.56389382607827,0.24636578188398559,0.6599116715161594,1.0,8.624697336561743,413
mobility,traffic_speed_eps4.0,n_weighted,4.0,8,1,,2,4,0.0,29.572600638066586,0.2464383386505549,0.494194572381628,1.0,8.57074340527578,417
mobility,traffic_speed_eps4.0,n_weighted,4.0,8,1,4.0,2,4,0.0,59.98098009596857,0.49984150079973805,0.7662425751686769,1.0,8.57074340527578,417
mobility,traffic_speed_eps4.0,n_weighted,4.0,8,1,8.0,2,4,0.0,31.733404237080528,0.2644450353090044,0.360354908463254,1.0,8.57074340527578,417
mobility,traffic_speed_eps4.0,n_weighted,4.0,8,1,16.0,2,4,0.0,29.572600638066586,0.2464383386505549,0.494194572381628,1.0,8.57074340527578,417
mobility,traffic_speed_eps4.0,n_weighted,4.0,8,2,,2,4,0.0,29.572600638066586,0.2464383386505549,0.494194572381628,1.0,8.57074340527578,417
mobility,traffic_speed_eps4.0,n_weighted,4.0,8,2,4.0,2,4,0.0,59.98098009596857,0.49984150079973805,0.7662425751686769,1.0,8.57074340527578,417
mobility,traffic_speed_eps4.0,n_weighted,4.0,8,2,8.0,2,4,0.0,31.733404237080528,0.2644450353090044,0.360354908463254,1.0,8.57074340527578,417
mobility,traffic_speed_eps4.0,n_weighted,4.0,8,2,16.0,2,4,0.0,29.572600638066586,0.2464383386505549,0.494194572381628,1.0,8.57074340527578,417
mobility,traffic_speed_eps4.0,n_weighted,4.0,8,3,,2,4,0.0,29.572600638066586,0.2464383386505549,0.494194572381628,1.0,8.57074340527578,417
mobility,traffic_speed_eps4.0,n_weighted,4.0,8,3,4.0,2,4,0.0,59.98098009596857,0.49984150079973805,0.7662425751686769,1.0,8.57074340527578,417
mobility,traffic_speed_eps4.0,n_weighted,4.0,8,3,8.0,2,4,0.0,31.733404237080528,0.2644450353090044,0.360354908463254,1.0,8.57074340527578,417
mobility,traffic_speed_eps4.0,n_weighted,4.0,8,3,16.0,2,4,0.0,29.572600638066586,0.2464383386505549,0.494194572381628,1.0,8.57074340527578,417
mobility,traffic_speed_eps4.0,n_weighted,4.0,8,4,,2,4,0.0,29.572600638066586,0.2464383386505549,0.494194572381628,1.0,8.57074340527578,417
mobility,traffic_speed_eps4.0,n_weighted,4.0,8,4,4.0,2,4,0.0,59.98098009596857,0.49984150079973805,0.7662425751686769,1.0,8.57074340527578,417
mobility,traffic_speed_eps4.0,n_weighted,4.0,8,4,8.0,2,4,0.0,31.733404237080528,0.2644450353090044,0.360354908463254,1.0,8.57074340527578,417
mobility,traffic_speed_eps4.0,n_weighted,4.0,8,4,16.0,2,4,0.0,29.572600638066586,0.2464383386505549,0.494194572381628,1.0,8.57074340527578,417
mobility,traffic_speed_eps4.0,n_weighted,4.0,8,6,,2,4,0.0,29.56389382607827,0.24636578188398559,0.6599116715161594,1.0,8.624697336561743,413
mobility,traffic_speed_eps4.0,n_weighted,4.0,8,6,8.0,2,4,0.0,31.605065971924873,0.2633755497660406,0.37403556763724877,1.0,8.624697336561743,413
mobility,traffic_speed_eps4.0,n_weighted,4.0,8,6,16.0,2,4,0.0,29.56389382607827,0.24636578188398559,0.6599116715161594,1.0,8.624697336561743,413
mobility,traffic_speed_eps4.0,n_weighted,4.0,8,1,,4,0,0.0,20.2686672024542,0.16890556002045168,0.4115243734459731,1.0,12.44976076555024,209
mobility,traffic_speed_eps4.0,n_weighted,4.0,8,1,4.0,4,0,0.0,60.552403852062895,0.5046033654338574,0.7797168740397172,1.0,12.44976076555024,209
mobility,traffic_speed_eps4.0,n_weighted,4.0,8,1,8.0,4,0,0.0,30.28447419410934,0.2523706182842445,0.7370632678585235,1.0,12.44976076555024,209
mobility,traffic_speed_eps4.0,n_weighted,4.0,8,1,16.0,4,0,0.0,20.2686672024542,0.16890556002045168,0.4115243734459731,1.0,12.44976076555024,209
mobility,traffic_speed_eps4.0,n_weighted,4.0,8,2,,4,0,0.0,20.2686672024542,0.16890556002045168,0.4115243734459731,1.0,12.44976076555024,209
mobility,traffic_speed_eps4.0,n_weighted,4.0,8,2,4.0,4,0,0.0,60.552403852062895,0.5046033654338574,0.7797168740397172,1.0,12.44976076555024,209
mobility,traffic_speed_eps4.0,n_weighted,4.0,8,2,8.0,4,0,0.0,30.28447419410934,0.2523706182842445,0.7370632678585235,1.0,12.44976076555024,209
mobility,traffic_speed_eps4.0,n_weighted,4.0,8,2,16.0,4,0,0.0,20.2686672024542,0.16890556002045168,0.4115243734459731,1.0,12.44976076555024,209
mobility,traffic_speed_eps4.0,n_weighted,4.0,8,3,,4,0,0.0,20.2686672024542,0.16890556002045168,0.4115243734459731,1.0,12.44976076555024,209
mobility,traffic_speed_eps4.0,n_weighted,4.0,8,3,4.0,4,0,0.0,60.552403852062895,0.5046033654338574,0.7797168740397172,1.0,12.44976076555024,209
mobility,traffic_speed_eps4.0,n_weighted,4.0,8,3,8.0,4,0,0.0,30.28447419410934,0.2523706182842445,0.7370632678585235,1.0,12.44976076555024,209
mobility,traffic_speed_eps4.0,n_weighted,4.0,8,3,16.0,4,0,0.0,20.2686672024542,0.16890556002045168,0.4115243734459731,1.0,12.44976076555024,209
mobility,traffic_speed_eps4.0,n_weighted,4.0,8,4,,4,0,0.0,20.2686672024542,0.16890556002045168,0.4115243734459731,1.0,12.44976076555024,209
mobility,traffic_speed_eps4.0,n_weighted,4.0,8,4,4.0,4,0,0.0,60.552403852062895,0.5046033654338574,0.7797168740397172,1.0,12.44976076555024,209
mobility,traffic_speed_eps4.0,n_weighted,4.0,8,4,8.0,4,0,0.0,30.28447419410934,0.2523706182842445,0.7370632678585235,1.0,12.44976076555024,209
mobility,traffic_speed_eps4.0,n_weighted,4.0,8,4,16.0,4,0,0.0,20.2686672024542,0.16890556002045168,0.4115243734459731,1.0,12.44976076555024,209
mobility,traffic_speed_eps4.0,n_weighted,4.0,8,6,,4,0,0.0,20.2686672024542,0.16890556002045168,0.4115243734459731,1.0,12.44976076555024,209
mobility,traffic_speed_eps4.0,n_weighted,4.0,8,6,8.0,4,0,0.0,30.28447419410934,0.2523706182842445,0.7370632678585235,1.0,12.44976076555024,209
mobility,traffic_speed_eps4.0,n_weighted,4.0,8,6,16.0,4,0,0.0,20.2686672024542,0.16890556002045168,0.4115243734459731,1.0,12.44976076555024,209
mobility,traffic_speed_eps4.0,n_weighted,4.0,8,1,,4,2,0.0,20.2686672024542,0.16890556002045168,0.4115243734459731,1.0,12.44976076555024,209
mobility,traffic_speed_eps4.0,n_weighted,4.0,8,1,4.0,4,2,0.0,60.552403852062895,0.5046033654338574,0.7797168740397172,1.0,12.44976076555024,209
mobility,traffic_speed_eps4.0,n_weighted,4.0,8,1,8.0,4,2,0.0,30.28447419410934,0.2523706182842445,0.7370632678585235,1.0,12.44976076555024,209
mobility,traffic_speed_eps4.0,n_weighted,4.0,8,1,16.0,4,2,0.0,20.2686672024542,0.16890556002045168,0.4115243734459731,1.0,12.44976076555024,209
mobility,traffic_speed_eps4.0,n_weighted,4.0,8,2,,4,2,0.0,20.2686672024542,0.16890556002045168,0.4115243734459731,1.0,12.44976076555024,209
mobility,traffic_speed_eps4.0,n_weighted,4.0,8,2,4.0,4,2,0.0,60.552403852062895,0.5046033654338574,0.7797168740397172,1.0,12.44976076555024,209
mobility,traffic_speed_eps4.0,n_weighted,4.0,8,2,8.0,4,2,0.0,30.28447419410934,0.2523706182842445,0.7370632678585235,1.0,12.44976076555024,209
mobility,traffic_speed_eps4.0,n_weighted,4.0,8,2,16.0,4,2,0.0,20.2686672024542,0.16890556002045168,0.4115243734459731,1.0,12.44976076555024,209
mobility,traffic_speed_eps4.0,n_weighted,4.0,8,3,,4,2,0.0,20.2686672024542,0.16890556002045168,0.4115243734459731,1.0,12.44976076555024,209
mobility,traffic_speed_eps4.0,n_weighted,4.0,8,3,4.0,4,2,0.0,60.552403852062895,0.5046033654338574,0.7797168740397172,1.0,12.44976076555024,209
mobility,traffic_speed_eps4.0,n_weighted,4.0,8,3,8.0,4,2,0.0,30.28447419410934,0.2523706182842445,0.7370632678585235,1.0,12.44976076555024,209
mobility,traffic_speed_eps4.0,n_weighted,4.0,8,3,16.0,4,2,0.0,20.2686672024542,0.16890556002045168,0.4115243734459731,1.0,12.44976076555024,209
mobility,traffic_speed_eps4.0,n_weighted,4.0,8,4,,4,2,0.0,20.2686672024542,0.16890556002045168,0.4115243734459731,1.0,12.44976076555024,209
mobility,traffic_speed_eps4.0,n_weighted,4.0,8,4,4.0,4,2,0.0,60.552403852062895,0.5046033654338574,0.7797168740397172,1.0,12.44976076555024,209
mobility,traffic_speed_eps4.0,n_weighted,4.0,8,4,8.0,4,2,0.0,30.28447419410934,0.2523706182842445,0.7370632678585235,1.0,12.44976076555024,209
mobility,traffic_speed_eps4.0,n_weighted,4.0,8,4,16.0,4,2,0.0,20.2686672024542,0.16890556002045168,0.4115243734459731,1.0,12.44976076555024,209
mobility,traffic_speed_eps4.0,n_weighted,4.0,8,6,,4,2,0.0,20.2686672024542,0.16890556002045168,0.4115243734459731,1.0,12.44976076555024,209
mobility,traffic_speed_eps4.0,n_weighted,4.0,8,6,8.0,4,2,0.0,30.28447419410934,0.2523706182842445,0.7370632678585235,1.0,12.44976076555024,209
mobility,traffic_speed_eps4.0,n_weighted,4.0,8,6,16.0,4,2,0.0,20.2686672024542,0.16890556002045168,0.4115243734459731,1.0,12.44976076555024,209
mobility,traffic_speed_eps4.0,n_weighted,4.0,8,1,,4,4,0.0,20.2686672024542,0.16890556002045168,0.4115243734459731,1.0,12.44976076555024,209
mobility,traffic_speed_eps4.0,n_weighted,4.0,8,1,4.0,4,4,0.0,60.552403852062895,0.5046033654338574,0.7797168740397172,1.0,12.44976076555024,209
mobility,traffic_speed_eps4.0,n_weighted,4.0,8,1,8.0,4,4,0.0,30.28447419410934,0.2523706182842445,0.7370632678585235,1.0,12.44976076555024,209
mobility,traffic_speed_eps4.0,n_weighted,4.0,8,1,16.0,4,4,0.0,20.2686672024542,0.16890556002045168,0.4115243734459731,1.0,12.44976076555024,209
mobility,traffic_speed_eps4.0,n_weighted,4.0,8,2,,4,4,0.0,20.2686672024542,0.16890556002045168,0.4115243734459731,1.0,12.44976076555024,209
mobility,traffic_speed_eps4.0,n_weighted,4.0,8,2,4.0,4,4,0.0,60.552403852062895,0.5046033654338574,0.7797168740397172,1.0,12.44976076555024,209
mobility,traffic_speed_eps4.0,n_weighted,4.0,8,2,8.0,4,4,0.0,30.28447419410934,0.2523706182842445,0.7370632678585235,1.0,12.44976076555024,209
mobility,traffic_speed_eps4.0,n_weighted,4.0,8,2,16.0,4,4,0.0,20.2686672024542,0.16890556002045168,0.4115243734459731,1.0,12.44976076555024,209
mobility,traffic_speed_eps4.0,n_weighted,4.0,8,3,,4,4,0.0,20.2686672024542,0.16890556002045168,0.4115243734459731,1.0,12.44976076555024,209
mobility,traffic_speed_eps4.0,n_weighted,4.0,8,3,4.0,4,4,0.0,60.552403852062895,0.5046033654338574,0.7797168740397172,1.0,12.44976076555024,209
mobility,traffic_speed_eps4.0,n_weighted,4.0,8,3,8.0,4,4,0.0,30.28447419410934,0.2523706182842445,0.7370632678585235,1.0,12.44976076555024,209
mobility,traffic_speed_eps4.0,n_weighted,4.0,8,3,16.0,4,4,0.0,20.2686672024542,0.16890556002045168,0.4115243734459731,1.0,12.44976076555024,209
mobility,traffic_speed_eps4.0,n_weighted,4.0,8,4,,4,4,0.0,20.2686672024542,0.16890556002045168,0.4115243734459731,1.0,12.44976076555024,209
mobility,traffic_speed_eps4.0,n_weighted,4.0,8,4,4.0,4,4,0.0,60.552403852062895,0.5046033654338574,0.7797168740397172,1.0,12.44976076555024,209
mobility,traffic_speed_eps4.0,n_weighted,4.0,8,4,8.0,4,4,0.0,30.28447419410934,0.2523706182842445,0.7370632678585235,1.0,12.44976076555024,209
mobility,traffic_speed_eps4.0,n_weighted,4.0,8,4,16.0,4,4,0.0,20.2686672024542,0.16890556002045168,0.4115243734459731,1.0,12.44976076555024,209
mobility,traffic_speed_eps4.0,n_weighted,4.0,8,6,,4,4,0.0,20.2686672024542,0.16890556002045168,0.4115243734459731,1.0,12.44976076555024,209
mobility,traffic_speed_eps4.0,n_weighted,4.0,8,6,8.0,4,4,0.0,30.28447419410934,0.2523706182842445,0.7370632678585235,1.0,12.44976076555024,209
mobility,traffic_speed_eps4.0,n_weighted,4.0,8,6,16.0,4,4,0.0,20.2686672024542,0.16890556002045168,0.4115243734459731,1.0,12.44976076555024,209
