dataset,sensor,strategy,epsilon,w,P_min,P_max,delta_t,k_ext,epsilon_count,mae,normalized_mae,kl_divergence,release_rate,avg_n_tau,n_logical_timestamps
pune,pm10_eps0.5,uniform,0.5,8,1,,1,0,0.0,2089.906112496587,2.0899061124965868,0.5082320630585684,1.0,7.840303115352231,3563
pune,pm10_eps0.5,uniform,0.5,8,1,4.0,1,0,0.0,3969.6339994152117,3.969633999415212,0.6318735293545763,1.0,7.840303115352231,3563
pune,pm10_eps0.5,uniform,0.5,8,1,8.0,1,0,0.0,2135.7247787569268,2.1357247787569267,0.5247377098407693,1.0,7.840303115352231,3563
pune,pm10_eps0.5,uniform,0.5,8,1,16.0,1,0,0.0,2089.906112496587,2.0899061124965868,0.5082320630585684,1.0,7.840303115352231,3563
pune,pm10_eps0.5,uniform,0.5,8,2,,1,0,0.0,2089.906112496587,2.0899061124965868,0.5082320630585684,1.0,7.840303115352231,3563
pune,pm10_eps0.5,uniform,0.5,8,2,4.0,1,0,0.0,3969.6339994152117,3.969633999415212,0.6318735293545763,1.0,7.840303115352231,3563
pune,pm10_eps0.5,uniform,0.5,8,2,8.0,1,0,0.0,2135.7247787569268,2.1357247787569267,0.5247377098407693,1.0,7.840303115352231,3563
pune,pm10_eps0.5,uniform,0.5,8,2,16.0,1,0,0.0,2089.906112496587,2.0899061124965868,0.5082320630585684,1.0,7.840303115352231,3563
pune,pm10_eps0.5,uniform,0.5,8,3,,1,0,0.0,2089.906112496587,2.0899061124965868,0.5082320630585684,1.0,7.840303115352231,3563
pune,pm10_eps0.5,uniform,0.5,8,3,4.0,1,0,0.0,3969.6339994152117,3.969633999415212,0.6318735293545763,1.0,7.840303115352231,3563
pune,pm10_eps0.5,uniform,0.5,8,3,8.0,1,0,0.0,2135.7247787569268,2.1357247787569267,0.5247377098407693,1.0,7.840303115352231,3563
pune,pm10_eps0.5,uniform,0.5,8,3,16.0,1,0,0.0,2089.906112496587,2.0899061124965868,0.5082320630585684,1.0,7.840303115352231,3563
pune,pm10_eps0.5,uniform,0.5,8,4,,1,0,0.0,2089.906112496587,2.0899061124965868,0.5082320630585684,1.0,7.840303115352231,3563
pune,pm10_eps0.5,uniform,0.5,8,4,4.0,1,0,0.0,3969.6339994152117,3.969633999415212,0.6318735293545763,1.0,7.840303115352231,3563
pune,pm10_eps0.5,uniform,0.5,8,4,8.0,1,0,0.0,2135.7247787569268,2.1357247787569267,0.5247377098407693,1.0,7.840303115352231,3563
pune,pm10_eps0.5,uniform,0.5,8,4,16.0,1,0,0.0,2089.906112496587,2.0899061124965868,0.5082320630585684,1.0,7.840303115352231,3563
pune,pm10_eps0.5,uniform,0.5,8,6,,1,0,0.0,2089.906112496587,2.0899061124965868,0.5082320630585684,1.0,7.840303115352231,3563
pune,pm10_eps0.5,uniform,0.5,8,6,8.0,1,0,0.0,2135.7247787569268,2.1357247787569267,0.5247377098407693,1.0,7.840303115352231,3563
pune,pm10_eps0.5,uniform,0.5,8,6,16.0,1,0,0.0,2089.906112496587,2.0899061124965868,0.5082320630585684,1.0,7.840303115352231,3563
pune,pm10_eps0.5,uniform,0.5,8,1,,1,2,0.0,2089.906112496587,2.0899061124965868,0.5082320630585684,1.0,7.840303115352231,3563
pune,pm10_eps0.5,uniform,0.5,8,1,4.0,1,2,0.0,3969.6339994152117,3.969633999415212,0.6318735293545763,1.0,7.840303115352231,3563
pune,pm10_eps0.5,uniform,0.5,8,1,8.0,1,2,0.0,2135.7247787569268,2.1357247787569267,0.5247377098407693,1.0,7.840303115352231,3563
pune,pm10_eps0.5,uniform,0.5,8,1,16.0,1,2,0.0,2089.906112496587,2.0899061124965868,0.5082320630585684,1.0,7.840303115352231,3563
pune,pm10_eps0.5,uniform,0.5,8,2,,1,2,0.0,2082.932255025654,2.082932255025654,0.5547899063558999,1.0,7.844144903117102,3561
pune,pm10_eps0.5,uniform,0.5,8,2,4.0,1,2,0.0,3963.5170733558193,3.963517073355819,0.6308014862372199,1.0,7.844144903117102,3561
pune,pm10_eps0.5,uniform,0.5,8,2,8.0,1,2,0.0,2128.6492513959874,2.1286492513959874,0.5746025663494654,1.0,7.844144903117102,3561
pune,pm10_eps0.5,uniform,0.5,8,2,16.0,1,2,0.0,2082.932255025654,2.082932255025654,0.5547899063558999,1.0,7.844144903117102,3561
pune,pm10_eps0.5,uniform,0.5,8,3,,1,2,0.0,2079.082351391755,2.079082351391755,0.5545944264985228,1.0,7.850716896260894,3557
pune,pm10_eps0.5,uniform,0.5,8,3,4.0,1,2,0.0,3961.433158239256,3.961433158239256,0.6307307816966093,1.0,7.850716896260894,3557
pune,pm10_eps0.5,uniform,0.5,8,3,8.0,1,2,0.0,2124.7652991171585,2.1247652991171586,0.5744270867817916,1.0,7.850716896260894,3557
pune,pm10_eps0.5,uniform,0.5,8,3,16.0,1,2,0.0,2079.082351391755,2.079082351391755,0.5545944264985228,1.0,7.850716896260894,3557
pune,pm10_eps0.5,uniform,0.5,8,4,,1,2,0.0,2032.6964073740992,2.0326964073740994,0.7470212054026257,1.0,7.915954415954416,3510
pune,pm10_eps0.5,uniform,0.5,8,4,4.0,1,2,0.0,3944.1197022083134,3.9441197022083134,0.6275237325007856,1.0,7.915954415954416,3510
pune,pm10_eps0.5,uniform,0.5,8,4,8.0,1,2,0.0,2078.3602307473293,2.0783602307473292,0.7603642014358698,1.0,7.915954415954416,3510
pune,pm10_eps0.5,uniform,0.5,8,4,16.0,1,2,0.0,2032.6964073740992,2.0326964073740994,0.7470212054026257,1.0,7.915954415954416,3510
pune,pm10_eps0.5,uniform,0.5,8,6,,1,2,0.0,2033.5175879378753,2.0335175879378755,0.8710086308826269,1.0,7.949094046591889,3477
pune,pm10_eps0.5,uniform,0.5,8,6,8.0,1,2,0.0,2080.512245622405,2.0805122456224048,0.8779070723046282,1.0,7.949094046591889,3477
pune,pm10_eps0.5,uniform,0.5,8,6,16.0,1,2,0.0,2033.5175879378753,2.0335175879378755,0.8710086308826269,1.0,7.949094046591889,3477
pune,pm10_eps0.5,uniform,0.5,8,1,,1,4,0.0,2089.906112496587,2.0899061124965868,0.5082320630585684,1.0,7.840303115352231,3563
pune,pm10_eps0.5,uniform,0.5,8,1,4.0,1,4,0.0,3969.6339994152117,3.969633999415212,0.6318735293545763,1.0,7.840303115352231,3563
pune,pm10_eps0.5,uniform,0.5,8,1,8.0,1,4,0.0,2135.7247787569268,2.1357247787569267,0.5247377098407693,1.0,7.840303115352231,3563
pune,pm10_eps0.5,uniform,0.5,8,1,16.0,1,4,0.0,2089.906112496587,2.0899061124965868,0.5082320630585684,1.0,7.840303115352231,3563
pune,pm10_eps0.5,uniform,0.5,8,2,,1,4,0.0,2082.932255025654,2.082932255025654,0.5547899063558999,1.0,7.844144903117102,3561
pune,pm10_eps0.5,uniform,0.5,8,2,4.0,1,4,0.0,3963.5170733558193,3.963517073355819,0.6308014862372199,1.0,7.844144903117102,3561
pune,pm10_eps0.5,uniform,0.5,8,2,8.0,1,4,0.0,2128.6492513959874,2.1286492513959874,0.5746025663494654,1.0,7.844144903117102,3561
pune,pm10_eps0.5,uniform,0.5,8,2,16.0,1,4,0.0,2082.932255025654,2.082932255025654,0.5547899063558999,1.0,7.844144903117102,3561
pune,pm10_eps0.5,uniform,0.5,8,3,,1,4,0.0,2079.082351391755,2.079082351391755,0.5545944264985228,1.0,7.850716896260894,3557
pune,pm10_eps0.5,uniform,0.5,8,3,4.0,1,4,0.0,3961.433158239256,3.961433158239256,0.6307307816966093,1.0,7.850716896260894,3557
pune,pm10_eps0.5,uniform,0.5,8,3,8.0,1,4,0.0,2124.7652991171585,2.1247652991171586,0.5744270867817916,1.0,7.850716896260894,3557
pune,pm10_eps0.5,uniform,0.5,8,3,16.0,1,4,0.0,2079.082351391755,2.079082351391755,0.5545944264985228,1.0,7.850716896260894,3557
pune,pm10_eps0.5,uniform,0.5,8,4,,1,4,0.0,2027.367711136546,2.027367711136546,0.7469185622271977,1.0,7.928877463581833,3501
pune,pm10_eps0.5,uniform,0.5,8,4,4.0,1,4,0.0,3944.194124004083,3.944194124004083,0.626556049007245,1.0,7.928877463581833,3501
pune,pm10_eps0.5,uniform,0.5,8,4,8.0,1,4,0.0,2074.2835838416754,2.0742835838416753,0.759066632918486,1.0,7.928877463581833,3501
pune,pm10_eps0.5,uniform,0.5,8,4,16.0,1,4,0.0,2027.367711136546,2.027367711136546,0.7469185622271977,1.0,7.928877463581833,3501
pune,pm10_eps0.5,uniform,0.5,8,6,,1,4,0.0,2010.42331593221,2.01042331593221,0.6312847795591277,1.0,7.966512702078522,3464
pune,pm10_eps0.5,uniform,0.5,8,6,8.0,1,4,0.0,2056.7890454843023,2.0567890454843023,0.6499275611950095,1.0,7.966512702078522,3464
pune,pm10_eps0.5,uniform,0.5,8,6,16.0,1,4,0.0,2010.42331593221,2.01042331593221,0.6312847795591277,1.0,7.966512702078522,3464
pune,pm10_eps0.5,uniform,0.5,8,1,,2,0,0.0,1998.659563500248,1.998659563500248,0.6779102921263969,1.0,7.912457912457913,1782
pune,pm10_eps0.5,uniform,0.5,8,1,4.0,2,0,0.0,3860.3844499382913,3.8603844499382913,0.8730213213694779,1.0,7.912457912457913,1782
pune,pm10_eps0.5,uniform,0.5,8,1,8.0,2,0,0.0,2052.374613673368,2.052374613673368,0.9053450578620322,1.0,7.912457912457913,1782
pune,pm10_eps0.5,uniform,0.5,8,1,16.0,2,0,0.0,1998.659563500248,1.998659563500248,0.6779102921263969,1.0,7.912457912457913,1782
pune,pm10_eps0.5,uniform,0.5,8,2,,2,0,0.0,1998.659563500248,1.998659563500248,0.6779102921263969,1.0,7.912457912457913,1782
pune,pm10_eps0.5,uniform,0.5,8,2,4.0,2,0,0.0,3860.3844499382913,3.8603844499382913,0.8730213213694779,1.0,7.912457912457913,1782
pune,pm10_eps0.5,uniform,0.5,8,2,8.0,2,0,0.0,2052.374613673368,2.052374613673368,0.9053450578620322,1.0,7.912457912457913,1782
pune,pm10_eps0.5,uniform,0.5,8,2,16.0,2,0,0.0,1998.659563500248,1.998659563500248,0.6779102921263969,1.0,7.912457912457913,1782
pune,pm10_eps0.5,uniform,0.5,8,3,,2,0,0.0,1998.659563500248,1.998659563500248,0.6779102921263969,1.0,7.912457912457913,1782
pune,pm10_eps0.5,uniform,0.5,8,3,4.0,2,0,0.0,3860.3844499382913,3.8603844499382913,0.8730213213694779,1.0,7.912457912457913,1782
pune,pm10_eps0.5,uniform,0.5,8,3,8.0,2,0,0.0,2052.374613673368,2.052374613673368,0.9053450578620322,1.0,7.912457912457913,1782
pune,pm10_eps0.5,uniform,0.5,8,3,16.0,2,0,0.0,1998.659563500248,1.998659563500248,0.6779102921263969,1.0,7.912457912457913,1782
pune,pm10_eps0.5,uniform,0.5,8,4,,2,0,0.0,1998.659563500248,1.998659563500248,0.6779102921263969,1.0,7.912457912457913,1782
pune,pm10_eps0.5,uniform,0.5,8,4,4.0,2,0,0.0,3860.3844499382913,3.8603844499382913,0.8730213213694779,1.0,7.912457912457913,1782
pune,pm10_eps0.5,uniform,0.5,8,4,8.0,2,0,0.0,2052.374613673368,2.052374613673368,0.9053450578620322,1.0,7.912457912457913,1782
pune,pm10_eps0.5,uniform,0.5,8,4,16.0,2,0,0.0,1998.659563500248,1.998659563500248,0.6779102921263969,1.0,7.912457912457913,1782
pune,pm10_eps0.5,uniform,0.5,8,6,,2,0,0.0,1998.659563500248,1.998659563500248,0.6779102921263969,1.0,7.912457912457913,1782
pune,pm10_eps0.5,uniform,0.5,8,6,8.0,2,0,0.0,2052.374613673368,2.052374613673368,0.9053450578620322,1.0,7.912457912457913,1782
pune,pm10_eps0.5,uniform,0.5,8,6,16.0,2,0,0.0,1998.659563500248,1.998659563500248,0.6779102921263969,1.0,7.912457912457913,1782
pune,pm10_eps0.5,uniform,0.5,8,1,,2,2,0.0,1998.659563500248,1.998659563500248,0.6779102921263969,1.0,7.912457912457913,1782
pune,pm10_eps0.5,uniform,0.5,8,1,4.0,2,2,0.0,3860.3844499382913,3.8603844499382913,0.8730213213694779,1.0,7.912457912457913,1782
pune,pm10_eps0.5,uniform,0.5,8,1,8.0,2,2,0.0,2052.374613673368,2.052374613673368,0.9053450578620322,1.0,7.912457912457913,1782
pune,pm10_eps0.5,uniform,0.5,8,1,16.0,2,2,0.0,1998.659563500248,1.998659563500248,0.6779102921263969,1.0,7.912457912457913,1782
pune,pm10_eps0.5,uniform,0.5,8,2,,2,2,0.0,1998.659563500248,1.998659563500248,0.6779102921263969,1.0,7.912457912457913,1782
pune,pm10_eps0.5,uniform,0.5,8,2,4.0,2,2,0.0,3860.3844499382913,3.8603844499382913,0.8730213213694779,1.0,7.912457912457913,1782
pune,pm10_eps0.5,uniform,0.5,8,2,8.0,2,2,0.0,2052.374613673368,2.052374613673368,0.9053450578620322,1.0,7.912457912457913,1782
pune,pm10_eps0.5,uniform,0.5,8,2,16.0,2,2,0.0,1998.659563500248,1.998659563500248,0.6779102921263969,1.0,7.912457912457913,1782
pune,pm10_eps0.5,uniform,0.5,8,3,,2,2,0.0,1994.2088622321955,1.9942088622321956,0.679015456556489,1.0,7.919101123595506,1780
pune,pm10_eps0.5,uniform,0.5,8,3,4.0,2,2,0.0,3859.129539354635,3.859129539354635,0.8705366695088446,1.0,7.919101123595506,1780
pune,pm10_eps0.5,uniform,0.5,8,3,8.0,2,2,0.0,2048.2299877785995,2.0482299877785994,0.9014291339540702,1.0,7.919101123595506,1780
pune,pm10_eps0.5,uniform,0.5,8,3,16.0,2,2,0.0,1994.2088622321955,1.9942088622321956,0.679015456556489,1.0,7.919101123595506,1780
pune,pm10_eps0.5,uniform,0.5,8,4,,2,2,0.0,1939.0708549303195,1.9390708549303195,0.9153337351764186,1.0,7.977828311540648,1759
pune,pm10_eps0.5,uniform,0.5,8,4,4.0,2,2,0.0,3813.85963245094,3.81385963245094,0.9012256096995308,1.0,7.977828311540648,1759
pune,pm10_eps0.5,uniform,0.5,8,4,8.0,2,2,0.0,1991.5230765001227,1.9915230765001226,0.9281820262724112,1.0,7.977828311540648,1759
pune,pm10_eps0.5,uniform,0.5,8,4,16.0,2,2,0.0,1939.0708549303195,1.9390708549303195,0.9153337351764186,1.0,7.977828311540648,1759
pune,pm10_eps0.5,uniform,0.5,8,6,,2,2,0.0,1930.9504636906804,1.9309504636906805,0.7539424859113538,1.0,8.0,1748
pune,pm10_eps0.5,uniform,0.5,8,6,8.0,2,2,0.0,1984.7678243638534,1.9847678243638534,0.7711326037512221,1.0,8.0,1748
pune,pm10_eps0.5,uniform,0.5,8,6,16.0,2,2,0.0,1930.9504636906804,1.9309504636906805,0.7539424859113538,1.0,8.0,1748
pune,pm10_eps0.5,uniform,0.5,8,1,,2,4,0.0,1998.659563500248,1.998659563500248,0.6779102921263969,1.0,7.912457912457913,1782
pune,pm10_eps0.5,uniform,0.5,8,1,4.0,2,4,0.0,3860.3844499382913,3.8603844499382913,0.8730213213694779,1.0,7.912457912457913,1782
pune,pm10_eps0.5,uniform,0.5,8,1,8.0,2,4,0.0,2052.374613673368,2.052374613673368,0.9053450578620322,1.0,7.912457912457913,1782
pune,pm10_eps0.5,uniform,0.5,8,1,16.0,2,4,0.0,1998.659563500248,1.998659563500248,0.6779102921263969,1.0,7.912457912457913,1782
pune,pm10_eps0.5,uniform,0.5,8,2,,2,4,0.0,1998.659563500248,1.998659563500248,0.6779102921263969,1.0,7.912457912457913,1782
pune,pm10_eps0.5,uniform,0.5,8,2,4.0,2,4,0.0,3860.3844499382913,3.8603844499382913,0.8730213213694779,1.0,7.912457912457913,1782
pune,pm10_eps0.5,uniform,0.5,8,2,8.0,2,4,0.0,2052.374613673368,2.052374613673368,0.9053450578620322,1.0,7.912457912457913,1782
pune,pm10_eps0.5,uniform,0.5,8,2,16.0,2,4,0.0,1998.659563500248,1.998659563500248,0.6779102921263969,1.0,7.912457912457913,1782
pune,pm10_eps0.5,uniform,0.5,8,3,,2,4,0.0,1994.2088622321955,1.9942088622321956,0.679015456556489,1.0,7.919101123595506,1780
pune,pm10_eps0.5,uniform,0.5,8,3,4.0,2,4,0.0,3859.129539354635,3.859129539354635,0.8705366695088446,1.0,7.919101123595506,1780
pune,pm10_eps0.5,uniform,0.5,8,3,8.0,2,4,0.0,2048.2299877785995,2.0482299877785994,0.9014291339540702,1.0,7.919101123595506,1780
pune,pm10_eps0.5,uniform,0.5,8,3,16.0,2,4,0.0,1994.2088622321955,1.9942088622321956,0.679015456556489,1.0,7.919101123595506,1780
pune,pm10_eps0.5,uniform,0.5,8,4,,2,4,0.0,1932.7298997811365,1.9327298997811364,0.912386152192236,1.0,7.992018244013683,1754
pune,pm10_eps0.5,uniform,0.5,8,4,4.0,2,4,0.0,3812.0498294438253,3.812049829443825,0.8997701341929398,1.0,7.992018244013683,1754
pune,pm10_eps0.5,uniform,0.5,8,4,8.0,2,4,0.0,1985.9648083887214,1.9859648083887214,0.9266995679959056,1.0,7.992018244013683,1754
pune,pm10_eps0.5,uniform,0.5,8,4,16.0,2,4,0.0,1932.7298997811365,1.9327298997811364,0.912386152192236,1.0,7.992018244013683,1754
pune,pm10_eps0.5,uniform,0.5,8,6,,2,4,0.0,1923.8407029578518,1.923840702957852,0.9032753914275583,1.0,8.014343086632243,1743
pune,pm10_eps0.5,uniform,0.5,8,6,8.0,2,4,0.0,1977.1912215829661,1.9771912215829661,0.9219084696355739,1.0,8.014343086632243,1743
pune,pm10_eps0.5,uniform,0.5,8,6,16.0,2,4,0.0,1923.8407029578518,1.923840702957852,0.9032753914275583,1.0,8.014343086632243,1743
pune,pm10_eps0.5,uniform,0.5,8,1,,4,0,0.0,1929.6902530034456,1.9296902530034457,0.7407378196225358,1.0,7.988776655443322,891
pune,pm10_eps0.5,uniform,0.5,8,1,4.0,4,0,0.0,3810.700800179345,3.810700800179345,0.8298438221079866,1.0,7.988776655443322,891
pune,pm10_eps0.5,uniform,0.5,8,1,8.0,4,0,0.0,1990.955745520679,1.990955745520679,0.7474912018348313,1.0,7.988776655443322,891
pune,pm10_eps0.5,uniform,0.5,8,1,16.0,4,0,0.0,1929.6902530034456,1.9296902530034457,0.7407378196225358,1.0,7.988776655443322,891
pune,pm10_eps0.5,uniform,0.5,8,2,,4,0,0.0,1929.6902530034456,1.9296902530034457,0.7407378196225358,1.0,7.988776655443322,891
pune,pm10_eps0.5,uniform,0.5,8,2,4.0,4,0,0.0,3810.700800179345,3.810700800179345,0.8298438221079866,1.0,7.988776655443322,891
pune,pm10_eps0.5,uniform,0.5,8,2,8.0,4,0,0.0,1990.955745520679,1.990955745520679,0.7474912018348313,1.0,7.988776655443322,891
pune,pm10_eps0.5,uniform,0.5,8,2,16.0,4,0,0.0,1929.6902530034456,1.9296902530034457,0.7407378196225358,1.0,7.988776655443322,891
pune,pm10_eps0.5,uniform,0.5,8,3,,4,0,0.0,1929.6902530034456,1.9296902530034457,0.7407378196225358,1.0,7.988776655443322,891
pune,pm10_eps0.5,uniform,0.5,8,3,4.0,4,0,0.0,3810.700800179345,3.810700800179345,0.8298438221079866,1.0,7.988776655443322,891
pune,pm10_eps0.5,uniform,0.5,8,3,8.0,4,0,0.0,1990.955745520679,1.990955745520679,0.7474912018348313,1.0,7.988776655443322,891
pune,pm10_eps0.5,uniform,0.5,8,3,16.0,4,0,0.0,1929.6902530034456,1.9296902530034457,0.7407378196225358,1.0,7.988776655443322,891
pune,pm10_eps0.5,uniform,0.5,8,4,,4,0,0.0,1929.6902530034456,1.9296902530034457,0.7407378196225358,1.0,7.988776655443322,891
pune,pm10_eps0.5,uniform,0.5,8,4,4.0,4,0,0.0,3810.700800179345,3.810700800179345,0.8298438221079866,1.0,7.988776655443322,891
pune,pm10_eps0.5,uniform,0.5,8,4,8.0,4,0,0.0,1990.955745520679,1.990955745520679,0.7474912018348313,1.0,7.988776655443322,891
pune,pm10_eps0.5,uniform,0.5,8,4,16.0,4,0,0.0,1929.6902530034456,1.9296902530034457,0.7407378196225358,1.0,7.988776655443322,891
pune,pm10_eps0.5,uniform,0.5,8,6,,4,0,0.0,1929.6902530034456,1.9296902530034457,0.7407378196225358,1.0,7.988776655443322,891
pune,pm10_eps0.5,uniform,0.5,8,6,8.0,4,0,0.0,1990.955745520679,1.990955745520679,0.7474912018348313,1.0,7.988776655443322,891
pune,pm10_eps0.5,uniform,0.5,8,6,16.0,4,0,0.0,1929.6902530034456,1.9296902530034457,0.7407378196225358,1.0,7.988776655443322,891
pune,pm10_eps0.5,uniform,0.5,8,1,,4,2,0.0,1929.6902530034456,1.9296902530034457,0.7407378196225358,1.0,7.988776655443322,891
pune,pm10_eps0.5,uniform,0.5,8,1,4.0,4,2,0.0,3810.700800179345,3.810700800179345,0.8298438221079866,1.0,7.988776655443322,891
pune,pm10_eps0.5,uniform,0.5,8,1,8.0,4,2,0.0,1990.955745520679,1.990955745520679,0.7474912018348313,1.0,7.988776655443322,891
pune,pm10_eps0.5,uniform,0.5,8,1,16.0,4,2,0.0,1929.6902530034456,1.9296902530034457,0.7407378196225358,1.0,7.988776655443322,891
pune,pm10_eps0.5,uniform,0.5,8,2,,4,2,0.0,1929.6902530034456,1.9296902530034457,0.7407378196225358,1.0,7.988776655443322,891
pune,pm10_eps0.5,uniform,0.5,8,2,4.0,4,2,0.0,3810.700800179345,3.810700800179345,0.8298438221079866,1.0,7.988776655443322,891
pune,pm10_eps0.5,uniform,0.5,8,2,8.0,4,2,0.0,1990.955745520679,1.990955745520679,0.7474912018348313,1.0,7.988776655443322,891
pune,pm10_eps0.5,uniform,0.5,8,2,16.0,4,2,0.0,1929.6902530034456,1.9296902530034457,0.7407378196225358,1.0,7.988776655443322,891
pune,pm10_eps0.5,uniform,0.5,8,3,,4,2,0.0,1932.181639065574,1.932181639065574,0.7491382420394441,1.0,7.995505617977528,890
pune,pm10_eps0.5,uniform,0.5,8,3,4.0,4,2,0.0,3812.9624907160173,3.8129624907160173,0.8287053751339353,1.0,7.995505617977528,890
pune,pm10_eps0.5,uniform,0.5,8,3,8.0,4,2,0.0,1993.5746540458226,1.9935746540458226,0.7535154962141294,1.0,7.995505617977528,890
pune,pm10_eps0.5,uniform,0.5,8,3,16.0,4,2,0.0,1932.181639065574,1.932181639065574,0.7491382420394441,1.0,7.995505617977528,890
pune,pm10_eps0.5,uniform,0.5,8,4,,4,2,0.0,1916.1902942268305,1.9161902942268305,0.8543697034605118,1.0,8.046538024971623,881
pune,pm10_eps0.5,uniform,0.5,8,4,4.0,4,2,0.0,3812.287325212736,3.812287325212736,0.8288027518680722,1.0,8.046538024971623,881
pune,pm10_eps0.5,uniform,0.5,8,4,8.0,4,2,0.0,1979.0764144171092,1.9790764144171091,0.8700483574645307,1.0,8.046538024971623,881
pune,pm10_eps0.5,uniform,0.5,8,4,16.0,4,2,0.0,1916.1902942268305,1.9161902942268305,0.8543697034605118,1.0,8.046538024971623,881
pune,pm10_eps0.5,uniform,0.5,8,6,,4,2,0.0,1909.8075870407984,1.9098075870407984,0.8400725718596185,1.0,8.060433295324971,877
pune,pm10_eps0.5,uniform,0.5,8,6,8.0,4,2,0.0,1973.6649786993364,1.9736649786993363,0.8557917634551594,1.0,8.060433295324971,877
pune,pm10_eps0.5,uniform,0.5,8,6,16.0,4,2,0.0,1909.8075870407984,1.9098075870407984,0.8400725718596185,1.0,8.060433295324971,877
pune,pm10_eps0.5,uniform,0.5,8,1,,4,4,0.0,1929.6902530034456,1.9296902530034457,0.7407378196225358,1.0,7.988776655443322,891
pune,pm10_eps0.5,uniform,0.5,8,1,4.0,4,4,0.0,3810.700800179345,3.810700800179345,0.8298438221079866,1.0,7.988776655443322,891
pune,pm10_eps0.5,uniform,0.5,8,1,8.0,4,4,0.0,1990.955745520679,1.990955745520679,0.7474912018348313,1.0,7.988776655443322,891
pune,pm10_eps0.5,uniform,0.5,8,1,16.0,4,4,0.0,1929.6902530034456,1.9296902530034457,0.7407378196225358,1.0,7.988776655443322,891
pune,pm10_eps0.5,uniform,0.5,8,2,,4,4,0.0,1929.6902530034456,1.9296902530034457,0.7407378196225358,1.0,7.988776655443322,891
pune,pm10_eps0.5,uniform,0.5,8,2,4.0,4,4,0.0,3810.700800179345,3.810700800179345,0.8298438221079866,1.0,7.988776655443322,891
pune,pm10_eps0.5,uniform,0.5,8,2,8.0,4,4,0.0,1990.955745520679,1.990955745520679,0.7474912018348313,1.0,7.988776655443322,891
pune,pm10_eps0.5,uniform,0.5,8,2,16.0,4,4,0.0,1929.6902530034456,1.9296902530034457,0.7407378196225358,1.0,7.988776655443322,891
pune,pm10_eps0.5,uniform,0.5,8,3,,4,4,0.0,1932.181639065574,1.932181639065574,0.7491382420394441,1.0,7.995505617977528,890
pune,pm10_eps0.5,uniform,0.5,8,3,4.0,4,4,0.0,3812.9624907160173,3.8129624907160173,0.8287053751339353,1.0,7.995505617977528,890
pune,pm10_eps0.5,uniform,0.5,8,3,8.0,4,4,0.0,1993.5746540458226,1.9935746540458226,0.7535154962141294,1.0,7.995505617977528,890
pune,pm10_eps0.5,uniform,0.5,8,3,16.0,4,4,0.0,1932.181639065574,1.932181639065574,0.7491382420394441,1.0,7.995505617977528,890
pune,pm10_eps0.5,uniform,0.5,8,4,,4,4,0.0,1898.4868813953635,1.8984868813953635,0.8522192391424058,1.0,8.06378132118451,878
pune,pm10_eps0.5,uniform,0.5,8,4,4.0,4,4,0.0,3810.680429441258,3.810680429441258,0.8281428127042689,1.0,8.06378132118451,878
pune,pm10_eps0.5,uniform,0.5,8,4,8.0,4,4,0.0,1961.6950161457335,1.9616950161457334,0.8652447951911194,1.0,8.06378132118451,878
pune,pm10_eps0.5,uniform,0.5,8,4,16.0,4,4,0.0,1898.4868813953635,1.8984868813953635,0.8522192391424058,1.0,8.06378132118451,878
pune,pm10_eps0.5,uniform,0.5,8,6,,4,4,0.0,1896.7856988156743,1.8967856988156744,0.8298821491693167,1.0,8.074285714285715,875
pune,pm10_eps0.5,uniform,0.5,8,6,8.0,4,4,0.0,1960.529681391945,1.9605296813919448,0.848064528565035,1.0,8.074285714285715,875
pune,pm10_eps0.5,uniform,0.5,8,6,16.0,4,4,0.0,1896.7856988156743,1.8967856988156744,0.8298821491693167,1.0,8.074285714285715,875
pune,pm10_eps0.5,sample,0.5,8,1,,1,0,0.0,267.0513657598297,0.2670513657598297,0.4756011979748234,0.1251754139769857,7.840303115352231,3563
pune,pm10_eps0.5,sample,0.5,8,1,4.0,1,0,0.0,501.97677000152777,0.5019767700015277,0.8139822399084304,0.1251754139769857,7.840303115352231,3563
pune,pm10_eps0.5,sample,0.5,8,1,8.0,1,0,0.0,273.27993854050777,0.27327993854050775,0.47924023332512067,0.1251754139769857,7.840303115352231,3563
pune,pm10_eps0.5,sample,0.5,8,1,16.0,1,0,0.0,267.0513657598297,0.2670513657598297,0.4756011979748234,0.1251754139769857,7.840303115352231,3563
pune,pm10_eps0.5,sample,0.5,8,2,,1,0,0.0,267.0513657598297,0.2670513657598297,0.4756011979748234,0.1251754139769857,7.840303115352231,3563
pune,pm10_eps0.5,sample,0.5,8,2,4.0,1,0,0.0,501.97677000152777,0.5019767700015277,0.8139822399084304,0.1251754139769857,7.840303115352231,3563
pune,pm10_eps0.5,sample,0.5,8,2,8.0,1,0,0.0,273.27993854050777,0.27327993854050775,0.47924023332512067,0.1251754139769857,7.840303115352231,3563
pune,pm10_eps0.5,sample,0.5,8,2,16.0,1,0,0.0,267.0513657598297,0.2670513657598297,0.4756011979748234,0.1251754139769857,7.840303115352231,3563
pune,pm10_eps0.5,sample,0.5,8,3,,1,0,0.0,267.0513657598297,0.2670513657598297,0.4756011979748234,0.1251754139769857,7.840303115352231,3563
pune,pm10_eps0.5,sample,0.5,8,3,4.0,1,0,0.0,501.97677000152777,0.5019767700015277,0.8139822399084304,0.1251754139769857,7.840303115352231,3563
pune,pm10_eps0.5,sample,0.5,8,3,8.0,1,0,0.0,273.27993854050777,0.27327993854050775,0.47924023332512067,0.1251754139769857,7.840303115352231,3563
pune,pm10_eps0.5,sample,0.5,8,3,16.0,1,0,0.0,267.0513657598297,0.2670513657598297,0.4756011979748234,0.1251754139769857,7.840303115352231,3563
pune,pm10_eps0.5,sample,0.5,8,4,,1,0,0.0,267.0513657598297,0.2670513657598297,0.4756011979748234,0.1251754139769857,7.840303115352231,3563
pune,pm10_eps0.5,sample,0.5,8,4,4.0,1,0,0.0,501.97677000152777,0.5019767700015277,0.8139822399084304,0.1251754139769857,7.840303115352231,3563
pune,pm10_eps0.5,sample,0.5,8,4,8.0,1,0,0.0,273.27993854050777,0.27327993854050775,0.47924023332512067,0.1251754139769857,7.840303115352231,3563
pune,pm10_eps0.5,sample,0.5,8,4,16.0,1,0,0.0,267.0513657598297,0.2670513657598297,0.4756011979748234,0.1251754139769857,7.840303115352231,3563
pune,pm10_eps0.5,sample,0.5,8,6,,1,0,0.0,267.0513657598297,0.2670513657598297,0.4756011979748234,0.1251754139769857,7.840303115352231,3563
pune,pm10_eps0.5,sample,0.5,8,6,8.0,1,0,0.0,273.27993854050777,0.27327993854050775,0.47924023332512067,0.1251754139769857,7.840303115352231,3563
pune,pm10_eps0.5,sample,0.5,8,6,16.0,1,0,0.0,267.0513657598297,0.2670513657598297,0.4756011979748234,0.1251754139769857,7.840303115352231,3563
pune,pm10_eps0.5,sample,0.5,8,1,,1,2,0.0,267.0513657598297,0.2670513657598297,0.4756011979748234,0.1251754139769857,7.840303115352231,3563
pune,pm10_eps0.5,sample,0.5,8,1,4.0,1,2,0.0,501.97677000152777,0.5019767700015277,0.8139822399084304,0.1251754139769857,7.840303115352231,3563
pune,pm10_eps0.5,sample,0.5,8,1,8.0,1,2,0.0,273.27993854050777,0.27327993854050775,0.47924023332512067,0.1251754139769857,7.840303115352231,3563
pune,pm10_eps0.5,sample,0.5,8,1,16.0,1,2,0.0,267.0513657598297,0.2670513657598297,0.4756011979748234,0.1251754139769857,7.840303115352231,3563
pune,pm10_eps0.5,sample,0.5,8,2,,1,2,0.0,267.109095119828,0.267109095119828,0.4708089552743626,0.12524571749508565,7.844144903117102,3561
pune,pm10_eps0.5,sample,0.5,8,2,4.0,1,2,0.0,501.84197524580094,0.501841975245801,0.8139822399084304,0.12524571749508565,7.844144903117102,3561
pune,pm10_eps0.5,sample,0.5,8,2,8.0,1,2,0.0,273.3213068137927,0.27332130681379274,0.47443446014009544,0.12524571749508565,7.844144903117102,3561
pune,pm10_eps0.5,sample,0.5,8,2,16.0,1,2,0.0,267.109095119828,0.267109095119828,0.4708089552743626,0.12524571749508565,7.844144903117102,3561
pune,pm10_eps0.5,sample,0.5,8,3,,1,2,0.0,265.5105911644555,0.26551059116445547,0.47333431443525403,0.12510542592071972,7.850716896260894,3557
pune,pm10_eps0.5,sample,0.5,8,3,4.0,1,2,0.0,501.94913579244087,0.5019491357924408,0.8065205562324952,0.12510542592071972,7.850716896260894,3557
pune,pm10_eps0.5,sample,0.5,8,3,8.0,1,2,0.0,271.91944365563165,0.27191944365563164,0.4769732060686908,0.12510542592071972,7.850716896260894,3557
pune,pm10_eps0.5,sample,0.5,8,3,16.0,1,2,0.0,265.5105911644555,0.26551059116445547,0.47333431443525403,0.12510542592071972,7.850716896260894,3557
pune,pm10_eps0.5,sample,0.5,8,4,,1,2,0.0,258.0990546753017,0.2580990546753017,0.8285876699053587,0.12507122507122506,7.915954415954416,3510
pune,pm10_eps0.5,sample,0.5,8,4,4.0,1,2,0.0,499.9249871193582,0.49992498711935823,0.7210540187280218,0.12507122507122506,7.915954415954416,3510
pune,pm10_eps0.5,sample,0.5,8,4,8.0,1,2,0.0,264.43054310076957,0.2644305431007696,0.8331879691144153,0.12507122507122506,7.915954415954416,3510
pune,pm10_eps0.5,sample,0.5,8,4,16.0,1,2,0.0,258.0990546753017,0.2580990546753017,0.8285876699053587,0.12507122507122506,7.915954415954416,3510
pune,pm10_eps0.5,sample,0.5,8,6,,1,2,0.0,258.58616826612456,0.25858616826612457,0.9819130780116793,0.12510785159620363,7.949094046591889,3477
pune,pm10_eps0.5,sample,0.5,8,6,8.0,1,2,0.0,265.6000625192392,0.2656000625192392,1.0137835246545193,0.12510785159620363,7.949094046591889,3477
pune,pm10_eps0.5,sample,0.5,8,6,16.0,1,2,0.0,258.58616826612456,0.25858616826612457,0.9819130780116793,0.12510785159620363,7.949094046591889,3477
pune,pm10_eps0.5,sample,0.5,8,1,,1,4,0.0,267.0513657598297,0.2670513657598297,0.4756011979748234,0.1251754139769857,7.840303115352231,3563
pune,pm10_eps0.5,sample,0.5,8,1,4.0,1,4,0.0,501.97677000152777,0.5019767700015277,0.8139822399084304,0.1251754139769857,7.840303115352231,3563
pune,pm10_eps0.5,sample,0.5,8,1,8.0,1,4,0.0,273.27993854050777,0.27327993854050775,0.47924023332512067,0.1251754139769857,7.840303115352231,3563
pune,pm10_eps0.5,sample,0.5,8,1,16.0,1,4,0.0,267.0513657598297,0.2670513657598297,0.4756011979748234,0.1251754139769857,7.840303115352231,3563
pune,pm10_eps0.5,sample,0.5,8,2,,1,4,0.0,267.109095119828,0.267109095119828,0.4708089552743626,0.12524571749508565,7.844144903117102,3561
pune,pm10_eps0.5,sample,0.5,8,2,4.0,1,4,0.0,501.84197524580094,0.501841975245801,0.8139822399084304,0.12524571749508565,7.844144903117102,3561
pune,pm10_eps0.5,sample,0.5,8,2,8.0,1,4,0.0,273.3213068137927,0.27332130681379274,0.47443446014009544,0.12524571749508565,7.844144903117102,3561
pune,pm10_eps0.5,sample,0.5,8,2,16.0,1,4,0.0,267.109095119828,0.267109095119828,0.4708089552743626,0.12524571749508565,7.844144903117102,3561
pune,pm10_eps0.5,sample,0.5,8,3,,1,4,0.0,265.5106667289955,0.2655106667289955,0.47333431443525403,0.12510542592071972,7.850716896260894,3557
pune,pm10_eps0.5,sample,0.5,8,3,4.0,1,4,0.0,501.94921135698087,0.5019492113569809,0.8065205562324952,0.12510542592071972,7.850716896260894,3557
pune,pm10_eps0.5,sample,0.5,8,3,8.0,1,4,0.0,271.91951922017165,0.27191951922017166,0.4769732060686908,0.12510542592071972,7.850716896260894,3557
pune,pm10_eps0.5,sample,0.5,8,3,16.0,1,4,0.0,265.5106667289955,0.2655106667289955,0.47333431443525403,0.12510542592071972,7.850716896260894,3557
pune,pm10_eps0.5,sample,0.5,8,4,,1,4,0.0,254.94722122243417,0.2549472212224342,0.8370982311460133,0.12510711225364182,7.928877463581833,3501
pune,pm10_eps0.5,sample,0.5,8,4,4.0,1,4,0.0,499.50969472182226,0.4995096947218223,0.7130996318209657,0.12510711225364182,7.928877463581833,3501
pune,pm10_eps0.5,sample,0.5,8,4,8.0,1,4,0.0,261.31048787387743,0.26131048787387745,0.8417447315706504,0.12510711225364182,7.928877463581833,3501
pune,pm10_eps0.5,sample,0.5,8,4,16.0,1,4,0.0,254.94722122243417,0.2549472212224342,0.8370982311460133,0.12510711225364182,7.928877463581833,3501
pune,pm10_eps0.5,sample,0.5,8,6,,1,4,0.0,252.18586695325985,0.25218586695325984,1.0833657347989616,0.125,7.966512702078522,3464
pune,pm10_eps0.5,sample,0.5,8,6,8.0,1,4,0.0,259.0502947278972,0.2590502947278972,0.5128491006110075,0.125,7.966512702078522,3464
pune,pm10_eps0.5,sample,0.5,8,6,16.0,1,4,0.0,252.18586695325985,0.25218586695325984,1.0833657347989616,0.125,7.966512702078522,3464
pune,pm10_eps0.5,sample,0.5,8,1,,2,0,0.0,262.2758507015834,0.26227585070158344,0.4771516642265431,0.1251402918069585,7.912457912457913,1782
pune,pm10_eps0.5,sample,0.5,8,1,4.0,2,0,0.0,507.1234091725119,0.5071234091725119,0.9171141098516777,0.1251402918069585,7.912457912457913,1782
pune,pm10_eps0.5,sample,0.5,8,1,8.0,2,0,0.0,269.1860860501821,0.26918608605018207,0.4842271054303177,0.1251402918069585,7.912457912457913,1782
pune,pm10_eps0.5,sample,0.5,8,1,16.0,2,0,0.0,262.2758507015834,0.26227585070158344,0.4771516642265431,0.1251402918069585,7.912457912457913,1782
pune,pm10_eps0.5,sample,0.5,8,2,,2,0,0.0,262.2758507015834,0.26227585070158344,0.4771516642265431,0.1251402918069585,7.912457912457913,1782
pune,pm10_eps0.5,sample,0.5,8,2,4.0,2,0,0.0,507.1234091725119,0.5071234091725119,0.9171141098516777,0.1251402918069585,7.912457912457913,1782
pune,pm10_eps0.5,sample,0.5,8,2,8.0,2,0,0.0,269.1860860501821,0.26918608605018207,0.4842271054303177,0.1251402918069585,7.912457912457913,1782
pune,pm10_eps0.5,sample,0.5,8,2,16.0,2,0,0.0,262.2758507015834,0.26227585070158344,0.4771516642265431,0.1251402918069585,7.912457912457913,1782
pune,pm10_eps0.5,sample,0.5,8,3,,2,0,0.0,262.2758507015834,0.26227585070158344,0.4771516642265431,0.1251402918069585,7.912457912457913,1782
pune,pm10_eps0.5,sample,0.5,8,3,4.0,2,0,0.0,507.1234091725119,0.5071234091725119,0.9171141098516777,0.1251402918069585,7.912457912457913,1782
pune,pm10_eps0.5,sample,0.5,8,3,8.0,2,0,0.0,269.1860860501821,0.26918608605018207,0.4842271054303177,0.1251402918069585,7.912457912457913,1782
pune,pm10_eps0.5,sample,0.5,8,3,16.0,2,0,0.0,262.2758507015834,0.26227585070158344,0.4771516642265431,0.1251402918069585,7.912457912457913,1782
pune,pm10_eps0.5,sample,0.5,8,4,,2,0,0.0,262.2758507015834,0.26227585070158344,0.4771516642265431,0.1251402918069585,7.912457912457913,1782
pune,pm10_eps0.5,sample,0.5,8,4,4.0,2,0,0.0,507.1234091725119,0.5071234091725119,0.9171141098516777,0.1251402918069585,7.912457912457913,1782
pune,pm10_eps0.5,sample,0.5,8,4,8.0,2,0,0.0,269.1860860501821,0.26918608605018207,0.4842271054303177,0.1251402918069585,7.912457912457913,1782
pune,pm10_eps0.5,sample,0.5,8,4,16.0,2,0,0.0,262.2758507015834,0.26227585070158344,0.4771516642265431,0.1251402918069585,7.912457912457913,1782
pune,pm10_eps0.5,sample,0.5,8,6,,2,0,0.0,262.2758507015834,0.26227585070158344,0.4771516642265431,0.1251402918069585,7.912457912457913,1782
pune,pm10_eps0.5,sample,0.5,8,6,8.0,2,0,0.0,269.1860860501821,0.26918608605018207,0.4842271054303177,0.1251402918069585,7.912457912457913,1782
pune,pm10_eps0.5,sample,0.5,8,6,16.0,2,0,0.0,262.2758507015834,0.26227585070158344,0.4771516642265431,0.1251402918069585,7.912457912457913,1782
pune,pm10_eps0.5,sample,0.5,8,1,,2,2,0.0,262.2758507015834,0.26227585070158344,0.4771516642265431,0.1251402918069585,7.912457912457913,1782
pune,pm10_eps0.5,sample,0.5,8,1,4.0,2,2,0.0,507.1234091725119,0.5071234091725119,0.9171141098516777,0.1251402918069585,7.912457912457913,1782
pune,pm10_eps0.5,sample,0.5,8,1,8.0,2,2,0.0,269.1860860501821,0.26918608605018207,0.4842271054303177,0.1251402918069585,7.912457912457913,1782
pune,pm10_eps0.5,sample,0.5,8,1,16.0,2,2,0.0,262.2758507015834,0.26227585070158344,0.4771516642265431,0.1251402918069585,7.912457912457913,1782
pune,pm10_eps0.5,sample,0.5,8,2,,2,2,0.0,262.2758507015834,0.26227585070158344,0.4771516642265431,0.1251402918069585,7.912457912457913,1782
pune,pm10_eps0.5,sample,0.5,8,2,4.0,2,2,0.0,507.1234091725119,0.5071234091725119,0.9171141098516777,0.1251402918069585,7.912457912457913,1782
pune,pm10_eps0.5,sample,0.5,8,2,8.0,2,2,0.0,269.1860860501821,0.26918608605018207,0.4842271054303177,0.1251402918069585,7.912457912457913,1782
pune,pm10_eps0.5,sample,0.5,8,2,16.0,2,2,0.0,262.2758507015834,0.26227585070158344,0.4771516642265431,0.1251402918069585,7.912457912457913,1782
pune,pm10_eps0.5,sample,0.5,8,3,,2,2,0.0,262.2044747040239,0.26220447470402386,0.4698228713018116,0.1252808988764045,7.919101123595506,1780
pune,pm10_eps0.5,sample,0.5,8,3,4.0,2,2,0.0,507.1068472548672,0.5071068472548672,0.9174103586922161,0.1252808988764045,7.919101123595506,1780
pune,pm10_eps0.5,sample,0.5,8,3,8.0,2,2,0.0,269.3833316035438,0.26938333160354383,0.47684235263017866,0.1252808988764045,7.919101123595506,1780
pune,pm10_eps0.5,sample,0.5,8,3,16.0,2,2,0.0,262.2044747040239,0.26220447470402386,0.4698228713018116,0.1252808988764045,7.919101123595506,1780
pune,pm10_eps0.5,sample,0.5,8,4,,2,2,0.0,250.49921437613736,0.25049921437613737,0.8438390390149767,0.12507106310403637,7.977828311540648,1759
pune,pm10_eps0.5,sample,0.5,8,4,4.0,2,2,0.0,498.9655689198267,0.4989655689198267,0.7107971274086042,0.12507106310403637,7.977828311540648,1759
pune,pm10_eps0.5,sample,0.5,8,4,8.0,2,2,0.0,257.48972211416344,0.25748972211416343,0.7102859900600748,0.12507106310403637,7.977828311540648,1759
pune,pm10_eps0.5,sample,0.5,8,4,16.0,2,2,0.0,250.49921437613736,0.25049921437613737,0.8438390390149767,0.12507106310403637,7.977828311540648,1759
pune,pm10_eps0.5,sample,0.5,8,6,,2,2,0.0,252.9619273801016,0.2529619273801016,0.797643377763222,0.12528604118993136,8.0,1748
pune,pm10_eps0.5,sample,0.5,8,6,8.0,2,2,0.0,259.59602719269304,0.25959602719269304,0.8075983175050533,0.12528604118993136,8.0,1748
pune,pm10_eps0.5,sample,0.5,8,6,16.0,2,2,0.0,252.9619273801016,0.2529619273801016,0.797643377763222,0.12528604118993136,8.0,1748
pune,pm10_eps0.5,sample,0.5,8,1,,2,4,0.0,262.2758507015834,0.26227585070158344,0.4771516642265431,0.1251402918069585,7.912457912457913,1782
pune,pm10_eps0.5,sample,0.5,8,1,4.0,2,4,0.0,507.1234091725119,0.5071234091725119,0.9171141098516777,0.1251402918069585,7.912457912457913,1782
pune,pm10_eps0.5,sample,0.5,8,1,8.0,2,4,0.0,269.1860860501821,0.26918608605018207,0.4842271054303177,0.1251402918069585,7.912457912457913,1782
pune,pm10_eps0.5,sample,0.5,8,1,16.0,2,4,0.0,262.2758507015834,0.26227585070158344,0.4771516642265431,0.1251402918069585,7.912457912457913,1782
pune,pm10_eps0.5,sample,0.5,8,2,,2,4,0.0,262.2758507015834,0.26227585070158344,0.4771516642265431,0.1251402918069585,7.912457912457913,1782
pune,pm10_eps0.5,sample,0.5,8,2,4.0,2,4,0.0,507.1234091725119,0.5071234091725119,0.9171141098516777,0.1251402918069585,7.912457912457913,1782
pune,pm10_eps0.5,sample,0.5,8,2,8.0,2,4,0.0,269.1860860501821,0.26918608605018207,0.4842271054303177,0.1251402918069585,7.912457912457913,1782
pune,pm10_eps0.5,sample,0.5,8,2,16.0,2,4,0.0,262.2758507015834,0.26227585070158344,0.4771516642265431,0.1251402918069585,7.912457912457913,1782
pune,pm10_eps0.5,sample,0.5,8,3,,2,4,0.0,262.2044747040239,0.26220447470402386,0.4698228713018116,0.1252808988764045,7.919101123595506,1780
pune,pm10_eps0.5,sample,0.5,8,3,4.0,2,4,0.0,507.1068472548672,0.5071068472548672,0.9174103586922161,0.1252808988764045,7.919101123595506,1780
pune,pm10_eps0.5,sample,0.5,8,3,8.0,2,4,0.0,269.3833316035438,0.26938333160354383,0.47684235263017866,0.1252808988764045,7.919101123595506,1780
pune,pm10_eps0.5,sample,0.5,8,3,16.0,2,4,0.0,262.2044747040239,0.26220447470402386,0.4698228713018116,0.1252808988764045,7.919101123595506,1780
pune,pm10_eps0.5,sample,0.5,8,4,,2,4,0.0,257.8038024295664,0.2578038024295664,0.7692836081557048,0.12542759407069556,7.992018244013683,1754
pune,pm10_eps0.5,sample,0.5,8,4,4.0,2,4,0.0,501.41850275749897,0.501418502757499,0.7199824718256564,0.12542759407069556,7.992018244013683,1754
pune,pm10_eps0.5,sample,0.5,8,4,8.0,2,4,0.0,264.7974428609854,0.26479744286098544,0.7391981836948144,0.12542759407069556,7.992018244013683,1754
pune,pm10_eps0.5,sample,0.5,8,4,16.0,2,4,0.0,257.8038024295664,0.2578038024295664,0.7692836081557048,0.12542759407069556,7.992018244013683,1754
pune,pm10_eps0.5,sample,0.5,8,6,,2,4,0.0,250.0889286810819,0.2500889286810819,0.7397248917189272,0.12507171543316123,8.014343086632243,1743
pune,pm10_eps0.5,sample,0.5,8,6,8.0,2,4,0.0,256.2749709103411,0.25627497091034107,0.7395757709461908,0.12507171543316123,8.014343086632243,1743
pune,pm10_eps0.5,sample,0.5,8,6,16.0,2,4,0.0,250.0889286810819,0.2500889286810819,0.7397248917189272,0.12507171543316123,8.014343086632243,1743
pune,pm10_eps0.5,sample,0.5,8,1,,4,0,0.0,245.7830356819499,0.24578303568194992,0.970902961465814,0.12570145903479238,7.988776655443322,891
pune,pm10_eps0.5,sample,0.5,8,1,4.0,4,0,0.0,488.4559012418827,0.4884559012418827,0.9740905683551417,0.12570145903479238,7.988776655443322,891
pune,pm10_eps0.5,sample,0.5,8,1,8.0,4,0,0.0,251.05499955417793,0.2510549995541779,0.970651322212652,0.12570145903479238,7.988776655443322,891
pune,pm10_eps0.5,sample,0.5,8,1,16.0,4,0,0.0,245.7830356819499,0.24578303568194992,0.970902961465814,0.12570145903479238,7.988776655443322,891
pune,pm10_eps0.5,sample,0.5,8,2,,4,0,0.0,245.7830356819499,0.24578303568194992,0.970902961465814,0.12570145903479238,7.988776655443322,891
pune,pm10_eps0.5,sample,0.5,8,2,4.0,4,0,0.0,488.4559012418827,0.4884559012418827,0.9740905683551417,0.12570145903479238,7.988776655443322,891
pune,pm10_eps0.5,sample,0.5,8,2,8.0,4,0,0.0,251.05499955417793,0.2510549995541779,0.970651322212652,0.12570145903479238,7.988776655443322,891
pune,pm10_eps0.5,sample,0.5,8,2,16.0,4,0,0.0,245.7830356819499,0.24578303568194992,0.970902961465814,0.12570145903479238,7.988776655443322,891
pune,pm10_eps0.5,sample,0.5,8,3,,4,0,0.0,245.7830356819499,0.24578303568194992,0.970902961465814,0.12570145903479238,7.988776655443322,891
pune,pm10_eps0.5,sample,0.5,8,3,4.0,4,0,0.0,488.4559012418827,0.4884559012418827,0.9740905683551417,0.12570145903479238,7.988776655443322,891
pune,pm10_eps0.5,sample,0.5,8,3,8.0,4,0,0.0,251.05499955417793,0.2510549995541779,0.970651322212652,0.12570145903479238,7.988776655443322,891
pune,pm10_eps0.5,sample,0.5,8,3,16.0,4,0,0.0,245.7830356819499,0.24578303568194992,0.970902961465814,0.12570145903479238,7.988776655443322,891
pune,pm10_eps0.5,sample,0.5,8,4,,4,0,0.0,245.7830356819499,0.24578303568194992,0.970902961465814,0.12570145903479238,7.988776655443322,891
pune,pm10_eps0.5,sample,0.5,8,4,4.0,4,0,0.0,488.4559012418827,0.4884559012418827,0.9740905683551417,0.12570145903479238,7.988776655443322,891
pune,pm10_eps0.5,sample,0.5,8,4,8.0,4,0,0.0,251.05499955417793,0.2510549995541779,0.970651322212652,0.12570145903479238,7.988776655443322,891
pune,pm10_eps0.5,sample,0.5,8,4,16.0,4,0,0.0,245.7830356819499,0.24578303568194992,0.970902961465814,0.12570145903479238,7.988776655443322,891
pune,pm10_eps0.5,sample,0.5,8,6,,4,0,0.0,245.7830356819499,0.24578303568194992,0.970902961465814,0.12570145903479238,7.988776655443322,891
pune,pm10_eps0.5,sample,0.5,8,6,8.0,4,0,0.0,251.05499955417793,0.2510549995541779,0.970651322212652,0.12570145903479238,7.988776655443322,891
pune,pm10_eps0.5,sample,0.5,8,6,16.0,4,0,0.0,245.7830356819499,0.24578303568194992,0.970902961465814,0.12570145903479238,7.988776655443322,891
pune,pm10_eps0.5,sample,0.5,8,1,,4,2,0.0,245.7830356819499,0.24578303568194992,0.970902961465814,0.12570145903479238,7.988776655443322,891
pune,pm10_eps0.5,sample,0.5,8,1,4.0,4,2,0.0,488.4559012418827,0.4884559012418827,0.9740905683551417,0.12570145903479238,7.988776655443322,891
pune,pm10_eps0.5,sample,0.5,8,1,8.0,4,2,0.0,251.05499955417793,0.2510549995541779,0.970651322212652,0.12570145903479238,7.988776655443322,891
pune,pm10_eps0.5,sample,0.5,8,1,16.0,4,2,0.0,245.7830356819499,0.24578303568194992,0.970902961465814,0.12570145903479238,7.988776655443322,891
pune,pm10_eps0.5,sample,0.5,8,2,,4,2,0.0,245.7830356819499,0.24578303568194992,0.970902961465814,0.12570145903479238,7.988776655443322,891
pune,pm10_eps0.5,sample,0.5,8,2,4.0,4,2,0.0,488.4559012418827,0.4884559012418827,0.9740905683551417,0.12570145903479238,7.988776655443322,891
pune,pm10_eps0.5,sample,0.5,8,2,8.0,4,2,0.0,251.05499955417793,0.2510549995541779,0.970651322212652,0.12570145903479238,7.988776655443322,891
pune,pm10_eps0.5,sample,0.5,8,2,16.0,4,2,0.0,245.7830356819499,0.24578303568194992,0.970902961465814,0.12570145903479238,7.988776655443322,891
pune,pm10_eps0.5,sample,0.5,8,3,,4,2,0.0,246.70002384042218,0.24670002384042217,0.6936854868304996,0.1258426966292135,7.995505617977528,890
pune,pm10_eps0.5,sample,0.5,8,3,4.0,4,2,0.0,488.69746827740187,0.48869746827740185,0.9721582180672769,0.1258426966292135,7.995505617977528,890
pune,pm10_eps0.5,sample,0.5,8,3,8.0,4,2,0.0,252.2859067769463,0.2522859067769463,0.7123705946807088,0.1258426966292135,7.995505617977528,890
pune,pm10_eps0.5,sample,0.5,8,3,16.0,4,2,0.0,246.70002384042218,0.24670002384042217,0.6936854868304996,0.1258426966292135,7.995505617977528,890
pune,pm10_eps0.5,sample,0.5,8,4,,4,2,0.0,244.3847863318608,0.24438478633186078,0.6643070682186006,0.12599318955732122,8.046538024971623,881
pune,pm10_eps0.5,sample,0.5,8,4,4.0,4,2,0.0,486.2969168280796,0.4862969168280796,0.9646857769340708,0.12599318955732122,8.046538024971623,881
pune,pm10_eps0.5,sample,0.5,8,4,8.0,4,2,0.0,250.36204360139575,0.25036204360139575,0.682557598356484,0.12599318955732122,8.046538024971623,881
pune,pm10_eps0.5,sample,0.5,8,4,16.0,4,2,0.0,244.3847863318608,0.24438478633186078,0.6643070682186006,0.12599318955732122,8.046538024971623,881
pune,pm10_eps0.5,sample,0.5,8,6,,4,2,0.0,249.66446910526062,0.24966446910526063,0.573397531327865,0.12542759407069556,8.060433295324971,877
pune,pm10_eps0.5,sample,0.5,8,6,8.0,4,2,0.0,254.84299680382028,0.2548429968038203,0.6073224365569699,0.12542759407069556,8.060433295324971,877
pune,pm10_eps0.5,sample,0.5,8,6,16.0,4,2,0.0,249.66446910526062,0.24966446910526063,0.573397531327865,0.12542759407069556,8.060433295324971,877
pune,pm10_eps0.5,sample,0.5,8,1,,4,4,0.0,245.7830356819499,0.24578303568194992,0.970902961465814,0.12570145903479238,7.988776655443322,891
pune,pm10_eps0.5,sample,0.5,8,1,4.0,4,4,0.0,488.4559012418827,0.4884559012418827,0.9740905683551417,0.12570145903479238,7.988776655443322,891
pune,pm10_eps0.5,sample,0.5,8,1,8.0,4,4,0.0,251.05499955417793,0.2510549995541779,0.970651322212652,0.12570145903479238,7.988776655443322,891
pune,pm10_eps0.5,sample,0.5,8,1,16.0,4,4,0.0,245.7830356819499,0.24578303568194992,0.970902961465814,0.12570145903479238,7.988776655443322,891
pune,pm10_eps0.5,sample,0.5,8,2,,4,4,0.0,245.7830356819499,0.24578303568194992,0.970902961465814,0.12570145903479238,7.988776655443322,891
pune,pm10_eps0.5,sample,0.5,8,2,4.0,4,4,0.0,488.4559012418827,0.4884559012418827,0.9740905683551417,0.12570145903479238,7.988776655443322,891
pune,pm10_eps0.5,sample,0.5,8,2,8.0,4,4,0.0,251.05499955417793,0.2510549995541779,0.970651322212652,0.12570145903479238,7.988776655443322,891
pune,pm10_eps0.5,sample,0.5,8,2,16.0,4,4,0.0,245.7830356819499,0.24578303568194992,0.970902961465814,0.12570145903479238,7.988776655443322,891
pune,pm10_eps0.5,sample,0.5,8,3,,4,4,0.0,246.70002384042218,0.24670002384042217,0.6936854868304996,0.1258426966292135,7.995505617977528,890
pune,pm10_eps0.5,sample,0.5,8,3,4.0,4,4,0.0,488.69746827740187,0.48869746827740185,0.9721582180672769,0.1258426966292135,7.995505617977528,890
pune,pm10_eps0.5,sample,0.5,8,3,8.0,4,4,0.0,252.2859067769463,0.2522859067769463,0.7123705946807088,0.1258426966292135,7.995505617977528,890
pune,pm10_eps0.5,sample,0.5,8,3,16.0,4,4,0.0,246.70002384042218,0.24670002384042217,0.6936854868304996,0.1258426966292135,7.995505617977528,890
pune,pm10_eps0.5,sample,0.5,8,4,,4,4,0.0,243.86814896845718,0.24386814896845718,0.6384691282055829,0.1252847380410023,8.06378132118451,878
pune,pm10_eps0.5,sample,0.5,8,4,4.0,4,4,0.0,487.05131300907516,0.48705131300907517,0.9553618942778155,0.1252847380410023,8.06378132118451,878
pune,pm10_eps0.5,sample,0.5,8,4,8.0,4,4,0.0,249.7459306947149,0.2497459306947149,0.6564207685131815,0.1252847380410023,8.06378132118451,878
pune,pm10_eps0.5,sample,0.5,8,4,16.0,4,4,0.0,243.86814896845718,0.24386814896845718,0.6384691282055829,0.1252847380410023,8.06378132118451,878
pune,pm10_eps0.5,sample,0.5,8,6,,4,4,0.0,249.4451516511782,0.2494451516511782,0.5564270062311599,0.12571428571428572,8.074285714285715,875
pune,pm10_eps0.5,sample,0.5,8,6,8.0,4,4,0.0,255.4024642396372,0.2554024642396372,0.5897550069717755,0.12571428571428572,8.074285714285715,875
pune,pm10_eps0.5,sample,0.5,8,6,16.0,4,4,0.0,249.4451516511782,0.2494451516511782,0.5564270062311599,0.12571428571428572,8.074285714285715,875
pune,pm10_eps0.5,budget_distribution,0.5,8,1,,1,0,0.0,3399.5309790083766,3.3995309790083765,0.06379801297225926,0.6424361493123772,7.840303115352231,3563
pune,pm10_eps0.5,budget_distribution,0.5,8,1,4.0,1,0,0.0,6403.09800207301,6.40309800207301,0.208170604016096,0.6528206567499298,7.840303115352231,3563
pune,pm10_eps0.5,budget_distribution,0.5,8,1,8.0,1,0,0.0,3472.862739948363,3.472862739948363,0.20559857098223602,0.6424361493123772,7.840303115352231,3563
pune,pm10_eps0.5,budget_distribution,0.5,8,1,16.0,1,0,0.0,3399.5309790083766,3.3995309790083765,0.06379801297225926,0.6424361493123772,7.840303115352231,3563
pune,pm10_eps0.5,budget_distribution,0.5,8,2,,1,0,0.0,3399.5309790083766,3.3995309790083765,0.06379801297225926,0.6424361493123772,7.840303115352231,3563
pune,pm10_eps0.5,budget_distribution,0.5,8,2,4.0,1,0,0.0,6403.09800207301,6.40309800207301,0.208170604016096,0.6528206567499298,7.840303115352231,3563
pune,pm10_eps0.5,budget_distribution,0.5,8,2,8.0,1,0,0.0,3472.862739948363,3.472862739948363,0.20559857098223602,0.6424361493123772,7.840303115352231,3563
pune,pm10_eps0.5,budget_distribution,0.5,8,2,16.0,1,0,0.0,3399.5309790083766,3.3995309790083765,0.06379801297225926,0.6424361493123772,7.840303115352231,3563
pune,pm10_eps0.5,budget_distribution,0.5,8,3,,1,0,0.0,3399.5309790083766,3.3995309790083765,0.06379801297225926,0.6424361493123772,7.840303115352231,3563
pune,pm10_eps0.5,budget_distribution,0.5,8,3,4.0,1,0,0.0,6403.09800207301,6.40309800207301,0.208170604016096,0.6528206567499298,7.840303115352231,3563
pune,pm10_eps0.5,budget_distribution,0.5,8,3,8.0,1,0,0.0,3472.862739948363,3.472862739948363,0.20559857098223602,0.6424361493123772,7.840303115352231,3563
pune,pm10_eps0.5,budget_distribution,0.5,8,3,16.0,1,0,0.0,3399.5309790083766,3.3995309790083765,0.06379801297225926,0.6424361493123772,7.840303115352231,3563
pune,pm10_eps0.5,budget_distribution,0.5,8,4,,1,0,0.0,3399.5309790083766,3.3995309790083765,0.06379801297225926,0.6424361493123772,7.840303115352231,3563
pune,pm10_eps0.5,budget_distribution,0.5,8,4,4.0,1,0,0.0,6403.09800207301,6.40309800207301,0.208170604016096,0.6528206567499298,7.840303115352231,3563
pune,pm10_eps0.5,budget_distribution,0.5,8,4,8.0,1,0,0.0,3472.862739948363,3.472862739948363,0.20559857098223602,0.6424361493123772,7.840303115352231,3563
pune,pm10_eps0.5,budget_distribution,0.5,8,4,16.0,1,0,0.0,3399.5309790083766,3.3995309790083765,0.06379801297225926,0.6424361493123772,7.840303115352231,3563
pune,pm10_eps0.5,budget_distribution,0.5,8,6,,1,0,0.0,3399.5309790083766,3.3995309790083765,0.06379801297225926,0.6424361493123772,7.840303115352231,3563
pune,pm10_eps0.5,budget_distribution,0.5,8,6,8.0,1,0,0.0,3472.862739948363,3.472862739948363,0.20559857098223602,0.6424361493123772,7.840303115352231,3563
pune,pm10_eps0.5,budget_distribution,0.5,8,6,16.0,1,0,0.0,3399.5309790083766,3.3995309790083765,0.06379801297225926,0.6424361493123772,7.840303115352231,3563
pune,pm10_eps0.5,budget_distribution,0.5,8,1,,1,2,0.0,3399.5309790083766,3.3995309790083765,0.06379801297225926,0.6424361493123772,7.840303115352231,3563
pune,pm10_eps0.5,budget_distribution,0.5,8,1,4.0,1,2,0.0,6403.09800207301,6.40309800207301,0.208170604016096,0.6528206567499298,7.840303115352231,3563
pune,pm10_eps0.5,budget_distribution,0.5,8,1,8.0,1,2,0.0,3472.862739948363,3.472862739948363,0.20559857098223602,0.6424361493123772,7.840303115352231,3563
pune,pm10_eps0.5,budget_distribution,0.5,8,1,16.0,1,2,0.0,3399.5309790083766,3.3995309790083765,0.06379801297225926,0.6424361493123772,7.840303115352231,3563
pune,pm10_eps0.5,budget_distribution,0.5,8,2,,1,2,0.0,3399.647289153517,3.399647289153517,0.06472180998890292,0.6430777871384442,7.844144903117102,3561
pune,pm10_eps0.5,budget_distribution,0.5,8,2,4.0,1,2,0.0,6402.297373620482,6.402297373620482,0.20934117116428672,0.6526256669474867,7.844144903117102,3561
pune,pm10_eps0.5,budget_distribution,0.5,8,2,8.0,1,2,0.0,3473.122102511726,3.4731221025117263,0.2067637456472584,0.6430777871384442,7.844144903117102,3561
pune,pm10_eps0.5,budget_distribution,0.5,8,2,16.0,1,2,0.0,3399.647289153517,3.399647289153517,0.06472180998890292,0.6430777871384442,7.844144903117102,3561
pune,pm10_eps0.5,budget_distribution,0.5,8,3,,1,2,0.0,3318.6055125188373,3.3186055125188374,0.1306036099903455,0.6429575484959236,7.850716896260894,3557
pune,pm10_eps0.5,budget_distribution,0.5,8,3,4.0,1,2,0.0,6396.260266579628,6.3962602665796275,0.20926141176140411,0.6527973010964295,7.850716896260894,3557
pune,pm10_eps0.5,budget_distribution,0.5,8,3,8.0,1,2,0.0,3394.9551835781876,3.3949551835781877,0.4522098591005793,0.6429575484959236,7.850716896260894,3557
pune,pm10_eps0.5,budget_distribution,0.5,8,3,16.0,1,2,0.0,3318.6055125188373,3.3186055125188374,0.1306036099903455,0.6429575484959236,7.850716896260894,3557
pune,pm10_eps0.5,budget_distribution,0.5,8,4,,1,2,0.0,3196.125859393205,3.196125859393205,0.40212607264580186,0.6464387464387464,7.915954415954416,3510
pune,pm10_eps0.5,budget_distribution,0.5,8,4,4.0,1,2,0.0,6433.027653533167,6.433027653533167,0.2093715346972339,0.6555555555555556,7.915954415954416,3510
pune,pm10_eps0.5,budget_distribution,0.5,8,4,8.0,1,2,0.0,3302.4126021952065,3.3024126021952065,0.40506408918598896,0.6461538461538462,7.915954415954416,3510
pune,pm10_eps0.5,budget_distribution,0.5,8,4,16.0,1,2,0.0,3196.125859393205,3.196125859393205,0.40212607264580186,0.6464387464387464,7.915954415954416,3510
pune,pm10_eps0.5,budget_distribution,0.5,8,6,,1,2,0.0,3190.793148878192,3.1907931488781918,0.21070188122177502,0.6476847857348289,7.949094046591889,3477
pune,pm10_eps0.5,budget_distribution,0.5,8,6,8.0,1,2,0.0,3281.611292824472,3.281611292824472,0.2173963949338803,0.6476847857348289,7.949094046591889,3477
pune,pm10_eps0.5,budget_distribution,0.5,8,6,16.0,1,2,0.0,3190.793148878192,3.1907931488781918,0.21070188122177502,0.6476847857348289,7.949094046591889,3477
pune,pm10_eps0.5,budget_distribution,0.5,8,1,,1,4,0.0,3399.5309790083766,3.3995309790083765,0.06379801297225926,0.6424361493123772,7.840303115352231,3563
pune,pm10_eps0.5,budget_distribution,0.5,8,1,4.0,1,4,0.0,6403.09800207301,6.40309800207301,0.208170604016096,0.6528206567499298,7.840303115352231,3563
pune,pm10_eps0.5,budget_distribution,0.5,8,1,8.0,1,4,0.0,3472.862739948363,3.472862739948363,0.20559857098223602,0.6424361493123772,7.840303115352231,3563
pune,pm10_eps0.5,budget_distribution,0.5,8,1,16.0,1,4,0.0,3399.5309790083766,3.3995309790083765,0.06379801297225926,0.6424361493123772,7.840303115352231,3563
pune,pm10_eps0.5,budget_distribution,0.5,8,2,,1,4,0.0,3399.647289153517,3.399647289153517,0.06472180998890292,0.6430777871384442,7.844144903117102,3561
pune,pm10_eps0.5,budget_distribution,0.5,8,2,4.0,1,4,0.0,6402.297373620482,6.402297373620482,0.20934117116428672,0.6526256669474867,7.844144903117102,3561
pune,pm10_eps0.5,budget_distribution,0.5,8,2,8.0,1,4,0.0,3473.122102511726,3.4731221025117263,0.2067637456472584,0.6430777871384442,7.844144903117102,3561
pune,pm10_eps0.5,budget_distribution,0.5,8,2,16.0,1,4,0.0,3399.647289153517,3.399647289153517,0.06472180998890292,0.6430777871384442,7.844144903117102,3561
pune,pm10_eps0.5,budget_distribution,0.5,8,3,,1,4,0.0,3318.6055125188373,3.3186055125188374,0.1306036099903455,0.6429575484959236,7.850716896260894,3557
pune,pm10_eps0.5,budget_distribution,0.5,8,3,4.0,1,4,0.0,6396.260266579628,6.3962602665796275,0.20926141176140411,0.6527973010964295,7.850716896260894,3557
pune,pm10_eps0.5,budget_distribution,0.5,8,3,8.0,1,4,0.0,3394.9551835781876,3.3949551835781877,0.4522098591005793,0.6429575484959236,7.850716896260894,3557
pune,pm10_eps0.5,budget_distribution,0.5,8,3,16.0,1,4,0.0,3318.6055125188373,3.3186055125188374,0.1306036099903455,0.6429575484959236,7.850716896260894,3557
pune,pm10_eps0.5,budget_distribution,0.5,8,4,,1,4,0.0,3181.337938228484,3.181337938228484,0.302712336611381,0.6469580119965724,7.928877463581833,3501
pune,pm10_eps0.5,budget_distribution,0.5,8,4,4.0,1,4,0.0,6446.79634779804,6.44679634779804,0.20848403137441565,0.6555269922879178,7.928877463581833,3501
pune,pm10_eps0.5,budget_distribution,0.5,8,4,8.0,1,4,0.0,3293.0274912481746,3.2930274912481745,0.21378088059032385,0.6469580119965724,7.928877463581833,3501
pune,pm10_eps0.5,budget_distribution,0.5,8,4,16.0,1,4,0.0,3181.337938228484,3.181337938228484,0.302712336611381,0.6469580119965724,7.928877463581833,3501
pune,pm10_eps0.5,budget_distribution,0.5,8,6,,1,4,0.0,3194.049909049705,3.194049909049705,0.21220621756450994,0.6492494226327945,7.966512702078522,3464
pune,pm10_eps0.5,budget_distribution,0.5,8,6,8.0,1,4,0.0,3283.482078122813,3.2834820781228133,0.2178574855507914,0.6492494226327945,7.966512702078522,3464
pune,pm10_eps0.5,budget_distribution,0.5,8,6,16.0,1,4,0.0,3194.049909049705,3.194049909049705,0.21220621756450994,0.6492494226327945,7.966512702078522,3464
pune,pm10_eps0.5,budget_distribution,0.5,8,1,,2,0,0.0,3578.5949197652167,3.5785949197652167,0.18790840342481,0.6694725028058361,7.912457912457913,1782
pune,pm10_eps0.5,budget_distribution,0.5,8,1,4.0,2,0,0.0,7133.013240203763,7.133013240203764,0.18817491989953578,0.6762065095398428,7.912457912457913,1782
pune,pm10_eps0.5,budget_distribution,0.5,8,1,8.0,2,0,0.0,3626.2597643787753,3.6262597643787755,0.19533897394596908,0.6694725028058361,7.912457912457913,1782
pune,pm10_eps0.5,budget_distribution,0.5,8,1,16.0,2,0,0.0,3578.5949197652167,3.5785949197652167,0.18790840342481,0.6694725028058361,7.912457912457913,1782
pune,pm10_eps0.5,budget_distribution,0.5,8,2,,2,0,0.0,3578.5949197652167,3.5785949197652167,0.18790840342481,0.6694725028058361,7.912457912457913,1782
pune,pm10_eps0.5,budget_distribution,0.5,8,2,4.0,2,0,0.0,7133.013240203763,7.133013240203764,0.18817491989953578,0.6762065095398428,7.912457912457913,1782
pune,pm10_eps0.5,budget_distribution,0.5,8,2,8.0,2,0,0.0,3626.2597643787753,3.6262597643787755,0.19533897394596908,0.6694725028058361,7.912457912457913,1782
pune,pm10_eps0.5,budget_distribution,0.5,8,2,16.0,2,0,0.0,3578.5949197652167,3.5785949197652167,0.18790840342481,0.6694725028058361,7.912457912457913,1782
pune,pm10_eps0.5,budget_distribution,0.5,8,3,,2,0,0.0,3578.5949197652167,3.5785949197652167,0.18790840342481,0.6694725028058361,7.912457912457913,1782
pune,pm10_eps0.5,budget_distribution,0.5,8,3,4.0,2,0,0.0,7133.013240203763,7.133013240203764,0.18817491989953578,0.6762065095398428,7.912457912457913,1782
pune,pm10_eps0.5,budget_distribution,0.5,8,3,8.0,2,0,0.0,3626.2597643787753,3.6262597643787755,0.19533897394596908,0.6694725028058361,7.912457912457913,1782
pune,pm10_eps0.5,budget_distribution,0.5,8,3,16.0,2,0,0.0,3578.5949197652167,3.5785949197652167,0.18790840342481,0.6694725028058361,7.912457912457913,1782
pune,pm10_eps0.5,budget_distribution,0.5,8,4,,2,0,0.0,3578.5949197652167,3.5785949197652167,0.18790840342481,0.6694725028058361,7.912457912457913,1782
pune,pm10_eps0.5,budget_distribution,0.5,8,4,4.0,2,0,0.0,7133.013240203763,7.133013240203764,0.18817491989953578,0.6762065095398428,7.912457912457913,1782
pune,pm10_eps0.5,budget_distribution,0.5,8,4,8.0,2,0,0.0,3626.2597643787753,3.6262597643787755,0.19533897394596908,0.6694725028058361,7.912457912457913,1782
pune,pm10_eps0.5,budget_distribution,0.5,8,4,16.0,2,0,0.0,3578.5949197652167,3.5785949197652167,0.18790840342481,0.6694725028058361,7.912457912457913,1782
pune,pm10_eps0.5,budget_distribution,0.5,8,6,,2,0,0.0,3578.5949197652167,3.5785949197652167,0.18790840342481,0.6694725028058361,7.912457912457913,1782
pune,pm10_eps0.5,budget_distribution,0.5,8,6,8.0,2,0,0.0,3626.2597643787753,3.6262597643787755,0.19533897394596908,0.6694725028058361,7.912457912457913,1782
pune,pm10_eps0.5,budget_distribution,0.5,8,6,16.0,2,0,0.0,3578.5949197652167,3.5785949197652167,0.18790840342481,0.6694725028058361,7.912457912457913,1782
pune,pm10_eps0.5,budget_distribution,0.5,8,1,,2,2,0.0,3578.5949197652167,3.5785949197652167,0.18790840342481,0.6694725028058361,7.912457912457913,1782
pune,pm10_eps0.5,budget_distribution,0.5,8,1,4.0,2,2,0.0,7133.013240203763,7.133013240203764,0.18817491989953578,0.6762065095398428,7.912457912457913,1782
pune,pm10_eps0.5,budget_distribution,0.5,8,1,8.0,2,2,0.0,3626.2597643787753,3.6262597643787755,0.19533897394596908,0.6694725028058361,7.912457912457913,1782
pune,pm10_eps0.5,budget_distribution,0.5,8,1,16.0,2,2,0.0,3578.5949197652167,3.5785949197652167,0.18790840342481,0.6694725028058361,7.912457912457913,1782
pune,pm10_eps0.5,budget_distribution,0.5,8,2,,2,2,0.0,3578.5949197652167,3.5785949197652167,0.18790840342481,0.6694725028058361,7.912457912457913,1782
pune,pm10_eps0.5,budget_distribution,0.5,8,2,4.0,2,2,0.0,7133.013240203763,7.133013240203764,0.18817491989953578,0.6762065095398428,7.912457912457913,1782
pune,pm10_eps0.5,budget_distribution,0.5,8,2,8.0,2,2,0.0,3626.2597643787753,3.6262597643787755,0.19533897394596908,0.6694725028058361,7.912457912457913,1782
pune,pm10_eps0.5,budget_distribution,0.5,8,2,16.0,2,2,0.0,3578.5949197652167,3.5785949197652167,0.18790840342481,0.6694725028058361,7.912457912457913,1782
pune,pm10_eps0.5,budget_distribution,0.5,8,3,,2,2,0.0,3475.262834483118,3.4752628344831176,0.11953737556183058,0.6634831460674158,7.919101123595506,1780
pune,pm10_eps0.5,budget_distribution,0.5,8,3,4.0,2,2,0.0,7057.433370595674,7.057433370595674,0.18440143813025736,0.6747191011235955,7.919101123595506,1780
pune,pm10_eps0.5,budget_distribution,0.5,8,3,8.0,2,2,0.0,3595.7788263078673,3.595778826307867,0.19247656561336016,0.6713483146067416,7.919101123595506,1780
pune,pm10_eps0.5,budget_distribution,0.5,8,3,16.0,2,2,0.0,3475.262834483118,3.4752628344831176,0.11953737556183058,0.6634831460674158,7.919101123595506,1780
pune,pm10_eps0.5,budget_distribution,0.5,8,4,,2,2,0.0,3499.265303839477,3.499265303839477,0.07737364943136861,0.6662876634451392,7.977828311540648,1759
pune,pm10_eps0.5,budget_distribution,0.5,8,4,4.0,2,2,0.0,7113.246210643601,7.113246210643601,0.1868141435440139,0.6742467310972143,7.977828311540648,1759
pune,pm10_eps0.5,budget_distribution,0.5,8,4,8.0,2,2,0.0,3665.2016204482748,3.6652016204482747,0.1301749384184031,0.6696986924388857,7.977828311540648,1759
pune,pm10_eps0.5,budget_distribution,0.5,8,4,16.0,2,2,0.0,3499.265303839477,3.499265303839477,0.07737364943136861,0.6662876634451392,7.977828311540648,1759
pune,pm10_eps0.5,budget_distribution,0.5,8,6,,2,2,0.0,3444.419499227456,3.444419499227456,0.17717597611939626,0.664187643020595,8.0,1748
pune,pm10_eps0.5,budget_distribution,0.5,8,6,8.0,2,2,0.0,3512.5557547813623,3.512555754781362,0.18772360736317065,0.665903890160183,8.0,1748
pune,pm10_eps0.5,budget_distribution,0.5,8,6,16.0,2,2,0.0,3444.419499227456,3.444419499227456,0.17717597611939626,0.664187643020595,8.0,1748
pune,pm10_eps0.5,budget_distribution,0.5,8,1,,2,4,0.0,3578.5949197652167,3.5785949197652167,0.18790840342481,0.6694725028058361,7.912457912457913,1782
pune,pm10_eps0.5,budget_distribution,0.5,8,1,4.0,2,4,0.0,7133.013240203763,7.133013240203764,0.18817491989953578,0.6762065095398428,7.912457912457913,1782
pune,pm10_eps0.5,budget_distribution,0.5,8,1,8.0,2,4,0.0,3626.2597643787753,3.6262597643787755,0.19533897394596908,0.6694725028058361,7.912457912457913,1782
pune,pm10_eps0.5,budget_distribution,0.5,8,1,16.0,2,4,0.0,3578.5949197652167,3.5785949197652167,0.18790840342481,0.6694725028058361,7.912457912457913,1782
pune,pm10_eps0.5,budget_distribution,0.5,8,2,,2,4,0.0,3578.5949197652167,3.5785949197652167,0.18790840342481,0.6694725028058361,7.912457912457913,1782
pune,pm10_eps0.5,budget_distribution,0.5,8,2,4.0,2,4,0.0,7133.013240203763,7.133013240203764,0.18817491989953578,0.6762065095398428,7.912457912457913,1782
pune,pm10_eps0.5,budget_distribution,0.5,8,2,8.0,2,4,0.0,3626.2597643787753,3.6262597643787755,0.19533897394596908,0.6694725028058361,7.912457912457913,1782
pune,pm10_eps0.5,budget_distribution,0.5,8,2,16.0,2,4,0.0,3578.5949197652167,3.5785949197652167,0.18790840342481,0.6694725028058361,7.912457912457913,1782
pune,pm10_eps0.5,budget_distribution,0.5,8,3,,2,4,0.0,3475.262834483118,3.4752628344831176,0.11953737556183058,0.6634831460674158,7.919101123595506,1780
pune,pm10_eps0.5,budget_distribution,0.5,8,3,4.0,2,4,0.0,7057.433370595674,7.057433370595674,0.18440143813025736,0.6747191011235955,7.919101123595506,1780
pune,pm10_eps0.5,budget_distribution,0.5,8,3,8.0,2,4,0.0,3595.7788263078673,3.595778826307867,0.19247656561336016,0.6713483146067416,7.919101123595506,1780
pune,pm10_eps0.5,budget_distribution,0.5,8,3,16.0,2,4,0.0,3475.262834483118,3.4752628344831176,0.11953737556183058,0.6634831460674158,7.919101123595506,1780
pune,pm10_eps0.5,budget_distribution,0.5,8,4,,2,4,0.0,3407.2209422960464,3.407220942296046,0.17610546724515616,0.6624857468643102,7.992018244013683,1754
pune,pm10_eps0.5,budget_distribution,0.5,8,4,4.0,2,4,0.0,7075.122358223663,7.075122358223663,0.18535998821160998,0.6744583808437856,7.992018244013683,1754
pune,pm10_eps0.5,budget_distribution,0.5,8,4,8.0,2,4,0.0,3513.415122806861,3.513415122806861,0.18751930724313598,0.6670467502850627,7.992018244013683,1754
pune,pm10_eps0.5,budget_distribution,0.5,8,4,16.0,2,4,0.0,3407.2209422960464,3.407220942296046,0.17610546724515616,0.6624857468643102,7.992018244013683,1754
pune,pm10_eps0.5,budget_distribution,0.5,8,6,,2,4,0.0,3411.7123030452067,3.411712303045207,0.17508990996787518,0.6643717728055077,8.014343086632243,1743
pune,pm10_eps0.5,budget_distribution,0.5,8,6,8.0,2,4,0.0,3506.9415645845806,3.5069415645845807,0.18753553537658565,0.6666666666666666,8.014343086632243,1743
pune,pm10_eps0.5,budget_distribution,0.5,8,6,16.0,2,4,0.0,3411.7123030452067,3.411712303045207,0.17508990996787518,0.6643717728055077,8.014343086632243,1743
pune,pm10_eps0.5,budget_distribution,0.5,8,1,,4,0,0.0,3142.2390728953906,3.1422390728953906,0.5884752798045734,0.6588103254769921,7.988776655443322,891
pune,pm10_eps0.5,budget_distribution,0.5,8,1,4.0,4,0,0.0,6459.3896346854,6.4593896346854,0.8123371972939086,0.6722783389450057,7.988776655443322,891
pune,pm10_eps0.5,budget_distribution,0.5,8,1,8.0,4,0,0.0,3222.8030042405076,3.2228030042405074,0.6046370813935545,0.6588103254769921,7.988776655443322,891
pune,pm10_eps0.5,budget_distribution,0.5,8,1,16.0,4,0,0.0,3142.2390728953906,3.1422390728953906,0.5884752798045734,0.6588103254769921,7.988776655443322,891
pune,pm10_eps0.5,budget_distribution,0.5,8,2,,4,0,0.0,3142.2390728953906,3.1422390728953906,0.5884752798045734,0.6588103254769921,7.988776655443322,891
pune,pm10_eps0.5,budget_distribution,0.5,8,2,4.0,4,0,0.0,6459.3896346854,6.4593896346854,0.8123371972939086,0.6722783389450057,7.988776655443322,891
pune,pm10_eps0.5,budget_distribution,0.5,8,2,8.0,4,0,0.0,3222.8030042405076,3.2228030042405074,0.6046370813935545,0.6588103254769921,7.988776655443322,891
pune,pm10_eps0.5,budget_distribution,0.5,8,2,16.0,4,0,0.0,3142.2390728953906,3.1422390728953906,0.5884752798045734,0.6588103254769921,7.988776655443322,891
pune,pm10_eps0.5,budget_distribution,0.5,8,3,,4,0,0.0,3142.2390728953906,3.1422390728953906,0.5884752798045734,0.6588103254769921,7.988776655443322,891
pune,pm10_eps0.5,budget_distribution,0.5,8,3,4.0,4,0,0.0,6459.3896346854,6.4593896346854,0.8123371972939086,0.6722783389450057,7.988776655443322,891
pune,pm10_eps0.5,budget_distribution,0.5,8,3,8.0,4,0,0.0,3222.8030042405076,3.2228030042405074,0.6046370813935545,0.6588103254769921,7.988776655443322,891
pune,pm10_eps0.5,budget_distribution,0.5,8,3,16.0,4,0,0.0,3142.2390728953906,3.1422390728953906,0.5884752798045734,0.6588103254769921,7.988776655443322,891
pune,pm10_eps0.5,budget_distribution,0.5,8,4,,4,0,0.0,3142.2390728953906,3.1422390728953906,0.5884752798045734,0.6588103254769921,7.988776655443322,891
pune,pm10_eps0.5,budget_distribution,0.5,8,4,4.0,4,0,0.0,6459.3896346854,6.4593896346854,0.8123371972939086,0.6722783389450057,7.988776655443322,891
pune,pm10_eps0.5,budget_distribution,0.5,8,4,8.0,4,0,0.0,3222.8030042405076,3.2228030042405074,0.6046370813935545,0.6588103254769921,7.988776655443322,891
pune,pm10_eps0.5,budget_distribution,0.5,8,4,16.0,4,0,0.0,3142.2390728953906,3.1422390728953906,0.5884752798045734,0.6588103254769921,7.988776655443322,891
pune,pm10_eps0.5,budget_distribution,0.5,8,6,,4,0,0.0,3142.2390728953906,3.1422390728953906,0.5884752798045734,0.6588103254769921,7.988776655443322,891
pune,pm10_eps0.5,budget_distribution,0.5,8,6,8.0,4,0,0.0,3222.8030042405076,3.2228030042405074,0.6046370813935545,0.6588103254769921,7.988776655443322,891
pune,pm10_eps0.5,budget_distribution,0.5,8,6,16.0,4,0,0.0,3142.2390728953906,3.1422390728953906,0.5884752798045734,0.6588103254769921,7.988776655443322,891
pune,pm10_eps0.5,budget_distribution,0.5,8,1,,4,2,0.0,3142.2390728953906,3.1422390728953906,0.5884752798045734,0.6588103254769921,7.988776655443322,891
pune,pm10_eps0.5,budget_distribution,0.5,8,1,4.0,4,2,0.0,6459.3896346854,6.4593896346854,0.8123371972939086,0.6722783389450057,7.988776655443322,891
pune,pm10_eps0.5,budget_distribution,0.5,8,1,8.0,4,2,0.0,3222.8030042405076,3.2228030042405074,0.6046370813935545,0.6588103254769921,7.988776655443322,891
pune,pm10_eps0.5,budget_distribution,0.5,8,1,16.0,4,2,0.0,3142.2390728953906,3.1422390728953906,0.5884752798045734,0.6588103254769921,7.988776655443322,891
pune,pm10_eps0.5,budget_distribution,0.5,8,2,,4,2,0.0,3142.2390728953906,3.1422390728953906,0.5884752798045734,0.6588103254769921,7.988776655443322,891
pune,pm10_eps0.5,budget_distribution,0.5,8,2,4.0,4,2,0.0,6459.3896346854,6.4593896346854,0.8123371972939086,0.6722783389450057,7.988776655443322,891
pune,pm10_eps0.5,budget_distribution,0.5,8,2,8.0,4,2,0.0,3222.8030042405076,3.2228030042405074,0.6046370813935545,0.6588103254769921,7.988776655443322,891
pune,pm10_eps0.5,budget_distribution,0.5,8,2,16.0,4,2,0.0,3142.2390728953906,3.1422390728953906,0.5884752798045734,0.6588103254769921,7.988776655443322,891
pune,pm10_eps0.5,budget_distribution,0.5,8,3,,4,2,0.0,3120.6189028298522,3.120618902829852,0.5893880584949668,0.6595505617977528,7.995505617977528,890
pune,pm10_eps0.5,budget_distribution,0.5,8,3,4.0,4,2,0.0,6467.342663712835,6.467342663712835,0.8137246793070394,0.6719101123595506,7.995505617977528,890
pune,pm10_eps0.5,budget_distribution,0.5,8,3,8.0,4,2,0.0,3202.2162529748634,3.2022162529748632,0.6014223682569092,0.6595505617977528,7.995505617977528,890
pune,pm10_eps0.5,budget_distribution,0.5,8,3,16.0,4,2,0.0,3120.6189028298522,3.120618902829852,0.5893880584949668,0.6595505617977528,7.995505617977528,890
pune,pm10_eps0.5,budget_distribution,0.5,8,4,,4,2,0.0,3131.103319274636,3.131103319274636,0.4072764510268373,0.659477866061294,8.046538024971623,881
pune,pm10_eps0.5,budget_distribution,0.5,8,4,4.0,4,2,0.0,6502.937123659107,6.502937123659107,0.8136766907331399,0.674233825198638,8.046538024971623,881
pune,pm10_eps0.5,budget_distribution,0.5,8,4,8.0,4,2,0.0,3206.795060675457,3.206795060675457,0.431634018400072,0.659477866061294,8.046538024971623,881
pune,pm10_eps0.5,budget_distribution,0.5,8,4,16.0,4,2,0.0,3131.103319274636,3.131103319274636,0.4072764510268373,0.659477866061294,8.046538024971623,881
pune,pm10_eps0.5,budget_distribution,0.5,8,6,,4,2,0.0,3140.282524361956,3.140282524361956,0.41498598038304974,0.6636259977194983,8.060433295324971,877
pune,pm10_eps0.5,budget_distribution,0.5,8,6,8.0,4,2,0.0,3234.094810596597,3.234094810596597,0.4414642292872313,0.6636259977194983,8.060433295324971,877
pune,pm10_eps0.5,budget_distribution,0.5,8,6,16.0,4,2,0.0,3140.282524361956,3.140282524361956,0.41498598038304974,0.6636259977194983,8.060433295324971,877
pune,pm10_eps0.5,budget_distribution,0.5,8,1,,4,4,0.0,3142.2390728953906,3.1422390728953906,0.5884752798045734,0.6588103254769921,7.988776655443322,891
pune,pm10_eps0.5,budget_distribution,0.5,8,1,4.0,4,4,0.0,6459.3896346854,6.4593896346854,0.8123371972939086,0.6722783389450057,7.988776655443322,891
pune,pm10_eps0.5,budget_distribution,0.5,8,1,8.0,4,4,0.0,3222.8030042405076,3.2228030042405074,0.6046370813935545,0.6588103254769921,7.988776655443322,891
pune,pm10_eps0.5,budget_distribution,0.5,8,1,16.0,4,4,0.0,3142.2390728953906,3.1422390728953906,0.5884752798045734,0.6588103254769921,7.988776655443322,891
pune,pm10_eps0.5,budget_distribution,0.5,8,2,,4,4,0.0,3142.2390728953906,3.1422390728953906,0.5884752798045734,0.6588103254769921,7.988776655443322,891
pune,pm10_eps0.5,budget_distribution,0.5,8,2,4.0,4,4,0.0,6459.3896346854,6.4593896346854,0.8123371972939086,0.6722783389450057,7.988776655443322,891
pune,pm10_eps0.5,budget_distribution,0.5,8,2,8.0,4,4,0.0,3222.8030042405076,3.2228030042405074,0.6046370813935545,0.6588103254769921,7.988776655443322,891
pune,pm10_eps0.5,budget_distribution,0.5,8,2,16.0,4,4,0.0,3142.2390728953906,3.1422390728953906,0.5884752798045734,0.6588103254769921,7.988776655443322,891
pune,pm10_eps0.5,budget_distribution,0.5,8,3,,4,4,0.0,3120.6189028298522,3.120618902829852,0.5893880584949668,0.6595505617977528,7.995505617977528,890
pune,pm10_eps0.5,budget_distribution,0.5,8,3,4.0,4,4,0.0,6467.342663712835,6.467342663712835,0.8137246793070394,0.6719101123595506,7.995505617977528,890
pune,pm10_eps0.5,budget_distribution,0.5,8,3,8.0,4,4,0.0,3202.2162529748634,3.2022162529748632,0.6014223682569092,0.6595505617977528,7.995505617977528,890
pune,pm10_eps0.5,budget_distribution,0.5,8,3,16.0,4,4,0.0,3120.6189028298522,3.120618902829852,0.5893880584949668,0.6595505617977528,7.995505617977528,890
pune,pm10_eps0.5,budget_distribution,0.5,8,4,,4,4,0.0,3184.4910466547103,3.1844910466547103,0.8233073024111149,0.6651480637813212,8.06378132118451,878
pune,pm10_eps0.5,budget_distribution,0.5,8,4,4.0,4,4,0.0,6495.190451977328,6.495190451977328,0.8103081453914127,0.6742596810933941,8.06378132118451,878
pune,pm10_eps0.5,budget_distribution,0.5,8,4,8.0,4,4,0.0,3267.2312217194626,3.2672312217194626,0.8391742510656126,0.6651480637813212,8.06378132118451,878
pune,pm10_eps0.5,budget_distribution,0.5,8,4,16.0,4,4,0.0,3184.4910466547103,3.1844910466547103,0.8233073024111149,0.6651480637813212,8.06378132118451,878
pune,pm10_eps0.5,budget_distribution,0.5,8,6,,4,4,0.0,3186.661664627763,3.186661664627763,0.8092955739487494,0.6708571428571428,8.074285714285715,875
pune,pm10_eps0.5,budget_distribution,0.5,8,6,8.0,4,4,0.0,3280.7410900753002,3.2807410900753,0.8223047567394359,0.6708571428571428,8.074285714285715,875
pune,pm10_eps0.5,budget_distribution,0.5,8,6,16.0,4,4,0.0,3186.661664627763,3.186661664627763,0.8092955739487494,0.6708571428571428,8.074285714285715,875
pune,pm10_eps0.5,budget_absorption,0.5,8,1,,1,0,0.0,2493.468557186082,2.4934685571860817,0.4352225429661096,0.5172607353353915,7.840303115352231,3563
pune,pm10_eps0.5,budget_absorption,0.5,8,1,4.0,1,0,0.0,4807.470811980089,4.807470811980089,0.5224811560926161,0.5172607353353915,7.840303115352231,3563
pune,pm10_eps0.5,budget_absorption,0.5,8,1,8.0,1,0,0.0,2563.6107453499308,2.563610745349931,0.4446670254820734,0.5172607353353915,7.840303115352231,3563
pune,pm10_eps0.5,budget_absorption,0.5,8,1,16.0,1,0,0.0,2493.468557186082,2.4934685571860817,0.4352225429661096,0.5172607353353915,7.840303115352231,3563
pune,pm10_eps0.5,budget_absorption,0.5,8,2,,1,0,0.0,2493.468557186082,2.4934685571860817,0.4352225429661096,0.5172607353353915,7.840303115352231,3563
pune,pm10_eps0.5,budget_absorption,0.5,8,2,4.0,1,0,0.0,4807.470811980089,4.807470811980089,0.5224811560926161,0.5172607353353915,7.840303115352231,3563
pune,pm10_eps0.5,budget_absorption,0.5,8,2,8.0,1,0,0.0,2563.6107453499308,2.563610745349931,0.4446670254820734,0.5172607353353915,7.840303115352231,3563
pune,pm10_eps0.5,budget_absorption,0.5,8,2,16.0,1,0,0.0,2493.468557186082,2.4934685571860817,0.4352225429661096,0.5172607353353915,7.840303115352231,3563
pune,pm10_eps0.5,budget_absorption,0.5,8,3,,1,0,0.0,2493.468557186082,2.4934685571860817,0.4352225429661096,0.5172607353353915,7.840303115352231,3563
pune,pm10_eps0.5,budget_absorption,0.5,8,3,4.0,1,0,0.0,4807.470811980089,4.807470811980089,0.5224811560926161,0.5172607353353915,7.840303115352231,3563
pune,pm10_eps0.5,budget_absorption,0.5,8,3,8.0,1,0,0.0,2563.6107453499308,2.563610745349931,0.4446670254820734,0.5172607353353915,7.840303115352231,3563
pune,pm10_eps0.5,budget_absorption,0.5,8,3,16.0,1,0,0.0,2493.468557186082,2.4934685571860817,0.4352225429661096,0.5172607353353915,7.840303115352231,3563
pune,pm10_eps0.5,budget_absorption,0.5,8,4,,1,0,0.0,2493.468557186082,2.4934685571860817,0.4352225429661096,0.5172607353353915,7.840303115352231,3563
pune,pm10_eps0.5,budget_absorption,0.5,8,4,4.0,1,0,0.0,4807.470811980089,4.807470811980089,0.5224811560926161,0.5172607353353915,7.840303115352231,3563
pune,pm10_eps0.5,budget_absorption,0.5,8,4,8.0,1,0,0.0,2563.6107453499308,2.563610745349931,0.4446670254820734,0.5172607353353915,7.840303115352231,3563
pune,pm10_eps0.5,budget_absorption,0.5,8,4,16.0,1,0,0.0,2493.468557186082,2.4934685571860817,0.4352225429661096,0.5172607353353915,7.840303115352231,3563
pune,pm10_eps0.5,budget_absorption,0.5,8,6,,1,0,0.0,2493.468557186082,2.4934685571860817,0.4352225429661096,0.5172607353353915,7.840303115352231,3563
pune,pm10_eps0.5,budget_absorption,0.5,8,6,8.0,1,0,0.0,2563.6107453499308,2.563610745349931,0.4446670254820734,0.5172607353353915,7.840303115352231,3563
pune,pm10_eps0.5,budget_absorption,0.5,8,6,16.0,1,0,0.0,2493.468557186082,2.4934685571860817,0.4352225429661096,0.5172607353353915,7.840303115352231,3563
pune,pm10_eps0.5,budget_absorption,0.5,8,1,,1,2,0.0,2493.468557186082,2.4934685571860817,0.4352225429661096,0.5172607353353915,7.840303115352231,3563
pune,pm10_eps0.5,budget_absorption,0.5,8,1,4.0,1,2,0.0,4807.470811980089,4.807470811980089,0.5224811560926161,0.5172607353353915,7.840303115352231,3563
pune,pm10_eps0.5,budget_absorption,0.5,8,1,8.0,1,2,0.0,2563.6107453499308,2.563610745349931,0.4446670254820734,0.5172607353353915,7.840303115352231,3563
pune,pm10_eps0.5,budget_absorption,0.5,8,1,16.0,1,2,0.0,2493.468557186082,2.4934685571860817,0.4352225429661096,0.5172607353353915,7.840303115352231,3563
pune,pm10_eps0.5,budget_absorption,0.5,8,2,,1,2,0.0,2476.1896522051466,2.4761896522051465,0.45593599128836304,0.5153046896939062,7.844144903117102,3561
pune,pm10_eps0.5,budget_absorption,0.5,8,2,4.0,1,2,0.0,4808.318513213809,4.808318513213809,0.5228688497710576,0.5172704296545914,7.844144903117102,3561
pune,pm10_eps0.5,budget_absorption,0.5,8,2,8.0,1,2,0.0,2547.780550835128,2.547780550835128,0.468784515062551,0.5153046896939062,7.844144903117102,3561
pune,pm10_eps0.5,budget_absorption,0.5,8,2,16.0,1,2,0.0,2476.1896522051466,2.4761896522051465,0.45593599128836304,0.5153046896939062,7.844144903117102,3561
pune,pm10_eps0.5,budget_absorption,0.5,8,3,,1,2,0.0,2509.381616050395,2.509381616050395,0.5197689492021176,0.5189766657295474,7.850716896260894,3557
pune,pm10_eps0.5,budget_absorption,0.5,8,3,4.0,1,2,0.0,4807.827567648624,4.807827567648624,0.5231671532808935,0.517570986786618,7.850716896260894,3557
pune,pm10_eps0.5,budget_absorption,0.5,8,3,8.0,1,2,0.0,2579.748049607795,2.579748049607795,0.5286805040669309,0.5189766657295474,7.850716896260894,3557
pune,pm10_eps0.5,budget_absorption,0.5,8,3,16.0,1,2,0.0,2509.381616050395,2.509381616050395,0.5197689492021176,0.5189766657295474,7.850716896260894,3557
pune,pm10_eps0.5,budget_absorption,0.5,8,4,,1,2,0.0,2464.330441729738,2.464330441729738,0.41451255698802203,0.5162393162393163,7.915954415954416,3510
pune,pm10_eps0.5,budget_absorption,0.5,8,4,4.0,1,2,0.0,4788.989887214523,4.788989887214523,0.522795119317404,0.5173789173789174,7.915954415954416,3510
pune,pm10_eps0.5,budget_absorption,0.5,8,4,8.0,1,2,0.0,2530.996153945595,2.530996153945595,0.4257937876705721,0.5162393162393163,7.915954415954416,3510
pune,pm10_eps0.5,budget_absorption,0.5,8,4,16.0,1,2,0.0,2464.330441729738,2.464330441729738,0.41451255698802203,0.5162393162393163,7.915954415954416,3510
pune,pm10_eps0.5,budget_absorption,0.5,8,6,,1,2,0.0,2386.4891804297276,2.3864891804297277,0.3855587419084089,0.5067587000287604,7.949094046591889,3477
pune,pm10_eps0.5,budget_absorption,0.5,8,6,8.0,1,2,0.0,2482.9270726889276,2.4829270726889274,0.6025011723950034,0.5104975553638194,7.949094046591889,3477
pune,pm10_eps0.5,budget_absorption,0.5,8,6,16.0,1,2,0.0,2386.4891804297276,2.3864891804297277,0.3855587419084089,0.5067587000287604,7.949094046591889,3477
pune,pm10_eps0.5,budget_absorption,0.5,8,1,,1,4,0.0,2493.468557186082,2.4934685571860817,0.4352225429661096,0.5172607353353915,7.840303115352231,3563
pune,pm10_eps0.5,budget_absorption,0.5,8,1,4.0,1,4,0.0,4807.470811980089,4.807470811980089,0.5224811560926161,0.5172607353353915,7.840303115352231,3563
pune,pm10_eps0.5,budget_absorption,0.5,8,1,8.0,1,4,0.0,2563.6107453499308,2.563610745349931,0.4446670254820734,0.5172607353353915,7.840303115352231,3563
pune,pm10_eps0.5,budget_absorption,0.5,8,1,16.0,1,4,0.0,2493.468557186082,2.4934685571860817,0.4352225429661096,0.5172607353353915,7.840303115352231,3563
pune,pm10_eps0.5,budget_absorption,0.5,8,2,,1,4,0.0,2476.1896522051466,2.4761896522051465,0.45593599128836304,0.5153046896939062,7.844144903117102,3561
pune,pm10_eps0.5,budget_absorption,0.5,8,2,4.0,1,4,0.0,4808.318513213809,4.808318513213809,0.5228688497710576,0.5172704296545914,7.844144903117102,3561
pune,pm10_eps0.5,budget_absorption,0.5,8,2,8.0,1,4,0.0,2547.780550835128,2.547780550835128,0.468784515062551,0.5153046896939062,7.844144903117102,3561
pune,pm10_eps0.5,budget_absorption,0.5,8,2,16.0,1,4,0.0,2476.1896522051466,2.4761896522051465,0.45593599128836304,0.5153046896939062,7.844144903117102,3561
pune,pm10_eps0.5,budget_absorption,0.5,8,3,,1,4,0.0,2509.3815404858556,2.5093815404858555,0.5197689492021176,0.5189766657295474,7.850716896260894,3557
pune,pm10_eps0.5,budget_absorption,0.5,8,3,4.0,1,4,0.0,4807.827825282055,4.807827825282055,0.5231671532808935,0.517570986786618,7.850716896260894,3557
pune,pm10_eps0.5,budget_absorption,0.5,8,3,8.0,1,4,0.0,2579.7479740432555,2.5797479740432556,0.5286805040669309,0.5189766657295474,7.850716896260894,3557
pune,pm10_eps0.5,budget_absorption,0.5,8,3,16.0,1,4,0.0,2509.3815404858556,2.5093815404858555,0.5197689492021176,0.5189766657295474,7.850716896260894,3557
pune,pm10_eps0.5,budget_absorption,0.5,8,4,,1,4,0.0,2439.328994381264,2.4393289943812637,0.41327060407597516,0.5144244501570979,7.928877463581833,3501
pune,pm10_eps0.5,budget_absorption,0.5,8,4,4.0,1,4,0.0,4769.3987998124285,4.7693987998124285,0.5197445911733863,0.5167095115681234,7.928877463581833,3501
pune,pm10_eps0.5,budget_absorption,0.5,8,4,8.0,1,4,0.0,2506.962234065247,2.506962234065247,0.4249887824109262,0.5144244501570979,7.928877463581833,3501
pune,pm10_eps0.5,budget_absorption,0.5,8,4,16.0,1,4,0.0,2439.328994381264,2.4393289943812637,0.41327060407597516,0.5144244501570979,7.928877463581833,3501
pune,pm10_eps0.5,budget_absorption,0.5,8,6,,1,4,0.0,2385.5866878711035,2.3855866878711036,0.5045827534906958,0.5092378752886836,7.966512702078522,3464
pune,pm10_eps0.5,budget_absorption,0.5,8,6,8.0,1,4,0.0,2465.553862117285,2.465553862117285,0.44269529691380755,0.5115473441108545,7.966512702078522,3464
pune,pm10_eps0.5,budget_absorption,0.5,8,6,16.0,1,4,0.0,2385.5866878711035,2.3855866878711036,0.5045827534906958,0.5092378752886836,7.966512702078522,3464
pune,pm10_eps0.5,budget_absorption,0.5,8,1,,2,0,0.0,2729.051903665034,2.729051903665034,0.3220707561589478,0.5375982042648709,7.912457912457913,1782
pune,pm10_eps0.5,budget_absorption,0.5,8,1,4.0,2,0,0.0,5310.548571908887,5.310548571908887,0.47350900334187285,0.547699214365881,7.912457912457913,1782
pune,pm10_eps0.5,budget_absorption,0.5,8,1,8.0,2,0,0.0,2832.250345765531,2.832250345765531,0.33520207711890776,0.5465768799102132,7.912457912457913,1782
pune,pm10_eps0.5,budget_absorption,0.5,8,1,16.0,2,0,0.0,2729.051903665034,2.729051903665034,0.3220707561589478,0.5375982042648709,7.912457912457913,1782
pune,pm10_eps0.5,budget_absorption,0.5,8,2,,2,0,0.0,2729.051903665034,2.729051903665034,0.3220707561589478,0.5375982042648709,7.912457912457913,1782
pune,pm10_eps0.5,budget_absorption,0.5,8,2,4.0,2,0,0.0,5310.548571908887,5.310548571908887,0.47350900334187285,0.547699214365881,7.912457912457913,1782
pune,pm10_eps0.5,budget_absorption,0.5,8,2,8.0,2,0,0.0,2832.250345765531,2.832250345765531,0.33520207711890776,0.5465768799102132,7.912457912457913,1782
pune,pm10_eps0.5,budget_absorption,0.5,8,2,16.0,2,0,0.0,2729.051903665034,2.729051903665034,0.3220707561589478,0.5375982042648709,7.912457912457913,1782
pune,pm10_eps0.5,budget_absorption,0.5,8,3,,2,0,0.0,2729.051903665034,2.729051903665034,0.3220707561589478,0.5375982042648709,7.912457912457913,1782
pune,pm10_eps0.5,budget_absorption,0.5,8,3,4.0,2,0,0.0,5310.548571908887,5.310548571908887,0.47350900334187285,0.547699214365881,7.912457912457913,1782
pune,pm10_eps0.5,budget_absorption,0.5,8,3,8.0,2,0,0.0,2832.250345765531,2.832250345765531,0.33520207711890776,0.5465768799102132,7.912457912457913,1782
pune,pm10_eps0.5,budget_absorption,0.5,8,3,16.0,2,0,0.0,2729.051903665034,2.729051903665034,0.3220707561589478,0.5375982042648709,7.912457912457913,1782
pune,pm10_eps0.5,budget_absorption,0.5,8,4,,2,0,0.0,2729.051903665034,2.729051903665034,0.3220707561589478,0.5375982042648709,7.912457912457913,1782
pune,pm10_eps0.5,budget_absorption,0.5,8,4,4.0,2,0,0.0,5310.548571908887,5.310548571908887,0.47350900334187285,0.547699214365881,7.912457912457913,1782
pune,pm10_eps0.5,budget_absorption,0.5,8,4,8.0,2,0,0.0,2832.250345765531,2.832250345765531,0.33520207711890776,0.5465768799102132,7.912457912457913,1782
pune,pm10_eps0.5,budget_absorption,0.5,8,4,16.0,2,0,0.0,2729.051903665034,2.729051903665034,0.3220707561589478,0.5375982042648709,7.912457912457913,1782
pune,pm10_eps0.5,budget_absorption,0.5,8,6,,2,0,0.0,2729.051903665034,2.729051903665034,0.3220707561589478,0.5375982042648709,7.912457912457913,1782
pune,pm10_eps0.5,budget_absorption,0.5,8,6,8.0,2,0,0.0,2832.250345765531,2.832250345765531,0.33520207711890776,0.5465768799102132,7.912457912457913,1782
pune,pm10_eps0.5,budget_absorption,0.5,8,6,16.0,2,0,0.0,2729.051903665034,2.729051903665034,0.3220707561589478,0.5375982042648709,7.912457912457913,1782
pune,pm10_eps0.5,budget_absorption,0.5,8,1,,2,2,0.0,2729.051903665034,2.729051903665034,0.3220707561589478,0.5375982042648709,7.912457912457913,1782
pune,pm10_eps0.5,budget_absorption,0.5,8,1,4.0,2,2,0.0,5310.548571908887,5.310548571908887,0.47350900334187285,0.547699214365881,7.912457912457913,1782
pune,pm10_eps0.5,budget_absorption,0.5,8,1,8.0,2,2,0.0,2832.250345765531,2.832250345765531,0.33520207711890776,0.5465768799102132,7.912457912457913,1782
pune,pm10_eps0.5,budget_absorption,0.5,8,1,16.0,2,2,0.0,2729.051903665034,2.729051903665034,0.3220707561589478,0.5375982042648709,7.912457912457913,1782
pune,pm10_eps0.5,budget_absorption,0.5,8,2,,2,2,0.0,2729.051903665034,2.729051903665034,0.3220707561589478,0.5375982042648709,7.912457912457913,1782
pune,pm10_eps0.5,budget_absorption,0.5,8,2,4.0,2,2,0.0,5310.548571908887,5.310548571908887,0.47350900334187285,0.547699214365881,7.912457912457913,1782
pune,pm10_eps0.5,budget_absorption,0.5,8,2,8.0,2,2,0.0,2832.250345765531,2.832250345765531,0.33520207711890776,0.5465768799102132,7.912457912457913,1782
pune,pm10_eps0.5,budget_absorption,0.5,8,2,16.0,2,2,0.0,2729.051903665034,2.729051903665034,0.3220707561589478,0.5375982042648709,7.912457912457913,1782
pune,pm10_eps0.5,budget_absorption,0.5,8,3,,2,2,0.0,2720.5218559719456,2.7205218559719455,0.3217307017068441,0.5404494382022472,7.919101123595506,1780
pune,pm10_eps0.5,budget_absorption,0.5,8,3,4.0,2,2,0.0,5303.989412093777,5.303989412093777,0.4732862649186036,0.547191011235955,7.919101123595506,1780
pune,pm10_eps0.5,budget_absorption,0.5,8,3,8.0,2,2,0.0,2826.4258422544613,2.8264258422544613,0.3396288844981822,0.5426966292134832,7.919101123595506,1780
pune,pm10_eps0.5,budget_absorption,0.5,8,3,16.0,2,2,0.0,2720.5218559719456,2.7205218559719455,0.3217307017068441,0.5404494382022472,7.919101123595506,1780
pune,pm10_eps0.5,budget_absorption,0.5,8,4,,2,2,0.0,2664.7868301359977,2.6647868301359976,0.6569487917605284,0.5400795906765208,7.977828311540648,1759
pune,pm10_eps0.5,budget_absorption,0.5,8,4,4.0,2,2,0.0,5250.029184658461,5.2500291846584615,0.4768822641361385,0.5434906196702672,7.977828311540648,1759
pune,pm10_eps0.5,budget_absorption,0.5,8,4,8.0,2,2,0.0,2718.5081672650786,2.7185081672650786,0.6826440747850664,0.5400795906765208,7.977828311540648,1759
pune,pm10_eps0.5,budget_absorption,0.5,8,4,16.0,2,2,0.0,2664.7868301359977,2.6647868301359976,0.6569487917605284,0.5400795906765208,7.977828311540648,1759
pune,pm10_eps0.5,budget_absorption,0.5,8,6,,2,2,0.0,2651.9842379218585,2.6519842379218583,0.6105350770051737,0.5411899313501144,8.0,1748
pune,pm10_eps0.5,budget_absorption,0.5,8,6,8.0,2,2,0.0,2723.3962919512674,2.7233962919512673,0.6177963169849885,0.5411899313501144,8.0,1748
pune,pm10_eps0.5,budget_absorption,0.5,8,6,16.0,2,2,0.0,2651.9842379218585,2.6519842379218583,0.6105350770051737,0.5411899313501144,8.0,1748
pune,pm10_eps0.5,budget_absorption,0.5,8,1,,2,4,0.0,2729.051903665034,2.729051903665034,0.3220707561589478,0.5375982042648709,7.912457912457913,1782
pune,pm10_eps0.5,budget_absorption,0.5,8,1,4.0,2,4,0.0,5310.548571908887,5.310548571908887,0.47350900334187285,0.547699214365881,7.912457912457913,1782
pune,pm10_eps0.5,budget_absorption,0.5,8,1,8.0,2,4,0.0,2832.250345765531,2.832250345765531,0.33520207711890776,0.5465768799102132,7.912457912457913,1782
pune,pm10_eps0.5,budget_absorption,0.5,8,1,16.0,2,4,0.0,2729.051903665034,2.729051903665034,0.3220707561589478,0.5375982042648709,7.912457912457913,1782
pune,pm10_eps0.5,budget_absorption,0.5,8,2,,2,4,0.0,2729.051903665034,2.729051903665034,0.3220707561589478,0.5375982042648709,7.912457912457913,1782
pune,pm10_eps0.5,budget_absorption,0.5,8,2,4.0,2,4,0.0,5310.548571908887,5.310548571908887,0.47350900334187285,0.547699214365881,7.912457912457913,1782
pune,pm10_eps0.5,budget_absorption,0.5,8,2,8.0,2,4,0.0,2832.250345765531,2.832250345765531,0.33520207711890776,0.5465768799102132,7.912457912457913,1782
pune,pm10_eps0.5,budget_absorption,0.5,8,2,16.0,2,4,0.0,2729.051903665034,2.729051903665034,0.3220707561589478,0.5375982042648709,7.912457912457913,1782
pune,pm10_eps0.5,budget_absorption,0.5,8,3,,2,4,0.0,2720.5218559719456,2.7205218559719455,0.3217307017068441,0.5404494382022472,7.919101123595506,1780
pune,pm10_eps0.5,budget_absorption,0.5,8,3,4.0,2,4,0.0,5303.989412093777,5.303989412093777,0.4732862649186036,0.547191011235955,7.919101123595506,1780
pune,pm10_eps0.5,budget_absorption,0.5,8,3,8.0,2,4,0.0,2826.4258422544613,2.8264258422544613,0.3396288844981822,0.5426966292134832,7.919101123595506,1780
pune,pm10_eps0.5,budget_absorption,0.5,8,3,16.0,2,4,0.0,2720.5218559719456,2.7205218559719455,0.3217307017068441,0.5404494382022472,7.919101123595506,1780
pune,pm10_eps0.5,budget_absorption,0.5,8,4,,2,4,0.0,2650.859507008383,2.650859507008383,0.6118927791820836,0.5393386545039909,7.992018244013683,1754
pune,pm10_eps0.5,budget_absorption,0.5,8,4,4.0,2,4,0.0,5261.023352371775,5.261023352371775,0.477690002767764,0.5444697833523375,7.992018244013683,1754
pune,pm10_eps0.5,budget_absorption,0.5,8,4,8.0,2,4,0.0,2752.461841200833,2.7524618412008333,0.6796062556491054,0.5450399087799316,7.992018244013683,1754
pune,pm10_eps0.5,budget_absorption,0.5,8,4,16.0,2,4,0.0,2650.859507008383,2.650859507008383,0.6118927791820836,0.5393386545039909,7.992018244013683,1754
pune,pm10_eps0.5,budget_absorption,0.5,8,6,,2,4,0.0,2634.5844780444763,2.6345844780444763,0.4740803434239168,0.5381526104417671,8.014343086632243,1743
pune,pm10_eps0.5,budget_absorption,0.5,8,6,8.0,2,4,0.0,2706.608489906503,2.706608489906503,0.4889488464357048,0.5381526104417671,8.014343086632243,1743
pune,pm10_eps0.5,budget_absorption,0.5,8,6,16.0,2,4,0.0,2634.5844780444763,2.6345844780444763,0.4740803434239168,0.5381526104417671,8.014343086632243,1743
pune,pm10_eps0.5,budget_absorption,0.5,8,1,,4,0,0.0,2717.8206195299617,2.7178206195299617,0.27697134391792894,0.5465768799102132,7.988776655443322,891
pune,pm10_eps0.5,budget_absorption,0.5,8,1,4.0,4,0,0.0,5288.395131854626,5.288395131854626,0.5040515064313712,0.5488215488215489,7.988776655443322,891
pune,pm10_eps0.5,budget_absorption,0.5,8,1,8.0,4,0,0.0,2796.0204090979296,2.7960204090979297,0.28872925574894376,0.5465768799102132,7.988776655443322,891
pune,pm10_eps0.5,budget_absorption,0.5,8,1,16.0,4,0,0.0,2717.8206195299617,2.7178206195299617,0.27697134391792894,0.5465768799102132,7.988776655443322,891
pune,pm10_eps0.5,budget_absorption,0.5,8,2,,4,0,0.0,2717.8206195299617,2.7178206195299617,0.27697134391792894,0.5465768799102132,7.988776655443322,891
pune,pm10_eps0.5,budget_absorption,0.5,8,2,4.0,4,0,0.0,5288.395131854626,5.288395131854626,0.5040515064313712,0.5488215488215489,7.988776655443322,891
pune,pm10_eps0.5,budget_absorption,0.5,8,2,8.0,4,0,0.0,2796.0204090979296,2.7960204090979297,0.28872925574894376,0.5465768799102132,7.988776655443322,891
pune,pm10_eps0.5,budget_absorption,0.5,8,2,16.0,4,0,0.0,2717.8206195299617,2.7178206195299617,0.27697134391792894,0.5465768799102132,7.988776655443322,891
pune,pm10_eps0.5,budget_absorption,0.5,8,3,,4,0,0.0,2717.8206195299617,2.7178206195299617,0.27697134391792894,0.5465768799102132,7.988776655443322,891
pune,pm10_eps0.5,budget_absorption,0.5,8,3,4.0,4,0,0.0,5288.395131854626,5.288395131854626,0.5040515064313712,0.5488215488215489,7.988776655443322,891
pune,pm10_eps0.5,budget_absorption,0.5,8,3,8.0,4,0,0.0,2796.0204090979296,2.7960204090979297,0.28872925574894376,0.5465768799102132,7.988776655443322,891
pune,pm10_eps0.5,budget_absorption,0.5,8,3,16.0,4,0,0.0,2717.8206195299617,2.7178206195299617,0.27697134391792894,0.5465768799102132,7.988776655443322,891
pune,pm10_eps0.5,budget_absorption,0.5,8,4,,4,0,0.0,2717.8206195299617,2.7178206195299617,0.27697134391792894,0.5465768799102132,7.988776655443322,891
pune,pm10_eps0.5,budget_absorption,0.5,8,4,4.0,4,0,0.0,5288.395131854626,5.288395131854626,0.5040515064313712,0.5488215488215489,7.988776655443322,891
pune,pm10_eps0.5,budget_absorption,0.5,8,4,8.0,4,0,0.0,2796.0204090979296,2.7960204090979297,0.28872925574894376,0.5465768799102132,7.988776655443322,891
pune,pm10_eps0.5,budget_absorption,0.5,8,4,16.0,4,0,0.0,2717.8206195299617,2.7178206195299617,0.27697134391792894,0.5465768799102132,7.988776655443322,891
pune,pm10_eps0.5,budget_absorption,0.5,8,6,,4,0,0.0,2717.8206195299617,2.7178206195299617,0.27697134391792894,0.5465768799102132,7.988776655443322,891
pune,pm10_eps0.5,budget_absorption,0.5,8,6,8.0,4,0,0.0,2796.0204090979296,2.7960204090979297,0.28872925574894376,0.5465768799102132,7.988776655443322,891
pune,pm10_eps0.5,budget_absorption,0.5,8,6,16.0,4,0,0.0,2717.8206195299617,2.7178206195299617,0.27697134391792894,0.5465768799102132,7.988776655443322,891
pune,pm10_eps0.5,budget_absorption,0.5,8,1,,4,2,0.0,2717.8206195299617,2.7178206195299617,0.27697134391792894,0.5465768799102132,7.988776655443322,891
pune,pm10_eps0.5,budget_absorption,0.5,8,1,4.0,4,2,0.0,5288.395131854626,5.288395131854626,0.5040515064313712,0.5488215488215489,7.988776655443322,891
pune,pm10_eps0.5,budget_absorption,0.5,8,1,8.0,4,2,0.0,2796.0204090979296,2.7960204090979297,0.28872925574894376,0.5465768799102132,7.988776655443322,891
pune,pm10_eps0.5,budget_absorption,0.5,8,1,16.0,4,2,0.0,2717.8206195299617,2.7178206195299617,0.27697134391792894,0.5465768799102132,7.988776655443322,891
pune,pm10_eps0.5,budget_absorption,0.5,8,2,,4,2,0.0,2717.8206195299617,2.7178206195299617,0.27697134391792894,0.5465768799102132,7.988776655443322,891
pune,pm10_eps0.5,budget_absorption,0.5,8,2,4.0,4,2,0.0,5288.395131854626,5.288395131854626,0.5040515064313712,0.5488215488215489,7.988776655443322,891
pune,pm10_eps0.5,budget_absorption,0.5,8,2,8.0,4,2,0.0,2796.0204090979296,2.7960204090979297,0.28872925574894376,0.5465768799102132,7.988776655443322,891
pune,pm10_eps0.5,budget_absorption,0.5,8,2,16.0,4,2,0.0,2717.8206195299617,2.7178206195299617,0.27697134391792894,0.5465768799102132,7.988776655443322,891
pune,pm10_eps0.5,budget_absorption,0.5,8,3,,4,2,0.0,2714.6246397306245,2.7146246397306246,0.2773587549231218,0.5483146067415731,7.995505617977528,890
pune,pm10_eps0.5,budget_absorption,0.5,8,3,4.0,4,2,0.0,5298.7027752703325,5.298702775270333,0.5085869418910207,0.5483146067415731,7.995505617977528,890
pune,pm10_eps0.5,budget_absorption,0.5,8,3,8.0,4,2,0.0,2792.912294230691,2.7929122942306908,0.2891363113569528,0.5483146067415731,7.995505617977528,890
pune,pm10_eps0.5,budget_absorption,0.5,8,3,16.0,4,2,0.0,2714.6246397306245,2.7146246397306246,0.2773587549231218,0.5483146067415731,7.995505617977528,890
pune,pm10_eps0.5,budget_absorption,0.5,8,4,,4,2,0.0,2640.5175017324113,2.640517501732411,0.4106918543398795,0.5482406356413166,8.046538024971623,881
pune,pm10_eps0.5,budget_absorption,0.5,8,4,4.0,4,2,0.0,5251.4514538711255,5.251451453871126,0.5040317529464428,0.5493757094211124,8.046538024971623,881
pune,pm10_eps0.5,budget_absorption,0.5,8,4,8.0,4,2,0.0,2719.685496115994,2.7196854961159938,0.43681732717595834,0.5482406356413166,8.046538024971623,881
pune,pm10_eps0.5,budget_absorption,0.5,8,4,16.0,4,2,0.0,2640.5175017324113,2.640517501732411,0.4106918543398795,0.5482406356413166,8.046538024971623,881
pune,pm10_eps0.5,budget_absorption,0.5,8,6,,4,2,0.0,2614.6701336997744,2.614670133699774,0.768626508558437,0.5461801596351197,8.060433295324971,877
pune,pm10_eps0.5,budget_absorption,0.5,8,6,8.0,4,2,0.0,2697.2836381922666,2.6972836381922667,0.5165714318364875,0.5461801596351197,8.060433295324971,877
pune,pm10_eps0.5,budget_absorption,0.5,8,6,16.0,4,2,0.0,2614.6701336997744,2.614670133699774,0.768626508558437,0.5461801596351197,8.060433295324971,877
pune,pm10_eps0.5,budget_absorption,0.5,8,1,,4,4,0.0,2717.8206195299617,2.7178206195299617,0.27697134391792894,0.5465768799102132,7.988776655443322,891
pune,pm10_eps0.5,budget_absorption,0.5,8,1,4.0,4,4,0.0,5288.395131854626,5.288395131854626,0.5040515064313712,0.5488215488215489,7.988776655443322,891
pune,pm10_eps0.5,budget_absorption,0.5,8,1,8.0,4,4,0.0,2796.0204090979296,2.7960204090979297,0.28872925574894376,0.5465768799102132,7.988776655443322,891
pune,pm10_eps0.5,budget_absorption,0.5,8,1,16.0,4,4,0.0,2717.8206195299617,2.7178206195299617,0.27697134391792894,0.5465768799102132,7.988776655443322,891
pune,pm10_eps0.5,budget_absorption,0.5,8,2,,4,4,0.0,2717.8206195299617,2.7178206195299617,0.27697134391792894,0.5465768799102132,7.988776655443322,891
pune,pm10_eps0.5,budget_absorption,0.5,8,2,4.0,4,4,0.0,5288.395131854626,5.288395131854626,0.5040515064313712,0.5488215488215489,7.988776655443322,891
pune,pm10_eps0.5,budget_absorption,0.5,8,2,8.0,4,4,0.0,2796.0204090979296,2.7960204090979297,0.28872925574894376,0.5465768799102132,7.988776655443322,891
pune,pm10_eps0.5,budget_absorption,0.5,8,2,16.0,4,4,0.0,2717.8206195299617,2.7178206195299617,0.27697134391792894,0.5465768799102132,7.988776655443322,891
pune,pm10_eps0.5,budget_absorption,0.5,8,3,,4,4,0.0,2714.6246397306245,2.7146246397306246,0.2773587549231218,0.5483146067415731,7.995505617977528,890
pune,pm10_eps0.5,budget_absorption,0.5,8,3,4.0,4,4,0.0,5298.7027752703325,5.298702775270333,0.5085869418910207,0.5483146067415731,7.995505617977528,890
pune,pm10_eps0.5,budget_absorption,0.5,8,3,8.0,4,4,0.0,2792.912294230691,2.7929122942306908,0.2891363113569528,0.5483146067415731,7.995505617977528,890
pune,pm10_eps0.5,budget_absorption,0.5,8,3,16.0,4,4,0.0,2714.6246397306245,2.7146246397306246,0.2773587549231218,0.5483146067415731,7.995505617977528,890
pune,pm10_eps0.5,budget_absorption,0.5,8,4,,4,4,0.0,2633.495154345251,2.633495154345251,0.41944353134825574,0.5455580865603644,8.06378132118451,878
pune,pm10_eps0.5,budget_absorption,0.5,8,4,4.0,4,4,0.0,5257.657618459673,5.257657618459674,0.5082242182151031,0.5478359908883826,8.06378132118451,878
pune,pm10_eps0.5,budget_absorption,0.5,8,4,8.0,4,4,0.0,2711.637451836694,2.711637451836694,0.4334984941774908,0.5455580865603644,8.06378132118451,878
pune,pm10_eps0.5,budget_absorption,0.5,8,4,16.0,4,4,0.0,2633.495154345251,2.633495154345251,0.41944353134825574,0.5455580865603644,8.06378132118451,878
pune,pm10_eps0.5,budget_absorption,0.5,8,6,,4,4,0.0,2602.7484767925894,2.6027484767925895,0.7638989828763607,0.5451428571428572,8.074285714285715,875
pune,pm10_eps0.5,budget_absorption,0.5,8,6,8.0,4,4,0.0,2684.288911742827,2.684288911742827,0.5065298517875889,0.5451428571428572,8.074285714285715,875
pune,pm10_eps0.5,budget_absorption,0.5,8,6,16.0,4,4,0.0,2602.7484767925894,2.6027484767925895,0.7638989828763607,0.5451428571428572,8.074285714285715,875
pune,pm10_eps0.5,p_gated_uniform,0.5,8,1,,1,0,0.0,2089.906112496587,2.0899061124965868,0.5082320630585684,1.0,7.840303115352231,3563
pune,pm10_eps0.5,p_gated_uniform,0.5,8,1,4.0,1,0,0.0,3969.6339994152117,3.969633999415212,0.6318735293545763,1.0,7.840303115352231,3563
pune,pm10_eps0.5,p_gated_uniform,0.5,8,1,8.0,1,0,0.0,2135.7247787569268,2.1357247787569267,0.5247377098407693,1.0,7.840303115352231,3563
pune,pm10_eps0.5,p_gated_uniform,0.5,8,1,16.0,1,0,0.0,2089.906112496587,2.0899061124965868,0.5082320630585684,1.0,7.840303115352231,3563
pune,pm10_eps0.5,p_gated_uniform,0.5,8,2,,1,0,0.0,2083.0185079053604,2.0830185079053605,0.5547899063558999,0.9994386752736458,7.840303115352231,3563
pune,pm10_eps0.5,p_gated_uniform,0.5,8,2,4.0,1,0,0.0,3963.164544975947,3.963164544975947,0.6308014862372199,0.9994386752736458,7.840303115352231,3563
pune,pm10_eps0.5,p_gated_uniform,0.5,8,2,8.0,1,0,0.0,2128.7098421952164,2.1287098421952164,0.5746025663494654,0.9994386752736458,7.840303115352231,3563
pune,pm10_eps0.5,p_gated_uniform,0.5,8,2,16.0,1,0,0.0,2083.0185079053604,2.0830185079053605,0.5547899063558999,0.9994386752736458,7.840303115352231,3563
pune,pm10_eps0.5,p_gated_uniform,0.5,8,3,,1,0,0.0,2078.9571067624343,2.0789571067624344,0.5538780842267024,0.9980353634577603,7.840303115352231,3563
pune,pm10_eps0.5,p_gated_uniform,0.5,8,3,4.0,1,0,0.0,3958.1690790141233,3.9581690790141235,0.6299220269184298,0.9980353634577603,7.840303115352231,3563
pune,pm10_eps0.5,p_gated_uniform,0.5,8,3,8.0,1,0,0.0,2124.917726814758,2.124917726814758,0.5737008014703492,0.9980353634577603,7.840303115352231,3563
pune,pm10_eps0.5,p_gated_uniform,0.5,8,3,16.0,1,0,0.0,2078.9571067624343,2.0789571067624344,0.5538780842267024,0.9980353634577603,7.840303115352231,3563
pune,pm10_eps0.5,p_gated_uniform,0.5,8,4,,1,0,0.0,2037.1638490353778,2.0371638490353776,0.6268515527324471,0.9789503227617177,7.840303115352231,3563
pune,pm10_eps0.5,p_gated_uniform,0.5,8,4,4.0,1,0,0.0,3936.8405432237064,3.9368405432237066,0.6265870972832264,0.9789503227617177,7.840303115352231,3563
pune,pm10_eps0.5,p_gated_uniform,0.5,8,4,8.0,1,0,0.0,2083.741181775876,2.083741181775876,0.6452885933372516,0.9789503227617177,7.840303115352231,3563
pune,pm10_eps0.5,p_gated_uniform,0.5,8,4,16.0,1,0,0.0,2037.1638490353778,2.0371638490353776,0.6268515527324471,0.9789503227617177,7.840303115352231,3563
pune,pm10_eps0.5,p_gated_uniform,0.5,8,6,,1,0,0.0,1979.2259246391086,1.9792259246391086,0.6289270832810807,0.9666011787819253,7.840303115352231,3563
pune,pm10_eps0.5,p_gated_uniform,0.5,8,6,8.0,1,0,0.0,2027.737418560605,2.027737418560605,0.6481885633397433,0.9666011787819253,7.840303115352231,3563
pune,pm10_eps0.5,p_gated_uniform,0.5,8,6,16.0,1,0,0.0,1979.2259246391086,1.9792259246391086,0.6289270832810807,0.9666011787819253,7.840303115352231,3563
pune,pm10_eps0.5,p_gated_uniform,0.5,8,1,,1,2,0.0,2089.906112496587,2.0899061124965868,0.5082320630585684,1.0,7.840303115352231,3563
pune,pm10_eps0.5,p_gated_uniform,0.5,8,1,4.0,1,2,0.0,3969.6339994152117,3.969633999415212,0.6318735293545763,1.0,7.840303115352231,3563
pune,pm10_eps0.5,p_gated_uniform,0.5,8,1,8.0,1,2,0.0,2135.7247787569268,2.1357247787569267,0.5247377098407693,1.0,7.840303115352231,3563
pune,pm10_eps0.5,p_gated_uniform,0.5,8,1,16.0,1,2,0.0,2089.906112496587,2.0899061124965868,0.5082320630585684,1.0,7.840303115352231,3563
pune,pm10_eps0.5,p_gated_uniform,0.5,8,2,,1,2,0.0,2082.932255025654,2.082932255025654,0.5547899063558999,1.0,7.844144903117102,3561
pune,pm10_eps0.5,p_gated_uniform,0.5,8,2,4.0,1,2,0.0,3963.5170733558193,3.963517073355819,0.6308014862372199,1.0,7.844144903117102,3561
pune,pm10_eps0.5,p_gated_uniform,0.5,8,2,8.0,1,2,0.0,2128.6492513959874,2.1286492513959874,0.5746025663494654,1.0,7.844144903117102,3561
pune,pm10_eps0.5,p_gated_uniform,0.5,8,2,16.0,1,2,0.0,2082.932255025654,2.082932255025654,0.5547899063558999,1.0,7.844144903117102,3561
pune,pm10_eps0.5,p_gated_uniform,0.5,8,3,,1,2,0.0,2076.3342170897336,2.0763342170897334,0.5538780842267024,0.9997188642114141,7.850716896260894,3557
pune,pm10_eps0.5,p_gated_uniform,0.5,8,3,4.0,1,2,0.0,3958.5560810818297,3.95855608108183,0.6299220269184298,0.9997188642114141,7.850716896260894,3557
pune,pm10_eps0.5,p_gated_uniform,0.5,8,3,8.0,1,2,0.0,2122.3723641930314,2.1223723641930317,0.5737008014703492,0.9997188642114141,7.850716896260894,3557
pune,pm10_eps0.5,p_gated_uniform,0.5,8,3,16.0,1,2,0.0,2076.3342170897336,2.0763342170897334,0.5538780842267024,0.9997188642114141,7.850716896260894,3557
pune,pm10_eps0.5,p_gated_uniform,0.5,8,4,,1,2,0.0,2021.142200145527,2.021142200145527,0.625523911654676,0.994017094017094,7.915954415954416,3510
pune,pm10_eps0.5,p_gated_uniform,0.5,8,4,4.0,1,2,0.0,3939.0192004001024,3.9390192004001023,0.6263361611163518,0.994017094017094,7.915954415954416,3510
pune,pm10_eps0.5,p_gated_uniform,0.5,8,4,8.0,1,2,0.0,2068.2523822251546,2.068252382225155,0.6439306744364998,0.994017094017094,7.915954415954416,3510
pune,pm10_eps0.5,p_gated_uniform,0.5,8,4,16.0,1,2,0.0,2021.142200145527,2.021142200145527,0.625523911654676,0.994017094017094,7.915954415954416,3510
pune,pm10_eps0.5,p_gated_uniform,0.5,8,6,,1,2,0.0,2016.1716501063115,2.0161716501063114,0.6265317668222792,0.9919470808167961,7.949094046591889,3477
pune,pm10_eps0.5,p_gated_uniform,0.5,8,6,8.0,1,2,0.0,2064.281791727963,2.064281791727963,0.6435026339436826,0.9919470808167961,7.949094046591889,3477
pune,pm10_eps0.5,p_gated_uniform,0.5,8,6,16.0,1,2,0.0,2016.1716501063115,2.0161716501063114,0.6265317668222792,0.9919470808167961,7.949094046591889,3477
pune,pm10_eps0.5,p_gated_uniform,0.5,8,1,,1,4,0.0,2089.906112496587,2.0899061124965868,0.5082320630585684,1.0,7.840303115352231,3563
pune,pm10_eps0.5,p_gated_uniform,0.5,8,1,4.0,1,4,0.0,3969.6339994152117,3.969633999415212,0.6318735293545763,1.0,7.840303115352231,3563
pune,pm10_eps0.5,p_gated_uniform,0.5,8,1,8.0,1,4,0.0,2135.7247787569268,2.1357247787569267,0.5247377098407693,1.0,7.840303115352231,3563
pune,pm10_eps0.5,p_gated_uniform,0.5,8,1,16.0,1,4,0.0,2089.906112496587,2.0899061124965868,0.5082320630585684,1.0,7.840303115352231,3563
pune,pm10_eps0.5,p_gated_uniform,0.5,8,2,,1,4,0.0,2082.932255025654,2.082932255025654,0.5547899063558999,1.0,7.844144903117102,3561
pune,pm10_eps0.5,p_gated_uniform,0.5,8,2,4.0,1,4,0.0,3963.5170733558193,3.963517073355819,0.6308014862372199,1.0,7.844144903117102,3561
pune,pm10_eps0.5,p_gated_uniform,0.5,8,2,8.0,1,4,0.0,2128.6492513959874,2.1286492513959874,0.5746025663494654,1.0,7.844144903117102,3561
pune,pm10_eps0.5,p_gated_uniform,0.5,8,2,16.0,1,4,0.0,2082.932255025654,2.082932255025654,0.5547899063558999,1.0,7.844144903117102,3561
pune,pm10_eps0.5,p_gated_uniform,0.5,8,3,,1,4,0.0,2076.334150450139,2.076334150450139,0.5538780842267024,0.9997188642114141,7.850716896260894,3557
pune,pm10_eps0.5,p_gated_uniform,0.5,8,3,4.0,1,4,0.0,3958.5560144422357,3.9585560144422356,0.6299220269184298,0.9997188642114141,7.850716896260894,3557
pune,pm10_eps0.5,p_gated_uniform,0.5,8,3,8.0,1,4,0.0,2122.372297553437,2.122372297553437,0.5737008014703492,0.9997188642114141,7.850716896260894,3557
pune,pm10_eps0.5,p_gated_uniform,0.5,8,3,16.0,1,4,0.0,2076.334150450139,2.076334150450139,0.5538780842267024,0.9997188642114141,7.850716896260894,3557
pune,pm10_eps0.5,p_gated_uniform,0.5,8,4,,1,4,0.0,2019.1099131085718,2.0191099131085717,0.625523911654676,0.9965724078834619,7.928877463581833,3501
pune,pm10_eps0.5,p_gated_uniform,0.5,8,4,4.0,1,4,0.0,3940.209162330174,3.940209162330174,0.6263361611163518,0.9965724078834619,7.928877463581833,3501
pune,pm10_eps0.5,p_gated_uniform,0.5,8,4,8.0,1,4,0.0,2066.341201054728,2.066341201054728,0.6439306744364998,0.9965724078834619,7.928877463581833,3501
pune,pm10_eps0.5,p_gated_uniform,0.5,8,4,16.0,1,4,0.0,2019.1099131085718,2.0191099131085717,0.625523911654676,0.9965724078834619,7.928877463581833,3501
pune,pm10_eps0.5,p_gated_uniform,0.5,8,6,,1,4,0.0,2009.3962611378145,2.0093962611378147,0.6265317668222792,0.9956697459584296,7.966512702078522,3464
pune,pm10_eps0.5,p_gated_uniform,0.5,8,6,8.0,1,4,0.0,2056.7258117923566,2.0567258117923566,0.6435026339436826,0.9956697459584296,7.966512702078522,3464
pune,pm10_eps0.5,p_gated_uniform,0.5,8,6,16.0,1,4,0.0,2009.3962611378145,2.0093962611378147,0.6265317668222792,0.9956697459584296,7.966512702078522,3464
pune,pm10_eps0.5,p_gated_uniform,0.5,8,1,,2,0,0.0,1998.659563500248,1.998659563500248,0.6779102921263969,1.0,7.912457912457913,1782
pune,pm10_eps0.5,p_gated_uniform,0.5,8,1,4.0,2,0,0.0,3860.3844499382913,3.8603844499382913,0.8730213213694779,1.0,7.912457912457913,1782
pune,pm10_eps0.5,p_gated_uniform,0.5,8,1,8.0,2,0,0.0,2052.374613673368,2.052374613673368,0.9053450578620322,1.0,7.912457912457913,1782
pune,pm10_eps0.5,p_gated_uniform,0.5,8,1,16.0,2,0,0.0,1998.659563500248,1.998659563500248,0.6779102921263969,1.0,7.912457912457913,1782
pune,pm10_eps0.5,p_gated_uniform,0.5,8,2,,2,0,0.0,1998.659563500248,1.998659563500248,0.6779102921263969,1.0,7.912457912457913,1782
pune,pm10_eps0.5,p_gated_uniform,0.5,8,2,4.0,2,0,0.0,3860.3844499382913,3.8603844499382913,0.8730213213694779,1.0,7.912457912457913,1782
pune,pm10_eps0.5,p_gated_uniform,0.5,8,2,8.0,2,0,0.0,2052.374613673368,2.052374613673368,0.9053450578620322,1.0,7.912457912457913,1782
pune,pm10_eps0.5,p_gated_uniform,0.5,8,2,16.0,2,0,0.0,1998.659563500248,1.998659563500248,0.6779102921263969,1.0,7.912457912457913,1782
pune,pm10_eps0.5,p_gated_uniform,0.5,8,3,,2,0,0.0,2001.6359943702932,2.001635994370293,0.679015456556489,0.9988776655443322,7.912457912457913,1782
pune,pm10_eps0.5,p_gated_uniform,0.5,8,3,4.0,2,0,0.0,3864.4636067597107,3.8644636067597107,0.8705366695088446,0.9988776655443322,7.912457912457913,1782
pune,pm10_eps0.5,p_gated_uniform,0.5,8,3,8.0,2,0,0.0,2055.596490146162,2.055596490146162,0.9014291339540702,0.9988776655443322,7.912457912457913,1782
pune,pm10_eps0.5,p_gated_uniform,0.5,8,3,16.0,2,0,0.0,2001.6359943702932,2.001635994370293,0.679015456556489,0.9988776655443322,7.912457912457913,1782
pune,pm10_eps0.5,p_gated_uniform,0.5,8,4,,2,0,0.0,1913.8202815653328,1.913820281565333,0.9068193170549902,0.9814814814814815,7.912457912457913,1782
pune,pm10_eps0.5,p_gated_uniform,0.5,8,4,4.0,2,0,0.0,3778.904268186855,3.778904268186855,0.8997288591618325,0.9814814814814815,7.912457912457913,1782
pune,pm10_eps0.5,p_gated_uniform,0.5,8,4,8.0,2,0,0.0,1967.1038322514057,1.9671038322514056,0.9210675568712632,0.9814814814814815,7.912457912457913,1782
pune,pm10_eps0.5,p_gated_uniform,0.5,8,4,16.0,2,0,0.0,1913.8202815653328,1.913820281565333,0.9068193170549902,0.9814814814814815,7.912457912457913,1782
pune,pm10_eps0.5,p_gated_uniform,0.5,8,6,,2,0,0.0,1928.0598656098227,1.9280598656098227,0.9049822737680462,0.9741863075196409,7.912457912457913,1782
pune,pm10_eps0.5,p_gated_uniform,0.5,8,6,8.0,2,0,0.0,1983.7782990676408,1.9837782990676407,0.9207946381995652,0.9741863075196409,7.912457912457913,1782
pune,pm10_eps0.5,p_gated_uniform,0.5,8,6,16.0,2,0,0.0,1928.0598656098227,1.9280598656098227,0.9049822737680462,0.9741863075196409,7.912457912457913,1782
pune,pm10_eps0.5,p_gated_uniform,0.5,8,1,,2,2,0.0,1998.659563500248,1.998659563500248,0.6779102921263969,1.0,7.912457912457913,1782
pune,pm10_eps0.5,p_gated_uniform,0.5,8,1,4.0,2,2,0.0,3860.3844499382913,3.8603844499382913,0.8730213213694779,1.0,7.912457912457913,1782
pune,pm10_eps0.5,p_gated_uniform,0.5,8,1,8.0,2,2,0.0,2052.374613673368,2.052374613673368,0.9053450578620322,1.0,7.912457912457913,1782
pune,pm10_eps0.5,p_gated_uniform,0.5,8,1,16.0,2,2,0.0,1998.659563500248,1.998659563500248,0.6779102921263969,1.0,7.912457912457913,1782
pune,pm10_eps0.5,p_gated_uniform,0.5,8,2,,2,2,0.0,1998.659563500248,1.998659563500248,0.6779102921263969,1.0,7.912457912457913,1782
pune,pm10_eps0.5,p_gated_uniform,0.5,8,2,4.0,2,2,0.0,3860.3844499382913,3.8603844499382913,0.8730213213694779,1.0,7.912457912457913,1782
pune,pm10_eps0.5,p_gated_uniform,0.5,8,2,8.0,2,2,0.0,2052.374613673368,2.052374613673368,0.9053450578620322,1.0,7.912457912457913,1782
pune,pm10_eps0.5,p_gated_uniform,0.5,8,2,16.0,2,2,0.0,1998.659563500248,1.998659563500248,0.6779102921263969,1.0,7.912457912457913,1782
pune,pm10_eps0.5,p_gated_uniform,0.5,8,3,,2,2,0.0,1994.2088622321955,1.9942088622321956,0.679015456556489,1.0,7.919101123595506,1780
pune,pm10_eps0.5,p_gated_uniform,0.5,8,3,4.0,2,2,0.0,3859.129539354635,3.859129539354635,0.8705366695088446,1.0,7.919101123595506,1780
pune,pm10_eps0.5,p_gated_uniform,0.5,8,3,8.0,2,2,0.0,2048.2299877785995,2.0482299877785994,0.9014291339540702,1.0,7.919101123595506,1780
pune,pm10_eps0.5,p_gated_uniform,0.5,8,3,16.0,2,2,0.0,1994.2088622321955,1.9942088622321956,0.679015456556489,1.0,7.919101123595506,1780
pune,pm10_eps0.5,p_gated_uniform,0.5,8,4,,2,2,0.0,1919.5067950628475,1.9195067950628475,0.9068193170549902,0.9943149516770893,7.977828311540648,1759
pune,pm10_eps0.5,p_gated_uniform,0.5,8,4,4.0,2,2,0.0,3800.3710899714383,3.8003710899714385,0.8997288591618325,0.9943149516770893,7.977828311540648,1759
pune,pm10_eps0.5,p_gated_uniform,0.5,8,4,8.0,2,2,0.0,1973.4870607379937,1.9734870607379937,0.9210675568712632,0.9943149516770893,7.977828311540648,1759
pune,pm10_eps0.5,p_gated_uniform,0.5,8,4,16.0,2,2,0.0,1919.5067950628475,1.9195067950628475,0.9068193170549902,0.9943149516770893,7.977828311540648,1759
pune,pm10_eps0.5,p_gated_uniform,0.5,8,6,,2,2,0.0,1916.777895227203,1.916777895227203,0.9049822737680462,0.9931350114416476,8.0,1748
pune,pm10_eps0.5,p_gated_uniform,0.5,8,6,8.0,2,2,0.0,1970.677554951253,1.970677554951253,0.9207946381995652,0.9931350114416476,8.0,1748
pune,pm10_eps0.5,p_gated_uniform,0.5,8,6,16.0,2,2,0.0,1916.777895227203,1.916777895227203,0.9049822737680462,0.9931350114416476,8.0,1748
pune,pm10_eps0.5,p_gated_uniform,0.5,8,1,,2,4,0.0,1998.659563500248,1.998659563500248,0.6779102921263969,1.0,7.912457912457913,1782
pune,pm10_eps0.5,p_gated_uniform,0.5,8,1,4.0,2,4,0.0,3860.3844499382913,3.8603844499382913,0.8730213213694779,1.0,7.912457912457913,1782
pune,pm10_eps0.5,p_gated_uniform,0.5,8,1,8.0,2,4,0.0,2052.374613673368,2.052374613673368,0.9053450578620322,1.0,7.912457912457913,1782
pune,pm10_eps0.5,p_gated_uniform,0.5,8,1,16.0,2,4,0.0,1998.659563500248,1.998659563500248,0.6779102921263969,1.0,7.912457912457913,1782
pune,pm10_eps0.5,p_gated_uniform,0.5,8,2,,2,4,0.0,1998.659563500248,1.998659563500248,0.6779102921263969,1.0,7.912457912457913,1782
pune,pm10_eps0.5,p_gated_uniform,0.5,8,2,4.0,2,4,0.0,3860.3844499382913,3.8603844499382913,0.8730213213694779,1.0,7.912457912457913,1782
pune,pm10_eps0.5,p_gated_uniform,0.5,8,2,8.0,2,4,0.0,2052.374613673368,2.052374613673368,0.9053450578620322,1.0,7.912457912457913,1782
pune,pm10_eps0.5,p_gated_uniform,0.5,8,2,16.0,2,4,0.0,1998.659563500248,1.998659563500248,0.6779102921263969,1.0,7.912457912457913,1782
pune,pm10_eps0.5,p_gated_uniform,0.5,8,3,,2,4,0.0,1994.2088622321955,1.9942088622321956,0.679015456556489,1.0,7.919101123595506,1780
pune,pm10_eps0.5,p_gated_uniform,0.5,8,3,4.0,2,4,0.0,3859.129539354635,3.859129539354635,0.8705366695088446,1.0,7.919101123595506,1780
pune,pm10_eps0.5,p_gated_uniform,0.5,8,3,8.0,2,4,0.0,2048.2299877785995,2.0482299877785994,0.9014291339540702,1.0,7.919101123595506,1780
pune,pm10_eps0.5,p_gated_uniform,0.5,8,3,16.0,2,4,0.0,1994.2088622321955,1.9942088622321956,0.679015456556489,1.0,7.919101123595506,1780
pune,pm10_eps0.5,p_gated_uniform,0.5,8,4,,2,4,0.0,1920.910450942961,1.920910450942961,0.9068193170549902,0.9971493728620296,7.992018244013683,1754
pune,pm10_eps0.5,p_gated_uniform,0.5,8,4,4.0,2,4,0.0,3805.4835624815582,3.8054835624815584,0.8997288591618325,0.9971493728620296,7.992018244013683,1754
pune,pm10_eps0.5,p_gated_uniform,0.5,8,4,8.0,2,4,0.0,1975.0445942283552,1.9750445942283552,0.9210675568712632,0.9971493728620296,7.992018244013683,1754
pune,pm10_eps0.5,p_gated_uniform,0.5,8,4,16.0,2,4,0.0,1920.910450942961,1.920910450942961,0.9068193170549902,0.9971493728620296,7.992018244013683,1754
pune,pm10_eps0.5,p_gated_uniform,0.5,8,6,,2,4,0.0,1916.0626422024914,1.9160626422024913,0.9049822737680462,0.9959839357429718,8.014343086632243,1743
pune,pm10_eps0.5,p_gated_uniform,0.5,8,6,8.0,2,4,0.0,1969.4931619588378,1.9694931619588378,0.9207946381995652,0.9959839357429718,8.014343086632243,1743
pune,pm10_eps0.5,p_gated_uniform,0.5,8,6,16.0,2,4,0.0,1916.0626422024914,1.9160626422024913,0.9049822737680462,0.9959839357429718,8.014343086632243,1743
pune,pm10_eps0.5,p_gated_uniform,0.5,8,1,,4,0,0.0,1929.6902530034456,1.9296902530034457,0.7407378196225358,1.0,7.988776655443322,891
pune,pm10_eps0.5,p_gated_uniform,0.5,8,1,4.0,4,0,0.0,3810.700800179345,3.810700800179345,0.8298438221079866,1.0,7.988776655443322,891
pune,pm10_eps0.5,p_gated_uniform,0.5,8,1,8.0,4,0,0.0,1990.955745520679,1.990955745520679,0.7474912018348313,1.0,7.988776655443322,891
pune,pm10_eps0.5,p_gated_uniform,0.5,8,1,16.0,4,0,0.0,1929.6902530034456,1.9296902530034457,0.7407378196225358,1.0,7.988776655443322,891
pune,pm10_eps0.5,p_gated_uniform,0.5,8,2,,4,0,0.0,1929.6902530034456,1.9296902530034457,0.7407378196225358,1.0,7.988776655443322,891
pune,pm10_eps0.5,p_gated_uniform,0.5,8,2,4.0,4,0,0.0,3810.700800179345,3.810700800179345,0.8298438221079866,1.0,7.988776655443322,891
pune,pm10_eps0.5,p_gated_uniform,0.5,8,2,8.0,4,0,0.0,1990.955745520679,1.990955745520679,0.7474912018348313,1.0,7.988776655443322,891
pune,pm10_eps0.5,p_gated_uniform,0.5,8,2,16.0,4,0,0.0,1929.6902530034456,1.9296902530034457,0.7407378196225358,1.0,7.988776655443322,891
pune,pm10_eps0.5,p_gated_uniform,0.5,8,3,,4,0,0.0,1932.9576116789651,1.932957611678965,0.7491382420394441,0.9988776655443322,7.988776655443322,891
pune,pm10_eps0.5,p_gated_uniform,0.5,8,3,4.0,4,0,0.0,3811.6275981760405,3.8116275981760404,0.8287053751339353,0.9988776655443322,7.988776655443322,891
pune,pm10_eps0.5,p_gated_uniform,0.5,8,3,8.0,4,0,0.0,1994.281723163164,1.994281723163164,0.7535154962141294,0.9988776655443322,7.988776655443322,891
pune,pm10_eps0.5,p_gated_uniform,0.5,8,3,16.0,4,0,0.0,1932.9576116789651,1.932957611678965,0.7491382420394441,0.9988776655443322,7.988776655443322,891
pune,pm10_eps0.5,p_gated_uniform,0.5,8,4,,4,0,0.0,1890.4819270355426,1.8904819270355426,0.8365668448750917,0.9831649831649831,7.988776655443322,891
pune,pm10_eps0.5,p_gated_uniform,0.5,8,4,4.0,4,0,0.0,3804.742280958826,3.804742280958826,0.8258317646064498,0.9831649831649831,7.988776655443322,891
pune,pm10_eps0.5,p_gated_uniform,0.5,8,4,8.0,4,0,0.0,1954.775309155694,1.954775309155694,0.8493752095975166,0.9831649831649831,7.988776655443322,891
pune,pm10_eps0.5,p_gated_uniform,0.5,8,4,16.0,4,0,0.0,1890.4819270355426,1.8904819270355426,0.8365668448750917,0.9831649831649831,7.988776655443322,891
pune,pm10_eps0.5,p_gated_uniform,0.5,8,6,,4,0,0.0,1880.0716729387132,1.8800716729387132,0.8214217230267037,0.978675645342312,7.988776655443322,891
pune,pm10_eps0.5,p_gated_uniform,0.5,8,6,8.0,4,0,0.0,1944.1979235106826,1.9441979235106825,0.8395209328153754,0.978675645342312,7.988776655443322,891
pune,pm10_eps0.5,p_gated_uniform,0.5,8,6,16.0,4,0,0.0,1880.0716729387132,1.8800716729387132,0.8214217230267037,0.978675645342312,7.988776655443322,891
pune,pm10_eps0.5,p_gated_uniform,0.5,8,1,,4,2,0.0,1929.6902530034456,1.9296902530034457,0.7407378196225358,1.0,7.988776655443322,891
pune,pm10_eps0.5,p_gated_uniform,0.5,8,1,4.0,4,2,0.0,3810.700800179345,3.810700800179345,0.8298438221079866,1.0,7.988776655443322,891
pune,pm10_eps0.5,p_gated_uniform,0.5,8,1,8.0,4,2,0.0,1990.955745520679,1.990955745520679,0.7474912018348313,1.0,7.988776655443322,891
pune,pm10_eps0.5,p_gated_uniform,0.5,8,1,16.0,4,2,0.0,1929.6902530034456,1.9296902530034457,0.7407378196225358,1.0,7.988776655443322,891
pune,pm10_eps0.5,p_gated_uniform,0.5,8,2,,4,2,0.0,1929.6902530034456,1.9296902530034457,0.7407378196225358,1.0,7.988776655443322,891
pune,pm10_eps0.5,p_gated_uniform,0.5,8,2,4.0,4,2,0.0,3810.700800179345,3.810700800179345,0.8298438221079866,1.0,7.988776655443322,891
pune,pm10_eps0.5,p_gated_uniform,0.5,8,2,8.0,4,2,0.0,1990.955745520679,1.990955745520679,0.7474912018348313,1.0,7.988776655443322,891
pune,pm10_eps0.5,p_gated_uniform,0.5,8,2,16.0,4,2,0.0,1929.6902530034456,1.9296902530034457,0.7407378196225358,1.0,7.988776655443322,891
pune,pm10_eps0.5,p_gated_uniform,0.5,8,3,,4,2,0.0,1932.181639065574,1.932181639065574,0.7491382420394441,1.0,7.995505617977528,890
pune,pm10_eps0.5,p_gated_uniform,0.5,8,3,4.0,4,2,0.0,3812.9624907160173,3.8129624907160173,0.8287053751339353,1.0,7.995505617977528,890
pune,pm10_eps0.5,p_gated_uniform,0.5,8,3,8.0,4,2,0.0,1993.5746540458226,1.9935746540458226,0.7535154962141294,1.0,7.995505617977528,890
pune,pm10_eps0.5,p_gated_uniform,0.5,8,3,16.0,4,2,0.0,1932.181639065574,1.932181639065574,0.7491382420394441,1.0,7.995505617977528,890
pune,pm10_eps0.5,p_gated_uniform,0.5,8,4,,4,2,0.0,1890.9080391857942,1.8909080391857942,0.8365668448750917,0.9943246311010215,8.046538024971623,881
pune,pm10_eps0.5,p_gated_uniform,0.5,8,4,4.0,4,2,0.0,3803.5129473138927,3.8035129473138927,0.8258317646064498,0.9943246311010215,8.046538024971623,881
pune,pm10_eps0.5,p_gated_uniform,0.5,8,4,8.0,4,2,0.0,1954.7434728180706,1.9547434728180706,0.8493752095975166,0.9943246311010215,8.046538024971623,881
pune,pm10_eps0.5,p_gated_uniform,0.5,8,4,16.0,4,2,0.0,1890.9080391857942,1.8909080391857942,0.8365668448750917,0.9943246311010215,8.046538024971623,881
pune,pm10_eps0.5,p_gated_uniform,0.5,8,6,,4,2,0.0,1880.6936615956618,1.8806936615956618,0.8214217230267037,0.9942987457240593,8.060433295324971,877
pune,pm10_eps0.5,p_gated_uniform,0.5,8,6,8.0,4,2,0.0,1945.18485555561,1.9451848555556102,0.8395209328153754,0.9942987457240593,8.060433295324971,877
pune,pm10_eps0.5,p_gated_uniform,0.5,8,6,16.0,4,2,0.0,1880.6936615956618,1.8806936615956618,0.8214217230267037,0.9942987457240593,8.060433295324971,877
pune,pm10_eps0.5,p_gated_uniform,0.5,8,1,,4,4,0.0,1929.6902530034456,1.9296902530034457,0.7407378196225358,1.0,7.988776655443322,891
pune,pm10_eps0.5,p_gated_uniform,0.5,8,1,4.0,4,4,0.0,3810.700800179345,3.810700800179345,0.8298438221079866,1.0,7.988776655443322,891
pune,pm10_eps0.5,p_gated_uniform,0.5,8,1,8.0,4,4,0.0,1990.955745520679,1.990955745520679,0.7474912018348313,1.0,7.988776655443322,891
pune,pm10_eps0.5,p_gated_uniform,0.5,8,1,16.0,4,4,0.0,1929.6902530034456,1.9296902530034457,0.7407378196225358,1.0,7.988776655443322,891
pune,pm10_eps0.5,p_gated_uniform,0.5,8,2,,4,4,0.0,1929.6902530034456,1.9296902530034457,0.7407378196225358,1.0,7.988776655443322,891
pune,pm10_eps0.5,p_gated_uniform,0.5,8,2,4.0,4,4,0.0,3810.700800179345,3.810700800179345,0.8298438221079866,1.0,7.988776655443322,891
pune,pm10_eps0.5,p_gated_uniform,0.5,8,2,8.0,4,4,0.0,1990.955745520679,1.990955745520679,0.7474912018348313,1.0,7.988776655443322,891
pune,pm10_eps0.5,p_gated_uniform,0.5,8,2,16.0,4,4,0.0,1929.6902530034456,1.9296902530034457,0.7407378196225358,1.0,7.988776655443322,891
pune,pm10_eps0.5,p_gated_uniform,0.5,8,3,,4,4,0.0,1932.181639065574,1.932181639065574,0.7491382420394441,1.0,7.995505617977528,890
pune,pm10_eps0.5,p_gated_uniform,0.5,8,3,4.0,4,4,0.0,3812.9624907160173,3.8129624907160173,0.8287053751339353,1.0,7.995505617977528,890
pune,pm10_eps0.5,p_gated_uniform,0.5,8,3,8.0,4,4,0.0,1993.5746540458226,1.9935746540458226,0.7535154962141294,1.0,7.995505617977528,890
pune,pm10_eps0.5,p_gated_uniform,0.5,8,3,16.0,4,4,0.0,1932.181639065574,1.932181639065574,0.7491382420394441,1.0,7.995505617977528,890
pune,pm10_eps0.5,p_gated_uniform,0.5,8,4,,4,4,0.0,1891.2957532156538,1.8912957532156538,0.8365668448750917,0.9977220956719818,8.06378132118451,878
pune,pm10_eps0.5,p_gated_uniform,0.5,8,4,4.0,4,4,0.0,3803.576701439429,3.8035767014394293,0.8258317646064498,0.9977220956719818,8.06378132118451,878
pune,pm10_eps0.5,p_gated_uniform,0.5,8,4,8.0,4,4,0.0,1954.9520419973883,1.9549520419973883,0.8493752095975166,0.9977220956719818,8.06378132118451,878
pune,pm10_eps0.5,p_gated_uniform,0.5,8,4,16.0,4,4,0.0,1891.2957532156538,1.8912957532156538,0.8365668448750917,0.9977220956719818,8.06378132118451,878
pune,pm10_eps0.5,p_gated_uniform,0.5,8,6,,4,4,0.0,1883.5831239957406,1.8835831239957406,0.8214217230267037,0.9965714285714286,8.074285714285715,875
pune,pm10_eps0.5,p_gated_uniform,0.5,8,6,8.0,4,4,0.0,1948.1274060469036,1.9481274060469036,0.8395209328153754,0.9965714285714286,8.074285714285715,875
pune,pm10_eps0.5,p_gated_uniform,0.5,8,6,16.0,4,4,0.0,1883.5831239957406,1.8835831239957406,0.8214217230267037,0.9965714285714286,8.074285714285715,875
pune,pm10_eps0.5,p_gated_sample,0.5,8,1,,1,0,0.0,267.0513657598297,0.2670513657598297,0.4756011979748234,0.1251754139769857,7.840303115352231,3563
pune,pm10_eps0.5,p_gated_sample,0.5,8,1,4.0,1,0,0.0,501.97677000152777,0.5019767700015277,0.8139822399084304,0.1251754139769857,7.840303115352231,3563
pune,pm10_eps0.5,p_gated_sample,0.5,8,1,8.0,1,0,0.0,273.27993854050777,0.27327993854050775,0.47924023332512067,0.1251754139769857,7.840303115352231,3563
pune,pm10_eps0.5,p_gated_sample,0.5,8,1,16.0,1,0,0.0,267.0513657598297,0.2670513657598297,0.4756011979748234,0.1251754139769857,7.840303115352231,3563
pune,pm10_eps0.5,p_gated_sample,0.5,8,2,,1,0,0.0,267.0513657598297,0.2670513657598297,0.4756011979748234,0.1251754139769857,7.840303115352231,3563
pune,pm10_eps0.5,p_gated_sample,0.5,8,2,4.0,1,0,0.0,501.97677000152777,0.5019767700015277,0.8139822399084304,0.1251754139769857,7.840303115352231,3563
pune,pm10_eps0.5,p_gated_sample,0.5,8,2,8.0,1,0,0.0,273.27993854050777,0.27327993854050775,0.47924023332512067,0.1251754139769857,7.840303115352231,3563
pune,pm10_eps0.5,p_gated_sample,0.5,8,2,16.0,1,0,0.0,267.0513657598297,0.2670513657598297,0.4756011979748234,0.1251754139769857,7.840303115352231,3563
pune,pm10_eps0.5,p_gated_sample,0.5,8,3,,1,0,0.0,267.0513657598297,0.2670513657598297,0.4756011979748234,0.1251754139769857,7.840303115352231,3563
pune,pm10_eps0.5,p_gated_sample,0.5,8,3,4.0,1,0,0.0,501.97677000152777,0.5019767700015277,0.8139822399084304,0.1251754139769857,7.840303115352231,3563
pune,pm10_eps0.5,p_gated_sample,0.5,8,3,8.0,1,0,0.0,273.27993854050777,0.27327993854050775,0.47924023332512067,0.1251754139769857,7.840303115352231,3563
pune,pm10_eps0.5,p_gated_sample,0.5,8,3,16.0,1,0,0.0,267.0513657598297,0.2670513657598297,0.4756011979748234,0.1251754139769857,7.840303115352231,3563
pune,pm10_eps0.5,p_gated_sample,0.5,8,4,,1,0,0.0,252.22507268577309,0.2522250726857731,0.6272634689487288,0.1229301150715689,7.840303115352231,3563
pune,pm10_eps0.5,p_gated_sample,0.5,8,4,4.0,1,0,0.0,493.9251565408885,0.49392515654088853,0.7188284908160956,0.1229301150715689,7.840303115352231,3563
pune,pm10_eps0.5,p_gated_sample,0.5,8,4,8.0,1,0,0.0,258.44516489870745,0.25844516489870745,0.635975209652975,0.1229301150715689,7.840303115352231,3563
pune,pm10_eps0.5,p_gated_sample,0.5,8,4,16.0,1,0,0.0,252.22507268577309,0.2522250726857731,0.6272634689487288,0.1229301150715689,7.840303115352231,3563
pune,pm10_eps0.5,p_gated_sample,0.5,8,6,,1,0,0.0,258.99038888699187,0.2589903888869919,0.4831825471853968,0.12152680325568341,7.840303115352231,3563
pune,pm10_eps0.5,p_gated_sample,0.5,8,6,8.0,1,0,0.0,265.4914798664472,0.2654914798664472,0.5063738595765963,0.12152680325568341,7.840303115352231,3563
pune,pm10_eps0.5,p_gated_sample,0.5,8,6,16.0,1,0,0.0,258.99038888699187,0.2589903888869919,0.4831825471853968,0.12152680325568341,7.840303115352231,3563
pune,pm10_eps0.5,p_gated_sample,0.5,8,1,,1,2,0.0,267.0513657598297,0.2670513657598297,0.4756011979748234,0.1251754139769857,7.840303115352231,3563
pune,pm10_eps0.5,p_gated_sample,0.5,8,1,4.0,1,2,0.0,501.97677000152777,0.5019767700015277,0.8139822399084304,0.1251754139769857,7.840303115352231,3563
pune,pm10_eps0.5,p_gated_sample,0.5,8,1,8.0,1,2,0.0,273.27993854050777,0.27327993854050775,0.47924023332512067,0.1251754139769857,7.840303115352231,3563
pune,pm10_eps0.5,p_gated_sample,0.5,8,1,16.0,1,2,0.0,267.0513657598297,0.2670513657598297,0.4756011979748234,0.1251754139769857,7.840303115352231,3563
pune,pm10_eps0.5,p_gated_sample,0.5,8,2,,1,2,0.0,267.109095119828,0.267109095119828,0.4708089552743626,0.12524571749508565,7.844144903117102,3561
pune,pm10_eps0.5,p_gated_sample,0.5,8,2,4.0,1,2,0.0,501.84197524580094,0.501841975245801,0.8139822399084304,0.12524571749508565,7.844144903117102,3561
pune,pm10_eps0.5,p_gated_sample,0.5,8,2,8.0,1,2,0.0,273.3213068137927,0.27332130681379274,0.47443446014009544,0.12524571749508565,7.844144903117102,3561
pune,pm10_eps0.5,p_gated_sample,0.5,8,2,16.0,1,2,0.0,267.109095119828,0.267109095119828,0.4708089552743626,0.12524571749508565,7.844144903117102,3561
pune,pm10_eps0.5,p_gated_sample,0.5,8,3,,1,2,0.0,265.5105911644555,0.26551059116445547,0.47333431443525403,0.12510542592071972,7.850716896260894,3557
pune,pm10_eps0.5,p_gated_sample,0.5,8,3,4.0,1,2,0.0,501.94913579244087,0.5019491357924408,0.8065205562324952,0.12510542592071972,7.850716896260894,3557
pune,pm10_eps0.5,p_gated_sample,0.5,8,3,8.0,1,2,0.0,271.91944365563165,0.27191944365563164,0.4769732060686908,0.12510542592071972,7.850716896260894,3557
pune,pm10_eps0.5,p_gated_sample,0.5,8,3,16.0,1,2,0.0,265.5105911644555,0.26551059116445547,0.47333431443525403,0.12510542592071972,7.850716896260894,3557
pune,pm10_eps0.5,p_gated_sample,0.5,8,4,,1,2,0.0,254.43688223713218,0.2544368822371322,0.6357505408476437,0.12421652421652421,7.915954415954416,3510
pune,pm10_eps0.5,p_gated_sample,0.5,8,4,4.0,1,2,0.0,501.1500241114773,0.5011500241114774,0.7372979381139964,0.12421652421652421,7.915954415954416,3510
pune,pm10_eps0.5,p_gated_sample,0.5,8,4,8.0,1,2,0.0,260.8711132964433,0.2608711132964433,0.6445818975263193,0.12421652421652421,7.915954415954416,3510
pune,pm10_eps0.5,p_gated_sample,0.5,8,4,16.0,1,2,0.0,254.43688223713218,0.2544368822371322,0.6357505408476437,0.12421652421652421,7.915954415954416,3510
pune,pm10_eps0.5,p_gated_sample,0.5,8,6,,1,2,0.0,251.45034456898523,0.25145034456898524,0.8223086436362744,0.12395743457003164,7.949094046591889,3477
pune,pm10_eps0.5,p_gated_sample,0.5,8,6,8.0,1,2,0.0,258.33514304803003,0.25833514304803,0.8550767007605443,0.12395743457003164,7.949094046591889,3477
pune,pm10_eps0.5,p_gated_sample,0.5,8,6,16.0,1,2,0.0,251.45034456898523,0.25145034456898524,0.8223086436362744,0.12395743457003164,7.949094046591889,3477
pune,pm10_eps0.5,p_gated_sample,0.5,8,1,,1,4,0.0,267.0513657598297,0.2670513657598297,0.4756011979748234,0.1251754139769857,7.840303115352231,3563
pune,pm10_eps0.5,p_gated_sample,0.5,8,1,4.0,1,4,0.0,501.97677000152777,0.5019767700015277,0.8139822399084304,0.1251754139769857,7.840303115352231,3563
pune,pm10_eps0.5,p_gated_sample,0.5,8,1,8.0,1,4,0.0,273.27993854050777,0.27327993854050775,0.47924023332512067,0.1251754139769857,7.840303115352231,3563
pune,pm10_eps0.5,p_gated_sample,0.5,8,1,16.0,1,4,0.0,267.0513657598297,0.2670513657598297,0.4756011979748234,0.1251754139769857,7.840303115352231,3563
pune,pm10_eps0.5,p_gated_sample,0.5,8,2,,1,4,0.0,267.109095119828,0.267109095119828,0.4708089552743626,0.12524571749508565,7.844144903117102,3561
pune,pm10_eps0.5,p_gated_sample,0.5,8,2,4.0,1,4,0.0,501.84197524580094,0.501841975245801,0.8139822399084304,0.12524571749508565,7.844144903117102,3561
pune,pm10_eps0.5,p_gated_sample,0.5,8,2,8.0,1,4,0.0,273.3213068137927,0.27332130681379274,0.47443446014009544,0.12524571749508565,7.844144903117102,3561
pune,pm10_eps0.5,p_gated_sample,0.5,8,2,16.0,1,4,0.0,267.109095119828,0.267109095119828,0.4708089552743626,0.12524571749508565,7.844144903117102,3561
pune,pm10_eps0.5,p_gated_sample,0.5,8,3,,1,4,0.0,265.5106667289955,0.2655106667289955,0.47333431443525403,0.12510542592071972,7.850716896260894,3557
pune,pm10_eps0.5,p_gated_sample,0.5,8,3,4.0,1,4,0.0,501.94921135698087,0.5019492113569809,0.8065205562324952,0.12510542592071972,7.850716896260894,3557
pune,pm10_eps0.5,p_gated_sample,0.5,8,3,8.0,1,4,0.0,271.91951922017165,0.27191951922017166,0.4769732060686908,0.12510542592071972,7.850716896260894,3557
pune,pm10_eps0.5,p_gated_sample,0.5,8,3,16.0,1,4,0.0,265.5106667289955,0.2655106667289955,0.47333431443525403,0.12510542592071972,7.850716896260894,3557
pune,pm10_eps0.5,p_gated_sample,0.5,8,4,,1,4,0.0,254.36661256317035,0.25436661256317034,0.6338396032567983,0.12482147957726364,7.928877463581833,3501
pune,pm10_eps0.5,p_gated_sample,0.5,8,4,4.0,1,4,0.0,500.0919452997391,0.5000919452997391,0.7224183083362159,0.12482147957726364,7.928877463581833,3501
pune,pm10_eps0.5,p_gated_sample,0.5,8,4,8.0,1,4,0.0,260.88007290677996,0.26088007290677995,0.6426315066746285,0.12482147957726364,7.928877463581833,3501
pune,pm10_eps0.5,p_gated_sample,0.5,8,4,16.0,1,4,0.0,254.36661256317035,0.25436661256317034,0.6338396032567983,0.12482147957726364,7.928877463581833,3501
pune,pm10_eps0.5,p_gated_sample,0.5,8,6,,1,4,0.0,253.5398049130494,0.2535398049130494,0.7179109104692656,0.12442263279445727,7.966512702078522,3464
pune,pm10_eps0.5,p_gated_sample,0.5,8,6,8.0,1,4,0.0,260.52264406823036,0.26052264406823034,0.7363230270864282,0.12442263279445727,7.966512702078522,3464
pune,pm10_eps0.5,p_gated_sample,0.5,8,6,16.0,1,4,0.0,253.5398049130494,0.2535398049130494,0.7179109104692656,0.12442263279445727,7.966512702078522,3464
pune,pm10_eps0.5,p_gated_sample,0.5,8,1,,2,0,0.0,262.2758507015834,0.26227585070158344,0.4771516642265431,0.1251402918069585,7.912457912457913,1782
pune,pm10_eps0.5,p_gated_sample,0.5,8,1,4.0,2,0,0.0,507.1234091725119,0.5071234091725119,0.9171141098516777,0.1251402918069585,7.912457912457913,1782
pune,pm10_eps0.5,p_gated_sample,0.5,8,1,8.0,2,0,0.0,269.1860860501821,0.26918608605018207,0.4842271054303177,0.1251402918069585,7.912457912457913,1782
pune,pm10_eps0.5,p_gated_sample,0.5,8,1,16.0,2,0,0.0,262.2758507015834,0.26227585070158344,0.4771516642265431,0.1251402918069585,7.912457912457913,1782
pune,pm10_eps0.5,p_gated_sample,0.5,8,2,,2,0,0.0,262.2758507015834,0.26227585070158344,0.4771516642265431,0.1251402918069585,7.912457912457913,1782
pune,pm10_eps0.5,p_gated_sample,0.5,8,2,4.0,2,0,0.0,507.1234091725119,0.5071234091725119,0.9171141098516777,0.1251402918069585,7.912457912457913,1782
pune,pm10_eps0.5,p_gated_sample,0.5,8,2,8.0,2,0,0.0,269.1860860501821,0.26918608605018207,0.4842271054303177,0.1251402918069585,7.912457912457913,1782
pune,pm10_eps0.5,p_gated_sample,0.5,8,2,16.0,2,0,0.0,262.2758507015834,0.26227585070158344,0.4771516642265431,0.1251402918069585,7.912457912457913,1782
pune,pm10_eps0.5,p_gated_sample,0.5,8,3,,2,0,0.0,262.2758507015834,0.26227585070158344,0.4771516642265431,0.1251402918069585,7.912457912457913,1782
pune,pm10_eps0.5,p_gated_sample,0.5,8,3,4.0,2,0,0.0,507.1234091725119,0.5071234091725119,0.9171141098516777,0.1251402918069585,7.912457912457913,1782
pune,pm10_eps0.5,p_gated_sample,0.5,8,3,8.0,2,0,0.0,269.1860860501821,0.26918608605018207,0.4842271054303177,0.1251402918069585,7.912457912457913,1782
pune,pm10_eps0.5,p_gated_sample,0.5,8,3,16.0,2,0,0.0,262.2758507015834,0.26227585070158344,0.4771516642265431,0.1251402918069585,7.912457912457913,1782
pune,pm10_eps0.5,p_gated_sample,0.5,8,4,,2,0,0.0,249.13025875257773,0.24913025875257774,0.7977258787170655,0.12289562289562289,7.912457912457913,1782
pune,pm10_eps0.5,p_gated_sample,0.5,8,4,4.0,2,0,0.0,490.14343895066406,0.4901434389506641,0.7157264259507237,0.12289562289562289,7.912457912457913,1782
pune,pm10_eps0.5,p_gated_sample,0.5,8,4,8.0,2,0,0.0,255.6097970273137,0.2556097970273137,0.8076873378762027,0.12289562289562289,7.912457912457913,1782
pune,pm10_eps0.5,p_gated_sample,0.5,8,4,16.0,2,0,0.0,249.13025875257773,0.24913025875257774,0.7977258787170655,0.12289562289562289,7.912457912457913,1782
pune,pm10_eps0.5,p_gated_sample,0.5,8,6,,2,0,0.0,249.13025875257773,0.24913025875257774,0.7977258787170655,0.12289562289562289,7.912457912457913,1782
pune,pm10_eps0.5,p_gated_sample,0.5,8,6,8.0,2,0,0.0,255.6097970273137,0.2556097970273137,0.8076873378762027,0.12289562289562289,7.912457912457913,1782
pune,pm10_eps0.5,p_gated_sample,0.5,8,6,16.0,2,0,0.0,249.13025875257773,0.24913025875257774,0.7977258787170655,0.12289562289562289,7.912457912457913,1782
pune,pm10_eps0.5,p_gated_sample,0.5,8,1,,2,2,0.0,262.2758507015834,0.26227585070158344,0.4771516642265431,0.1251402918069585,7.912457912457913,1782
pune,pm10_eps0.5,p_gated_sample,0.5,8,1,4.0,2,2,0.0,507.1234091725119,0.5071234091725119,0.9171141098516777,0.1251402918069585,7.912457912457913,1782
pune,pm10_eps0.5,p_gated_sample,0.5,8,1,8.0,2,2,0.0,269.1860860501821,0.26918608605018207,0.4842271054303177,0.1251402918069585,7.912457912457913,1782
pune,pm10_eps0.5,p_gated_sample,0.5,8,1,16.0,2,2,0.0,262.2758507015834,0.26227585070158344,0.4771516642265431,0.1251402918069585,7.912457912457913,1782
pune,pm10_eps0.5,p_gated_sample,0.5,8,2,,2,2,0.0,262.2758507015834,0.26227585070158344,0.4771516642265431,0.1251402918069585,7.912457912457913,1782
pune,pm10_eps0.5,p_gated_sample,0.5,8,2,4.0,2,2,0.0,507.1234091725119,0.5071234091725119,0.9171141098516777,0.1251402918069585,7.912457912457913,1782
pune,pm10_eps0.5,p_gated_sample,0.5,8,2,8.0,2,2,0.0,269.1860860501821,0.26918608605018207,0.4842271054303177,0.1251402918069585,7.912457912457913,1782
pune,pm10_eps0.5,p_gated_sample,0.5,8,2,16.0,2,2,0.0,262.2758507015834,0.26227585070158344,0.4771516642265431,0.1251402918069585,7.912457912457913,1782
pune,pm10_eps0.5,p_gated_sample,0.5,8,3,,2,2,0.0,262.2044747040239,0.26220447470402386,0.4698228713018116,0.1252808988764045,7.919101123595506,1780
pune,pm10_eps0.5,p_gated_sample,0.5,8,3,4.0,2,2,0.0,507.1068472548672,0.5071068472548672,0.9174103586922161,0.1252808988764045,7.919101123595506,1780
pune,pm10_eps0.5,p_gated_sample,0.5,8,3,8.0,2,2,0.0,269.3833316035438,0.26938333160354383,0.47684235263017866,0.1252808988764045,7.919101123595506,1780
pune,pm10_eps0.5,p_gated_sample,0.5,8,3,16.0,2,2,0.0,262.2044747040239,0.26220447470402386,0.4698228713018116,0.1252808988764045,7.919101123595506,1780
pune,pm10_eps0.5,p_gated_sample,0.5,8,4,,2,2,0.0,250.49921437613736,0.25049921437613737,0.8438390390149767,0.12507106310403637,7.977828311540648,1759
pune,pm10_eps0.5,p_gated_sample,0.5,8,4,4.0,2,2,0.0,498.9655689198267,0.4989655689198267,0.7107971274086042,0.12507106310403637,7.977828311540648,1759
pune,pm10_eps0.5,p_gated_sample,0.5,8,4,8.0,2,2,0.0,257.48972211416344,0.25748972211416343,0.7102859900600748,0.12507106310403637,7.977828311540648,1759
pune,pm10_eps0.5,p_gated_sample,0.5,8,4,16.0,2,2,0.0,250.49921437613736,0.25049921437613737,0.8438390390149767,0.12507106310403637,7.977828311540648,1759
pune,pm10_eps0.5,p_gated_sample,0.5,8,6,,2,2,0.0,249.42338952882295,0.24942338952882295,0.7358944591091915,0.12414187643020595,8.0,1748
pune,pm10_eps0.5,p_gated_sample,0.5,8,6,8.0,2,2,0.0,255.75078281124613,0.25575078281124614,0.7357510562741597,0.12414187643020595,8.0,1748
pune,pm10_eps0.5,p_gated_sample,0.5,8,6,16.0,2,2,0.0,249.42338952882295,0.24942338952882295,0.7358944591091915,0.12414187643020595,8.0,1748
pune,pm10_eps0.5,p_gated_sample,0.5,8,1,,2,4,0.0,262.2758507015834,0.26227585070158344,0.4771516642265431,0.1251402918069585,7.912457912457913,1782
pune,pm10_eps0.5,p_gated_sample,0.5,8,1,4.0,2,4,0.0,507.1234091725119,0.5071234091725119,0.9171141098516777,0.1251402918069585,7.912457912457913,1782
pune,pm10_eps0.5,p_gated_sample,0.5,8,1,8.0,2,4,0.0,269.1860860501821,0.26918608605018207,0.4842271054303177,0.1251402918069585,7.912457912457913,1782
pune,pm10_eps0.5,p_gated_sample,0.5,8,1,16.0,2,4,0.0,262.2758507015834,0.26227585070158344,0.4771516642265431,0.1251402918069585,7.912457912457913,1782
pune,pm10_eps0.5,p_gated_sample,0.5,8,2,,2,4,0.0,262.2758507015834,0.26227585070158344,0.4771516642265431,0.1251402918069585,7.912457912457913,1782
pune,pm10_eps0.5,p_gated_sample,0.5,8,2,4.0,2,4,0.0,507.1234091725119,0.5071234091725119,0.9171141098516777,0.1251402918069585,7.912457912457913,1782
pune,pm10_eps0.5,p_gated_sample,0.5,8,2,8.0,2,4,0.0,269.1860860501821,0.26918608605018207,0.4842271054303177,0.1251402918069585,7.912457912457913,1782
pune,pm10_eps0.5,p_gated_sample,0.5,8,2,16.0,2,4,0.0,262.2758507015834,0.26227585070158344,0.4771516642265431,0.1251402918069585,7.912457912457913,1782
pune,pm10_eps0.5,p_gated_sample,0.5,8,3,,2,4,0.0,262.2044747040239,0.26220447470402386,0.4698228713018116,0.1252808988764045,7.919101123595506,1780
pune,pm10_eps0.5,p_gated_sample,0.5,8,3,4.0,2,4,0.0,507.1068472548672,0.5071068472548672,0.9174103586922161,0.1252808988764045,7.919101123595506,1780
pune,pm10_eps0.5,p_gated_sample,0.5,8,3,8.0,2,4,0.0,269.3833316035438,0.26938333160354383,0.47684235263017866,0.1252808988764045,7.919101123595506,1780
pune,pm10_eps0.5,p_gated_sample,0.5,8,3,16.0,2,4,0.0,262.2044747040239,0.26220447470402386,0.4698228713018116,0.1252808988764045,7.919101123595506,1780
pune,pm10_eps0.5,p_gated_sample,0.5,8,4,,2,4,0.0,250.631828492286,0.250631828492286,0.774687159415177,0.12485746864310149,7.992018244013683,1754
pune,pm10_eps0.5,p_gated_sample,0.5,8,4,4.0,2,4,0.0,492.80909649179034,0.49280909649179033,0.71567232085983,0.12485746864310149,7.992018244013683,1754
pune,pm10_eps0.5,p_gated_sample,0.5,8,4,8.0,2,4,0.0,257.23530692188814,0.2572353069218881,0.7246484498982875,0.12485746864310149,7.992018244013683,1754
pune,pm10_eps0.5,p_gated_sample,0.5,8,4,16.0,2,4,0.0,250.631828492286,0.250631828492286,0.774687159415177,0.12485746864310149,7.992018244013683,1754
pune,pm10_eps0.5,p_gated_sample,0.5,8,6,,2,4,0.0,250.45455012688066,0.25045455012688067,0.7352975145704289,0.12449799196787148,8.014343086632243,1743
pune,pm10_eps0.5,p_gated_sample,0.5,8,6,8.0,2,4,0.0,256.67371983477983,0.2566737198347798,0.7351416916966748,0.12449799196787148,8.014343086632243,1743
pune,pm10_eps0.5,p_gated_sample,0.5,8,6,16.0,2,4,0.0,250.45455012688066,0.25045455012688067,0.7352975145704289,0.12449799196787148,8.014343086632243,1743
pune,pm10_eps0.5,p_gated_sample,0.5,8,1,,4,0,0.0,245.7830356819499,0.24578303568194992,0.970902961465814,0.12570145903479238,7.988776655443322,891
pune,pm10_eps0.5,p_gated_sample,0.5,8,1,4.0,4,0,0.0,488.4559012418827,0.4884559012418827,0.9740905683551417,0.12570145903479238,7.988776655443322,891
pune,pm10_eps0.5,p_gated_sample,0.5,8,1,8.0,4,0,0.0,251.05499955417793,0.2510549995541779,0.970651322212652,0.12570145903479238,7.988776655443322,891
pune,pm10_eps0.5,p_gated_sample,0.5,8,1,16.0,4,0,0.0,245.7830356819499,0.24578303568194992,0.970902961465814,0.12570145903479238,7.988776655443322,891
pune,pm10_eps0.5,p_gated_sample,0.5,8,2,,4,0,0.0,245.7830356819499,0.24578303568194992,0.970902961465814,0.12570145903479238,7.988776655443322,891
pune,pm10_eps0.5,p_gated_sample,0.5,8,2,4.0,4,0,0.0,488.4559012418827,0.4884559012418827,0.9740905683551417,0.12570145903479238,7.988776655443322,891
pune,pm10_eps0.5,p_gated_sample,0.5,8,2,8.0,4,0,0.0,251.05499955417793,0.2510549995541779,0.970651322212652,0.12570145903479238,7.988776655443322,891
pune,pm10_eps0.5,p_gated_sample,0.5,8,2,16.0,4,0,0.0,245.7830356819499,0.24578303568194992,0.970902961465814,0.12570145903479238,7.988776655443322,891
pune,pm10_eps0.5,p_gated_sample,0.5,8,3,,4,0,0.0,245.7830356819499,0.24578303568194992,0.970902961465814,0.12570145903479238,7.988776655443322,891
pune,pm10_eps0.5,p_gated_sample,0.5,8,3,4.0,4,0,0.0,488.4559012418827,0.4884559012418827,0.9740905683551417,0.12570145903479238,7.988776655443322,891
pune,pm10_eps0.5,p_gated_sample,0.5,8,3,8.0,4,0,0.0,251.05499955417793,0.2510549995541779,0.970651322212652,0.12570145903479238,7.988776655443322,891
pune,pm10_eps0.5,p_gated_sample,0.5,8,3,16.0,4,0,0.0,245.7830356819499,0.24578303568194992,0.970902961465814,0.12570145903479238,7.988776655443322,891
pune,pm10_eps0.5,p_gated_sample,0.5,8,4,,4,0,0.0,245.1501899017081,0.24515018990170812,0.5564270062311599,0.12345679012345678,7.988776655443322,891
pune,pm10_eps0.5,p_gated_sample,0.5,8,4,4.0,4,0,0.0,481.6696354785704,0.4816696354785704,0.9553618942778155,0.12345679012345678,7.988776655443322,891
pune,pm10_eps0.5,p_gated_sample,0.5,8,4,8.0,4,0,0.0,251.3857123388493,0.25138571233884927,0.5897550069717755,0.12345679012345678,7.988776655443322,891
pune,pm10_eps0.5,p_gated_sample,0.5,8,4,16.0,4,0,0.0,245.1501899017081,0.24515018990170812,0.5564270062311599,0.12345679012345678,7.988776655443322,891
pune,pm10_eps0.5,p_gated_sample,0.5,8,6,,4,0,0.0,245.1501899017081,0.24515018990170812,0.5564270062311599,0.12345679012345678,7.988776655443322,891
pune,pm10_eps0.5,p_gated_sample,0.5,8,6,8.0,4,0,0.0,251.3857123388493,0.25138571233884927,0.5897550069717755,0.12345679012345678,7.988776655443322,891
pune,pm10_eps0.5,p_gated_sample,0.5,8,6,16.0,4,0,0.0,245.1501899017081,0.24515018990170812,0.5564270062311599,0.12345679012345678,7.988776655443322,891
pune,pm10_eps0.5,p_gated_sample,0.5,8,1,,4,2,0.0,245.7830356819499,0.24578303568194992,0.970902961465814,0.12570145903479238,7.988776655443322,891
pune,pm10_eps0.5,p_gated_sample,0.5,8,1,4.0,4,2,0.0,488.4559012418827,0.4884559012418827,0.9740905683551417,0.12570145903479238,7.988776655443322,891
pune,pm10_eps0.5,p_gated_sample,0.5,8,1,8.0,4,2,0.0,251.05499955417793,0.2510549995541779,0.970651322212652,0.12570145903479238,7.988776655443322,891
pune,pm10_eps0.5,p_gated_sample,0.5,8,1,16.0,4,2,0.0,245.7830356819499,0.24578303568194992,0.970902961465814,0.12570145903479238,7.988776655443322,891
pune,pm10_eps0.5,p_gated_sample,0.5,8,2,,4,2,0.0,245.7830356819499,0.24578303568194992,0.970902961465814,0.12570145903479238,7.988776655443322,891
pune,pm10_eps0.5,p_gated_sample,0.5,8,2,4.0,4,2,0.0,488.4559012418827,0.4884559012418827,0.9740905683551417,0.12570145903479238,7.988776655443322,891
pune,pm10_eps0.5,p_gated_sample,0.5,8,2,8.0,4,2,0.0,251.05499955417793,0.2510549995541779,0.970651322212652,0.12570145903479238,7.988776655443322,891
pune,pm10_eps0.5,p_gated_sample,0.5,8,2,16.0,4,2,0.0,245.7830356819499,0.24578303568194992,0.970902961465814,0.12570145903479238,7.988776655443322,891
pune,pm10_eps0.5,p_gated_sample,0.5,8,3,,4,2,0.0,246.70002384042218,0.24670002384042217,0.6936854868304996,0.1258426966292135,7.995505617977528,890
pune,pm10_eps0.5,p_gated_sample,0.5,8,3,4.0,4,2,0.0,488.69746827740187,0.48869746827740185,0.9721582180672769,0.1258426966292135,7.995505617977528,890
pune,pm10_eps0.5,p_gated_sample,0.5,8,3,8.0,4,2,0.0,252.2859067769463,0.2522859067769463,0.7123705946807088,0.1258426966292135,7.995505617977528,890
pune,pm10_eps0.5,p_gated_sample,0.5,8,3,16.0,4,2,0.0,246.70002384042218,0.24670002384042217,0.6936854868304996,0.1258426966292135,7.995505617977528,890
pune,pm10_eps0.5,p_gated_sample,0.5,8,4,,4,2,0.0,244.3847863318608,0.24438478633186078,0.6643070682186006,0.12599318955732122,8.046538024971623,881
pune,pm10_eps0.5,p_gated_sample,0.5,8,4,4.0,4,2,0.0,486.2969168280796,0.4862969168280796,0.9646857769340708,0.12599318955732122,8.046538024971623,881
pune,pm10_eps0.5,p_gated_sample,0.5,8,4,8.0,4,2,0.0,250.36204360139575,0.25036204360139575,0.682557598356484,0.12599318955732122,8.046538024971623,881
pune,pm10_eps0.5,p_gated_sample,0.5,8,4,16.0,4,2,0.0,244.3847863318608,0.24438478633186078,0.6643070682186006,0.12599318955732122,8.046538024971623,881
pune,pm10_eps0.5,p_gated_sample,0.5,8,6,,4,2,0.0,246.40957664044515,0.24640957664044516,0.6691982577381497,0.12428734321550741,8.060433295324971,877
pune,pm10_eps0.5,p_gated_sample,0.5,8,6,8.0,4,2,0.0,252.03875372259472,0.2520387537225947,0.664653331522725,0.12428734321550741,8.060433295324971,877
pune,pm10_eps0.5,p_gated_sample,0.5,8,6,16.0,4,2,0.0,246.40957664044515,0.24640957664044516,0.6691982577381497,0.12428734321550741,8.060433295324971,877
pune,pm10_eps0.5,p_gated_sample,0.5,8,1,,4,4,0.0,245.7830356819499,0.24578303568194992,0.970902961465814,0.12570145903479238,7.988776655443322,891
pune,pm10_eps0.5,p_gated_sample,0.5,8,1,4.0,4,4,0.0,488.4559012418827,0.4884559012418827,0.9740905683551417,0.12570145903479238,7.988776655443322,891
pune,pm10_eps0.5,p_gated_sample,0.5,8,1,8.0,4,4,0.0,251.05499955417793,0.2510549995541779,0.970651322212652,0.12570145903479238,7.988776655443322,891
pune,pm10_eps0.5,p_gated_sample,0.5,8,1,16.0,4,4,0.0,245.7830356819499,0.24578303568194992,0.970902961465814,0.12570145903479238,7.988776655443322,891
pune,pm10_eps0.5,p_gated_sample,0.5,8,2,,4,4,0.0,245.7830356819499,0.24578303568194992,0.970902961465814,0.12570145903479238,7.988776655443322,891
pune,pm10_eps0.5,p_gated_sample,0.5,8,2,4.0,4,4,0.0,488.4559012418827,0.4884559012418827,0.9740905683551417,0.12570145903479238,7.988776655443322,891
pune,pm10_eps0.5,p_gated_sample,0.5,8,2,8.0,4,4,0.0,251.05499955417793,0.2510549995541779,0.970651322212652,0.12570145903479238,7.988776655443322,891
pune,pm10_eps0.5,p_gated_sample,0.5,8,2,16.0,4,4,0.0,245.7830356819499,0.24578303568194992,0.970902961465814,0.12570145903479238,7.988776655443322,891
pune,pm10_eps0.5,p_gated_sample,0.5,8,3,,4,4,0.0,246.70002384042218,0.24670002384042217,0.6936854868304996,0.1258426966292135,7.995505617977528,890
pune,pm10_eps0.5,p_gated_sample,0.5,8,3,4.0,4,4,0.0,488.69746827740187,0.48869746827740185,0.9721582180672769,0.1258426966292135,7.995505617977528,890
pune,pm10_eps0.5,p_gated_sample,0.5,8,3,8.0,4,4,0.0,252.2859067769463,0.2522859067769463,0.7123705946807088,0.1258426966292135,7.995505617977528,890
pune,pm10_eps0.5,p_gated_sample,0.5,8,3,16.0,4,4,0.0,246.70002384042218,0.24670002384042217,0.6936854868304996,0.1258426966292135,7.995505617977528,890
pune,pm10_eps0.5,p_gated_sample,0.5,8,4,,4,4,0.0,243.86814896845718,0.24386814896845718,0.6384691282055829,0.1252847380410023,8.06378132118451,878
pune,pm10_eps0.5,p_gated_sample,0.5,8,4,4.0,4,4,0.0,487.05131300907516,0.48705131300907517,0.9553618942778155,0.1252847380410023,8.06378132118451,878
pune,pm10_eps0.5,p_gated_sample,0.5,8,4,8.0,4,4,0.0,249.7459306947149,0.2497459306947149,0.6564207685131815,0.1252847380410023,8.06378132118451,878
pune,pm10_eps0.5,p_gated_sample,0.5,8,4,16.0,4,4,0.0,243.86814896845718,0.24386814896845718,0.6384691282055829,0.1252847380410023,8.06378132118451,878
pune,pm10_eps0.5,p_gated_sample,0.5,8,6,,4,4,0.0,249.4451516511782,0.2494451516511782,0.5564270062311599,0.12571428571428572,8.074285714285715,875
pune,pm10_eps0.5,p_gated_sample,0.5,8,6,8.0,4,4,0.0,255.4024642396372,0.2554024642396372,0.5897550069717755,0.12571428571428572,8.074285714285715,875
pune,pm10_eps0.5,p_gated_sample,0.5,8,6,16.0,4,4,0.0,249.4451516511782,0.2494451516511782,0.5564270062311599,0.12571428571428572,8.074285714285715,875
pune,pm10_eps0.5,p_gated_ba,0.5,8,1,,1,0,0.0,2493.468557186082,2.4934685571860817,0.4352225429661096,0.5172607353353915,7.840303115352231,3563
pune,pm10_eps0.5,p_gated_ba,0.5,8,1,4.0,1,0,0.0,4807.470811980089,4.807470811980089,0.5224811560926161,0.5172607353353915,7.840303115352231,3563
pune,pm10_eps0.5,p_gated_ba,0.5,8,1,8.0,1,0,0.0,2563.6107453499308,2.563610745349931,0.4446670254820734,0.5172607353353915,7.840303115352231,3563
pune,pm10_eps0.5,p_gated_ba,0.5,8,1,16.0,1,0,0.0,2493.468557186082,2.4934685571860817,0.4352225429661096,0.5172607353353915,7.840303115352231,3563
pune,pm10_eps0.5,p_gated_ba,0.5,8,2,,1,0,0.0,2477.9538271946612,2.477953827194661,0.45593599128836304,0.5150154364299747,7.840303115352231,3563
pune,pm10_eps0.5,p_gated_ba,0.5,8,2,4.0,1,0,0.0,4806.384622457061,4.8063846224570606,0.5228688497710576,0.5169800729722144,7.840303115352231,3563
pune,pm10_eps0.5,p_gated_ba,0.5,8,2,8.0,1,0,0.0,2549.5045400830604,2.5495045400830603,0.468784515062551,0.5150154364299747,7.840303115352231,3563
pune,pm10_eps0.5,p_gated_ba,0.5,8,2,16.0,1,0,0.0,2477.9538271946612,2.477953827194661,0.45593599128836304,0.5150154364299747,7.840303115352231,3563
pune,pm10_eps0.5,p_gated_ba,0.5,8,3,,1,0,0.0,2505.602005749615,2.5056020057496147,0.5171459273959628,0.5183833847880999,7.840303115352231,3563
pune,pm10_eps0.5,p_gated_ba,0.5,8,3,4.0,1,0,0.0,4817.2491652335875,4.817249165233587,0.5233686885676435,0.5166994106090373,7.840303115352231,3563
pune,pm10_eps0.5,p_gated_ba,0.5,8,3,8.0,1,0,0.0,2575.925622445245,2.5759256224452454,0.5260253109717372,0.5183833847880999,7.840303115352231,3563
pune,pm10_eps0.5,p_gated_ba,0.5,8,3,16.0,1,0,0.0,2505.602005749615,2.5056020057496147,0.5171459273959628,0.5183833847880999,7.840303115352231,3563
pune,pm10_eps0.5,p_gated_ba,0.5,8,4,,1,0,0.0,2463.139876837191,2.463139876837191,0.5144775742367537,0.5023856300870053,7.840303115352231,3563
pune,pm10_eps0.5,p_gated_ba,0.5,8,4,4.0,1,0,0.0,4930.986427940221,4.930986427940221,0.5198823151037225,0.5046309289924221,7.840303115352231,3563
pune,pm10_eps0.5,p_gated_ba,0.5,8,4,8.0,1,0,0.0,2534.8139012847596,2.5348139012847595,0.5279700079992604,0.5029469548133595,7.840303115352231,3563
pune,pm10_eps0.5,p_gated_ba,0.5,8,4,16.0,1,0,0.0,2463.139876837191,2.463139876837191,0.5144775742367537,0.5023856300870053,7.840303115352231,3563
pune,pm10_eps0.5,p_gated_ba,0.5,8,6,,1,0,0.0,2334.7625377145578,2.3347625377145578,0.4471386000081205,0.4934044344653382,7.840303115352231,3563
pune,pm10_eps0.5,p_gated_ba,0.5,8,6,8.0,1,0,0.0,2519.9811398333954,2.5199811398333956,0.4245791280614503,0.4953690710075779,7.840303115352231,3563
pune,pm10_eps0.5,p_gated_ba,0.5,8,6,16.0,1,0,0.0,2334.7625377145578,2.3347625377145578,0.4471386000081205,0.4934044344653382,7.840303115352231,3563
pune,pm10_eps0.5,p_gated_ba,0.5,8,1,,1,2,0.0,2493.468557186082,2.4934685571860817,0.4352225429661096,0.5172607353353915,7.840303115352231,3563
pune,pm10_eps0.5,p_gated_ba,0.5,8,1,4.0,1,2,0.0,4807.470811980089,4.807470811980089,0.5224811560926161,0.5172607353353915,7.840303115352231,3563
pune,pm10_eps0.5,p_gated_ba,0.5,8,1,8.0,1,2,0.0,2563.6107453499308,2.563610745349931,0.4446670254820734,0.5172607353353915,7.840303115352231,3563
pune,pm10_eps0.5,p_gated_ba,0.5,8,1,16.0,1,2,0.0,2493.468557186082,2.4934685571860817,0.4352225429661096,0.5172607353353915,7.840303115352231,3563
pune,pm10_eps0.5,p_gated_ba,0.5,8,2,,1,2,0.0,2476.1896522051466,2.4761896522051465,0.45593599128836304,0.5153046896939062,7.844144903117102,3561
pune,pm10_eps0.5,p_gated_ba,0.5,8,2,4.0,1,2,0.0,4808.318513213809,4.808318513213809,0.5228688497710576,0.5172704296545914,7.844144903117102,3561
pune,pm10_eps0.5,p_gated_ba,0.5,8,2,8.0,1,2,0.0,2547.780550835128,2.547780550835128,0.468784515062551,0.5153046896939062,7.844144903117102,3561
pune,pm10_eps0.5,p_gated_ba,0.5,8,2,16.0,1,2,0.0,2476.1896522051466,2.4761896522051465,0.45593599128836304,0.5153046896939062,7.844144903117102,3561
pune,pm10_eps0.5,p_gated_ba,0.5,8,3,,1,2,0.0,2507.008574943467,2.507008574943467,0.5171459273959628,0.5192578015181333,7.850716896260894,3557
pune,pm10_eps0.5,p_gated_ba,0.5,8,3,4.0,1,2,0.0,4808.66646672327,4.8086664667232695,0.5233686885676435,0.517570986786618,7.850716896260894,3557
pune,pm10_eps0.5,p_gated_ba,0.5,8,3,8.0,1,2,0.0,2577.450814551713,2.577450814551713,0.5260253109717372,0.5192578015181333,7.850716896260894,3557
pune,pm10_eps0.5,p_gated_ba,0.5,8,3,16.0,1,2,0.0,2507.008574943467,2.507008574943467,0.5171459273959628,0.5192578015181333,7.850716896260894,3557
pune,pm10_eps0.5,p_gated_ba,0.5,8,4,,1,2,0.0,2436.9963061837425,2.4369963061837425,0.5162098248948055,0.5108262108262108,7.915954415954416,3510
pune,pm10_eps0.5,p_gated_ba,0.5,8,4,4.0,1,2,0.0,4814.08978350178,4.81408978350178,0.5201684485263915,0.5125356125356125,7.915954415954416,3510
pune,pm10_eps0.5,p_gated_ba,0.5,8,4,8.0,1,2,0.0,2504.6984288241574,2.5046984288241574,0.5282578953265356,0.5108262108262108,7.915954415954416,3510
pune,pm10_eps0.5,p_gated_ba,0.5,8,4,16.0,1,2,0.0,2436.9963061837425,2.4369963061837425,0.5162098248948055,0.5108262108262108,7.915954415954416,3510
pune,pm10_eps0.5,p_gated_ba,0.5,8,6,,1,2,0.0,2359.9572664136977,2.359957266413698,0.7412048876621475,0.5041702617198734,7.949094046591889,3477
pune,pm10_eps0.5,p_gated_ba,0.5,8,6,8.0,1,2,0.0,2476.3747714733695,2.4763747714733695,0.4456245483139136,0.5087719298245614,7.949094046591889,3477
pune,pm10_eps0.5,p_gated_ba,0.5,8,6,16.0,1,2,0.0,2359.9572664136977,2.359957266413698,0.7412048876621475,0.5041702617198734,7.949094046591889,3477
pune,pm10_eps0.5,p_gated_ba,0.5,8,1,,1,4,0.0,2493.468557186082,2.4934685571860817,0.4352225429661096,0.5172607353353915,7.840303115352231,3563
pune,pm10_eps0.5,p_gated_ba,0.5,8,1,4.0,1,4,0.0,4807.470811980089,4.807470811980089,0.5224811560926161,0.5172607353353915,7.840303115352231,3563
pune,pm10_eps0.5,p_gated_ba,0.5,8,1,8.0,1,4,0.0,2563.6107453499308,2.563610745349931,0.4446670254820734,0.5172607353353915,7.840303115352231,3563
pune,pm10_eps0.5,p_gated_ba,0.5,8,1,16.0,1,4,0.0,2493.468557186082,2.4934685571860817,0.4352225429661096,0.5172607353353915,7.840303115352231,3563
pune,pm10_eps0.5,p_gated_ba,0.5,8,2,,1,4,0.0,2476.1896522051466,2.4761896522051465,0.45593599128836304,0.5153046896939062,7.844144903117102,3561
pune,pm10_eps0.5,p_gated_ba,0.5,8,2,4.0,1,4,0.0,4808.318513213809,4.808318513213809,0.5228688497710576,0.5172704296545914,7.844144903117102,3561
pune,pm10_eps0.5,p_gated_ba,0.5,8,2,8.0,1,4,0.0,2547.780550835128,2.547780550835128,0.468784515062551,0.5153046896939062,7.844144903117102,3561
pune,pm10_eps0.5,p_gated_ba,0.5,8,2,16.0,1,4,0.0,2476.1896522051466,2.4761896522051465,0.45593599128836304,0.5153046896939062,7.844144903117102,3561
pune,pm10_eps0.5,p_gated_ba,0.5,8,3,,1,4,0.0,2507.008499378927,2.507008499378927,0.5171459273959628,0.5192578015181333,7.850716896260894,3557
pune,pm10_eps0.5,p_gated_ba,0.5,8,3,4.0,1,4,0.0,4808.666435783457,4.808666435783457,0.5233686885676435,0.517570986786618,7.850716896260894,3557
pune,pm10_eps0.5,p_gated_ba,0.5,8,3,8.0,1,4,0.0,2577.450738987173,2.577450738987173,0.5260253109717372,0.5192578015181333,7.850716896260894,3557
pune,pm10_eps0.5,p_gated_ba,0.5,8,3,16.0,1,4,0.0,2507.008499378927,2.507008499378927,0.5171459273959628,0.5192578015181333,7.850716896260894,3557
pune,pm10_eps0.5,p_gated_ba,0.5,8,4,,1,4,0.0,2432.551999383654,2.432551999383654,0.5162098248948055,0.5121393887460726,7.928877463581833,3501
pune,pm10_eps0.5,p_gated_ba,0.5,8,4,4.0,1,4,0.0,4790.526568245907,4.790526568245907,0.5201684485263915,0.5138531848043416,7.928877463581833,3501
pune,pm10_eps0.5,p_gated_ba,0.5,8,4,8.0,1,4,0.0,2500.428163470446,2.5004281634704464,0.5282578953265356,0.5121393887460726,7.928877463581833,3501
pune,pm10_eps0.5,p_gated_ba,0.5,8,4,16.0,1,4,0.0,2432.551999383654,2.432551999383654,0.5162098248948055,0.5121393887460726,7.928877463581833,3501
pune,pm10_eps0.5,p_gated_ba,0.5,8,6,,1,4,0.0,2361.7519840520617,2.3617519840520615,0.7412048876621475,0.5060623556581986,7.966512702078522,3464
pune,pm10_eps0.5,p_gated_ba,0.5,8,6,8.0,1,4,0.0,2469.4421747431275,2.4694421747431274,0.4456245483139136,0.5106812933025404,7.966512702078522,3464
pune,pm10_eps0.5,p_gated_ba,0.5,8,6,16.0,1,4,0.0,2361.7519840520617,2.3617519840520615,0.7412048876621475,0.5060623556581986,7.966512702078522,3464
pune,pm10_eps0.5,p_gated_ba,0.5,8,1,,2,0,0.0,2729.051903665034,2.729051903665034,0.3220707561589478,0.5375982042648709,7.912457912457913,1782
pune,pm10_eps0.5,p_gated_ba,0.5,8,1,4.0,2,0,0.0,5310.548571908887,5.310548571908887,0.47350900334187285,0.547699214365881,7.912457912457913,1782
pune,pm10_eps0.5,p_gated_ba,0.5,8,1,8.0,2,0,0.0,2832.250345765531,2.832250345765531,0.33520207711890776,0.5465768799102132,7.912457912457913,1782
pune,pm10_eps0.5,p_gated_ba,0.5,8,1,16.0,2,0,0.0,2729.051903665034,2.729051903665034,0.3220707561589478,0.5375982042648709,7.912457912457913,1782
pune,pm10_eps0.5,p_gated_ba,0.5,8,2,,2,0,0.0,2729.051903665034,2.729051903665034,0.3220707561589478,0.5375982042648709,7.912457912457913,1782
pune,pm10_eps0.5,p_gated_ba,0.5,8,2,4.0,2,0,0.0,5310.548571908887,5.310548571908887,0.47350900334187285,0.547699214365881,7.912457912457913,1782
pune,pm10_eps0.5,p_gated_ba,0.5,8,2,8.0,2,0,0.0,2832.250345765531,2.832250345765531,0.33520207711890776,0.5465768799102132,7.912457912457913,1782
pune,pm10_eps0.5,p_gated_ba,0.5,8,2,16.0,2,0,0.0,2729.051903665034,2.729051903665034,0.3220707561589478,0.5375982042648709,7.912457912457913,1782
pune,pm10_eps0.5,p_gated_ba,0.5,8,3,,2,0,0.0,2718.941017239163,2.718941017239163,0.3217307017068441,0.5398428731762065,7.912457912457913,1782
pune,pm10_eps0.5,p_gated_ba,0.5,8,3,4.0,2,0,0.0,5304.858874098525,5.304858874098525,0.4732862649186036,0.5465768799102132,7.912457912457913,1782
pune,pm10_eps0.5,p_gated_ba,0.5,8,3,8.0,2,0,0.0,2830.075959219748,2.830075959219748,0.3396288844981822,0.5420875420875421,7.912457912457913,1782
pune,pm10_eps0.5,p_gated_ba,0.5,8,3,16.0,2,0,0.0,2718.941017239163,2.718941017239163,0.3217307017068441,0.5398428731762065,7.912457912457913,1782
pune,pm10_eps0.5,p_gated_ba,0.5,8,4,,2,0,0.0,2729.0494041428747,2.7290494041428746,0.6154000044356673,0.5303030303030303,7.912457912457913,1782
pune,pm10_eps0.5,p_gated_ba,0.5,8,4,4.0,2,0,0.0,5242.330256796976,5.242330256796976,0.4776232750912891,0.5336700336700336,7.912457912457913,1782
pune,pm10_eps0.5,p_gated_ba,0.5,8,4,8.0,2,0,0.0,2708.841202812864,2.7088412028128643,0.6194911244867581,0.5314253647586981,7.912457912457913,1782
pune,pm10_eps0.5,p_gated_ba,0.5,8,4,16.0,2,0,0.0,2729.0494041428747,2.7290494041428746,0.6154000044356673,0.5303030303030303,7.912457912457913,1782
pune,pm10_eps0.5,p_gated_ba,0.5,8,6,,2,0,0.0,2579.797979254913,2.5797979792549133,0.47279425879165565,0.5252525252525253,7.912457912457913,1782
pune,pm10_eps0.5,p_gated_ba,0.5,8,6,8.0,2,0,0.0,2649.3542397461156,2.6493542397461156,0.48772789965186253,0.5252525252525253,7.912457912457913,1782
pune,pm10_eps0.5,p_gated_ba,0.5,8,6,16.0,2,0,0.0,2579.797979254913,2.5797979792549133,0.47279425879165565,0.5252525252525253,7.912457912457913,1782
pune,pm10_eps0.5,p_gated_ba,0.5,8,1,,2,2,0.0,2729.051903665034,2.729051903665034,0.3220707561589478,0.5375982042648709,7.912457912457913,1782
pune,pm10_eps0.5,p_gated_ba,0.5,8,1,4.0,2,2,0.0,5310.548571908887,5.310548571908887,0.47350900334187285,0.547699214365881,7.912457912457913,1782
pune,pm10_eps0.5,p_gated_ba,0.5,8,1,8.0,2,2,0.0,2832.250345765531,2.832250345765531,0.33520207711890776,0.5465768799102132,7.912457912457913,1782
pune,pm10_eps0.5,p_gated_ba,0.5,8,1,16.0,2,2,0.0,2729.051903665034,2.729051903665034,0.3220707561589478,0.5375982042648709,7.912457912457913,1782
pune,pm10_eps0.5,p_gated_ba,0.5,8,2,,2,2,0.0,2729.051903665034,2.729051903665034,0.3220707561589478,0.5375982042648709,7.912457912457913,1782
pune,pm10_eps0.5,p_gated_ba,0.5,8,2,4.0,2,2,0.0,5310.548571908887,5.310548571908887,0.47350900334187285,0.547699214365881,7.912457912457913,1782
pune,pm10_eps0.5,p_gated_ba,0.5,8,2,8.0,2,2,0.0,2832.250345765531,2.832250345765531,0.33520207711890776,0.5465768799102132,7.912457912457913,1782
pune,pm10_eps0.5,p_gated_ba,0.5,8,2,16.0,2,2,0.0,2729.051903665034,2.729051903665034,0.3220707561589478,0.5375982042648709,7.912457912457913,1782
pune,pm10_eps0.5,p_gated_ba,0.5,8,3,,2,2,0.0,2720.5218559719456,2.7205218559719455,0.3217307017068441,0.5404494382022472,7.919101123595506,1780
pune,pm10_eps0.5,p_gated_ba,0.5,8,3,4.0,2,2,0.0,5303.989412093777,5.303989412093777,0.4732862649186036,0.547191011235955,7.919101123595506,1780
pune,pm10_eps0.5,p_gated_ba,0.5,8,3,8.0,2,2,0.0,2826.4258422544613,2.8264258422544613,0.3396288844981822,0.5426966292134832,7.919101123595506,1780
pune,pm10_eps0.5,p_gated_ba,0.5,8,3,16.0,2,2,0.0,2720.5218559719456,2.7205218559719455,0.3217307017068441,0.5404494382022472,7.919101123595506,1780
pune,pm10_eps0.5,p_gated_ba,0.5,8,4,,2,2,0.0,2673.5654081064645,2.6735654081064646,0.6154000044356673,0.5372370665150654,7.977828311540648,1759
pune,pm10_eps0.5,p_gated_ba,0.5,8,4,4.0,2,2,0.0,5252.568522246636,5.252568522246636,0.4776232750912891,0.5406480955088119,7.977828311540648,1759
pune,pm10_eps0.5,p_gated_ba,0.5,8,4,8.0,2,2,0.0,2712.1831124633586,2.7121831124633586,0.6194911244867581,0.5383740761796475,7.977828311540648,1759
pune,pm10_eps0.5,p_gated_ba,0.5,8,4,16.0,2,2,0.0,2673.5654081064645,2.6735654081064646,0.6154000044356673,0.5372370665150654,7.977828311540648,1759
pune,pm10_eps0.5,p_gated_ba,0.5,8,6,,2,2,0.0,2611.0124271353216,2.6110124271353214,0.47279425879165565,0.5354691075514875,8.0,1748
pune,pm10_eps0.5,p_gated_ba,0.5,8,6,8.0,2,2,0.0,2681.7498500324195,2.6817498500324195,0.48772789965186253,0.5354691075514875,8.0,1748
pune,pm10_eps0.5,p_gated_ba,0.5,8,6,16.0,2,2,0.0,2611.0124271353216,2.6110124271353214,0.47279425879165565,0.5354691075514875,8.0,1748
pune,pm10_eps0.5,p_gated_ba,0.5,8,1,,2,4,0.0,2729.051903665034,2.729051903665034,0.3220707561589478,0.5375982042648709,7.912457912457913,1782
pune,pm10_eps0.5,p_gated_ba,0.5,8,1,4.0,2,4,0.0,5310.548571908887,5.310548571908887,0.47350900334187285,0.547699214365881,7.912457912457913,1782
pune,pm10_eps0.5,p_gated_ba,0.5,8,1,8.0,2,4,0.0,2832.250345765531,2.832250345765531,0.33520207711890776,0.5465768799102132,7.912457912457913,1782
pune,pm10_eps0.5,p_gated_ba,0.5,8,1,16.0,2,4,0.0,2729.051903665034,2.729051903665034,0.3220707561589478,0.5375982042648709,7.912457912457913,1782
pune,pm10_eps0.5,p_gated_ba,0.5,8,2,,2,4,0.0,2729.051903665034,2.729051903665034,0.3220707561589478,0.5375982042648709,7.912457912457913,1782
pune,pm10_eps0.5,p_gated_ba,0.5,8,2,4.0,2,4,0.0,5310.548571908887,5.310548571908887,0.47350900334187285,0.547699214365881,7.912457912457913,1782
pune,pm10_eps0.5,p_gated_ba,0.5,8,2,8.0,2,4,0.0,2832.250345765531,2.832250345765531,0.33520207711890776,0.5465768799102132,7.912457912457913,1782
pune,pm10_eps0.5,p_gated_ba,0.5,8,2,16.0,2,4,0.0,2729.051903665034,2.729051903665034,0.3220707561589478,0.5375982042648709,7.912457912457913,1782
pune,pm10_eps0.5,p_gated_ba,0.5,8,3,,2,4,0.0,2720.5218559719456,2.7205218559719455,0.3217307017068441,0.5404494382022472,7.919101123595506,1780
pune,pm10_eps0.5,p_gated_ba,0.5,8,3,4.0,2,4,0.0,5303.989412093777,5.303989412093777,0.4732862649186036,0.547191011235955,7.919101123595506,1780
pune,pm10_eps0.5,p_gated_ba,0.5,8,3,8.0,2,4,0.0,2826.4258422544613,2.8264258422544613,0.3396288844981822,0.5426966292134832,7.919101123595506,1780
pune,pm10_eps0.5,p_gated_ba,0.5,8,3,16.0,2,4,0.0,2720.5218559719456,2.7205218559719455,0.3217307017068441,0.5404494382022472,7.919101123595506,1780
pune,pm10_eps0.5,p_gated_ba,0.5,8,4,,2,4,0.0,2661.3100105744907,2.6613100105744905,0.6154000044356673,0.5387685290763968,7.992018244013683,1754
pune,pm10_eps0.5,p_gated_ba,0.5,8,4,4.0,2,4,0.0,5255.700639179568,5.255700639179568,0.4776232750912891,0.5421892816419612,7.992018244013683,1754
pune,pm10_eps0.5,p_gated_ba,0.5,8,4,8.0,2,4,0.0,2713.9906223160788,2.7139906223160786,0.6194911244867581,0.5399087799315849,7.992018244013683,1754
pune,pm10_eps0.5,p_gated_ba,0.5,8,4,16.0,2,4,0.0,2661.3100105744907,2.6613100105744905,0.6154000044356673,0.5387685290763968,7.992018244013683,1754
pune,pm10_eps0.5,p_gated_ba,0.5,8,6,,2,4,0.0,2616.5509792340326,2.6165509792340327,0.47279425879165565,0.5370051635111877,8.014343086632243,1743
pune,pm10_eps0.5,p_gated_ba,0.5,8,6,8.0,2,4,0.0,2687.454408880135,2.687454408880135,0.48772789965186253,0.5370051635111877,8.014343086632243,1743
pune,pm10_eps0.5,p_gated_ba,0.5,8,6,16.0,2,4,0.0,2616.5509792340326,2.6165509792340327,0.47279425879165565,0.5370051635111877,8.014343086632243,1743
pune,pm10_eps0.5,p_gated_ba,0.5,8,1,,4,0,0.0,2717.8206195299617,2.7178206195299617,0.27697134391792894,0.5465768799102132,7.988776655443322,891
pune,pm10_eps0.5,p_gated_ba,0.5,8,1,4.0,4,0,0.0,5288.395131854626,5.288395131854626,0.5040515064313712,0.5488215488215489,7.988776655443322,891
pune,pm10_eps0.5,p_gated_ba,0.5,8,1,8.0,4,0,0.0,2796.0204090979296,2.7960204090979297,0.28872925574894376,0.5465768799102132,7.988776655443322,891
pune,pm10_eps0.5,p_gated_ba,0.5,8,1,16.0,4,0,0.0,2717.8206195299617,2.7178206195299617,0.27697134391792894,0.5465768799102132,7.988776655443322,891
pune,pm10_eps0.5,p_gated_ba,0.5,8,2,,4,0,0.0,2717.8206195299617,2.7178206195299617,0.27697134391792894,0.5465768799102132,7.988776655443322,891
pune,pm10_eps0.5,p_gated_ba,0.5,8,2,4.0,4,0,0.0,5288.395131854626,5.288395131854626,0.5040515064313712,0.5488215488215489,7.988776655443322,891
pune,pm10_eps0.5,p_gated_ba,0.5,8,2,8.0,4,0,0.0,2796.0204090979296,2.7960204090979297,0.28872925574894376,0.5465768799102132,7.988776655443322,891
pune,pm10_eps0.5,p_gated_ba,0.5,8,2,16.0,4,0,0.0,2717.8206195299617,2.7178206195299617,0.27697134391792894,0.5465768799102132,7.988776655443322,891
pune,pm10_eps0.5,p_gated_ba,0.5,8,3,,4,0,0.0,2716.8600516779043,2.7168600516779042,0.2773587549231218,0.547699214365881,7.988776655443322,891
pune,pm10_eps0.5,p_gated_ba,0.5,8,3,4.0,4,0,0.0,5298.037987289958,5.298037987289958,0.5085869418910207,0.547699214365881,7.988776655443322,891
pune,pm10_eps0.5,p_gated_ba,0.5,8,3,8.0,4,0,0.0,2795.0598412458717,2.795059841245872,0.2891363113569528,0.547699214365881,7.988776655443322,891
pune,pm10_eps0.5,p_gated_ba,0.5,8,3,16.0,4,0,0.0,2716.8600516779043,2.7168600516779042,0.2773587549231218,0.547699214365881,7.988776655443322,891
pune,pm10_eps0.5,p_gated_ba,0.5,8,4,,4,0,0.0,2587.775328607631,2.587775328607631,0.41364095441186804,0.5364758698092031,7.988776655443322,891
pune,pm10_eps0.5,p_gated_ba,0.5,8,4,4.0,4,0,0.0,5186.469128125524,5.186469128125523,0.5078403552796538,0.5387205387205387,7.988776655443322,891
pune,pm10_eps0.5,p_gated_ba,0.5,8,4,8.0,4,0,0.0,2664.054607534805,2.6640546075348053,0.425874110283848,0.5364758698092031,7.988776655443322,891
pune,pm10_eps0.5,p_gated_ba,0.5,8,4,16.0,4,0,0.0,2587.775328607631,2.587775328607631,0.41364095441186804,0.5364758698092031,7.988776655443322,891
pune,pm10_eps0.5,p_gated_ba,0.5,8,6,,4,0,0.0,2634.266769838046,2.634266769838046,0.4619375154161684,0.5331088664421998,7.988776655443322,891
pune,pm10_eps0.5,p_gated_ba,0.5,8,6,8.0,4,0,0.0,2719.3528273496845,2.7193528273496845,0.5088587615240763,0.5342312008978676,7.988776655443322,891
pune,pm10_eps0.5,p_gated_ba,0.5,8,6,16.0,4,0,0.0,2634.266769838046,2.634266769838046,0.4619375154161684,0.5331088664421998,7.988776655443322,891
pune,pm10_eps0.5,p_gated_ba,0.5,8,1,,4,2,0.0,2717.8206195299617,2.7178206195299617,0.27697134391792894,0.5465768799102132,7.988776655443322,891
pune,pm10_eps0.5,p_gated_ba,0.5,8,1,4.0,4,2,0.0,5288.395131854626,5.288395131854626,0.5040515064313712,0.5488215488215489,7.988776655443322,891
pune,pm10_eps0.5,p_gated_ba,0.5,8,1,8.0,4,2,0.0,2796.0204090979296,2.7960204090979297,0.28872925574894376,0.5465768799102132,7.988776655443322,891
pune,pm10_eps0.5,p_gated_ba,0.5,8,1,16.0,4,2,0.0,2717.8206195299617,2.7178206195299617,0.27697134391792894,0.5465768799102132,7.988776655443322,891
pune,pm10_eps0.5,p_gated_ba,0.5,8,2,,4,2,0.0,2717.8206195299617,2.7178206195299617,0.27697134391792894,0.5465768799102132,7.988776655443322,891
pune,pm10_eps0.5,p_gated_ba,0.5,8,2,4.0,4,2,0.0,5288.395131854626,5.288395131854626,0.5040515064313712,0.5488215488215489,7.988776655443322,891
pune,pm10_eps0.5,p_gated_ba,0.5,8,2,8.0,4,2,0.0,2796.0204090979296,2.7960204090979297,0.28872925574894376,0.5465768799102132,7.988776655443322,891
pune,pm10_eps0.5,p_gated_ba,0.5,8,2,16.0,4,2,0.0,2717.8206195299617,2.7178206195299617,0.27697134391792894,0.5465768799102132,7.988776655443322,891
pune,pm10_eps0.5,p_gated_ba,0.5,8,3,,4,2,0.0,2714.6246397306245,2.7146246397306246,0.2773587549231218,0.5483146067415731,7.995505617977528,890
pune,pm10_eps0.5,p_gated_ba,0.5,8,3,4.0,4,2,0.0,5298.7027752703325,5.298702775270333,0.5085869418910207,0.5483146067415731,7.995505617977528,890
pune,pm10_eps0.5,p_gated_ba,0.5,8,3,8.0,4,2,0.0,2792.912294230691,2.7929122942306908,0.2891363113569528,0.5483146067415731,7.995505617977528,890
pune,pm10_eps0.5,p_gated_ba,0.5,8,3,16.0,4,2,0.0,2714.6246397306245,2.7146246397306246,0.2773587549231218,0.5483146067415731,7.995505617977528,890
pune,pm10_eps0.5,p_gated_ba,0.5,8,4,,4,2,0.0,2611.9243776389803,2.61192437763898,0.41364095441186804,0.5425652667423383,8.046538024971623,881
pune,pm10_eps0.5,p_gated_ba,0.5,8,4,4.0,4,2,0.0,5234.598362988354,5.234598362988354,0.5078403552796538,0.5448354143019296,8.046538024971623,881
pune,pm10_eps0.5,p_gated_ba,0.5,8,4,8.0,4,2,0.0,2688.939243743547,2.688939243743547,0.425874110283848,0.5425652667423383,8.046538024971623,881
pune,pm10_eps0.5,p_gated_ba,0.5,8,4,16.0,4,2,0.0,2611.9243776389803,2.61192437763898,0.41364095441186804,0.5425652667423383,8.046538024971623,881
pune,pm10_eps0.5,p_gated_ba,0.5,8,6,,4,2,0.0,2620.0227374120445,2.6200227374120444,0.4619375154161684,0.5416191562143672,8.060433295324971,877
pune,pm10_eps0.5,p_gated_ba,0.5,8,6,8.0,4,2,0.0,2703.307694680747,2.703307694680747,0.5088587615240763,0.5427594070695553,8.060433295324971,877
pune,pm10_eps0.5,p_gated_ba,0.5,8,6,16.0,4,2,0.0,2620.0227374120445,2.6200227374120444,0.4619375154161684,0.5416191562143672,8.060433295324971,877
pune,pm10_eps0.5,p_gated_ba,0.5,8,1,,4,4,0.0,2717.8206195299617,2.7178206195299617,0.27697134391792894,0.5465768799102132,7.988776655443322,891
pune,pm10_eps0.5,p_gated_ba,0.5,8,1,4.0,4,4,0.0,5288.395131854626,5.288395131854626,0.5040515064313712,0.5488215488215489,7.988776655443322,891
pune,pm10_eps0.5,p_gated_ba,0.5,8,1,8.0,4,4,0.0,2796.0204090979296,2.7960204090979297,0.28872925574894376,0.5465768799102132,7.988776655443322,891
pune,pm10_eps0.5,p_gated_ba,0.5,8,1,16.0,4,4,0.0,2717.8206195299617,2.7178206195299617,0.27697134391792894,0.5465768799102132,7.988776655443322,891
pune,pm10_eps0.5,p_gated_ba,0.5,8,2,,4,4,0.0,2717.8206195299617,2.7178206195299617,0.27697134391792894,0.5465768799102132,7.988776655443322,891
pune,pm10_eps0.5,p_gated_ba,0.5,8,2,4.0,4,4,0.0,5288.395131854626,5.288395131854626,0.5040515064313712,0.5488215488215489,7.988776655443322,891
pune,pm10_eps0.5,p_gated_ba,0.5,8,2,8.0,4,4,0.0,2796.0204090979296,2.7960204090979297,0.28872925574894376,0.5465768799102132,7.988776655443322,891
pune,pm10_eps0.5,p_gated_ba,0.5,8,2,16.0,4,4,0.0,2717.8206195299617,2.7178206195299617,0.27697134391792894,0.5465768799102132,7.988776655443322,891
pune,pm10_eps0.5,p_gated_ba,0.5,8,3,,4,4,0.0,2714.6246397306245,2.7146246397306246,0.2773587549231218,0.5483146067415731,7.995505617977528,890
pune,pm10_eps0.5,p_gated_ba,0.5,8,3,4.0,4,4,0.0,5298.7027752703325,5.298702775270333,0.5085869418910207,0.5483146067415731,7.995505617977528,890
pune,pm10_eps0.5,p_gated_ba,0.5,8,3,8.0,4,4,0.0,2792.912294230691,2.7929122942306908,0.2891363113569528,0.5483146067415731,7.995505617977528,890
pune,pm10_eps0.5,p_gated_ba,0.5,8,3,16.0,4,4,0.0,2714.6246397306245,2.7146246397306246,0.2773587549231218,0.5483146067415731,7.995505617977528,890
pune,pm10_eps0.5,p_gated_ba,0.5,8,4,,4,4,0.0,2619.4548739709435,2.6194548739709433,0.41364095441186804,0.5444191343963554,8.06378132118451,878
pune,pm10_eps0.5,p_gated_ba,0.5,8,4,4.0,4,4,0.0,5249.597317537831,5.249597317537831,0.5078403552796538,0.5466970387243736,8.06378132118451,878
pune,pm10_eps0.5,p_gated_ba,0.5,8,4,8.0,4,4,0.0,2696.68932751247,2.6966893275124697,0.425874110283848,0.5444191343963554,8.06378132118451,878
pune,pm10_eps0.5,p_gated_ba,0.5,8,4,16.0,4,4,0.0,2619.4548739709435,2.6194548739709433,0.41364095441186804,0.5444191343963554,8.06378132118451,878
pune,pm10_eps0.5,p_gated_ba,0.5,8,6,,4,4,0.0,2616.778794006273,2.6167787940062732,0.4619375154161684,0.5428571428571428,8.074285714285715,875
pune,pm10_eps0.5,p_gated_ba,0.5,8,6,8.0,4,4,0.0,2699.917269865056,2.6999172698650558,0.5088587615240763,0.544,8.074285714285715,875
pune,pm10_eps0.5,p_gated_ba,0.5,8,6,16.0,4,4,0.0,2616.778794006273,2.6167787940062732,0.4619375154161684,0.5428571428571428,8.074285714285715,875
pune,pm10_eps0.5,n_weighted,0.5,8,1,,1,0,0.0,2134.3226940090462,2.1343226940090463,0.7422391894821961,1.0,7.840303115352231,3563
pune,pm10_eps0.5,n_weighted,0.5,8,1,4.0,1,0,0.0,3983.357992501967,3.983357992501967,0.6329115935552952,1.0,7.840303115352231,3563
pune,pm10_eps0.5,n_weighted,0.5,8,1,8.0,1,0,0.0,2174.5452590915065,2.1745452590915066,0.7487658333162391,1.0,7.840303115352231,3563
pune,pm10_eps0.5,n_weighted,0.5,8,1,16.0,1,0,0.0,2134.3226940090462,2.1343226940090463,0.7422391894821961,1.0,7.840303115352231,3563
pune,pm10_eps0.5,n_weighted,0.5,8,2,,1,0,0.0,2119.890520250166,2.119890520250166,0.5541756897958898,0.9994386752736458,7.840303115352231,3563
pune,pm10_eps0.5,n_weighted,0.5,8,2,4.0,1,0,0.0,3970.748720773826,3.970748720773826,0.6313261016252066,0.9994386752736458,7.840303115352231,3563
pune,pm10_eps0.5,n_weighted,0.5,8,2,8.0,1,0,0.0,2160.253273630658,2.160253273630658,0.5660401025265286,0.9994386752736458,7.840303115352231,3563
pune,pm10_eps0.5,n_weighted,0.5,8,2,16.0,1,0,0.0,2119.890520250166,2.119890520250166,0.5541756897958898,0.9994386752736458,7.840303115352231,3563
pune,pm10_eps0.5,n_weighted,0.5,8,3,,1,0,0.0,2110.5184551913576,2.1105184551913574,0.6871661916519971,0.9980353634577603,7.840303115352231,3563
pune,pm10_eps0.5,n_weighted,0.5,8,3,4.0,1,0,0.0,3961.756571663824,3.961756571663824,0.6304517212963849,0.9980353634577603,7.840303115352231,3563
pune,pm10_eps0.5,n_weighted,0.5,8,3,8.0,1,0,0.0,2151.015798526861,2.151015798526861,0.6638360098291989,0.9980353634577603,7.840303115352231,3563
pune,pm10_eps0.5,n_weighted,0.5,8,3,16.0,1,0,0.0,2110.5184551913576,2.1105184551913574,0.6871661916519971,0.9980353634577603,7.840303115352231,3563
pune,pm10_eps0.5,n_weighted,0.5,8,4,,1,0,0.0,2041.8345944881555,2.0418345944881553,0.890813768672568,0.9786696603985405,7.840303115352231,3563
pune,pm10_eps0.5,n_weighted,0.5,8,4,4.0,1,0,0.0,3936.8405432237064,3.9368405432237066,0.6265870972832264,0.9789503227617177,7.840303115352231,3563
pune,pm10_eps0.5,n_weighted,0.5,8,4,8.0,1,0,0.0,2090.8993723810736,2.0908993723810734,0.7400136488048943,0.9789503227617177,7.840303115352231,3563
pune,pm10_eps0.5,n_weighted,0.5,8,4,16.0,1,0,0.0,2041.8345944881555,2.0418345944881553,0.890813768672568,0.9786696603985405,7.840303115352231,3563
pune,pm10_eps0.5,n_weighted,0.5,8,6,,1,0,0.0,1998.9552171275625,1.9989552171275624,0.6318578843277602,0.9663205164187483,7.840303115352231,3563
pune,pm10_eps0.5,n_weighted,0.5,8,6,8.0,1,0,0.0,2041.0605196659392,2.041060519665939,0.6500900282974996,0.9663205164187483,7.840303115352231,3563
pune,pm10_eps0.5,n_weighted,0.5,8,6,16.0,1,0,0.0,1998.9552171275625,1.9989552171275624,0.6318578843277602,0.9663205164187483,7.840303115352231,3563
pune,pm10_eps0.5,n_weighted,0.5,8,1,,1,2,0.0,2134.3226940090462,2.1343226940090463,0.7422391894821961,1.0,7.840303115352231,3563
pune,pm10_eps0.5,n_weighted,0.5,8,1,4.0,1,2,0.0,3983.357992501967,3.983357992501967,0.6329115935552952,1.0,7.840303115352231,3563
pune,pm10_eps0.5,n_weighted,0.5,8,1,8.0,1,2,0.0,2174.5452590915065,2.1745452590915066,0.7487658333162391,1.0,7.840303115352231,3563
pune,pm10_eps0.5,n_weighted,0.5,8,1,16.0,1,2,0.0,2134.3226940090462,2.1343226940090463,0.7422391894821961,1.0,7.840303115352231,3563
pune,pm10_eps0.5,n_weighted,0.5,8,2,,1,2,0.0,2121.1625360433213,2.1211625360433213,0.5541655352436209,1.0,7.844144903117102,3561
pune,pm10_eps0.5,n_weighted,0.5,8,2,4.0,1,2,0.0,3971.9772842397874,3.9719772842397876,0.6313253681865905,1.0,7.844144903117102,3561
pune,pm10_eps0.5,n_weighted,0.5,8,2,8.0,1,2,0.0,2161.339902194488,2.161339902194488,0.5660309645742012,1.0,7.844144903117102,3561
pune,pm10_eps0.5,n_weighted,0.5,8,2,16.0,1,2,0.0,2121.1625360433213,2.1211625360433213,0.5541655352436209,1.0,7.844144903117102,3561
pune,pm10_eps0.5,n_weighted,0.5,8,3,,1,2,0.0,2108.0798633569857,2.1080798633569855,0.6871661916519971,0.9997188642114141,7.850716896260894,3557
pune,pm10_eps0.5,n_weighted,0.5,8,3,4.0,1,2,0.0,3962.1496251669814,3.9621496251669814,0.6304517212963849,0.9997188642114141,7.850716896260894,3557
pune,pm10_eps0.5,n_weighted,0.5,8,3,8.0,1,2,0.0,2148.469525236888,2.1484695252368877,0.6638360098291989,0.9997188642114141,7.850716896260894,3557
pune,pm10_eps0.5,n_weighted,0.5,8,3,16.0,1,2,0.0,2108.0798633569857,2.1080798633569855,0.6871661916519971,0.9997188642114141,7.850716896260894,3557
pune,pm10_eps0.5,n_weighted,0.5,8,4,,1,2,0.0,2045.351655947666,2.045351655947666,0.891101980619803,0.9937321937321937,7.915954415954416,3510
pune,pm10_eps0.5,n_weighted,0.5,8,4,4.0,1,2,0.0,3939.0192004001024,3.9390192004001023,0.6263361611163518,0.994017094017094,7.915954415954416,3510
pune,pm10_eps0.5,n_weighted,0.5,8,4,8.0,1,2,0.0,2094.6665126534936,2.0946665126534936,0.7409049575199697,0.994017094017094,7.915954415954416,3510
pune,pm10_eps0.5,n_weighted,0.5,8,4,16.0,1,2,0.0,2045.351655947666,2.045351655947666,0.891101980619803,0.9937321937321937,7.915954415954416,3510
pune,pm10_eps0.5,n_weighted,0.5,8,6,,1,2,0.0,2029.8687232793811,2.0298687232793813,0.6331823940047275,0.9916594765602531,7.949094046591889,3477
pune,pm10_eps0.5,n_weighted,0.5,8,6,8.0,1,2,0.0,2069.3459888350626,2.0693459888350625,0.6503174043173915,0.9916594765602531,7.949094046591889,3477
pune,pm10_eps0.5,n_weighted,0.5,8,6,16.0,1,2,0.0,2029.8687232793811,2.0298687232793813,0.6331823940047275,0.9916594765602531,7.949094046591889,3477
pune,pm10_eps0.5,n_weighted,0.5,8,1,,1,4,0.0,2134.3226940090462,2.1343226940090463,0.7422391894821961,1.0,7.840303115352231,3563
pune,pm10_eps0.5,n_weighted,0.5,8,1,4.0,1,4,0.0,3983.357992501967,3.983357992501967,0.6329115935552952,1.0,7.840303115352231,3563
pune,pm10_eps0.5,n_weighted,0.5,8,1,8.0,1,4,0.0,2174.5452590915065,2.1745452590915066,0.7487658333162391,1.0,7.840303115352231,3563
pune,pm10_eps0.5,n_weighted,0.5,8,1,16.0,1,4,0.0,2134.3226940090462,2.1343226940090463,0.7422391894821961,1.0,7.840303115352231,3563
pune,pm10_eps0.5,n_weighted,0.5,8,2,,1,4,0.0,2121.1625360433213,2.1211625360433213,0.5541655352436209,1.0,7.844144903117102,3561
pune,pm10_eps0.5,n_weighted,0.5,8,2,4.0,1,4,0.0,3971.9772842397874,3.9719772842397876,0.6313253681865905,1.0,7.844144903117102,3561
pune,pm10_eps0.5,n_weighted,0.5,8,2,8.0,1,4,0.0,2161.339902194488,2.161339902194488,0.5660309645742012,1.0,7.844144903117102,3561
pune,pm10_eps0.5,n_weighted,0.5,8,2,16.0,1,4,0.0,2121.1625360433213,2.1211625360433213,0.5541655352436209,1.0,7.844144903117102,3561
pune,pm10_eps0.5,n_weighted,0.5,8,3,,1,4,0.0,2108.079796717391,2.108079796717391,0.6871661916519971,0.9997188642114141,7.850716896260894,3557
pune,pm10_eps0.5,n_weighted,0.5,8,3,4.0,1,4,0.0,3962.1495585273874,3.9621495585273876,0.6304517212963849,0.9997188642114141,7.850716896260894,3557
pune,pm10_eps0.5,n_weighted,0.5,8,3,8.0,1,4,0.0,2148.4694585972934,2.1484694585972934,0.6638360098291989,0.9997188642114141,7.850716896260894,3557
pune,pm10_eps0.5,n_weighted,0.5,8,3,16.0,1,4,0.0,2108.079796717391,2.108079796717391,0.6871661916519971,0.9997188642114141,7.850716896260894,3557
pune,pm10_eps0.5,n_weighted,0.5,8,4,,1,4,0.0,2044.4193422436285,2.0444193422436285,0.891101980619803,0.9962867752070836,7.928877463581833,3501
pune,pm10_eps0.5,n_weighted,0.5,8,4,4.0,1,4,0.0,3940.209162330174,3.940209162330174,0.6263361611163518,0.9965724078834619,7.928877463581833,3501
pune,pm10_eps0.5,n_weighted,0.5,8,4,8.0,1,4,0.0,2092.8232341319826,2.092823234131983,0.7409049575199697,0.9965724078834619,7.928877463581833,3501
pune,pm10_eps0.5,n_weighted,0.5,8,4,16.0,1,4,0.0,2044.4193422436285,2.0444193422436285,0.891101980619803,0.9962867752070836,7.928877463581833,3501
pune,pm10_eps0.5,n_weighted,0.5,8,6,,1,4,0.0,2028.3447067643392,2.028344706764339,0.6331823940047275,0.9953810623556582,7.966512702078522,3464
pune,pm10_eps0.5,n_weighted,0.5,8,6,8.0,1,4,0.0,2066.7369806825236,2.0667369806825238,0.6503174043173915,0.9953810623556582,7.966512702078522,3464
pune,pm10_eps0.5,n_weighted,0.5,8,6,16.0,1,4,0.0,2028.3447067643392,2.028344706764339,0.6331823940047275,0.9953810623556582,7.966512702078522,3464
pune,pm10_eps0.5,n_weighted,0.5,8,1,,2,0,0.0,2038.6072315251147,2.0386072315251145,0.6710416461239064,1.0,7.912457912457913,1782
pune,pm10_eps0.5,n_weighted,0.5,8,1,4.0,2,0,0.0,3868.2747742364877,3.868274774236488,0.8730141893561235,1.0,7.912457912457913,1782
pune,pm10_eps0.5,n_weighted,0.5,8,1,8.0,2,0,0.0,2083.6768799745,2.0836768799745,0.7693271178880127,1.0,7.912457912457913,1782
pune,pm10_eps0.5,n_weighted,0.5,8,1,16.0,2,0,0.0,2038.6072315251147,2.0386072315251145,0.6710416461239064,1.0,7.912457912457913,1782
pune,pm10_eps0.5,n_weighted,0.5,8,2,,2,0,0.0,2038.6072315251147,2.0386072315251145,0.6710416461239064,1.0,7.912457912457913,1782
pune,pm10_eps0.5,n_weighted,0.5,8,2,4.0,2,0,0.0,3868.2747742364877,3.868274774236488,0.8730141893561235,1.0,7.912457912457913,1782
pune,pm10_eps0.5,n_weighted,0.5,8,2,8.0,2,0,0.0,2083.6768799745,2.0836768799745,0.7693271178880127,1.0,7.912457912457913,1782
pune,pm10_eps0.5,n_weighted,0.5,8,2,16.0,2,0,0.0,2038.6072315251147,2.0386072315251145,0.6710416461239064,1.0,7.912457912457913,1782
pune,pm10_eps0.5,n_weighted,0.5,8,3,,2,0,0.0,2039.5000931784855,2.0395000931784857,0.6743682015687897,0.9988776655443322,7.912457912457913,1782
pune,pm10_eps0.5,n_weighted,0.5,8,3,4.0,2,0,0.0,3869.800271215809,3.869800271215809,0.870529542377015,0.9988776655443322,7.912457912457913,1782
pune,pm10_eps0.5,n_weighted,0.5,8,3,8.0,2,0,0.0,2084.5199870192437,2.0845199870192435,0.7683367392148192,0.9988776655443322,7.912457912457913,1782
pune,pm10_eps0.5,n_weighted,0.5,8,3,16.0,2,0,0.0,2039.5000931784855,2.0395000931784857,0.6743682015687897,0.9988776655443322,7.912457912457913,1782
pune,pm10_eps0.5,n_weighted,0.5,8,4,,2,0,0.0,1936.7004965328167,1.9367004965328167,0.847163162391049,0.9814814814814815,7.912457912457913,1782
pune,pm10_eps0.5,n_weighted,0.5,8,4,4.0,2,0,0.0,3778.904268186855,3.778904268186855,0.8997288591618325,0.9814814814814815,7.912457912457913,1782
pune,pm10_eps0.5,n_weighted,0.5,8,4,8.0,2,0,0.0,1984.7902095897462,1.984790209589746,0.8759156975400065,0.9814814814814815,7.912457912457913,1782
pune,pm10_eps0.5,n_weighted,0.5,8,4,16.0,2,0,0.0,1936.7004965328167,1.9367004965328167,0.847163162391049,0.9814814814814815,7.912457912457913,1782
pune,pm10_eps0.5,n_weighted,0.5,8,6,,2,0,0.0,1947.4575959977662,1.9474575959977662,0.8323730582449177,0.9736251402918069,7.912457912457913,1782
pune,pm10_eps0.5,n_weighted,0.5,8,6,8.0,2,0,0.0,1989.393172648915,1.989393172648915,1.0252872265053161,0.9736251402918069,7.912457912457913,1782
pune,pm10_eps0.5,n_weighted,0.5,8,6,16.0,2,0,0.0,1947.4575959977662,1.9474575959977662,0.8323730582449177,0.9736251402918069,7.912457912457913,1782
pune,pm10_eps0.5,n_weighted,0.5,8,1,,2,2,0.0,2038.6072315251147,2.0386072315251145,0.6710416461239064,1.0,7.912457912457913,1782
pune,pm10_eps0.5,n_weighted,0.5,8,1,4.0,2,2,0.0,3868.2747742364877,3.868274774236488,0.8730141893561235,1.0,7.912457912457913,1782
pune,pm10_eps0.5,n_weighted,0.5,8,1,8.0,2,2,0.0,2083.6768799745,2.0836768799745,0.7693271178880127,1.0,7.912457912457913,1782
pune,pm10_eps0.5,n_weighted,0.5,8,1,16.0,2,2,0.0,2038.6072315251147,2.0386072315251145,0.6710416461239064,1.0,7.912457912457913,1782
pune,pm10_eps0.5,n_weighted,0.5,8,2,,2,2,0.0,2038.6072315251147,2.0386072315251145,0.6710416461239064,1.0,7.912457912457913,1782
pune,pm10_eps0.5,n_weighted,0.5,8,2,4.0,2,2,0.0,3868.2747742364877,3.868274774236488,0.8730141893561235,1.0,7.912457912457913,1782
pune,pm10_eps0.5,n_weighted,0.5,8,2,8.0,2,2,0.0,2083.6768799745,2.0836768799745,0.7693271178880127,1.0,7.912457912457913,1782
pune,pm10_eps0.5,n_weighted,0.5,8,2,16.0,2,2,0.0,2038.6072315251147,2.0386072315251145,0.6710416461239064,1.0,7.912457912457913,1782
pune,pm10_eps0.5,n_weighted,0.5,8,3,,2,2,0.0,2030.5477941618008,2.0305477941618006,0.6743778516148176,1.0,7.919101123595506,1780
pune,pm10_eps0.5,n_weighted,0.5,8,3,4.0,2,2,0.0,3864.2059059767585,3.8642059059767586,0.870529542377015,1.0,7.919101123595506,1780
pune,pm10_eps0.5,n_weighted,0.5,8,3,8.0,2,2,0.0,2076.2328134792024,2.0762328134792023,0.7683367392148192,1.0,7.919101123595506,1780
pune,pm10_eps0.5,n_weighted,0.5,8,3,16.0,2,2,0.0,2030.5477941618008,2.0305477941618006,0.6743778516148176,1.0,7.919101123595506,1780
pune,pm10_eps0.5,n_weighted,0.5,8,4,,2,2,0.0,1947.1367987877402,1.9471367987877402,0.8471612537706973,0.9943149516770893,7.977828311540648,1759
pune,pm10_eps0.5,n_weighted,0.5,8,4,4.0,2,2,0.0,3800.3710899714383,3.8003710899714385,0.8997288591618325,0.9943149516770893,7.977828311540648,1759
pune,pm10_eps0.5,n_weighted,0.5,8,4,8.0,2,2,0.0,1993.465290723475,1.993465290723475,0.8759138108367159,0.9943149516770893,7.977828311540648,1759
pune,pm10_eps0.5,n_weighted,0.5,8,4,16.0,2,2,0.0,1947.1367987877402,1.9471367987877402,0.8471612537706973,0.9943149516770893,7.977828311540648,1759
pune,pm10_eps0.5,n_weighted,0.5,8,6,,2,2,0.0,1944.5752148269964,1.9445752148269964,0.8323730582449177,0.9925629290617849,8.0,1748
pune,pm10_eps0.5,n_weighted,0.5,8,6,8.0,2,2,0.0,1984.9813967348816,1.9849813967348817,1.0252872265053161,0.9925629290617849,8.0,1748
pune,pm10_eps0.5,n_weighted,0.5,8,6,16.0,2,2,0.0,1944.5752148269964,1.9445752148269964,0.8323730582449177,0.9925629290617849,8.0,1748
pune,pm10_eps0.5,n_weighted,0.5,8,1,,2,4,0.0,2038.6072315251147,2.0386072315251145,0.6710416461239064,1.0,7.912457912457913,1782
pune,pm10_eps0.5,n_weighted,0.5,8,1,4.0,2,4,0.0,3868.2747742364877,3.868274774236488,0.8730141893561235,1.0,7.912457912457913,1782
pune,pm10_eps0.5,n_weighted,0.5,8,1,8.0,2,4,0.0,2083.6768799745,2.0836768799745,0.7693271178880127,1.0,7.912457912457913,1782
pune,pm10_eps0.5,n_weighted,0.5,8,1,16.0,2,4,0.0,2038.6072315251147,2.0386072315251145,0.6710416461239064,1.0,7.912457912457913,1782
pune,pm10_eps0.5,n_weighted,0.5,8,2,,2,4,0.0,2038.6072315251147,2.0386072315251145,0.6710416461239064,1.0,7.912457912457913,1782
pune,pm10_eps0.5,n_weighted,0.5,8,2,4.0,2,4,0.0,3868.2747742364877,3.868274774236488,0.8730141893561235,1.0,7.912457912457913,1782
pune,pm10_eps0.5,n_weighted,0.5,8,2,8.0,2,4,0.0,2083.6768799745,2.0836768799745,0.7693271178880127,1.0,7.912457912457913,1782
pune,pm10_eps0.5,n_weighted,0.5,8,2,16.0,2,4,0.0,2038.6072315251147,2.0386072315251145,0.6710416461239064,1.0,7.912457912457913,1782
pune,pm10_eps0.5,n_weighted,0.5,8,3,,2,4,0.0,2030.5477941618008,2.0305477941618006,0.6743778516148176,1.0,7.919101123595506,1780
pune,pm10_eps0.5,n_weighted,0.5,8,3,4.0,2,4,0.0,3864.2059059767585,3.8642059059767586,0.870529542377015,1.0,7.919101123595506,1780
pune,pm10_eps0.5,n_weighted,0.5,8,3,8.0,2,4,0.0,2076.2328134792024,2.0762328134792023,0.7683367392148192,1.0,7.919101123595506,1780
pune,pm10_eps0.5,n_weighted,0.5,8,3,16.0,2,4,0.0,2030.5477941618008,2.0305477941618006,0.6743778516148176,1.0,7.919101123595506,1780
pune,pm10_eps0.5,n_weighted,0.5,8,4,,2,4,0.0,1949.2573608248351,1.9492573608248351,0.8471612537706973,0.9971493728620296,7.992018244013683,1754
pune,pm10_eps0.5,n_weighted,0.5,8,4,4.0,2,4,0.0,3805.4835624815582,3.8054835624815584,0.8997288591618325,0.9971493728620296,7.992018244013683,1754
pune,pm10_eps0.5,n_weighted,0.5,8,4,8.0,2,4,0.0,1995.079774698402,1.995079774698402,0.8759138108367159,0.9971493728620296,7.992018244013683,1754
pune,pm10_eps0.5,n_weighted,0.5,8,4,16.0,2,4,0.0,1949.2573608248351,1.9492573608248351,0.8471612537706973,0.9971493728620296,7.992018244013683,1754
pune,pm10_eps0.5,n_weighted,0.5,8,6,,2,4,0.0,1944.7578308738744,1.9447578308738744,0.8323730582449177,0.9954102122776821,8.014343086632243,1743
pune,pm10_eps0.5,n_weighted,0.5,8,6,8.0,2,4,0.0,1984.8900742393525,1.9848900742393525,1.0252872265053161,0.9954102122776821,8.014343086632243,1743
pune,pm10_eps0.5,n_weighted,0.5,8,6,16.0,2,4,0.0,1944.7578308738744,1.9447578308738744,0.8323730582449177,0.9954102122776821,8.014343086632243,1743
pune,pm10_eps0.5,n_weighted,0.5,8,1,,4,0,0.0,1981.651513043686,1.981651513043686,0.6539485021721992,1.0,7.988776655443322,891
pune,pm10_eps0.5,n_weighted,0.5,8,1,4.0,4,0,0.0,3821.0018006418545,3.8210018006418545,0.8298207970695552,1.0,7.988776655443322,891
pune,pm10_eps0.5,n_weighted,0.5,8,1,8.0,4,0,0.0,2033.1368546388526,2.0331368546388524,0.7664734243202032,1.0,7.988776655443322,891
pune,pm10_eps0.5,n_weighted,0.5,8,1,16.0,4,0,0.0,1981.651513043686,1.981651513043686,0.6539485021721992,1.0,7.988776655443322,891
pune,pm10_eps0.5,n_weighted,0.5,8,2,,4,0,0.0,1981.651513043686,1.981651513043686,0.6539485021721992,1.0,7.988776655443322,891
pune,pm10_eps0.5,n_weighted,0.5,8,2,4.0,4,0,0.0,3821.0018006418545,3.8210018006418545,0.8298207970695552,1.0,7.988776655443322,891
pune,pm10_eps0.5,n_weighted,0.5,8,2,8.0,4,0,0.0,2033.1368546388526,2.0331368546388524,0.7664734243202032,1.0,7.988776655443322,891
pune,pm10_eps0.5,n_weighted,0.5,8,2,16.0,4,0,0.0,1981.651513043686,1.981651513043686,0.6539485021721992,1.0,7.988776655443322,891
pune,pm10_eps0.5,n_weighted,0.5,8,3,,4,0,0.0,1977.2669759750409,1.9772669759750408,0.6618460748891916,0.9988776655443322,7.988776655443322,891
pune,pm10_eps0.5,n_weighted,0.5,8,3,4.0,4,0,0.0,3817.774516137906,3.817774516137906,0.8286823243835683,0.9988776655443322,7.988776655443322,891
pune,pm10_eps0.5,n_weighted,0.5,8,3,8.0,4,0,0.0,2030.1215165180283,2.030121516518028,0.765478073783568,0.9988776655443322,7.988776655443322,891
pune,pm10_eps0.5,n_weighted,0.5,8,3,16.0,4,0,0.0,1977.2669759750409,1.9772669759750408,0.6618460748891916,0.9988776655443322,7.988776655443322,891
pune,pm10_eps0.5,n_weighted,0.5,8,4,,4,0,0.0,1918.99889578991,1.91899889578991,0.8459915581986138,0.9820426487093153,7.988776655443322,891
pune,pm10_eps0.5,n_weighted,0.5,8,4,4.0,4,0,0.0,3804.742280958826,3.804742280958826,0.8258317646064498,0.9831649831649831,7.988776655443322,891
pune,pm10_eps0.5,n_weighted,0.5,8,4,8.0,4,0,0.0,1984.0587521102611,1.984058752110261,0.7396418550326145,0.9831649831649831,7.988776655443322,891
pune,pm10_eps0.5,n_weighted,0.5,8,4,16.0,4,0,0.0,1918.99889578991,1.91899889578991,0.8459915581986138,0.9820426487093153,7.988776655443322,891
pune,pm10_eps0.5,n_weighted,0.5,8,6,,4,0,0.0,1984.4617048957305,1.9844617048957305,0.11454843976015053,0.978675645342312,7.988776655443322,891
pune,pm10_eps0.5,n_weighted,0.5,8,6,8.0,4,0,0.0,1968.6060698125395,1.9686060698125396,0.9098114170192844,0.978675645342312,7.988776655443322,891
pune,pm10_eps0.5,n_weighted,0.5,8,6,16.0,4,0,0.0,1984.4617048957305,1.9844617048957305,0.11454843976015053,0.978675645342312,7.988776655443322,891
pune,pm10_eps0.5,n_weighted,0.5,8,1,,4,2,0.0,1981.651513043686,1.981651513043686,0.6539485021721992,1.0,7.988776655443322,891
pune,pm10_eps0.5,n_weighted,0.5,8,1,4.0,4,2,0.0,3821.0018006418545,3.8210018006418545,0.8298207970695552,1.0,7.988776655443322,891
pune,pm10_eps0.5,n_weighted,0.5,8,1,8.0,4,2,0.0,2033.1368546388526,2.0331368546388524,0.7664734243202032,1.0,7.988776655443322,891
pune,pm10_eps0.5,n_weighted,0.5,8,1,16.0,4,2,0.0,1981.651513043686,1.981651513043686,0.6539485021721992,1.0,7.988776655443322,891
pune,pm10_eps0.5,n_weighted,0.5,8,2,,4,2,0.0,1981.651513043686,1.981651513043686,0.6539485021721992,1.0,7.988776655443322,891
pune,pm10_eps0.5,n_weighted,0.5,8,2,4.0,4,2,0.0,3821.0018006418545,3.8210018006418545,0.8298207970695552,1.0,7.988776655443322,891
pune,pm10_eps0.5,n_weighted,0.5,8,2,8.0,4,2,0.0,2033.1368546388526,2.0331368546388524,0.7664734243202032,1.0,7.988776655443322,891
pune,pm10_eps0.5,n_weighted,0.5,8,2,16.0,4,2,0.0,1981.651513043686,1.981651513043686,0.6539485021721992,1.0,7.988776655443322,891
pune,pm10_eps0.5,n_weighted,0.5,8,3,,4,2,0.0,1977.9038719434072,1.9779038719434072,0.6573858688077797,1.0,7.995505617977528,890
pune,pm10_eps0.5,n_weighted,0.5,8,3,4.0,4,2,0.0,3820.829580902108,3.820829580902108,0.8286823243835683,1.0,7.995505617977528,890
pune,pm10_eps0.5,n_weighted,0.5,8,3,8.0,4,2,0.0,2028.7797143976582,2.028779714397658,0.7679369290539804,1.0,7.995505617977528,890
pune,pm10_eps0.5,n_weighted,0.5,8,3,16.0,4,2,0.0,1977.9038719434072,1.9779038719434072,0.6573858688077797,1.0,7.995505617977528,890
pune,pm10_eps0.5,n_weighted,0.5,8,4,,4,2,0.0,1919.2620554505374,1.9192620554505375,0.8459915581986138,0.9931895573212258,8.046538024971623,881
pune,pm10_eps0.5,n_weighted,0.5,8,4,4.0,4,2,0.0,3803.5129473138927,3.8035129473138927,0.8258317646064498,0.9943246311010215,8.046538024971623,881
pune,pm10_eps0.5,n_weighted,0.5,8,4,8.0,4,2,0.0,1984.3593044554361,1.9843593044554362,0.7396418550326145,0.9943246311010215,8.046538024971623,881
pune,pm10_eps0.5,n_weighted,0.5,8,4,16.0,4,2,0.0,1919.2620554505374,1.9192620554505375,0.8459915581986138,0.9931895573212258,8.046538024971623,881
pune,pm10_eps0.5,n_weighted,0.5,8,6,,4,2,0.0,1986.6006755449544,1.9866006755449543,0.11454843976015053,0.9942987457240593,8.060433295324971,877
pune,pm10_eps0.5,n_weighted,0.5,8,6,8.0,4,2,0.0,1970.5362989127386,1.9705362989127386,0.9098114170192844,0.9942987457240593,8.060433295324971,877
pune,pm10_eps0.5,n_weighted,0.5,8,6,16.0,4,2,0.0,1986.6006755449544,1.9866006755449543,0.11454843976015053,0.9942987457240593,8.060433295324971,877
pune,pm10_eps0.5,n_weighted,0.5,8,1,,4,4,0.0,1981.651513043686,1.981651513043686,0.6539485021721992,1.0,7.988776655443322,891
pune,pm10_eps0.5,n_weighted,0.5,8,1,4.0,4,4,0.0,3821.0018006418545,3.8210018006418545,0.8298207970695552,1.0,7.988776655443322,891
pune,pm10_eps0.5,n_weighted,0.5,8,1,8.0,4,4,0.0,2033.1368546388526,2.0331368546388524,0.7664734243202032,1.0,7.988776655443322,891
pune,pm10_eps0.5,n_weighted,0.5,8,1,16.0,4,4,0.0,1981.651513043686,1.981651513043686,0.6539485021721992,1.0,7.988776655443322,891
pune,pm10_eps0.5,n_weighted,0.5,8,2,,4,4,0.0,1981.651513043686,1.981651513043686,0.6539485021721992,1.0,7.988776655443322,891
pune,pm10_eps0.5,n_weighted,0.5,8,2,4.0,4,4,0.0,3821.0018006418545,3.8210018006418545,0.8298207970695552,1.0,7.988776655443322,891
pune,pm10_eps0.5,n_weighted,0.5,8,2,8.0,4,4,0.0,2033.1368546388526,2.0331368546388524,0.7664734243202032,1.0,7.988776655443322,891
pune,pm10_eps0.5,n_weighted,0.5,8,2,16.0,4,4,0.0,1981.651513043686,1.981651513043686,0.6539485021721992,1.0,7.988776655443322,891
pune,pm10_eps0.5,n_weighted,0.5,8,3,,4,4,0.0,1977.9038719434072,1.9779038719434072,0.6573858688077797,1.0,7.995505617977528,890
pune,pm10_eps0.5,n_weighted,0.5,8,3,4.0,4,4,0.0,3820.829580902108,3.820829580902108,0.8286823243835683,1.0,7.995505617977528,890
pune,pm10_eps0.5,n_weighted,0.5,8,3,8.0,4,4,0.0,2028.7797143976582,2.028779714397658,0.7679369290539804,1.0,7.995505617977528,890
pune,pm10_eps0.5,n_weighted,0.5,8,3,16.0,4,4,0.0,1977.9038719434072,1.9779038719434072,0.6573858688077797,1.0,7.995505617977528,890
pune,pm10_eps0.5,n_weighted,0.5,8,4,,4,4,0.0,1932.8953536580516,1.9328953536580515,0.7675558727966926,0.9977220956719818,8.06378132118451,878
pune,pm10_eps0.5,n_weighted,0.5,8,4,4.0,4,4,0.0,3803.576701439429,3.8035767014394293,0.8258317646064498,0.9977220956719818,8.06378132118451,878
pune,pm10_eps0.5,n_weighted,0.5,8,4,8.0,4,4,0.0,1980.6318632293994,1.9806318632293993,0.8573352445672884,0.9977220956719818,8.06378132118451,878
pune,pm10_eps0.5,n_weighted,0.5,8,4,16.0,4,4,0.0,1932.8953536580516,1.9328953536580515,0.7675558727966926,0.9977220956719818,8.06378132118451,878
pune,pm10_eps0.5,n_weighted,0.5,8,6,,4,4,0.0,1989.685050943713,1.989685050943713,0.11454843976015053,0.9965714285714286,8.074285714285715,875
pune,pm10_eps0.5,n_weighted,0.5,8,6,8.0,4,4,0.0,1973.5367955602767,1.9735367955602767,0.9098114170192844,0.9965714285714286,8.074285714285715,875
pune,pm10_eps0.5,n_weighted,0.5,8,6,16.0,4,4,0.0,1989.685050943713,1.989685050943713,0.11454843976015053,0.9965714285714286,8.074285714285715,875
