dataset,sensor,strategy,epsilon,w,P_min,P_max,delta_t,k_ext,epsilon_count,mae,normalized_mae,kl_divergence,release_rate,avg_n_tau,n_logical_timestamps
pune,pm10_eps4.0,uniform,4.0,8,1,,1,0,0.0,261.23826406207337,0.26123826406207334,0.5077709774618508,1.0,7.840303115352231,3563
pune,pm10_eps4.0,uniform,4.0,8,1,4.0,1,0,0.0,496.20424992690147,0.4962042499269015,0.6287026068277797,1.0,7.840303115352231,3563
pune,pm10_eps4.0,uniform,4.0,8,1,8.0,1,0,0.0,266.96559734461584,0.26696559734461583,0.5209369388221552,1.0,7.840303115352231,3563
pune,pm10_eps4.0,uniform,4.0,8,1,16.0,1,0,0.0,261.23826406207337,0.26123826406207334,0.5077709774618508,1.0,7.840303115352231,3563
pune,pm10_eps4.0,uniform,4.0,8,2,,1,0,0.0,261.23826406207337,0.26123826406207334,0.5077709774618508,1.0,7.840303115352231,3563
pune,pm10_eps4.0,uniform,4.0,8,2,4.0,1,0,0.0,496.20424992690147,0.4962042499269015,0.6287026068277797,1.0,7.840303115352231,3563
pune,pm10_eps4.0,uniform,4.0,8,2,8.0,1,0,0.0,266.96559734461584,0.26696559734461583,0.5209369388221552,1.0,7.840303115352231,3563
pune,pm10_eps4.0,uniform,4.0,8,2,16.0,1,0,0.0,261.23826406207337,0.26123826406207334,0.5077709774618508,1.0,7.840303115352231,3563
pune,pm10_eps4.0,uniform,4.0,8,3,,1,0,0.0,261.23826406207337,0.26123826406207334,0.5077709774618508,1.0,7.840303115352231,3563
pune,pm10_eps4.0,uniform,4.0,8,3,4.0,1,0,0.0,496.20424992690147,0.4962042499269015,0.6287026068277797,1.0,7.840303115352231,3563
pune,pm10_eps4.0,uniform,4.0,8,3,8.0,1,0,0.0,266.96559734461584,0.26696559734461583,0.5209369388221552,1.0,7.840303115352231,3563
pune,pm10_eps4.0,uniform,4.0,8,3,16.0,1,0,0.0,261.23826406207337,0.26123826406207334,0.5077709774618508,1.0,7.840303115352231,3563
pune,pm10_eps4.0,uniform,4.0,8,4,,1,0,0.0,261.23826406207337,0.26123826406207334,0.5077709774618508,1.0,7.840303115352231,3563
pune,pm10_eps4.0,uniform,4.0,8,4,4.0,1,0,0.0,496.20424992690147,0.4962042499269015,0.6287026068277797,1.0,7.840303115352231,3563
pune,pm10_eps4.0,uniform,4.0,8,4,8.0,1,0,0.0,266.96559734461584,0.26696559734461583,0.5209369388221552,1.0,7.840303115352231,3563
pune,pm10_eps4.0,uniform,4.0,8,4,16.0,1,0,0.0,261.23826406207337,0.26123826406207334,0.5077709774618508,1.0,7.840303115352231,3563
pune,pm10_eps4.0,uniform,4.0,8,6,,1,0,0.0,261.23826406207337,0.26123826406207334,0.5077709774618508,1.0,7.840303115352231,3563
pune,pm10_eps4.0,uniform,4.0,8,6,8.0,1,0,0.0,266.96559734461584,0.26696559734461583,0.5209369388221552,1.0,7.840303115352231,3563
pune,pm10_eps4.0,uniform,4.0,8,6,16.0,1,0,0.0,261.23826406207337,0.26123826406207334,0.5077709774618508,1.0,7.840303115352231,3563
pune,pm10_eps4.0,uniform,4.0,8,1,,1,2,0.0,261.23826406207337,0.26123826406207334,0.5077709774618508,1.0,7.840303115352231,3563
pune,pm10_eps4.0,uniform,4.0,8,1,4.0,1,2,0.0,496.20424992690147,0.4962042499269015,0.6287026068277797,1.0,7.840303115352231,3563
pune,pm10_eps4.0,uniform,4.0,8,1,8.0,1,2,0.0,266.96559734461584,0.26696559734461583,0.5209369388221552,1.0,7.840303115352231,3563
pune,pm10_eps4.0,uniform,4.0,8,1,16.0,1,2,0.0,261.23826406207337,0.26123826406207334,0.5077709774618508,1.0,7.840303115352231,3563
pune,pm10_eps4.0,uniform,4.0,8,2,,1,2,0.0,260.36653187820673,0.26036653187820674,0.5607042324456923,1.0,7.844144903117102,3561
pune,pm10_eps4.0,uniform,4.0,8,2,4.0,1,2,0.0,495.4396341694774,0.4954396341694774,0.6276327493837016,1.0,7.844144903117102,3561
pune,pm10_eps4.0,uniform,4.0,8,2,8.0,1,2,0.0,266.08115642449843,0.2660811564244984,0.577112657573775,1.0,7.844144903117102,3561
pune,pm10_eps4.0,uniform,4.0,8,2,16.0,1,2,0.0,260.36653187820673,0.26036653187820674,0.5607042324456923,1.0,7.844144903117102,3561
pune,pm10_eps4.0,uniform,4.0,8,3,,1,2,0.0,259.88529392396936,0.25988529392396936,0.5595206190204469,1.0,7.850716896260894,3557
pune,pm10_eps4.0,uniform,4.0,8,3,4.0,1,2,0.0,495.179144779907,0.495179144779907,0.627558574221239,1.0,7.850716896260894,3557
pune,pm10_eps4.0,uniform,4.0,8,3,8.0,1,2,0.0,265.5956623896448,0.2655956623896448,0.575427512587505,1.0,7.850716896260894,3557
pune,pm10_eps4.0,uniform,4.0,8,3,16.0,1,2,0.0,259.88529392396936,0.25988529392396936,0.5595206190204469,1.0,7.850716896260894,3557
pune,pm10_eps4.0,uniform,4.0,8,4,,1,2,0.0,254.0870509217624,0.2540870509217624,0.7646938886382784,1.0,7.915954415954416,3510
pune,pm10_eps4.0,uniform,4.0,8,4,4.0,1,2,0.0,493.01496277603917,0.4930149627760392,0.6232510328273579,1.0,7.915954415954416,3510
pune,pm10_eps4.0,uniform,4.0,8,4,8.0,1,2,0.0,259.79502884341616,0.25979502884341615,0.7757927332485022,1.0,7.915954415954416,3510
pune,pm10_eps4.0,uniform,4.0,8,4,16.0,1,2,0.0,254.0870509217624,0.2540870509217624,0.7646938886382784,1.0,7.915954415954416,3510
pune,pm10_eps4.0,uniform,4.0,8,6,,1,2,0.0,254.1896984922344,0.25418969849223444,0.2854560864870078,1.0,7.949094046591889,3477
pune,pm10_eps4.0,uniform,4.0,8,6,8.0,1,2,0.0,260.06403070280066,0.26006403070280065,0.2913727109667176,1.0,7.949094046591889,3477
pune,pm10_eps4.0,uniform,4.0,8,6,16.0,1,2,0.0,254.1896984922344,0.25418969849223444,0.2854560864870078,1.0,7.949094046591889,3477
pune,pm10_eps4.0,uniform,4.0,8,1,,1,4,0.0,261.23826406207337,0.26123826406207334,0.5077709774618508,1.0,7.840303115352231,3563
pune,pm10_eps4.0,uniform,4.0,8,1,4.0,1,4,0.0,496.20424992690147,0.4962042499269015,0.6287026068277797,1.0,7.840303115352231,3563
pune,pm10_eps4.0,uniform,4.0,8,1,8.0,1,4,0.0,266.96559734461584,0.26696559734461583,0.5209369388221552,1.0,7.840303115352231,3563
pune,pm10_eps4.0,uniform,4.0,8,1,16.0,1,4,0.0,261.23826406207337,0.26123826406207334,0.5077709774618508,1.0,7.840303115352231,3563
pune,pm10_eps4.0,uniform,4.0,8,2,,1,4,0.0,260.36653187820673,0.26036653187820674,0.5607042324456923,1.0,7.844144903117102,3561
pune,pm10_eps4.0,uniform,4.0,8,2,4.0,1,4,0.0,495.4396341694774,0.4954396341694774,0.6276327493837016,1.0,7.844144903117102,3561
pune,pm10_eps4.0,uniform,4.0,8,2,8.0,1,4,0.0,266.08115642449843,0.2660811564244984,0.577112657573775,1.0,7.844144903117102,3561
pune,pm10_eps4.0,uniform,4.0,8,2,16.0,1,4,0.0,260.36653187820673,0.26036653187820674,0.5607042324456923,1.0,7.844144903117102,3561
pune,pm10_eps4.0,uniform,4.0,8,3,,1,4,0.0,259.88529392396936,0.25988529392396936,0.5595206190204469,1.0,7.850716896260894,3557
pune,pm10_eps4.0,uniform,4.0,8,3,4.0,1,4,0.0,495.179144779907,0.495179144779907,0.627558574221239,1.0,7.850716896260894,3557
pune,pm10_eps4.0,uniform,4.0,8,3,8.0,1,4,0.0,265.5956623896448,0.2655956623896448,0.575427512587505,1.0,7.850716896260894,3557
pune,pm10_eps4.0,uniform,4.0,8,3,16.0,1,4,0.0,259.88529392396936,0.25988529392396936,0.5595206190204469,1.0,7.850716896260894,3557
pune,pm10_eps4.0,uniform,4.0,8,4,,1,4,0.0,253.42096389206824,0.25342096389206825,0.7646309544254033,1.0,7.928877463581833,3501
pune,pm10_eps4.0,uniform,4.0,8,4,4.0,1,4,0.0,493.02426550051035,0.4930242655005104,0.620672909257065,1.0,7.928877463581833,3501
pune,pm10_eps4.0,uniform,4.0,8,4,8.0,1,4,0.0,259.2854479802094,0.2592854479802094,0.7751357929731217,1.0,7.928877463581833,3501
pune,pm10_eps4.0,uniform,4.0,8,4,16.0,1,4,0.0,253.42096389206824,0.25342096389206825,0.7646309544254033,1.0,7.928877463581833,3501
pune,pm10_eps4.0,uniform,4.0,8,6,,1,4,0.0,251.30291449152625,0.25130291449152625,0.6198901876342304,1.0,7.966512702078522,3464
pune,pm10_eps4.0,uniform,4.0,8,6,8.0,1,4,0.0,257.0986306855378,0.2570986306855378,0.6377767355477324,1.0,7.966512702078522,3464
pune,pm10_eps4.0,uniform,4.0,8,6,16.0,1,4,0.0,251.30291449152625,0.25130291449152625,0.6198901876342304,1.0,7.966512702078522,3464
pune,pm10_eps4.0,uniform,4.0,8,1,,2,0,0.0,249.832445437531,0.249832445437531,0.6767791746120666,1.0,7.912457912457913,1782
pune,pm10_eps4.0,uniform,4.0,8,1,4.0,2,0,0.0,482.5480562422864,0.4825480562422864,0.8635809418047555,1.0,7.912457912457913,1782
pune,pm10_eps4.0,uniform,4.0,8,1,8.0,2,0,0.0,256.546826709171,0.256546826709171,0.884563769159592,1.0,7.912457912457913,1782
pune,pm10_eps4.0,uniform,4.0,8,1,16.0,2,0,0.0,249.832445437531,0.249832445437531,0.6767791746120666,1.0,7.912457912457913,1782
pune,pm10_eps4.0,uniform,4.0,8,2,,2,0,0.0,249.832445437531,0.249832445437531,0.6767791746120666,1.0,7.912457912457913,1782
pune,pm10_eps4.0,uniform,4.0,8,2,4.0,2,0,0.0,482.5480562422864,0.4825480562422864,0.8635809418047555,1.0,7.912457912457913,1782
pune,pm10_eps4.0,uniform,4.0,8,2,8.0,2,0,0.0,256.546826709171,0.256546826709171,0.884563769159592,1.0,7.912457912457913,1782
pune,pm10_eps4.0,uniform,4.0,8,2,16.0,2,0,0.0,249.832445437531,0.249832445437531,0.6767791746120666,1.0,7.912457912457913,1782
pune,pm10_eps4.0,uniform,4.0,8,3,,2,0,0.0,249.832445437531,0.249832445437531,0.6767791746120666,1.0,7.912457912457913,1782
pune,pm10_eps4.0,uniform,4.0,8,3,4.0,2,0,0.0,482.5480562422864,0.4825480562422864,0.8635809418047555,1.0,7.912457912457913,1782
pune,pm10_eps4.0,uniform,4.0,8,3,8.0,2,0,0.0,256.546826709171,0.256546826709171,0.884563769159592,1.0,7.912457912457913,1782
pune,pm10_eps4.0,uniform,4.0,8,3,16.0,2,0,0.0,249.832445437531,0.249832445437531,0.6767791746120666,1.0,7.912457912457913,1782
pune,pm10_eps4.0,uniform,4.0,8,4,,2,0,0.0,249.832445437531,0.249832445437531,0.6767791746120666,1.0,7.912457912457913,1782
pune,pm10_eps4.0,uniform,4.0,8,4,4.0,2,0,0.0,482.5480562422864,0.4825480562422864,0.8635809418047555,1.0,7.912457912457913,1782
pune,pm10_eps4.0,uniform,4.0,8,4,8.0,2,0,0.0,256.546826709171,0.256546826709171,0.884563769159592,1.0,7.912457912457913,1782
pune,pm10_eps4.0,uniform,4.0,8,4,16.0,2,0,0.0,249.832445437531,0.249832445437531,0.6767791746120666,1.0,7.912457912457913,1782
pune,pm10_eps4.0,uniform,4.0,8,6,,2,0,0.0,249.832445437531,0.249832445437531,0.6767791746120666,1.0,7.912457912457913,1782
pune,pm10_eps4.0,uniform,4.0,8,6,8.0,2,0,0.0,256.546826709171,0.256546826709171,0.884563769159592,1.0,7.912457912457913,1782
pune,pm10_eps4.0,uniform,4.0,8,6,16.0,2,0,0.0,249.832445437531,0.249832445437531,0.6767791746120666,1.0,7.912457912457913,1782
pune,pm10_eps4.0,uniform,4.0,8,1,,2,2,0.0,249.832445437531,0.249832445437531,0.6767791746120666,1.0,7.912457912457913,1782
pune,pm10_eps4.0,uniform,4.0,8,1,4.0,2,2,0.0,482.5480562422864,0.4825480562422864,0.8635809418047555,1.0,7.912457912457913,1782
pune,pm10_eps4.0,uniform,4.0,8,1,8.0,2,2,0.0,256.546826709171,0.256546826709171,0.884563769159592,1.0,7.912457912457913,1782
pune,pm10_eps4.0,uniform,4.0,8,1,16.0,2,2,0.0,249.832445437531,0.249832445437531,0.6767791746120666,1.0,7.912457912457913,1782
pune,pm10_eps4.0,uniform,4.0,8,2,,2,2,0.0,249.832445437531,0.249832445437531,0.6767791746120666,1.0,7.912457912457913,1782
pune,pm10_eps4.0,uniform,4.0,8,2,4.0,2,2,0.0,482.5480562422864,0.4825480562422864,0.8635809418047555,1.0,7.912457912457913,1782
pune,pm10_eps4.0,uniform,4.0,8,2,8.0,2,2,0.0,256.546826709171,0.256546826709171,0.884563769159592,1.0,7.912457912457913,1782
pune,pm10_eps4.0,uniform,4.0,8,2,16.0,2,2,0.0,249.832445437531,0.249832445437531,0.6767791746120666,1.0,7.912457912457913,1782
pune,pm10_eps4.0,uniform,4.0,8,3,,2,2,0.0,249.27610777902444,0.24927610777902445,0.676765460600795,1.0,7.919101123595506,1780
pune,pm10_eps4.0,uniform,4.0,8,3,4.0,2,2,0.0,482.3911924193294,0.4823911924193294,0.8624504048201409,1.0,7.919101123595506,1780
pune,pm10_eps4.0,uniform,4.0,8,3,8.0,2,2,0.0,256.02874847232493,0.25602874847232493,0.8820793862745268,1.0,7.919101123595506,1780
pune,pm10_eps4.0,uniform,4.0,8,3,16.0,2,2,0.0,249.27610777902444,0.24927610777902445,0.676765460600795,1.0,7.919101123595506,1780
pune,pm10_eps4.0,uniform,4.0,8,4,,2,2,0.0,242.38385686628993,0.24238385686628994,0.9082255916466722,1.0,7.977828311540648,1759
pune,pm10_eps4.0,uniform,4.0,8,4,4.0,2,2,0.0,476.7324540563675,0.4767324540563675,0.8983979305719089,1.0,7.977828311540648,1759
pune,pm10_eps4.0,uniform,4.0,8,4,8.0,2,2,0.0,248.94038456251533,0.24894038456251533,0.9224058826642968,1.0,7.977828311540648,1759
pune,pm10_eps4.0,uniform,4.0,8,4,16.0,2,2,0.0,242.38385686628993,0.24238385686628994,0.9082255916466722,1.0,7.977828311540648,1759
pune,pm10_eps4.0,uniform,4.0,8,6,,2,2,0.0,241.36880796133505,0.24136880796133506,0.7613429854262544,1.0,8.0,1748
pune,pm10_eps4.0,uniform,4.0,8,6,8.0,2,2,0.0,248.09597804548167,0.24809597804548167,0.773653082132275,1.0,8.0,1748
pune,pm10_eps4.0,uniform,4.0,8,6,16.0,2,2,0.0,241.36880796133505,0.24136880796133506,0.7613429854262544,1.0,8.0,1748
pune,pm10_eps4.0,uniform,4.0,8,1,,2,4,0.0,249.832445437531,0.249832445437531,0.6767791746120666,1.0,7.912457912457913,1782
pune,pm10_eps4.0,uniform,4.0,8,1,4.0,2,4,0.0,482.5480562422864,0.4825480562422864,0.8635809418047555,1.0,7.912457912457913,1782
pune,pm10_eps4.0,uniform,4.0,8,1,8.0,2,4,0.0,256.546826709171,0.256546826709171,0.884563769159592,1.0,7.912457912457913,1782
pune,pm10_eps4.0,uniform,4.0,8,1,16.0,2,4,0.0,249.832445437531,0.249832445437531,0.6767791746120666,1.0,7.912457912457913,1782
pune,pm10_eps4.0,uniform,4.0,8,2,,2,4,0.0,249.832445437531,0.249832445437531,0.6767791746120666,1.0,7.912457912457913,1782
pune,pm10_eps4.0,uniform,4.0,8,2,4.0,2,4,0.0,482.5480562422864,0.4825480562422864,0.8635809418047555,1.0,7.912457912457913,1782
pune,pm10_eps4.0,uniform,4.0,8,2,8.0,2,4,0.0,256.546826709171,0.256546826709171,0.884563769159592,1.0,7.912457912457913,1782
pune,pm10_eps4.0,uniform,4.0,8,2,16.0,2,4,0.0,249.832445437531,0.249832445437531,0.6767791746120666,1.0,7.912457912457913,1782
pune,pm10_eps4.0,uniform,4.0,8,3,,2,4,0.0,249.27610777902444,0.24927610777902445,0.676765460600795,1.0,7.919101123595506,1780
pune,pm10_eps4.0,uniform,4.0,8,3,4.0,2,4,0.0,482.3911924193294,0.4823911924193294,0.8624504048201409,1.0,7.919101123595506,1780
pune,pm10_eps4.0,uniform,4.0,8,3,8.0,2,4,0.0,256.02874847232493,0.25602874847232493,0.8820793862745268,1.0,7.919101123595506,1780
pune,pm10_eps4.0,uniform,4.0,8,3,16.0,2,4,0.0,249.27610777902444,0.24927610777902445,0.676765460600795,1.0,7.919101123595506,1780
pune,pm10_eps4.0,uniform,4.0,8,4,,2,4,0.0,241.59123747264206,0.24159123747264205,0.9124369179506349,1.0,7.992018244013683,1754
pune,pm10_eps4.0,uniform,4.0,8,4,4.0,2,4,0.0,476.50622868047816,0.47650622868047815,0.8969379684376699,1.0,7.992018244013683,1754
pune,pm10_eps4.0,uniform,4.0,8,4,8.0,2,4,0.0,248.24560104859017,0.24824560104859017,0.9296407402074103,1.0,7.992018244013683,1754
pune,pm10_eps4.0,uniform,4.0,8,4,16.0,2,4,0.0,241.59123747264206,0.24159123747264205,0.9124369179506349,1.0,7.992018244013683,1754
pune,pm10_eps4.0,uniform,4.0,8,6,,2,4,0.0,240.48008786973148,0.2404800878697315,0.9221445114252754,1.0,8.014343086632243,1743
pune,pm10_eps4.0,uniform,4.0,8,6,8.0,2,4,0.0,247.14890269787077,0.24714890269787076,0.9471172930158172,1.0,8.014343086632243,1743
pune,pm10_eps4.0,uniform,4.0,8,6,16.0,2,4,0.0,240.48008786973148,0.2404800878697315,0.9221445114252754,1.0,8.014343086632243,1743
pune,pm10_eps4.0,uniform,4.0,8,1,,4,0,0.0,241.2112816254307,0.2412112816254307,0.7431027730749905,1.0,7.988776655443322,891
pune,pm10_eps4.0,uniform,4.0,8,1,4.0,4,0,0.0,476.33760002241814,0.47633760002241815,0.8430260399769701,1.0,7.988776655443322,891
pune,pm10_eps4.0,uniform,4.0,8,1,8.0,4,0,0.0,248.8694681900849,0.24886946819008487,0.7498809311844762,1.0,7.988776655443322,891
pune,pm10_eps4.0,uniform,4.0,8,1,16.0,4,0,0.0,241.2112816254307,0.2412112816254307,0.7431027730749905,1.0,7.988776655443322,891
pune,pm10_eps4.0,uniform,4.0,8,2,,4,0,0.0,241.2112816254307,0.2412112816254307,0.7431027730749905,1.0,7.988776655443322,891
pune,pm10_eps4.0,uniform,4.0,8,2,4.0,4,0,0.0,476.33760002241814,0.47633760002241815,0.8430260399769701,1.0,7.988776655443322,891
pune,pm10_eps4.0,uniform,4.0,8,2,8.0,4,0,0.0,248.8694681900849,0.24886946819008487,0.7498809311844762,1.0,7.988776655443322,891
pune,pm10_eps4.0,uniform,4.0,8,2,16.0,4,0,0.0,241.2112816254307,0.2412112816254307,0.7431027730749905,1.0,7.988776655443322,891
pune,pm10_eps4.0,uniform,4.0,8,3,,4,0,0.0,241.2112816254307,0.2412112816254307,0.7431027730749905,1.0,7.988776655443322,891
pune,pm10_eps4.0,uniform,4.0,8,3,4.0,4,0,0.0,476.33760002241814,0.47633760002241815,0.8430260399769701,1.0,7.988776655443322,891
pune,pm10_eps4.0,uniform,4.0,8,3,8.0,4,0,0.0,248.8694681900849,0.24886946819008487,0.7498809311844762,1.0,7.988776655443322,891
pune,pm10_eps4.0,uniform,4.0,8,3,16.0,4,0,0.0,241.2112816254307,0.2412112816254307,0.7431027730749905,1.0,7.988776655443322,891
pune,pm10_eps4.0,uniform,4.0,8,4,,4,0,0.0,241.2112816254307,0.2412112816254307,0.7431027730749905,1.0,7.988776655443322,891
pune,pm10_eps4.0,uniform,4.0,8,4,4.0,4,0,0.0,476.33760002241814,0.47633760002241815,0.8430260399769701,1.0,7.988776655443322,891
pune,pm10_eps4.0,uniform,4.0,8,4,8.0,4,0,0.0,248.8694681900849,0.24886946819008487,0.7498809311844762,1.0,7.988776655443322,891
pune,pm10_eps4.0,uniform,4.0,8,4,16.0,4,0,0.0,241.2112816254307,0.2412112816254307,0.7431027730749905,1.0,7.988776655443322,891
pune,pm10_eps4.0,uniform,4.0,8,6,,4,0,0.0,241.2112816254307,0.2412112816254307,0.7431027730749905,1.0,7.988776655443322,891
pune,pm10_eps4.0,uniform,4.0,8,6,8.0,4,0,0.0,248.8694681900849,0.24886946819008487,0.7498809311844762,1.0,7.988776655443322,891
pune,pm10_eps4.0,uniform,4.0,8,6,16.0,4,0,0.0,241.2112816254307,0.2412112816254307,0.7431027730749905,1.0,7.988776655443322,891
pune,pm10_eps4.0,uniform,4.0,8,1,,4,2,0.0,241.2112816254307,0.2412112816254307,0.7431027730749905,1.0,7.988776655443322,891
pune,pm10_eps4.0,uniform,4.0,8,1,4.0,4,2,0.0,476.33760002241814,0.47633760002241815,0.8430260399769701,1.0,7.988776655443322,891
pune,pm10_eps4.0,uniform,4.0,8,1,8.0,4,2,0.0,248.8694681900849,0.24886946819008487,0.7498809311844762,1.0,7.988776655443322,891
pune,pm10_eps4.0,uniform,4.0,8,1,16.0,4,2,0.0,241.2112816254307,0.2412112816254307,0.7431027730749905,1.0,7.988776655443322,891
pune,pm10_eps4.0,uniform,4.0,8,2,,4,2,0.0,241.2112816254307,0.2412112816254307,0.7431027730749905,1.0,7.988776655443322,891
pune,pm10_eps4.0,uniform,4.0,8,2,4.0,4,2,0.0,476.33760002241814,0.47633760002241815,0.8430260399769701,1.0,7.988776655443322,891
pune,pm10_eps4.0,uniform,4.0,8,2,8.0,4,2,0.0,248.8694681900849,0.24886946819008487,0.7498809311844762,1.0,7.988776655443322,891
pune,pm10_eps4.0,uniform,4.0,8,2,16.0,4,2,0.0,241.2112816254307,0.2412112816254307,0.7431027730749905,1.0,7.988776655443322,891
pune,pm10_eps4.0,uniform,4.0,8,3,,4,2,0.0,241.52270488319675,0.24152270488319674,0.7491150530431049,1.0,7.995505617977528,890
pune,pm10_eps4.0,uniform,4.0,8,3,4.0,4,2,0.0,476.62031133950217,0.47662031133950217,0.8392378350541551,1.0,7.995505617977528,890
pune,pm10_eps4.0,uniform,4.0,8,3,8.0,4,2,0.0,249.19683175572783,0.24919683175572782,0.7559289745838732,1.0,7.995505617977528,890
pune,pm10_eps4.0,uniform,4.0,8,3,16.0,4,2,0.0,241.52270488319675,0.24152270488319674,0.7491150530431049,1.0,7.995505617977528,890
pune,pm10_eps4.0,uniform,4.0,8,4,,4,2,0.0,239.5237867783538,0.23952378677835381,0.29215612078039416,1.0,8.046538024971623,881
pune,pm10_eps4.0,uniform,4.0,8,4,4.0,4,2,0.0,476.535915651592,0.476535915651592,0.8341108705370854,1.0,8.046538024971623,881
pune,pm10_eps4.0,uniform,4.0,8,4,8.0,4,2,0.0,247.38455180213865,0.24738455180213864,0.30200241148849594,1.0,8.046538024971623,881
pune,pm10_eps4.0,uniform,4.0,8,4,16.0,4,2,0.0,239.5237867783538,0.23952378677835381,0.29215612078039416,1.0,8.046538024971623,881
pune,pm10_eps4.0,uniform,4.0,8,6,,4,2,0.0,238.7259483800998,0.2387259483800998,0.8346528516193374,1.0,8.060433295324971,877
pune,pm10_eps4.0,uniform,4.0,8,6,8.0,4,2,0.0,246.70812233741705,0.24670812233741704,0.8612341491246999,1.0,8.060433295324971,877
pune,pm10_eps4.0,uniform,4.0,8,6,16.0,4,2,0.0,238.7259483800998,0.2387259483800998,0.8346528516193374,1.0,8.060433295324971,877
pune,pm10_eps4.0,uniform,4.0,8,1,,4,4,0.0,241.2112816254307,0.2412112816254307,0.7431027730749905,1.0,7.988776655443322,891
pune,pm10_eps4.0,uniform,4.0,8,1,4.0,4,4,0.0,476.33760002241814,0.47633760002241815,0.8430260399769701,1.0,7.988776655443322,891
pune,pm10_eps4.0,uniform,4.0,8,1,8.0,4,4,0.0,248.8694681900849,0.24886946819008487,0.7498809311844762,1.0,7.988776655443322,891
pune,pm10_eps4.0,uniform,4.0,8,1,16.0,4,4,0.0,241.2112816254307,0.2412112816254307,0.7431027730749905,1.0,7.988776655443322,891
pune,pm10_eps4.0,uniform,4.0,8,2,,4,4,0.0,241.2112816254307,0.2412112816254307,0.7431027730749905,1.0,7.988776655443322,891
pune,pm10_eps4.0,uniform,4.0,8,2,4.0,4,4,0.0,476.33760002241814,0.47633760002241815,0.8430260399769701,1.0,7.988776655443322,891
pune,pm10_eps4.0,uniform,4.0,8,2,8.0,4,4,0.0,248.8694681900849,0.24886946819008487,0.7498809311844762,1.0,7.988776655443322,891
pune,pm10_eps4.0,uniform,4.0,8,2,16.0,4,4,0.0,241.2112816254307,0.2412112816254307,0.7431027730749905,1.0,7.988776655443322,891
pune,pm10_eps4.0,uniform,4.0,8,3,,4,4,0.0,241.52270488319675,0.24152270488319674,0.7491150530431049,1.0,7.995505617977528,890
pune,pm10_eps4.0,uniform,4.0,8,3,4.0,4,4,0.0,476.62031133950217,0.47662031133950217,0.8392378350541551,1.0,7.995505617977528,890
pune,pm10_eps4.0,uniform,4.0,8,3,8.0,4,4,0.0,249.19683175572783,0.24919683175572782,0.7559289745838732,1.0,7.995505617977528,890
pune,pm10_eps4.0,uniform,4.0,8,3,16.0,4,4,0.0,241.52270488319675,0.24152270488319674,0.7491150530431049,1.0,7.995505617977528,890
pune,pm10_eps4.0,uniform,4.0,8,4,,4,4,0.0,237.31086017442044,0.23731086017442043,0.8467334736287695,1.0,8.06378132118451,878
pune,pm10_eps4.0,uniform,4.0,8,4,4.0,4,4,0.0,476.3350536801573,0.47633505368015727,0.8334480687506426,1.0,8.06378132118451,878
pune,pm10_eps4.0,uniform,4.0,8,4,8.0,4,4,0.0,245.21187701821668,0.24521187701821667,0.867960158368981,1.0,8.06378132118451,878
pune,pm10_eps4.0,uniform,4.0,8,4,16.0,4,4,0.0,237.31086017442044,0.23731086017442043,0.8467334736287695,1.0,8.06378132118451,878
pune,pm10_eps4.0,uniform,4.0,8,6,,4,4,0.0,237.0982123519593,0.2370982123519593,0.8271989913207479,1.0,8.074285714285715,875
pune,pm10_eps4.0,uniform,4.0,8,6,8.0,4,4,0.0,245.0662101739931,0.2450662101739931,0.8562472258925131,1.0,8.074285714285715,875
pune,pm10_eps4.0,uniform,4.0,8,6,16.0,4,4,0.0,237.0982123519593,0.2370982123519593,0.8271989913207479,1.0,8.074285714285715,875
pune,pm10_eps4.0,sample,4.0,8,1,,1,0,0.0,33.390056207629414,0.033390056207629415,0.1792265162312037,0.1251754139769857,7.840303115352231,3563
pune,pm10_eps4.0,sample,4.0,8,1,4.0,1,0,0.0,62.7502320756686,0.0627502320756686,0.715402725598591,0.1251754139769857,7.840303115352231,3563
pune,pm10_eps4.0,sample,4.0,8,1,8.0,1,0,0.0,34.16818233076253,0.03416818233076253,0.18814405201933268,0.1251754139769857,7.840303115352231,3563
pune,pm10_eps4.0,sample,4.0,8,1,16.0,1,0,0.0,33.390056207629414,0.033390056207629415,0.1792265162312037,0.1251754139769857,7.840303115352231,3563
pune,pm10_eps4.0,sample,4.0,8,2,,1,0,0.0,33.390056207629414,0.033390056207629415,0.1792265162312037,0.1251754139769857,7.840303115352231,3563
pune,pm10_eps4.0,sample,4.0,8,2,4.0,1,0,0.0,62.7502320756686,0.0627502320756686,0.715402725598591,0.1251754139769857,7.840303115352231,3563
pune,pm10_eps4.0,sample,4.0,8,2,8.0,1,0,0.0,34.16818233076253,0.03416818233076253,0.18814405201933268,0.1251754139769857,7.840303115352231,3563
pune,pm10_eps4.0,sample,4.0,8,2,16.0,1,0,0.0,33.390056207629414,0.033390056207629415,0.1792265162312037,0.1251754139769857,7.840303115352231,3563
pune,pm10_eps4.0,sample,4.0,8,3,,1,0,0.0,33.390056207629414,0.033390056207629415,0.1792265162312037,0.1251754139769857,7.840303115352231,3563
pune,pm10_eps4.0,sample,4.0,8,3,4.0,1,0,0.0,62.7502320756686,0.0627502320756686,0.715402725598591,0.1251754139769857,7.840303115352231,3563
pune,pm10_eps4.0,sample,4.0,8,3,8.0,1,0,0.0,34.16818233076253,0.03416818233076253,0.18814405201933268,0.1251754139769857,7.840303115352231,3563
pune,pm10_eps4.0,sample,4.0,8,3,16.0,1,0,0.0,33.390056207629414,0.033390056207629415,0.1792265162312037,0.1251754139769857,7.840303115352231,3563
pune,pm10_eps4.0,sample,4.0,8,4,,1,0,0.0,33.390056207629414,0.033390056207629415,0.1792265162312037,0.1251754139769857,7.840303115352231,3563
pune,pm10_eps4.0,sample,4.0,8,4,4.0,1,0,0.0,62.7502320756686,0.0627502320756686,0.715402725598591,0.1251754139769857,7.840303115352231,3563
pune,pm10_eps4.0,sample,4.0,8,4,8.0,1,0,0.0,34.16818233076253,0.03416818233076253,0.18814405201933268,0.1251754139769857,7.840303115352231,3563
pune,pm10_eps4.0,sample,4.0,8,4,16.0,1,0,0.0,33.390056207629414,0.033390056207629415,0.1792265162312037,0.1251754139769857,7.840303115352231,3563
pune,pm10_eps4.0,sample,4.0,8,6,,1,0,0.0,33.390056207629414,0.033390056207629415,0.1792265162312037,0.1251754139769857,7.840303115352231,3563
pune,pm10_eps4.0,sample,4.0,8,6,8.0,1,0,0.0,34.16818233076253,0.03416818233076253,0.18814405201933268,0.1251754139769857,7.840303115352231,3563
pune,pm10_eps4.0,sample,4.0,8,6,16.0,1,0,0.0,33.390056207629414,0.033390056207629415,0.1792265162312037,0.1251754139769857,7.840303115352231,3563
pune,pm10_eps4.0,sample,4.0,8,1,,1,2,0.0,33.390056207629414,0.033390056207629415,0.1792265162312037,0.1251754139769857,7.840303115352231,3563
pune,pm10_eps4.0,sample,4.0,8,1,4.0,1,2,0.0,62.7502320756686,0.0627502320756686,0.715402725598591,0.1251754139769857,7.840303115352231,3563
pune,pm10_eps4.0,sample,4.0,8,1,8.0,1,2,0.0,34.16818233076253,0.03416818233076253,0.18814405201933268,0.1251754139769857,7.840303115352231,3563
pune,pm10_eps4.0,sample,4.0,8,1,16.0,1,2,0.0,33.390056207629414,0.033390056207629415,0.1792265162312037,0.1251754139769857,7.840303115352231,3563
pune,pm10_eps4.0,sample,4.0,8,2,,1,2,0.0,33.38716495226592,0.03338716495226592,0.17124840041707004,0.12524571749508565,7.844144903117102,3561
pune,pm10_eps4.0,sample,4.0,8,2,4.0,1,2,0.0,62.723094986980186,0.06272309498698019,0.715402725598591,0.12524571749508565,7.844144903117102,3561
pune,pm10_eps4.0,sample,4.0,8,2,8.0,1,2,0.0,34.1632456893636,0.034163245689363596,0.18016170029496817,0.12524571749508565,7.844144903117102,3561
pune,pm10_eps4.0,sample,4.0,8,2,16.0,1,2,0.0,33.38716495226592,0.03338716495226592,0.17124840041707004,0.12524571749508565,7.844144903117102,3561
pune,pm10_eps4.0,sample,4.0,8,3,,1,2,0.0,33.1903249595755,0.033190324959575496,0.1622609848265489,0.12510542592071972,7.850716896260894,3557
pune,pm10_eps4.0,sample,4.0,8,3,4.0,1,2,0.0,62.741644354705805,0.0627416443547058,0.7084074110188082,0.12510542592071972,7.850716896260894,3557
pune,pm10_eps4.0,sample,4.0,8,3,8.0,1,2,0.0,33.99098529508801,0.03399098529508801,0.17127074340502613,0.12510542592071972,7.850716896260894,3557
pune,pm10_eps4.0,sample,4.0,8,3,16.0,1,2,0.0,33.1903249595755,0.033190324959575496,0.1622609848265489,0.12510542592071972,7.850716896260894,3557
pune,pm10_eps4.0,sample,4.0,8,4,,1,2,0.0,32.301615694456814,0.03230161569445682,0.5119919042945131,0.12507122507122506,7.915954415954416,3510
pune,pm10_eps4.0,sample,4.0,8,4,4.0,1,2,0.0,62.525161013785365,0.06252516101378537,0.3549388885870304,0.12507122507122506,7.915954415954416,3510
pune,pm10_eps4.0,sample,4.0,8,4,8.0,1,2,0.0,33.09277006161186,0.03309277006161186,0.5245513233995359,0.12507122507122506,7.915954415954416,3510
pune,pm10_eps4.0,sample,4.0,8,4,16.0,1,2,0.0,32.301615694456814,0.03230161569445682,0.5119919042945131,0.12507122507122506,7.915954415954416,3510
pune,pm10_eps4.0,sample,4.0,8,6,,1,2,0.0,32.38312069779045,0.03238312069779045,0.30219974624031537,0.12510785159620363,7.949094046591889,3477
pune,pm10_eps4.0,sample,4.0,8,6,8.0,1,2,0.0,33.2598458337419,0.0332598458337419,0.30056143026468024,0.12510785159620363,7.949094046591889,3477
pune,pm10_eps4.0,sample,4.0,8,6,16.0,1,2,0.0,32.38312069779045,0.03238312069779045,0.30219974624031537,0.12510785159620363,7.949094046591889,3477
pune,pm10_eps4.0,sample,4.0,8,1,,1,4,0.0,33.390056207629414,0.033390056207629415,0.1792265162312037,0.1251754139769857,7.840303115352231,3563
pune,pm10_eps4.0,sample,4.0,8,1,4.0,1,4,0.0,62.7502320756686,0.0627502320756686,0.715402725598591,0.1251754139769857,7.840303115352231,3563
pune,pm10_eps4.0,sample,4.0,8,1,8.0,1,4,0.0,34.16818233076253,0.03416818233076253,0.18814405201933268,0.1251754139769857,7.840303115352231,3563
pune,pm10_eps4.0,sample,4.0,8,1,16.0,1,4,0.0,33.390056207629414,0.033390056207629415,0.1792265162312037,0.1251754139769857,7.840303115352231,3563
pune,pm10_eps4.0,sample,4.0,8,2,,1,4,0.0,33.38716495226592,0.03338716495226592,0.17124840041707004,0.12524571749508565,7.844144903117102,3561
pune,pm10_eps4.0,sample,4.0,8,2,4.0,1,4,0.0,62.723094986980186,0.06272309498698019,0.715402725598591,0.12524571749508565,7.844144903117102,3561
pune,pm10_eps4.0,sample,4.0,8,2,8.0,1,4,0.0,34.1632456893636,0.034163245689363596,0.18016170029496817,0.12524571749508565,7.844144903117102,3561
pune,pm10_eps4.0,sample,4.0,8,2,16.0,1,4,0.0,33.38716495226592,0.03338716495226592,0.17124840041707004,0.12524571749508565,7.844144903117102,3561
pune,pm10_eps4.0,sample,4.0,8,3,,1,4,0.0,33.190400524115496,0.033190400524115496,0.1622609848265489,0.12510542592071972,7.850716896260894,3557
pune,pm10_eps4.0,sample,4.0,8,3,4.0,1,4,0.0,62.7417199192458,0.0627417199192458,0.7084074110188082,0.12510542592071972,7.850716896260894,3557
pune,pm10_eps4.0,sample,4.0,8,3,8.0,1,4,0.0,33.99106085962801,0.033991060859628004,0.17127074340502613,0.12510542592071972,7.850716896260894,3557
pune,pm10_eps4.0,sample,4.0,8,3,16.0,1,4,0.0,33.190400524115496,0.033190400524115496,0.1622609848265489,0.12510542592071972,7.850716896260894,3557
pune,pm10_eps4.0,sample,4.0,8,4,,1,4,0.0,31.89941273920719,0.03189941273920719,0.5550660627749081,0.12510711225364182,7.928877463581833,3501
pune,pm10_eps4.0,sample,4.0,8,4,4.0,1,4,0.0,62.4650890460103,0.0624650890460103,0.35242755422269495,0.12510711225364182,7.928877463581833,3501
pune,pm10_eps4.0,sample,4.0,8,4,8.0,1,4,0.0,32.69453866048056,0.03269453866048056,0.57723903457404,0.12510711225364182,7.928877463581833,3501
pune,pm10_eps4.0,sample,4.0,8,4,16.0,1,4,0.0,31.89941273920719,0.03189941273920719,0.5550660627749081,0.12510711225364182,7.928877463581833,3501
pune,pm10_eps4.0,sample,4.0,8,6,,1,4,0.0,31.536762152348775,0.031536762152348775,0.48886234911385973,0.125,7.966512702078522,3464
pune,pm10_eps4.0,sample,4.0,8,6,8.0,1,4,0.0,32.39481562417845,0.032394815624178445,0.37931605806694885,0.125,7.966512702078522,3464
pune,pm10_eps4.0,sample,4.0,8,6,16.0,1,4,0.0,31.536762152348775,0.031536762152348775,0.48886234911385973,0.125,7.966512702078522,3464
pune,pm10_eps4.0,sample,4.0,8,1,,2,0,0.0,32.79294200362503,0.03279294200362503,0.46358285146200046,0.1251402918069585,7.912457912457913,1782
pune,pm10_eps4.0,sample,4.0,8,1,4.0,2,0,0.0,63.39309882848436,0.06339309882848436,0.3768591071244919,0.1251402918069585,7.912457912457913,1782
pune,pm10_eps4.0,sample,4.0,8,1,8.0,2,0,0.0,33.656364141925145,0.033656364141925146,0.4937016142857256,0.1251402918069585,7.912457912457913,1782
pune,pm10_eps4.0,sample,4.0,8,1,16.0,2,0,0.0,32.79294200362503,0.03279294200362503,0.46358285146200046,0.1251402918069585,7.912457912457913,1782
pune,pm10_eps4.0,sample,4.0,8,2,,2,0,0.0,32.79294200362503,0.03279294200362503,0.46358285146200046,0.1251402918069585,7.912457912457913,1782
pune,pm10_eps4.0,sample,4.0,8,2,4.0,2,0,0.0,63.39309882848436,0.06339309882848436,0.3768591071244919,0.1251402918069585,7.912457912457913,1782
pune,pm10_eps4.0,sample,4.0,8,2,8.0,2,0,0.0,33.656364141925145,0.033656364141925146,0.4937016142857256,0.1251402918069585,7.912457912457913,1782
pune,pm10_eps4.0,sample,4.0,8,2,16.0,2,0,0.0,32.79294200362503,0.03279294200362503,0.46358285146200046,0.1251402918069585,7.912457912457913,1782
pune,pm10_eps4.0,sample,4.0,8,3,,2,0,0.0,32.79294200362503,0.03279294200362503,0.46358285146200046,0.1251402918069585,7.912457912457913,1782
pune,pm10_eps4.0,sample,4.0,8,3,4.0,2,0,0.0,63.39309882848436,0.06339309882848436,0.3768591071244919,0.1251402918069585,7.912457912457913,1782
pune,pm10_eps4.0,sample,4.0,8,3,8.0,2,0,0.0,33.656364141925145,0.033656364141925146,0.4937016142857256,0.1251402918069585,7.912457912457913,1782
pune,pm10_eps4.0,sample,4.0,8,3,16.0,2,0,0.0,32.79294200362503,0.03279294200362503,0.46358285146200046,0.1251402918069585,7.912457912457913,1782
pune,pm10_eps4.0,sample,4.0,8,4,,2,0,0.0,32.79294200362503,0.03279294200362503,0.46358285146200046,0.1251402918069585,7.912457912457913,1782
pune,pm10_eps4.0,sample,4.0,8,4,4.0,2,0,0.0,63.39309882848436,0.06339309882848436,0.3768591071244919,0.1251402918069585,7.912457912457913,1782
pune,pm10_eps4.0,sample,4.0,8,4,8.0,2,0,0.0,33.656364141925145,0.033656364141925146,0.4937016142857256,0.1251402918069585,7.912457912457913,1782
pune,pm10_eps4.0,sample,4.0,8,4,16.0,2,0,0.0,32.79294200362503,0.03279294200362503,0.46358285146200046,0.1251402918069585,7.912457912457913,1782
pune,pm10_eps4.0,sample,4.0,8,6,,2,0,0.0,32.79294200362503,0.03279294200362503,0.46358285146200046,0.1251402918069585,7.912457912457913,1782
pune,pm10_eps4.0,sample,4.0,8,6,8.0,2,0,0.0,33.656364141925145,0.033656364141925146,0.4937016142857256,0.1251402918069585,7.912457912457913,1782
pune,pm10_eps4.0,sample,4.0,8,6,16.0,2,0,0.0,32.79294200362503,0.03279294200362503,0.46358285146200046,0.1251402918069585,7.912457912457913,1782
pune,pm10_eps4.0,sample,4.0,8,1,,2,2,0.0,32.79294200362503,0.03279294200362503,0.46358285146200046,0.1251402918069585,7.912457912457913,1782
pune,pm10_eps4.0,sample,4.0,8,1,4.0,2,2,0.0,63.39309882848436,0.06339309882848436,0.3768591071244919,0.1251402918069585,7.912457912457913,1782
pune,pm10_eps4.0,sample,4.0,8,1,8.0,2,2,0.0,33.656364141925145,0.033656364141925146,0.4937016142857256,0.1251402918069585,7.912457912457913,1782
pune,pm10_eps4.0,sample,4.0,8,1,16.0,2,2,0.0,32.79294200362503,0.03279294200362503,0.46358285146200046,0.1251402918069585,7.912457912457913,1782
pune,pm10_eps4.0,sample,4.0,8,2,,2,2,0.0,32.79294200362503,0.03279294200362503,0.46358285146200046,0.1251402918069585,7.912457912457913,1782
pune,pm10_eps4.0,sample,4.0,8,2,4.0,2,2,0.0,63.39309882848436,0.06339309882848436,0.3768591071244919,0.1251402918069585,7.912457912457913,1782
pune,pm10_eps4.0,sample,4.0,8,2,8.0,2,2,0.0,33.656364141925145,0.033656364141925146,0.4937016142857256,0.1251402918069585,7.912457912457913,1782
pune,pm10_eps4.0,sample,4.0,8,2,16.0,2,2,0.0,32.79294200362503,0.03279294200362503,0.46358285146200046,0.1251402918069585,7.912457912457913,1782
pune,pm10_eps4.0,sample,4.0,8,3,,2,2,0.0,32.795285722635505,0.03279528572263551,0.46358285146200046,0.1252808988764045,7.919101123595506,1780
pune,pm10_eps4.0,sample,4.0,8,3,4.0,2,2,0.0,63.40091079751941,0.0634009107975194,0.36393483852534525,0.1252808988764045,7.919101123595506,1780
pune,pm10_eps4.0,sample,4.0,8,3,8.0,2,2,0.0,33.69228515336227,0.03369228515336227,0.4937016142857256,0.1252808988764045,7.919101123595506,1780
pune,pm10_eps4.0,sample,4.0,8,3,16.0,2,2,0.0,32.795285722635505,0.03279528572263551,0.46358285146200046,0.1252808988764045,7.919101123595506,1780
pune,pm10_eps4.0,sample,4.0,8,4,,2,2,0.0,31.33841095793438,0.03133841095793438,0.6574873262323339,0.12507106310403637,7.977828311540648,1759
pune,pm10_eps4.0,sample,4.0,8,4,4.0,2,2,0.0,62.39587631933932,0.06239587631933932,0.5684836026059895,0.12507106310403637,7.977828311540648,1759
pune,pm10_eps4.0,sample,4.0,8,4,8.0,2,2,0.0,32.21201759551184,0.03221201759551184,0.41134204438796607,0.12507106310403637,7.977828311540648,1759
pune,pm10_eps4.0,sample,4.0,8,4,16.0,2,2,0.0,31.33841095793438,0.03133841095793438,0.6574873262323339,0.12507106310403637,7.977828311540648,1759
pune,pm10_eps4.0,sample,4.0,8,6,,2,2,0.0,31.548945810652054,0.031548945810652054,0.4551456107979539,0.12528604118993136,8.0,1748
pune,pm10_eps4.0,sample,4.0,8,6,8.0,2,2,0.0,32.377360259915775,0.03237736025991578,0.44962424963595665,0.12528604118993136,8.0,1748
pune,pm10_eps4.0,sample,4.0,8,6,16.0,2,2,0.0,31.548945810652054,0.031548945810652054,0.4551456107979539,0.12528604118993136,8.0,1748
pune,pm10_eps4.0,sample,4.0,8,1,,2,4,0.0,32.79294200362503,0.03279294200362503,0.46358285146200046,0.1251402918069585,7.912457912457913,1782
pune,pm10_eps4.0,sample,4.0,8,1,4.0,2,4,0.0,63.39309882848436,0.06339309882848436,0.3768591071244919,0.1251402918069585,7.912457912457913,1782
pune,pm10_eps4.0,sample,4.0,8,1,8.0,2,4,0.0,33.656364141925145,0.033656364141925146,0.4937016142857256,0.1251402918069585,7.912457912457913,1782
pune,pm10_eps4.0,sample,4.0,8,1,16.0,2,4,0.0,32.79294200362503,0.03279294200362503,0.46358285146200046,0.1251402918069585,7.912457912457913,1782
pune,pm10_eps4.0,sample,4.0,8,2,,2,4,0.0,32.79294200362503,0.03279294200362503,0.46358285146200046,0.1251402918069585,7.912457912457913,1782
pune,pm10_eps4.0,sample,4.0,8,2,4.0,2,4,0.0,63.39309882848436,0.06339309882848436,0.3768591071244919,0.1251402918069585,7.912457912457913,1782
pune,pm10_eps4.0,sample,4.0,8,2,8.0,2,4,0.0,33.656364141925145,0.033656364141925146,0.4937016142857256,0.1251402918069585,7.912457912457913,1782
pune,pm10_eps4.0,sample,4.0,8,2,16.0,2,4,0.0,32.79294200362503,0.03279294200362503,0.46358285146200046,0.1251402918069585,7.912457912457913,1782
pune,pm10_eps4.0,sample,4.0,8,3,,2,4,0.0,32.795285722635505,0.03279528572263551,0.46358285146200046,0.1252808988764045,7.919101123595506,1780
pune,pm10_eps4.0,sample,4.0,8,3,4.0,2,4,0.0,63.40091079751941,0.0634009107975194,0.36393483852534525,0.1252808988764045,7.919101123595506,1780
pune,pm10_eps4.0,sample,4.0,8,3,8.0,2,4,0.0,33.69228515336227,0.03369228515336227,0.4937016142857256,0.1252808988764045,7.919101123595506,1780
pune,pm10_eps4.0,sample,4.0,8,3,16.0,2,4,0.0,32.795285722635505,0.03279528572263551,0.46358285146200046,0.1252808988764045,7.919101123595506,1780
pune,pm10_eps4.0,sample,4.0,8,4,,2,4,0.0,32.25347537252302,0.03225347537252302,0.4861811670202659,0.12542759407069556,7.992018244013683,1754
pune,pm10_eps4.0,sample,4.0,8,4,4.0,2,4,0.0,62.70448159391233,0.06270448159391233,0.5871586179935416,0.12542759407069556,7.992018244013683,1754
pune,pm10_eps4.0,sample,4.0,8,4,8.0,2,4,0.0,33.12747300718031,0.033127473007180316,0.4179881636460421,0.12542759407069556,7.992018244013683,1754
pune,pm10_eps4.0,sample,4.0,8,4,16.0,2,4,0.0,32.25347537252302,0.03225347537252302,0.4861811670202659,0.12542759407069556,7.992018244013683,1754
pune,pm10_eps4.0,sample,4.0,8,6,,2,4,0.0,31.188138134687428,0.03118813813468743,0.5224567622605489,0.12507171543316123,8.014343086632243,1743
pune,pm10_eps4.0,sample,4.0,8,6,8.0,2,4,0.0,31.960445561209443,0.031960445561209444,0.5315942926079307,0.12507171543316123,8.014343086632243,1743
pune,pm10_eps4.0,sample,4.0,8,6,16.0,2,4,0.0,31.188138134687428,0.03118813813468743,0.5224567622605489,0.12507171543316123,8.014343086632243,1743
pune,pm10_eps4.0,sample,4.0,8,1,,4,0,0.0,30.70658123902394,0.03070658123902394,0.9041754739988275,0.12570145903479238,7.988776655443322,891
pune,pm10_eps4.0,sample,4.0,8,1,4.0,4,0,0.0,60.99569339893989,0.06099569339893989,0.922372623780207,0.12570145903479238,7.988776655443322,891
pune,pm10_eps4.0,sample,4.0,8,1,8.0,4,0,0.0,31.358880005160394,0.03135888000516039,0.9046708421808892,0.12570145903479238,7.988776655443322,891
pune,pm10_eps4.0,sample,4.0,8,1,16.0,4,0,0.0,30.70658123902394,0.03070658123902394,0.9041754739988275,0.12570145903479238,7.988776655443322,891
pune,pm10_eps4.0,sample,4.0,8,2,,4,0,0.0,30.70658123902394,0.03070658123902394,0.9041754739988275,0.12570145903479238,7.988776655443322,891
pune,pm10_eps4.0,sample,4.0,8,2,4.0,4,0,0.0,60.99569339893989,0.06099569339893989,0.922372623780207,0.12570145903479238,7.988776655443322,891
pune,pm10_eps4.0,sample,4.0,8,2,8.0,4,0,0.0,31.358880005160394,0.03135888000516039,0.9046708421808892,0.12570145903479238,7.988776655443322,891
pune,pm10_eps4.0,sample,4.0,8,2,16.0,4,0,0.0,30.70658123902394,0.03070658123902394,0.9041754739988275,0.12570145903479238,7.988776655443322,891
pune,pm10_eps4.0,sample,4.0,8,3,,4,0,0.0,30.70658123902394,0.03070658123902394,0.9041754739988275,0.12570145903479238,7.988776655443322,891
pune,pm10_eps4.0,sample,4.0,8,3,4.0,4,0,0.0,60.99569339893989,0.06099569339893989,0.922372623780207,0.12570145903479238,7.988776655443322,891
pune,pm10_eps4.0,sample,4.0,8,3,8.0,4,0,0.0,31.358880005160394,0.03135888000516039,0.9046708421808892,0.12570145903479238,7.988776655443322,891
pune,pm10_eps4.0,sample,4.0,8,3,16.0,4,0,0.0,30.70658123902394,0.03070658123902394,0.9041754739988275,0.12570145903479238,7.988776655443322,891
pune,pm10_eps4.0,sample,4.0,8,4,,4,0,0.0,30.70658123902394,0.03070658123902394,0.9041754739988275,0.12570145903479238,7.988776655443322,891
pune,pm10_eps4.0,sample,4.0,8,4,4.0,4,0,0.0,60.99569339893989,0.06099569339893989,0.922372623780207,0.12570145903479238,7.988776655443322,891
pune,pm10_eps4.0,sample,4.0,8,4,8.0,4,0,0.0,31.358880005160394,0.03135888000516039,0.9046708421808892,0.12570145903479238,7.988776655443322,891
pune,pm10_eps4.0,sample,4.0,8,4,16.0,4,0,0.0,30.70658123902394,0.03070658123902394,0.9041754739988275,0.12570145903479238,7.988776655443322,891
pune,pm10_eps4.0,sample,4.0,8,6,,4,0,0.0,30.70658123902394,0.03070658123902394,0.9041754739988275,0.12570145903479238,7.988776655443322,891
pune,pm10_eps4.0,sample,4.0,8,6,8.0,4,0,0.0,31.358880005160394,0.03135888000516039,0.9046708421808892,0.12570145903479238,7.988776655443322,891
pune,pm10_eps4.0,sample,4.0,8,6,16.0,4,0,0.0,30.70658123902394,0.03070658123902394,0.9041754739988275,0.12570145903479238,7.988776655443322,891
pune,pm10_eps4.0,sample,4.0,8,1,,4,2,0.0,30.70658123902394,0.03070658123902394,0.9041754739988275,0.12570145903479238,7.988776655443322,891
pune,pm10_eps4.0,sample,4.0,8,1,4.0,4,2,0.0,60.99569339893989,0.06099569339893989,0.922372623780207,0.12570145903479238,7.988776655443322,891
pune,pm10_eps4.0,sample,4.0,8,1,8.0,4,2,0.0,31.358880005160394,0.03135888000516039,0.9046708421808892,0.12570145903479238,7.988776655443322,891
pune,pm10_eps4.0,sample,4.0,8,1,16.0,4,2,0.0,30.70658123902394,0.03070658123902394,0.9041754739988275,0.12570145903479238,7.988776655443322,891
pune,pm10_eps4.0,sample,4.0,8,2,,4,2,0.0,30.70658123902394,0.03070658123902394,0.9041754739988275,0.12570145903479238,7.988776655443322,891
pune,pm10_eps4.0,sample,4.0,8,2,4.0,4,2,0.0,60.99569339893989,0.06099569339893989,0.922372623780207,0.12570145903479238,7.988776655443322,891
pune,pm10_eps4.0,sample,4.0,8,2,8.0,4,2,0.0,31.358880005160394,0.03135888000516039,0.9046708421808892,0.12570145903479238,7.988776655443322,891
pune,pm10_eps4.0,sample,4.0,8,2,16.0,4,2,0.0,30.70658123902394,0.03070658123902394,0.9041754739988275,0.12570145903479238,7.988776655443322,891
pune,pm10_eps4.0,sample,4.0,8,3,,4,2,0.0,30.874703833865606,0.030874703833865605,0.3229352437330155,0.1258426966292135,7.995505617977528,890
pune,pm10_eps4.0,sample,4.0,8,3,4.0,4,2,0.0,61.08004821387093,0.06108004821387093,0.852823952704125,0.1258426966292135,7.995505617977528,890
pune,pm10_eps4.0,sample,4.0,8,3,8.0,4,2,0.0,31.56623495863695,0.03156623495863695,0.32848652432674447,0.1258426966292135,7.995505617977528,890
pune,pm10_eps4.0,sample,4.0,8,3,16.0,4,2,0.0,30.874703833865606,0.030874703833865605,0.3229352437330155,0.1258426966292135,7.995505617977528,890
pune,pm10_eps4.0,sample,4.0,8,4,,4,2,0.0,30.399181285952068,0.03039918128595207,0.32459745070443025,0.12599318955732122,8.046538024971623,881
pune,pm10_eps4.0,sample,4.0,8,4,4.0,4,2,0.0,60.59174692647928,0.060591746926479284,0.8671895471953814,0.12599318955732122,8.046538024971623,881
pune,pm10_eps4.0,sample,4.0,8,4,8.0,4,2,0.0,31.139565714062996,0.031139565714062997,0.3301718921421124,0.12599318955732122,8.046538024971623,881
pune,pm10_eps4.0,sample,4.0,8,4,16.0,4,2,0.0,30.399181285952068,0.03039918128595207,0.32459745070443025,0.12599318955732122,8.046538024971623,881
pune,pm10_eps4.0,sample,4.0,8,6,,4,2,0.0,31.342870206519308,0.03134287020651931,0.2767685917937969,0.12542759407069556,8.060433295324971,877
pune,pm10_eps4.0,sample,4.0,8,6,8.0,4,2,0.0,31.982178151198244,0.03198217815119824,0.27059331903692,0.12542759407069556,8.060433295324971,877
pune,pm10_eps4.0,sample,4.0,8,6,16.0,4,2,0.0,31.342870206519308,0.03134287020651931,0.2767685917937969,0.12542759407069556,8.060433295324971,877
pune,pm10_eps4.0,sample,4.0,8,1,,4,4,0.0,30.70658123902394,0.03070658123902394,0.9041754739988275,0.12570145903479238,7.988776655443322,891
pune,pm10_eps4.0,sample,4.0,8,1,4.0,4,4,0.0,60.99569339893989,0.06099569339893989,0.922372623780207,0.12570145903479238,7.988776655443322,891
pune,pm10_eps4.0,sample,4.0,8,1,8.0,4,4,0.0,31.358880005160394,0.03135888000516039,0.9046708421808892,0.12570145903479238,7.988776655443322,891
pune,pm10_eps4.0,sample,4.0,8,1,16.0,4,4,0.0,30.70658123902394,0.03070658123902394,0.9041754739988275,0.12570145903479238,7.988776655443322,891
pune,pm10_eps4.0,sample,4.0,8,2,,4,4,0.0,30.70658123902394,0.03070658123902394,0.9041754739988275,0.12570145903479238,7.988776655443322,891
pune,pm10_eps4.0,sample,4.0,8,2,4.0,4,4,0.0,60.99569339893989,0.06099569339893989,0.922372623780207,0.12570145903479238,7.988776655443322,891
pune,pm10_eps4.0,sample,4.0,8,2,8.0,4,4,0.0,31.358880005160394,0.03135888000516039,0.9046708421808892,0.12570145903479238,7.988776655443322,891
pune,pm10_eps4.0,sample,4.0,8,2,16.0,4,4,0.0,30.70658123902394,0.03070658123902394,0.9041754739988275,0.12570145903479238,7.988776655443322,891
pune,pm10_eps4.0,sample,4.0,8,3,,4,4,0.0,30.874703833865606,0.030874703833865605,0.3229352437330155,0.1258426966292135,7.995505617977528,890
pune,pm10_eps4.0,sample,4.0,8,3,4.0,4,4,0.0,61.08004821387093,0.06108004821387093,0.852823952704125,0.1258426966292135,7.995505617977528,890
pune,pm10_eps4.0,sample,4.0,8,3,8.0,4,4,0.0,31.56623495863695,0.03156623495863695,0.32848652432674447,0.1258426966292135,7.995505617977528,890
pune,pm10_eps4.0,sample,4.0,8,3,16.0,4,4,0.0,30.874703833865606,0.030874703833865605,0.3229352437330155,0.1258426966292135,7.995505617977528,890
pune,pm10_eps4.0,sample,4.0,8,4,,4,4,0.0,30.433711148743367,0.030433711148743367,0.31748460474897683,0.1252847380410023,8.06378132118451,878
pune,pm10_eps4.0,sample,4.0,8,4,4.0,4,4,0.0,60.78178246513364,0.06078178246513364,0.8805609296985212,0.1252847380410023,8.06378132118451,878
pune,pm10_eps4.0,sample,4.0,8,4,8.0,4,4,0.0,31.161637992496193,0.031161637992496192,0.3214594611000266,0.1252847380410023,8.06378132118451,878
pune,pm10_eps4.0,sample,4.0,8,4,16.0,4,4,0.0,30.433711148743367,0.030433711148743367,0.31748460474897683,0.1252847380410023,8.06378132118451,878
pune,pm10_eps4.0,sample,4.0,8,6,,4,4,0.0,31.406300063621952,0.03140630006362195,0.28360247023312796,0.12571428571428572,8.074285714285715,875
pune,pm10_eps4.0,sample,4.0,8,6,8.0,4,4,0.0,32.14293781549797,0.03214293781549797,0.28360247023312796,0.12571428571428572,8.074285714285715,875
pune,pm10_eps4.0,sample,4.0,8,6,16.0,4,4,0.0,31.406300063621952,0.03140630006362195,0.28360247023312796,0.12571428571428572,8.074285714285715,875
pune,pm10_eps4.0,budget_distribution,4.0,8,1,,1,0,0.0,380.05114569340793,0.3800511456934079,0.09291450649501563,0.5849003648610721,7.840303115352231,3563
pune,pm10_eps4.0,budget_distribution,4.0,8,1,4.0,1,0,0.0,788.3068944001349,0.7883068944001349,0.1934659286854106,0.6213864720740948,7.840303115352231,3563
pune,pm10_eps4.0,budget_distribution,4.0,8,1,8.0,1,0,0.0,397.9719588367007,0.3979719588367007,0.3951572358915728,0.5877069884928431,7.840303115352231,3563
pune,pm10_eps4.0,budget_distribution,4.0,8,1,16.0,1,0,0.0,380.05114569340793,0.3800511456934079,0.09291450649501563,0.5849003648610721,7.840303115352231,3563
pune,pm10_eps4.0,budget_distribution,4.0,8,2,,1,0,0.0,380.05114569340793,0.3800511456934079,0.09291450649501563,0.5849003648610721,7.840303115352231,3563
pune,pm10_eps4.0,budget_distribution,4.0,8,2,4.0,1,0,0.0,788.3068944001349,0.7883068944001349,0.1934659286854106,0.6213864720740948,7.840303115352231,3563
pune,pm10_eps4.0,budget_distribution,4.0,8,2,8.0,1,0,0.0,397.9719588367007,0.3979719588367007,0.3951572358915728,0.5877069884928431,7.840303115352231,3563
pune,pm10_eps4.0,budget_distribution,4.0,8,2,16.0,1,0,0.0,380.05114569340793,0.3800511456934079,0.09291450649501563,0.5849003648610721,7.840303115352231,3563
pune,pm10_eps4.0,budget_distribution,4.0,8,3,,1,0,0.0,380.05114569340793,0.3800511456934079,0.09291450649501563,0.5849003648610721,7.840303115352231,3563
pune,pm10_eps4.0,budget_distribution,4.0,8,3,4.0,1,0,0.0,788.3068944001349,0.7883068944001349,0.1934659286854106,0.6213864720740948,7.840303115352231,3563
pune,pm10_eps4.0,budget_distribution,4.0,8,3,8.0,1,0,0.0,397.9719588367007,0.3979719588367007,0.3951572358915728,0.5877069884928431,7.840303115352231,3563
pune,pm10_eps4.0,budget_distribution,4.0,8,3,16.0,1,0,0.0,380.05114569340793,0.3800511456934079,0.09291450649501563,0.5849003648610721,7.840303115352231,3563
pune,pm10_eps4.0,budget_distribution,4.0,8,4,,1,0,0.0,380.05114569340793,0.3800511456934079,0.09291450649501563,0.5849003648610721,7.840303115352231,3563
pune,pm10_eps4.0,budget_distribution,4.0,8,4,4.0,1,0,0.0,788.3068944001349,0.7883068944001349,0.1934659286854106,0.6213864720740948,7.840303115352231,3563
pune,pm10_eps4.0,budget_distribution,4.0,8,4,8.0,1,0,0.0,397.9719588367007,0.3979719588367007,0.3951572358915728,0.5877069884928431,7.840303115352231,3563
pune,pm10_eps4.0,budget_distribution,4.0,8,4,16.0,1,0,0.0,380.05114569340793,0.3800511456934079,0.09291450649501563,0.5849003648610721,7.840303115352231,3563
pune,pm10_eps4.0,budget_distribution,4.0,8,6,,1,0,0.0,380.05114569340793,0.3800511456934079,0.09291450649501563,0.5849003648610721,7.840303115352231,3563
pune,pm10_eps4.0,budget_distribution,4.0,8,6,8.0,1,0,0.0,397.9719588367007,0.3979719588367007,0.3951572358915728,0.5877069884928431,7.840303115352231,3563
pune,pm10_eps4.0,budget_distribution,4.0,8,6,16.0,1,0,0.0,380.05114569340793,0.3800511456934079,0.09291450649501563,0.5849003648610721,7.840303115352231,3563
pune,pm10_eps4.0,budget_distribution,4.0,8,1,,1,2,0.0,380.05114569340793,0.3800511456934079,0.09291450649501563,0.5849003648610721,7.840303115352231,3563
pune,pm10_eps4.0,budget_distribution,4.0,8,1,4.0,1,2,0.0,788.3068944001349,0.7883068944001349,0.1934659286854106,0.6213864720740948,7.840303115352231,3563
pune,pm10_eps4.0,budget_distribution,4.0,8,1,8.0,1,2,0.0,397.9719588367007,0.3979719588367007,0.3951572358915728,0.5877069884928431,7.840303115352231,3563
pune,pm10_eps4.0,budget_distribution,4.0,8,1,16.0,1,2,0.0,380.05114569340793,0.3800511456934079,0.09291450649501563,0.5849003648610721,7.840303115352231,3563
pune,pm10_eps4.0,budget_distribution,4.0,8,2,,1,2,0.0,374.66884346255415,0.37466884346255414,0.16668653884971213,0.5857905082841899,7.844144903117102,3561
pune,pm10_eps4.0,budget_distribution,4.0,8,2,4.0,1,2,0.0,774.3019638657598,0.7743019638657598,0.19418216388126686,0.6211738275765234,7.844144903117102,3561
pune,pm10_eps4.0,budget_distribution,4.0,8,2,8.0,1,2,0.0,401.78718202749,0.40178718202749003,0.39365716034818315,0.5880370682392586,7.844144903117102,3561
pune,pm10_eps4.0,budget_distribution,4.0,8,2,16.0,1,2,0.0,374.66884346255415,0.37466884346255414,0.16668653884971213,0.5857905082841899,7.844144903117102,3561
pune,pm10_eps4.0,budget_distribution,4.0,8,3,,1,2,0.0,377.9288732450014,0.3779288732450014,0.38590006716842445,0.5858869834129885,7.850716896260894,3557
pune,pm10_eps4.0,budget_distribution,4.0,8,3,4.0,1,2,0.0,773.8526920149097,0.7738526920149097,0.19407404708371578,0.6210289569862244,7.850716896260894,3557
pune,pm10_eps4.0,budget_distribution,4.0,8,3,8.0,1,2,0.0,387.9579040229052,0.3879579040229052,0.159191342042729,0.5864492549901602,7.850716896260894,3557
pune,pm10_eps4.0,budget_distribution,4.0,8,3,16.0,1,2,0.0,377.9288732450014,0.3779288732450014,0.38590006716842445,0.5858869834129885,7.850716896260894,3557
pune,pm10_eps4.0,budget_distribution,4.0,8,4,,1,2,0.0,362.6720378617187,0.3626720378617187,0.20800445802785422,0.5866096866096866,7.915954415954416,3510
pune,pm10_eps4.0,budget_distribution,4.0,8,4,4.0,1,2,0.0,766.3403004537884,0.7663403004537883,0.18835293608798429,0.6193732193732193,7.915954415954416,3510
pune,pm10_eps4.0,budget_distribution,4.0,8,4,8.0,1,2,0.0,376.2428117467811,0.3762428117467811,0.3029492732858689,0.5874643874643874,7.915954415954416,3510
pune,pm10_eps4.0,budget_distribution,4.0,8,4,16.0,1,2,0.0,362.6720378617187,0.3626720378617187,0.20800445802785422,0.5866096866096866,7.915954415954416,3510
pune,pm10_eps4.0,budget_distribution,4.0,8,6,,1,2,0.0,364.2143753549349,0.3642143753549349,0.10136205667535794,0.5829738280126546,7.949094046591889,3477
pune,pm10_eps4.0,budget_distribution,4.0,8,6,8.0,1,2,0.0,382.310754165177,0.382310754165177,0.3645797992030306,0.5872878918607995,7.949094046591889,3477
pune,pm10_eps4.0,budget_distribution,4.0,8,6,16.0,1,2,0.0,364.2143753549349,0.3642143753549349,0.10136205667535794,0.5829738280126546,7.949094046591889,3477
pune,pm10_eps4.0,budget_distribution,4.0,8,1,,1,4,0.0,380.05114569340793,0.3800511456934079,0.09291450649501563,0.5849003648610721,7.840303115352231,3563
pune,pm10_eps4.0,budget_distribution,4.0,8,1,4.0,1,4,0.0,788.3068944001349,0.7883068944001349,0.1934659286854106,0.6213864720740948,7.840303115352231,3563
pune,pm10_eps4.0,budget_distribution,4.0,8,1,8.0,1,4,0.0,397.9719588367007,0.3979719588367007,0.3951572358915728,0.5877069884928431,7.840303115352231,3563
pune,pm10_eps4.0,budget_distribution,4.0,8,1,16.0,1,4,0.0,380.05114569340793,0.3800511456934079,0.09291450649501563,0.5849003648610721,7.840303115352231,3563
pune,pm10_eps4.0,budget_distribution,4.0,8,2,,1,4,0.0,374.66884346255415,0.37466884346255414,0.16668653884971213,0.5857905082841899,7.844144903117102,3561
pune,pm10_eps4.0,budget_distribution,4.0,8,2,4.0,1,4,0.0,774.3019638657598,0.7743019638657598,0.19418216388126686,0.6211738275765234,7.844144903117102,3561
pune,pm10_eps4.0,budget_distribution,4.0,8,2,8.0,1,4,0.0,401.78718202749,0.40178718202749003,0.39365716034818315,0.5880370682392586,7.844144903117102,3561
pune,pm10_eps4.0,budget_distribution,4.0,8,2,16.0,1,4,0.0,374.66884346255415,0.37466884346255414,0.16668653884971213,0.5857905082841899,7.844144903117102,3561
pune,pm10_eps4.0,budget_distribution,4.0,8,3,,1,4,0.0,377.92861561156974,0.37792861561156976,0.38590006716842445,0.5858869834129885,7.850716896260894,3557
pune,pm10_eps4.0,budget_distribution,4.0,8,3,4.0,1,4,0.0,773.8526920149097,0.7738526920149097,0.19407404708371578,0.6210289569862244,7.850716896260894,3557
pune,pm10_eps4.0,budget_distribution,4.0,8,3,8.0,1,4,0.0,387.9579795874452,0.3879579795874452,0.159191342042729,0.5864492549901602,7.850716896260894,3557
pune,pm10_eps4.0,budget_distribution,4.0,8,3,16.0,1,4,0.0,377.92861561156974,0.37792861561156976,0.38590006716842445,0.5858869834129885,7.850716896260894,3557
pune,pm10_eps4.0,budget_distribution,4.0,8,4,,1,4,0.0,360.5743536013946,0.3605743536013946,0.19868676182431974,0.5878320479862896,7.928877463581833,3501
pune,pm10_eps4.0,budget_distribution,4.0,8,4,4.0,1,4,0.0,766.0515331423755,0.7660515331423755,0.1885403956335139,0.6198229077406455,7.928877463581833,3501
pune,pm10_eps4.0,budget_distribution,4.0,8,4,8.0,1,4,0.0,370.4296001779339,0.37042960017793386,0.3043865529537021,0.5884033133390459,7.928877463581833,3501
pune,pm10_eps4.0,budget_distribution,4.0,8,4,16.0,1,4,0.0,360.5743536013946,0.3605743536013946,0.19868676182431974,0.5878320479862896,7.928877463581833,3501
pune,pm10_eps4.0,budget_distribution,4.0,8,6,,1,4,0.0,366.5674686713322,0.3665674686713322,0.08201803571316234,0.5848729792147807,7.966512702078522,3464
pune,pm10_eps4.0,budget_distribution,4.0,8,6,8.0,1,4,0.0,380.12606117424116,0.38012606117424114,0.2208025015393387,0.5886258660508084,7.966512702078522,3464
pune,pm10_eps4.0,budget_distribution,4.0,8,6,16.0,1,4,0.0,366.5674686713322,0.3665674686713322,0.08201803571316234,0.5848729792147807,7.966512702078522,3464
pune,pm10_eps4.0,budget_distribution,4.0,8,1,,2,0,0.0,417.45354909400965,0.41745354909400967,0.37009259127801075,0.611672278338945,7.912457912457913,1782
pune,pm10_eps4.0,budget_distribution,4.0,8,1,4.0,2,0,0.0,854.7275722146031,0.8547275722146032,0.17877576835720707,0.643658810325477,7.912457912457913,1782
pune,pm10_eps4.0,budget_distribution,4.0,8,1,8.0,2,0,0.0,433.4983454601137,0.4334983454601137,0.36004213106941474,0.6071829405162739,7.912457912457913,1782
pune,pm10_eps4.0,budget_distribution,4.0,8,1,16.0,2,0,0.0,417.45354909400965,0.41745354909400967,0.37009259127801075,0.611672278338945,7.912457912457913,1782
pune,pm10_eps4.0,budget_distribution,4.0,8,2,,2,0,0.0,417.45354909400965,0.41745354909400967,0.37009259127801075,0.611672278338945,7.912457912457913,1782
pune,pm10_eps4.0,budget_distribution,4.0,8,2,4.0,2,0,0.0,854.7275722146031,0.8547275722146032,0.17877576835720707,0.643658810325477,7.912457912457913,1782
pune,pm10_eps4.0,budget_distribution,4.0,8,2,8.0,2,0,0.0,433.4983454601137,0.4334983454601137,0.36004213106941474,0.6071829405162739,7.912457912457913,1782
pune,pm10_eps4.0,budget_distribution,4.0,8,2,16.0,2,0,0.0,417.45354909400965,0.41745354909400967,0.37009259127801075,0.611672278338945,7.912457912457913,1782
pune,pm10_eps4.0,budget_distribution,4.0,8,3,,2,0,0.0,417.45354909400965,0.41745354909400967,0.37009259127801075,0.611672278338945,7.912457912457913,1782
pune,pm10_eps4.0,budget_distribution,4.0,8,3,4.0,2,0,0.0,854.7275722146031,0.8547275722146032,0.17877576835720707,0.643658810325477,7.912457912457913,1782
pune,pm10_eps4.0,budget_distribution,4.0,8,3,8.0,2,0,0.0,433.4983454601137,0.4334983454601137,0.36004213106941474,0.6071829405162739,7.912457912457913,1782
pune,pm10_eps4.0,budget_distribution,4.0,8,3,16.0,2,0,0.0,417.45354909400965,0.41745354909400967,0.37009259127801075,0.611672278338945,7.912457912457913,1782
pune,pm10_eps4.0,budget_distribution,4.0,8,4,,2,0,0.0,417.45354909400965,0.41745354909400967,0.37009259127801075,0.611672278338945,7.912457912457913,1782
pune,pm10_eps4.0,budget_distribution,4.0,8,4,4.0,2,0,0.0,854.7275722146031,0.8547275722146032,0.17877576835720707,0.643658810325477,7.912457912457913,1782
pune,pm10_eps4.0,budget_distribution,4.0,8,4,8.0,2,0,0.0,433.4983454601137,0.4334983454601137,0.36004213106941474,0.6071829405162739,7.912457912457913,1782
pune,pm10_eps4.0,budget_distribution,4.0,8,4,16.0,2,0,0.0,417.45354909400965,0.41745354909400967,0.37009259127801075,0.611672278338945,7.912457912457913,1782
pune,pm10_eps4.0,budget_distribution,4.0,8,6,,2,0,0.0,417.45354909400965,0.41745354909400967,0.37009259127801075,0.611672278338945,7.912457912457913,1782
pune,pm10_eps4.0,budget_distribution,4.0,8,6,8.0,2,0,0.0,433.4983454601137,0.4334983454601137,0.36004213106941474,0.6071829405162739,7.912457912457913,1782
pune,pm10_eps4.0,budget_distribution,4.0,8,6,16.0,2,0,0.0,417.45354909400965,0.41745354909400967,0.37009259127801075,0.611672278338945,7.912457912457913,1782
pune,pm10_eps4.0,budget_distribution,4.0,8,1,,2,2,0.0,417.45354909400965,0.41745354909400967,0.37009259127801075,0.611672278338945,7.912457912457913,1782
pune,pm10_eps4.0,budget_distribution,4.0,8,1,4.0,2,2,0.0,854.7275722146031,0.8547275722146032,0.17877576835720707,0.643658810325477,7.912457912457913,1782
pune,pm10_eps4.0,budget_distribution,4.0,8,1,8.0,2,2,0.0,433.4983454601137,0.4334983454601137,0.36004213106941474,0.6071829405162739,7.912457912457913,1782
pune,pm10_eps4.0,budget_distribution,4.0,8,1,16.0,2,2,0.0,417.45354909400965,0.41745354909400967,0.37009259127801075,0.611672278338945,7.912457912457913,1782
pune,pm10_eps4.0,budget_distribution,4.0,8,2,,2,2,0.0,417.45354909400965,0.41745354909400967,0.37009259127801075,0.611672278338945,7.912457912457913,1782
pune,pm10_eps4.0,budget_distribution,4.0,8,2,4.0,2,2,0.0,854.7275722146031,0.8547275722146032,0.17877576835720707,0.643658810325477,7.912457912457913,1782
pune,pm10_eps4.0,budget_distribution,4.0,8,2,8.0,2,2,0.0,433.4983454601137,0.4334983454601137,0.36004213106941474,0.6071829405162739,7.912457912457913,1782
pune,pm10_eps4.0,budget_distribution,4.0,8,2,16.0,2,2,0.0,417.45354909400965,0.41745354909400967,0.37009259127801075,0.611672278338945,7.912457912457913,1782
pune,pm10_eps4.0,budget_distribution,4.0,8,3,,2,2,0.0,417.3835975687145,0.4173835975687145,0.3622783990658704,0.6089887640449438,7.919101123595506,1780
pune,pm10_eps4.0,budget_distribution,4.0,8,3,4.0,2,2,0.0,855.6418572087786,0.8556418572087786,0.1789966928440106,0.6432584269662921,7.919101123595506,1780
pune,pm10_eps4.0,budget_distribution,4.0,8,3,8.0,2,2,0.0,437.2855821369837,0.4372855821369837,0.08349890692592783,0.6101123595505618,7.919101123595506,1780
pune,pm10_eps4.0,budget_distribution,4.0,8,3,16.0,2,2,0.0,417.3835975687145,0.4173835975687145,0.3622783990658704,0.6089887640449438,7.919101123595506,1780
pune,pm10_eps4.0,budget_distribution,4.0,8,4,,2,2,0.0,390.0188171871278,0.39001881718712783,0.42677320453380063,0.6071631608868675,7.977828311540648,1759
pune,pm10_eps4.0,budget_distribution,4.0,8,4,4.0,2,2,0.0,850.1199964914114,0.8501199964914113,0.1778970827092263,0.641841955656623,7.977828311540648,1759
pune,pm10_eps4.0,budget_distribution,4.0,8,4,8.0,2,2,0.0,421.98836130401475,0.42198836130401474,0.44995192859949723,0.6117111995451961,7.977828311540648,1759
pune,pm10_eps4.0,budget_distribution,4.0,8,4,16.0,2,2,0.0,390.0188171871278,0.39001881718712783,0.42677320453380063,0.6071631608868675,7.977828311540648,1759
pune,pm10_eps4.0,budget_distribution,4.0,8,6,,2,2,0.0,386.66811251046056,0.38666811251046057,0.5331714221184138,0.6069794050343249,8.0,1748
pune,pm10_eps4.0,budget_distribution,4.0,8,6,8.0,2,2,0.0,424.61036229344967,0.4246103622934497,0.20676857455028708,0.6064073226544623,8.0,1748
pune,pm10_eps4.0,budget_distribution,4.0,8,6,16.0,2,2,0.0,386.66811251046056,0.38666811251046057,0.5331714221184138,0.6069794050343249,8.0,1748
pune,pm10_eps4.0,budget_distribution,4.0,8,1,,2,4,0.0,417.45354909400965,0.41745354909400967,0.37009259127801075,0.611672278338945,7.912457912457913,1782
pune,pm10_eps4.0,budget_distribution,4.0,8,1,4.0,2,4,0.0,854.7275722146031,0.8547275722146032,0.17877576835720707,0.643658810325477,7.912457912457913,1782
pune,pm10_eps4.0,budget_distribution,4.0,8,1,8.0,2,4,0.0,433.4983454601137,0.4334983454601137,0.36004213106941474,0.6071829405162739,7.912457912457913,1782
pune,pm10_eps4.0,budget_distribution,4.0,8,1,16.0,2,4,0.0,417.45354909400965,0.41745354909400967,0.37009259127801075,0.611672278338945,7.912457912457913,1782
pune,pm10_eps4.0,budget_distribution,4.0,8,2,,2,4,0.0,417.45354909400965,0.41745354909400967,0.37009259127801075,0.611672278338945,7.912457912457913,1782
pune,pm10_eps4.0,budget_distribution,4.0,8,2,4.0,2,4,0.0,854.7275722146031,0.8547275722146032,0.17877576835720707,0.643658810325477,7.912457912457913,1782
pune,pm10_eps4.0,budget_distribution,4.0,8,2,8.0,2,4,0.0,433.4983454601137,0.4334983454601137,0.36004213106941474,0.6071829405162739,7.912457912457913,1782
pune,pm10_eps4.0,budget_distribution,4.0,8,2,16.0,2,4,0.0,417.45354909400965,0.41745354909400967,0.37009259127801075,0.611672278338945,7.912457912457913,1782
pune,pm10_eps4.0,budget_distribution,4.0,8,3,,2,4,0.0,417.3835975687145,0.4173835975687145,0.3622783990658704,0.6089887640449438,7.919101123595506,1780
pune,pm10_eps4.0,budget_distribution,4.0,8,3,4.0,2,4,0.0,855.6418572087786,0.8556418572087786,0.1789966928440106,0.6432584269662921,7.919101123595506,1780
pune,pm10_eps4.0,budget_distribution,4.0,8,3,8.0,2,4,0.0,437.2855821369837,0.4372855821369837,0.08349890692592783,0.6101123595505618,7.919101123595506,1780
pune,pm10_eps4.0,budget_distribution,4.0,8,3,16.0,2,4,0.0,417.3835975687145,0.4173835975687145,0.3622783990658704,0.6089887640449438,7.919101123595506,1780
pune,pm10_eps4.0,budget_distribution,4.0,8,4,,2,4,0.0,390.0386375020052,0.3900386375020052,0.4344761312158053,0.6088939566704675,7.992018244013683,1754
pune,pm10_eps4.0,budget_distribution,4.0,8,4,4.0,2,4,0.0,834.7600609195491,0.8347600609195491,0.17721520509511227,0.6419612314709237,7.992018244013683,1754
pune,pm10_eps4.0,budget_distribution,4.0,8,4,8.0,2,4,0.0,409.6732943674805,0.40967329436748046,0.44287711814179603,0.6100342075256556,7.992018244013683,1754
pune,pm10_eps4.0,budget_distribution,4.0,8,4,16.0,2,4,0.0,390.0386375020052,0.3900386375020052,0.4344761312158053,0.6088939566704675,7.992018244013683,1754
pune,pm10_eps4.0,budget_distribution,4.0,8,6,,2,4,0.0,386.96606818453773,0.3869660681845377,0.16050461002977245,0.6075731497418244,8.014343086632243,1743
pune,pm10_eps4.0,budget_distribution,4.0,8,6,8.0,2,4,0.0,394.24371946756503,0.39424371946756503,0.1638688625230673,0.6081468732071141,8.014343086632243,1743
pune,pm10_eps4.0,budget_distribution,4.0,8,6,16.0,2,4,0.0,386.96606818453773,0.3869660681845377,0.16050461002977245,0.6075731497418244,8.014343086632243,1743
pune,pm10_eps4.0,budget_distribution,4.0,8,1,,4,0,0.0,369.2271258964639,0.3692271258964639,0.24169734886559138,0.5925925925925926,7.988776655443322,891
pune,pm10_eps4.0,budget_distribution,4.0,8,1,4.0,4,0,0.0,745.6455619009424,0.7456455619009424,0.4276676033488408,0.622895622895623,7.988776655443322,891
pune,pm10_eps4.0,budget_distribution,4.0,8,1,8.0,4,0,0.0,377.9643908514317,0.3779643908514317,0.25298668002352026,0.5970819304152637,7.988776655443322,891
pune,pm10_eps4.0,budget_distribution,4.0,8,1,16.0,4,0,0.0,369.2271258964639,0.3692271258964639,0.24169734886559138,0.5925925925925926,7.988776655443322,891
pune,pm10_eps4.0,budget_distribution,4.0,8,2,,4,0,0.0,369.2271258964639,0.3692271258964639,0.24169734886559138,0.5925925925925926,7.988776655443322,891
pune,pm10_eps4.0,budget_distribution,4.0,8,2,4.0,4,0,0.0,745.6455619009424,0.7456455619009424,0.4276676033488408,0.622895622895623,7.988776655443322,891
pune,pm10_eps4.0,budget_distribution,4.0,8,2,8.0,4,0,0.0,377.9643908514317,0.3779643908514317,0.25298668002352026,0.5970819304152637,7.988776655443322,891
pune,pm10_eps4.0,budget_distribution,4.0,8,2,16.0,4,0,0.0,369.2271258964639,0.3692271258964639,0.24169734886559138,0.5925925925925926,7.988776655443322,891
pune,pm10_eps4.0,budget_distribution,4.0,8,3,,4,0,0.0,369.2271258964639,0.3692271258964639,0.24169734886559138,0.5925925925925926,7.988776655443322,891
pune,pm10_eps4.0,budget_distribution,4.0,8,3,4.0,4,0,0.0,745.6455619009424,0.7456455619009424,0.4276676033488408,0.622895622895623,7.988776655443322,891
pune,pm10_eps4.0,budget_distribution,4.0,8,3,8.0,4,0,0.0,377.9643908514317,0.3779643908514317,0.25298668002352026,0.5970819304152637,7.988776655443322,891
pune,pm10_eps4.0,budget_distribution,4.0,8,3,16.0,4,0,0.0,369.2271258964639,0.3692271258964639,0.24169734886559138,0.5925925925925926,7.988776655443322,891
pune,pm10_eps4.0,budget_distribution,4.0,8,4,,4,0,0.0,369.2271258964639,0.3692271258964639,0.24169734886559138,0.5925925925925926,7.988776655443322,891
pune,pm10_eps4.0,budget_distribution,4.0,8,4,4.0,4,0,0.0,745.6455619009424,0.7456455619009424,0.4276676033488408,0.622895622895623,7.988776655443322,891
pune,pm10_eps4.0,budget_distribution,4.0,8,4,8.0,4,0,0.0,377.9643908514317,0.3779643908514317,0.25298668002352026,0.5970819304152637,7.988776655443322,891
pune,pm10_eps4.0,budget_distribution,4.0,8,4,16.0,4,0,0.0,369.2271258964639,0.3692271258964639,0.24169734886559138,0.5925925925925926,7.988776655443322,891
pune,pm10_eps4.0,budget_distribution,4.0,8,6,,4,0,0.0,369.2271258964639,0.3692271258964639,0.24169734886559138,0.5925925925925926,7.988776655443322,891
pune,pm10_eps4.0,budget_distribution,4.0,8,6,8.0,4,0,0.0,377.9643908514317,0.3779643908514317,0.25298668002352026,0.5970819304152637,7.988776655443322,891
pune,pm10_eps4.0,budget_distribution,4.0,8,6,16.0,4,0,0.0,369.2271258964639,0.3692271258964639,0.24169734886559138,0.5925925925925926,7.988776655443322,891
pune,pm10_eps4.0,budget_distribution,4.0,8,1,,4,2,0.0,369.2271258964639,0.3692271258964639,0.24169734886559138,0.5925925925925926,7.988776655443322,891
pune,pm10_eps4.0,budget_distribution,4.0,8,1,4.0,4,2,0.0,745.6455619009424,0.7456455619009424,0.4276676033488408,0.622895622895623,7.988776655443322,891
pune,pm10_eps4.0,budget_distribution,4.0,8,1,8.0,4,2,0.0,377.9643908514317,0.3779643908514317,0.25298668002352026,0.5970819304152637,7.988776655443322,891
pune,pm10_eps4.0,budget_distribution,4.0,8,1,16.0,4,2,0.0,369.2271258964639,0.3692271258964639,0.24169734886559138,0.5925925925925926,7.988776655443322,891
pune,pm10_eps4.0,budget_distribution,4.0,8,2,,4,2,0.0,369.2271258964639,0.3692271258964639,0.24169734886559138,0.5925925925925926,7.988776655443322,891
pune,pm10_eps4.0,budget_distribution,4.0,8,2,4.0,4,2,0.0,745.6455619009424,0.7456455619009424,0.4276676033488408,0.622895622895623,7.988776655443322,891
pune,pm10_eps4.0,budget_distribution,4.0,8,2,8.0,4,2,0.0,377.9643908514317,0.3779643908514317,0.25298668002352026,0.5970819304152637,7.988776655443322,891
pune,pm10_eps4.0,budget_distribution,4.0,8,2,16.0,4,2,0.0,369.2271258964639,0.3692271258964639,0.24169734886559138,0.5925925925925926,7.988776655443322,891
pune,pm10_eps4.0,budget_distribution,4.0,8,3,,4,2,0.0,362.5321891144899,0.36253218911448987,0.23807963510412258,0.5898876404494382,7.995505617977528,890
pune,pm10_eps4.0,budget_distribution,4.0,8,3,4.0,4,2,0.0,746.0687173590288,0.7460687173590288,0.42825935350122407,0.6235955056179775,7.995505617977528,890
pune,pm10_eps4.0,budget_distribution,4.0,8,3,8.0,4,2,0.0,376.80263697135985,0.37680263697135985,0.25192020855670283,0.596629213483146,7.995505617977528,890
pune,pm10_eps4.0,budget_distribution,4.0,8,3,16.0,4,2,0.0,362.5321891144899,0.36253218911448987,0.23807963510412258,0.5898876404494382,7.995505617977528,890
pune,pm10_eps4.0,budget_distribution,4.0,8,4,,4,2,0.0,365.9536303617339,0.3659536303617339,0.11693882933997927,0.5970488081725313,8.046538024971623,881
pune,pm10_eps4.0,budget_distribution,4.0,8,4,4.0,4,2,0.0,739.6287146386594,0.7396287146386594,0.4218157127122734,0.6220204313280363,8.046538024971623,881
pune,pm10_eps4.0,budget_distribution,4.0,8,4,8.0,4,2,0.0,366.7042286118037,0.36670422861180374,0.6812834695375819,0.5993189557321226,8.046538024971623,881
pune,pm10_eps4.0,budget_distribution,4.0,8,4,16.0,4,2,0.0,365.9536303617339,0.3659536303617339,0.11693882933997927,0.5970488081725313,8.046538024971623,881
pune,pm10_eps4.0,budget_distribution,4.0,8,6,,4,2,0.0,358.99926608768334,0.35899926608768334,0.3753589563390631,0.5929304446978335,8.060433295324971,877
pune,pm10_eps4.0,budget_distribution,4.0,8,6,8.0,4,2,0.0,378.20709360539104,0.37820709360539106,0.13460062859556463,0.5997719498289624,8.060433295324971,877
pune,pm10_eps4.0,budget_distribution,4.0,8,6,16.0,4,2,0.0,358.99926608768334,0.35899926608768334,0.3753589563390631,0.5929304446978335,8.060433295324971,877
pune,pm10_eps4.0,budget_distribution,4.0,8,1,,4,4,0.0,369.2271258964639,0.3692271258964639,0.24169734886559138,0.5925925925925926,7.988776655443322,891
pune,pm10_eps4.0,budget_distribution,4.0,8,1,4.0,4,4,0.0,745.6455619009424,0.7456455619009424,0.4276676033488408,0.622895622895623,7.988776655443322,891
pune,pm10_eps4.0,budget_distribution,4.0,8,1,8.0,4,4,0.0,377.9643908514317,0.3779643908514317,0.25298668002352026,0.5970819304152637,7.988776655443322,891
pune,pm10_eps4.0,budget_distribution,4.0,8,1,16.0,4,4,0.0,369.2271258964639,0.3692271258964639,0.24169734886559138,0.5925925925925926,7.988776655443322,891
pune,pm10_eps4.0,budget_distribution,4.0,8,2,,4,4,0.0,369.2271258964639,0.3692271258964639,0.24169734886559138,0.5925925925925926,7.988776655443322,891
pune,pm10_eps4.0,budget_distribution,4.0,8,2,4.0,4,4,0.0,745.6455619009424,0.7456455619009424,0.4276676033488408,0.622895622895623,7.988776655443322,891
pune,pm10_eps4.0,budget_distribution,4.0,8,2,8.0,4,4,0.0,377.9643908514317,0.3779643908514317,0.25298668002352026,0.5970819304152637,7.988776655443322,891
pune,pm10_eps4.0,budget_distribution,4.0,8,2,16.0,4,4,0.0,369.2271258964639,0.3692271258964639,0.24169734886559138,0.5925925925925926,7.988776655443322,891
pune,pm10_eps4.0,budget_distribution,4.0,8,3,,4,4,0.0,362.5321891144899,0.36253218911448987,0.23807963510412258,0.5898876404494382,7.995505617977528,890
pune,pm10_eps4.0,budget_distribution,4.0,8,3,4.0,4,4,0.0,746.0687173590288,0.7460687173590288,0.42825935350122407,0.6235955056179775,7.995505617977528,890
pune,pm10_eps4.0,budget_distribution,4.0,8,3,8.0,4,4,0.0,376.80263697135985,0.37680263697135985,0.25192020855670283,0.596629213483146,7.995505617977528,890
pune,pm10_eps4.0,budget_distribution,4.0,8,3,16.0,4,4,0.0,362.5321891144899,0.36253218911448987,0.23807963510412258,0.5898876404494382,7.995505617977528,890
pune,pm10_eps4.0,budget_distribution,4.0,8,4,,4,4,0.0,361.06711769665554,0.36106711769665556,0.21984709661831545,0.5933940774487472,8.06378132118451,878
pune,pm10_eps4.0,budget_distribution,4.0,8,4,4.0,4,4,0.0,739.7203342001551,0.739720334200155,0.41837161223618324,0.623006833712984,8.06378132118451,878
pune,pm10_eps4.0,budget_distribution,4.0,8,4,8.0,4,4,0.0,367.20861241641705,0.36720861241641706,0.3892487761276641,0.6002277904328018,8.06378132118451,878
pune,pm10_eps4.0,budget_distribution,4.0,8,4,16.0,4,4,0.0,361.06711769665554,0.36106711769665556,0.21984709661831545,0.5933940774487472,8.06378132118451,878
pune,pm10_eps4.0,budget_distribution,4.0,8,6,,4,4,0.0,350.5724994923617,0.3505724994923617,0.36704820413806816,0.5908571428571429,8.074285714285715,875
pune,pm10_eps4.0,budget_distribution,4.0,8,6,8.0,4,4,0.0,375.19007671540163,0.3751900767154016,0.23508421932408252,0.5988571428571429,8.074285714285715,875
pune,pm10_eps4.0,budget_distribution,4.0,8,6,16.0,4,4,0.0,350.5724994923617,0.3505724994923617,0.36704820413806816,0.5908571428571429,8.074285714285715,875
pune,pm10_eps4.0,budget_absorption,4.0,8,1,,1,0,0.0,276.4855096287012,0.2764855096287012,0.14248825488315395,0.4417625596407522,7.840303115352231,3563
pune,pm10_eps4.0,budget_absorption,4.0,8,1,4.0,1,0,0.0,576.6547161560292,0.5766547161560291,0.5121980518368681,0.48414257648049397,7.840303115352231,3563
pune,pm10_eps4.0,budget_absorption,4.0,8,1,8.0,1,0,0.0,283.1931023215605,0.2831931023215605,0.2945766567488738,0.4364299747403873,7.840303115352231,3563
pune,pm10_eps4.0,budget_absorption,4.0,8,1,16.0,1,0,0.0,276.4855096287012,0.2764855096287012,0.14248825488315395,0.4417625596407522,7.840303115352231,3563
pune,pm10_eps4.0,budget_absorption,4.0,8,2,,1,0,0.0,276.4855096287012,0.2764855096287012,0.14248825488315395,0.4417625596407522,7.840303115352231,3563
pune,pm10_eps4.0,budget_absorption,4.0,8,2,4.0,1,0,0.0,576.6547161560292,0.5766547161560291,0.5121980518368681,0.48414257648049397,7.840303115352231,3563
pune,pm10_eps4.0,budget_absorption,4.0,8,2,8.0,1,0,0.0,283.1931023215605,0.2831931023215605,0.2945766567488738,0.4364299747403873,7.840303115352231,3563
pune,pm10_eps4.0,budget_absorption,4.0,8,2,16.0,1,0,0.0,276.4855096287012,0.2764855096287012,0.14248825488315395,0.4417625596407522,7.840303115352231,3563
pune,pm10_eps4.0,budget_absorption,4.0,8,3,,1,0,0.0,276.4855096287012,0.2764855096287012,0.14248825488315395,0.4417625596407522,7.840303115352231,3563
pune,pm10_eps4.0,budget_absorption,4.0,8,3,4.0,1,0,0.0,576.6547161560292,0.5766547161560291,0.5121980518368681,0.48414257648049397,7.840303115352231,3563
pune,pm10_eps4.0,budget_absorption,4.0,8,3,8.0,1,0,0.0,283.1931023215605,0.2831931023215605,0.2945766567488738,0.4364299747403873,7.840303115352231,3563
pune,pm10_eps4.0,budget_absorption,4.0,8,3,16.0,1,0,0.0,276.4855096287012,0.2764855096287012,0.14248825488315395,0.4417625596407522,7.840303115352231,3563
pune,pm10_eps4.0,budget_absorption,4.0,8,4,,1,0,0.0,276.4855096287012,0.2764855096287012,0.14248825488315395,0.4417625596407522,7.840303115352231,3563
pune,pm10_eps4.0,budget_absorption,4.0,8,4,4.0,1,0,0.0,576.6547161560292,0.5766547161560291,0.5121980518368681,0.48414257648049397,7.840303115352231,3563
pune,pm10_eps4.0,budget_absorption,4.0,8,4,8.0,1,0,0.0,283.1931023215605,0.2831931023215605,0.2945766567488738,0.4364299747403873,7.840303115352231,3563
pune,pm10_eps4.0,budget_absorption,4.0,8,4,16.0,1,0,0.0,276.4855096287012,0.2764855096287012,0.14248825488315395,0.4417625596407522,7.840303115352231,3563
pune,pm10_eps4.0,budget_absorption,4.0,8,6,,1,0,0.0,276.4855096287012,0.2764855096287012,0.14248825488315395,0.4417625596407522,7.840303115352231,3563
pune,pm10_eps4.0,budget_absorption,4.0,8,6,8.0,1,0,0.0,283.1931023215605,0.2831931023215605,0.2945766567488738,0.4364299747403873,7.840303115352231,3563
pune,pm10_eps4.0,budget_absorption,4.0,8,6,16.0,1,0,0.0,276.4855096287012,0.2764855096287012,0.14248825488315395,0.4417625596407522,7.840303115352231,3563
pune,pm10_eps4.0,budget_absorption,4.0,8,1,,1,2,0.0,276.4855096287012,0.2764855096287012,0.14248825488315395,0.4417625596407522,7.840303115352231,3563
pune,pm10_eps4.0,budget_absorption,4.0,8,1,4.0,1,2,0.0,576.6547161560292,0.5766547161560291,0.5121980518368681,0.48414257648049397,7.840303115352231,3563
pune,pm10_eps4.0,budget_absorption,4.0,8,1,8.0,1,2,0.0,283.1931023215605,0.2831931023215605,0.2945766567488738,0.4364299747403873,7.840303115352231,3563
pune,pm10_eps4.0,budget_absorption,4.0,8,1,16.0,1,2,0.0,276.4855096287012,0.2764855096287012,0.14248825488315395,0.4417625596407522,7.840303115352231,3563
pune,pm10_eps4.0,budget_absorption,4.0,8,2,,1,2,0.0,274.5706656476214,0.2745706656476214,0.33335203009949843,0.4420106711597866,7.844144903117102,3561
pune,pm10_eps4.0,budget_absorption,4.0,8,2,4.0,1,2,0.0,573.7986734109215,0.5737986734109215,0.5069392045327765,0.4821679303566414,7.844144903117102,3561
pune,pm10_eps4.0,budget_absorption,4.0,8,2,8.0,1,2,0.0,283.8100403152094,0.2838100403152094,0.2981843933250618,0.437517551249649,7.844144903117102,3561
pune,pm10_eps4.0,budget_absorption,4.0,8,2,16.0,1,2,0.0,274.5706656476214,0.2745706656476214,0.33335203009949843,0.4420106711597866,7.844144903117102,3561
pune,pm10_eps4.0,budget_absorption,4.0,8,3,,1,2,0.0,273.7246361664035,0.2737246361664035,0.4691243379510339,0.4332302502108518,7.850716896260894,3557
pune,pm10_eps4.0,budget_absorption,4.0,8,3,4.0,1,2,0.0,572.2616208479758,0.5722616208479758,0.502072423432836,0.4815856058476244,7.850716896260894,3557
pune,pm10_eps4.0,budget_absorption,4.0,8,3,8.0,1,2,0.0,282.4739568388149,0.2824739568388149,0.29139494665316285,0.4368850154624684,7.850716896260894,3557
pune,pm10_eps4.0,budget_absorption,4.0,8,3,16.0,1,2,0.0,273.7246361664035,0.2737246361664035,0.4691243379510339,0.4332302502108518,7.850716896260894,3557
pune,pm10_eps4.0,budget_absorption,4.0,8,4,,1,2,0.0,279.68601753267285,0.27968601753267286,0.4146304156644157,0.4413105413105413,7.915954415954416,3510
pune,pm10_eps4.0,budget_absorption,4.0,8,4,4.0,1,2,0.0,570.3236853281472,0.5703236853281473,0.49107230483699416,0.48404558404558407,7.915954415954416,3510
pune,pm10_eps4.0,budget_absorption,4.0,8,4,8.0,1,2,0.0,278.4841717163969,0.2784841717163969,0.29256838128425255,0.4361823361823362,7.915954415954416,3510
pune,pm10_eps4.0,budget_absorption,4.0,8,4,16.0,1,2,0.0,279.68601753267285,0.27968601753267286,0.4146304156644157,0.4413105413105413,7.915954415954416,3510
pune,pm10_eps4.0,budget_absorption,4.0,8,6,,1,2,0.0,274.1386980839217,0.2741386980839217,0.6360042724931624,0.43888409548461316,7.949094046591889,3477
pune,pm10_eps4.0,budget_absorption,4.0,8,6,8.0,1,2,0.0,277.686533423636,0.277686533423636,0.6591843051539794,0.43859649122807015,7.949094046591889,3477
pune,pm10_eps4.0,budget_absorption,4.0,8,6,16.0,1,2,0.0,274.1386980839217,0.2741386980839217,0.6360042724931624,0.43888409548461316,7.949094046591889,3477
pune,pm10_eps4.0,budget_absorption,4.0,8,1,,1,4,0.0,276.4855096287012,0.2764855096287012,0.14248825488315395,0.4417625596407522,7.840303115352231,3563
pune,pm10_eps4.0,budget_absorption,4.0,8,1,4.0,1,4,0.0,576.6547161560292,0.5766547161560291,0.5121980518368681,0.48414257648049397,7.840303115352231,3563
pune,pm10_eps4.0,budget_absorption,4.0,8,1,8.0,1,4,0.0,283.1931023215605,0.2831931023215605,0.2945766567488738,0.4364299747403873,7.840303115352231,3563
pune,pm10_eps4.0,budget_absorption,4.0,8,1,16.0,1,4,0.0,276.4855096287012,0.2764855096287012,0.14248825488315395,0.4417625596407522,7.840303115352231,3563
pune,pm10_eps4.0,budget_absorption,4.0,8,2,,1,4,0.0,274.5706656476214,0.2745706656476214,0.33335203009949843,0.4420106711597866,7.844144903117102,3561
pune,pm10_eps4.0,budget_absorption,4.0,8,2,4.0,1,4,0.0,573.7986734109215,0.5737986734109215,0.5069392045327765,0.4821679303566414,7.844144903117102,3561
pune,pm10_eps4.0,budget_absorption,4.0,8,2,8.0,1,4,0.0,283.8100403152094,0.2838100403152094,0.2981843933250618,0.437517551249649,7.844144903117102,3561
pune,pm10_eps4.0,budget_absorption,4.0,8,2,16.0,1,4,0.0,274.5706656476214,0.2745706656476214,0.33335203009949843,0.4420106711597866,7.844144903117102,3561
pune,pm10_eps4.0,budget_absorption,4.0,8,3,,1,4,0.0,273.7245606018635,0.2737245606018635,0.4691243379510339,0.4332302502108518,7.850716896260894,3557
pune,pm10_eps4.0,budget_absorption,4.0,8,3,4.0,1,4,0.0,572.2616785626245,0.5722616785626246,0.502072423432836,0.4815856058476244,7.850716896260894,3557
pune,pm10_eps4.0,budget_absorption,4.0,8,3,8.0,1,4,0.0,282.4738991241663,0.28247389912416626,0.29139494665316285,0.4368850154624684,7.850716896260894,3557
pune,pm10_eps4.0,budget_absorption,4.0,8,3,16.0,1,4,0.0,273.7245606018635,0.2737245606018635,0.4691243379510339,0.4332302502108518,7.850716896260894,3557
pune,pm10_eps4.0,budget_absorption,4.0,8,4,,1,4,0.0,278.3074616025354,0.2783074616025354,0.41691233571877834,0.44330191373893174,7.928877463581833,3501
pune,pm10_eps4.0,budget_absorption,4.0,8,4,4.0,1,4,0.0,568.7907641270606,0.5687907641270605,0.49365818051266336,0.48300485575549845,7.928877463581833,3501
pune,pm10_eps4.0,budget_absorption,4.0,8,4,8.0,1,4,0.0,276.4192578889446,0.2764192578889446,0.2844126711055417,0.43673236218223366,7.928877463581833,3501
pune,pm10_eps4.0,budget_absorption,4.0,8,4,16.0,1,4,0.0,278.3074616025354,0.2783074616025354,0.41691233571877834,0.44330191373893174,7.928877463581833,3501
pune,pm10_eps4.0,budget_absorption,4.0,8,6,,1,4,0.0,279.06336413725325,0.27906336413725324,0.5846916215070997,0.4491916859122402,7.966512702078522,3464
pune,pm10_eps4.0,budget_absorption,4.0,8,6,8.0,1,4,0.0,277.66672918741125,0.27766672918741125,0.5753276844782583,0.4416859122401848,7.966512702078522,3464
pune,pm10_eps4.0,budget_absorption,4.0,8,6,16.0,1,4,0.0,279.06336413725325,0.27906336413725324,0.5846916215070997,0.4491916859122402,7.966512702078522,3464
pune,pm10_eps4.0,budget_absorption,4.0,8,1,,2,0,0.0,284.1637484647951,0.2841637484647951,0.3801394047598616,0.44219977553310885,7.912457912457913,1782
pune,pm10_eps4.0,budget_absorption,4.0,8,1,4.0,2,0,0.0,621.0080764512994,0.6210080764512994,0.4369805770258311,0.5072951739618407,7.912457912457913,1782
pune,pm10_eps4.0,budget_absorption,4.0,8,1,8.0,2,0,0.0,314.1247493206949,0.3141247493206949,0.7593915728788598,0.47418630751964086,7.912457912457913,1782
pune,pm10_eps4.0,budget_absorption,4.0,8,1,16.0,2,0,0.0,284.1637484647951,0.2841637484647951,0.3801394047598616,0.44219977553310885,7.912457912457913,1782
pune,pm10_eps4.0,budget_absorption,4.0,8,2,,2,0,0.0,284.1637484647951,0.2841637484647951,0.3801394047598616,0.44219977553310885,7.912457912457913,1782
pune,pm10_eps4.0,budget_absorption,4.0,8,2,4.0,2,0,0.0,621.0080764512994,0.6210080764512994,0.4369805770258311,0.5072951739618407,7.912457912457913,1782
pune,pm10_eps4.0,budget_absorption,4.0,8,2,8.0,2,0,0.0,314.1247493206949,0.3141247493206949,0.7593915728788598,0.47418630751964086,7.912457912457913,1782
pune,pm10_eps4.0,budget_absorption,4.0,8,2,16.0,2,0,0.0,284.1637484647951,0.2841637484647951,0.3801394047598616,0.44219977553310885,7.912457912457913,1782
pune,pm10_eps4.0,budget_absorption,4.0,8,3,,2,0,0.0,284.1637484647951,0.2841637484647951,0.3801394047598616,0.44219977553310885,7.912457912457913,1782
pune,pm10_eps4.0,budget_absorption,4.0,8,3,4.0,2,0,0.0,621.0080764512994,0.6210080764512994,0.4369805770258311,0.5072951739618407,7.912457912457913,1782
pune,pm10_eps4.0,budget_absorption,4.0,8,3,8.0,2,0,0.0,314.1247493206949,0.3141247493206949,0.7593915728788598,0.47418630751964086,7.912457912457913,1782
pune,pm10_eps4.0,budget_absorption,4.0,8,3,16.0,2,0,0.0,284.1637484647951,0.2841637484647951,0.3801394047598616,0.44219977553310885,7.912457912457913,1782
pune,pm10_eps4.0,budget_absorption,4.0,8,4,,2,0,0.0,284.1637484647951,0.2841637484647951,0.3801394047598616,0.44219977553310885,7.912457912457913,1782
pune,pm10_eps4.0,budget_absorption,4.0,8,4,4.0,2,0,0.0,621.0080764512994,0.6210080764512994,0.4369805770258311,0.5072951739618407,7.912457912457913,1782
pune,pm10_eps4.0,budget_absorption,4.0,8,4,8.0,2,0,0.0,314.1247493206949,0.3141247493206949,0.7593915728788598,0.47418630751964086,7.912457912457913,1782
pune,pm10_eps4.0,budget_absorption,4.0,8,4,16.0,2,0,0.0,284.1637484647951,0.2841637484647951,0.3801394047598616,0.44219977553310885,7.912457912457913,1782
pune,pm10_eps4.0,budget_absorption,4.0,8,6,,2,0,0.0,284.1637484647951,0.2841637484647951,0.3801394047598616,0.44219977553310885,7.912457912457913,1782
pune,pm10_eps4.0,budget_absorption,4.0,8,6,8.0,2,0,0.0,314.1247493206949,0.3141247493206949,0.7593915728788598,0.47418630751964086,7.912457912457913,1782
pune,pm10_eps4.0,budget_absorption,4.0,8,6,16.0,2,0,0.0,284.1637484647951,0.2841637484647951,0.3801394047598616,0.44219977553310885,7.912457912457913,1782
pune,pm10_eps4.0,budget_absorption,4.0,8,1,,2,2,0.0,284.1637484647951,0.2841637484647951,0.3801394047598616,0.44219977553310885,7.912457912457913,1782
pune,pm10_eps4.0,budget_absorption,4.0,8,1,4.0,2,2,0.0,621.0080764512994,0.6210080764512994,0.4369805770258311,0.5072951739618407,7.912457912457913,1782
pune,pm10_eps4.0,budget_absorption,4.0,8,1,8.0,2,2,0.0,314.1247493206949,0.3141247493206949,0.7593915728788598,0.47418630751964086,7.912457912457913,1782
pune,pm10_eps4.0,budget_absorption,4.0,8,1,16.0,2,2,0.0,284.1637484647951,0.2841637484647951,0.3801394047598616,0.44219977553310885,7.912457912457913,1782
pune,pm10_eps4.0,budget_absorption,4.0,8,2,,2,2,0.0,284.1637484647951,0.2841637484647951,0.3801394047598616,0.44219977553310885,7.912457912457913,1782
pune,pm10_eps4.0,budget_absorption,4.0,8,2,4.0,2,2,0.0,621.0080764512994,0.6210080764512994,0.4369805770258311,0.5072951739618407,7.912457912457913,1782
pune,pm10_eps4.0,budget_absorption,4.0,8,2,8.0,2,2,0.0,314.1247493206949,0.3141247493206949,0.7593915728788598,0.47418630751964086,7.912457912457913,1782
pune,pm10_eps4.0,budget_absorption,4.0,8,2,16.0,2,2,0.0,284.1637484647951,0.2841637484647951,0.3801394047598616,0.44219977553310885,7.912457912457913,1782
pune,pm10_eps4.0,budget_absorption,4.0,8,3,,2,2,0.0,285.2896387454788,0.2852896387454788,0.38484176975835843,0.44662921348314605,7.919101123595506,1780
pune,pm10_eps4.0,budget_absorption,4.0,8,3,4.0,2,2,0.0,620.7355393304717,0.6207355393304718,0.43671781897044076,0.5073033707865169,7.919101123595506,1780
pune,pm10_eps4.0,budget_absorption,4.0,8,3,8.0,2,2,0.0,294.6284611340704,0.2946284611340704,0.40237046657112624,0.44887640449438204,7.919101123595506,1780
pune,pm10_eps4.0,budget_absorption,4.0,8,3,16.0,2,2,0.0,285.2896387454788,0.2852896387454788,0.38484176975835843,0.44662921348314605,7.919101123595506,1780
pune,pm10_eps4.0,budget_absorption,4.0,8,4,,2,2,0.0,280.18875865774555,0.28018875865774556,0.3599908787363952,0.442865264354747,7.977828311540648,1759
pune,pm10_eps4.0,budget_absorption,4.0,8,4,4.0,2,2,0.0,618.2568011744893,0.6182568011744893,0.4424987897250963,0.5076748152359295,7.977828311540648,1759
pune,pm10_eps4.0,budget_absorption,4.0,8,4,8.0,2,2,0.0,289.92617158451685,0.28992617158451683,0.3981092465836082,0.45139283683911313,7.977828311540648,1759
pune,pm10_eps4.0,budget_absorption,4.0,8,4,16.0,2,2,0.0,280.18875865774555,0.28018875865774556,0.3599908787363952,0.442865264354747,7.977828311540648,1759
pune,pm10_eps4.0,budget_absorption,4.0,8,6,,2,2,0.0,281.3688382062766,0.2813688382062766,0.380129812004738,0.4473684210526316,8.0,1748
pune,pm10_eps4.0,budget_absorption,4.0,8,6,8.0,2,2,0.0,285.82173827493904,0.28582173827493906,0.37757093797370084,0.44565217391304346,8.0,1748
pune,pm10_eps4.0,budget_absorption,4.0,8,6,16.0,2,2,0.0,281.3688382062766,0.2813688382062766,0.380129812004738,0.4473684210526316,8.0,1748
pune,pm10_eps4.0,budget_absorption,4.0,8,1,,2,4,0.0,284.1637484647951,0.2841637484647951,0.3801394047598616,0.44219977553310885,7.912457912457913,1782
pune,pm10_eps4.0,budget_absorption,4.0,8,1,4.0,2,4,0.0,621.0080764512994,0.6210080764512994,0.4369805770258311,0.5072951739618407,7.912457912457913,1782
pune,pm10_eps4.0,budget_absorption,4.0,8,1,8.0,2,4,0.0,314.1247493206949,0.3141247493206949,0.7593915728788598,0.47418630751964086,7.912457912457913,1782
pune,pm10_eps4.0,budget_absorption,4.0,8,1,16.0,2,4,0.0,284.1637484647951,0.2841637484647951,0.3801394047598616,0.44219977553310885,7.912457912457913,1782
pune,pm10_eps4.0,budget_absorption,4.0,8,2,,2,4,0.0,284.1637484647951,0.2841637484647951,0.3801394047598616,0.44219977553310885,7.912457912457913,1782
pune,pm10_eps4.0,budget_absorption,4.0,8,2,4.0,2,4,0.0,621.0080764512994,0.6210080764512994,0.4369805770258311,0.5072951739618407,7.912457912457913,1782
pune,pm10_eps4.0,budget_absorption,4.0,8,2,8.0,2,4,0.0,314.1247493206949,0.3141247493206949,0.7593915728788598,0.47418630751964086,7.912457912457913,1782
pune,pm10_eps4.0,budget_absorption,4.0,8,2,16.0,2,4,0.0,284.1637484647951,0.2841637484647951,0.3801394047598616,0.44219977553310885,7.912457912457913,1782
pune,pm10_eps4.0,budget_absorption,4.0,8,3,,2,4,0.0,285.2896387454788,0.2852896387454788,0.38484176975835843,0.44662921348314605,7.919101123595506,1780
pune,pm10_eps4.0,budget_absorption,4.0,8,3,4.0,2,4,0.0,620.7355393304717,0.6207355393304718,0.43671781897044076,0.5073033707865169,7.919101123595506,1780
pune,pm10_eps4.0,budget_absorption,4.0,8,3,8.0,2,4,0.0,294.6284611340704,0.2946284611340704,0.40237046657112624,0.44887640449438204,7.919101123595506,1780
pune,pm10_eps4.0,budget_absorption,4.0,8,3,16.0,2,4,0.0,285.2896387454788,0.2852896387454788,0.38484176975835843,0.44662921348314605,7.919101123595506,1780
pune,pm10_eps4.0,budget_absorption,4.0,8,4,,2,4,0.0,280.70807566898264,0.28070807566898265,0.36206910421899774,0.4469783352337514,7.992018244013683,1754
pune,pm10_eps4.0,budget_absorption,4.0,8,4,4.0,2,4,0.0,618.2283986891201,0.6182283986891202,0.43963230837600226,0.507411630558723,7.992018244013683,1754
pune,pm10_eps4.0,budget_absorption,4.0,8,4,8.0,2,4,0.0,290.2034573937426,0.2902034573937426,0.3961161412111381,0.45153933865450396,7.992018244013683,1754
pune,pm10_eps4.0,budget_absorption,4.0,8,4,16.0,2,4,0.0,280.70807566898264,0.28070807566898265,0.36206910421899774,0.4469783352337514,7.992018244013683,1754
pune,pm10_eps4.0,budget_absorption,4.0,8,6,,2,4,0.0,278.9501476952921,0.27895014769529214,0.36216629026692365,0.4434882386689616,8.014343086632243,1743
pune,pm10_eps4.0,budget_absorption,4.0,8,6,8.0,2,4,0.0,285.96960221762805,0.28596960221762807,0.37812750227296094,0.44520940906483075,8.014343086632243,1743
pune,pm10_eps4.0,budget_absorption,4.0,8,6,16.0,2,4,0.0,278.9501476952921,0.27895014769529214,0.36216629026692365,0.4434882386689616,8.014343086632243,1743
pune,pm10_eps4.0,budget_absorption,4.0,8,1,,4,0,0.0,283.08652628176395,0.28308652628176395,0.40609503960681875,0.4489337822671156,7.988776655443322,891
pune,pm10_eps4.0,budget_absorption,4.0,8,1,4.0,4,0,0.0,621.917055201018,0.621917055201018,0.4764168241671517,0.5084175084175084,7.988776655443322,891
pune,pm10_eps4.0,budget_absorption,4.0,8,1,8.0,4,0,0.0,292.68427549001655,0.2926842754900165,0.591918441862365,0.45342312008978675,7.988776655443322,891
pune,pm10_eps4.0,budget_absorption,4.0,8,1,16.0,4,0,0.0,283.08652628176395,0.28308652628176395,0.40609503960681875,0.4489337822671156,7.988776655443322,891
pune,pm10_eps4.0,budget_absorption,4.0,8,2,,4,0,0.0,283.08652628176395,0.28308652628176395,0.40609503960681875,0.4489337822671156,7.988776655443322,891
pune,pm10_eps4.0,budget_absorption,4.0,8,2,4.0,4,0,0.0,621.917055201018,0.621917055201018,0.4764168241671517,0.5084175084175084,7.988776655443322,891
pune,pm10_eps4.0,budget_absorption,4.0,8,2,8.0,4,0,0.0,292.68427549001655,0.2926842754900165,0.591918441862365,0.45342312008978675,7.988776655443322,891
pune,pm10_eps4.0,budget_absorption,4.0,8,2,16.0,4,0,0.0,283.08652628176395,0.28308652628176395,0.40609503960681875,0.4489337822671156,7.988776655443322,891
pune,pm10_eps4.0,budget_absorption,4.0,8,3,,4,0,0.0,283.08652628176395,0.28308652628176395,0.40609503960681875,0.4489337822671156,7.988776655443322,891
pune,pm10_eps4.0,budget_absorption,4.0,8,3,4.0,4,0,0.0,621.917055201018,0.621917055201018,0.4764168241671517,0.5084175084175084,7.988776655443322,891
pune,pm10_eps4.0,budget_absorption,4.0,8,3,8.0,4,0,0.0,292.68427549001655,0.2926842754900165,0.591918441862365,0.45342312008978675,7.988776655443322,891
pune,pm10_eps4.0,budget_absorption,4.0,8,3,16.0,4,0,0.0,283.08652628176395,0.28308652628176395,0.40609503960681875,0.4489337822671156,7.988776655443322,891
pune,pm10_eps4.0,budget_absorption,4.0,8,4,,4,0,0.0,283.08652628176395,0.28308652628176395,0.40609503960681875,0.4489337822671156,7.988776655443322,891
pune,pm10_eps4.0,budget_absorption,4.0,8,4,4.0,4,0,0.0,621.917055201018,0.621917055201018,0.4764168241671517,0.5084175084175084,7.988776655443322,891
pune,pm10_eps4.0,budget_absorption,4.0,8,4,8.0,4,0,0.0,292.68427549001655,0.2926842754900165,0.591918441862365,0.45342312008978675,7.988776655443322,891
pune,pm10_eps4.0,budget_absorption,4.0,8,4,16.0,4,0,0.0,283.08652628176395,0.28308652628176395,0.40609503960681875,0.4489337822671156,7.988776655443322,891
pune,pm10_eps4.0,budget_absorption,4.0,8,6,,4,0,0.0,283.08652628176395,0.28308652628176395,0.40609503960681875,0.4489337822671156,7.988776655443322,891
pune,pm10_eps4.0,budget_absorption,4.0,8,6,8.0,4,0,0.0,292.68427549001655,0.2926842754900165,0.591918441862365,0.45342312008978675,7.988776655443322,891
pune,pm10_eps4.0,budget_absorption,4.0,8,6,16.0,4,0,0.0,283.08652628176395,0.28308652628176395,0.40609503960681875,0.4489337822671156,7.988776655443322,891
pune,pm10_eps4.0,budget_absorption,4.0,8,1,,4,2,0.0,283.08652628176395,0.28308652628176395,0.40609503960681875,0.4489337822671156,7.988776655443322,891
pune,pm10_eps4.0,budget_absorption,4.0,8,1,4.0,4,2,0.0,621.917055201018,0.621917055201018,0.4764168241671517,0.5084175084175084,7.988776655443322,891
pune,pm10_eps4.0,budget_absorption,4.0,8,1,8.0,4,2,0.0,292.68427549001655,0.2926842754900165,0.591918441862365,0.45342312008978675,7.988776655443322,891
pune,pm10_eps4.0,budget_absorption,4.0,8,1,16.0,4,2,0.0,283.08652628176395,0.28308652628176395,0.40609503960681875,0.4489337822671156,7.988776655443322,891
pune,pm10_eps4.0,budget_absorption,4.0,8,2,,4,2,0.0,283.08652628176395,0.28308652628176395,0.40609503960681875,0.4489337822671156,7.988776655443322,891
pune,pm10_eps4.0,budget_absorption,4.0,8,2,4.0,4,2,0.0,621.917055201018,0.621917055201018,0.4764168241671517,0.5084175084175084,7.988776655443322,891
pune,pm10_eps4.0,budget_absorption,4.0,8,2,8.0,4,2,0.0,292.68427549001655,0.2926842754900165,0.591918441862365,0.45342312008978675,7.988776655443322,891
pune,pm10_eps4.0,budget_absorption,4.0,8,2,16.0,4,2,0.0,283.08652628176395,0.28308652628176395,0.40609503960681875,0.4489337822671156,7.988776655443322,891
pune,pm10_eps4.0,budget_absorption,4.0,8,3,,4,2,0.0,278.3553968035197,0.2783553968035197,0.4070597814692887,0.44831460674157303,7.995505617977528,890
pune,pm10_eps4.0,budget_absorption,4.0,8,3,4.0,4,2,0.0,623.7807414816502,0.6237807414816502,0.48079517427777585,0.5078651685393258,7.995505617977528,890
pune,pm10_eps4.0,budget_absorption,4.0,8,3,8.0,4,2,0.0,288.73253122509425,0.28873253122509424,0.582705042593842,0.451685393258427,7.995505617977528,890
pune,pm10_eps4.0,budget_absorption,4.0,8,3,16.0,4,2,0.0,278.3553968035197,0.2783553968035197,0.4070597814692887,0.44831460674157303,7.995505617977528,890
pune,pm10_eps4.0,budget_absorption,4.0,8,4,,4,2,0.0,279.74489623966736,0.27974489623966736,0.403149501593166,0.44835414301929627,8.046538024971623,881
pune,pm10_eps4.0,budget_absorption,4.0,8,4,4.0,4,2,0.0,615.6126893432282,0.6156126893432282,0.47795672497025377,0.5051078320090806,8.046538024971623,881
pune,pm10_eps4.0,budget_absorption,4.0,8,4,8.0,4,2,0.0,291.76624497952207,0.2917662449795221,0.5820964932442575,0.45062429057888764,8.046538024971623,881
pune,pm10_eps4.0,budget_absorption,4.0,8,4,16.0,4,2,0.0,279.74489623966736,0.27974489623966736,0.403149501593166,0.44835414301929627,8.046538024971623,881
pune,pm10_eps4.0,budget_absorption,4.0,8,6,,4,2,0.0,277.7362084562612,0.2777362084562612,0.40733016669893796,0.443557582668187,8.060433295324971,877
pune,pm10_eps4.0,budget_absorption,4.0,8,6,8.0,4,2,0.0,288.93417899353494,0.28893417899353496,0.5838261868747292,0.4549600912200684,8.060433295324971,877
pune,pm10_eps4.0,budget_absorption,4.0,8,6,16.0,4,2,0.0,277.7362084562612,0.2777362084562612,0.40733016669893796,0.443557582668187,8.060433295324971,877
pune,pm10_eps4.0,budget_absorption,4.0,8,1,,4,4,0.0,283.08652628176395,0.28308652628176395,0.40609503960681875,0.4489337822671156,7.988776655443322,891
pune,pm10_eps4.0,budget_absorption,4.0,8,1,4.0,4,4,0.0,621.917055201018,0.621917055201018,0.4764168241671517,0.5084175084175084,7.988776655443322,891
pune,pm10_eps4.0,budget_absorption,4.0,8,1,8.0,4,4,0.0,292.68427549001655,0.2926842754900165,0.591918441862365,0.45342312008978675,7.988776655443322,891
pune,pm10_eps4.0,budget_absorption,4.0,8,1,16.0,4,4,0.0,283.08652628176395,0.28308652628176395,0.40609503960681875,0.4489337822671156,7.988776655443322,891
pune,pm10_eps4.0,budget_absorption,4.0,8,2,,4,4,0.0,283.08652628176395,0.28308652628176395,0.40609503960681875,0.4489337822671156,7.988776655443322,891
pune,pm10_eps4.0,budget_absorption,4.0,8,2,4.0,4,4,0.0,621.917055201018,0.621917055201018,0.4764168241671517,0.5084175084175084,7.988776655443322,891
pune,pm10_eps4.0,budget_absorption,4.0,8,2,8.0,4,4,0.0,292.68427549001655,0.2926842754900165,0.591918441862365,0.45342312008978675,7.988776655443322,891
pune,pm10_eps4.0,budget_absorption,4.0,8,2,16.0,4,4,0.0,283.08652628176395,0.28308652628176395,0.40609503960681875,0.4489337822671156,7.988776655443322,891
pune,pm10_eps4.0,budget_absorption,4.0,8,3,,4,4,0.0,278.3553968035197,0.2783553968035197,0.4070597814692887,0.44831460674157303,7.995505617977528,890
pune,pm10_eps4.0,budget_absorption,4.0,8,3,4.0,4,4,0.0,623.7807414816502,0.6237807414816502,0.48079517427777585,0.5078651685393258,7.995505617977528,890
pune,pm10_eps4.0,budget_absorption,4.0,8,3,8.0,4,4,0.0,288.73253122509425,0.28873253122509424,0.582705042593842,0.451685393258427,7.995505617977528,890
pune,pm10_eps4.0,budget_absorption,4.0,8,3,16.0,4,4,0.0,278.3553968035197,0.2783553968035197,0.4070597814692887,0.44831460674157303,7.995505617977528,890
pune,pm10_eps4.0,budget_absorption,4.0,8,4,,4,4,0.0,280.4625088617759,0.2804625088617759,0.40944173218454855,0.44874715261959,8.06378132118451,878
pune,pm10_eps4.0,budget_absorption,4.0,8,4,4.0,4,4,0.0,614.8481157470292,0.6148481157470291,0.47636220842768,0.5056947608200456,8.06378132118451,878
pune,pm10_eps4.0,budget_absorption,4.0,8,4,8.0,4,4,0.0,290.14886100288226,0.29014886100288223,0.5848876802929105,0.45558086560364464,8.06378132118451,878
pune,pm10_eps4.0,budget_absorption,4.0,8,4,16.0,4,4,0.0,280.4625088617759,0.2804625088617759,0.40944173218454855,0.44874715261959,8.06378132118451,878
pune,pm10_eps4.0,budget_absorption,4.0,8,6,,4,4,0.0,276.5631177138535,0.2765631177138535,0.42783215465730723,0.4422857142857143,8.074285714285715,875
pune,pm10_eps4.0,budget_absorption,4.0,8,6,8.0,4,4,0.0,292.993972784675,0.292993972784675,0.5837317982429351,0.4514285714285714,8.074285714285715,875
pune,pm10_eps4.0,budget_absorption,4.0,8,6,16.0,4,4,0.0,276.5631177138535,0.2765631177138535,0.42783215465730723,0.4422857142857143,8.074285714285715,875
pune,pm10_eps4.0,p_gated_uniform,4.0,8,1,,1,0,0.0,261.23826406207337,0.26123826406207334,0.5077709774618508,1.0,7.840303115352231,3563
pune,pm10_eps4.0,p_gated_uniform,4.0,8,1,4.0,1,0,0.0,496.20424992690147,0.4962042499269015,0.6287026068277797,1.0,7.840303115352231,3563
pune,pm10_eps4.0,p_gated_uniform,4.0,8,1,8.0,1,0,0.0,266.96559734461584,0.26696559734461583,0.5209369388221552,1.0,7.840303115352231,3563
pune,pm10_eps4.0,p_gated_uniform,4.0,8,1,16.0,1,0,0.0,261.23826406207337,0.26123826406207334,0.5077709774618508,1.0,7.840303115352231,3563
pune,pm10_eps4.0,p_gated_uniform,4.0,8,2,,1,0,0.0,260.3764769827673,0.26037647698276734,0.5607042324456923,0.9994386752736458,7.840303115352231,3563
pune,pm10_eps4.0,p_gated_uniform,4.0,8,2,4.0,1,0,0.0,495.3947316165906,0.4953947316165906,0.6276327493837016,0.9994386752736458,7.840303115352231,3563
pune,pm10_eps4.0,p_gated_uniform,4.0,8,2,8.0,1,0,0.0,266.0878937689993,0.26608789376899933,0.577112657573775,0.9994386752736458,7.840303115352231,3563
pune,pm10_eps4.0,p_gated_uniform,4.0,8,2,16.0,1,0,0.0,260.3764769827673,0.26037647698276734,0.5607042324456923,0.9994386752736458,7.840303115352231,3563
pune,pm10_eps4.0,p_gated_uniform,4.0,8,3,,1,0,0.0,259.8711757757234,0.2598711757757234,0.5592969174973544,0.9980353634577603,7.840303115352231,3563
pune,pm10_eps4.0,p_gated_uniform,4.0,8,3,4.0,1,0,0.0,494.7726723071845,0.4947726723071845,0.6272805376671559,0.9980353634577603,7.840303115352231,3563
pune,pm10_eps4.0,p_gated_uniform,4.0,8,3,8.0,1,0,0.0,265.61625328226387,0.26561625328226385,0.5752036962946591,0.9980353634577603,7.840303115352231,3563
pune,pm10_eps4.0,p_gated_uniform,4.0,8,3,16.0,1,0,0.0,259.8711757757234,0.2598711757757234,0.5592969174973544,0.9980353634577603,7.840303115352231,3563
pune,pm10_eps4.0,p_gated_uniform,4.0,8,4,,1,0,0.0,254.6809776094484,0.2546809776094484,0.6150593822183484,0.9789503227617177,7.840303115352231,3563
pune,pm10_eps4.0,p_gated_uniform,4.0,8,4,4.0,1,0,0.0,492.1405643829895,0.49214056438298953,0.6217546689666709,0.9789503227617177,7.840303115352231,3563
pune,pm10_eps4.0,p_gated_uniform,4.0,8,4,8.0,1,0,0.0,260.50314420201073,0.2605031442020107,0.6354559069398559,0.9789503227617177,7.840303115352231,3563
pune,pm10_eps4.0,p_gated_uniform,4.0,8,4,16.0,1,0,0.0,254.6809776094484,0.2546809776094484,0.6150593822183484,0.9789503227617177,7.840303115352231,3563
pune,pm10_eps4.0,p_gated_uniform,4.0,8,6,,1,0,0.0,247.35555848069,0.24735555848069002,0.6180370747241155,0.9666011787819253,7.840303115352231,3563
pune,pm10_eps4.0,p_gated_uniform,4.0,8,6,8.0,1,0,0.0,253.41949522087708,0.2534194952208771,0.6359925338501583,0.9666011787819253,7.840303115352231,3563
pune,pm10_eps4.0,p_gated_uniform,4.0,8,6,16.0,1,0,0.0,247.35555848069,0.24735555848069002,0.6180370747241155,0.9666011787819253,7.840303115352231,3563
pune,pm10_eps4.0,p_gated_uniform,4.0,8,1,,1,2,0.0,261.23826406207337,0.26123826406207334,0.5077709774618508,1.0,7.840303115352231,3563
pune,pm10_eps4.0,p_gated_uniform,4.0,8,1,4.0,1,2,0.0,496.20424992690147,0.4962042499269015,0.6287026068277797,1.0,7.840303115352231,3563
pune,pm10_eps4.0,p_gated_uniform,4.0,8,1,8.0,1,2,0.0,266.96559734461584,0.26696559734461583,0.5209369388221552,1.0,7.840303115352231,3563
pune,pm10_eps4.0,p_gated_uniform,4.0,8,1,16.0,1,2,0.0,261.23826406207337,0.26123826406207334,0.5077709774618508,1.0,7.840303115352231,3563
pune,pm10_eps4.0,p_gated_uniform,4.0,8,2,,1,2,0.0,260.36653187820673,0.26036653187820674,0.5607042324456923,1.0,7.844144903117102,3561
pune,pm10_eps4.0,p_gated_uniform,4.0,8,2,4.0,1,2,0.0,495.4396341694774,0.4954396341694774,0.6276327493837016,1.0,7.844144903117102,3561
pune,pm10_eps4.0,p_gated_uniform,4.0,8,2,8.0,1,2,0.0,266.08115642449843,0.2660811564244984,0.577112657573775,1.0,7.844144903117102,3561
pune,pm10_eps4.0,p_gated_uniform,4.0,8,2,16.0,1,2,0.0,260.36653187820673,0.26036653187820674,0.5607042324456923,1.0,7.844144903117102,3561
pune,pm10_eps4.0,p_gated_uniform,4.0,8,3,,1,2,0.0,259.542154326733,0.259542154326733,0.5592969174973544,0.9997188642114141,7.850716896260894,3557
pune,pm10_eps4.0,p_gated_uniform,4.0,8,3,4.0,1,2,0.0,494.8198873257451,0.4948198873257451,0.6272805376671559,0.9997188642114141,7.850716896260894,3557
pune,pm10_eps4.0,p_gated_uniform,4.0,8,3,8.0,1,2,0.0,265.29692271464523,0.2652969227146452,0.5752036962946591,0.9997188642114141,7.850716896260894,3557
pune,pm10_eps4.0,p_gated_uniform,4.0,8,3,16.0,1,2,0.0,259.542154326733,0.259542154326733,0.5592969174973544,0.9997188642114141,7.850716896260894,3557
pune,pm10_eps4.0,p_gated_uniform,4.0,8,4,,1,2,0.0,252.65040166527066,0.25265040166527064,0.6137507199229001,0.994017094017094,7.915954415954416,3510
pune,pm10_eps4.0,p_gated_uniform,4.0,8,4,4.0,1,2,0.0,492.38502669709254,0.49238502669709255,0.6215063348249756,0.994017094017094,7.915954415954416,3510
pune,pm10_eps4.0,p_gated_uniform,4.0,8,4,8.0,1,2,0.0,258.53917442522413,0.2585391744252241,0.6341141536845101,0.994017094017094,7.915954415954416,3510
pune,pm10_eps4.0,p_gated_uniform,4.0,8,4,16.0,1,2,0.0,252.65040166527066,0.25265040166527064,0.6137507199229001,0.994017094017094,7.915954415954416,3510
pune,pm10_eps4.0,p_gated_uniform,4.0,8,6,,1,2,0.0,252.03594192874056,0.25203594192874057,0.6167652572957331,0.9919470808167961,7.949094046591889,3477
pune,pm10_eps4.0,p_gated_uniform,4.0,8,6,8.0,1,2,0.0,258.049709631447,0.258049709631447,0.6341244591981493,0.9919470808167961,7.949094046591889,3477
pune,pm10_eps4.0,p_gated_uniform,4.0,8,6,16.0,1,2,0.0,252.03594192874056,0.25203594192874057,0.6167652572957331,0.9919470808167961,7.949094046591889,3477
pune,pm10_eps4.0,p_gated_uniform,4.0,8,1,,1,4,0.0,261.23826406207337,0.26123826406207334,0.5077709774618508,1.0,7.840303115352231,3563
pune,pm10_eps4.0,p_gated_uniform,4.0,8,1,4.0,1,4,0.0,496.20424992690147,0.4962042499269015,0.6287026068277797,1.0,7.840303115352231,3563
pune,pm10_eps4.0,p_gated_uniform,4.0,8,1,8.0,1,4,0.0,266.96559734461584,0.26696559734461583,0.5209369388221552,1.0,7.840303115352231,3563
pune,pm10_eps4.0,p_gated_uniform,4.0,8,1,16.0,1,4,0.0,261.23826406207337,0.26123826406207334,0.5077709774618508,1.0,7.840303115352231,3563
pune,pm10_eps4.0,p_gated_uniform,4.0,8,2,,1,4,0.0,260.36653187820673,0.26036653187820674,0.5607042324456923,1.0,7.844144903117102,3561
pune,pm10_eps4.0,p_gated_uniform,4.0,8,2,4.0,1,4,0.0,495.4396341694774,0.4954396341694774,0.6276327493837016,1.0,7.844144903117102,3561
pune,pm10_eps4.0,p_gated_uniform,4.0,8,2,8.0,1,4,0.0,266.08115642449843,0.2660811564244984,0.577112657573775,1.0,7.844144903117102,3561
pune,pm10_eps4.0,p_gated_uniform,4.0,8,2,16.0,1,4,0.0,260.36653187820673,0.26036653187820674,0.5607042324456923,1.0,7.844144903117102,3561
pune,pm10_eps4.0,p_gated_uniform,4.0,8,3,,1,4,0.0,259.5420876871387,0.2595420876871387,0.5592969174973544,0.9997188642114141,7.850716896260894,3557
pune,pm10_eps4.0,p_gated_uniform,4.0,8,3,4.0,1,4,0.0,494.81982068615076,0.49481982068615077,0.6272805376671559,0.9997188642114141,7.850716896260894,3557
pune,pm10_eps4.0,p_gated_uniform,4.0,8,3,8.0,1,4,0.0,265.2968560750509,0.26529685607505094,0.5752036962946591,0.9997188642114141,7.850716896260894,3557
pune,pm10_eps4.0,p_gated_uniform,4.0,8,3,16.0,1,4,0.0,259.5420876871387,0.2595420876871387,0.5592969174973544,0.9997188642114141,7.850716896260894,3557
pune,pm10_eps4.0,p_gated_uniform,4.0,8,4,,1,4,0.0,252.3931527583162,0.2523931527583162,0.6137507199229001,0.9965724078834619,7.928877463581833,3501
pune,pm10_eps4.0,p_gated_uniform,4.0,8,4,4.0,1,4,0.0,492.53055891101644,0.49253055891101644,0.6215063348249756,0.9965724078834619,7.928877463581833,3501
pune,pm10_eps4.0,p_gated_uniform,4.0,8,4,8.0,1,4,0.0,258.2970637515857,0.25829706375158573,0.6341141536845101,0.9965724078834619,7.928877463581833,3501
pune,pm10_eps4.0,p_gated_uniform,4.0,8,4,16.0,1,4,0.0,252.3931527583162,0.2523931527583162,0.6137507199229001,0.9965724078834619,7.928877463581833,3501
pune,pm10_eps4.0,p_gated_uniform,4.0,8,6,,1,4,0.0,251.18275986178273,0.25118275986178273,0.6167652572957331,0.9956697459584296,7.966512702078522,3464
pune,pm10_eps4.0,p_gated_uniform,4.0,8,6,8.0,1,4,0.0,257.0989536936005,0.2570989536936005,0.6341244591981493,0.9956697459584296,7.966512702078522,3464
pune,pm10_eps4.0,p_gated_uniform,4.0,8,6,16.0,1,4,0.0,251.18275986178273,0.25118275986178273,0.6167652572957331,0.9956697459584296,7.966512702078522,3464
pune,pm10_eps4.0,p_gated_uniform,4.0,8,1,,2,0,0.0,249.832445437531,0.249832445437531,0.6767791746120666,1.0,7.912457912457913,1782
pune,pm10_eps4.0,p_gated_uniform,4.0,8,1,4.0,2,0,0.0,482.5480562422864,0.4825480562422864,0.8635809418047555,1.0,7.912457912457913,1782
pune,pm10_eps4.0,p_gated_uniform,4.0,8,1,8.0,2,0,0.0,256.546826709171,0.256546826709171,0.884563769159592,1.0,7.912457912457913,1782
pune,pm10_eps4.0,p_gated_uniform,4.0,8,1,16.0,2,0,0.0,249.832445437531,0.249832445437531,0.6767791746120666,1.0,7.912457912457913,1782
pune,pm10_eps4.0,p_gated_uniform,4.0,8,2,,2,0,0.0,249.832445437531,0.249832445437531,0.6767791746120666,1.0,7.912457912457913,1782
pune,pm10_eps4.0,p_gated_uniform,4.0,8,2,4.0,2,0,0.0,482.5480562422864,0.4825480562422864,0.8635809418047555,1.0,7.912457912457913,1782
pune,pm10_eps4.0,p_gated_uniform,4.0,8,2,8.0,2,0,0.0,256.546826709171,0.256546826709171,0.884563769159592,1.0,7.912457912457913,1782
pune,pm10_eps4.0,p_gated_uniform,4.0,8,2,16.0,2,0,0.0,249.832445437531,0.249832445437531,0.6767791746120666,1.0,7.912457912457913,1782
pune,pm10_eps4.0,p_gated_uniform,4.0,8,3,,2,0,0.0,250.20564501271016,0.25020564501271014,0.676765460600795,0.9988776655443322,7.912457912457913,1782
pune,pm10_eps4.0,p_gated_uniform,4.0,8,3,4.0,2,0,0.0,483.0590965613874,0.4830590965613874,0.8624504048201409,0.9988776655443322,7.912457912457913,1782
pune,pm10_eps4.0,p_gated_uniform,4.0,8,3,8.0,2,0,0.0,256.9507069846938,0.2569507069846938,0.8820793862745268,0.9988776655443322,7.912457912457913,1782
pune,pm10_eps4.0,p_gated_uniform,4.0,8,3,16.0,2,0,0.0,250.20564501271016,0.25020564501271014,0.676765460600795,0.9988776655443322,7.912457912457913,1782
pune,pm10_eps4.0,p_gated_uniform,4.0,8,4,,2,0,0.0,239.25856266841598,0.23925856266841597,0.915515786270997,0.9814814814814815,7.912457912457913,1782
pune,pm10_eps4.0,p_gated_uniform,4.0,8,4,4.0,2,0,0.0,472.3940609961063,0.4723940609961063,0.9011516277315876,0.9814814814814815,7.912457912457913,1782
pune,pm10_eps4.0,p_gated_uniform,4.0,8,4,8.0,2,0,0.0,245.9190065041751,0.24591900650417509,0.9298497483279319,0.9814814814814815,7.912457912457913,1782
pune,pm10_eps4.0,p_gated_uniform,4.0,8,4,16.0,2,0,0.0,239.25856266841598,0.23925856266841597,0.915515786270997,0.9814814814814815,7.912457912457913,1782
pune,pm10_eps4.0,p_gated_uniform,4.0,8,6,,2,0,0.0,240.96679165618377,0.24096679165618376,0.9210395325463776,0.9741863075196409,7.912457912457913,1782
pune,pm10_eps4.0,p_gated_uniform,4.0,8,6,8.0,2,0,0.0,247.93159583841103,0.24793159583841104,0.9475262082339272,0.9741863075196409,7.912457912457913,1782
pune,pm10_eps4.0,p_gated_uniform,4.0,8,6,16.0,2,0,0.0,240.96679165618377,0.24096679165618376,0.9210395325463776,0.9741863075196409,7.912457912457913,1782
pune,pm10_eps4.0,p_gated_uniform,4.0,8,1,,2,2,0.0,249.832445437531,0.249832445437531,0.6767791746120666,1.0,7.912457912457913,1782
pune,pm10_eps4.0,p_gated_uniform,4.0,8,1,4.0,2,2,0.0,482.5480562422864,0.4825480562422864,0.8635809418047555,1.0,7.912457912457913,1782
pune,pm10_eps4.0,p_gated_uniform,4.0,8,1,8.0,2,2,0.0,256.546826709171,0.256546826709171,0.884563769159592,1.0,7.912457912457913,1782
pune,pm10_eps4.0,p_gated_uniform,4.0,8,1,16.0,2,2,0.0,249.832445437531,0.249832445437531,0.6767791746120666,1.0,7.912457912457913,1782
pune,pm10_eps4.0,p_gated_uniform,4.0,8,2,,2,2,0.0,249.832445437531,0.249832445437531,0.6767791746120666,1.0,7.912457912457913,1782
pune,pm10_eps4.0,p_gated_uniform,4.0,8,2,4.0,2,2,0.0,482.5480562422864,0.4825480562422864,0.8635809418047555,1.0,7.912457912457913,1782
pune,pm10_eps4.0,p_gated_uniform,4.0,8,2,8.0,2,2,0.0,256.546826709171,0.256546826709171,0.884563769159592,1.0,7.912457912457913,1782
pune,pm10_eps4.0,p_gated_uniform,4.0,8,2,16.0,2,2,0.0,249.832445437531,0.249832445437531,0.6767791746120666,1.0,7.912457912457913,1782
pune,pm10_eps4.0,p_gated_uniform,4.0,8,3,,2,2,0.0,249.27610777902444,0.24927610777902445,0.676765460600795,1.0,7.919101123595506,1780
pune,pm10_eps4.0,p_gated_uniform,4.0,8,3,4.0,2,2,0.0,482.3911924193294,0.4823911924193294,0.8624504048201409,1.0,7.919101123595506,1780
pune,pm10_eps4.0,p_gated_uniform,4.0,8,3,8.0,2,2,0.0,256.02874847232493,0.25602874847232493,0.8820793862745268,1.0,7.919101123595506,1780
pune,pm10_eps4.0,p_gated_uniform,4.0,8,3,16.0,2,2,0.0,249.27610777902444,0.24927610777902445,0.676765460600795,1.0,7.919101123595506,1780
pune,pm10_eps4.0,p_gated_uniform,4.0,8,4,,2,2,0.0,239.94864444069222,0.23994864444069222,0.915515786270997,0.9943149516770893,7.977828311540648,1759
pune,pm10_eps4.0,p_gated_uniform,4.0,8,4,4.0,2,2,0.0,475.05668130426614,0.47505668130426615,0.9011516277315876,0.9943149516770893,7.977828311540648,1759
pune,pm10_eps4.0,p_gated_uniform,4.0,8,4,8.0,2,2,0.0,246.69617765008547,0.24669617765008547,0.9298497483279319,0.9943149516770893,7.977828311540648,1759
pune,pm10_eps4.0,p_gated_uniform,4.0,8,4,16.0,2,2,0.0,239.94864444069222,0.23994864444069222,0.915515786270997,0.9943149516770893,7.977828311540648,1759
pune,pm10_eps4.0,p_gated_uniform,4.0,8,6,,2,2,0.0,239.58459103579457,0.23958459103579458,0.9210395325463776,0.9931350114416476,8.0,1748
pune,pm10_eps4.0,p_gated_uniform,4.0,8,6,8.0,2,2,0.0,246.32204850130077,0.24632204850130077,0.9475262082339272,0.9931350114416476,8.0,1748
pune,pm10_eps4.0,p_gated_uniform,4.0,8,6,16.0,2,2,0.0,239.58459103579457,0.23958459103579458,0.9210395325463776,0.9931350114416476,8.0,1748
pune,pm10_eps4.0,p_gated_uniform,4.0,8,1,,2,4,0.0,249.832445437531,0.249832445437531,0.6767791746120666,1.0,7.912457912457913,1782
pune,pm10_eps4.0,p_gated_uniform,4.0,8,1,4.0,2,4,0.0,482.5480562422864,0.4825480562422864,0.8635809418047555,1.0,7.912457912457913,1782
pune,pm10_eps4.0,p_gated_uniform,4.0,8,1,8.0,2,4,0.0,256.546826709171,0.256546826709171,0.884563769159592,1.0,7.912457912457913,1782
pune,pm10_eps4.0,p_gated_uniform,4.0,8,1,16.0,2,4,0.0,249.832445437531,0.249832445437531,0.6767791746120666,1.0,7.912457912457913,1782
pune,pm10_eps4.0,p_gated_uniform,4.0,8,2,,2,4,0.0,249.832445437531,0.249832445437531,0.6767791746120666,1.0,7.912457912457913,1782
pune,pm10_eps4.0,p_gated_uniform,4.0,8,2,4.0,2,4,0.0,482.5480562422864,0.4825480562422864,0.8635809418047555,1.0,7.912457912457913,1782
pune,pm10_eps4.0,p_gated_uniform,4.0,8,2,8.0,2,4,0.0,256.546826709171,0.256546826709171,0.884563769159592,1.0,7.912457912457913,1782
pune,pm10_eps4.0,p_gated_uniform,4.0,8,2,16.0,2,4,0.0,249.832445437531,0.249832445437531,0.6767791746120666,1.0,7.912457912457913,1782
pune,pm10_eps4.0,p_gated_uniform,4.0,8,3,,2,4,0.0,249.27610777902444,0.24927610777902445,0.676765460600795,1.0,7.919101123595506,1780
pune,pm10_eps4.0,p_gated_uniform,4.0,8,3,4.0,2,4,0.0,482.3911924193294,0.4823911924193294,0.8624504048201409,1.0,7.919101123595506,1780
pune,pm10_eps4.0,p_gated_uniform,4.0,8,3,8.0,2,4,0.0,256.02874847232493,0.25602874847232493,0.8820793862745268,1.0,7.919101123595506,1780
pune,pm10_eps4.0,p_gated_uniform,4.0,8,3,16.0,2,4,0.0,249.27610777902444,0.24927610777902445,0.676765460600795,1.0,7.919101123595506,1780
pune,pm10_eps4.0,p_gated_uniform,4.0,8,4,,2,4,0.0,240.11855809488614,0.24011855809488614,0.915515786270997,0.9971493728620296,7.992018244013683,1754
pune,pm10_eps4.0,p_gated_uniform,4.0,8,4,4.0,2,4,0.0,475.69019703721074,0.4756901970372107,0.9011516277315876,0.9971493728620296,7.992018244013683,1754
pune,pm10_eps4.0,p_gated_uniform,4.0,8,4,8.0,2,4,0.0,246.88532600556044,0.24688532600556046,0.9298497483279319,0.9971493728620296,7.992018244013683,1754
pune,pm10_eps4.0,p_gated_uniform,4.0,8,4,16.0,2,4,0.0,240.11855809488614,0.24011855809488614,0.915515786270997,0.9971493728620296,7.992018244013683,1754
pune,pm10_eps4.0,p_gated_uniform,4.0,8,6,,2,4,0.0,239.50076641380483,0.23950076641380483,0.9210395325463776,0.9959839357429718,8.014343086632243,1743
pune,pm10_eps4.0,p_gated_uniform,4.0,8,6,8.0,2,4,0.0,246.1795813833481,0.2461795813833481,0.9475262082339272,0.9959839357429718,8.014343086632243,1743
pune,pm10_eps4.0,p_gated_uniform,4.0,8,6,16.0,2,4,0.0,239.50076641380483,0.23950076641380483,0.9210395325463776,0.9959839357429718,8.014343086632243,1743
pune,pm10_eps4.0,p_gated_uniform,4.0,8,1,,4,0,0.0,241.2112816254307,0.2412112816254307,0.7431027730749905,1.0,7.988776655443322,891
pune,pm10_eps4.0,p_gated_uniform,4.0,8,1,4.0,4,0,0.0,476.33760002241814,0.47633760002241815,0.8430260399769701,1.0,7.988776655443322,891
pune,pm10_eps4.0,p_gated_uniform,4.0,8,1,8.0,4,0,0.0,248.8694681900849,0.24886946819008487,0.7498809311844762,1.0,7.988776655443322,891
pune,pm10_eps4.0,p_gated_uniform,4.0,8,1,16.0,4,0,0.0,241.2112816254307,0.2412112816254307,0.7431027730749905,1.0,7.988776655443322,891
pune,pm10_eps4.0,p_gated_uniform,4.0,8,2,,4,0,0.0,241.2112816254307,0.2412112816254307,0.7431027730749905,1.0,7.988776655443322,891
pune,pm10_eps4.0,p_gated_uniform,4.0,8,2,4.0,4,0,0.0,476.33760002241814,0.47633760002241815,0.8430260399769701,1.0,7.988776655443322,891
pune,pm10_eps4.0,p_gated_uniform,4.0,8,2,8.0,4,0,0.0,248.8694681900849,0.24886946819008487,0.7498809311844762,1.0,7.988776655443322,891
pune,pm10_eps4.0,p_gated_uniform,4.0,8,2,16.0,4,0,0.0,241.2112816254307,0.2412112816254307,0.7431027730749905,1.0,7.988776655443322,891
pune,pm10_eps4.0,p_gated_uniform,4.0,8,3,,4,0,0.0,241.61844733614177,0.24161844733614177,0.7491150530431049,0.9988776655443322,7.988776655443322,891
pune,pm10_eps4.0,p_gated_uniform,4.0,8,3,4.0,4,0,0.0,476.45219564827624,0.47645219564827623,0.8392378350541551,0.9988776655443322,7.988776655443322,891
pune,pm10_eps4.0,p_gated_uniform,4.0,8,3,8.0,4,0,0.0,249.28396127166664,0.24928396127166663,0.7559289745838732,0.9988776655443322,7.988776655443322,891
pune,pm10_eps4.0,p_gated_uniform,4.0,8,3,16.0,4,0,0.0,241.61844733614177,0.24161844733614177,0.7491150530431049,0.9988776655443322,7.988776655443322,891
pune,pm10_eps4.0,p_gated_uniform,4.0,8,4,,4,0,0.0,236.34117469475925,0.23634117469475924,0.8364972329855043,0.9831649831649831,7.988776655443322,891
pune,pm10_eps4.0,p_gated_uniform,4.0,8,4,4.0,4,0,0.0,475.6237189351697,0.4756237189351697,0.8311370272669567,0.9831649831649831,7.988776655443322,891
pune,pm10_eps4.0,p_gated_uniform,4.0,8,4,8.0,4,0,0.0,244.37784745977822,0.24437784745977822,0.8575140187895472,0.9831649831649831,7.988776655443322,891
pune,pm10_eps4.0,p_gated_uniform,4.0,8,4,16.0,4,0,0.0,236.34117469475925,0.23634117469475924,0.8364972329855043,0.9831649831649831,7.988776655443322,891
pune,pm10_eps4.0,p_gated_uniform,4.0,8,6,,4,0,0.0,235.04358537931316,0.23504358537931316,0.8293664647466688,0.978675645342312,7.988776655443322,891
pune,pm10_eps4.0,p_gated_uniform,4.0,8,6,8.0,4,0,0.0,243.05936670080933,0.24305936670080933,0.8531107763635208,0.978675645342312,7.988776655443322,891
pune,pm10_eps4.0,p_gated_uniform,4.0,8,6,16.0,4,0,0.0,235.04358537931316,0.23504358537931316,0.8293664647466688,0.978675645342312,7.988776655443322,891
pune,pm10_eps4.0,p_gated_uniform,4.0,8,1,,4,2,0.0,241.2112816254307,0.2412112816254307,0.7431027730749905,1.0,7.988776655443322,891
pune,pm10_eps4.0,p_gated_uniform,4.0,8,1,4.0,4,2,0.0,476.33760002241814,0.47633760002241815,0.8430260399769701,1.0,7.988776655443322,891
pune,pm10_eps4.0,p_gated_uniform,4.0,8,1,8.0,4,2,0.0,248.8694681900849,0.24886946819008487,0.7498809311844762,1.0,7.988776655443322,891
pune,pm10_eps4.0,p_gated_uniform,4.0,8,1,16.0,4,2,0.0,241.2112816254307,0.2412112816254307,0.7431027730749905,1.0,7.988776655443322,891
pune,pm10_eps4.0,p_gated_uniform,4.0,8,2,,4,2,0.0,241.2112816254307,0.2412112816254307,0.7431027730749905,1.0,7.988776655443322,891
pune,pm10_eps4.0,p_gated_uniform,4.0,8,2,4.0,4,2,0.0,476.33760002241814,0.47633760002241815,0.8430260399769701,1.0,7.988776655443322,891
pune,pm10_eps4.0,p_gated_uniform,4.0,8,2,8.0,4,2,0.0,248.8694681900849,0.24886946819008487,0.7498809311844762,1.0,7.988776655443322,891
pune,pm10_eps4.0,p_gated_uniform,4.0,8,2,16.0,4,2,0.0,241.2112816254307,0.2412112816254307,0.7431027730749905,1.0,7.988776655443322,891
pune,pm10_eps4.0,p_gated_uniform,4.0,8,3,,4,2,0.0,241.52270488319675,0.24152270488319674,0.7491150530431049,1.0,7.995505617977528,890
pune,pm10_eps4.0,p_gated_uniform,4.0,8,3,4.0,4,2,0.0,476.62031133950217,0.47662031133950217,0.8392378350541551,1.0,7.995505617977528,890
pune,pm10_eps4.0,p_gated_uniform,4.0,8,3,8.0,4,2,0.0,249.19683175572783,0.24919683175572782,0.7559289745838732,1.0,7.995505617977528,890
pune,pm10_eps4.0,p_gated_uniform,4.0,8,3,16.0,4,2,0.0,241.52270488319675,0.24152270488319674,0.7491150530431049,1.0,7.995505617977528,890
pune,pm10_eps4.0,p_gated_uniform,4.0,8,4,,4,2,0.0,236.37379772185497,0.23637379772185496,0.8364972329855043,0.9943246311010215,8.046538024971623,881
pune,pm10_eps4.0,p_gated_uniform,4.0,8,4,4.0,4,2,0.0,475.4494112378673,0.4754494112378673,0.8311370272669567,0.9943246311010215,8.046538024971623,881
pune,pm10_eps4.0,p_gated_uniform,4.0,8,4,8.0,4,2,0.0,244.35322692588957,0.24435322692588957,0.8575140187895472,0.9943246311010215,8.046538024971623,881
pune,pm10_eps4.0,p_gated_uniform,4.0,8,4,16.0,4,2,0.0,236.37379772185497,0.23637379772185496,0.8364972329855043,0.9943246311010215,8.046538024971623,881
pune,pm10_eps4.0,p_gated_uniform,4.0,8,6,,4,2,0.0,235.09704746869224,0.23509704746869223,0.8293664647466688,0.9942987457240593,8.060433295324971,877
pune,pm10_eps4.0,p_gated_uniform,4.0,8,6,8.0,4,2,0.0,243.15844671368583,0.24315844671368583,0.8531107763635208,0.9942987457240593,8.060433295324971,877
pune,pm10_eps4.0,p_gated_uniform,4.0,8,6,16.0,4,2,0.0,235.09704746869224,0.23509704746869223,0.8293664647466688,0.9942987457240593,8.060433295324971,877
pune,pm10_eps4.0,p_gated_uniform,4.0,8,1,,4,4,0.0,241.2112816254307,0.2412112816254307,0.7431027730749905,1.0,7.988776655443322,891
pune,pm10_eps4.0,p_gated_uniform,4.0,8,1,4.0,4,4,0.0,476.33760002241814,0.47633760002241815,0.8430260399769701,1.0,7.988776655443322,891
pune,pm10_eps4.0,p_gated_uniform,4.0,8,1,8.0,4,4,0.0,248.8694681900849,0.24886946819008487,0.7498809311844762,1.0,7.988776655443322,891
pune,pm10_eps4.0,p_gated_uniform,4.0,8,1,16.0,4,4,0.0,241.2112816254307,0.2412112816254307,0.7431027730749905,1.0,7.988776655443322,891
pune,pm10_eps4.0,p_gated_uniform,4.0,8,2,,4,4,0.0,241.2112816254307,0.2412112816254307,0.7431027730749905,1.0,7.988776655443322,891
pune,pm10_eps4.0,p_gated_uniform,4.0,8,2,4.0,4,4,0.0,476.33760002241814,0.47633760002241815,0.8430260399769701,1.0,7.988776655443322,891
pune,pm10_eps4.0,p_gated_uniform,4.0,8,2,8.0,4,4,0.0,248.8694681900849,0.24886946819008487,0.7498809311844762,1.0,7.988776655443322,891
pune,pm10_eps4.0,p_gated_uniform,4.0,8,2,16.0,4,4,0.0,241.2112816254307,0.2412112816254307,0.7431027730749905,1.0,7.988776655443322,891
pune,pm10_eps4.0,p_gated_uniform,4.0,8,3,,4,4,0.0,241.52270488319675,0.24152270488319674,0.7491150530431049,1.0,7.995505617977528,890
pune,pm10_eps4.0,p_gated_uniform,4.0,8,3,4.0,4,4,0.0,476.62031133950217,0.47662031133950217,0.8392378350541551,1.0,7.995505617977528,890
pune,pm10_eps4.0,p_gated_uniform,4.0,8,3,8.0,4,4,0.0,249.19683175572783,0.24919683175572782,0.7559289745838732,1.0,7.995505617977528,890
pune,pm10_eps4.0,p_gated_uniform,4.0,8,3,16.0,4,4,0.0,241.52270488319675,0.24152270488319674,0.7491150530431049,1.0,7.995505617977528,890
pune,pm10_eps4.0,p_gated_uniform,4.0,8,4,,4,4,0.0,236.41467264751589,0.2364146726475159,0.8364972329855043,0.9977220956719818,8.06378132118451,878
pune,pm10_eps4.0,p_gated_uniform,4.0,8,4,4.0,4,4,0.0,475.4497911754878,0.4754497911754878,0.8311370272669567,0.9977220956719818,8.06378132118451,878
pune,pm10_eps4.0,p_gated_uniform,4.0,8,4,8.0,4,4,0.0,244.3717087452327,0.2443717087452327,0.8575140187895472,0.9977220956719818,8.06378132118451,878
pune,pm10_eps4.0,p_gated_uniform,4.0,8,4,16.0,4,4,0.0,236.41467264751589,0.2364146726475159,0.8364972329855043,0.9977220956719818,8.06378132118451,878
pune,pm10_eps4.0,p_gated_uniform,4.0,8,6,,4,4,0.0,235.45545590882568,0.2354554559088257,0.8293664647466688,0.9965714285714286,8.074285714285715,875
pune,pm10_eps4.0,p_gated_uniform,4.0,8,6,8.0,4,4,0.0,243.52349116522106,0.24352349116522107,0.8531107763635208,0.9965714285714286,8.074285714285715,875
pune,pm10_eps4.0,p_gated_uniform,4.0,8,6,16.0,4,4,0.0,235.45545590882568,0.2354554559088257,0.8293664647466688,0.9965714285714286,8.074285714285715,875
pune,pm10_eps4.0,p_gated_sample,4.0,8,1,,1,0,0.0,33.390056207629414,0.033390056207629415,0.1792265162312037,0.1251754139769857,7.840303115352231,3563
pune,pm10_eps4.0,p_gated_sample,4.0,8,1,4.0,1,0,0.0,62.7502320756686,0.0627502320756686,0.715402725598591,0.1251754139769857,7.840303115352231,3563
pune,pm10_eps4.0,p_gated_sample,4.0,8,1,8.0,1,0,0.0,34.16818233076253,0.03416818233076253,0.18814405201933268,0.1251754139769857,7.840303115352231,3563
pune,pm10_eps4.0,p_gated_sample,4.0,8,1,16.0,1,0,0.0,33.390056207629414,0.033390056207629415,0.1792265162312037,0.1251754139769857,7.840303115352231,3563
pune,pm10_eps4.0,p_gated_sample,4.0,8,2,,1,0,0.0,33.390056207629414,0.033390056207629415,0.1792265162312037,0.1251754139769857,7.840303115352231,3563
pune,pm10_eps4.0,p_gated_sample,4.0,8,2,4.0,1,0,0.0,62.7502320756686,0.0627502320756686,0.715402725598591,0.1251754139769857,7.840303115352231,3563
pune,pm10_eps4.0,p_gated_sample,4.0,8,2,8.0,1,0,0.0,34.16818233076253,0.03416818233076253,0.18814405201933268,0.1251754139769857,7.840303115352231,3563
pune,pm10_eps4.0,p_gated_sample,4.0,8,2,16.0,1,0,0.0,33.390056207629414,0.033390056207629415,0.1792265162312037,0.1251754139769857,7.840303115352231,3563
pune,pm10_eps4.0,p_gated_sample,4.0,8,3,,1,0,0.0,33.390056207629414,0.033390056207629415,0.1792265162312037,0.1251754139769857,7.840303115352231,3563
pune,pm10_eps4.0,p_gated_sample,4.0,8,3,4.0,1,0,0.0,62.7502320756686,0.0627502320756686,0.715402725598591,0.1251754139769857,7.840303115352231,3563
pune,pm10_eps4.0,p_gated_sample,4.0,8,3,8.0,1,0,0.0,34.16818233076253,0.03416818233076253,0.18814405201933268,0.1251754139769857,7.840303115352231,3563
pune,pm10_eps4.0,p_gated_sample,4.0,8,3,16.0,1,0,0.0,33.390056207629414,0.033390056207629415,0.1792265162312037,0.1251754139769857,7.840303115352231,3563
pune,pm10_eps4.0,p_gated_sample,4.0,8,4,,1,0,0.0,31.498084704454854,0.03149808470445485,0.25203549525118824,0.1229301150715689,7.840303115352231,3563
pune,pm10_eps4.0,p_gated_sample,4.0,8,4,4.0,1,0,0.0,61.70752252868828,0.06170752252868828,0.3459268671767993,0.1229301150715689,7.840303115352231,3563
pune,pm10_eps4.0,p_gated_sample,4.0,8,4,8.0,1,0,0.0,32.27515075661999,0.03227515075661999,0.25389693166348465,0.1229301150715689,7.840303115352231,3563
pune,pm10_eps4.0,p_gated_sample,4.0,8,4,16.0,1,0,0.0,31.498084704454854,0.03149808470445485,0.25203549525118824,0.1229301150715689,7.840303115352231,3563
pune,pm10_eps4.0,p_gated_sample,4.0,8,6,,1,0,0.0,32.42666029260031,0.03242666029260031,0.372046908779689,0.12152680325568341,7.840303115352231,3563
pune,pm10_eps4.0,p_gated_sample,4.0,8,6,8.0,1,0,0.0,33.23929666503223,0.033239296665032225,0.38738234738384764,0.12152680325568341,7.840303115352231,3563
pune,pm10_eps4.0,p_gated_sample,4.0,8,6,16.0,1,0,0.0,32.42666029260031,0.03242666029260031,0.372046908779689,0.12152680325568341,7.840303115352231,3563
pune,pm10_eps4.0,p_gated_sample,4.0,8,1,,1,2,0.0,33.390056207629414,0.033390056207629415,0.1792265162312037,0.1251754139769857,7.840303115352231,3563
pune,pm10_eps4.0,p_gated_sample,4.0,8,1,4.0,1,2,0.0,62.7502320756686,0.0627502320756686,0.715402725598591,0.1251754139769857,7.840303115352231,3563
pune,pm10_eps4.0,p_gated_sample,4.0,8,1,8.0,1,2,0.0,34.16818233076253,0.03416818233076253,0.18814405201933268,0.1251754139769857,7.840303115352231,3563
pune,pm10_eps4.0,p_gated_sample,4.0,8,1,16.0,1,2,0.0,33.390056207629414,0.033390056207629415,0.1792265162312037,0.1251754139769857,7.840303115352231,3563
pune,pm10_eps4.0,p_gated_sample,4.0,8,2,,1,2,0.0,33.38716495226592,0.03338716495226592,0.17124840041707004,0.12524571749508565,7.844144903117102,3561
pune,pm10_eps4.0,p_gated_sample,4.0,8,2,4.0,1,2,0.0,62.723094986980186,0.06272309498698019,0.715402725598591,0.12524571749508565,7.844144903117102,3561
pune,pm10_eps4.0,p_gated_sample,4.0,8,2,8.0,1,2,0.0,34.1632456893636,0.034163245689363596,0.18016170029496817,0.12524571749508565,7.844144903117102,3561
pune,pm10_eps4.0,p_gated_sample,4.0,8,2,16.0,1,2,0.0,33.38716495226592,0.03338716495226592,0.17124840041707004,0.12524571749508565,7.844144903117102,3561
pune,pm10_eps4.0,p_gated_sample,4.0,8,3,,1,2,0.0,33.1903249595755,0.033190324959575496,0.1622609848265489,0.12510542592071972,7.850716896260894,3557
pune,pm10_eps4.0,p_gated_sample,4.0,8,3,4.0,1,2,0.0,62.741644354705805,0.0627416443547058,0.7084074110188082,0.12510542592071972,7.850716896260894,3557
pune,pm10_eps4.0,p_gated_sample,4.0,8,3,8.0,1,2,0.0,33.99098529508801,0.03399098529508801,0.17127074340502613,0.12510542592071972,7.850716896260894,3557
pune,pm10_eps4.0,p_gated_sample,4.0,8,3,16.0,1,2,0.0,33.1903249595755,0.033190324959575496,0.1622609848265489,0.12510542592071972,7.850716896260894,3557
pune,pm10_eps4.0,p_gated_sample,4.0,8,4,,1,2,0.0,31.813811337097484,0.031813811337097486,0.24669129041283816,0.12421652421652421,7.915954415954416,3510
pune,pm10_eps4.0,p_gated_sample,4.0,8,4,4.0,1,2,0.0,62.64961612490165,0.06264961612490165,0.34822685087745736,0.12421652421652421,7.915954415954416,3510
pune,pm10_eps4.0,p_gated_sample,4.0,8,4,8.0,1,2,0.0,32.61780853348294,0.03261780853348294,0.2518175224244219,0.12421652421652421,7.915954415954416,3510
pune,pm10_eps4.0,p_gated_sample,4.0,8,4,16.0,1,2,0.0,31.813811337097484,0.031813811337097486,0.24669129041283816,0.12421652421652421,7.915954415954416,3510
pune,pm10_eps4.0,p_gated_sample,4.0,8,6,,1,2,0.0,31.363583530485915,0.03136358353048591,0.6730015124432231,0.12395743457003164,7.949094046591889,3477
pune,pm10_eps4.0,p_gated_sample,4.0,8,6,8.0,1,2,0.0,32.22399497385413,0.032223994973854135,0.6888656078627188,0.12395743457003164,7.949094046591889,3477
pune,pm10_eps4.0,p_gated_sample,4.0,8,6,16.0,1,2,0.0,31.363583530485915,0.03136358353048591,0.6730015124432231,0.12395743457003164,7.949094046591889,3477
pune,pm10_eps4.0,p_gated_sample,4.0,8,1,,1,4,0.0,33.390056207629414,0.033390056207629415,0.1792265162312037,0.1251754139769857,7.840303115352231,3563
pune,pm10_eps4.0,p_gated_sample,4.0,8,1,4.0,1,4,0.0,62.7502320756686,0.0627502320756686,0.715402725598591,0.1251754139769857,7.840303115352231,3563
pune,pm10_eps4.0,p_gated_sample,4.0,8,1,8.0,1,4,0.0,34.16818233076253,0.03416818233076253,0.18814405201933268,0.1251754139769857,7.840303115352231,3563
pune,pm10_eps4.0,p_gated_sample,4.0,8,1,16.0,1,4,0.0,33.390056207629414,0.033390056207629415,0.1792265162312037,0.1251754139769857,7.840303115352231,3563
pune,pm10_eps4.0,p_gated_sample,4.0,8,2,,1,4,0.0,33.38716495226592,0.03338716495226592,0.17124840041707004,0.12524571749508565,7.844144903117102,3561
pune,pm10_eps4.0,p_gated_sample,4.0,8,2,4.0,1,4,0.0,62.723094986980186,0.06272309498698019,0.715402725598591,0.12524571749508565,7.844144903117102,3561
pune,pm10_eps4.0,p_gated_sample,4.0,8,2,8.0,1,4,0.0,34.1632456893636,0.034163245689363596,0.18016170029496817,0.12524571749508565,7.844144903117102,3561
pune,pm10_eps4.0,p_gated_sample,4.0,8,2,16.0,1,4,0.0,33.38716495226592,0.03338716495226592,0.17124840041707004,0.12524571749508565,7.844144903117102,3561
pune,pm10_eps4.0,p_gated_sample,4.0,8,3,,1,4,0.0,33.190400524115496,0.033190400524115496,0.1622609848265489,0.12510542592071972,7.850716896260894,3557
pune,pm10_eps4.0,p_gated_sample,4.0,8,3,4.0,1,4,0.0,62.7417199192458,0.0627417199192458,0.7084074110188082,0.12510542592071972,7.850716896260894,3557
pune,pm10_eps4.0,p_gated_sample,4.0,8,3,8.0,1,4,0.0,33.99106085962801,0.033991060859628004,0.17127074340502613,0.12510542592071972,7.850716896260894,3557
pune,pm10_eps4.0,p_gated_sample,4.0,8,3,16.0,1,4,0.0,33.190400524115496,0.033190400524115496,0.1622609848265489,0.12510542592071972,7.850716896260894,3557
pune,pm10_eps4.0,p_gated_sample,4.0,8,4,,1,4,0.0,31.805410814407598,0.031805410814407596,0.24882462607753048,0.12482147957726364,7.928877463581833,3501
pune,pm10_eps4.0,p_gated_sample,4.0,8,4,4.0,1,4,0.0,62.516495269898094,0.0625164952698981,0.3468412082108175,0.12482147957726364,7.928877463581833,3501
pune,pm10_eps4.0,p_gated_sample,4.0,8,4,8.0,1,4,0.0,32.619310947201754,0.03261931094720175,0.25284711451606406,0.12482147957726364,7.928877463581833,3501
pune,pm10_eps4.0,p_gated_sample,4.0,8,4,16.0,1,4,0.0,31.805410814407598,0.031805410814407596,0.24882462607753048,0.12482147957726364,7.928877463581833,3501
pune,pm10_eps4.0,p_gated_sample,4.0,8,6,,1,4,0.0,31.666851549135867,0.031666851549135865,0.5134208472238194,0.12442263279445727,7.966512702078522,3464
pune,pm10_eps4.0,p_gated_sample,4.0,8,6,8.0,1,4,0.0,32.53970644353348,0.03253970644353348,0.5198456423857232,0.12442263279445727,7.966512702078522,3464
pune,pm10_eps4.0,p_gated_sample,4.0,8,6,16.0,1,4,0.0,31.666851549135867,0.031666851549135865,0.5134208472238194,0.12442263279445727,7.966512702078522,3464
pune,pm10_eps4.0,p_gated_sample,4.0,8,1,,2,0,0.0,32.79294200362503,0.03279294200362503,0.46358285146200046,0.1251402918069585,7.912457912457913,1782
pune,pm10_eps4.0,p_gated_sample,4.0,8,1,4.0,2,0,0.0,63.39309882848436,0.06339309882848436,0.3768591071244919,0.1251402918069585,7.912457912457913,1782
pune,pm10_eps4.0,p_gated_sample,4.0,8,1,8.0,2,0,0.0,33.656364141925145,0.033656364141925146,0.4937016142857256,0.1251402918069585,7.912457912457913,1782
pune,pm10_eps4.0,p_gated_sample,4.0,8,1,16.0,2,0,0.0,32.79294200362503,0.03279294200362503,0.46358285146200046,0.1251402918069585,7.912457912457913,1782
pune,pm10_eps4.0,p_gated_sample,4.0,8,2,,2,0,0.0,32.79294200362503,0.03279294200362503,0.46358285146200046,0.1251402918069585,7.912457912457913,1782
pune,pm10_eps4.0,p_gated_sample,4.0,8,2,4.0,2,0,0.0,63.39309882848436,0.06339309882848436,0.3768591071244919,0.1251402918069585,7.912457912457913,1782
pune,pm10_eps4.0,p_gated_sample,4.0,8,2,8.0,2,0,0.0,33.656364141925145,0.033656364141925146,0.4937016142857256,0.1251402918069585,7.912457912457913,1782
pune,pm10_eps4.0,p_gated_sample,4.0,8,2,16.0,2,0,0.0,32.79294200362503,0.03279294200362503,0.46358285146200046,0.1251402918069585,7.912457912457913,1782
pune,pm10_eps4.0,p_gated_sample,4.0,8,3,,2,0,0.0,32.79294200362503,0.03279294200362503,0.46358285146200046,0.1251402918069585,7.912457912457913,1782
pune,pm10_eps4.0,p_gated_sample,4.0,8,3,4.0,2,0,0.0,63.39309882848436,0.06339309882848436,0.3768591071244919,0.1251402918069585,7.912457912457913,1782
pune,pm10_eps4.0,p_gated_sample,4.0,8,3,8.0,2,0,0.0,33.656364141925145,0.033656364141925146,0.4937016142857256,0.1251402918069585,7.912457912457913,1782
pune,pm10_eps4.0,p_gated_sample,4.0,8,3,16.0,2,0,0.0,32.79294200362503,0.03279294200362503,0.46358285146200046,0.1251402918069585,7.912457912457913,1782
pune,pm10_eps4.0,p_gated_sample,4.0,8,4,,2,0,0.0,31.16059302312206,0.03116059302312206,0.48461322985841027,0.12289562289562289,7.912457912457913,1782
pune,pm10_eps4.0,p_gated_sample,4.0,8,4,4.0,2,0,0.0,61.2834223537607,0.0612834223537607,0.5947089805335665,0.12289562289562289,7.912457912457913,1782
pune,pm10_eps4.0,p_gated_sample,4.0,8,4,8.0,2,0,0.0,31.969940743718894,0.031969940743718894,0.4514515715827476,0.12289562289562289,7.912457912457913,1782
pune,pm10_eps4.0,p_gated_sample,4.0,8,4,16.0,2,0,0.0,31.16059302312206,0.03116059302312206,0.48461322985841027,0.12289562289562289,7.912457912457913,1782
pune,pm10_eps4.0,p_gated_sample,4.0,8,6,,2,0,0.0,31.16059302312206,0.03116059302312206,0.48461322985841027,0.12289562289562289,7.912457912457913,1782
pune,pm10_eps4.0,p_gated_sample,4.0,8,6,8.0,2,0,0.0,31.969940743718894,0.031969940743718894,0.4514515715827476,0.12289562289562289,7.912457912457913,1782
pune,pm10_eps4.0,p_gated_sample,4.0,8,6,16.0,2,0,0.0,31.16059302312206,0.03116059302312206,0.48461322985841027,0.12289562289562289,7.912457912457913,1782
pune,pm10_eps4.0,p_gated_sample,4.0,8,1,,2,2,0.0,32.79294200362503,0.03279294200362503,0.46358285146200046,0.1251402918069585,7.912457912457913,1782
pune,pm10_eps4.0,p_gated_sample,4.0,8,1,4.0,2,2,0.0,63.39309882848436,0.06339309882848436,0.3768591071244919,0.1251402918069585,7.912457912457913,1782
pune,pm10_eps4.0,p_gated_sample,4.0,8,1,8.0,2,2,0.0,33.656364141925145,0.033656364141925146,0.4937016142857256,0.1251402918069585,7.912457912457913,1782
pune,pm10_eps4.0,p_gated_sample,4.0,8,1,16.0,2,2,0.0,32.79294200362503,0.03279294200362503,0.46358285146200046,0.1251402918069585,7.912457912457913,1782
pune,pm10_eps4.0,p_gated_sample,4.0,8,2,,2,2,0.0,32.79294200362503,0.03279294200362503,0.46358285146200046,0.1251402918069585,7.912457912457913,1782
pune,pm10_eps4.0,p_gated_sample,4.0,8,2,4.0,2,2,0.0,63.39309882848436,0.06339309882848436,0.3768591071244919,0.1251402918069585,7.912457912457913,1782
pune,pm10_eps4.0,p_gated_sample,4.0,8,2,8.0,2,2,0.0,33.656364141925145,0.033656364141925146,0.4937016142857256,0.1251402918069585,7.912457912457913,1782
pune,pm10_eps4.0,p_gated_sample,4.0,8,2,16.0,2,2,0.0,32.79294200362503,0.03279294200362503,0.46358285146200046,0.1251402918069585,7.912457912457913,1782
pune,pm10_eps4.0,p_gated_sample,4.0,8,3,,2,2,0.0,32.795285722635505,0.03279528572263551,0.46358285146200046,0.1252808988764045,7.919101123595506,1780
pune,pm10_eps4.0,p_gated_sample,4.0,8,3,4.0,2,2,0.0,63.40091079751941,0.0634009107975194,0.36393483852534525,0.1252808988764045,7.919101123595506,1780
pune,pm10_eps4.0,p_gated_sample,4.0,8,3,8.0,2,2,0.0,33.69228515336227,0.03369228515336227,0.4937016142857256,0.1252808988764045,7.919101123595506,1780
pune,pm10_eps4.0,p_gated_sample,4.0,8,3,16.0,2,2,0.0,32.795285722635505,0.03279528572263551,0.46358285146200046,0.1252808988764045,7.919101123595506,1780
pune,pm10_eps4.0,p_gated_sample,4.0,8,4,,2,2,0.0,31.33841095793438,0.03133841095793438,0.6574873262323339,0.12507106310403637,7.977828311540648,1759
pune,pm10_eps4.0,p_gated_sample,4.0,8,4,4.0,2,2,0.0,62.39587631933932,0.06239587631933932,0.5684836026059895,0.12507106310403637,7.977828311540648,1759
pune,pm10_eps4.0,p_gated_sample,4.0,8,4,8.0,2,2,0.0,32.21201759551184,0.03221201759551184,0.41134204438796607,0.12507106310403637,7.977828311540648,1759
pune,pm10_eps4.0,p_gated_sample,4.0,8,4,16.0,2,2,0.0,31.33841095793438,0.03133841095793438,0.6574873262323339,0.12507106310403637,7.977828311540648,1759
pune,pm10_eps4.0,p_gated_sample,4.0,8,6,,2,2,0.0,31.25070155214981,0.03125070155214981,0.4527894028732382,0.12414187643020595,8.0,1748
pune,pm10_eps4.0,p_gated_sample,4.0,8,6,8.0,2,2,0.0,32.04126148279049,0.03204126148279049,0.4558849591575893,0.12414187643020595,8.0,1748
pune,pm10_eps4.0,p_gated_sample,4.0,8,6,16.0,2,2,0.0,31.25070155214981,0.03125070155214981,0.4527894028732382,0.12414187643020595,8.0,1748
pune,pm10_eps4.0,p_gated_sample,4.0,8,1,,2,4,0.0,32.79294200362503,0.03279294200362503,0.46358285146200046,0.1251402918069585,7.912457912457913,1782
pune,pm10_eps4.0,p_gated_sample,4.0,8,1,4.0,2,4,0.0,63.39309882848436,0.06339309882848436,0.3768591071244919,0.1251402918069585,7.912457912457913,1782
pune,pm10_eps4.0,p_gated_sample,4.0,8,1,8.0,2,4,0.0,33.656364141925145,0.033656364141925146,0.4937016142857256,0.1251402918069585,7.912457912457913,1782
pune,pm10_eps4.0,p_gated_sample,4.0,8,1,16.0,2,4,0.0,32.79294200362503,0.03279294200362503,0.46358285146200046,0.1251402918069585,7.912457912457913,1782
pune,pm10_eps4.0,p_gated_sample,4.0,8,2,,2,4,0.0,32.79294200362503,0.03279294200362503,0.46358285146200046,0.1251402918069585,7.912457912457913,1782
pune,pm10_eps4.0,p_gated_sample,4.0,8,2,4.0,2,4,0.0,63.39309882848436,0.06339309882848436,0.3768591071244919,0.1251402918069585,7.912457912457913,1782
pune,pm10_eps4.0,p_gated_sample,4.0,8,2,8.0,2,4,0.0,33.656364141925145,0.033656364141925146,0.4937016142857256,0.1251402918069585,7.912457912457913,1782
pune,pm10_eps4.0,p_gated_sample,4.0,8,2,16.0,2,4,0.0,32.79294200362503,0.03279294200362503,0.46358285146200046,0.1251402918069585,7.912457912457913,1782
pune,pm10_eps4.0,p_gated_sample,4.0,8,3,,2,4,0.0,32.795285722635505,0.03279528572263551,0.46358285146200046,0.1252808988764045,7.919101123595506,1780
pune,pm10_eps4.0,p_gated_sample,4.0,8,3,4.0,2,4,0.0,63.40091079751941,0.0634009107975194,0.36393483852534525,0.1252808988764045,7.919101123595506,1780
pune,pm10_eps4.0,p_gated_sample,4.0,8,3,8.0,2,4,0.0,33.69228515336227,0.03369228515336227,0.4937016142857256,0.1252808988764045,7.919101123595506,1780
pune,pm10_eps4.0,p_gated_sample,4.0,8,3,16.0,2,4,0.0,32.795285722635505,0.03279528572263551,0.46358285146200046,0.1252808988764045,7.919101123595506,1780
pune,pm10_eps4.0,p_gated_sample,4.0,8,4,,2,4,0.0,31.41366261333059,0.03141366261333059,0.4995703679588343,0.12485746864310149,7.992018244013683,1754
pune,pm10_eps4.0,p_gated_sample,4.0,8,4,4.0,2,4,0.0,61.67937459338008,0.06167937459338008,0.6042928408780319,0.12485746864310149,7.992018244013683,1754
pune,pm10_eps4.0,p_gated_sample,4.0,8,4,8.0,2,4,0.0,32.238138435584325,0.032238138435584325,0.47569617547783627,0.12485746864310149,7.992018244013683,1754
pune,pm10_eps4.0,p_gated_sample,4.0,8,4,16.0,2,4,0.0,31.41366261333059,0.03141366261333059,0.4995703679588343,0.12485746864310149,7.992018244013683,1754
pune,pm10_eps4.0,p_gated_sample,4.0,8,6,,2,4,0.0,31.313902893977975,0.03131390289397797,0.46891982309471303,0.12449799196787148,8.014343086632243,1743
pune,pm10_eps4.0,p_gated_sample,4.0,8,6,8.0,2,4,0.0,32.09093383296764,0.03209093383296764,0.48074808862804874,0.12449799196787148,8.014343086632243,1743
pune,pm10_eps4.0,p_gated_sample,4.0,8,6,16.0,2,4,0.0,31.313902893977975,0.03131390289397797,0.46891982309471303,0.12449799196787148,8.014343086632243,1743
pune,pm10_eps4.0,p_gated_sample,4.0,8,1,,4,0,0.0,30.70658123902394,0.03070658123902394,0.9041754739988275,0.12570145903479238,7.988776655443322,891
pune,pm10_eps4.0,p_gated_sample,4.0,8,1,4.0,4,0,0.0,60.99569339893989,0.06099569339893989,0.922372623780207,0.12570145903479238,7.988776655443322,891
pune,pm10_eps4.0,p_gated_sample,4.0,8,1,8.0,4,0,0.0,31.358880005160394,0.03135888000516039,0.9046708421808892,0.12570145903479238,7.988776655443322,891
pune,pm10_eps4.0,p_gated_sample,4.0,8,1,16.0,4,0,0.0,30.70658123902394,0.03070658123902394,0.9041754739988275,0.12570145903479238,7.988776655443322,891
pune,pm10_eps4.0,p_gated_sample,4.0,8,2,,4,0,0.0,30.70658123902394,0.03070658123902394,0.9041754739988275,0.12570145903479238,7.988776655443322,891
pune,pm10_eps4.0,p_gated_sample,4.0,8,2,4.0,4,0,0.0,60.99569339893989,0.06099569339893989,0.922372623780207,0.12570145903479238,7.988776655443322,891
pune,pm10_eps4.0,p_gated_sample,4.0,8,2,8.0,4,0,0.0,31.358880005160394,0.03135888000516039,0.9046708421808892,0.12570145903479238,7.988776655443322,891
pune,pm10_eps4.0,p_gated_sample,4.0,8,2,16.0,4,0,0.0,30.70658123902394,0.03070658123902394,0.9041754739988275,0.12570145903479238,7.988776655443322,891
pune,pm10_eps4.0,p_gated_sample,4.0,8,3,,4,0,0.0,30.70658123902394,0.03070658123902394,0.9041754739988275,0.12570145903479238,7.988776655443322,891
pune,pm10_eps4.0,p_gated_sample,4.0,8,3,4.0,4,0,0.0,60.99569339893989,0.06099569339893989,0.922372623780207,0.12570145903479238,7.988776655443322,891
pune,pm10_eps4.0,p_gated_sample,4.0,8,3,8.0,4,0,0.0,31.358880005160394,0.03135888000516039,0.9046708421808892,0.12570145903479238,7.988776655443322,891
pune,pm10_eps4.0,p_gated_sample,4.0,8,3,16.0,4,0,0.0,30.70658123902394,0.03070658123902394,0.9041754739988275,0.12570145903479238,7.988776655443322,891
pune,pm10_eps4.0,p_gated_sample,4.0,8,4,,4,0,0.0,30.668881980618405,0.030668881980618404,0.2946892992663862,0.12345679012345678,7.988776655443322,891
pune,pm10_eps4.0,p_gated_sample,4.0,8,4,4.0,4,0,0.0,60.1763356832799,0.0601763356832799,0.8797167458026528,0.12345679012345678,7.988776655443322,891
pune,pm10_eps4.0,p_gated_sample,4.0,8,4,8.0,4,0,0.0,31.441625567369005,0.03144162556736901,0.2946892992663862,0.12345679012345678,7.988776655443322,891
pune,pm10_eps4.0,p_gated_sample,4.0,8,4,16.0,4,0,0.0,30.668881980618405,0.030668881980618404,0.2946892992663862,0.12345679012345678,7.988776655443322,891
pune,pm10_eps4.0,p_gated_sample,4.0,8,6,,4,0,0.0,30.668881980618405,0.030668881980618404,0.2946892992663862,0.12345679012345678,7.988776655443322,891
pune,pm10_eps4.0,p_gated_sample,4.0,8,6,8.0,4,0,0.0,31.441625567369005,0.03144162556736901,0.2946892992663862,0.12345679012345678,7.988776655443322,891
pune,pm10_eps4.0,p_gated_sample,4.0,8,6,16.0,4,0,0.0,30.668881980618405,0.030668881980618404,0.2946892992663862,0.12345679012345678,7.988776655443322,891
pune,pm10_eps4.0,p_gated_sample,4.0,8,1,,4,2,0.0,30.70658123902394,0.03070658123902394,0.9041754739988275,0.12570145903479238,7.988776655443322,891
pune,pm10_eps4.0,p_gated_sample,4.0,8,1,4.0,4,2,0.0,60.99569339893989,0.06099569339893989,0.922372623780207,0.12570145903479238,7.988776655443322,891
pune,pm10_eps4.0,p_gated_sample,4.0,8,1,8.0,4,2,0.0,31.358880005160394,0.03135888000516039,0.9046708421808892,0.12570145903479238,7.988776655443322,891
pune,pm10_eps4.0,p_gated_sample,4.0,8,1,16.0,4,2,0.0,30.70658123902394,0.03070658123902394,0.9041754739988275,0.12570145903479238,7.988776655443322,891
pune,pm10_eps4.0,p_gated_sample,4.0,8,2,,4,2,0.0,30.70658123902394,0.03070658123902394,0.9041754739988275,0.12570145903479238,7.988776655443322,891
pune,pm10_eps4.0,p_gated_sample,4.0,8,2,4.0,4,2,0.0,60.99569339893989,0.06099569339893989,0.922372623780207,0.12570145903479238,7.988776655443322,891
pune,pm10_eps4.0,p_gated_sample,4.0,8,2,8.0,4,2,0.0,31.358880005160394,0.03135888000516039,0.9046708421808892,0.12570145903479238,7.988776655443322,891
pune,pm10_eps4.0,p_gated_sample,4.0,8,2,16.0,4,2,0.0,30.70658123902394,0.03070658123902394,0.9041754739988275,0.12570145903479238,7.988776655443322,891
pune,pm10_eps4.0,p_gated_sample,4.0,8,3,,4,2,0.0,30.874703833865606,0.030874703833865605,0.3229352437330155,0.1258426966292135,7.995505617977528,890
pune,pm10_eps4.0,p_gated_sample,4.0,8,3,4.0,4,2,0.0,61.08004821387093,0.06108004821387093,0.852823952704125,0.1258426966292135,7.995505617977528,890
pune,pm10_eps4.0,p_gated_sample,4.0,8,3,8.0,4,2,0.0,31.56623495863695,0.03156623495863695,0.32848652432674447,0.1258426966292135,7.995505617977528,890
pune,pm10_eps4.0,p_gated_sample,4.0,8,3,16.0,4,2,0.0,30.874703833865606,0.030874703833865605,0.3229352437330155,0.1258426966292135,7.995505617977528,890
pune,pm10_eps4.0,p_gated_sample,4.0,8,4,,4,2,0.0,30.399181285952068,0.03039918128595207,0.32459745070443025,0.12599318955732122,8.046538024971623,881
pune,pm10_eps4.0,p_gated_sample,4.0,8,4,4.0,4,2,0.0,60.59174692647928,0.060591746926479284,0.8671895471953814,0.12599318955732122,8.046538024971623,881
pune,pm10_eps4.0,p_gated_sample,4.0,8,4,8.0,4,2,0.0,31.139565714062996,0.031139565714062997,0.3301718921421124,0.12599318955732122,8.046538024971623,881
pune,pm10_eps4.0,p_gated_sample,4.0,8,4,16.0,4,2,0.0,30.399181285952068,0.03039918128595207,0.32459745070443025,0.12599318955732122,8.046538024971623,881
pune,pm10_eps4.0,p_gated_sample,4.0,8,6,,4,2,0.0,30.933748647209136,0.030933748647209134,0.3728846540731605,0.12428734321550741,8.060433295324971,877
pune,pm10_eps4.0,p_gated_sample,4.0,8,6,8.0,4,2,0.0,31.62938776483681,0.03162938776483681,0.383075007372614,0.12428734321550741,8.060433295324971,877
pune,pm10_eps4.0,p_gated_sample,4.0,8,6,16.0,4,2,0.0,30.933748647209136,0.030933748647209134,0.3728846540731605,0.12428734321550741,8.060433295324971,877
pune,pm10_eps4.0,p_gated_sample,4.0,8,1,,4,4,0.0,30.70658123902394,0.03070658123902394,0.9041754739988275,0.12570145903479238,7.988776655443322,891
pune,pm10_eps4.0,p_gated_sample,4.0,8,1,4.0,4,4,0.0,60.99569339893989,0.06099569339893989,0.922372623780207,0.12570145903479238,7.988776655443322,891
pune,pm10_eps4.0,p_gated_sample,4.0,8,1,8.0,4,4,0.0,31.358880005160394,0.03135888000516039,0.9046708421808892,0.12570145903479238,7.988776655443322,891
pune,pm10_eps4.0,p_gated_sample,4.0,8,1,16.0,4,4,0.0,30.70658123902394,0.03070658123902394,0.9041754739988275,0.12570145903479238,7.988776655443322,891
pune,pm10_eps4.0,p_gated_sample,4.0,8,2,,4,4,0.0,30.70658123902394,0.03070658123902394,0.9041754739988275,0.12570145903479238,7.988776655443322,891
pune,pm10_eps4.0,p_gated_sample,4.0,8,2,4.0,4,4,0.0,60.99569339893989,0.06099569339893989,0.922372623780207,0.12570145903479238,7.988776655443322,891
pune,pm10_eps4.0,p_gated_sample,4.0,8,2,8.0,4,4,0.0,31.358880005160394,0.03135888000516039,0.9046708421808892,0.12570145903479238,7.988776655443322,891
pune,pm10_eps4.0,p_gated_sample,4.0,8,2,16.0,4,4,0.0,30.70658123902394,0.03070658123902394,0.9041754739988275,0.12570145903479238,7.988776655443322,891
pune,pm10_eps4.0,p_gated_sample,4.0,8,3,,4,4,0.0,30.874703833865606,0.030874703833865605,0.3229352437330155,0.1258426966292135,7.995505617977528,890
pune,pm10_eps4.0,p_gated_sample,4.0,8,3,4.0,4,4,0.0,61.08004821387093,0.06108004821387093,0.852823952704125,0.1258426966292135,7.995505617977528,890
pune,pm10_eps4.0,p_gated_sample,4.0,8,3,8.0,4,4,0.0,31.56623495863695,0.03156623495863695,0.32848652432674447,0.1258426966292135,7.995505617977528,890
pune,pm10_eps4.0,p_gated_sample,4.0,8,3,16.0,4,4,0.0,30.874703833865606,0.030874703833865605,0.3229352437330155,0.1258426966292135,7.995505617977528,890
pune,pm10_eps4.0,p_gated_sample,4.0,8,4,,4,4,0.0,30.433711148743367,0.030433711148743367,0.31748460474897683,0.1252847380410023,8.06378132118451,878
pune,pm10_eps4.0,p_gated_sample,4.0,8,4,4.0,4,4,0.0,60.78178246513364,0.06078178246513364,0.8805609296985212,0.1252847380410023,8.06378132118451,878
pune,pm10_eps4.0,p_gated_sample,4.0,8,4,8.0,4,4,0.0,31.161637992496193,0.031161637992496192,0.3214594611000266,0.1252847380410023,8.06378132118451,878
pune,pm10_eps4.0,p_gated_sample,4.0,8,4,16.0,4,4,0.0,30.433711148743367,0.030433711148743367,0.31748460474897683,0.1252847380410023,8.06378132118451,878
pune,pm10_eps4.0,p_gated_sample,4.0,8,6,,4,4,0.0,31.406300063621952,0.03140630006362195,0.28360247023312796,0.12571428571428572,8.074285714285715,875
pune,pm10_eps4.0,p_gated_sample,4.0,8,6,8.0,4,4,0.0,32.14293781549797,0.03214293781549797,0.28360247023312796,0.12571428571428572,8.074285714285715,875
pune,pm10_eps4.0,p_gated_sample,4.0,8,6,16.0,4,4,0.0,31.406300063621952,0.03140630006362195,0.28360247023312796,0.12571428571428572,8.074285714285715,875
pune,pm10_eps4.0,p_gated_ba,4.0,8,1,,1,0,0.0,276.4855096287012,0.2764855096287012,0.14248825488315395,0.4417625596407522,7.840303115352231,3563
pune,pm10_eps4.0,p_gated_ba,4.0,8,1,4.0,1,0,0.0,576.6547161560292,0.5766547161560291,0.5121980518368681,0.48414257648049397,7.840303115352231,3563
pune,pm10_eps4.0,p_gated_ba,4.0,8,1,8.0,1,0,0.0,283.1931023215605,0.2831931023215605,0.2945766567488738,0.4364299747403873,7.840303115352231,3563
pune,pm10_eps4.0,p_gated_ba,4.0,8,1,16.0,1,0,0.0,276.4855096287012,0.2764855096287012,0.14248825488315395,0.4417625596407522,7.840303115352231,3563
pune,pm10_eps4.0,p_gated_ba,4.0,8,2,,1,0,0.0,274.48470950194456,0.2744847095019446,0.33335203009949843,0.4417625596407522,7.840303115352231,3563
pune,pm10_eps4.0,p_gated_ba,4.0,8,2,4.0,1,0,0.0,574.1694981563403,0.5741694981563403,0.5069392045327765,0.48189727757507717,7.840303115352231,3563
pune,pm10_eps4.0,p_gated_ba,4.0,8,2,8.0,1,0,0.0,284.3993486014179,0.2843993486014179,0.2981843933250618,0.4372719618299186,7.840303115352231,3563
pune,pm10_eps4.0,p_gated_ba,4.0,8,2,16.0,1,0,0.0,274.48470950194456,0.2744847095019446,0.33335203009949843,0.4417625596407522,7.840303115352231,3563
pune,pm10_eps4.0,p_gated_ba,4.0,8,3,,1,0,0.0,274.2242775642603,0.2742242775642603,0.47155447576035286,0.432781364019085,7.840303115352231,3563
pune,pm10_eps4.0,p_gated_ba,4.0,8,3,4.0,1,0,0.0,570.2282819516754,0.5702282819516754,0.501329075297107,0.4810552904855459,7.840303115352231,3563
pune,pm10_eps4.0,p_gated_ba,4.0,8,3,8.0,1,0,0.0,281.743031085574,0.28174303108557397,0.2926422964788167,0.4364299747403873,7.840303115352231,3563
pune,pm10_eps4.0,p_gated_ba,4.0,8,3,16.0,1,0,0.0,274.2242775642603,0.2742242775642603,0.47155447576035286,0.432781364019085,7.840303115352231,3563
pune,pm10_eps4.0,p_gated_ba,4.0,8,4,,1,0,0.0,282.2103726673241,0.2822103726673241,0.23583395556561312,0.4313780522031995,7.840303115352231,3563
pune,pm10_eps4.0,p_gated_ba,4.0,8,4,4.0,1,0,0.0,562.2371161343742,0.5622371161343742,0.495107019773493,0.47319674431658715,7.840303115352231,3563
pune,pm10_eps4.0,p_gated_ba,4.0,8,4,8.0,1,0,0.0,274.1766273259518,0.2741766273259518,0.29298424260832884,0.42997474038731404,7.840303115352231,3563
pune,pm10_eps4.0,p_gated_ba,4.0,8,4,16.0,1,0,0.0,282.2103726673241,0.2822103726673241,0.23583395556561312,0.4313780522031995,7.840303115352231,3563
pune,pm10_eps4.0,p_gated_ba,4.0,8,6,,1,0,0.0,271.23323944724666,0.27123323944724664,0.36032261130098353,0.4260454673028347,7.840303115352231,3563
pune,pm10_eps4.0,p_gated_ba,4.0,8,6,8.0,1,0,0.0,277.4527539577625,0.27745275395776253,0.37067671392757906,0.426887454392366,7.840303115352231,3563
pune,pm10_eps4.0,p_gated_ba,4.0,8,6,16.0,1,0,0.0,271.23323944724666,0.27123323944724664,0.36032261130098353,0.4260454673028347,7.840303115352231,3563
pune,pm10_eps4.0,p_gated_ba,4.0,8,1,,1,2,0.0,276.4855096287012,0.2764855096287012,0.14248825488315395,0.4417625596407522,7.840303115352231,3563
pune,pm10_eps4.0,p_gated_ba,4.0,8,1,4.0,1,2,0.0,576.6547161560292,0.5766547161560291,0.5121980518368681,0.48414257648049397,7.840303115352231,3563
pune,pm10_eps4.0,p_gated_ba,4.0,8,1,8.0,1,2,0.0,283.1931023215605,0.2831931023215605,0.2945766567488738,0.4364299747403873,7.840303115352231,3563
pune,pm10_eps4.0,p_gated_ba,4.0,8,1,16.0,1,2,0.0,276.4855096287012,0.2764855096287012,0.14248825488315395,0.4417625596407522,7.840303115352231,3563
pune,pm10_eps4.0,p_gated_ba,4.0,8,2,,1,2,0.0,274.5706656476214,0.2745706656476214,0.33335203009949843,0.4420106711597866,7.844144903117102,3561
pune,pm10_eps4.0,p_gated_ba,4.0,8,2,4.0,1,2,0.0,573.7986734109215,0.5737986734109215,0.5069392045327765,0.4821679303566414,7.844144903117102,3561
pune,pm10_eps4.0,p_gated_ba,4.0,8,2,8.0,1,2,0.0,283.8100403152094,0.2838100403152094,0.2981843933250618,0.437517551249649,7.844144903117102,3561
pune,pm10_eps4.0,p_gated_ba,4.0,8,2,16.0,1,2,0.0,274.5706656476214,0.2745706656476214,0.33335203009949843,0.4420106711597866,7.844144903117102,3561
pune,pm10_eps4.0,p_gated_ba,4.0,8,3,,1,2,0.0,274.3585885411106,0.27435858854111056,0.47155447576035286,0.4335113859994377,7.850716896260894,3557
pune,pm10_eps4.0,p_gated_ba,4.0,8,3,4.0,1,2,0.0,570.7082513244043,0.5707082513244043,0.501329075297107,0.4818667416362103,7.850716896260894,3557
pune,pm10_eps4.0,p_gated_ba,4.0,8,3,8.0,1,2,0.0,281.96039981137193,0.28196039981137194,0.2926422964788167,0.43716615125105424,7.850716896260894,3557
pune,pm10_eps4.0,p_gated_ba,4.0,8,3,16.0,1,2,0.0,274.3585885411106,0.27435858854111056,0.47155447576035286,0.4335113859994377,7.850716896260894,3557
pune,pm10_eps4.0,p_gated_ba,4.0,8,4,,1,2,0.0,276.5789883029416,0.2765789883029416,0.23575744727887532,0.43817663817663816,7.915954415954416,3510
pune,pm10_eps4.0,p_gated_ba,4.0,8,4,4.0,1,2,0.0,567.2266958011912,0.5672266958011912,0.4949223752788003,0.48034188034188036,7.915954415954416,3510
pune,pm10_eps4.0,p_gated_ba,4.0,8,4,8.0,1,2,0.0,275.83950834778716,0.27583950834778714,0.2917307090572503,0.43675213675213675,7.915954415954416,3510
pune,pm10_eps4.0,p_gated_ba,4.0,8,4,16.0,1,2,0.0,276.5789883029416,0.2765789883029416,0.23575744727887532,0.43817663817663816,7.915954415954416,3510
pune,pm10_eps4.0,p_gated_ba,4.0,8,6,,1,2,0.0,268.6131047568483,0.2686131047568483,0.3576078961005319,0.4351452401495542,7.949094046591889,3477
pune,pm10_eps4.0,p_gated_ba,4.0,8,6,8.0,1,2,0.0,275.700765405917,0.27570076540591704,0.3759954618832311,0.4357204486626402,7.949094046591889,3477
pune,pm10_eps4.0,p_gated_ba,4.0,8,6,16.0,1,2,0.0,268.6131047568483,0.2686131047568483,0.3576078961005319,0.4351452401495542,7.949094046591889,3477
pune,pm10_eps4.0,p_gated_ba,4.0,8,1,,1,4,0.0,276.4855096287012,0.2764855096287012,0.14248825488315395,0.4417625596407522,7.840303115352231,3563
pune,pm10_eps4.0,p_gated_ba,4.0,8,1,4.0,1,4,0.0,576.6547161560292,0.5766547161560291,0.5121980518368681,0.48414257648049397,7.840303115352231,3563
pune,pm10_eps4.0,p_gated_ba,4.0,8,1,8.0,1,4,0.0,283.1931023215605,0.2831931023215605,0.2945766567488738,0.4364299747403873,7.840303115352231,3563
pune,pm10_eps4.0,p_gated_ba,4.0,8,1,16.0,1,4,0.0,276.4855096287012,0.2764855096287012,0.14248825488315395,0.4417625596407522,7.840303115352231,3563
pune,pm10_eps4.0,p_gated_ba,4.0,8,2,,1,4,0.0,274.5706656476214,0.2745706656476214,0.33335203009949843,0.4420106711597866,7.844144903117102,3561
pune,pm10_eps4.0,p_gated_ba,4.0,8,2,4.0,1,4,0.0,573.7986734109215,0.5737986734109215,0.5069392045327765,0.4821679303566414,7.844144903117102,3561
pune,pm10_eps4.0,p_gated_ba,4.0,8,2,8.0,1,4,0.0,283.8100403152094,0.2838100403152094,0.2981843933250618,0.437517551249649,7.844144903117102,3561
pune,pm10_eps4.0,p_gated_ba,4.0,8,2,16.0,1,4,0.0,274.5706656476214,0.2745706656476214,0.33335203009949843,0.4420106711597866,7.844144903117102,3561
pune,pm10_eps4.0,p_gated_ba,4.0,8,3,,1,4,0.0,274.3585129765705,0.27435851297657055,0.47155447576035286,0.4335113859994377,7.850716896260894,3557
pune,pm10_eps4.0,p_gated_ba,4.0,8,3,4.0,1,4,0.0,570.7083268889443,0.5707083268889442,0.501329075297107,0.4818667416362103,7.850716896260894,3557
pune,pm10_eps4.0,p_gated_ba,4.0,8,3,8.0,1,4,0.0,281.96045752602055,0.28196045752602056,0.2926422964788167,0.43716615125105424,7.850716896260894,3557
pune,pm10_eps4.0,p_gated_ba,4.0,8,3,16.0,1,4,0.0,274.3585129765705,0.27435851297657055,0.47155447576035286,0.4335113859994377,7.850716896260894,3557
pune,pm10_eps4.0,p_gated_ba,4.0,8,4,,1,4,0.0,275.5813392659151,0.2755813392659151,0.23575744727887532,0.4393030562696372,7.928877463581833,3501
pune,pm10_eps4.0,p_gated_ba,4.0,8,4,4.0,1,4,0.0,568.0465605983552,0.5680465605983552,0.4949223752788003,0.48157669237360756,7.928877463581833,3501
pune,pm10_eps4.0,p_gated_ba,4.0,8,4,8.0,1,4,0.0,276.3388102504646,0.2763388102504646,0.2917307090572503,0.43787489288774634,7.928877463581833,3501
pune,pm10_eps4.0,p_gated_ba,4.0,8,4,16.0,1,4,0.0,275.5813392659151,0.2755813392659151,0.23575744727887532,0.4393030562696372,7.928877463581833,3501
pune,pm10_eps4.0,p_gated_ba,4.0,8,6,,1,4,0.0,268.88665750784133,0.26888665750784135,0.3576078961005319,0.4367782909930716,7.966512702078522,3464
pune,pm10_eps4.0,p_gated_ba,4.0,8,6,8.0,1,4,0.0,276.0745742826087,0.2760745742826087,0.3759954618832311,0.4373556581986143,7.966512702078522,3464
pune,pm10_eps4.0,p_gated_ba,4.0,8,6,16.0,1,4,0.0,268.88665750784133,0.26888665750784135,0.3576078961005319,0.4367782909930716,7.966512702078522,3464
pune,pm10_eps4.0,p_gated_ba,4.0,8,1,,2,0,0.0,284.1637484647951,0.2841637484647951,0.3801394047598616,0.44219977553310885,7.912457912457913,1782
pune,pm10_eps4.0,p_gated_ba,4.0,8,1,4.0,2,0,0.0,621.0080764512994,0.6210080764512994,0.4369805770258311,0.5072951739618407,7.912457912457913,1782
pune,pm10_eps4.0,p_gated_ba,4.0,8,1,8.0,2,0,0.0,314.1247493206949,0.3141247493206949,0.7593915728788598,0.47418630751964086,7.912457912457913,1782
pune,pm10_eps4.0,p_gated_ba,4.0,8,1,16.0,2,0,0.0,284.1637484647951,0.2841637484647951,0.3801394047598616,0.44219977553310885,7.912457912457913,1782
pune,pm10_eps4.0,p_gated_ba,4.0,8,2,,2,0,0.0,284.1637484647951,0.2841637484647951,0.3801394047598616,0.44219977553310885,7.912457912457913,1782
pune,pm10_eps4.0,p_gated_ba,4.0,8,2,4.0,2,0,0.0,621.0080764512994,0.6210080764512994,0.4369805770258311,0.5072951739618407,7.912457912457913,1782
pune,pm10_eps4.0,p_gated_ba,4.0,8,2,8.0,2,0,0.0,314.1247493206949,0.3141247493206949,0.7593915728788598,0.47418630751964086,7.912457912457913,1782
pune,pm10_eps4.0,p_gated_ba,4.0,8,2,16.0,2,0,0.0,284.1637484647951,0.2841637484647951,0.3801394047598616,0.44219977553310885,7.912457912457913,1782
pune,pm10_eps4.0,p_gated_ba,4.0,8,3,,2,0,0.0,285.5067195299449,0.28550671952994494,0.38484176975835843,0.44612794612794615,7.912457912457913,1782
pune,pm10_eps4.0,p_gated_ba,4.0,8,3,4.0,2,0,0.0,620.0696997846575,0.6200696997846574,0.43671781897044076,0.5067340067340067,7.912457912457913,1782
pune,pm10_eps4.0,p_gated_ba,4.0,8,3,8.0,2,0,0.0,294.7230129584352,0.2947230129584352,0.40237046657112624,0.4483726150392817,7.912457912457913,1782
pune,pm10_eps4.0,p_gated_ba,4.0,8,3,16.0,2,0,0.0,285.5067195299449,0.28550671952994494,0.38484176975835843,0.44612794612794615,7.912457912457913,1782
pune,pm10_eps4.0,p_gated_ba,4.0,8,4,,2,0,0.0,274.6577334966201,0.2746577334966201,0.3665528161863689,0.43658810325476993,7.912457912457913,1782
pune,pm10_eps4.0,p_gated_ba,4.0,8,4,4.0,2,0,0.0,624.386219203649,0.624386219203649,0.4394365325677076,0.4988776655443322,7.912457912457913,1782
pune,pm10_eps4.0,p_gated_ba,4.0,8,4,8.0,2,0,0.0,288.9384545470873,0.28893845454708733,0.3941200679708249,0.44219977553310885,7.912457912457913,1782
pune,pm10_eps4.0,p_gated_ba,4.0,8,4,16.0,2,0,0.0,274.6577334966201,0.2746577334966201,0.3665528161863689,0.43658810325476993,7.912457912457913,1782
pune,pm10_eps4.0,p_gated_ba,4.0,8,6,,2,0,0.0,273.27776962089155,0.27327776962089156,0.5109579355476151,0.43041526374859707,7.912457912457913,1782
pune,pm10_eps4.0,p_gated_ba,4.0,8,6,8.0,2,0,0.0,279.5584806588013,0.2795584806588013,0.3842070037097602,0.43546576879910215,7.912457912457913,1782
pune,pm10_eps4.0,p_gated_ba,4.0,8,6,16.0,2,0,0.0,273.27776962089155,0.27327776962089156,0.5109579355476151,0.43041526374859707,7.912457912457913,1782
pune,pm10_eps4.0,p_gated_ba,4.0,8,1,,2,2,0.0,284.1637484647951,0.2841637484647951,0.3801394047598616,0.44219977553310885,7.912457912457913,1782
pune,pm10_eps4.0,p_gated_ba,4.0,8,1,4.0,2,2,0.0,621.0080764512994,0.6210080764512994,0.4369805770258311,0.5072951739618407,7.912457912457913,1782
pune,pm10_eps4.0,p_gated_ba,4.0,8,1,8.0,2,2,0.0,314.1247493206949,0.3141247493206949,0.7593915728788598,0.47418630751964086,7.912457912457913,1782
pune,pm10_eps4.0,p_gated_ba,4.0,8,1,16.0,2,2,0.0,284.1637484647951,0.2841637484647951,0.3801394047598616,0.44219977553310885,7.912457912457913,1782
pune,pm10_eps4.0,p_gated_ba,4.0,8,2,,2,2,0.0,284.1637484647951,0.2841637484647951,0.3801394047598616,0.44219977553310885,7.912457912457913,1782
pune,pm10_eps4.0,p_gated_ba,4.0,8,2,4.0,2,2,0.0,621.0080764512994,0.6210080764512994,0.4369805770258311,0.5072951739618407,7.912457912457913,1782
pune,pm10_eps4.0,p_gated_ba,4.0,8,2,8.0,2,2,0.0,314.1247493206949,0.3141247493206949,0.7593915728788598,0.47418630751964086,7.912457912457913,1782
pune,pm10_eps4.0,p_gated_ba,4.0,8,2,16.0,2,2,0.0,284.1637484647951,0.2841637484647951,0.3801394047598616,0.44219977553310885,7.912457912457913,1782
pune,pm10_eps4.0,p_gated_ba,4.0,8,3,,2,2,0.0,285.2896387454788,0.2852896387454788,0.38484176975835843,0.44662921348314605,7.919101123595506,1780
pune,pm10_eps4.0,p_gated_ba,4.0,8,3,4.0,2,2,0.0,620.7355393304717,0.6207355393304718,0.43671781897044076,0.5073033707865169,7.919101123595506,1780
pune,pm10_eps4.0,p_gated_ba,4.0,8,3,8.0,2,2,0.0,294.6284611340704,0.2946284611340704,0.40237046657112624,0.44887640449438204,7.919101123595506,1780
pune,pm10_eps4.0,p_gated_ba,4.0,8,3,16.0,2,2,0.0,285.2896387454788,0.2852896387454788,0.38484176975835843,0.44662921348314605,7.919101123595506,1780
pune,pm10_eps4.0,p_gated_ba,4.0,8,4,,2,2,0.0,277.88775153065416,0.27788775153065415,0.3665528161863689,0.44229675952245595,7.977828311540648,1759
pune,pm10_eps4.0,p_gated_ba,4.0,8,4,4.0,2,2,0.0,619.826825613817,0.6198268256138171,0.4394365325677076,0.5054007959067652,7.977828311540648,1759
pune,pm10_eps4.0,p_gated_ba,4.0,8,4,8.0,2,2,0.0,288.9606975609674,0.28896069756096737,0.3941200679708249,0.4479818078453667,7.977828311540648,1759
pune,pm10_eps4.0,p_gated_ba,4.0,8,4,16.0,2,2,0.0,277.88775153065416,0.27788775153065415,0.3665528161863689,0.44229675952245595,7.977828311540648,1759
pune,pm10_eps4.0,p_gated_ba,4.0,8,6,,2,2,0.0,274.74526399582027,0.2747452639958203,0.5109579355476151,0.4387871853546911,8.0,1748
pune,pm10_eps4.0,p_gated_ba,4.0,8,6,8.0,2,2,0.0,283.5077783914838,0.2835077783914838,0.3842070037097602,0.4439359267734554,8.0,1748
pune,pm10_eps4.0,p_gated_ba,4.0,8,6,16.0,2,2,0.0,274.74526399582027,0.2747452639958203,0.5109579355476151,0.4387871853546911,8.0,1748
pune,pm10_eps4.0,p_gated_ba,4.0,8,1,,2,4,0.0,284.1637484647951,0.2841637484647951,0.3801394047598616,0.44219977553310885,7.912457912457913,1782
pune,pm10_eps4.0,p_gated_ba,4.0,8,1,4.0,2,4,0.0,621.0080764512994,0.6210080764512994,0.4369805770258311,0.5072951739618407,7.912457912457913,1782
pune,pm10_eps4.0,p_gated_ba,4.0,8,1,8.0,2,4,0.0,314.1247493206949,0.3141247493206949,0.7593915728788598,0.47418630751964086,7.912457912457913,1782
pune,pm10_eps4.0,p_gated_ba,4.0,8,1,16.0,2,4,0.0,284.1637484647951,0.2841637484647951,0.3801394047598616,0.44219977553310885,7.912457912457913,1782
pune,pm10_eps4.0,p_gated_ba,4.0,8,2,,2,4,0.0,284.1637484647951,0.2841637484647951,0.3801394047598616,0.44219977553310885,7.912457912457913,1782
pune,pm10_eps4.0,p_gated_ba,4.0,8,2,4.0,2,4,0.0,621.0080764512994,0.6210080764512994,0.4369805770258311,0.5072951739618407,7.912457912457913,1782
pune,pm10_eps4.0,p_gated_ba,4.0,8,2,8.0,2,4,0.0,314.1247493206949,0.3141247493206949,0.7593915728788598,0.47418630751964086,7.912457912457913,1782
pune,pm10_eps4.0,p_gated_ba,4.0,8,2,16.0,2,4,0.0,284.1637484647951,0.2841637484647951,0.3801394047598616,0.44219977553310885,7.912457912457913,1782
pune,pm10_eps4.0,p_gated_ba,4.0,8,3,,2,4,0.0,285.2896387454788,0.2852896387454788,0.38484176975835843,0.44662921348314605,7.919101123595506,1780
pune,pm10_eps4.0,p_gated_ba,4.0,8,3,4.0,2,4,0.0,620.7355393304717,0.6207355393304718,0.43671781897044076,0.5073033707865169,7.919101123595506,1780
pune,pm10_eps4.0,p_gated_ba,4.0,8,3,8.0,2,4,0.0,294.6284611340704,0.2946284611340704,0.40237046657112624,0.44887640449438204,7.919101123595506,1780
pune,pm10_eps4.0,p_gated_ba,4.0,8,3,16.0,2,4,0.0,285.2896387454788,0.2852896387454788,0.38484176975835843,0.44662921348314605,7.919101123595506,1780
pune,pm10_eps4.0,p_gated_ba,4.0,8,4,,2,4,0.0,278.64032936887367,0.2786403293688737,0.3665528161863689,0.443557582668187,7.992018244013683,1754
pune,pm10_eps4.0,p_gated_ba,4.0,8,4,4.0,2,4,0.0,619.0944912920809,0.6190944912920808,0.4394365325677076,0.5068415051311288,7.992018244013683,1754
pune,pm10_eps4.0,p_gated_ba,4.0,8,4,8.0,2,4,0.0,288.94390540593497,0.28894390540593495,0.3941200679708249,0.4492588369441277,7.992018244013683,1754
pune,pm10_eps4.0,p_gated_ba,4.0,8,4,16.0,2,4,0.0,278.64032936887367,0.2786403293688737,0.3665528161863689,0.443557582668187,7.992018244013683,1754
pune,pm10_eps4.0,p_gated_ba,4.0,8,6,,2,4,0.0,275.2885721838941,0.2752885721838941,0.5109579355476151,0.4400458978772232,8.014343086632243,1743
pune,pm10_eps4.0,p_gated_ba,4.0,8,6,8.0,2,4,0.0,284.1652679760227,0.28416526797602265,0.3842070037097602,0.44520940906483075,8.014343086632243,1743
pune,pm10_eps4.0,p_gated_ba,4.0,8,6,16.0,2,4,0.0,275.2885721838941,0.2752885721838941,0.5109579355476151,0.4400458978772232,8.014343086632243,1743
pune,pm10_eps4.0,p_gated_ba,4.0,8,1,,4,0,0.0,283.08652628176395,0.28308652628176395,0.40609503960681875,0.4489337822671156,7.988776655443322,891
pune,pm10_eps4.0,p_gated_ba,4.0,8,1,4.0,4,0,0.0,621.917055201018,0.621917055201018,0.4764168241671517,0.5084175084175084,7.988776655443322,891
pune,pm10_eps4.0,p_gated_ba,4.0,8,1,8.0,4,0,0.0,292.68427549001655,0.2926842754900165,0.591918441862365,0.45342312008978675,7.988776655443322,891
pune,pm10_eps4.0,p_gated_ba,4.0,8,1,16.0,4,0,0.0,283.08652628176395,0.28308652628176395,0.40609503960681875,0.4489337822671156,7.988776655443322,891
pune,pm10_eps4.0,p_gated_ba,4.0,8,2,,4,0,0.0,283.08652628176395,0.28308652628176395,0.40609503960681875,0.4489337822671156,7.988776655443322,891
pune,pm10_eps4.0,p_gated_ba,4.0,8,2,4.0,4,0,0.0,621.917055201018,0.621917055201018,0.4764168241671517,0.5084175084175084,7.988776655443322,891
pune,pm10_eps4.0,p_gated_ba,4.0,8,2,8.0,4,0,0.0,292.68427549001655,0.2926842754900165,0.591918441862365,0.45342312008978675,7.988776655443322,891
pune,pm10_eps4.0,p_gated_ba,4.0,8,2,16.0,4,0,0.0,283.08652628176395,0.28308652628176395,0.40609503960681875,0.4489337822671156,7.988776655443322,891
pune,pm10_eps4.0,p_gated_ba,4.0,8,3,,4,0,0.0,278.2744804892237,0.2782744804892237,0.4070597814692887,0.4478114478114478,7.988776655443322,891
pune,pm10_eps4.0,p_gated_ba,4.0,8,3,4.0,4,0,0.0,623.7421710757641,0.6237421710757641,0.48079517427777585,0.5072951739618407,7.988776655443322,891
pune,pm10_eps4.0,p_gated_ba,4.0,8,3,8.0,4,0,0.0,288.4896990680203,0.2884896990680203,0.582705042593842,0.4511784511784512,7.988776655443322,891
pune,pm10_eps4.0,p_gated_ba,4.0,8,3,16.0,4,0,0.0,278.2744804892237,0.2782744804892237,0.4070597814692887,0.4478114478114478,7.988776655443322,891
pune,pm10_eps4.0,p_gated_ba,4.0,8,4,,4,0,0.0,274.9276777688232,0.27492767776882315,0.5993870678296317,0.43209876543209874,7.988776655443322,891
pune,pm10_eps4.0,p_gated_ba,4.0,8,4,4.0,4,0,0.0,607.0629566464285,0.6070629566464285,0.47777694061220033,0.49607182940516276,7.988776655443322,891
pune,pm10_eps4.0,p_gated_ba,4.0,8,4,8.0,4,0,0.0,288.82421083614634,0.28882421083614634,0.5806987062327008,0.4444444444444444,7.988776655443322,891
pune,pm10_eps4.0,p_gated_ba,4.0,8,4,16.0,4,0,0.0,274.9276777688232,0.27492767776882315,0.5993870678296317,0.43209876543209874,7.988776655443322,891
pune,pm10_eps4.0,p_gated_ba,4.0,8,6,,4,0,0.0,276.9767308290251,0.2769767308290251,0.6580677210494618,0.43097643097643096,7.988776655443322,891
pune,pm10_eps4.0,p_gated_ba,4.0,8,6,8.0,4,0,0.0,286.32598167217884,0.2863259816721788,0.4345239064748711,0.44219977553310885,7.988776655443322,891
pune,pm10_eps4.0,p_gated_ba,4.0,8,6,16.0,4,0,0.0,276.9767308290251,0.2769767308290251,0.6580677210494618,0.43097643097643096,7.988776655443322,891
pune,pm10_eps4.0,p_gated_ba,4.0,8,1,,4,2,0.0,283.08652628176395,0.28308652628176395,0.40609503960681875,0.4489337822671156,7.988776655443322,891
pune,pm10_eps4.0,p_gated_ba,4.0,8,1,4.0,4,2,0.0,621.917055201018,0.621917055201018,0.4764168241671517,0.5084175084175084,7.988776655443322,891
pune,pm10_eps4.0,p_gated_ba,4.0,8,1,8.0,4,2,0.0,292.68427549001655,0.2926842754900165,0.591918441862365,0.45342312008978675,7.988776655443322,891
pune,pm10_eps4.0,p_gated_ba,4.0,8,1,16.0,4,2,0.0,283.08652628176395,0.28308652628176395,0.40609503960681875,0.4489337822671156,7.988776655443322,891
pune,pm10_eps4.0,p_gated_ba,4.0,8,2,,4,2,0.0,283.08652628176395,0.28308652628176395,0.40609503960681875,0.4489337822671156,7.988776655443322,891
pune,pm10_eps4.0,p_gated_ba,4.0,8,2,4.0,4,2,0.0,621.917055201018,0.621917055201018,0.4764168241671517,0.5084175084175084,7.988776655443322,891
pune,pm10_eps4.0,p_gated_ba,4.0,8,2,8.0,4,2,0.0,292.68427549001655,0.2926842754900165,0.591918441862365,0.45342312008978675,7.988776655443322,891
pune,pm10_eps4.0,p_gated_ba,4.0,8,2,16.0,4,2,0.0,283.08652628176395,0.28308652628176395,0.40609503960681875,0.4489337822671156,7.988776655443322,891
pune,pm10_eps4.0,p_gated_ba,4.0,8,3,,4,2,0.0,278.3553968035197,0.2783553968035197,0.4070597814692887,0.44831460674157303,7.995505617977528,890
pune,pm10_eps4.0,p_gated_ba,4.0,8,3,4.0,4,2,0.0,623.7807414816502,0.6237807414816502,0.48079517427777585,0.5078651685393258,7.995505617977528,890
pune,pm10_eps4.0,p_gated_ba,4.0,8,3,8.0,4,2,0.0,288.73253122509425,0.28873253122509424,0.582705042593842,0.451685393258427,7.995505617977528,890
pune,pm10_eps4.0,p_gated_ba,4.0,8,3,16.0,4,2,0.0,278.3553968035197,0.2783553968035197,0.4070597814692887,0.44831460674157303,7.995505617977528,890
pune,pm10_eps4.0,p_gated_ba,4.0,8,4,,4,2,0.0,275.1729415635179,0.2751729415635179,0.5993870678296317,0.4370034052213394,8.046538024971623,881
pune,pm10_eps4.0,p_gated_ba,4.0,8,4,4.0,4,2,0.0,612.6392203635226,0.6126392203635226,0.47777694061220033,0.5017026106696936,8.046538024971623,881
pune,pm10_eps4.0,p_gated_ba,4.0,8,4,8.0,4,2,0.0,291.5139439885706,0.2915139439885706,0.5806987062327008,0.44948921679909193,8.046538024971623,881
pune,pm10_eps4.0,p_gated_ba,4.0,8,4,16.0,4,2,0.0,275.1729415635179,0.2751729415635179,0.5993870678296317,0.4370034052213394,8.046538024971623,881
pune,pm10_eps4.0,p_gated_ba,4.0,8,6,,4,2,0.0,274.9915681764736,0.27499156817647363,0.6580677210494618,0.4378563283922463,8.060433295324971,877
pune,pm10_eps4.0,p_gated_ba,4.0,8,6,8.0,4,2,0.0,288.579674130159,0.288579674130159,0.4345239064748711,0.4492588369441277,8.060433295324971,877
pune,pm10_eps4.0,p_gated_ba,4.0,8,6,16.0,4,2,0.0,274.9915681764736,0.27499156817647363,0.6580677210494618,0.4378563283922463,8.060433295324971,877
pune,pm10_eps4.0,p_gated_ba,4.0,8,1,,4,4,0.0,283.08652628176395,0.28308652628176395,0.40609503960681875,0.4489337822671156,7.988776655443322,891
pune,pm10_eps4.0,p_gated_ba,4.0,8,1,4.0,4,4,0.0,621.917055201018,0.621917055201018,0.4764168241671517,0.5084175084175084,7.988776655443322,891
pune,pm10_eps4.0,p_gated_ba,4.0,8,1,8.0,4,4,0.0,292.68427549001655,0.2926842754900165,0.591918441862365,0.45342312008978675,7.988776655443322,891
pune,pm10_eps4.0,p_gated_ba,4.0,8,1,16.0,4,4,0.0,283.08652628176395,0.28308652628176395,0.40609503960681875,0.4489337822671156,7.988776655443322,891
pune,pm10_eps4.0,p_gated_ba,4.0,8,2,,4,4,0.0,283.08652628176395,0.28308652628176395,0.40609503960681875,0.4489337822671156,7.988776655443322,891
pune,pm10_eps4.0,p_gated_ba,4.0,8,2,4.0,4,4,0.0,621.917055201018,0.621917055201018,0.4764168241671517,0.5084175084175084,7.988776655443322,891
pune,pm10_eps4.0,p_gated_ba,4.0,8,2,8.0,4,4,0.0,292.68427549001655,0.2926842754900165,0.591918441862365,0.45342312008978675,7.988776655443322,891
pune,pm10_eps4.0,p_gated_ba,4.0,8,2,16.0,4,4,0.0,283.08652628176395,0.28308652628176395,0.40609503960681875,0.4489337822671156,7.988776655443322,891
pune,pm10_eps4.0,p_gated_ba,4.0,8,3,,4,4,0.0,278.3553968035197,0.2783553968035197,0.4070597814692887,0.44831460674157303,7.995505617977528,890
pune,pm10_eps4.0,p_gated_ba,4.0,8,3,4.0,4,4,0.0,623.7807414816502,0.6237807414816502,0.48079517427777585,0.5078651685393258,7.995505617977528,890
pune,pm10_eps4.0,p_gated_ba,4.0,8,3,8.0,4,4,0.0,288.73253122509425,0.28873253122509424,0.582705042593842,0.451685393258427,7.995505617977528,890
pune,pm10_eps4.0,p_gated_ba,4.0,8,3,16.0,4,4,0.0,278.3553968035197,0.2783553968035197,0.4070597814692887,0.44831460674157303,7.995505617977528,890
pune,pm10_eps4.0,p_gated_ba,4.0,8,4,,4,4,0.0,275.2417044569636,0.2752417044569636,0.5993870678296317,0.438496583143508,8.06378132118451,878
pune,pm10_eps4.0,p_gated_ba,4.0,8,4,4.0,4,4,0.0,614.3818457488061,0.614381845748806,0.47777694061220033,0.5034168564920274,8.06378132118451,878
pune,pm10_eps4.0,p_gated_ba,4.0,8,4,8.0,4,4,0.0,292.31946039540054,0.2923194603954005,0.5806987062327008,0.4510250569476082,8.06378132118451,878
pune,pm10_eps4.0,p_gated_ba,4.0,8,4,16.0,4,4,0.0,275.2417044569636,0.2752417044569636,0.5993870678296317,0.438496583143508,8.06378132118451,878
pune,pm10_eps4.0,p_gated_ba,4.0,8,6,,4,4,0.0,274.7593663106837,0.27475936631068365,0.6580677210494618,0.43885714285714283,8.074285714285715,875
pune,pm10_eps4.0,p_gated_ba,4.0,8,6,8.0,4,4,0.0,289.07578117399794,0.28907578117399796,0.4345239064748711,0.4502857142857143,8.074285714285715,875
pune,pm10_eps4.0,p_gated_ba,4.0,8,6,16.0,4,4,0.0,274.7593663106837,0.27475936631068365,0.6580677210494618,0.43885714285714283,8.074285714285715,875
pune,pm10_eps4.0,n_weighted,4.0,8,1,,1,0,0.0,266.7903367511308,0.2667903367511308,0.738687620234717,1.0,7.840303115352231,3563
pune,pm10_eps4.0,n_weighted,4.0,8,1,4.0,1,0,0.0,497.9197490627459,0.4979197490627459,0.6297338355986588,1.0,7.840303115352231,3563
pune,pm10_eps4.0,n_weighted,4.0,8,1,8.0,1,0,0.0,271.8181573864383,0.27181815738643833,0.7475766175230488,1.0,7.840303115352231,3563
pune,pm10_eps4.0,n_weighted,4.0,8,1,16.0,1,0,0.0,266.7903367511308,0.2667903367511308,0.738687620234717,1.0,7.840303115352231,3563
pune,pm10_eps4.0,n_weighted,4.0,8,2,,1,0,0.0,264.985478525868,0.264985478525868,0.5570717702978257,0.9994386752736458,7.840303115352231,3563
pune,pm10_eps4.0,n_weighted,4.0,8,2,4.0,1,0,0.0,496.3427535913255,0.4963427535913255,0.628680957494457,0.9994386752736458,7.840303115352231,3563
pune,pm10_eps4.0,n_weighted,4.0,8,2,8.0,1,0,0.0,270.0308226984295,0.27003082269842954,0.5680090647219551,0.9994386752736458,7.840303115352231,3563
pune,pm10_eps4.0,n_weighted,4.0,8,2,16.0,1,0,0.0,264.985478525868,0.264985478525868,0.5570717702978257,0.9994386752736458,7.840303115352231,3563
pune,pm10_eps4.0,n_weighted,4.0,8,3,,1,0,0.0,263.81634432933885,0.26381634432933887,0.6990289210760058,0.9980353634577603,7.840303115352231,3563
pune,pm10_eps4.0,n_weighted,4.0,8,3,4.0,1,0,0.0,495.2211088883971,0.4952211088883971,0.627808816938088,0.9980353634577603,7.840303115352231,3563
pune,pm10_eps4.0,n_weighted,4.0,8,3,8.0,1,0,0.0,268.8785122462768,0.2688785122462768,0.6737629407716964,0.9980353634577603,7.840303115352231,3563
pune,pm10_eps4.0,n_weighted,4.0,8,3,16.0,1,0,0.0,263.81634432933885,0.26381634432933887,0.6990289210760058,0.9980353634577603,7.840303115352231,3563
pune,pm10_eps4.0,n_weighted,4.0,8,4,,1,0,0.0,255.26489241841958,0.2552648924184196,0.30254921366883714,0.9786696603985405,7.840303115352231,3563
pune,pm10_eps4.0,n_weighted,4.0,8,4,4.0,1,0,0.0,492.1405643829895,0.49214056438298953,0.6217546689666709,0.9789503227617177,7.840303115352231,3563
pune,pm10_eps4.0,n_weighted,4.0,8,4,8.0,1,0,0.0,261.3979180276604,0.26139791802766044,0.7479159002944455,0.9789503227617177,7.840303115352231,3563
pune,pm10_eps4.0,n_weighted,4.0,8,4,16.0,1,0,0.0,255.26489241841958,0.2552648924184196,0.30254921366883714,0.9786696603985405,7.840303115352231,3563
pune,pm10_eps4.0,n_weighted,4.0,8,6,,1,0,0.0,249.82174050671077,0.24982174050671077,0.623112618684438,0.9663205164187483,7.840303115352231,3563
pune,pm10_eps4.0,n_weighted,4.0,8,6,8.0,1,0,0.0,255.08490332400783,0.25508490332400785,0.6395276793831653,0.9663205164187483,7.840303115352231,3563
pune,pm10_eps4.0,n_weighted,4.0,8,6,16.0,1,0,0.0,249.82174050671077,0.24982174050671077,0.623112618684438,0.9663205164187483,7.840303115352231,3563
pune,pm10_eps4.0,n_weighted,4.0,8,1,,1,2,0.0,266.7903367511308,0.2667903367511308,0.738687620234717,1.0,7.840303115352231,3563
pune,pm10_eps4.0,n_weighted,4.0,8,1,4.0,1,2,0.0,497.9197490627459,0.4979197490627459,0.6297338355986588,1.0,7.840303115352231,3563
pune,pm10_eps4.0,n_weighted,4.0,8,1,8.0,1,2,0.0,271.8181573864383,0.27181815738643833,0.7475766175230488,1.0,7.840303115352231,3563
pune,pm10_eps4.0,n_weighted,4.0,8,1,16.0,1,2,0.0,266.7903367511308,0.2667903367511308,0.738687620234717,1.0,7.840303115352231,3563
pune,pm10_eps4.0,n_weighted,4.0,8,2,,1,2,0.0,265.14531700541517,0.26514531700541516,0.5570625868372036,1.0,7.844144903117102,3561
pune,pm10_eps4.0,n_weighted,4.0,8,2,4.0,1,2,0.0,496.4971605299734,0.49649716052997345,0.628680207942416,1.0,7.844144903117102,3561
pune,pm10_eps4.0,n_weighted,4.0,8,2,8.0,1,2,0.0,270.167487774311,0.270167487774311,0.5680007372192942,1.0,7.844144903117102,3561
pune,pm10_eps4.0,n_weighted,4.0,8,2,16.0,1,2,0.0,265.14531700541517,0.26514531700541516,0.5570625868372036,1.0,7.844144903117102,3561
pune,pm10_eps4.0,n_weighted,4.0,8,3,,1,2,0.0,263.5103601101396,0.26351036011013956,0.6990289210760058,0.9997188642114141,7.850716896260894,3557
pune,pm10_eps4.0,n_weighted,4.0,8,3,4.0,1,2,0.0,495.2690803363891,0.4952690803363891,0.627808816938088,0.9997188642114141,7.850716896260894,3557
pune,pm10_eps4.0,n_weighted,4.0,8,3,8.0,1,2,0.0,268.55906784512734,0.26855906784512734,0.6737629407716964,0.9997188642114141,7.850716896260894,3557
pune,pm10_eps4.0,n_weighted,4.0,8,3,16.0,1,2,0.0,263.5103601101396,0.26351036011013956,0.6990289210760058,0.9997188642114141,7.850716896260894,3557
pune,pm10_eps4.0,n_weighted,4.0,8,4,,1,2,0.0,255.6766563494649,0.2556766563494649,0.3027229011780388,0.9937321937321937,7.915954415954416,3510
pune,pm10_eps4.0,n_weighted,4.0,8,4,4.0,1,2,0.0,492.38502669709254,0.49238502669709255,0.6215063348249756,0.994017094017094,7.915954415954416,3510
pune,pm10_eps4.0,n_weighted,4.0,8,4,8.0,1,2,0.0,261.84094072876644,0.26184094072876646,0.7494209596219357,0.994017094017094,7.915954415954416,3510
pune,pm10_eps4.0,n_weighted,4.0,8,4,16.0,1,2,0.0,255.6766563494649,0.2556766563494649,0.3027229011780388,0.9937321937321937,7.915954415954416,3510
pune,pm10_eps4.0,n_weighted,4.0,8,6,,1,2,0.0,253.74940133515014,0.2537494013351501,0.627708819385981,0.9916594765602531,7.949094046591889,3477
pune,pm10_eps4.0,n_weighted,4.0,8,6,8.0,1,2,0.0,258.6840595296103,0.2586840595296103,0.6436432299397116,0.9916594765602531,7.949094046591889,3477
pune,pm10_eps4.0,n_weighted,4.0,8,6,16.0,1,2,0.0,253.74940133515014,0.2537494013351501,0.627708819385981,0.9916594765602531,7.949094046591889,3477
pune,pm10_eps4.0,n_weighted,4.0,8,1,,1,4,0.0,266.7903367511308,0.2667903367511308,0.738687620234717,1.0,7.840303115352231,3563
pune,pm10_eps4.0,n_weighted,4.0,8,1,4.0,1,4,0.0,497.9197490627459,0.4979197490627459,0.6297338355986588,1.0,7.840303115352231,3563
pune,pm10_eps4.0,n_weighted,4.0,8,1,8.0,1,4,0.0,271.8181573864383,0.27181815738643833,0.7475766175230488,1.0,7.840303115352231,3563
pune,pm10_eps4.0,n_weighted,4.0,8,1,16.0,1,4,0.0,266.7903367511308,0.2667903367511308,0.738687620234717,1.0,7.840303115352231,3563
pune,pm10_eps4.0,n_weighted,4.0,8,2,,1,4,0.0,265.14531700541517,0.26514531700541516,0.5570625868372036,1.0,7.844144903117102,3561
pune,pm10_eps4.0,n_weighted,4.0,8,2,4.0,1,4,0.0,496.4971605299734,0.49649716052997345,0.628680207942416,1.0,7.844144903117102,3561
pune,pm10_eps4.0,n_weighted,4.0,8,2,8.0,1,4,0.0,270.167487774311,0.270167487774311,0.5680007372192942,1.0,7.844144903117102,3561
pune,pm10_eps4.0,n_weighted,4.0,8,2,16.0,1,4,0.0,265.14531700541517,0.26514531700541516,0.5570625868372036,1.0,7.844144903117102,3561
pune,pm10_eps4.0,n_weighted,4.0,8,3,,1,4,0.0,263.51029347054526,0.2635102934705453,0.6990289210760058,0.9997188642114141,7.850716896260894,3557
pune,pm10_eps4.0,n_weighted,4.0,8,3,4.0,1,4,0.0,495.26901369679473,0.4952690136967947,0.627808816938088,0.9997188642114141,7.850716896260894,3557
pune,pm10_eps4.0,n_weighted,4.0,8,3,8.0,1,4,0.0,268.55900120553304,0.26855900120553305,0.6737629407716964,0.9997188642114141,7.850716896260894,3557
pune,pm10_eps4.0,n_weighted,4.0,8,3,16.0,1,4,0.0,263.51029347054526,0.2635102934705453,0.6990289210760058,0.9997188642114141,7.850716896260894,3557
pune,pm10_eps4.0,n_weighted,4.0,8,4,,1,4,0.0,255.55690429603757,0.25555690429603756,0.3027229011780388,0.9962867752070836,7.928877463581833,3501
pune,pm10_eps4.0,n_weighted,4.0,8,4,4.0,1,4,0.0,492.53055891101644,0.49253055891101644,0.6215063348249756,0.9965724078834619,7.928877463581833,3501
pune,pm10_eps4.0,n_weighted,4.0,8,4,8.0,1,4,0.0,261.6073178862426,0.2616073178862426,0.7494209596219357,0.9965724078834619,7.928877463581833,3501
pune,pm10_eps4.0,n_weighted,4.0,8,4,16.0,1,4,0.0,255.55690429603757,0.25555690429603756,0.3027229011780388,0.9962867752070836,7.928877463581833,3501
pune,pm10_eps4.0,n_weighted,4.0,8,6,,1,4,0.0,253.55205687050957,0.2535520568705096,0.6282549061546555,0.9953810623556582,7.966512702078522,3464
pune,pm10_eps4.0,n_weighted,4.0,8,6,8.0,1,4,0.0,258.3510911102826,0.2583510911102826,0.6436432299397116,0.9953810623556582,7.966512702078522,3464
pune,pm10_eps4.0,n_weighted,4.0,8,6,16.0,1,4,0.0,253.55205687050957,0.2535520568705096,0.6282549061546555,0.9953810623556582,7.966512702078522,3464
pune,pm10_eps4.0,n_weighted,4.0,8,1,,2,0,0.0,254.82590394063934,0.2548259039406393,0.6687906316244583,1.0,7.912457912457913,1782
pune,pm10_eps4.0,n_weighted,4.0,8,1,4.0,2,0,0.0,483.53434677956096,0.483534346779561,0.8649154837721064,1.0,7.912457912457913,1782
pune,pm10_eps4.0,n_weighted,4.0,8,1,8.0,2,0,0.0,260.4596099968125,0.2604596099968125,0.7940462700390434,1.0,7.912457912457913,1782
pune,pm10_eps4.0,n_weighted,4.0,8,1,16.0,2,0,0.0,254.82590394063934,0.2548259039406393,0.6687906316244583,1.0,7.912457912457913,1782
pune,pm10_eps4.0,n_weighted,4.0,8,2,,2,0,0.0,254.82590394063934,0.2548259039406393,0.6687906316244583,1.0,7.912457912457913,1782
pune,pm10_eps4.0,n_weighted,4.0,8,2,4.0,2,0,0.0,483.53434677956096,0.483534346779561,0.8649154837721064,1.0,7.912457912457913,1782
pune,pm10_eps4.0,n_weighted,4.0,8,2,8.0,2,0,0.0,260.4596099968125,0.2604596099968125,0.7940462700390434,1.0,7.912457912457913,1782
pune,pm10_eps4.0,n_weighted,4.0,8,2,16.0,2,0,0.0,254.82590394063934,0.2548259039406393,0.6687906316244583,1.0,7.912457912457913,1782
pune,pm10_eps4.0,n_weighted,4.0,8,3,,2,0,0.0,254.9386573637342,0.25493865736373417,0.6732001847436907,0.9988776655443322,7.912457912457913,1782
pune,pm10_eps4.0,n_weighted,4.0,8,3,4.0,2,0,0.0,483.7261796183996,0.4837261796183996,0.8624432521248356,0.9988776655443322,7.912457912457913,1782
pune,pm10_eps4.0,n_weighted,4.0,8,3,8.0,2,0,0.0,260.56614409382894,0.26056614409382894,0.7943021840135253,0.9988776655443322,7.912457912457913,1782
pune,pm10_eps4.0,n_weighted,4.0,8,3,16.0,2,0,0.0,254.9386573637342,0.25493865736373417,0.6732001847436907,0.9988776655443322,7.912457912457913,1782
pune,pm10_eps4.0,n_weighted,4.0,8,4,,2,0,0.0,242.11858953935152,0.24211858953935153,0.8484792916599405,0.9814814814814815,7.912457912457913,1782
pune,pm10_eps4.0,n_weighted,4.0,8,4,4.0,2,0,0.0,472.3940609961063,0.4723940609961063,0.9011516277315876,0.9814814814814815,7.912457912457913,1782
pune,pm10_eps4.0,n_weighted,4.0,8,4,8.0,2,0,0.0,248.12980367146764,0.24812980367146764,0.8606906872462702,0.9814814814814815,7.912457912457913,1782
pune,pm10_eps4.0,n_weighted,4.0,8,4,16.0,2,0,0.0,242.11858953935152,0.24211858953935153,0.8484792916599405,0.9814814814814815,7.912457912457913,1782
pune,pm10_eps4.0,n_weighted,4.0,8,6,,2,0,0.0,243.38855531697814,0.24338855531697814,0.8283879188942873,0.9736251402918069,7.912457912457913,1782
pune,pm10_eps4.0,n_weighted,4.0,8,6,8.0,2,0,0.0,248.63050239837173,0.24863050239837173,0.9593077427966629,0.9736251402918069,7.912457912457913,1782
pune,pm10_eps4.0,n_weighted,4.0,8,6,16.0,2,0,0.0,243.38855531697814,0.24338855531697814,0.8283879188942873,0.9736251402918069,7.912457912457913,1782
pune,pm10_eps4.0,n_weighted,4.0,8,1,,2,2,0.0,254.82590394063934,0.2548259039406393,0.6687906316244583,1.0,7.912457912457913,1782
pune,pm10_eps4.0,n_weighted,4.0,8,1,4.0,2,2,0.0,483.53434677956096,0.483534346779561,0.8649154837721064,1.0,7.912457912457913,1782
pune,pm10_eps4.0,n_weighted,4.0,8,1,8.0,2,2,0.0,260.4596099968125,0.2604596099968125,0.7940462700390434,1.0,7.912457912457913,1782
pune,pm10_eps4.0,n_weighted,4.0,8,1,16.0,2,2,0.0,254.82590394063934,0.2548259039406393,0.6687906316244583,1.0,7.912457912457913,1782
pune,pm10_eps4.0,n_weighted,4.0,8,2,,2,2,0.0,254.82590394063934,0.2548259039406393,0.6687906316244583,1.0,7.912457912457913,1782
pune,pm10_eps4.0,n_weighted,4.0,8,2,4.0,2,2,0.0,483.53434677956096,0.483534346779561,0.8649154837721064,1.0,7.912457912457913,1782
pune,pm10_eps4.0,n_weighted,4.0,8,2,8.0,2,2,0.0,260.4596099968125,0.2604596099968125,0.7940462700390434,1.0,7.912457912457913,1782
pune,pm10_eps4.0,n_weighted,4.0,8,2,16.0,2,2,0.0,254.82590394063934,0.2548259039406393,0.6687906316244583,1.0,7.912457912457913,1782
pune,pm10_eps4.0,n_weighted,4.0,8,3,,2,2,0.0,253.8184742702251,0.2538184742702251,0.6732091793806468,1.0,7.919101123595506,1780
pune,pm10_eps4.0,n_weighted,4.0,8,3,4.0,2,2,0.0,483.0257382470948,0.4830257382470948,0.8624432521248356,1.0,7.919101123595506,1780
pune,pm10_eps4.0,n_weighted,4.0,8,3,8.0,2,2,0.0,259.5291016849003,0.2595291016849003,0.7943021840135253,1.0,7.919101123595506,1780
pune,pm10_eps4.0,n_weighted,4.0,8,3,16.0,2,2,0.0,253.8184742702251,0.2538184742702251,0.6732091793806468,1.0,7.919101123595506,1780
pune,pm10_eps4.0,n_weighted,4.0,8,4,,2,2,0.0,243.40239490630378,0.24340239490630378,0.848477505213355,0.9943149516770893,7.977828311540648,1759
pune,pm10_eps4.0,n_weighted,4.0,8,4,4.0,2,2,0.0,475.05668130426614,0.47505668130426615,0.9011516277315876,0.9943149516770893,7.977828311540648,1759
pune,pm10_eps4.0,n_weighted,4.0,8,4,8.0,2,2,0.0,249.19345639827063,0.24919345639827062,0.8606887736210417,0.9943149516770893,7.977828311540648,1759
pune,pm10_eps4.0,n_weighted,4.0,8,4,16.0,2,2,0.0,243.40239490630378,0.24340239490630378,0.848477505213355,0.9943149516770893,7.977828311540648,1759
pune,pm10_eps4.0,n_weighted,4.0,8,6,,2,2,0.0,243.05839315202996,0.24305839315202996,0.8283879188942873,0.9925629290617849,8.0,1748
pune,pm10_eps4.0,n_weighted,4.0,8,6,8.0,2,2,0.0,248.10916589051558,0.24810916589051557,0.9593077427966629,0.9925629290617849,8.0,1748
pune,pm10_eps4.0,n_weighted,4.0,8,6,16.0,2,2,0.0,243.05839315202996,0.24305839315202996,0.8283879188942873,0.9925629290617849,8.0,1748
pune,pm10_eps4.0,n_weighted,4.0,8,1,,2,4,0.0,254.82590394063934,0.2548259039406393,0.6687906316244583,1.0,7.912457912457913,1782
pune,pm10_eps4.0,n_weighted,4.0,8,1,4.0,2,4,0.0,483.53434677956096,0.483534346779561,0.8649154837721064,1.0,7.912457912457913,1782
pune,pm10_eps4.0,n_weighted,4.0,8,1,8.0,2,4,0.0,260.4596099968125,0.2604596099968125,0.7940462700390434,1.0,7.912457912457913,1782
pune,pm10_eps4.0,n_weighted,4.0,8,1,16.0,2,4,0.0,254.82590394063934,0.2548259039406393,0.6687906316244583,1.0,7.912457912457913,1782
pune,pm10_eps4.0,n_weighted,4.0,8,2,,2,4,0.0,254.82590394063934,0.2548259039406393,0.6687906316244583,1.0,7.912457912457913,1782
pune,pm10_eps4.0,n_weighted,4.0,8,2,4.0,2,4,0.0,483.53434677956096,0.483534346779561,0.8649154837721064,1.0,7.912457912457913,1782
pune,pm10_eps4.0,n_weighted,4.0,8,2,8.0,2,4,0.0,260.4596099968125,0.2604596099968125,0.7940462700390434,1.0,7.912457912457913,1782
pune,pm10_eps4.0,n_weighted,4.0,8,2,16.0,2,4,0.0,254.82590394063934,0.2548259039406393,0.6687906316244583,1.0,7.912457912457913,1782
pune,pm10_eps4.0,n_weighted,4.0,8,3,,2,4,0.0,253.8184742702251,0.2538184742702251,0.6732091793806468,1.0,7.919101123595506,1780
pune,pm10_eps4.0,n_weighted,4.0,8,3,4.0,2,4,0.0,483.0257382470948,0.4830257382470948,0.8624432521248356,1.0,7.919101123595506,1780
pune,pm10_eps4.0,n_weighted,4.0,8,3,8.0,2,4,0.0,259.5291016849003,0.2595291016849003,0.7943021840135253,1.0,7.919101123595506,1780
pune,pm10_eps4.0,n_weighted,4.0,8,3,16.0,2,4,0.0,253.8184742702251,0.2538184742702251,0.6732091793806468,1.0,7.919101123595506,1780
pune,pm10_eps4.0,n_weighted,4.0,8,4,,2,4,0.0,243.66192183012043,0.24366192183012042,0.848477505213355,0.9971493728620296,7.992018244013683,1754
pune,pm10_eps4.0,n_weighted,4.0,8,4,4.0,2,4,0.0,475.69019703721074,0.4756901970372107,0.9011516277315876,0.9971493728620296,7.992018244013683,1754
pune,pm10_eps4.0,n_weighted,4.0,8,4,8.0,2,4,0.0,249.38972356431626,0.24938972356431627,0.8606887736210417,0.9971493728620296,7.992018244013683,1754
pune,pm10_eps4.0,n_weighted,4.0,8,4,16.0,2,4,0.0,243.66192183012043,0.24366192183012042,0.848477505213355,0.9971493728620296,7.992018244013683,1754
pune,pm10_eps4.0,n_weighted,4.0,8,6,,2,4,0.0,243.08720247845866,0.24308720247845866,0.8283879188942873,0.9954102122776821,8.014343086632243,1743
pune,pm10_eps4.0,n_weighted,4.0,8,6,8.0,2,4,0.0,248.10373289914347,0.24810373289914348,0.9593077427966629,0.9954102122776821,8.014343086632243,1743
pune,pm10_eps4.0,n_weighted,4.0,8,6,16.0,2,4,0.0,243.08720247845866,0.24308720247845866,0.8283879188942873,0.9954102122776821,8.014343086632243,1743
pune,pm10_eps4.0,n_weighted,4.0,8,1,,4,0,0.0,247.70643913046075,0.24770643913046075,0.6518159342229611,1.0,7.988776655443322,891
pune,pm10_eps4.0,n_weighted,4.0,8,1,4.0,4,0,0.0,477.6252250802318,0.4776252250802318,0.842997269323239,1.0,7.988776655443322,891
pune,pm10_eps4.0,n_weighted,4.0,8,1,8.0,4,0,0.0,254.14210682985657,0.25414210682985655,0.7665180206231994,1.0,7.988776655443322,891
pune,pm10_eps4.0,n_weighted,4.0,8,1,16.0,4,0,0.0,247.70643913046075,0.24770643913046075,0.6518159342229611,1.0,7.988776655443322,891
pune,pm10_eps4.0,n_weighted,4.0,8,2,,4,0,0.0,247.70643913046075,0.24770643913046075,0.6518159342229611,1.0,7.988776655443322,891
pune,pm10_eps4.0,n_weighted,4.0,8,2,4.0,4,0,0.0,477.6252250802318,0.4776252250802318,0.842997269323239,1.0,7.988776655443322,891
pune,pm10_eps4.0,n_weighted,4.0,8,2,8.0,4,0,0.0,254.14210682985657,0.25414210682985655,0.7665180206231994,1.0,7.988776655443322,891
pune,pm10_eps4.0,n_weighted,4.0,8,2,16.0,4,0,0.0,247.70643913046075,0.24770643913046075,0.6518159342229611,1.0,7.988776655443322,891
pune,pm10_eps4.0,n_weighted,4.0,8,3,,4,0,0.0,247.15711787315124,0.24715711787315123,0.6618149977845726,0.9988776655443322,7.988776655443322,891
pune,pm10_eps4.0,n_weighted,4.0,8,3,4.0,4,0,0.0,477.2205603935094,0.4772205603935094,0.8392090411703911,0.9988776655443322,7.988776655443322,891
pune,pm10_eps4.0,n_weighted,4.0,8,3,8.0,4,0,0.0,253.76393544102464,0.25376393544102466,0.7655050482283685,0.9988776655443322,7.988776655443322,891
pune,pm10_eps4.0,n_weighted,4.0,8,3,16.0,4,0,0.0,247.15711787315124,0.24715711787315123,0.6618149977845726,0.9988776655443322,7.988776655443322,891
pune,pm10_eps4.0,n_weighted,4.0,8,4,,4,0,0.0,239.90644472517653,0.23990644472517653,0.8432565135627275,0.9820426487093153,7.988776655443322,891
pune,pm10_eps4.0,n_weighted,4.0,8,4,4.0,4,0,0.0,475.6237189351697,0.4756237189351697,0.8311370272669567,0.9831649831649831,7.988776655443322,891
pune,pm10_eps4.0,n_weighted,4.0,8,4,8.0,4,0,0.0,248.0382778290991,0.2480382778290991,0.7299737465555407,0.9831649831649831,7.988776655443322,891
pune,pm10_eps4.0,n_weighted,4.0,8,4,16.0,4,0,0.0,239.90644472517653,0.23990644472517653,0.8432565135627275,0.9820426487093153,7.988776655443322,891
pune,pm10_eps4.0,n_weighted,4.0,8,6,,4,0,0.0,248.09233937394032,0.24809233937394032,0.11327377879473845,0.978675645342312,7.988776655443322,891
pune,pm10_eps4.0,n_weighted,4.0,8,6,8.0,4,0,0.0,246.11038498854148,0.2461103849885415,0.47579988636392984,0.978675645342312,7.988776655443322,891
pune,pm10_eps4.0,n_weighted,4.0,8,6,16.0,4,0,0.0,248.09233937394032,0.24809233937394032,0.11327377879473845,0.978675645342312,7.988776655443322,891
pune,pm10_eps4.0,n_weighted,4.0,8,1,,4,2,0.0,247.70643913046075,0.24770643913046075,0.6518159342229611,1.0,7.988776655443322,891
pune,pm10_eps4.0,n_weighted,4.0,8,1,4.0,4,2,0.0,477.6252250802318,0.4776252250802318,0.842997269323239,1.0,7.988776655443322,891
pune,pm10_eps4.0,n_weighted,4.0,8,1,8.0,4,2,0.0,254.14210682985657,0.25414210682985655,0.7665180206231994,1.0,7.988776655443322,891
pune,pm10_eps4.0,n_weighted,4.0,8,1,16.0,4,2,0.0,247.70643913046075,0.24770643913046075,0.6518159342229611,1.0,7.988776655443322,891
pune,pm10_eps4.0,n_weighted,4.0,8,2,,4,2,0.0,247.70643913046075,0.24770643913046075,0.6518159342229611,1.0,7.988776655443322,891
pune,pm10_eps4.0,n_weighted,4.0,8,2,4.0,4,2,0.0,477.6252250802318,0.4776252250802318,0.842997269323239,1.0,7.988776655443322,891
pune,pm10_eps4.0,n_weighted,4.0,8,2,8.0,4,2,0.0,254.14210682985657,0.25414210682985655,0.7665180206231994,1.0,7.988776655443322,891
pune,pm10_eps4.0,n_weighted,4.0,8,2,16.0,4,2,0.0,247.70643913046075,0.24770643913046075,0.6518159342229611,1.0,7.988776655443322,891
pune,pm10_eps4.0,n_weighted,4.0,8,3,,4,2,0.0,247.2379839929259,0.2472379839929259,0.6596340025529701,1.0,7.995505617977528,890
pune,pm10_eps4.0,n_weighted,4.0,8,3,4.0,4,2,0.0,477.6036976127635,0.4776036976127635,0.8392090411703911,1.0,7.995505617977528,890
pune,pm10_eps4.0,n_weighted,4.0,8,3,8.0,4,2,0.0,253.59746429970727,0.25359746429970725,0.7679638674280868,1.0,7.995505617977528,890
pune,pm10_eps4.0,n_weighted,4.0,8,3,16.0,4,2,0.0,247.2379839929259,0.2472379839929259,0.6596340025529701,1.0,7.995505617977528,890
pune,pm10_eps4.0,n_weighted,4.0,8,4,,4,2,0.0,239.91781132084677,0.23991781132084677,0.8432565135627275,0.9931895573212258,8.046538024971623,881
pune,pm10_eps4.0,n_weighted,4.0,8,4,4.0,4,2,0.0,475.4494112378673,0.4754494112378673,0.8311370272669567,0.9943246311010215,8.046538024971623,881
pune,pm10_eps4.0,n_weighted,4.0,8,4,8.0,4,2,0.0,248.05520588056027,0.24805520588056026,0.7299737465555407,0.9943246311010215,8.046538024971623,881
pune,pm10_eps4.0,n_weighted,4.0,8,4,16.0,4,2,0.0,239.91781132084677,0.23991781132084677,0.8432565135627275,0.9931895573212258,8.046538024971623,881
pune,pm10_eps4.0,n_weighted,4.0,8,6,,4,2,0.0,248.3354242123538,0.24833542421235377,0.11327377879473845,0.9942987457240593,8.060433295324971,877
pune,pm10_eps4.0,n_weighted,4.0,8,6,8.0,4,2,0.0,246.32737713332685,0.24632737713332684,0.47579988636392984,0.9942987457240593,8.060433295324971,877
pune,pm10_eps4.0,n_weighted,4.0,8,6,16.0,4,2,0.0,248.3354242123538,0.24833542421235377,0.11327377879473845,0.9942987457240593,8.060433295324971,877
pune,pm10_eps4.0,n_weighted,4.0,8,1,,4,4,0.0,247.70643913046075,0.24770643913046075,0.6518159342229611,1.0,7.988776655443322,891
pune,pm10_eps4.0,n_weighted,4.0,8,1,4.0,4,4,0.0,477.6252250802318,0.4776252250802318,0.842997269323239,1.0,7.988776655443322,891
pune,pm10_eps4.0,n_weighted,4.0,8,1,8.0,4,4,0.0,254.14210682985657,0.25414210682985655,0.7665180206231994,1.0,7.988776655443322,891
pune,pm10_eps4.0,n_weighted,4.0,8,1,16.0,4,4,0.0,247.70643913046075,0.24770643913046075,0.6518159342229611,1.0,7.988776655443322,891
pune,pm10_eps4.0,n_weighted,4.0,8,2,,4,4,0.0,247.70643913046075,0.24770643913046075,0.6518159342229611,1.0,7.988776655443322,891
pune,pm10_eps4.0,n_weighted,4.0,8,2,4.0,4,4,0.0,477.6252250802318,0.4776252250802318,0.842997269323239,1.0,7.988776655443322,891
pune,pm10_eps4.0,n_weighted,4.0,8,2,8.0,4,4,0.0,254.14210682985657,0.25414210682985655,0.7665180206231994,1.0,7.988776655443322,891
pune,pm10_eps4.0,n_weighted,4.0,8,2,16.0,4,4,0.0,247.70643913046075,0.24770643913046075,0.6518159342229611,1.0,7.988776655443322,891
pune,pm10_eps4.0,n_weighted,4.0,8,3,,4,4,0.0,247.2379839929259,0.2472379839929259,0.6596340025529701,1.0,7.995505617977528,890
pune,pm10_eps4.0,n_weighted,4.0,8,3,4.0,4,4,0.0,477.6036976127635,0.4776036976127635,0.8392090411703911,1.0,7.995505617977528,890
pune,pm10_eps4.0,n_weighted,4.0,8,3,8.0,4,4,0.0,253.59746429970727,0.25359746429970725,0.7679638674280868,1.0,7.995505617977528,890
pune,pm10_eps4.0,n_weighted,4.0,8,3,16.0,4,4,0.0,247.2379839929259,0.2472379839929259,0.6596340025529701,1.0,7.995505617977528,890
pune,pm10_eps4.0,n_weighted,4.0,8,4,,4,4,0.0,241.61462270281558,0.24161462270281558,0.767665794996376,0.9977220956719818,8.06378132118451,878
pune,pm10_eps4.0,n_weighted,4.0,8,4,4.0,4,4,0.0,475.4497911754878,0.4754497911754878,0.8311370272669567,0.9977220956719818,8.06378132118451,878
pune,pm10_eps4.0,n_weighted,4.0,8,4,8.0,4,4,0.0,247.58168639923403,0.24758168639923403,0.8655386683689411,0.9977220956719818,8.06378132118451,878
pune,pm10_eps4.0,n_weighted,4.0,8,4,16.0,4,4,0.0,241.61462270281558,0.24161462270281558,0.767665794996376,0.9977220956719818,8.06378132118451,878
pune,pm10_eps4.0,n_weighted,4.0,8,6,,4,4,0.0,248.71819677732228,0.24871819677732226,0.11327377879473845,0.9965714285714286,8.074285714285715,875
pune,pm10_eps4.0,n_weighted,4.0,8,6,8.0,4,4,0.0,246.69966485439275,0.24669966485439276,0.47579988636392984,0.9965714285714286,8.074285714285715,875
pune,pm10_eps4.0,n_weighted,4.0,8,6,16.0,4,4,0.0,248.71819677732228,0.24871819677732226,0.11327377879473845,0.9965714285714286,8.074285714285715,875
