dataset,sensor,strategy,epsilon,w,P_min,P_max,delta_t,k_ext,epsilon_count,mae,normalized_mae,kl_divergence,release_rate,avg_n_tau,n_logical_timestamps
traffic,speed_eps2.0,uniform,2.0,8,1,,1,0,0.0,33.23047430340872,0.6646094860681744,0.8957750917820663,1.0,5.926056338028169,568
traffic,speed_eps2.0,uniform,2.0,8,1,4.0,1,0,0.0,48.97000185680707,0.9794000371361414,0.8879926118354009,1.0,5.926056338028169,568
traffic,speed_eps2.0,uniform,2.0,8,1,8.0,1,0,0.0,33.23047430340872,0.6646094860681744,0.8957750917820663,1.0,5.926056338028169,568
traffic,speed_eps2.0,uniform,2.0,8,1,16.0,1,0,0.0,33.23047430340872,0.6646094860681744,0.8957750917820663,1.0,5.926056338028169,568
traffic,speed_eps2.0,uniform,2.0,8,2,,1,0,0.0,33.23047430340872,0.6646094860681744,0.8957750917820663,1.0,5.926056338028169,568
traffic,speed_eps2.0,uniform,2.0,8,2,4.0,1,0,0.0,48.97000185680707,0.9794000371361414,0.8879926118354009,1.0,5.926056338028169,568
traffic,speed_eps2.0,uniform,2.0,8,2,8.0,1,0,0.0,33.23047430340872,0.6646094860681744,0.8957750917820663,1.0,5.926056338028169,568
traffic,speed_eps2.0,uniform,2.0,8,2,16.0,1,0,0.0,33.23047430340872,0.6646094860681744,0.8957750917820663,1.0,5.926056338028169,568
traffic,speed_eps2.0,uniform,2.0,8,3,,1,0,0.0,33.23047430340872,0.6646094860681744,0.8957750917820663,1.0,5.926056338028169,568
traffic,speed_eps2.0,uniform,2.0,8,3,4.0,1,0,0.0,48.97000185680707,0.9794000371361414,0.8879926118354009,1.0,5.926056338028169,568
traffic,speed_eps2.0,uniform,2.0,8,3,8.0,1,0,0.0,33.23047430340872,0.6646094860681744,0.8957750917820663,1.0,5.926056338028169,568
traffic,speed_eps2.0,uniform,2.0,8,3,16.0,1,0,0.0,33.23047430340872,0.6646094860681744,0.8957750917820663,1.0,5.926056338028169,568
traffic,speed_eps2.0,uniform,2.0,8,4,,1,0,0.0,33.23047430340872,0.6646094860681744,0.8957750917820663,1.0,5.926056338028169,568
traffic,speed_eps2.0,uniform,2.0,8,4,4.0,1,0,0.0,48.97000185680707,0.9794000371361414,0.8879926118354009,1.0,5.926056338028169,568
traffic,speed_eps2.0,uniform,2.0,8,4,8.0,1,0,0.0,33.23047430340872,0.6646094860681744,0.8957750917820663,1.0,5.926056338028169,568
traffic,speed_eps2.0,uniform,2.0,8,4,16.0,1,0,0.0,33.23047430340872,0.6646094860681744,0.8957750917820663,1.0,5.926056338028169,568
traffic,speed_eps2.0,uniform,2.0,8,6,,1,0,0.0,33.23047430340872,0.6646094860681744,0.8957750917820663,1.0,5.926056338028169,568
traffic,speed_eps2.0,uniform,2.0,8,6,8.0,1,0,0.0,33.23047430340872,0.6646094860681744,0.8957750917820663,1.0,5.926056338028169,568
traffic,speed_eps2.0,uniform,2.0,8,6,16.0,1,0,0.0,33.23047430340872,0.6646094860681744,0.8957750917820663,1.0,5.926056338028169,568
traffic,speed_eps2.0,uniform,2.0,8,1,,1,2,0.0,33.23047430340872,0.6646094860681744,0.8957750917820663,1.0,5.926056338028169,568
traffic,speed_eps2.0,uniform,2.0,8,1,4.0,1,2,0.0,48.97000185680707,0.9794000371361414,0.8879926118354009,1.0,5.926056338028169,568
traffic,speed_eps2.0,uniform,2.0,8,1,8.0,1,2,0.0,33.23047430340872,0.6646094860681744,0.8957750917820663,1.0,5.926056338028169,568
traffic,speed_eps2.0,uniform,2.0,8,1,16.0,1,2,0.0,33.23047430340872,0.6646094860681744,0.8957750917820663,1.0,5.926056338028169,568
traffic,speed_eps2.0,uniform,2.0,8,2,,1,2,0.0,33.23047430340872,0.6646094860681744,0.8957750917820663,1.0,5.926056338028169,568
traffic,speed_eps2.0,uniform,2.0,8,2,4.0,1,2,0.0,48.97000185680707,0.9794000371361414,0.8879926118354009,1.0,5.926056338028169,568
traffic,speed_eps2.0,uniform,2.0,8,2,8.0,1,2,0.0,33.23047430340872,0.6646094860681744,0.8957750917820663,1.0,5.926056338028169,568
traffic,speed_eps2.0,uniform,2.0,8,2,16.0,1,2,0.0,33.23047430340872,0.6646094860681744,0.8957750917820663,1.0,5.926056338028169,568
traffic,speed_eps2.0,uniform,2.0,8,3,,1,2,0.0,32.49460188373152,0.6498920376746304,0.8645296493138006,1.0,5.967971530249111,562
traffic,speed_eps2.0,uniform,2.0,8,3,4.0,1,2,0.0,48.46657056029252,0.9693314112058503,0.8863397343801178,1.0,5.967971530249111,562
traffic,speed_eps2.0,uniform,2.0,8,3,8.0,1,2,0.0,32.49460188373152,0.6498920376746304,0.8645296493138006,1.0,5.967971530249111,562
traffic,speed_eps2.0,uniform,2.0,8,3,16.0,1,2,0.0,32.49460188373152,0.6498920376746304,0.8645296493138006,1.0,5.967971530249111,562
traffic,speed_eps2.0,uniform,2.0,8,4,,1,2,0.0,32.49460188373152,0.6498920376746304,0.8645296493138006,1.0,5.967971530249111,562
traffic,speed_eps2.0,uniform,2.0,8,4,4.0,1,2,0.0,48.46657056029252,0.9693314112058503,0.8863397343801178,1.0,5.967971530249111,562
traffic,speed_eps2.0,uniform,2.0,8,4,8.0,1,2,0.0,32.49460188373152,0.6498920376746304,0.8645296493138006,1.0,5.967971530249111,562
traffic,speed_eps2.0,uniform,2.0,8,4,16.0,1,2,0.0,32.49460188373152,0.6498920376746304,0.8645296493138006,1.0,5.967971530249111,562
traffic,speed_eps2.0,uniform,2.0,8,6,,1,2,0.0,32.57608416459716,0.6515216832919433,0.8695843150806528,1.0,5.975,560
traffic,speed_eps2.0,uniform,2.0,8,6,8.0,1,2,0.0,32.57608416459716,0.6515216832919433,0.8695843150806528,1.0,5.975,560
traffic,speed_eps2.0,uniform,2.0,8,6,16.0,1,2,0.0,32.57608416459716,0.6515216832919433,0.8695843150806528,1.0,5.975,560
traffic,speed_eps2.0,uniform,2.0,8,1,,1,4,0.0,33.23047430340872,0.6646094860681744,0.8957750917820663,1.0,5.926056338028169,568
traffic,speed_eps2.0,uniform,2.0,8,1,4.0,1,4,0.0,48.97000185680707,0.9794000371361414,0.8879926118354009,1.0,5.926056338028169,568
traffic,speed_eps2.0,uniform,2.0,8,1,8.0,1,4,0.0,33.23047430340872,0.6646094860681744,0.8957750917820663,1.0,5.926056338028169,568
traffic,speed_eps2.0,uniform,2.0,8,1,16.0,1,4,0.0,33.23047430340872,0.6646094860681744,0.8957750917820663,1.0,5.926056338028169,568
traffic,speed_eps2.0,uniform,2.0,8,2,,1,4,0.0,33.23047430340872,0.6646094860681744,0.8957750917820663,1.0,5.926056338028169,568
traffic,speed_eps2.0,uniform,2.0,8,2,4.0,1,4,0.0,48.97000185680707,0.9794000371361414,0.8879926118354009,1.0,5.926056338028169,568
traffic,speed_eps2.0,uniform,2.0,8,2,8.0,1,4,0.0,33.23047430340872,0.6646094860681744,0.8957750917820663,1.0,5.926056338028169,568
traffic,speed_eps2.0,uniform,2.0,8,2,16.0,1,4,0.0,33.23047430340872,0.6646094860681744,0.8957750917820663,1.0,5.926056338028169,568
traffic,speed_eps2.0,uniform,2.0,8,3,,1,4,0.0,32.46879799768298,0.6493759599536595,0.909003573209656,1.0,5.982142857142857,560
traffic,speed_eps2.0,uniform,2.0,8,3,4.0,1,4,0.0,48.51199477588169,0.9702398955176338,0.8912539855150267,1.0,5.982142857142857,560
traffic,speed_eps2.0,uniform,2.0,8,3,8.0,1,4,0.0,32.46879799768298,0.6493759599536595,0.909003573209656,1.0,5.982142857142857,560
traffic,speed_eps2.0,uniform,2.0,8,3,16.0,1,4,0.0,32.46879799768298,0.6493759599536595,0.909003573209656,1.0,5.982142857142857,560
traffic,speed_eps2.0,uniform,2.0,8,4,,1,4,0.0,32.46879799768298,0.6493759599536595,0.909003573209656,1.0,5.982142857142857,560
traffic,speed_eps2.0,uniform,2.0,8,4,4.0,1,4,0.0,48.51199477588169,0.9702398955176338,0.8912539855150267,1.0,5.982142857142857,560
traffic,speed_eps2.0,uniform,2.0,8,4,8.0,1,4,0.0,32.46879799768298,0.6493759599536595,0.909003573209656,1.0,5.982142857142857,560
traffic,speed_eps2.0,uniform,2.0,8,4,16.0,1,4,0.0,32.46879799768298,0.6493759599536595,0.909003573209656,1.0,5.982142857142857,560
traffic,speed_eps2.0,uniform,2.0,8,6,,1,4,0.0,32.574321452881634,0.6514864290576327,0.9144830921038646,1.0,5.989247311827957,558
traffic,speed_eps2.0,uniform,2.0,8,6,8.0,1,4,0.0,32.574321452881634,0.6514864290576327,0.9144830921038646,1.0,5.989247311827957,558
traffic,speed_eps2.0,uniform,2.0,8,6,16.0,1,4,0.0,32.574321452881634,0.6514864290576327,0.9144830921038646,1.0,5.989247311827957,558
traffic,speed_eps2.0,uniform,2.0,8,1,,2,0,0.0,35.216952211974046,0.7043390442394809,0.4182735368426705,1.0,5.936619718309859,284
traffic,speed_eps2.0,uniform,2.0,8,1,4.0,2,0,0.0,51.8752591761295,1.03750518352259,0.4645912337433813,1.0,5.936619718309859,284
traffic,speed_eps2.0,uniform,2.0,8,1,8.0,2,0,0.0,35.216952211974046,0.7043390442394809,0.4182735368426705,1.0,5.936619718309859,284
traffic,speed_eps2.0,uniform,2.0,8,1,16.0,2,0,0.0,35.216952211974046,0.7043390442394809,0.4182735368426705,1.0,5.936619718309859,284
traffic,speed_eps2.0,uniform,2.0,8,2,,2,0,0.0,35.216952211974046,0.7043390442394809,0.4182735368426705,1.0,5.936619718309859,284
traffic,speed_eps2.0,uniform,2.0,8,2,4.0,2,0,0.0,51.8752591761295,1.03750518352259,0.4645912337433813,1.0,5.936619718309859,284
traffic,speed_eps2.0,uniform,2.0,8,2,8.0,2,0,0.0,35.216952211974046,0.7043390442394809,0.4182735368426705,1.0,5.936619718309859,284
traffic,speed_eps2.0,uniform,2.0,8,2,16.0,2,0,0.0,35.216952211974046,0.7043390442394809,0.4182735368426705,1.0,5.936619718309859,284
traffic,speed_eps2.0,uniform,2.0,8,3,,2,0,0.0,35.216952211974046,0.7043390442394809,0.4182735368426705,1.0,5.936619718309859,284
traffic,speed_eps2.0,uniform,2.0,8,3,4.0,2,0,0.0,51.8752591761295,1.03750518352259,0.4645912337433813,1.0,5.936619718309859,284
traffic,speed_eps2.0,uniform,2.0,8,3,8.0,2,0,0.0,35.216952211974046,0.7043390442394809,0.4182735368426705,1.0,5.936619718309859,284
traffic,speed_eps2.0,uniform,2.0,8,3,16.0,2,0,0.0,35.216952211974046,0.7043390442394809,0.4182735368426705,1.0,5.936619718309859,284
traffic,speed_eps2.0,uniform,2.0,8,4,,2,0,0.0,35.216952211974046,0.7043390442394809,0.4182735368426705,1.0,5.936619718309859,284
traffic,speed_eps2.0,uniform,2.0,8,4,4.0,2,0,0.0,51.8752591761295,1.03750518352259,0.4645912337433813,1.0,5.936619718309859,284
traffic,speed_eps2.0,uniform,2.0,8,4,8.0,2,0,0.0,35.216952211974046,0.7043390442394809,0.4182735368426705,1.0,5.936619718309859,284
traffic,speed_eps2.0,uniform,2.0,8,4,16.0,2,0,0.0,35.216952211974046,0.7043390442394809,0.4182735368426705,1.0,5.936619718309859,284
traffic,speed_eps2.0,uniform,2.0,8,6,,2,0,0.0,35.216952211974046,0.7043390442394809,0.4182735368426705,1.0,5.936619718309859,284
traffic,speed_eps2.0,uniform,2.0,8,6,8.0,2,0,0.0,35.216952211974046,0.7043390442394809,0.4182735368426705,1.0,5.936619718309859,284
traffic,speed_eps2.0,uniform,2.0,8,6,16.0,2,0,0.0,35.216952211974046,0.7043390442394809,0.4182735368426705,1.0,5.936619718309859,284
traffic,speed_eps2.0,uniform,2.0,8,1,,2,2,0.0,35.216952211974046,0.7043390442394809,0.4182735368426705,1.0,5.936619718309859,284
traffic,speed_eps2.0,uniform,2.0,8,1,4.0,2,2,0.0,51.8752591761295,1.03750518352259,0.4645912337433813,1.0,5.936619718309859,284
traffic,speed_eps2.0,uniform,2.0,8,1,8.0,2,2,0.0,35.216952211974046,0.7043390442394809,0.4182735368426705,1.0,5.936619718309859,284
traffic,speed_eps2.0,uniform,2.0,8,1,16.0,2,2,0.0,35.216952211974046,0.7043390442394809,0.4182735368426705,1.0,5.936619718309859,284
traffic,speed_eps2.0,uniform,2.0,8,2,,2,2,0.0,35.216952211974046,0.7043390442394809,0.4182735368426705,1.0,5.936619718309859,284
traffic,speed_eps2.0,uniform,2.0,8,2,4.0,2,2,0.0,51.8752591761295,1.03750518352259,0.4645912337433813,1.0,5.936619718309859,284
traffic,speed_eps2.0,uniform,2.0,8,2,8.0,2,2,0.0,35.216952211974046,0.7043390442394809,0.4182735368426705,1.0,5.936619718309859,284
traffic,speed_eps2.0,uniform,2.0,8,2,16.0,2,2,0.0,35.216952211974046,0.7043390442394809,0.4182735368426705,1.0,5.936619718309859,284
traffic,speed_eps2.0,uniform,2.0,8,3,,2,2,0.0,34.32415098484661,0.6864830196969323,0.3238048533566198,1.0,5.9786476868327405,281
traffic,speed_eps2.0,uniform,2.0,8,3,4.0,2,2,0.0,51.120222059771706,1.022404441195434,0.3390985042088102,1.0,5.9786476868327405,281
traffic,speed_eps2.0,uniform,2.0,8,3,8.0,2,2,0.0,34.32415098484661,0.6864830196969323,0.3238048533566198,1.0,5.9786476868327405,281
traffic,speed_eps2.0,uniform,2.0,8,3,16.0,2,2,0.0,34.32415098484661,0.6864830196969323,0.3238048533566198,1.0,5.9786476868327405,281
traffic,speed_eps2.0,uniform,2.0,8,4,,2,2,0.0,34.32415098484661,0.6864830196969323,0.3238048533566198,1.0,5.9786476868327405,281
traffic,speed_eps2.0,uniform,2.0,8,4,4.0,2,2,0.0,51.120222059771706,1.022404441195434,0.3390985042088102,1.0,5.9786476868327405,281
traffic,speed_eps2.0,uniform,2.0,8,4,8.0,2,2,0.0,34.32415098484661,0.6864830196969323,0.3238048533566198,1.0,5.9786476868327405,281
traffic,speed_eps2.0,uniform,2.0,8,4,16.0,2,2,0.0,34.32415098484661,0.6864830196969323,0.3238048533566198,1.0,5.9786476868327405,281
traffic,speed_eps2.0,uniform,2.0,8,6,,2,2,0.0,34.32415098484661,0.6864830196969323,0.3238048533566198,1.0,5.9786476868327405,281
traffic,speed_eps2.0,uniform,2.0,8,6,8.0,2,2,0.0,34.32415098484661,0.6864830196969323,0.3238048533566198,1.0,5.9786476868327405,281
traffic,speed_eps2.0,uniform,2.0,8,6,16.0,2,2,0.0,34.32415098484661,0.6864830196969323,0.3238048533566198,1.0,5.9786476868327405,281
traffic,speed_eps2.0,uniform,2.0,8,1,,2,4,0.0,35.216952211974046,0.7043390442394809,0.4182735368426705,1.0,5.936619718309859,284
traffic,speed_eps2.0,uniform,2.0,8,1,4.0,2,4,0.0,51.8752591761295,1.03750518352259,0.4645912337433813,1.0,5.936619718309859,284
traffic,speed_eps2.0,uniform,2.0,8,1,8.0,2,4,0.0,35.216952211974046,0.7043390442394809,0.4182735368426705,1.0,5.936619718309859,284
traffic,speed_eps2.0,uniform,2.0,8,1,16.0,2,4,0.0,35.216952211974046,0.7043390442394809,0.4182735368426705,1.0,5.936619718309859,284
traffic,speed_eps2.0,uniform,2.0,8,2,,2,4,0.0,35.216952211974046,0.7043390442394809,0.4182735368426705,1.0,5.936619718309859,284
traffic,speed_eps2.0,uniform,2.0,8,2,4.0,2,4,0.0,51.8752591761295,1.03750518352259,0.4645912337433813,1.0,5.936619718309859,284
traffic,speed_eps2.0,uniform,2.0,8,2,8.0,2,4,0.0,35.216952211974046,0.7043390442394809,0.4182735368426705,1.0,5.936619718309859,284
traffic,speed_eps2.0,uniform,2.0,8,2,16.0,2,4,0.0,35.216952211974046,0.7043390442394809,0.4182735368426705,1.0,5.936619718309859,284
traffic,speed_eps2.0,uniform,2.0,8,3,,2,4,0.0,33.977483017778354,0.6795496603555671,0.34501293341818995,1.0,5.992857142857143,280
traffic,speed_eps2.0,uniform,2.0,8,3,4.0,2,4,0.0,50.89344004381247,1.0178688008762493,0.3437917617847923,1.0,5.992857142857143,280
traffic,speed_eps2.0,uniform,2.0,8,3,8.0,2,4,0.0,33.977483017778354,0.6795496603555671,0.34501293341818995,1.0,5.992857142857143,280
traffic,speed_eps2.0,uniform,2.0,8,3,16.0,2,4,0.0,33.977483017778354,0.6795496603555671,0.34501293341818995,1.0,5.992857142857143,280
traffic,speed_eps2.0,uniform,2.0,8,4,,2,4,0.0,33.977483017778354,0.6795496603555671,0.34501293341818995,1.0,5.992857142857143,280
traffic,speed_eps2.0,uniform,2.0,8,4,4.0,2,4,0.0,50.89344004381247,1.0178688008762493,0.3437917617847923,1.0,5.992857142857143,280
traffic,speed_eps2.0,uniform,2.0,8,4,8.0,2,4,0.0,33.977483017778354,0.6795496603555671,0.34501293341818995,1.0,5.992857142857143,280
traffic,speed_eps2.0,uniform,2.0,8,4,16.0,2,4,0.0,33.977483017778354,0.6795496603555671,0.34501293341818995,1.0,5.992857142857143,280
traffic,speed_eps2.0,uniform,2.0,8,6,,2,4,0.0,33.977483017778354,0.6795496603555671,0.34501293341818995,1.0,5.992857142857143,280
traffic,speed_eps2.0,uniform,2.0,8,6,8.0,2,4,0.0,33.977483017778354,0.6795496603555671,0.34501293341818995,1.0,5.992857142857143,280
traffic,speed_eps2.0,uniform,2.0,8,6,16.0,2,4,0.0,33.977483017778354,0.6795496603555671,0.34501293341818995,1.0,5.992857142857143,280
traffic,speed_eps2.0,uniform,2.0,8,1,,4,0,0.0,32.739884895075,0.6547976979015,0.8687839899535338,1.0,5.943661971830986,142
traffic,speed_eps2.0,uniform,2.0,8,1,4.0,4,0,0.0,48.350627500376476,0.9670125500075295,0.8171292804914772,1.0,5.943661971830986,142
traffic,speed_eps2.0,uniform,2.0,8,1,8.0,4,0,0.0,32.739884895075,0.6547976979015,0.8687839899535338,1.0,5.943661971830986,142
traffic,speed_eps2.0,uniform,2.0,8,1,16.0,4,0,0.0,32.739884895075,0.6547976979015,0.8687839899535338,1.0,5.943661971830986,142
traffic,speed_eps2.0,uniform,2.0,8,2,,4,0,0.0,32.739884895075,0.6547976979015,0.8687839899535338,1.0,5.943661971830986,142
traffic,speed_eps2.0,uniform,2.0,8,2,4.0,4,0,0.0,48.350627500376476,0.9670125500075295,0.8171292804914772,1.0,5.943661971830986,142
traffic,speed_eps2.0,uniform,2.0,8,2,8.0,4,0,0.0,32.739884895075,0.6547976979015,0.8687839899535338,1.0,5.943661971830986,142
traffic,speed_eps2.0,uniform,2.0,8,2,16.0,4,0,0.0,32.739884895075,0.6547976979015,0.8687839899535338,1.0,5.943661971830986,142
traffic,speed_eps2.0,uniform,2.0,8,3,,4,0,0.0,32.739884895075,0.6547976979015,0.8687839899535338,1.0,5.943661971830986,142
traffic,speed_eps2.0,uniform,2.0,8,3,4.0,4,0,0.0,48.350627500376476,0.9670125500075295,0.8171292804914772,1.0,5.943661971830986,142
traffic,speed_eps2.0,uniform,2.0,8,3,8.0,4,0,0.0,32.739884895075,0.6547976979015,0.8687839899535338,1.0,5.943661971830986,142
traffic,speed_eps2.0,uniform,2.0,8,3,16.0,4,0,0.0,32.739884895075,0.6547976979015,0.8687839899535338,1.0,5.943661971830986,142
traffic,speed_eps2.0,uniform,2.0,8,4,,4,0,0.0,32.739884895075,0.6547976979015,0.8687839899535338,1.0,5.943661971830986,142
traffic,speed_eps2.0,uniform,2.0,8,4,4.0,4,0,0.0,48.350627500376476,0.9670125500075295,0.8171292804914772,1.0,5.943661971830986,142
traffic,speed_eps2.0,uniform,2.0,8,4,8.0,4,0,0.0,32.739884895075,0.6547976979015,0.8687839899535338,1.0,5.943661971830986,142
traffic,speed_eps2.0,uniform,2.0,8,4,16.0,4,0,0.0,32.739884895075,0.6547976979015,0.8687839899535338,1.0,5.943661971830986,142
traffic,speed_eps2.0,uniform,2.0,8,6,,4,0,0.0,32.739884895075,0.6547976979015,0.8687839899535338,1.0,5.943661971830986,142
traffic,speed_eps2.0,uniform,2.0,8,6,8.0,4,0,0.0,32.739884895075,0.6547976979015,0.8687839899535338,1.0,5.943661971830986,142
traffic,speed_eps2.0,uniform,2.0,8,6,16.0,4,0,0.0,32.739884895075,0.6547976979015,0.8687839899535338,1.0,5.943661971830986,142
traffic,speed_eps2.0,uniform,2.0,8,1,,4,2,0.0,32.739884895075,0.6547976979015,0.8687839899535338,1.0,5.943661971830986,142
traffic,speed_eps2.0,uniform,2.0,8,1,4.0,4,2,0.0,48.350627500376476,0.9670125500075295,0.8171292804914772,1.0,5.943661971830986,142
traffic,speed_eps2.0,uniform,2.0,8,1,8.0,4,2,0.0,32.739884895075,0.6547976979015,0.8687839899535338,1.0,5.943661971830986,142
traffic,speed_eps2.0,uniform,2.0,8,1,16.0,4,2,0.0,32.739884895075,0.6547976979015,0.8687839899535338,1.0,5.943661971830986,142
traffic,speed_eps2.0,uniform,2.0,8,2,,4,2,0.0,32.739884895075,0.6547976979015,0.8687839899535338,1.0,5.943661971830986,142
traffic,speed_eps2.0,uniform,2.0,8,2,4.0,4,2,0.0,48.350627500376476,0.9670125500075295,0.8171292804914772,1.0,5.943661971830986,142
traffic,speed_eps2.0,uniform,2.0,8,2,8.0,4,2,0.0,32.739884895075,0.6547976979015,0.8687839899535338,1.0,5.943661971830986,142
traffic,speed_eps2.0,uniform,2.0,8,2,16.0,4,2,0.0,32.739884895075,0.6547976979015,0.8687839899535338,1.0,5.943661971830986,142
traffic,speed_eps2.0,uniform,2.0,8,3,,4,2,0.0,31.984411195985064,0.6396882239197013,0.8378019903553986,1.0,6.0,140
traffic,speed_eps2.0,uniform,2.0,8,3,4.0,4,2,0.0,47.9766167939776,0.959532335879552,0.8207094687601635,1.0,6.0,140
traffic,speed_eps2.0,uniform,2.0,8,3,8.0,4,2,0.0,31.984411195985064,0.6396882239197013,0.8378019903553986,1.0,6.0,140
traffic,speed_eps2.0,uniform,2.0,8,3,16.0,4,2,0.0,31.984411195985064,0.6396882239197013,0.8378019903553986,1.0,6.0,140
traffic,speed_eps2.0,uniform,2.0,8,4,,4,2,0.0,31.984411195985064,0.6396882239197013,0.8378019903553986,1.0,6.0,140
traffic,speed_eps2.0,uniform,2.0,8,4,4.0,4,2,0.0,47.9766167939776,0.959532335879552,0.8207094687601635,1.0,6.0,140
traffic,speed_eps2.0,uniform,2.0,8,4,8.0,4,2,0.0,31.984411195985064,0.6396882239197013,0.8378019903553986,1.0,6.0,140
traffic,speed_eps2.0,uniform,2.0,8,4,16.0,4,2,0.0,31.984411195985064,0.6396882239197013,0.8378019903553986,1.0,6.0,140
traffic,speed_eps2.0,uniform,2.0,8,6,,4,2,0.0,31.984411195985064,0.6396882239197013,0.8378019903553986,1.0,6.0,140
traffic,speed_eps2.0,uniform,2.0,8,6,8.0,4,2,0.0,31.984411195985064,0.6396882239197013,0.8378019903553986,1.0,6.0,140
traffic,speed_eps2.0,uniform,2.0,8,6,16.0,4,2,0.0,31.984411195985064,0.6396882239197013,0.8378019903553986,1.0,6.0,140
traffic,speed_eps2.0,uniform,2.0,8,1,,4,4,0.0,32.739884895075,0.6547976979015,0.8687839899535338,1.0,5.943661971830986,142
traffic,speed_eps2.0,uniform,2.0,8,1,4.0,4,4,0.0,48.350627500376476,0.9670125500075295,0.8171292804914772,1.0,5.943661971830986,142
traffic,speed_eps2.0,uniform,2.0,8,1,8.0,4,4,0.0,32.739884895075,0.6547976979015,0.8687839899535338,1.0,5.943661971830986,142
traffic,speed_eps2.0,uniform,2.0,8,1,16.0,4,4,0.0,32.739884895075,0.6547976979015,0.8687839899535338,1.0,5.943661971830986,142
traffic,speed_eps2.0,uniform,2.0,8,2,,4,4,0.0,32.739884895075,0.6547976979015,0.8687839899535338,1.0,5.943661971830986,142
traffic,speed_eps2.0,uniform,2.0,8,2,4.0,4,4,0.0,48.350627500376476,0.9670125500075295,0.8171292804914772,1.0,5.943661971830986,142
traffic,speed_eps2.0,uniform,2.0,8,2,8.0,4,4,0.0,32.739884895075,0.6547976979015,0.8687839899535338,1.0,5.943661971830986,142
traffic,speed_eps2.0,uniform,2.0,8,2,16.0,4,4,0.0,32.739884895075,0.6547976979015,0.8687839899535338,1.0,5.943661971830986,142
traffic,speed_eps2.0,uniform,2.0,8,3,,4,4,0.0,31.984411195985064,0.6396882239197013,0.8378019903553986,1.0,6.0,140
traffic,speed_eps2.0,uniform,2.0,8,3,4.0,4,4,0.0,47.9766167939776,0.959532335879552,0.8207094687601635,1.0,6.0,140
traffic,speed_eps2.0,uniform,2.0,8,3,8.0,4,4,0.0,31.984411195985064,0.6396882239197013,0.8378019903553986,1.0,6.0,140
traffic,speed_eps2.0,uniform,2.0,8,3,16.0,4,4,0.0,31.984411195985064,0.6396882239197013,0.8378019903553986,1.0,6.0,140
traffic,speed_eps2.0,uniform,2.0,8,4,,4,4,0.0,31.984411195985064,0.6396882239197013,0.8378019903553986,1.0,6.0,140
traffic,speed_eps2.0,uniform,2.0,8,4,4.0,4,4,0.0,47.9766167939776,0.959532335879552,0.8207094687601635,1.0,6.0,140
traffic,speed_eps2.0,uniform,2.0,8,4,8.0,4,4,0.0,31.984411195985064,0.6396882239197013,0.8378019903553986,1.0,6.0,140
traffic,speed_eps2.0,uniform,2.0,8,4,16.0,4,4,0.0,31.984411195985064,0.6396882239197013,0.8378019903553986,1.0,6.0,140
traffic,speed_eps2.0,uniform,2.0,8,6,,4,4,0.0,31.984411195985064,0.6396882239197013,0.8378019903553986,1.0,6.0,140
traffic,speed_eps2.0,uniform,2.0,8,6,8.0,4,4,0.0,31.984411195985064,0.6396882239197013,0.8378019903553986,1.0,6.0,140
traffic,speed_eps2.0,uniform,2.0,8,6,16.0,4,4,0.0,31.984411195985064,0.6396882239197013,0.8378019903553986,1.0,6.0,140
traffic,speed_eps2.0,sample,2.0,8,1,,1,0,0.0,5.597996237308723,0.11195992474617446,0.23995524260918422,0.125,5.926056338028169,568
traffic,speed_eps2.0,sample,2.0,8,1,4.0,1,0,0.0,7.107515889321419,0.1421503177864284,0.37459696687987726,0.125,5.926056338028169,568
traffic,speed_eps2.0,sample,2.0,8,1,8.0,1,0,0.0,5.597996237308723,0.11195992474617446,0.23995524260918422,0.125,5.926056338028169,568
traffic,speed_eps2.0,sample,2.0,8,1,16.0,1,0,0.0,5.597996237308723,0.11195992474617446,0.23995524260918422,0.125,5.926056338028169,568
traffic,speed_eps2.0,sample,2.0,8,2,,1,0,0.0,5.597996237308723,0.11195992474617446,0.23995524260918422,0.125,5.926056338028169,568
traffic,speed_eps2.0,sample,2.0,8,2,4.0,1,0,0.0,7.107515889321419,0.1421503177864284,0.37459696687987726,0.125,5.926056338028169,568
traffic,speed_eps2.0,sample,2.0,8,2,8.0,1,0,0.0,5.597996237308723,0.11195992474617446,0.23995524260918422,0.125,5.926056338028169,568
traffic,speed_eps2.0,sample,2.0,8,2,16.0,1,0,0.0,5.597996237308723,0.11195992474617446,0.23995524260918422,0.125,5.926056338028169,568
traffic,speed_eps2.0,sample,2.0,8,3,,1,0,0.0,5.597996237308723,0.11195992474617446,0.23995524260918422,0.125,5.926056338028169,568
traffic,speed_eps2.0,sample,2.0,8,3,4.0,1,0,0.0,7.107515889321419,0.1421503177864284,0.37459696687987726,0.125,5.926056338028169,568
traffic,speed_eps2.0,sample,2.0,8,3,8.0,1,0,0.0,5.597996237308723,0.11195992474617446,0.23995524260918422,0.125,5.926056338028169,568
traffic,speed_eps2.0,sample,2.0,8,3,16.0,1,0,0.0,5.597996237308723,0.11195992474617446,0.23995524260918422,0.125,5.926056338028169,568
traffic,speed_eps2.0,sample,2.0,8,4,,1,0,0.0,5.597996237308723,0.11195992474617446,0.23995524260918422,0.125,5.926056338028169,568
traffic,speed_eps2.0,sample,2.0,8,4,4.0,1,0,0.0,7.107515889321419,0.1421503177864284,0.37459696687987726,0.125,5.926056338028169,568
traffic,speed_eps2.0,sample,2.0,8,4,8.0,1,0,0.0,5.597996237308723,0.11195992474617446,0.23995524260918422,0.125,5.926056338028169,568
traffic,speed_eps2.0,sample,2.0,8,4,16.0,1,0,0.0,5.597996237308723,0.11195992474617446,0.23995524260918422,0.125,5.926056338028169,568
traffic,speed_eps2.0,sample,2.0,8,6,,1,0,0.0,5.597996237308723,0.11195992474617446,0.23995524260918422,0.125,5.926056338028169,568
traffic,speed_eps2.0,sample,2.0,8,6,8.0,1,0,0.0,5.597996237308723,0.11195992474617446,0.23995524260918422,0.125,5.926056338028169,568
traffic,speed_eps2.0,sample,2.0,8,6,16.0,1,0,0.0,5.597996237308723,0.11195992474617446,0.23995524260918422,0.125,5.926056338028169,568
traffic,speed_eps2.0,sample,2.0,8,1,,1,2,0.0,5.597996237308723,0.11195992474617446,0.23995524260918422,0.125,5.926056338028169,568
traffic,speed_eps2.0,sample,2.0,8,1,4.0,1,2,0.0,7.107515889321419,0.1421503177864284,0.37459696687987726,0.125,5.926056338028169,568
traffic,speed_eps2.0,sample,2.0,8,1,8.0,1,2,0.0,5.597996237308723,0.11195992474617446,0.23995524260918422,0.125,5.926056338028169,568
traffic,speed_eps2.0,sample,2.0,8,1,16.0,1,2,0.0,5.597996237308723,0.11195992474617446,0.23995524260918422,0.125,5.926056338028169,568
traffic,speed_eps2.0,sample,2.0,8,2,,1,2,0.0,5.597996237308723,0.11195992474617446,0.23995524260918422,0.125,5.926056338028169,568
traffic,speed_eps2.0,sample,2.0,8,2,4.0,1,2,0.0,7.107515889321419,0.1421503177864284,0.37459696687987726,0.125,5.926056338028169,568
traffic,speed_eps2.0,sample,2.0,8,2,8.0,1,2,0.0,5.597996237308723,0.11195992474617446,0.23995524260918422,0.125,5.926056338028169,568
traffic,speed_eps2.0,sample,2.0,8,2,16.0,1,2,0.0,5.597996237308723,0.11195992474617446,0.23995524260918422,0.125,5.926056338028169,568
traffic,speed_eps2.0,sample,2.0,8,3,,1,2,0.0,5.649979643614918,0.11299959287229835,0.14860243920843522,0.12633451957295375,5.967971530249111,562
traffic,speed_eps2.0,sample,2.0,8,3,4.0,1,2,0.0,7.17093945138094,0.14341878902761881,0.2422219545280236,0.12633451957295375,5.967971530249111,562
traffic,speed_eps2.0,sample,2.0,8,3,8.0,1,2,0.0,5.649979643614918,0.11299959287229835,0.14860243920843522,0.12633451957295375,5.967971530249111,562
traffic,speed_eps2.0,sample,2.0,8,3,16.0,1,2,0.0,5.649979643614918,0.11299959287229835,0.14860243920843522,0.12633451957295375,5.967971530249111,562
traffic,speed_eps2.0,sample,2.0,8,4,,1,2,0.0,5.649979643614918,0.11299959287229835,0.14860243920843522,0.12633451957295375,5.967971530249111,562
traffic,speed_eps2.0,sample,2.0,8,4,4.0,1,2,0.0,7.17093945138094,0.14341878902761881,0.2422219545280236,0.12633451957295375,5.967971530249111,562
traffic,speed_eps2.0,sample,2.0,8,4,8.0,1,2,0.0,5.649979643614918,0.11299959287229835,0.14860243920843522,0.12633451957295375,5.967971530249111,562
traffic,speed_eps2.0,sample,2.0,8,4,16.0,1,2,0.0,5.649979643614918,0.11299959287229835,0.14860243920843522,0.12633451957295375,5.967971530249111,562
traffic,speed_eps2.0,sample,2.0,8,6,,1,2,0.0,5.662049295821288,0.11324098591642576,0.15116972603236717,0.125,5.975,560
traffic,speed_eps2.0,sample,2.0,8,6,8.0,1,2,0.0,5.662049295821288,0.11324098591642576,0.15116972603236717,0.125,5.975,560
traffic,speed_eps2.0,sample,2.0,8,6,16.0,1,2,0.0,5.662049295821288,0.11324098591642576,0.15116972603236717,0.125,5.975,560
traffic,speed_eps2.0,sample,2.0,8,1,,1,4,0.0,5.597996237308723,0.11195992474617446,0.23995524260918422,0.125,5.926056338028169,568
traffic,speed_eps2.0,sample,2.0,8,1,4.0,1,4,0.0,7.107515889321419,0.1421503177864284,0.37459696687987726,0.125,5.926056338028169,568
traffic,speed_eps2.0,sample,2.0,8,1,8.0,1,4,0.0,5.597996237308723,0.11195992474617446,0.23995524260918422,0.125,5.926056338028169,568
traffic,speed_eps2.0,sample,2.0,8,1,16.0,1,4,0.0,5.597996237308723,0.11195992474617446,0.23995524260918422,0.125,5.926056338028169,568
traffic,speed_eps2.0,sample,2.0,8,2,,1,4,0.0,5.597996237308723,0.11195992474617446,0.23995524260918422,0.125,5.926056338028169,568
traffic,speed_eps2.0,sample,2.0,8,2,4.0,1,4,0.0,7.107515889321419,0.1421503177864284,0.37459696687987726,0.125,5.926056338028169,568
traffic,speed_eps2.0,sample,2.0,8,2,8.0,1,4,0.0,5.597996237308723,0.11195992474617446,0.23995524260918422,0.125,5.926056338028169,568
traffic,speed_eps2.0,sample,2.0,8,2,16.0,1,4,0.0,5.597996237308723,0.11195992474617446,0.23995524260918422,0.125,5.926056338028169,568
traffic,speed_eps2.0,sample,2.0,8,3,,1,4,0.0,5.404040979735718,0.10808081959471436,0.13021014383139465,0.125,5.982142857142857,560
traffic,speed_eps2.0,sample,2.0,8,3,4.0,1,4,0.0,6.887627391053954,0.13775254782107907,0.25135266091711167,0.125,5.982142857142857,560
traffic,speed_eps2.0,sample,2.0,8,3,8.0,1,4,0.0,5.404040979735718,0.10808081959471436,0.13021014383139465,0.125,5.982142857142857,560
traffic,speed_eps2.0,sample,2.0,8,3,16.0,1,4,0.0,5.404040979735718,0.10808081959471436,0.13021014383139465,0.125,5.982142857142857,560
traffic,speed_eps2.0,sample,2.0,8,4,,1,4,0.0,5.404040979735718,0.10808081959471436,0.13021014383139465,0.125,5.982142857142857,560
traffic,speed_eps2.0,sample,2.0,8,4,4.0,1,4,0.0,6.887627391053954,0.13775254782107907,0.25135266091711167,0.125,5.982142857142857,560
traffic,speed_eps2.0,sample,2.0,8,4,8.0,1,4,0.0,5.404040979735718,0.10808081959471436,0.13021014383139465,0.125,5.982142857142857,560
traffic,speed_eps2.0,sample,2.0,8,4,16.0,1,4,0.0,5.404040979735718,0.10808081959471436,0.13021014383139465,0.125,5.982142857142857,560
traffic,speed_eps2.0,sample,2.0,8,6,,1,4,0.0,5.415540102354576,0.10831080204709152,0.13021014383139465,0.12544802867383512,5.989247311827957,558
traffic,speed_eps2.0,sample,2.0,8,6,8.0,1,4,0.0,5.415540102354576,0.10831080204709152,0.13021014383139465,0.12544802867383512,5.989247311827957,558
traffic,speed_eps2.0,sample,2.0,8,6,16.0,1,4,0.0,5.415540102354576,0.10831080204709152,0.13021014383139465,0.12544802867383512,5.989247311827957,558
traffic,speed_eps2.0,sample,2.0,8,1,,2,0,0.0,5.0049546817999095,0.10009909363599818,0.14254889564475043,0.1267605633802817,5.936619718309859,284
traffic,speed_eps2.0,sample,2.0,8,1,4.0,2,0,0.0,6.363286361823917,0.12726572723647833,0.24329033357624702,0.1267605633802817,5.936619718309859,284
traffic,speed_eps2.0,sample,2.0,8,1,8.0,2,0,0.0,5.0049546817999095,0.10009909363599818,0.14254889564475043,0.1267605633802817,5.936619718309859,284
traffic,speed_eps2.0,sample,2.0,8,1,16.0,2,0,0.0,5.0049546817999095,0.10009909363599818,0.14254889564475043,0.1267605633802817,5.936619718309859,284
traffic,speed_eps2.0,sample,2.0,8,2,,2,0,0.0,5.0049546817999095,0.10009909363599818,0.14254889564475043,0.1267605633802817,5.936619718309859,284
traffic,speed_eps2.0,sample,2.0,8,2,4.0,2,0,0.0,6.363286361823917,0.12726572723647833,0.24329033357624702,0.1267605633802817,5.936619718309859,284
traffic,speed_eps2.0,sample,2.0,8,2,8.0,2,0,0.0,5.0049546817999095,0.10009909363599818,0.14254889564475043,0.1267605633802817,5.936619718309859,284
traffic,speed_eps2.0,sample,2.0,8,2,16.0,2,0,0.0,5.0049546817999095,0.10009909363599818,0.14254889564475043,0.1267605633802817,5.936619718309859,284
traffic,speed_eps2.0,sample,2.0,8,3,,2,0,0.0,5.0049546817999095,0.10009909363599818,0.14254889564475043,0.1267605633802817,5.936619718309859,284
traffic,speed_eps2.0,sample,2.0,8,3,4.0,2,0,0.0,6.363286361823917,0.12726572723647833,0.24329033357624702,0.1267605633802817,5.936619718309859,284
traffic,speed_eps2.0,sample,2.0,8,3,8.0,2,0,0.0,5.0049546817999095,0.10009909363599818,0.14254889564475043,0.1267605633802817,5.936619718309859,284
traffic,speed_eps2.0,sample,2.0,8,3,16.0,2,0,0.0,5.0049546817999095,0.10009909363599818,0.14254889564475043,0.1267605633802817,5.936619718309859,284
traffic,speed_eps2.0,sample,2.0,8,4,,2,0,0.0,5.0049546817999095,0.10009909363599818,0.14254889564475043,0.1267605633802817,5.936619718309859,284
traffic,speed_eps2.0,sample,2.0,8,4,4.0,2,0,0.0,6.363286361823917,0.12726572723647833,0.24329033357624702,0.1267605633802817,5.936619718309859,284
traffic,speed_eps2.0,sample,2.0,8,4,8.0,2,0,0.0,5.0049546817999095,0.10009909363599818,0.14254889564475043,0.1267605633802817,5.936619718309859,284
traffic,speed_eps2.0,sample,2.0,8,4,16.0,2,0,0.0,5.0049546817999095,0.10009909363599818,0.14254889564475043,0.1267605633802817,5.936619718309859,284
traffic,speed_eps2.0,sample,2.0,8,6,,2,0,0.0,5.0049546817999095,0.10009909363599818,0.14254889564475043,0.1267605633802817,5.936619718309859,284
traffic,speed_eps2.0,sample,2.0,8,6,8.0,2,0,0.0,5.0049546817999095,0.10009909363599818,0.14254889564475043,0.1267605633802817,5.936619718309859,284
traffic,speed_eps2.0,sample,2.0,8,6,16.0,2,0,0.0,5.0049546817999095,0.10009909363599818,0.14254889564475043,0.1267605633802817,5.936619718309859,284
traffic,speed_eps2.0,sample,2.0,8,1,,2,2,0.0,5.0049546817999095,0.10009909363599818,0.14254889564475043,0.1267605633802817,5.936619718309859,284
traffic,speed_eps2.0,sample,2.0,8,1,4.0,2,2,0.0,6.363286361823917,0.12726572723647833,0.24329033357624702,0.1267605633802817,5.936619718309859,284
traffic,speed_eps2.0,sample,2.0,8,1,8.0,2,2,0.0,5.0049546817999095,0.10009909363599818,0.14254889564475043,0.1267605633802817,5.936619718309859,284
traffic,speed_eps2.0,sample,2.0,8,1,16.0,2,2,0.0,5.0049546817999095,0.10009909363599818,0.14254889564475043,0.1267605633802817,5.936619718309859,284
traffic,speed_eps2.0,sample,2.0,8,2,,2,2,0.0,5.0049546817999095,0.10009909363599818,0.14254889564475043,0.1267605633802817,5.936619718309859,284
traffic,speed_eps2.0,sample,2.0,8,2,4.0,2,2,0.0,6.363286361823917,0.12726572723647833,0.24329033357624702,0.1267605633802817,5.936619718309859,284
traffic,speed_eps2.0,sample,2.0,8,2,8.0,2,2,0.0,5.0049546817999095,0.10009909363599818,0.14254889564475043,0.1267605633802817,5.936619718309859,284
traffic,speed_eps2.0,sample,2.0,8,2,16.0,2,2,0.0,5.0049546817999095,0.10009909363599818,0.14254889564475043,0.1267605633802817,5.936619718309859,284
traffic,speed_eps2.0,sample,2.0,8,3,,2,2,0.0,5.558686159978841,0.11117372319957682,0.16554861298751913,0.12811387900355872,5.9786476868327405,281
traffic,speed_eps2.0,sample,2.0,8,3,4.0,2,2,0.0,6.98514677291262,0.1397029354582524,0.28136767865343,0.12811387900355872,5.9786476868327405,281
traffic,speed_eps2.0,sample,2.0,8,3,8.0,2,2,0.0,5.558686159978841,0.11117372319957682,0.16554861298751913,0.12811387900355872,5.9786476868327405,281
traffic,speed_eps2.0,sample,2.0,8,3,16.0,2,2,0.0,5.558686159978841,0.11117372319957682,0.16554861298751913,0.12811387900355872,5.9786476868327405,281
traffic,speed_eps2.0,sample,2.0,8,4,,2,2,0.0,5.558686159978841,0.11117372319957682,0.16554861298751913,0.12811387900355872,5.9786476868327405,281
traffic,speed_eps2.0,sample,2.0,8,4,4.0,2,2,0.0,6.98514677291262,0.1397029354582524,0.28136767865343,0.12811387900355872,5.9786476868327405,281
traffic,speed_eps2.0,sample,2.0,8,4,8.0,2,2,0.0,5.558686159978841,0.11117372319957682,0.16554861298751913,0.12811387900355872,5.9786476868327405,281
traffic,speed_eps2.0,sample,2.0,8,4,16.0,2,2,0.0,5.558686159978841,0.11117372319957682,0.16554861298751913,0.12811387900355872,5.9786476868327405,281
traffic,speed_eps2.0,sample,2.0,8,6,,2,2,0.0,5.558686159978841,0.11117372319957682,0.16554861298751913,0.12811387900355872,5.9786476868327405,281
traffic,speed_eps2.0,sample,2.0,8,6,8.0,2,2,0.0,5.558686159978841,0.11117372319957682,0.16554861298751913,0.12811387900355872,5.9786476868327405,281
traffic,speed_eps2.0,sample,2.0,8,6,16.0,2,2,0.0,5.558686159978841,0.11117372319957682,0.16554861298751913,0.12811387900355872,5.9786476868327405,281
traffic,speed_eps2.0,sample,2.0,8,1,,2,4,0.0,5.0049546817999095,0.10009909363599818,0.14254889564475043,0.1267605633802817,5.936619718309859,284
traffic,speed_eps2.0,sample,2.0,8,1,4.0,2,4,0.0,6.363286361823917,0.12726572723647833,0.24329033357624702,0.1267605633802817,5.936619718309859,284
traffic,speed_eps2.0,sample,2.0,8,1,8.0,2,4,0.0,5.0049546817999095,0.10009909363599818,0.14254889564475043,0.1267605633802817,5.936619718309859,284
traffic,speed_eps2.0,sample,2.0,8,1,16.0,2,4,0.0,5.0049546817999095,0.10009909363599818,0.14254889564475043,0.1267605633802817,5.936619718309859,284
traffic,speed_eps2.0,sample,2.0,8,2,,2,4,0.0,5.0049546817999095,0.10009909363599818,0.14254889564475043,0.1267605633802817,5.936619718309859,284
traffic,speed_eps2.0,sample,2.0,8,2,4.0,2,4,0.0,6.363286361823917,0.12726572723647833,0.24329033357624702,0.1267605633802817,5.936619718309859,284
traffic,speed_eps2.0,sample,2.0,8,2,8.0,2,4,0.0,5.0049546817999095,0.10009909363599818,0.14254889564475043,0.1267605633802817,5.936619718309859,284
traffic,speed_eps2.0,sample,2.0,8,2,16.0,2,4,0.0,5.0049546817999095,0.10009909363599818,0.14254889564475043,0.1267605633802817,5.936619718309859,284
traffic,speed_eps2.0,sample,2.0,8,3,,2,4,0.0,4.807459362261104,0.09614918724522209,0.2999222883572585,0.125,5.992857142857143,280
traffic,speed_eps2.0,sample,2.0,8,3,4.0,2,4,0.0,6.297749376980127,0.12595498753960255,0.4112452891581638,0.125,5.992857142857143,280
traffic,speed_eps2.0,sample,2.0,8,3,8.0,2,4,0.0,4.807459362261104,0.09614918724522209,0.2999222883572585,0.125,5.992857142857143,280
traffic,speed_eps2.0,sample,2.0,8,3,16.0,2,4,0.0,4.807459362261104,0.09614918724522209,0.2999222883572585,0.125,5.992857142857143,280
traffic,speed_eps2.0,sample,2.0,8,4,,2,4,0.0,4.807459362261104,0.09614918724522209,0.2999222883572585,0.125,5.992857142857143,280
traffic,speed_eps2.0,sample,2.0,8,4,4.0,2,4,0.0,6.297749376980127,0.12595498753960255,0.4112452891581638,0.125,5.992857142857143,280
traffic,speed_eps2.0,sample,2.0,8,4,8.0,2,4,0.0,4.807459362261104,0.09614918724522209,0.2999222883572585,0.125,5.992857142857143,280
traffic,speed_eps2.0,sample,2.0,8,4,16.0,2,4,0.0,4.807459362261104,0.09614918724522209,0.2999222883572585,0.125,5.992857142857143,280
traffic,speed_eps2.0,sample,2.0,8,6,,2,4,0.0,4.807459362261104,0.09614918724522209,0.2999222883572585,0.125,5.992857142857143,280
traffic,speed_eps2.0,sample,2.0,8,6,8.0,2,4,0.0,4.807459362261104,0.09614918724522209,0.2999222883572585,0.125,5.992857142857143,280
traffic,speed_eps2.0,sample,2.0,8,6,16.0,2,4,0.0,4.807459362261104,0.09614918724522209,0.2999222883572585,0.125,5.992857142857143,280
traffic,speed_eps2.0,sample,2.0,8,1,,4,0,0.0,4.610264147501097,0.09220528295002194,0.13221570212249106,0.1267605633802817,5.943661971830986,142
traffic,speed_eps2.0,sample,2.0,8,1,4.0,4,0,0.0,5.550971045256848,0.11101942090513696,0.4545923902850167,0.1267605633802817,5.943661971830986,142
traffic,speed_eps2.0,sample,2.0,8,1,8.0,4,0,0.0,4.610264147501097,0.09220528295002194,0.13221570212249106,0.1267605633802817,5.943661971830986,142
traffic,speed_eps2.0,sample,2.0,8,1,16.0,4,0,0.0,4.610264147501097,0.09220528295002194,0.13221570212249106,0.1267605633802817,5.943661971830986,142
traffic,speed_eps2.0,sample,2.0,8,2,,4,0,0.0,4.610264147501097,0.09220528295002194,0.13221570212249106,0.1267605633802817,5.943661971830986,142
traffic,speed_eps2.0,sample,2.0,8,2,4.0,4,0,0.0,5.550971045256848,0.11101942090513696,0.4545923902850167,0.1267605633802817,5.943661971830986,142
traffic,speed_eps2.0,sample,2.0,8,2,8.0,4,0,0.0,4.610264147501097,0.09220528295002194,0.13221570212249106,0.1267605633802817,5.943661971830986,142
traffic,speed_eps2.0,sample,2.0,8,2,16.0,4,0,0.0,4.610264147501097,0.09220528295002194,0.13221570212249106,0.1267605633802817,5.943661971830986,142
traffic,speed_eps2.0,sample,2.0,8,3,,4,0,0.0,4.610264147501097,0.09220528295002194,0.13221570212249106,0.1267605633802817,5.943661971830986,142
traffic,speed_eps2.0,sample,2.0,8,3,4.0,4,0,0.0,5.550971045256848,0.11101942090513696,0.4545923902850167,0.1267605633802817,5.943661971830986,142
traffic,speed_eps2.0,sample,2.0,8,3,8.0,4,0,0.0,4.610264147501097,0.09220528295002194,0.13221570212249106,0.1267605633802817,5.943661971830986,142
traffic,speed_eps2.0,sample,2.0,8,3,16.0,4,0,0.0,4.610264147501097,0.09220528295002194,0.13221570212249106,0.1267605633802817,5.943661971830986,142
traffic,speed_eps2.0,sample,2.0,8,4,,4,0,0.0,4.610264147501097,0.09220528295002194,0.13221570212249106,0.1267605633802817,5.943661971830986,142
traffic,speed_eps2.0,sample,2.0,8,4,4.0,4,0,0.0,5.550971045256848,0.11101942090513696,0.4545923902850167,0.1267605633802817,5.943661971830986,142
traffic,speed_eps2.0,sample,2.0,8,4,8.0,4,0,0.0,4.610264147501097,0.09220528295002194,0.13221570212249106,0.1267605633802817,5.943661971830986,142
traffic,speed_eps2.0,sample,2.0,8,4,16.0,4,0,0.0,4.610264147501097,0.09220528295002194,0.13221570212249106,0.1267605633802817,5.943661971830986,142
traffic,speed_eps2.0,sample,2.0,8,6,,4,0,0.0,4.610264147501097,0.09220528295002194,0.13221570212249106,0.1267605633802817,5.943661971830986,142
traffic,speed_eps2.0,sample,2.0,8,6,8.0,4,0,0.0,4.610264147501097,0.09220528295002194,0.13221570212249106,0.1267605633802817,5.943661971830986,142
traffic,speed_eps2.0,sample,2.0,8,6,16.0,4,0,0.0,4.610264147501097,0.09220528295002194,0.13221570212249106,0.1267605633802817,5.943661971830986,142
traffic,speed_eps2.0,sample,2.0,8,1,,4,2,0.0,4.610264147501097,0.09220528295002194,0.13221570212249106,0.1267605633802817,5.943661971830986,142
traffic,speed_eps2.0,sample,2.0,8,1,4.0,4,2,0.0,5.550971045256848,0.11101942090513696,0.4545923902850167,0.1267605633802817,5.943661971830986,142
traffic,speed_eps2.0,sample,2.0,8,1,8.0,4,2,0.0,4.610264147501097,0.09220528295002194,0.13221570212249106,0.1267605633802817,5.943661971830986,142
traffic,speed_eps2.0,sample,2.0,8,1,16.0,4,2,0.0,4.610264147501097,0.09220528295002194,0.13221570212249106,0.1267605633802817,5.943661971830986,142
traffic,speed_eps2.0,sample,2.0,8,2,,4,2,0.0,4.610264147501097,0.09220528295002194,0.13221570212249106,0.1267605633802817,5.943661971830986,142
traffic,speed_eps2.0,sample,2.0,8,2,4.0,4,2,0.0,5.550971045256848,0.11101942090513696,0.4545923902850167,0.1267605633802817,5.943661971830986,142
traffic,speed_eps2.0,sample,2.0,8,2,8.0,4,2,0.0,4.610264147501097,0.09220528295002194,0.13221570212249106,0.1267605633802817,5.943661971830986,142
traffic,speed_eps2.0,sample,2.0,8,2,16.0,4,2,0.0,4.610264147501097,0.09220528295002194,0.13221570212249106,0.1267605633802817,5.943661971830986,142
traffic,speed_eps2.0,sample,2.0,8,3,,4,2,0.0,4.0820064955500195,0.08164012991100039,0.37362293653086337,0.12857142857142856,6.0,140
traffic,speed_eps2.0,sample,2.0,8,3,4.0,4,2,0.0,5.315728437428253,0.10631456874856506,0.3744105010756888,0.12857142857142856,6.0,140
traffic,speed_eps2.0,sample,2.0,8,3,8.0,4,2,0.0,4.0820064955500195,0.08164012991100039,0.37362293653086337,0.12857142857142856,6.0,140
traffic,speed_eps2.0,sample,2.0,8,3,16.0,4,2,0.0,4.0820064955500195,0.08164012991100039,0.37362293653086337,0.12857142857142856,6.0,140
traffic,speed_eps2.0,sample,2.0,8,4,,4,2,0.0,4.0820064955500195,0.08164012991100039,0.37362293653086337,0.12857142857142856,6.0,140
traffic,speed_eps2.0,sample,2.0,8,4,4.0,4,2,0.0,5.315728437428253,0.10631456874856506,0.3744105010756888,0.12857142857142856,6.0,140
traffic,speed_eps2.0,sample,2.0,8,4,8.0,4,2,0.0,4.0820064955500195,0.08164012991100039,0.37362293653086337,0.12857142857142856,6.0,140
traffic,speed_eps2.0,sample,2.0,8,4,16.0,4,2,0.0,4.0820064955500195,0.08164012991100039,0.37362293653086337,0.12857142857142856,6.0,140
traffic,speed_eps2.0,sample,2.0,8,6,,4,2,0.0,4.0820064955500195,0.08164012991100039,0.37362293653086337,0.12857142857142856,6.0,140
traffic,speed_eps2.0,sample,2.0,8,6,8.0,4,2,0.0,4.0820064955500195,0.08164012991100039,0.37362293653086337,0.12857142857142856,6.0,140
traffic,speed_eps2.0,sample,2.0,8,6,16.0,4,2,0.0,4.0820064955500195,0.08164012991100039,0.37362293653086337,0.12857142857142856,6.0,140
traffic,speed_eps2.0,sample,2.0,8,1,,4,4,0.0,4.610264147501097,0.09220528295002194,0.13221570212249106,0.1267605633802817,5.943661971830986,142
traffic,speed_eps2.0,sample,2.0,8,1,4.0,4,4,0.0,5.550971045256848,0.11101942090513696,0.4545923902850167,0.1267605633802817,5.943661971830986,142
traffic,speed_eps2.0,sample,2.0,8,1,8.0,4,4,0.0,4.610264147501097,0.09220528295002194,0.13221570212249106,0.1267605633802817,5.943661971830986,142
traffic,speed_eps2.0,sample,2.0,8,1,16.0,4,4,0.0,4.610264147501097,0.09220528295002194,0.13221570212249106,0.1267605633802817,5.943661971830986,142
traffic,speed_eps2.0,sample,2.0,8,2,,4,4,0.0,4.610264147501097,0.09220528295002194,0.13221570212249106,0.1267605633802817,5.943661971830986,142
traffic,speed_eps2.0,sample,2.0,8,2,4.0,4,4,0.0,5.550971045256848,0.11101942090513696,0.4545923902850167,0.1267605633802817,5.943661971830986,142
traffic,speed_eps2.0,sample,2.0,8,2,8.0,4,4,0.0,4.610264147501097,0.09220528295002194,0.13221570212249106,0.1267605633802817,5.943661971830986,142
traffic,speed_eps2.0,sample,2.0,8,2,16.0,4,4,0.0,4.610264147501097,0.09220528295002194,0.13221570212249106,0.1267605633802817,5.943661971830986,142
traffic,speed_eps2.0,sample,2.0,8,3,,4,4,0.0,4.0820064955500195,0.08164012991100039,0.37362293653086337,0.12857142857142856,6.0,140
traffic,speed_eps2.0,sample,2.0,8,3,4.0,4,4,0.0,5.315728437428253,0.10631456874856506,0.3744105010756888,0.12857142857142856,6.0,140
traffic,speed_eps2.0,sample,2.0,8,3,8.0,4,4,0.0,4.0820064955500195,0.08164012991100039,0.37362293653086337,0.12857142857142856,6.0,140
traffic,speed_eps2.0,sample,2.0,8,3,16.0,4,4,0.0,4.0820064955500195,0.08164012991100039,0.37362293653086337,0.12857142857142856,6.0,140
traffic,speed_eps2.0,sample,2.0,8,4,,4,4,0.0,4.0820064955500195,0.08164012991100039,0.37362293653086337,0.12857142857142856,6.0,140
traffic,speed_eps2.0,sample,2.0,8,4,4.0,4,4,0.0,5.315728437428253,0.10631456874856506,0.3744105010756888,0.12857142857142856,6.0,140
traffic,speed_eps2.0,sample,2.0,8,4,8.0,4,4,0.0,4.0820064955500195,0.08164012991100039,0.37362293653086337,0.12857142857142856,6.0,140
traffic,speed_eps2.0,sample,2.0,8,4,16.0,4,4,0.0,4.0820064955500195,0.08164012991100039,0.37362293653086337,0.12857142857142856,6.0,140
traffic,speed_eps2.0,sample,2.0,8,6,,4,4,0.0,4.0820064955500195,0.08164012991100039,0.37362293653086337,0.12857142857142856,6.0,140
traffic,speed_eps2.0,sample,2.0,8,6,8.0,4,4,0.0,4.0820064955500195,0.08164012991100039,0.37362293653086337,0.12857142857142856,6.0,140
traffic,speed_eps2.0,sample,2.0,8,6,16.0,4,4,0.0,4.0820064955500195,0.08164012991100039,0.37362293653086337,0.12857142857142856,6.0,140
traffic,speed_eps2.0,budget_distribution,2.0,8,1,,1,0,0.0,56.056342486297005,1.1211268497259401,0.21009555703041105,0.6355633802816901,5.926056338028169,568
traffic,speed_eps2.0,budget_distribution,2.0,8,1,4.0,1,0,0.0,81.70049836830295,1.6340099673660589,0.2181642307728956,0.6514084507042254,5.926056338028169,568
traffic,speed_eps2.0,budget_distribution,2.0,8,1,8.0,1,0,0.0,56.056342486297005,1.1211268497259401,0.21009555703041105,0.6355633802816901,5.926056338028169,568
traffic,speed_eps2.0,budget_distribution,2.0,8,1,16.0,1,0,0.0,56.056342486297005,1.1211268497259401,0.21009555703041105,0.6355633802816901,5.926056338028169,568
traffic,speed_eps2.0,budget_distribution,2.0,8,2,,1,0,0.0,56.056342486297005,1.1211268497259401,0.21009555703041105,0.6355633802816901,5.926056338028169,568
traffic,speed_eps2.0,budget_distribution,2.0,8,2,4.0,1,0,0.0,81.70049836830295,1.6340099673660589,0.2181642307728956,0.6514084507042254,5.926056338028169,568
traffic,speed_eps2.0,budget_distribution,2.0,8,2,8.0,1,0,0.0,56.056342486297005,1.1211268497259401,0.21009555703041105,0.6355633802816901,5.926056338028169,568
traffic,speed_eps2.0,budget_distribution,2.0,8,2,16.0,1,0,0.0,56.056342486297005,1.1211268497259401,0.21009555703041105,0.6355633802816901,5.926056338028169,568
traffic,speed_eps2.0,budget_distribution,2.0,8,3,,1,0,0.0,56.056342486297005,1.1211268497259401,0.21009555703041105,0.6355633802816901,5.926056338028169,568
traffic,speed_eps2.0,budget_distribution,2.0,8,3,4.0,1,0,0.0,81.70049836830295,1.6340099673660589,0.2181642307728956,0.6514084507042254,5.926056338028169,568
traffic,speed_eps2.0,budget_distribution,2.0,8,3,8.0,1,0,0.0,56.056342486297005,1.1211268497259401,0.21009555703041105,0.6355633802816901,5.926056338028169,568
traffic,speed_eps2.0,budget_distribution,2.0,8,3,16.0,1,0,0.0,56.056342486297005,1.1211268497259401,0.21009555703041105,0.6355633802816901,5.926056338028169,568
traffic,speed_eps2.0,budget_distribution,2.0,8,4,,1,0,0.0,56.056342486297005,1.1211268497259401,0.21009555703041105,0.6355633802816901,5.926056338028169,568
traffic,speed_eps2.0,budget_distribution,2.0,8,4,4.0,1,0,0.0,81.70049836830295,1.6340099673660589,0.2181642307728956,0.6514084507042254,5.926056338028169,568
traffic,speed_eps2.0,budget_distribution,2.0,8,4,8.0,1,0,0.0,56.056342486297005,1.1211268497259401,0.21009555703041105,0.6355633802816901,5.926056338028169,568
traffic,speed_eps2.0,budget_distribution,2.0,8,4,16.0,1,0,0.0,56.056342486297005,1.1211268497259401,0.21009555703041105,0.6355633802816901,5.926056338028169,568
traffic,speed_eps2.0,budget_distribution,2.0,8,6,,1,0,0.0,56.056342486297005,1.1211268497259401,0.21009555703041105,0.6355633802816901,5.926056338028169,568
traffic,speed_eps2.0,budget_distribution,2.0,8,6,8.0,1,0,0.0,56.056342486297005,1.1211268497259401,0.21009555703041105,0.6355633802816901,5.926056338028169,568
traffic,speed_eps2.0,budget_distribution,2.0,8,6,16.0,1,0,0.0,56.056342486297005,1.1211268497259401,0.21009555703041105,0.6355633802816901,5.926056338028169,568
traffic,speed_eps2.0,budget_distribution,2.0,8,1,,1,2,0.0,56.056342486297005,1.1211268497259401,0.21009555703041105,0.6355633802816901,5.926056338028169,568
traffic,speed_eps2.0,budget_distribution,2.0,8,1,4.0,1,2,0.0,81.70049836830295,1.6340099673660589,0.2181642307728956,0.6514084507042254,5.926056338028169,568
traffic,speed_eps2.0,budget_distribution,2.0,8,1,8.0,1,2,0.0,56.056342486297005,1.1211268497259401,0.21009555703041105,0.6355633802816901,5.926056338028169,568
traffic,speed_eps2.0,budget_distribution,2.0,8,1,16.0,1,2,0.0,56.056342486297005,1.1211268497259401,0.21009555703041105,0.6355633802816901,5.926056338028169,568
traffic,speed_eps2.0,budget_distribution,2.0,8,2,,1,2,0.0,56.056342486297005,1.1211268497259401,0.21009555703041105,0.6355633802816901,5.926056338028169,568
traffic,speed_eps2.0,budget_distribution,2.0,8,2,4.0,1,2,0.0,81.70049836830295,1.6340099673660589,0.2181642307728956,0.6514084507042254,5.926056338028169,568
traffic,speed_eps2.0,budget_distribution,2.0,8,2,8.0,1,2,0.0,56.056342486297005,1.1211268497259401,0.21009555703041105,0.6355633802816901,5.926056338028169,568
traffic,speed_eps2.0,budget_distribution,2.0,8,2,16.0,1,2,0.0,56.056342486297005,1.1211268497259401,0.21009555703041105,0.6355633802816901,5.926056338028169,568
traffic,speed_eps2.0,budget_distribution,2.0,8,3,,1,2,0.0,51.745930953704644,1.0349186190740929,0.33840979629132883,0.6298932384341637,5.967971530249111,562
traffic,speed_eps2.0,budget_distribution,2.0,8,3,4.0,1,2,0.0,77.10890506457525,1.542178101291505,0.39355106116542565,0.6405693950177936,5.967971530249111,562
traffic,speed_eps2.0,budget_distribution,2.0,8,3,8.0,1,2,0.0,51.745930953704644,1.0349186190740929,0.33840979629132883,0.6298932384341637,5.967971530249111,562
traffic,speed_eps2.0,budget_distribution,2.0,8,3,16.0,1,2,0.0,51.745930953704644,1.0349186190740929,0.33840979629132883,0.6298932384341637,5.967971530249111,562
traffic,speed_eps2.0,budget_distribution,2.0,8,4,,1,2,0.0,51.745930953704644,1.0349186190740929,0.33840979629132883,0.6298932384341637,5.967971530249111,562
traffic,speed_eps2.0,budget_distribution,2.0,8,4,4.0,1,2,0.0,77.10890506457525,1.542178101291505,0.39355106116542565,0.6405693950177936,5.967971530249111,562
traffic,speed_eps2.0,budget_distribution,2.0,8,4,8.0,1,2,0.0,51.745930953704644,1.0349186190740929,0.33840979629132883,0.6298932384341637,5.967971530249111,562
traffic,speed_eps2.0,budget_distribution,2.0,8,4,16.0,1,2,0.0,51.745930953704644,1.0349186190740929,0.33840979629132883,0.6298932384341637,5.967971530249111,562
traffic,speed_eps2.0,budget_distribution,2.0,8,6,,1,2,0.0,51.895665691423936,1.0379133138284786,0.33987488584768144,0.6303571428571428,5.975,560
traffic,speed_eps2.0,budget_distribution,2.0,8,6,8.0,1,2,0.0,51.895665691423936,1.0379133138284786,0.33987488584768144,0.6303571428571428,5.975,560
traffic,speed_eps2.0,budget_distribution,2.0,8,6,16.0,1,2,0.0,51.895665691423936,1.0379133138284786,0.33987488584768144,0.6303571428571428,5.975,560
traffic,speed_eps2.0,budget_distribution,2.0,8,1,,1,4,0.0,56.056342486297005,1.1211268497259401,0.21009555703041105,0.6355633802816901,5.926056338028169,568
traffic,speed_eps2.0,budget_distribution,2.0,8,1,4.0,1,4,0.0,81.70049836830295,1.6340099673660589,0.2181642307728956,0.6514084507042254,5.926056338028169,568
traffic,speed_eps2.0,budget_distribution,2.0,8,1,8.0,1,4,0.0,56.056342486297005,1.1211268497259401,0.21009555703041105,0.6355633802816901,5.926056338028169,568
traffic,speed_eps2.0,budget_distribution,2.0,8,1,16.0,1,4,0.0,56.056342486297005,1.1211268497259401,0.21009555703041105,0.6355633802816901,5.926056338028169,568
traffic,speed_eps2.0,budget_distribution,2.0,8,2,,1,4,0.0,56.056342486297005,1.1211268497259401,0.21009555703041105,0.6355633802816901,5.926056338028169,568
traffic,speed_eps2.0,budget_distribution,2.0,8,2,4.0,1,4,0.0,81.70049836830295,1.6340099673660589,0.2181642307728956,0.6514084507042254,5.926056338028169,568
traffic,speed_eps2.0,budget_distribution,2.0,8,2,8.0,1,4,0.0,56.056342486297005,1.1211268497259401,0.21009555703041105,0.6355633802816901,5.926056338028169,568
traffic,speed_eps2.0,budget_distribution,2.0,8,2,16.0,1,4,0.0,56.056342486297005,1.1211268497259401,0.21009555703041105,0.6355633802816901,5.926056338028169,568
traffic,speed_eps2.0,budget_distribution,2.0,8,3,,1,4,0.0,51.44674860707927,1.0289349721415855,0.36754577764861496,0.6267857142857143,5.982142857142857,560
traffic,speed_eps2.0,budget_distribution,2.0,8,3,4.0,1,4,0.0,76.26039317249493,1.5252078634498987,0.39036930332338404,0.6464285714285715,5.982142857142857,560
traffic,speed_eps2.0,budget_distribution,2.0,8,3,8.0,1,4,0.0,51.44674860707927,1.0289349721415855,0.36754577764861496,0.6267857142857143,5.982142857142857,560
traffic,speed_eps2.0,budget_distribution,2.0,8,3,16.0,1,4,0.0,51.44674860707927,1.0289349721415855,0.36754577764861496,0.6267857142857143,5.982142857142857,560
traffic,speed_eps2.0,budget_distribution,2.0,8,4,,1,4,0.0,51.44674860707927,1.0289349721415855,0.36754577764861496,0.6267857142857143,5.982142857142857,560
traffic,speed_eps2.0,budget_distribution,2.0,8,4,4.0,1,4,0.0,76.26039317249493,1.5252078634498987,0.39036930332338404,0.6464285714285715,5.982142857142857,560
traffic,speed_eps2.0,budget_distribution,2.0,8,4,8.0,1,4,0.0,51.44674860707927,1.0289349721415855,0.36754577764861496,0.6267857142857143,5.982142857142857,560
traffic,speed_eps2.0,budget_distribution,2.0,8,4,16.0,1,4,0.0,51.44674860707927,1.0289349721415855,0.36754577764861496,0.6267857142857143,5.982142857142857,560
traffic,speed_eps2.0,budget_distribution,2.0,8,6,,1,4,0.0,51.31782118316798,1.0263564236633596,0.36393769284542327,0.6254480286738351,5.989247311827957,558
traffic,speed_eps2.0,budget_distribution,2.0,8,6,8.0,1,4,0.0,51.31782118316798,1.0263564236633596,0.36393769284542327,0.6254480286738351,5.989247311827957,558
traffic,speed_eps2.0,budget_distribution,2.0,8,6,16.0,1,4,0.0,51.31782118316798,1.0263564236633596,0.36393769284542327,0.6254480286738351,5.989247311827957,558
traffic,speed_eps2.0,budget_distribution,2.0,8,1,,2,0,0.0,46.91974464385884,0.9383948928771768,0.6083657227593842,0.5985915492957746,5.936619718309859,284
traffic,speed_eps2.0,budget_distribution,2.0,8,1,4.0,2,0,0.0,69.94546470049376,1.398909294009875,0.6121597772558239,0.6161971830985915,5.936619718309859,284
traffic,speed_eps2.0,budget_distribution,2.0,8,1,8.0,2,0,0.0,46.91974464385884,0.9383948928771768,0.6083657227593842,0.5985915492957746,5.936619718309859,284
traffic,speed_eps2.0,budget_distribution,2.0,8,1,16.0,2,0,0.0,46.91974464385884,0.9383948928771768,0.6083657227593842,0.5985915492957746,5.936619718309859,284
traffic,speed_eps2.0,budget_distribution,2.0,8,2,,2,0,0.0,46.91974464385884,0.9383948928771768,0.6083657227593842,0.5985915492957746,5.936619718309859,284
traffic,speed_eps2.0,budget_distribution,2.0,8,2,4.0,2,0,0.0,69.94546470049376,1.398909294009875,0.6121597772558239,0.6161971830985915,5.936619718309859,284
traffic,speed_eps2.0,budget_distribution,2.0,8,2,8.0,2,0,0.0,46.91974464385884,0.9383948928771768,0.6083657227593842,0.5985915492957746,5.936619718309859,284
traffic,speed_eps2.0,budget_distribution,2.0,8,2,16.0,2,0,0.0,46.91974464385884,0.9383948928771768,0.6083657227593842,0.5985915492957746,5.936619718309859,284
traffic,speed_eps2.0,budget_distribution,2.0,8,3,,2,0,0.0,46.91974464385884,0.9383948928771768,0.6083657227593842,0.5985915492957746,5.936619718309859,284
traffic,speed_eps2.0,budget_distribution,2.0,8,3,4.0,2,0,0.0,69.94546470049376,1.398909294009875,0.6121597772558239,0.6161971830985915,5.936619718309859,284
traffic,speed_eps2.0,budget_distribution,2.0,8,3,8.0,2,0,0.0,46.91974464385884,0.9383948928771768,0.6083657227593842,0.5985915492957746,5.936619718309859,284
traffic,speed_eps2.0,budget_distribution,2.0,8,3,16.0,2,0,0.0,46.91974464385884,0.9383948928771768,0.6083657227593842,0.5985915492957746,5.936619718309859,284
traffic,speed_eps2.0,budget_distribution,2.0,8,4,,2,0,0.0,46.91974464385884,0.9383948928771768,0.6083657227593842,0.5985915492957746,5.936619718309859,284
traffic,speed_eps2.0,budget_distribution,2.0,8,4,4.0,2,0,0.0,69.94546470049376,1.398909294009875,0.6121597772558239,0.6161971830985915,5.936619718309859,284
traffic,speed_eps2.0,budget_distribution,2.0,8,4,8.0,2,0,0.0,46.91974464385884,0.9383948928771768,0.6083657227593842,0.5985915492957746,5.936619718309859,284
traffic,speed_eps2.0,budget_distribution,2.0,8,4,16.0,2,0,0.0,46.91974464385884,0.9383948928771768,0.6083657227593842,0.5985915492957746,5.936619718309859,284
traffic,speed_eps2.0,budget_distribution,2.0,8,6,,2,0,0.0,46.91974464385884,0.9383948928771768,0.6083657227593842,0.5985915492957746,5.936619718309859,284
traffic,speed_eps2.0,budget_distribution,2.0,8,6,8.0,2,0,0.0,46.91974464385884,0.9383948928771768,0.6083657227593842,0.5985915492957746,5.936619718309859,284
traffic,speed_eps2.0,budget_distribution,2.0,8,6,16.0,2,0,0.0,46.91974464385884,0.9383948928771768,0.6083657227593842,0.5985915492957746,5.936619718309859,284
traffic,speed_eps2.0,budget_distribution,2.0,8,1,,2,2,0.0,46.91974464385884,0.9383948928771768,0.6083657227593842,0.5985915492957746,5.936619718309859,284
traffic,speed_eps2.0,budget_distribution,2.0,8,1,4.0,2,2,0.0,69.94546470049376,1.398909294009875,0.6121597772558239,0.6161971830985915,5.936619718309859,284
traffic,speed_eps2.0,budget_distribution,2.0,8,1,8.0,2,2,0.0,46.91974464385884,0.9383948928771768,0.6083657227593842,0.5985915492957746,5.936619718309859,284
traffic,speed_eps2.0,budget_distribution,2.0,8,1,16.0,2,2,0.0,46.91974464385884,0.9383948928771768,0.6083657227593842,0.5985915492957746,5.936619718309859,284
traffic,speed_eps2.0,budget_distribution,2.0,8,2,,2,2,0.0,46.91974464385884,0.9383948928771768,0.6083657227593842,0.5985915492957746,5.936619718309859,284
traffic,speed_eps2.0,budget_distribution,2.0,8,2,4.0,2,2,0.0,69.94546470049376,1.398909294009875,0.6121597772558239,0.6161971830985915,5.936619718309859,284
traffic,speed_eps2.0,budget_distribution,2.0,8,2,8.0,2,2,0.0,46.91974464385884,0.9383948928771768,0.6083657227593842,0.5985915492957746,5.936619718309859,284
traffic,speed_eps2.0,budget_distribution,2.0,8,2,16.0,2,2,0.0,46.91974464385884,0.9383948928771768,0.6083657227593842,0.5985915492957746,5.936619718309859,284
traffic,speed_eps2.0,budget_distribution,2.0,8,3,,2,2,0.0,47.12589721265158,0.9425179442530316,0.6905713586521246,0.608540925266904,5.9786476868327405,281
traffic,speed_eps2.0,budget_distribution,2.0,8,3,4.0,2,2,0.0,67.6614270256697,1.353228540513394,0.6426205849818837,0.608540925266904,5.9786476868327405,281
traffic,speed_eps2.0,budget_distribution,2.0,8,3,8.0,2,2,0.0,47.12589721265158,0.9425179442530316,0.6905713586521246,0.608540925266904,5.9786476868327405,281
traffic,speed_eps2.0,budget_distribution,2.0,8,3,16.0,2,2,0.0,47.12589721265158,0.9425179442530316,0.6905713586521246,0.608540925266904,5.9786476868327405,281
traffic,speed_eps2.0,budget_distribution,2.0,8,4,,2,2,0.0,47.12589721265158,0.9425179442530316,0.6905713586521246,0.608540925266904,5.9786476868327405,281
traffic,speed_eps2.0,budget_distribution,2.0,8,4,4.0,2,2,0.0,67.6614270256697,1.353228540513394,0.6426205849818837,0.608540925266904,5.9786476868327405,281
traffic,speed_eps2.0,budget_distribution,2.0,8,4,8.0,2,2,0.0,47.12589721265158,0.9425179442530316,0.6905713586521246,0.608540925266904,5.9786476868327405,281
traffic,speed_eps2.0,budget_distribution,2.0,8,4,16.0,2,2,0.0,47.12589721265158,0.9425179442530316,0.6905713586521246,0.608540925266904,5.9786476868327405,281
traffic,speed_eps2.0,budget_distribution,2.0,8,6,,2,2,0.0,47.12589721265158,0.9425179442530316,0.6905713586521246,0.608540925266904,5.9786476868327405,281
traffic,speed_eps2.0,budget_distribution,2.0,8,6,8.0,2,2,0.0,47.12589721265158,0.9425179442530316,0.6905713586521246,0.608540925266904,5.9786476868327405,281
traffic,speed_eps2.0,budget_distribution,2.0,8,6,16.0,2,2,0.0,47.12589721265158,0.9425179442530316,0.6905713586521246,0.608540925266904,5.9786476868327405,281
traffic,speed_eps2.0,budget_distribution,2.0,8,1,,2,4,0.0,46.91974464385884,0.9383948928771768,0.6083657227593842,0.5985915492957746,5.936619718309859,284
traffic,speed_eps2.0,budget_distribution,2.0,8,1,4.0,2,4,0.0,69.94546470049376,1.398909294009875,0.6121597772558239,0.6161971830985915,5.936619718309859,284
traffic,speed_eps2.0,budget_distribution,2.0,8,1,8.0,2,4,0.0,46.91974464385884,0.9383948928771768,0.6083657227593842,0.5985915492957746,5.936619718309859,284
traffic,speed_eps2.0,budget_distribution,2.0,8,1,16.0,2,4,0.0,46.91974464385884,0.9383948928771768,0.6083657227593842,0.5985915492957746,5.936619718309859,284
traffic,speed_eps2.0,budget_distribution,2.0,8,2,,2,4,0.0,46.91974464385884,0.9383948928771768,0.6083657227593842,0.5985915492957746,5.936619718309859,284
traffic,speed_eps2.0,budget_distribution,2.0,8,2,4.0,2,4,0.0,69.94546470049376,1.398909294009875,0.6121597772558239,0.6161971830985915,5.936619718309859,284
traffic,speed_eps2.0,budget_distribution,2.0,8,2,8.0,2,4,0.0,46.91974464385884,0.9383948928771768,0.6083657227593842,0.5985915492957746,5.936619718309859,284
traffic,speed_eps2.0,budget_distribution,2.0,8,2,16.0,2,4,0.0,46.91974464385884,0.9383948928771768,0.6083657227593842,0.5985915492957746,5.936619718309859,284
traffic,speed_eps2.0,budget_distribution,2.0,8,3,,2,4,0.0,45.64555276898515,0.912911055379703,0.4849114381519289,0.6107142857142858,5.992857142857143,280
traffic,speed_eps2.0,budget_distribution,2.0,8,3,4.0,2,4,0.0,68.27370440995213,1.3654740881990426,0.6392178115610587,0.6142857142857143,5.992857142857143,280
traffic,speed_eps2.0,budget_distribution,2.0,8,3,8.0,2,4,0.0,45.64555276898515,0.912911055379703,0.4849114381519289,0.6107142857142858,5.992857142857143,280
traffic,speed_eps2.0,budget_distribution,2.0,8,3,16.0,2,4,0.0,45.64555276898515,0.912911055379703,0.4849114381519289,0.6107142857142858,5.992857142857143,280
traffic,speed_eps2.0,budget_distribution,2.0,8,4,,2,4,0.0,45.64555276898515,0.912911055379703,0.4849114381519289,0.6107142857142858,5.992857142857143,280
traffic,speed_eps2.0,budget_distribution,2.0,8,4,4.0,2,4,0.0,68.27370440995213,1.3654740881990426,0.6392178115610587,0.6142857142857143,5.992857142857143,280
traffic,speed_eps2.0,budget_distribution,2.0,8,4,8.0,2,4,0.0,45.64555276898515,0.912911055379703,0.4849114381519289,0.6107142857142858,5.992857142857143,280
traffic,speed_eps2.0,budget_distribution,2.0,8,4,16.0,2,4,0.0,45.64555276898515,0.912911055379703,0.4849114381519289,0.6107142857142858,5.992857142857143,280
traffic,speed_eps2.0,budget_distribution,2.0,8,6,,2,4,0.0,45.64555276898515,0.912911055379703,0.4849114381519289,0.6107142857142858,5.992857142857143,280
traffic,speed_eps2.0,budget_distribution,2.0,8,6,8.0,2,4,0.0,45.64555276898515,0.912911055379703,0.4849114381519289,0.6107142857142858,5.992857142857143,280
traffic,speed_eps2.0,budget_distribution,2.0,8,6,16.0,2,4,0.0,45.64555276898515,0.912911055379703,0.4849114381519289,0.6107142857142858,5.992857142857143,280
traffic,speed_eps2.0,budget_distribution,2.0,8,1,,4,0,0.0,60.97988545049833,1.2195977090099666,0.46868077918571543,0.6901408450704225,5.943661971830986,142
traffic,speed_eps2.0,budget_distribution,2.0,8,1,4.0,4,0,0.0,89.42822610690804,1.7885645221381608,0.6211686209298992,0.6901408450704225,5.943661971830986,142
traffic,speed_eps2.0,budget_distribution,2.0,8,1,8.0,4,0,0.0,60.97988545049833,1.2195977090099666,0.46868077918571543,0.6901408450704225,5.943661971830986,142
traffic,speed_eps2.0,budget_distribution,2.0,8,1,16.0,4,0,0.0,60.97988545049833,1.2195977090099666,0.46868077918571543,0.6901408450704225,5.943661971830986,142
traffic,speed_eps2.0,budget_distribution,2.0,8,2,,4,0,0.0,60.97988545049833,1.2195977090099666,0.46868077918571543,0.6901408450704225,5.943661971830986,142
traffic,speed_eps2.0,budget_distribution,2.0,8,2,4.0,4,0,0.0,89.42822610690804,1.7885645221381608,0.6211686209298992,0.6901408450704225,5.943661971830986,142
traffic,speed_eps2.0,budget_distribution,2.0,8,2,8.0,4,0,0.0,60.97988545049833,1.2195977090099666,0.46868077918571543,0.6901408450704225,5.943661971830986,142
traffic,speed_eps2.0,budget_distribution,2.0,8,2,16.0,4,0,0.0,60.97988545049833,1.2195977090099666,0.46868077918571543,0.6901408450704225,5.943661971830986,142
traffic,speed_eps2.0,budget_distribution,2.0,8,3,,4,0,0.0,60.97988545049833,1.2195977090099666,0.46868077918571543,0.6901408450704225,5.943661971830986,142
traffic,speed_eps2.0,budget_distribution,2.0,8,3,4.0,4,0,0.0,89.42822610690804,1.7885645221381608,0.6211686209298992,0.6901408450704225,5.943661971830986,142
traffic,speed_eps2.0,budget_distribution,2.0,8,3,8.0,4,0,0.0,60.97988545049833,1.2195977090099666,0.46868077918571543,0.6901408450704225,5.943661971830986,142
traffic,speed_eps2.0,budget_distribution,2.0,8,3,16.0,4,0,0.0,60.97988545049833,1.2195977090099666,0.46868077918571543,0.6901408450704225,5.943661971830986,142
traffic,speed_eps2.0,budget_distribution,2.0,8,4,,4,0,0.0,60.97988545049833,1.2195977090099666,0.46868077918571543,0.6901408450704225,5.943661971830986,142
traffic,speed_eps2.0,budget_distribution,2.0,8,4,4.0,4,0,0.0,89.42822610690804,1.7885645221381608,0.6211686209298992,0.6901408450704225,5.943661971830986,142
traffic,speed_eps2.0,budget_distribution,2.0,8,4,8.0,4,0,0.0,60.97988545049833,1.2195977090099666,0.46868077918571543,0.6901408450704225,5.943661971830986,142
traffic,speed_eps2.0,budget_distribution,2.0,8,4,16.0,4,0,0.0,60.97988545049833,1.2195977090099666,0.46868077918571543,0.6901408450704225,5.943661971830986,142
traffic,speed_eps2.0,budget_distribution,2.0,8,6,,4,0,0.0,60.97988545049833,1.2195977090099666,0.46868077918571543,0.6901408450704225,5.943661971830986,142
traffic,speed_eps2.0,budget_distribution,2.0,8,6,8.0,4,0,0.0,60.97988545049833,1.2195977090099666,0.46868077918571543,0.6901408450704225,5.943661971830986,142
traffic,speed_eps2.0,budget_distribution,2.0,8,6,16.0,4,0,0.0,60.97988545049833,1.2195977090099666,0.46868077918571543,0.6901408450704225,5.943661971830986,142
traffic,speed_eps2.0,budget_distribution,2.0,8,1,,4,2,0.0,60.97988545049833,1.2195977090099666,0.46868077918571543,0.6901408450704225,5.943661971830986,142
traffic,speed_eps2.0,budget_distribution,2.0,8,1,4.0,4,2,0.0,89.42822610690804,1.7885645221381608,0.6211686209298992,0.6901408450704225,5.943661971830986,142
traffic,speed_eps2.0,budget_distribution,2.0,8,1,8.0,4,2,0.0,60.97988545049833,1.2195977090099666,0.46868077918571543,0.6901408450704225,5.943661971830986,142
traffic,speed_eps2.0,budget_distribution,2.0,8,1,16.0,4,2,0.0,60.97988545049833,1.2195977090099666,0.46868077918571543,0.6901408450704225,5.943661971830986,142
traffic,speed_eps2.0,budget_distribution,2.0,8,2,,4,2,0.0,60.97988545049833,1.2195977090099666,0.46868077918571543,0.6901408450704225,5.943661971830986,142
traffic,speed_eps2.0,budget_distribution,2.0,8,2,4.0,4,2,0.0,89.42822610690804,1.7885645221381608,0.6211686209298992,0.6901408450704225,5.943661971830986,142
traffic,speed_eps2.0,budget_distribution,2.0,8,2,8.0,4,2,0.0,60.97988545049833,1.2195977090099666,0.46868077918571543,0.6901408450704225,5.943661971830986,142
traffic,speed_eps2.0,budget_distribution,2.0,8,2,16.0,4,2,0.0,60.97988545049833,1.2195977090099666,0.46868077918571543,0.6901408450704225,5.943661971830986,142
traffic,speed_eps2.0,budget_distribution,2.0,8,3,,4,2,0.0,49.65488718468623,0.9930977436937246,0.5724227767152409,0.6285714285714286,6.0,140
traffic,speed_eps2.0,budget_distribution,2.0,8,3,4.0,4,2,0.0,79.08910576763434,1.5817821153526868,0.5976118221224366,0.6428571428571429,6.0,140
traffic,speed_eps2.0,budget_distribution,2.0,8,3,8.0,4,2,0.0,49.65488718468623,0.9930977436937246,0.5724227767152409,0.6285714285714286,6.0,140
traffic,speed_eps2.0,budget_distribution,2.0,8,3,16.0,4,2,0.0,49.65488718468623,0.9930977436937246,0.5724227767152409,0.6285714285714286,6.0,140
traffic,speed_eps2.0,budget_distribution,2.0,8,4,,4,2,0.0,49.65488718468623,0.9930977436937246,0.5724227767152409,0.6285714285714286,6.0,140
traffic,speed_eps2.0,budget_distribution,2.0,8,4,4.0,4,2,0.0,79.08910576763434,1.5817821153526868,0.5976118221224366,0.6428571428571429,6.0,140
traffic,speed_eps2.0,budget_distribution,2.0,8,4,8.0,4,2,0.0,49.65488718468623,0.9930977436937246,0.5724227767152409,0.6285714285714286,6.0,140
traffic,speed_eps2.0,budget_distribution,2.0,8,4,16.0,4,2,0.0,49.65488718468623,0.9930977436937246,0.5724227767152409,0.6285714285714286,6.0,140
traffic,speed_eps2.0,budget_distribution,2.0,8,6,,4,2,0.0,49.65488718468623,0.9930977436937246,0.5724227767152409,0.6285714285714286,6.0,140
traffic,speed_eps2.0,budget_distribution,2.0,8,6,8.0,4,2,0.0,49.65488718468623,0.9930977436937246,0.5724227767152409,0.6285714285714286,6.0,140
traffic,speed_eps2.0,budget_distribution,2.0,8,6,16.0,4,2,0.0,49.65488718468623,0.9930977436937246,0.5724227767152409,0.6285714285714286,6.0,140
traffic,speed_eps2.0,budget_distribution,2.0,8,1,,4,4,0.0,60.97988545049833,1.2195977090099666,0.46868077918571543,0.6901408450704225,5.943661971830986,142
traffic,speed_eps2.0,budget_distribution,2.0,8,1,4.0,4,4,0.0,89.42822610690804,1.7885645221381608,0.6211686209298992,0.6901408450704225,5.943661971830986,142
traffic,speed_eps2.0,budget_distribution,2.0,8,1,8.0,4,4,0.0,60.97988545049833,1.2195977090099666,0.46868077918571543,0.6901408450704225,5.943661971830986,142
traffic,speed_eps2.0,budget_distribution,2.0,8,1,16.0,4,4,0.0,60.97988545049833,1.2195977090099666,0.46868077918571543,0.6901408450704225,5.943661971830986,142
traffic,speed_eps2.0,budget_distribution,2.0,8,2,,4,4,0.0,60.97988545049833,1.2195977090099666,0.46868077918571543,0.6901408450704225,5.943661971830986,142
traffic,speed_eps2.0,budget_distribution,2.0,8,2,4.0,4,4,0.0,89.42822610690804,1.7885645221381608,0.6211686209298992,0.6901408450704225,5.943661971830986,142
traffic,speed_eps2.0,budget_distribution,2.0,8,2,8.0,4,4,0.0,60.97988545049833,1.2195977090099666,0.46868077918571543,0.6901408450704225,5.943661971830986,142
traffic,speed_eps2.0,budget_distribution,2.0,8,2,16.0,4,4,0.0,60.97988545049833,1.2195977090099666,0.46868077918571543,0.6901408450704225,5.943661971830986,142
traffic,speed_eps2.0,budget_distribution,2.0,8,3,,4,4,0.0,49.65488718468623,0.9930977436937246,0.5724227767152409,0.6285714285714286,6.0,140
traffic,speed_eps2.0,budget_distribution,2.0,8,3,4.0,4,4,0.0,79.08910576763434,1.5817821153526868,0.5976118221224366,0.6428571428571429,6.0,140
traffic,speed_eps2.0,budget_distribution,2.0,8,3,8.0,4,4,0.0,49.65488718468623,0.9930977436937246,0.5724227767152409,0.6285714285714286,6.0,140
traffic,speed_eps2.0,budget_distribution,2.0,8,3,16.0,4,4,0.0,49.65488718468623,0.9930977436937246,0.5724227767152409,0.6285714285714286,6.0,140
traffic,speed_eps2.0,budget_distribution,2.0,8,4,,4,4,0.0,49.65488718468623,0.9930977436937246,0.5724227767152409,0.6285714285714286,6.0,140
traffic,speed_eps2.0,budget_distribution,2.0,8,4,4.0,4,4,0.0,79.08910576763434,1.5817821153526868,0.5976118221224366,0.6428571428571429,6.0,140
traffic,speed_eps2.0,budget_distribution,2.0,8,4,8.0,4,4,0.0,49.65488718468623,0.9930977436937246,0.5724227767152409,0.6285714285714286,6.0,140
traffic,speed_eps2.0,budget_distribution,2.0,8,4,16.0,4,4,0.0,49.65488718468623,0.9930977436937246,0.5724227767152409,0.6285714285714286,6.0,140
traffic,speed_eps2.0,budget_distribution,2.0,8,6,,4,4,0.0,49.65488718468623,0.9930977436937246,0.5724227767152409,0.6285714285714286,6.0,140
traffic,speed_eps2.0,budget_distribution,2.0,8,6,8.0,4,4,0.0,49.65488718468623,0.9930977436937246,0.5724227767152409,0.6285714285714286,6.0,140
traffic,speed_eps2.0,budget_distribution,2.0,8,6,16.0,4,4,0.0,49.65488718468623,0.9930977436937246,0.5724227767152409,0.6285714285714286,6.0,140
traffic,speed_eps2.0,budget_absorption,2.0,8,1,,1,0,0.0,43.25111912828897,0.8650223825657793,0.4021806496603139,0.5070422535211268,5.926056338028169,568
traffic,speed_eps2.0,budget_absorption,2.0,8,1,4.0,1,0,0.0,64.2739363961256,1.2854787279225122,0.42146589127968304,0.5193661971830986,5.926056338028169,568
traffic,speed_eps2.0,budget_absorption,2.0,8,1,8.0,1,0,0.0,43.25111912828897,0.8650223825657793,0.4021806496603139,0.5070422535211268,5.926056338028169,568
traffic,speed_eps2.0,budget_absorption,2.0,8,1,16.0,1,0,0.0,43.25111912828897,0.8650223825657793,0.4021806496603139,0.5070422535211268,5.926056338028169,568
traffic,speed_eps2.0,budget_absorption,2.0,8,2,,1,0,0.0,43.25111912828897,0.8650223825657793,0.4021806496603139,0.5070422535211268,5.926056338028169,568
traffic,speed_eps2.0,budget_absorption,2.0,8,2,4.0,1,0,0.0,64.2739363961256,1.2854787279225122,0.42146589127968304,0.5193661971830986,5.926056338028169,568
traffic,speed_eps2.0,budget_absorption,2.0,8,2,8.0,1,0,0.0,43.25111912828897,0.8650223825657793,0.4021806496603139,0.5070422535211268,5.926056338028169,568
traffic,speed_eps2.0,budget_absorption,2.0,8,2,16.0,1,0,0.0,43.25111912828897,0.8650223825657793,0.4021806496603139,0.5070422535211268,5.926056338028169,568
traffic,speed_eps2.0,budget_absorption,2.0,8,3,,1,0,0.0,43.25111912828897,0.8650223825657793,0.4021806496603139,0.5070422535211268,5.926056338028169,568
traffic,speed_eps2.0,budget_absorption,2.0,8,3,4.0,1,0,0.0,64.2739363961256,1.2854787279225122,0.42146589127968304,0.5193661971830986,5.926056338028169,568
traffic,speed_eps2.0,budget_absorption,2.0,8,3,8.0,1,0,0.0,43.25111912828897,0.8650223825657793,0.4021806496603139,0.5070422535211268,5.926056338028169,568
traffic,speed_eps2.0,budget_absorption,2.0,8,3,16.0,1,0,0.0,43.25111912828897,0.8650223825657793,0.4021806496603139,0.5070422535211268,5.926056338028169,568
traffic,speed_eps2.0,budget_absorption,2.0,8,4,,1,0,0.0,43.25111912828897,0.8650223825657793,0.4021806496603139,0.5070422535211268,5.926056338028169,568
traffic,speed_eps2.0,budget_absorption,2.0,8,4,4.0,1,0,0.0,64.2739363961256,1.2854787279225122,0.42146589127968304,0.5193661971830986,5.926056338028169,568
traffic,speed_eps2.0,budget_absorption,2.0,8,4,8.0,1,0,0.0,43.25111912828897,0.8650223825657793,0.4021806496603139,0.5070422535211268,5.926056338028169,568
traffic,speed_eps2.0,budget_absorption,2.0,8,4,16.0,1,0,0.0,43.25111912828897,0.8650223825657793,0.4021806496603139,0.5070422535211268,5.926056338028169,568
traffic,speed_eps2.0,budget_absorption,2.0,8,6,,1,0,0.0,43.25111912828897,0.8650223825657793,0.4021806496603139,0.5070422535211268,5.926056338028169,568
traffic,speed_eps2.0,budget_absorption,2.0,8,6,8.0,1,0,0.0,43.25111912828897,0.8650223825657793,0.4021806496603139,0.5070422535211268,5.926056338028169,568
traffic,speed_eps2.0,budget_absorption,2.0,8,6,16.0,1,0,0.0,43.25111912828897,0.8650223825657793,0.4021806496603139,0.5070422535211268,5.926056338028169,568
traffic,speed_eps2.0,budget_absorption,2.0,8,1,,1,2,0.0,43.25111912828897,0.8650223825657793,0.4021806496603139,0.5070422535211268,5.926056338028169,568
traffic,speed_eps2.0,budget_absorption,2.0,8,1,4.0,1,2,0.0,64.2739363961256,1.2854787279225122,0.42146589127968304,0.5193661971830986,5.926056338028169,568
traffic,speed_eps2.0,budget_absorption,2.0,8,1,8.0,1,2,0.0,43.25111912828897,0.8650223825657793,0.4021806496603139,0.5070422535211268,5.926056338028169,568
traffic,speed_eps2.0,budget_absorption,2.0,8,1,16.0,1,2,0.0,43.25111912828897,0.8650223825657793,0.4021806496603139,0.5070422535211268,5.926056338028169,568
traffic,speed_eps2.0,budget_absorption,2.0,8,2,,1,2,0.0,43.25111912828897,0.8650223825657793,0.4021806496603139,0.5070422535211268,5.926056338028169,568
traffic,speed_eps2.0,budget_absorption,2.0,8,2,4.0,1,2,0.0,64.2739363961256,1.2854787279225122,0.42146589127968304,0.5193661971830986,5.926056338028169,568
traffic,speed_eps2.0,budget_absorption,2.0,8,2,8.0,1,2,0.0,43.25111912828897,0.8650223825657793,0.4021806496603139,0.5070422535211268,5.926056338028169,568
traffic,speed_eps2.0,budget_absorption,2.0,8,2,16.0,1,2,0.0,43.25111912828897,0.8650223825657793,0.4021806496603139,0.5070422535211268,5.926056338028169,568
traffic,speed_eps2.0,budget_absorption,2.0,8,3,,1,2,0.0,42.57130148532582,0.8514260297065164,0.42139372324293517,0.5160142348754448,5.967971530249111,562
traffic,speed_eps2.0,budget_absorption,2.0,8,3,4.0,1,2,0.0,63.478565583530454,1.269571311670609,0.41896862310437283,0.5160142348754448,5.967971530249111,562
traffic,speed_eps2.0,budget_absorption,2.0,8,3,8.0,1,2,0.0,42.57130148532582,0.8514260297065164,0.42139372324293517,0.5160142348754448,5.967971530249111,562
traffic,speed_eps2.0,budget_absorption,2.0,8,3,16.0,1,2,0.0,42.57130148532582,0.8514260297065164,0.42139372324293517,0.5160142348754448,5.967971530249111,562
traffic,speed_eps2.0,budget_absorption,2.0,8,4,,1,2,0.0,42.57130148532582,0.8514260297065164,0.42139372324293517,0.5160142348754448,5.967971530249111,562
traffic,speed_eps2.0,budget_absorption,2.0,8,4,4.0,1,2,0.0,63.478565583530454,1.269571311670609,0.41896862310437283,0.5160142348754448,5.967971530249111,562
traffic,speed_eps2.0,budget_absorption,2.0,8,4,8.0,1,2,0.0,42.57130148532582,0.8514260297065164,0.42139372324293517,0.5160142348754448,5.967971530249111,562
traffic,speed_eps2.0,budget_absorption,2.0,8,4,16.0,1,2,0.0,42.57130148532582,0.8514260297065164,0.42139372324293517,0.5160142348754448,5.967971530249111,562
traffic,speed_eps2.0,budget_absorption,2.0,8,6,,1,2,0.0,42.545142443733916,0.8509028488746783,0.41778027660245565,0.5160714285714286,5.975,560
traffic,speed_eps2.0,budget_absorption,2.0,8,6,8.0,1,2,0.0,42.545142443733916,0.8509028488746783,0.41778027660245565,0.5160714285714286,5.975,560
traffic,speed_eps2.0,budget_absorption,2.0,8,6,16.0,1,2,0.0,42.545142443733916,0.8509028488746783,0.41778027660245565,0.5160714285714286,5.975,560
traffic,speed_eps2.0,budget_absorption,2.0,8,1,,1,4,0.0,43.25111912828897,0.8650223825657793,0.4021806496603139,0.5070422535211268,5.926056338028169,568
traffic,speed_eps2.0,budget_absorption,2.0,8,1,4.0,1,4,0.0,64.2739363961256,1.2854787279225122,0.42146589127968304,0.5193661971830986,5.926056338028169,568
traffic,speed_eps2.0,budget_absorption,2.0,8,1,8.0,1,4,0.0,43.25111912828897,0.8650223825657793,0.4021806496603139,0.5070422535211268,5.926056338028169,568
traffic,speed_eps2.0,budget_absorption,2.0,8,1,16.0,1,4,0.0,43.25111912828897,0.8650223825657793,0.4021806496603139,0.5070422535211268,5.926056338028169,568
traffic,speed_eps2.0,budget_absorption,2.0,8,2,,1,4,0.0,43.25111912828897,0.8650223825657793,0.4021806496603139,0.5070422535211268,5.926056338028169,568
traffic,speed_eps2.0,budget_absorption,2.0,8,2,4.0,1,4,0.0,64.2739363961256,1.2854787279225122,0.42146589127968304,0.5193661971830986,5.926056338028169,568
traffic,speed_eps2.0,budget_absorption,2.0,8,2,8.0,1,4,0.0,43.25111912828897,0.8650223825657793,0.4021806496603139,0.5070422535211268,5.926056338028169,568
traffic,speed_eps2.0,budget_absorption,2.0,8,2,16.0,1,4,0.0,43.25111912828897,0.8650223825657793,0.4021806496603139,0.5070422535211268,5.926056338028169,568
traffic,speed_eps2.0,budget_absorption,2.0,8,3,,1,4,0.0,41.492906251622735,0.8298581250324547,0.4099261784586069,0.5035714285714286,5.982142857142857,560
traffic,speed_eps2.0,budget_absorption,2.0,8,3,4.0,1,4,0.0,64.08787884040973,1.2817575768081946,0.4207002465766925,0.5214285714285715,5.982142857142857,560
traffic,speed_eps2.0,budget_absorption,2.0,8,3,8.0,1,4,0.0,41.492906251622735,0.8298581250324547,0.4099261784586069,0.5035714285714286,5.982142857142857,560
traffic,speed_eps2.0,budget_absorption,2.0,8,3,16.0,1,4,0.0,41.492906251622735,0.8298581250324547,0.4099261784586069,0.5035714285714286,5.982142857142857,560
traffic,speed_eps2.0,budget_absorption,2.0,8,4,,1,4,0.0,41.492906251622735,0.8298581250324547,0.4099261784586069,0.5035714285714286,5.982142857142857,560
traffic,speed_eps2.0,budget_absorption,2.0,8,4,4.0,1,4,0.0,64.08787884040973,1.2817575768081946,0.4207002465766925,0.5214285714285715,5.982142857142857,560
traffic,speed_eps2.0,budget_absorption,2.0,8,4,8.0,1,4,0.0,41.492906251622735,0.8298581250324547,0.4099261784586069,0.5035714285714286,5.982142857142857,560
traffic,speed_eps2.0,budget_absorption,2.0,8,4,16.0,1,4,0.0,41.492906251622735,0.8298581250324547,0.4099261784586069,0.5035714285714286,5.982142857142857,560
traffic,speed_eps2.0,budget_absorption,2.0,8,6,,1,4,0.0,41.58326535528078,0.8316653071056156,0.4117802560768913,0.503584229390681,5.989247311827957,558
traffic,speed_eps2.0,budget_absorption,2.0,8,6,8.0,1,4,0.0,41.58326535528078,0.8316653071056156,0.4117802560768913,0.503584229390681,5.989247311827957,558
traffic,speed_eps2.0,budget_absorption,2.0,8,6,16.0,1,4,0.0,41.58326535528078,0.8316653071056156,0.4117802560768913,0.503584229390681,5.989247311827957,558
traffic,speed_eps2.0,budget_absorption,2.0,8,1,,2,0,0.0,43.34750317815848,0.8669500635631696,0.7915724828094822,0.4859154929577465,5.936619718309859,284
traffic,speed_eps2.0,budget_absorption,2.0,8,1,4.0,2,0,0.0,64.88886672083034,1.2977773344166068,0.965708081534211,0.5,5.936619718309859,284
traffic,speed_eps2.0,budget_absorption,2.0,8,1,8.0,2,0,0.0,43.34750317815848,0.8669500635631696,0.7915724828094822,0.4859154929577465,5.936619718309859,284
traffic,speed_eps2.0,budget_absorption,2.0,8,1,16.0,2,0,0.0,43.34750317815848,0.8669500635631696,0.7915724828094822,0.4859154929577465,5.936619718309859,284
traffic,speed_eps2.0,budget_absorption,2.0,8,2,,2,0,0.0,43.34750317815848,0.8669500635631696,0.7915724828094822,0.4859154929577465,5.936619718309859,284
traffic,speed_eps2.0,budget_absorption,2.0,8,2,4.0,2,0,0.0,64.88886672083034,1.2977773344166068,0.965708081534211,0.5,5.936619718309859,284
traffic,speed_eps2.0,budget_absorption,2.0,8,2,8.0,2,0,0.0,43.34750317815848,0.8669500635631696,0.7915724828094822,0.4859154929577465,5.936619718309859,284
traffic,speed_eps2.0,budget_absorption,2.0,8,2,16.0,2,0,0.0,43.34750317815848,0.8669500635631696,0.7915724828094822,0.4859154929577465,5.936619718309859,284
traffic,speed_eps2.0,budget_absorption,2.0,8,3,,2,0,0.0,43.34750317815848,0.8669500635631696,0.7915724828094822,0.4859154929577465,5.936619718309859,284
traffic,speed_eps2.0,budget_absorption,2.0,8,3,4.0,2,0,0.0,64.88886672083034,1.2977773344166068,0.965708081534211,0.5,5.936619718309859,284
traffic,speed_eps2.0,budget_absorption,2.0,8,3,8.0,2,0,0.0,43.34750317815848,0.8669500635631696,0.7915724828094822,0.4859154929577465,5.936619718309859,284
traffic,speed_eps2.0,budget_absorption,2.0,8,3,16.0,2,0,0.0,43.34750317815848,0.8669500635631696,0.7915724828094822,0.4859154929577465,5.936619718309859,284
traffic,speed_eps2.0,budget_absorption,2.0,8,4,,2,0,0.0,43.34750317815848,0.8669500635631696,0.7915724828094822,0.4859154929577465,5.936619718309859,284
traffic,speed_eps2.0,budget_absorption,2.0,8,4,4.0,2,0,0.0,64.88886672083034,1.2977773344166068,0.965708081534211,0.5,5.936619718309859,284
traffic,speed_eps2.0,budget_absorption,2.0,8,4,8.0,2,0,0.0,43.34750317815848,0.8669500635631696,0.7915724828094822,0.4859154929577465,5.936619718309859,284
traffic,speed_eps2.0,budget_absorption,2.0,8,4,16.0,2,0,0.0,43.34750317815848,0.8669500635631696,0.7915724828094822,0.4859154929577465,5.936619718309859,284
traffic,speed_eps2.0,budget_absorption,2.0,8,6,,2,0,0.0,43.34750317815848,0.8669500635631696,0.7915724828094822,0.4859154929577465,5.936619718309859,284
traffic,speed_eps2.0,budget_absorption,2.0,8,6,8.0,2,0,0.0,43.34750317815848,0.8669500635631696,0.7915724828094822,0.4859154929577465,5.936619718309859,284
traffic,speed_eps2.0,budget_absorption,2.0,8,6,16.0,2,0,0.0,43.34750317815848,0.8669500635631696,0.7915724828094822,0.4859154929577465,5.936619718309859,284
traffic,speed_eps2.0,budget_absorption,2.0,8,1,,2,2,0.0,43.34750317815848,0.8669500635631696,0.7915724828094822,0.4859154929577465,5.936619718309859,284
traffic,speed_eps2.0,budget_absorption,2.0,8,1,4.0,2,2,0.0,64.88886672083034,1.2977773344166068,0.965708081534211,0.5,5.936619718309859,284
traffic,speed_eps2.0,budget_absorption,2.0,8,1,8.0,2,2,0.0,43.34750317815848,0.8669500635631696,0.7915724828094822,0.4859154929577465,5.936619718309859,284
traffic,speed_eps2.0,budget_absorption,2.0,8,1,16.0,2,2,0.0,43.34750317815848,0.8669500635631696,0.7915724828094822,0.4859154929577465,5.936619718309859,284
traffic,speed_eps2.0,budget_absorption,2.0,8,2,,2,2,0.0,43.34750317815848,0.8669500635631696,0.7915724828094822,0.4859154929577465,5.936619718309859,284
traffic,speed_eps2.0,budget_absorption,2.0,8,2,4.0,2,2,0.0,64.88886672083034,1.2977773344166068,0.965708081534211,0.5,5.936619718309859,284
traffic,speed_eps2.0,budget_absorption,2.0,8,2,8.0,2,2,0.0,43.34750317815848,0.8669500635631696,0.7915724828094822,0.4859154929577465,5.936619718309859,284
traffic,speed_eps2.0,budget_absorption,2.0,8,2,16.0,2,2,0.0,43.34750317815848,0.8669500635631696,0.7915724828094822,0.4859154929577465,5.936619718309859,284
traffic,speed_eps2.0,budget_absorption,2.0,8,3,,2,2,0.0,43.222036991016715,0.8644407398203343,0.19361332920250157,0.49466192170818507,5.9786476868327405,281
traffic,speed_eps2.0,budget_absorption,2.0,8,3,4.0,2,2,0.0,64.59212921742999,1.2918425843485997,0.9546408715019046,0.501779359430605,5.9786476868327405,281
traffic,speed_eps2.0,budget_absorption,2.0,8,3,8.0,2,2,0.0,43.222036991016715,0.8644407398203343,0.19361332920250157,0.49466192170818507,5.9786476868327405,281
traffic,speed_eps2.0,budget_absorption,2.0,8,3,16.0,2,2,0.0,43.222036991016715,0.8644407398203343,0.19361332920250157,0.49466192170818507,5.9786476868327405,281
traffic,speed_eps2.0,budget_absorption,2.0,8,4,,2,2,0.0,43.222036991016715,0.8644407398203343,0.19361332920250157,0.49466192170818507,5.9786476868327405,281
traffic,speed_eps2.0,budget_absorption,2.0,8,4,4.0,2,2,0.0,64.59212921742999,1.2918425843485997,0.9546408715019046,0.501779359430605,5.9786476868327405,281
traffic,speed_eps2.0,budget_absorption,2.0,8,4,8.0,2,2,0.0,43.222036991016715,0.8644407398203343,0.19361332920250157,0.49466192170818507,5.9786476868327405,281
traffic,speed_eps2.0,budget_absorption,2.0,8,4,16.0,2,2,0.0,43.222036991016715,0.8644407398203343,0.19361332920250157,0.49466192170818507,5.9786476868327405,281
traffic,speed_eps2.0,budget_absorption,2.0,8,6,,2,2,0.0,43.222036991016715,0.8644407398203343,0.19361332920250157,0.49466192170818507,5.9786476868327405,281
traffic,speed_eps2.0,budget_absorption,2.0,8,6,8.0,2,2,0.0,43.222036991016715,0.8644407398203343,0.19361332920250157,0.49466192170818507,5.9786476868327405,281
traffic,speed_eps2.0,budget_absorption,2.0,8,6,16.0,2,2,0.0,43.222036991016715,0.8644407398203343,0.19361332920250157,0.49466192170818507,5.9786476868327405,281
traffic,speed_eps2.0,budget_absorption,2.0,8,1,,2,4,0.0,43.34750317815848,0.8669500635631696,0.7915724828094822,0.4859154929577465,5.936619718309859,284
traffic,speed_eps2.0,budget_absorption,2.0,8,1,4.0,2,4,0.0,64.88886672083034,1.2977773344166068,0.965708081534211,0.5,5.936619718309859,284
traffic,speed_eps2.0,budget_absorption,2.0,8,1,8.0,2,4,0.0,43.34750317815848,0.8669500635631696,0.7915724828094822,0.4859154929577465,5.936619718309859,284
traffic,speed_eps2.0,budget_absorption,2.0,8,1,16.0,2,4,0.0,43.34750317815848,0.8669500635631696,0.7915724828094822,0.4859154929577465,5.936619718309859,284
traffic,speed_eps2.0,budget_absorption,2.0,8,2,,2,4,0.0,43.34750317815848,0.8669500635631696,0.7915724828094822,0.4859154929577465,5.936619718309859,284
traffic,speed_eps2.0,budget_absorption,2.0,8,2,4.0,2,4,0.0,64.88886672083034,1.2977773344166068,0.965708081534211,0.5,5.936619718309859,284
traffic,speed_eps2.0,budget_absorption,2.0,8,2,8.0,2,4,0.0,43.34750317815848,0.8669500635631696,0.7915724828094822,0.4859154929577465,5.936619718309859,284
traffic,speed_eps2.0,budget_absorption,2.0,8,2,16.0,2,4,0.0,43.34750317815848,0.8669500635631696,0.7915724828094822,0.4859154929577465,5.936619718309859,284
traffic,speed_eps2.0,budget_absorption,2.0,8,3,,2,4,0.0,42.60576658822622,0.8521153317645244,0.17784092909091428,0.4928571428571429,5.992857142857143,280
traffic,speed_eps2.0,budget_absorption,2.0,8,3,4.0,2,4,0.0,63.49653243444632,1.2699306486889264,0.37213138493128717,0.4928571428571429,5.992857142857143,280
traffic,speed_eps2.0,budget_absorption,2.0,8,3,8.0,2,4,0.0,42.60576658822622,0.8521153317645244,0.17784092909091428,0.4928571428571429,5.992857142857143,280
traffic,speed_eps2.0,budget_absorption,2.0,8,3,16.0,2,4,0.0,42.60576658822622,0.8521153317645244,0.17784092909091428,0.4928571428571429,5.992857142857143,280
traffic,speed_eps2.0,budget_absorption,2.0,8,4,,2,4,0.0,42.60576658822622,0.8521153317645244,0.17784092909091428,0.4928571428571429,5.992857142857143,280
traffic,speed_eps2.0,budget_absorption,2.0,8,4,4.0,2,4,0.0,63.49653243444632,1.2699306486889264,0.37213138493128717,0.4928571428571429,5.992857142857143,280
traffic,speed_eps2.0,budget_absorption,2.0,8,4,8.0,2,4,0.0,42.60576658822622,0.8521153317645244,0.17784092909091428,0.4928571428571429,5.992857142857143,280
traffic,speed_eps2.0,budget_absorption,2.0,8,4,16.0,2,4,0.0,42.60576658822622,0.8521153317645244,0.17784092909091428,0.4928571428571429,5.992857142857143,280
traffic,speed_eps2.0,budget_absorption,2.0,8,6,,2,4,0.0,42.60576658822622,0.8521153317645244,0.17784092909091428,0.4928571428571429,5.992857142857143,280
traffic,speed_eps2.0,budget_absorption,2.0,8,6,8.0,2,4,0.0,42.60576658822622,0.8521153317645244,0.17784092909091428,0.4928571428571429,5.992857142857143,280
traffic,speed_eps2.0,budget_absorption,2.0,8,6,16.0,2,4,0.0,42.60576658822622,0.8521153317645244,0.17784092909091428,0.4928571428571429,5.992857142857143,280
traffic,speed_eps2.0,budget_absorption,2.0,8,1,,4,0,0.0,60.85787001257324,1.2171574002514647,0.5768739103402957,0.6549295774647887,5.943661971830986,142
traffic,speed_eps2.0,budget_absorption,2.0,8,1,4.0,4,0,0.0,89.42224784507405,1.788444956901481,0.5768739103402957,0.6549295774647887,5.943661971830986,142
traffic,speed_eps2.0,budget_absorption,2.0,8,1,8.0,4,0,0.0,60.85787001257324,1.2171574002514647,0.5768739103402957,0.6549295774647887,5.943661971830986,142
traffic,speed_eps2.0,budget_absorption,2.0,8,1,16.0,4,0,0.0,60.85787001257324,1.2171574002514647,0.5768739103402957,0.6549295774647887,5.943661971830986,142
traffic,speed_eps2.0,budget_absorption,2.0,8,2,,4,0,0.0,60.85787001257324,1.2171574002514647,0.5768739103402957,0.6549295774647887,5.943661971830986,142
traffic,speed_eps2.0,budget_absorption,2.0,8,2,4.0,4,0,0.0,89.42224784507405,1.788444956901481,0.5768739103402957,0.6549295774647887,5.943661971830986,142
traffic,speed_eps2.0,budget_absorption,2.0,8,2,8.0,4,0,0.0,60.85787001257324,1.2171574002514647,0.5768739103402957,0.6549295774647887,5.943661971830986,142
traffic,speed_eps2.0,budget_absorption,2.0,8,2,16.0,4,0,0.0,60.85787001257324,1.2171574002514647,0.5768739103402957,0.6549295774647887,5.943661971830986,142
traffic,speed_eps2.0,budget_absorption,2.0,8,3,,4,0,0.0,60.85787001257324,1.2171574002514647,0.5768739103402957,0.6549295774647887,5.943661971830986,142
traffic,speed_eps2.0,budget_absorption,2.0,8,3,4.0,4,0,0.0,89.42224784507405,1.788444956901481,0.5768739103402957,0.6549295774647887,5.943661971830986,142
traffic,speed_eps2.0,budget_absorption,2.0,8,3,8.0,4,0,0.0,60.85787001257324,1.2171574002514647,0.5768739103402957,0.6549295774647887,5.943661971830986,142
traffic,speed_eps2.0,budget_absorption,2.0,8,3,16.0,4,0,0.0,60.85787001257324,1.2171574002514647,0.5768739103402957,0.6549295774647887,5.943661971830986,142
traffic,speed_eps2.0,budget_absorption,2.0,8,4,,4,0,0.0,60.85787001257324,1.2171574002514647,0.5768739103402957,0.6549295774647887,5.943661971830986,142
traffic,speed_eps2.0,budget_absorption,2.0,8,4,4.0,4,0,0.0,89.42224784507405,1.788444956901481,0.5768739103402957,0.6549295774647887,5.943661971830986,142
traffic,speed_eps2.0,budget_absorption,2.0,8,4,8.0,4,0,0.0,60.85787001257324,1.2171574002514647,0.5768739103402957,0.6549295774647887,5.943661971830986,142
traffic,speed_eps2.0,budget_absorption,2.0,8,4,16.0,4,0,0.0,60.85787001257324,1.2171574002514647,0.5768739103402957,0.6549295774647887,5.943661971830986,142
traffic,speed_eps2.0,budget_absorption,2.0,8,6,,4,0,0.0,60.85787001257324,1.2171574002514647,0.5768739103402957,0.6549295774647887,5.943661971830986,142
traffic,speed_eps2.0,budget_absorption,2.0,8,6,8.0,4,0,0.0,60.85787001257324,1.2171574002514647,0.5768739103402957,0.6549295774647887,5.943661971830986,142
traffic,speed_eps2.0,budget_absorption,2.0,8,6,16.0,4,0,0.0,60.85787001257324,1.2171574002514647,0.5768739103402957,0.6549295774647887,5.943661971830986,142
traffic,speed_eps2.0,budget_absorption,2.0,8,1,,4,2,0.0,60.85787001257324,1.2171574002514647,0.5768739103402957,0.6549295774647887,5.943661971830986,142
traffic,speed_eps2.0,budget_absorption,2.0,8,1,4.0,4,2,0.0,89.42224784507405,1.788444956901481,0.5768739103402957,0.6549295774647887,5.943661971830986,142
traffic,speed_eps2.0,budget_absorption,2.0,8,1,8.0,4,2,0.0,60.85787001257324,1.2171574002514647,0.5768739103402957,0.6549295774647887,5.943661971830986,142
traffic,speed_eps2.0,budget_absorption,2.0,8,1,16.0,4,2,0.0,60.85787001257324,1.2171574002514647,0.5768739103402957,0.6549295774647887,5.943661971830986,142
traffic,speed_eps2.0,budget_absorption,2.0,8,2,,4,2,0.0,60.85787001257324,1.2171574002514647,0.5768739103402957,0.6549295774647887,5.943661971830986,142
traffic,speed_eps2.0,budget_absorption,2.0,8,2,4.0,4,2,0.0,89.42224784507405,1.788444956901481,0.5768739103402957,0.6549295774647887,5.943661971830986,142
traffic,speed_eps2.0,budget_absorption,2.0,8,2,8.0,4,2,0.0,60.85787001257324,1.2171574002514647,0.5768739103402957,0.6549295774647887,5.943661971830986,142
traffic,speed_eps2.0,budget_absorption,2.0,8,2,16.0,4,2,0.0,60.85787001257324,1.2171574002514647,0.5768739103402957,0.6549295774647887,5.943661971830986,142
traffic,speed_eps2.0,budget_absorption,2.0,8,3,,4,2,0.0,55.412824936498126,1.1082564987299626,0.6499170822732939,0.5857142857142857,6.0,140
traffic,speed_eps2.0,budget_absorption,2.0,8,3,4.0,4,2,0.0,85.07698219199992,1.7015396438399983,0.6322108206121615,0.6285714285714286,6.0,140
traffic,speed_eps2.0,budget_absorption,2.0,8,3,8.0,4,2,0.0,55.412824936498126,1.1082564987299626,0.6499170822732939,0.5857142857142857,6.0,140
traffic,speed_eps2.0,budget_absorption,2.0,8,3,16.0,4,2,0.0,55.412824936498126,1.1082564987299626,0.6499170822732939,0.5857142857142857,6.0,140
traffic,speed_eps2.0,budget_absorption,2.0,8,4,,4,2,0.0,55.412824936498126,1.1082564987299626,0.6499170822732939,0.5857142857142857,6.0,140
traffic,speed_eps2.0,budget_absorption,2.0,8,4,4.0,4,2,0.0,85.07698219199992,1.7015396438399983,0.6322108206121615,0.6285714285714286,6.0,140
traffic,speed_eps2.0,budget_absorption,2.0,8,4,8.0,4,2,0.0,55.412824936498126,1.1082564987299626,0.6499170822732939,0.5857142857142857,6.0,140
traffic,speed_eps2.0,budget_absorption,2.0,8,4,16.0,4,2,0.0,55.412824936498126,1.1082564987299626,0.6499170822732939,0.5857142857142857,6.0,140
traffic,speed_eps2.0,budget_absorption,2.0,8,6,,4,2,0.0,55.412824936498126,1.1082564987299626,0.6499170822732939,0.5857142857142857,6.0,140
traffic,speed_eps2.0,budget_absorption,2.0,8,6,8.0,4,2,0.0,55.412824936498126,1.1082564987299626,0.6499170822732939,0.5857142857142857,6.0,140
traffic,speed_eps2.0,budget_absorption,2.0,8,6,16.0,4,2,0.0,55.412824936498126,1.1082564987299626,0.6499170822732939,0.5857142857142857,6.0,140
traffic,speed_eps2.0,budget_absorption,2.0,8,1,,4,4,0.0,60.85787001257324,1.2171574002514647,0.5768739103402957,0.6549295774647887,5.943661971830986,142
traffic,speed_eps2.0,budget_absorption,2.0,8,1,4.0,4,4,0.0,89.42224784507405,1.788444956901481,0.5768739103402957,0.6549295774647887,5.943661971830986,142
traffic,speed_eps2.0,budget_absorption,2.0,8,1,8.0,4,4,0.0,60.85787001257324,1.2171574002514647,0.5768739103402957,0.6549295774647887,5.943661971830986,142
traffic,speed_eps2.0,budget_absorption,2.0,8,1,16.0,4,4,0.0,60.85787001257324,1.2171574002514647,0.5768739103402957,0.6549295774647887,5.943661971830986,142
traffic,speed_eps2.0,budget_absorption,2.0,8,2,,4,4,0.0,60.85787001257324,1.2171574002514647,0.5768739103402957,0.6549295774647887,5.943661971830986,142
traffic,speed_eps2.0,budget_absorption,2.0,8,2,4.0,4,4,0.0,89.42224784507405,1.788444956901481,0.5768739103402957,0.6549295774647887,5.943661971830986,142
traffic,speed_eps2.0,budget_absorption,2.0,8,2,8.0,4,4,0.0,60.85787001257324,1.2171574002514647,0.5768739103402957,0.6549295774647887,5.943661971830986,142
traffic,speed_eps2.0,budget_absorption,2.0,8,2,16.0,4,4,0.0,60.85787001257324,1.2171574002514647,0.5768739103402957,0.6549295774647887,5.943661971830986,142
traffic,speed_eps2.0,budget_absorption,2.0,8,3,,4,4,0.0,55.412824936498126,1.1082564987299626,0.6499170822732939,0.5857142857142857,6.0,140
traffic,speed_eps2.0,budget_absorption,2.0,8,3,4.0,4,4,0.0,85.07698219199992,1.7015396438399983,0.6322108206121615,0.6285714285714286,6.0,140
traffic,speed_eps2.0,budget_absorption,2.0,8,3,8.0,4,4,0.0,55.412824936498126,1.1082564987299626,0.6499170822732939,0.5857142857142857,6.0,140
traffic,speed_eps2.0,budget_absorption,2.0,8,3,16.0,4,4,0.0,55.412824936498126,1.1082564987299626,0.6499170822732939,0.5857142857142857,6.0,140
traffic,speed_eps2.0,budget_absorption,2.0,8,4,,4,4,0.0,55.412824936498126,1.1082564987299626,0.6499170822732939,0.5857142857142857,6.0,140
traffic,speed_eps2.0,budget_absorption,2.0,8,4,4.0,4,4,0.0,85.07698219199992,1.7015396438399983,0.6322108206121615,0.6285714285714286,6.0,140
traffic,speed_eps2.0,budget_absorption,2.0,8,4,8.0,4,4,0.0,55.412824936498126,1.1082564987299626,0.6499170822732939,0.5857142857142857,6.0,140
traffic,speed_eps2.0,budget_absorption,2.0,8,4,16.0,4,4,0.0,55.412824936498126,1.1082564987299626,0.6499170822732939,0.5857142857142857,6.0,140
traffic,speed_eps2.0,budget_absorption,2.0,8,6,,4,4,0.0,55.412824936498126,1.1082564987299626,0.6499170822732939,0.5857142857142857,6.0,140
traffic,speed_eps2.0,budget_absorption,2.0,8,6,8.0,4,4,0.0,55.412824936498126,1.1082564987299626,0.6499170822732939,0.5857142857142857,6.0,140
traffic,speed_eps2.0,budget_absorption,2.0,8,6,16.0,4,4,0.0,55.412824936498126,1.1082564987299626,0.6499170822732939,0.5857142857142857,6.0,140
traffic,speed_eps2.0,p_gated_uniform,2.0,8,1,,1,0,0.0,33.23047430340872,0.6646094860681744,0.8957750917820663,1.0,5.926056338028169,568
traffic,speed_eps2.0,p_gated_uniform,2.0,8,1,4.0,1,0,0.0,48.97000185680707,0.9794000371361414,0.8879926118354009,1.0,5.926056338028169,568
traffic,speed_eps2.0,p_gated_uniform,2.0,8,1,8.0,1,0,0.0,33.23047430340872,0.6646094860681744,0.8957750917820663,1.0,5.926056338028169,568
traffic,speed_eps2.0,p_gated_uniform,2.0,8,1,16.0,1,0,0.0,33.23047430340872,0.6646094860681744,0.8957750917820663,1.0,5.926056338028169,568
traffic,speed_eps2.0,p_gated_uniform,2.0,8,2,,1,0,0.0,33.23047430340872,0.6646094860681744,0.8957750917820663,1.0,5.926056338028169,568
traffic,speed_eps2.0,p_gated_uniform,2.0,8,2,4.0,1,0,0.0,48.97000185680707,0.9794000371361414,0.8879926118354009,1.0,5.926056338028169,568
traffic,speed_eps2.0,p_gated_uniform,2.0,8,2,8.0,1,0,0.0,33.23047430340872,0.6646094860681744,0.8957750917820663,1.0,5.926056338028169,568
traffic,speed_eps2.0,p_gated_uniform,2.0,8,2,16.0,1,0,0.0,33.23047430340872,0.6646094860681744,0.8957750917820663,1.0,5.926056338028169,568
traffic,speed_eps2.0,p_gated_uniform,2.0,8,3,,1,0,0.0,32.341448491437895,0.6468289698287579,0.9352593133793138,0.9841549295774648,5.926056338028169,568
traffic,speed_eps2.0,p_gated_uniform,2.0,8,3,4.0,1,0,0.0,48.4292503375589,0.968585006751178,0.9305955728260129,0.9841549295774648,5.926056338028169,568
traffic,speed_eps2.0,p_gated_uniform,2.0,8,3,8.0,1,0,0.0,32.341448491437895,0.6468289698287579,0.9352593133793138,0.9841549295774648,5.926056338028169,568
traffic,speed_eps2.0,p_gated_uniform,2.0,8,3,16.0,1,0,0.0,32.341448491437895,0.6468289698287579,0.9352593133793138,0.9841549295774648,5.926056338028169,568
traffic,speed_eps2.0,p_gated_uniform,2.0,8,4,,1,0,0.0,32.341448491437895,0.6468289698287579,0.9352593133793138,0.9841549295774648,5.926056338028169,568
traffic,speed_eps2.0,p_gated_uniform,2.0,8,4,4.0,1,0,0.0,48.4292503375589,0.968585006751178,0.9305955728260129,0.9841549295774648,5.926056338028169,568
traffic,speed_eps2.0,p_gated_uniform,2.0,8,4,8.0,1,0,0.0,32.341448491437895,0.6468289698287579,0.9352593133793138,0.9841549295774648,5.926056338028169,568
traffic,speed_eps2.0,p_gated_uniform,2.0,8,4,16.0,1,0,0.0,32.341448491437895,0.6468289698287579,0.9352593133793138,0.9841549295774648,5.926056338028169,568
traffic,speed_eps2.0,p_gated_uniform,2.0,8,6,,1,0,0.0,32.37519816011445,0.647503963202289,0.934454586920433,0.9788732394366197,5.926056338028169,568
traffic,speed_eps2.0,p_gated_uniform,2.0,8,6,8.0,1,0,0.0,32.37519816011445,0.647503963202289,0.934454586920433,0.9788732394366197,5.926056338028169,568
traffic,speed_eps2.0,p_gated_uniform,2.0,8,6,16.0,1,0,0.0,32.37519816011445,0.647503963202289,0.934454586920433,0.9788732394366197,5.926056338028169,568
traffic,speed_eps2.0,p_gated_uniform,2.0,8,1,,1,2,0.0,33.23047430340872,0.6646094860681744,0.8957750917820663,1.0,5.926056338028169,568
traffic,speed_eps2.0,p_gated_uniform,2.0,8,1,4.0,1,2,0.0,48.97000185680707,0.9794000371361414,0.8879926118354009,1.0,5.926056338028169,568
traffic,speed_eps2.0,p_gated_uniform,2.0,8,1,8.0,1,2,0.0,33.23047430340872,0.6646094860681744,0.8957750917820663,1.0,5.926056338028169,568
traffic,speed_eps2.0,p_gated_uniform,2.0,8,1,16.0,1,2,0.0,33.23047430340872,0.6646094860681744,0.8957750917820663,1.0,5.926056338028169,568
traffic,speed_eps2.0,p_gated_uniform,2.0,8,2,,1,2,0.0,33.23047430340872,0.6646094860681744,0.8957750917820663,1.0,5.926056338028169,568
traffic,speed_eps2.0,p_gated_uniform,2.0,8,2,4.0,1,2,0.0,48.97000185680707,0.9794000371361414,0.8879926118354009,1.0,5.926056338028169,568
traffic,speed_eps2.0,p_gated_uniform,2.0,8,2,8.0,1,2,0.0,33.23047430340872,0.6646094860681744,0.8957750917820663,1.0,5.926056338028169,568
traffic,speed_eps2.0,p_gated_uniform,2.0,8,2,16.0,1,2,0.0,33.23047430340872,0.6646094860681744,0.8957750917820663,1.0,5.926056338028169,568
traffic,speed_eps2.0,p_gated_uniform,2.0,8,3,,1,2,0.0,32.341448491437895,0.6468289698287579,0.9352593133793138,0.994661921708185,5.967971530249111,562
traffic,speed_eps2.0,p_gated_uniform,2.0,8,3,4.0,1,2,0.0,48.4292503375589,0.968585006751178,0.9305955728260129,0.994661921708185,5.967971530249111,562
traffic,speed_eps2.0,p_gated_uniform,2.0,8,3,8.0,1,2,0.0,32.341448491437895,0.6468289698287579,0.9352593133793138,0.994661921708185,5.967971530249111,562
traffic,speed_eps2.0,p_gated_uniform,2.0,8,3,16.0,1,2,0.0,32.341448491437895,0.6468289698287579,0.9352593133793138,0.994661921708185,5.967971530249111,562
traffic,speed_eps2.0,p_gated_uniform,2.0,8,4,,1,2,0.0,32.341448491437895,0.6468289698287579,0.9352593133793138,0.994661921708185,5.967971530249111,562
traffic,speed_eps2.0,p_gated_uniform,2.0,8,4,4.0,1,2,0.0,48.4292503375589,0.968585006751178,0.9305955728260129,0.994661921708185,5.967971530249111,562
traffic,speed_eps2.0,p_gated_uniform,2.0,8,4,8.0,1,2,0.0,32.341448491437895,0.6468289698287579,0.9352593133793138,0.994661921708185,5.967971530249111,562
traffic,speed_eps2.0,p_gated_uniform,2.0,8,4,16.0,1,2,0.0,32.341448491437895,0.6468289698287579,0.9352593133793138,0.994661921708185,5.967971530249111,562
traffic,speed_eps2.0,p_gated_uniform,2.0,8,6,,1,2,0.0,32.357905864410874,0.6471581172882175,0.934454586920433,0.9928571428571429,5.975,560
traffic,speed_eps2.0,p_gated_uniform,2.0,8,6,8.0,1,2,0.0,32.357905864410874,0.6471581172882175,0.934454586920433,0.9928571428571429,5.975,560
traffic,speed_eps2.0,p_gated_uniform,2.0,8,6,16.0,1,2,0.0,32.357905864410874,0.6471581172882175,0.934454586920433,0.9928571428571429,5.975,560
traffic,speed_eps2.0,p_gated_uniform,2.0,8,1,,1,4,0.0,33.23047430340872,0.6646094860681744,0.8957750917820663,1.0,5.926056338028169,568
traffic,speed_eps2.0,p_gated_uniform,2.0,8,1,4.0,1,4,0.0,48.97000185680707,0.9794000371361414,0.8879926118354009,1.0,5.926056338028169,568
traffic,speed_eps2.0,p_gated_uniform,2.0,8,1,8.0,1,4,0.0,33.23047430340872,0.6646094860681744,0.8957750917820663,1.0,5.926056338028169,568
traffic,speed_eps2.0,p_gated_uniform,2.0,8,1,16.0,1,4,0.0,33.23047430340872,0.6646094860681744,0.8957750917820663,1.0,5.926056338028169,568
traffic,speed_eps2.0,p_gated_uniform,2.0,8,2,,1,4,0.0,33.23047430340872,0.6646094860681744,0.8957750917820663,1.0,5.926056338028169,568
traffic,speed_eps2.0,p_gated_uniform,2.0,8,2,4.0,1,4,0.0,48.97000185680707,0.9794000371361414,0.8879926118354009,1.0,5.926056338028169,568
traffic,speed_eps2.0,p_gated_uniform,2.0,8,2,8.0,1,4,0.0,33.23047430340872,0.6646094860681744,0.8957750917820663,1.0,5.926056338028169,568
traffic,speed_eps2.0,p_gated_uniform,2.0,8,2,16.0,1,4,0.0,33.23047430340872,0.6646094860681744,0.8957750917820663,1.0,5.926056338028169,568
traffic,speed_eps2.0,p_gated_uniform,2.0,8,3,,1,4,0.0,32.341448491437895,0.6468289698287579,0.9352593133793138,0.9982142857142857,5.982142857142857,560
traffic,speed_eps2.0,p_gated_uniform,2.0,8,3,4.0,1,4,0.0,48.4292503375589,0.968585006751178,0.9305955728260129,0.9982142857142857,5.982142857142857,560
traffic,speed_eps2.0,p_gated_uniform,2.0,8,3,8.0,1,4,0.0,32.341448491437895,0.6468289698287579,0.9352593133793138,0.9982142857142857,5.982142857142857,560
traffic,speed_eps2.0,p_gated_uniform,2.0,8,3,16.0,1,4,0.0,32.341448491437895,0.6468289698287579,0.9352593133793138,0.9982142857142857,5.982142857142857,560
traffic,speed_eps2.0,p_gated_uniform,2.0,8,4,,1,4,0.0,32.341448491437895,0.6468289698287579,0.9352593133793138,0.9982142857142857,5.982142857142857,560
traffic,speed_eps2.0,p_gated_uniform,2.0,8,4,4.0,1,4,0.0,48.4292503375589,0.968585006751178,0.9305955728260129,0.9982142857142857,5.982142857142857,560
traffic,speed_eps2.0,p_gated_uniform,2.0,8,4,8.0,1,4,0.0,32.341448491437895,0.6468289698287579,0.9352593133793138,0.9982142857142857,5.982142857142857,560
traffic,speed_eps2.0,p_gated_uniform,2.0,8,4,16.0,1,4,0.0,32.341448491437895,0.6468289698287579,0.9352593133793138,0.9982142857142857,5.982142857142857,560
traffic,speed_eps2.0,p_gated_uniform,2.0,8,6,,1,4,0.0,32.357905864410874,0.6471581172882175,0.934454586920433,0.996415770609319,5.989247311827957,558
traffic,speed_eps2.0,p_gated_uniform,2.0,8,6,8.0,1,4,0.0,32.357905864410874,0.6471581172882175,0.934454586920433,0.996415770609319,5.989247311827957,558
traffic,speed_eps2.0,p_gated_uniform,2.0,8,6,16.0,1,4,0.0,32.357905864410874,0.6471581172882175,0.934454586920433,0.996415770609319,5.989247311827957,558
traffic,speed_eps2.0,p_gated_uniform,2.0,8,1,,2,0,0.0,35.216952211974046,0.7043390442394809,0.4182735368426705,1.0,5.936619718309859,284
traffic,speed_eps2.0,p_gated_uniform,2.0,8,1,4.0,2,0,0.0,51.8752591761295,1.03750518352259,0.4645912337433813,1.0,5.936619718309859,284
traffic,speed_eps2.0,p_gated_uniform,2.0,8,1,8.0,2,0,0.0,35.216952211974046,0.7043390442394809,0.4182735368426705,1.0,5.936619718309859,284
traffic,speed_eps2.0,p_gated_uniform,2.0,8,1,16.0,2,0,0.0,35.216952211974046,0.7043390442394809,0.4182735368426705,1.0,5.936619718309859,284
traffic,speed_eps2.0,p_gated_uniform,2.0,8,2,,2,0,0.0,35.216952211974046,0.7043390442394809,0.4182735368426705,1.0,5.936619718309859,284
traffic,speed_eps2.0,p_gated_uniform,2.0,8,2,4.0,2,0,0.0,51.8752591761295,1.03750518352259,0.4645912337433813,1.0,5.936619718309859,284
traffic,speed_eps2.0,p_gated_uniform,2.0,8,2,8.0,2,0,0.0,35.216952211974046,0.7043390442394809,0.4182735368426705,1.0,5.936619718309859,284
traffic,speed_eps2.0,p_gated_uniform,2.0,8,2,16.0,2,0,0.0,35.216952211974046,0.7043390442394809,0.4182735368426705,1.0,5.936619718309859,284
traffic,speed_eps2.0,p_gated_uniform,2.0,8,3,,2,0,0.0,33.977483017778354,0.6795496603555671,0.34501293341818995,0.9859154929577465,5.936619718309859,284
traffic,speed_eps2.0,p_gated_uniform,2.0,8,3,4.0,2,0,0.0,50.89344004381247,1.0178688008762493,0.3437917617847923,0.9859154929577465,5.936619718309859,284
traffic,speed_eps2.0,p_gated_uniform,2.0,8,3,8.0,2,0,0.0,33.977483017778354,0.6795496603555671,0.34501293341818995,0.9859154929577465,5.936619718309859,284
traffic,speed_eps2.0,p_gated_uniform,2.0,8,3,16.0,2,0,0.0,33.977483017778354,0.6795496603555671,0.34501293341818995,0.9859154929577465,5.936619718309859,284
traffic,speed_eps2.0,p_gated_uniform,2.0,8,4,,2,0,0.0,33.977483017778354,0.6795496603555671,0.34501293341818995,0.9859154929577465,5.936619718309859,284
traffic,speed_eps2.0,p_gated_uniform,2.0,8,4,4.0,2,0,0.0,50.89344004381247,1.0178688008762493,0.3437917617847923,0.9859154929577465,5.936619718309859,284
traffic,speed_eps2.0,p_gated_uniform,2.0,8,4,8.0,2,0,0.0,33.977483017778354,0.6795496603555671,0.34501293341818995,0.9859154929577465,5.936619718309859,284
traffic,speed_eps2.0,p_gated_uniform,2.0,8,4,16.0,2,0,0.0,33.977483017778354,0.6795496603555671,0.34501293341818995,0.9859154929577465,5.936619718309859,284
traffic,speed_eps2.0,p_gated_uniform,2.0,8,6,,2,0,0.0,34.13277635362531,0.6826555270725062,0.341300729037674,0.9823943661971831,5.936619718309859,284
traffic,speed_eps2.0,p_gated_uniform,2.0,8,6,8.0,2,0,0.0,34.13277635362531,0.6826555270725062,0.341300729037674,0.9823943661971831,5.936619718309859,284
traffic,speed_eps2.0,p_gated_uniform,2.0,8,6,16.0,2,0,0.0,34.13277635362531,0.6826555270725062,0.341300729037674,0.9823943661971831,5.936619718309859,284
traffic,speed_eps2.0,p_gated_uniform,2.0,8,1,,2,2,0.0,35.216952211974046,0.7043390442394809,0.4182735368426705,1.0,5.936619718309859,284
traffic,speed_eps2.0,p_gated_uniform,2.0,8,1,4.0,2,2,0.0,51.8752591761295,1.03750518352259,0.4645912337433813,1.0,5.936619718309859,284
traffic,speed_eps2.0,p_gated_uniform,2.0,8,1,8.0,2,2,0.0,35.216952211974046,0.7043390442394809,0.4182735368426705,1.0,5.936619718309859,284
traffic,speed_eps2.0,p_gated_uniform,2.0,8,1,16.0,2,2,0.0,35.216952211974046,0.7043390442394809,0.4182735368426705,1.0,5.936619718309859,284
traffic,speed_eps2.0,p_gated_uniform,2.0,8,2,,2,2,0.0,35.216952211974046,0.7043390442394809,0.4182735368426705,1.0,5.936619718309859,284
traffic,speed_eps2.0,p_gated_uniform,2.0,8,2,4.0,2,2,0.0,51.8752591761295,1.03750518352259,0.4645912337433813,1.0,5.936619718309859,284
traffic,speed_eps2.0,p_gated_uniform,2.0,8,2,8.0,2,2,0.0,35.216952211974046,0.7043390442394809,0.4182735368426705,1.0,5.936619718309859,284
traffic,speed_eps2.0,p_gated_uniform,2.0,8,2,16.0,2,2,0.0,35.216952211974046,0.7043390442394809,0.4182735368426705,1.0,5.936619718309859,284
traffic,speed_eps2.0,p_gated_uniform,2.0,8,3,,2,2,0.0,33.977483017778354,0.6795496603555671,0.34501293341818995,0.99644128113879,5.9786476868327405,281
traffic,speed_eps2.0,p_gated_uniform,2.0,8,3,4.0,2,2,0.0,50.89344004381247,1.0178688008762493,0.3437917617847923,0.99644128113879,5.9786476868327405,281
traffic,speed_eps2.0,p_gated_uniform,2.0,8,3,8.0,2,2,0.0,33.977483017778354,0.6795496603555671,0.34501293341818995,0.99644128113879,5.9786476868327405,281
traffic,speed_eps2.0,p_gated_uniform,2.0,8,3,16.0,2,2,0.0,33.977483017778354,0.6795496603555671,0.34501293341818995,0.99644128113879,5.9786476868327405,281
traffic,speed_eps2.0,p_gated_uniform,2.0,8,4,,2,2,0.0,33.977483017778354,0.6795496603555671,0.34501293341818995,0.99644128113879,5.9786476868327405,281
traffic,speed_eps2.0,p_gated_uniform,2.0,8,4,4.0,2,2,0.0,50.89344004381247,1.0178688008762493,0.3437917617847923,0.99644128113879,5.9786476868327405,281
traffic,speed_eps2.0,p_gated_uniform,2.0,8,4,8.0,2,2,0.0,33.977483017778354,0.6795496603555671,0.34501293341818995,0.99644128113879,5.9786476868327405,281
traffic,speed_eps2.0,p_gated_uniform,2.0,8,4,16.0,2,2,0.0,33.977483017778354,0.6795496603555671,0.34501293341818995,0.99644128113879,5.9786476868327405,281
traffic,speed_eps2.0,p_gated_uniform,2.0,8,6,,2,2,0.0,34.13277635362531,0.6826555270725062,0.341300729037674,0.9928825622775801,5.9786476868327405,281
traffic,speed_eps2.0,p_gated_uniform,2.0,8,6,8.0,2,2,0.0,34.13277635362531,0.6826555270725062,0.341300729037674,0.9928825622775801,5.9786476868327405,281
traffic,speed_eps2.0,p_gated_uniform,2.0,8,6,16.0,2,2,0.0,34.13277635362531,0.6826555270725062,0.341300729037674,0.9928825622775801,5.9786476868327405,281
traffic,speed_eps2.0,p_gated_uniform,2.0,8,1,,2,4,0.0,35.216952211974046,0.7043390442394809,0.4182735368426705,1.0,5.936619718309859,284
traffic,speed_eps2.0,p_gated_uniform,2.0,8,1,4.0,2,4,0.0,51.8752591761295,1.03750518352259,0.4645912337433813,1.0,5.936619718309859,284
traffic,speed_eps2.0,p_gated_uniform,2.0,8,1,8.0,2,4,0.0,35.216952211974046,0.7043390442394809,0.4182735368426705,1.0,5.936619718309859,284
traffic,speed_eps2.0,p_gated_uniform,2.0,8,1,16.0,2,4,0.0,35.216952211974046,0.7043390442394809,0.4182735368426705,1.0,5.936619718309859,284
traffic,speed_eps2.0,p_gated_uniform,2.0,8,2,,2,4,0.0,35.216952211974046,0.7043390442394809,0.4182735368426705,1.0,5.936619718309859,284
traffic,speed_eps2.0,p_gated_uniform,2.0,8,2,4.0,2,4,0.0,51.8752591761295,1.03750518352259,0.4645912337433813,1.0,5.936619718309859,284
traffic,speed_eps2.0,p_gated_uniform,2.0,8,2,8.0,2,4,0.0,35.216952211974046,0.7043390442394809,0.4182735368426705,1.0,5.936619718309859,284
traffic,speed_eps2.0,p_gated_uniform,2.0,8,2,16.0,2,4,0.0,35.216952211974046,0.7043390442394809,0.4182735368426705,1.0,5.936619718309859,284
traffic,speed_eps2.0,p_gated_uniform,2.0,8,3,,2,4,0.0,33.977483017778354,0.6795496603555671,0.34501293341818995,1.0,5.992857142857143,280
traffic,speed_eps2.0,p_gated_uniform,2.0,8,3,4.0,2,4,0.0,50.89344004381247,1.0178688008762493,0.3437917617847923,1.0,5.992857142857143,280
traffic,speed_eps2.0,p_gated_uniform,2.0,8,3,8.0,2,4,0.0,33.977483017778354,0.6795496603555671,0.34501293341818995,1.0,5.992857142857143,280
traffic,speed_eps2.0,p_gated_uniform,2.0,8,3,16.0,2,4,0.0,33.977483017778354,0.6795496603555671,0.34501293341818995,1.0,5.992857142857143,280
traffic,speed_eps2.0,p_gated_uniform,2.0,8,4,,2,4,0.0,33.977483017778354,0.6795496603555671,0.34501293341818995,1.0,5.992857142857143,280
traffic,speed_eps2.0,p_gated_uniform,2.0,8,4,4.0,2,4,0.0,50.89344004381247,1.0178688008762493,0.3437917617847923,1.0,5.992857142857143,280
traffic,speed_eps2.0,p_gated_uniform,2.0,8,4,8.0,2,4,0.0,33.977483017778354,0.6795496603555671,0.34501293341818995,1.0,5.992857142857143,280
traffic,speed_eps2.0,p_gated_uniform,2.0,8,4,16.0,2,4,0.0,33.977483017778354,0.6795496603555671,0.34501293341818995,1.0,5.992857142857143,280
traffic,speed_eps2.0,p_gated_uniform,2.0,8,6,,2,4,0.0,34.13277635362531,0.6826555270725062,0.341300729037674,0.9964285714285714,5.992857142857143,280
traffic,speed_eps2.0,p_gated_uniform,2.0,8,6,8.0,2,4,0.0,34.13277635362531,0.6826555270725062,0.341300729037674,0.9964285714285714,5.992857142857143,280
traffic,speed_eps2.0,p_gated_uniform,2.0,8,6,16.0,2,4,0.0,34.13277635362531,0.6826555270725062,0.341300729037674,0.9964285714285714,5.992857142857143,280
traffic,speed_eps2.0,p_gated_uniform,2.0,8,1,,4,0,0.0,32.739884895075,0.6547976979015,0.8687839899535338,1.0,5.943661971830986,142
traffic,speed_eps2.0,p_gated_uniform,2.0,8,1,4.0,4,0,0.0,48.350627500376476,0.9670125500075295,0.8171292804914772,1.0,5.943661971830986,142
traffic,speed_eps2.0,p_gated_uniform,2.0,8,1,8.0,4,0,0.0,32.739884895075,0.6547976979015,0.8687839899535338,1.0,5.943661971830986,142
traffic,speed_eps2.0,p_gated_uniform,2.0,8,1,16.0,4,0,0.0,32.739884895075,0.6547976979015,0.8687839899535338,1.0,5.943661971830986,142
traffic,speed_eps2.0,p_gated_uniform,2.0,8,2,,4,0,0.0,32.739884895075,0.6547976979015,0.8687839899535338,1.0,5.943661971830986,142
traffic,speed_eps2.0,p_gated_uniform,2.0,8,2,4.0,4,0,0.0,48.350627500376476,0.9670125500075295,0.8171292804914772,1.0,5.943661971830986,142
traffic,speed_eps2.0,p_gated_uniform,2.0,8,2,8.0,4,0,0.0,32.739884895075,0.6547976979015,0.8687839899535338,1.0,5.943661971830986,142
traffic,speed_eps2.0,p_gated_uniform,2.0,8,2,16.0,4,0,0.0,32.739884895075,0.6547976979015,0.8687839899535338,1.0,5.943661971830986,142
traffic,speed_eps2.0,p_gated_uniform,2.0,8,3,,4,0,0.0,31.984411195985064,0.6396882239197013,0.8378019903553986,0.9859154929577465,5.943661971830986,142
traffic,speed_eps2.0,p_gated_uniform,2.0,8,3,4.0,4,0,0.0,47.9766167939776,0.959532335879552,0.8207094687601635,0.9859154929577465,5.943661971830986,142
traffic,speed_eps2.0,p_gated_uniform,2.0,8,3,8.0,4,0,0.0,31.984411195985064,0.6396882239197013,0.8378019903553986,0.9859154929577465,5.943661971830986,142
traffic,speed_eps2.0,p_gated_uniform,2.0,8,3,16.0,4,0,0.0,31.984411195985064,0.6396882239197013,0.8378019903553986,0.9859154929577465,5.943661971830986,142
traffic,speed_eps2.0,p_gated_uniform,2.0,8,4,,4,0,0.0,31.984411195985064,0.6396882239197013,0.8378019903553986,0.9859154929577465,5.943661971830986,142
traffic,speed_eps2.0,p_gated_uniform,2.0,8,4,4.0,4,0,0.0,47.9766167939776,0.959532335879552,0.8207094687601635,0.9859154929577465,5.943661971830986,142
traffic,speed_eps2.0,p_gated_uniform,2.0,8,4,8.0,4,0,0.0,31.984411195985064,0.6396882239197013,0.8378019903553986,0.9859154929577465,5.943661971830986,142
traffic,speed_eps2.0,p_gated_uniform,2.0,8,4,16.0,4,0,0.0,31.984411195985064,0.6396882239197013,0.8378019903553986,0.9859154929577465,5.943661971830986,142
traffic,speed_eps2.0,p_gated_uniform,2.0,8,6,,4,0,0.0,31.984411195985064,0.6396882239197013,0.8378019903553986,0.9859154929577465,5.943661971830986,142
traffic,speed_eps2.0,p_gated_uniform,2.0,8,6,8.0,4,0,0.0,31.984411195985064,0.6396882239197013,0.8378019903553986,0.9859154929577465,5.943661971830986,142
traffic,speed_eps2.0,p_gated_uniform,2.0,8,6,16.0,4,0,0.0,31.984411195985064,0.6396882239197013,0.8378019903553986,0.9859154929577465,5.943661971830986,142
traffic,speed_eps2.0,p_gated_uniform,2.0,8,1,,4,2,0.0,32.739884895075,0.6547976979015,0.8687839899535338,1.0,5.943661971830986,142
traffic,speed_eps2.0,p_gated_uniform,2.0,8,1,4.0,4,2,0.0,48.350627500376476,0.9670125500075295,0.8171292804914772,1.0,5.943661971830986,142
traffic,speed_eps2.0,p_gated_uniform,2.0,8,1,8.0,4,2,0.0,32.739884895075,0.6547976979015,0.8687839899535338,1.0,5.943661971830986,142
traffic,speed_eps2.0,p_gated_uniform,2.0,8,1,16.0,4,2,0.0,32.739884895075,0.6547976979015,0.8687839899535338,1.0,5.943661971830986,142
traffic,speed_eps2.0,p_gated_uniform,2.0,8,2,,4,2,0.0,32.739884895075,0.6547976979015,0.8687839899535338,1.0,5.943661971830986,142
traffic,speed_eps2.0,p_gated_uniform,2.0,8,2,4.0,4,2,0.0,48.350627500376476,0.9670125500075295,0.8171292804914772,1.0,5.943661971830986,142
traffic,speed_eps2.0,p_gated_uniform,2.0,8,2,8.0,4,2,0.0,32.739884895075,0.6547976979015,0.8687839899535338,1.0,5.943661971830986,142
traffic,speed_eps2.0,p_gated_uniform,2.0,8,2,16.0,4,2,0.0,32.739884895075,0.6547976979015,0.8687839899535338,1.0,5.943661971830986,142
traffic,speed_eps2.0,p_gated_uniform,2.0,8,3,,4,2,0.0,31.984411195985064,0.6396882239197013,0.8378019903553986,1.0,6.0,140
traffic,speed_eps2.0,p_gated_uniform,2.0,8,3,4.0,4,2,0.0,47.9766167939776,0.959532335879552,0.8207094687601635,1.0,6.0,140
traffic,speed_eps2.0,p_gated_uniform,2.0,8,3,8.0,4,2,0.0,31.984411195985064,0.6396882239197013,0.8378019903553986,1.0,6.0,140
traffic,speed_eps2.0,p_gated_uniform,2.0,8,3,16.0,4,2,0.0,31.984411195985064,0.6396882239197013,0.8378019903553986,1.0,6.0,140
traffic,speed_eps2.0,p_gated_uniform,2.0,8,4,,4,2,0.0,31.984411195985064,0.6396882239197013,0.8378019903553986,1.0,6.0,140
traffic,speed_eps2.0,p_gated_uniform,2.0,8,4,4.0,4,2,0.0,47.9766167939776,0.959532335879552,0.8207094687601635,1.0,6.0,140
traffic,speed_eps2.0,p_gated_uniform,2.0,8,4,8.0,4,2,0.0,31.984411195985064,0.6396882239197013,0.8378019903553986,1.0,6.0,140
traffic,speed_eps2.0,p_gated_uniform,2.0,8,4,16.0,4,2,0.0,31.984411195985064,0.6396882239197013,0.8378019903553986,1.0,6.0,140
traffic,speed_eps2.0,p_gated_uniform,2.0,8,6,,4,2,0.0,31.984411195985064,0.6396882239197013,0.8378019903553986,1.0,6.0,140
traffic,speed_eps2.0,p_gated_uniform,2.0,8,6,8.0,4,2,0.0,31.984411195985064,0.6396882239197013,0.8378019903553986,1.0,6.0,140
traffic,speed_eps2.0,p_gated_uniform,2.0,8,6,16.0,4,2,0.0,31.984411195985064,0.6396882239197013,0.8378019903553986,1.0,6.0,140
traffic,speed_eps2.0,p_gated_uniform,2.0,8,1,,4,4,0.0,32.739884895075,0.6547976979015,0.8687839899535338,1.0,5.943661971830986,142
traffic,speed_eps2.0,p_gated_uniform,2.0,8,1,4.0,4,4,0.0,48.350627500376476,0.9670125500075295,0.8171292804914772,1.0,5.943661971830986,142
traffic,speed_eps2.0,p_gated_uniform,2.0,8,1,8.0,4,4,0.0,32.739884895075,0.6547976979015,0.8687839899535338,1.0,5.943661971830986,142
traffic,speed_eps2.0,p_gated_uniform,2.0,8,1,16.0,4,4,0.0,32.739884895075,0.6547976979015,0.8687839899535338,1.0,5.943661971830986,142
traffic,speed_eps2.0,p_gated_uniform,2.0,8,2,,4,4,0.0,32.739884895075,0.6547976979015,0.8687839899535338,1.0,5.943661971830986,142
traffic,speed_eps2.0,p_gated_uniform,2.0,8,2,4.0,4,4,0.0,48.350627500376476,0.9670125500075295,0.8171292804914772,1.0,5.943661971830986,142
traffic,speed_eps2.0,p_gated_uniform,2.0,8,2,8.0,4,4,0.0,32.739884895075,0.6547976979015,0.8687839899535338,1.0,5.943661971830986,142
traffic,speed_eps2.0,p_gated_uniform,2.0,8,2,16.0,4,4,0.0,32.739884895075,0.6547976979015,0.8687839899535338,1.0,5.943661971830986,142
traffic,speed_eps2.0,p_gated_uniform,2.0,8,3,,4,4,0.0,31.984411195985064,0.6396882239197013,0.8378019903553986,1.0,6.0,140
traffic,speed_eps2.0,p_gated_uniform,2.0,8,3,4.0,4,4,0.0,47.9766167939776,0.959532335879552,0.8207094687601635,1.0,6.0,140
traffic,speed_eps2.0,p_gated_uniform,2.0,8,3,8.0,4,4,0.0,31.984411195985064,0.6396882239197013,0.8378019903553986,1.0,6.0,140
traffic,speed_eps2.0,p_gated_uniform,2.0,8,3,16.0,4,4,0.0,31.984411195985064,0.6396882239197013,0.8378019903553986,1.0,6.0,140
traffic,speed_eps2.0,p_gated_uniform,2.0,8,4,,4,4,0.0,31.984411195985064,0.6396882239197013,0.8378019903553986,1.0,6.0,140
traffic,speed_eps2.0,p_gated_uniform,2.0,8,4,4.0,4,4,0.0,47.9766167939776,0.959532335879552,0.8207094687601635,1.0,6.0,140
traffic,speed_eps2.0,p_gated_uniform,2.0,8,4,8.0,4,4,0.0,31.984411195985064,0.6396882239197013,0.8378019903553986,1.0,6.0,140
traffic,speed_eps2.0,p_gated_uniform,2.0,8,4,16.0,4,4,0.0,31.984411195985064,0.6396882239197013,0.8378019903553986,1.0,6.0,140
traffic,speed_eps2.0,p_gated_uniform,2.0,8,6,,4,4,0.0,31.984411195985064,0.6396882239197013,0.8378019903553986,1.0,6.0,140
traffic,speed_eps2.0,p_gated_uniform,2.0,8,6,8.0,4,4,0.0,31.984411195985064,0.6396882239197013,0.8378019903553986,1.0,6.0,140
traffic,speed_eps2.0,p_gated_uniform,2.0,8,6,16.0,4,4,0.0,31.984411195985064,0.6396882239197013,0.8378019903553986,1.0,6.0,140
traffic,speed_eps2.0,p_gated_sample,2.0,8,1,,1,0,0.0,5.597996237308723,0.11195992474617446,0.23995524260918422,0.125,5.926056338028169,568
traffic,speed_eps2.0,p_gated_sample,2.0,8,1,4.0,1,0,0.0,7.107515889321419,0.1421503177864284,0.37459696687987726,0.125,5.926056338028169,568
traffic,speed_eps2.0,p_gated_sample,2.0,8,1,8.0,1,0,0.0,5.597996237308723,0.11195992474617446,0.23995524260918422,0.125,5.926056338028169,568
traffic,speed_eps2.0,p_gated_sample,2.0,8,1,16.0,1,0,0.0,5.597996237308723,0.11195992474617446,0.23995524260918422,0.125,5.926056338028169,568
traffic,speed_eps2.0,p_gated_sample,2.0,8,2,,1,0,0.0,5.597996237308723,0.11195992474617446,0.23995524260918422,0.125,5.926056338028169,568
traffic,speed_eps2.0,p_gated_sample,2.0,8,2,4.0,1,0,0.0,7.107515889321419,0.1421503177864284,0.37459696687987726,0.125,5.926056338028169,568
traffic,speed_eps2.0,p_gated_sample,2.0,8,2,8.0,1,0,0.0,5.597996237308723,0.11195992474617446,0.23995524260918422,0.125,5.926056338028169,568
traffic,speed_eps2.0,p_gated_sample,2.0,8,2,16.0,1,0,0.0,5.597996237308723,0.11195992474617446,0.23995524260918422,0.125,5.926056338028169,568
traffic,speed_eps2.0,p_gated_sample,2.0,8,3,,1,0,0.0,5.766512367978076,0.11533024735956152,0.19346010226696753,0.12147887323943662,5.926056338028169,568
traffic,speed_eps2.0,p_gated_sample,2.0,8,3,4.0,1,0,0.0,7.497357454947949,0.14994714909895898,0.3095943081950246,0.12147887323943662,5.926056338028169,568
traffic,speed_eps2.0,p_gated_sample,2.0,8,3,8.0,1,0,0.0,5.766512367978076,0.11533024735956152,0.19346010226696753,0.12147887323943662,5.926056338028169,568
traffic,speed_eps2.0,p_gated_sample,2.0,8,3,16.0,1,0,0.0,5.766512367978076,0.11533024735956152,0.19346010226696753,0.12147887323943662,5.926056338028169,568
traffic,speed_eps2.0,p_gated_sample,2.0,8,4,,1,0,0.0,5.766512367978076,0.11533024735956152,0.19346010226696753,0.12147887323943662,5.926056338028169,568
traffic,speed_eps2.0,p_gated_sample,2.0,8,4,4.0,1,0,0.0,7.497357454947949,0.14994714909895898,0.3095943081950246,0.12147887323943662,5.926056338028169,568
traffic,speed_eps2.0,p_gated_sample,2.0,8,4,8.0,1,0,0.0,5.766512367978076,0.11533024735956152,0.19346010226696753,0.12147887323943662,5.926056338028169,568
traffic,speed_eps2.0,p_gated_sample,2.0,8,4,16.0,1,0,0.0,5.766512367978076,0.11533024735956152,0.19346010226696753,0.12147887323943662,5.926056338028169,568
traffic,speed_eps2.0,p_gated_sample,2.0,8,6,,1,0,0.0,5.766512367978076,0.11533024735956152,0.19346010226696753,0.12147887323943662,5.926056338028169,568
traffic,speed_eps2.0,p_gated_sample,2.0,8,6,8.0,1,0,0.0,5.766512367978076,0.11533024735956152,0.19346010226696753,0.12147887323943662,5.926056338028169,568
traffic,speed_eps2.0,p_gated_sample,2.0,8,6,16.0,1,0,0.0,5.766512367978076,0.11533024735956152,0.19346010226696753,0.12147887323943662,5.926056338028169,568
traffic,speed_eps2.0,p_gated_sample,2.0,8,1,,1,2,0.0,5.597996237308723,0.11195992474617446,0.23995524260918422,0.125,5.926056338028169,568
traffic,speed_eps2.0,p_gated_sample,2.0,8,1,4.0,1,2,0.0,7.107515889321419,0.1421503177864284,0.37459696687987726,0.125,5.926056338028169,568
traffic,speed_eps2.0,p_gated_sample,2.0,8,1,8.0,1,2,0.0,5.597996237308723,0.11195992474617446,0.23995524260918422,0.125,5.926056338028169,568
traffic,speed_eps2.0,p_gated_sample,2.0,8,1,16.0,1,2,0.0,5.597996237308723,0.11195992474617446,0.23995524260918422,0.125,5.926056338028169,568
traffic,speed_eps2.0,p_gated_sample,2.0,8,2,,1,2,0.0,5.597996237308723,0.11195992474617446,0.23995524260918422,0.125,5.926056338028169,568
traffic,speed_eps2.0,p_gated_sample,2.0,8,2,4.0,1,2,0.0,7.107515889321419,0.1421503177864284,0.37459696687987726,0.125,5.926056338028169,568
traffic,speed_eps2.0,p_gated_sample,2.0,8,2,8.0,1,2,0.0,5.597996237308723,0.11195992474617446,0.23995524260918422,0.125,5.926056338028169,568
traffic,speed_eps2.0,p_gated_sample,2.0,8,2,16.0,1,2,0.0,5.597996237308723,0.11195992474617446,0.23995524260918422,0.125,5.926056338028169,568
traffic,speed_eps2.0,p_gated_sample,2.0,8,3,,1,2,0.0,5.461700558491191,0.10923401116982381,0.26115324110327,0.12455516014234876,5.967971530249111,562
traffic,speed_eps2.0,p_gated_sample,2.0,8,3,4.0,1,2,0.0,7.166409812655003,0.14332819625310006,0.3016244392377795,0.12455516014234876,5.967971530249111,562
traffic,speed_eps2.0,p_gated_sample,2.0,8,3,8.0,1,2,0.0,5.461700558491191,0.10923401116982381,0.26115324110327,0.12455516014234876,5.967971530249111,562
traffic,speed_eps2.0,p_gated_sample,2.0,8,3,16.0,1,2,0.0,5.461700558491191,0.10923401116982381,0.26115324110327,0.12455516014234876,5.967971530249111,562
traffic,speed_eps2.0,p_gated_sample,2.0,8,4,,1,2,0.0,5.461700558491191,0.10923401116982381,0.26115324110327,0.12455516014234876,5.967971530249111,562
traffic,speed_eps2.0,p_gated_sample,2.0,8,4,4.0,1,2,0.0,7.166409812655003,0.14332819625310006,0.3016244392377795,0.12455516014234876,5.967971530249111,562
traffic,speed_eps2.0,p_gated_sample,2.0,8,4,8.0,1,2,0.0,5.461700558491191,0.10923401116982381,0.26115324110327,0.12455516014234876,5.967971530249111,562
traffic,speed_eps2.0,p_gated_sample,2.0,8,4,16.0,1,2,0.0,5.461700558491191,0.10923401116982381,0.26115324110327,0.12455516014234876,5.967971530249111,562
traffic,speed_eps2.0,p_gated_sample,2.0,8,6,,1,2,0.0,5.457237057821284,0.10914474115642568,0.24779808441808687,0.12321428571428572,5.975,560
traffic,speed_eps2.0,p_gated_sample,2.0,8,6,8.0,1,2,0.0,5.457237057821284,0.10914474115642568,0.24779808441808687,0.12321428571428572,5.975,560
traffic,speed_eps2.0,p_gated_sample,2.0,8,6,16.0,1,2,0.0,5.457237057821284,0.10914474115642568,0.24779808441808687,0.12321428571428572,5.975,560
traffic,speed_eps2.0,p_gated_sample,2.0,8,1,,1,4,0.0,5.597996237308723,0.11195992474617446,0.23995524260918422,0.125,5.926056338028169,568
traffic,speed_eps2.0,p_gated_sample,2.0,8,1,4.0,1,4,0.0,7.107515889321419,0.1421503177864284,0.37459696687987726,0.125,5.926056338028169,568
traffic,speed_eps2.0,p_gated_sample,2.0,8,1,8.0,1,4,0.0,5.597996237308723,0.11195992474617446,0.23995524260918422,0.125,5.926056338028169,568
traffic,speed_eps2.0,p_gated_sample,2.0,8,1,16.0,1,4,0.0,5.597996237308723,0.11195992474617446,0.23995524260918422,0.125,5.926056338028169,568
traffic,speed_eps2.0,p_gated_sample,2.0,8,2,,1,4,0.0,5.597996237308723,0.11195992474617446,0.23995524260918422,0.125,5.926056338028169,568
traffic,speed_eps2.0,p_gated_sample,2.0,8,2,4.0,1,4,0.0,7.107515889321419,0.1421503177864284,0.37459696687987726,0.125,5.926056338028169,568
traffic,speed_eps2.0,p_gated_sample,2.0,8,2,8.0,1,4,0.0,5.597996237308723,0.11195992474617446,0.23995524260918422,0.125,5.926056338028169,568
traffic,speed_eps2.0,p_gated_sample,2.0,8,2,16.0,1,4,0.0,5.597996237308723,0.11195992474617446,0.23995524260918422,0.125,5.926056338028169,568
traffic,speed_eps2.0,p_gated_sample,2.0,8,3,,1,4,0.0,5.766512367978076,0.11533024735956152,0.19346010226696753,0.12321428571428572,5.982142857142857,560
traffic,speed_eps2.0,p_gated_sample,2.0,8,3,4.0,1,4,0.0,7.497357454947949,0.14994714909895898,0.3095943081950246,0.12321428571428572,5.982142857142857,560
traffic,speed_eps2.0,p_gated_sample,2.0,8,3,8.0,1,4,0.0,5.766512367978076,0.11533024735956152,0.19346010226696753,0.12321428571428572,5.982142857142857,560
traffic,speed_eps2.0,p_gated_sample,2.0,8,3,16.0,1,4,0.0,5.766512367978076,0.11533024735956152,0.19346010226696753,0.12321428571428572,5.982142857142857,560
traffic,speed_eps2.0,p_gated_sample,2.0,8,4,,1,4,0.0,5.766512367978076,0.11533024735956152,0.19346010226696753,0.12321428571428572,5.982142857142857,560
traffic,speed_eps2.0,p_gated_sample,2.0,8,4,4.0,1,4,0.0,7.497357454947949,0.14994714909895898,0.3095943081950246,0.12321428571428572,5.982142857142857,560
traffic,speed_eps2.0,p_gated_sample,2.0,8,4,8.0,1,4,0.0,5.766512367978076,0.11533024735956152,0.19346010226696753,0.12321428571428572,5.982142857142857,560
traffic,speed_eps2.0,p_gated_sample,2.0,8,4,16.0,1,4,0.0,5.766512367978076,0.11533024735956152,0.19346010226696753,0.12321428571428572,5.982142857142857,560
traffic,speed_eps2.0,p_gated_sample,2.0,8,6,,1,4,0.0,5.77004171246851,0.1154008342493702,0.19346010226696753,0.12365591397849462,5.989247311827957,558
traffic,speed_eps2.0,p_gated_sample,2.0,8,6,8.0,1,4,0.0,5.77004171246851,0.1154008342493702,0.19346010226696753,0.12365591397849462,5.989247311827957,558
traffic,speed_eps2.0,p_gated_sample,2.0,8,6,16.0,1,4,0.0,5.77004171246851,0.1154008342493702,0.19346010226696753,0.12365591397849462,5.989247311827957,558
traffic,speed_eps2.0,p_gated_sample,2.0,8,1,,2,0,0.0,5.0049546817999095,0.10009909363599818,0.14254889564475043,0.1267605633802817,5.936619718309859,284
traffic,speed_eps2.0,p_gated_sample,2.0,8,1,4.0,2,0,0.0,6.363286361823917,0.12726572723647833,0.24329033357624702,0.1267605633802817,5.936619718309859,284
traffic,speed_eps2.0,p_gated_sample,2.0,8,1,8.0,2,0,0.0,5.0049546817999095,0.10009909363599818,0.14254889564475043,0.1267605633802817,5.936619718309859,284
traffic,speed_eps2.0,p_gated_sample,2.0,8,1,16.0,2,0,0.0,5.0049546817999095,0.10009909363599818,0.14254889564475043,0.1267605633802817,5.936619718309859,284
traffic,speed_eps2.0,p_gated_sample,2.0,8,2,,2,0,0.0,5.0049546817999095,0.10009909363599818,0.14254889564475043,0.1267605633802817,5.936619718309859,284
traffic,speed_eps2.0,p_gated_sample,2.0,8,2,4.0,2,0,0.0,6.363286361823917,0.12726572723647833,0.24329033357624702,0.1267605633802817,5.936619718309859,284
traffic,speed_eps2.0,p_gated_sample,2.0,8,2,8.0,2,0,0.0,5.0049546817999095,0.10009909363599818,0.14254889564475043,0.1267605633802817,5.936619718309859,284
traffic,speed_eps2.0,p_gated_sample,2.0,8,2,16.0,2,0,0.0,5.0049546817999095,0.10009909363599818,0.14254889564475043,0.1267605633802817,5.936619718309859,284
traffic,speed_eps2.0,p_gated_sample,2.0,8,3,,2,0,0.0,4.654234448647201,0.09308468897294402,0.22630829703741823,0.12323943661971831,5.936619718309859,284
traffic,speed_eps2.0,p_gated_sample,2.0,8,3,4.0,2,0,0.0,5.991708496456273,0.11983416992912545,0.2498665045447787,0.12323943661971831,5.936619718309859,284
traffic,speed_eps2.0,p_gated_sample,2.0,8,3,8.0,2,0,0.0,4.654234448647201,0.09308468897294402,0.22630829703741823,0.12323943661971831,5.936619718309859,284
traffic,speed_eps2.0,p_gated_sample,2.0,8,3,16.0,2,0,0.0,4.654234448647201,0.09308468897294402,0.22630829703741823,0.12323943661971831,5.936619718309859,284
traffic,speed_eps2.0,p_gated_sample,2.0,8,4,,2,0,0.0,4.654234448647201,0.09308468897294402,0.22630829703741823,0.12323943661971831,5.936619718309859,284
traffic,speed_eps2.0,p_gated_sample,2.0,8,4,4.0,2,0,0.0,5.991708496456273,0.11983416992912545,0.2498665045447787,0.12323943661971831,5.936619718309859,284
traffic,speed_eps2.0,p_gated_sample,2.0,8,4,8.0,2,0,0.0,4.654234448647201,0.09308468897294402,0.22630829703741823,0.12323943661971831,5.936619718309859,284
traffic,speed_eps2.0,p_gated_sample,2.0,8,4,16.0,2,0,0.0,4.654234448647201,0.09308468897294402,0.22630829703741823,0.12323943661971831,5.936619718309859,284
traffic,speed_eps2.0,p_gated_sample,2.0,8,6,,2,0,0.0,4.654234448647201,0.09308468897294402,0.22630829703741823,0.12323943661971831,5.936619718309859,284
traffic,speed_eps2.0,p_gated_sample,2.0,8,6,8.0,2,0,0.0,4.654234448647201,0.09308468897294402,0.22630829703741823,0.12323943661971831,5.936619718309859,284
traffic,speed_eps2.0,p_gated_sample,2.0,8,6,16.0,2,0,0.0,4.654234448647201,0.09308468897294402,0.22630829703741823,0.12323943661971831,5.936619718309859,284
traffic,speed_eps2.0,p_gated_sample,2.0,8,1,,2,2,0.0,5.0049546817999095,0.10009909363599818,0.14254889564475043,0.1267605633802817,5.936619718309859,284
traffic,speed_eps2.0,p_gated_sample,2.0,8,1,4.0,2,2,0.0,6.363286361823917,0.12726572723647833,0.24329033357624702,0.1267605633802817,5.936619718309859,284
traffic,speed_eps2.0,p_gated_sample,2.0,8,1,8.0,2,2,0.0,5.0049546817999095,0.10009909363599818,0.14254889564475043,0.1267605633802817,5.936619718309859,284
traffic,speed_eps2.0,p_gated_sample,2.0,8,1,16.0,2,2,0.0,5.0049546817999095,0.10009909363599818,0.14254889564475043,0.1267605633802817,5.936619718309859,284
traffic,speed_eps2.0,p_gated_sample,2.0,8,2,,2,2,0.0,5.0049546817999095,0.10009909363599818,0.14254889564475043,0.1267605633802817,5.936619718309859,284
traffic,speed_eps2.0,p_gated_sample,2.0,8,2,4.0,2,2,0.0,6.363286361823917,0.12726572723647833,0.24329033357624702,0.1267605633802817,5.936619718309859,284
traffic,speed_eps2.0,p_gated_sample,2.0,8,2,8.0,2,2,0.0,5.0049546817999095,0.10009909363599818,0.14254889564475043,0.1267605633802817,5.936619718309859,284
traffic,speed_eps2.0,p_gated_sample,2.0,8,2,16.0,2,2,0.0,5.0049546817999095,0.10009909363599818,0.14254889564475043,0.1267605633802817,5.936619718309859,284
traffic,speed_eps2.0,p_gated_sample,2.0,8,3,,2,2,0.0,5.352094410217819,0.10704188820435638,0.3682505927174369,0.12455516014234876,5.9786476868327405,281
traffic,speed_eps2.0,p_gated_sample,2.0,8,3,4.0,2,2,0.0,6.908248075840039,0.13816496151680077,0.2866884615411304,0.12455516014234876,5.9786476868327405,281
traffic,speed_eps2.0,p_gated_sample,2.0,8,3,8.0,2,2,0.0,5.352094410217819,0.10704188820435638,0.3682505927174369,0.12455516014234876,5.9786476868327405,281
traffic,speed_eps2.0,p_gated_sample,2.0,8,3,16.0,2,2,0.0,5.352094410217819,0.10704188820435638,0.3682505927174369,0.12455516014234876,5.9786476868327405,281
traffic,speed_eps2.0,p_gated_sample,2.0,8,4,,2,2,0.0,5.352094410217819,0.10704188820435638,0.3682505927174369,0.12455516014234876,5.9786476868327405,281
traffic,speed_eps2.0,p_gated_sample,2.0,8,4,4.0,2,2,0.0,6.908248075840039,0.13816496151680077,0.2866884615411304,0.12455516014234876,5.9786476868327405,281
traffic,speed_eps2.0,p_gated_sample,2.0,8,4,8.0,2,2,0.0,5.352094410217819,0.10704188820435638,0.3682505927174369,0.12455516014234876,5.9786476868327405,281
traffic,speed_eps2.0,p_gated_sample,2.0,8,4,16.0,2,2,0.0,5.352094410217819,0.10704188820435638,0.3682505927174369,0.12455516014234876,5.9786476868327405,281
traffic,speed_eps2.0,p_gated_sample,2.0,8,6,,2,2,0.0,5.3425298803355785,0.10685059760671158,0.36920215788340854,0.12099644128113879,5.9786476868327405,281
traffic,speed_eps2.0,p_gated_sample,2.0,8,6,8.0,2,2,0.0,5.3425298803355785,0.10685059760671158,0.36920215788340854,0.12099644128113879,5.9786476868327405,281
traffic,speed_eps2.0,p_gated_sample,2.0,8,6,16.0,2,2,0.0,5.3425298803355785,0.10685059760671158,0.36920215788340854,0.12099644128113879,5.9786476868327405,281
traffic,speed_eps2.0,p_gated_sample,2.0,8,1,,2,4,0.0,5.0049546817999095,0.10009909363599818,0.14254889564475043,0.1267605633802817,5.936619718309859,284
traffic,speed_eps2.0,p_gated_sample,2.0,8,1,4.0,2,4,0.0,6.363286361823917,0.12726572723647833,0.24329033357624702,0.1267605633802817,5.936619718309859,284
traffic,speed_eps2.0,p_gated_sample,2.0,8,1,8.0,2,4,0.0,5.0049546817999095,0.10009909363599818,0.14254889564475043,0.1267605633802817,5.936619718309859,284
traffic,speed_eps2.0,p_gated_sample,2.0,8,1,16.0,2,4,0.0,5.0049546817999095,0.10009909363599818,0.14254889564475043,0.1267605633802817,5.936619718309859,284
traffic,speed_eps2.0,p_gated_sample,2.0,8,2,,2,4,0.0,5.0049546817999095,0.10009909363599818,0.14254889564475043,0.1267605633802817,5.936619718309859,284
traffic,speed_eps2.0,p_gated_sample,2.0,8,2,4.0,2,4,0.0,6.363286361823917,0.12726572723647833,0.24329033357624702,0.1267605633802817,5.936619718309859,284
traffic,speed_eps2.0,p_gated_sample,2.0,8,2,8.0,2,4,0.0,5.0049546817999095,0.10009909363599818,0.14254889564475043,0.1267605633802817,5.936619718309859,284
traffic,speed_eps2.0,p_gated_sample,2.0,8,2,16.0,2,4,0.0,5.0049546817999095,0.10009909363599818,0.14254889564475043,0.1267605633802817,5.936619718309859,284
traffic,speed_eps2.0,p_gated_sample,2.0,8,3,,2,4,0.0,4.807459362261104,0.09614918724522209,0.2999222883572585,0.125,5.992857142857143,280
traffic,speed_eps2.0,p_gated_sample,2.0,8,3,4.0,2,4,0.0,6.297749376980127,0.12595498753960255,0.4112452891581638,0.125,5.992857142857143,280
traffic,speed_eps2.0,p_gated_sample,2.0,8,3,8.0,2,4,0.0,4.807459362261104,0.09614918724522209,0.2999222883572585,0.125,5.992857142857143,280
traffic,speed_eps2.0,p_gated_sample,2.0,8,3,16.0,2,4,0.0,4.807459362261104,0.09614918724522209,0.2999222883572585,0.125,5.992857142857143,280
traffic,speed_eps2.0,p_gated_sample,2.0,8,4,,2,4,0.0,4.807459362261104,0.09614918724522209,0.2999222883572585,0.125,5.992857142857143,280
traffic,speed_eps2.0,p_gated_sample,2.0,8,4,4.0,2,4,0.0,6.297749376980127,0.12595498753960255,0.4112452891581638,0.125,5.992857142857143,280
traffic,speed_eps2.0,p_gated_sample,2.0,8,4,8.0,2,4,0.0,4.807459362261104,0.09614918724522209,0.2999222883572585,0.125,5.992857142857143,280
traffic,speed_eps2.0,p_gated_sample,2.0,8,4,16.0,2,4,0.0,4.807459362261104,0.09614918724522209,0.2999222883572585,0.125,5.992857142857143,280
traffic,speed_eps2.0,p_gated_sample,2.0,8,6,,2,4,0.0,4.807459362261104,0.09614918724522209,0.2999222883572585,0.125,5.992857142857143,280
traffic,speed_eps2.0,p_gated_sample,2.0,8,6,8.0,2,4,0.0,4.807459362261104,0.09614918724522209,0.2999222883572585,0.125,5.992857142857143,280
traffic,speed_eps2.0,p_gated_sample,2.0,8,6,16.0,2,4,0.0,4.807459362261104,0.09614918724522209,0.2999222883572585,0.125,5.992857142857143,280
traffic,speed_eps2.0,p_gated_sample,2.0,8,1,,4,0,0.0,4.610264147501097,0.09220528295002194,0.13221570212249106,0.1267605633802817,5.943661971830986,142
traffic,speed_eps2.0,p_gated_sample,2.0,8,1,4.0,4,0,0.0,5.550971045256848,0.11101942090513696,0.4545923902850167,0.1267605633802817,5.943661971830986,142
traffic,speed_eps2.0,p_gated_sample,2.0,8,1,8.0,4,0,0.0,4.610264147501097,0.09220528295002194,0.13221570212249106,0.1267605633802817,5.943661971830986,142
traffic,speed_eps2.0,p_gated_sample,2.0,8,1,16.0,4,0,0.0,4.610264147501097,0.09220528295002194,0.13221570212249106,0.1267605633802817,5.943661971830986,142
traffic,speed_eps2.0,p_gated_sample,2.0,8,2,,4,0,0.0,4.610264147501097,0.09220528295002194,0.13221570212249106,0.1267605633802817,5.943661971830986,142
traffic,speed_eps2.0,p_gated_sample,2.0,8,2,4.0,4,0,0.0,5.550971045256848,0.11101942090513696,0.4545923902850167,0.1267605633802817,5.943661971830986,142
traffic,speed_eps2.0,p_gated_sample,2.0,8,2,8.0,4,0,0.0,4.610264147501097,0.09220528295002194,0.13221570212249106,0.1267605633802817,5.943661971830986,142
traffic,speed_eps2.0,p_gated_sample,2.0,8,2,16.0,4,0,0.0,4.610264147501097,0.09220528295002194,0.13221570212249106,0.1267605633802817,5.943661971830986,142
traffic,speed_eps2.0,p_gated_sample,2.0,8,3,,4,0,0.0,3.648648839446816,0.07297297678893633,0.09294466977272958,0.11971830985915492,5.943661971830986,142
traffic,speed_eps2.0,p_gated_sample,2.0,8,3,4.0,4,0,0.0,4.892121969327971,0.09784243938655943,0.28841259487867565,0.11971830985915492,5.943661971830986,142
traffic,speed_eps2.0,p_gated_sample,2.0,8,3,8.0,4,0,0.0,3.648648839446816,0.07297297678893633,0.09294466977272958,0.11971830985915492,5.943661971830986,142
traffic,speed_eps2.0,p_gated_sample,2.0,8,3,16.0,4,0,0.0,3.648648839446816,0.07297297678893633,0.09294466977272958,0.11971830985915492,5.943661971830986,142
traffic,speed_eps2.0,p_gated_sample,2.0,8,4,,4,0,0.0,3.648648839446816,0.07297297678893633,0.09294466977272958,0.11971830985915492,5.943661971830986,142
traffic,speed_eps2.0,p_gated_sample,2.0,8,4,4.0,4,0,0.0,4.892121969327971,0.09784243938655943,0.28841259487867565,0.11971830985915492,5.943661971830986,142
traffic,speed_eps2.0,p_gated_sample,2.0,8,4,8.0,4,0,0.0,3.648648839446816,0.07297297678893633,0.09294466977272958,0.11971830985915492,5.943661971830986,142
traffic,speed_eps2.0,p_gated_sample,2.0,8,4,16.0,4,0,0.0,3.648648839446816,0.07297297678893633,0.09294466977272958,0.11971830985915492,5.943661971830986,142
traffic,speed_eps2.0,p_gated_sample,2.0,8,6,,4,0,0.0,3.648648839446816,0.07297297678893633,0.09294466977272958,0.11971830985915492,5.943661971830986,142
traffic,speed_eps2.0,p_gated_sample,2.0,8,6,8.0,4,0,0.0,3.648648839446816,0.07297297678893633,0.09294466977272958,0.11971830985915492,5.943661971830986,142
traffic,speed_eps2.0,p_gated_sample,2.0,8,6,16.0,4,0,0.0,3.648648839446816,0.07297297678893633,0.09294466977272958,0.11971830985915492,5.943661971830986,142
traffic,speed_eps2.0,p_gated_sample,2.0,8,1,,4,2,0.0,4.610264147501097,0.09220528295002194,0.13221570212249106,0.1267605633802817,5.943661971830986,142
traffic,speed_eps2.0,p_gated_sample,2.0,8,1,4.0,4,2,0.0,5.550971045256848,0.11101942090513696,0.4545923902850167,0.1267605633802817,5.943661971830986,142
traffic,speed_eps2.0,p_gated_sample,2.0,8,1,8.0,4,2,0.0,4.610264147501097,0.09220528295002194,0.13221570212249106,0.1267605633802817,5.943661971830986,142
traffic,speed_eps2.0,p_gated_sample,2.0,8,1,16.0,4,2,0.0,4.610264147501097,0.09220528295002194,0.13221570212249106,0.1267605633802817,5.943661971830986,142
traffic,speed_eps2.0,p_gated_sample,2.0,8,2,,4,2,0.0,4.610264147501097,0.09220528295002194,0.13221570212249106,0.1267605633802817,5.943661971830986,142
traffic,speed_eps2.0,p_gated_sample,2.0,8,2,4.0,4,2,0.0,5.550971045256848,0.11101942090513696,0.4545923902850167,0.1267605633802817,5.943661971830986,142
traffic,speed_eps2.0,p_gated_sample,2.0,8,2,8.0,4,2,0.0,4.610264147501097,0.09220528295002194,0.13221570212249106,0.1267605633802817,5.943661971830986,142
traffic,speed_eps2.0,p_gated_sample,2.0,8,2,16.0,4,2,0.0,4.610264147501097,0.09220528295002194,0.13221570212249106,0.1267605633802817,5.943661971830986,142
traffic,speed_eps2.0,p_gated_sample,2.0,8,3,,4,2,0.0,4.0820064955500195,0.08164012991100039,0.37362293653086337,0.12857142857142856,6.0,140
traffic,speed_eps2.0,p_gated_sample,2.0,8,3,4.0,4,2,0.0,5.315728437428253,0.10631456874856506,0.3744105010756888,0.12857142857142856,6.0,140
traffic,speed_eps2.0,p_gated_sample,2.0,8,3,8.0,4,2,0.0,4.0820064955500195,0.08164012991100039,0.37362293653086337,0.12857142857142856,6.0,140
traffic,speed_eps2.0,p_gated_sample,2.0,8,3,16.0,4,2,0.0,4.0820064955500195,0.08164012991100039,0.37362293653086337,0.12857142857142856,6.0,140
traffic,speed_eps2.0,p_gated_sample,2.0,8,4,,4,2,0.0,4.0820064955500195,0.08164012991100039,0.37362293653086337,0.12857142857142856,6.0,140
traffic,speed_eps2.0,p_gated_sample,2.0,8,4,4.0,4,2,0.0,5.315728437428253,0.10631456874856506,0.3744105010756888,0.12857142857142856,6.0,140
traffic,speed_eps2.0,p_gated_sample,2.0,8,4,8.0,4,2,0.0,4.0820064955500195,0.08164012991100039,0.37362293653086337,0.12857142857142856,6.0,140
traffic,speed_eps2.0,p_gated_sample,2.0,8,4,16.0,4,2,0.0,4.0820064955500195,0.08164012991100039,0.37362293653086337,0.12857142857142856,6.0,140
traffic,speed_eps2.0,p_gated_sample,2.0,8,6,,4,2,0.0,4.0820064955500195,0.08164012991100039,0.37362293653086337,0.12857142857142856,6.0,140
traffic,speed_eps2.0,p_gated_sample,2.0,8,6,8.0,4,2,0.0,4.0820064955500195,0.08164012991100039,0.37362293653086337,0.12857142857142856,6.0,140
traffic,speed_eps2.0,p_gated_sample,2.0,8,6,16.0,4,2,0.0,4.0820064955500195,0.08164012991100039,0.37362293653086337,0.12857142857142856,6.0,140
traffic,speed_eps2.0,p_gated_sample,2.0,8,1,,4,4,0.0,4.610264147501097,0.09220528295002194,0.13221570212249106,0.1267605633802817,5.943661971830986,142
traffic,speed_eps2.0,p_gated_sample,2.0,8,1,4.0,4,4,0.0,5.550971045256848,0.11101942090513696,0.4545923902850167,0.1267605633802817,5.943661971830986,142
traffic,speed_eps2.0,p_gated_sample,2.0,8,1,8.0,4,4,0.0,4.610264147501097,0.09220528295002194,0.13221570212249106,0.1267605633802817,5.943661971830986,142
traffic,speed_eps2.0,p_gated_sample,2.0,8,1,16.0,4,4,0.0,4.610264147501097,0.09220528295002194,0.13221570212249106,0.1267605633802817,5.943661971830986,142
traffic,speed_eps2.0,p_gated_sample,2.0,8,2,,4,4,0.0,4.610264147501097,0.09220528295002194,0.13221570212249106,0.1267605633802817,5.943661971830986,142
traffic,speed_eps2.0,p_gated_sample,2.0,8,2,4.0,4,4,0.0,5.550971045256848,0.11101942090513696,0.4545923902850167,0.1267605633802817,5.943661971830986,142
traffic,speed_eps2.0,p_gated_sample,2.0,8,2,8.0,4,4,0.0,4.610264147501097,0.09220528295002194,0.13221570212249106,0.1267605633802817,5.943661971830986,142
traffic,speed_eps2.0,p_gated_sample,2.0,8,2,16.0,4,4,0.0,4.610264147501097,0.09220528295002194,0.13221570212249106,0.1267605633802817,5.943661971830986,142
traffic,speed_eps2.0,p_gated_sample,2.0,8,3,,4,4,0.0,4.0820064955500195,0.08164012991100039,0.37362293653086337,0.12857142857142856,6.0,140
traffic,speed_eps2.0,p_gated_sample,2.0,8,3,4.0,4,4,0.0,5.315728437428253,0.10631456874856506,0.3744105010756888,0.12857142857142856,6.0,140
traffic,speed_eps2.0,p_gated_sample,2.0,8,3,8.0,4,4,0.0,4.0820064955500195,0.08164012991100039,0.37362293653086337,0.12857142857142856,6.0,140
traffic,speed_eps2.0,p_gated_sample,2.0,8,3,16.0,4,4,0.0,4.0820064955500195,0.08164012991100039,0.37362293653086337,0.12857142857142856,6.0,140
traffic,speed_eps2.0,p_gated_sample,2.0,8,4,,4,4,0.0,4.0820064955500195,0.08164012991100039,0.37362293653086337,0.12857142857142856,6.0,140
traffic,speed_eps2.0,p_gated_sample,2.0,8,4,4.0,4,4,0.0,5.315728437428253,0.10631456874856506,0.3744105010756888,0.12857142857142856,6.0,140
traffic,speed_eps2.0,p_gated_sample,2.0,8,4,8.0,4,4,0.0,4.0820064955500195,0.08164012991100039,0.37362293653086337,0.12857142857142856,6.0,140
traffic,speed_eps2.0,p_gated_sample,2.0,8,4,16.0,4,4,0.0,4.0820064955500195,0.08164012991100039,0.37362293653086337,0.12857142857142856,6.0,140
traffic,speed_eps2.0,p_gated_sample,2.0,8,6,,4,4,0.0,4.0820064955500195,0.08164012991100039,0.37362293653086337,0.12857142857142856,6.0,140
traffic,speed_eps2.0,p_gated_sample,2.0,8,6,8.0,4,4,0.0,4.0820064955500195,0.08164012991100039,0.37362293653086337,0.12857142857142856,6.0,140
traffic,speed_eps2.0,p_gated_sample,2.0,8,6,16.0,4,4,0.0,4.0820064955500195,0.08164012991100039,0.37362293653086337,0.12857142857142856,6.0,140
traffic,speed_eps2.0,p_gated_ba,2.0,8,1,,1,0,0.0,43.25111912828897,0.8650223825657793,0.4021806496603139,0.5070422535211268,5.926056338028169,568
traffic,speed_eps2.0,p_gated_ba,2.0,8,1,4.0,1,0,0.0,64.2739363961256,1.2854787279225122,0.42146589127968304,0.5193661971830986,5.926056338028169,568
traffic,speed_eps2.0,p_gated_ba,2.0,8,1,8.0,1,0,0.0,43.25111912828897,0.8650223825657793,0.4021806496603139,0.5070422535211268,5.926056338028169,568
traffic,speed_eps2.0,p_gated_ba,2.0,8,1,16.0,1,0,0.0,43.25111912828897,0.8650223825657793,0.4021806496603139,0.5070422535211268,5.926056338028169,568
traffic,speed_eps2.0,p_gated_ba,2.0,8,2,,1,0,0.0,43.25111912828897,0.8650223825657793,0.4021806496603139,0.5070422535211268,5.926056338028169,568
traffic,speed_eps2.0,p_gated_ba,2.0,8,2,4.0,1,0,0.0,64.2739363961256,1.2854787279225122,0.42146589127968304,0.5193661971830986,5.926056338028169,568
traffic,speed_eps2.0,p_gated_ba,2.0,8,2,8.0,1,0,0.0,43.25111912828897,0.8650223825657793,0.4021806496603139,0.5070422535211268,5.926056338028169,568
traffic,speed_eps2.0,p_gated_ba,2.0,8,2,16.0,1,0,0.0,43.25111912828897,0.8650223825657793,0.4021806496603139,0.5070422535211268,5.926056338028169,568
traffic,speed_eps2.0,p_gated_ba,2.0,8,3,,1,0,0.0,41.51885983617372,0.8303771967234743,0.41092245035207103,0.4982394366197183,5.926056338028169,568
traffic,speed_eps2.0,p_gated_ba,2.0,8,3,4.0,1,0,0.0,63.58062613123544,1.2716125226247088,0.41629065471181914,0.5052816901408451,5.926056338028169,568
traffic,speed_eps2.0,p_gated_ba,2.0,8,3,8.0,1,0,0.0,41.51885983617372,0.8303771967234743,0.41092245035207103,0.4982394366197183,5.926056338028169,568
traffic,speed_eps2.0,p_gated_ba,2.0,8,3,16.0,1,0,0.0,41.51885983617372,0.8303771967234743,0.41092245035207103,0.4982394366197183,5.926056338028169,568
traffic,speed_eps2.0,p_gated_ba,2.0,8,4,,1,0,0.0,41.51885983617372,0.8303771967234743,0.41092245035207103,0.4982394366197183,5.926056338028169,568
traffic,speed_eps2.0,p_gated_ba,2.0,8,4,4.0,1,0,0.0,63.58062613123544,1.2716125226247088,0.41629065471181914,0.5052816901408451,5.926056338028169,568
traffic,speed_eps2.0,p_gated_ba,2.0,8,4,8.0,1,0,0.0,41.51885983617372,0.8303771967234743,0.41092245035207103,0.4982394366197183,5.926056338028169,568
traffic,speed_eps2.0,p_gated_ba,2.0,8,4,16.0,1,0,0.0,41.51885983617372,0.8303771967234743,0.41092245035207103,0.4982394366197183,5.926056338028169,568
traffic,speed_eps2.0,p_gated_ba,2.0,8,6,,1,0,0.0,41.48491936261969,0.8296983872523939,0.4137231891536533,0.4964788732394366,5.926056338028169,568
traffic,speed_eps2.0,p_gated_ba,2.0,8,6,8.0,1,0,0.0,41.48491936261969,0.8296983872523939,0.4137231891536533,0.4964788732394366,5.926056338028169,568
traffic,speed_eps2.0,p_gated_ba,2.0,8,6,16.0,1,0,0.0,41.48491936261969,0.8296983872523939,0.4137231891536533,0.4964788732394366,5.926056338028169,568
traffic,speed_eps2.0,p_gated_ba,2.0,8,1,,1,2,0.0,43.25111912828897,0.8650223825657793,0.4021806496603139,0.5070422535211268,5.926056338028169,568
traffic,speed_eps2.0,p_gated_ba,2.0,8,1,4.0,1,2,0.0,64.2739363961256,1.2854787279225122,0.42146589127968304,0.5193661971830986,5.926056338028169,568
traffic,speed_eps2.0,p_gated_ba,2.0,8,1,8.0,1,2,0.0,43.25111912828897,0.8650223825657793,0.4021806496603139,0.5070422535211268,5.926056338028169,568
traffic,speed_eps2.0,p_gated_ba,2.0,8,1,16.0,1,2,0.0,43.25111912828897,0.8650223825657793,0.4021806496603139,0.5070422535211268,5.926056338028169,568
traffic,speed_eps2.0,p_gated_ba,2.0,8,2,,1,2,0.0,43.25111912828897,0.8650223825657793,0.4021806496603139,0.5070422535211268,5.926056338028169,568
traffic,speed_eps2.0,p_gated_ba,2.0,8,2,4.0,1,2,0.0,64.2739363961256,1.2854787279225122,0.42146589127968304,0.5193661971830986,5.926056338028169,568
traffic,speed_eps2.0,p_gated_ba,2.0,8,2,8.0,1,2,0.0,43.25111912828897,0.8650223825657793,0.4021806496603139,0.5070422535211268,5.926056338028169,568
traffic,speed_eps2.0,p_gated_ba,2.0,8,2,16.0,1,2,0.0,43.25111912828897,0.8650223825657793,0.4021806496603139,0.5070422535211268,5.926056338028169,568
traffic,speed_eps2.0,p_gated_ba,2.0,8,3,,1,2,0.0,41.51885983617372,0.8303771967234743,0.41092245035207103,0.50355871886121,5.967971530249111,562
traffic,speed_eps2.0,p_gated_ba,2.0,8,3,4.0,1,2,0.0,63.58062613123544,1.2716125226247088,0.41629065471181914,0.5106761565836299,5.967971530249111,562
traffic,speed_eps2.0,p_gated_ba,2.0,8,3,8.0,1,2,0.0,41.51885983617372,0.8303771967234743,0.41092245035207103,0.50355871886121,5.967971530249111,562
traffic,speed_eps2.0,p_gated_ba,2.0,8,3,16.0,1,2,0.0,41.51885983617372,0.8303771967234743,0.41092245035207103,0.50355871886121,5.967971530249111,562
traffic,speed_eps2.0,p_gated_ba,2.0,8,4,,1,2,0.0,41.51885983617372,0.8303771967234743,0.41092245035207103,0.50355871886121,5.967971530249111,562
traffic,speed_eps2.0,p_gated_ba,2.0,8,4,4.0,1,2,0.0,63.58062613123544,1.2716125226247088,0.41629065471181914,0.5106761565836299,5.967971530249111,562
traffic,speed_eps2.0,p_gated_ba,2.0,8,4,8.0,1,2,0.0,41.51885983617372,0.8303771967234743,0.41092245035207103,0.50355871886121,5.967971530249111,562
traffic,speed_eps2.0,p_gated_ba,2.0,8,4,16.0,1,2,0.0,41.51885983617372,0.8303771967234743,0.41092245035207103,0.50355871886121,5.967971530249111,562
traffic,speed_eps2.0,p_gated_ba,2.0,8,6,,1,2,0.0,41.60947435504318,0.8321894871008637,0.4137231891536533,0.5035714285714286,5.975,560
traffic,speed_eps2.0,p_gated_ba,2.0,8,6,8.0,1,2,0.0,41.60947435504318,0.8321894871008637,0.4137231891536533,0.5035714285714286,5.975,560
traffic,speed_eps2.0,p_gated_ba,2.0,8,6,16.0,1,2,0.0,41.60947435504318,0.8321894871008637,0.4137231891536533,0.5035714285714286,5.975,560
traffic,speed_eps2.0,p_gated_ba,2.0,8,1,,1,4,0.0,43.25111912828897,0.8650223825657793,0.4021806496603139,0.5070422535211268,5.926056338028169,568
traffic,speed_eps2.0,p_gated_ba,2.0,8,1,4.0,1,4,0.0,64.2739363961256,1.2854787279225122,0.42146589127968304,0.5193661971830986,5.926056338028169,568
traffic,speed_eps2.0,p_gated_ba,2.0,8,1,8.0,1,4,0.0,43.25111912828897,0.8650223825657793,0.4021806496603139,0.5070422535211268,5.926056338028169,568
traffic,speed_eps2.0,p_gated_ba,2.0,8,1,16.0,1,4,0.0,43.25111912828897,0.8650223825657793,0.4021806496603139,0.5070422535211268,5.926056338028169,568
traffic,speed_eps2.0,p_gated_ba,2.0,8,2,,1,4,0.0,43.25111912828897,0.8650223825657793,0.4021806496603139,0.5070422535211268,5.926056338028169,568
traffic,speed_eps2.0,p_gated_ba,2.0,8,2,4.0,1,4,0.0,64.2739363961256,1.2854787279225122,0.42146589127968304,0.5193661971830986,5.926056338028169,568
traffic,speed_eps2.0,p_gated_ba,2.0,8,2,8.0,1,4,0.0,43.25111912828897,0.8650223825657793,0.4021806496603139,0.5070422535211268,5.926056338028169,568
traffic,speed_eps2.0,p_gated_ba,2.0,8,2,16.0,1,4,0.0,43.25111912828897,0.8650223825657793,0.4021806496603139,0.5070422535211268,5.926056338028169,568
traffic,speed_eps2.0,p_gated_ba,2.0,8,3,,1,4,0.0,41.51885983617372,0.8303771967234743,0.41092245035207103,0.5053571428571428,5.982142857142857,560
traffic,speed_eps2.0,p_gated_ba,2.0,8,3,4.0,1,4,0.0,63.58062613123544,1.2716125226247088,0.41629065471181914,0.5125,5.982142857142857,560
traffic,speed_eps2.0,p_gated_ba,2.0,8,3,8.0,1,4,0.0,41.51885983617372,0.8303771967234743,0.41092245035207103,0.5053571428571428,5.982142857142857,560
traffic,speed_eps2.0,p_gated_ba,2.0,8,3,16.0,1,4,0.0,41.51885983617372,0.8303771967234743,0.41092245035207103,0.5053571428571428,5.982142857142857,560
traffic,speed_eps2.0,p_gated_ba,2.0,8,4,,1,4,0.0,41.51885983617372,0.8303771967234743,0.41092245035207103,0.5053571428571428,5.982142857142857,560
traffic,speed_eps2.0,p_gated_ba,2.0,8,4,4.0,1,4,0.0,63.58062613123544,1.2716125226247088,0.41629065471181914,0.5125,5.982142857142857,560
traffic,speed_eps2.0,p_gated_ba,2.0,8,4,8.0,1,4,0.0,41.51885983617372,0.8303771967234743,0.41092245035207103,0.5053571428571428,5.982142857142857,560
traffic,speed_eps2.0,p_gated_ba,2.0,8,4,16.0,1,4,0.0,41.51885983617372,0.8303771967234743,0.41092245035207103,0.5053571428571428,5.982142857142857,560
traffic,speed_eps2.0,p_gated_ba,2.0,8,6,,1,4,0.0,41.60947435504318,0.8321894871008637,0.4137231891536533,0.5053763440860215,5.989247311827957,558
traffic,speed_eps2.0,p_gated_ba,2.0,8,6,8.0,1,4,0.0,41.60947435504318,0.8321894871008637,0.4137231891536533,0.5053763440860215,5.989247311827957,558
traffic,speed_eps2.0,p_gated_ba,2.0,8,6,16.0,1,4,0.0,41.60947435504318,0.8321894871008637,0.4137231891536533,0.5053763440860215,5.989247311827957,558
traffic,speed_eps2.0,p_gated_ba,2.0,8,1,,2,0,0.0,43.34750317815848,0.8669500635631696,0.7915724828094822,0.4859154929577465,5.936619718309859,284
traffic,speed_eps2.0,p_gated_ba,2.0,8,1,4.0,2,0,0.0,64.88886672083034,1.2977773344166068,0.965708081534211,0.5,5.936619718309859,284
traffic,speed_eps2.0,p_gated_ba,2.0,8,1,8.0,2,0,0.0,43.34750317815848,0.8669500635631696,0.7915724828094822,0.4859154929577465,5.936619718309859,284
traffic,speed_eps2.0,p_gated_ba,2.0,8,1,16.0,2,0,0.0,43.34750317815848,0.8669500635631696,0.7915724828094822,0.4859154929577465,5.936619718309859,284
traffic,speed_eps2.0,p_gated_ba,2.0,8,2,,2,0,0.0,43.34750317815848,0.8669500635631696,0.7915724828094822,0.4859154929577465,5.936619718309859,284
traffic,speed_eps2.0,p_gated_ba,2.0,8,2,4.0,2,0,0.0,64.88886672083034,1.2977773344166068,0.965708081534211,0.5,5.936619718309859,284
traffic,speed_eps2.0,p_gated_ba,2.0,8,2,8.0,2,0,0.0,43.34750317815848,0.8669500635631696,0.7915724828094822,0.4859154929577465,5.936619718309859,284
traffic,speed_eps2.0,p_gated_ba,2.0,8,2,16.0,2,0,0.0,43.34750317815848,0.8669500635631696,0.7915724828094822,0.4859154929577465,5.936619718309859,284
traffic,speed_eps2.0,p_gated_ba,2.0,8,3,,2,0,0.0,42.60576658822622,0.8521153317645244,0.17784092909091428,0.4859154929577465,5.936619718309859,284
traffic,speed_eps2.0,p_gated_ba,2.0,8,3,4.0,2,0,0.0,63.49653243444632,1.2699306486889264,0.37213138493128717,0.4859154929577465,5.936619718309859,284
traffic,speed_eps2.0,p_gated_ba,2.0,8,3,8.0,2,0,0.0,42.60576658822622,0.8521153317645244,0.17784092909091428,0.4859154929577465,5.936619718309859,284
traffic,speed_eps2.0,p_gated_ba,2.0,8,3,16.0,2,0,0.0,42.60576658822622,0.8521153317645244,0.17784092909091428,0.4859154929577465,5.936619718309859,284
traffic,speed_eps2.0,p_gated_ba,2.0,8,4,,2,0,0.0,42.60576658822622,0.8521153317645244,0.17784092909091428,0.4859154929577465,5.936619718309859,284
traffic,speed_eps2.0,p_gated_ba,2.0,8,4,4.0,2,0,0.0,63.49653243444632,1.2699306486889264,0.37213138493128717,0.4859154929577465,5.936619718309859,284
traffic,speed_eps2.0,p_gated_ba,2.0,8,4,8.0,2,0,0.0,42.60576658822622,0.8521153317645244,0.17784092909091428,0.4859154929577465,5.936619718309859,284
traffic,speed_eps2.0,p_gated_ba,2.0,8,4,16.0,2,0,0.0,42.60576658822622,0.8521153317645244,0.17784092909091428,0.4859154929577465,5.936619718309859,284
traffic,speed_eps2.0,p_gated_ba,2.0,8,6,,2,0,0.0,42.33496837112699,0.8466993674225398,0.1734279895728343,0.4823943661971831,5.936619718309859,284
traffic,speed_eps2.0,p_gated_ba,2.0,8,6,8.0,2,0,0.0,42.33496837112699,0.8466993674225398,0.1734279895728343,0.4823943661971831,5.936619718309859,284
traffic,speed_eps2.0,p_gated_ba,2.0,8,6,16.0,2,0,0.0,42.33496837112699,0.8466993674225398,0.1734279895728343,0.4823943661971831,5.936619718309859,284
traffic,speed_eps2.0,p_gated_ba,2.0,8,1,,2,2,0.0,43.34750317815848,0.8669500635631696,0.7915724828094822,0.4859154929577465,5.936619718309859,284
traffic,speed_eps2.0,p_gated_ba,2.0,8,1,4.0,2,2,0.0,64.88886672083034,1.2977773344166068,0.965708081534211,0.5,5.936619718309859,284
traffic,speed_eps2.0,p_gated_ba,2.0,8,1,8.0,2,2,0.0,43.34750317815848,0.8669500635631696,0.7915724828094822,0.4859154929577465,5.936619718309859,284
traffic,speed_eps2.0,p_gated_ba,2.0,8,1,16.0,2,2,0.0,43.34750317815848,0.8669500635631696,0.7915724828094822,0.4859154929577465,5.936619718309859,284
traffic,speed_eps2.0,p_gated_ba,2.0,8,2,,2,2,0.0,43.34750317815848,0.8669500635631696,0.7915724828094822,0.4859154929577465,5.936619718309859,284
traffic,speed_eps2.0,p_gated_ba,2.0,8,2,4.0,2,2,0.0,64.88886672083034,1.2977773344166068,0.965708081534211,0.5,5.936619718309859,284
traffic,speed_eps2.0,p_gated_ba,2.0,8,2,8.0,2,2,0.0,43.34750317815848,0.8669500635631696,0.7915724828094822,0.4859154929577465,5.936619718309859,284
traffic,speed_eps2.0,p_gated_ba,2.0,8,2,16.0,2,2,0.0,43.34750317815848,0.8669500635631696,0.7915724828094822,0.4859154929577465,5.936619718309859,284
traffic,speed_eps2.0,p_gated_ba,2.0,8,3,,2,2,0.0,42.60576658822622,0.8521153317645244,0.17784092909091428,0.49110320284697506,5.9786476868327405,281
traffic,speed_eps2.0,p_gated_ba,2.0,8,3,4.0,2,2,0.0,63.49653243444632,1.2699306486889264,0.37213138493128717,0.49110320284697506,5.9786476868327405,281
traffic,speed_eps2.0,p_gated_ba,2.0,8,3,8.0,2,2,0.0,42.60576658822622,0.8521153317645244,0.17784092909091428,0.49110320284697506,5.9786476868327405,281
traffic,speed_eps2.0,p_gated_ba,2.0,8,3,16.0,2,2,0.0,42.60576658822622,0.8521153317645244,0.17784092909091428,0.49110320284697506,5.9786476868327405,281
traffic,speed_eps2.0,p_gated_ba,2.0,8,4,,2,2,0.0,42.60576658822622,0.8521153317645244,0.17784092909091428,0.49110320284697506,5.9786476868327405,281
traffic,speed_eps2.0,p_gated_ba,2.0,8,4,4.0,2,2,0.0,63.49653243444632,1.2699306486889264,0.37213138493128717,0.49110320284697506,5.9786476868327405,281
traffic,speed_eps2.0,p_gated_ba,2.0,8,4,8.0,2,2,0.0,42.60576658822622,0.8521153317645244,0.17784092909091428,0.49110320284697506,5.9786476868327405,281
traffic,speed_eps2.0,p_gated_ba,2.0,8,4,16.0,2,2,0.0,42.60576658822622,0.8521153317645244,0.17784092909091428,0.49110320284697506,5.9786476868327405,281
traffic,speed_eps2.0,p_gated_ba,2.0,8,6,,2,2,0.0,42.33496837112699,0.8466993674225398,0.1734279895728343,0.4875444839857651,5.9786476868327405,281
traffic,speed_eps2.0,p_gated_ba,2.0,8,6,8.0,2,2,0.0,42.33496837112699,0.8466993674225398,0.1734279895728343,0.4875444839857651,5.9786476868327405,281
traffic,speed_eps2.0,p_gated_ba,2.0,8,6,16.0,2,2,0.0,42.33496837112699,0.8466993674225398,0.1734279895728343,0.4875444839857651,5.9786476868327405,281
traffic,speed_eps2.0,p_gated_ba,2.0,8,1,,2,4,0.0,43.34750317815848,0.8669500635631696,0.7915724828094822,0.4859154929577465,5.936619718309859,284
traffic,speed_eps2.0,p_gated_ba,2.0,8,1,4.0,2,4,0.0,64.88886672083034,1.2977773344166068,0.965708081534211,0.5,5.936619718309859,284
traffic,speed_eps2.0,p_gated_ba,2.0,8,1,8.0,2,4,0.0,43.34750317815848,0.8669500635631696,0.7915724828094822,0.4859154929577465,5.936619718309859,284
traffic,speed_eps2.0,p_gated_ba,2.0,8,1,16.0,2,4,0.0,43.34750317815848,0.8669500635631696,0.7915724828094822,0.4859154929577465,5.936619718309859,284
traffic,speed_eps2.0,p_gated_ba,2.0,8,2,,2,4,0.0,43.34750317815848,0.8669500635631696,0.7915724828094822,0.4859154929577465,5.936619718309859,284
traffic,speed_eps2.0,p_gated_ba,2.0,8,2,4.0,2,4,0.0,64.88886672083034,1.2977773344166068,0.965708081534211,0.5,5.936619718309859,284
traffic,speed_eps2.0,p_gated_ba,2.0,8,2,8.0,2,4,0.0,43.34750317815848,0.8669500635631696,0.7915724828094822,0.4859154929577465,5.936619718309859,284
traffic,speed_eps2.0,p_gated_ba,2.0,8,2,16.0,2,4,0.0,43.34750317815848,0.8669500635631696,0.7915724828094822,0.4859154929577465,5.936619718309859,284
traffic,speed_eps2.0,p_gated_ba,2.0,8,3,,2,4,0.0,42.60576658822622,0.8521153317645244,0.17784092909091428,0.4928571428571429,5.992857142857143,280
traffic,speed_eps2.0,p_gated_ba,2.0,8,3,4.0,2,4,0.0,63.49653243444632,1.2699306486889264,0.37213138493128717,0.4928571428571429,5.992857142857143,280
traffic,speed_eps2.0,p_gated_ba,2.0,8,3,8.0,2,4,0.0,42.60576658822622,0.8521153317645244,0.17784092909091428,0.4928571428571429,5.992857142857143,280
traffic,speed_eps2.0,p_gated_ba,2.0,8,3,16.0,2,4,0.0,42.60576658822622,0.8521153317645244,0.17784092909091428,0.4928571428571429,5.992857142857143,280
traffic,speed_eps2.0,p_gated_ba,2.0,8,4,,2,4,0.0,42.60576658822622,0.8521153317645244,0.17784092909091428,0.4928571428571429,5.992857142857143,280
traffic,speed_eps2.0,p_gated_ba,2.0,8,4,4.0,2,4,0.0,63.49653243444632,1.2699306486889264,0.37213138493128717,0.4928571428571429,5.992857142857143,280
traffic,speed_eps2.0,p_gated_ba,2.0,8,4,8.0,2,4,0.0,42.60576658822622,0.8521153317645244,0.17784092909091428,0.4928571428571429,5.992857142857143,280
traffic,speed_eps2.0,p_gated_ba,2.0,8,4,16.0,2,4,0.0,42.60576658822622,0.8521153317645244,0.17784092909091428,0.4928571428571429,5.992857142857143,280
traffic,speed_eps2.0,p_gated_ba,2.0,8,6,,2,4,0.0,42.33496837112699,0.8466993674225398,0.1734279895728343,0.48928571428571427,5.992857142857143,280
traffic,speed_eps2.0,p_gated_ba,2.0,8,6,8.0,2,4,0.0,42.33496837112699,0.8466993674225398,0.1734279895728343,0.48928571428571427,5.992857142857143,280
traffic,speed_eps2.0,p_gated_ba,2.0,8,6,16.0,2,4,0.0,42.33496837112699,0.8466993674225398,0.1734279895728343,0.48928571428571427,5.992857142857143,280
traffic,speed_eps2.0,p_gated_ba,2.0,8,1,,4,0,0.0,60.85787001257324,1.2171574002514647,0.5768739103402957,0.6549295774647887,5.943661971830986,142
traffic,speed_eps2.0,p_gated_ba,2.0,8,1,4.0,4,0,0.0,89.42224784507405,1.788444956901481,0.5768739103402957,0.6549295774647887,5.943661971830986,142
traffic,speed_eps2.0,p_gated_ba,2.0,8,1,8.0,4,0,0.0,60.85787001257324,1.2171574002514647,0.5768739103402957,0.6549295774647887,5.943661971830986,142
traffic,speed_eps2.0,p_gated_ba,2.0,8,1,16.0,4,0,0.0,60.85787001257324,1.2171574002514647,0.5768739103402957,0.6549295774647887,5.943661971830986,142
traffic,speed_eps2.0,p_gated_ba,2.0,8,2,,4,0,0.0,60.85787001257324,1.2171574002514647,0.5768739103402957,0.6549295774647887,5.943661971830986,142
traffic,speed_eps2.0,p_gated_ba,2.0,8,2,4.0,4,0,0.0,89.42224784507405,1.788444956901481,0.5768739103402957,0.6549295774647887,5.943661971830986,142
traffic,speed_eps2.0,p_gated_ba,2.0,8,2,8.0,4,0,0.0,60.85787001257324,1.2171574002514647,0.5768739103402957,0.6549295774647887,5.943661971830986,142
traffic,speed_eps2.0,p_gated_ba,2.0,8,2,16.0,4,0,0.0,60.85787001257324,1.2171574002514647,0.5768739103402957,0.6549295774647887,5.943661971830986,142
traffic,speed_eps2.0,p_gated_ba,2.0,8,3,,4,0,0.0,55.412824936498126,1.1082564987299626,0.6499170822732939,0.5774647887323944,5.943661971830986,142
traffic,speed_eps2.0,p_gated_ba,2.0,8,3,4.0,4,0,0.0,85.07698219199992,1.7015396438399983,0.6322108206121615,0.6197183098591549,5.943661971830986,142
traffic,speed_eps2.0,p_gated_ba,2.0,8,3,8.0,4,0,0.0,55.412824936498126,1.1082564987299626,0.6499170822732939,0.5774647887323944,5.943661971830986,142
traffic,speed_eps2.0,p_gated_ba,2.0,8,3,16.0,4,0,0.0,55.412824936498126,1.1082564987299626,0.6499170822732939,0.5774647887323944,5.943661971830986,142
traffic,speed_eps2.0,p_gated_ba,2.0,8,4,,4,0,0.0,55.412824936498126,1.1082564987299626,0.6499170822732939,0.5774647887323944,5.943661971830986,142
traffic,speed_eps2.0,p_gated_ba,2.0,8,4,4.0,4,0,0.0,85.07698219199992,1.7015396438399983,0.6322108206121615,0.6197183098591549,5.943661971830986,142
traffic,speed_eps2.0,p_gated_ba,2.0,8,4,8.0,4,0,0.0,55.412824936498126,1.1082564987299626,0.6499170822732939,0.5774647887323944,5.943661971830986,142
traffic,speed_eps2.0,p_gated_ba,2.0,8,4,16.0,4,0,0.0,55.412824936498126,1.1082564987299626,0.6499170822732939,0.5774647887323944,5.943661971830986,142
traffic,speed_eps2.0,p_gated_ba,2.0,8,6,,4,0,0.0,55.412824936498126,1.1082564987299626,0.6499170822732939,0.5774647887323944,5.943661971830986,142
traffic,speed_eps2.0,p_gated_ba,2.0,8,6,8.0,4,0,0.0,55.412824936498126,1.1082564987299626,0.6499170822732939,0.5774647887323944,5.943661971830986,142
traffic,speed_eps2.0,p_gated_ba,2.0,8,6,16.0,4,0,0.0,55.412824936498126,1.1082564987299626,0.6499170822732939,0.5774647887323944,5.943661971830986,142
traffic,speed_eps2.0,p_gated_ba,2.0,8,1,,4,2,0.0,60.85787001257324,1.2171574002514647,0.5768739103402957,0.6549295774647887,5.943661971830986,142
traffic,speed_eps2.0,p_gated_ba,2.0,8,1,4.0,4,2,0.0,89.42224784507405,1.788444956901481,0.5768739103402957,0.6549295774647887,5.943661971830986,142
traffic,speed_eps2.0,p_gated_ba,2.0,8,1,8.0,4,2,0.0,60.85787001257324,1.2171574002514647,0.5768739103402957,0.6549295774647887,5.943661971830986,142
traffic,speed_eps2.0,p_gated_ba,2.0,8,1,16.0,4,2,0.0,60.85787001257324,1.2171574002514647,0.5768739103402957,0.6549295774647887,5.943661971830986,142
traffic,speed_eps2.0,p_gated_ba,2.0,8,2,,4,2,0.0,60.85787001257324,1.2171574002514647,0.5768739103402957,0.6549295774647887,5.943661971830986,142
traffic,speed_eps2.0,p_gated_ba,2.0,8,2,4.0,4,2,0.0,89.42224784507405,1.788444956901481,0.5768739103402957,0.6549295774647887,5.943661971830986,142
traffic,speed_eps2.0,p_gated_ba,2.0,8,2,8.0,4,2,0.0,60.85787001257324,1.2171574002514647,0.5768739103402957,0.6549295774647887,5.943661971830986,142
traffic,speed_eps2.0,p_gated_ba,2.0,8,2,16.0,4,2,0.0,60.85787001257324,1.2171574002514647,0.5768739103402957,0.6549295774647887,5.943661971830986,142
traffic,speed_eps2.0,p_gated_ba,2.0,8,3,,4,2,0.0,55.412824936498126,1.1082564987299626,0.6499170822732939,0.5857142857142857,6.0,140
traffic,speed_eps2.0,p_gated_ba,2.0,8,3,4.0,4,2,0.0,85.07698219199992,1.7015396438399983,0.6322108206121615,0.6285714285714286,6.0,140
traffic,speed_eps2.0,p_gated_ba,2.0,8,3,8.0,4,2,0.0,55.412824936498126,1.1082564987299626,0.6499170822732939,0.5857142857142857,6.0,140
traffic,speed_eps2.0,p_gated_ba,2.0,8,3,16.0,4,2,0.0,55.412824936498126,1.1082564987299626,0.6499170822732939,0.5857142857142857,6.0,140
traffic,speed_eps2.0,p_gated_ba,2.0,8,4,,4,2,0.0,55.412824936498126,1.1082564987299626,0.6499170822732939,0.5857142857142857,6.0,140
traffic,speed_eps2.0,p_gated_ba,2.0,8,4,4.0,4,2,0.0,85.07698219199992,1.7015396438399983,0.6322108206121615,0.6285714285714286,6.0,140
traffic,speed_eps2.0,p_gated_ba,2.0,8,4,8.0,4,2,0.0,55.412824936498126,1.1082564987299626,0.6499170822732939,0.5857142857142857,6.0,140
traffic,speed_eps2.0,p_gated_ba,2.0,8,4,16.0,4,2,0.0,55.412824936498126,1.1082564987299626,0.6499170822732939,0.5857142857142857,6.0,140
traffic,speed_eps2.0,p_gated_ba,2.0,8,6,,4,2,0.0,55.412824936498126,1.1082564987299626,0.6499170822732939,0.5857142857142857,6.0,140
traffic,speed_eps2.0,p_gated_ba,2.0,8,6,8.0,4,2,0.0,55.412824936498126,1.1082564987299626,0.6499170822732939,0.5857142857142857,6.0,140
traffic,speed_eps2.0,p_gated_ba,2.0,8,6,16.0,4,2,0.0,55.412824936498126,1.1082564987299626,0.6499170822732939,0.5857142857142857,6.0,140
traffic,speed_eps2.0,p_gated_ba,2.0,8,1,,4,4,0.0,60.85787001257324,1.2171574002514647,0.5768739103402957,0.6549295774647887,5.943661971830986,142
traffic,speed_eps2.0,p_gated_ba,2.0,8,1,4.0,4,4,0.0,89.42224784507405,1.788444956901481,0.5768739103402957,0.6549295774647887,5.943661971830986,142
traffic,speed_eps2.0,p_gated_ba,2.0,8,1,8.0,4,4,0.0,60.85787001257324,1.2171574002514647,0.5768739103402957,0.6549295774647887,5.943661971830986,142
traffic,speed_eps2.0,p_gated_ba,2.0,8,1,16.0,4,4,0.0,60.85787001257324,1.2171574002514647,0.5768739103402957,0.6549295774647887,5.943661971830986,142
traffic,speed_eps2.0,p_gated_ba,2.0,8,2,,4,4,0.0,60.85787001257324,1.2171574002514647,0.5768739103402957,0.6549295774647887,5.943661971830986,142
traffic,speed_eps2.0,p_gated_ba,2.0,8,2,4.0,4,4,0.0,89.42224784507405,1.788444956901481,0.5768739103402957,0.6549295774647887,5.943661971830986,142
traffic,speed_eps2.0,p_gated_ba,2.0,8,2,8.0,4,4,0.0,60.85787001257324,1.2171574002514647,0.5768739103402957,0.6549295774647887,5.943661971830986,142
traffic,speed_eps2.0,p_gated_ba,2.0,8,2,16.0,4,4,0.0,60.85787001257324,1.2171574002514647,0.5768739103402957,0.6549295774647887,5.943661971830986,142
traffic,speed_eps2.0,p_gated_ba,2.0,8,3,,4,4,0.0,55.412824936498126,1.1082564987299626,0.6499170822732939,0.5857142857142857,6.0,140
traffic,speed_eps2.0,p_gated_ba,2.0,8,3,4.0,4,4,0.0,85.07698219199992,1.7015396438399983,0.6322108206121615,0.6285714285714286,6.0,140
traffic,speed_eps2.0,p_gated_ba,2.0,8,3,8.0,4,4,0.0,55.412824936498126,1.1082564987299626,0.6499170822732939,0.5857142857142857,6.0,140
traffic,speed_eps2.0,p_gated_ba,2.0,8,3,16.0,4,4,0.0,55.412824936498126,1.1082564987299626,0.6499170822732939,0.5857142857142857,6.0,140
traffic,speed_eps2.0,p_gated_ba,2.0,8,4,,4,4,0.0,55.412824936498126,1.1082564987299626,0.6499170822732939,0.5857142857142857,6.0,140
traffic,speed_eps2.0,p_gated_ba,2.0,8,4,4.0,4,4,0.0,85.07698219199992,1.7015396438399983,0.6322108206121615,0.6285714285714286,6.0,140
traffic,speed_eps2.0,p_gated_ba,2.0,8,4,8.0,4,4,0.0,55.412824936498126,1.1082564987299626,0.6499170822732939,0.5857142857142857,6.0,140
traffic,speed_eps2.0,p_gated_ba,2.0,8,4,16.0,4,4,0.0,55.412824936498126,1.1082564987299626,0.6499170822732939,0.5857142857142857,6.0,140
traffic,speed_eps2.0,p_gated_ba,2.0,8,6,,4,4,0.0,55.412824936498126,1.1082564987299626,0.6499170822732939,0.5857142857142857,6.0,140
traffic,speed_eps2.0,p_gated_ba,2.0,8,6,8.0,4,4,0.0,55.412824936498126,1.1082564987299626,0.6499170822732939,0.5857142857142857,6.0,140
traffic,speed_eps2.0,p_gated_ba,2.0,8,6,16.0,4,4,0.0,55.412824936498126,1.1082564987299626,0.6499170822732939,0.5857142857142857,6.0,140
traffic,speed_eps2.0,n_weighted,2.0,8,1,,1,0,0.0,33.39911697563206,0.6679823395126412,0.9001946640291513,1.0,5.926056338028169,568
traffic,speed_eps2.0,n_weighted,2.0,8,1,4.0,1,0,0.0,49.09648386097457,0.9819296772194914,0.8923726709168271,1.0,5.926056338028169,568
traffic,speed_eps2.0,n_weighted,2.0,8,1,8.0,1,0,0.0,33.39911697563206,0.6679823395126412,0.9001946640291513,1.0,5.926056338028169,568
traffic,speed_eps2.0,n_weighted,2.0,8,1,16.0,1,0,0.0,33.39911697563206,0.6679823395126412,0.9001946640291513,1.0,5.926056338028169,568
traffic,speed_eps2.0,n_weighted,2.0,8,2,,1,0,0.0,33.39911697563206,0.6679823395126412,0.9001946640291513,1.0,5.926056338028169,568
traffic,speed_eps2.0,n_weighted,2.0,8,2,4.0,1,0,0.0,49.09648386097457,0.9819296772194914,0.8923726709168271,1.0,5.926056338028169,568
traffic,speed_eps2.0,n_weighted,2.0,8,2,8.0,1,0,0.0,33.39911697563206,0.6679823395126412,0.9001946640291513,1.0,5.926056338028169,568
traffic,speed_eps2.0,n_weighted,2.0,8,2,16.0,1,0,0.0,33.39911697563206,0.6679823395126412,0.9001946640291513,1.0,5.926056338028169,568
traffic,speed_eps2.0,n_weighted,2.0,8,3,,1,0,0.0,32.341448491437895,0.6468289698287579,0.9352593133793138,0.9841549295774648,5.926056338028169,568
traffic,speed_eps2.0,n_weighted,2.0,8,3,4.0,1,0,0.0,48.4292503375589,0.968585006751178,0.9305955728260129,0.9841549295774648,5.926056338028169,568
traffic,speed_eps2.0,n_weighted,2.0,8,3,8.0,1,0,0.0,32.341448491437895,0.6468289698287579,0.9352593133793138,0.9841549295774648,5.926056338028169,568
traffic,speed_eps2.0,n_weighted,2.0,8,3,16.0,1,0,0.0,32.341448491437895,0.6468289698287579,0.9352593133793138,0.9841549295774648,5.926056338028169,568
traffic,speed_eps2.0,n_weighted,2.0,8,4,,1,0,0.0,32.341448491437895,0.6468289698287579,0.9352593133793138,0.9841549295774648,5.926056338028169,568
traffic,speed_eps2.0,n_weighted,2.0,8,4,4.0,1,0,0.0,48.4292503375589,0.968585006751178,0.9305955728260129,0.9841549295774648,5.926056338028169,568
traffic,speed_eps2.0,n_weighted,2.0,8,4,8.0,1,0,0.0,32.341448491437895,0.6468289698287579,0.9352593133793138,0.9841549295774648,5.926056338028169,568
traffic,speed_eps2.0,n_weighted,2.0,8,4,16.0,1,0,0.0,32.341448491437895,0.6468289698287579,0.9352593133793138,0.9841549295774648,5.926056338028169,568
traffic,speed_eps2.0,n_weighted,2.0,8,6,,1,0,0.0,32.37519816011445,0.647503963202289,0.934454586920433,0.9788732394366197,5.926056338028169,568
traffic,speed_eps2.0,n_weighted,2.0,8,6,8.0,1,0,0.0,32.37519816011445,0.647503963202289,0.934454586920433,0.9788732394366197,5.926056338028169,568
traffic,speed_eps2.0,n_weighted,2.0,8,6,16.0,1,0,0.0,32.37519816011445,0.647503963202289,0.934454586920433,0.9788732394366197,5.926056338028169,568
traffic,speed_eps2.0,n_weighted,2.0,8,1,,1,2,0.0,33.39911697563206,0.6679823395126412,0.9001946640291513,1.0,5.926056338028169,568
traffic,speed_eps2.0,n_weighted,2.0,8,1,4.0,1,2,0.0,49.09648386097457,0.9819296772194914,0.8923726709168271,1.0,5.926056338028169,568
traffic,speed_eps2.0,n_weighted,2.0,8,1,8.0,1,2,0.0,33.39911697563206,0.6679823395126412,0.9001946640291513,1.0,5.926056338028169,568
traffic,speed_eps2.0,n_weighted,2.0,8,1,16.0,1,2,0.0,33.39911697563206,0.6679823395126412,0.9001946640291513,1.0,5.926056338028169,568
traffic,speed_eps2.0,n_weighted,2.0,8,2,,1,2,0.0,33.39911697563206,0.6679823395126412,0.9001946640291513,1.0,5.926056338028169,568
traffic,speed_eps2.0,n_weighted,2.0,8,2,4.0,1,2,0.0,49.09648386097457,0.9819296772194914,0.8923726709168271,1.0,5.926056338028169,568
traffic,speed_eps2.0,n_weighted,2.0,8,2,8.0,1,2,0.0,33.39911697563206,0.6679823395126412,0.9001946640291513,1.0,5.926056338028169,568
traffic,speed_eps2.0,n_weighted,2.0,8,2,16.0,1,2,0.0,33.39911697563206,0.6679823395126412,0.9001946640291513,1.0,5.926056338028169,568
traffic,speed_eps2.0,n_weighted,2.0,8,3,,1,2,0.0,32.341448491437895,0.6468289698287579,0.9352593133793138,0.994661921708185,5.967971530249111,562
traffic,speed_eps2.0,n_weighted,2.0,8,3,4.0,1,2,0.0,48.4292503375589,0.968585006751178,0.9305955728260129,0.994661921708185,5.967971530249111,562
traffic,speed_eps2.0,n_weighted,2.0,8,3,8.0,1,2,0.0,32.341448491437895,0.6468289698287579,0.9352593133793138,0.994661921708185,5.967971530249111,562
traffic,speed_eps2.0,n_weighted,2.0,8,3,16.0,1,2,0.0,32.341448491437895,0.6468289698287579,0.9352593133793138,0.994661921708185,5.967971530249111,562
traffic,speed_eps2.0,n_weighted,2.0,8,4,,1,2,0.0,32.341448491437895,0.6468289698287579,0.9352593133793138,0.994661921708185,5.967971530249111,562
traffic,speed_eps2.0,n_weighted,2.0,8,4,4.0,1,2,0.0,48.4292503375589,0.968585006751178,0.9305955728260129,0.994661921708185,5.967971530249111,562
traffic,speed_eps2.0,n_weighted,2.0,8,4,8.0,1,2,0.0,32.341448491437895,0.6468289698287579,0.9352593133793138,0.994661921708185,5.967971530249111,562
traffic,speed_eps2.0,n_weighted,2.0,8,4,16.0,1,2,0.0,32.341448491437895,0.6468289698287579,0.9352593133793138,0.994661921708185,5.967971530249111,562
traffic,speed_eps2.0,n_weighted,2.0,8,6,,1,2,0.0,32.357905864410874,0.6471581172882175,0.934454586920433,0.9928571428571429,5.975,560
traffic,speed_eps2.0,n_weighted,2.0,8,6,8.0,1,2,0.0,32.357905864410874,0.6471581172882175,0.934454586920433,0.9928571428571429,5.975,560
traffic,speed_eps2.0,n_weighted,2.0,8,6,16.0,1,2,0.0,32.357905864410874,0.6471581172882175,0.934454586920433,0.9928571428571429,5.975,560
traffic,speed_eps2.0,n_weighted,2.0,8,1,,1,4,0.0,33.39911697563206,0.6679823395126412,0.9001946640291513,1.0,5.926056338028169,568
traffic,speed_eps2.0,n_weighted,2.0,8,1,4.0,1,4,0.0,49.09648386097457,0.9819296772194914,0.8923726709168271,1.0,5.926056338028169,568
traffic,speed_eps2.0,n_weighted,2.0,8,1,8.0,1,4,0.0,33.39911697563206,0.6679823395126412,0.9001946640291513,1.0,5.926056338028169,568
traffic,speed_eps2.0,n_weighted,2.0,8,1,16.0,1,4,0.0,33.39911697563206,0.6679823395126412,0.9001946640291513,1.0,5.926056338028169,568
traffic,speed_eps2.0,n_weighted,2.0,8,2,,1,4,0.0,33.39911697563206,0.6679823395126412,0.9001946640291513,1.0,5.926056338028169,568
traffic,speed_eps2.0,n_weighted,2.0,8,2,4.0,1,4,0.0,49.09648386097457,0.9819296772194914,0.8923726709168271,1.0,5.926056338028169,568
traffic,speed_eps2.0,n_weighted,2.0,8,2,8.0,1,4,0.0,33.39911697563206,0.6679823395126412,0.9001946640291513,1.0,5.926056338028169,568
traffic,speed_eps2.0,n_weighted,2.0,8,2,16.0,1,4,0.0,33.39911697563206,0.6679823395126412,0.9001946640291513,1.0,5.926056338028169,568
traffic,speed_eps2.0,n_weighted,2.0,8,3,,1,4,0.0,32.341448491437895,0.6468289698287579,0.9352593133793138,0.9982142857142857,5.982142857142857,560
traffic,speed_eps2.0,n_weighted,2.0,8,3,4.0,1,4,0.0,48.4292503375589,0.968585006751178,0.9305955728260129,0.9982142857142857,5.982142857142857,560
traffic,speed_eps2.0,n_weighted,2.0,8,3,8.0,1,4,0.0,32.341448491437895,0.6468289698287579,0.9352593133793138,0.9982142857142857,5.982142857142857,560
traffic,speed_eps2.0,n_weighted,2.0,8,3,16.0,1,4,0.0,32.341448491437895,0.6468289698287579,0.9352593133793138,0.9982142857142857,5.982142857142857,560
traffic,speed_eps2.0,n_weighted,2.0,8,4,,1,4,0.0,32.341448491437895,0.6468289698287579,0.9352593133793138,0.9982142857142857,5.982142857142857,560
traffic,speed_eps2.0,n_weighted,2.0,8,4,4.0,1,4,0.0,48.4292503375589,0.968585006751178,0.9305955728260129,0.9982142857142857,5.982142857142857,560
traffic,speed_eps2.0,n_weighted,2.0,8,4,8.0,1,4,0.0,32.341448491437895,0.6468289698287579,0.9352593133793138,0.9982142857142857,5.982142857142857,560
traffic,speed_eps2.0,n_weighted,2.0,8,4,16.0,1,4,0.0,32.341448491437895,0.6468289698287579,0.9352593133793138,0.9982142857142857,5.982142857142857,560
traffic,speed_eps2.0,n_weighted,2.0,8,6,,1,4,0.0,32.357905864410874,0.6471581172882175,0.934454586920433,0.996415770609319,5.989247311827957,558
traffic,speed_eps2.0,n_weighted,2.0,8,6,8.0,1,4,0.0,32.357905864410874,0.6471581172882175,0.934454586920433,0.996415770609319,5.989247311827957,558
traffic,speed_eps2.0,n_weighted,2.0,8,6,16.0,1,4,0.0,32.357905864410874,0.6471581172882175,0.934454586920433,0.996415770609319,5.989247311827957,558
traffic,speed_eps2.0,n_weighted,2.0,8,1,,2,0,0.0,35.30363153677643,0.7060726307355286,0.4282653837893914,1.0,5.936619718309859,284
traffic,speed_eps2.0,n_weighted,2.0,8,1,4.0,2,0,0.0,51.94026866973128,1.0388053733946256,0.46928552006288826,1.0,5.936619718309859,284
traffic,speed_eps2.0,n_weighted,2.0,8,1,8.0,2,0,0.0,35.30363153677643,0.7060726307355286,0.4282653837893914,1.0,5.936619718309859,284
traffic,speed_eps2.0,n_weighted,2.0,8,1,16.0,2,0,0.0,35.30363153677643,0.7060726307355286,0.4282653837893914,1.0,5.936619718309859,284
traffic,speed_eps2.0,n_weighted,2.0,8,2,,2,0,0.0,35.30363153677643,0.7060726307355286,0.4282653837893914,1.0,5.936619718309859,284
traffic,speed_eps2.0,n_weighted,2.0,8,2,4.0,2,0,0.0,51.94026866973128,1.0388053733946256,0.46928552006288826,1.0,5.936619718309859,284
traffic,speed_eps2.0,n_weighted,2.0,8,2,8.0,2,0,0.0,35.30363153677643,0.7060726307355286,0.4282653837893914,1.0,5.936619718309859,284
traffic,speed_eps2.0,n_weighted,2.0,8,2,16.0,2,0,0.0,35.30363153677643,0.7060726307355286,0.4282653837893914,1.0,5.936619718309859,284
traffic,speed_eps2.0,n_weighted,2.0,8,3,,2,0,0.0,33.977483017778354,0.6795496603555671,0.34501293341818995,0.9859154929577465,5.936619718309859,284
traffic,speed_eps2.0,n_weighted,2.0,8,3,4.0,2,0,0.0,50.89344004381247,1.0178688008762493,0.3437917617847923,0.9859154929577465,5.936619718309859,284
traffic,speed_eps2.0,n_weighted,2.0,8,3,8.0,2,0,0.0,33.977483017778354,0.6795496603555671,0.34501293341818995,0.9859154929577465,5.936619718309859,284
traffic,speed_eps2.0,n_weighted,2.0,8,3,16.0,2,0,0.0,33.977483017778354,0.6795496603555671,0.34501293341818995,0.9859154929577465,5.936619718309859,284
traffic,speed_eps2.0,n_weighted,2.0,8,4,,2,0,0.0,33.977483017778354,0.6795496603555671,0.34501293341818995,0.9859154929577465,5.936619718309859,284
traffic,speed_eps2.0,n_weighted,2.0,8,4,4.0,2,0,0.0,50.89344004381247,1.0178688008762493,0.3437917617847923,0.9859154929577465,5.936619718309859,284
traffic,speed_eps2.0,n_weighted,2.0,8,4,8.0,2,0,0.0,33.977483017778354,0.6795496603555671,0.34501293341818995,0.9859154929577465,5.936619718309859,284
traffic,speed_eps2.0,n_weighted,2.0,8,4,16.0,2,0,0.0,33.977483017778354,0.6795496603555671,0.34501293341818995,0.9859154929577465,5.936619718309859,284
traffic,speed_eps2.0,n_weighted,2.0,8,6,,2,0,0.0,34.13277635362531,0.6826555270725062,0.341300729037674,0.9823943661971831,5.936619718309859,284
traffic,speed_eps2.0,n_weighted,2.0,8,6,8.0,2,0,0.0,34.13277635362531,0.6826555270725062,0.341300729037674,0.9823943661971831,5.936619718309859,284
traffic,speed_eps2.0,n_weighted,2.0,8,6,16.0,2,0,0.0,34.13277635362531,0.6826555270725062,0.341300729037674,0.9823943661971831,5.936619718309859,284
traffic,speed_eps2.0,n_weighted,2.0,8,1,,2,2,0.0,35.30363153677643,0.7060726307355286,0.4282653837893914,1.0,5.936619718309859,284
traffic,speed_eps2.0,n_weighted,2.0,8,1,4.0,2,2,0.0,51.94026866973128,1.0388053733946256,0.46928552006288826,1.0,5.936619718309859,284
traffic,speed_eps2.0,n_weighted,2.0,8,1,8.0,2,2,0.0,35.30363153677643,0.7060726307355286,0.4282653837893914,1.0,5.936619718309859,284
traffic,speed_eps2.0,n_weighted,2.0,8,1,16.0,2,2,0.0,35.30363153677643,0.7060726307355286,0.4282653837893914,1.0,5.936619718309859,284
traffic,speed_eps2.0,n_weighted,2.0,8,2,,2,2,0.0,35.30363153677643,0.7060726307355286,0.4282653837893914,1.0,5.936619718309859,284
traffic,speed_eps2.0,n_weighted,2.0,8,2,4.0,2,2,0.0,51.94026866973128,1.0388053733946256,0.46928552006288826,1.0,5.936619718309859,284
traffic,speed_eps2.0,n_weighted,2.0,8,2,8.0,2,2,0.0,35.30363153677643,0.7060726307355286,0.4282653837893914,1.0,5.936619718309859,284
traffic,speed_eps2.0,n_weighted,2.0,8,2,16.0,2,2,0.0,35.30363153677643,0.7060726307355286,0.4282653837893914,1.0,5.936619718309859,284
traffic,speed_eps2.0,n_weighted,2.0,8,3,,2,2,0.0,33.977483017778354,0.6795496603555671,0.34501293341818995,0.99644128113879,5.9786476868327405,281
traffic,speed_eps2.0,n_weighted,2.0,8,3,4.0,2,2,0.0,50.89344004381247,1.0178688008762493,0.3437917617847923,0.99644128113879,5.9786476868327405,281
traffic,speed_eps2.0,n_weighted,2.0,8,3,8.0,2,2,0.0,33.977483017778354,0.6795496603555671,0.34501293341818995,0.99644128113879,5.9786476868327405,281
traffic,speed_eps2.0,n_weighted,2.0,8,3,16.0,2,2,0.0,33.977483017778354,0.6795496603555671,0.34501293341818995,0.99644128113879,5.9786476868327405,281
traffic,speed_eps2.0,n_weighted,2.0,8,4,,2,2,0.0,33.977483017778354,0.6795496603555671,0.34501293341818995,0.99644128113879,5.9786476868327405,281
traffic,speed_eps2.0,n_weighted,2.0,8,4,4.0,2,2,0.0,50.89344004381247,1.0178688008762493,0.3437917617847923,0.99644128113879,5.9786476868327405,281
traffic,speed_eps2.0,n_weighted,2.0,8,4,8.0,2,2,0.0,33.977483017778354,0.6795496603555671,0.34501293341818995,0.99644128113879,5.9786476868327405,281
traffic,speed_eps2.0,n_weighted,2.0,8,4,16.0,2,2,0.0,33.977483017778354,0.6795496603555671,0.34501293341818995,0.99644128113879,5.9786476868327405,281
traffic,speed_eps2.0,n_weighted,2.0,8,6,,2,2,0.0,34.13277635362531,0.6826555270725062,0.341300729037674,0.9928825622775801,5.9786476868327405,281
traffic,speed_eps2.0,n_weighted,2.0,8,6,8.0,2,2,0.0,34.13277635362531,0.6826555270725062,0.341300729037674,0.9928825622775801,5.9786476868327405,281
traffic,speed_eps2.0,n_weighted,2.0,8,6,16.0,2,2,0.0,34.13277635362531,0.6826555270725062,0.341300729037674,0.9928825622775801,5.9786476868327405,281
traffic,speed_eps2.0,n_weighted,2.0,8,1,,2,4,0.0,35.30363153677643,0.7060726307355286,0.4282653837893914,1.0,5.936619718309859,284
traffic,speed_eps2.0,n_weighted,2.0,8,1,4.0,2,4,0.0,51.94026866973128,1.0388053733946256,0.46928552006288826,1.0,5.936619718309859,284
traffic,speed_eps2.0,n_weighted,2.0,8,1,8.0,2,4,0.0,35.30363153677643,0.7060726307355286,0.4282653837893914,1.0,5.936619718309859,284
traffic,speed_eps2.0,n_weighted,2.0,8,1,16.0,2,4,0.0,35.30363153677643,0.7060726307355286,0.4282653837893914,1.0,5.936619718309859,284
traffic,speed_eps2.0,n_weighted,2.0,8,2,,2,4,0.0,35.30363153677643,0.7060726307355286,0.4282653837893914,1.0,5.936619718309859,284
traffic,speed_eps2.0,n_weighted,2.0,8,2,4.0,2,4,0.0,51.94026866973128,1.0388053733946256,0.46928552006288826,1.0,5.936619718309859,284
traffic,speed_eps2.0,n_weighted,2.0,8,2,8.0,2,4,0.0,35.30363153677643,0.7060726307355286,0.4282653837893914,1.0,5.936619718309859,284
traffic,speed_eps2.0,n_weighted,2.0,8,2,16.0,2,4,0.0,35.30363153677643,0.7060726307355286,0.4282653837893914,1.0,5.936619718309859,284
traffic,speed_eps2.0,n_weighted,2.0,8,3,,2,4,0.0,33.977483017778354,0.6795496603555671,0.34501293341818995,1.0,5.992857142857143,280
traffic,speed_eps2.0,n_weighted,2.0,8,3,4.0,2,4,0.0,50.89344004381247,1.0178688008762493,0.3437917617847923,1.0,5.992857142857143,280
traffic,speed_eps2.0,n_weighted,2.0,8,3,8.0,2,4,0.0,33.977483017778354,0.6795496603555671,0.34501293341818995,1.0,5.992857142857143,280
traffic,speed_eps2.0,n_weighted,2.0,8,3,16.0,2,4,0.0,33.977483017778354,0.6795496603555671,0.34501293341818995,1.0,5.992857142857143,280
traffic,speed_eps2.0,n_weighted,2.0,8,4,,2,4,0.0,33.977483017778354,0.6795496603555671,0.34501293341818995,1.0,5.992857142857143,280
traffic,speed_eps2.0,n_weighted,2.0,8,4,4.0,2,4,0.0,50.89344004381247,1.0178688008762493,0.3437917617847923,1.0,5.992857142857143,280
traffic,speed_eps2.0,n_weighted,2.0,8,4,8.0,2,4,0.0,33.977483017778354,0.6795496603555671,0.34501293341818995,1.0,5.992857142857143,280
traffic,speed_eps2.0,n_weighted,2.0,8,4,16.0,2,4,0.0,33.977483017778354,0.6795496603555671,0.34501293341818995,1.0,5.992857142857143,280
traffic,speed_eps2.0,n_weighted,2.0,8,6,,2,4,0.0,34.13277635362531,0.6826555270725062,0.341300729037674,0.9964285714285714,5.992857142857143,280
traffic,speed_eps2.0,n_weighted,2.0,8,6,8.0,2,4,0.0,34.13277635362531,0.6826555270725062,0.341300729037674,0.9964285714285714,5.992857142857143,280
traffic,speed_eps2.0,n_weighted,2.0,8,6,16.0,2,4,0.0,34.13277635362531,0.6826555270725062,0.341300729037674,0.9964285714285714,5.992857142857143,280
traffic,speed_eps2.0,n_weighted,2.0,8,1,,4,0,0.0,32.7929600753796,0.6558592015075919,0.8687839899535338,1.0,5.943661971830986,142
traffic,speed_eps2.0,n_weighted,2.0,8,1,4.0,4,0,0.0,48.39043388560493,0.9678086777120986,0.8171292804914772,1.0,5.943661971830986,142
traffic,speed_eps2.0,n_weighted,2.0,8,1,8.0,4,0,0.0,32.7929600753796,0.6558592015075919,0.8687839899535338,1.0,5.943661971830986,142
traffic,speed_eps2.0,n_weighted,2.0,8,1,16.0,4,0,0.0,32.7929600753796,0.6558592015075919,0.8687839899535338,1.0,5.943661971830986,142
traffic,speed_eps2.0,n_weighted,2.0,8,2,,4,0,0.0,32.7929600753796,0.6558592015075919,0.8687839899535338,1.0,5.943661971830986,142
traffic,speed_eps2.0,n_weighted,2.0,8,2,4.0,4,0,0.0,48.39043388560493,0.9678086777120986,0.8171292804914772,1.0,5.943661971830986,142
traffic,speed_eps2.0,n_weighted,2.0,8,2,8.0,4,0,0.0,32.7929600753796,0.6558592015075919,0.8687839899535338,1.0,5.943661971830986,142
traffic,speed_eps2.0,n_weighted,2.0,8,2,16.0,4,0,0.0,32.7929600753796,0.6558592015075919,0.8687839899535338,1.0,5.943661971830986,142
traffic,speed_eps2.0,n_weighted,2.0,8,3,,4,0,0.0,31.984411195985064,0.6396882239197013,0.8378019903553986,0.9859154929577465,5.943661971830986,142
traffic,speed_eps2.0,n_weighted,2.0,8,3,4.0,4,0,0.0,47.9766167939776,0.959532335879552,0.8207094687601635,0.9859154929577465,5.943661971830986,142
traffic,speed_eps2.0,n_weighted,2.0,8,3,8.0,4,0,0.0,31.984411195985064,0.6396882239197013,0.8378019903553986,0.9859154929577465,5.943661971830986,142
traffic,speed_eps2.0,n_weighted,2.0,8,3,16.0,4,0,0.0,31.984411195985064,0.6396882239197013,0.8378019903553986,0.9859154929577465,5.943661971830986,142
traffic,speed_eps2.0,n_weighted,2.0,8,4,,4,0,0.0,31.984411195985064,0.6396882239197013,0.8378019903553986,0.9859154929577465,5.943661971830986,142
traffic,speed_eps2.0,n_weighted,2.0,8,4,4.0,4,0,0.0,47.9766167939776,0.959532335879552,0.8207094687601635,0.9859154929577465,5.943661971830986,142
traffic,speed_eps2.0,n_weighted,2.0,8,4,8.0,4,0,0.0,31.984411195985064,0.6396882239197013,0.8378019903553986,0.9859154929577465,5.943661971830986,142
traffic,speed_eps2.0,n_weighted,2.0,8,4,16.0,4,0,0.0,31.984411195985064,0.6396882239197013,0.8378019903553986,0.9859154929577465,5.943661971830986,142
traffic,speed_eps2.0,n_weighted,2.0,8,6,,4,0,0.0,31.984411195985064,0.6396882239197013,0.8378019903553986,0.9859154929577465,5.943661971830986,142
traffic,speed_eps2.0,n_weighted,2.0,8,6,8.0,4,0,0.0,31.984411195985064,0.6396882239197013,0.8378019903553986,0.9859154929577465,5.943661971830986,142
traffic,speed_eps2.0,n_weighted,2.0,8,6,16.0,4,0,0.0,31.984411195985064,0.6396882239197013,0.8378019903553986,0.9859154929577465,5.943661971830986,142
traffic,speed_eps2.0,n_weighted,2.0,8,1,,4,2,0.0,32.7929600753796,0.6558592015075919,0.8687839899535338,1.0,5.943661971830986,142
traffic,speed_eps2.0,n_weighted,2.0,8,1,4.0,4,2,0.0,48.39043388560493,0.9678086777120986,0.8171292804914772,1.0,5.943661971830986,142
traffic,speed_eps2.0,n_weighted,2.0,8,1,8.0,4,2,0.0,32.7929600753796,0.6558592015075919,0.8687839899535338,1.0,5.943661971830986,142
traffic,speed_eps2.0,n_weighted,2.0,8,1,16.0,4,2,0.0,32.7929600753796,0.6558592015075919,0.8687839899535338,1.0,5.943661971830986,142
traffic,speed_eps2.0,n_weighted,2.0,8,2,,4,2,0.0,32.7929600753796,0.6558592015075919,0.8687839899535338,1.0,5.943661971830986,142
traffic,speed_eps2.0,n_weighted,2.0,8,2,4.0,4,2,0.0,48.39043388560493,0.9678086777120986,0.8171292804914772,1.0,5.943661971830986,142
traffic,speed_eps2.0,n_weighted,2.0,8,2,8.0,4,2,0.0,32.7929600753796,0.6558592015075919,0.8687839899535338,1.0,5.943661971830986,142
traffic,speed_eps2.0,n_weighted,2.0,8,2,16.0,4,2,0.0,32.7929600753796,0.6558592015075919,0.8687839899535338,1.0,5.943661971830986,142
traffic,speed_eps2.0,n_weighted,2.0,8,3,,4,2,0.0,31.984411195985064,0.6396882239197013,0.8378019903553986,1.0,6.0,140
traffic,speed_eps2.0,n_weighted,2.0,8,3,4.0,4,2,0.0,47.9766167939776,0.959532335879552,0.8207094687601635,1.0,6.0,140
traffic,speed_eps2.0,n_weighted,2.0,8,3,8.0,4,2,0.0,31.984411195985064,0.6396882239197013,0.8378019903553986,1.0,6.0,140
traffic,speed_eps2.0,n_weighted,2.0,8,3,16.0,4,2,0.0,31.984411195985064,0.6396882239197013,0.8378019903553986,1.0,6.0,140
traffic,speed_eps2.0,n_weighted,2.0,8,4,,4,2,0.0,31.984411195985064,0.6396882239197013,0.8378019903553986,1.0,6.0,140
traffic,speed_eps2.0,n_weighted,2.0,8,4,4.0,4,2,0.0,47.9766167939776,0.959532335879552,0.8207094687601635,1.0,6.0,140
traffic,speed_eps2.0,n_weighted,2.0,8,4,8.0,4,2,0.0,31.984411195985064,0.6396882239197013,0.8378019903553986,1.0,6.0,140
traffic,speed_eps2.0,n_weighted,2.0,8,4,16.0,4,2,0.0,31.984411195985064,0.6396882239197013,0.8378019903553986,1.0,6.0,140
traffic,speed_eps2.0,n_weighted,2.0,8,6,,4,2,0.0,31.984411195985064,0.6396882239197013,0.8378019903553986,1.0,6.0,140
traffic,speed_eps2.0,n_weighted,2.0,8,6,8.0,4,2,0.0,31.984411195985064,0.6396882239197013,0.8378019903553986,1.0,6.0,140
traffic,speed_eps2.0,n_weighted,2.0,8,6,16.0,4,2,0.0,31.984411195985064,0.6396882239197013,0.8378019903553986,1.0,6.0,140
traffic,speed_eps2.0,n_weighted,2.0,8,1,,4,4,0.0,32.7929600753796,0.6558592015075919,0.8687839899535338,1.0,5.943661971830986,142
traffic,speed_eps2.0,n_weighted,2.0,8,1,4.0,4,4,0.0,48.39043388560493,0.9678086777120986,0.8171292804914772,1.0,5.943661971830986,142
traffic,speed_eps2.0,n_weighted,2.0,8,1,8.0,4,4,0.0,32.7929600753796,0.6558592015075919,0.8687839899535338,1.0,5.943661971830986,142
traffic,speed_eps2.0,n_weighted,2.0,8,1,16.0,4,4,0.0,32.7929600753796,0.6558592015075919,0.8687839899535338,1.0,5.943661971830986,142
traffic,speed_eps2.0,n_weighted,2.0,8,2,,4,4,0.0,32.7929600753796,0.6558592015075919,0.8687839899535338,1.0,5.943661971830986,142
traffic,speed_eps2.0,n_weighted,2.0,8,2,4.0,4,4,0.0,48.39043388560493,0.9678086777120986,0.8171292804914772,1.0,5.943661971830986,142
traffic,speed_eps2.0,n_weighted,2.0,8,2,8.0,4,4,0.0,32.7929600753796,0.6558592015075919,0.8687839899535338,1.0,5.943661971830986,142
traffic,speed_eps2.0,n_weighted,2.0,8,2,16.0,4,4,0.0,32.7929600753796,0.6558592015075919,0.8687839899535338,1.0,5.943661971830986,142
traffic,speed_eps2.0,n_weighted,2.0,8,3,,4,4,0.0,31.984411195985064,0.6396882239197013,0.8378019903553986,1.0,6.0,140
traffic,speed_eps2.0,n_weighted,2.0,8,3,4.0,4,4,0.0,47.9766167939776,0.959532335879552,0.8207094687601635,1.0,6.0,140
traffic,speed_eps2.0,n_weighted,2.0,8,3,8.0,4,4,0.0,31.984411195985064,0.6396882239197013,0.8378019903553986,1.0,6.0,140
traffic,speed_eps2.0,n_weighted,2.0,8,3,16.0,4,4,0.0,31.984411195985064,0.6396882239197013,0.8378019903553986,1.0,6.0,140
traffic,speed_eps2.0,n_weighted,2.0,8,4,,4,4,0.0,31.984411195985064,0.6396882239197013,0.8378019903553986,1.0,6.0,140
traffic,speed_eps2.0,n_weighted,2.0,8,4,4.0,4,4,0.0,47.9766167939776,0.959532335879552,0.8207094687601635,1.0,6.0,140
traffic,speed_eps2.0,n_weighted,2.0,8,4,8.0,4,4,0.0,31.984411195985064,0.6396882239197013,0.8378019903553986,1.0,6.0,140
traffic,speed_eps2.0,n_weighted,2.0,8,4,16.0,4,4,0.0,31.984411195985064,0.6396882239197013,0.8378019903553986,1.0,6.0,140
traffic,speed_eps2.0,n_weighted,2.0,8,6,,4,4,0.0,31.984411195985064,0.6396882239197013,0.8378019903553986,1.0,6.0,140
traffic,speed_eps2.0,n_weighted,2.0,8,6,8.0,4,4,0.0,31.984411195985064,0.6396882239197013,0.8378019903553986,1.0,6.0,140
traffic,speed_eps2.0,n_weighted,2.0,8,6,16.0,4,4,0.0,31.984411195985064,0.6396882239197013,0.8378019903553986,1.0,6.0,140
