dataset,sensor,strategy,epsilon,w,P_min,P_max,delta_t,k_ext,epsilon_count,mae,normalized_mae,kl_divergence,release_rate,avg_n_tau,n_logical_timestamps
wearable,heart_rate_eps2.0,uniform,2.0,8,1,,1,0,0.0,164.968123689877,0.8682532825782999,0.2978748336759239,1.0,8.403361344537815,119
wearable,heart_rate_eps2.0,uniform,2.0,8,1,4.0,1,0,0.0,254.9494093134416,1.3418389963865347,0.3825230528724361,1.0,8.403361344537815,119
wearable,heart_rate_eps2.0,uniform,2.0,8,1,8.0,1,0,0.0,179.29294062536667,0.9436470559229825,0.32035464257397517,1.0,8.403361344537815,119
wearable,heart_rate_eps2.0,uniform,2.0,8,1,16.0,1,0,0.0,164.968123689877,0.8682532825782999,0.2978748336759239,1.0,8.403361344537815,119
wearable,heart_rate_eps2.0,uniform,2.0,8,2,,1,0,0.0,164.968123689877,0.8682532825782999,0.2978748336759239,1.0,8.403361344537815,119
wearable,heart_rate_eps2.0,uniform,2.0,8,2,4.0,1,0,0.0,254.9494093134416,1.3418389963865347,0.3825230528724361,1.0,8.403361344537815,119
wearable,heart_rate_eps2.0,uniform,2.0,8,2,8.0,1,0,0.0,179.29294062536667,0.9436470559229825,0.32035464257397517,1.0,8.403361344537815,119
wearable,heart_rate_eps2.0,uniform,2.0,8,2,16.0,1,0,0.0,164.968123689877,0.8682532825782999,0.2978748336759239,1.0,8.403361344537815,119
wearable,heart_rate_eps2.0,uniform,2.0,8,3,,1,0,0.0,164.968123689877,0.8682532825782999,0.2978748336759239,1.0,8.403361344537815,119
wearable,heart_rate_eps2.0,uniform,2.0,8,3,4.0,1,0,0.0,254.9494093134416,1.3418389963865347,0.3825230528724361,1.0,8.403361344537815,119
wearable,heart_rate_eps2.0,uniform,2.0,8,3,8.0,1,0,0.0,179.29294062536667,0.9436470559229825,0.32035464257397517,1.0,8.403361344537815,119
wearable,heart_rate_eps2.0,uniform,2.0,8,3,16.0,1,0,0.0,164.968123689877,0.8682532825782999,0.2978748336759239,1.0,8.403361344537815,119
wearable,heart_rate_eps2.0,uniform,2.0,8,4,,1,0,0.0,164.968123689877,0.8682532825782999,0.2978748336759239,1.0,8.403361344537815,119
wearable,heart_rate_eps2.0,uniform,2.0,8,4,4.0,1,0,0.0,254.9494093134416,1.3418389963865347,0.3825230528724361,1.0,8.403361344537815,119
wearable,heart_rate_eps2.0,uniform,2.0,8,4,8.0,1,0,0.0,179.29294062536667,0.9436470559229825,0.32035464257397517,1.0,8.403361344537815,119
wearable,heart_rate_eps2.0,uniform,2.0,8,4,16.0,1,0,0.0,164.968123689877,0.8682532825782999,0.2978748336759239,1.0,8.403361344537815,119
wearable,heart_rate_eps2.0,uniform,2.0,8,6,,1,0,0.0,164.968123689877,0.8682532825782999,0.2978748336759239,1.0,8.403361344537815,119
wearable,heart_rate_eps2.0,uniform,2.0,8,6,8.0,1,0,0.0,179.29294062536667,0.9436470559229825,0.32035464257397517,1.0,8.403361344537815,119
wearable,heart_rate_eps2.0,uniform,2.0,8,6,16.0,1,0,0.0,164.968123689877,0.8682532825782999,0.2978748336759239,1.0,8.403361344537815,119
wearable,heart_rate_eps2.0,uniform,2.0,8,1,,1,2,0.0,164.968123689877,0.8682532825782999,0.2978748336759239,1.0,8.403361344537815,119
wearable,heart_rate_eps2.0,uniform,2.0,8,1,4.0,1,2,0.0,254.9494093134416,1.3418389963865347,0.3825230528724361,1.0,8.403361344537815,119
wearable,heart_rate_eps2.0,uniform,2.0,8,1,8.0,1,2,0.0,179.29294062536667,0.9436470559229825,0.32035464257397517,1.0,8.403361344537815,119
wearable,heart_rate_eps2.0,uniform,2.0,8,1,16.0,1,2,0.0,164.968123689877,0.8682532825782999,0.2978748336759239,1.0,8.403361344537815,119
wearable,heart_rate_eps2.0,uniform,2.0,8,2,,1,2,0.0,125.42353700066242,0.6601238789508549,0.10058037871182775,1.0,9.082568807339449,109
wearable,heart_rate_eps2.0,uniform,2.0,8,2,4.0,1,2,0.0,223.65998644290272,1.1771578233836986,0.37140013538666805,1.0,9.082568807339449,109
wearable,heart_rate_eps2.0,uniform,2.0,8,2,8.0,1,2,0.0,141.06255732472914,0.7424345122354166,0.12968646393717925,1.0,9.082568807339449,109
wearable,heart_rate_eps2.0,uniform,2.0,8,2,16.0,1,2,0.0,125.42353700066242,0.6601238789508549,0.10058037871182775,1.0,9.082568807339449,109
wearable,heart_rate_eps2.0,uniform,2.0,8,3,,1,2,0.0,102.08570630856183,0.5372931910976938,0.5916684186398652,1.0,9.214953271028037,107
wearable,heart_rate_eps2.0,uniform,2.0,8,3,4.0,1,2,0.0,202.15835106747946,1.0639913214077865,0.7712738032901082,1.0,9.214953271028037,107
wearable,heart_rate_eps2.0,uniform,2.0,8,3,8.0,1,2,0.0,118.017044769527,0.6211423408922474,0.677101205137947,1.0,9.214953271028037,107
wearable,heart_rate_eps2.0,uniform,2.0,8,3,16.0,1,2,0.0,102.08570630856183,0.5372931910976938,0.5916684186398652,1.0,9.214953271028037,107
wearable,heart_rate_eps2.0,uniform,2.0,8,4,,1,2,0.0,102.08570630856183,0.5372931910976938,0.5491629693009883,1.0,9.214953271028037,107
wearable,heart_rate_eps2.0,uniform,2.0,8,4,4.0,1,2,0.0,202.15835106747946,1.0639913214077865,0.7912172998881748,1.0,9.214953271028037,107
wearable,heart_rate_eps2.0,uniform,2.0,8,4,8.0,1,2,0.0,118.017044769527,0.6211423408922474,0.708490895190001,1.0,9.214953271028037,107
wearable,heart_rate_eps2.0,uniform,2.0,8,4,16.0,1,2,0.0,102.08570630856183,0.5372931910976938,0.5491629693009883,1.0,9.214953271028037,107
wearable,heart_rate_eps2.0,uniform,2.0,8,6,,1,2,0.0,104.33391436874048,0.5491258650986341,0.3586196028993315,1.0,9.273584905660377,106
wearable,heart_rate_eps2.0,uniform,2.0,8,6,8.0,1,2,0.0,120.41554847556381,0.6337660446082306,0.4418256431962802,1.0,9.273584905660377,106
wearable,heart_rate_eps2.0,uniform,2.0,8,6,16.0,1,2,0.0,104.33391436874048,0.5491258650986341,0.3586196028993315,1.0,9.273584905660377,106
wearable,heart_rate_eps2.0,uniform,2.0,8,1,,1,4,0.0,164.968123689877,0.8682532825782999,0.2978748336759239,1.0,8.403361344537815,119
wearable,heart_rate_eps2.0,uniform,2.0,8,1,4.0,1,4,0.0,254.9494093134416,1.3418389963865347,0.3825230528724361,1.0,8.403361344537815,119
wearable,heart_rate_eps2.0,uniform,2.0,8,1,8.0,1,4,0.0,179.29294062536667,0.9436470559229825,0.32035464257397517,1.0,8.403361344537815,119
wearable,heart_rate_eps2.0,uniform,2.0,8,1,16.0,1,4,0.0,164.968123689877,0.8682532825782999,0.2978748336759239,1.0,8.403361344537815,119
wearable,heart_rate_eps2.0,uniform,2.0,8,2,,1,4,0.0,97.64221708659508,0.5139064057189214,0.5237649347458269,1.0,9.233644859813085,107
wearable,heart_rate_eps2.0,uniform,2.0,8,2,4.0,1,4,0.0,197.71486184551276,1.0406045360290146,0.7909931393350046,1.0,9.233644859813085,107
wearable,heart_rate_eps2.0,uniform,2.0,8,2,8.0,1,4,0.0,113.57355554756025,0.597755555513475,0.6962442915215405,1.0,9.233644859813085,107
wearable,heart_rate_eps2.0,uniform,2.0,8,2,16.0,1,4,0.0,97.64221708659508,0.5139064057189214,0.5237649347458269,1.0,9.233644859813085,107
wearable,heart_rate_eps2.0,uniform,2.0,8,3,,1,4,0.0,95.67766444385012,0.5035666549676322,0.3958335925633133,1.0,9.371428571428572,105
wearable,heart_rate_eps2.0,uniform,2.0,8,3,4.0,1,4,0.0,197.65645481722333,1.0402971306169648,0.768516203030429,1.0,9.371428571428572,105
wearable,heart_rate_eps2.0,uniform,2.0,8,3,8.0,1,4,0.0,111.91245697073845,0.5890129314249392,0.511935330235854,1.0,9.371428571428572,105
wearable,heart_rate_eps2.0,uniform,2.0,8,3,16.0,1,4,0.0,95.67766444385012,0.5035666549676322,0.3958335925633133,1.0,9.371428571428572,105
wearable,heart_rate_eps2.0,uniform,2.0,8,4,,1,4,0.0,95.94428144040931,0.5049699023179437,0.25644056563097073,1.0,9.442307692307692,104
wearable,heart_rate_eps2.0,uniform,2.0,8,4,4.0,1,4,0.0,198.9036371058342,1.046861247925443,0.6704167209387739,1.0,9.442307692307692,104
wearable,heart_rate_eps2.0,uniform,2.0,8,4,8.0,1,4,0.0,112.33517774159463,0.5912377775873402,0.3298604866875823,1.0,9.442307692307692,104
wearable,heart_rate_eps2.0,uniform,2.0,8,4,16.0,1,4,0.0,95.94428144040931,0.5049699023179437,0.25644056563097073,1.0,9.442307692307692,104
wearable,heart_rate_eps2.0,uniform,2.0,8,6,,1,4,0.0,91.75854035320495,0.4829396860694997,0.41603446699709584,1.0,9.504854368932039,103
wearable,heart_rate_eps2.0,uniform,2.0,8,6,8.0,1,4,0.0,108.30857156993575,0.5700451135259776,0.37202637465177946,1.0,9.504854368932039,103
wearable,heart_rate_eps2.0,uniform,2.0,8,6,16.0,1,4,0.0,91.75854035320495,0.4829396860694997,0.41603446699709584,1.0,9.504854368932039,103
wearable,heart_rate_eps2.0,uniform,2.0,8,1,,2,0,0.0,180.45071346917854,0.9497405972062029,0.08118321827284715,1.0,8.383333333333333,60
wearable,heart_rate_eps2.0,uniform,2.0,8,1,4.0,2,0,0.0,260.2993409031141,1.3699965310690216,0.2431338783730404,1.0,8.383333333333333,60
wearable,heart_rate_eps2.0,uniform,2.0,8,1,8.0,2,0,0.0,193.1932948632546,1.0168068150697611,0.08118321827284715,1.0,8.383333333333333,60
wearable,heart_rate_eps2.0,uniform,2.0,8,1,16.0,2,0,0.0,180.45071346917854,0.9497405972062029,0.08118321827284715,1.0,8.383333333333333,60
wearable,heart_rate_eps2.0,uniform,2.0,8,2,,2,0,0.0,180.45071346917854,0.9497405972062029,0.08118321827284715,1.0,8.383333333333333,60
wearable,heart_rate_eps2.0,uniform,2.0,8,2,4.0,2,0,0.0,260.2993409031141,1.3699965310690216,0.2431338783730404,1.0,8.383333333333333,60
wearable,heart_rate_eps2.0,uniform,2.0,8,2,8.0,2,0,0.0,193.1932948632546,1.0168068150697611,0.08118321827284715,1.0,8.383333333333333,60
wearable,heart_rate_eps2.0,uniform,2.0,8,2,16.0,2,0,0.0,180.45071346917854,0.9497405972062029,0.08118321827284715,1.0,8.383333333333333,60
wearable,heart_rate_eps2.0,uniform,2.0,8,3,,2,0,0.0,180.45071346917854,0.9497405972062029,0.08118321827284715,1.0,8.383333333333333,60
wearable,heart_rate_eps2.0,uniform,2.0,8,3,4.0,2,0,0.0,260.2993409031141,1.3699965310690216,0.2431338783730404,1.0,8.383333333333333,60
wearable,heart_rate_eps2.0,uniform,2.0,8,3,8.0,2,0,0.0,193.1932948632546,1.0168068150697611,0.08118321827284715,1.0,8.383333333333333,60
wearable,heart_rate_eps2.0,uniform,2.0,8,3,16.0,2,0,0.0,180.45071346917854,0.9497405972062029,0.08118321827284715,1.0,8.383333333333333,60
wearable,heart_rate_eps2.0,uniform,2.0,8,4,,2,0,0.0,180.45071346917854,0.9497405972062029,0.08118321827284715,1.0,8.383333333333333,60
wearable,heart_rate_eps2.0,uniform,2.0,8,4,4.0,2,0,0.0,260.2993409031141,1.3699965310690216,0.2431338783730404,1.0,8.383333333333333,60
wearable,heart_rate_eps2.0,uniform,2.0,8,4,8.0,2,0,0.0,193.1932948632546,1.0168068150697611,0.08118321827284715,1.0,8.383333333333333,60
wearable,heart_rate_eps2.0,uniform,2.0,8,4,16.0,2,0,0.0,180.45071346917854,0.9497405972062029,0.08118321827284715,1.0,8.383333333333333,60
wearable,heart_rate_eps2.0,uniform,2.0,8,6,,2,0,0.0,180.45071346917854,0.9497405972062029,0.08118321827284715,1.0,8.383333333333333,60
wearable,heart_rate_eps2.0,uniform,2.0,8,6,8.0,2,0,0.0,193.1932948632546,1.0168068150697611,0.08118321827284715,1.0,8.383333333333333,60
wearable,heart_rate_eps2.0,uniform,2.0,8,6,16.0,2,0,0.0,180.45071346917854,0.9497405972062029,0.08118321827284715,1.0,8.383333333333333,60
wearable,heart_rate_eps2.0,uniform,2.0,8,1,,2,2,0.0,180.45071346917854,0.9497405972062029,0.08118321827284715,1.0,8.383333333333333,60
wearable,heart_rate_eps2.0,uniform,2.0,8,1,4.0,2,2,0.0,260.2993409031141,1.3699965310690216,0.2431338783730404,1.0,8.383333333333333,60
wearable,heart_rate_eps2.0,uniform,2.0,8,1,8.0,2,2,0.0,193.1932948632546,1.0168068150697611,0.08118321827284715,1.0,8.383333333333333,60
wearable,heart_rate_eps2.0,uniform,2.0,8,1,16.0,2,2,0.0,180.45071346917854,0.9497405972062029,0.08118321827284715,1.0,8.383333333333333,60
wearable,heart_rate_eps2.0,uniform,2.0,8,2,,2,2,0.0,129.90171124044934,0.6836932170549965,0.08095617340558152,1.0,9.054545454545455,55
wearable,heart_rate_eps2.0,uniform,2.0,8,2,4.0,2,2,0.0,217.00930480474278,1.1421542358144356,0.3969784950527505,1.0,9.054545454545455,55
wearable,heart_rate_eps2.0,uniform,2.0,8,2,8.0,2,2,0.0,143.80270912489598,0.756856363815242,0.2900198104608494,1.0,9.054545454545455,55
wearable,heart_rate_eps2.0,uniform,2.0,8,2,16.0,2,2,0.0,129.90171124044934,0.6836932170549965,0.08095617340558152,1.0,9.054545454545455,55
wearable,heart_rate_eps2.0,uniform,2.0,8,3,,2,2,0.0,100.64235872906364,0.5296966248898086,0.28102267629219496,1.0,9.203703703703704,54
wearable,heart_rate_eps2.0,uniform,2.0,8,3,4.0,2,2,0.0,189.363055877881,0.9966476625151632,0.5271077620353877,1.0,9.203703703703704,54
wearable,heart_rate_eps2.0,uniform,2.0,8,3,8.0,2,2,0.0,114.80078250025929,0.6042146447382067,0.47586718406888,1.0,9.203703703703704,54
wearable,heart_rate_eps2.0,uniform,2.0,8,3,16.0,2,2,0.0,100.64235872906364,0.5296966248898086,0.28102267629219496,1.0,9.203703703703704,54
wearable,heart_rate_eps2.0,uniform,2.0,8,4,,2,2,0.0,102.8177140235835,0.5411458632820184,0.5176745528105884,1.0,9.185185185185185,54
wearable,heart_rate_eps2.0,uniform,2.0,8,4,4.0,2,2,0.0,191.53841117240086,1.008096900907373,0.5013877103898636,1.0,9.185185185185185,54
wearable,heart_rate_eps2.0,uniform,2.0,8,4,8.0,2,2,0.0,116.97613779477915,0.6156638831304165,0.5510954229493386,1.0,9.185185185185185,54
wearable,heart_rate_eps2.0,uniform,2.0,8,4,16.0,2,2,0.0,102.8177140235835,0.5411458632820184,0.5176745528105884,1.0,9.185185185185185,54
wearable,heart_rate_eps2.0,uniform,2.0,8,6,,2,2,0.0,102.8177140235835,0.5411458632820184,0.5176745528105884,1.0,9.185185185185185,54
wearable,heart_rate_eps2.0,uniform,2.0,8,6,8.0,2,2,0.0,116.97613779477915,0.6156638831304165,0.5510954229493386,1.0,9.185185185185185,54
wearable,heart_rate_eps2.0,uniform,2.0,8,6,16.0,2,2,0.0,102.8177140235835,0.5411458632820184,0.5176745528105884,1.0,9.185185185185185,54
wearable,heart_rate_eps2.0,uniform,2.0,8,1,,2,4,0.0,180.45071346917854,0.9497405972062029,0.08118321827284715,1.0,8.383333333333333,60
wearable,heart_rate_eps2.0,uniform,2.0,8,1,4.0,2,4,0.0,260.2993409031141,1.3699965310690216,0.2431338783730404,1.0,8.383333333333333,60
wearable,heart_rate_eps2.0,uniform,2.0,8,1,8.0,2,4,0.0,193.1932948632546,1.0168068150697611,0.08118321827284715,1.0,8.383333333333333,60
wearable,heart_rate_eps2.0,uniform,2.0,8,1,16.0,2,4,0.0,180.45071346917854,0.9497405972062029,0.08118321827284715,1.0,8.383333333333333,60
wearable,heart_rate_eps2.0,uniform,2.0,8,2,,2,4,0.0,100.64235872906364,0.5296966248898086,0.22784547780685627,1.0,9.203703703703704,54
wearable,heart_rate_eps2.0,uniform,2.0,8,2,4.0,2,4,0.0,189.363055877881,0.9966476625151632,0.5271077620353877,1.0,9.203703703703704,54
wearable,heart_rate_eps2.0,uniform,2.0,8,2,8.0,2,4,0.0,114.80078250025929,0.6042146447382067,0.47586718406888,1.0,9.203703703703704,54
wearable,heart_rate_eps2.0,uniform,2.0,8,2,16.0,2,4,0.0,100.64235872906364,0.5296966248898086,0.22784547780685627,1.0,9.203703703703704,54
wearable,heart_rate_eps2.0,uniform,2.0,8,3,,2,4,0.0,76.77447081165481,0.40407616216660425,0.40461015741749595,1.0,9.358490566037736,53
wearable,heart_rate_eps2.0,uniform,2.0,8,3,4.0,2,4,0.0,167.16914337837437,0.8798375967282862,1.17534069747844,1.0,9.358490566037736,53
wearable,heart_rate_eps2.0,uniform,2.0,8,3,8.0,2,4,0.0,91.20003465400508,0.48000018238950043,0.8575194186834633,1.0,9.358490566037736,53
wearable,heart_rate_eps2.0,uniform,2.0,8,3,16.0,2,4,0.0,76.77447081165481,0.40407616216660425,0.40461015741749595,1.0,9.358490566037736,53
wearable,heart_rate_eps2.0,uniform,2.0,8,4,,2,4,0.0,78.46699451632932,0.41298418166489115,0.6565527621278839,1.0,9.5,52
wearable,heart_rate_eps2.0,uniform,2.0,8,4,4.0,2,4,0.0,170.60002617087042,0.8978948745835286,1.153600302105635,1.0,9.5,52
wearable,heart_rate_eps2.0,uniform,2.0,8,4,8.0,2,4,0.0,93.16997304795557,0.4903682791997661,0.8369095228120417,1.0,9.5,52
wearable,heart_rate_eps2.0,uniform,2.0,8,4,16.0,2,4,0.0,78.46699451632932,0.41298418166489115,0.6565527621278839,1.0,9.5,52
wearable,heart_rate_eps2.0,uniform,2.0,8,6,,2,4,0.0,78.46699451632932,0.41298418166489115,0.6565527621278839,1.0,9.5,52
wearable,heart_rate_eps2.0,uniform,2.0,8,6,8.0,2,4,0.0,93.16997304795557,0.4903682791997661,0.8369095228120417,1.0,9.5,52
wearable,heart_rate_eps2.0,uniform,2.0,8,6,16.0,2,4,0.0,78.46699451632932,0.41298418166489115,0.6565527621278839,1.0,9.5,52
wearable,heart_rate_eps2.0,uniform,2.0,8,1,,4,0,0.0,155.10006732854765,0.8163161438344614,0.20901090763310193,1.0,8.433333333333334,30
wearable,heart_rate_eps2.0,uniform,2.0,8,1,4.0,4,0,0.0,231.9541080747281,1.2208110951301478,0.47987993362722875,1.0,8.433333333333334,30
wearable,heart_rate_eps2.0,uniform,2.0,8,1,8.0,4,0,0.0,166.87268652879726,0.8782772975199856,0.24886096786100378,1.0,8.433333333333334,30
wearable,heart_rate_eps2.0,uniform,2.0,8,1,16.0,4,0,0.0,155.10006732854765,0.8163161438344614,0.20901090763310193,1.0,8.433333333333334,30
wearable,heart_rate_eps2.0,uniform,2.0,8,2,,4,0,0.0,155.10006732854765,0.8163161438344614,0.20901090763310193,1.0,8.433333333333334,30
wearable,heart_rate_eps2.0,uniform,2.0,8,2,4.0,4,0,0.0,231.9541080747281,1.2208110951301478,0.47987993362722875,1.0,8.433333333333334,30
wearable,heart_rate_eps2.0,uniform,2.0,8,2,8.0,4,0,0.0,166.87268652879726,0.8782772975199856,0.24886096786100378,1.0,8.433333333333334,30
wearable,heart_rate_eps2.0,uniform,2.0,8,2,16.0,4,0,0.0,155.10006732854765,0.8163161438344614,0.20901090763310193,1.0,8.433333333333334,30
wearable,heart_rate_eps2.0,uniform,2.0,8,3,,4,0,0.0,155.10006732854765,0.8163161438344614,0.20901090763310193,1.0,8.433333333333334,30
wearable,heart_rate_eps2.0,uniform,2.0,8,3,4.0,4,0,0.0,231.9541080747281,1.2208110951301478,0.47987993362722875,1.0,8.433333333333334,30
wearable,heart_rate_eps2.0,uniform,2.0,8,3,8.0,4,0,0.0,166.87268652879726,0.8782772975199856,0.24886096786100378,1.0,8.433333333333334,30
wearable,heart_rate_eps2.0,uniform,2.0,8,3,16.0,4,0,0.0,155.10006732854765,0.8163161438344614,0.20901090763310193,1.0,8.433333333333334,30
wearable,heart_rate_eps2.0,uniform,2.0,8,4,,4,0,0.0,155.10006732854765,0.8163161438344614,0.20901090763310193,1.0,8.433333333333334,30
wearable,heart_rate_eps2.0,uniform,2.0,8,4,4.0,4,0,0.0,231.9541080747281,1.2208110951301478,0.47987993362722875,1.0,8.433333333333334,30
wearable,heart_rate_eps2.0,uniform,2.0,8,4,8.0,4,0,0.0,166.87268652879726,0.8782772975199856,0.24886096786100378,1.0,8.433333333333334,30
wearable,heart_rate_eps2.0,uniform,2.0,8,4,16.0,4,0,0.0,155.10006732854765,0.8163161438344614,0.20901090763310193,1.0,8.433333333333334,30
wearable,heart_rate_eps2.0,uniform,2.0,8,6,,4,0,0.0,155.10006732854765,0.8163161438344614,0.20901090763310193,1.0,8.433333333333334,30
wearable,heart_rate_eps2.0,uniform,2.0,8,6,8.0,4,0,0.0,166.87268652879726,0.8782772975199856,0.24886096786100378,1.0,8.433333333333334,30
wearable,heart_rate_eps2.0,uniform,2.0,8,6,16.0,4,0,0.0,155.10006732854765,0.8163161438344614,0.20901090763310193,1.0,8.433333333333334,30
wearable,heart_rate_eps2.0,uniform,2.0,8,1,,4,2,0.0,155.10006732854765,0.8163161438344614,0.20901090763310193,1.0,8.433333333333334,30
wearable,heart_rate_eps2.0,uniform,2.0,8,1,4.0,4,2,0.0,231.9541080747281,1.2208110951301478,0.47987993362722875,1.0,8.433333333333334,30
wearable,heart_rate_eps2.0,uniform,2.0,8,1,8.0,4,2,0.0,166.87268652879726,0.8782772975199856,0.24886096786100378,1.0,8.433333333333334,30
wearable,heart_rate_eps2.0,uniform,2.0,8,1,16.0,4,2,0.0,155.10006732854765,0.8163161438344614,0.20901090763310193,1.0,8.433333333333334,30
wearable,heart_rate_eps2.0,uniform,2.0,8,2,,4,2,0.0,125.25004855395373,0.6592107818629144,0.1241882597272852,1.0,8.964285714285714,28
wearable,heart_rate_eps2.0,uniform,2.0,8,2,4.0,4,2,0.0,207.59366363914708,1.0925982296797214,0.48385048781254086,1.0,8.964285714285714,28
wearable,heart_rate_eps2.0,uniform,2.0,8,2,8.0,4,2,0.0,137.86356912564972,0.7255977322402617,0.16092988368055886,1.0,8.964285714285714,28
wearable,heart_rate_eps2.0,uniform,2.0,8,2,16.0,4,2,0.0,125.25004855395373,0.6592107818629144,0.1241882597272852,1.0,8.964285714285714,28
wearable,heart_rate_eps2.0,uniform,2.0,8,3,,4,2,0.0,125.25004855395373,0.6592107818629144,0.1241882597272852,1.0,8.964285714285714,28
wearable,heart_rate_eps2.0,uniform,2.0,8,3,4.0,4,2,0.0,207.59366363914708,1.0925982296797214,0.48385048781254086,1.0,8.964285714285714,28
wearable,heart_rate_eps2.0,uniform,2.0,8,3,8.0,4,2,0.0,137.86356912564972,0.7255977322402617,0.16092988368055886,1.0,8.964285714285714,28
wearable,heart_rate_eps2.0,uniform,2.0,8,3,16.0,4,2,0.0,125.25004855395373,0.6592107818629144,0.1241882597272852,1.0,8.964285714285714,28
wearable,heart_rate_eps2.0,uniform,2.0,8,4,,4,2,0.0,125.7681979531275,0.6619378839638289,0.1290175230735663,1.0,9.25925925925926,27
wearable,heart_rate_eps2.0,uniform,2.0,8,4,4.0,4,2,0.0,211.1615765599947,1.1113767187368142,0.617079925271785,1.0,9.25925925925926,27
wearable,heart_rate_eps2.0,uniform,2.0,8,4,8.0,4,2,0.0,138.84888595340485,0.7307836102810782,0.16734685438622465,1.0,9.25925925925926,27
wearable,heart_rate_eps2.0,uniform,2.0,8,4,16.0,4,2,0.0,125.7681979531275,0.6619378839638289,0.1290175230735663,1.0,9.25925925925926,27
wearable,heart_rate_eps2.0,uniform,2.0,8,6,,4,2,0.0,125.7681979531275,0.6619378839638289,0.1290175230735663,1.0,9.25925925925926,27
wearable,heart_rate_eps2.0,uniform,2.0,8,6,8.0,4,2,0.0,138.84888595340485,0.7307836102810782,0.16734685438622465,1.0,9.25925925925926,27
wearable,heart_rate_eps2.0,uniform,2.0,8,6,16.0,4,2,0.0,125.7681979531275,0.6619378839638289,0.1290175230735663,1.0,9.25925925925926,27
wearable,heart_rate_eps2.0,uniform,2.0,8,1,,4,4,0.0,155.10006732854765,0.8163161438344614,0.20901090763310193,1.0,8.433333333333334,30
wearable,heart_rate_eps2.0,uniform,2.0,8,1,4.0,4,4,0.0,231.9541080747281,1.2208110951301478,0.47987993362722875,1.0,8.433333333333334,30
wearable,heart_rate_eps2.0,uniform,2.0,8,1,8.0,4,4,0.0,166.87268652879726,0.8782772975199856,0.24886096786100378,1.0,8.433333333333334,30
wearable,heart_rate_eps2.0,uniform,2.0,8,1,16.0,4,4,0.0,155.10006732854765,0.8163161438344614,0.20901090763310193,1.0,8.433333333333334,30
wearable,heart_rate_eps2.0,uniform,2.0,8,2,,4,4,0.0,125.7681979531275,0.6619378839638289,0.1290175230735663,1.0,9.25925925925926,27
wearable,heart_rate_eps2.0,uniform,2.0,8,2,4.0,4,4,0.0,211.16157655999467,1.111376718736814,0.617079925271785,1.0,9.25925925925926,27
wearable,heart_rate_eps2.0,uniform,2.0,8,2,8.0,4,4,0.0,138.84888595340485,0.7307836102810782,0.16734685438622465,1.0,9.25925925925926,27
wearable,heart_rate_eps2.0,uniform,2.0,8,2,16.0,4,4,0.0,125.7681979531275,0.6619378839638289,0.1290175230735663,1.0,9.25925925925926,27
wearable,heart_rate_eps2.0,uniform,2.0,8,3,,4,4,0.0,125.7681979531275,0.6619378839638289,0.1290175230735663,1.0,9.25925925925926,27
wearable,heart_rate_eps2.0,uniform,2.0,8,3,4.0,4,4,0.0,211.16157655999467,1.111376718736814,0.617079925271785,1.0,9.25925925925926,27
wearable,heart_rate_eps2.0,uniform,2.0,8,3,8.0,4,4,0.0,138.84888595340485,0.7307836102810782,0.16734685438622465,1.0,9.25925925925926,27
wearable,heart_rate_eps2.0,uniform,2.0,8,3,16.0,4,4,0.0,125.7681979531275,0.6619378839638289,0.1290175230735663,1.0,9.25925925925926,27
wearable,heart_rate_eps2.0,uniform,2.0,8,4,,4,4,0.0,70.41047412688057,0.37058144277305566,0.8654328177745012,1.0,9.576923076923077,26
wearable,heart_rate_eps2.0,uniform,2.0,8,4,4.0,4,4,0.0,159.08821344939648,0.837306386575771,1.1023647647529915,1.0,9.576923076923077,26
wearable,heart_rate_eps2.0,uniform,2.0,8,4,8.0,4,4,0.0,83.99426551178395,0.44207508164096815,1.0994437621330253,1.0,9.576923076923077,26
wearable,heart_rate_eps2.0,uniform,2.0,8,4,16.0,4,4,0.0,70.41047412688057,0.37058144277305566,0.8654328177745012,1.0,9.576923076923077,26
wearable,heart_rate_eps2.0,uniform,2.0,8,6,,4,4,0.0,70.41047412688057,0.37058144277305566,0.8654328177745012,1.0,9.576923076923077,26
wearable,heart_rate_eps2.0,uniform,2.0,8,6,8.0,4,4,0.0,83.99426551178395,0.44207508164096815,1.0994437621330253,1.0,9.576923076923077,26
wearable,heart_rate_eps2.0,uniform,2.0,8,6,16.0,4,4,0.0,70.41047412688057,0.37058144277305566,0.8654328177745012,1.0,9.576923076923077,26
wearable,heart_rate_eps2.0,sample,2.0,8,1,,1,0,0.0,18.593448249913095,0.09786025394691103,0.13970505167043767,0.12605042016806722,8.403361344537815,119
wearable,heart_rate_eps2.0,sample,2.0,8,1,4.0,1,0,0.0,25.14176886965482,0.13232509931397274,0.5017482004590645,0.12605042016806722,8.403361344537815,119
wearable,heart_rate_eps2.0,sample,2.0,8,1,8.0,1,0,0.0,19.330808556378,0.10174109766514736,0.13970505167043767,0.12605042016806722,8.403361344537815,119
wearable,heart_rate_eps2.0,sample,2.0,8,1,16.0,1,0,0.0,18.593448249913095,0.09786025394691103,0.13970505167043767,0.12605042016806722,8.403361344537815,119
wearable,heart_rate_eps2.0,sample,2.0,8,2,,1,0,0.0,18.593448249913095,0.09786025394691103,0.13970505167043767,0.12605042016806722,8.403361344537815,119
wearable,heart_rate_eps2.0,sample,2.0,8,2,4.0,1,0,0.0,25.14176886965482,0.13232509931397274,0.5017482004590645,0.12605042016806722,8.403361344537815,119
wearable,heart_rate_eps2.0,sample,2.0,8,2,8.0,1,0,0.0,19.330808556378,0.10174109766514736,0.13970505167043767,0.12605042016806722,8.403361344537815,119
wearable,heart_rate_eps2.0,sample,2.0,8,2,16.0,1,0,0.0,18.593448249913095,0.09786025394691103,0.13970505167043767,0.12605042016806722,8.403361344537815,119
wearable,heart_rate_eps2.0,sample,2.0,8,3,,1,0,0.0,18.593448249913095,0.09786025394691103,0.13970505167043767,0.12605042016806722,8.403361344537815,119
wearable,heart_rate_eps2.0,sample,2.0,8,3,4.0,1,0,0.0,25.14176886965482,0.13232509931397274,0.5017482004590645,0.12605042016806722,8.403361344537815,119
wearable,heart_rate_eps2.0,sample,2.0,8,3,8.0,1,0,0.0,19.330808556378,0.10174109766514736,0.13970505167043767,0.12605042016806722,8.403361344537815,119
wearable,heart_rate_eps2.0,sample,2.0,8,3,16.0,1,0,0.0,18.593448249913095,0.09786025394691103,0.13970505167043767,0.12605042016806722,8.403361344537815,119
wearable,heart_rate_eps2.0,sample,2.0,8,4,,1,0,0.0,18.593448249913095,0.09786025394691103,0.13970505167043767,0.12605042016806722,8.403361344537815,119
wearable,heart_rate_eps2.0,sample,2.0,8,4,4.0,1,0,0.0,25.14176886965482,0.13232509931397274,0.5017482004590645,0.12605042016806722,8.403361344537815,119
wearable,heart_rate_eps2.0,sample,2.0,8,4,8.0,1,0,0.0,19.330808556378,0.10174109766514736,0.13970505167043767,0.12605042016806722,8.403361344537815,119
wearable,heart_rate_eps2.0,sample,2.0,8,4,16.0,1,0,0.0,18.593448249913095,0.09786025394691103,0.13970505167043767,0.12605042016806722,8.403361344537815,119
wearable,heart_rate_eps2.0,sample,2.0,8,6,,1,0,0.0,18.593448249913095,0.09786025394691103,0.13970505167043767,0.12605042016806722,8.403361344537815,119
wearable,heart_rate_eps2.0,sample,2.0,8,6,8.0,1,0,0.0,19.330808556378,0.10174109766514736,0.13970505167043767,0.12605042016806722,8.403361344537815,119
wearable,heart_rate_eps2.0,sample,2.0,8,6,16.0,1,0,0.0,18.593448249913095,0.09786025394691103,0.13970505167043767,0.12605042016806722,8.403361344537815,119
wearable,heart_rate_eps2.0,sample,2.0,8,1,,1,2,0.0,18.593448249913095,0.09786025394691103,0.13970505167043767,0.12605042016806722,8.403361344537815,119
wearable,heart_rate_eps2.0,sample,2.0,8,1,4.0,1,2,0.0,25.14176886965482,0.13232509931397274,0.5017482004590645,0.12605042016806722,8.403361344537815,119
wearable,heart_rate_eps2.0,sample,2.0,8,1,8.0,1,2,0.0,19.330808556378,0.10174109766514736,0.13970505167043767,0.12605042016806722,8.403361344537815,119
wearable,heart_rate_eps2.0,sample,2.0,8,1,16.0,1,2,0.0,18.593448249913095,0.09786025394691103,0.13970505167043767,0.12605042016806722,8.403361344537815,119
wearable,heart_rate_eps2.0,sample,2.0,8,2,,1,2,0.0,14.860951456325221,0.07821553398065906,0.2494490075254114,0.12844036697247707,9.082568807339449,109
wearable,heart_rate_eps2.0,sample,2.0,8,2,4.0,1,2,0.0,22.010035435676286,0.1158422917667173,0.28557733908882343,0.12844036697247707,9.082568807339449,109
wearable,heart_rate_eps2.0,sample,2.0,8,2,8.0,1,2,0.0,15.665959497328192,0.08245241840699048,0.2503582364244191,0.12844036697247707,9.082568807339449,109
wearable,heart_rate_eps2.0,sample,2.0,8,2,16.0,1,2,0.0,14.860951456325221,0.07821553398065906,0.2494490075254114,0.12844036697247707,9.082568807339449,109
wearable,heart_rate_eps2.0,sample,2.0,8,3,,1,2,0.0,14.905052248851108,0.07844764341500583,0.13248292075390963,0.1308411214953271,9.214953271028037,107
wearable,heart_rate_eps2.0,sample,2.0,8,3,4.0,1,2,0.0,22.2122851190205,0.11690676378431843,0.23069777345929574,0.1308411214953271,9.214953271028037,107
wearable,heart_rate_eps2.0,sample,2.0,8,3,8.0,1,2,0.0,15.725107169125167,0.08276372194276403,0.08327837584719575,0.1308411214953271,9.214953271028037,107
wearable,heart_rate_eps2.0,sample,2.0,8,3,16.0,1,2,0.0,14.905052248851108,0.07844764341500583,0.13248292075390963,0.1308411214953271,9.214953271028037,107
wearable,heart_rate_eps2.0,sample,2.0,8,4,,1,2,0.0,14.91865504384888,0.07851923707288884,0.2845683209449319,0.1308411214953271,9.214953271028037,107
wearable,heart_rate_eps2.0,sample,2.0,8,4,4.0,1,2,0.0,22.29753900436095,0.11735546844400499,0.29733334261937183,0.1308411214953271,9.214953271028037,107
wearable,heart_rate_eps2.0,sample,2.0,8,4,8.0,1,2,0.0,15.738709964122938,0.08283531560064704,0.18752340305220933,0.1308411214953271,9.214953271028037,107
wearable,heart_rate_eps2.0,sample,2.0,8,4,16.0,1,2,0.0,14.91865504384888,0.07851923707288884,0.2845683209449319,0.1308411214953271,9.214953271028037,107
wearable,heart_rate_eps2.0,sample,2.0,8,6,,1,2,0.0,15.358288689895968,0.08083309836787352,0.08882841835813868,0.1320754716981132,9.273584905660377,106
wearable,heart_rate_eps2.0,sample,2.0,8,6,8.0,1,2,0.0,16.18607997734242,0.08518989461759169,0.13878571743257595,0.1320754716981132,9.273584905660377,106
wearable,heart_rate_eps2.0,sample,2.0,8,6,16.0,1,2,0.0,15.358288689895968,0.08083309836787352,0.08882841835813868,0.1320754716981132,9.273584905660377,106
wearable,heart_rate_eps2.0,sample,2.0,8,1,,1,4,0.0,18.593448249913095,0.09786025394691103,0.13970505167043767,0.12605042016806722,8.403361344537815,119
wearable,heart_rate_eps2.0,sample,2.0,8,1,4.0,1,4,0.0,25.14176886965482,0.13232509931397274,0.5017482004590645,0.12605042016806722,8.403361344537815,119
wearable,heart_rate_eps2.0,sample,2.0,8,1,8.0,1,4,0.0,19.330808556378,0.10174109766514736,0.13970505167043767,0.12605042016806722,8.403361344537815,119
wearable,heart_rate_eps2.0,sample,2.0,8,1,16.0,1,4,0.0,18.593448249913095,0.09786025394691103,0.13970505167043767,0.12605042016806722,8.403361344537815,119
wearable,heart_rate_eps2.0,sample,2.0,8,2,,1,4,0.0,14.703212231209806,0.07738532753268319,0.2494490075254114,0.1308411214953271,9.233644859813085,107
wearable,heart_rate_eps2.0,sample,2.0,8,2,4.0,1,4,0.0,21.98592394849267,0.115715389202593,0.23069777345929574,0.1308411214953271,9.233644859813085,107
wearable,heart_rate_eps2.0,sample,2.0,8,2,8.0,1,4,0.0,15.523267151483859,0.08170140606044136,0.16786608356642463,0.1308411214953271,9.233644859813085,107
wearable,heart_rate_eps2.0,sample,2.0,8,2,16.0,1,4,0.0,14.703212231209806,0.07738532753268319,0.2494490075254114,0.1308411214953271,9.233644859813085,107
wearable,heart_rate_eps2.0,sample,2.0,8,3,,1,4,0.0,14.59744388123376,0.07682865200649347,0.10149622384254448,0.13333333333333333,9.371428571428572,105
wearable,heart_rate_eps2.0,sample,2.0,8,3,4.0,1,4,0.0,22.23580278584991,0.11703054097815742,0.35068054345842525,0.13333333333333333,9.371428571428572,105
wearable,heart_rate_eps2.0,sample,2.0,8,3,8.0,1,4,0.0,15.43311889522732,0.081226941553828,0.25497715686096,0.13333333333333333,9.371428571428572,105
wearable,heart_rate_eps2.0,sample,2.0,8,3,16.0,1,4,0.0,14.59744388123376,0.07682865200649347,0.10149622384254448,0.13333333333333333,9.371428571428572,105
wearable,heart_rate_eps2.0,sample,2.0,8,4,,1,4,0.0,14.290593414807896,0.0752136495516205,0.2842350296696988,0.125,9.442307692307692,104
wearable,heart_rate_eps2.0,sample,2.0,8,4,4.0,1,4,0.0,22.002398078122276,0.11580209514801199,0.2560407813906333,0.125,9.442307692307692,104
wearable,heart_rate_eps2.0,sample,2.0,8,4,8.0,1,4,0.0,15.134303765474472,0.07965423034460249,0.18268567205630037,0.125,9.442307692307692,104
wearable,heart_rate_eps2.0,sample,2.0,8,4,16.0,1,4,0.0,14.290593414807896,0.0752136495516205,0.2842350296696988,0.125,9.442307692307692,104
wearable,heart_rate_eps2.0,sample,2.0,8,6,,1,4,0.0,14.416565175812849,0.07587665882006762,0.2842350296696988,0.1262135922330097,9.504854368932039,103
wearable,heart_rate_eps2.0,sample,2.0,8,6,8.0,1,4,0.0,15.268466889107259,0.08036035204793295,0.18268567205630037,0.1262135922330097,9.504854368932039,103
wearable,heart_rate_eps2.0,sample,2.0,8,6,16.0,1,4,0.0,14.416565175812849,0.07587665882006762,0.2842350296696988,0.1262135922330097,9.504854368932039,103
wearable,heart_rate_eps2.0,sample,2.0,8,1,,2,0,0.0,11.23333750299856,0.05912282896315032,0.18739825910677604,0.13333333333333333,8.383333333333333,60
wearable,heart_rate_eps2.0,sample,2.0,8,1,4.0,2,0,0.0,19.001885861034182,0.10000992558439044,0.3112332218410575,0.13333333333333333,8.383333333333333,60
wearable,heart_rate_eps2.0,sample,2.0,8,1,8.0,2,0,0.0,12.154860546029228,0.0639729502422591,0.3212838971579303,0.13333333333333333,8.383333333333333,60
wearable,heart_rate_eps2.0,sample,2.0,8,1,16.0,2,0,0.0,11.23333750299856,0.05912282896315032,0.18739825910677604,0.13333333333333333,8.383333333333333,60
wearable,heart_rate_eps2.0,sample,2.0,8,2,,2,0,0.0,11.23333750299856,0.05912282896315032,0.18739825910677604,0.13333333333333333,8.383333333333333,60
wearable,heart_rate_eps2.0,sample,2.0,8,2,4.0,2,0,0.0,19.001885861034182,0.10000992558439044,0.3112332218410575,0.13333333333333333,8.383333333333333,60
wearable,heart_rate_eps2.0,sample,2.0,8,2,8.0,2,0,0.0,12.154860546029228,0.0639729502422591,0.3212838971579303,0.13333333333333333,8.383333333333333,60
wearable,heart_rate_eps2.0,sample,2.0,8,2,16.0,2,0,0.0,11.23333750299856,0.05912282896315032,0.18739825910677604,0.13333333333333333,8.383333333333333,60
wearable,heart_rate_eps2.0,sample,2.0,8,3,,2,0,0.0,11.23333750299856,0.05912282896315032,0.18739825910677604,0.13333333333333333,8.383333333333333,60
wearable,heart_rate_eps2.0,sample,2.0,8,3,4.0,2,0,0.0,19.001885861034182,0.10000992558439044,0.3112332218410575,0.13333333333333333,8.383333333333333,60
wearable,heart_rate_eps2.0,sample,2.0,8,3,8.0,2,0,0.0,12.154860546029228,0.0639729502422591,0.3212838971579303,0.13333333333333333,8.383333333333333,60
wearable,heart_rate_eps2.0,sample,2.0,8,3,16.0,2,0,0.0,11.23333750299856,0.05912282896315032,0.18739825910677604,0.13333333333333333,8.383333333333333,60
wearable,heart_rate_eps2.0,sample,2.0,8,4,,2,0,0.0,11.23333750299856,0.05912282896315032,0.18739825910677604,0.13333333333333333,8.383333333333333,60
wearable,heart_rate_eps2.0,sample,2.0,8,4,4.0,2,0,0.0,19.001885861034182,0.10000992558439044,0.3112332218410575,0.13333333333333333,8.383333333333333,60
wearable,heart_rate_eps2.0,sample,2.0,8,4,8.0,2,0,0.0,12.154860546029228,0.0639729502422591,0.3212838971579303,0.13333333333333333,8.383333333333333,60
wearable,heart_rate_eps2.0,sample,2.0,8,4,16.0,2,0,0.0,11.23333750299856,0.05912282896315032,0.18739825910677604,0.13333333333333333,8.383333333333333,60
wearable,heart_rate_eps2.0,sample,2.0,8,6,,2,0,0.0,11.23333750299856,0.05912282896315032,0.18739825910677604,0.13333333333333333,8.383333333333333,60
wearable,heart_rate_eps2.0,sample,2.0,8,6,8.0,2,0,0.0,12.154860546029228,0.0639729502422591,0.3212838971579303,0.13333333333333333,8.383333333333333,60
wearable,heart_rate_eps2.0,sample,2.0,8,6,16.0,2,0,0.0,11.23333750299856,0.05912282896315032,0.18739825910677604,0.13333333333333333,8.383333333333333,60
wearable,heart_rate_eps2.0,sample,2.0,8,1,,2,2,0.0,11.23333750299856,0.05912282896315032,0.18739825910677604,0.13333333333333333,8.383333333333333,60
wearable,heart_rate_eps2.0,sample,2.0,8,1,4.0,2,2,0.0,19.001885861034182,0.10000992558439044,0.3112332218410575,0.13333333333333333,8.383333333333333,60
wearable,heart_rate_eps2.0,sample,2.0,8,1,8.0,2,2,0.0,12.154860546029228,0.0639729502422591,0.3212838971579303,0.13333333333333333,8.383333333333333,60
wearable,heart_rate_eps2.0,sample,2.0,8,1,16.0,2,2,0.0,11.23333750299856,0.05912282896315032,0.18739825910677604,0.13333333333333333,8.383333333333333,60
wearable,heart_rate_eps2.0,sample,2.0,8,2,,2,2,0.0,11.06069492490106,0.05821418381526874,0.1772546571954185,0.12727272727272726,9.054545454545455,55
wearable,heart_rate_eps2.0,sample,2.0,8,2,4.0,2,2,0.0,19.930817908805697,0.10489904162529314,1.2418095802243907,0.12727272727272726,9.054545454545455,55
wearable,heart_rate_eps2.0,sample,2.0,8,2,8.0,2,2,0.0,12.065992790025424,0.06350522521066013,0.9565466230480277,0.12727272727272726,9.054545454545455,55
wearable,heart_rate_eps2.0,sample,2.0,8,2,16.0,2,2,0.0,11.06069492490106,0.05821418381526874,0.1772546571954185,0.12727272727272726,9.054545454545455,55
wearable,heart_rate_eps2.0,sample,2.0,8,3,,2,2,0.0,10.444209137005483,0.05496952177371307,0.7926689035676983,0.12962962962962962,9.203703703703704,54
wearable,heart_rate_eps2.0,sample,2.0,8,3,4.0,2,2,0.0,19.462864536705546,0.1024361291405555,1.0816049616325993,0.12962962962962962,9.203703703703704,54
wearable,heart_rate_eps2.0,sample,2.0,8,3,8.0,2,2,0.0,11.468123629261779,0.06035854541716726,0.7748712137200362,0.12962962962962962,9.203703703703704,54
wearable,heart_rate_eps2.0,sample,2.0,8,3,16.0,2,2,0.0,10.444209137005483,0.05496952177371307,0.7926689035676983,0.12962962962962962,9.203703703703704,54
wearable,heart_rate_eps2.0,sample,2.0,8,4,,2,2,0.0,10.671868388911593,0.05616772836269259,0.1499399847162377,0.12962962962962962,9.185185185185185,54
wearable,heart_rate_eps2.0,sample,2.0,8,4,4.0,2,2,0.0,19.464654435859458,0.1024455496624182,0.9844517956192086,0.12962962962962962,9.185185185185185,54
wearable,heart_rate_eps2.0,sample,2.0,8,4,8.0,2,2,0.0,11.695782881167888,0.061556752006146784,0.980779818288917,0.12962962962962962,9.185185185185185,54
wearable,heart_rate_eps2.0,sample,2.0,8,4,16.0,2,2,0.0,10.671868388911593,0.05616772836269259,0.1499399847162377,0.12962962962962962,9.185185185185185,54
wearable,heart_rate_eps2.0,sample,2.0,8,6,,2,2,0.0,10.671868388911593,0.05616772836269259,0.1499399847162377,0.12962962962962962,9.185185185185185,54
wearable,heart_rate_eps2.0,sample,2.0,8,6,8.0,2,2,0.0,11.695782881167888,0.061556752006146784,0.980779818288917,0.12962962962962962,9.185185185185185,54
wearable,heart_rate_eps2.0,sample,2.0,8,6,16.0,2,2,0.0,10.671868388911593,0.05616772836269259,0.1499399847162377,0.12962962962962962,9.185185185185185,54
wearable,heart_rate_eps2.0,sample,2.0,8,1,,2,4,0.0,11.23333750299856,0.05912282896315032,0.18739825910677604,0.13333333333333333,8.383333333333333,60
wearable,heart_rate_eps2.0,sample,2.0,8,1,4.0,2,4,0.0,19.001885861034182,0.10000992558439044,0.3112332218410575,0.13333333333333333,8.383333333333333,60
wearable,heart_rate_eps2.0,sample,2.0,8,1,8.0,2,4,0.0,12.154860546029228,0.0639729502422591,0.3212838971579303,0.13333333333333333,8.383333333333333,60
wearable,heart_rate_eps2.0,sample,2.0,8,1,16.0,2,4,0.0,11.23333750299856,0.05912282896315032,0.18739825910677604,0.13333333333333333,8.383333333333333,60
wearable,heart_rate_eps2.0,sample,2.0,8,2,,2,4,0.0,10.947604198733877,0.05761896946702041,0.820843885370197,0.12962962962962962,9.203703703703704,54
wearable,heart_rate_eps2.0,sample,2.0,8,2,4.0,2,4,0.0,19.931691697199373,0.10490364051157565,1.1837562060493123,0.12962962962962962,9.203703703703704,54
wearable,heart_rate_eps2.0,sample,2.0,8,2,8.0,2,4,0.0,11.971518690990173,0.0630079931104746,0.8593003678304005,0.12962962962962962,9.203703703703704,54
wearable,heart_rate_eps2.0,sample,2.0,8,2,16.0,2,4,0.0,10.947604198733877,0.05761896946702041,0.820843885370197,0.12962962962962962,9.203703703703704,54
wearable,heart_rate_eps2.0,sample,2.0,8,3,,2,4,0.0,10.28692959412464,0.05414173470591916,0.8913571758757629,0.1320754716981132,9.358490566037736,53
wearable,heart_rate_eps2.0,sample,2.0,8,3,4.0,2,4,0.0,19.491774200063418,0.10258828526349167,1.1519473575667034,0.1320754716981132,9.358490566037736,53
wearable,heart_rate_eps2.0,sample,2.0,8,3,8.0,2,4,0.0,11.330163227744261,0.059632438040759274,0.74947430350101,0.1320754716981132,9.358490566037736,53
wearable,heart_rate_eps2.0,sample,2.0,8,3,16.0,2,4,0.0,10.28692959412464,0.05414173470591916,0.8913571758757629,0.1320754716981132,9.358490566037736,53
wearable,heart_rate_eps2.0,sample,2.0,8,4,,2,4,0.0,10.275289830309113,0.05408047279110059,0.7960865070316627,0.1346153846153846,9.5,52
wearable,heart_rate_eps2.0,sample,2.0,8,4,4.0,2,4,0.0,19.573520437775105,0.10301852861986897,1.0988291821801095,0.1346153846153846,9.5,52
wearable,heart_rate_eps2.0,sample,2.0,8,4,8.0,2,4,0.0,11.338585649190652,0.05967676657468764,0.7265985699091979,0.1346153846153846,9.5,52
wearable,heart_rate_eps2.0,sample,2.0,8,4,16.0,2,4,0.0,10.275289830309113,0.05408047279110059,0.7960865070316627,0.1346153846153846,9.5,52
wearable,heart_rate_eps2.0,sample,2.0,8,6,,2,4,0.0,10.275289830309113,0.05408047279110059,0.7960865070316627,0.1346153846153846,9.5,52
wearable,heart_rate_eps2.0,sample,2.0,8,6,8.0,2,4,0.0,11.338585649190652,0.05967676657468764,0.7265985699091979,0.1346153846153846,9.5,52
wearable,heart_rate_eps2.0,sample,2.0,8,6,16.0,2,4,0.0,10.275289830309113,0.05408047279110059,0.7960865070316627,0.1346153846153846,9.5,52
wearable,heart_rate_eps2.0,sample,2.0,8,1,,4,0,0.0,13.208276296924787,0.0695172436680252,0.9216103623034549,0.13333333333333333,8.433333333333334,30
wearable,heart_rate_eps2.0,sample,2.0,8,1,4.0,4,0,0.0,25.90130086251291,0.13632263611848902,1.083335655121944,0.13333333333333333,8.433333333333334,30
wearable,heart_rate_eps2.0,sample,2.0,8,1,8.0,4,0,0.0,14.863346522923989,0.07822813959433678,0.843077499498647,0.13333333333333333,8.433333333333334,30
wearable,heart_rate_eps2.0,sample,2.0,8,1,16.0,4,0,0.0,13.208276296924787,0.0695172436680252,0.9216103623034549,0.13333333333333333,8.433333333333334,30
wearable,heart_rate_eps2.0,sample,2.0,8,2,,4,0,0.0,13.208276296924787,0.0695172436680252,0.9216103623034549,0.13333333333333333,8.433333333333334,30
wearable,heart_rate_eps2.0,sample,2.0,8,2,4.0,4,0,0.0,25.90130086251291,0.13632263611848902,1.083335655121944,0.13333333333333333,8.433333333333334,30
wearable,heart_rate_eps2.0,sample,2.0,8,2,8.0,4,0,0.0,14.863346522923989,0.07822813959433678,0.843077499498647,0.13333333333333333,8.433333333333334,30
wearable,heart_rate_eps2.0,sample,2.0,8,2,16.0,4,0,0.0,13.208276296924787,0.0695172436680252,0.9216103623034549,0.13333333333333333,8.433333333333334,30
wearable,heart_rate_eps2.0,sample,2.0,8,3,,4,0,0.0,13.208276296924787,0.0695172436680252,0.9216103623034549,0.13333333333333333,8.433333333333334,30
wearable,heart_rate_eps2.0,sample,2.0,8,3,4.0,4,0,0.0,25.90130086251291,0.13632263611848902,1.083335655121944,0.13333333333333333,8.433333333333334,30
wearable,heart_rate_eps2.0,sample,2.0,8,3,8.0,4,0,0.0,14.863346522923989,0.07822813959433678,0.843077499498647,0.13333333333333333,8.433333333333334,30
wearable,heart_rate_eps2.0,sample,2.0,8,3,16.0,4,0,0.0,13.208276296924787,0.0695172436680252,0.9216103623034549,0.13333333333333333,8.433333333333334,30
wearable,heart_rate_eps2.0,sample,2.0,8,4,,4,0,0.0,13.208276296924787,0.0695172436680252,0.9216103623034549,0.13333333333333333,8.433333333333334,30
wearable,heart_rate_eps2.0,sample,2.0,8,4,4.0,4,0,0.0,25.90130086251291,0.13632263611848902,1.083335655121944,0.13333333333333333,8.433333333333334,30
wearable,heart_rate_eps2.0,sample,2.0,8,4,8.0,4,0,0.0,14.863346522923989,0.07822813959433678,0.843077499498647,0.13333333333333333,8.433333333333334,30
wearable,heart_rate_eps2.0,sample,2.0,8,4,16.0,4,0,0.0,13.208276296924787,0.0695172436680252,0.9216103623034549,0.13333333333333333,8.433333333333334,30
wearable,heart_rate_eps2.0,sample,2.0,8,6,,4,0,0.0,13.208276296924787,0.0695172436680252,0.9216103623034549,0.13333333333333333,8.433333333333334,30
wearable,heart_rate_eps2.0,sample,2.0,8,6,8.0,4,0,0.0,14.863346522923989,0.07822813959433678,0.843077499498647,0.13333333333333333,8.433333333333334,30
wearable,heart_rate_eps2.0,sample,2.0,8,6,16.0,4,0,0.0,13.208276296924787,0.0695172436680252,0.9216103623034549,0.13333333333333333,8.433333333333334,30
wearable,heart_rate_eps2.0,sample,2.0,8,1,,4,2,0.0,13.208276296924787,0.0695172436680252,0.9216103623034549,0.13333333333333333,8.433333333333334,30
wearable,heart_rate_eps2.0,sample,2.0,8,1,4.0,4,2,0.0,25.90130086251291,0.13632263611848902,1.083335655121944,0.13333333333333333,8.433333333333334,30
wearable,heart_rate_eps2.0,sample,2.0,8,1,8.0,4,2,0.0,14.863346522923989,0.07822813959433678,0.843077499498647,0.13333333333333333,8.433333333333334,30
wearable,heart_rate_eps2.0,sample,2.0,8,1,16.0,4,2,0.0,13.208276296924787,0.0695172436680252,0.9216103623034549,0.13333333333333333,8.433333333333334,30
wearable,heart_rate_eps2.0,sample,2.0,8,2,,4,2,0.0,13.401841178022181,0.07053600620011674,1.0785942868268668,0.14285714285714285,8.964285714285714,28
wearable,heart_rate_eps2.0,sample,2.0,8,2,4.0,4,2,0.0,26.07244405936061,0.13722338978610849,1.0127958485381061,0.14285714285714285,8.964285714285714,28
wearable,heart_rate_eps2.0,sample,2.0,8,2,8.0,4,2,0.0,15.17513070587847,0.07986910897830773,0.9949947877120713,0.14285714285714285,8.964285714285714,28
wearable,heart_rate_eps2.0,sample,2.0,8,2,16.0,4,2,0.0,13.401841178022181,0.07053600620011674,1.0785942868268668,0.14285714285714285,8.964285714285714,28
wearable,heart_rate_eps2.0,sample,2.0,8,3,,4,2,0.0,13.401841178022181,0.07053600620011674,1.0785942868268668,0.14285714285714285,8.964285714285714,28
wearable,heart_rate_eps2.0,sample,2.0,8,3,4.0,4,2,0.0,26.07244405936061,0.13722338978610849,1.0127958485381061,0.14285714285714285,8.964285714285714,28
wearable,heart_rate_eps2.0,sample,2.0,8,3,8.0,4,2,0.0,15.17513070587847,0.07986910897830773,0.9949947877120713,0.14285714285714285,8.964285714285714,28
wearable,heart_rate_eps2.0,sample,2.0,8,3,16.0,4,2,0.0,13.401841178022181,0.07053600620011674,1.0785942868268668,0.14285714285714285,8.964285714285714,28
wearable,heart_rate_eps2.0,sample,2.0,8,4,,4,2,0.0,12.435233985534362,0.06544859992386506,1.1374137297681117,0.14814814814814814,9.25925925925926,27
wearable,heart_rate_eps2.0,sample,2.0,8,4,4.0,4,2,0.0,25.093380375622953,0.13207042302959449,1.0451455376836323,0.14814814814814814,9.25925925925926,27
wearable,heart_rate_eps2.0,sample,2.0,8,4,8.0,4,2,0.0,14.274200903311252,0.07512737317532238,1.330419138522178,0.14814814814814814,9.25925925925926,27
wearable,heart_rate_eps2.0,sample,2.0,8,4,16.0,4,2,0.0,12.435233985534362,0.06544859992386506,1.1374137297681117,0.14814814814814814,9.25925925925926,27
wearable,heart_rate_eps2.0,sample,2.0,8,6,,4,2,0.0,12.435233985534362,0.06544859992386506,1.1374137297681117,0.14814814814814814,9.25925925925926,27
wearable,heart_rate_eps2.0,sample,2.0,8,6,8.0,4,2,0.0,14.274200903311252,0.07512737317532238,1.330419138522178,0.14814814814814814,9.25925925925926,27
wearable,heart_rate_eps2.0,sample,2.0,8,6,16.0,4,2,0.0,12.435233985534362,0.06544859992386506,1.1374137297681117,0.14814814814814814,9.25925925925926,27
wearable,heart_rate_eps2.0,sample,2.0,8,1,,4,4,0.0,13.208276296924787,0.0695172436680252,0.9216103623034549,0.13333333333333333,8.433333333333334,30
wearable,heart_rate_eps2.0,sample,2.0,8,1,4.0,4,4,0.0,25.90130086251291,0.13632263611848902,1.083335655121944,0.13333333333333333,8.433333333333334,30
wearable,heart_rate_eps2.0,sample,2.0,8,1,8.0,4,4,0.0,14.863346522923989,0.07822813959433678,0.843077499498647,0.13333333333333333,8.433333333333334,30
wearable,heart_rate_eps2.0,sample,2.0,8,1,16.0,4,4,0.0,13.208276296924787,0.0695172436680252,0.9216103623034549,0.13333333333333333,8.433333333333334,30
wearable,heart_rate_eps2.0,sample,2.0,8,2,,4,4,0.0,12.356290803323205,0.06503310949117476,1.2138688864732954,0.14814814814814814,9.25925925925926,27
wearable,heart_rate_eps2.0,sample,2.0,8,2,4.0,4,4,0.0,25.014437193411798,0.1316549325969042,1.0451455376836323,0.14814814814814814,9.25925925925926,27
wearable,heart_rate_eps2.0,sample,2.0,8,2,8.0,4,4,0.0,14.195257721100097,0.07471188274263209,1.330419138522178,0.14814814814814814,9.25925925925926,27
wearable,heart_rate_eps2.0,sample,2.0,8,2,16.0,4,4,0.0,12.356290803323205,0.06503310949117476,1.2138688864732954,0.14814814814814814,9.25925925925926,27
wearable,heart_rate_eps2.0,sample,2.0,8,3,,4,4,0.0,12.356290803323205,0.06503310949117476,1.2138688864732954,0.14814814814814814,9.25925925925926,27
wearable,heart_rate_eps2.0,sample,2.0,8,3,4.0,4,4,0.0,25.014437193411798,0.1316549325969042,1.0451455376836323,0.14814814814814814,9.25925925925926,27
wearable,heart_rate_eps2.0,sample,2.0,8,3,8.0,4,4,0.0,14.195257721100097,0.07471188274263209,1.330419138522178,0.14814814814814814,9.25925925925926,27
wearable,heart_rate_eps2.0,sample,2.0,8,3,16.0,4,4,0.0,12.356290803323205,0.06503310949117476,1.2138688864732954,0.14814814814814814,9.25925925925926,27
wearable,heart_rate_eps2.0,sample,2.0,8,4,,4,4,0.0,11.753924587835417,0.06186276098860746,1.2210854905081843,0.15384615384615385,9.576923076923077,26
wearable,heart_rate_eps2.0,sample,2.0,8,4,4.0,4,4,0.0,24.398656295039572,0.12841398050020827,0.9615309160018276,0.15384615384615385,9.576923076923077,26
wearable,heart_rate_eps2.0,sample,2.0,8,4,8.0,4,4,0.0,13.663621002449881,0.07191379474973622,1.3486729594498343,0.15384615384615385,9.576923076923077,26
wearable,heart_rate_eps2.0,sample,2.0,8,4,16.0,4,4,0.0,11.753924587835417,0.06186276098860746,1.2210854905081843,0.15384615384615385,9.576923076923077,26
wearable,heart_rate_eps2.0,sample,2.0,8,6,,4,4,0.0,11.753924587835417,0.06186276098860746,1.2210854905081843,0.15384615384615385,9.576923076923077,26
wearable,heart_rate_eps2.0,sample,2.0,8,6,8.0,4,4,0.0,13.663621002449881,0.07191379474973622,1.3486729594498343,0.15384615384615385,9.576923076923077,26
wearable,heart_rate_eps2.0,sample,2.0,8,6,16.0,4,4,0.0,11.753924587835417,0.06186276098860746,1.2210854905081843,0.15384615384615385,9.576923076923077,26
wearable,heart_rate_eps2.0,budget_distribution,2.0,8,1,,1,0,0.0,284.2984289282597,1.496307520675051,0.12733940459900428,0.680672268907563,8.403361344537815,119
wearable,heart_rate_eps2.0,budget_distribution,2.0,8,1,4.0,1,0,0.0,448.7513503700408,2.3618492124738992,0.3052957935881533,0.6050420168067226,8.403361344537815,119
wearable,heart_rate_eps2.0,budget_distribution,2.0,8,1,8.0,1,0,0.0,364.14880677114644,1.9165726672165602,0.13468843517556647,0.5882352941176471,8.403361344537815,119
wearable,heart_rate_eps2.0,budget_distribution,2.0,8,1,16.0,1,0,0.0,284.2984289282597,1.496307520675051,0.12733940459900428,0.680672268907563,8.403361344537815,119
wearable,heart_rate_eps2.0,budget_distribution,2.0,8,2,,1,0,0.0,284.2984289282597,1.496307520675051,0.12733940459900428,0.680672268907563,8.403361344537815,119
wearable,heart_rate_eps2.0,budget_distribution,2.0,8,2,4.0,1,0,0.0,448.7513503700408,2.3618492124738992,0.3052957935881533,0.6050420168067226,8.403361344537815,119
wearable,heart_rate_eps2.0,budget_distribution,2.0,8,2,8.0,1,0,0.0,364.14880677114644,1.9165726672165602,0.13468843517556647,0.5882352941176471,8.403361344537815,119
wearable,heart_rate_eps2.0,budget_distribution,2.0,8,2,16.0,1,0,0.0,284.2984289282597,1.496307520675051,0.12733940459900428,0.680672268907563,8.403361344537815,119
wearable,heart_rate_eps2.0,budget_distribution,2.0,8,3,,1,0,0.0,284.2984289282597,1.496307520675051,0.12733940459900428,0.680672268907563,8.403361344537815,119
wearable,heart_rate_eps2.0,budget_distribution,2.0,8,3,4.0,1,0,0.0,448.7513503700408,2.3618492124738992,0.3052957935881533,0.6050420168067226,8.403361344537815,119
wearable,heart_rate_eps2.0,budget_distribution,2.0,8,3,8.0,1,0,0.0,364.14880677114644,1.9165726672165602,0.13468843517556647,0.5882352941176471,8.403361344537815,119
wearable,heart_rate_eps2.0,budget_distribution,2.0,8,3,16.0,1,0,0.0,284.2984289282597,1.496307520675051,0.12733940459900428,0.680672268907563,8.403361344537815,119
wearable,heart_rate_eps2.0,budget_distribution,2.0,8,4,,1,0,0.0,284.2984289282597,1.496307520675051,0.12733940459900428,0.680672268907563,8.403361344537815,119
wearable,heart_rate_eps2.0,budget_distribution,2.0,8,4,4.0,1,0,0.0,448.7513503700408,2.3618492124738992,0.3052957935881533,0.6050420168067226,8.403361344537815,119
wearable,heart_rate_eps2.0,budget_distribution,2.0,8,4,8.0,1,0,0.0,364.14880677114644,1.9165726672165602,0.13468843517556647,0.5882352941176471,8.403361344537815,119
wearable,heart_rate_eps2.0,budget_distribution,2.0,8,4,16.0,1,0,0.0,284.2984289282597,1.496307520675051,0.12733940459900428,0.680672268907563,8.403361344537815,119
wearable,heart_rate_eps2.0,budget_distribution,2.0,8,6,,1,0,0.0,284.2984289282597,1.496307520675051,0.12733940459900428,0.680672268907563,8.403361344537815,119
wearable,heart_rate_eps2.0,budget_distribution,2.0,8,6,8.0,1,0,0.0,364.14880677114644,1.9165726672165602,0.13468843517556647,0.5882352941176471,8.403361344537815,119
wearable,heart_rate_eps2.0,budget_distribution,2.0,8,6,16.0,1,0,0.0,284.2984289282597,1.496307520675051,0.12733940459900428,0.680672268907563,8.403361344537815,119
wearable,heart_rate_eps2.0,budget_distribution,2.0,8,1,,1,2,0.0,284.2984289282597,1.496307520675051,0.12733940459900428,0.680672268907563,8.403361344537815,119
wearable,heart_rate_eps2.0,budget_distribution,2.0,8,1,4.0,1,2,0.0,448.7513503700408,2.3618492124738992,0.3052957935881533,0.6050420168067226,8.403361344537815,119
wearable,heart_rate_eps2.0,budget_distribution,2.0,8,1,8.0,1,2,0.0,364.14880677114644,1.9165726672165602,0.13468843517556647,0.5882352941176471,8.403361344537815,119
wearable,heart_rate_eps2.0,budget_distribution,2.0,8,1,16.0,1,2,0.0,284.2984289282597,1.496307520675051,0.12733940459900428,0.680672268907563,8.403361344537815,119
wearable,heart_rate_eps2.0,budget_distribution,2.0,8,2,,1,2,0.0,210.0562059576895,1.1055589787246816,0.0516833389783248,0.6697247706422018,9.082568807339449,109
wearable,heart_rate_eps2.0,budget_distribution,2.0,8,2,4.0,1,2,0.0,339.95954110086916,1.7892607426361535,0.32069820591675086,0.5779816513761468,9.082568807339449,109
wearable,heart_rate_eps2.0,budget_distribution,2.0,8,2,8.0,1,2,0.0,244.23314137119615,1.2854375861641902,0.09175250086560614,0.5688073394495413,9.082568807339449,109
wearable,heart_rate_eps2.0,budget_distribution,2.0,8,2,16.0,1,2,0.0,210.0562059576895,1.1055589787246816,0.0516833389783248,0.6697247706422018,9.082568807339449,109
wearable,heart_rate_eps2.0,budget_distribution,2.0,8,3,,1,2,0.0,209.85873685751727,1.1045196676711435,0.058277424077991316,0.6635514018691588,9.214953271028037,107
wearable,heart_rate_eps2.0,budget_distribution,2.0,8,3,4.0,1,2,0.0,323.19316685619117,1.701016667664164,0.525379155602231,0.5794392523364486,9.214953271028037,107
wearable,heart_rate_eps2.0,budget_distribution,2.0,8,3,8.0,1,2,0.0,228.98681946039093,1.2051937866336364,0.12708657319254912,0.5607476635514018,9.214953271028037,107
wearable,heart_rate_eps2.0,budget_distribution,2.0,8,3,16.0,1,2,0.0,209.85873685751727,1.1045196676711435,0.058277424077991316,0.6635514018691588,9.214953271028037,107
wearable,heart_rate_eps2.0,budget_distribution,2.0,8,4,,1,2,0.0,209.85717922511856,1.104511469605887,0.040466483654980595,0.6635514018691588,9.214953271028037,107
wearable,heart_rate_eps2.0,budget_distribution,2.0,8,4,4.0,1,2,0.0,323.19472448858994,1.7010248657294207,0.5072470499580852,0.5794392523364486,9.214953271028037,107
wearable,heart_rate_eps2.0,budget_distribution,2.0,8,4,8.0,1,2,0.0,229.18041091566465,1.206212689029814,0.12708657319254912,0.5607476635514018,9.214953271028037,107
wearable,heart_rate_eps2.0,budget_distribution,2.0,8,4,16.0,1,2,0.0,209.85717922511856,1.104511469605887,0.040466483654980595,0.6635514018691588,9.214953271028037,107
wearable,heart_rate_eps2.0,budget_distribution,2.0,8,6,,1,2,0.0,265.1422493517616,1.3954855229040086,0.02885181278371756,0.660377358490566,9.273584905660377,106
wearable,heart_rate_eps2.0,budget_distribution,2.0,8,6,8.0,1,2,0.0,258.9102460678668,1.3626855056203515,0.21646794533089672,0.5566037735849056,9.273584905660377,106
wearable,heart_rate_eps2.0,budget_distribution,2.0,8,6,16.0,1,2,0.0,265.1422493517616,1.3954855229040086,0.02885181278371756,0.660377358490566,9.273584905660377,106
wearable,heart_rate_eps2.0,budget_distribution,2.0,8,1,,1,4,0.0,284.2984289282597,1.496307520675051,0.12733940459900428,0.680672268907563,8.403361344537815,119
wearable,heart_rate_eps2.0,budget_distribution,2.0,8,1,4.0,1,4,0.0,448.7513503700408,2.3618492124738992,0.3052957935881533,0.6050420168067226,8.403361344537815,119
wearable,heart_rate_eps2.0,budget_distribution,2.0,8,1,8.0,1,4,0.0,364.14880677114644,1.9165726672165602,0.13468843517556647,0.5882352941176471,8.403361344537815,119
wearable,heart_rate_eps2.0,budget_distribution,2.0,8,1,16.0,1,4,0.0,284.2984289282597,1.496307520675051,0.12733940459900428,0.680672268907563,8.403361344537815,119
wearable,heart_rate_eps2.0,budget_distribution,2.0,8,2,,1,4,0.0,192.06721610159804,1.0108800847452528,0.05268412168020401,0.6635514018691588,9.233644859813085,107
wearable,heart_rate_eps2.0,budget_distribution,2.0,8,2,4.0,1,4,0.0,308.53394411233853,1.6238628637491501,0.5305314731323253,0.5794392523364486,9.233644859813085,107
wearable,heart_rate_eps2.0,budget_distribution,2.0,8,2,8.0,1,4,0.0,212.21813472485607,1.116937551183453,0.30825309585671457,0.5607476635514018,9.233644859813085,107
wearable,heart_rate_eps2.0,budget_distribution,2.0,8,2,16.0,1,4,0.0,192.06721610159804,1.0108800847452528,0.05268412168020401,0.6635514018691588,9.233644859813085,107
wearable,heart_rate_eps2.0,budget_distribution,2.0,8,3,,1,4,0.0,185.47120327471578,0.976164227761662,0.027988971727493175,0.6571428571428571,9.371428571428572,105
wearable,heart_rate_eps2.0,budget_distribution,2.0,8,3,4.0,1,4,0.0,324.27148042087157,1.7066920022151135,0.523022387156928,0.5714285714285714,9.371428571428572,105
wearable,heart_rate_eps2.0,budget_distribution,2.0,8,3,8.0,1,4,0.0,217.08568200518704,1.1425562210799318,0.12118069577187005,0.5619047619047619,9.371428571428572,105
wearable,heart_rate_eps2.0,budget_distribution,2.0,8,3,16.0,1,4,0.0,185.47120327471578,0.976164227761662,0.027988971727493175,0.6571428571428571,9.371428571428572,105
wearable,heart_rate_eps2.0,budget_distribution,2.0,8,4,,1,4,0.0,149.10468060237696,0.7847614768546156,0.13300313650744744,0.6538461538461539,9.442307692307692,104
wearable,heart_rate_eps2.0,budget_distribution,2.0,8,4,4.0,1,4,0.0,329.74593635522183,1.735504928185378,0.29642858540409023,0.5769230769230769,9.442307692307692,104
wearable,heart_rate_eps2.0,budget_distribution,2.0,8,4,8.0,1,4,0.0,233.99415535300506,1.2315481860684476,0.18170143323002622,0.5576923076923077,9.442307692307692,104
wearable,heart_rate_eps2.0,budget_distribution,2.0,8,4,16.0,1,4,0.0,149.10468060237696,0.7847614768546156,0.13300313650744744,0.6538461538461539,9.442307692307692,104
wearable,heart_rate_eps2.0,budget_distribution,2.0,8,6,,1,4,0.0,199.89264255689912,1.0520665397731532,0.01579730858224545,0.6504854368932039,9.504854368932039,103
wearable,heart_rate_eps2.0,budget_distribution,2.0,8,6,8.0,1,4,0.0,233.43585133613084,1.2286097438743728,0.15004421690413527,0.5533980582524272,9.504854368932039,103
wearable,heart_rate_eps2.0,budget_distribution,2.0,8,6,16.0,1,4,0.0,199.89264255689912,1.0520665397731532,0.01579730858224545,0.6504854368932039,9.504854368932039,103
wearable,heart_rate_eps2.0,budget_distribution,2.0,8,1,,2,0,0.0,216.61206383104113,1.1400634938475849,0.17555278789836593,0.5333333333333333,8.383333333333333,60
wearable,heart_rate_eps2.0,budget_distribution,2.0,8,1,4.0,2,0,0.0,342.9830263743914,1.8051738230231125,0.36080036167227336,0.5666666666666667,8.383333333333333,60
wearable,heart_rate_eps2.0,budget_distribution,2.0,8,1,8.0,2,0,0.0,215.3233997161663,1.1332810511377174,0.18717446446099087,0.5666666666666667,8.383333333333333,60
wearable,heart_rate_eps2.0,budget_distribution,2.0,8,1,16.0,2,0,0.0,216.61206383104113,1.1400634938475849,0.17555278789836593,0.5333333333333333,8.383333333333333,60
wearable,heart_rate_eps2.0,budget_distribution,2.0,8,2,,2,0,0.0,216.61206383104113,1.1400634938475849,0.17555278789836593,0.5333333333333333,8.383333333333333,60
wearable,heart_rate_eps2.0,budget_distribution,2.0,8,2,4.0,2,0,0.0,342.9830263743914,1.8051738230231125,0.36080036167227336,0.5666666666666667,8.383333333333333,60
wearable,heart_rate_eps2.0,budget_distribution,2.0,8,2,8.0,2,0,0.0,215.3233997161663,1.1332810511377174,0.18717446446099087,0.5666666666666667,8.383333333333333,60
wearable,heart_rate_eps2.0,budget_distribution,2.0,8,2,16.0,2,0,0.0,216.61206383104113,1.1400634938475849,0.17555278789836593,0.5333333333333333,8.383333333333333,60
wearable,heart_rate_eps2.0,budget_distribution,2.0,8,3,,2,0,0.0,216.61206383104113,1.1400634938475849,0.17555278789836593,0.5333333333333333,8.383333333333333,60
wearable,heart_rate_eps2.0,budget_distribution,2.0,8,3,4.0,2,0,0.0,342.9830263743914,1.8051738230231125,0.36080036167227336,0.5666666666666667,8.383333333333333,60
wearable,heart_rate_eps2.0,budget_distribution,2.0,8,3,8.0,2,0,0.0,215.3233997161663,1.1332810511377174,0.18717446446099087,0.5666666666666667,8.383333333333333,60
wearable,heart_rate_eps2.0,budget_distribution,2.0,8,3,16.0,2,0,0.0,216.61206383104113,1.1400634938475849,0.17555278789836593,0.5333333333333333,8.383333333333333,60
wearable,heart_rate_eps2.0,budget_distribution,2.0,8,4,,2,0,0.0,216.61206383104113,1.1400634938475849,0.17555278789836593,0.5333333333333333,8.383333333333333,60
wearable,heart_rate_eps2.0,budget_distribution,2.0,8,4,4.0,2,0,0.0,342.9830263743914,1.8051738230231125,0.36080036167227336,0.5666666666666667,8.383333333333333,60
wearable,heart_rate_eps2.0,budget_distribution,2.0,8,4,8.0,2,0,0.0,215.3233997161663,1.1332810511377174,0.18717446446099087,0.5666666666666667,8.383333333333333,60
wearable,heart_rate_eps2.0,budget_distribution,2.0,8,4,16.0,2,0,0.0,216.61206383104113,1.1400634938475849,0.17555278789836593,0.5333333333333333,8.383333333333333,60
wearable,heart_rate_eps2.0,budget_distribution,2.0,8,6,,2,0,0.0,216.61206383104113,1.1400634938475849,0.17555278789836593,0.5333333333333333,8.383333333333333,60
wearable,heart_rate_eps2.0,budget_distribution,2.0,8,6,8.0,2,0,0.0,215.3233997161663,1.1332810511377174,0.18717446446099087,0.5666666666666667,8.383333333333333,60
wearable,heart_rate_eps2.0,budget_distribution,2.0,8,6,16.0,2,0,0.0,216.61206383104113,1.1400634938475849,0.17555278789836593,0.5333333333333333,8.383333333333333,60
wearable,heart_rate_eps2.0,budget_distribution,2.0,8,1,,2,2,0.0,216.61206383104113,1.1400634938475849,0.17555278789836593,0.5333333333333333,8.383333333333333,60
wearable,heart_rate_eps2.0,budget_distribution,2.0,8,1,4.0,2,2,0.0,342.9830263743914,1.8051738230231125,0.36080036167227336,0.5666666666666667,8.383333333333333,60
wearable,heart_rate_eps2.0,budget_distribution,2.0,8,1,8.0,2,2,0.0,215.3233997161663,1.1332810511377174,0.18717446446099087,0.5666666666666667,8.383333333333333,60
wearable,heart_rate_eps2.0,budget_distribution,2.0,8,1,16.0,2,2,0.0,216.61206383104113,1.1400634938475849,0.17555278789836593,0.5333333333333333,8.383333333333333,60
wearable,heart_rate_eps2.0,budget_distribution,2.0,8,2,,2,2,0.0,216.95784510236186,1.1418833952755887,0.19356593850253173,0.5636363636363636,9.054545454545455,55
wearable,heart_rate_eps2.0,budget_distribution,2.0,8,2,4.0,2,2,0.0,330.0573897726153,1.7371441566979753,0.37960941810776133,0.5818181818181818,9.054545454545455,55
wearable,heart_rate_eps2.0,budget_distribution,2.0,8,2,8.0,2,2,0.0,190.79234250909718,1.0041702237320904,0.19356593850253173,0.5818181818181818,9.054545454545455,55
wearable,heart_rate_eps2.0,budget_distribution,2.0,8,2,16.0,2,2,0.0,216.95784510236186,1.1418833952755887,0.19356593850253173,0.5636363636363636,9.054545454545455,55
wearable,heart_rate_eps2.0,budget_distribution,2.0,8,3,,2,2,0.0,219.3090619130123,1.1542582205948015,0.19762560732782375,0.5740740740740741,9.203703703703704,54
wearable,heart_rate_eps2.0,budget_distribution,2.0,8,3,4.0,2,2,0.0,334.66291913888773,1.7613837849415144,0.5069911937202631,0.5925925925925926,9.203703703703704,54
wearable,heart_rate_eps2.0,budget_distribution,2.0,8,3,8.0,2,2,0.0,192.81888951863777,1.0148362606244092,0.19762560732782375,0.5925925925925926,9.203703703703704,54
wearable,heart_rate_eps2.0,budget_distribution,2.0,8,3,16.0,2,2,0.0,219.3090619130123,1.1542582205948015,0.19762560732782375,0.5740740740740741,9.203703703703704,54
wearable,heart_rate_eps2.0,budget_distribution,2.0,8,4,,2,2,0.0,242.85869712021398,1.2782036690537577,0.19762560732782375,0.5740740740740741,9.185185185185185,54
wearable,heart_rate_eps2.0,budget_distribution,2.0,8,4,4.0,2,2,0.0,365.3357122563916,1.9228195381915347,0.2062115782283271,0.5925925925925926,9.185185185185185,54
wearable,heart_rate_eps2.0,budget_distribution,2.0,8,4,8.0,2,2,0.0,223.4916826361416,1.1762720138744296,0.10488545560184462,0.5925925925925926,9.185185185185185,54
wearable,heart_rate_eps2.0,budget_distribution,2.0,8,4,16.0,2,2,0.0,242.85869712021398,1.2782036690537577,0.19762560732782375,0.5740740740740741,9.185185185185185,54
wearable,heart_rate_eps2.0,budget_distribution,2.0,8,6,,2,2,0.0,242.85869712021398,1.2782036690537577,0.19762560732782375,0.5740740740740741,9.185185185185185,54
wearable,heart_rate_eps2.0,budget_distribution,2.0,8,6,8.0,2,2,0.0,223.4916826361416,1.1762720138744296,0.10488545560184462,0.5925925925925926,9.185185185185185,54
wearable,heart_rate_eps2.0,budget_distribution,2.0,8,6,16.0,2,2,0.0,242.85869712021398,1.2782036690537577,0.19762560732782375,0.5740740740740741,9.185185185185185,54
wearable,heart_rate_eps2.0,budget_distribution,2.0,8,1,,2,4,0.0,216.61206383104113,1.1400634938475849,0.17555278789836593,0.5333333333333333,8.383333333333333,60
wearable,heart_rate_eps2.0,budget_distribution,2.0,8,1,4.0,2,4,0.0,342.9830263743914,1.8051738230231125,0.36080036167227336,0.5666666666666667,8.383333333333333,60
wearable,heart_rate_eps2.0,budget_distribution,2.0,8,1,8.0,2,4,0.0,215.3233997161663,1.1332810511377174,0.18717446446099087,0.5666666666666667,8.383333333333333,60
wearable,heart_rate_eps2.0,budget_distribution,2.0,8,1,16.0,2,4,0.0,216.61206383104113,1.1400634938475849,0.17555278789836593,0.5333333333333333,8.383333333333333,60
wearable,heart_rate_eps2.0,budget_distribution,2.0,8,2,,2,4,0.0,219.3090619130123,1.1542582205948015,0.19762560732782375,0.5740740740740741,9.203703703703704,54
wearable,heart_rate_eps2.0,budget_distribution,2.0,8,2,4.0,2,4,0.0,334.680203089505,1.761474753102658,0.3885886541964883,0.5925925925925926,9.203703703703704,54
wearable,heart_rate_eps2.0,budget_distribution,2.0,8,2,8.0,2,4,0.0,192.83617346925504,1.0149272287855529,0.19762560732782375,0.5925925925925926,9.203703703703704,54
wearable,heart_rate_eps2.0,budget_distribution,2.0,8,2,16.0,2,4,0.0,219.3090619130123,1.1542582205948015,0.19762560732782375,0.5740740740740741,9.203703703703704,54
wearable,heart_rate_eps2.0,budget_distribution,2.0,8,3,,2,4,0.0,222.3685007416747,1.1703605302193405,0.20186086430995814,0.5660377358490566,9.358490566037736,53
wearable,heart_rate_eps2.0,budget_distribution,2.0,8,3,4.0,2,4,0.0,339.2768332611201,1.7856675434795795,0.5202199038026916,0.6037735849056604,9.358490566037736,53
wearable,heart_rate_eps2.0,budget_distribution,2.0,8,3,8.0,2,4,0.0,194.75650119520503,1.0250342168168687,0.20186086430995814,0.6037735849056604,9.358490566037736,53
wearable,heart_rate_eps2.0,budget_distribution,2.0,8,3,16.0,2,4,0.0,222.3685007416747,1.1703605302193405,0.20186086430995814,0.5660377358490566,9.358490566037736,53
wearable,heart_rate_eps2.0,budget_distribution,2.0,8,4,,2,4,0.0,184.23853325503427,0.9696764908159698,0.07287323995757268,0.5576923076923077,9.5,52
wearable,heart_rate_eps2.0,budget_distribution,2.0,8,4,4.0,2,4,0.0,378.07008052289746,1.9898425290678814,0.21517883640191754,0.5961538461538461,9.5,52
wearable,heart_rate_eps2.0,budget_distribution,2.0,8,4,8.0,2,4,0.0,230.77051130186862,1.2145816384308874,0.10916460296942007,0.5961538461538461,9.5,52
wearable,heart_rate_eps2.0,budget_distribution,2.0,8,4,16.0,2,4,0.0,184.23853325503427,0.9696764908159698,0.07287323995757268,0.5576923076923077,9.5,52
wearable,heart_rate_eps2.0,budget_distribution,2.0,8,6,,2,4,0.0,184.23853325503427,0.9696764908159698,0.07287323995757268,0.5576923076923077,9.5,52
wearable,heart_rate_eps2.0,budget_distribution,2.0,8,6,8.0,2,4,0.0,230.77051130186862,1.2145816384308874,0.10916460296942007,0.5961538461538461,9.5,52
wearable,heart_rate_eps2.0,budget_distribution,2.0,8,6,16.0,2,4,0.0,184.23853325503427,0.9696764908159698,0.07287323995757268,0.5576923076923077,9.5,52
wearable,heart_rate_eps2.0,budget_distribution,2.0,8,1,,4,0,0.0,135.44582556088776,0.7128727661099356,0.2654549433223413,0.5666666666666667,8.433333333333334,30
wearable,heart_rate_eps2.0,budget_distribution,2.0,8,1,4.0,4,0,0.0,215.97937509272353,1.1367335531195975,1.8569329593422583,0.5666666666666667,8.433333333333334,30
wearable,heart_rate_eps2.0,budget_distribution,2.0,8,1,8.0,4,0,0.0,147.5115361774853,0.7763765061972911,0.493608317769232,0.5666666666666667,8.433333333333334,30
wearable,heart_rate_eps2.0,budget_distribution,2.0,8,1,16.0,4,0,0.0,135.44582556088776,0.7128727661099356,0.2654549433223413,0.5666666666666667,8.433333333333334,30
wearable,heart_rate_eps2.0,budget_distribution,2.0,8,2,,4,0,0.0,135.44582556088776,0.7128727661099356,0.2654549433223413,0.5666666666666667,8.433333333333334,30
wearable,heart_rate_eps2.0,budget_distribution,2.0,8,2,4.0,4,0,0.0,215.97937509272353,1.1367335531195975,1.8569329593422583,0.5666666666666667,8.433333333333334,30
wearable,heart_rate_eps2.0,budget_distribution,2.0,8,2,8.0,4,0,0.0,147.5115361774853,0.7763765061972911,0.493608317769232,0.5666666666666667,8.433333333333334,30
wearable,heart_rate_eps2.0,budget_distribution,2.0,8,2,16.0,4,0,0.0,135.44582556088776,0.7128727661099356,0.2654549433223413,0.5666666666666667,8.433333333333334,30
wearable,heart_rate_eps2.0,budget_distribution,2.0,8,3,,4,0,0.0,135.44582556088776,0.7128727661099356,0.2654549433223413,0.5666666666666667,8.433333333333334,30
wearable,heart_rate_eps2.0,budget_distribution,2.0,8,3,4.0,4,0,0.0,215.97937509272353,1.1367335531195975,1.8569329593422583,0.5666666666666667,8.433333333333334,30
wearable,heart_rate_eps2.0,budget_distribution,2.0,8,3,8.0,4,0,0.0,147.5115361774853,0.7763765061972911,0.493608317769232,0.5666666666666667,8.433333333333334,30
wearable,heart_rate_eps2.0,budget_distribution,2.0,8,3,16.0,4,0,0.0,135.44582556088776,0.7128727661099356,0.2654549433223413,0.5666666666666667,8.433333333333334,30
wearable,heart_rate_eps2.0,budget_distribution,2.0,8,4,,4,0,0.0,135.44582556088776,0.7128727661099356,0.2654549433223413,0.5666666666666667,8.433333333333334,30
wearable,heart_rate_eps2.0,budget_distribution,2.0,8,4,4.0,4,0,0.0,215.97937509272353,1.1367335531195975,1.8569329593422583,0.5666666666666667,8.433333333333334,30
wearable,heart_rate_eps2.0,budget_distribution,2.0,8,4,8.0,4,0,0.0,147.5115361774853,0.7763765061972911,0.493608317769232,0.5666666666666667,8.433333333333334,30
wearable,heart_rate_eps2.0,budget_distribution,2.0,8,4,16.0,4,0,0.0,135.44582556088776,0.7128727661099356,0.2654549433223413,0.5666666666666667,8.433333333333334,30
wearable,heart_rate_eps2.0,budget_distribution,2.0,8,6,,4,0,0.0,135.44582556088776,0.7128727661099356,0.2654549433223413,0.5666666666666667,8.433333333333334,30
wearable,heart_rate_eps2.0,budget_distribution,2.0,8,6,8.0,4,0,0.0,147.5115361774853,0.7763765061972911,0.493608317769232,0.5666666666666667,8.433333333333334,30
wearable,heart_rate_eps2.0,budget_distribution,2.0,8,6,16.0,4,0,0.0,135.44582556088776,0.7128727661099356,0.2654549433223413,0.5666666666666667,8.433333333333334,30
wearable,heart_rate_eps2.0,budget_distribution,2.0,8,1,,4,2,0.0,135.44582556088776,0.7128727661099356,0.2654549433223413,0.5666666666666667,8.433333333333334,30
wearable,heart_rate_eps2.0,budget_distribution,2.0,8,1,4.0,4,2,0.0,215.97937509272353,1.1367335531195975,1.8569329593422583,0.5666666666666667,8.433333333333334,30
wearable,heart_rate_eps2.0,budget_distribution,2.0,8,1,8.0,4,2,0.0,147.5115361774853,0.7763765061972911,0.493608317769232,0.5666666666666667,8.433333333333334,30
wearable,heart_rate_eps2.0,budget_distribution,2.0,8,1,16.0,4,2,0.0,135.44582556088776,0.7128727661099356,0.2654549433223413,0.5666666666666667,8.433333333333334,30
wearable,heart_rate_eps2.0,budget_distribution,2.0,8,2,,4,2,0.0,90.92250645011072,0.4785395076321617,0.2060714096341495,0.5714285714285714,8.964285714285714,28
wearable,heart_rate_eps2.0,budget_distribution,2.0,8,2,4.0,4,2,0.0,177.20845237707763,0.9326760651425139,0.610990139394098,0.5714285714285714,8.964285714285714,28
wearable,heart_rate_eps2.0,budget_distribution,2.0,8,2,8.0,4,2,0.0,103.85005353932242,0.5465792291543285,0.2060714096341495,0.5714285714285714,8.964285714285714,28
wearable,heart_rate_eps2.0,budget_distribution,2.0,8,2,16.0,4,2,0.0,90.92250645011072,0.4785395076321617,0.2060714096341495,0.5714285714285714,8.964285714285714,28
wearable,heart_rate_eps2.0,budget_distribution,2.0,8,3,,4,2,0.0,90.92250645011072,0.4785395076321617,0.2060714096341495,0.5714285714285714,8.964285714285714,28
wearable,heart_rate_eps2.0,budget_distribution,2.0,8,3,4.0,4,2,0.0,177.20845237707763,0.9326760651425139,0.610990139394098,0.5714285714285714,8.964285714285714,28
wearable,heart_rate_eps2.0,budget_distribution,2.0,8,3,8.0,4,2,0.0,103.85005353932242,0.5465792291543285,0.2060714096341495,0.5714285714285714,8.964285714285714,28
wearable,heart_rate_eps2.0,budget_distribution,2.0,8,3,16.0,4,2,0.0,90.92250645011072,0.4785395076321617,0.2060714096341495,0.5714285714285714,8.964285714285714,28
wearable,heart_rate_eps2.0,budget_distribution,2.0,8,4,,4,2,0.0,71.49691857666024,0.3762995714561065,0.6385810107020673,0.5555555555555556,9.25925925925926,27
wearable,heart_rate_eps2.0,budget_distribution,2.0,8,4,4.0,4,2,0.0,160.9786402787,0.8472560014668421,0.5796561472858832,0.5555555555555556,9.25925925925926,27
wearable,heart_rate_eps2.0,budget_distribution,2.0,8,4,8.0,4,2,0.0,84.90326370621311,0.44685928266427954,0.5796561472858832,0.5555555555555556,9.25925925925926,27
wearable,heart_rate_eps2.0,budget_distribution,2.0,8,4,16.0,4,2,0.0,71.49691857666024,0.3762995714561065,0.6385810107020673,0.5555555555555556,9.25925925925926,27
wearable,heart_rate_eps2.0,budget_distribution,2.0,8,6,,4,2,0.0,71.49691857666024,0.3762995714561065,0.6385810107020673,0.5555555555555556,9.25925925925926,27
wearable,heart_rate_eps2.0,budget_distribution,2.0,8,6,8.0,4,2,0.0,84.90326370621311,0.44685928266427954,0.5796561472858832,0.5555555555555556,9.25925925925926,27
wearable,heart_rate_eps2.0,budget_distribution,2.0,8,6,16.0,4,2,0.0,71.49691857666024,0.3762995714561065,0.6385810107020673,0.5555555555555556,9.25925925925926,27
wearable,heart_rate_eps2.0,budget_distribution,2.0,8,1,,4,4,0.0,135.44582556088776,0.7128727661099356,0.2654549433223413,0.5666666666666667,8.433333333333334,30
wearable,heart_rate_eps2.0,budget_distribution,2.0,8,1,4.0,4,4,0.0,215.97937509272353,1.1367335531195975,1.8569329593422583,0.5666666666666667,8.433333333333334,30
wearable,heart_rate_eps2.0,budget_distribution,2.0,8,1,8.0,4,4,0.0,147.5115361774853,0.7763765061972911,0.493608317769232,0.5666666666666667,8.433333333333334,30
wearable,heart_rate_eps2.0,budget_distribution,2.0,8,1,16.0,4,4,0.0,135.44582556088776,0.7128727661099356,0.2654549433223413,0.5666666666666667,8.433333333333334,30
wearable,heart_rate_eps2.0,budget_distribution,2.0,8,2,,4,4,0.0,70.384327367337,0.37044382824914207,0.595257970634912,0.5555555555555556,9.25925925925926,27
wearable,heart_rate_eps2.0,budget_distribution,2.0,8,2,4.0,4,4,0.0,159.86604906937677,0.8414002582598777,0.5796561472858832,0.5555555555555556,9.25925925925926,27
wearable,heart_rate_eps2.0,budget_distribution,2.0,8,2,8.0,4,4,0.0,83.79067249688987,0.4410035394573151,0.5796561472858832,0.5555555555555556,9.25925925925926,27
wearable,heart_rate_eps2.0,budget_distribution,2.0,8,2,16.0,4,4,0.0,70.384327367337,0.37044382824914207,0.595257970634912,0.5555555555555556,9.25925925925926,27
wearable,heart_rate_eps2.0,budget_distribution,2.0,8,3,,4,4,0.0,70.384327367337,0.37044382824914207,0.595257970634912,0.5555555555555556,9.25925925925926,27
wearable,heart_rate_eps2.0,budget_distribution,2.0,8,3,4.0,4,4,0.0,159.86604906937677,0.8414002582598777,0.5796561472858832,0.5555555555555556,9.25925925925926,27
wearable,heart_rate_eps2.0,budget_distribution,2.0,8,3,8.0,4,4,0.0,83.79067249688987,0.4410035394573151,0.5796561472858832,0.5555555555555556,9.25925925925926,27
wearable,heart_rate_eps2.0,budget_distribution,2.0,8,3,16.0,4,4,0.0,70.384327367337,0.37044382824914207,0.595257970634912,0.5555555555555556,9.25925925925926,27
wearable,heart_rate_eps2.0,budget_distribution,2.0,8,4,,4,4,0.0,70.15018745204935,0.3692115129055229,0.5439530154544285,0.5769230769230769,9.576923076923077,26
wearable,heart_rate_eps2.0,budget_distribution,2.0,8,4,4.0,4,4,0.0,163.07351383493682,0.8582816517628253,0.5407660320744826,0.5769230769230769,9.576923076923077,26
wearable,heart_rate_eps2.0,budget_distribution,2.0,8,4,8.0,4,4,0.0,84.07216124043119,0.4424850591601641,0.5407660320744826,0.5769230769230769,9.576923076923077,26
wearable,heart_rate_eps2.0,budget_distribution,2.0,8,4,16.0,4,4,0.0,70.15018745204935,0.3692115129055229,0.5439530154544285,0.5769230769230769,9.576923076923077,26
wearable,heart_rate_eps2.0,budget_distribution,2.0,8,6,,4,4,0.0,70.15018745204935,0.3692115129055229,0.5439530154544285,0.5769230769230769,9.576923076923077,26
wearable,heart_rate_eps2.0,budget_distribution,2.0,8,6,8.0,4,4,0.0,84.07216124043119,0.4424850591601641,0.5407660320744826,0.5769230769230769,9.576923076923077,26
wearable,heart_rate_eps2.0,budget_distribution,2.0,8,6,16.0,4,4,0.0,70.15018745204935,0.3692115129055229,0.5439530154544285,0.5769230769230769,9.576923076923077,26
wearable,heart_rate_eps2.0,budget_absorption,2.0,8,1,,1,0,0.0,377.75499998590817,1.9881842104521483,0.2807502111789052,0.4957983193277311,8.403361344537815,119
wearable,heart_rate_eps2.0,budget_absorption,2.0,8,1,4.0,1,0,0.0,545.966134342549,2.8735059702239423,0.6407311653122353,0.5966386554621849,8.403361344537815,119
wearable,heart_rate_eps2.0,budget_absorption,2.0,8,1,8.0,1,0,0.0,405.04607272639436,2.1318214354020757,0.2812834230343476,0.5462184873949579,8.403361344537815,119
wearable,heart_rate_eps2.0,budget_absorption,2.0,8,1,16.0,1,0,0.0,377.75499998590817,1.9881842104521483,0.2807502111789052,0.4957983193277311,8.403361344537815,119
wearable,heart_rate_eps2.0,budget_absorption,2.0,8,2,,1,0,0.0,377.75499998590817,1.9881842104521483,0.2807502111789052,0.4957983193277311,8.403361344537815,119
wearable,heart_rate_eps2.0,budget_absorption,2.0,8,2,4.0,1,0,0.0,545.966134342549,2.8735059702239423,0.6407311653122353,0.5966386554621849,8.403361344537815,119
wearable,heart_rate_eps2.0,budget_absorption,2.0,8,2,8.0,1,0,0.0,405.04607272639436,2.1318214354020757,0.2812834230343476,0.5462184873949579,8.403361344537815,119
wearable,heart_rate_eps2.0,budget_absorption,2.0,8,2,16.0,1,0,0.0,377.75499998590817,1.9881842104521483,0.2807502111789052,0.4957983193277311,8.403361344537815,119
wearable,heart_rate_eps2.0,budget_absorption,2.0,8,3,,1,0,0.0,377.75499998590817,1.9881842104521483,0.2807502111789052,0.4957983193277311,8.403361344537815,119
wearable,heart_rate_eps2.0,budget_absorption,2.0,8,3,4.0,1,0,0.0,545.966134342549,2.8735059702239423,0.6407311653122353,0.5966386554621849,8.403361344537815,119
wearable,heart_rate_eps2.0,budget_absorption,2.0,8,3,8.0,1,0,0.0,405.04607272639436,2.1318214354020757,0.2812834230343476,0.5462184873949579,8.403361344537815,119
wearable,heart_rate_eps2.0,budget_absorption,2.0,8,3,16.0,1,0,0.0,377.75499998590817,1.9881842104521483,0.2807502111789052,0.4957983193277311,8.403361344537815,119
wearable,heart_rate_eps2.0,budget_absorption,2.0,8,4,,1,0,0.0,377.75499998590817,1.9881842104521483,0.2807502111789052,0.4957983193277311,8.403361344537815,119
wearable,heart_rate_eps2.0,budget_absorption,2.0,8,4,4.0,1,0,0.0,545.966134342549,2.8735059702239423,0.6407311653122353,0.5966386554621849,8.403361344537815,119
wearable,heart_rate_eps2.0,budget_absorption,2.0,8,4,8.0,1,0,0.0,405.04607272639436,2.1318214354020757,0.2812834230343476,0.5462184873949579,8.403361344537815,119
wearable,heart_rate_eps2.0,budget_absorption,2.0,8,4,16.0,1,0,0.0,377.75499998590817,1.9881842104521483,0.2807502111789052,0.4957983193277311,8.403361344537815,119
wearable,heart_rate_eps2.0,budget_absorption,2.0,8,6,,1,0,0.0,377.75499998590817,1.9881842104521483,0.2807502111789052,0.4957983193277311,8.403361344537815,119
wearable,heart_rate_eps2.0,budget_absorption,2.0,8,6,8.0,1,0,0.0,405.04607272639436,2.1318214354020757,0.2812834230343476,0.5462184873949579,8.403361344537815,119
wearable,heart_rate_eps2.0,budget_absorption,2.0,8,6,16.0,1,0,0.0,377.75499998590817,1.9881842104521483,0.2807502111789052,0.4957983193277311,8.403361344537815,119
wearable,heart_rate_eps2.0,budget_absorption,2.0,8,1,,1,2,0.0,377.75499998590817,1.9881842104521483,0.2807502111789052,0.4957983193277311,8.403361344537815,119
wearable,heart_rate_eps2.0,budget_absorption,2.0,8,1,4.0,1,2,0.0,545.966134342549,2.8735059702239423,0.6407311653122353,0.5966386554621849,8.403361344537815,119
wearable,heart_rate_eps2.0,budget_absorption,2.0,8,1,8.0,1,2,0.0,405.04607272639436,2.1318214354020757,0.2812834230343476,0.5462184873949579,8.403361344537815,119
wearable,heart_rate_eps2.0,budget_absorption,2.0,8,1,16.0,1,2,0.0,377.75499998590817,1.9881842104521483,0.2807502111789052,0.4957983193277311,8.403361344537815,119
wearable,heart_rate_eps2.0,budget_absorption,2.0,8,2,,1,2,0.0,160.05612731925387,0.8424006701013362,0.33030635611066733,0.46788990825688076,9.082568807339449,109
wearable,heart_rate_eps2.0,budget_absorption,2.0,8,2,4.0,1,2,0.0,449.4125017249972,2.3653289564473536,0.7417326870316547,0.5779816513761468,9.082568807339449,109
wearable,heart_rate_eps2.0,budget_absorption,2.0,8,2,8.0,1,2,0.0,186.13908439135528,0.9796793915334489,0.46900766254468856,0.5045871559633027,9.082568807339449,109
wearable,heart_rate_eps2.0,budget_absorption,2.0,8,2,16.0,1,2,0.0,160.05612731925387,0.8424006701013362,0.33030635611066733,0.46788990825688076,9.082568807339449,109
wearable,heart_rate_eps2.0,budget_absorption,2.0,8,3,,1,2,0.0,131.97269924698114,0.6945931539314797,0.394041540621776,0.4766355140186916,9.214953271028037,107
wearable,heart_rate_eps2.0,budget_absorption,2.0,8,3,4.0,1,2,0.0,377.5982471963624,1.9873591957703285,0.17895998545406583,0.5700934579439252,9.214953271028037,107
wearable,heart_rate_eps2.0,budget_absorption,2.0,8,3,8.0,1,2,0.0,190.16970202222785,1.0008931685380413,0.342182807250955,0.5046728971962616,9.214953271028037,107
wearable,heart_rate_eps2.0,budget_absorption,2.0,8,3,16.0,1,2,0.0,131.97269924698114,0.6945931539314797,0.394041540621776,0.4766355140186916,9.214953271028037,107
wearable,heart_rate_eps2.0,budget_absorption,2.0,8,4,,1,2,0.0,132.2194727227266,0.695891961698561,0.29601510884263094,0.4766355140186916,9.214953271028037,107
wearable,heart_rate_eps2.0,budget_absorption,2.0,8,4,4.0,1,2,0.0,377.72953335568593,1.9880501755562416,0.17895998545406583,0.5700934579439252,9.214953271028037,107
wearable,heart_rate_eps2.0,budget_absorption,2.0,8,4,8.0,1,2,0.0,190.2362351775461,1.0012433430397163,0.342182807250955,0.5046728971962616,9.214953271028037,107
wearable,heart_rate_eps2.0,budget_absorption,2.0,8,4,16.0,1,2,0.0,132.2194727227266,0.695891961698561,0.29601510884263094,0.4766355140186916,9.214953271028037,107
wearable,heart_rate_eps2.0,budget_absorption,2.0,8,6,,1,2,0.0,125.07406406161444,0.6582845476927076,0.4465422180686003,0.4811320754716981,9.273584905660377,106
wearable,heart_rate_eps2.0,budget_absorption,2.0,8,6,8.0,1,2,0.0,176.2516218917535,0.9276401152197553,0.333680191578058,0.5094339622641509,9.273584905660377,106
wearable,heart_rate_eps2.0,budget_absorption,2.0,8,6,16.0,1,2,0.0,125.07406406161444,0.6582845476927076,0.4465422180686003,0.4811320754716981,9.273584905660377,106
wearable,heart_rate_eps2.0,budget_absorption,2.0,8,1,,1,4,0.0,377.75499998590817,1.9881842104521483,0.2807502111789052,0.4957983193277311,8.403361344537815,119
wearable,heart_rate_eps2.0,budget_absorption,2.0,8,1,4.0,1,4,0.0,545.966134342549,2.8735059702239423,0.6407311653122353,0.5966386554621849,8.403361344537815,119
wearable,heart_rate_eps2.0,budget_absorption,2.0,8,1,8.0,1,4,0.0,405.04607272639436,2.1318214354020757,0.2812834230343476,0.5462184873949579,8.403361344537815,119
wearable,heart_rate_eps2.0,budget_absorption,2.0,8,1,16.0,1,4,0.0,377.75499998590817,1.9881842104521483,0.2807502111789052,0.4957983193277311,8.403361344537815,119
wearable,heart_rate_eps2.0,budget_absorption,2.0,8,2,,1,4,0.0,131.3390543871681,0.6912581809850952,0.42260701753979085,0.4766355140186916,9.233644859813085,107
wearable,heart_rate_eps2.0,budget_absorption,2.0,8,2,4.0,1,4,0.0,353.2780522693187,1.8593581698385195,0.41434786871216284,0.5700934579439252,9.233644859813085,107
wearable,heart_rate_eps2.0,budget_absorption,2.0,8,2,8.0,1,4,0.0,160.44098808105943,0.8444262530582075,0.5327002217878366,0.5046728971962616,9.233644859813085,107
wearable,heart_rate_eps2.0,budget_absorption,2.0,8,2,16.0,1,4,0.0,131.3390543871681,0.6912581809850952,0.42260701753979085,0.4766355140186916,9.233644859813085,107
wearable,heart_rate_eps2.0,budget_absorption,2.0,8,3,,1,4,0.0,113.57139920424827,0.5977442063381487,0.4479563839460535,0.47619047619047616,9.371428571428572,105
wearable,heart_rate_eps2.0,budget_absorption,2.0,8,3,4.0,1,4,0.0,363.5341714036997,1.9133377442299984,0.162495445383317,0.5619047619047619,9.371428571428572,105
wearable,heart_rate_eps2.0,budget_absorption,2.0,8,3,8.0,1,4,0.0,161.57549896514308,0.8503973629744372,0.3254983417965886,0.5142857142857142,9.371428571428572,105
wearable,heart_rate_eps2.0,budget_absorption,2.0,8,3,16.0,1,4,0.0,113.57139920424827,0.5977442063381487,0.4479563839460535,0.47619047619047616,9.371428571428572,105
wearable,heart_rate_eps2.0,budget_absorption,2.0,8,4,,1,4,0.0,111.494723166516,0.5868143324553473,0.4388209426094543,0.4807692307692308,9.442307692307692,104
wearable,heart_rate_eps2.0,budget_absorption,2.0,8,4,4.0,1,4,0.0,388.10614209257983,2.04266390575042,0.2365717973035686,0.5576923076923077,9.442307692307692,104
wearable,heart_rate_eps2.0,budget_absorption,2.0,8,4,8.0,1,4,0.0,146.64550828994405,0.771818464683916,0.3180599346904517,0.5192307692307693,9.442307692307692,104
wearable,heart_rate_eps2.0,budget_absorption,2.0,8,4,16.0,1,4,0.0,111.494723166516,0.5868143324553473,0.4388209426094543,0.4807692307692308,9.442307692307692,104
wearable,heart_rate_eps2.0,budget_absorption,2.0,8,6,,1,4,0.0,133.23584392666857,0.7012412838245714,0.3578678677745291,0.4854368932038835,9.504854368932039,103
wearable,heart_rate_eps2.0,budget_absorption,2.0,8,6,8.0,1,4,0.0,131.1890017390503,0.6904684302055278,0.5784516069733263,0.5145631067961165,9.504854368932039,103
wearable,heart_rate_eps2.0,budget_absorption,2.0,8,6,16.0,1,4,0.0,133.23584392666857,0.7012412838245714,0.3578678677745291,0.4854368932038835,9.504854368932039,103
wearable,heart_rate_eps2.0,budget_absorption,2.0,8,1,,2,0,0.0,312.4225663882572,1.6443292967803012,0.056861904450983186,0.5333333333333333,8.383333333333333,60
wearable,heart_rate_eps2.0,budget_absorption,2.0,8,1,4.0,2,0,0.0,456.8630097430878,2.404542156542567,0.2761923664786484,0.5666666666666667,8.383333333333333,60
wearable,heart_rate_eps2.0,budget_absorption,2.0,8,1,8.0,2,0,0.0,369.43174820346053,1.9443776221234765,0.2761923664786484,0.5666666666666667,8.383333333333333,60
wearable,heart_rate_eps2.0,budget_absorption,2.0,8,1,16.0,2,0,0.0,312.4225663882572,1.6443292967803012,0.056861904450983186,0.5333333333333333,8.383333333333333,60
wearable,heart_rate_eps2.0,budget_absorption,2.0,8,2,,2,0,0.0,312.4225663882572,1.6443292967803012,0.056861904450983186,0.5333333333333333,8.383333333333333,60
wearable,heart_rate_eps2.0,budget_absorption,2.0,8,2,4.0,2,0,0.0,456.8630097430878,2.404542156542567,0.2761923664786484,0.5666666666666667,8.383333333333333,60
wearable,heart_rate_eps2.0,budget_absorption,2.0,8,2,8.0,2,0,0.0,369.43174820346053,1.9443776221234765,0.2761923664786484,0.5666666666666667,8.383333333333333,60
wearable,heart_rate_eps2.0,budget_absorption,2.0,8,2,16.0,2,0,0.0,312.4225663882572,1.6443292967803012,0.056861904450983186,0.5333333333333333,8.383333333333333,60
wearable,heart_rate_eps2.0,budget_absorption,2.0,8,3,,2,0,0.0,312.4225663882572,1.6443292967803012,0.056861904450983186,0.5333333333333333,8.383333333333333,60
wearable,heart_rate_eps2.0,budget_absorption,2.0,8,3,4.0,2,0,0.0,456.8630097430878,2.404542156542567,0.2761923664786484,0.5666666666666667,8.383333333333333,60
wearable,heart_rate_eps2.0,budget_absorption,2.0,8,3,8.0,2,0,0.0,369.43174820346053,1.9443776221234765,0.2761923664786484,0.5666666666666667,8.383333333333333,60
wearable,heart_rate_eps2.0,budget_absorption,2.0,8,3,16.0,2,0,0.0,312.4225663882572,1.6443292967803012,0.056861904450983186,0.5333333333333333,8.383333333333333,60
wearable,heart_rate_eps2.0,budget_absorption,2.0,8,4,,2,0,0.0,312.4225663882572,1.6443292967803012,0.056861904450983186,0.5333333333333333,8.383333333333333,60
wearable,heart_rate_eps2.0,budget_absorption,2.0,8,4,4.0,2,0,0.0,456.8630097430878,2.404542156542567,0.2761923664786484,0.5666666666666667,8.383333333333333,60
wearable,heart_rate_eps2.0,budget_absorption,2.0,8,4,8.0,2,0,0.0,369.43174820346053,1.9443776221234765,0.2761923664786484,0.5666666666666667,8.383333333333333,60
wearable,heart_rate_eps2.0,budget_absorption,2.0,8,4,16.0,2,0,0.0,312.4225663882572,1.6443292967803012,0.056861904450983186,0.5333333333333333,8.383333333333333,60
wearable,heart_rate_eps2.0,budget_absorption,2.0,8,6,,2,0,0.0,312.4225663882572,1.6443292967803012,0.056861904450983186,0.5333333333333333,8.383333333333333,60
wearable,heart_rate_eps2.0,budget_absorption,2.0,8,6,8.0,2,0,0.0,369.43174820346053,1.9443776221234765,0.2761923664786484,0.5666666666666667,8.383333333333333,60
wearable,heart_rate_eps2.0,budget_absorption,2.0,8,6,16.0,2,0,0.0,312.4225663882572,1.6443292967803012,0.056861904450983186,0.5333333333333333,8.383333333333333,60
wearable,heart_rate_eps2.0,budget_absorption,2.0,8,1,,2,2,0.0,312.4225663882572,1.6443292967803012,0.056861904450983186,0.5333333333333333,8.383333333333333,60
wearable,heart_rate_eps2.0,budget_absorption,2.0,8,1,4.0,2,2,0.0,456.8630097430878,2.404542156542567,0.2761923664786484,0.5666666666666667,8.383333333333333,60
wearable,heart_rate_eps2.0,budget_absorption,2.0,8,1,8.0,2,2,0.0,369.43174820346053,1.9443776221234765,0.2761923664786484,0.5666666666666667,8.383333333333333,60
wearable,heart_rate_eps2.0,budget_absorption,2.0,8,1,16.0,2,2,0.0,312.4225663882572,1.6443292967803012,0.056861904450983186,0.5333333333333333,8.383333333333333,60
wearable,heart_rate_eps2.0,budget_absorption,2.0,8,2,,2,2,0.0,107.0592349396103,0.5634696575768964,0.6401823210927166,0.4909090909090909,9.054545454545455,55
wearable,heart_rate_eps2.0,budget_absorption,2.0,8,2,4.0,2,2,0.0,245.3845644217216,1.2914977074827452,0.36889346005335144,0.5272727272727272,9.054545454545455,55
wearable,heart_rate_eps2.0,budget_absorption,2.0,8,2,8.0,2,2,0.0,150.00500637849183,0.7895000335710096,0.35265917958255993,0.5272727272727272,9.054545454545455,55
wearable,heart_rate_eps2.0,budget_absorption,2.0,8,2,16.0,2,2,0.0,107.0592349396103,0.5634696575768964,0.6401823210927166,0.4909090909090909,9.054545454545455,55
wearable,heart_rate_eps2.0,budget_absorption,2.0,8,3,,2,2,0.0,104.71361730430493,0.5511243016016049,0.3357138200135669,0.48148148148148145,9.203703703703704,54
wearable,heart_rate_eps2.0,budget_absorption,2.0,8,3,4.0,2,2,0.0,225.4931458483434,1.1868060307807549,0.5119705975615166,0.5185185185185185,9.203703703703704,54
wearable,heart_rate_eps2.0,budget_absorption,2.0,8,3,8.0,2,2,0.0,128.34729969320196,0.6755121036484314,0.4926095860792601,0.5185185185185185,9.203703703703704,54
wearable,heart_rate_eps2.0,budget_absorption,2.0,8,3,16.0,2,2,0.0,104.71361730430493,0.5511243016016049,0.3357138200135669,0.48148148148148145,9.203703703703704,54
wearable,heart_rate_eps2.0,budget_absorption,2.0,8,4,,2,2,0.0,117.07481753506244,0.6161832501845391,0.6801794363504801,0.48148148148148145,9.185185185185185,54
wearable,heart_rate_eps2.0,budget_absorption,2.0,8,4,4.0,2,2,0.0,224.71421767774856,1.1827064088302557,0.45088417825021526,0.5185185185185185,9.185185185185185,54
wearable,heart_rate_eps2.0,budget_absorption,2.0,8,4,8.0,2,2,0.0,127.56837152260714,0.6714124816979323,0.40299813734343326,0.5185185185185185,9.185185185185185,54
wearable,heart_rate_eps2.0,budget_absorption,2.0,8,4,16.0,2,2,0.0,117.07481753506244,0.6161832501845391,0.6801794363504801,0.48148148148148145,9.185185185185185,54
wearable,heart_rate_eps2.0,budget_absorption,2.0,8,6,,2,2,0.0,117.07481753506244,0.6161832501845391,0.6801794363504801,0.48148148148148145,9.185185185185185,54
wearable,heart_rate_eps2.0,budget_absorption,2.0,8,6,8.0,2,2,0.0,127.56837152260714,0.6714124816979323,0.40299813734343326,0.5185185185185185,9.185185185185185,54
wearable,heart_rate_eps2.0,budget_absorption,2.0,8,6,16.0,2,2,0.0,117.07481753506244,0.6161832501845391,0.6801794363504801,0.48148148148148145,9.185185185185185,54
wearable,heart_rate_eps2.0,budget_absorption,2.0,8,1,,2,4,0.0,312.4225663882572,1.6443292967803012,0.056861904450983186,0.5333333333333333,8.383333333333333,60
wearable,heart_rate_eps2.0,budget_absorption,2.0,8,1,4.0,2,4,0.0,456.8630097430878,2.404542156542567,0.2761923664786484,0.5666666666666667,8.383333333333333,60
wearable,heart_rate_eps2.0,budget_absorption,2.0,8,1,8.0,2,4,0.0,369.43174820346053,1.9443776221234765,0.2761923664786484,0.5666666666666667,8.383333333333333,60
wearable,heart_rate_eps2.0,budget_absorption,2.0,8,1,16.0,2,4,0.0,312.4225663882572,1.6443292967803012,0.056861904450983186,0.5333333333333333,8.383333333333333,60
wearable,heart_rate_eps2.0,budget_absorption,2.0,8,2,,2,4,0.0,104.21022224257656,0.5484748539082978,0.3357138200135669,0.48148148148148145,9.203703703703704,54
wearable,heart_rate_eps2.0,budget_absorption,2.0,8,2,4.0,2,4,0.0,225.97925695945452,1.1893645103129185,0.5119705975615166,0.5185185185185185,9.203703703703704,54
wearable,heart_rate_eps2.0,budget_absorption,2.0,8,2,8.0,2,4,0.0,128.83341080431308,0.6780705831805951,0.4926095860792601,0.5185185185185185,9.203703703703704,54
wearable,heart_rate_eps2.0,budget_absorption,2.0,8,2,16.0,2,4,0.0,104.21022224257656,0.5484748539082978,0.3357138200135669,0.48148148148148145,9.203703703703704,54
wearable,heart_rate_eps2.0,budget_absorption,2.0,8,3,,2,4,0.0,90.44232584815487,0.4760122413060782,0.3772315556971335,0.4716981132075472,9.358490566037736,53
wearable,heart_rate_eps2.0,budget_absorption,2.0,8,3,4.0,2,4,0.0,224.59416267731655,1.1820745404069293,0.49350036694118576,0.5094339622641509,9.358490566037736,53
wearable,heart_rate_eps2.0,budget_absorption,2.0,8,3,8.0,2,4,0.0,125.61537602868188,0.6611335580456941,0.3849237216229784,0.5094339622641509,9.358490566037736,53
wearable,heart_rate_eps2.0,budget_absorption,2.0,8,3,16.0,2,4,0.0,90.44232584815487,0.4760122413060782,0.3772315556971335,0.4716981132075472,9.358490566037736,53
wearable,heart_rate_eps2.0,budget_absorption,2.0,8,4,,2,4,0.0,91.80078632691976,0.4831620332995777,0.5183125729952496,0.4807692307692308,9.5,52
wearable,heart_rate_eps2.0,budget_absorption,2.0,8,4,4.0,2,4,0.0,211.61616578672272,1.1137692936143302,0.4777983883144601,0.5,9.5,52
wearable,heart_rate_eps2.0,budget_absorption,2.0,8,4,8.0,2,4,0.0,110.73394093330661,0.5828102154384559,0.4206401610446363,0.5,9.5,52
wearable,heart_rate_eps2.0,budget_absorption,2.0,8,4,16.0,2,4,0.0,91.80078632691976,0.4831620332995777,0.5183125729952496,0.4807692307692308,9.5,52
wearable,heart_rate_eps2.0,budget_absorption,2.0,8,6,,2,4,0.0,91.80078632691976,0.4831620332995777,0.5183125729952496,0.4807692307692308,9.5,52
wearable,heart_rate_eps2.0,budget_absorption,2.0,8,6,8.0,2,4,0.0,110.73394093330661,0.5828102154384559,0.4206401610446363,0.5,9.5,52
wearable,heart_rate_eps2.0,budget_absorption,2.0,8,6,16.0,2,4,0.0,91.80078632691976,0.4831620332995777,0.5183125729952496,0.4807692307692308,9.5,52
wearable,heart_rate_eps2.0,budget_absorption,2.0,8,1,,4,0,0.0,187.9366655184553,0.9891403448339753,0.19019707229509006,0.4666666666666667,8.433333333333334,30
wearable,heart_rate_eps2.0,budget_absorption,2.0,8,1,4.0,4,0,0.0,285.12099406649435,1.500636810876286,0.7681979313082544,0.4666666666666667,8.433333333333334,30
wearable,heart_rate_eps2.0,budget_absorption,2.0,8,1,8.0,4,0,0.0,201.8074441716166,1.0621444430085083,0.17735922592558695,0.4666666666666667,8.433333333333334,30
wearable,heart_rate_eps2.0,budget_absorption,2.0,8,1,16.0,4,0,0.0,187.9366655184553,0.9891403448339753,0.19019707229509006,0.4666666666666667,8.433333333333334,30
wearable,heart_rate_eps2.0,budget_absorption,2.0,8,2,,4,0,0.0,187.9366655184553,0.9891403448339753,0.19019707229509006,0.4666666666666667,8.433333333333334,30
wearable,heart_rate_eps2.0,budget_absorption,2.0,8,2,4.0,4,0,0.0,285.12099406649435,1.500636810876286,0.7681979313082544,0.4666666666666667,8.433333333333334,30
wearable,heart_rate_eps2.0,budget_absorption,2.0,8,2,8.0,4,0,0.0,201.8074441716166,1.0621444430085083,0.17735922592558695,0.4666666666666667,8.433333333333334,30
wearable,heart_rate_eps2.0,budget_absorption,2.0,8,2,16.0,4,0,0.0,187.9366655184553,0.9891403448339753,0.19019707229509006,0.4666666666666667,8.433333333333334,30
wearable,heart_rate_eps2.0,budget_absorption,2.0,8,3,,4,0,0.0,187.9366655184553,0.9891403448339753,0.19019707229509006,0.4666666666666667,8.433333333333334,30
wearable,heart_rate_eps2.0,budget_absorption,2.0,8,3,4.0,4,0,0.0,285.12099406649435,1.500636810876286,0.7681979313082544,0.4666666666666667,8.433333333333334,30
wearable,heart_rate_eps2.0,budget_absorption,2.0,8,3,8.0,4,0,0.0,201.8074441716166,1.0621444430085083,0.17735922592558695,0.4666666666666667,8.433333333333334,30
wearable,heart_rate_eps2.0,budget_absorption,2.0,8,3,16.0,4,0,0.0,187.9366655184553,0.9891403448339753,0.19019707229509006,0.4666666666666667,8.433333333333334,30
wearable,heart_rate_eps2.0,budget_absorption,2.0,8,4,,4,0,0.0,187.9366655184553,0.9891403448339753,0.19019707229509006,0.4666666666666667,8.433333333333334,30
wearable,heart_rate_eps2.0,budget_absorption,2.0,8,4,4.0,4,0,0.0,285.12099406649435,1.500636810876286,0.7681979313082544,0.4666666666666667,8.433333333333334,30
wearable,heart_rate_eps2.0,budget_absorption,2.0,8,4,8.0,4,0,0.0,201.8074441716166,1.0621444430085083,0.17735922592558695,0.4666666666666667,8.433333333333334,30
wearable,heart_rate_eps2.0,budget_absorption,2.0,8,4,16.0,4,0,0.0,187.9366655184553,0.9891403448339753,0.19019707229509006,0.4666666666666667,8.433333333333334,30
wearable,heart_rate_eps2.0,budget_absorption,2.0,8,6,,4,0,0.0,187.9366655184553,0.9891403448339753,0.19019707229509006,0.4666666666666667,8.433333333333334,30
wearable,heart_rate_eps2.0,budget_absorption,2.0,8,6,8.0,4,0,0.0,201.8074441716166,1.0621444430085083,0.17735922592558695,0.4666666666666667,8.433333333333334,30
wearable,heart_rate_eps2.0,budget_absorption,2.0,8,6,16.0,4,0,0.0,187.9366655184553,0.9891403448339753,0.19019707229509006,0.4666666666666667,8.433333333333334,30
wearable,heart_rate_eps2.0,budget_absorption,2.0,8,1,,4,2,0.0,187.9366655184553,0.9891403448339753,0.19019707229509006,0.4666666666666667,8.433333333333334,30
wearable,heart_rate_eps2.0,budget_absorption,2.0,8,1,4.0,4,2,0.0,285.12099406649435,1.500636810876286,0.7681979313082544,0.4666666666666667,8.433333333333334,30
wearable,heart_rate_eps2.0,budget_absorption,2.0,8,1,8.0,4,2,0.0,201.8074441716166,1.0621444430085083,0.17735922592558695,0.4666666666666667,8.433333333333334,30
wearable,heart_rate_eps2.0,budget_absorption,2.0,8,1,16.0,4,2,0.0,187.9366655184553,0.9891403448339753,0.19019707229509006,0.4666666666666667,8.433333333333334,30
wearable,heart_rate_eps2.0,budget_absorption,2.0,8,2,,4,2,0.0,163.262058397466,0.8592739915656106,0.2205543385568262,0.42857142857142855,8.964285714285714,28
wearable,heart_rate_eps2.0,budget_absorption,2.0,8,2,4.0,4,2,0.0,267.38812469893645,1.4073059194680866,0.21417832667546902,0.42857142857142855,8.964285714285714,28
wearable,heart_rate_eps2.0,budget_absorption,2.0,8,2,8.0,4,2,0.0,178.12360695442456,0.9374926681811819,0.2205543385568262,0.42857142857142855,8.964285714285714,28
wearable,heart_rate_eps2.0,budget_absorption,2.0,8,2,16.0,4,2,0.0,163.262058397466,0.8592739915656106,0.2205543385568262,0.42857142857142855,8.964285714285714,28
wearable,heart_rate_eps2.0,budget_absorption,2.0,8,3,,4,2,0.0,163.262058397466,0.8592739915656106,0.2205543385568262,0.42857142857142855,8.964285714285714,28
wearable,heart_rate_eps2.0,budget_absorption,2.0,8,3,4.0,4,2,0.0,267.38812469893645,1.4073059194680866,0.21417832667546902,0.42857142857142855,8.964285714285714,28
wearable,heart_rate_eps2.0,budget_absorption,2.0,8,3,8.0,4,2,0.0,178.12360695442456,0.9374926681811819,0.2205543385568262,0.42857142857142855,8.964285714285714,28
wearable,heart_rate_eps2.0,budget_absorption,2.0,8,3,16.0,4,2,0.0,163.262058397466,0.8592739915656106,0.2205543385568262,0.42857142857142855,8.964285714285714,28
wearable,heart_rate_eps2.0,budget_absorption,2.0,8,4,,4,2,0.0,124.09436931680806,0.6531282595621477,0.1926956944819062,0.4444444444444444,9.25925925925926,27
wearable,heart_rate_eps2.0,budget_absorption,2.0,8,4,4.0,4,2,0.0,232.0769565924071,1.2214576662758267,0.2504769350999323,0.4444444444444444,9.25925925925926,27
wearable,heart_rate_eps2.0,budget_absorption,2.0,8,4,8.0,4,2,0.0,139.5063455980984,0.7342439242005179,0.1926956944819062,0.4444444444444444,9.25925925925926,27
wearable,heart_rate_eps2.0,budget_absorption,2.0,8,4,16.0,4,2,0.0,124.09436931680806,0.6531282595621477,0.1926956944819062,0.4444444444444444,9.25925925925926,27
wearable,heart_rate_eps2.0,budget_absorption,2.0,8,6,,4,2,0.0,124.09436931680806,0.6531282595621477,0.1926956944819062,0.4444444444444444,9.25925925925926,27
wearable,heart_rate_eps2.0,budget_absorption,2.0,8,6,8.0,4,2,0.0,139.5063455980984,0.7342439242005179,0.1926956944819062,0.4444444444444444,9.25925925925926,27
wearable,heart_rate_eps2.0,budget_absorption,2.0,8,6,16.0,4,2,0.0,124.09436931680806,0.6531282595621477,0.1926956944819062,0.4444444444444444,9.25925925925926,27
wearable,heart_rate_eps2.0,budget_absorption,2.0,8,1,,4,4,0.0,187.9366655184553,0.9891403448339753,0.19019707229509006,0.4666666666666667,8.433333333333334,30
wearable,heart_rate_eps2.0,budget_absorption,2.0,8,1,4.0,4,4,0.0,285.12099406649435,1.500636810876286,0.7681979313082544,0.4666666666666667,8.433333333333334,30
wearable,heart_rate_eps2.0,budget_absorption,2.0,8,1,8.0,4,4,0.0,201.8074441716166,1.0621444430085083,0.17735922592558695,0.4666666666666667,8.433333333333334,30
wearable,heart_rate_eps2.0,budget_absorption,2.0,8,1,16.0,4,4,0.0,187.9366655184553,0.9891403448339753,0.19019707229509006,0.4666666666666667,8.433333333333334,30
wearable,heart_rate_eps2.0,budget_absorption,2.0,8,2,,4,4,0.0,124.6111933303641,0.6558483859492847,0.1926956944819062,0.4444444444444444,9.25925925925926,27
wearable,heart_rate_eps2.0,budget_absorption,2.0,8,2,4.0,4,4,0.0,232.59378060596308,1.2241777926629636,0.18320125908542412,0.4444444444444444,9.25925925925926,27
wearable,heart_rate_eps2.0,budget_absorption,2.0,8,2,8.0,4,4,0.0,140.02316961165442,0.7369640505876549,0.1926956944819062,0.4444444444444444,9.25925925925926,27
wearable,heart_rate_eps2.0,budget_absorption,2.0,8,2,16.0,4,4,0.0,124.6111933303641,0.6558483859492847,0.1926956944819062,0.4444444444444444,9.25925925925926,27
wearable,heart_rate_eps2.0,budget_absorption,2.0,8,3,,4,4,0.0,124.6111933303641,0.6558483859492847,0.1926956944819062,0.4444444444444444,9.25925925925926,27
wearable,heart_rate_eps2.0,budget_absorption,2.0,8,3,4.0,4,4,0.0,232.59378060596308,1.2241777926629636,0.18320125908542412,0.4444444444444444,9.25925925925926,27
wearable,heart_rate_eps2.0,budget_absorption,2.0,8,3,8.0,4,4,0.0,140.02316961165442,0.7369640505876549,0.1926956944819062,0.4444444444444444,9.25925925925926,27
wearable,heart_rate_eps2.0,budget_absorption,2.0,8,3,16.0,4,4,0.0,124.6111933303641,0.6558483859492847,0.1926956944819062,0.4444444444444444,9.25925925925926,27
wearable,heart_rate_eps2.0,budget_absorption,2.0,8,4,,4,4,0.0,84.10951385639109,0.4426816518757426,0.31481699539733204,0.4230769230769231,9.576923076923077,26
wearable,heart_rate_eps2.0,budget_absorption,2.0,8,4,4.0,4,4,0.0,196.24527756566698,1.032869881924563,0.31481699539733204,0.4230769230769231,9.576923076923077,26
wearable,heart_rate_eps2.0,budget_absorption,2.0,8,4,8.0,4,4,0.0,100.11425845619259,0.5269171497694347,0.31481699539733204,0.4230769230769231,9.576923076923077,26
wearable,heart_rate_eps2.0,budget_absorption,2.0,8,4,16.0,4,4,0.0,84.10951385639109,0.4426816518757426,0.31481699539733204,0.4230769230769231,9.576923076923077,26
wearable,heart_rate_eps2.0,budget_absorption,2.0,8,6,,4,4,0.0,84.10951385639109,0.4426816518757426,0.31481699539733204,0.4230769230769231,9.576923076923077,26
wearable,heart_rate_eps2.0,budget_absorption,2.0,8,6,8.0,4,4,0.0,100.11425845619259,0.5269171497694347,0.31481699539733204,0.4230769230769231,9.576923076923077,26
wearable,heart_rate_eps2.0,budget_absorption,2.0,8,6,16.0,4,4,0.0,84.10951385639109,0.4426816518757426,0.31481699539733204,0.4230769230769231,9.576923076923077,26
wearable,heart_rate_eps2.0,p_gated_uniform,2.0,8,1,,1,0,0.0,164.968123689877,0.8682532825782999,0.2978748336759239,1.0,8.403361344537815,119
wearable,heart_rate_eps2.0,p_gated_uniform,2.0,8,1,4.0,1,0,0.0,254.9494093134416,1.3418389963865347,0.3825230528724361,1.0,8.403361344537815,119
wearable,heart_rate_eps2.0,p_gated_uniform,2.0,8,1,8.0,1,0,0.0,179.29294062536667,0.9436470559229825,0.32035464257397517,1.0,8.403361344537815,119
wearable,heart_rate_eps2.0,p_gated_uniform,2.0,8,1,16.0,1,0,0.0,164.968123689877,0.8682532825782999,0.2978748336759239,1.0,8.403361344537815,119
wearable,heart_rate_eps2.0,p_gated_uniform,2.0,8,2,,1,0,0.0,120.57884881992058,0.6346255201048452,0.5397107324926508,0.8739495798319328,8.403361344537815,119
wearable,heart_rate_eps2.0,p_gated_uniform,2.0,8,2,4.0,1,0,0.0,210.56013444348523,1.10821123391308,0.7789647685299649,0.8739495798319328,8.403361344537815,119
wearable,heart_rate_eps2.0,p_gated_uniform,2.0,8,2,8.0,1,0,0.0,134.90366575541026,0.7100192934495276,0.3225379023529757,0.8739495798319328,8.403361344537815,119
wearable,heart_rate_eps2.0,p_gated_uniform,2.0,8,2,16.0,1,0,0.0,120.57884881992058,0.6346255201048452,0.5397107324926508,0.8739495798319328,8.403361344537815,119
wearable,heart_rate_eps2.0,p_gated_uniform,2.0,8,3,,1,0,0.0,71.32560439071086,0.37539791784584664,0.31604503592014577,0.8487394957983193,8.403361344537815,119
wearable,heart_rate_eps2.0,p_gated_uniform,2.0,8,3,4.0,1,0,0.0,161.3068900142755,0.8489836316540815,0.7469492943409063,0.8487394957983193,8.403361344537815,119
wearable,heart_rate_eps2.0,p_gated_uniform,2.0,8,3,8.0,1,0,0.0,85.65042132620054,0.4507916911905292,0.35163502735380986,0.8487394957983193,8.403361344537815,119
wearable,heart_rate_eps2.0,p_gated_uniform,2.0,8,3,16.0,1,0,0.0,71.32560439071086,0.37539791784584664,0.31604503592014577,0.8487394957983193,8.403361344537815,119
wearable,heart_rate_eps2.0,p_gated_uniform,2.0,8,4,,1,0,0.0,129.27662124383835,0.6804032697044123,0.32293091422005754,0.8403361344537815,8.403361344537815,119
wearable,heart_rate_eps2.0,p_gated_uniform,2.0,8,4,4.0,1,0,0.0,219.25790686740297,1.1539889835126471,0.7861122822809103,0.8403361344537815,8.403361344537815,119
wearable,heart_rate_eps2.0,p_gated_uniform,2.0,8,4,8.0,1,0,0.0,143.60143817932806,0.755797043049095,0.3638054665731957,0.8403361344537815,8.403361344537815,119
wearable,heart_rate_eps2.0,p_gated_uniform,2.0,8,4,16.0,1,0,0.0,129.27662124383835,0.6804032697044123,0.32293091422005754,0.8403361344537815,8.403361344537815,119
wearable,heart_rate_eps2.0,p_gated_uniform,2.0,8,6,,1,0,0.0,97.97294984254155,0.5156471044344292,0.31384606758834627,0.8319327731092437,8.403361344537815,119
wearable,heart_rate_eps2.0,p_gated_uniform,2.0,8,6,8.0,1,0,0.0,112.29776677803123,0.5910408777791117,0.3563877540616291,0.8319327731092437,8.403361344537815,119
wearable,heart_rate_eps2.0,p_gated_uniform,2.0,8,6,16.0,1,0,0.0,97.97294984254155,0.5156471044344292,0.31384606758834627,0.8319327731092437,8.403361344537815,119
wearable,heart_rate_eps2.0,p_gated_uniform,2.0,8,1,,1,2,0.0,164.968123689877,0.8682532825782999,0.2978748336759239,1.0,8.403361344537815,119
wearable,heart_rate_eps2.0,p_gated_uniform,2.0,8,1,4.0,1,2,0.0,254.9494093134416,1.3418389963865347,0.3825230528724361,1.0,8.403361344537815,119
wearable,heart_rate_eps2.0,p_gated_uniform,2.0,8,1,8.0,1,2,0.0,179.29294062536667,0.9436470559229825,0.32035464257397517,1.0,8.403361344537815,119
wearable,heart_rate_eps2.0,p_gated_uniform,2.0,8,1,16.0,1,2,0.0,164.968123689877,0.8682532825782999,0.2978748336759239,1.0,8.403361344537815,119
wearable,heart_rate_eps2.0,p_gated_uniform,2.0,8,2,,1,2,0.0,98.46447130946889,0.5182340595235205,0.5397107324926508,0.9541284403669725,9.082568807339449,109
wearable,heart_rate_eps2.0,p_gated_uniform,2.0,8,2,4.0,1,2,0.0,196.7009207517092,1.0352680039563642,0.7789647685299649,0.9541284403669725,9.082568807339449,109
wearable,heart_rate_eps2.0,p_gated_uniform,2.0,8,2,8.0,1,2,0.0,114.10349163353561,0.6005446928080822,0.3225379023529757,0.9541284403669725,9.082568807339449,109
wearable,heart_rate_eps2.0,p_gated_uniform,2.0,8,2,16.0,1,2,0.0,98.46447130946889,0.5182340595235205,0.5397107324926508,0.9541284403669725,9.082568807339449,109
wearable,heart_rate_eps2.0,p_gated_uniform,2.0,8,3,,1,2,0.0,74.80563258039034,0.39371385568626494,0.31604503592014577,0.9439252336448598,9.214953271028037,107
wearable,heart_rate_eps2.0,p_gated_uniform,2.0,8,3,4.0,1,2,0.0,174.878277339308,0.9204119859963579,0.7469492943409063,0.9439252336448598,9.214953271028037,107
wearable,heart_rate_eps2.0,p_gated_uniform,2.0,8,3,8.0,1,2,0.0,90.7369710413555,0.4775630054808184,0.35163502735380986,0.9439252336448598,9.214953271028037,107
wearable,heart_rate_eps2.0,p_gated_uniform,2.0,8,3,16.0,1,2,0.0,74.80563258039034,0.39371385568626494,0.31604503592014577,0.9439252336448598,9.214953271028037,107
wearable,heart_rate_eps2.0,p_gated_uniform,2.0,8,4,,1,2,0.0,99.30140697643202,0.5226389840864843,0.32293091422005754,0.9345794392523364,9.214953271028037,107
wearable,heart_rate_eps2.0,p_gated_uniform,2.0,8,4,4.0,1,2,0.0,199.3740517353497,1.0493371143965773,0.7861122822809103,0.9345794392523364,9.214953271028037,107
wearable,heart_rate_eps2.0,p_gated_uniform,2.0,8,4,8.0,1,2,0.0,115.23274543739718,0.6064881338810378,0.3638054665731957,0.9345794392523364,9.214953271028037,107
wearable,heart_rate_eps2.0,p_gated_uniform,2.0,8,4,16.0,1,2,0.0,99.30140697643202,0.5226389840864843,0.32293091422005754,0.9345794392523364,9.214953271028037,107
wearable,heart_rate_eps2.0,p_gated_uniform,2.0,8,6,,1,2,0.0,84.09718285439024,0.44261675186521177,0.31384606758834627,0.9339622641509434,9.273584905660377,106
wearable,heart_rate_eps2.0,p_gated_uniform,2.0,8,6,8.0,1,2,0.0,100.17881696121358,0.5272569313748083,0.3563877540616291,0.9339622641509434,9.273584905660377,106
wearable,heart_rate_eps2.0,p_gated_uniform,2.0,8,6,16.0,1,2,0.0,84.09718285439024,0.44261675186521177,0.31384606758834627,0.9339622641509434,9.273584905660377,106
wearable,heart_rate_eps2.0,p_gated_uniform,2.0,8,1,,1,4,0.0,164.968123689877,0.8682532825782999,0.2978748336759239,1.0,8.403361344537815,119
wearable,heart_rate_eps2.0,p_gated_uniform,2.0,8,1,4.0,1,4,0.0,254.9494093134416,1.3418389963865347,0.3825230528724361,1.0,8.403361344537815,119
wearable,heart_rate_eps2.0,p_gated_uniform,2.0,8,1,8.0,1,4,0.0,179.29294062536667,0.9436470559229825,0.32035464257397517,1.0,8.403361344537815,119
wearable,heart_rate_eps2.0,p_gated_uniform,2.0,8,1,16.0,1,4,0.0,164.968123689877,0.8682532825782999,0.2978748336759239,1.0,8.403361344537815,119
wearable,heart_rate_eps2.0,p_gated_uniform,2.0,8,2,,1,4,0.0,93.54557238658336,0.49234511782412294,0.5397107324926508,0.9719626168224299,9.233644859813085,107
wearable,heart_rate_eps2.0,p_gated_uniform,2.0,8,2,4.0,1,4,0.0,193.61821714550106,1.0190432481342162,0.7789647685299649,0.9719626168224299,9.233644859813085,107
wearable,heart_rate_eps2.0,p_gated_uniform,2.0,8,2,8.0,1,4,0.0,109.47691084754852,0.5761942676186764,0.3225379023529757,0.9719626168224299,9.233644859813085,107
wearable,heart_rate_eps2.0,p_gated_uniform,2.0,8,2,16.0,1,4,0.0,93.54557238658336,0.49234511782412294,0.5397107324926508,0.9719626168224299,9.233644859813085,107
wearable,heart_rate_eps2.0,p_gated_uniform,2.0,8,3,,1,4,0.0,75.59915256604857,0.39789027666341353,0.31604503592014577,0.9619047619047619,9.371428571428572,105
wearable,heart_rate_eps2.0,p_gated_uniform,2.0,8,3,4.0,1,4,0.0,177.57794293942177,0.9346207523127462,0.7469492943409063,0.9619047619047619,9.371428571428572,105
wearable,heart_rate_eps2.0,p_gated_uniform,2.0,8,3,8.0,1,4,0.0,91.83394509293689,0.48333655312072044,0.35163502735380986,0.9619047619047619,9.371428571428572,105
wearable,heart_rate_eps2.0,p_gated_uniform,2.0,8,3,16.0,1,4,0.0,75.59915256604857,0.39789027666341353,0.31604503592014577,0.9619047619047619,9.371428571428572,105
wearable,heart_rate_eps2.0,p_gated_uniform,2.0,8,4,,1,4,0.0,90.58943805996584,0.4767865161050834,0.32293091422005754,0.9615384615384616,9.442307692307692,104
wearable,heart_rate_eps2.0,p_gated_uniform,2.0,8,4,4.0,1,4,0.0,193.54879372539077,1.018677861712583,0.7861122822809103,0.9615384615384616,9.442307692307692,104
wearable,heart_rate_eps2.0,p_gated_uniform,2.0,8,4,8.0,1,4,0.0,106.98033436115117,0.5630543913744798,0.3638054665731957,0.9615384615384616,9.442307692307692,104
wearable,heart_rate_eps2.0,p_gated_uniform,2.0,8,4,16.0,1,4,0.0,90.58943805996584,0.4767865161050834,0.32293091422005754,0.9615384615384616,9.442307692307692,104
wearable,heart_rate_eps2.0,p_gated_uniform,2.0,8,6,,1,4,0.0,80.45853549459187,0.42346597628732563,0.31384606758834627,0.9611650485436893,9.504854368932039,103
wearable,heart_rate_eps2.0,p_gated_uniform,2.0,8,6,8.0,1,4,0.0,97.00856671132266,0.5105714037438035,0.3563877540616291,0.9611650485436893,9.504854368932039,103
wearable,heart_rate_eps2.0,p_gated_uniform,2.0,8,6,16.0,1,4,0.0,80.45853549459187,0.42346597628732563,0.31384606758834627,0.9611650485436893,9.504854368932039,103
wearable,heart_rate_eps2.0,p_gated_uniform,2.0,8,1,,2,0,0.0,180.45071346917854,0.9497405972062029,0.08118321827284715,1.0,8.383333333333333,60
wearable,heart_rate_eps2.0,p_gated_uniform,2.0,8,1,4.0,2,0,0.0,260.2993409031141,1.3699965310690216,0.2431338783730404,1.0,8.383333333333333,60
wearable,heart_rate_eps2.0,p_gated_uniform,2.0,8,1,8.0,2,0,0.0,193.1932948632546,1.0168068150697611,0.08118321827284715,1.0,8.383333333333333,60
wearable,heart_rate_eps2.0,p_gated_uniform,2.0,8,1,16.0,2,0,0.0,180.45071346917854,0.9497405972062029,0.08118321827284715,1.0,8.383333333333333,60
wearable,heart_rate_eps2.0,p_gated_uniform,2.0,8,2,,2,0,0.0,76.20946693629384,0.40110245755944124,0.32558346453388964,0.8666666666666667,8.383333333333333,60
wearable,heart_rate_eps2.0,p_gated_uniform,2.0,8,2,4.0,2,0,0.0,156.05809437022944,0.8213583914222602,1.1543594043003893,0.8666666666666667,8.383333333333333,60
wearable,heart_rate_eps2.0,p_gated_uniform,2.0,8,2,8.0,2,0,0.0,88.9520483303699,0.4681686754229995,0.8374109262710994,0.8666666666666667,8.383333333333333,60
wearable,heart_rate_eps2.0,p_gated_uniform,2.0,8,2,16.0,2,0,0.0,76.20946693629384,0.40110245755944124,0.32558346453388964,0.8666666666666667,8.383333333333333,60
wearable,heart_rate_eps2.0,p_gated_uniform,2.0,8,3,,2,0,0.0,143.47058285901068,0.7551083308368983,0.36233587355848806,0.85,8.383333333333333,60
wearable,heart_rate_eps2.0,p_gated_uniform,2.0,8,3,4.0,2,0,0.0,223.31921029294625,1.175364264699717,1.1329876800962133,0.85,8.383333333333333,60
wearable,heart_rate_eps2.0,p_gated_uniform,2.0,8,3,8.0,2,0,0.0,156.21316425308672,0.8221745487004564,0.8169408713818227,0.85,8.383333333333333,60
wearable,heart_rate_eps2.0,p_gated_uniform,2.0,8,3,16.0,2,0,0.0,143.47058285901068,0.7551083308368983,0.36233587355848806,0.85,8.383333333333333,60
wearable,heart_rate_eps2.0,p_gated_uniform,2.0,8,4,,2,0,0.0,59.13758029705779,0.31125042261609365,0.7446555774895586,0.8333333333333334,8.383333333333333,60
wearable,heart_rate_eps2.0,p_gated_uniform,2.0,8,4,4.0,2,0,0.0,140.6998939140477,0.7405257574423563,1.11540413924838,0.8333333333333334,8.383333333333333,60
wearable,heart_rate_eps2.0,p_gated_uniform,2.0,8,4,8.0,2,0,0.0,71.88016169113388,0.37831664047965197,1.1154432649375612,0.8333333333333334,8.383333333333333,60
wearable,heart_rate_eps2.0,p_gated_uniform,2.0,8,4,16.0,2,0,0.0,59.13758029705779,0.31125042261609365,0.7446555774895586,0.8333333333333334,8.383333333333333,60
wearable,heart_rate_eps2.0,p_gated_uniform,2.0,8,6,,2,0,0.0,59.13758029705779,0.31125042261609365,0.7446555774895586,0.8333333333333334,8.383333333333333,60
wearable,heart_rate_eps2.0,p_gated_uniform,2.0,8,6,8.0,2,0,0.0,71.88016169113388,0.37831664047965197,1.1154432649375612,0.8333333333333334,8.383333333333333,60
wearable,heart_rate_eps2.0,p_gated_uniform,2.0,8,6,16.0,2,0,0.0,59.13758029705779,0.31125042261609365,0.7446555774895586,0.8333333333333334,8.383333333333333,60
wearable,heart_rate_eps2.0,p_gated_uniform,2.0,8,1,,2,2,0.0,180.45071346917854,0.9497405972062029,0.08118321827284715,1.0,8.383333333333333,60
wearable,heart_rate_eps2.0,p_gated_uniform,2.0,8,1,4.0,2,2,0.0,260.2993409031141,1.3699965310690216,0.2431338783730404,1.0,8.383333333333333,60
wearable,heart_rate_eps2.0,p_gated_uniform,2.0,8,1,8.0,2,2,0.0,193.1932948632546,1.0168068150697611,0.08118321827284715,1.0,8.383333333333333,60
wearable,heart_rate_eps2.0,p_gated_uniform,2.0,8,1,16.0,2,2,0.0,180.45071346917854,0.9497405972062029,0.08118321827284715,1.0,8.383333333333333,60
wearable,heart_rate_eps2.0,p_gated_uniform,2.0,8,2,,2,2,0.0,76.57070460588974,0.4030037084520513,0.32558346453388964,0.9454545454545454,9.054545454545455,55
wearable,heart_rate_eps2.0,p_gated_uniform,2.0,8,2,4.0,2,2,0.0,163.67829817018315,0.8614647272114903,1.1543594043003893,0.9454545454545454,9.054545454545455,55
wearable,heart_rate_eps2.0,p_gated_uniform,2.0,8,2,8.0,2,2,0.0,90.47170249033637,0.4761668552122967,0.8374109262710994,0.9454545454545454,9.054545454545455,55
wearable,heart_rate_eps2.0,p_gated_uniform,2.0,8,2,16.0,2,2,0.0,76.57070460588974,0.4030037084520513,0.32558346453388964,0.9454545454545454,9.054545454545455,55
wearable,heart_rate_eps2.0,p_gated_uniform,2.0,8,3,,2,2,0.0,100.30725714581853,0.5279329323464133,0.36233587355848806,0.9444444444444444,9.203703703703704,54
wearable,heart_rate_eps2.0,p_gated_uniform,2.0,8,3,4.0,2,2,0.0,189.02795429463586,0.9948839699717676,1.1329876800962133,0.9444444444444444,9.203703703703704,54
wearable,heart_rate_eps2.0,p_gated_uniform,2.0,8,3,8.0,2,2,0.0,114.46568091701417,0.6024509521948114,0.8169408713818227,0.9444444444444444,9.203703703703704,54
wearable,heart_rate_eps2.0,p_gated_uniform,2.0,8,3,16.0,2,2,0.0,100.30725714581853,0.5279329323464133,0.36233587355848806,0.9444444444444444,9.203703703703704,54
wearable,heart_rate_eps2.0,p_gated_uniform,2.0,8,4,,2,2,0.0,62.83476599827936,0.3307092947277861,0.7446555774895586,0.9259259259259259,9.185185185185185,54
wearable,heart_rate_eps2.0,p_gated_uniform,2.0,8,4,4.0,2,2,0.0,152.26891469189306,0.8014153404836477,1.11540413924838,0.9259259259259259,9.185185185185185,54
wearable,heart_rate_eps2.0,p_gated_uniform,2.0,8,4,8.0,2,2,0.0,76.99318976947498,0.4052273145761841,1.1154432649375612,0.9259259259259259,9.185185185185185,54
wearable,heart_rate_eps2.0,p_gated_uniform,2.0,8,4,16.0,2,2,0.0,62.83476599827936,0.3307092947277861,0.7446555774895586,0.9259259259259259,9.185185185185185,54
wearable,heart_rate_eps2.0,p_gated_uniform,2.0,8,6,,2,2,0.0,62.83476599827936,0.3307092947277861,0.7446555774895586,0.9259259259259259,9.185185185185185,54
wearable,heart_rate_eps2.0,p_gated_uniform,2.0,8,6,8.0,2,2,0.0,76.99318976947498,0.4052273145761841,1.1154432649375612,0.9259259259259259,9.185185185185185,54
wearable,heart_rate_eps2.0,p_gated_uniform,2.0,8,6,16.0,2,2,0.0,62.83476599827936,0.3307092947277861,0.7446555774895586,0.9259259259259259,9.185185185185185,54
wearable,heart_rate_eps2.0,p_gated_uniform,2.0,8,1,,2,4,0.0,180.45071346917854,0.9497405972062029,0.08118321827284715,1.0,8.383333333333333,60
wearable,heart_rate_eps2.0,p_gated_uniform,2.0,8,1,4.0,2,4,0.0,260.2993409031141,1.3699965310690216,0.2431338783730404,1.0,8.383333333333333,60
wearable,heart_rate_eps2.0,p_gated_uniform,2.0,8,1,8.0,2,4,0.0,193.1932948632546,1.0168068150697611,0.08118321827284715,1.0,8.383333333333333,60
wearable,heart_rate_eps2.0,p_gated_uniform,2.0,8,1,16.0,2,4,0.0,180.45071346917854,0.9497405972062029,0.08118321827284715,1.0,8.383333333333333,60
wearable,heart_rate_eps2.0,p_gated_uniform,2.0,8,2,,2,4,0.0,76.4713500139481,0.40248078954709526,0.32558346453388964,0.9629629629629629,9.203703703703704,54
wearable,heart_rate_eps2.0,p_gated_uniform,2.0,8,2,4.0,2,4,0.0,165.19204716276542,0.8694318271724496,1.1543594043003893,0.9629629629629629,9.203703703703704,54
wearable,heart_rate_eps2.0,p_gated_uniform,2.0,8,2,8.0,2,4,0.0,90.62977378514373,0.4769988093954933,0.8374109262710994,0.9629629629629629,9.203703703703704,54
wearable,heart_rate_eps2.0,p_gated_uniform,2.0,8,2,16.0,2,4,0.0,76.4713500139481,0.40248078954709526,0.32558346453388964,0.9629629629629629,9.203703703703704,54
wearable,heart_rate_eps2.0,p_gated_uniform,2.0,8,3,,2,4,0.0,92.26533734967863,0.4856070386825191,0.36233587355848806,0.9622641509433962,9.358490566037736,53
wearable,heart_rate_eps2.0,p_gated_uniform,2.0,8,3,4.0,2,4,0.0,182.6600099163982,0.961368473244201,1.1329876800962133,0.9622641509433962,9.358490566037736,53
wearable,heart_rate_eps2.0,p_gated_uniform,2.0,8,3,8.0,2,4,0.0,106.69090119202892,0.5615310589054153,0.8169408713818227,0.9622641509433962,9.358490566037736,53
wearable,heart_rate_eps2.0,p_gated_uniform,2.0,8,3,16.0,2,4,0.0,92.26533734967863,0.4856070386825191,0.36233587355848806,0.9622641509433962,9.358490566037736,53
wearable,heart_rate_eps2.0,p_gated_uniform,2.0,8,4,,2,4,0.0,64.6982632142194,0.34051717481168103,0.7446555774895586,0.9615384615384616,9.5,52
wearable,heart_rate_eps2.0,p_gated_uniform,2.0,8,4,4.0,2,4,0.0,157.24344094289032,0.8275970575941596,1.11540413924838,0.9615384615384616,9.5,52
wearable,heart_rate_eps2.0,p_gated_uniform,2.0,8,4,8.0,2,4,0.0,79.40124174584564,0.417901272346556,1.1154432649375612,0.9615384615384616,9.5,52
wearable,heart_rate_eps2.0,p_gated_uniform,2.0,8,4,16.0,2,4,0.0,64.6982632142194,0.34051717481168103,0.7446555774895586,0.9615384615384616,9.5,52
wearable,heart_rate_eps2.0,p_gated_uniform,2.0,8,6,,2,4,0.0,64.6982632142194,0.34051717481168103,0.7446555774895586,0.9615384615384616,9.5,52
wearable,heart_rate_eps2.0,p_gated_uniform,2.0,8,6,8.0,2,4,0.0,79.40124174584564,0.417901272346556,1.1154432649375612,0.9615384615384616,9.5,52
wearable,heart_rate_eps2.0,p_gated_uniform,2.0,8,6,16.0,2,4,0.0,64.6982632142194,0.34051717481168103,0.7446555774895586,0.9615384615384616,9.5,52
wearable,heart_rate_eps2.0,p_gated_uniform,2.0,8,1,,4,0,0.0,155.10006732854765,0.8163161438344614,0.20901090763310193,1.0,8.433333333333334,30
wearable,heart_rate_eps2.0,p_gated_uniform,2.0,8,1,4.0,4,0,0.0,231.9541080747281,1.2208110951301478,0.47987993362722875,1.0,8.433333333333334,30
wearable,heart_rate_eps2.0,p_gated_uniform,2.0,8,1,8.0,4,0,0.0,166.87268652879726,0.8782772975199856,0.24886096786100378,1.0,8.433333333333334,30
wearable,heart_rate_eps2.0,p_gated_uniform,2.0,8,1,16.0,4,0,0.0,155.10006732854765,0.8163161438344614,0.20901090763310193,1.0,8.433333333333334,30
wearable,heart_rate_eps2.0,p_gated_uniform,2.0,8,2,,4,0,0.0,86.40959157188077,0.45478732406253036,0.7717718671039189,0.8666666666666667,8.433333333333334,30
wearable,heart_rate_eps2.0,p_gated_uniform,2.0,8,2,4.0,4,0,0.0,163.26363231806118,0.8592822753582168,1.1023647647529915,0.8666666666666667,8.433333333333334,30
wearable,heart_rate_eps2.0,p_gated_uniform,2.0,8,2,8.0,4,0,0.0,98.18221077213038,0.5167484777480547,1.1004363457851196,0.8666666666666667,8.433333333333334,30
wearable,heart_rate_eps2.0,p_gated_uniform,2.0,8,2,16.0,4,0,0.0,86.40959157188077,0.45478732406253036,0.7717718671039189,0.8666666666666667,8.433333333333334,30
wearable,heart_rate_eps2.0,p_gated_uniform,2.0,8,3,,4,0,0.0,86.40959157188077,0.45478732406253036,0.7717718671039189,0.8666666666666667,8.433333333333334,30
wearable,heart_rate_eps2.0,p_gated_uniform,2.0,8,3,4.0,4,0,0.0,163.26363231806118,0.8592822753582168,1.1023647647529915,0.8666666666666667,8.433333333333334,30
wearable,heart_rate_eps2.0,p_gated_uniform,2.0,8,3,8.0,4,0,0.0,98.18221077213038,0.5167484777480547,1.1004363457851196,0.8666666666666667,8.433333333333334,30
wearable,heart_rate_eps2.0,p_gated_uniform,2.0,8,3,16.0,4,0,0.0,86.40959157188077,0.45478732406253036,0.7717718671039189,0.8666666666666667,8.433333333333334,30
wearable,heart_rate_eps2.0,p_gated_uniform,2.0,8,4,,4,0,0.0,92.48947027447927,0.4867866856551541,0.7279684224884302,0.8333333333333334,8.433333333333334,30
wearable,heart_rate_eps2.0,p_gated_uniform,2.0,8,4,4.0,4,0,0.0,196.66168422491964,1.0350614959206297,1.0594954465346056,0.8333333333333334,8.433333333333334,30
wearable,heart_rate_eps2.0,p_gated_uniform,2.0,8,4,8.0,4,0,0.0,104.26208947472888,0.5487478393406783,1.0594954465346056,0.8333333333333334,8.433333333333334,30
wearable,heart_rate_eps2.0,p_gated_uniform,2.0,8,4,16.0,4,0,0.0,92.48947027447927,0.4867866856551541,0.7279684224884302,0.8333333333333334,8.433333333333334,30
wearable,heart_rate_eps2.0,p_gated_uniform,2.0,8,6,,4,0,0.0,92.48947027447927,0.4867866856551541,0.7279684224884302,0.8333333333333334,8.433333333333334,30
wearable,heart_rate_eps2.0,p_gated_uniform,2.0,8,6,8.0,4,0,0.0,104.26208947472888,0.5487478393406783,1.0594954465346056,0.8333333333333334,8.433333333333334,30
wearable,heart_rate_eps2.0,p_gated_uniform,2.0,8,6,16.0,4,0,0.0,92.48947027447927,0.4867866856551541,0.7279684224884302,0.8333333333333334,8.433333333333334,30
wearable,heart_rate_eps2.0,p_gated_uniform,2.0,8,1,,4,2,0.0,155.10006732854765,0.8163161438344614,0.20901090763310193,1.0,8.433333333333334,30
wearable,heart_rate_eps2.0,p_gated_uniform,2.0,8,1,4.0,4,2,0.0,231.9541080747281,1.2208110951301478,0.47987993362722875,1.0,8.433333333333334,30
wearable,heart_rate_eps2.0,p_gated_uniform,2.0,8,1,8.0,4,2,0.0,166.87268652879726,0.8782772975199856,0.24886096786100378,1.0,8.433333333333334,30
wearable,heart_rate_eps2.0,p_gated_uniform,2.0,8,1,16.0,4,2,0.0,155.10006732854765,0.8163161438344614,0.20901090763310193,1.0,8.433333333333334,30
wearable,heart_rate_eps2.0,p_gated_uniform,2.0,8,2,,4,2,0.0,78.28648942479734,0.4120341548673544,0.7717718671039189,0.9285714285714286,8.964285714285714,28
wearable,heart_rate_eps2.0,p_gated_uniform,2.0,8,2,4.0,4,2,0.0,160.63010450999067,0.8454216026841614,1.1023647647529915,0.9285714285714286,8.964285714285714,28
wearable,heart_rate_eps2.0,p_gated_uniform,2.0,8,2,8.0,4,2,0.0,90.90000999649332,0.4784211052447017,1.1004363457851196,0.9285714285714286,8.964285714285714,28
wearable,heart_rate_eps2.0,p_gated_uniform,2.0,8,2,16.0,4,2,0.0,78.28648942479734,0.4120341548673544,0.7717718671039189,0.9285714285714286,8.964285714285714,28
wearable,heart_rate_eps2.0,p_gated_uniform,2.0,8,3,,4,2,0.0,78.28648942479734,0.4120341548673544,0.7717718671039189,0.9285714285714286,8.964285714285714,28
wearable,heart_rate_eps2.0,p_gated_uniform,2.0,8,3,4.0,4,2,0.0,160.63010450999067,0.8454216026841614,1.1023647647529915,0.9285714285714286,8.964285714285714,28
wearable,heart_rate_eps2.0,p_gated_uniform,2.0,8,3,8.0,4,2,0.0,90.90000999649332,0.4784211052447017,1.1004363457851196,0.9285714285714286,8.964285714285714,28
wearable,heart_rate_eps2.0,p_gated_uniform,2.0,8,3,16.0,4,2,0.0,78.28648942479734,0.4120341548673544,0.7717718671039189,0.9285714285714286,8.964285714285714,28
wearable,heart_rate_eps2.0,p_gated_uniform,2.0,8,4,,4,2,0.0,78.16958120793186,0.41141884846279925,0.7279684224884302,0.9259259259259259,9.25925925925926,27
wearable,heart_rate_eps2.0,p_gated_uniform,2.0,8,4,4.0,4,2,0.0,175.70437012780343,0.9247598427779128,1.0594954465346056,0.9259259259259259,9.25925925925926,27
wearable,heart_rate_eps2.0,p_gated_uniform,2.0,8,4,8.0,4,2,0.0,91.2502692082092,0.4802645747800484,1.0594954465346056,0.9259259259259259,9.25925925925926,27
wearable,heart_rate_eps2.0,p_gated_uniform,2.0,8,4,16.0,4,2,0.0,78.16958120793186,0.41141884846279925,0.7279684224884302,0.9259259259259259,9.25925925925926,27
wearable,heart_rate_eps2.0,p_gated_uniform,2.0,8,6,,4,2,0.0,78.16958120793186,0.41141884846279925,0.7279684224884302,0.9259259259259259,9.25925925925926,27
wearable,heart_rate_eps2.0,p_gated_uniform,2.0,8,6,8.0,4,2,0.0,91.2502692082092,0.4802645747800484,1.0594954465346056,0.9259259259259259,9.25925925925926,27
wearable,heart_rate_eps2.0,p_gated_uniform,2.0,8,6,16.0,4,2,0.0,78.16958120793186,0.41141884846279925,0.7279684224884302,0.9259259259259259,9.25925925925926,27
wearable,heart_rate_eps2.0,p_gated_uniform,2.0,8,1,,4,4,0.0,155.10006732854765,0.8163161438344614,0.20901090763310193,1.0,8.433333333333334,30
wearable,heart_rate_eps2.0,p_gated_uniform,2.0,8,1,4.0,4,4,0.0,231.9541080747281,1.2208110951301478,0.47987993362722875,1.0,8.433333333333334,30
wearable,heart_rate_eps2.0,p_gated_uniform,2.0,8,1,8.0,4,4,0.0,166.87268652879726,0.8782772975199856,0.24886096786100378,1.0,8.433333333333334,30
wearable,heart_rate_eps2.0,p_gated_uniform,2.0,8,1,16.0,4,4,0.0,155.10006732854765,0.8163161438344614,0.20901090763310193,1.0,8.433333333333334,30
wearable,heart_rate_eps2.0,p_gated_uniform,2.0,8,2,,4,4,0.0,74.92674131839297,0.3943512700968051,0.7717718671039189,0.9629629629629629,9.25925925925926,27
wearable,heart_rate_eps2.0,p_gated_uniform,2.0,8,2,4.0,4,4,0.0,160.32011992526012,0.8437901048697901,1.1023647647529915,0.9629629629629629,9.25925925925926,27
wearable,heart_rate_eps2.0,p_gated_uniform,2.0,8,2,8.0,4,4,0.0,88.00742931867029,0.46319699641405415,1.1004363457851196,0.9629629629629629,9.25925925925926,27
wearable,heart_rate_eps2.0,p_gated_uniform,2.0,8,2,16.0,4,4,0.0,74.92674131839297,0.3943512700968051,0.7717718671039189,0.9629629629629629,9.25925925925926,27
wearable,heart_rate_eps2.0,p_gated_uniform,2.0,8,3,,4,4,0.0,74.92674131839297,0.3943512700968051,0.7717718671039189,0.9629629629629629,9.25925925925926,27
wearable,heart_rate_eps2.0,p_gated_uniform,2.0,8,3,4.0,4,4,0.0,160.32011992526012,0.8437901048697901,1.1023647647529915,0.9629629629629629,9.25925925925926,27
wearable,heart_rate_eps2.0,p_gated_uniform,2.0,8,3,8.0,4,4,0.0,88.00742931867029,0.46319699641405415,1.1004363457851196,0.9629629629629629,9.25925925925926,27
wearable,heart_rate_eps2.0,p_gated_uniform,2.0,8,3,16.0,4,4,0.0,74.92674131839297,0.3943512700968051,0.7717718671039189,0.9629629629629629,9.25925925925926,27
wearable,heart_rate_eps2.0,p_gated_uniform,2.0,8,4,,4,4,0.0,72.27794613517253,0.3804102428166975,0.7279684224884302,0.9615384615384616,9.576923076923077,26
wearable,heart_rate_eps2.0,p_gated_uniform,2.0,8,4,4.0,4,4,0.0,167.25987927405612,0.8803151540739795,1.0594954465346056,0.9615384615384616,9.576923076923077,26
wearable,heart_rate_eps2.0,p_gated_uniform,2.0,8,4,8.0,4,4,0.0,85.86173752007592,0.4519038816846101,1.0594954465346056,0.9615384615384616,9.576923076923077,26
wearable,heart_rate_eps2.0,p_gated_uniform,2.0,8,4,16.0,4,4,0.0,72.27794613517253,0.3804102428166975,0.7279684224884302,0.9615384615384616,9.576923076923077,26
wearable,heart_rate_eps2.0,p_gated_uniform,2.0,8,6,,4,4,0.0,72.27794613517253,0.3804102428166975,0.7279684224884302,0.9615384615384616,9.576923076923077,26
wearable,heart_rate_eps2.0,p_gated_uniform,2.0,8,6,8.0,4,4,0.0,85.86173752007592,0.4519038816846101,1.0594954465346056,0.9615384615384616,9.576923076923077,26
wearable,heart_rate_eps2.0,p_gated_uniform,2.0,8,6,16.0,4,4,0.0,72.27794613517253,0.3804102428166975,0.7279684224884302,0.9615384615384616,9.576923076923077,26
wearable,heart_rate_eps2.0,p_gated_sample,2.0,8,1,,1,0,0.0,18.593448249913095,0.09786025394691103,0.13970505167043767,0.12605042016806722,8.403361344537815,119
wearable,heart_rate_eps2.0,p_gated_sample,2.0,8,1,4.0,1,0,0.0,25.14176886965482,0.13232509931397274,0.5017482004590645,0.12605042016806722,8.403361344537815,119
wearable,heart_rate_eps2.0,p_gated_sample,2.0,8,1,8.0,1,0,0.0,19.330808556378,0.10174109766514736,0.13970505167043767,0.12605042016806722,8.403361344537815,119
wearable,heart_rate_eps2.0,p_gated_sample,2.0,8,1,16.0,1,0,0.0,18.593448249913095,0.09786025394691103,0.13970505167043767,0.12605042016806722,8.403361344537815,119
wearable,heart_rate_eps2.0,p_gated_sample,2.0,8,2,,1,0,0.0,17.34170666410744,0.09127214033740759,0.2842350296696988,0.1092436974789916,8.403361344537815,119
wearable,heart_rate_eps2.0,p_gated_sample,2.0,8,2,4.0,1,0,0.0,24.942770324142113,0.1312777385481164,0.2560407813906333,0.1092436974789916,8.403361344537815,119
wearable,heart_rate_eps2.0,p_gated_sample,2.0,8,2,8.0,1,0,0.0,18.07906697057234,0.0951529840556439,0.18268567205630037,0.1092436974789916,8.403361344537815,119
wearable,heart_rate_eps2.0,p_gated_sample,2.0,8,2,16.0,1,0,0.0,17.34170666410744,0.09127214033740759,0.2842350296696988,0.1092436974789916,8.403361344537815,119
wearable,heart_rate_eps2.0,p_gated_sample,2.0,8,3,,1,0,0.0,17.34170666410744,0.09127214033740759,0.2842350296696988,0.1092436974789916,8.403361344537815,119
wearable,heart_rate_eps2.0,p_gated_sample,2.0,8,3,4.0,1,0,0.0,24.942770324142113,0.1312777385481164,0.2560407813906333,0.1092436974789916,8.403361344537815,119
wearable,heart_rate_eps2.0,p_gated_sample,2.0,8,3,8.0,1,0,0.0,18.07906697057234,0.0951529840556439,0.18268567205630037,0.1092436974789916,8.403361344537815,119
wearable,heart_rate_eps2.0,p_gated_sample,2.0,8,3,16.0,1,0,0.0,17.34170666410744,0.09127214033740759,0.2842350296696988,0.1092436974789916,8.403361344537815,119
wearable,heart_rate_eps2.0,p_gated_sample,2.0,8,4,,1,0,0.0,17.34170666410744,0.09127214033740759,0.2842350296696988,0.1092436974789916,8.403361344537815,119
wearable,heart_rate_eps2.0,p_gated_sample,2.0,8,4,4.0,1,0,0.0,24.942770324142113,0.1312777385481164,0.2560407813906333,0.1092436974789916,8.403361344537815,119
wearable,heart_rate_eps2.0,p_gated_sample,2.0,8,4,8.0,1,0,0.0,18.07906697057234,0.0951529840556439,0.18268567205630037,0.1092436974789916,8.403361344537815,119
wearable,heart_rate_eps2.0,p_gated_sample,2.0,8,4,16.0,1,0,0.0,17.34170666410744,0.09127214033740759,0.2842350296696988,0.1092436974789916,8.403361344537815,119
wearable,heart_rate_eps2.0,p_gated_sample,2.0,8,6,,1,0,0.0,17.34170666410744,0.09127214033740759,0.2842350296696988,0.1092436974789916,8.403361344537815,119
wearable,heart_rate_eps2.0,p_gated_sample,2.0,8,6,8.0,1,0,0.0,18.07906697057234,0.0951529840556439,0.18268567205630037,0.1092436974789916,8.403361344537815,119
wearable,heart_rate_eps2.0,p_gated_sample,2.0,8,6,16.0,1,0,0.0,17.34170666410744,0.09127214033740759,0.2842350296696988,0.1092436974789916,8.403361344537815,119
wearable,heart_rate_eps2.0,p_gated_sample,2.0,8,1,,1,2,0.0,18.593448249913095,0.09786025394691103,0.13970505167043767,0.12605042016806722,8.403361344537815,119
wearable,heart_rate_eps2.0,p_gated_sample,2.0,8,1,4.0,1,2,0.0,25.14176886965482,0.13232509931397274,0.5017482004590645,0.12605042016806722,8.403361344537815,119
wearable,heart_rate_eps2.0,p_gated_sample,2.0,8,1,8.0,1,2,0.0,19.330808556378,0.10174109766514736,0.13970505167043767,0.12605042016806722,8.403361344537815,119
wearable,heart_rate_eps2.0,p_gated_sample,2.0,8,1,16.0,1,2,0.0,18.593448249913095,0.09786025394691103,0.13970505167043767,0.12605042016806722,8.403361344537815,119
wearable,heart_rate_eps2.0,p_gated_sample,2.0,8,2,,1,2,0.0,15.066772151697881,0.0792988007984099,0.2842350296696988,0.11926605504587157,9.082568807339449,109
wearable,heart_rate_eps2.0,p_gated_sample,2.0,8,2,4.0,1,2,0.0,22.529308395756686,0.11857530734608783,0.2560407813906333,0.11926605504587157,9.082568807339449,109
wearable,heart_rate_eps2.0,p_gated_sample,2.0,8,2,8.0,1,2,0.0,15.87178019270085,0.08353568522474132,0.18268567205630037,0.11926605504587157,9.082568807339449,109
wearable,heart_rate_eps2.0,p_gated_sample,2.0,8,2,16.0,1,2,0.0,15.066772151697881,0.0792988007984099,0.2842350296696988,0.11926605504587157,9.082568807339449,109
wearable,heart_rate_eps2.0,p_gated_sample,2.0,8,3,,1,2,0.0,14.879426159610341,0.07831276926110706,0.2842350296696988,0.12149532710280374,9.214953271028037,107
wearable,heart_rate_eps2.0,p_gated_sample,2.0,8,3,4.0,1,2,0.0,22.29309609162753,0.11733208469277646,0.2560407813906333,0.12149532710280374,9.214953271028037,107
wearable,heart_rate_eps2.0,p_gated_sample,2.0,8,3,8.0,1,2,0.0,15.6994810798844,0.08262884778886527,0.18268567205630037,0.12149532710280374,9.214953271028037,107
wearable,heart_rate_eps2.0,p_gated_sample,2.0,8,3,16.0,1,2,0.0,14.879426159610341,0.07831276926110706,0.2842350296696988,0.12149532710280374,9.214953271028037,107
wearable,heart_rate_eps2.0,p_gated_sample,2.0,8,4,,1,2,0.0,14.818233458230726,0.07799070241174066,0.2842350296696988,0.12149532710280374,9.214953271028037,107
wearable,heart_rate_eps2.0,p_gated_sample,2.0,8,4,4.0,1,2,0.0,22.303554480590602,0.1173871288452137,0.2560407813906333,0.12149532710280374,9.214953271028037,107
wearable,heart_rate_eps2.0,p_gated_sample,2.0,8,4,8.0,1,2,0.0,15.638288378504784,0.08230678093949886,0.18268567205630037,0.12149532710280374,9.214953271028037,107
wearable,heart_rate_eps2.0,p_gated_sample,2.0,8,4,16.0,1,2,0.0,14.818233458230726,0.07799070241174066,0.2842350296696988,0.12149532710280374,9.214953271028037,107
wearable,heart_rate_eps2.0,p_gated_sample,2.0,8,6,,1,2,0.0,15.00920266996785,0.07899580352614657,0.2842350296696988,0.12264150943396226,9.273584905660377,106
wearable,heart_rate_eps2.0,p_gated_sample,2.0,8,6,8.0,1,2,0.0,15.836993957414302,0.08335259977586475,0.18268567205630037,0.12264150943396226,9.273584905660377,106
wearable,heart_rate_eps2.0,p_gated_sample,2.0,8,6,16.0,1,2,0.0,15.00920266996785,0.07899580352614657,0.2842350296696988,0.12264150943396226,9.273584905660377,106
wearable,heart_rate_eps2.0,p_gated_sample,2.0,8,1,,1,4,0.0,18.593448249913095,0.09786025394691103,0.13970505167043767,0.12605042016806722,8.403361344537815,119
wearable,heart_rate_eps2.0,p_gated_sample,2.0,8,1,4.0,1,4,0.0,25.14176886965482,0.13232509931397274,0.5017482004590645,0.12605042016806722,8.403361344537815,119
wearable,heart_rate_eps2.0,p_gated_sample,2.0,8,1,8.0,1,4,0.0,19.330808556378,0.10174109766514736,0.13970505167043767,0.12605042016806722,8.403361344537815,119
wearable,heart_rate_eps2.0,p_gated_sample,2.0,8,1,16.0,1,4,0.0,18.593448249913095,0.09786025394691103,0.13970505167043767,0.12605042016806722,8.403361344537815,119
wearable,heart_rate_eps2.0,p_gated_sample,2.0,8,2,,1,4,0.0,14.823351393255201,0.07801763891186948,0.2842350296696988,0.12149532710280374,9.233644859813085,107
wearable,heart_rate_eps2.0,p_gated_sample,2.0,8,2,4.0,1,4,0.0,22.368485499727218,0.11772887105119588,0.2560407813906333,0.12149532710280374,9.233644859813085,107
wearable,heart_rate_eps2.0,p_gated_sample,2.0,8,2,8.0,1,4,0.0,15.643406313529255,0.08233371743962765,0.18268567205630037,0.12149532710280374,9.233644859813085,107
wearable,heart_rate_eps2.0,p_gated_sample,2.0,8,2,16.0,1,4,0.0,14.823351393255201,0.07801763891186948,0.2842350296696988,0.12149532710280374,9.233644859813085,107
wearable,heart_rate_eps2.0,p_gated_sample,2.0,8,3,,1,4,0.0,14.531494594396571,0.07648155049682406,0.2842350296696988,0.12380952380952381,9.371428571428572,105
wearable,heart_rate_eps2.0,p_gated_sample,2.0,8,3,4.0,1,4,0.0,22.061389064558295,0.11611257402399103,0.2560407813906333,0.12380952380952381,9.371428571428572,105
wearable,heart_rate_eps2.0,p_gated_sample,2.0,8,3,8.0,1,4,0.0,15.367169608390132,0.08087984004415859,0.18268567205630037,0.12380952380952381,9.371428571428572,105
wearable,heart_rate_eps2.0,p_gated_sample,2.0,8,3,16.0,1,4,0.0,14.531494594396571,0.07648155049682406,0.2842350296696988,0.12380952380952381,9.371428571428572,105
wearable,heart_rate_eps2.0,p_gated_sample,2.0,8,4,,1,4,0.0,14.290593414807896,0.0752136495516205,0.2842350296696988,0.125,9.442307692307692,104
wearable,heart_rate_eps2.0,p_gated_sample,2.0,8,4,4.0,1,4,0.0,22.002398078122276,0.11580209514801199,0.2560407813906333,0.125,9.442307692307692,104
wearable,heart_rate_eps2.0,p_gated_sample,2.0,8,4,8.0,1,4,0.0,15.134303765474472,0.07965423034460249,0.18268567205630037,0.125,9.442307692307692,104
wearable,heart_rate_eps2.0,p_gated_sample,2.0,8,4,16.0,1,4,0.0,14.290593414807896,0.0752136495516205,0.2842350296696988,0.125,9.442307692307692,104
wearable,heart_rate_eps2.0,p_gated_sample,2.0,8,6,,1,4,0.0,14.416565175812849,0.07587665882006762,0.2842350296696988,0.1262135922330097,9.504854368932039,103
wearable,heart_rate_eps2.0,p_gated_sample,2.0,8,6,8.0,1,4,0.0,15.268466889107259,0.08036035204793295,0.18268567205630037,0.1262135922330097,9.504854368932039,103
wearable,heart_rate_eps2.0,p_gated_sample,2.0,8,6,16.0,1,4,0.0,14.416565175812849,0.07587665882006762,0.2842350296696988,0.1262135922330097,9.504854368932039,103
wearable,heart_rate_eps2.0,p_gated_sample,2.0,8,1,,2,0,0.0,11.23333750299856,0.05912282896315032,0.18739825910677604,0.13333333333333333,8.383333333333333,60
wearable,heart_rate_eps2.0,p_gated_sample,2.0,8,1,4.0,2,0,0.0,19.001885861034182,0.10000992558439044,0.3112332218410575,0.13333333333333333,8.383333333333333,60
wearable,heart_rate_eps2.0,p_gated_sample,2.0,8,1,8.0,2,0,0.0,12.154860546029228,0.0639729502422591,0.3212838971579303,0.13333333333333333,8.383333333333333,60
wearable,heart_rate_eps2.0,p_gated_sample,2.0,8,1,16.0,2,0,0.0,11.23333750299856,0.05912282896315032,0.18739825910677604,0.13333333333333333,8.383333333333333,60
wearable,heart_rate_eps2.0,p_gated_sample,2.0,8,2,,2,0,0.0,11.485590640929527,0.06045047705752382,0.17967271641451626,0.11666666666666667,8.383333333333333,60
wearable,heart_rate_eps2.0,p_gated_sample,2.0,8,2,4.0,2,0,0.0,19.399098083182597,0.10210051622727682,0.4023345952612114,0.11666666666666667,8.383333333333333,60
wearable,heart_rate_eps2.0,p_gated_sample,2.0,8,2,8.0,2,0,0.0,12.407113683960194,0.0653005983366326,0.3588856224747193,0.11666666666666667,8.383333333333333,60
wearable,heart_rate_eps2.0,p_gated_sample,2.0,8,2,16.0,2,0,0.0,11.485590640929527,0.06045047705752382,0.17967271641451626,0.11666666666666667,8.383333333333333,60
wearable,heart_rate_eps2.0,p_gated_sample,2.0,8,3,,2,0,0.0,11.485590640929527,0.06045047705752382,0.17967271641451626,0.11666666666666667,8.383333333333333,60
wearable,heart_rate_eps2.0,p_gated_sample,2.0,8,3,4.0,2,0,0.0,19.399098083182597,0.10210051622727682,0.4023345952612114,0.11666666666666667,8.383333333333333,60
wearable,heart_rate_eps2.0,p_gated_sample,2.0,8,3,8.0,2,0,0.0,12.407113683960194,0.0653005983366326,0.3588856224747193,0.11666666666666667,8.383333333333333,60
wearable,heart_rate_eps2.0,p_gated_sample,2.0,8,3,16.0,2,0,0.0,11.485590640929527,0.06045047705752382,0.17967271641451626,0.11666666666666667,8.383333333333333,60
wearable,heart_rate_eps2.0,p_gated_sample,2.0,8,4,,2,0,0.0,11.485590640929527,0.06045047705752382,0.17967271641451626,0.11666666666666667,8.383333333333333,60
wearable,heart_rate_eps2.0,p_gated_sample,2.0,8,4,4.0,2,0,0.0,19.399098083182597,0.10210051622727682,0.4023345952612114,0.11666666666666667,8.383333333333333,60
wearable,heart_rate_eps2.0,p_gated_sample,2.0,8,4,8.0,2,0,0.0,12.407113683960194,0.0653005983366326,0.3588856224747193,0.11666666666666667,8.383333333333333,60
wearable,heart_rate_eps2.0,p_gated_sample,2.0,8,4,16.0,2,0,0.0,11.485590640929527,0.06045047705752382,0.17967271641451626,0.11666666666666667,8.383333333333333,60
wearable,heart_rate_eps2.0,p_gated_sample,2.0,8,6,,2,0,0.0,11.485590640929527,0.06045047705752382,0.17967271641451626,0.11666666666666667,8.383333333333333,60
wearable,heart_rate_eps2.0,p_gated_sample,2.0,8,6,8.0,2,0,0.0,12.407113683960194,0.0653005983366326,0.3588856224747193,0.11666666666666667,8.383333333333333,60
wearable,heart_rate_eps2.0,p_gated_sample,2.0,8,6,16.0,2,0,0.0,11.485590640929527,0.06045047705752382,0.17967271641451626,0.11666666666666667,8.383333333333333,60
wearable,heart_rate_eps2.0,p_gated_sample,2.0,8,1,,2,2,0.0,11.23333750299856,0.05912282896315032,0.18739825910677604,0.13333333333333333,8.383333333333333,60
wearable,heart_rate_eps2.0,p_gated_sample,2.0,8,1,4.0,2,2,0.0,19.001885861034182,0.10000992558439044,0.3112332218410575,0.13333333333333333,8.383333333333333,60
wearable,heart_rate_eps2.0,p_gated_sample,2.0,8,1,8.0,2,2,0.0,12.154860546029228,0.0639729502422591,0.3212838971579303,0.13333333333333333,8.383333333333333,60
wearable,heart_rate_eps2.0,p_gated_sample,2.0,8,1,16.0,2,2,0.0,11.23333750299856,0.05912282896315032,0.18739825910677604,0.13333333333333333,8.383333333333333,60
wearable,heart_rate_eps2.0,p_gated_sample,2.0,8,2,,2,2,0.0,11.06069492490106,0.05821418381526874,0.1772546571954185,0.12727272727272726,9.054545454545455,55
wearable,heart_rate_eps2.0,p_gated_sample,2.0,8,2,4.0,2,2,0.0,19.930817908805697,0.10489904162529314,1.2418095802243907,0.12727272727272726,9.054545454545455,55
wearable,heart_rate_eps2.0,p_gated_sample,2.0,8,2,8.0,2,2,0.0,12.065992790025424,0.06350522521066013,0.9565466230480277,0.12727272727272726,9.054545454545455,55
wearable,heart_rate_eps2.0,p_gated_sample,2.0,8,2,16.0,2,2,0.0,11.06069492490106,0.05821418381526874,0.1772546571954185,0.12727272727272726,9.054545454545455,55
wearable,heart_rate_eps2.0,p_gated_sample,2.0,8,3,,2,2,0.0,10.444209137005483,0.05496952177371307,0.7926689035676983,0.12962962962962962,9.203703703703704,54
wearable,heart_rate_eps2.0,p_gated_sample,2.0,8,3,4.0,2,2,0.0,19.462864536705546,0.1024361291405555,1.0816049616325993,0.12962962962962962,9.203703703703704,54
wearable,heart_rate_eps2.0,p_gated_sample,2.0,8,3,8.0,2,2,0.0,11.468123629261779,0.06035854541716726,0.7748712137200362,0.12962962962962962,9.203703703703704,54
wearable,heart_rate_eps2.0,p_gated_sample,2.0,8,3,16.0,2,2,0.0,10.444209137005483,0.05496952177371307,0.7926689035676983,0.12962962962962962,9.203703703703704,54
wearable,heart_rate_eps2.0,p_gated_sample,2.0,8,4,,2,2,0.0,10.671868388911593,0.05616772836269259,0.1499399847162377,0.12962962962962962,9.185185185185185,54
wearable,heart_rate_eps2.0,p_gated_sample,2.0,8,4,4.0,2,2,0.0,19.464654435859458,0.1024455496624182,0.9844517956192086,0.12962962962962962,9.185185185185185,54
wearable,heart_rate_eps2.0,p_gated_sample,2.0,8,4,8.0,2,2,0.0,11.695782881167888,0.061556752006146784,0.980779818288917,0.12962962962962962,9.185185185185185,54
wearable,heart_rate_eps2.0,p_gated_sample,2.0,8,4,16.0,2,2,0.0,10.671868388911593,0.05616772836269259,0.1499399847162377,0.12962962962962962,9.185185185185185,54
wearable,heart_rate_eps2.0,p_gated_sample,2.0,8,6,,2,2,0.0,10.671868388911593,0.05616772836269259,0.1499399847162377,0.12962962962962962,9.185185185185185,54
wearable,heart_rate_eps2.0,p_gated_sample,2.0,8,6,8.0,2,2,0.0,11.695782881167888,0.061556752006146784,0.980779818288917,0.12962962962962962,9.185185185185185,54
wearable,heart_rate_eps2.0,p_gated_sample,2.0,8,6,16.0,2,2,0.0,10.671868388911593,0.05616772836269259,0.1499399847162377,0.12962962962962962,9.185185185185185,54
wearable,heart_rate_eps2.0,p_gated_sample,2.0,8,1,,2,4,0.0,11.23333750299856,0.05912282896315032,0.18739825910677604,0.13333333333333333,8.383333333333333,60
wearable,heart_rate_eps2.0,p_gated_sample,2.0,8,1,4.0,2,4,0.0,19.001885861034182,0.10000992558439044,0.3112332218410575,0.13333333333333333,8.383333333333333,60
wearable,heart_rate_eps2.0,p_gated_sample,2.0,8,1,8.0,2,4,0.0,12.154860546029228,0.0639729502422591,0.3212838971579303,0.13333333333333333,8.383333333333333,60
wearable,heart_rate_eps2.0,p_gated_sample,2.0,8,1,16.0,2,4,0.0,11.23333750299856,0.05912282896315032,0.18739825910677604,0.13333333333333333,8.383333333333333,60
wearable,heart_rate_eps2.0,p_gated_sample,2.0,8,2,,2,4,0.0,10.947604198733877,0.05761896946702041,0.820843885370197,0.12962962962962962,9.203703703703704,54
wearable,heart_rate_eps2.0,p_gated_sample,2.0,8,2,4.0,2,4,0.0,19.931691697199373,0.10490364051157565,1.1837562060493123,0.12962962962962962,9.203703703703704,54
wearable,heart_rate_eps2.0,p_gated_sample,2.0,8,2,8.0,2,4,0.0,11.971518690990173,0.0630079931104746,0.8593003678304005,0.12962962962962962,9.203703703703704,54
wearable,heart_rate_eps2.0,p_gated_sample,2.0,8,2,16.0,2,4,0.0,10.947604198733877,0.05761896946702041,0.820843885370197,0.12962962962962962,9.203703703703704,54
wearable,heart_rate_eps2.0,p_gated_sample,2.0,8,3,,2,4,0.0,10.28692959412464,0.05414173470591916,0.8913571758757629,0.1320754716981132,9.358490566037736,53
wearable,heart_rate_eps2.0,p_gated_sample,2.0,8,3,4.0,2,4,0.0,19.491774200063418,0.10258828526349167,1.1519473575667034,0.1320754716981132,9.358490566037736,53
wearable,heart_rate_eps2.0,p_gated_sample,2.0,8,3,8.0,2,4,0.0,11.330163227744261,0.059632438040759274,0.74947430350101,0.1320754716981132,9.358490566037736,53
wearable,heart_rate_eps2.0,p_gated_sample,2.0,8,3,16.0,2,4,0.0,10.28692959412464,0.05414173470591916,0.8913571758757629,0.1320754716981132,9.358490566037736,53
wearable,heart_rate_eps2.0,p_gated_sample,2.0,8,4,,2,4,0.0,10.275289830309113,0.05408047279110059,0.7960865070316627,0.1346153846153846,9.5,52
wearable,heart_rate_eps2.0,p_gated_sample,2.0,8,4,4.0,2,4,0.0,19.573520437775105,0.10301852861986897,1.0988291821801095,0.1346153846153846,9.5,52
wearable,heart_rate_eps2.0,p_gated_sample,2.0,8,4,8.0,2,4,0.0,11.338585649190652,0.05967676657468764,0.7265985699091979,0.1346153846153846,9.5,52
wearable,heart_rate_eps2.0,p_gated_sample,2.0,8,4,16.0,2,4,0.0,10.275289830309113,0.05408047279110059,0.7960865070316627,0.1346153846153846,9.5,52
wearable,heart_rate_eps2.0,p_gated_sample,2.0,8,6,,2,4,0.0,10.275289830309113,0.05408047279110059,0.7960865070316627,0.1346153846153846,9.5,52
wearable,heart_rate_eps2.0,p_gated_sample,2.0,8,6,8.0,2,4,0.0,11.338585649190652,0.05967676657468764,0.7265985699091979,0.1346153846153846,9.5,52
wearable,heart_rate_eps2.0,p_gated_sample,2.0,8,6,16.0,2,4,0.0,10.275289830309113,0.05408047279110059,0.7960865070316627,0.1346153846153846,9.5,52
wearable,heart_rate_eps2.0,p_gated_sample,2.0,8,1,,4,0,0.0,13.208276296924787,0.0695172436680252,0.9216103623034549,0.13333333333333333,8.433333333333334,30
wearable,heart_rate_eps2.0,p_gated_sample,2.0,8,1,4.0,4,0,0.0,25.90130086251291,0.13632263611848902,1.083335655121944,0.13333333333333333,8.433333333333334,30
wearable,heart_rate_eps2.0,p_gated_sample,2.0,8,1,8.0,4,0,0.0,14.863346522923989,0.07822813959433678,0.843077499498647,0.13333333333333333,8.433333333333334,30
wearable,heart_rate_eps2.0,p_gated_sample,2.0,8,1,16.0,4,0,0.0,13.208276296924787,0.0695172436680252,0.9216103623034549,0.13333333333333333,8.433333333333334,30
wearable,heart_rate_eps2.0,p_gated_sample,2.0,8,2,,4,0,0.0,13.208276296924787,0.0695172436680252,0.9216103623034549,0.13333333333333333,8.433333333333334,30
wearable,heart_rate_eps2.0,p_gated_sample,2.0,8,2,4.0,4,0,0.0,25.90130086251291,0.13632263611848902,1.083335655121944,0.13333333333333333,8.433333333333334,30
wearable,heart_rate_eps2.0,p_gated_sample,2.0,8,2,8.0,4,0,0.0,14.863346522923989,0.07822813959433678,0.843077499498647,0.13333333333333333,8.433333333333334,30
wearable,heart_rate_eps2.0,p_gated_sample,2.0,8,2,16.0,4,0,0.0,13.208276296924787,0.0695172436680252,0.9216103623034549,0.13333333333333333,8.433333333333334,30
wearable,heart_rate_eps2.0,p_gated_sample,2.0,8,3,,4,0,0.0,13.208276296924787,0.0695172436680252,0.9216103623034549,0.13333333333333333,8.433333333333334,30
wearable,heart_rate_eps2.0,p_gated_sample,2.0,8,3,4.0,4,0,0.0,25.90130086251291,0.13632263611848902,1.083335655121944,0.13333333333333333,8.433333333333334,30
wearable,heart_rate_eps2.0,p_gated_sample,2.0,8,3,8.0,4,0,0.0,14.863346522923989,0.07822813959433678,0.843077499498647,0.13333333333333333,8.433333333333334,30
wearable,heart_rate_eps2.0,p_gated_sample,2.0,8,3,16.0,4,0,0.0,13.208276296924787,0.0695172436680252,0.9216103623034549,0.13333333333333333,8.433333333333334,30
wearable,heart_rate_eps2.0,p_gated_sample,2.0,8,4,,4,0,0.0,13.208276296924787,0.0695172436680252,0.9216103623034549,0.13333333333333333,8.433333333333334,30
wearable,heart_rate_eps2.0,p_gated_sample,2.0,8,4,4.0,4,0,0.0,25.90130086251291,0.13632263611848902,1.083335655121944,0.13333333333333333,8.433333333333334,30
wearable,heart_rate_eps2.0,p_gated_sample,2.0,8,4,8.0,4,0,0.0,14.863346522923989,0.07822813959433678,0.843077499498647,0.13333333333333333,8.433333333333334,30
wearable,heart_rate_eps2.0,p_gated_sample,2.0,8,4,16.0,4,0,0.0,13.208276296924787,0.0695172436680252,0.9216103623034549,0.13333333333333333,8.433333333333334,30
wearable,heart_rate_eps2.0,p_gated_sample,2.0,8,6,,4,0,0.0,13.208276296924787,0.0695172436680252,0.9216103623034549,0.13333333333333333,8.433333333333334,30
wearable,heart_rate_eps2.0,p_gated_sample,2.0,8,6,8.0,4,0,0.0,14.863346522923989,0.07822813959433678,0.843077499498647,0.13333333333333333,8.433333333333334,30
wearable,heart_rate_eps2.0,p_gated_sample,2.0,8,6,16.0,4,0,0.0,13.208276296924787,0.0695172436680252,0.9216103623034549,0.13333333333333333,8.433333333333334,30
wearable,heart_rate_eps2.0,p_gated_sample,2.0,8,1,,4,2,0.0,13.208276296924787,0.0695172436680252,0.9216103623034549,0.13333333333333333,8.433333333333334,30
wearable,heart_rate_eps2.0,p_gated_sample,2.0,8,1,4.0,4,2,0.0,25.90130086251291,0.13632263611848902,1.083335655121944,0.13333333333333333,8.433333333333334,30
wearable,heart_rate_eps2.0,p_gated_sample,2.0,8,1,8.0,4,2,0.0,14.863346522923989,0.07822813959433678,0.843077499498647,0.13333333333333333,8.433333333333334,30
wearable,heart_rate_eps2.0,p_gated_sample,2.0,8,1,16.0,4,2,0.0,13.208276296924787,0.0695172436680252,0.9216103623034549,0.13333333333333333,8.433333333333334,30
wearable,heart_rate_eps2.0,p_gated_sample,2.0,8,2,,4,2,0.0,13.401841178022181,0.07053600620011674,1.0785942868268668,0.14285714285714285,8.964285714285714,28
wearable,heart_rate_eps2.0,p_gated_sample,2.0,8,2,4.0,4,2,0.0,26.07244405936061,0.13722338978610849,1.0127958485381061,0.14285714285714285,8.964285714285714,28
wearable,heart_rate_eps2.0,p_gated_sample,2.0,8,2,8.0,4,2,0.0,15.17513070587847,0.07986910897830773,0.9949947877120713,0.14285714285714285,8.964285714285714,28
wearable,heart_rate_eps2.0,p_gated_sample,2.0,8,2,16.0,4,2,0.0,13.401841178022181,0.07053600620011674,1.0785942868268668,0.14285714285714285,8.964285714285714,28
wearable,heart_rate_eps2.0,p_gated_sample,2.0,8,3,,4,2,0.0,13.401841178022181,0.07053600620011674,1.0785942868268668,0.14285714285714285,8.964285714285714,28
wearable,heart_rate_eps2.0,p_gated_sample,2.0,8,3,4.0,4,2,0.0,26.07244405936061,0.13722338978610849,1.0127958485381061,0.14285714285714285,8.964285714285714,28
wearable,heart_rate_eps2.0,p_gated_sample,2.0,8,3,8.0,4,2,0.0,15.17513070587847,0.07986910897830773,0.9949947877120713,0.14285714285714285,8.964285714285714,28
wearable,heart_rate_eps2.0,p_gated_sample,2.0,8,3,16.0,4,2,0.0,13.401841178022181,0.07053600620011674,1.0785942868268668,0.14285714285714285,8.964285714285714,28
wearable,heart_rate_eps2.0,p_gated_sample,2.0,8,4,,4,2,0.0,12.435233985534362,0.06544859992386506,1.1374137297681117,0.14814814814814814,9.25925925925926,27
wearable,heart_rate_eps2.0,p_gated_sample,2.0,8,4,4.0,4,2,0.0,25.093380375622953,0.13207042302959449,1.0451455376836323,0.14814814814814814,9.25925925925926,27
wearable,heart_rate_eps2.0,p_gated_sample,2.0,8,4,8.0,4,2,0.0,14.274200903311252,0.07512737317532238,1.330419138522178,0.14814814814814814,9.25925925925926,27
wearable,heart_rate_eps2.0,p_gated_sample,2.0,8,4,16.0,4,2,0.0,12.435233985534362,0.06544859992386506,1.1374137297681117,0.14814814814814814,9.25925925925926,27
wearable,heart_rate_eps2.0,p_gated_sample,2.0,8,6,,4,2,0.0,12.435233985534362,0.06544859992386506,1.1374137297681117,0.14814814814814814,9.25925925925926,27
wearable,heart_rate_eps2.0,p_gated_sample,2.0,8,6,8.0,4,2,0.0,14.274200903311252,0.07512737317532238,1.330419138522178,0.14814814814814814,9.25925925925926,27
wearable,heart_rate_eps2.0,p_gated_sample,2.0,8,6,16.0,4,2,0.0,12.435233985534362,0.06544859992386506,1.1374137297681117,0.14814814814814814,9.25925925925926,27
wearable,heart_rate_eps2.0,p_gated_sample,2.0,8,1,,4,4,0.0,13.208276296924787,0.0695172436680252,0.9216103623034549,0.13333333333333333,8.433333333333334,30
wearable,heart_rate_eps2.0,p_gated_sample,2.0,8,1,4.0,4,4,0.0,25.90130086251291,0.13632263611848902,1.083335655121944,0.13333333333333333,8.433333333333334,30
wearable,heart_rate_eps2.0,p_gated_sample,2.0,8,1,8.0,4,4,0.0,14.863346522923989,0.07822813959433678,0.843077499498647,0.13333333333333333,8.433333333333334,30
wearable,heart_rate_eps2.0,p_gated_sample,2.0,8,1,16.0,4,4,0.0,13.208276296924787,0.0695172436680252,0.9216103623034549,0.13333333333333333,8.433333333333334,30
wearable,heart_rate_eps2.0,p_gated_sample,2.0,8,2,,4,4,0.0,12.356290803323205,0.06503310949117476,1.2138688864732954,0.14814814814814814,9.25925925925926,27
wearable,heart_rate_eps2.0,p_gated_sample,2.0,8,2,4.0,4,4,0.0,25.014437193411798,0.1316549325969042,1.0451455376836323,0.14814814814814814,9.25925925925926,27
wearable,heart_rate_eps2.0,p_gated_sample,2.0,8,2,8.0,4,4,0.0,14.195257721100097,0.07471188274263209,1.330419138522178,0.14814814814814814,9.25925925925926,27
wearable,heart_rate_eps2.0,p_gated_sample,2.0,8,2,16.0,4,4,0.0,12.356290803323205,0.06503310949117476,1.2138688864732954,0.14814814814814814,9.25925925925926,27
wearable,heart_rate_eps2.0,p_gated_sample,2.0,8,3,,4,4,0.0,12.356290803323205,0.06503310949117476,1.2138688864732954,0.14814814814814814,9.25925925925926,27
wearable,heart_rate_eps2.0,p_gated_sample,2.0,8,3,4.0,4,4,0.0,25.014437193411798,0.1316549325969042,1.0451455376836323,0.14814814814814814,9.25925925925926,27
wearable,heart_rate_eps2.0,p_gated_sample,2.0,8,3,8.0,4,4,0.0,14.195257721100097,0.07471188274263209,1.330419138522178,0.14814814814814814,9.25925925925926,27
wearable,heart_rate_eps2.0,p_gated_sample,2.0,8,3,16.0,4,4,0.0,12.356290803323205,0.06503310949117476,1.2138688864732954,0.14814814814814814,9.25925925925926,27
wearable,heart_rate_eps2.0,p_gated_sample,2.0,8,4,,4,4,0.0,11.753924587835417,0.06186276098860746,1.2210854905081843,0.15384615384615385,9.576923076923077,26
wearable,heart_rate_eps2.0,p_gated_sample,2.0,8,4,4.0,4,4,0.0,24.398656295039572,0.12841398050020827,0.9615309160018276,0.15384615384615385,9.576923076923077,26
wearable,heart_rate_eps2.0,p_gated_sample,2.0,8,4,8.0,4,4,0.0,13.663621002449881,0.07191379474973622,1.3486729594498343,0.15384615384615385,9.576923076923077,26
wearable,heart_rate_eps2.0,p_gated_sample,2.0,8,4,16.0,4,4,0.0,11.753924587835417,0.06186276098860746,1.2210854905081843,0.15384615384615385,9.576923076923077,26
wearable,heart_rate_eps2.0,p_gated_sample,2.0,8,6,,4,4,0.0,11.753924587835417,0.06186276098860746,1.2210854905081843,0.15384615384615385,9.576923076923077,26
wearable,heart_rate_eps2.0,p_gated_sample,2.0,8,6,8.0,4,4,0.0,13.663621002449881,0.07191379474973622,1.3486729594498343,0.15384615384615385,9.576923076923077,26
wearable,heart_rate_eps2.0,p_gated_sample,2.0,8,6,16.0,4,4,0.0,11.753924587835417,0.06186276098860746,1.2210854905081843,0.15384615384615385,9.576923076923077,26
wearable,heart_rate_eps2.0,p_gated_ba,2.0,8,1,,1,0,0.0,377.75499998590817,1.9881842104521483,0.2807502111789052,0.4957983193277311,8.403361344537815,119
wearable,heart_rate_eps2.0,p_gated_ba,2.0,8,1,4.0,1,0,0.0,545.966134342549,2.8735059702239423,0.6407311653122353,0.5966386554621849,8.403361344537815,119
wearable,heart_rate_eps2.0,p_gated_ba,2.0,8,1,8.0,1,0,0.0,405.04607272639436,2.1318214354020757,0.2812834230343476,0.5462184873949579,8.403361344537815,119
wearable,heart_rate_eps2.0,p_gated_ba,2.0,8,1,16.0,1,0,0.0,377.75499998590817,1.9881842104521483,0.2807502111789052,0.4957983193277311,8.403361344537815,119
wearable,heart_rate_eps2.0,p_gated_ba,2.0,8,2,,1,0,0.0,149.9362337499473,0.7891380723681436,0.4388209426094543,0.42016806722689076,8.403361344537815,119
wearable,heart_rate_eps2.0,p_gated_ba,2.0,8,2,4.0,1,0,0.0,295.981175260893,1.557795659267858,0.4072415249924473,0.48739495798319327,8.403361344537815,119
wearable,heart_rate_eps2.0,p_gated_ba,2.0,8,2,8.0,1,0,0.0,238.10002436797006,1.2531580229893162,0.5078163745784504,0.453781512605042,8.403361344537815,119
wearable,heart_rate_eps2.0,p_gated_ba,2.0,8,2,16.0,1,0,0.0,149.9362337499473,0.7891380723681436,0.4388209426094543,0.42016806722689076,8.403361344537815,119
wearable,heart_rate_eps2.0,p_gated_ba,2.0,8,3,,1,0,0.0,149.9362337499473,0.7891380723681436,0.41328570052086705,0.42016806722689076,8.403361344537815,119
wearable,heart_rate_eps2.0,p_gated_ba,2.0,8,3,4.0,1,0,0.0,236.31881892566477,1.2437832575034988,0.6536632956809313,0.46218487394957986,8.403361344537815,119
wearable,heart_rate_eps2.0,p_gated_ba,2.0,8,3,8.0,1,0,0.0,141.2317562184502,0.7433250327286852,0.5581939162719695,0.44537815126050423,8.403361344537815,119
wearable,heart_rate_eps2.0,p_gated_ba,2.0,8,3,16.0,1,0,0.0,149.9362337499473,0.7891380723681436,0.41328570052086705,0.42016806722689076,8.403361344537815,119
wearable,heart_rate_eps2.0,p_gated_ba,2.0,8,4,,1,0,0.0,107.06496996982852,0.563499841946466,0.4081560138614731,0.4117647058823529,8.403361344537815,119
wearable,heart_rate_eps2.0,p_gated_ba,2.0,8,4,4.0,1,0,0.0,236.31881892566477,1.2437832575034988,0.6636407487427515,0.46218487394957986,8.403361344537815,119
wearable,heart_rate_eps2.0,p_gated_ba,2.0,8,4,8.0,1,0,0.0,141.2317562184502,0.7433250327286852,0.5479372903453988,0.44537815126050423,8.403361344537815,119
wearable,heart_rate_eps2.0,p_gated_ba,2.0,8,4,16.0,1,0,0.0,107.06496996982852,0.563499841946466,0.4081560138614731,0.4117647058823529,8.403361344537815,119
wearable,heart_rate_eps2.0,p_gated_ba,2.0,8,6,,1,0,0.0,107.06496996982852,0.563499841946466,0.3981761002562525,0.4117647058823529,8.403361344537815,119
wearable,heart_rate_eps2.0,p_gated_ba,2.0,8,6,8.0,1,0,0.0,141.2317562184502,0.7433250327286852,0.5375959759681512,0.44537815126050423,8.403361344537815,119
wearable,heart_rate_eps2.0,p_gated_ba,2.0,8,6,16.0,1,0,0.0,107.06496996982852,0.563499841946466,0.3981761002562525,0.4117647058823529,8.403361344537815,119
wearable,heart_rate_eps2.0,p_gated_ba,2.0,8,1,,1,2,0.0,377.75499998590817,1.9881842104521483,0.2807502111789052,0.4957983193277311,8.403361344537815,119
wearable,heart_rate_eps2.0,p_gated_ba,2.0,8,1,4.0,1,2,0.0,545.966134342549,2.8735059702239423,0.6407311653122353,0.5966386554621849,8.403361344537815,119
wearable,heart_rate_eps2.0,p_gated_ba,2.0,8,1,8.0,1,2,0.0,405.04607272639436,2.1318214354020757,0.2812834230343476,0.5462184873949579,8.403361344537815,119
wearable,heart_rate_eps2.0,p_gated_ba,2.0,8,1,16.0,1,2,0.0,377.75499998590817,1.9881842104521483,0.2807502111789052,0.4957983193277311,8.403361344537815,119
wearable,heart_rate_eps2.0,p_gated_ba,2.0,8,2,,1,2,0.0,124.57221478556284,0.6556432357134886,0.4388209426094543,0.45871559633027525,9.082568807339449,109
wearable,heart_rate_eps2.0,p_gated_ba,2.0,8,2,4.0,1,2,0.0,312.04541707743005,1.6423443004075267,0.4072415249924473,0.5321100917431193,9.082568807339449,109
wearable,heart_rate_eps2.0,p_gated_ba,2.0,8,2,8.0,1,2,0.0,174.57160783357065,0.9187979359661613,0.5078163745784504,0.4954128440366973,9.082568807339449,109
wearable,heart_rate_eps2.0,p_gated_ba,2.0,8,2,16.0,1,2,0.0,124.57221478556284,0.6556432357134886,0.4388209426094543,0.45871559633027525,9.082568807339449,109
wearable,heart_rate_eps2.0,p_gated_ba,2.0,8,3,,1,2,0.0,119.48439249878076,0.6288652236777935,0.41328570052086705,0.4672897196261682,9.214953271028037,107
wearable,heart_rate_eps2.0,p_gated_ba,2.0,8,3,4.0,1,2,0.0,252.5760486607817,1.32934762453043,0.6536632956809313,0.514018691588785,9.214953271028037,107
wearable,heart_rate_eps2.0,p_gated_ba,2.0,8,3,8.0,1,2,0.0,134.06188237282066,0.705588854593793,0.5581939162719695,0.4953271028037383,9.214953271028037,107
wearable,heart_rate_eps2.0,p_gated_ba,2.0,8,3,16.0,1,2,0.0,119.48439249878076,0.6288652236777935,0.41328570052086705,0.4672897196261682,9.214953271028037,107
wearable,heart_rate_eps2.0,p_gated_ba,2.0,8,4,,1,2,0.0,101.8851955038257,0.5362378710727669,0.4081560138614731,0.45794392523364486,9.214953271028037,107
wearable,heart_rate_eps2.0,p_gated_ba,2.0,8,4,4.0,1,2,0.0,252.60920397898371,1.3295221262051775,0.6636407487427515,0.514018691588785,9.214953271028037,107
wearable,heart_rate_eps2.0,p_gated_ba,2.0,8,4,8.0,1,2,0.0,134.0287270546186,0.7054143529190453,0.5479372903453988,0.4953271028037383,9.214953271028037,107
wearable,heart_rate_eps2.0,p_gated_ba,2.0,8,4,16.0,1,2,0.0,101.8851955038257,0.5362378710727669,0.4081560138614731,0.45794392523364486,9.214953271028037,107
wearable,heart_rate_eps2.0,p_gated_ba,2.0,8,6,,1,2,0.0,101.30065086506629,0.5331613203424541,0.3981761002562525,0.46226415094339623,9.273584905660377,106
wearable,heart_rate_eps2.0,p_gated_ba,2.0,8,6,8.0,1,2,0.0,133.25489994019756,0.7013415786326187,0.5375959759681512,0.5,9.273584905660377,106
wearable,heart_rate_eps2.0,p_gated_ba,2.0,8,6,16.0,1,2,0.0,101.30065086506629,0.5331613203424541,0.3981761002562525,0.46226415094339623,9.273584905660377,106
wearable,heart_rate_eps2.0,p_gated_ba,2.0,8,1,,1,4,0.0,377.75499998590817,1.9881842104521483,0.2807502111789052,0.4957983193277311,8.403361344537815,119
wearable,heart_rate_eps2.0,p_gated_ba,2.0,8,1,4.0,1,4,0.0,545.966134342549,2.8735059702239423,0.6407311653122353,0.5966386554621849,8.403361344537815,119
wearable,heart_rate_eps2.0,p_gated_ba,2.0,8,1,8.0,1,4,0.0,405.04607272639436,2.1318214354020757,0.2812834230343476,0.5462184873949579,8.403361344537815,119
wearable,heart_rate_eps2.0,p_gated_ba,2.0,8,1,16.0,1,4,0.0,377.75499998590817,1.9881842104521483,0.2807502111789052,0.4957983193277311,8.403361344537815,119
wearable,heart_rate_eps2.0,p_gated_ba,2.0,8,2,,1,4,0.0,118.9304984177839,0.6259499916725468,0.4388209426094543,0.4672897196261682,9.233644859813085,107
wearable,heart_rate_eps2.0,p_gated_ba,2.0,8,2,4.0,1,4,0.0,315.6185848833514,1.661150446754481,0.4072415249924473,0.5420560747663551,9.233644859813085,107
wearable,heart_rate_eps2.0,p_gated_ba,2.0,8,2,8.0,1,4,0.0,160.44098808105943,0.8444262530582075,0.5078163745784504,0.5046728971962616,9.233644859813085,107
wearable,heart_rate_eps2.0,p_gated_ba,2.0,8,2,16.0,1,4,0.0,118.9304984177839,0.6259499916725468,0.4388209426094543,0.4672897196261682,9.233644859813085,107
wearable,heart_rate_eps2.0,p_gated_ba,2.0,8,3,,1,4,0.0,113.57139920424827,0.5977442063381487,0.41328570052086705,0.47619047619047616,9.371428571428572,105
wearable,heart_rate_eps2.0,p_gated_ba,2.0,8,3,4.0,1,4,0.0,255.80783755783816,1.3463570397780955,0.6536632956809313,0.5238095238095238,9.371428571428572,105
wearable,heart_rate_eps2.0,p_gated_ba,2.0,8,3,8.0,1,4,0.0,132.54659403266734,0.6976136528035123,0.5581939162719695,0.5047619047619047,9.371428571428572,105
wearable,heart_rate_eps2.0,p_gated_ba,2.0,8,3,16.0,1,4,0.0,113.57139920424827,0.5977442063381487,0.41328570052086705,0.47619047619047616,9.371428571428572,105
wearable,heart_rate_eps2.0,p_gated_ba,2.0,8,4,,1,4,0.0,100.2661528767033,0.5277165940879122,0.4081560138614731,0.47115384615384615,9.442307692307692,104
wearable,heart_rate_eps2.0,p_gated_ba,2.0,8,4,4.0,1,4,0.0,257.40652223084317,1.3547711696360167,0.6636407487427515,0.5288461538461539,9.442307692307692,104
wearable,heart_rate_eps2.0,p_gated_ba,2.0,8,4,8.0,1,4,0.0,131.83091685768466,0.6938469308299192,0.5479372903453988,0.5096153846153846,9.442307692307692,104
wearable,heart_rate_eps2.0,p_gated_ba,2.0,8,4,16.0,1,4,0.0,100.2661528767033,0.5277165940879122,0.4081560138614731,0.47115384615384615,9.442307692307692,104
wearable,heart_rate_eps2.0,p_gated_ba,2.0,8,6,,1,4,0.0,99.82465241816554,0.5253929074640291,0.3981761002562525,0.47572815533980584,9.504854368932039,103
wearable,heart_rate_eps2.0,p_gated_ba,2.0,8,6,8.0,1,4,0.0,131.1890017390503,0.6904684302055278,0.5375959759681512,0.5145631067961165,9.504854368932039,103
wearable,heart_rate_eps2.0,p_gated_ba,2.0,8,6,16.0,1,4,0.0,99.82465241816554,0.5253929074640291,0.3981761002562525,0.47572815533980584,9.504854368932039,103
wearable,heart_rate_eps2.0,p_gated_ba,2.0,8,1,,2,0,0.0,312.4225663882572,1.6443292967803012,0.056861904450983186,0.5333333333333333,8.383333333333333,60
wearable,heart_rate_eps2.0,p_gated_ba,2.0,8,1,4.0,2,0,0.0,456.8630097430878,2.404542156542567,0.2761923664786484,0.5666666666666667,8.383333333333333,60
wearable,heart_rate_eps2.0,p_gated_ba,2.0,8,1,8.0,2,0,0.0,369.43174820346053,1.9443776221234765,0.2761923664786484,0.5666666666666667,8.383333333333333,60
wearable,heart_rate_eps2.0,p_gated_ba,2.0,8,1,16.0,2,0,0.0,312.4225663882572,1.6443292967803012,0.056861904450983186,0.5333333333333333,8.383333333333333,60
wearable,heart_rate_eps2.0,p_gated_ba,2.0,8,2,,2,0,0.0,110.3968081698125,0.5810358324726974,0.31845795662906,0.4166666666666667,8.383333333333333,60
wearable,heart_rate_eps2.0,p_gated_ba,2.0,8,2,4.0,2,0,0.0,211.93809628951638,1.1154636646816651,0.4777983883144601,0.43333333333333335,8.383333333333333,60
wearable,heart_rate_eps2.0,p_gated_ba,2.0,8,2,8.0,2,0,0.0,124.50683474988912,0.6552991302625744,0.37694457541773174,0.43333333333333335,8.383333333333333,60
wearable,heart_rate_eps2.0,p_gated_ba,2.0,8,2,16.0,2,0,0.0,110.3968081698125,0.5810358324726974,0.31845795662906,0.4166666666666667,8.383333333333333,60
wearable,heart_rate_eps2.0,p_gated_ba,2.0,8,3,,2,0,0.0,73.74423869662647,0.3881275720875077,0.34292930775489716,0.4,8.383333333333333,60
wearable,heart_rate_eps2.0,p_gated_ba,2.0,8,3,4.0,2,0,0.0,211.93809628951638,1.1154636646816651,0.4590242509646685,0.43333333333333335,8.383333333333333,60
wearable,heart_rate_eps2.0,p_gated_ba,2.0,8,3,8.0,2,0,0.0,124.50683474988912,0.6552991302625744,0.4011735552330331,0.43333333333333335,8.383333333333333,60
wearable,heart_rate_eps2.0,p_gated_ba,2.0,8,3,16.0,2,0,0.0,73.74423869662647,0.3881275720875077,0.34292930775489716,0.4,8.383333333333333,60
wearable,heart_rate_eps2.0,p_gated_ba,2.0,8,4,,2,0,0.0,73.74423869662647,0.3881275720875077,0.3522527181540113,0.4,8.383333333333333,60
wearable,heart_rate_eps2.0,p_gated_ba,2.0,8,4,4.0,2,0,0.0,182.41152951786677,0.960060681672983,0.44038454890106155,0.4166666666666667,8.383333333333333,60
wearable,heart_rate_eps2.0,p_gated_ba,2.0,8,4,8.0,2,0,0.0,93.5521724107487,0.4923798547934142,0.38182268641783,0.4166666666666667,8.383333333333333,60
wearable,heart_rate_eps2.0,p_gated_ba,2.0,8,4,16.0,2,0,0.0,73.74423869662647,0.3881275720875077,0.3522527181540113,0.4,8.383333333333333,60
wearable,heart_rate_eps2.0,p_gated_ba,2.0,8,6,,2,0,0.0,73.74423869662647,0.3881275720875077,0.3522527181540113,0.4,8.383333333333333,60
wearable,heart_rate_eps2.0,p_gated_ba,2.0,8,6,8.0,2,0,0.0,93.5521724107487,0.4923798547934142,0.38182268641783,0.4166666666666667,8.383333333333333,60
wearable,heart_rate_eps2.0,p_gated_ba,2.0,8,6,16.0,2,0,0.0,73.74423869662647,0.3881275720875077,0.3522527181540113,0.4,8.383333333333333,60
wearable,heart_rate_eps2.0,p_gated_ba,2.0,8,1,,2,2,0.0,312.4225663882572,1.6443292967803012,0.056861904450983186,0.5333333333333333,8.383333333333333,60
wearable,heart_rate_eps2.0,p_gated_ba,2.0,8,1,4.0,2,2,0.0,456.8630097430878,2.404542156542567,0.2761923664786484,0.5666666666666667,8.383333333333333,60
wearable,heart_rate_eps2.0,p_gated_ba,2.0,8,1,8.0,2,2,0.0,369.43174820346053,1.9443776221234765,0.2761923664786484,0.5666666666666667,8.383333333333333,60
wearable,heart_rate_eps2.0,p_gated_ba,2.0,8,1,16.0,2,2,0.0,312.4225663882572,1.6443292967803012,0.056861904450983186,0.5333333333333333,8.383333333333333,60
wearable,heart_rate_eps2.0,p_gated_ba,2.0,8,2,,2,2,0.0,96.32983920011246,0.5069991536848024,0.31845795662906,0.45454545454545453,9.054545454545455,55
wearable,heart_rate_eps2.0,p_gated_ba,2.0,8,2,4.0,2,2,0.0,212.5435716994817,1.1186503773656933,0.4777983883144601,0.4727272727272727,9.054545454545455,55
wearable,heart_rate_eps2.0,p_gated_ba,2.0,8,2,8.0,2,2,0.0,117.16401365625198,0.6166527034539578,0.37694457541773174,0.4727272727272727,9.054545454545455,55
wearable,heart_rate_eps2.0,p_gated_ba,2.0,8,2,16.0,2,2,0.0,96.32983920011246,0.5069991536848024,0.31845795662906,0.45454545454545453,9.054545454545455,55
wearable,heart_rate_eps2.0,p_gated_ba,2.0,8,3,,2,2,0.0,77.76209929544984,0.40927420681815707,0.34292930775489716,0.4444444444444444,9.203703703703704,54
wearable,heart_rate_eps2.0,p_gated_ba,2.0,8,3,4.0,2,2,0.0,212.02966500046168,1.1159456052655878,0.4590242509646685,0.48148148148148145,9.203703703703704,54
wearable,heart_rate_eps2.0,p_gated_ba,2.0,8,3,8.0,2,2,0.0,114.88381884532026,0.6046516781332646,0.4011735552330331,0.48148148148148145,9.203703703703704,54
wearable,heart_rate_eps2.0,p_gated_ba,2.0,8,3,16.0,2,2,0.0,77.76209929544984,0.40927420681815707,0.34292930775489716,0.4444444444444444,9.203703703703704,54
wearable,heart_rate_eps2.0,p_gated_ba,2.0,8,4,,2,2,0.0,78.25539334707724,0.41187049130040654,0.3522527181540113,0.4444444444444444,9.185185185185185,54
wearable,heart_rate_eps2.0,p_gated_ba,2.0,8,4,4.0,2,2,0.0,198.42173428855762,1.0443249173081979,0.44038454890106155,0.46296296296296297,9.185185185185185,54
wearable,heart_rate_eps2.0,p_gated_ba,2.0,8,4,8.0,2,2,0.0,100.42401326376934,0.528547438230365,0.38182268641783,0.46296296296296297,9.185185185185185,54
wearable,heart_rate_eps2.0,p_gated_ba,2.0,8,4,16.0,2,2,0.0,78.25539334707724,0.41187049130040654,0.3522527181540113,0.4444444444444444,9.185185185185185,54
wearable,heart_rate_eps2.0,p_gated_ba,2.0,8,6,,2,2,0.0,78.25539334707724,0.41187049130040654,0.3522527181540113,0.4444444444444444,9.185185185185185,54
wearable,heart_rate_eps2.0,p_gated_ba,2.0,8,6,8.0,2,2,0.0,100.42401326376934,0.528547438230365,0.38182268641783,0.46296296296296297,9.185185185185185,54
wearable,heart_rate_eps2.0,p_gated_ba,2.0,8,6,16.0,2,2,0.0,78.25539334707724,0.41187049130040654,0.3522527181540113,0.4444444444444444,9.185185185185185,54
wearable,heart_rate_eps2.0,p_gated_ba,2.0,8,1,,2,4,0.0,312.4225663882572,1.6443292967803012,0.056861904450983186,0.5333333333333333,8.383333333333333,60
wearable,heart_rate_eps2.0,p_gated_ba,2.0,8,1,4.0,2,4,0.0,456.8630097430878,2.404542156542567,0.2761923664786484,0.5666666666666667,8.383333333333333,60
wearable,heart_rate_eps2.0,p_gated_ba,2.0,8,1,8.0,2,4,0.0,369.43174820346053,1.9443776221234765,0.2761923664786484,0.5666666666666667,8.383333333333333,60
wearable,heart_rate_eps2.0,p_gated_ba,2.0,8,1,16.0,2,4,0.0,312.4225663882572,1.6443292967803012,0.056861904450983186,0.5333333333333333,8.383333333333333,60
wearable,heart_rate_eps2.0,p_gated_ba,2.0,8,2,,2,4,0.0,93.02421646610507,0.48960113929528987,0.31845795662906,0.46296296296296297,9.203703703703704,54
wearable,heart_rate_eps2.0,p_gated_ba,2.0,8,2,4.0,2,4,0.0,212.49849216095552,1.118413116636608,0.4777983883144601,0.48148148148148145,9.203703703703704,54
wearable,heart_rate_eps2.0,p_gated_ba,2.0,8,2,8.0,2,4,0.0,115.3526460058141,0.6071191895042847,0.37694457541773174,0.48148148148148145,9.203703703703704,54
wearable,heart_rate_eps2.0,p_gated_ba,2.0,8,2,16.0,2,4,0.0,93.02421646610507,0.48960113929528987,0.31845795662906,0.46296296296296297,9.203703703703704,54
wearable,heart_rate_eps2.0,p_gated_ba,2.0,8,3,,2,4,0.0,78.8490010244541,0.4149947422339689,0.34292930775489716,0.4528301886792453,9.358490566037736,53
wearable,heart_rate_eps2.0,p_gated_ba,2.0,8,3,4.0,2,4,0.0,211.94483819240406,1.1154991483810741,0.4590242509646685,0.49056603773584906,9.358490566037736,53
wearable,heart_rate_eps2.0,p_gated_ba,2.0,8,3,8.0,2,4,0.0,112.96605154376938,0.5945581660198388,0.4011735552330331,0.49056603773584906,9.358490566037736,53
wearable,heart_rate_eps2.0,p_gated_ba,2.0,8,3,16.0,2,4,0.0,78.8490010244541,0.4149947422339689,0.34292930775489716,0.4528301886792453,9.358490566037736,53
wearable,heart_rate_eps2.0,p_gated_ba,2.0,8,4,,2,4,0.0,80.05562020852273,0.4213453695185407,0.3522527181540113,0.46153846153846156,9.5,52
wearable,heart_rate_eps2.0,p_gated_ba,2.0,8,4,4.0,2,4,0.0,204.50837173215402,1.0763598512218633,0.44038454890106155,0.4807692307692308,9.5,52
wearable,heart_rate_eps2.0,p_gated_ba,2.0,8,4,8.0,2,4,0.0,103.0768793527799,0.5425098913304205,0.38182268641783,0.4807692307692308,9.5,52
wearable,heart_rate_eps2.0,p_gated_ba,2.0,8,4,16.0,2,4,0.0,80.05562020852273,0.4213453695185407,0.3522527181540113,0.46153846153846156,9.5,52
wearable,heart_rate_eps2.0,p_gated_ba,2.0,8,6,,2,4,0.0,80.05562020852273,0.4213453695185407,0.3522527181540113,0.46153846153846156,9.5,52
wearable,heart_rate_eps2.0,p_gated_ba,2.0,8,6,8.0,2,4,0.0,103.0768793527799,0.5425098913304205,0.38182268641783,0.4807692307692308,9.5,52
wearable,heart_rate_eps2.0,p_gated_ba,2.0,8,6,16.0,2,4,0.0,80.05562020852273,0.4213453695185407,0.3522527181540113,0.46153846153846156,9.5,52
wearable,heart_rate_eps2.0,p_gated_ba,2.0,8,1,,4,0,0.0,187.9366655184553,0.9891403448339753,0.19019707229509006,0.4666666666666667,8.433333333333334,30
wearable,heart_rate_eps2.0,p_gated_ba,2.0,8,1,4.0,4,0,0.0,285.12099406649435,1.500636810876286,0.7681979313082544,0.4666666666666667,8.433333333333334,30
wearable,heart_rate_eps2.0,p_gated_ba,2.0,8,1,8.0,4,0,0.0,201.8074441716166,1.0621444430085083,0.17735922592558695,0.4666666666666667,8.433333333333334,30
wearable,heart_rate_eps2.0,p_gated_ba,2.0,8,1,16.0,4,0,0.0,187.9366655184553,0.9891403448339753,0.19019707229509006,0.4666666666666667,8.433333333333334,30
wearable,heart_rate_eps2.0,p_gated_ba,2.0,8,2,,4,0,0.0,91.09322445851771,0.4794380234658827,0.31481699539733204,0.36666666666666664,8.433333333333334,30
wearable,heart_rate_eps2.0,p_gated_ba,2.0,8,2,4.0,4,0,0.0,201.39438818920158,1.0599704641536924,0.31481699539733204,0.36666666666666664,8.433333333333334,30
wearable,heart_rate_eps2.0,p_gated_ba,2.0,8,2,8.0,4,0,0.0,104.964003111679,0.5524421216404158,0.31481699539733204,0.36666666666666664,8.433333333333334,30
wearable,heart_rate_eps2.0,p_gated_ba,2.0,8,2,16.0,4,0,0.0,91.09322445851771,0.4794380234658827,0.31481699539733204,0.36666666666666664,8.433333333333334,30
wearable,heart_rate_eps2.0,p_gated_ba,2.0,8,3,,4,0,0.0,91.09322445851771,0.4794380234658827,0.31481699539733204,0.36666666666666664,8.433333333333334,30
wearable,heart_rate_eps2.0,p_gated_ba,2.0,8,3,4.0,4,0,0.0,201.39438818920158,1.0599704641536924,0.31481699539733204,0.36666666666666664,8.433333333333334,30
wearable,heart_rate_eps2.0,p_gated_ba,2.0,8,3,8.0,4,0,0.0,104.964003111679,0.5524421216404158,0.31481699539733204,0.36666666666666664,8.433333333333334,30
wearable,heart_rate_eps2.0,p_gated_ba,2.0,8,3,16.0,4,0,0.0,91.09322445851771,0.4794380234658827,0.31481699539733204,0.36666666666666664,8.433333333333334,30
wearable,heart_rate_eps2.0,p_gated_ba,2.0,8,4,,4,0,0.0,91.09322445851771,0.4794380234658827,0.2785955559810229,0.36666666666666664,8.433333333333334,30
wearable,heart_rate_eps2.0,p_gated_ba,2.0,8,4,4.0,4,0,0.0,201.39438818920158,1.0599704641536924,0.2785955559810229,0.36666666666666664,8.433333333333334,30
wearable,heart_rate_eps2.0,p_gated_ba,2.0,8,4,8.0,4,0,0.0,104.964003111679,0.5524421216404158,0.2785955559810229,0.36666666666666664,8.433333333333334,30
wearable,heart_rate_eps2.0,p_gated_ba,2.0,8,4,16.0,4,0,0.0,91.09322445851771,0.4794380234658827,0.2785955559810229,0.36666666666666664,8.433333333333334,30
wearable,heart_rate_eps2.0,p_gated_ba,2.0,8,6,,4,0,0.0,91.09322445851771,0.4794380234658827,0.2785955559810229,0.36666666666666664,8.433333333333334,30
wearable,heart_rate_eps2.0,p_gated_ba,2.0,8,6,8.0,4,0,0.0,104.964003111679,0.5524421216404158,0.2785955559810229,0.36666666666666664,8.433333333333334,30
wearable,heart_rate_eps2.0,p_gated_ba,2.0,8,6,16.0,4,0,0.0,91.09322445851771,0.4794380234658827,0.2785955559810229,0.36666666666666664,8.433333333333334,30
wearable,heart_rate_eps2.0,p_gated_ba,2.0,8,1,,4,2,0.0,187.9366655184553,0.9891403448339753,0.19019707229509006,0.4666666666666667,8.433333333333334,30
wearable,heart_rate_eps2.0,p_gated_ba,2.0,8,1,4.0,4,2,0.0,285.12099406649435,1.500636810876286,0.7681979313082544,0.4666666666666667,8.433333333333334,30
wearable,heart_rate_eps2.0,p_gated_ba,2.0,8,1,8.0,4,2,0.0,201.8074441716166,1.0621444430085083,0.17735922592558695,0.4666666666666667,8.433333333333334,30
wearable,heart_rate_eps2.0,p_gated_ba,2.0,8,1,16.0,4,2,0.0,187.9366655184553,0.9891403448339753,0.19019707229509006,0.4666666666666667,8.433333333333334,30
wearable,heart_rate_eps2.0,p_gated_ba,2.0,8,2,,4,2,0.0,88.71958699641925,0.46694519471799606,0.31481699539733204,0.39285714285714285,8.964285714285714,28
wearable,heart_rate_eps2.0,p_gated_ba,2.0,8,2,4.0,4,2,0.0,199.87252928859223,1.0519606804662749,0.31481699539733204,0.39285714285714285,8.964285714285714,28
wearable,heart_rate_eps2.0,p_gated_ba,2.0,8,2,8.0,4,2,0.0,103.58113555337778,0.5451638713335673,0.31481699539733204,0.39285714285714285,8.964285714285714,28
wearable,heart_rate_eps2.0,p_gated_ba,2.0,8,2,16.0,4,2,0.0,88.71958699641925,0.46694519471799606,0.31481699539733204,0.39285714285714285,8.964285714285714,28
wearable,heart_rate_eps2.0,p_gated_ba,2.0,8,3,,4,2,0.0,88.71958699641925,0.46694519471799606,0.31481699539733204,0.39285714285714285,8.964285714285714,28
wearable,heart_rate_eps2.0,p_gated_ba,2.0,8,3,4.0,4,2,0.0,199.87252928859223,1.0519606804662749,0.31481699539733204,0.39285714285714285,8.964285714285714,28
wearable,heart_rate_eps2.0,p_gated_ba,2.0,8,3,8.0,4,2,0.0,103.58113555337778,0.5451638713335673,0.31481699539733204,0.39285714285714285,8.964285714285714,28
wearable,heart_rate_eps2.0,p_gated_ba,2.0,8,3,16.0,4,2,0.0,88.71958699641925,0.46694519471799606,0.31481699539733204,0.39285714285714285,8.964285714285714,28
wearable,heart_rate_eps2.0,p_gated_ba,2.0,8,4,,4,2,0.0,86.3267562799337,0.4543513488417563,0.2785955559810229,0.4074074074074074,9.25925925925926,27
wearable,heart_rate_eps2.0,p_gated_ba,2.0,8,4,4.0,4,2,0.0,197.95290888404517,1.041857415179185,0.2785955559810229,0.4074074074074074,9.25925925925926,27
wearable,heart_rate_eps2.0,p_gated_ba,2.0,8,4,8.0,4,2,0.0,101.73873256122404,0.5354670134801265,0.2785955559810229,0.4074074074074074,9.25925925925926,27
wearable,heart_rate_eps2.0,p_gated_ba,2.0,8,4,16.0,4,2,0.0,86.3267562799337,0.4543513488417563,0.2785955559810229,0.4074074074074074,9.25925925925926,27
wearable,heart_rate_eps2.0,p_gated_ba,2.0,8,6,,4,2,0.0,86.3267562799337,0.4543513488417563,0.2785955559810229,0.4074074074074074,9.25925925925926,27
wearable,heart_rate_eps2.0,p_gated_ba,2.0,8,6,8.0,4,2,0.0,101.73873256122404,0.5354670134801265,0.2785955559810229,0.4074074074074074,9.25925925925926,27
wearable,heart_rate_eps2.0,p_gated_ba,2.0,8,6,16.0,4,2,0.0,86.3267562799337,0.4543513488417563,0.2785955559810229,0.4074074074074074,9.25925925925926,27
wearable,heart_rate_eps2.0,p_gated_ba,2.0,8,1,,4,4,0.0,187.9366655184553,0.9891403448339753,0.19019707229509006,0.4666666666666667,8.433333333333334,30
wearable,heart_rate_eps2.0,p_gated_ba,2.0,8,1,4.0,4,4,0.0,285.12099406649435,1.500636810876286,0.7681979313082544,0.4666666666666667,8.433333333333334,30
wearable,heart_rate_eps2.0,p_gated_ba,2.0,8,1,8.0,4,4,0.0,201.8074441716166,1.0621444430085083,0.17735922592558695,0.4666666666666667,8.433333333333334,30
wearable,heart_rate_eps2.0,p_gated_ba,2.0,8,1,16.0,4,4,0.0,187.9366655184553,0.9891403448339753,0.19019707229509006,0.4666666666666667,8.433333333333334,30
wearable,heart_rate_eps2.0,p_gated_ba,2.0,8,2,,4,4,0.0,86.24781309772256,0.4539358584090661,0.31481699539733204,0.4074074074074074,9.25925925925926,27
wearable,heart_rate_eps2.0,p_gated_ba,2.0,8,2,4.0,4,4,0.0,197.87396570183398,1.0414419247464946,0.31481699539733204,0.4074074074074074,9.25925925925926,27
wearable,heart_rate_eps2.0,p_gated_ba,2.0,8,2,8.0,4,4,0.0,101.65978937901289,0.5350515230474363,0.31481699539733204,0.4074074074074074,9.25925925925926,27
wearable,heart_rate_eps2.0,p_gated_ba,2.0,8,2,16.0,4,4,0.0,86.24781309772256,0.4539358584090661,0.31481699539733204,0.4074074074074074,9.25925925925926,27
wearable,heart_rate_eps2.0,p_gated_ba,2.0,8,3,,4,4,0.0,86.24781309772256,0.4539358584090661,0.31481699539733204,0.4074074074074074,9.25925925925926,27
wearable,heart_rate_eps2.0,p_gated_ba,2.0,8,3,4.0,4,4,0.0,197.87396570183398,1.0414419247464946,0.31481699539733204,0.4074074074074074,9.25925925925926,27
wearable,heart_rate_eps2.0,p_gated_ba,2.0,8,3,8.0,4,4,0.0,101.65978937901289,0.5350515230474363,0.31481699539733204,0.4074074074074074,9.25925925925926,27
wearable,heart_rate_eps2.0,p_gated_ba,2.0,8,3,16.0,4,4,0.0,86.24781309772256,0.4539358584090661,0.31481699539733204,0.4074074074074074,9.25925925925926,27
wearable,heart_rate_eps2.0,p_gated_ba,2.0,8,4,,4,4,0.0,84.10951385639109,0.4426816518757426,0.2785955559810229,0.4230769230769231,9.576923076923077,26
wearable,heart_rate_eps2.0,p_gated_ba,2.0,8,4,4.0,4,4,0.0,196.24527756566698,1.032869881924563,0.2785955559810229,0.4230769230769231,9.576923076923077,26
wearable,heart_rate_eps2.0,p_gated_ba,2.0,8,4,8.0,4,4,0.0,100.11425845619259,0.5269171497694347,0.2785955559810229,0.4230769230769231,9.576923076923077,26
wearable,heart_rate_eps2.0,p_gated_ba,2.0,8,4,16.0,4,4,0.0,84.10951385639109,0.4426816518757426,0.2785955559810229,0.4230769230769231,9.576923076923077,26
wearable,heart_rate_eps2.0,p_gated_ba,2.0,8,6,,4,4,0.0,84.10951385639109,0.4426816518757426,0.2785955559810229,0.4230769230769231,9.576923076923077,26
wearable,heart_rate_eps2.0,p_gated_ba,2.0,8,6,8.0,4,4,0.0,100.11425845619259,0.5269171497694347,0.2785955559810229,0.4230769230769231,9.576923076923077,26
wearable,heart_rate_eps2.0,p_gated_ba,2.0,8,6,16.0,4,4,0.0,84.10951385639109,0.4426816518757426,0.2785955559810229,0.4230769230769231,9.576923076923077,26
wearable,heart_rate_eps2.0,n_weighted,2.0,8,1,,1,0,0.0,164.968123689877,0.8682532825782999,0.2978748336759239,1.0,8.403361344537815,119
wearable,heart_rate_eps2.0,n_weighted,2.0,8,1,4.0,1,0,0.0,254.9494093134416,1.3418389963865347,0.3825230528724361,1.0,8.403361344537815,119
wearable,heart_rate_eps2.0,n_weighted,2.0,8,1,8.0,1,0,0.0,179.29294062536667,0.9436470559229825,0.32035464257397517,1.0,8.403361344537815,119
wearable,heart_rate_eps2.0,n_weighted,2.0,8,1,16.0,1,0,0.0,164.968123689877,0.8682532825782999,0.2978748336759239,1.0,8.403361344537815,119
wearable,heart_rate_eps2.0,n_weighted,2.0,8,2,,1,0,0.0,120.57884881992058,0.6346255201048452,0.5397107324926508,0.8739495798319328,8.403361344537815,119
wearable,heart_rate_eps2.0,n_weighted,2.0,8,2,4.0,1,0,0.0,210.56013444348523,1.10821123391308,0.7789647685299649,0.8739495798319328,8.403361344537815,119
wearable,heart_rate_eps2.0,n_weighted,2.0,8,2,8.0,1,0,0.0,134.90366575541026,0.7100192934495276,0.3225379023529757,0.8739495798319328,8.403361344537815,119
wearable,heart_rate_eps2.0,n_weighted,2.0,8,2,16.0,1,0,0.0,120.57884881992058,0.6346255201048452,0.5397107324926508,0.8739495798319328,8.403361344537815,119
wearable,heart_rate_eps2.0,n_weighted,2.0,8,3,,1,0,0.0,71.32560439071086,0.37539791784584664,0.31604503592014577,0.8487394957983193,8.403361344537815,119
wearable,heart_rate_eps2.0,n_weighted,2.0,8,3,4.0,1,0,0.0,161.3068900142755,0.8489836316540815,0.7469492943409063,0.8487394957983193,8.403361344537815,119
wearable,heart_rate_eps2.0,n_weighted,2.0,8,3,8.0,1,0,0.0,85.65042132620054,0.4507916911905292,0.35163502735380986,0.8487394957983193,8.403361344537815,119
wearable,heart_rate_eps2.0,n_weighted,2.0,8,3,16.0,1,0,0.0,71.32560439071086,0.37539791784584664,0.31604503592014577,0.8487394957983193,8.403361344537815,119
wearable,heart_rate_eps2.0,n_weighted,2.0,8,4,,1,0,0.0,129.27662124383835,0.6804032697044123,0.32293091422005754,0.8403361344537815,8.403361344537815,119
wearable,heart_rate_eps2.0,n_weighted,2.0,8,4,4.0,1,0,0.0,219.25790686740297,1.1539889835126471,0.7861122822809103,0.8403361344537815,8.403361344537815,119
wearable,heart_rate_eps2.0,n_weighted,2.0,8,4,8.0,1,0,0.0,143.60143817932806,0.755797043049095,0.3638054665731957,0.8403361344537815,8.403361344537815,119
wearable,heart_rate_eps2.0,n_weighted,2.0,8,4,16.0,1,0,0.0,129.27662124383835,0.6804032697044123,0.32293091422005754,0.8403361344537815,8.403361344537815,119
wearable,heart_rate_eps2.0,n_weighted,2.0,8,6,,1,0,0.0,97.97294984254155,0.5156471044344292,0.31384606758834627,0.8319327731092437,8.403361344537815,119
wearable,heart_rate_eps2.0,n_weighted,2.0,8,6,8.0,1,0,0.0,112.29776677803123,0.5910408777791117,0.3563877540616291,0.8319327731092437,8.403361344537815,119
wearable,heart_rate_eps2.0,n_weighted,2.0,8,6,16.0,1,0,0.0,97.97294984254155,0.5156471044344292,0.31384606758834627,0.8319327731092437,8.403361344537815,119
wearable,heart_rate_eps2.0,n_weighted,2.0,8,1,,1,2,0.0,164.968123689877,0.8682532825782999,0.2978748336759239,1.0,8.403361344537815,119
wearable,heart_rate_eps2.0,n_weighted,2.0,8,1,4.0,1,2,0.0,254.9494093134416,1.3418389963865347,0.3825230528724361,1.0,8.403361344537815,119
wearable,heart_rate_eps2.0,n_weighted,2.0,8,1,8.0,1,2,0.0,179.29294062536667,0.9436470559229825,0.32035464257397517,1.0,8.403361344537815,119
wearable,heart_rate_eps2.0,n_weighted,2.0,8,1,16.0,1,2,0.0,164.968123689877,0.8682532825782999,0.2978748336759239,1.0,8.403361344537815,119
wearable,heart_rate_eps2.0,n_weighted,2.0,8,2,,1,2,0.0,98.46447130946889,0.5182340595235205,0.5397107324926508,0.9541284403669725,9.082568807339449,109
wearable,heart_rate_eps2.0,n_weighted,2.0,8,2,4.0,1,2,0.0,196.7009207517092,1.0352680039563642,0.7789647685299649,0.9541284403669725,9.082568807339449,109
wearable,heart_rate_eps2.0,n_weighted,2.0,8,2,8.0,1,2,0.0,114.10349163353561,0.6005446928080822,0.3225379023529757,0.9541284403669725,9.082568807339449,109
wearable,heart_rate_eps2.0,n_weighted,2.0,8,2,16.0,1,2,0.0,98.46447130946889,0.5182340595235205,0.5397107324926508,0.9541284403669725,9.082568807339449,109
wearable,heart_rate_eps2.0,n_weighted,2.0,8,3,,1,2,0.0,74.80563258039034,0.39371385568626494,0.31604503592014577,0.9439252336448598,9.214953271028037,107
wearable,heart_rate_eps2.0,n_weighted,2.0,8,3,4.0,1,2,0.0,174.878277339308,0.9204119859963579,0.7469492943409063,0.9439252336448598,9.214953271028037,107
wearable,heart_rate_eps2.0,n_weighted,2.0,8,3,8.0,1,2,0.0,90.7369710413555,0.4775630054808184,0.35163502735380986,0.9439252336448598,9.214953271028037,107
wearable,heart_rate_eps2.0,n_weighted,2.0,8,3,16.0,1,2,0.0,74.80563258039034,0.39371385568626494,0.31604503592014577,0.9439252336448598,9.214953271028037,107
wearable,heart_rate_eps2.0,n_weighted,2.0,8,4,,1,2,0.0,99.30140697643202,0.5226389840864843,0.32293091422005754,0.9345794392523364,9.214953271028037,107
wearable,heart_rate_eps2.0,n_weighted,2.0,8,4,4.0,1,2,0.0,199.3740517353497,1.0493371143965773,0.7861122822809103,0.9345794392523364,9.214953271028037,107
wearable,heart_rate_eps2.0,n_weighted,2.0,8,4,8.0,1,2,0.0,115.23274543739718,0.6064881338810378,0.3638054665731957,0.9345794392523364,9.214953271028037,107
wearable,heart_rate_eps2.0,n_weighted,2.0,8,4,16.0,1,2,0.0,99.30140697643202,0.5226389840864843,0.32293091422005754,0.9345794392523364,9.214953271028037,107
wearable,heart_rate_eps2.0,n_weighted,2.0,8,6,,1,2,0.0,84.09718285439024,0.44261675186521177,0.31384606758834627,0.9339622641509434,9.273584905660377,106
wearable,heart_rate_eps2.0,n_weighted,2.0,8,6,8.0,1,2,0.0,100.17881696121358,0.5272569313748083,0.3563877540616291,0.9339622641509434,9.273584905660377,106
wearable,heart_rate_eps2.0,n_weighted,2.0,8,6,16.0,1,2,0.0,84.09718285439024,0.44261675186521177,0.31384606758834627,0.9339622641509434,9.273584905660377,106
wearable,heart_rate_eps2.0,n_weighted,2.0,8,1,,1,4,0.0,164.968123689877,0.8682532825782999,0.2978748336759239,1.0,8.403361344537815,119
wearable,heart_rate_eps2.0,n_weighted,2.0,8,1,4.0,1,4,0.0,254.9494093134416,1.3418389963865347,0.3825230528724361,1.0,8.403361344537815,119
wearable,heart_rate_eps2.0,n_weighted,2.0,8,1,8.0,1,4,0.0,179.29294062536667,0.9436470559229825,0.32035464257397517,1.0,8.403361344537815,119
wearable,heart_rate_eps2.0,n_weighted,2.0,8,1,16.0,1,4,0.0,164.968123689877,0.8682532825782999,0.2978748336759239,1.0,8.403361344537815,119
wearable,heart_rate_eps2.0,n_weighted,2.0,8,2,,1,4,0.0,93.54557238658336,0.49234511782412294,0.5397107324926508,0.9719626168224299,9.233644859813085,107
wearable,heart_rate_eps2.0,n_weighted,2.0,8,2,4.0,1,4,0.0,193.61821714550106,1.0190432481342162,0.7789647685299649,0.9719626168224299,9.233644859813085,107
wearable,heart_rate_eps2.0,n_weighted,2.0,8,2,8.0,1,4,0.0,109.47691084754852,0.5761942676186764,0.3225379023529757,0.9719626168224299,9.233644859813085,107
wearable,heart_rate_eps2.0,n_weighted,2.0,8,2,16.0,1,4,0.0,93.54557238658336,0.49234511782412294,0.5397107324926508,0.9719626168224299,9.233644859813085,107
wearable,heart_rate_eps2.0,n_weighted,2.0,8,3,,1,4,0.0,75.59915256604857,0.39789027666341353,0.31604503592014577,0.9619047619047619,9.371428571428572,105
wearable,heart_rate_eps2.0,n_weighted,2.0,8,3,4.0,1,4,0.0,177.57794293942177,0.9346207523127462,0.7469492943409063,0.9619047619047619,9.371428571428572,105
wearable,heart_rate_eps2.0,n_weighted,2.0,8,3,8.0,1,4,0.0,91.83394509293689,0.48333655312072044,0.35163502735380986,0.9619047619047619,9.371428571428572,105
wearable,heart_rate_eps2.0,n_weighted,2.0,8,3,16.0,1,4,0.0,75.59915256604857,0.39789027666341353,0.31604503592014577,0.9619047619047619,9.371428571428572,105
wearable,heart_rate_eps2.0,n_weighted,2.0,8,4,,1,4,0.0,90.58943805996584,0.4767865161050834,0.32293091422005754,0.9615384615384616,9.442307692307692,104
wearable,heart_rate_eps2.0,n_weighted,2.0,8,4,4.0,1,4,0.0,193.54879372539077,1.018677861712583,0.7861122822809103,0.9615384615384616,9.442307692307692,104
wearable,heart_rate_eps2.0,n_weighted,2.0,8,4,8.0,1,4,0.0,106.98033436115117,0.5630543913744798,0.3638054665731957,0.9615384615384616,9.442307692307692,104
wearable,heart_rate_eps2.0,n_weighted,2.0,8,4,16.0,1,4,0.0,90.58943805996584,0.4767865161050834,0.32293091422005754,0.9615384615384616,9.442307692307692,104
wearable,heart_rate_eps2.0,n_weighted,2.0,8,6,,1,4,0.0,80.45853549459187,0.42346597628732563,0.31384606758834627,0.9611650485436893,9.504854368932039,103
wearable,heart_rate_eps2.0,n_weighted,2.0,8,6,8.0,1,4,0.0,97.00856671132266,0.5105714037438035,0.3563877540616291,0.9611650485436893,9.504854368932039,103
wearable,heart_rate_eps2.0,n_weighted,2.0,8,6,16.0,1,4,0.0,80.45853549459187,0.42346597628732563,0.31384606758834627,0.9611650485436893,9.504854368932039,103
wearable,heart_rate_eps2.0,n_weighted,2.0,8,1,,2,0,0.0,180.45071346917854,0.9497405972062029,0.08118321827284715,1.0,8.383333333333333,60
wearable,heart_rate_eps2.0,n_weighted,2.0,8,1,4.0,2,0,0.0,260.2993409031141,1.3699965310690216,0.2431338783730404,1.0,8.383333333333333,60
wearable,heart_rate_eps2.0,n_weighted,2.0,8,1,8.0,2,0,0.0,193.1932948632546,1.0168068150697611,0.08118321827284715,1.0,8.383333333333333,60
wearable,heart_rate_eps2.0,n_weighted,2.0,8,1,16.0,2,0,0.0,180.45071346917854,0.9497405972062029,0.08118321827284715,1.0,8.383333333333333,60
wearable,heart_rate_eps2.0,n_weighted,2.0,8,2,,2,0,0.0,76.20946693629384,0.40110245755944124,0.32558346453388964,0.8666666666666667,8.383333333333333,60
wearable,heart_rate_eps2.0,n_weighted,2.0,8,2,4.0,2,0,0.0,156.05809437022944,0.8213583914222602,1.1543594043003893,0.8666666666666667,8.383333333333333,60
wearable,heart_rate_eps2.0,n_weighted,2.0,8,2,8.0,2,0,0.0,88.9520483303699,0.4681686754229995,0.8374109262710994,0.8666666666666667,8.383333333333333,60
wearable,heart_rate_eps2.0,n_weighted,2.0,8,2,16.0,2,0,0.0,76.20946693629384,0.40110245755944124,0.32558346453388964,0.8666666666666667,8.383333333333333,60
wearable,heart_rate_eps2.0,n_weighted,2.0,8,3,,2,0,0.0,143.47058285901068,0.7551083308368983,0.36233587355848806,0.85,8.383333333333333,60
wearable,heart_rate_eps2.0,n_weighted,2.0,8,3,4.0,2,0,0.0,223.31921029294625,1.175364264699717,1.1329876800962133,0.85,8.383333333333333,60
wearable,heart_rate_eps2.0,n_weighted,2.0,8,3,8.0,2,0,0.0,156.21316425308672,0.8221745487004564,0.8169408713818227,0.85,8.383333333333333,60
wearable,heart_rate_eps2.0,n_weighted,2.0,8,3,16.0,2,0,0.0,143.47058285901068,0.7551083308368983,0.36233587355848806,0.85,8.383333333333333,60
wearable,heart_rate_eps2.0,n_weighted,2.0,8,4,,2,0,0.0,59.13758029705779,0.31125042261609365,0.7446555774895586,0.8333333333333334,8.383333333333333,60
wearable,heart_rate_eps2.0,n_weighted,2.0,8,4,4.0,2,0,0.0,140.6998939140477,0.7405257574423563,1.11540413924838,0.8333333333333334,8.383333333333333,60
wearable,heart_rate_eps2.0,n_weighted,2.0,8,4,8.0,2,0,0.0,71.88016169113388,0.37831664047965197,1.1154432649375612,0.8333333333333334,8.383333333333333,60
wearable,heart_rate_eps2.0,n_weighted,2.0,8,4,16.0,2,0,0.0,59.13758029705779,0.31125042261609365,0.7446555774895586,0.8333333333333334,8.383333333333333,60
wearable,heart_rate_eps2.0,n_weighted,2.0,8,6,,2,0,0.0,59.13758029705779,0.31125042261609365,0.7446555774895586,0.8333333333333334,8.383333333333333,60
wearable,heart_rate_eps2.0,n_weighted,2.0,8,6,8.0,2,0,0.0,71.88016169113388,0.37831664047965197,1.1154432649375612,0.8333333333333334,8.383333333333333,60
wearable,heart_rate_eps2.0,n_weighted,2.0,8,6,16.0,2,0,0.0,59.13758029705779,0.31125042261609365,0.7446555774895586,0.8333333333333334,8.383333333333333,60
wearable,heart_rate_eps2.0,n_weighted,2.0,8,1,,2,2,0.0,180.45071346917854,0.9497405972062029,0.08118321827284715,1.0,8.383333333333333,60
wearable,heart_rate_eps2.0,n_weighted,2.0,8,1,4.0,2,2,0.0,260.2993409031141,1.3699965310690216,0.2431338783730404,1.0,8.383333333333333,60
wearable,heart_rate_eps2.0,n_weighted,2.0,8,1,8.0,2,2,0.0,193.1932948632546,1.0168068150697611,0.08118321827284715,1.0,8.383333333333333,60
wearable,heart_rate_eps2.0,n_weighted,2.0,8,1,16.0,2,2,0.0,180.45071346917854,0.9497405972062029,0.08118321827284715,1.0,8.383333333333333,60
wearable,heart_rate_eps2.0,n_weighted,2.0,8,2,,2,2,0.0,76.57070460588974,0.4030037084520513,0.32558346453388964,0.9454545454545454,9.054545454545455,55
wearable,heart_rate_eps2.0,n_weighted,2.0,8,2,4.0,2,2,0.0,163.67829817018315,0.8614647272114903,1.1543594043003893,0.9454545454545454,9.054545454545455,55
wearable,heart_rate_eps2.0,n_weighted,2.0,8,2,8.0,2,2,0.0,90.47170249033637,0.4761668552122967,0.8374109262710994,0.9454545454545454,9.054545454545455,55
wearable,heart_rate_eps2.0,n_weighted,2.0,8,2,16.0,2,2,0.0,76.57070460588974,0.4030037084520513,0.32558346453388964,0.9454545454545454,9.054545454545455,55
wearable,heart_rate_eps2.0,n_weighted,2.0,8,3,,2,2,0.0,100.30725714581853,0.5279329323464133,0.36233587355848806,0.9444444444444444,9.203703703703704,54
wearable,heart_rate_eps2.0,n_weighted,2.0,8,3,4.0,2,2,0.0,189.02795429463586,0.9948839699717676,1.1329876800962133,0.9444444444444444,9.203703703703704,54
wearable,heart_rate_eps2.0,n_weighted,2.0,8,3,8.0,2,2,0.0,114.46568091701417,0.6024509521948114,0.8169408713818227,0.9444444444444444,9.203703703703704,54
wearable,heart_rate_eps2.0,n_weighted,2.0,8,3,16.0,2,2,0.0,100.30725714581853,0.5279329323464133,0.36233587355848806,0.9444444444444444,9.203703703703704,54
wearable,heart_rate_eps2.0,n_weighted,2.0,8,4,,2,2,0.0,62.83476599827936,0.3307092947277861,0.7446555774895586,0.9259259259259259,9.185185185185185,54
wearable,heart_rate_eps2.0,n_weighted,2.0,8,4,4.0,2,2,0.0,152.26891469189306,0.8014153404836477,1.11540413924838,0.9259259259259259,9.185185185185185,54
wearable,heart_rate_eps2.0,n_weighted,2.0,8,4,8.0,2,2,0.0,76.99318976947498,0.4052273145761841,1.1154432649375612,0.9259259259259259,9.185185185185185,54
wearable,heart_rate_eps2.0,n_weighted,2.0,8,4,16.0,2,2,0.0,62.83476599827936,0.3307092947277861,0.7446555774895586,0.9259259259259259,9.185185185185185,54
wearable,heart_rate_eps2.0,n_weighted,2.0,8,6,,2,2,0.0,62.83476599827936,0.3307092947277861,0.7446555774895586,0.9259259259259259,9.185185185185185,54
wearable,heart_rate_eps2.0,n_weighted,2.0,8,6,8.0,2,2,0.0,76.99318976947498,0.4052273145761841,1.1154432649375612,0.9259259259259259,9.185185185185185,54
wearable,heart_rate_eps2.0,n_weighted,2.0,8,6,16.0,2,2,0.0,62.83476599827936,0.3307092947277861,0.7446555774895586,0.9259259259259259,9.185185185185185,54
wearable,heart_rate_eps2.0,n_weighted,2.0,8,1,,2,4,0.0,180.45071346917854,0.9497405972062029,0.08118321827284715,1.0,8.383333333333333,60
wearable,heart_rate_eps2.0,n_weighted,2.0,8,1,4.0,2,4,0.0,260.2993409031141,1.3699965310690216,0.2431338783730404,1.0,8.383333333333333,60
wearable,heart_rate_eps2.0,n_weighted,2.0,8,1,8.0,2,4,0.0,193.1932948632546,1.0168068150697611,0.08118321827284715,1.0,8.383333333333333,60
wearable,heart_rate_eps2.0,n_weighted,2.0,8,1,16.0,2,4,0.0,180.45071346917854,0.9497405972062029,0.08118321827284715,1.0,8.383333333333333,60
wearable,heart_rate_eps2.0,n_weighted,2.0,8,2,,2,4,0.0,76.4713500139481,0.40248078954709526,0.32558346453388964,0.9629629629629629,9.203703703703704,54
wearable,heart_rate_eps2.0,n_weighted,2.0,8,2,4.0,2,4,0.0,165.19204716276542,0.8694318271724496,1.1543594043003893,0.9629629629629629,9.203703703703704,54
wearable,heart_rate_eps2.0,n_weighted,2.0,8,2,8.0,2,4,0.0,90.62977378514373,0.4769988093954933,0.8374109262710994,0.9629629629629629,9.203703703703704,54
wearable,heart_rate_eps2.0,n_weighted,2.0,8,2,16.0,2,4,0.0,76.4713500139481,0.40248078954709526,0.32558346453388964,0.9629629629629629,9.203703703703704,54
wearable,heart_rate_eps2.0,n_weighted,2.0,8,3,,2,4,0.0,92.26533734967863,0.4856070386825191,0.36233587355848806,0.9622641509433962,9.358490566037736,53
wearable,heart_rate_eps2.0,n_weighted,2.0,8,3,4.0,2,4,0.0,182.6600099163982,0.961368473244201,1.1329876800962133,0.9622641509433962,9.358490566037736,53
wearable,heart_rate_eps2.0,n_weighted,2.0,8,3,8.0,2,4,0.0,106.69090119202892,0.5615310589054153,0.8169408713818227,0.9622641509433962,9.358490566037736,53
wearable,heart_rate_eps2.0,n_weighted,2.0,8,3,16.0,2,4,0.0,92.26533734967863,0.4856070386825191,0.36233587355848806,0.9622641509433962,9.358490566037736,53
wearable,heart_rate_eps2.0,n_weighted,2.0,8,4,,2,4,0.0,64.6982632142194,0.34051717481168103,0.7446555774895586,0.9615384615384616,9.5,52
wearable,heart_rate_eps2.0,n_weighted,2.0,8,4,4.0,2,4,0.0,157.24344094289032,0.8275970575941596,1.11540413924838,0.9615384615384616,9.5,52
wearable,heart_rate_eps2.0,n_weighted,2.0,8,4,8.0,2,4,0.0,79.40124174584564,0.417901272346556,1.1154432649375612,0.9615384615384616,9.5,52
wearable,heart_rate_eps2.0,n_weighted,2.0,8,4,16.0,2,4,0.0,64.6982632142194,0.34051717481168103,0.7446555774895586,0.9615384615384616,9.5,52
wearable,heart_rate_eps2.0,n_weighted,2.0,8,6,,2,4,0.0,64.6982632142194,0.34051717481168103,0.7446555774895586,0.9615384615384616,9.5,52
wearable,heart_rate_eps2.0,n_weighted,2.0,8,6,8.0,2,4,0.0,79.40124174584564,0.417901272346556,1.1154432649375612,0.9615384615384616,9.5,52
wearable,heart_rate_eps2.0,n_weighted,2.0,8,6,16.0,2,4,0.0,64.6982632142194,0.34051717481168103,0.7446555774895586,0.9615384615384616,9.5,52
wearable,heart_rate_eps2.0,n_weighted,2.0,8,1,,4,0,0.0,155.10006732854765,0.8163161438344614,0.20901090763310193,1.0,8.433333333333334,30
wearable,heart_rate_eps2.0,n_weighted,2.0,8,1,4.0,4,0,0.0,231.9541080747281,1.2208110951301478,0.47987993362722875,1.0,8.433333333333334,30
wearable,heart_rate_eps2.0,n_weighted,2.0,8,1,8.0,4,0,0.0,166.87268652879726,0.8782772975199856,0.24886096786100378,1.0,8.433333333333334,30
wearable,heart_rate_eps2.0,n_weighted,2.0,8,1,16.0,4,0,0.0,155.10006732854765,0.8163161438344614,0.20901090763310193,1.0,8.433333333333334,30
wearable,heart_rate_eps2.0,n_weighted,2.0,8,2,,4,0,0.0,86.40959157188077,0.45478732406253036,0.7717718671039189,0.8666666666666667,8.433333333333334,30
wearable,heart_rate_eps2.0,n_weighted,2.0,8,2,4.0,4,0,0.0,163.26363231806118,0.8592822753582168,1.1023647647529915,0.8666666666666667,8.433333333333334,30
wearable,heart_rate_eps2.0,n_weighted,2.0,8,2,8.0,4,0,0.0,98.18221077213038,0.5167484777480547,1.1004363457851196,0.8666666666666667,8.433333333333334,30
wearable,heart_rate_eps2.0,n_weighted,2.0,8,2,16.0,4,0,0.0,86.40959157188077,0.45478732406253036,0.7717718671039189,0.8666666666666667,8.433333333333334,30
wearable,heart_rate_eps2.0,n_weighted,2.0,8,3,,4,0,0.0,86.40959157188077,0.45478732406253036,0.7717718671039189,0.8666666666666667,8.433333333333334,30
wearable,heart_rate_eps2.0,n_weighted,2.0,8,3,4.0,4,0,0.0,163.26363231806118,0.8592822753582168,1.1023647647529915,0.8666666666666667,8.433333333333334,30
wearable,heart_rate_eps2.0,n_weighted,2.0,8,3,8.0,4,0,0.0,98.18221077213038,0.5167484777480547,1.1004363457851196,0.8666666666666667,8.433333333333334,30
wearable,heart_rate_eps2.0,n_weighted,2.0,8,3,16.0,4,0,0.0,86.40959157188077,0.45478732406253036,0.7717718671039189,0.8666666666666667,8.433333333333334,30
wearable,heart_rate_eps2.0,n_weighted,2.0,8,4,,4,0,0.0,92.48947027447927,0.4867866856551541,0.7279684224884302,0.8333333333333334,8.433333333333334,30
wearable,heart_rate_eps2.0,n_weighted,2.0,8,4,4.0,4,0,0.0,196.66168422491964,1.0350614959206297,1.0594954465346056,0.8333333333333334,8.433333333333334,30
wearable,heart_rate_eps2.0,n_weighted,2.0,8,4,8.0,4,0,0.0,104.26208947472888,0.5487478393406783,1.0594954465346056,0.8333333333333334,8.433333333333334,30
wearable,heart_rate_eps2.0,n_weighted,2.0,8,4,16.0,4,0,0.0,92.48947027447927,0.4867866856551541,0.7279684224884302,0.8333333333333334,8.433333333333334,30
wearable,heart_rate_eps2.0,n_weighted,2.0,8,6,,4,0,0.0,92.48947027447927,0.4867866856551541,0.7279684224884302,0.8333333333333334,8.433333333333334,30
wearable,heart_rate_eps2.0,n_weighted,2.0,8,6,8.0,4,0,0.0,104.26208947472888,0.5487478393406783,1.0594954465346056,0.8333333333333334,8.433333333333334,30
wearable,heart_rate_eps2.0,n_weighted,2.0,8,6,16.0,4,0,0.0,92.48947027447927,0.4867866856551541,0.7279684224884302,0.8333333333333334,8.433333333333334,30
wearable,heart_rate_eps2.0,n_weighted,2.0,8,1,,4,2,0.0,155.10006732854765,0.8163161438344614,0.20901090763310193,1.0,8.433333333333334,30
wearable,heart_rate_eps2.0,n_weighted,2.0,8,1,4.0,4,2,0.0,231.9541080747281,1.2208110951301478,0.47987993362722875,1.0,8.433333333333334,30
wearable,heart_rate_eps2.0,n_weighted,2.0,8,1,8.0,4,2,0.0,166.87268652879726,0.8782772975199856,0.24886096786100378,1.0,8.433333333333334,30
wearable,heart_rate_eps2.0,n_weighted,2.0,8,1,16.0,4,2,0.0,155.10006732854765,0.8163161438344614,0.20901090763310193,1.0,8.433333333333334,30
wearable,heart_rate_eps2.0,n_weighted,2.0,8,2,,4,2,0.0,78.28648942479734,0.4120341548673544,0.7717718671039189,0.9285714285714286,8.964285714285714,28
wearable,heart_rate_eps2.0,n_weighted,2.0,8,2,4.0,4,2,0.0,160.63010450999067,0.8454216026841614,1.1023647647529915,0.9285714285714286,8.964285714285714,28
wearable,heart_rate_eps2.0,n_weighted,2.0,8,2,8.0,4,2,0.0,90.90000999649332,0.4784211052447017,1.1004363457851196,0.9285714285714286,8.964285714285714,28
wearable,heart_rate_eps2.0,n_weighted,2.0,8,2,16.0,4,2,0.0,78.28648942479734,0.4120341548673544,0.7717718671039189,0.9285714285714286,8.964285714285714,28
wearable,heart_rate_eps2.0,n_weighted,2.0,8,3,,4,2,0.0,78.28648942479734,0.4120341548673544,0.7717718671039189,0.9285714285714286,8.964285714285714,28
wearable,heart_rate_eps2.0,n_weighted,2.0,8,3,4.0,4,2,0.0,160.63010450999067,0.8454216026841614,1.1023647647529915,0.9285714285714286,8.964285714285714,28
wearable,heart_rate_eps2.0,n_weighted,2.0,8,3,8.0,4,2,0.0,90.90000999649332,0.4784211052447017,1.1004363457851196,0.9285714285714286,8.964285714285714,28
wearable,heart_rate_eps2.0,n_weighted,2.0,8,3,16.0,4,2,0.0,78.28648942479734,0.4120341548673544,0.7717718671039189,0.9285714285714286,8.964285714285714,28
wearable,heart_rate_eps2.0,n_weighted,2.0,8,4,,4,2,0.0,78.16958120793186,0.41141884846279925,0.7279684224884302,0.9259259259259259,9.25925925925926,27
wearable,heart_rate_eps2.0,n_weighted,2.0,8,4,4.0,4,2,0.0,175.70437012780343,0.9247598427779128,1.0594954465346056,0.9259259259259259,9.25925925925926,27
wearable,heart_rate_eps2.0,n_weighted,2.0,8,4,8.0,4,2,0.0,91.2502692082092,0.4802645747800484,1.0594954465346056,0.9259259259259259,9.25925925925926,27
wearable,heart_rate_eps2.0,n_weighted,2.0,8,4,16.0,4,2,0.0,78.16958120793186,0.41141884846279925,0.7279684224884302,0.9259259259259259,9.25925925925926,27
wearable,heart_rate_eps2.0,n_weighted,2.0,8,6,,4,2,0.0,78.16958120793186,0.41141884846279925,0.7279684224884302,0.9259259259259259,9.25925925925926,27
wearable,heart_rate_eps2.0,n_weighted,2.0,8,6,8.0,4,2,0.0,91.2502692082092,0.4802645747800484,1.0594954465346056,0.9259259259259259,9.25925925925926,27
wearable,heart_rate_eps2.0,n_weighted,2.0,8,6,16.0,4,2,0.0,78.16958120793186,0.41141884846279925,0.7279684224884302,0.9259259259259259,9.25925925925926,27
wearable,heart_rate_eps2.0,n_weighted,2.0,8,1,,4,4,0.0,155.10006732854765,0.8163161438344614,0.20901090763310193,1.0,8.433333333333334,30
wearable,heart_rate_eps2.0,n_weighted,2.0,8,1,4.0,4,4,0.0,231.9541080747281,1.2208110951301478,0.47987993362722875,1.0,8.433333333333334,30
wearable,heart_rate_eps2.0,n_weighted,2.0,8,1,8.0,4,4,0.0,166.87268652879726,0.8782772975199856,0.24886096786100378,1.0,8.433333333333334,30
wearable,heart_rate_eps2.0,n_weighted,2.0,8,1,16.0,4,4,0.0,155.10006732854765,0.8163161438344614,0.20901090763310193,1.0,8.433333333333334,30
wearable,heart_rate_eps2.0,n_weighted,2.0,8,2,,4,4,0.0,74.92674131839297,0.3943512700968051,0.7717718671039189,0.9629629629629629,9.25925925925926,27
wearable,heart_rate_eps2.0,n_weighted,2.0,8,2,4.0,4,4,0.0,160.32011992526012,0.8437901048697901,1.1023647647529915,0.9629629629629629,9.25925925925926,27
wearable,heart_rate_eps2.0,n_weighted,2.0,8,2,8.0,4,4,0.0,88.00742931867029,0.46319699641405415,1.1004363457851196,0.9629629629629629,9.25925925925926,27
wearable,heart_rate_eps2.0,n_weighted,2.0,8,2,16.0,4,4,0.0,74.92674131839297,0.3943512700968051,0.7717718671039189,0.9629629629629629,9.25925925925926,27
wearable,heart_rate_eps2.0,n_weighted,2.0,8,3,,4,4,0.0,74.92674131839297,0.3943512700968051,0.7717718671039189,0.9629629629629629,9.25925925925926,27
wearable,heart_rate_eps2.0,n_weighted,2.0,8,3,4.0,4,4,0.0,160.32011992526012,0.8437901048697901,1.1023647647529915,0.9629629629629629,9.25925925925926,27
wearable,heart_rate_eps2.0,n_weighted,2.0,8,3,8.0,4,4,0.0,88.00742931867029,0.46319699641405415,1.1004363457851196,0.9629629629629629,9.25925925925926,27
wearable,heart_rate_eps2.0,n_weighted,2.0,8,3,16.0,4,4,0.0,74.92674131839297,0.3943512700968051,0.7717718671039189,0.9629629629629629,9.25925925925926,27
wearable,heart_rate_eps2.0,n_weighted,2.0,8,4,,4,4,0.0,72.27794613517253,0.3804102428166975,0.7279684224884302,0.9615384615384616,9.576923076923077,26
wearable,heart_rate_eps2.0,n_weighted,2.0,8,4,4.0,4,4,0.0,167.25987927405612,0.8803151540739795,1.0594954465346056,0.9615384615384616,9.576923076923077,26
wearable,heart_rate_eps2.0,n_weighted,2.0,8,4,8.0,4,4,0.0,85.86173752007592,0.4519038816846101,1.0594954465346056,0.9615384615384616,9.576923076923077,26
wearable,heart_rate_eps2.0,n_weighted,2.0,8,4,16.0,4,4,0.0,72.27794613517253,0.3804102428166975,0.7279684224884302,0.9615384615384616,9.576923076923077,26
wearable,heart_rate_eps2.0,n_weighted,2.0,8,6,,4,4,0.0,72.27794613517253,0.3804102428166975,0.7279684224884302,0.9615384615384616,9.576923076923077,26
wearable,heart_rate_eps2.0,n_weighted,2.0,8,6,8.0,4,4,0.0,85.86173752007592,0.4519038816846101,1.0594954465346056,0.9615384615384616,9.576923076923077,26
wearable,heart_rate_eps2.0,n_weighted,2.0,8,6,16.0,4,4,0.0,72.27794613517253,0.3804102428166975,0.7279684224884302,0.9615384615384616,9.576923076923077,26
