dataset,sensor,strategy,epsilon,w,P_min,P_max,delta_t,k_ext,epsilon_count,mae,normalized_mae,kl_divergence,release_rate,avg_n_tau,n_logical_timestamps
wearable,heart_rate_eps4.0,uniform,4.0,8,1,,1,0,0.0,82.4840618449385,0.43412664128914996,0.17911721760338106,1.0,8.403361344537815,119
wearable,heart_rate_eps4.0,uniform,4.0,8,1,4.0,1,0,0.0,127.4747046567208,0.6709194981932673,0.3660572096189578,1.0,8.403361344537815,119
wearable,heart_rate_eps4.0,uniform,4.0,8,1,8.0,1,0,0.0,89.64647031268333,0.47182352796149124,0.21722743702271663,1.0,8.403361344537815,119
wearable,heart_rate_eps4.0,uniform,4.0,8,1,16.0,1,0,0.0,82.4840618449385,0.43412664128914996,0.17911721760338106,1.0,8.403361344537815,119
wearable,heart_rate_eps4.0,uniform,4.0,8,2,,1,0,0.0,82.4840618449385,0.43412664128914996,0.17911721760338106,1.0,8.403361344537815,119
wearable,heart_rate_eps4.0,uniform,4.0,8,2,4.0,1,0,0.0,127.4747046567208,0.6709194981932673,0.3660572096189578,1.0,8.403361344537815,119
wearable,heart_rate_eps4.0,uniform,4.0,8,2,8.0,1,0,0.0,89.64647031268333,0.47182352796149124,0.21722743702271663,1.0,8.403361344537815,119
wearable,heart_rate_eps4.0,uniform,4.0,8,2,16.0,1,0,0.0,82.4840618449385,0.43412664128914996,0.17911721760338106,1.0,8.403361344537815,119
wearable,heart_rate_eps4.0,uniform,4.0,8,3,,1,0,0.0,82.4840618449385,0.43412664128914996,0.17911721760338106,1.0,8.403361344537815,119
wearable,heart_rate_eps4.0,uniform,4.0,8,3,4.0,1,0,0.0,127.4747046567208,0.6709194981932673,0.3660572096189578,1.0,8.403361344537815,119
wearable,heart_rate_eps4.0,uniform,4.0,8,3,8.0,1,0,0.0,89.64647031268333,0.47182352796149124,0.21722743702271663,1.0,8.403361344537815,119
wearable,heart_rate_eps4.0,uniform,4.0,8,3,16.0,1,0,0.0,82.4840618449385,0.43412664128914996,0.17911721760338106,1.0,8.403361344537815,119
wearable,heart_rate_eps4.0,uniform,4.0,8,4,,1,0,0.0,82.4840618449385,0.43412664128914996,0.17911721760338106,1.0,8.403361344537815,119
wearable,heart_rate_eps4.0,uniform,4.0,8,4,4.0,1,0,0.0,127.4747046567208,0.6709194981932673,0.3660572096189578,1.0,8.403361344537815,119
wearable,heart_rate_eps4.0,uniform,4.0,8,4,8.0,1,0,0.0,89.64647031268333,0.47182352796149124,0.21722743702271663,1.0,8.403361344537815,119
wearable,heart_rate_eps4.0,uniform,4.0,8,4,16.0,1,0,0.0,82.4840618449385,0.43412664128914996,0.17911721760338106,1.0,8.403361344537815,119
wearable,heart_rate_eps4.0,uniform,4.0,8,6,,1,0,0.0,82.4840618449385,0.43412664128914996,0.17911721760338106,1.0,8.403361344537815,119
wearable,heart_rate_eps4.0,uniform,4.0,8,6,8.0,1,0,0.0,89.64647031268333,0.47182352796149124,0.21722743702271663,1.0,8.403361344537815,119
wearable,heart_rate_eps4.0,uniform,4.0,8,6,16.0,1,0,0.0,82.4840618449385,0.43412664128914996,0.17911721760338106,1.0,8.403361344537815,119
wearable,heart_rate_eps4.0,uniform,4.0,8,1,,1,2,0.0,82.4840618449385,0.43412664128914996,0.17911721760338106,1.0,8.403361344537815,119
wearable,heart_rate_eps4.0,uniform,4.0,8,1,4.0,1,2,0.0,127.4747046567208,0.6709194981932673,0.3660572096189578,1.0,8.403361344537815,119
wearable,heart_rate_eps4.0,uniform,4.0,8,1,8.0,1,2,0.0,89.64647031268333,0.47182352796149124,0.21722743702271663,1.0,8.403361344537815,119
wearable,heart_rate_eps4.0,uniform,4.0,8,1,16.0,1,2,0.0,82.4840618449385,0.43412664128914996,0.17911721760338106,1.0,8.403361344537815,119
wearable,heart_rate_eps4.0,uniform,4.0,8,2,,1,2,0.0,62.71176850033121,0.33006193947542745,0.10058037871182775,1.0,9.082568807339449,109
wearable,heart_rate_eps4.0,uniform,4.0,8,2,4.0,1,2,0.0,111.82999322145136,0.5885789116918493,0.3581625020122811,1.0,9.082568807339449,109
wearable,heart_rate_eps4.0,uniform,4.0,8,2,8.0,1,2,0.0,70.53127866236457,0.3712172561177083,0.12939013373316957,1.0,9.082568807339449,109
wearable,heart_rate_eps4.0,uniform,4.0,8,2,16.0,1,2,0.0,62.71176850033121,0.33006193947542745,0.10058037871182775,1.0,9.082568807339449,109
wearable,heart_rate_eps4.0,uniform,4.0,8,3,,1,2,0.0,51.04285315428091,0.2686465955488469,0.2938717684451173,1.0,9.214953271028037,107
wearable,heart_rate_eps4.0,uniform,4.0,8,3,4.0,1,2,0.0,101.07917553373973,0.5319956607038933,0.40699122608810584,1.0,9.214953271028037,107
wearable,heart_rate_eps4.0,uniform,4.0,8,3,8.0,1,2,0.0,59.008522384763495,0.31057117044612365,0.3799293028260101,1.0,9.214953271028037,107
wearable,heart_rate_eps4.0,uniform,4.0,8,3,16.0,1,2,0.0,51.04285315428091,0.2686465955488469,0.2938717684451173,1.0,9.214953271028037,107
wearable,heart_rate_eps4.0,uniform,4.0,8,4,,1,2,0.0,51.04285315428091,0.2686465955488469,0.13174360026210827,1.0,9.214953271028037,107
wearable,heart_rate_eps4.0,uniform,4.0,8,4,4.0,1,2,0.0,101.07917553373973,0.5319956607038933,0.4114854878836306,1.0,9.214953271028037,107
wearable,heart_rate_eps4.0,uniform,4.0,8,4,8.0,1,2,0.0,59.008522384763495,0.31057117044612365,0.20890404060865497,1.0,9.214953271028037,107
wearable,heart_rate_eps4.0,uniform,4.0,8,4,16.0,1,2,0.0,51.04285315428091,0.2686465955488469,0.13174360026210827,1.0,9.214953271028037,107
wearable,heart_rate_eps4.0,uniform,4.0,8,6,,1,2,0.0,52.16695718437023,0.274562932549317,0.33815065738569244,1.0,9.273584905660377,106
wearable,heart_rate_eps4.0,uniform,4.0,8,6,8.0,1,2,0.0,60.2077742377819,0.31688302230411525,0.39306697885389036,1.0,9.273584905660377,106
wearable,heart_rate_eps4.0,uniform,4.0,8,6,16.0,1,2,0.0,52.16695718437023,0.274562932549317,0.33815065738569244,1.0,9.273584905660377,106
wearable,heart_rate_eps4.0,uniform,4.0,8,1,,1,4,0.0,82.4840618449385,0.43412664128914996,0.17911721760338106,1.0,8.403361344537815,119
wearable,heart_rate_eps4.0,uniform,4.0,8,1,4.0,1,4,0.0,127.4747046567208,0.6709194981932673,0.3660572096189578,1.0,8.403361344537815,119
wearable,heart_rate_eps4.0,uniform,4.0,8,1,8.0,1,4,0.0,89.64647031268333,0.47182352796149124,0.21722743702271663,1.0,8.403361344537815,119
wearable,heart_rate_eps4.0,uniform,4.0,8,1,16.0,1,4,0.0,82.4840618449385,0.43412664128914996,0.17911721760338106,1.0,8.403361344537815,119
wearable,heart_rate_eps4.0,uniform,4.0,8,2,,1,4,0.0,48.82110854329754,0.2569532028594607,0.4222326708868749,1.0,9.233644859813085,107
wearable,heart_rate_eps4.0,uniform,4.0,8,2,4.0,1,4,0.0,98.85743092275638,0.5203022680145073,0.40358834059641296,1.0,9.233644859813085,107
wearable,heart_rate_eps4.0,uniform,4.0,8,2,8.0,1,4,0.0,56.78677777378012,0.2988777777567375,0.6469889510765159,1.0,9.233644859813085,107
wearable,heart_rate_eps4.0,uniform,4.0,8,2,16.0,1,4,0.0,48.82110854329754,0.2569532028594607,0.4222326708868749,1.0,9.233644859813085,107
wearable,heart_rate_eps4.0,uniform,4.0,8,3,,1,4,0.0,47.83883222192506,0.2517833274838161,0.15009973316486566,1.0,9.371428571428572,105
wearable,heart_rate_eps4.0,uniform,4.0,8,3,4.0,1,4,0.0,98.82822740861167,0.5201485653084824,0.3948091294931177,1.0,9.371428571428572,105
wearable,heart_rate_eps4.0,uniform,4.0,8,3,8.0,1,4,0.0,55.956228485369216,0.2945064657124696,0.21847508687994321,1.0,9.371428571428572,105
wearable,heart_rate_eps4.0,uniform,4.0,8,3,16.0,1,4,0.0,47.83883222192506,0.2517833274838161,0.15009973316486566,1.0,9.371428571428572,105
wearable,heart_rate_eps4.0,uniform,4.0,8,4,,1,4,0.0,47.972140720204656,0.25248495115897185,0.07824798428663668,1.0,9.442307692307692,104
wearable,heart_rate_eps4.0,uniform,4.0,8,4,4.0,1,4,0.0,99.4518185529171,0.5234306239627216,0.3889644736765536,1.0,9.442307692307692,104
wearable,heart_rate_eps4.0,uniform,4.0,8,4,8.0,1,4,0.0,56.16758887079732,0.2956188887936701,0.15789995158262074,1.0,9.442307692307692,104
wearable,heart_rate_eps4.0,uniform,4.0,8,4,16.0,1,4,0.0,47.972140720204656,0.25248495115897185,0.07824798428663668,1.0,9.442307692307692,104
wearable,heart_rate_eps4.0,uniform,4.0,8,6,,1,4,0.0,45.879270176602475,0.24146984303474986,0.24986415298959902,1.0,9.504854368932039,103
wearable,heart_rate_eps4.0,uniform,4.0,8,6,8.0,1,4,0.0,54.154285784967875,0.2850225567629888,0.2140918232122043,1.0,9.504854368932039,103
wearable,heart_rate_eps4.0,uniform,4.0,8,6,16.0,1,4,0.0,45.879270176602475,0.24146984303474986,0.24986415298959902,1.0,9.504854368932039,103
wearable,heart_rate_eps4.0,uniform,4.0,8,1,,2,0,0.0,90.22535673458927,0.4748702986031014,0.08118321827284715,1.0,8.383333333333333,60
wearable,heart_rate_eps4.0,uniform,4.0,8,1,4.0,2,0,0.0,130.14967045155706,0.6849982655345108,0.2431338783730404,1.0,8.383333333333333,60
wearable,heart_rate_eps4.0,uniform,4.0,8,1,8.0,2,0,0.0,96.5966474316273,0.5084034075348806,0.08118321827284715,1.0,8.383333333333333,60
wearable,heart_rate_eps4.0,uniform,4.0,8,1,16.0,2,0,0.0,90.22535673458927,0.4748702986031014,0.08118321827284715,1.0,8.383333333333333,60
wearable,heart_rate_eps4.0,uniform,4.0,8,2,,2,0,0.0,90.22535673458927,0.4748702986031014,0.08118321827284715,1.0,8.383333333333333,60
wearable,heart_rate_eps4.0,uniform,4.0,8,2,4.0,2,0,0.0,130.14967045155706,0.6849982655345108,0.2431338783730404,1.0,8.383333333333333,60
wearable,heart_rate_eps4.0,uniform,4.0,8,2,8.0,2,0,0.0,96.5966474316273,0.5084034075348806,0.08118321827284715,1.0,8.383333333333333,60
wearable,heart_rate_eps4.0,uniform,4.0,8,2,16.0,2,0,0.0,90.22535673458927,0.4748702986031014,0.08118321827284715,1.0,8.383333333333333,60
wearable,heart_rate_eps4.0,uniform,4.0,8,3,,2,0,0.0,90.22535673458927,0.4748702986031014,0.08118321827284715,1.0,8.383333333333333,60
wearable,heart_rate_eps4.0,uniform,4.0,8,3,4.0,2,0,0.0,130.14967045155706,0.6849982655345108,0.2431338783730404,1.0,8.383333333333333,60
wearable,heart_rate_eps4.0,uniform,4.0,8,3,8.0,2,0,0.0,96.5966474316273,0.5084034075348806,0.08118321827284715,1.0,8.383333333333333,60
wearable,heart_rate_eps4.0,uniform,4.0,8,3,16.0,2,0,0.0,90.22535673458927,0.4748702986031014,0.08118321827284715,1.0,8.383333333333333,60
wearable,heart_rate_eps4.0,uniform,4.0,8,4,,2,0,0.0,90.22535673458927,0.4748702986031014,0.08118321827284715,1.0,8.383333333333333,60
wearable,heart_rate_eps4.0,uniform,4.0,8,4,4.0,2,0,0.0,130.14967045155706,0.6849982655345108,0.2431338783730404,1.0,8.383333333333333,60
wearable,heart_rate_eps4.0,uniform,4.0,8,4,8.0,2,0,0.0,96.5966474316273,0.5084034075348806,0.08118321827284715,1.0,8.383333333333333,60
wearable,heart_rate_eps4.0,uniform,4.0,8,4,16.0,2,0,0.0,90.22535673458927,0.4748702986031014,0.08118321827284715,1.0,8.383333333333333,60
wearable,heart_rate_eps4.0,uniform,4.0,8,6,,2,0,0.0,90.22535673458927,0.4748702986031014,0.08118321827284715,1.0,8.383333333333333,60
wearable,heart_rate_eps4.0,uniform,4.0,8,6,8.0,2,0,0.0,96.5966474316273,0.5084034075348806,0.08118321827284715,1.0,8.383333333333333,60
wearable,heart_rate_eps4.0,uniform,4.0,8,6,16.0,2,0,0.0,90.22535673458927,0.4748702986031014,0.08118321827284715,1.0,8.383333333333333,60
wearable,heart_rate_eps4.0,uniform,4.0,8,1,,2,2,0.0,90.22535673458927,0.4748702986031014,0.08118321827284715,1.0,8.383333333333333,60
wearable,heart_rate_eps4.0,uniform,4.0,8,1,4.0,2,2,0.0,130.14967045155706,0.6849982655345108,0.2431338783730404,1.0,8.383333333333333,60
wearable,heart_rate_eps4.0,uniform,4.0,8,1,8.0,2,2,0.0,96.5966474316273,0.5084034075348806,0.08118321827284715,1.0,8.383333333333333,60
wearable,heart_rate_eps4.0,uniform,4.0,8,1,16.0,2,2,0.0,90.22535673458927,0.4748702986031014,0.08118321827284715,1.0,8.383333333333333,60
wearable,heart_rate_eps4.0,uniform,4.0,8,2,,2,2,0.0,64.95085562022469,0.3418466085274984,0.08095617340558152,1.0,9.054545454545455,55
wearable,heart_rate_eps4.0,uniform,4.0,8,2,4.0,2,2,0.0,108.50465240237139,0.5710771179072178,0.3705008269054393,1.0,9.054545454545455,55
wearable,heart_rate_eps4.0,uniform,4.0,8,2,8.0,2,2,0.0,71.90135456244799,0.378428181907621,0.12856477717298584,1.0,9.054545454545455,55
wearable,heart_rate_eps4.0,uniform,4.0,8,2,16.0,2,2,0.0,64.95085562022469,0.3418466085274984,0.08095617340558152,1.0,9.054545454545455,55
wearable,heart_rate_eps4.0,uniform,4.0,8,3,,2,2,0.0,50.32117936453183,0.26484831244490437,0.18459661349162185,1.0,9.203703703703704,54
wearable,heart_rate_eps4.0,uniform,4.0,8,3,4.0,2,2,0.0,94.6815279389405,0.4983238312575816,0.5089331813921221,1.0,9.203703703703704,54
wearable,heart_rate_eps4.0,uniform,4.0,8,3,8.0,2,2,0.0,57.400391250129644,0.30210732236910337,0.05684720124694377,1.0,9.203703703703704,54
wearable,heart_rate_eps4.0,uniform,4.0,8,3,16.0,2,2,0.0,50.32117936453183,0.26484831244490437,0.18459661349162185,1.0,9.203703703703704,54
wearable,heart_rate_eps4.0,uniform,4.0,8,4,,2,2,0.0,51.40885701179175,0.2705729316410092,0.36819619539305964,1.0,9.185185185185185,54
wearable,heart_rate_eps4.0,uniform,4.0,8,4,4.0,2,2,0.0,95.76920558620043,0.5040484504536865,0.4204260645805047,1.0,9.185185185185185,54
wearable,heart_rate_eps4.0,uniform,4.0,8,4,8.0,2,2,0.0,58.488068897389574,0.30783194156520827,0.39597002924710484,1.0,9.185185185185185,54
wearable,heart_rate_eps4.0,uniform,4.0,8,4,16.0,2,2,0.0,51.40885701179175,0.2705729316410092,0.36819619539305964,1.0,9.185185185185185,54
wearable,heart_rate_eps4.0,uniform,4.0,8,6,,2,2,0.0,51.40885701179175,0.2705729316410092,0.36819619539305964,1.0,9.185185185185185,54
wearable,heart_rate_eps4.0,uniform,4.0,8,6,8.0,2,2,0.0,58.488068897389574,0.30783194156520827,0.39597002924710484,1.0,9.185185185185185,54
wearable,heart_rate_eps4.0,uniform,4.0,8,6,16.0,2,2,0.0,51.40885701179175,0.2705729316410092,0.36819619539305964,1.0,9.185185185185185,54
wearable,heart_rate_eps4.0,uniform,4.0,8,1,,2,4,0.0,90.22535673458927,0.4748702986031014,0.08118321827284715,1.0,8.383333333333333,60
wearable,heart_rate_eps4.0,uniform,4.0,8,1,4.0,2,4,0.0,130.14967045155706,0.6849982655345108,0.2431338783730404,1.0,8.383333333333333,60
wearable,heart_rate_eps4.0,uniform,4.0,8,1,8.0,2,4,0.0,96.5966474316273,0.5084034075348806,0.08118321827284715,1.0,8.383333333333333,60
wearable,heart_rate_eps4.0,uniform,4.0,8,1,16.0,2,4,0.0,90.22535673458927,0.4748702986031014,0.08118321827284715,1.0,8.383333333333333,60
wearable,heart_rate_eps4.0,uniform,4.0,8,2,,2,4,0.0,50.32117936453183,0.26484831244490437,0.1478631424906708,1.0,9.203703703703704,54
wearable,heart_rate_eps4.0,uniform,4.0,8,2,4.0,2,4,0.0,94.6815279389405,0.4983238312575816,0.46412880585941296,1.0,9.203703703703704,54
wearable,heart_rate_eps4.0,uniform,4.0,8,2,8.0,2,4,0.0,57.400391250129644,0.30210732236910337,0.05684720124694377,1.0,9.203703703703704,54
wearable,heart_rate_eps4.0,uniform,4.0,8,2,16.0,2,4,0.0,50.32117936453183,0.26484831244490437,0.1478631424906708,1.0,9.203703703703704,54
wearable,heart_rate_eps4.0,uniform,4.0,8,3,,2,4,0.0,38.387235405827404,0.20203808108330212,0.3776443047379464,1.0,9.358490566037736,53
wearable,heart_rate_eps4.0,uniform,4.0,8,3,4.0,2,4,0.0,83.58457168918719,0.4399187983641431,1.1780326670672683,1.0,9.358490566037736,53
wearable,heart_rate_eps4.0,uniform,4.0,8,3,8.0,2,4,0.0,45.60001732700254,0.24000009119475021,0.5593382814966164,1.0,9.358490566037736,53
wearable,heart_rate_eps4.0,uniform,4.0,8,3,16.0,2,4,0.0,38.387235405827404,0.20203808108330212,0.3776443047379464,1.0,9.358490566037736,53
wearable,heart_rate_eps4.0,uniform,4.0,8,4,,2,4,0.0,39.23349725816466,0.20649209083244557,0.27377305327070367,1.0,9.5,52
wearable,heart_rate_eps4.0,uniform,4.0,8,4,4.0,2,4,0.0,85.30001308543521,0.4489474372917643,1.1581501892254193,1.0,9.5,52
wearable,heart_rate_eps4.0,uniform,4.0,8,4,8.0,2,4,0.0,46.58498652397778,0.24518413959988306,0.4233281421034345,1.0,9.5,52
wearable,heart_rate_eps4.0,uniform,4.0,8,4,16.0,2,4,0.0,39.23349725816466,0.20649209083244557,0.27377305327070367,1.0,9.5,52
wearable,heart_rate_eps4.0,uniform,4.0,8,6,,2,4,0.0,39.23349725816466,0.20649209083244557,0.27377305327070367,1.0,9.5,52
wearable,heart_rate_eps4.0,uniform,4.0,8,6,8.0,2,4,0.0,46.58498652397778,0.24518413959988306,0.4233281421034345,1.0,9.5,52
wearable,heart_rate_eps4.0,uniform,4.0,8,6,16.0,2,4,0.0,39.23349725816466,0.20649209083244557,0.27377305327070367,1.0,9.5,52
wearable,heart_rate_eps4.0,uniform,4.0,8,1,,4,0,0.0,77.55003366427384,0.40815807191723075,0.20901090763310193,1.0,8.433333333333334,30
wearable,heart_rate_eps4.0,uniform,4.0,8,1,4.0,4,0,0.0,115.97705403736407,0.610405547565074,0.3502624145936459,1.0,8.433333333333334,30
wearable,heart_rate_eps4.0,uniform,4.0,8,1,8.0,4,0,0.0,83.43634326439863,0.4391386487599928,0.24886096786100378,1.0,8.433333333333334,30
wearable,heart_rate_eps4.0,uniform,4.0,8,1,16.0,4,0,0.0,77.55003366427384,0.40815807191723075,0.20901090763310193,1.0,8.433333333333334,30
wearable,heart_rate_eps4.0,uniform,4.0,8,2,,4,0,0.0,77.55003366427384,0.40815807191723075,0.20901090763310193,1.0,8.433333333333334,30
wearable,heart_rate_eps4.0,uniform,4.0,8,2,4.0,4,0,0.0,115.97705403736407,0.610405547565074,0.3502624145936459,1.0,8.433333333333334,30
wearable,heart_rate_eps4.0,uniform,4.0,8,2,8.0,4,0,0.0,83.43634326439863,0.4391386487599928,0.24886096786100378,1.0,8.433333333333334,30
wearable,heart_rate_eps4.0,uniform,4.0,8,2,16.0,4,0,0.0,77.55003366427384,0.40815807191723075,0.20901090763310193,1.0,8.433333333333334,30
wearable,heart_rate_eps4.0,uniform,4.0,8,3,,4,0,0.0,77.55003366427384,0.40815807191723075,0.20901090763310193,1.0,8.433333333333334,30
wearable,heart_rate_eps4.0,uniform,4.0,8,3,4.0,4,0,0.0,115.97705403736407,0.610405547565074,0.3502624145936459,1.0,8.433333333333334,30
wearable,heart_rate_eps4.0,uniform,4.0,8,3,8.0,4,0,0.0,83.43634326439863,0.4391386487599928,0.24886096786100378,1.0,8.433333333333334,30
wearable,heart_rate_eps4.0,uniform,4.0,8,3,16.0,4,0,0.0,77.55003366427384,0.40815807191723075,0.20901090763310193,1.0,8.433333333333334,30
wearable,heart_rate_eps4.0,uniform,4.0,8,4,,4,0,0.0,77.55003366427384,0.40815807191723075,0.20901090763310193,1.0,8.433333333333334,30
wearable,heart_rate_eps4.0,uniform,4.0,8,4,4.0,4,0,0.0,115.97705403736407,0.610405547565074,0.3502624145936459,1.0,8.433333333333334,30
wearable,heart_rate_eps4.0,uniform,4.0,8,4,8.0,4,0,0.0,83.43634326439863,0.4391386487599928,0.24886096786100378,1.0,8.433333333333334,30
wearable,heart_rate_eps4.0,uniform,4.0,8,4,16.0,4,0,0.0,77.55003366427384,0.40815807191723075,0.20901090763310193,1.0,8.433333333333334,30
wearable,heart_rate_eps4.0,uniform,4.0,8,6,,4,0,0.0,77.55003366427384,0.40815807191723075,0.20901090763310193,1.0,8.433333333333334,30
wearable,heart_rate_eps4.0,uniform,4.0,8,6,8.0,4,0,0.0,83.43634326439863,0.4391386487599928,0.24886096786100378,1.0,8.433333333333334,30
wearable,heart_rate_eps4.0,uniform,4.0,8,6,16.0,4,0,0.0,77.55003366427384,0.40815807191723075,0.20901090763310193,1.0,8.433333333333334,30
wearable,heart_rate_eps4.0,uniform,4.0,8,1,,4,2,0.0,77.55003366427384,0.40815807191723075,0.20901090763310193,1.0,8.433333333333334,30
wearable,heart_rate_eps4.0,uniform,4.0,8,1,4.0,4,2,0.0,115.97705403736407,0.610405547565074,0.3502624145936459,1.0,8.433333333333334,30
wearable,heart_rate_eps4.0,uniform,4.0,8,1,8.0,4,2,0.0,83.43634326439863,0.4391386487599928,0.24886096786100378,1.0,8.433333333333334,30
wearable,heart_rate_eps4.0,uniform,4.0,8,1,16.0,4,2,0.0,77.55003366427384,0.40815807191723075,0.20901090763310193,1.0,8.433333333333334,30
wearable,heart_rate_eps4.0,uniform,4.0,8,2,,4,2,0.0,62.62502427697687,0.32960539093145724,0.1241882597272852,1.0,8.964285714285714,28
wearable,heart_rate_eps4.0,uniform,4.0,8,2,4.0,4,2,0.0,103.79683181957355,0.5462991148398608,0.34595651961352814,1.0,8.964285714285714,28
wearable,heart_rate_eps4.0,uniform,4.0,8,2,8.0,4,2,0.0,68.93178456282486,0.36279886612013085,0.16092988368055886,1.0,8.964285714285714,28
wearable,heart_rate_eps4.0,uniform,4.0,8,2,16.0,4,2,0.0,62.62502427697687,0.32960539093145724,0.1241882597272852,1.0,8.964285714285714,28
wearable,heart_rate_eps4.0,uniform,4.0,8,3,,4,2,0.0,62.62502427697687,0.32960539093145724,0.1241882597272852,1.0,8.964285714285714,28
wearable,heart_rate_eps4.0,uniform,4.0,8,3,4.0,4,2,0.0,103.79683181957355,0.5462991148398608,0.34595651961352814,1.0,8.964285714285714,28
wearable,heart_rate_eps4.0,uniform,4.0,8,3,8.0,4,2,0.0,68.93178456282486,0.36279886612013085,0.16092988368055886,1.0,8.964285714285714,28
wearable,heart_rate_eps4.0,uniform,4.0,8,3,16.0,4,2,0.0,62.62502427697687,0.32960539093145724,0.1241882597272852,1.0,8.964285714285714,28
wearable,heart_rate_eps4.0,uniform,4.0,8,4,,4,2,0.0,62.884098976563756,0.3309689419819145,0.1290175230735663,1.0,9.25925925925926,27
wearable,heart_rate_eps4.0,uniform,4.0,8,4,4.0,4,2,0.0,105.58078827999734,0.555688359368407,0.5115247564512924,1.0,9.25925925925926,27
wearable,heart_rate_eps4.0,uniform,4.0,8,4,8.0,4,2,0.0,69.42444297670242,0.3653918051405391,0.16734685438622465,1.0,9.25925925925926,27
wearable,heart_rate_eps4.0,uniform,4.0,8,4,16.0,4,2,0.0,62.884098976563756,0.3309689419819145,0.1290175230735663,1.0,9.25925925925926,27
wearable,heart_rate_eps4.0,uniform,4.0,8,6,,4,2,0.0,62.884098976563756,0.3309689419819145,0.1290175230735663,1.0,9.25925925925926,27
wearable,heart_rate_eps4.0,uniform,4.0,8,6,8.0,4,2,0.0,69.42444297670242,0.3653918051405391,0.16734685438622465,1.0,9.25925925925926,27
wearable,heart_rate_eps4.0,uniform,4.0,8,6,16.0,4,2,0.0,62.884098976563756,0.3309689419819145,0.1290175230735663,1.0,9.25925925925926,27
wearable,heart_rate_eps4.0,uniform,4.0,8,1,,4,4,0.0,77.55003366427384,0.40815807191723075,0.20901090763310193,1.0,8.433333333333334,30
wearable,heart_rate_eps4.0,uniform,4.0,8,1,4.0,4,4,0.0,115.97705403736407,0.610405547565074,0.3502624145936459,1.0,8.433333333333334,30
wearable,heart_rate_eps4.0,uniform,4.0,8,1,8.0,4,4,0.0,83.43634326439863,0.4391386487599928,0.24886096786100378,1.0,8.433333333333334,30
wearable,heart_rate_eps4.0,uniform,4.0,8,1,16.0,4,4,0.0,77.55003366427384,0.40815807191723075,0.20901090763310193,1.0,8.433333333333334,30
wearable,heart_rate_eps4.0,uniform,4.0,8,2,,4,4,0.0,62.884098976563756,0.3309689419819145,0.1290175230735663,1.0,9.25925925925926,27
wearable,heart_rate_eps4.0,uniform,4.0,8,2,4.0,4,4,0.0,105.58078827999735,0.5556883593684071,0.5115247564512924,1.0,9.25925925925926,27
wearable,heart_rate_eps4.0,uniform,4.0,8,2,8.0,4,4,0.0,69.42444297670242,0.3653918051405391,0.16734685438622465,1.0,9.25925925925926,27
wearable,heart_rate_eps4.0,uniform,4.0,8,2,16.0,4,4,0.0,62.884098976563756,0.3309689419819145,0.1290175230735663,1.0,9.25925925925926,27
wearable,heart_rate_eps4.0,uniform,4.0,8,3,,4,4,0.0,62.884098976563756,0.3309689419819145,0.1290175230735663,1.0,9.25925925925926,27
wearable,heart_rate_eps4.0,uniform,4.0,8,3,4.0,4,4,0.0,105.58078827999735,0.5556883593684071,0.5115247564512924,1.0,9.25925925925926,27
wearable,heart_rate_eps4.0,uniform,4.0,8,3,8.0,4,4,0.0,69.42444297670242,0.3653918051405391,0.16734685438622465,1.0,9.25925925925926,27
wearable,heart_rate_eps4.0,uniform,4.0,8,3,16.0,4,4,0.0,62.884098976563756,0.3309689419819145,0.1290175230735663,1.0,9.25925925925926,27
wearable,heart_rate_eps4.0,uniform,4.0,8,4,,4,4,0.0,35.205237063440286,0.18529072138652783,0.7647946173341301,1.0,9.576923076923077,26
wearable,heart_rate_eps4.0,uniform,4.0,8,4,4.0,4,4,0.0,79.54410672469824,0.4186531932878855,1.1023647647529915,1.0,9.576923076923077,26
wearable,heart_rate_eps4.0,uniform,4.0,8,4,8.0,4,4,0.0,41.997132755891975,0.22103754082048407,1.2562787297937,1.0,9.576923076923077,26
wearable,heart_rate_eps4.0,uniform,4.0,8,4,16.0,4,4,0.0,35.205237063440286,0.18529072138652783,0.7647946173341301,1.0,9.576923076923077,26
wearable,heart_rate_eps4.0,uniform,4.0,8,6,,4,4,0.0,35.205237063440286,0.18529072138652783,0.7647946173341301,1.0,9.576923076923077,26
wearable,heart_rate_eps4.0,uniform,4.0,8,6,8.0,4,4,0.0,41.997132755891975,0.22103754082048407,1.2562787297937,1.0,9.576923076923077,26
wearable,heart_rate_eps4.0,uniform,4.0,8,6,16.0,4,4,0.0,35.205237063440286,0.18529072138652783,0.7647946173341301,1.0,9.576923076923077,26
wearable,heart_rate_eps4.0,sample,4.0,8,1,,1,0,0.0,15.988634851559947,0.08415070974505236,0.015693411348260855,0.12605042016806722,8.403361344537815,119
wearable,heart_rate_eps4.0,sample,4.0,8,1,4.0,1,0,0.0,17.771750895487962,0.09353553102888401,0.2154579320923601,0.12605042016806722,8.403361344537815,119
wearable,heart_rate_eps4.0,sample,4.0,8,1,8.0,1,0,0.0,16.153904378538687,0.08502054936072993,0.0114668968835515,0.12605042016806722,8.403361344537815,119
wearable,heart_rate_eps4.0,sample,4.0,8,1,16.0,1,0,0.0,15.988634851559947,0.08415070974505236,0.015693411348260855,0.12605042016806722,8.403361344537815,119
wearable,heart_rate_eps4.0,sample,4.0,8,2,,1,0,0.0,15.988634851559947,0.08415070974505236,0.015693411348260855,0.12605042016806722,8.403361344537815,119
wearable,heart_rate_eps4.0,sample,4.0,8,2,4.0,1,0,0.0,17.771750895487962,0.09353553102888401,0.2154579320923601,0.12605042016806722,8.403361344537815,119
wearable,heart_rate_eps4.0,sample,4.0,8,2,8.0,1,0,0.0,16.153904378538687,0.08502054936072993,0.0114668968835515,0.12605042016806722,8.403361344537815,119
wearable,heart_rate_eps4.0,sample,4.0,8,2,16.0,1,0,0.0,15.988634851559947,0.08415070974505236,0.015693411348260855,0.12605042016806722,8.403361344537815,119
wearable,heart_rate_eps4.0,sample,4.0,8,3,,1,0,0.0,15.988634851559947,0.08415070974505236,0.015693411348260855,0.12605042016806722,8.403361344537815,119
wearable,heart_rate_eps4.0,sample,4.0,8,3,4.0,1,0,0.0,17.771750895487962,0.09353553102888401,0.2154579320923601,0.12605042016806722,8.403361344537815,119
wearable,heart_rate_eps4.0,sample,4.0,8,3,8.0,1,0,0.0,16.153904378538687,0.08502054936072993,0.0114668968835515,0.12605042016806722,8.403361344537815,119
wearable,heart_rate_eps4.0,sample,4.0,8,3,16.0,1,0,0.0,15.988634851559947,0.08415070974505236,0.015693411348260855,0.12605042016806722,8.403361344537815,119
wearable,heart_rate_eps4.0,sample,4.0,8,4,,1,0,0.0,15.988634851559947,0.08415070974505236,0.015693411348260855,0.12605042016806722,8.403361344537815,119
wearable,heart_rate_eps4.0,sample,4.0,8,4,4.0,1,0,0.0,17.771750895487962,0.09353553102888401,0.2154579320923601,0.12605042016806722,8.403361344537815,119
wearable,heart_rate_eps4.0,sample,4.0,8,4,8.0,1,0,0.0,16.153904378538687,0.08502054936072993,0.0114668968835515,0.12605042016806722,8.403361344537815,119
wearable,heart_rate_eps4.0,sample,4.0,8,4,16.0,1,0,0.0,15.988634851559947,0.08415070974505236,0.015693411348260855,0.12605042016806722,8.403361344537815,119
wearable,heart_rate_eps4.0,sample,4.0,8,6,,1,0,0.0,15.988634851559947,0.08415070974505236,0.015693411348260855,0.12605042016806722,8.403361344537815,119
wearable,heart_rate_eps4.0,sample,4.0,8,6,8.0,1,0,0.0,16.153904378538687,0.08502054936072993,0.0114668968835515,0.12605042016806722,8.403361344537815,119
wearable,heart_rate_eps4.0,sample,4.0,8,6,16.0,1,0,0.0,15.988634851559947,0.08415070974505236,0.015693411348260855,0.12605042016806722,8.403361344537815,119
wearable,heart_rate_eps4.0,sample,4.0,8,1,,1,2,0.0,15.988634851559947,0.08415070974505236,0.015693411348260855,0.12605042016806722,8.403361344537815,119
wearable,heart_rate_eps4.0,sample,4.0,8,1,4.0,1,2,0.0,17.771750895487962,0.09353553102888401,0.2154579320923601,0.12605042016806722,8.403361344537815,119
wearable,heart_rate_eps4.0,sample,4.0,8,1,8.0,1,2,0.0,16.153904378538687,0.08502054936072993,0.0114668968835515,0.12605042016806722,8.403361344537815,119
wearable,heart_rate_eps4.0,sample,4.0,8,1,16.0,1,2,0.0,15.988634851559947,0.08415070974505236,0.015693411348260855,0.12605042016806722,8.403361344537815,119
wearable,heart_rate_eps4.0,sample,4.0,8,2,,1,2,0.0,13.529901200325959,0.07121000631750504,0.059138389504901134,0.12844036697247707,9.082568807339449,109
wearable,heart_rate_eps4.0,sample,4.0,8,2,4.0,1,2,0.0,15.476605872137279,0.08145582037966989,0.13481139999209982,0.12844036697247707,9.082568807339449,109
wearable,heart_rate_eps4.0,sample,4.0,8,2,8.0,1,2,0.0,13.710333069229355,0.07215964773278608,0.02210160555242975,0.12844036697247707,9.082568807339449,109
wearable,heart_rate_eps4.0,sample,4.0,8,2,16.0,1,2,0.0,13.529901200325959,0.07121000631750504,0.059138389504901134,0.12844036697247707,9.082568807339449,109
wearable,heart_rate_eps4.0,sample,4.0,8,3,,1,2,0.0,13.669023829400148,0.0719422306810534,0.12050479474265449,0.1308411214953271,9.214953271028037,107
wearable,heart_rate_eps4.0,sample,4.0,8,3,4.0,1,2,0.0,15.705125990717509,0.08265855784588162,0.08327837584719575,0.1308411214953271,9.214953271028037,107
wearable,heart_rate_eps4.0,sample,4.0,8,3,8.0,1,2,0.0,13.852828256600802,0.07290962240316211,0.12050479474265449,0.1308411214953271,9.214953271028037,107
wearable,heart_rate_eps4.0,sample,4.0,8,3,16.0,1,2,0.0,13.669023829400148,0.0719422306810534,0.12050479474265449,0.1308411214953271,9.214953271028037,107
wearable,heart_rate_eps4.0,sample,4.0,8,4,,1,2,0.0,13.509714857517634,0.07110376240798755,0.1952591213690342,0.1308411214953271,9.214953271028037,107
wearable,heart_rate_eps4.0,sample,4.0,8,4,4.0,1,2,0.0,15.545817018834997,0.08182008957281578,0.21565727875715923,0.1308411214953271,9.214953271028037,107
wearable,heart_rate_eps4.0,sample,4.0,8,4,8.0,1,2,0.0,13.693519284718292,0.07207115413009628,0.09850955331876582,0.1308411214953271,9.214953271028037,107
wearable,heart_rate_eps4.0,sample,4.0,8,4,16.0,1,2,0.0,13.509714857517634,0.07110376240798755,0.1952591213690342,0.1308411214953271,9.214953271028037,107
wearable,heart_rate_eps4.0,sample,4.0,8,6,,1,2,0.0,13.848785110032402,0.07288834268438106,0.0,0.1320754716981132,9.273584905660377,106
wearable,heart_rate_eps4.0,sample,4.0,8,6,8.0,1,2,0.0,14.034323541263252,0.0738648607434908,0.0,0.1320754716981132,9.273584905660377,106
wearable,heart_rate_eps4.0,sample,4.0,8,6,16.0,1,2,0.0,13.848785110032402,0.07288834268438106,0.0,0.1320754716981132,9.273584905660377,106
wearable,heart_rate_eps4.0,sample,4.0,8,1,,1,4,0.0,15.988634851559947,0.08415070974505236,0.015693411348260855,0.12605042016806722,8.403361344537815,119
wearable,heart_rate_eps4.0,sample,4.0,8,1,4.0,1,4,0.0,17.771750895487962,0.09353553102888401,0.2154579320923601,0.12605042016806722,8.403361344537815,119
wearable,heart_rate_eps4.0,sample,4.0,8,1,8.0,1,4,0.0,16.153904378538687,0.08502054936072993,0.0114668968835515,0.12605042016806722,8.403361344537815,119
wearable,heart_rate_eps4.0,sample,4.0,8,1,16.0,1,4,0.0,15.988634851559947,0.08415070974505236,0.015693411348260855,0.12605042016806722,8.403361344537815,119
wearable,heart_rate_eps4.0,sample,4.0,8,2,,1,4,0.0,13.347282531173173,0.07024885542722722,0.059138389504901134,0.1308411214953271,9.233644859813085,107
wearable,heart_rate_eps4.0,sample,4.0,8,2,4.0,1,4,0.0,15.33037420619592,0.0806861800326101,0.08327837584719575,0.1308411214953271,9.233644859813085,107
wearable,heart_rate_eps4.0,sample,4.0,8,2,8.0,1,4,0.0,13.53108695837383,0.07121624714933594,0.02210160555242975,0.1308411214953271,9.233644859813085,107
wearable,heart_rate_eps4.0,sample,4.0,8,2,16.0,1,4,0.0,13.347282531173173,0.07024885542722722,0.059138389504901134,0.1308411214953271,9.233644859813085,107
wearable,heart_rate_eps4.0,sample,4.0,8,3,,1,4,0.0,13.149639131447676,0.06920862700761934,0.15043677981349224,0.13333333333333333,9.371428571428572,105
wearable,heart_rate_eps4.0,sample,4.0,8,3,4.0,1,4,0.0,15.224524191075842,0.08012907468987285,0.43315740273799286,0.13333333333333333,9.371428571428572,105
wearable,heart_rate_eps4.0,sample,4.0,8,3,8.0,1,4,0.0,13.336944595356917,0.0701944452387206,0.1573072078943519,0.13333333333333333,9.371428571428572,105
wearable,heart_rate_eps4.0,sample,4.0,8,3,16.0,1,4,0.0,13.149639131447676,0.06920862700761934,0.15043677981349224,0.13333333333333333,9.371428571428572,105
wearable,heart_rate_eps4.0,sample,4.0,8,4,,1,4,0.0,12.92502880712094,0.06802646740589968,0.16745606001656824,0.125,9.442307692307692,104
wearable,heart_rate_eps4.0,sample,4.0,8,4,4.0,1,4,0.0,15.019864684630145,0.07905191939279023,0.18268567205630037,0.125,9.442307692307692,104
wearable,heart_rate_eps4.0,sample,4.0,8,4,8.0,1,4,0.0,13.114135285106228,0.06902176465845383,0.06446458435015345,0.125,9.442307692307692,104
wearable,heart_rate_eps4.0,sample,4.0,8,4,16.0,1,4,0.0,12.92502880712094,0.06802646740589968,0.16745606001656824,0.125,9.442307692307692,104
wearable,heart_rate_eps4.0,sample,4.0,8,6,,1,4,0.0,13.116435952535783,0.06903387343439886,0.16745606001656824,0.1262135922330097,9.504854368932039,103
wearable,heart_rate_eps4.0,sample,4.0,8,6,8.0,1,4,0.0,13.30737841574423,0.0700388337670749,0.06446458435015345,0.1262135922330097,9.504854368932039,103
wearable,heart_rate_eps4.0,sample,4.0,8,6,16.0,1,4,0.0,13.116435952535783,0.06903387343439886,0.16745606001656824,0.1262135922330097,9.504854368932039,103
wearable,heart_rate_eps4.0,sample,4.0,8,1,,2,0,0.0,10.509335286267325,0.05531229098035434,0.5935730582947492,0.13333333333333333,8.383333333333333,60
wearable,heart_rate_eps4.0,sample,4.0,8,1,4.0,2,0,0.0,12.154860546029228,0.0639729502422591,0.3212838971579303,0.13333333333333333,8.383333333333333,60
wearable,heart_rate_eps4.0,sample,4.0,8,1,8.0,2,0,0.0,10.524809134764393,0.055393732288233646,0.5935730582947492,0.13333333333333333,8.383333333333333,60
wearable,heart_rate_eps4.0,sample,4.0,8,1,16.0,2,0,0.0,10.509335286267325,0.05531229098035434,0.5935730582947492,0.13333333333333333,8.383333333333333,60
wearable,heart_rate_eps4.0,sample,4.0,8,2,,2,0,0.0,10.509335286267325,0.05531229098035434,0.5935730582947492,0.13333333333333333,8.383333333333333,60
wearable,heart_rate_eps4.0,sample,4.0,8,2,4.0,2,0,0.0,12.154860546029228,0.0639729502422591,0.3212838971579303,0.13333333333333333,8.383333333333333,60
wearable,heart_rate_eps4.0,sample,4.0,8,2,8.0,2,0,0.0,10.524809134764393,0.055393732288233646,0.5935730582947492,0.13333333333333333,8.383333333333333,60
wearable,heart_rate_eps4.0,sample,4.0,8,2,16.0,2,0,0.0,10.509335286267325,0.05531229098035434,0.5935730582947492,0.13333333333333333,8.383333333333333,60
wearable,heart_rate_eps4.0,sample,4.0,8,3,,2,0,0.0,10.509335286267325,0.05531229098035434,0.5935730582947492,0.13333333333333333,8.383333333333333,60
wearable,heart_rate_eps4.0,sample,4.0,8,3,4.0,2,0,0.0,12.154860546029228,0.0639729502422591,0.3212838971579303,0.13333333333333333,8.383333333333333,60
wearable,heart_rate_eps4.0,sample,4.0,8,3,8.0,2,0,0.0,10.524809134764393,0.055393732288233646,0.5935730582947492,0.13333333333333333,8.383333333333333,60
wearable,heart_rate_eps4.0,sample,4.0,8,3,16.0,2,0,0.0,10.509335286267325,0.05531229098035434,0.5935730582947492,0.13333333333333333,8.383333333333333,60
wearable,heart_rate_eps4.0,sample,4.0,8,4,,2,0,0.0,10.509335286267325,0.05531229098035434,0.5935730582947492,0.13333333333333333,8.383333333333333,60
wearable,heart_rate_eps4.0,sample,4.0,8,4,4.0,2,0,0.0,12.154860546029228,0.0639729502422591,0.3212838971579303,0.13333333333333333,8.383333333333333,60
wearable,heart_rate_eps4.0,sample,4.0,8,4,8.0,2,0,0.0,10.524809134764393,0.055393732288233646,0.5935730582947492,0.13333333333333333,8.383333333333333,60
wearable,heart_rate_eps4.0,sample,4.0,8,4,16.0,2,0,0.0,10.509335286267325,0.05531229098035434,0.5935730582947492,0.13333333333333333,8.383333333333333,60
wearable,heart_rate_eps4.0,sample,4.0,8,6,,2,0,0.0,10.509335286267325,0.05531229098035434,0.5935730582947492,0.13333333333333333,8.383333333333333,60
wearable,heart_rate_eps4.0,sample,4.0,8,6,8.0,2,0,0.0,10.524809134764393,0.055393732288233646,0.5935730582947492,0.13333333333333333,8.383333333333333,60
wearable,heart_rate_eps4.0,sample,4.0,8,6,16.0,2,0,0.0,10.509335286267325,0.05531229098035434,0.5935730582947492,0.13333333333333333,8.383333333333333,60
wearable,heart_rate_eps4.0,sample,4.0,8,1,,2,2,0.0,10.509335286267325,0.05531229098035434,0.5935730582947492,0.13333333333333333,8.383333333333333,60
wearable,heart_rate_eps4.0,sample,4.0,8,1,4.0,2,2,0.0,12.154860546029228,0.0639729502422591,0.3212838971579303,0.13333333333333333,8.383333333333333,60
wearable,heart_rate_eps4.0,sample,4.0,8,1,8.0,2,2,0.0,10.524809134764393,0.055393732288233646,0.5935730582947492,0.13333333333333333,8.383333333333333,60
wearable,heart_rate_eps4.0,sample,4.0,8,1,16.0,2,2,0.0,10.509335286267325,0.05531229098035434,0.5935730582947492,0.13333333333333333,8.383333333333333,60
wearable,heart_rate_eps4.0,sample,4.0,8,2,,2,2,0.0,10.00731235352616,0.05267006501855874,0.7024376907793581,0.12727272727272726,9.054545454545455,55
wearable,heart_rate_eps4.0,sample,4.0,8,2,4.0,2,2,0.0,12.000102297199309,0.06315843314315425,0.9565466230480277,0.12727272727272726,9.054545454545455,55
wearable,heart_rate_eps4.0,sample,4.0,8,2,8.0,2,2,0.0,10.02419291552296,0.05275891008169979,0.8500061128448377,0.12727272727272726,9.054545454545455,55
wearable,heart_rate_eps4.0,sample,4.0,8,2,16.0,2,2,0.0,10.00731235352616,0.05267006501855874,0.7024376907793581,0.12727272727272726,9.054545454545455,55
wearable,heart_rate_eps4.0,sample,4.0,8,3,,2,2,0.0,9.42500803068566,0.04960530542466137,0.6804817450884432,0.12962962962962962,9.203703703703704,54
wearable,heart_rate_eps4.0,sample,4.0,8,3,4.0,2,2,0.0,11.41443507955161,0.06007597410290321,0.7748712137200362,0.12962962962962962,9.203703703703704,54
wearable,heart_rate_eps4.0,sample,4.0,8,3,8.0,2,2,0.0,9.4422011956824,0.04969579576674948,0.5893864739618142,0.12962962962962962,9.203703703703704,54
wearable,heart_rate_eps4.0,sample,4.0,8,3,16.0,2,2,0.0,9.42500803068566,0.04960530542466137,0.6804817450884432,0.12962962962962962,9.203703703703704,54
wearable,heart_rate_eps4.0,sample,4.0,8,4,,2,2,0.0,9.760044382012106,0.05136865464216898,0.6047564333387586,0.12962962962962962,9.185185185185185,54
wearable,heart_rate_eps4.0,sample,4.0,8,4,4.0,2,2,0.0,11.668938606312805,0.06141546634901476,0.980779818288917,0.12962962962962962,9.185185185185185,54
wearable,heart_rate_eps4.0,sample,4.0,8,4,8.0,2,2,0.0,9.777237547008847,0.05145914498425709,0.6047564333387586,0.12962962962962962,9.185185185185185,54
wearable,heart_rate_eps4.0,sample,4.0,8,4,16.0,2,2,0.0,9.760044382012106,0.05136865464216898,0.6047564333387586,0.12962962962962962,9.185185185185185,54
wearable,heart_rate_eps4.0,sample,4.0,8,6,,2,2,0.0,9.760044382012106,0.05136865464216898,0.6047564333387586,0.12962962962962962,9.185185185185185,54
wearable,heart_rate_eps4.0,sample,4.0,8,6,8.0,2,2,0.0,9.777237547008847,0.05145914498425709,0.6047564333387586,0.12962962962962962,9.185185185185185,54
wearable,heart_rate_eps4.0,sample,4.0,8,6,16.0,2,2,0.0,9.760044382012106,0.05136865464216898,0.6047564333387586,0.12962962962962962,9.185185185185185,54
wearable,heart_rate_eps4.0,sample,4.0,8,1,,2,4,0.0,10.509335286267325,0.05531229098035434,0.5935730582947492,0.13333333333333333,8.383333333333333,60
wearable,heart_rate_eps4.0,sample,4.0,8,1,4.0,2,4,0.0,12.154860546029228,0.0639729502422591,0.3212838971579303,0.13333333333333333,8.383333333333333,60
wearable,heart_rate_eps4.0,sample,4.0,8,1,8.0,2,4,0.0,10.524809134764393,0.055393732288233646,0.5935730582947492,0.13333333333333333,8.383333333333333,60
wearable,heart_rate_eps4.0,sample,4.0,8,1,16.0,2,4,0.0,10.509335286267325,0.05531229098035434,0.5935730582947492,0.13333333333333333,8.383333333333333,60
wearable,heart_rate_eps4.0,sample,4.0,8,2,,2,4,0.0,9.928403092414054,0.052254753117968705,0.481383073368548,0.12962962962962962,9.203703703703704,54
wearable,heart_rate_eps4.0,sample,4.0,8,2,4.0,2,4,0.0,11.917830141280005,0.06272542179621056,0.8593003678304005,0.12962962962962962,9.203703703703704,54
wearable,heart_rate_eps4.0,sample,4.0,8,2,8.0,2,4,0.0,9.945596257410795,0.05234524346005682,0.481383073368548,0.12962962962962962,9.203703703703704,54
wearable,heart_rate_eps4.0,sample,4.0,8,2,16.0,2,4,0.0,9.928403092414054,0.052254753117968705,0.481383073368548,0.12962962962962962,9.203703703703704,54
wearable,heart_rate_eps4.0,sample,4.0,8,3,,2,4,0.0,9.19379673703748,0.048388403879144636,0.6550287678657758,0.1320754716981132,9.358490566037736,53
wearable,heart_rate_eps4.0,sample,4.0,8,3,4.0,2,4,0.0,11.261786301226595,0.05927255948013997,0.74947430350101,0.1320754716981132,9.358490566037736,53
wearable,heart_rate_eps4.0,sample,4.0,8,3,8.0,2,4,0.0,9.21131430137378,0.04848060158617779,0.6174677453181663,0.1320754716981132,9.358490566037736,53
wearable,heart_rate_eps4.0,sample,4.0,8,3,16.0,2,4,0.0,9.19379673703748,0.048388403879144636,0.6550287678657758,0.1320754716981132,9.358490566037736,53
wearable,heart_rate_eps4.0,sample,4.0,8,4,,2,4,0.0,9.216888681438526,0.04850994042862382,0.6907244812488814,0.1346153846153846,9.5,52
wearable,heart_rate_eps4.0,sample,4.0,8,4,4.0,2,4,0.0,11.282832155260861,0.0593833271329519,0.7265985699091979,0.1346153846153846,9.5,52
wearable,heart_rate_eps4.0,sample,4.0,8,4,8.0,2,4,0.0,9.234743122012064,0.04860391116848455,0.6644379306807793,0.1346153846153846,9.5,52
wearable,heart_rate_eps4.0,sample,4.0,8,4,16.0,2,4,0.0,9.216888681438526,0.04850994042862382,0.6907244812488814,0.1346153846153846,9.5,52
wearable,heart_rate_eps4.0,sample,4.0,8,6,,2,4,0.0,9.216888681438526,0.04850994042862382,0.6907244812488814,0.1346153846153846,9.5,52
wearable,heart_rate_eps4.0,sample,4.0,8,6,8.0,2,4,0.0,9.234743122012064,0.04860391116848455,0.6644379306807793,0.1346153846153846,9.5,52
wearable,heart_rate_eps4.0,sample,4.0,8,6,16.0,2,4,0.0,9.216888681438526,0.04850994042862382,0.6907244812488814,0.1346153846153846,9.5,52
wearable,heart_rate_eps4.0,sample,4.0,8,1,,4,0,0.0,8.924529611372922,0.04697120848091012,0.6098419869430332,0.13333333333333333,8.433333333333334,30
wearable,heart_rate_eps4.0,sample,4.0,8,1,4.0,4,0,0.0,14.429782251421186,0.07594622237590097,1.022824532339707,0.13333333333333333,8.433333333333334,30
wearable,heart_rate_eps4.0,sample,4.0,8,1,8.0,4,0,0.0,9.699082966314915,0.051047805085867974,0.6098419869430332,0.13333333333333333,8.433333333333334,30
wearable,heart_rate_eps4.0,sample,4.0,8,1,16.0,4,0,0.0,8.924529611372922,0.04697120848091012,0.6098419869430332,0.13333333333333333,8.433333333333334,30
wearable,heart_rate_eps4.0,sample,4.0,8,2,,4,0,0.0,8.924529611372922,0.04697120848091012,0.6098419869430332,0.13333333333333333,8.433333333333334,30
wearable,heart_rate_eps4.0,sample,4.0,8,2,4.0,4,0,0.0,14.429782251421186,0.07594622237590097,1.022824532339707,0.13333333333333333,8.433333333333334,30
wearable,heart_rate_eps4.0,sample,4.0,8,2,8.0,4,0,0.0,9.699082966314915,0.051047805085867974,0.6098419869430332,0.13333333333333333,8.433333333333334,30
wearable,heart_rate_eps4.0,sample,4.0,8,2,16.0,4,0,0.0,8.924529611372922,0.04697120848091012,0.6098419869430332,0.13333333333333333,8.433333333333334,30
wearable,heart_rate_eps4.0,sample,4.0,8,3,,4,0,0.0,8.924529611372922,0.04697120848091012,0.6098419869430332,0.13333333333333333,8.433333333333334,30
wearable,heart_rate_eps4.0,sample,4.0,8,3,4.0,4,0,0.0,14.429782251421186,0.07594622237590097,1.022824532339707,0.13333333333333333,8.433333333333334,30
wearable,heart_rate_eps4.0,sample,4.0,8,3,8.0,4,0,0.0,9.699082966314915,0.051047805085867974,0.6098419869430332,0.13333333333333333,8.433333333333334,30
wearable,heart_rate_eps4.0,sample,4.0,8,3,16.0,4,0,0.0,8.924529611372922,0.04697120848091012,0.6098419869430332,0.13333333333333333,8.433333333333334,30
wearable,heart_rate_eps4.0,sample,4.0,8,4,,4,0,0.0,8.924529611372922,0.04697120848091012,0.6098419869430332,0.13333333333333333,8.433333333333334,30
wearable,heart_rate_eps4.0,sample,4.0,8,4,4.0,4,0,0.0,14.429782251421186,0.07594622237590097,1.022824532339707,0.13333333333333333,8.433333333333334,30
wearable,heart_rate_eps4.0,sample,4.0,8,4,8.0,4,0,0.0,9.699082966314915,0.051047805085867974,0.6098419869430332,0.13333333333333333,8.433333333333334,30
wearable,heart_rate_eps4.0,sample,4.0,8,4,16.0,4,0,0.0,8.924529611372922,0.04697120848091012,0.6098419869430332,0.13333333333333333,8.433333333333334,30
wearable,heart_rate_eps4.0,sample,4.0,8,6,,4,0,0.0,8.924529611372922,0.04697120848091012,0.6098419869430332,0.13333333333333333,8.433333333333334,30
wearable,heart_rate_eps4.0,sample,4.0,8,6,8.0,4,0,0.0,9.699082966314915,0.051047805085867974,0.6098419869430332,0.13333333333333333,8.433333333333334,30
wearable,heart_rate_eps4.0,sample,4.0,8,6,16.0,4,0,0.0,8.924529611372922,0.04697120848091012,0.6098419869430332,0.13333333333333333,8.433333333333334,30
wearable,heart_rate_eps4.0,sample,4.0,8,1,,4,2,0.0,8.924529611372922,0.04697120848091012,0.6098419869430332,0.13333333333333333,8.433333333333334,30
wearable,heart_rate_eps4.0,sample,4.0,8,1,4.0,4,2,0.0,14.429782251421186,0.07594622237590097,1.022824532339707,0.13333333333333333,8.433333333333334,30
wearable,heart_rate_eps4.0,sample,4.0,8,1,8.0,4,2,0.0,9.699082966314915,0.051047805085867974,0.6098419869430332,0.13333333333333333,8.433333333333334,30
wearable,heart_rate_eps4.0,sample,4.0,8,1,16.0,4,2,0.0,8.924529611372922,0.04697120848091012,0.6098419869430332,0.13333333333333333,8.433333333333334,30
wearable,heart_rate_eps4.0,sample,4.0,8,2,,4,2,0.0,8.793692383483267,0.046282591492017196,0.7661329788839247,0.14285714285714285,8.964285714285714,28
wearable,heart_rate_eps4.0,sample,4.0,8,2,4.0,4,2,0.0,14.865441940519329,0.07823916810799647,1.2087342523777744,0.14285714285714285,8.964285714285714,28
wearable,heart_rate_eps4.0,sample,4.0,8,2,8.0,4,2,0.0,9.623570978063977,0.050650373568757776,0.7661329788839247,0.14285714285714285,8.964285714285714,28
wearable,heart_rate_eps4.0,sample,4.0,8,2,16.0,4,2,0.0,8.793692383483267,0.046282591492017196,0.7661329788839247,0.14285714285714285,8.964285714285714,28
wearable,heart_rate_eps4.0,sample,4.0,8,3,,4,2,0.0,8.793692383483267,0.046282591492017196,0.7661329788839247,0.14285714285714285,8.964285714285714,28
wearable,heart_rate_eps4.0,sample,4.0,8,3,4.0,4,2,0.0,14.865441940519329,0.07823916810799647,1.2087342523777744,0.14285714285714285,8.964285714285714,28
wearable,heart_rate_eps4.0,sample,4.0,8,3,8.0,4,2,0.0,9.623570978063977,0.050650373568757776,0.7661329788839247,0.14285714285714285,8.964285714285714,28
wearable,heart_rate_eps4.0,sample,4.0,8,3,16.0,4,2,0.0,8.793692383483267,0.046282591492017196,0.7661329788839247,0.14285714285714285,8.964285714285714,28
wearable,heart_rate_eps4.0,sample,4.0,8,4,,4,2,0.0,7.977571733051633,0.04198721964764017,1.2033995223833371,0.14814814814814814,9.25925925925926,27
wearable,heart_rate_eps4.0,sample,4.0,8,4,4.0,4,2,0.0,14.033331863587478,0.07385964138730251,1.3228980528999315,0.14814814814814814,9.25925925925926,27
wearable,heart_rate_eps4.0,sample,4.0,8,4,8.0,4,2,0.0,8.838186571876072,0.046516771430926696,0.8256377431758417,0.14814814814814814,9.25925925925926,27
wearable,heart_rate_eps4.0,sample,4.0,8,4,16.0,4,2,0.0,7.977571733051633,0.04198721964764017,1.2033995223833371,0.14814814814814814,9.25925925925926,27
wearable,heart_rate_eps4.0,sample,4.0,8,6,,4,2,0.0,7.977571733051633,0.04198721964764017,1.2033995223833371,0.14814814814814814,9.25925925925926,27
wearable,heart_rate_eps4.0,sample,4.0,8,6,8.0,4,2,0.0,8.838186571876072,0.046516771430926696,0.8256377431758417,0.14814814814814814,9.25925925925926,27
wearable,heart_rate_eps4.0,sample,4.0,8,6,16.0,4,2,0.0,7.977571733051633,0.04198721964764017,1.2033995223833371,0.14814814814814814,9.25925925925926,27
wearable,heart_rate_eps4.0,sample,4.0,8,1,,4,4,0.0,8.924529611372922,0.04697120848091012,0.6098419869430332,0.13333333333333333,8.433333333333334,30
wearable,heart_rate_eps4.0,sample,4.0,8,1,4.0,4,4,0.0,14.429782251421186,0.07594622237590097,1.022824532339707,0.13333333333333333,8.433333333333334,30
wearable,heart_rate_eps4.0,sample,4.0,8,1,8.0,4,4,0.0,9.699082966314915,0.051047805085867974,0.6098419869430332,0.13333333333333333,8.433333333333334,30
wearable,heart_rate_eps4.0,sample,4.0,8,1,16.0,4,4,0.0,8.924529611372922,0.04697120848091012,0.6098419869430332,0.13333333333333333,8.433333333333334,30
wearable,heart_rate_eps4.0,sample,4.0,8,2,,4,4,0.0,7.898628550840477,0.04157172921494988,1.0954220757649835,0.14814814814814814,9.25925925925926,27
wearable,heart_rate_eps4.0,sample,4.0,8,2,4.0,4,4,0.0,13.954388681376317,0.0734441509546122,1.3228980528999315,0.14814814814814814,9.25925925925926,27
wearable,heart_rate_eps4.0,sample,4.0,8,2,8.0,4,4,0.0,8.759243389664917,0.046101280998236405,0.9065411861612358,0.14814814814814814,9.25925925925926,27
wearable,heart_rate_eps4.0,sample,4.0,8,2,16.0,4,4,0.0,7.898628550840477,0.04157172921494988,1.0954220757649835,0.14814814814814814,9.25925925925926,27
wearable,heart_rate_eps4.0,sample,4.0,8,3,,4,4,0.0,7.898628550840477,0.04157172921494988,1.0954220757649835,0.14814814814814814,9.25925925925926,27
wearable,heart_rate_eps4.0,sample,4.0,8,3,4.0,4,4,0.0,13.954388681376317,0.0734441509546122,1.3228980528999315,0.14814814814814814,9.25925925925926,27
wearable,heart_rate_eps4.0,sample,4.0,8,3,8.0,4,4,0.0,8.759243389664917,0.046101280998236405,0.9065411861612358,0.14814814814814814,9.25925925925926,27
wearable,heart_rate_eps4.0,sample,4.0,8,3,16.0,4,4,0.0,7.898628550840477,0.04157172921494988,1.0954220757649835,0.14814814814814814,9.25925925925926,27
wearable,heart_rate_eps4.0,sample,4.0,8,4,,4,4,0.0,7.458324765259353,0.03925434086978607,1.1779786158784713,0.15384615384615385,9.576923076923077,26
wearable,heart_rate_eps4.0,sample,4.0,8,4,4.0,4,4,0.0,13.496865513410343,0.07103613428110707,1.3589905159848081,0.15384615384615385,9.576923076923077,26
wearable,heart_rate_eps4.0,sample,4.0,8,4,8.0,4,4,0.0,8.35204017480781,0.043958106183199,0.8848875802864489,0.15384615384615385,9.576923076923077,26
wearable,heart_rate_eps4.0,sample,4.0,8,4,16.0,4,4,0.0,7.458324765259353,0.03925434086978607,1.1779786158784713,0.15384615384615385,9.576923076923077,26
wearable,heart_rate_eps4.0,sample,4.0,8,6,,4,4,0.0,7.458324765259353,0.03925434086978607,1.1779786158784713,0.15384615384615385,9.576923076923077,26
wearable,heart_rate_eps4.0,sample,4.0,8,6,8.0,4,4,0.0,8.35204017480781,0.043958106183199,0.8848875802864489,0.15384615384615385,9.576923076923077,26
wearable,heart_rate_eps4.0,sample,4.0,8,6,16.0,4,4,0.0,7.458324765259353,0.03925434086978607,1.1779786158784713,0.15384615384615385,9.576923076923077,26
wearable,heart_rate_eps4.0,budget_distribution,4.0,8,1,,1,0,0.0,155.10841456554698,0.8163600766607736,0.08083328311233334,0.5714285714285714,8.403361344537815,119
wearable,heart_rate_eps4.0,budget_distribution,4.0,8,1,4.0,1,0,0.0,233.72316957170696,1.230121945114247,0.31907786123928106,0.5882352941176471,8.403361344537815,119
wearable,heart_rate_eps4.0,budget_distribution,4.0,8,1,8.0,1,0,0.0,168.93859153024485,0.8891504817381308,0.14352287150204507,0.6050420168067226,8.403361344537815,119
wearable,heart_rate_eps4.0,budget_distribution,4.0,8,1,16.0,1,0,0.0,155.10841456554698,0.8163600766607736,0.08083328311233334,0.5714285714285714,8.403361344537815,119
wearable,heart_rate_eps4.0,budget_distribution,4.0,8,2,,1,0,0.0,155.10841456554698,0.8163600766607736,0.08083328311233334,0.5714285714285714,8.403361344537815,119
wearable,heart_rate_eps4.0,budget_distribution,4.0,8,2,4.0,1,0,0.0,233.72316957170696,1.230121945114247,0.31907786123928106,0.5882352941176471,8.403361344537815,119
wearable,heart_rate_eps4.0,budget_distribution,4.0,8,2,8.0,1,0,0.0,168.93859153024485,0.8891504817381308,0.14352287150204507,0.6050420168067226,8.403361344537815,119
wearable,heart_rate_eps4.0,budget_distribution,4.0,8,2,16.0,1,0,0.0,155.10841456554698,0.8163600766607736,0.08083328311233334,0.5714285714285714,8.403361344537815,119
wearable,heart_rate_eps4.0,budget_distribution,4.0,8,3,,1,0,0.0,155.10841456554698,0.8163600766607736,0.08083328311233334,0.5714285714285714,8.403361344537815,119
wearable,heart_rate_eps4.0,budget_distribution,4.0,8,3,4.0,1,0,0.0,233.72316957170696,1.230121945114247,0.31907786123928106,0.5882352941176471,8.403361344537815,119
wearable,heart_rate_eps4.0,budget_distribution,4.0,8,3,8.0,1,0,0.0,168.93859153024485,0.8891504817381308,0.14352287150204507,0.6050420168067226,8.403361344537815,119
wearable,heart_rate_eps4.0,budget_distribution,4.0,8,3,16.0,1,0,0.0,155.10841456554698,0.8163600766607736,0.08083328311233334,0.5714285714285714,8.403361344537815,119
wearable,heart_rate_eps4.0,budget_distribution,4.0,8,4,,1,0,0.0,155.10841456554698,0.8163600766607736,0.08083328311233334,0.5714285714285714,8.403361344537815,119
wearable,heart_rate_eps4.0,budget_distribution,4.0,8,4,4.0,1,0,0.0,233.72316957170696,1.230121945114247,0.31907786123928106,0.5882352941176471,8.403361344537815,119
wearable,heart_rate_eps4.0,budget_distribution,4.0,8,4,8.0,1,0,0.0,168.93859153024485,0.8891504817381308,0.14352287150204507,0.6050420168067226,8.403361344537815,119
wearable,heart_rate_eps4.0,budget_distribution,4.0,8,4,16.0,1,0,0.0,155.10841456554698,0.8163600766607736,0.08083328311233334,0.5714285714285714,8.403361344537815,119
wearable,heart_rate_eps4.0,budget_distribution,4.0,8,6,,1,0,0.0,155.10841456554698,0.8163600766607736,0.08083328311233334,0.5714285714285714,8.403361344537815,119
wearable,heart_rate_eps4.0,budget_distribution,4.0,8,6,8.0,1,0,0.0,168.93859153024485,0.8891504817381308,0.14352287150204507,0.6050420168067226,8.403361344537815,119
wearable,heart_rate_eps4.0,budget_distribution,4.0,8,6,16.0,1,0,0.0,155.10841456554698,0.8163600766607736,0.08083328311233334,0.5714285714285714,8.403361344537815,119
wearable,heart_rate_eps4.0,budget_distribution,4.0,8,1,,1,2,0.0,155.10841456554698,0.8163600766607736,0.08083328311233334,0.5714285714285714,8.403361344537815,119
wearable,heart_rate_eps4.0,budget_distribution,4.0,8,1,4.0,1,2,0.0,233.72316957170696,1.230121945114247,0.31907786123928106,0.5882352941176471,8.403361344537815,119
wearable,heart_rate_eps4.0,budget_distribution,4.0,8,1,8.0,1,2,0.0,168.93859153024485,0.8891504817381308,0.14352287150204507,0.6050420168067226,8.403361344537815,119
wearable,heart_rate_eps4.0,budget_distribution,4.0,8,1,16.0,1,2,0.0,155.10841456554698,0.8163600766607736,0.08083328311233334,0.5714285714285714,8.403361344537815,119
wearable,heart_rate_eps4.0,budget_distribution,4.0,8,2,,1,2,0.0,78.78162629662869,0.4146401384033089,0.11095776711343815,0.5504587155963303,9.082568807339449,109
wearable,heart_rate_eps4.0,budget_distribution,4.0,8,2,4.0,1,2,0.0,170.68598200653207,0.8983472737185898,0.20729403670326596,0.5596330275229358,9.082568807339449,109
wearable,heart_rate_eps4.0,budget_distribution,4.0,8,2,8.0,1,2,0.0,117.50341113680378,0.6184390059831778,0.09449723474440115,0.5779816513761468,9.082568807339449,109
wearable,heart_rate_eps4.0,budget_distribution,4.0,8,2,16.0,1,2,0.0,78.78162629662869,0.4146401384033089,0.11095776711343815,0.5504587155963303,9.082568807339449,109
wearable,heart_rate_eps4.0,budget_distribution,4.0,8,3,,1,2,0.0,100.7451127460982,0.53023743550578,0.12442394086443008,0.5420560747663551,9.214953271028037,107
wearable,heart_rate_eps4.0,budget_distribution,4.0,8,3,4.0,1,2,0.0,178.87748430394382,0.9414604437049675,0.21106156010672095,0.5607476635514018,9.214953271028037,107
wearable,heart_rate_eps4.0,budget_distribution,4.0,8,3,8.0,1,2,0.0,92.39967766994639,0.48631409299971784,0.2046941507335055,0.5794392523364486,9.214953271028037,107
wearable,heart_rate_eps4.0,budget_distribution,4.0,8,3,16.0,1,2,0.0,100.7451127460982,0.53023743550578,0.12442394086443008,0.5420560747663551,9.214953271028037,107
wearable,heart_rate_eps4.0,budget_distribution,4.0,8,4,,1,2,0.0,87.73553588368769,0.46176597833519833,0.1366990163482169,0.5327102803738317,9.214953271028037,107
wearable,heart_rate_eps4.0,budget_distribution,4.0,8,4,4.0,1,2,0.0,179.07107575921754,0.9424793461011449,0.21106156010672095,0.5607476635514018,9.214953271028037,107
wearable,heart_rate_eps4.0,budget_distribution,4.0,8,4,8.0,1,2,0.0,92.40123530234513,0.4863222910649744,0.16037926766208815,0.5794392523364486,9.214953271028037,107
wearable,heart_rate_eps4.0,budget_distribution,4.0,8,4,16.0,1,2,0.0,87.73553588368769,0.46176597833519833,0.1366990163482169,0.5327102803738317,9.214953271028037,107
wearable,heart_rate_eps4.0,budget_distribution,4.0,8,6,,1,2,0.0,82.26340599921738,0.43296529473272305,0.09191531851520036,0.5283018867924528,9.273584905660377,106
wearable,heart_rate_eps4.0,budget_distribution,4.0,8,6,8.0,1,2,0.0,104.61578902890653,0.5506094159416134,0.12568102419021882,0.5754716981132075,9.273584905660377,106
wearable,heart_rate_eps4.0,budget_distribution,4.0,8,6,16.0,1,2,0.0,82.26340599921738,0.43296529473272305,0.09191531851520036,0.5283018867924528,9.273584905660377,106
wearable,heart_rate_eps4.0,budget_distribution,4.0,8,1,,1,4,0.0,155.10841456554698,0.8163600766607736,0.08083328311233334,0.5714285714285714,8.403361344537815,119
wearable,heart_rate_eps4.0,budget_distribution,4.0,8,1,4.0,1,4,0.0,233.72316957170696,1.230121945114247,0.31907786123928106,0.5882352941176471,8.403361344537815,119
wearable,heart_rate_eps4.0,budget_distribution,4.0,8,1,8.0,1,4,0.0,168.93859153024485,0.8891504817381308,0.14352287150204507,0.6050420168067226,8.403361344537815,119
wearable,heart_rate_eps4.0,budget_distribution,4.0,8,1,16.0,1,4,0.0,155.10841456554698,0.8163600766607736,0.08083328311233334,0.5714285714285714,8.403361344537815,119
wearable,heart_rate_eps4.0,budget_distribution,4.0,8,2,,1,4,0.0,77.8056902722627,0.4095036330119089,0.09340189071701198,0.5420560747663551,9.233644859813085,107
wearable,heart_rate_eps4.0,budget_distribution,4.0,8,2,4.0,1,4,0.0,170.62086779287415,0.8980045673309166,0.21177149215489824,0.5607476635514018,9.233644859813085,107
wearable,heart_rate_eps4.0,budget_distribution,4.0,8,2,8.0,1,4,0.0,85.66836291728376,0.45088612061728295,0.20126108743599694,0.5794392523364486,9.233644859813085,107
wearable,heart_rate_eps4.0,budget_distribution,4.0,8,2,16.0,1,4,0.0,77.8056902722627,0.4095036330119089,0.09340189071701198,0.5420560747663551,9.233644859813085,107
wearable,heart_rate_eps4.0,budget_distribution,4.0,8,3,,1,4,0.0,88.33798508500156,0.46493676360527136,0.09282752748657168,0.5428571428571428,9.371428571428572,105
wearable,heart_rate_eps4.0,budget_distribution,4.0,8,3,4.0,1,4,0.0,174.82088868364306,0.9201099404402266,0.20596951488620552,0.5619047619047619,9.371428571428572,105
wearable,heart_rate_eps4.0,budget_distribution,4.0,8,3,8.0,1,4,0.0,91.72652796968741,0.4827711998404601,0.18627117966508527,0.5714285714285714,9.371428571428572,105
wearable,heart_rate_eps4.0,budget_distribution,4.0,8,3,16.0,1,4,0.0,88.33798508500156,0.46493676360527136,0.09282752748657168,0.5428571428571428,9.371428571428572,105
wearable,heart_rate_eps4.0,budget_distribution,4.0,8,4,,1,4,0.0,69.20290579378914,0.3642258199673113,0.050126802197651685,0.5192307692307693,9.442307692307692,104
wearable,heart_rate_eps4.0,budget_distribution,4.0,8,4,4.0,1,4,0.0,184.02507453397237,0.9685530238630125,0.3142757454254006,0.5576923076923077,9.442307692307692,104
wearable,heart_rate_eps4.0,budget_distribution,4.0,8,4,8.0,1,4,0.0,93.95465293454768,0.4944981733397246,0.09966772488258248,0.5769230769230769,9.442307692307692,104
wearable,heart_rate_eps4.0,budget_distribution,4.0,8,4,16.0,1,4,0.0,69.20290579378914,0.3642258199673113,0.050126802197651685,0.5192307692307693,9.442307692307692,104
wearable,heart_rate_eps4.0,budget_distribution,4.0,8,6,,1,4,0.0,45.28954759202485,0.23836603995802555,0.33600907980198064,0.5145631067961165,9.504854368932039,103
wearable,heart_rate_eps4.0,budget_distribution,4.0,8,6,8.0,1,4,0.0,107.22463781361415,0.5643401990190219,0.1805604137648723,0.5728155339805825,9.504854368932039,103
wearable,heart_rate_eps4.0,budget_distribution,4.0,8,6,16.0,1,4,0.0,45.28954759202485,0.23836603995802555,0.33600907980198064,0.5145631067961165,9.504854368932039,103
wearable,heart_rate_eps4.0,budget_distribution,4.0,8,1,,2,0,0.0,215.57162000577603,1.1345874737146107,0.19675827754865277,0.5833333333333334,8.383333333333333,60
wearable,heart_rate_eps4.0,budget_distribution,4.0,8,1,4.0,2,0,0.0,172.67376957956486,0.9088093135766572,0.32699755154553656,0.5666666666666667,8.383333333333333,60
wearable,heart_rate_eps4.0,budget_distribution,4.0,8,1,8.0,2,0,0.0,115.42660555917853,0.6075084503114659,0.3172402238962848,0.5333333333333333,8.383333333333333,60
wearable,heart_rate_eps4.0,budget_distribution,4.0,8,1,16.0,2,0,0.0,215.57162000577603,1.1345874737146107,0.19675827754865277,0.5833333333333334,8.383333333333333,60
wearable,heart_rate_eps4.0,budget_distribution,4.0,8,2,,2,0,0.0,215.57162000577603,1.1345874737146107,0.19675827754865277,0.5833333333333334,8.383333333333333,60
wearable,heart_rate_eps4.0,budget_distribution,4.0,8,2,4.0,2,0,0.0,172.67376957956486,0.9088093135766572,0.32699755154553656,0.5666666666666667,8.383333333333333,60
wearable,heart_rate_eps4.0,budget_distribution,4.0,8,2,8.0,2,0,0.0,115.42660555917853,0.6075084503114659,0.3172402238962848,0.5333333333333333,8.383333333333333,60
wearable,heart_rate_eps4.0,budget_distribution,4.0,8,2,16.0,2,0,0.0,215.57162000577603,1.1345874737146107,0.19675827754865277,0.5833333333333334,8.383333333333333,60
wearable,heart_rate_eps4.0,budget_distribution,4.0,8,3,,2,0,0.0,215.57162000577603,1.1345874737146107,0.19675827754865277,0.5833333333333334,8.383333333333333,60
wearable,heart_rate_eps4.0,budget_distribution,4.0,8,3,4.0,2,0,0.0,172.67376957956486,0.9088093135766572,0.32699755154553656,0.5666666666666667,8.383333333333333,60
wearable,heart_rate_eps4.0,budget_distribution,4.0,8,3,8.0,2,0,0.0,115.42660555917853,0.6075084503114659,0.3172402238962848,0.5333333333333333,8.383333333333333,60
wearable,heart_rate_eps4.0,budget_distribution,4.0,8,3,16.0,2,0,0.0,215.57162000577603,1.1345874737146107,0.19675827754865277,0.5833333333333334,8.383333333333333,60
wearable,heart_rate_eps4.0,budget_distribution,4.0,8,4,,2,0,0.0,215.57162000577603,1.1345874737146107,0.19675827754865277,0.5833333333333334,8.383333333333333,60
wearable,heart_rate_eps4.0,budget_distribution,4.0,8,4,4.0,2,0,0.0,172.67376957956486,0.9088093135766572,0.32699755154553656,0.5666666666666667,8.383333333333333,60
wearable,heart_rate_eps4.0,budget_distribution,4.0,8,4,8.0,2,0,0.0,115.42660555917853,0.6075084503114659,0.3172402238962848,0.5333333333333333,8.383333333333333,60
wearable,heart_rate_eps4.0,budget_distribution,4.0,8,4,16.0,2,0,0.0,215.57162000577603,1.1345874737146107,0.19675827754865277,0.5833333333333334,8.383333333333333,60
wearable,heart_rate_eps4.0,budget_distribution,4.0,8,6,,2,0,0.0,215.57162000577603,1.1345874737146107,0.19675827754865277,0.5833333333333334,8.383333333333333,60
wearable,heart_rate_eps4.0,budget_distribution,4.0,8,6,8.0,2,0,0.0,115.42660555917853,0.6075084503114659,0.3172402238962848,0.5333333333333333,8.383333333333333,60
wearable,heart_rate_eps4.0,budget_distribution,4.0,8,6,16.0,2,0,0.0,215.57162000577603,1.1345874737146107,0.19675827754865277,0.5833333333333334,8.383333333333333,60
wearable,heart_rate_eps4.0,budget_distribution,4.0,8,1,,2,2,0.0,215.57162000577603,1.1345874737146107,0.19675827754865277,0.5833333333333334,8.383333333333333,60
wearable,heart_rate_eps4.0,budget_distribution,4.0,8,1,4.0,2,2,0.0,172.67376957956486,0.9088093135766572,0.32699755154553656,0.5666666666666667,8.383333333333333,60
wearable,heart_rate_eps4.0,budget_distribution,4.0,8,1,8.0,2,2,0.0,115.42660555917853,0.6075084503114659,0.3172402238962848,0.5333333333333333,8.383333333333333,60
wearable,heart_rate_eps4.0,budget_distribution,4.0,8,1,16.0,2,2,0.0,215.57162000577603,1.1345874737146107,0.19675827754865277,0.5833333333333334,8.383333333333333,60
wearable,heart_rate_eps4.0,budget_distribution,4.0,8,2,,2,2,0.0,79.46276263236494,0.4182250664861313,0.04494369414065036,0.5636363636363636,9.054545454545455,55
wearable,heart_rate_eps4.0,budget_distribution,4.0,8,2,4.0,2,2,0.0,165.83812610222552,0.8728322426432922,0.3981250503234064,0.5818181818181818,9.054545454545455,55
wearable,heart_rate_eps4.0,budget_distribution,4.0,8,2,8.0,2,2,0.0,116.19076046547445,0.6115303182393392,0.4131494769691532,0.5636363636363636,9.054545454545455,55
wearable,heart_rate_eps4.0,budget_distribution,4.0,8,2,16.0,2,2,0.0,79.46276263236494,0.4182250664861313,0.04494369414065036,0.5636363636363636,9.054545454545455,55
wearable,heart_rate_eps4.0,budget_distribution,4.0,8,3,,2,2,0.0,44.61132528974435,0.23479644889339132,0.4555932472612163,0.5555555555555556,9.203703703703704,54
wearable,heart_rate_eps4.0,budget_distribution,4.0,8,3,4.0,2,2,0.0,167.9318061782491,0.883851611464469,0.5069911937202631,0.5925925925925926,9.203703703703704,54
wearable,heart_rate_eps4.0,budget_distribution,4.0,8,3,8.0,2,2,0.0,117.2051683383483,0.6168693070439384,0.4230454257084459,0.5740740740740741,9.203703703703704,54
wearable,heart_rate_eps4.0,budget_distribution,4.0,8,3,16.0,2,2,0.0,44.61132528974435,0.23479644889339132,0.4555932472612163,0.5555555555555556,9.203703703703704,54
wearable,heart_rate_eps4.0,budget_distribution,4.0,8,4,,2,2,0.0,45.39025346033919,0.23889607084389047,0.34009722616453897,0.5555555555555556,9.185185185185185,54
wearable,heart_rate_eps4.0,budget_distribution,4.0,8,4,4.0,2,2,0.0,183.1776076013114,0.9640926715858494,0.25136597035146724,0.5925925925925926,9.185185185185185,54
wearable,heart_rate_eps4.0,budget_distribution,4.0,8,4,8.0,2,2,0.0,129.11096237292557,0.6795313809101345,0.290336558576166,0.5740740740740741,9.185185185185185,54
wearable,heart_rate_eps4.0,budget_distribution,4.0,8,4,16.0,2,2,0.0,45.39025346033919,0.23889607084389047,0.34009722616453897,0.5555555555555556,9.185185185185185,54
wearable,heart_rate_eps4.0,budget_distribution,4.0,8,6,,2,2,0.0,45.39025346033919,0.23889607084389047,0.34009722616453897,0.5555555555555556,9.185185185185185,54
wearable,heart_rate_eps4.0,budget_distribution,4.0,8,6,8.0,2,2,0.0,129.11096237292557,0.6795313809101345,0.290336558576166,0.5740740740740741,9.185185185185185,54
wearable,heart_rate_eps4.0,budget_distribution,4.0,8,6,16.0,2,2,0.0,45.39025346033919,0.23889607084389047,0.34009722616453897,0.5555555555555556,9.185185185185185,54
wearable,heart_rate_eps4.0,budget_distribution,4.0,8,1,,2,4,0.0,215.57162000577603,1.1345874737146107,0.19675827754865277,0.5833333333333334,8.383333333333333,60
wearable,heart_rate_eps4.0,budget_distribution,4.0,8,1,4.0,2,4,0.0,172.67376957956486,0.9088093135766572,0.32699755154553656,0.5666666666666667,8.383333333333333,60
wearable,heart_rate_eps4.0,budget_distribution,4.0,8,1,8.0,2,4,0.0,115.42660555917853,0.6075084503114659,0.3172402238962848,0.5333333333333333,8.383333333333333,60
wearable,heart_rate_eps4.0,budget_distribution,4.0,8,1,16.0,2,4,0.0,215.57162000577603,1.1345874737146107,0.19675827754865277,0.5833333333333334,8.383333333333333,60
wearable,heart_rate_eps4.0,budget_distribution,4.0,8,2,,2,4,0.0,44.125214178633236,0.23223796936122756,0.39876318682822964,0.5555555555555556,9.203703703703704,54
wearable,heart_rate_eps4.0,budget_distribution,4.0,8,2,4.0,2,4,0.0,167.94909012886637,0.8839425796256125,0.40775970468625133,0.5925925925925926,9.203703703703704,54
wearable,heart_rate_eps4.0,budget_distribution,4.0,8,2,8.0,2,4,0.0,117.2051683383483,0.6168693070439384,0.4230454257084459,0.5740740740740741,9.203703703703704,54
wearable,heart_rate_eps4.0,budget_distribution,4.0,8,2,16.0,2,4,0.0,44.125214178633236,0.23223796936122756,0.39876318682822964,0.5555555555555556,9.203703703703704,54
wearable,heart_rate_eps4.0,budget_distribution,4.0,8,3,,2,4,0.0,37.09496837223418,0.19523667564333777,0.8449259933007442,0.5471698113207547,9.358490566037736,53
wearable,heart_rate_eps4.0,budget_distribution,4.0,8,3,4.0,2,4,0.0,169.93908424456288,0.8944162328661204,0.45679738216995663,0.6037735849056604,9.358490566037736,53
wearable,heart_rate_eps4.0,budget_distribution,4.0,8,3,8.0,2,4,0.0,118.87735260894068,0.6256702768891614,0.37622524851074246,0.5660377358490566,9.358490566037736,53
wearable,heart_rate_eps4.0,budget_distribution,4.0,8,3,16.0,2,4,0.0,37.09496837223418,0.19523667564333777,0.8449259933007442,0.5471698113207547,9.358490566037736,53
wearable,heart_rate_eps4.0,budget_distribution,4.0,8,4,,2,4,0.0,36.07801552079164,0.18988429221469283,0.8480707580829283,0.5384615384615384,9.5,52
wearable,heart_rate_eps4.0,budget_distribution,4.0,8,4,4.0,2,4,0.0,189.34148994495158,0.9965341576050083,0.21517883640191754,0.5961538461538461,9.5,52
wearable,heart_rate_eps4.0,budget_distribution,4.0,8,4,8.0,2,4,0.0,100.03339006250707,0.526491526644774,0.07287323995757268,0.5576923076923077,9.5,52
wearable,heart_rate_eps4.0,budget_distribution,4.0,8,4,16.0,2,4,0.0,36.07801552079164,0.18988429221469283,0.8480707580829283,0.5384615384615384,9.5,52
wearable,heart_rate_eps4.0,budget_distribution,4.0,8,6,,2,4,0.0,36.07801552079164,0.18988429221469283,0.8480707580829283,0.5384615384615384,9.5,52
wearable,heart_rate_eps4.0,budget_distribution,4.0,8,6,8.0,2,4,0.0,100.03339006250707,0.526491526644774,0.07287323995757268,0.5576923076923077,9.5,52
wearable,heart_rate_eps4.0,budget_distribution,4.0,8,6,16.0,2,4,0.0,36.07801552079164,0.18988429221469283,0.8480707580829283,0.5384615384615384,9.5,52
wearable,heart_rate_eps4.0,budget_distribution,4.0,8,1,,4,0,0.0,99.37294910609586,0.5230155216110308,0.14948121164177686,0.5,8.433333333333334,30
wearable,heart_rate_eps4.0,budget_distribution,4.0,8,1,4.0,4,0,0.0,106.76267303227282,0.5619088054330148,1.0579167726361847,0.5666666666666667,8.433333333333334,30
wearable,heart_rate_eps4.0,budget_distribution,4.0,8,1,8.0,4,0,0.0,105.2317340180319,0.5538512316738521,0.14948121164177686,0.5,8.433333333333334,30
wearable,heart_rate_eps4.0,budget_distribution,4.0,8,1,16.0,4,0,0.0,99.37294910609586,0.5230155216110308,0.14948121164177686,0.5,8.433333333333334,30
wearable,heart_rate_eps4.0,budget_distribution,4.0,8,2,,4,0,0.0,99.37294910609586,0.5230155216110308,0.14948121164177686,0.5,8.433333333333334,30
wearable,heart_rate_eps4.0,budget_distribution,4.0,8,2,4.0,4,0,0.0,106.76267303227282,0.5619088054330148,1.0579167726361847,0.5666666666666667,8.433333333333334,30
wearable,heart_rate_eps4.0,budget_distribution,4.0,8,2,8.0,4,0,0.0,105.2317340180319,0.5538512316738521,0.14948121164177686,0.5,8.433333333333334,30
wearable,heart_rate_eps4.0,budget_distribution,4.0,8,2,16.0,4,0,0.0,99.37294910609586,0.5230155216110308,0.14948121164177686,0.5,8.433333333333334,30
wearable,heart_rate_eps4.0,budget_distribution,4.0,8,3,,4,0,0.0,99.37294910609586,0.5230155216110308,0.14948121164177686,0.5,8.433333333333334,30
wearable,heart_rate_eps4.0,budget_distribution,4.0,8,3,4.0,4,0,0.0,106.76267303227282,0.5619088054330148,1.0579167726361847,0.5666666666666667,8.433333333333334,30
wearable,heart_rate_eps4.0,budget_distribution,4.0,8,3,8.0,4,0,0.0,105.2317340180319,0.5538512316738521,0.14948121164177686,0.5,8.433333333333334,30
wearable,heart_rate_eps4.0,budget_distribution,4.0,8,3,16.0,4,0,0.0,99.37294910609586,0.5230155216110308,0.14948121164177686,0.5,8.433333333333334,30
wearable,heart_rate_eps4.0,budget_distribution,4.0,8,4,,4,0,0.0,99.37294910609586,0.5230155216110308,0.14948121164177686,0.5,8.433333333333334,30
wearable,heart_rate_eps4.0,budget_distribution,4.0,8,4,4.0,4,0,0.0,106.76267303227282,0.5619088054330148,1.0579167726361847,0.5666666666666667,8.433333333333334,30
wearable,heart_rate_eps4.0,budget_distribution,4.0,8,4,8.0,4,0,0.0,105.2317340180319,0.5538512316738521,0.14948121164177686,0.5,8.433333333333334,30
wearable,heart_rate_eps4.0,budget_distribution,4.0,8,4,16.0,4,0,0.0,99.37294910609586,0.5230155216110308,0.14948121164177686,0.5,8.433333333333334,30
wearable,heart_rate_eps4.0,budget_distribution,4.0,8,6,,4,0,0.0,99.37294910609586,0.5230155216110308,0.14948121164177686,0.5,8.433333333333334,30
wearable,heart_rate_eps4.0,budget_distribution,4.0,8,6,8.0,4,0,0.0,105.2317340180319,0.5538512316738521,0.14948121164177686,0.5,8.433333333333334,30
wearable,heart_rate_eps4.0,budget_distribution,4.0,8,6,16.0,4,0,0.0,99.37294910609586,0.5230155216110308,0.14948121164177686,0.5,8.433333333333334,30
wearable,heart_rate_eps4.0,budget_distribution,4.0,8,1,,4,2,0.0,99.37294910609586,0.5230155216110308,0.14948121164177686,0.5,8.433333333333334,30
wearable,heart_rate_eps4.0,budget_distribution,4.0,8,1,4.0,4,2,0.0,106.76267303227282,0.5619088054330148,1.0579167726361847,0.5666666666666667,8.433333333333334,30
wearable,heart_rate_eps4.0,budget_distribution,4.0,8,1,8.0,4,2,0.0,105.2317340180319,0.5538512316738521,0.14948121164177686,0.5,8.433333333333334,30
wearable,heart_rate_eps4.0,budget_distribution,4.0,8,1,16.0,4,2,0.0,99.37294910609586,0.5230155216110308,0.14948121164177686,0.5,8.433333333333334,30
wearable,heart_rate_eps4.0,budget_distribution,4.0,8,2,,4,2,0.0,44.547726485248454,0.23446171834341292,0.18216305921152762,0.5,8.964285714285714,28
wearable,heart_rate_eps4.0,budget_distribution,4.0,8,2,4.0,4,2,0.0,87.73897254249114,0.4617840660131113,0.5422543942036898,0.5714285714285714,8.964285714285714,28
wearable,heart_rate_eps4.0,budget_distribution,4.0,8,2,8.0,4,2,0.0,50.82499603375136,0.26749997912500717,0.6151758038374059,0.5,8.964285714285714,28
wearable,heart_rate_eps4.0,budget_distribution,4.0,8,2,16.0,4,2,0.0,44.547726485248454,0.23446171834341292,0.18216305921152762,0.5,8.964285714285714,28
wearable,heart_rate_eps4.0,budget_distribution,4.0,8,3,,4,2,0.0,44.547726485248454,0.23446171834341292,0.18216305921152762,0.5,8.964285714285714,28
wearable,heart_rate_eps4.0,budget_distribution,4.0,8,3,4.0,4,2,0.0,87.73897254249114,0.4617840660131113,0.5422543942036898,0.5714285714285714,8.964285714285714,28
wearable,heart_rate_eps4.0,budget_distribution,4.0,8,3,8.0,4,2,0.0,50.82499603375136,0.26749997912500717,0.6151758038374059,0.5,8.964285714285714,28
wearable,heart_rate_eps4.0,budget_distribution,4.0,8,3,16.0,4,2,0.0,44.547726485248454,0.23446171834341292,0.18216305921152762,0.5,8.964285714285714,28
wearable,heart_rate_eps4.0,budget_distribution,4.0,8,4,,4,2,0.0,45.705547951038305,0.24055551553178056,0.15257008029360902,0.48148148148148145,9.25925925925926,27
wearable,heart_rate_eps4.0,budget_distribution,4.0,8,4,4.0,4,2,0.0,80.29245146909797,0.42259184983735776,0.5796561472858832,0.5555555555555556,9.25925925925926,27
wearable,heart_rate_eps4.0,budget_distribution,4.0,8,4,8.0,4,2,0.0,52.21530896430058,0.274817415601582,0.5093910188829953,0.48148148148148145,9.25925925925926,27
wearable,heart_rate_eps4.0,budget_distribution,4.0,8,4,16.0,4,2,0.0,45.705547951038305,0.24055551553178056,0.15257008029360902,0.48148148148148145,9.25925925925926,27
wearable,heart_rate_eps4.0,budget_distribution,4.0,8,6,,4,2,0.0,45.705547951038305,0.24055551553178056,0.15257008029360902,0.48148148148148145,9.25925925925926,27
wearable,heart_rate_eps4.0,budget_distribution,4.0,8,6,8.0,4,2,0.0,52.21530896430058,0.274817415601582,0.5093910188829953,0.48148148148148145,9.25925925925926,27
wearable,heart_rate_eps4.0,budget_distribution,4.0,8,6,16.0,4,2,0.0,45.705547951038305,0.24055551553178056,0.15257008029360902,0.48148148148148145,9.25925925925926,27
wearable,heart_rate_eps4.0,budget_distribution,4.0,8,1,,4,4,0.0,99.37294910609586,0.5230155216110308,0.14948121164177686,0.5,8.433333333333334,30
wearable,heart_rate_eps4.0,budget_distribution,4.0,8,1,4.0,4,4,0.0,106.76267303227282,0.5619088054330148,1.0579167726361847,0.5666666666666667,8.433333333333334,30
wearable,heart_rate_eps4.0,budget_distribution,4.0,8,1,8.0,4,4,0.0,105.2317340180319,0.5538512316738521,0.14948121164177686,0.5,8.433333333333334,30
wearable,heart_rate_eps4.0,budget_distribution,4.0,8,1,16.0,4,4,0.0,99.37294910609586,0.5230155216110308,0.14948121164177686,0.5,8.433333333333334,30
wearable,heart_rate_eps4.0,budget_distribution,4.0,8,2,,4,4,0.0,44.59295674171508,0.2346997723248162,0.2548021216913504,0.48148148148148145,9.25925925925926,27
wearable,heart_rate_eps4.0,budget_distribution,4.0,8,2,4.0,4,4,0.0,79.17986025977473,0.4167361066303933,0.448075542370711,0.5555555555555556,9.25925925925926,27
wearable,heart_rate_eps4.0,budget_distribution,4.0,8,2,8.0,4,4,0.0,51.10271775497735,0.2689616723946176,0.5775536258637683,0.48148148148148145,9.25925925925926,27
wearable,heart_rate_eps4.0,budget_distribution,4.0,8,2,16.0,4,4,0.0,44.59295674171508,0.2346997723248162,0.2548021216913504,0.48148148148148145,9.25925925925926,27
wearable,heart_rate_eps4.0,budget_distribution,4.0,8,3,,4,4,0.0,44.59295674171508,0.2346997723248162,0.2548021216913504,0.48148148148148145,9.25925925925926,27
wearable,heart_rate_eps4.0,budget_distribution,4.0,8,3,4.0,4,4,0.0,79.17986025977473,0.4167361066303933,0.448075542370711,0.5555555555555556,9.25925925925926,27
wearable,heart_rate_eps4.0,budget_distribution,4.0,8,3,8.0,4,4,0.0,51.10271775497735,0.2689616723946176,0.5775536258637683,0.48148148148148145,9.25925925925926,27
wearable,heart_rate_eps4.0,budget_distribution,4.0,8,3,16.0,4,4,0.0,44.59295674171508,0.2346997723248162,0.2548021216913504,0.48148148148148145,9.25925925925926,27
wearable,heart_rate_eps4.0,budget_distribution,4.0,8,4,,4,4,0.0,38.17278067644145,0.2009093719812708,0.12223775145379293,0.5,9.576923076923077,26
wearable,heart_rate_eps4.0,budget_distribution,4.0,8,4,4.0,4,4,0.0,81.05419743539996,0.42660103913368397,0.5407660320744826,0.5769230769230769,9.576923076923077,26
wearable,heart_rate_eps4.0,budget_distribution,4.0,8,4,8.0,4,4,0.0,44.93291711329073,0.23648903743837224,0.47738115033156786,0.5,9.576923076923077,26
wearable,heart_rate_eps4.0,budget_distribution,4.0,8,4,16.0,4,4,0.0,38.17278067644145,0.2009093719812708,0.12223775145379293,0.5,9.576923076923077,26
wearable,heart_rate_eps4.0,budget_distribution,4.0,8,6,,4,4,0.0,38.17278067644145,0.2009093719812708,0.12223775145379293,0.5,9.576923076923077,26
wearable,heart_rate_eps4.0,budget_distribution,4.0,8,6,8.0,4,4,0.0,44.93291711329073,0.23648903743837224,0.47738115033156786,0.5,9.576923076923077,26
wearable,heart_rate_eps4.0,budget_distribution,4.0,8,6,16.0,4,4,0.0,38.17278067644145,0.2009093719812708,0.12223775145379293,0.5,9.576923076923077,26
wearable,heart_rate_eps4.0,budget_absorption,4.0,8,1,,1,0,0.0,117.4106962756353,0.6179510330296595,0.03218408771911937,0.36134453781512604,8.403361344537815,119
wearable,heart_rate_eps4.0,budget_absorption,4.0,8,1,4.0,1,0,0.0,234.92608918541163,1.2364531009758506,0.18865344391199448,0.5462184873949579,8.403361344537815,119
wearable,heart_rate_eps4.0,budget_absorption,4.0,8,1,8.0,1,0,0.0,123.40905940856614,0.6495213653082428,0.047961632511645966,0.36134453781512604,8.403361344537815,119
wearable,heart_rate_eps4.0,budget_absorption,4.0,8,1,16.0,1,0,0.0,117.4106962756353,0.6179510330296595,0.03218408771911937,0.36134453781512604,8.403361344537815,119
wearable,heart_rate_eps4.0,budget_absorption,4.0,8,2,,1,0,0.0,117.4106962756353,0.6179510330296595,0.03218408771911937,0.36134453781512604,8.403361344537815,119
wearable,heart_rate_eps4.0,budget_absorption,4.0,8,2,4.0,1,0,0.0,234.92608918541163,1.2364531009758506,0.18865344391199448,0.5462184873949579,8.403361344537815,119
wearable,heart_rate_eps4.0,budget_absorption,4.0,8,2,8.0,1,0,0.0,123.40905940856614,0.6495213653082428,0.047961632511645966,0.36134453781512604,8.403361344537815,119
wearable,heart_rate_eps4.0,budget_absorption,4.0,8,2,16.0,1,0,0.0,117.4106962756353,0.6179510330296595,0.03218408771911937,0.36134453781512604,8.403361344537815,119
wearable,heart_rate_eps4.0,budget_absorption,4.0,8,3,,1,0,0.0,117.4106962756353,0.6179510330296595,0.03218408771911937,0.36134453781512604,8.403361344537815,119
wearable,heart_rate_eps4.0,budget_absorption,4.0,8,3,4.0,1,0,0.0,234.92608918541163,1.2364531009758506,0.18865344391199448,0.5462184873949579,8.403361344537815,119
wearable,heart_rate_eps4.0,budget_absorption,4.0,8,3,8.0,1,0,0.0,123.40905940856614,0.6495213653082428,0.047961632511645966,0.36134453781512604,8.403361344537815,119
wearable,heart_rate_eps4.0,budget_absorption,4.0,8,3,16.0,1,0,0.0,117.4106962756353,0.6179510330296595,0.03218408771911937,0.36134453781512604,8.403361344537815,119
wearable,heart_rate_eps4.0,budget_absorption,4.0,8,4,,1,0,0.0,117.4106962756353,0.6179510330296595,0.03218408771911937,0.36134453781512604,8.403361344537815,119
wearable,heart_rate_eps4.0,budget_absorption,4.0,8,4,4.0,1,0,0.0,234.92608918541163,1.2364531009758506,0.18865344391199448,0.5462184873949579,8.403361344537815,119
wearable,heart_rate_eps4.0,budget_absorption,4.0,8,4,8.0,1,0,0.0,123.40905940856614,0.6495213653082428,0.047961632511645966,0.36134453781512604,8.403361344537815,119
wearable,heart_rate_eps4.0,budget_absorption,4.0,8,4,16.0,1,0,0.0,117.4106962756353,0.6179510330296595,0.03218408771911937,0.36134453781512604,8.403361344537815,119
wearable,heart_rate_eps4.0,budget_absorption,4.0,8,6,,1,0,0.0,117.4106962756353,0.6179510330296595,0.03218408771911937,0.36134453781512604,8.403361344537815,119
wearable,heart_rate_eps4.0,budget_absorption,4.0,8,6,8.0,1,0,0.0,123.40905940856614,0.6495213653082428,0.047961632511645966,0.36134453781512604,8.403361344537815,119
wearable,heart_rate_eps4.0,budget_absorption,4.0,8,6,16.0,1,0,0.0,117.4106962756353,0.6179510330296595,0.03218408771911937,0.36134453781512604,8.403361344537815,119
wearable,heart_rate_eps4.0,budget_absorption,4.0,8,1,,1,2,0.0,117.4106962756353,0.6179510330296595,0.03218408771911937,0.36134453781512604,8.403361344537815,119
wearable,heart_rate_eps4.0,budget_absorption,4.0,8,1,4.0,1,2,0.0,234.92608918541163,1.2364531009758506,0.18865344391199448,0.5462184873949579,8.403361344537815,119
wearable,heart_rate_eps4.0,budget_absorption,4.0,8,1,8.0,1,2,0.0,123.40905940856614,0.6495213653082428,0.047961632511645966,0.36134453781512604,8.403361344537815,119
wearable,heart_rate_eps4.0,budget_absorption,4.0,8,1,16.0,1,2,0.0,117.4106962756353,0.6179510330296595,0.03218408771911937,0.36134453781512604,8.403361344537815,119
wearable,heart_rate_eps4.0,budget_absorption,4.0,8,2,,1,2,0.0,42.78423810418753,0.2251802005483554,0.3435273558635297,0.3486238532110092,9.082568807339449,109
wearable,heart_rate_eps4.0,budget_absorption,4.0,8,2,4.0,1,2,0.0,161.87056182447105,0.8519503253919529,0.24317679521823846,0.5229357798165137,9.082568807339449,109
wearable,heart_rate_eps4.0,budget_absorption,4.0,8,2,8.0,1,2,0.0,49.332909781423965,0.25964689358644194,0.0927888268296432,0.3486238532110092,9.082568807339449,109
wearable,heart_rate_eps4.0,budget_absorption,4.0,8,2,16.0,1,2,0.0,42.78423810418753,0.2251802005483554,0.3435273558635297,0.3486238532110092,9.082568807339449,109
wearable,heart_rate_eps4.0,budget_absorption,4.0,8,3,,1,2,0.0,44.58058338306755,0.23463464938456605,0.0967386033852243,0.34579439252336447,9.214953271028037,107
wearable,heart_rate_eps4.0,budget_absorption,4.0,8,3,4.0,1,2,0.0,197.75927549801173,1.0408382920947985,0.21288950178444715,0.5514018691588785,9.214953271028037,107
wearable,heart_rate_eps4.0,budget_absorption,4.0,8,3,8.0,1,2,0.0,51.25166013838319,0.269745579675701,0.12507580905730473,0.34579439252336447,9.214953271028037,107
wearable,heart_rate_eps4.0,budget_absorption,4.0,8,3,16.0,1,2,0.0,44.58058338306755,0.23463464938456605,0.0967386033852243,0.34579439252336447,9.214953271028037,107
wearable,heart_rate_eps4.0,budget_absorption,4.0,8,4,,1,2,0.0,45.64956424644094,0.24026086445495232,0.06665210574657912,0.34579439252336447,9.214953271028037,107
wearable,heart_rate_eps4.0,budget_absorption,4.0,8,4,4.0,1,2,0.0,197.59216379351682,1.0399587568079833,0.21288950178444715,0.5514018691588785,9.214953271028037,107
wearable,heart_rate_eps4.0,budget_absorption,4.0,8,4,8.0,1,2,0.0,52.32064100175657,0.2753717947460872,0.09115944104834003,0.34579439252336447,9.214953271028037,107
wearable,heart_rate_eps4.0,budget_absorption,4.0,8,4,16.0,1,2,0.0,45.64956424644094,0.24026086445495232,0.06665210574657912,0.34579439252336447,9.214953271028037,107
wearable,heart_rate_eps4.0,budget_absorption,4.0,8,6,,1,2,0.0,48.25011903233305,0.2539479949070161,0.12956577623164883,0.3490566037735849,9.273584905660377,106
wearable,heart_rate_eps4.0,budget_absorption,4.0,8,6,8.0,1,2,0.0,54.98413047401959,0.28939016038957677,0.14977504631458982,0.3490566037735849,9.273584905660377,106
wearable,heart_rate_eps4.0,budget_absorption,4.0,8,6,16.0,1,2,0.0,48.25011903233305,0.2539479949070161,0.12956577623164883,0.3490566037735849,9.273584905660377,106
wearable,heart_rate_eps4.0,budget_absorption,4.0,8,1,,1,4,0.0,117.4106962756353,0.6179510330296595,0.03218408771911937,0.36134453781512604,8.403361344537815,119
wearable,heart_rate_eps4.0,budget_absorption,4.0,8,1,4.0,1,4,0.0,234.92608918541163,1.2364531009758506,0.18865344391199448,0.5462184873949579,8.403361344537815,119
wearable,heart_rate_eps4.0,budget_absorption,4.0,8,1,8.0,1,4,0.0,123.40905940856614,0.6495213653082428,0.047961632511645966,0.36134453781512604,8.403361344537815,119
wearable,heart_rate_eps4.0,budget_absorption,4.0,8,1,16.0,1,4,0.0,117.4106962756353,0.6179510330296595,0.03218408771911937,0.36134453781512604,8.403361344537815,119
wearable,heart_rate_eps4.0,budget_absorption,4.0,8,2,,1,4,0.0,42.57013973917903,0.22405336704831066,0.33913331139011327,0.34579439252336447,9.233644859813085,107
wearable,heart_rate_eps4.0,budget_absorption,4.0,8,2,4.0,1,4,0.0,163.70748832058732,0.8616183595820385,0.24844735782111194,0.5327102803738317,9.233644859813085,107
wearable,heart_rate_eps4.0,budget_absorption,4.0,8,2,8.0,1,4,0.0,49.24121649449465,0.2591642973394455,0.09634578842431042,0.34579439252336447,9.233644859813085,107
wearable,heart_rate_eps4.0,budget_absorption,4.0,8,2,16.0,1,4,0.0,42.57013973917903,0.22405336704831066,0.33913331139011327,0.34579439252336447,9.233644859813085,107
wearable,heart_rate_eps4.0,budget_absorption,4.0,8,3,,1,4,0.0,44.024154930855055,0.23170607858344766,0.05795714764757766,0.34285714285714286,9.371428571428572,105
wearable,heart_rate_eps4.0,budget_absorption,4.0,8,3,4.0,1,4,0.0,188.64650742236142,0.9928763548545338,0.21068415815320066,0.5428571428571428,9.371428571428572,105
wearable,heart_rate_eps4.0,budget_absorption,4.0,8,3,8.0,1,4,0.0,50.82229981484337,0.26748578849917565,0.08589737393647642,0.34285714285714286,9.371428571428572,105
wearable,heart_rate_eps4.0,budget_absorption,4.0,8,3,16.0,1,4,0.0,44.024154930855055,0.23170607858344766,0.05795714764757766,0.34285714285714286,9.371428571428572,105
wearable,heart_rate_eps4.0,budget_absorption,4.0,8,4,,1,4,0.0,47.570556665204315,0.2503713508694964,0.11091893360648283,0.34615384615384615,9.442307692307692,104
wearable,heart_rate_eps4.0,budget_absorption,4.0,8,4,4.0,1,4,0.0,135.1554814155284,0.711344639029097,0.5399784932353876,0.5192307692307693,9.442307692307692,104
wearable,heart_rate_eps4.0,budget_absorption,4.0,8,4,8.0,1,4,0.0,54.43406832692328,0.28649509645749094,0.14215134355545084,0.34615384615384615,9.442307692307692,104
wearable,heart_rate_eps4.0,budget_absorption,4.0,8,4,16.0,1,4,0.0,47.570556665204315,0.2503713508694964,0.11091893360648283,0.34615384615384615,9.442307692307692,104
wearable,heart_rate_eps4.0,budget_absorption,4.0,8,6,,1,4,0.0,47.7026869794168,0.25106677357587787,0.1120750466458942,0.33980582524271846,9.504854368932039,103
wearable,heart_rate_eps4.0,budget_absorption,4.0,8,6,8.0,1,4,0.0,54.632834676686436,0.28754123514045493,0.11046863758466603,0.33980582524271846,9.504854368932039,103
wearable,heart_rate_eps4.0,budget_absorption,4.0,8,6,16.0,1,4,0.0,47.7026869794168,0.25106677357587787,0.1120750466458942,0.33980582524271846,9.504854368932039,103
wearable,heart_rate_eps4.0,budget_absorption,4.0,8,1,,2,0,0.0,125.0818021606992,0.6583252745299958,0.04956194434662759,0.43333333333333335,8.383333333333333,60
wearable,heart_rate_eps4.0,budget_absorption,4.0,8,1,4.0,2,0,0.0,229.49068615793388,1.2078457166207046,0.05390040502922447,0.5666666666666667,8.383333333333333,60
wearable,heart_rate_eps4.0,budget_absorption,4.0,8,1,8.0,2,0,0.0,132.8012242241481,0.6989538117060425,0.06286300722300599,0.43333333333333335,8.383333333333333,60
wearable,heart_rate_eps4.0,budget_absorption,4.0,8,1,16.0,2,0,0.0,125.0818021606992,0.6583252745299958,0.04956194434662759,0.43333333333333335,8.383333333333333,60
wearable,heart_rate_eps4.0,budget_absorption,4.0,8,2,,2,0,0.0,125.0818021606992,0.6583252745299958,0.04956194434662759,0.43333333333333335,8.383333333333333,60
wearable,heart_rate_eps4.0,budget_absorption,4.0,8,2,4.0,2,0,0.0,229.49068615793388,1.2078457166207046,0.05390040502922447,0.5666666666666667,8.383333333333333,60
wearable,heart_rate_eps4.0,budget_absorption,4.0,8,2,8.0,2,0,0.0,132.8012242241481,0.6989538117060425,0.06286300722300599,0.43333333333333335,8.383333333333333,60
wearable,heart_rate_eps4.0,budget_absorption,4.0,8,2,16.0,2,0,0.0,125.0818021606992,0.6583252745299958,0.04956194434662759,0.43333333333333335,8.383333333333333,60
wearable,heart_rate_eps4.0,budget_absorption,4.0,8,3,,2,0,0.0,125.0818021606992,0.6583252745299958,0.04956194434662759,0.43333333333333335,8.383333333333333,60
wearable,heart_rate_eps4.0,budget_absorption,4.0,8,3,4.0,2,0,0.0,229.49068615793388,1.2078457166207046,0.05390040502922447,0.5666666666666667,8.383333333333333,60
wearable,heart_rate_eps4.0,budget_absorption,4.0,8,3,8.0,2,0,0.0,132.8012242241481,0.6989538117060425,0.06286300722300599,0.43333333333333335,8.383333333333333,60
wearable,heart_rate_eps4.0,budget_absorption,4.0,8,3,16.0,2,0,0.0,125.0818021606992,0.6583252745299958,0.04956194434662759,0.43333333333333335,8.383333333333333,60
wearable,heart_rate_eps4.0,budget_absorption,4.0,8,4,,2,0,0.0,125.0818021606992,0.6583252745299958,0.04956194434662759,0.43333333333333335,8.383333333333333,60
wearable,heart_rate_eps4.0,budget_absorption,4.0,8,4,4.0,2,0,0.0,229.49068615793388,1.2078457166207046,0.05390040502922447,0.5666666666666667,8.383333333333333,60
wearable,heart_rate_eps4.0,budget_absorption,4.0,8,4,8.0,2,0,0.0,132.8012242241481,0.6989538117060425,0.06286300722300599,0.43333333333333335,8.383333333333333,60
wearable,heart_rate_eps4.0,budget_absorption,4.0,8,4,16.0,2,0,0.0,125.0818021606992,0.6583252745299958,0.04956194434662759,0.43333333333333335,8.383333333333333,60
wearable,heart_rate_eps4.0,budget_absorption,4.0,8,6,,2,0,0.0,125.0818021606992,0.6583252745299958,0.04956194434662759,0.43333333333333335,8.383333333333333,60
wearable,heart_rate_eps4.0,budget_absorption,4.0,8,6,8.0,2,0,0.0,132.8012242241481,0.6989538117060425,0.06286300722300599,0.43333333333333335,8.383333333333333,60
wearable,heart_rate_eps4.0,budget_absorption,4.0,8,6,16.0,2,0,0.0,125.0818021606992,0.6583252745299958,0.04956194434662759,0.43333333333333335,8.383333333333333,60
wearable,heart_rate_eps4.0,budget_absorption,4.0,8,1,,2,2,0.0,125.0818021606992,0.6583252745299958,0.04956194434662759,0.43333333333333335,8.383333333333333,60
wearable,heart_rate_eps4.0,budget_absorption,4.0,8,1,4.0,2,2,0.0,229.49068615793388,1.2078457166207046,0.05390040502922447,0.5666666666666667,8.383333333333333,60
wearable,heart_rate_eps4.0,budget_absorption,4.0,8,1,8.0,2,2,0.0,132.8012242241481,0.6989538117060425,0.06286300722300599,0.43333333333333335,8.383333333333333,60
wearable,heart_rate_eps4.0,budget_absorption,4.0,8,1,16.0,2,2,0.0,125.0818021606992,0.6583252745299958,0.04956194434662759,0.43333333333333335,8.383333333333333,60
wearable,heart_rate_eps4.0,budget_absorption,4.0,8,2,,2,2,0.0,71.27127102238225,0.37511195274938025,0.3244696034516774,0.4,9.054545454545455,55
wearable,heart_rate_eps4.0,budget_absorption,4.0,8,2,4.0,2,2,0.0,123.84775270510441,0.6518302773952864,0.11706411050048726,0.5272727272727272,9.054545454545455,55
wearable,heart_rate_eps4.0,budget_absorption,4.0,8,2,8.0,2,2,0.0,79.69245872796283,0.41943399330506753,0.17561873705139588,0.4,9.054545454545455,55
wearable,heart_rate_eps4.0,budget_absorption,4.0,8,2,16.0,2,2,0.0,71.27127102238225,0.37511195274938025,0.3244696034516774,0.4,9.054545454545455,55
wearable,heart_rate_eps4.0,budget_absorption,4.0,8,3,,2,2,0.0,62.121212073196915,0.326953747753668,0.3085165351310595,0.4074074074074074,9.203703703703704,54
wearable,heart_rate_eps4.0,budget_absorption,4.0,8,3,4.0,2,2,0.0,113.68038546460501,0.5983178182347632,0.45614410953007595,0.5185185185185185,9.203703703703704,54
wearable,heart_rate_eps4.0,budget_absorption,4.0,8,3,8.0,2,2,0.0,70.69834769925122,0.3720965668381643,0.13952466189221296,0.4074074074074074,9.203703703703704,54
wearable,heart_rate_eps4.0,budget_absorption,4.0,8,3,16.0,2,2,0.0,62.121212073196915,0.326953747753668,0.3085165351310595,0.4074074074074074,9.203703703703704,54
wearable,heart_rate_eps4.0,budget_absorption,4.0,8,4,,2,2,0.0,60.916975260626764,0.32061565926645663,0.3085165351310595,0.4074074074074074,9.185185185185185,54
wearable,heart_rate_eps4.0,budget_absorption,4.0,8,4,4.0,2,2,0.0,112.90145729401017,0.5942181962842641,0.39623721363336173,0.5185185185185185,9.185185185185185,54
wearable,heart_rate_eps4.0,budget_absorption,4.0,8,4,8.0,2,2,0.0,69.49411088668106,0.36575847835095293,0.1274144031103845,0.4074074074074074,9.185185185185185,54
wearable,heart_rate_eps4.0,budget_absorption,4.0,8,4,16.0,2,2,0.0,60.916975260626764,0.32061565926645663,0.3085165351310595,0.4074074074074074,9.185185185185185,54
wearable,heart_rate_eps4.0,budget_absorption,4.0,8,6,,2,2,0.0,60.916975260626764,0.32061565926645663,0.3085165351310595,0.4074074074074074,9.185185185185185,54
wearable,heart_rate_eps4.0,budget_absorption,4.0,8,6,8.0,2,2,0.0,69.49411088668106,0.36575847835095293,0.1274144031103845,0.4074074074074074,9.185185185185185,54
wearable,heart_rate_eps4.0,budget_absorption,4.0,8,6,16.0,2,2,0.0,60.916975260626764,0.32061565926645663,0.3085165351310595,0.4074074074074074,9.185185185185185,54
wearable,heart_rate_eps4.0,budget_absorption,4.0,8,1,,2,4,0.0,125.0818021606992,0.6583252745299958,0.04956194434662759,0.43333333333333335,8.383333333333333,60
wearable,heart_rate_eps4.0,budget_absorption,4.0,8,1,4.0,2,4,0.0,229.49068615793388,1.2078457166207046,0.05390040502922447,0.5666666666666667,8.383333333333333,60
wearable,heart_rate_eps4.0,budget_absorption,4.0,8,1,8.0,2,4,0.0,132.8012242241481,0.6989538117060425,0.06286300722300599,0.43333333333333335,8.383333333333333,60
wearable,heart_rate_eps4.0,budget_absorption,4.0,8,1,16.0,2,4,0.0,125.0818021606992,0.6583252745299958,0.04956194434662759,0.43333333333333335,8.383333333333333,60
wearable,heart_rate_eps4.0,budget_absorption,4.0,8,2,,2,4,0.0,61.65238491270309,0.32448623638264784,0.3085165351310595,0.4074074074074074,9.203703703703704,54
wearable,heart_rate_eps4.0,budget_absorption,4.0,8,2,4.0,2,4,0.0,114.16649657571612,0.600876297766927,0.4132993709319442,0.5185185185185185,9.203703703703704,54
wearable,heart_rate_eps4.0,budget_absorption,4.0,8,2,8.0,2,4,0.0,70.22952053875738,0.36962905546714414,0.13952466189221296,0.4074074074074074,9.203703703703704,54
wearable,heart_rate_eps4.0,budget_absorption,4.0,8,2,16.0,2,4,0.0,61.65238491270309,0.32448623638264784,0.3085165351310595,0.4074074074074074,9.203703703703704,54
wearable,heart_rate_eps4.0,budget_absorption,4.0,8,3,,2,4,0.0,52.14756599385365,0.2744608736518613,0.2938664793856807,0.41509433962264153,9.358490566037736,53
wearable,heart_rate_eps4.0,budget_absorption,4.0,8,3,4.0,2,4,0.0,113.1573180150746,0.5955648316582873,0.4370166433221858,0.5094339622641509,9.358490566037736,53
wearable,heart_rate_eps4.0,budget_absorption,4.0,8,3,8.0,2,4,0.0,60.88653436756935,0.32045544403983867,0.08417456839117031,0.41509433962264153,9.358490566037736,53
wearable,heart_rate_eps4.0,budget_absorption,4.0,8,3,16.0,2,4,0.0,52.14756599385365,0.2744608736518613,0.2938664793856807,0.41509433962264153,9.358490566037736,53
wearable,heart_rate_eps4.0,budget_absorption,4.0,8,4,,2,4,0.0,41.98914292855274,0.220995489097646,0.7528590023895951,0.40384615384615385,9.5,52
wearable,heart_rate_eps4.0,budget_absorption,4.0,8,4,4.0,2,4,0.0,106.6633348050079,0.5613859726579363,0.3617776178090565,0.5,9.5,52
wearable,heart_rate_eps4.0,budget_absorption,4.0,8,4,8.0,2,4,0.0,50.896168386378356,0.26787457045462293,0.8172403228403985,0.40384615384615385,9.5,52
wearable,heart_rate_eps4.0,budget_absorption,4.0,8,4,16.0,2,4,0.0,41.98914292855274,0.220995489097646,0.7528590023895951,0.40384615384615385,9.5,52
wearable,heart_rate_eps4.0,budget_absorption,4.0,8,6,,2,4,0.0,41.98914292855274,0.220995489097646,0.7528590023895951,0.40384615384615385,9.5,52
wearable,heart_rate_eps4.0,budget_absorption,4.0,8,6,8.0,2,4,0.0,50.896168386378356,0.26787457045462293,0.8172403228403985,0.40384615384615385,9.5,52
wearable,heart_rate_eps4.0,budget_absorption,4.0,8,6,16.0,2,4,0.0,41.98914292855274,0.220995489097646,0.7528590023895951,0.40384615384615385,9.5,52
wearable,heart_rate_eps4.0,budget_absorption,4.0,8,1,,4,0,0.0,33.28645554156771,0.175191871271409,0.6825628412652506,0.3333333333333333,8.433333333333334,30
wearable,heart_rate_eps4.0,budget_absorption,4.0,8,1,4.0,4,0,0.0,143.30993300345654,0.7542628052813501,0.7681979313082544,0.4666666666666667,8.433333333333334,30
wearable,heart_rate_eps4.0,budget_absorption,4.0,8,1,8.0,4,0,0.0,101.65315805601763,0.5350166213474612,0.2565490847632183,0.4666666666666667,8.433333333333334,30
wearable,heart_rate_eps4.0,budget_absorption,4.0,8,1,16.0,4,0,0.0,33.28645554156771,0.175191871271409,0.6825628412652506,0.3333333333333333,8.433333333333334,30
wearable,heart_rate_eps4.0,budget_absorption,4.0,8,2,,4,0,0.0,33.28645554156771,0.175191871271409,0.6825628412652506,0.3333333333333333,8.433333333333334,30
wearable,heart_rate_eps4.0,budget_absorption,4.0,8,2,4.0,4,0,0.0,143.30993300345654,0.7542628052813501,0.7681979313082544,0.4666666666666667,8.433333333333334,30
wearable,heart_rate_eps4.0,budget_absorption,4.0,8,2,8.0,4,0,0.0,101.65315805601763,0.5350166213474612,0.2565490847632183,0.4666666666666667,8.433333333333334,30
wearable,heart_rate_eps4.0,budget_absorption,4.0,8,2,16.0,4,0,0.0,33.28645554156771,0.175191871271409,0.6825628412652506,0.3333333333333333,8.433333333333334,30
wearable,heart_rate_eps4.0,budget_absorption,4.0,8,3,,4,0,0.0,33.28645554156771,0.175191871271409,0.6825628412652506,0.3333333333333333,8.433333333333334,30
wearable,heart_rate_eps4.0,budget_absorption,4.0,8,3,4.0,4,0,0.0,143.30993300345654,0.7542628052813501,0.7681979313082544,0.4666666666666667,8.433333333333334,30
wearable,heart_rate_eps4.0,budget_absorption,4.0,8,3,8.0,4,0,0.0,101.65315805601763,0.5350166213474612,0.2565490847632183,0.4666666666666667,8.433333333333334,30
wearable,heart_rate_eps4.0,budget_absorption,4.0,8,3,16.0,4,0,0.0,33.28645554156771,0.175191871271409,0.6825628412652506,0.3333333333333333,8.433333333333334,30
wearable,heart_rate_eps4.0,budget_absorption,4.0,8,4,,4,0,0.0,33.28645554156771,0.175191871271409,0.6825628412652506,0.3333333333333333,8.433333333333334,30
wearable,heart_rate_eps4.0,budget_absorption,4.0,8,4,4.0,4,0,0.0,143.30993300345654,0.7542628052813501,0.7681979313082544,0.4666666666666667,8.433333333333334,30
wearable,heart_rate_eps4.0,budget_absorption,4.0,8,4,8.0,4,0,0.0,101.65315805601763,0.5350166213474612,0.2565490847632183,0.4666666666666667,8.433333333333334,30
wearable,heart_rate_eps4.0,budget_absorption,4.0,8,4,16.0,4,0,0.0,33.28645554156771,0.175191871271409,0.6825628412652506,0.3333333333333333,8.433333333333334,30
wearable,heart_rate_eps4.0,budget_absorption,4.0,8,6,,4,0,0.0,33.28645554156771,0.175191871271409,0.6825628412652506,0.3333333333333333,8.433333333333334,30
wearable,heart_rate_eps4.0,budget_absorption,4.0,8,6,8.0,4,0,0.0,101.65315805601763,0.5350166213474612,0.2565490847632183,0.4666666666666667,8.433333333333334,30
wearable,heart_rate_eps4.0,budget_absorption,4.0,8,6,16.0,4,0,0.0,33.28645554156771,0.175191871271409,0.6825628412652506,0.3333333333333333,8.433333333333334,30
wearable,heart_rate_eps4.0,budget_absorption,4.0,8,1,,4,2,0.0,33.28645554156771,0.175191871271409,0.6825628412652506,0.3333333333333333,8.433333333333334,30
wearable,heart_rate_eps4.0,budget_absorption,4.0,8,1,4.0,4,2,0.0,143.30993300345654,0.7542628052813501,0.7681979313082544,0.4666666666666667,8.433333333333334,30
wearable,heart_rate_eps4.0,budget_absorption,4.0,8,1,8.0,4,2,0.0,101.65315805601763,0.5350166213474612,0.2565490847632183,0.4666666666666667,8.433333333333334,30
wearable,heart_rate_eps4.0,budget_absorption,4.0,8,1,16.0,4,2,0.0,33.28645554156771,0.175191871271409,0.6825628412652506,0.3333333333333333,8.433333333333334,30
wearable,heart_rate_eps4.0,budget_absorption,4.0,8,2,,4,2,0.0,33.68914497396092,0.17731128933663642,0.7246686610472304,0.35714285714285715,8.964285714285714,28
wearable,heart_rate_eps4.0,budget_absorption,4.0,8,2,4.0,4,2,0.0,135.24107707945444,0.7117951425234444,0.21417832667546902,0.42857142857142855,8.964285714285714,28
wearable,heart_rate_eps4.0,budget_absorption,4.0,8,2,8.0,4,2,0.0,90.60881820719848,0.476888516879992,0.2205543385568262,0.42857142857142855,8.964285714285714,28
wearable,heart_rate_eps4.0,budget_absorption,4.0,8,2,16.0,4,2,0.0,33.68914497396092,0.17731128933663642,0.7246686610472304,0.35714285714285715,8.964285714285714,28
wearable,heart_rate_eps4.0,budget_absorption,4.0,8,3,,4,2,0.0,33.68914497396092,0.17731128933663642,0.7246686610472304,0.35714285714285715,8.964285714285714,28
wearable,heart_rate_eps4.0,budget_absorption,4.0,8,3,4.0,4,2,0.0,135.24107707945444,0.7117951425234444,0.21417832667546902,0.42857142857142855,8.964285714285714,28
wearable,heart_rate_eps4.0,budget_absorption,4.0,8,3,8.0,4,2,0.0,90.60881820719848,0.476888516879992,0.2205543385568262,0.42857142857142855,8.964285714285714,28
wearable,heart_rate_eps4.0,budget_absorption,4.0,8,3,16.0,4,2,0.0,33.68914497396092,0.17731128933663642,0.7246686610472304,0.35714285714285715,8.964285714285714,28
wearable,heart_rate_eps4.0,budget_absorption,4.0,8,4,,4,2,0.0,33.87236611486063,0.17827561113084545,0.6896910479400631,0.37037037037037035,9.25925925925926,27
wearable,heart_rate_eps4.0,budget_absorption,4.0,8,4,4.0,4,2,0.0,116.66369884891736,0.6140194676258809,0.2504769350999323,0.4444444444444444,9.25925925925926,27
wearable,heart_rate_eps4.0,budget_absorption,4.0,8,4,8.0,4,2,0.0,70.37839335176304,0.3704125965882265,0.1926956944819062,0.4444444444444444,9.25925925925926,27
wearable,heart_rate_eps4.0,budget_absorption,4.0,8,4,16.0,4,2,0.0,33.87236611486063,0.17827561113084545,0.6896910479400631,0.37037037037037035,9.25925925925926,27
wearable,heart_rate_eps4.0,budget_absorption,4.0,8,6,,4,2,0.0,33.87236611486063,0.17827561113084545,0.6896910479400631,0.37037037037037035,9.25925925925926,27
wearable,heart_rate_eps4.0,budget_absorption,4.0,8,6,8.0,4,2,0.0,70.37839335176304,0.3704125965882265,0.1926956944819062,0.4444444444444444,9.25925925925926,27
wearable,heart_rate_eps4.0,budget_absorption,4.0,8,6,16.0,4,2,0.0,33.87236611486063,0.17827561113084545,0.6896910479400631,0.37037037037037035,9.25925925925926,27
wearable,heart_rate_eps4.0,budget_absorption,4.0,8,1,,4,4,0.0,33.28645554156771,0.175191871271409,0.6825628412652506,0.3333333333333333,8.433333333333334,30
wearable,heart_rate_eps4.0,budget_absorption,4.0,8,1,4.0,4,4,0.0,143.30993300345654,0.7542628052813501,0.7681979313082544,0.4666666666666667,8.433333333333334,30
wearable,heart_rate_eps4.0,budget_absorption,4.0,8,1,8.0,4,4,0.0,101.65315805601763,0.5350166213474612,0.2565490847632183,0.4666666666666667,8.433333333333334,30
wearable,heart_rate_eps4.0,budget_absorption,4.0,8,1,16.0,4,4,0.0,33.28645554156771,0.175191871271409,0.6825628412652506,0.3333333333333333,8.433333333333334,30
wearable,heart_rate_eps4.0,budget_absorption,4.0,8,2,,4,4,0.0,32.7597749055374,0.17241986792388103,0.671024764961686,0.37037037037037035,9.25925925925926,27
wearable,heart_rate_eps4.0,budget_absorption,4.0,8,2,4.0,4,4,0.0,117.18052286247341,0.6167395940130179,0.18320125908542412,0.4444444444444444,9.25925925925926,27
wearable,heart_rate_eps4.0,budget_absorption,4.0,8,2,8.0,4,4,0.0,70.89521736531907,0.37313272297536354,0.1926956944819062,0.4444444444444444,9.25925925925926,27
wearable,heart_rate_eps4.0,budget_absorption,4.0,8,2,16.0,4,4,0.0,32.7597749055374,0.17241986792388103,0.671024764961686,0.37037037037037035,9.25925925925926,27
wearable,heart_rate_eps4.0,budget_absorption,4.0,8,3,,4,4,0.0,32.7597749055374,0.17241986792388103,0.671024764961686,0.37037037037037035,9.25925925925926,27
wearable,heart_rate_eps4.0,budget_absorption,4.0,8,3,4.0,4,4,0.0,117.18052286247341,0.6167395940130179,0.18320125908542412,0.4444444444444444,9.25925925925926,27
wearable,heart_rate_eps4.0,budget_absorption,4.0,8,3,8.0,4,4,0.0,70.89521736531907,0.37313272297536354,0.1926956944819062,0.4444444444444444,9.25925925925926,27
wearable,heart_rate_eps4.0,budget_absorption,4.0,8,3,16.0,4,4,0.0,32.7597749055374,0.17241986792388103,0.671024764961686,0.37037037037037035,9.25925925925926,27
wearable,heart_rate_eps4.0,budget_absorption,4.0,8,4,,4,4,0.0,32.65699175492744,0.1718789039733023,0.633122102731782,0.38461538461538464,9.576923076923077,26
wearable,heart_rate_eps4.0,budget_absorption,4.0,8,4,4.0,4,4,0.0,98.85302430401521,0.5202790752842905,0.31481699539733204,0.4230769230769231,9.576923076923077,26
wearable,heart_rate_eps4.0,budget_absorption,4.0,8,4,8.0,4,4,0.0,50.787514749278,0.26730270920672633,0.31929132635397145,0.4230769230769231,9.576923076923077,26
wearable,heart_rate_eps4.0,budget_absorption,4.0,8,4,16.0,4,4,0.0,32.65699175492744,0.1718789039733023,0.633122102731782,0.38461538461538464,9.576923076923077,26
wearable,heart_rate_eps4.0,budget_absorption,4.0,8,6,,4,4,0.0,32.65699175492744,0.1718789039733023,0.633122102731782,0.38461538461538464,9.576923076923077,26
wearable,heart_rate_eps4.0,budget_absorption,4.0,8,6,8.0,4,4,0.0,50.787514749278,0.26730270920672633,0.31929132635397145,0.4230769230769231,9.576923076923077,26
wearable,heart_rate_eps4.0,budget_absorption,4.0,8,6,16.0,4,4,0.0,32.65699175492744,0.1718789039733023,0.633122102731782,0.38461538461538464,9.576923076923077,26
wearable,heart_rate_eps4.0,p_gated_uniform,4.0,8,1,,1,0,0.0,82.4840618449385,0.43412664128914996,0.17911721760338106,1.0,8.403361344537815,119
wearable,heart_rate_eps4.0,p_gated_uniform,4.0,8,1,4.0,1,0,0.0,127.4747046567208,0.6709194981932673,0.3660572096189578,1.0,8.403361344537815,119
wearable,heart_rate_eps4.0,p_gated_uniform,4.0,8,1,8.0,1,0,0.0,89.64647031268333,0.47182352796149124,0.21722743702271663,1.0,8.403361344537815,119
wearable,heart_rate_eps4.0,p_gated_uniform,4.0,8,1,16.0,1,0,0.0,82.4840618449385,0.43412664128914996,0.17911721760338106,1.0,8.403361344537815,119
wearable,heart_rate_eps4.0,p_gated_uniform,4.0,8,2,,1,0,0.0,64.37345802340566,0.33880767380739824,0.4714259406861855,0.8739495798319328,8.403361344537815,119
wearable,heart_rate_eps4.0,p_gated_uniform,4.0,8,2,4.0,1,0,0.0,109.36410083518798,0.5756005307115157,0.38168202310808147,0.8739495798319328,8.403361344537815,119
wearable,heart_rate_eps4.0,p_gated_uniform,4.0,8,2,8.0,1,0,0.0,71.53586649115051,0.37650456047973957,0.29178225482789344,0.8739495798319328,8.403361344537815,119
wearable,heart_rate_eps4.0,p_gated_uniform,4.0,8,2,16.0,1,0,0.0,64.37345802340566,0.33880767380739824,0.4714259406861855,0.8739495798319328,8.403361344537815,119
wearable,heart_rate_eps4.0,p_gated_uniform,4.0,8,3,,1,0,0.0,37.096789997626466,0.19524626314540244,0.25655863642753773,0.8487394957983193,8.403361344537815,119
wearable,heart_rate_eps4.0,p_gated_uniform,4.0,8,3,4.0,1,0,0.0,82.08743280940878,0.4320391200495199,0.35650003329443836,0.8487394957983193,8.403361344537815,119
wearable,heart_rate_eps4.0,p_gated_uniform,4.0,8,3,8.0,1,0,0.0,44.25919846537131,0.23294314981774375,0.2940859350112805,0.8487394957983193,8.403361344537815,119
wearable,heart_rate_eps4.0,p_gated_uniform,4.0,8,3,16.0,1,0,0.0,37.096789997626466,0.19524626314540244,0.25655863642753773,0.8487394957983193,8.403361344537815,119
wearable,heart_rate_eps4.0,p_gated_uniform,4.0,8,4,,1,0,0.0,64.54097168634495,0.3396893246649734,0.25963645165121135,0.8403361344537815,8.403361344537815,119
wearable,heart_rate_eps4.0,p_gated_uniform,4.0,8,4,4.0,1,0,0.0,109.53161449812728,0.5764821815690909,0.36871725141709943,0.8403361344537815,8.403361344537815,119
wearable,heart_rate_eps4.0,p_gated_uniform,4.0,8,4,8.0,1,0,0.0,71.7033801540898,0.37738621133731476,0.2975765539324651,0.8403361344537815,8.403361344537815,119
wearable,heart_rate_eps4.0,p_gated_uniform,4.0,8,4,16.0,1,0,0.0,64.54097168634495,0.3396893246649734,0.25963645165121135,0.8403361344537815,8.403361344537815,119
wearable,heart_rate_eps4.0,p_gated_uniform,4.0,8,6,,1,0,0.0,48.90474922721966,0.2573934169853666,0.25170844104224244,0.8319327731092437,8.403361344537815,119
wearable,heart_rate_eps4.0,p_gated_uniform,4.0,8,6,8.0,1,0,0.0,56.0671576949645,0.2950903036577079,0.29274212467314464,0.8319327731092437,8.403361344537815,119
wearable,heart_rate_eps4.0,p_gated_uniform,4.0,8,6,16.0,1,0,0.0,48.90474922721966,0.2573934169853666,0.25170844104224244,0.8319327731092437,8.403361344537815,119
wearable,heart_rate_eps4.0,p_gated_uniform,4.0,8,1,,1,2,0.0,82.4840618449385,0.43412664128914996,0.17911721760338106,1.0,8.403361344537815,119
wearable,heart_rate_eps4.0,p_gated_uniform,4.0,8,1,4.0,1,2,0.0,127.4747046567208,0.6709194981932673,0.3660572096189578,1.0,8.403361344537815,119
wearable,heart_rate_eps4.0,p_gated_uniform,4.0,8,1,8.0,1,2,0.0,89.64647031268333,0.47182352796149124,0.21722743702271663,1.0,8.403361344537815,119
wearable,heart_rate_eps4.0,p_gated_uniform,4.0,8,1,16.0,1,2,0.0,82.4840618449385,0.43412664128914996,0.17911721760338106,1.0,8.403361344537815,119
wearable,heart_rate_eps4.0,p_gated_uniform,4.0,8,2,,1,2,0.0,50.71847418684454,0.26693933782549756,0.4714259406861855,0.9541284403669725,9.082568807339449,109
wearable,heart_rate_eps4.0,p_gated_uniform,4.0,8,2,4.0,1,2,0.0,99.83669890796469,0.5254563100419194,0.38168202310808147,0.9541284403669725,9.082568807339449,109
wearable,heart_rate_eps4.0,p_gated_uniform,4.0,8,2,8.0,1,2,0.0,58.5379843488779,0.3080946544677784,0.29178225482789344,0.9541284403669725,9.082568807339449,109
wearable,heart_rate_eps4.0,p_gated_uniform,4.0,8,2,16.0,1,2,0.0,50.71847418684454,0.26693933782549756,0.4714259406861855,0.9541284403669725,9.082568807339449,109
wearable,heart_rate_eps4.0,p_gated_uniform,4.0,8,3,,1,2,0.0,37.87131077331714,0.19932268828061653,0.25655863642753773,0.9439252336448598,9.214953271028037,107
wearable,heart_rate_eps4.0,p_gated_uniform,4.0,8,3,4.0,1,2,0.0,87.90763315277597,0.462671753435663,0.35650003329443836,0.9439252336448598,9.214953271028037,107
wearable,heart_rate_eps4.0,p_gated_uniform,4.0,8,3,8.0,1,2,0.0,45.836980003799724,0.24124726317789327,0.2940859350112805,0.9439252336448598,9.214953271028037,107
wearable,heart_rate_eps4.0,p_gated_uniform,4.0,8,3,16.0,1,2,0.0,37.87131077331714,0.19932268828061653,0.25655863642753773,0.9439252336448598,9.214953271028037,107
wearable,heart_rate_eps4.0,p_gated_uniform,4.0,8,4,,1,2,0.0,49.645808072105645,0.2612937266952929,0.25963645165121135,0.9345794392523364,9.214953271028037,107
wearable,heart_rate_eps4.0,p_gated_uniform,4.0,8,4,4.0,1,2,0.0,99.68213045156448,0.5246427918503394,0.36871725141709943,0.9345794392523364,9.214953271028037,107
wearable,heart_rate_eps4.0,p_gated_uniform,4.0,8,4,8.0,1,2,0.0,57.61147730258823,0.30321830159256963,0.2975765539324651,0.9345794392523364,9.214953271028037,107
wearable,heart_rate_eps4.0,p_gated_uniform,4.0,8,4,16.0,1,2,0.0,49.645808072105645,0.2612937266952929,0.25963645165121135,0.9345794392523364,9.214953271028037,107
wearable,heart_rate_eps4.0,p_gated_uniform,4.0,8,6,,1,2,0.0,41.870289540402666,0.22036994494948772,0.25170844104224244,0.9339622641509434,9.273584905660377,106
wearable,heart_rate_eps4.0,p_gated_uniform,4.0,8,6,8.0,1,2,0.0,49.91110659381433,0.262690034704286,0.29274212467314464,0.9339622641509434,9.273584905660377,106
wearable,heart_rate_eps4.0,p_gated_uniform,4.0,8,6,16.0,1,2,0.0,41.870289540402666,0.22036994494948772,0.25170844104224244,0.9339622641509434,9.273584905660377,106
wearable,heart_rate_eps4.0,p_gated_uniform,4.0,8,1,,1,4,0.0,82.4840618449385,0.43412664128914996,0.17911721760338106,1.0,8.403361344537815,119
wearable,heart_rate_eps4.0,p_gated_uniform,4.0,8,1,4.0,1,4,0.0,127.4747046567208,0.6709194981932673,0.3660572096189578,1.0,8.403361344537815,119
wearable,heart_rate_eps4.0,p_gated_uniform,4.0,8,1,8.0,1,4,0.0,89.64647031268333,0.47182352796149124,0.21722743702271663,1.0,8.403361344537815,119
wearable,heart_rate_eps4.0,p_gated_uniform,4.0,8,1,16.0,1,4,0.0,82.4840618449385,0.43412664128914996,0.17911721760338106,1.0,8.403361344537815,119
wearable,heart_rate_eps4.0,p_gated_uniform,4.0,8,2,,1,4,0.0,47.681197408244955,0.2509536705697103,0.4714259406861855,0.9719626168224299,9.233644859813085,107
wearable,heart_rate_eps4.0,p_gated_uniform,4.0,8,2,4.0,1,4,0.0,97.7175197877038,0.5143027357247568,0.38168202310808147,0.9719626168224299,9.233644859813085,107
wearable,heart_rate_eps4.0,p_gated_uniform,4.0,8,2,8.0,1,4,0.0,55.64686663872754,0.29287824546698704,0.29178225482789344,0.9719626168224299,9.233644859813085,107
wearable,heart_rate_eps4.0,p_gated_uniform,4.0,8,2,16.0,1,4,0.0,47.681197408244955,0.2509536705697103,0.4714259406861855,0.9719626168224299,9.233644859813085,107
wearable,heart_rate_eps4.0,p_gated_uniform,4.0,8,3,,1,4,0.0,38.08433574042794,0.20044387231804178,0.25655863642753773,0.9619047619047619,9.371428571428572,105
wearable,heart_rate_eps4.0,p_gated_uniform,4.0,8,3,4.0,1,4,0.0,89.07373092711455,0.46880911014270815,0.35650003329443836,0.9619047619047619,9.371428571428572,105
wearable,heart_rate_eps4.0,p_gated_uniform,4.0,8,3,8.0,1,4,0.0,46.201732003872095,0.24316701054669523,0.2940859350112805,0.9619047619047619,9.371428571428572,105
wearable,heart_rate_eps4.0,p_gated_uniform,4.0,8,3,16.0,1,4,0.0,38.08433574042794,0.20044387231804178,0.25655863642753773,0.9619047619047619,9.371428571428572,105
wearable,heart_rate_eps4.0,p_gated_uniform,4.0,8,4,,1,4,0.0,45.24760364536754,0.2381452823440397,0.25963645165121135,0.9615384615384616,9.442307692307692,104
wearable,heart_rate_eps4.0,p_gated_uniform,4.0,8,4,4.0,1,4,0.0,96.72728147808,0.5090909551477895,0.36871725141709943,0.9615384615384616,9.442307692307692,104
wearable,heart_rate_eps4.0,p_gated_uniform,4.0,8,4,8.0,1,4,0.0,53.4430517959602,0.2812792199787379,0.2975765539324651,0.9615384615384616,9.442307692307692,104
wearable,heart_rate_eps4.0,p_gated_uniform,4.0,8,4,16.0,1,4,0.0,45.24760364536754,0.2381452823440397,0.25963645165121135,0.9615384615384616,9.442307692307692,104
wearable,heart_rate_eps4.0,p_gated_uniform,4.0,8,6,,1,4,0.0,40.149432049013626,0.21131280025796645,0.25170844104224244,0.9611650485436893,9.504854368932039,103
wearable,heart_rate_eps4.0,p_gated_uniform,4.0,8,6,8.0,1,4,0.0,48.424447657379034,0.25486551398620544,0.29274212467314464,0.9611650485436893,9.504854368932039,103
wearable,heart_rate_eps4.0,p_gated_uniform,4.0,8,6,16.0,1,4,0.0,40.149432049013626,0.21131280025796645,0.25170844104224244,0.9611650485436893,9.504854368932039,103
wearable,heart_rate_eps4.0,p_gated_uniform,4.0,8,1,,2,0,0.0,90.22535673458927,0.4748702986031014,0.08118321827284715,1.0,8.383333333333333,60
wearable,heart_rate_eps4.0,p_gated_uniform,4.0,8,1,4.0,2,0,0.0,130.14967045155706,0.6849982655345108,0.2431338783730404,1.0,8.383333333333333,60
wearable,heart_rate_eps4.0,p_gated_uniform,4.0,8,1,8.0,2,0,0.0,96.5966474316273,0.5084034075348806,0.08118321827284715,1.0,8.383333333333333,60
wearable,heart_rate_eps4.0,p_gated_uniform,4.0,8,1,16.0,2,0,0.0,90.22535673458927,0.4748702986031014,0.08118321827284715,1.0,8.383333333333333,60
wearable,heart_rate_eps4.0,p_gated_uniform,4.0,8,2,,2,0,0.0,35.496913703079045,0.18682586159515288,0.3561696386114632,0.8666666666666667,8.383333333333333,60
wearable,heart_rate_eps4.0,p_gated_uniform,4.0,8,2,4.0,2,0,0.0,75.42122742004685,0.39695382852656236,1.156774638659473,0.8666666666666667,8.383333333333333,60
wearable,heart_rate_eps4.0,p_gated_uniform,4.0,8,2,8.0,2,0,0.0,41.86820440011708,0.22035897052693199,0.5417448664216808,0.8666666666666667,8.383333333333333,60
wearable,heart_rate_eps4.0,p_gated_uniform,4.0,8,2,16.0,2,0,0.0,35.496913703079045,0.18682586159515288,0.3561696386114632,0.8666666666666667,8.383333333333333,60
wearable,heart_rate_eps4.0,p_gated_uniform,4.0,8,3,,2,0,0.0,71.21529142950531,0.37481732331318585,0.386583281493916,0.85,8.383333333333333,60
wearable,heart_rate_eps4.0,p_gated_uniform,4.0,8,3,4.0,2,0,0.0,111.13960514647313,0.5849452902445954,1.1352340875338625,0.85,8.383333333333333,60
wearable,heart_rate_eps4.0,p_gated_uniform,4.0,8,3,8.0,2,0,0.0,77.58658212654335,0.408350432244965,0.5242715028761782,0.85,8.383333333333333,60
wearable,heart_rate_eps4.0,p_gated_uniform,4.0,8,3,16.0,2,0,0.0,71.21529142950531,0.37481732331318585,0.386583281493916,0.85,8.383333333333333,60
wearable,heart_rate_eps4.0,p_gated_uniform,4.0,8,4,,2,0,0.0,30.633350424878852,0.16122816013094132,0.38523396251346115,0.8333333333333334,8.383333333333333,60
wearable,heart_rate_eps4.0,p_gated_uniform,4.0,8,4,4.0,2,0,0.0,70.7883671642863,0.3725703534962437,1.1154432649375612,0.8333333333333334,8.383333333333333,60
wearable,heart_rate_eps4.0,p_gated_uniform,4.0,8,4,8.0,2,0,0.0,37.00464112191688,0.19476126906272043,0.44265654968728274,0.8333333333333334,8.383333333333333,60
wearable,heart_rate_eps4.0,p_gated_uniform,4.0,8,4,16.0,2,0,0.0,30.633350424878852,0.16122816013094132,0.38523396251346115,0.8333333333333334,8.383333333333333,60
wearable,heart_rate_eps4.0,p_gated_uniform,4.0,8,6,,2,0,0.0,30.633350424878852,0.16122816013094132,0.38523396251346115,0.8333333333333334,8.383333333333333,60
wearable,heart_rate_eps4.0,p_gated_uniform,4.0,8,6,8.0,2,0,0.0,37.00464112191688,0.19476126906272043,0.44265654968728274,0.8333333333333334,8.383333333333333,60
wearable,heart_rate_eps4.0,p_gated_uniform,4.0,8,6,16.0,2,0,0.0,30.633350424878852,0.16122816013094132,0.38523396251346115,0.8333333333333334,8.383333333333333,60
wearable,heart_rate_eps4.0,p_gated_uniform,4.0,8,1,,2,2,0.0,90.22535673458927,0.4748702986031014,0.08118321827284715,1.0,8.383333333333333,60
wearable,heart_rate_eps4.0,p_gated_uniform,4.0,8,1,4.0,2,2,0.0,130.14967045155706,0.6849982655345108,0.2431338783730404,1.0,8.383333333333333,60
wearable,heart_rate_eps4.0,p_gated_uniform,4.0,8,1,8.0,2,2,0.0,96.5966474316273,0.5084034075348806,0.08118321827284715,1.0,8.383333333333333,60
wearable,heart_rate_eps4.0,p_gated_uniform,4.0,8,1,16.0,2,2,0.0,90.22535673458927,0.4748702986031014,0.08118321827284715,1.0,8.383333333333333,60
wearable,heart_rate_eps4.0,p_gated_uniform,4.0,8,2,,2,2,0.0,37.34141290900548,0.19653375215266042,0.3561696386114632,0.9454545454545454,9.054545454545455,55
wearable,heart_rate_eps4.0,p_gated_uniform,4.0,8,2,4.0,2,2,0.0,80.89520969115216,0.4257642615323798,1.156774638659473,0.9454545454545454,9.054545454545455,55
wearable,heart_rate_eps4.0,p_gated_uniform,4.0,8,2,8.0,2,2,0.0,44.2919118512288,0.23311532553278314,0.5417448664216808,0.9454545454545454,9.054545454545455,55
wearable,heart_rate_eps4.0,p_gated_uniform,4.0,8,2,16.0,2,2,0.0,37.34141290900548,0.19653375215266042,0.3561696386114632,0.9454545454545454,9.054545454545455,55
wearable,heart_rate_eps4.0,p_gated_uniform,4.0,8,3,,2,2,0.0,49.809338449452476,0.26215441289185515,0.386583281493916,0.9444444444444444,9.203703703703704,54
wearable,heart_rate_eps4.0,p_gated_uniform,4.0,8,3,4.0,2,2,0.0,94.16968702386113,0.49562993170453223,1.1352340875338625,0.9444444444444444,9.203703703703704,54
wearable,heart_rate_eps4.0,p_gated_uniform,4.0,8,3,8.0,2,2,0.0,56.8885503350503,0.2994134228160542,0.5242715028761782,0.9444444444444444,9.203703703703704,54
wearable,heart_rate_eps4.0,p_gated_uniform,4.0,8,3,16.0,2,2,0.0,49.809338449452476,0.26215441289185515,0.386583281493916,0.9444444444444444,9.203703703703704,54
wearable,heart_rate_eps4.0,p_gated_uniform,4.0,8,4,,2,2,0.0,31.947157037744184,0.16814293177760098,0.38523396251346115,0.9259259259259259,9.185185185185185,54
wearable,heart_rate_eps4.0,p_gated_uniform,4.0,8,4,4.0,2,2,0.0,76.35591413898236,0.4018732323104335,1.1154432649375612,0.9259259259259259,9.185185185185185,54
wearable,heart_rate_eps4.0,p_gated_uniform,4.0,8,4,8.0,2,2,0.0,39.026368923342,0.20540194170179998,0.44265654968728274,0.9259259259259259,9.185185185185185,54
wearable,heart_rate_eps4.0,p_gated_uniform,4.0,8,4,16.0,2,2,0.0,31.947157037744184,0.16814293177760098,0.38523396251346115,0.9259259259259259,9.185185185185185,54
wearable,heart_rate_eps4.0,p_gated_uniform,4.0,8,6,,2,2,0.0,31.947157037744184,0.16814293177760098,0.38523396251346115,0.9259259259259259,9.185185185185185,54
wearable,heart_rate_eps4.0,p_gated_uniform,4.0,8,6,8.0,2,2,0.0,39.026368923342,0.20540194170179998,0.44265654968728274,0.9259259259259259,9.185185185185185,54
wearable,heart_rate_eps4.0,p_gated_uniform,4.0,8,6,16.0,2,2,0.0,31.947157037744184,0.16814293177760098,0.38523396251346115,0.9259259259259259,9.185185185185185,54
wearable,heart_rate_eps4.0,p_gated_uniform,4.0,8,1,,2,4,0.0,90.22535673458927,0.4748702986031014,0.08118321827284715,1.0,8.383333333333333,60
wearable,heart_rate_eps4.0,p_gated_uniform,4.0,8,1,4.0,2,4,0.0,130.14967045155706,0.6849982655345108,0.2431338783730404,1.0,8.383333333333333,60
wearable,heart_rate_eps4.0,p_gated_uniform,4.0,8,1,8.0,2,4,0.0,96.5966474316273,0.5084034075348806,0.08118321827284715,1.0,8.383333333333333,60
wearable,heart_rate_eps4.0,p_gated_uniform,4.0,8,1,16.0,2,4,0.0,90.22535673458927,0.4748702986031014,0.08118321827284715,1.0,8.383333333333333,60
wearable,heart_rate_eps4.0,p_gated_uniform,4.0,8,2,,2,4,0.0,37.60326759956664,0.19791193473456128,0.3561696386114632,0.9629629629629629,9.203703703703704,54
wearable,heart_rate_eps4.0,p_gated_uniform,4.0,8,2,4.0,2,4,0.0,81.96361617397531,0.43138745354723845,1.156774638659473,0.9629629629629629,9.203703703703704,54
wearable,heart_rate_eps4.0,p_gated_uniform,4.0,8,2,8.0,2,4,0.0,44.682479485164464,0.23517094465876034,0.5417448664216808,0.9629629629629629,9.203703703703704,54
wearable,heart_rate_eps4.0,p_gated_uniform,4.0,8,2,16.0,2,4,0.0,37.60326759956664,0.19791193473456128,0.3561696386114632,0.9629629629629629,9.203703703703704,54
wearable,heart_rate_eps4.0,p_gated_uniform,4.0,8,3,,2,4,0.0,45.87258331994265,0.24143464905232973,0.386583281493916,0.9622641509433962,9.358490566037736,53
wearable,heart_rate_eps4.0,p_gated_uniform,4.0,8,3,4.0,2,4,0.0,91.06991960330244,0.47931536633317073,1.1352340875338625,0.9622641509433962,9.358490566037736,53
wearable,heart_rate_eps4.0,p_gated_uniform,4.0,8,3,8.0,2,4,0.0,53.085365241117785,0.2793966591637778,0.5242715028761782,0.9622641509433962,9.358490566037736,53
wearable,heart_rate_eps4.0,p_gated_uniform,4.0,8,3,16.0,2,4,0.0,45.87258331994265,0.24143464905232973,0.386583281493916,0.9622641509433962,9.358490566037736,53
wearable,heart_rate_eps4.0,p_gated_uniform,4.0,8,4,,2,4,0.0,32.46686664984474,0.17087824552549863,0.38523396251346115,0.9615384615384616,9.5,52
wearable,heart_rate_eps4.0,p_gated_uniform,4.0,8,4,4.0,2,4,0.0,78.7394555141802,0.4144181869167379,1.1154432649375612,0.9615384615384616,9.5,52
wearable,heart_rate_eps4.0,p_gated_uniform,4.0,8,4,8.0,2,4,0.0,39.818355915657854,0.20957029429293608,0.44265654968728274,0.9615384615384616,9.5,52
wearable,heart_rate_eps4.0,p_gated_uniform,4.0,8,4,16.0,2,4,0.0,32.46686664984474,0.17087824552549863,0.38523396251346115,0.9615384615384616,9.5,52
wearable,heart_rate_eps4.0,p_gated_uniform,4.0,8,6,,2,4,0.0,32.46686664984474,0.17087824552549863,0.38523396251346115,0.9615384615384616,9.5,52
wearable,heart_rate_eps4.0,p_gated_uniform,4.0,8,6,8.0,2,4,0.0,39.818355915657854,0.20957029429293608,0.44265654968728274,0.9615384615384616,9.5,52
wearable,heart_rate_eps4.0,p_gated_uniform,4.0,8,6,16.0,2,4,0.0,32.46686664984474,0.17087824552549863,0.38523396251346115,0.9615384615384616,9.5,52
wearable,heart_rate_eps4.0,p_gated_uniform,4.0,8,1,,4,0,0.0,77.55003366427384,0.40815807191723075,0.20901090763310193,1.0,8.433333333333334,30
wearable,heart_rate_eps4.0,p_gated_uniform,4.0,8,1,4.0,4,0,0.0,115.97705403736407,0.610405547565074,0.3502624145936459,1.0,8.433333333333334,30
wearable,heart_rate_eps4.0,p_gated_uniform,4.0,8,1,8.0,4,0,0.0,83.43634326439863,0.4391386487599928,0.24886096786100378,1.0,8.433333333333334,30
wearable,heart_rate_eps4.0,p_gated_uniform,4.0,8,1,16.0,4,0,0.0,77.55003366427384,0.40815807191723075,0.20901090763310193,1.0,8.433333333333334,30
wearable,heart_rate_eps4.0,p_gated_uniform,4.0,8,2,,4,0,0.0,44.11359208223668,0.23217680043282463,0.5780790273068437,0.8666666666666667,8.433333333333334,30
wearable,heart_rate_eps4.0,p_gated_uniform,4.0,8,2,4.0,4,0,0.0,82.54061245532692,0.434424276080668,1.1023647647529915,0.8666666666666667,8.433333333333334,30
wearable,heart_rate_eps4.0,p_gated_uniform,4.0,8,2,8.0,4,0,0.0,49.99990168236148,0.26315737727558675,0.7726412158998435,0.8666666666666667,8.433333333333334,30
wearable,heart_rate_eps4.0,p_gated_uniform,4.0,8,2,16.0,4,0,0.0,44.11359208223668,0.23217680043282463,0.5780790273068437,0.8666666666666667,8.433333333333334,30
wearable,heart_rate_eps4.0,p_gated_uniform,4.0,8,3,,4,0,0.0,44.11359208223668,0.23217680043282463,0.5780790273068437,0.8666666666666667,8.433333333333334,30
wearable,heart_rate_eps4.0,p_gated_uniform,4.0,8,3,4.0,4,0,0.0,82.54061245532692,0.434424276080668,1.1023647647529915,0.8666666666666667,8.433333333333334,30
wearable,heart_rate_eps4.0,p_gated_uniform,4.0,8,3,8.0,4,0,0.0,49.99990168236148,0.26315737727558675,0.7726412158998435,0.8666666666666667,8.433333333333334,30
wearable,heart_rate_eps4.0,p_gated_uniform,4.0,8,3,16.0,4,0,0.0,44.11359208223668,0.23217680043282463,0.5780790273068437,0.8666666666666667,8.433333333333334,30
wearable,heart_rate_eps4.0,p_gated_uniform,4.0,8,4,,4,0,0.0,46.712347858656706,0.24585446241398265,0.41719923900096345,0.8333333333333334,8.433333333333334,30
wearable,heart_rate_eps4.0,p_gated_uniform,4.0,8,4,4.0,4,0,0.0,98.79845483387687,0.5199918675467204,1.0594954465346056,0.8333333333333334,8.433333333333334,30
wearable,heart_rate_eps4.0,p_gated_uniform,4.0,8,4,8.0,4,0,0.0,52.59865745878151,0.2768350392567448,1.0660619604654147,0.8333333333333334,8.433333333333334,30
wearable,heart_rate_eps4.0,p_gated_uniform,4.0,8,4,16.0,4,0,0.0,46.712347858656706,0.24585446241398265,0.41719923900096345,0.8333333333333334,8.433333333333334,30
wearable,heart_rate_eps4.0,p_gated_uniform,4.0,8,6,,4,0,0.0,46.712347858656706,0.24585446241398265,0.41719923900096345,0.8333333333333334,8.433333333333334,30
wearable,heart_rate_eps4.0,p_gated_uniform,4.0,8,6,8.0,4,0,0.0,52.59865745878151,0.2768350392567448,1.0660619604654147,0.8333333333333334,8.433333333333334,30
wearable,heart_rate_eps4.0,p_gated_uniform,4.0,8,6,16.0,4,0,0.0,46.712347858656706,0.24585446241398265,0.41719923900096345,0.8333333333333334,8.433333333333334,30
wearable,heart_rate_eps4.0,p_gated_uniform,4.0,8,1,,4,2,0.0,77.55003366427384,0.40815807191723075,0.20901090763310193,1.0,8.433333333333334,30
wearable,heart_rate_eps4.0,p_gated_uniform,4.0,8,1,4.0,4,2,0.0,115.97705403736407,0.610405547565074,0.3502624145936459,1.0,8.433333333333334,30
wearable,heart_rate_eps4.0,p_gated_uniform,4.0,8,1,8.0,4,2,0.0,83.43634326439863,0.4391386487599928,0.24886096786100378,1.0,8.433333333333334,30
wearable,heart_rate_eps4.0,p_gated_uniform,4.0,8,1,16.0,4,2,0.0,77.55003366427384,0.40815807191723075,0.20901090763310193,1.0,8.433333333333334,30
wearable,heart_rate_eps4.0,p_gated_uniform,4.0,8,2,,4,2,0.0,39.282629633033594,0.2067506822791242,0.5780790273068437,0.9285714285714286,8.964285714285714,28
wearable,heart_rate_eps4.0,p_gated_uniform,4.0,8,2,4.0,4,2,0.0,80.45443717563028,0.42344440618752777,1.1023647647529915,0.9285714285714286,8.964285714285714,28
wearable,heart_rate_eps4.0,p_gated_uniform,4.0,8,2,8.0,4,2,0.0,45.58938991888159,0.23994415746779782,0.7726412158998435,0.9285714285714286,8.964285714285714,28
wearable,heart_rate_eps4.0,p_gated_uniform,4.0,8,2,16.0,4,2,0.0,39.282629633033594,0.2067506822791242,0.5780790273068437,0.9285714285714286,8.964285714285714,28
wearable,heart_rate_eps4.0,p_gated_uniform,4.0,8,3,,4,2,0.0,39.282629633033594,0.2067506822791242,0.5780790273068437,0.9285714285714286,8.964285714285714,28
wearable,heart_rate_eps4.0,p_gated_uniform,4.0,8,3,4.0,4,2,0.0,80.45443717563028,0.42344440618752777,1.1023647647529915,0.9285714285714286,8.964285714285714,28
wearable,heart_rate_eps4.0,p_gated_uniform,4.0,8,3,8.0,4,2,0.0,45.58938991888159,0.23994415746779782,0.7726412158998435,0.9285714285714286,8.964285714285714,28
wearable,heart_rate_eps4.0,p_gated_uniform,4.0,8,3,16.0,4,2,0.0,39.282629633033594,0.2067506822791242,0.5780790273068437,0.9285714285714286,8.964285714285714,28
wearable,heart_rate_eps4.0,p_gated_uniform,4.0,8,4,,4,2,0.0,39.4475221700223,0.20761853773695949,0.41719923900096345,0.9259259259259259,9.25925925925926,27
wearable,heart_rate_eps4.0,p_gated_uniform,4.0,8,4,4.0,4,2,0.0,88.21491662995811,0.4642890348945164,1.0594954465346056,0.9259259259259259,9.25925925925926,27
wearable,heart_rate_eps4.0,p_gated_uniform,4.0,8,4,8.0,4,2,0.0,45.98786617016098,0.2420414008955841,1.0660619604654147,0.9259259259259259,9.25925925925926,27
wearable,heart_rate_eps4.0,p_gated_uniform,4.0,8,4,16.0,4,2,0.0,39.4475221700223,0.20761853773695949,0.41719923900096345,0.9259259259259259,9.25925925925926,27
wearable,heart_rate_eps4.0,p_gated_uniform,4.0,8,6,,4,2,0.0,39.4475221700223,0.20761853773695949,0.41719923900096345,0.9259259259259259,9.25925925925926,27
wearable,heart_rate_eps4.0,p_gated_uniform,4.0,8,6,8.0,4,2,0.0,45.98786617016098,0.2420414008955841,1.0660619604654147,0.9259259259259259,9.25925925925926,27
wearable,heart_rate_eps4.0,p_gated_uniform,4.0,8,6,16.0,4,2,0.0,39.4475221700223,0.20761853773695949,0.41719923900096345,0.9259259259259259,9.25925925925926,27
wearable,heart_rate_eps4.0,p_gated_uniform,4.0,8,1,,4,4,0.0,77.55003366427384,0.40815807191723075,0.20901090763310193,1.0,8.433333333333334,30
wearable,heart_rate_eps4.0,p_gated_uniform,4.0,8,1,4.0,4,4,0.0,115.97705403736407,0.610405547565074,0.3502624145936459,1.0,8.433333333333334,30
wearable,heart_rate_eps4.0,p_gated_uniform,4.0,8,1,8.0,4,4,0.0,83.43634326439863,0.4391386487599928,0.24886096786100378,1.0,8.433333333333334,30
wearable,heart_rate_eps4.0,p_gated_uniform,4.0,8,1,16.0,4,4,0.0,77.55003366427384,0.40815807191723075,0.20901090763310193,1.0,8.433333333333334,30
wearable,heart_rate_eps4.0,p_gated_uniform,4.0,8,2,,4,4,0.0,37.75184802545163,0.19869393697606122,0.5780790273068437,0.9629629629629629,9.25925925925926,27
wearable,heart_rate_eps4.0,p_gated_uniform,4.0,8,2,4.0,4,4,0.0,80.44853732888522,0.4234133543625538,1.1023647647529915,0.9629629629629629,9.25925925925926,27
wearable,heart_rate_eps4.0,p_gated_uniform,4.0,8,2,8.0,4,4,0.0,44.292192025590296,0.23311680013468578,0.7726412158998435,0.9629629629629629,9.25925925925926,27
wearable,heart_rate_eps4.0,p_gated_uniform,4.0,8,2,16.0,4,4,0.0,37.75184802545163,0.19869393697606122,0.5780790273068437,0.9629629629629629,9.25925925925926,27
wearable,heart_rate_eps4.0,p_gated_uniform,4.0,8,3,,4,4,0.0,37.75184802545163,0.19869393697606122,0.5780790273068437,0.9629629629629629,9.25925925925926,27
wearable,heart_rate_eps4.0,p_gated_uniform,4.0,8,3,4.0,4,4,0.0,80.44853732888522,0.4234133543625538,1.1023647647529915,0.9629629629629629,9.25925925925926,27
wearable,heart_rate_eps4.0,p_gated_uniform,4.0,8,3,8.0,4,4,0.0,44.292192025590296,0.23311680013468578,0.7726412158998435,0.9629629629629629,9.25925925925926,27
wearable,heart_rate_eps4.0,p_gated_uniform,4.0,8,3,16.0,4,4,0.0,37.75184802545163,0.19869393697606122,0.5780790273068437,0.9629629629629629,9.25925925925926,27
wearable,heart_rate_eps4.0,p_gated_uniform,4.0,8,4,,4,4,0.0,36.269373011844905,0.19089143690444688,0.41719923900096345,0.9615384615384616,9.576923076923077,26
wearable,heart_rate_eps4.0,p_gated_uniform,4.0,8,4,4.0,4,4,0.0,83.7603395812867,0.4408438925330879,1.0594954465346056,0.9615384615384616,9.576923076923077,26
wearable,heart_rate_eps4.0,p_gated_uniform,4.0,8,4,8.0,4,4,0.0,43.0612687042966,0.22663825633840318,1.0660619604654147,0.9615384615384616,9.576923076923077,26
wearable,heart_rate_eps4.0,p_gated_uniform,4.0,8,4,16.0,4,4,0.0,36.269373011844905,0.19089143690444688,0.41719923900096345,0.9615384615384616,9.576923076923077,26
wearable,heart_rate_eps4.0,p_gated_uniform,4.0,8,6,,4,4,0.0,36.269373011844905,0.19089143690444688,0.41719923900096345,0.9615384615384616,9.576923076923077,26
wearable,heart_rate_eps4.0,p_gated_uniform,4.0,8,6,8.0,4,4,0.0,43.0612687042966,0.22663825633840318,1.0660619604654147,0.9615384615384616,9.576923076923077,26
wearable,heart_rate_eps4.0,p_gated_uniform,4.0,8,6,16.0,4,4,0.0,36.269373011844905,0.19089143690444688,0.41719923900096345,0.9615384615384616,9.576923076923077,26
wearable,heart_rate_eps4.0,p_gated_sample,4.0,8,1,,1,0,0.0,15.988634851559947,0.08415070974505236,0.015693411348260855,0.12605042016806722,8.403361344537815,119
wearable,heart_rate_eps4.0,p_gated_sample,4.0,8,1,4.0,1,0,0.0,17.771750895487962,0.09353553102888401,0.2154579320923601,0.12605042016806722,8.403361344537815,119
wearable,heart_rate_eps4.0,p_gated_sample,4.0,8,1,8.0,1,0,0.0,16.153904378538687,0.08502054936072993,0.0114668968835515,0.12605042016806722,8.403361344537815,119
wearable,heart_rate_eps4.0,p_gated_sample,4.0,8,1,16.0,1,0,0.0,15.988634851559947,0.08415070974505236,0.015693411348260855,0.12605042016806722,8.403361344537815,119
wearable,heart_rate_eps4.0,p_gated_sample,4.0,8,2,,1,0,0.0,15.596503379467046,0.08208685989193182,0.16745606001656824,0.1092436974789916,8.403361344537815,119
wearable,heart_rate_eps4.0,p_gated_sample,4.0,8,2,4.0,1,0,0.0,17.810287030787627,0.0937383527936191,0.18268567205630037,0.1092436974789916,8.403361344537815,119
wearable,heart_rate_eps4.0,p_gated_sample,4.0,8,2,8.0,1,0,0.0,15.761772906445787,0.08295669950760941,0.06446458435015345,0.1092436974789916,8.403361344537815,119
wearable,heart_rate_eps4.0,p_gated_sample,4.0,8,2,16.0,1,0,0.0,15.596503379467046,0.08208685989193182,0.16745606001656824,0.1092436974789916,8.403361344537815,119
wearable,heart_rate_eps4.0,p_gated_sample,4.0,8,3,,1,0,0.0,15.596503379467046,0.08208685989193182,0.16745606001656824,0.1092436974789916,8.403361344537815,119
wearable,heart_rate_eps4.0,p_gated_sample,4.0,8,3,4.0,1,0,0.0,17.810287030787627,0.0937383527936191,0.18268567205630037,0.1092436974789916,8.403361344537815,119
wearable,heart_rate_eps4.0,p_gated_sample,4.0,8,3,8.0,1,0,0.0,15.761772906445787,0.08295669950760941,0.06446458435015345,0.1092436974789916,8.403361344537815,119
wearable,heart_rate_eps4.0,p_gated_sample,4.0,8,3,16.0,1,0,0.0,15.596503379467046,0.08208685989193182,0.16745606001656824,0.1092436974789916,8.403361344537815,119
wearable,heart_rate_eps4.0,p_gated_sample,4.0,8,4,,1,0,0.0,15.596503379467046,0.08208685989193182,0.16745606001656824,0.1092436974789916,8.403361344537815,119
wearable,heart_rate_eps4.0,p_gated_sample,4.0,8,4,4.0,1,0,0.0,17.810287030787627,0.0937383527936191,0.18268567205630037,0.1092436974789916,8.403361344537815,119
wearable,heart_rate_eps4.0,p_gated_sample,4.0,8,4,8.0,1,0,0.0,15.761772906445787,0.08295669950760941,0.06446458435015345,0.1092436974789916,8.403361344537815,119
wearable,heart_rate_eps4.0,p_gated_sample,4.0,8,4,16.0,1,0,0.0,15.596503379467046,0.08208685989193182,0.16745606001656824,0.1092436974789916,8.403361344537815,119
wearable,heart_rate_eps4.0,p_gated_sample,4.0,8,6,,1,0,0.0,15.596503379467046,0.08208685989193182,0.16745606001656824,0.1092436974789916,8.403361344537815,119
wearable,heart_rate_eps4.0,p_gated_sample,4.0,8,6,8.0,1,0,0.0,15.761772906445787,0.08295669950760941,0.06446458435015345,0.1092436974789916,8.403361344537815,119
wearable,heart_rate_eps4.0,p_gated_sample,4.0,8,6,16.0,1,0,0.0,15.596503379467046,0.08208685989193182,0.16745606001656824,0.1092436974789916,8.403361344537815,119
wearable,heart_rate_eps4.0,p_gated_sample,4.0,8,1,,1,2,0.0,15.988634851559947,0.08415070974505236,0.015693411348260855,0.12605042016806722,8.403361344537815,119
wearable,heart_rate_eps4.0,p_gated_sample,4.0,8,1,4.0,1,2,0.0,17.771750895487962,0.09353553102888401,0.2154579320923601,0.12605042016806722,8.403361344537815,119
wearable,heart_rate_eps4.0,p_gated_sample,4.0,8,1,8.0,1,2,0.0,16.153904378538687,0.08502054936072993,0.0114668968835515,0.12605042016806722,8.403361344537815,119
wearable,heart_rate_eps4.0,p_gated_sample,4.0,8,1,16.0,1,2,0.0,15.988634851559947,0.08415070974505236,0.015693411348260855,0.12605042016806722,8.403361344537815,119
wearable,heart_rate_eps4.0,p_gated_sample,4.0,8,2,,1,2,0.0,13.620847617345618,0.0716886716702401,0.16745606001656824,0.11926605504587157,9.082568807339449,109
wearable,heart_rate_eps4.0,p_gated_sample,4.0,8,2,4.0,1,2,0.0,15.715054060346983,0.08271081084393149,0.18268567205630037,0.11926605504587157,9.082568807339449,109
wearable,heart_rate_eps4.0,p_gated_sample,4.0,8,2,8.0,1,2,0.0,13.801279486249017,0.07263831308552114,0.06446458435015345,0.11926605504587157,9.082568807339449,109
wearable,heart_rate_eps4.0,p_gated_sample,4.0,8,2,16.0,1,2,0.0,13.620847617345618,0.0716886716702401,0.16745606001656824,0.11926605504587157,9.082568807339449,109
wearable,heart_rate_eps4.0,p_gated_sample,4.0,8,3,,1,2,0.0,13.495380594616877,0.0710283189190362,0.16745606001656824,0.12149532710280374,9.214953271028037,107
wearable,heart_rate_eps4.0,p_gated_sample,4.0,8,3,4.0,1,2,0.0,15.575304507728635,0.08197528688278229,0.18268567205630037,0.12149532710280374,9.214953271028037,107
wearable,heart_rate_eps4.0,p_gated_sample,4.0,8,3,8.0,1,2,0.0,13.679185021817533,0.0719957106411449,0.06446458435015345,0.12149532710280374,9.214953271028037,107
wearable,heart_rate_eps4.0,p_gated_sample,4.0,8,3,16.0,1,2,0.0,13.495380594616877,0.0710283189190362,0.16745606001656824,0.12149532710280374,9.214953271028037,107
wearable,heart_rate_eps4.0,p_gated_sample,4.0,8,4,,1,2,0.0,13.424791114107759,0.07065679533740926,0.16745606001656824,0.12149532710280374,9.214953271028037,107
wearable,heart_rate_eps4.0,p_gated_sample,4.0,8,4,4.0,1,2,0.0,15.51411180634902,0.0816532200334159,0.18268567205630037,0.12149532710280374,9.214953271028037,107
wearable,heart_rate_eps4.0,p_gated_sample,4.0,8,4,8.0,1,2,0.0,13.608595541308414,0.07162418705951797,0.06446458435015345,0.12149532710280374,9.214953271028037,107
wearable,heart_rate_eps4.0,p_gated_sample,4.0,8,4,16.0,1,2,0.0,13.424791114107759,0.07065679533740926,0.16745606001656824,0.12149532710280374,9.214953271028037,107
wearable,heart_rate_eps4.0,p_gated_sample,4.0,8,6,,1,2,0.0,13.674242100068344,0.0719696952635176,0.16745606001656824,0.12264150943396226,9.273584905660377,106
wearable,heart_rate_eps4.0,p_gated_sample,4.0,8,6,8.0,1,2,0.0,13.859780531299194,0.07294621332262734,0.06446458435015345,0.12264150943396226,9.273584905660377,106
wearable,heart_rate_eps4.0,p_gated_sample,4.0,8,6,16.0,1,2,0.0,13.674242100068344,0.0719696952635176,0.16745606001656824,0.12264150943396226,9.273584905660377,106
wearable,heart_rate_eps4.0,p_gated_sample,4.0,8,1,,1,4,0.0,15.988634851559947,0.08415070974505236,0.015693411348260855,0.12605042016806722,8.403361344537815,119
wearable,heart_rate_eps4.0,p_gated_sample,4.0,8,1,4.0,1,4,0.0,17.771750895487962,0.09353553102888401,0.2154579320923601,0.12605042016806722,8.403361344537815,119
wearable,heart_rate_eps4.0,p_gated_sample,4.0,8,1,8.0,1,4,0.0,16.153904378538687,0.08502054936072993,0.0114668968835515,0.12605042016806722,8.403361344537815,119
wearable,heart_rate_eps4.0,p_gated_sample,4.0,8,1,16.0,1,4,0.0,15.988634851559947,0.08415070974505236,0.015693411348260855,0.12605042016806722,8.403361344537815,119
wearable,heart_rate_eps4.0,p_gated_sample,4.0,8,2,,1,4,0.0,13.482919535426845,0.07096273439698339,0.16745606001656824,0.12149532710280374,9.233644859813085,107
wearable,heart_rate_eps4.0,p_gated_sample,4.0,8,2,4.0,1,4,0.0,15.51922974137349,0.08168015653354468,0.18268567205630037,0.12149532710280374,9.233644859813085,107
wearable,heart_rate_eps4.0,p_gated_sample,4.0,8,2,8.0,1,4,0.0,13.666723962627502,0.07193012611909212,0.06446458435015345,0.12149532710280374,9.233644859813085,107
wearable,heart_rate_eps4.0,p_gated_sample,4.0,8,2,16.0,1,4,0.0,13.482919535426845,0.07096273439698339,0.16745606001656824,0.12149532710280374,9.233644859813085,107
wearable,heart_rate_eps4.0,p_gated_sample,4.0,8,3,,1,4,0.0,13.244102129752438,0.06970580068290756,0.16745606001656824,0.12380952380952381,9.371428571428572,105
wearable,heart_rate_eps4.0,p_gated_sample,4.0,8,3,4.0,1,4,0.0,15.26475497215339,0.08034081564291258,0.18268567205630037,0.12380952380952381,9.371428571428572,105
wearable,heart_rate_eps4.0,p_gated_sample,4.0,8,3,8.0,1,4,0.0,13.43140759366168,0.07069161891400884,0.06446458435015345,0.12380952380952381,9.371428571428572,105
wearable,heart_rate_eps4.0,p_gated_sample,4.0,8,3,16.0,1,4,0.0,13.244102129752438,0.06970580068290756,0.16745606001656824,0.12380952380952381,9.371428571428572,105
wearable,heart_rate_eps4.0,p_gated_sample,4.0,8,4,,1,4,0.0,12.92502880712094,0.06802646740589968,0.16745606001656824,0.125,9.442307692307692,104
wearable,heart_rate_eps4.0,p_gated_sample,4.0,8,4,4.0,1,4,0.0,15.019864684630145,0.07905191939279023,0.18268567205630037,0.125,9.442307692307692,104
wearable,heart_rate_eps4.0,p_gated_sample,4.0,8,4,8.0,1,4,0.0,13.114135285106228,0.06902176465845383,0.06446458435015345,0.125,9.442307692307692,104
wearable,heart_rate_eps4.0,p_gated_sample,4.0,8,4,16.0,1,4,0.0,12.92502880712094,0.06802646740589968,0.16745606001656824,0.125,9.442307692307692,104
wearable,heart_rate_eps4.0,p_gated_sample,4.0,8,6,,1,4,0.0,13.116435952535783,0.06903387343439886,0.16745606001656824,0.1262135922330097,9.504854368932039,103
wearable,heart_rate_eps4.0,p_gated_sample,4.0,8,6,8.0,1,4,0.0,13.30737841574423,0.0700388337670749,0.06446458435015345,0.1262135922330097,9.504854368932039,103
wearable,heart_rate_eps4.0,p_gated_sample,4.0,8,6,16.0,1,4,0.0,13.116435952535783,0.06903387343439886,0.16745606001656824,0.1262135922330097,9.504854368932039,103
wearable,heart_rate_eps4.0,p_gated_sample,4.0,8,1,,2,0,0.0,10.509335286267325,0.05531229098035434,0.5935730582947492,0.13333333333333333,8.383333333333333,60
wearable,heart_rate_eps4.0,p_gated_sample,4.0,8,1,4.0,2,0,0.0,12.154860546029228,0.0639729502422591,0.3212838971579303,0.13333333333333333,8.383333333333333,60
wearable,heart_rate_eps4.0,p_gated_sample,4.0,8,1,8.0,2,0,0.0,10.524809134764393,0.055393732288233646,0.5935730582947492,0.13333333333333333,8.383333333333333,60
wearable,heart_rate_eps4.0,p_gated_sample,4.0,8,1,16.0,2,0,0.0,10.509335286267325,0.05531229098035434,0.5935730582947492,0.13333333333333333,8.383333333333333,60
wearable,heart_rate_eps4.0,p_gated_sample,4.0,8,2,,2,0,0.0,10.664949034719989,0.05613131070905257,0.529561124672572,0.11666666666666667,8.383333333333333,60
wearable,heart_rate_eps4.0,p_gated_sample,4.0,8,2,4.0,2,0,0.0,12.382953836590618,0.06517344124521378,0.3588856224747193,0.11666666666666667,8.383333333333333,60
wearable,heart_rate_eps4.0,p_gated_sample,4.0,8,2,8.0,2,0,0.0,10.680422883217057,0.05621275201693188,0.529561124672572,0.11666666666666667,8.383333333333333,60
wearable,heart_rate_eps4.0,p_gated_sample,4.0,8,2,16.0,2,0,0.0,10.664949034719989,0.05613131070905257,0.529561124672572,0.11666666666666667,8.383333333333333,60
wearable,heart_rate_eps4.0,p_gated_sample,4.0,8,3,,2,0,0.0,10.664949034719989,0.05613131070905257,0.529561124672572,0.11666666666666667,8.383333333333333,60
wearable,heart_rate_eps4.0,p_gated_sample,4.0,8,3,4.0,2,0,0.0,12.382953836590618,0.06517344124521378,0.3588856224747193,0.11666666666666667,8.383333333333333,60
wearable,heart_rate_eps4.0,p_gated_sample,4.0,8,3,8.0,2,0,0.0,10.680422883217057,0.05621275201693188,0.529561124672572,0.11666666666666667,8.383333333333333,60
wearable,heart_rate_eps4.0,p_gated_sample,4.0,8,3,16.0,2,0,0.0,10.664949034719989,0.05613131070905257,0.529561124672572,0.11666666666666667,8.383333333333333,60
wearable,heart_rate_eps4.0,p_gated_sample,4.0,8,4,,2,0,0.0,10.664949034719989,0.05613131070905257,0.529561124672572,0.11666666666666667,8.383333333333333,60
wearable,heart_rate_eps4.0,p_gated_sample,4.0,8,4,4.0,2,0,0.0,12.382953836590618,0.06517344124521378,0.3588856224747193,0.11666666666666667,8.383333333333333,60
wearable,heart_rate_eps4.0,p_gated_sample,4.0,8,4,8.0,2,0,0.0,10.680422883217057,0.05621275201693188,0.529561124672572,0.11666666666666667,8.383333333333333,60
wearable,heart_rate_eps4.0,p_gated_sample,4.0,8,4,16.0,2,0,0.0,10.664949034719989,0.05613131070905257,0.529561124672572,0.11666666666666667,8.383333333333333,60
wearable,heart_rate_eps4.0,p_gated_sample,4.0,8,6,,2,0,0.0,10.664949034719989,0.05613131070905257,0.529561124672572,0.11666666666666667,8.383333333333333,60
wearable,heart_rate_eps4.0,p_gated_sample,4.0,8,6,8.0,2,0,0.0,10.680422883217057,0.05621275201693188,0.529561124672572,0.11666666666666667,8.383333333333333,60
wearable,heart_rate_eps4.0,p_gated_sample,4.0,8,6,16.0,2,0,0.0,10.664949034719989,0.05613131070905257,0.529561124672572,0.11666666666666667,8.383333333333333,60
wearable,heart_rate_eps4.0,p_gated_sample,4.0,8,1,,2,2,0.0,10.509335286267325,0.05531229098035434,0.5935730582947492,0.13333333333333333,8.383333333333333,60
wearable,heart_rate_eps4.0,p_gated_sample,4.0,8,1,4.0,2,2,0.0,12.154860546029228,0.0639729502422591,0.3212838971579303,0.13333333333333333,8.383333333333333,60
wearable,heart_rate_eps4.0,p_gated_sample,4.0,8,1,8.0,2,2,0.0,10.524809134764393,0.055393732288233646,0.5935730582947492,0.13333333333333333,8.383333333333333,60
wearable,heart_rate_eps4.0,p_gated_sample,4.0,8,1,16.0,2,2,0.0,10.509335286267325,0.05531229098035434,0.5935730582947492,0.13333333333333333,8.383333333333333,60
wearable,heart_rate_eps4.0,p_gated_sample,4.0,8,2,,2,2,0.0,10.00731235352616,0.05267006501855874,0.7024376907793581,0.12727272727272726,9.054545454545455,55
wearable,heart_rate_eps4.0,p_gated_sample,4.0,8,2,4.0,2,2,0.0,12.000102297199309,0.06315843314315425,0.9565466230480277,0.12727272727272726,9.054545454545455,55
wearable,heart_rate_eps4.0,p_gated_sample,4.0,8,2,8.0,2,2,0.0,10.02419291552296,0.05275891008169979,0.8500061128448377,0.12727272727272726,9.054545454545455,55
wearable,heart_rate_eps4.0,p_gated_sample,4.0,8,2,16.0,2,2,0.0,10.00731235352616,0.05267006501855874,0.7024376907793581,0.12727272727272726,9.054545454545455,55
wearable,heart_rate_eps4.0,p_gated_sample,4.0,8,3,,2,2,0.0,9.42500803068566,0.04960530542466137,0.6804817450884432,0.12962962962962962,9.203703703703704,54
wearable,heart_rate_eps4.0,p_gated_sample,4.0,8,3,4.0,2,2,0.0,11.41443507955161,0.06007597410290321,0.7748712137200362,0.12962962962962962,9.203703703703704,54
wearable,heart_rate_eps4.0,p_gated_sample,4.0,8,3,8.0,2,2,0.0,9.4422011956824,0.04969579576674948,0.5893864739618142,0.12962962962962962,9.203703703703704,54
wearable,heart_rate_eps4.0,p_gated_sample,4.0,8,3,16.0,2,2,0.0,9.42500803068566,0.04960530542466137,0.6804817450884432,0.12962962962962962,9.203703703703704,54
wearable,heart_rate_eps4.0,p_gated_sample,4.0,8,4,,2,2,0.0,9.760044382012106,0.05136865464216898,0.6047564333387586,0.12962962962962962,9.185185185185185,54
wearable,heart_rate_eps4.0,p_gated_sample,4.0,8,4,4.0,2,2,0.0,11.668938606312805,0.06141546634901476,0.980779818288917,0.12962962962962962,9.185185185185185,54
wearable,heart_rate_eps4.0,p_gated_sample,4.0,8,4,8.0,2,2,0.0,9.777237547008847,0.05145914498425709,0.6047564333387586,0.12962962962962962,9.185185185185185,54
wearable,heart_rate_eps4.0,p_gated_sample,4.0,8,4,16.0,2,2,0.0,9.760044382012106,0.05136865464216898,0.6047564333387586,0.12962962962962962,9.185185185185185,54
wearable,heart_rate_eps4.0,p_gated_sample,4.0,8,6,,2,2,0.0,9.760044382012106,0.05136865464216898,0.6047564333387586,0.12962962962962962,9.185185185185185,54
wearable,heart_rate_eps4.0,p_gated_sample,4.0,8,6,8.0,2,2,0.0,9.777237547008847,0.05145914498425709,0.6047564333387586,0.12962962962962962,9.185185185185185,54
wearable,heart_rate_eps4.0,p_gated_sample,4.0,8,6,16.0,2,2,0.0,9.760044382012106,0.05136865464216898,0.6047564333387586,0.12962962962962962,9.185185185185185,54
wearable,heart_rate_eps4.0,p_gated_sample,4.0,8,1,,2,4,0.0,10.509335286267325,0.05531229098035434,0.5935730582947492,0.13333333333333333,8.383333333333333,60
wearable,heart_rate_eps4.0,p_gated_sample,4.0,8,1,4.0,2,4,0.0,12.154860546029228,0.0639729502422591,0.3212838971579303,0.13333333333333333,8.383333333333333,60
wearable,heart_rate_eps4.0,p_gated_sample,4.0,8,1,8.0,2,4,0.0,10.524809134764393,0.055393732288233646,0.5935730582947492,0.13333333333333333,8.383333333333333,60
wearable,heart_rate_eps4.0,p_gated_sample,4.0,8,1,16.0,2,4,0.0,10.509335286267325,0.05531229098035434,0.5935730582947492,0.13333333333333333,8.383333333333333,60
wearable,heart_rate_eps4.0,p_gated_sample,4.0,8,2,,2,4,0.0,9.928403092414054,0.052254753117968705,0.481383073368548,0.12962962962962962,9.203703703703704,54
wearable,heart_rate_eps4.0,p_gated_sample,4.0,8,2,4.0,2,4,0.0,11.917830141280005,0.06272542179621056,0.8593003678304005,0.12962962962962962,9.203703703703704,54
wearable,heart_rate_eps4.0,p_gated_sample,4.0,8,2,8.0,2,4,0.0,9.945596257410795,0.05234524346005682,0.481383073368548,0.12962962962962962,9.203703703703704,54
wearable,heart_rate_eps4.0,p_gated_sample,4.0,8,2,16.0,2,4,0.0,9.928403092414054,0.052254753117968705,0.481383073368548,0.12962962962962962,9.203703703703704,54
wearable,heart_rate_eps4.0,p_gated_sample,4.0,8,3,,2,4,0.0,9.19379673703748,0.048388403879144636,0.6550287678657758,0.1320754716981132,9.358490566037736,53
wearable,heart_rate_eps4.0,p_gated_sample,4.0,8,3,4.0,2,4,0.0,11.261786301226595,0.05927255948013997,0.74947430350101,0.1320754716981132,9.358490566037736,53
wearable,heart_rate_eps4.0,p_gated_sample,4.0,8,3,8.0,2,4,0.0,9.21131430137378,0.04848060158617779,0.6174677453181663,0.1320754716981132,9.358490566037736,53
wearable,heart_rate_eps4.0,p_gated_sample,4.0,8,3,16.0,2,4,0.0,9.19379673703748,0.048388403879144636,0.6550287678657758,0.1320754716981132,9.358490566037736,53
wearable,heart_rate_eps4.0,p_gated_sample,4.0,8,4,,2,4,0.0,9.216888681438526,0.04850994042862382,0.6907244812488814,0.1346153846153846,9.5,52
wearable,heart_rate_eps4.0,p_gated_sample,4.0,8,4,4.0,2,4,0.0,11.282832155260861,0.0593833271329519,0.7265985699091979,0.1346153846153846,9.5,52
wearable,heart_rate_eps4.0,p_gated_sample,4.0,8,4,8.0,2,4,0.0,9.234743122012064,0.04860391116848455,0.6644379306807793,0.1346153846153846,9.5,52
wearable,heart_rate_eps4.0,p_gated_sample,4.0,8,4,16.0,2,4,0.0,9.216888681438526,0.04850994042862382,0.6907244812488814,0.1346153846153846,9.5,52
wearable,heart_rate_eps4.0,p_gated_sample,4.0,8,6,,2,4,0.0,9.216888681438526,0.04850994042862382,0.6907244812488814,0.1346153846153846,9.5,52
wearable,heart_rate_eps4.0,p_gated_sample,4.0,8,6,8.0,2,4,0.0,9.234743122012064,0.04860391116848455,0.6644379306807793,0.1346153846153846,9.5,52
wearable,heart_rate_eps4.0,p_gated_sample,4.0,8,6,16.0,2,4,0.0,9.216888681438526,0.04850994042862382,0.6907244812488814,0.1346153846153846,9.5,52
wearable,heart_rate_eps4.0,p_gated_sample,4.0,8,1,,4,0,0.0,8.924529611372922,0.04697120848091012,0.6098419869430332,0.13333333333333333,8.433333333333334,30
wearable,heart_rate_eps4.0,p_gated_sample,4.0,8,1,4.0,4,0,0.0,14.429782251421186,0.07594622237590097,1.022824532339707,0.13333333333333333,8.433333333333334,30
wearable,heart_rate_eps4.0,p_gated_sample,4.0,8,1,8.0,4,0,0.0,9.699082966314915,0.051047805085867974,0.6098419869430332,0.13333333333333333,8.433333333333334,30
wearable,heart_rate_eps4.0,p_gated_sample,4.0,8,1,16.0,4,0,0.0,8.924529611372922,0.04697120848091012,0.6098419869430332,0.13333333333333333,8.433333333333334,30
wearable,heart_rate_eps4.0,p_gated_sample,4.0,8,2,,4,0,0.0,8.924529611372922,0.04697120848091012,0.6098419869430332,0.13333333333333333,8.433333333333334,30
wearable,heart_rate_eps4.0,p_gated_sample,4.0,8,2,4.0,4,0,0.0,14.429782251421186,0.07594622237590097,1.022824532339707,0.13333333333333333,8.433333333333334,30
wearable,heart_rate_eps4.0,p_gated_sample,4.0,8,2,8.0,4,0,0.0,9.699082966314915,0.051047805085867974,0.6098419869430332,0.13333333333333333,8.433333333333334,30
wearable,heart_rate_eps4.0,p_gated_sample,4.0,8,2,16.0,4,0,0.0,8.924529611372922,0.04697120848091012,0.6098419869430332,0.13333333333333333,8.433333333333334,30
wearable,heart_rate_eps4.0,p_gated_sample,4.0,8,3,,4,0,0.0,8.924529611372922,0.04697120848091012,0.6098419869430332,0.13333333333333333,8.433333333333334,30
wearable,heart_rate_eps4.0,p_gated_sample,4.0,8,3,4.0,4,0,0.0,14.429782251421186,0.07594622237590097,1.022824532339707,0.13333333333333333,8.433333333333334,30
wearable,heart_rate_eps4.0,p_gated_sample,4.0,8,3,8.0,4,0,0.0,9.699082966314915,0.051047805085867974,0.6098419869430332,0.13333333333333333,8.433333333333334,30
wearable,heart_rate_eps4.0,p_gated_sample,4.0,8,3,16.0,4,0,0.0,8.924529611372922,0.04697120848091012,0.6098419869430332,0.13333333333333333,8.433333333333334,30
wearable,heart_rate_eps4.0,p_gated_sample,4.0,8,4,,4,0,0.0,8.924529611372922,0.04697120848091012,0.6098419869430332,0.13333333333333333,8.433333333333334,30
wearable,heart_rate_eps4.0,p_gated_sample,4.0,8,4,4.0,4,0,0.0,14.429782251421186,0.07594622237590097,1.022824532339707,0.13333333333333333,8.433333333333334,30
wearable,heart_rate_eps4.0,p_gated_sample,4.0,8,4,8.0,4,0,0.0,9.699082966314915,0.051047805085867974,0.6098419869430332,0.13333333333333333,8.433333333333334,30
wearable,heart_rate_eps4.0,p_gated_sample,4.0,8,4,16.0,4,0,0.0,8.924529611372922,0.04697120848091012,0.6098419869430332,0.13333333333333333,8.433333333333334,30
wearable,heart_rate_eps4.0,p_gated_sample,4.0,8,6,,4,0,0.0,8.924529611372922,0.04697120848091012,0.6098419869430332,0.13333333333333333,8.433333333333334,30
wearable,heart_rate_eps4.0,p_gated_sample,4.0,8,6,8.0,4,0,0.0,9.699082966314915,0.051047805085867974,0.6098419869430332,0.13333333333333333,8.433333333333334,30
wearable,heart_rate_eps4.0,p_gated_sample,4.0,8,6,16.0,4,0,0.0,8.924529611372922,0.04697120848091012,0.6098419869430332,0.13333333333333333,8.433333333333334,30
wearable,heart_rate_eps4.0,p_gated_sample,4.0,8,1,,4,2,0.0,8.924529611372922,0.04697120848091012,0.6098419869430332,0.13333333333333333,8.433333333333334,30
wearable,heart_rate_eps4.0,p_gated_sample,4.0,8,1,4.0,4,2,0.0,14.429782251421186,0.07594622237590097,1.022824532339707,0.13333333333333333,8.433333333333334,30
wearable,heart_rate_eps4.0,p_gated_sample,4.0,8,1,8.0,4,2,0.0,9.699082966314915,0.051047805085867974,0.6098419869430332,0.13333333333333333,8.433333333333334,30
wearable,heart_rate_eps4.0,p_gated_sample,4.0,8,1,16.0,4,2,0.0,8.924529611372922,0.04697120848091012,0.6098419869430332,0.13333333333333333,8.433333333333334,30
wearable,heart_rate_eps4.0,p_gated_sample,4.0,8,2,,4,2,0.0,8.793692383483267,0.046282591492017196,0.7661329788839247,0.14285714285714285,8.964285714285714,28
wearable,heart_rate_eps4.0,p_gated_sample,4.0,8,2,4.0,4,2,0.0,14.865441940519329,0.07823916810799647,1.2087342523777744,0.14285714285714285,8.964285714285714,28
wearable,heart_rate_eps4.0,p_gated_sample,4.0,8,2,8.0,4,2,0.0,9.623570978063977,0.050650373568757776,0.7661329788839247,0.14285714285714285,8.964285714285714,28
wearable,heart_rate_eps4.0,p_gated_sample,4.0,8,2,16.0,4,2,0.0,8.793692383483267,0.046282591492017196,0.7661329788839247,0.14285714285714285,8.964285714285714,28
wearable,heart_rate_eps4.0,p_gated_sample,4.0,8,3,,4,2,0.0,8.793692383483267,0.046282591492017196,0.7661329788839247,0.14285714285714285,8.964285714285714,28
wearable,heart_rate_eps4.0,p_gated_sample,4.0,8,3,4.0,4,2,0.0,14.865441940519329,0.07823916810799647,1.2087342523777744,0.14285714285714285,8.964285714285714,28
wearable,heart_rate_eps4.0,p_gated_sample,4.0,8,3,8.0,4,2,0.0,9.623570978063977,0.050650373568757776,0.7661329788839247,0.14285714285714285,8.964285714285714,28
wearable,heart_rate_eps4.0,p_gated_sample,4.0,8,3,16.0,4,2,0.0,8.793692383483267,0.046282591492017196,0.7661329788839247,0.14285714285714285,8.964285714285714,28
wearable,heart_rate_eps4.0,p_gated_sample,4.0,8,4,,4,2,0.0,7.977571733051633,0.04198721964764017,1.2033995223833371,0.14814814814814814,9.25925925925926,27
wearable,heart_rate_eps4.0,p_gated_sample,4.0,8,4,4.0,4,2,0.0,14.033331863587478,0.07385964138730251,1.3228980528999315,0.14814814814814814,9.25925925925926,27
wearable,heart_rate_eps4.0,p_gated_sample,4.0,8,4,8.0,4,2,0.0,8.838186571876072,0.046516771430926696,0.8256377431758417,0.14814814814814814,9.25925925925926,27
wearable,heart_rate_eps4.0,p_gated_sample,4.0,8,4,16.0,4,2,0.0,7.977571733051633,0.04198721964764017,1.2033995223833371,0.14814814814814814,9.25925925925926,27
wearable,heart_rate_eps4.0,p_gated_sample,4.0,8,6,,4,2,0.0,7.977571733051633,0.04198721964764017,1.2033995223833371,0.14814814814814814,9.25925925925926,27
wearable,heart_rate_eps4.0,p_gated_sample,4.0,8,6,8.0,4,2,0.0,8.838186571876072,0.046516771430926696,0.8256377431758417,0.14814814814814814,9.25925925925926,27
wearable,heart_rate_eps4.0,p_gated_sample,4.0,8,6,16.0,4,2,0.0,7.977571733051633,0.04198721964764017,1.2033995223833371,0.14814814814814814,9.25925925925926,27
wearable,heart_rate_eps4.0,p_gated_sample,4.0,8,1,,4,4,0.0,8.924529611372922,0.04697120848091012,0.6098419869430332,0.13333333333333333,8.433333333333334,30
wearable,heart_rate_eps4.0,p_gated_sample,4.0,8,1,4.0,4,4,0.0,14.429782251421186,0.07594622237590097,1.022824532339707,0.13333333333333333,8.433333333333334,30
wearable,heart_rate_eps4.0,p_gated_sample,4.0,8,1,8.0,4,4,0.0,9.699082966314915,0.051047805085867974,0.6098419869430332,0.13333333333333333,8.433333333333334,30
wearable,heart_rate_eps4.0,p_gated_sample,4.0,8,1,16.0,4,4,0.0,8.924529611372922,0.04697120848091012,0.6098419869430332,0.13333333333333333,8.433333333333334,30
wearable,heart_rate_eps4.0,p_gated_sample,4.0,8,2,,4,4,0.0,7.898628550840477,0.04157172921494988,1.0954220757649835,0.14814814814814814,9.25925925925926,27
wearable,heart_rate_eps4.0,p_gated_sample,4.0,8,2,4.0,4,4,0.0,13.954388681376317,0.0734441509546122,1.3228980528999315,0.14814814814814814,9.25925925925926,27
wearable,heart_rate_eps4.0,p_gated_sample,4.0,8,2,8.0,4,4,0.0,8.759243389664917,0.046101280998236405,0.9065411861612358,0.14814814814814814,9.25925925925926,27
wearable,heart_rate_eps4.0,p_gated_sample,4.0,8,2,16.0,4,4,0.0,7.898628550840477,0.04157172921494988,1.0954220757649835,0.14814814814814814,9.25925925925926,27
wearable,heart_rate_eps4.0,p_gated_sample,4.0,8,3,,4,4,0.0,7.898628550840477,0.04157172921494988,1.0954220757649835,0.14814814814814814,9.25925925925926,27
wearable,heart_rate_eps4.0,p_gated_sample,4.0,8,3,4.0,4,4,0.0,13.954388681376317,0.0734441509546122,1.3228980528999315,0.14814814814814814,9.25925925925926,27
wearable,heart_rate_eps4.0,p_gated_sample,4.0,8,3,8.0,4,4,0.0,8.759243389664917,0.046101280998236405,0.9065411861612358,0.14814814814814814,9.25925925925926,27
wearable,heart_rate_eps4.0,p_gated_sample,4.0,8,3,16.0,4,4,0.0,7.898628550840477,0.04157172921494988,1.0954220757649835,0.14814814814814814,9.25925925925926,27
wearable,heart_rate_eps4.0,p_gated_sample,4.0,8,4,,4,4,0.0,7.458324765259353,0.03925434086978607,1.1779786158784713,0.15384615384615385,9.576923076923077,26
wearable,heart_rate_eps4.0,p_gated_sample,4.0,8,4,4.0,4,4,0.0,13.496865513410343,0.07103613428110707,1.3589905159848081,0.15384615384615385,9.576923076923077,26
wearable,heart_rate_eps4.0,p_gated_sample,4.0,8,4,8.0,4,4,0.0,8.35204017480781,0.043958106183199,0.8848875802864489,0.15384615384615385,9.576923076923077,26
wearable,heart_rate_eps4.0,p_gated_sample,4.0,8,4,16.0,4,4,0.0,7.458324765259353,0.03925434086978607,1.1779786158784713,0.15384615384615385,9.576923076923077,26
wearable,heart_rate_eps4.0,p_gated_sample,4.0,8,6,,4,4,0.0,7.458324765259353,0.03925434086978607,1.1779786158784713,0.15384615384615385,9.576923076923077,26
wearable,heart_rate_eps4.0,p_gated_sample,4.0,8,6,8.0,4,4,0.0,8.35204017480781,0.043958106183199,0.8848875802864489,0.15384615384615385,9.576923076923077,26
wearable,heart_rate_eps4.0,p_gated_sample,4.0,8,6,16.0,4,4,0.0,7.458324765259353,0.03925434086978607,1.1779786158784713,0.15384615384615385,9.576923076923077,26
wearable,heart_rate_eps4.0,p_gated_ba,4.0,8,1,,1,0,0.0,117.4106962756353,0.6179510330296595,0.03218408771911937,0.36134453781512604,8.403361344537815,119
wearable,heart_rate_eps4.0,p_gated_ba,4.0,8,1,4.0,1,0,0.0,234.92608918541163,1.2364531009758506,0.18865344391199448,0.5462184873949579,8.403361344537815,119
wearable,heart_rate_eps4.0,p_gated_ba,4.0,8,1,8.0,1,0,0.0,123.40905940856614,0.6495213653082428,0.047961632511645966,0.36134453781512604,8.403361344537815,119
wearable,heart_rate_eps4.0,p_gated_ba,4.0,8,1,16.0,1,0,0.0,117.4106962756353,0.6179510330296595,0.03218408771911937,0.36134453781512604,8.403361344537815,119
wearable,heart_rate_eps4.0,p_gated_ba,4.0,8,2,,1,0,0.0,45.421811611591465,0.2390621663767972,0.31374898267242646,0.3025210084033613,8.403361344537815,119
wearable,heart_rate_eps4.0,p_gated_ba,4.0,8,2,4.0,1,0,0.0,280.60703657593444,1.4768791398733392,0.24659896164110232,0.47058823529411764,8.403361344537815,119
wearable,heart_rate_eps4.0,p_gated_ba,4.0,8,2,8.0,1,0,0.0,51.42017474452233,0.2706324986553807,0.10418287261159295,0.3025210084033613,8.403361344537815,119
wearable,heart_rate_eps4.0,p_gated_ba,4.0,8,2,16.0,1,0,0.0,45.421811611591465,0.2390621663767972,0.31374898267242646,0.3025210084033613,8.403361344537815,119
wearable,heart_rate_eps4.0,p_gated_ba,4.0,8,3,,1,0,0.0,54.90024751334939,0.2889486711228915,0.21758928927651588,0.2773109243697479,8.403361344537815,119
wearable,heart_rate_eps4.0,p_gated_ba,4.0,8,3,4.0,1,0,0.0,119.08421084254847,0.6267590044344656,0.5581763931435962,0.453781512605042,8.403361344537815,119
wearable,heart_rate_eps4.0,p_gated_ba,4.0,8,3,8.0,1,0,0.0,60.89861064628025,0.320519003401475,0.28611584046812255,0.2773109243697479,8.403361344537815,119
wearable,heart_rate_eps4.0,p_gated_ba,4.0,8,3,16.0,1,0,0.0,54.90024751334939,0.2889486711228915,0.21758928927651588,0.2773109243697479,8.403361344537815,119
wearable,heart_rate_eps4.0,p_gated_ba,4.0,8,4,,1,0,0.0,54.90024751334939,0.2889486711228915,0.21534348170579112,0.2773109243697479,8.403361344537815,119
wearable,heart_rate_eps4.0,p_gated_ba,4.0,8,4,4.0,1,0,0.0,131.08824547948848,0.689938134102571,0.5479372903453988,0.44537815126050423,8.403361344537815,119
wearable,heart_rate_eps4.0,p_gated_ba,4.0,8,4,8.0,1,0,0.0,60.89861064628025,0.320519003401475,0.2939297155063382,0.2773109243697479,8.403361344537815,119
wearable,heart_rate_eps4.0,p_gated_ba,4.0,8,4,16.0,1,0,0.0,54.90024751334939,0.2889486711228915,0.21534348170579112,0.2773109243697479,8.403361344537815,119
wearable,heart_rate_eps4.0,p_gated_ba,4.0,8,6,,1,0,0.0,39.76525548456955,0.20929081833983973,0.2089045521679588,0.2689075630252101,8.403361344537815,119
wearable,heart_rate_eps4.0,p_gated_ba,4.0,8,6,8.0,1,0,0.0,47.04488665925844,0.247604666627676,0.2877396779533756,0.2689075630252101,8.403361344537815,119
wearable,heart_rate_eps4.0,p_gated_ba,4.0,8,6,16.0,1,0,0.0,39.76525548456955,0.20929081833983973,0.2089045521679588,0.2689075630252101,8.403361344537815,119
wearable,heart_rate_eps4.0,p_gated_ba,4.0,8,1,,1,2,0.0,117.4106962756353,0.6179510330296595,0.03218408771911937,0.36134453781512604,8.403361344537815,119
wearable,heart_rate_eps4.0,p_gated_ba,4.0,8,1,4.0,1,2,0.0,234.92608918541163,1.2364531009758506,0.18865344391199448,0.5462184873949579,8.403361344537815,119
wearable,heart_rate_eps4.0,p_gated_ba,4.0,8,1,8.0,1,2,0.0,123.40905940856614,0.6495213653082428,0.047961632511645966,0.36134453781512604,8.403361344537815,119
wearable,heart_rate_eps4.0,p_gated_ba,4.0,8,1,16.0,1,2,0.0,117.4106962756353,0.6179510330296595,0.03218408771911937,0.36134453781512604,8.403361344537815,119
wearable,heart_rate_eps4.0,p_gated_ba,4.0,8,2,,1,2,0.0,42.5766559963307,0.22408766313858264,0.31374898267242646,0.3302752293577982,9.082568807339449,109
wearable,heart_rate_eps4.0,p_gated_ba,4.0,8,2,4.0,1,2,0.0,201.44346572358774,1.0602287669662513,0.24659896164110232,0.5137614678899083,9.082568807339449,109
wearable,heart_rate_eps4.0,p_gated_ba,4.0,8,2,8.0,1,2,0.0,49.125327673567135,0.2585543561766691,0.10418287261159295,0.3302752293577982,9.082568807339449,109
wearable,heart_rate_eps4.0,p_gated_ba,4.0,8,2,16.0,1,2,0.0,42.5766559963307,0.22408766313858264,0.31374898267242646,0.3302752293577982,9.082568807339449,109
wearable,heart_rate_eps4.0,p_gated_ba,4.0,8,3,,1,2,0.0,43.54172010387717,0.229166947915143,0.21758928927651588,0.308411214953271,9.214953271028037,107
wearable,heart_rate_eps4.0,p_gated_ba,4.0,8,3,4.0,1,2,0.0,123.80932122499118,0.651628006447322,0.5581763931435962,0.5046728971962616,9.214953271028037,107
wearable,heart_rate_eps4.0,p_gated_ba,4.0,8,3,8.0,1,2,0.0,50.21279685919281,0.2642778782062779,0.28611584046812255,0.308411214953271,9.214953271028037,107
wearable,heart_rate_eps4.0,p_gated_ba,4.0,8,3,16.0,1,2,0.0,43.54172010387717,0.229166947915143,0.21758928927651588,0.308411214953271,9.214953271028037,107
wearable,heart_rate_eps4.0,p_gated_ba,4.0,8,4,,1,2,0.0,43.574875422079224,0.22934144958989064,0.21534348170579112,0.308411214953271,9.214953271028037,107
wearable,heart_rate_eps4.0,p_gated_ba,4.0,8,4,4.0,1,2,0.0,128.900953996265,0.6784260736645527,0.5479372903453988,0.4953271028037383,9.214953271028037,107
wearable,heart_rate_eps4.0,p_gated_ba,4.0,8,4,8.0,1,2,0.0,50.245952177394855,0.26445237988102555,0.2939297155063382,0.308411214953271,9.214953271028037,107
wearable,heart_rate_eps4.0,p_gated_ba,4.0,8,4,16.0,1,2,0.0,43.574875422079224,0.22934144958989064,0.21534348170579112,0.308411214953271,9.214953271028037,107
wearable,heart_rate_eps4.0,p_gated_ba,4.0,8,6,,1,2,0.0,36.66839690337035,0.19299156264931763,0.2089045521679588,0.3018867924528302,9.273584905660377,106
wearable,heart_rate_eps4.0,p_gated_ba,4.0,8,6,8.0,1,2,0.0,43.90584998599293,0.23108342097891016,0.2877396779533756,0.3018867924528302,9.273584905660377,106
wearable,heart_rate_eps4.0,p_gated_ba,4.0,8,6,16.0,1,2,0.0,36.66839690337035,0.19299156264931763,0.2089045521679588,0.3018867924528302,9.273584905660377,106
wearable,heart_rate_eps4.0,p_gated_ba,4.0,8,1,,1,4,0.0,117.4106962756353,0.6179510330296595,0.03218408771911937,0.36134453781512604,8.403361344537815,119
wearable,heart_rate_eps4.0,p_gated_ba,4.0,8,1,4.0,1,4,0.0,234.92608918541163,1.2364531009758506,0.18865344391199448,0.5462184873949579,8.403361344537815,119
wearable,heart_rate_eps4.0,p_gated_ba,4.0,8,1,8.0,1,4,0.0,123.40905940856614,0.6495213653082428,0.047961632511645966,0.36134453781512604,8.403361344537815,119
wearable,heart_rate_eps4.0,p_gated_ba,4.0,8,1,16.0,1,4,0.0,117.4106962756353,0.6179510330296595,0.03218408771911937,0.36134453781512604,8.403361344537815,119
wearable,heart_rate_eps4.0,p_gated_ba,4.0,8,2,,1,4,0.0,42.1838362995814,0.22202019105042842,0.31374898267242646,0.3364485981308411,9.233644859813085,107
wearable,heart_rate_eps4.0,p_gated_ba,4.0,8,2,4.0,1,4,0.0,183.8351200573648,0.9675532634598147,0.24659896164110232,0.5233644859813084,9.233644859813085,107
wearable,heart_rate_eps4.0,p_gated_ba,4.0,8,2,8.0,1,4,0.0,48.854913054897025,0.2571311213415633,0.10418287261159295,0.3364485981308411,9.233644859813085,107
wearable,heart_rate_eps4.0,p_gated_ba,4.0,8,2,16.0,1,4,0.0,42.1838362995814,0.22202019105042842,0.31374898267242646,0.3364485981308411,9.233644859813085,107
wearable,heart_rate_eps4.0,p_gated_ba,4.0,8,3,,1,4,0.0,41.557199318066814,0.21872210167403586,0.21758928927651588,0.3142857142857143,9.371428571428572,105
wearable,heart_rate_eps4.0,p_gated_ba,4.0,8,3,4.0,1,4,0.0,124.86282091098698,0.6571727416367736,0.5581763931435962,0.5142857142857142,9.371428571428572,105
wearable,heart_rate_eps4.0,p_gated_ba,4.0,8,3,8.0,1,4,0.0,48.35534420205513,0.2545018115897638,0.28611584046812255,0.3142857142857143,9.371428571428572,105
wearable,heart_rate_eps4.0,p_gated_ba,4.0,8,3,16.0,1,4,0.0,41.557199318066814,0.21872210167403586,0.21758928927651588,0.3142857142857143,9.371428571428572,105
wearable,heart_rate_eps4.0,p_gated_ba,4.0,8,4,,1,4,0.0,40.47249391382783,0.21301312586225174,0.21534348170579112,0.3173076923076923,9.442307692307692,104
wearable,heart_rate_eps4.0,p_gated_ba,4.0,8,4,4.0,1,4,0.0,128.13793414546652,0.6744101797129817,0.5479372903453988,0.5096153846153846,9.442307692307692,104
wearable,heart_rate_eps4.0,p_gated_ba,4.0,8,4,8.0,1,4,0.0,47.33600557554679,0.24913687145024627,0.2939297155063382,0.3173076923076923,9.442307692307692,104
wearable,heart_rate_eps4.0,p_gated_ba,4.0,8,4,16.0,1,4,0.0,40.47249391382783,0.21301312586225174,0.21534348170579112,0.3173076923076923,9.442307692307692,104
wearable,heart_rate_eps4.0,p_gated_ba,4.0,8,6,,1,4,0.0,35.78185581786765,0.18832555693614553,0.2089045521679588,0.3106796116504854,9.504854368932039,103
wearable,heart_rate_eps4.0,p_gated_ba,4.0,8,6,8.0,1,4,0.0,43.00806350925224,0.22635822899606442,0.2877396779533756,0.3106796116504854,9.504854368932039,103
wearable,heart_rate_eps4.0,p_gated_ba,4.0,8,6,16.0,1,4,0.0,35.78185581786765,0.18832555693614553,0.2089045521679588,0.3106796116504854,9.504854368932039,103
wearable,heart_rate_eps4.0,p_gated_ba,4.0,8,1,,2,0,0.0,125.0818021606992,0.6583252745299958,0.04956194434662759,0.43333333333333335,8.383333333333333,60
wearable,heart_rate_eps4.0,p_gated_ba,4.0,8,1,4.0,2,0,0.0,229.49068615793388,1.2078457166207046,0.05390040502922447,0.5666666666666667,8.383333333333333,60
wearable,heart_rate_eps4.0,p_gated_ba,4.0,8,1,8.0,2,0,0.0,132.8012242241481,0.6989538117060425,0.06286300722300599,0.43333333333333335,8.383333333333333,60
wearable,heart_rate_eps4.0,p_gated_ba,4.0,8,1,16.0,2,0,0.0,125.0818021606992,0.6583252745299958,0.04956194434662759,0.43333333333333335,8.383333333333333,60
wearable,heart_rate_eps4.0,p_gated_ba,4.0,8,2,,2,0,0.0,47.47689195493094,0.24987837871016286,0.7020830964758463,0.35,8.383333333333333,60
wearable,heart_rate_eps4.0,p_gated_ba,4.0,8,2,4.0,2,0,0.0,107.18489609781484,0.5641310320937624,0.37694457541773174,0.43333333333333335,8.383333333333333,60
wearable,heart_rate_eps4.0,p_gated_ba,4.0,8,2,8.0,2,0,0.0,55.19631401837981,0.2905069158862095,0.7559869417897881,0.35,8.383333333333333,60
wearable,heart_rate_eps4.0,p_gated_ba,4.0,8,2,16.0,2,0,0.0,47.47689195493094,0.24987837871016286,0.7020830964758463,0.35,8.383333333333333,60
wearable,heart_rate_eps4.0,p_gated_ba,4.0,8,3,,2,0,0.0,47.47689195493094,0.24987837871016286,0.7323870869832255,0.35,8.383333333333333,60
wearable,heart_rate_eps4.0,p_gated_ba,4.0,8,3,4.0,2,0,0.0,107.18489609781484,0.5641310320937624,0.4011735552330331,0.43333333333333335,8.383333333333333,60
wearable,heart_rate_eps4.0,p_gated_ba,4.0,8,3,8.0,2,0,0.0,55.19631401837981,0.2905069158862095,0.7965915800078456,0.35,8.383333333333333,60
wearable,heart_rate_eps4.0,p_gated_ba,4.0,8,3,16.0,2,0,0.0,47.47689195493094,0.24987837871016286,0.7323870869832255,0.35,8.383333333333333,60
wearable,heart_rate_eps4.0,p_gated_ba,4.0,8,4,,2,0,0.0,47.47689195493094,0.24987837871016286,0.7123233672391123,0.35,8.383333333333333,60
wearable,heart_rate_eps4.0,p_gated_ba,4.0,8,4,4.0,2,0,0.0,93.23481784019516,0.4907095675799745,0.38182268641783,0.4166666666666667,8.383333333333333,60
wearable,heart_rate_eps4.0,p_gated_ba,4.0,8,4,8.0,2,0,0.0,55.19631401837981,0.2905069158862095,0.775607871684344,0.35,8.383333333333333,60
wearable,heart_rate_eps4.0,p_gated_ba,4.0,8,4,16.0,2,0,0.0,47.47689195493094,0.24987837871016286,0.7123233672391123,0.35,8.383333333333333,60
wearable,heart_rate_eps4.0,p_gated_ba,4.0,8,6,,2,0,0.0,47.47689195493094,0.24987837871016286,0.7123233672391123,0.35,8.383333333333333,60
wearable,heart_rate_eps4.0,p_gated_ba,4.0,8,6,8.0,2,0,0.0,55.19631401837981,0.2905069158862095,0.775607871684344,0.35,8.383333333333333,60
wearable,heart_rate_eps4.0,p_gated_ba,4.0,8,6,16.0,2,0,0.0,47.47689195493094,0.24987837871016286,0.7123233672391123,0.35,8.383333333333333,60
wearable,heart_rate_eps4.0,p_gated_ba,4.0,8,1,,2,2,0.0,125.0818021606992,0.6583252745299958,0.04956194434662759,0.43333333333333335,8.383333333333333,60
wearable,heart_rate_eps4.0,p_gated_ba,4.0,8,1,4.0,2,2,0.0,229.49068615793388,1.2078457166207046,0.05390040502922447,0.5666666666666667,8.383333333333333,60
wearable,heart_rate_eps4.0,p_gated_ba,4.0,8,1,8.0,2,2,0.0,132.8012242241481,0.6989538117060425,0.06286300722300599,0.43333333333333335,8.383333333333333,60
wearable,heart_rate_eps4.0,p_gated_ba,4.0,8,1,16.0,2,2,0.0,125.0818021606992,0.6583252745299958,0.04956194434662759,0.43333333333333335,8.383333333333333,60
wearable,heart_rate_eps4.0,p_gated_ba,4.0,8,2,,2,2,0.0,43.61115136863675,0.22953237562440393,0.7020830964758463,0.38181818181818183,9.054545454545455,55
wearable,heart_rate_eps4.0,p_gated_ba,4.0,8,2,4.0,2,2,0.0,107.672407859136,0.5666968834691368,0.37694457541773174,0.4727272727272727,9.054545454545455,55
wearable,heart_rate_eps4.0,p_gated_ba,4.0,8,2,8.0,2,2,0.0,52.032339074217326,0.2738544161800912,0.7559869417897881,0.38181818181818183,9.054545454545455,55
wearable,heart_rate_eps4.0,p_gated_ba,4.0,8,2,16.0,2,2,0.0,43.61115136863675,0.22953237562440393,0.7020830964758463,0.38181818181818183,9.054545454545455,55
wearable,heart_rate_eps4.0,p_gated_ba,4.0,8,3,,2,2,0.0,43.40055469513927,0.22842397207968038,0.7323870869832255,0.3888888888888889,9.203703703703704,54
wearable,heart_rate_eps4.0,p_gated_ba,4.0,8,3,4.0,2,2,0.0,107.13228701597279,0.5638541421893305,0.4011735552330331,0.48148148148148145,9.203703703703704,54
wearable,heart_rate_eps4.0,p_gated_ba,4.0,8,3,8.0,2,2,0.0,51.97769032119357,0.2735667911641767,0.7965915800078456,0.3888888888888889,9.203703703703704,54
wearable,heart_rate_eps4.0,p_gated_ba,4.0,8,3,16.0,2,2,0.0,43.40055469513927,0.22842397207968038,0.7323870869832255,0.3888888888888889,9.203703703703704,54
wearable,heart_rate_eps4.0,p_gated_ba,4.0,8,4,,2,2,0.0,43.89261417886542,0.2310137588361338,0.7123233672391123,0.3888888888888889,9.185185185185185,54
wearable,heart_rate_eps4.0,p_gated_ba,4.0,8,4,4.0,2,2,0.0,100.24770516901741,0.5276195008895653,0.38182268641783,0.46296296296296297,9.185185185185185,54
wearable,heart_rate_eps4.0,p_gated_ba,4.0,8,4,8.0,2,2,0.0,52.46974980491972,0.27615657792063014,0.775607871684344,0.3888888888888889,9.185185185185185,54
wearable,heart_rate_eps4.0,p_gated_ba,4.0,8,4,16.0,2,2,0.0,43.89261417886542,0.2310137588361338,0.7123233672391123,0.3888888888888889,9.185185185185185,54
wearable,heart_rate_eps4.0,p_gated_ba,4.0,8,6,,2,2,0.0,43.89261417886542,0.2310137588361338,0.7123233672391123,0.3888888888888889,9.185185185185185,54
wearable,heart_rate_eps4.0,p_gated_ba,4.0,8,6,8.0,2,2,0.0,52.46974980491972,0.27615657792063014,0.775607871684344,0.3888888888888889,9.185185185185185,54
wearable,heart_rate_eps4.0,p_gated_ba,4.0,8,6,16.0,2,2,0.0,43.89261417886542,0.2310137588361338,0.7123233672391123,0.3888888888888889,9.185185185185185,54
wearable,heart_rate_eps4.0,p_gated_ba,4.0,8,1,,2,4,0.0,125.0818021606992,0.6583252745299958,0.04956194434662759,0.43333333333333335,8.383333333333333,60
wearable,heart_rate_eps4.0,p_gated_ba,4.0,8,1,4.0,2,4,0.0,229.49068615793388,1.2078457166207046,0.05390040502922447,0.5666666666666667,8.383333333333333,60
wearable,heart_rate_eps4.0,p_gated_ba,4.0,8,1,8.0,2,4,0.0,132.8012242241481,0.6989538117060425,0.06286300722300599,0.43333333333333335,8.383333333333333,60
wearable,heart_rate_eps4.0,p_gated_ba,4.0,8,1,16.0,2,4,0.0,125.0818021606992,0.6583252745299958,0.04956194434662759,0.43333333333333335,8.383333333333333,60
wearable,heart_rate_eps4.0,p_gated_ba,4.0,8,2,,2,4,0.0,42.93172753464545,0.22595646070866024,0.7020830964758463,0.3888888888888889,9.203703703703704,54
wearable,heart_rate_eps4.0,p_gated_ba,4.0,8,2,4.0,2,4,0.0,107.60111417646661,0.5663216535603506,0.37694457541773174,0.48148148148148145,9.203703703703704,54
wearable,heart_rate_eps4.0,p_gated_ba,4.0,8,2,8.0,2,4,0.0,51.50886316069974,0.2710992797931565,0.7559869417897881,0.3888888888888889,9.203703703703704,54
wearable,heart_rate_eps4.0,p_gated_ba,4.0,8,2,16.0,2,4,0.0,42.93172753464545,0.22595646070866024,0.7020830964758463,0.3888888888888889,9.203703703703704,54
wearable,heart_rate_eps4.0,p_gated_ba,4.0,8,3,,2,4,0.0,42.73353838077307,0.22491335989880562,0.7323870869832255,0.39622641509433965,9.358490566037736,53
wearable,heart_rate_eps4.0,p_gated_ba,4.0,8,3,4.0,2,4,0.0,107.02025685078546,0.5632645097409761,0.4011735552330331,0.49056603773584906,9.358490566037736,53
wearable,heart_rate_eps4.0,p_gated_ba,4.0,8,3,8.0,2,4,0.0,51.47250675448877,0.270907930286783,0.7965915800078456,0.39622641509433965,9.358490566037736,53
wearable,heart_rate_eps4.0,p_gated_ba,4.0,8,3,16.0,2,4,0.0,42.73353838077307,0.22491335989880562,0.7323870869832255,0.39622641509433965,9.358490566037736,53
wearable,heart_rate_eps4.0,p_gated_ba,4.0,8,4,,2,4,0.0,41.98914292855274,0.220995489097646,0.7123233672391123,0.40384615384615385,9.5,52
wearable,heart_rate_eps4.0,p_gated_ba,4.0,8,4,4.0,2,4,0.0,102.89379017746056,0.5415462640918977,0.38182268641783,0.4807692307692308,9.5,52
wearable,heart_rate_eps4.0,p_gated_ba,4.0,8,4,8.0,2,4,0.0,50.896168386378356,0.26787457045462293,0.775607871684344,0.40384615384615385,9.5,52
wearable,heart_rate_eps4.0,p_gated_ba,4.0,8,4,16.0,2,4,0.0,41.98914292855274,0.220995489097646,0.7123233672391123,0.40384615384615385,9.5,52
wearable,heart_rate_eps4.0,p_gated_ba,4.0,8,6,,2,4,0.0,41.98914292855274,0.220995489097646,0.7123233672391123,0.40384615384615385,9.5,52
wearable,heart_rate_eps4.0,p_gated_ba,4.0,8,6,8.0,2,4,0.0,50.896168386378356,0.26787457045462293,0.775607871684344,0.40384615384615385,9.5,52
wearable,heart_rate_eps4.0,p_gated_ba,4.0,8,6,16.0,2,4,0.0,41.98914292855274,0.220995489097646,0.7123233672391123,0.40384615384615385,9.5,52
wearable,heart_rate_eps4.0,p_gated_ba,4.0,8,1,,4,0,0.0,33.28645554156771,0.175191871271409,0.6825628412652506,0.3333333333333333,8.433333333333334,30
wearable,heart_rate_eps4.0,p_gated_ba,4.0,8,1,4.0,4,0,0.0,143.30993300345654,0.7542628052813501,0.7681979313082544,0.4666666666666667,8.433333333333334,30
wearable,heart_rate_eps4.0,p_gated_ba,4.0,8,1,8.0,4,0,0.0,101.65315805601763,0.5350166213474612,0.2565490847632183,0.4666666666666667,8.433333333333334,30
wearable,heart_rate_eps4.0,p_gated_ba,4.0,8,1,16.0,4,0,0.0,33.28645554156771,0.175191871271409,0.6825628412652506,0.3333333333333333,8.433333333333334,30
wearable,heart_rate_eps4.0,p_gated_ba,4.0,8,2,,4,0,0.0,33.28645554156771,0.175191871271409,0.633122102731782,0.3333333333333333,8.433333333333334,30
wearable,heart_rate_eps4.0,p_gated_ba,4.0,8,2,4.0,4,0,0.0,101.68479431601783,0.5351831279790412,0.31481699539733204,0.36666666666666664,8.433333333333334,30
wearable,heart_rate_eps4.0,p_gated_ba,4.0,8,2,8.0,4,0,0.0,53.46960177725658,0.281418956722403,0.31929132635397145,0.36666666666666664,8.433333333333334,30
wearable,heart_rate_eps4.0,p_gated_ba,4.0,8,2,16.0,4,0,0.0,33.28645554156771,0.175191871271409,0.633122102731782,0.3333333333333333,8.433333333333334,30
wearable,heart_rate_eps4.0,p_gated_ba,4.0,8,3,,4,0,0.0,33.28645554156771,0.175191871271409,0.633122102731782,0.3333333333333333,8.433333333333334,30
wearable,heart_rate_eps4.0,p_gated_ba,4.0,8,3,4.0,4,0,0.0,101.68479431601783,0.5351831279790412,0.31481699539733204,0.36666666666666664,8.433333333333334,30
wearable,heart_rate_eps4.0,p_gated_ba,4.0,8,3,8.0,4,0,0.0,53.46960177725658,0.281418956722403,0.31929132635397145,0.36666666666666664,8.433333333333334,30
wearable,heart_rate_eps4.0,p_gated_ba,4.0,8,3,16.0,4,0,0.0,33.28645554156771,0.175191871271409,0.633122102731782,0.3333333333333333,8.433333333333334,30
wearable,heart_rate_eps4.0,p_gated_ba,4.0,8,4,,4,0,0.0,30.58966279612018,0.1609982252427378,0.5940757354881915,0.3,8.433333333333334,30
wearable,heart_rate_eps4.0,p_gated_ba,4.0,8,4,4.0,4,0,0.0,101.68479431601783,0.5351831279790412,0.2785955559810229,0.36666666666666664,8.433333333333334,30
wearable,heart_rate_eps4.0,p_gated_ba,4.0,8,4,8.0,4,0,0.0,53.46960177725658,0.281418956722403,0.283229684471828,0.36666666666666664,8.433333333333334,30
wearable,heart_rate_eps4.0,p_gated_ba,4.0,8,4,16.0,4,0,0.0,30.58966279612018,0.1609982252427378,0.5940757354881915,0.3,8.433333333333334,30
wearable,heart_rate_eps4.0,p_gated_ba,4.0,8,6,,4,0,0.0,30.58966279612018,0.1609982252427378,0.5940757354881915,0.3,8.433333333333334,30
wearable,heart_rate_eps4.0,p_gated_ba,4.0,8,6,8.0,4,0,0.0,53.46960177725658,0.281418956722403,0.283229684471828,0.36666666666666664,8.433333333333334,30
wearable,heart_rate_eps4.0,p_gated_ba,4.0,8,6,16.0,4,0,0.0,30.58966279612018,0.1609982252427378,0.5940757354881915,0.3,8.433333333333334,30
wearable,heart_rate_eps4.0,p_gated_ba,4.0,8,1,,4,2,0.0,33.28645554156771,0.175191871271409,0.6825628412652506,0.3333333333333333,8.433333333333334,30
wearable,heart_rate_eps4.0,p_gated_ba,4.0,8,1,4.0,4,2,0.0,143.30993300345654,0.7542628052813501,0.7681979313082544,0.4666666666666667,8.433333333333334,30
wearable,heart_rate_eps4.0,p_gated_ba,4.0,8,1,8.0,4,2,0.0,101.65315805601763,0.5350166213474612,0.2565490847632183,0.4666666666666667,8.433333333333334,30
wearable,heart_rate_eps4.0,p_gated_ba,4.0,8,1,16.0,4,2,0.0,33.28645554156771,0.175191871271409,0.6825628412652506,0.3333333333333333,8.433333333333334,30
wearable,heart_rate_eps4.0,p_gated_ba,4.0,8,2,,4,2,0.0,33.68914497396092,0.17731128933663642,0.633122102731782,0.35714285714285715,8.964285714285714,28
wearable,heart_rate_eps4.0,p_gated_ba,4.0,8,2,4.0,4,2,0.0,101.23884355647694,0.5328360187182997,0.31481699539733204,0.39285714285714285,8.964285714285714,28
wearable,heart_rate_eps4.0,p_gated_ba,4.0,8,2,8.0,4,2,0.0,53.0931466888697,0.2794376141519458,0.31929132635397145,0.39285714285714285,8.964285714285714,28
wearable,heart_rate_eps4.0,p_gated_ba,4.0,8,2,16.0,4,2,0.0,33.68914497396092,0.17731128933663642,0.633122102731782,0.35714285714285715,8.964285714285714,28
wearable,heart_rate_eps4.0,p_gated_ba,4.0,8,3,,4,2,0.0,33.68914497396092,0.17731128933663642,0.633122102731782,0.35714285714285715,8.964285714285714,28
wearable,heart_rate_eps4.0,p_gated_ba,4.0,8,3,4.0,4,2,0.0,101.23884355647694,0.5328360187182997,0.31481699539733204,0.39285714285714285,8.964285714285714,28
wearable,heart_rate_eps4.0,p_gated_ba,4.0,8,3,8.0,4,2,0.0,53.0931466888697,0.2794376141519458,0.31929132635397145,0.39285714285714285,8.964285714285714,28
wearable,heart_rate_eps4.0,p_gated_ba,4.0,8,3,16.0,4,2,0.0,33.68914497396092,0.17731128933663642,0.633122102731782,0.35714285714285715,8.964285714285714,28
wearable,heart_rate_eps4.0,p_gated_ba,4.0,8,4,,4,2,0.0,31.640143534216318,0.16652707123271746,0.5940757354881915,0.3333333333333333,9.25925925925926,27
wearable,heart_rate_eps4.0,p_gated_ba,4.0,8,4,4.0,4,2,0.0,99.91694989696784,0.5258786836682517,0.2785955559810229,0.4074074074074074,9.25925925925926,27
wearable,heart_rate_eps4.0,p_gated_ba,4.0,8,4,8.0,4,2,0.0,51.80986173555729,0.27268348281872257,0.283229684471828,0.4074074074074074,9.25925925925926,27
wearable,heart_rate_eps4.0,p_gated_ba,4.0,8,4,16.0,4,2,0.0,31.640143534216318,0.16652707123271746,0.5940757354881915,0.3333333333333333,9.25925925925926,27
wearable,heart_rate_eps4.0,p_gated_ba,4.0,8,6,,4,2,0.0,31.640143534216318,0.16652707123271746,0.5940757354881915,0.3333333333333333,9.25925925925926,27
wearable,heart_rate_eps4.0,p_gated_ba,4.0,8,6,8.0,4,2,0.0,51.80986173555729,0.27268348281872257,0.283229684471828,0.4074074074074074,9.25925925925926,27
wearable,heart_rate_eps4.0,p_gated_ba,4.0,8,6,16.0,4,2,0.0,31.640143534216318,0.16652707123271746,0.5940757354881915,0.3333333333333333,9.25925925925926,27
wearable,heart_rate_eps4.0,p_gated_ba,4.0,8,1,,4,4,0.0,33.28645554156771,0.175191871271409,0.6825628412652506,0.3333333333333333,8.433333333333334,30
wearable,heart_rate_eps4.0,p_gated_ba,4.0,8,1,4.0,4,4,0.0,143.30993300345654,0.7542628052813501,0.7681979313082544,0.4666666666666667,8.433333333333334,30
wearable,heart_rate_eps4.0,p_gated_ba,4.0,8,1,8.0,4,4,0.0,101.65315805601763,0.5350166213474612,0.2565490847632183,0.4666666666666667,8.433333333333334,30
wearable,heart_rate_eps4.0,p_gated_ba,4.0,8,1,16.0,4,4,0.0,33.28645554156771,0.175191871271409,0.6825628412652506,0.3333333333333333,8.433333333333334,30
wearable,heart_rate_eps4.0,p_gated_ba,4.0,8,2,,4,4,0.0,32.7597749055374,0.17241986792388103,0.633122102731782,0.37037037037037035,9.25925925925926,27
wearable,heart_rate_eps4.0,p_gated_ba,4.0,8,2,4.0,4,4,0.0,99.83800671475667,0.5254631932355615,0.31481699539733204,0.4074074074074074,9.25925925925926,27
wearable,heart_rate_eps4.0,p_gated_ba,4.0,8,2,8.0,4,4,0.0,51.73091855334613,0.2722679923860323,0.31929132635397145,0.4074074074074074,9.25925925925926,27
wearable,heart_rate_eps4.0,p_gated_ba,4.0,8,2,16.0,4,4,0.0,32.7597749055374,0.17241986792388103,0.633122102731782,0.37037037037037035,9.25925925925926,27
wearable,heart_rate_eps4.0,p_gated_ba,4.0,8,3,,4,4,0.0,32.7597749055374,0.17241986792388103,0.633122102731782,0.37037037037037035,9.25925925925926,27
wearable,heart_rate_eps4.0,p_gated_ba,4.0,8,3,4.0,4,4,0.0,99.83800671475667,0.5254631932355615,0.31481699539733204,0.4074074074074074,9.25925925925926,27
wearable,heart_rate_eps4.0,p_gated_ba,4.0,8,3,8.0,4,4,0.0,51.73091855334613,0.2722679923860323,0.31929132635397145,0.4074074074074074,9.25925925925926,27
wearable,heart_rate_eps4.0,p_gated_ba,4.0,8,3,16.0,4,4,0.0,32.7597749055374,0.17241986792388103,0.633122102731782,0.37037037037037035,9.25925925925926,27
wearable,heart_rate_eps4.0,p_gated_ba,4.0,8,4,,4,4,0.0,31.660189155550658,0.1666325745028982,0.5940757354881915,0.34615384615384615,9.576923076923077,26
wearable,heart_rate_eps4.0,p_gated_ba,4.0,8,4,4.0,4,4,0.0,98.85302430401521,0.5202790752842905,0.2785955559810229,0.4230769230769231,9.576923076923077,26
wearable,heart_rate_eps4.0,p_gated_ba,4.0,8,4,8.0,4,4,0.0,50.787514749278,0.26730270920672633,0.283229684471828,0.4230769230769231,9.576923076923077,26
wearable,heart_rate_eps4.0,p_gated_ba,4.0,8,4,16.0,4,4,0.0,31.660189155550658,0.1666325745028982,0.5940757354881915,0.34615384615384615,9.576923076923077,26
wearable,heart_rate_eps4.0,p_gated_ba,4.0,8,6,,4,4,0.0,31.660189155550658,0.1666325745028982,0.5940757354881915,0.34615384615384615,9.576923076923077,26
wearable,heart_rate_eps4.0,p_gated_ba,4.0,8,6,8.0,4,4,0.0,50.787514749278,0.26730270920672633,0.283229684471828,0.4230769230769231,9.576923076923077,26
wearable,heart_rate_eps4.0,p_gated_ba,4.0,8,6,16.0,4,4,0.0,31.660189155550658,0.1666325745028982,0.5940757354881915,0.34615384615384615,9.576923076923077,26
wearable,heart_rate_eps4.0,n_weighted,4.0,8,1,,1,0,0.0,82.4840618449385,0.43412664128914996,0.17911721760338106,1.0,8.403361344537815,119
wearable,heart_rate_eps4.0,n_weighted,4.0,8,1,4.0,1,0,0.0,127.4747046567208,0.6709194981932673,0.3660572096189578,1.0,8.403361344537815,119
wearable,heart_rate_eps4.0,n_weighted,4.0,8,1,8.0,1,0,0.0,89.64647031268333,0.47182352796149124,0.21722743702271663,1.0,8.403361344537815,119
wearable,heart_rate_eps4.0,n_weighted,4.0,8,1,16.0,1,0,0.0,82.4840618449385,0.43412664128914996,0.17911721760338106,1.0,8.403361344537815,119
wearable,heart_rate_eps4.0,n_weighted,4.0,8,2,,1,0,0.0,64.37345802340566,0.33880767380739824,0.4714259406861855,0.8739495798319328,8.403361344537815,119
wearable,heart_rate_eps4.0,n_weighted,4.0,8,2,4.0,1,0,0.0,109.36410083518798,0.5756005307115157,0.38168202310808147,0.8739495798319328,8.403361344537815,119
wearable,heart_rate_eps4.0,n_weighted,4.0,8,2,8.0,1,0,0.0,71.53586649115051,0.37650456047973957,0.29178225482789344,0.8739495798319328,8.403361344537815,119
wearable,heart_rate_eps4.0,n_weighted,4.0,8,2,16.0,1,0,0.0,64.37345802340566,0.33880767380739824,0.4714259406861855,0.8739495798319328,8.403361344537815,119
wearable,heart_rate_eps4.0,n_weighted,4.0,8,3,,1,0,0.0,37.096789997626466,0.19524626314540244,0.25655863642753773,0.8487394957983193,8.403361344537815,119
wearable,heart_rate_eps4.0,n_weighted,4.0,8,3,4.0,1,0,0.0,82.08743280940878,0.4320391200495199,0.35650003329443836,0.8487394957983193,8.403361344537815,119
wearable,heart_rate_eps4.0,n_weighted,4.0,8,3,8.0,1,0,0.0,44.25919846537131,0.23294314981774375,0.2940859350112805,0.8487394957983193,8.403361344537815,119
wearable,heart_rate_eps4.0,n_weighted,4.0,8,3,16.0,1,0,0.0,37.096789997626466,0.19524626314540244,0.25655863642753773,0.8487394957983193,8.403361344537815,119
wearable,heart_rate_eps4.0,n_weighted,4.0,8,4,,1,0,0.0,64.54097168634495,0.3396893246649734,0.25963645165121135,0.8403361344537815,8.403361344537815,119
wearable,heart_rate_eps4.0,n_weighted,4.0,8,4,4.0,1,0,0.0,109.53161449812728,0.5764821815690909,0.36871725141709943,0.8403361344537815,8.403361344537815,119
wearable,heart_rate_eps4.0,n_weighted,4.0,8,4,8.0,1,0,0.0,71.7033801540898,0.37738621133731476,0.2975765539324651,0.8403361344537815,8.403361344537815,119
wearable,heart_rate_eps4.0,n_weighted,4.0,8,4,16.0,1,0,0.0,64.54097168634495,0.3396893246649734,0.25963645165121135,0.8403361344537815,8.403361344537815,119
wearable,heart_rate_eps4.0,n_weighted,4.0,8,6,,1,0,0.0,48.90474922721966,0.2573934169853666,0.25170844104224244,0.8319327731092437,8.403361344537815,119
wearable,heart_rate_eps4.0,n_weighted,4.0,8,6,8.0,1,0,0.0,56.0671576949645,0.2950903036577079,0.29274212467314464,0.8319327731092437,8.403361344537815,119
wearable,heart_rate_eps4.0,n_weighted,4.0,8,6,16.0,1,0,0.0,48.90474922721966,0.2573934169853666,0.25170844104224244,0.8319327731092437,8.403361344537815,119
wearable,heart_rate_eps4.0,n_weighted,4.0,8,1,,1,2,0.0,82.4840618449385,0.43412664128914996,0.17911721760338106,1.0,8.403361344537815,119
wearable,heart_rate_eps4.0,n_weighted,4.0,8,1,4.0,1,2,0.0,127.4747046567208,0.6709194981932673,0.3660572096189578,1.0,8.403361344537815,119
wearable,heart_rate_eps4.0,n_weighted,4.0,8,1,8.0,1,2,0.0,89.64647031268333,0.47182352796149124,0.21722743702271663,1.0,8.403361344537815,119
wearable,heart_rate_eps4.0,n_weighted,4.0,8,1,16.0,1,2,0.0,82.4840618449385,0.43412664128914996,0.17911721760338106,1.0,8.403361344537815,119
wearable,heart_rate_eps4.0,n_weighted,4.0,8,2,,1,2,0.0,50.71847418684454,0.26693933782549756,0.4714259406861855,0.9541284403669725,9.082568807339449,109
wearable,heart_rate_eps4.0,n_weighted,4.0,8,2,4.0,1,2,0.0,99.83669890796469,0.5254563100419194,0.38168202310808147,0.9541284403669725,9.082568807339449,109
wearable,heart_rate_eps4.0,n_weighted,4.0,8,2,8.0,1,2,0.0,58.5379843488779,0.3080946544677784,0.29178225482789344,0.9541284403669725,9.082568807339449,109
wearable,heart_rate_eps4.0,n_weighted,4.0,8,2,16.0,1,2,0.0,50.71847418684454,0.26693933782549756,0.4714259406861855,0.9541284403669725,9.082568807339449,109
wearable,heart_rate_eps4.0,n_weighted,4.0,8,3,,1,2,0.0,37.87131077331714,0.19932268828061653,0.25655863642753773,0.9439252336448598,9.214953271028037,107
wearable,heart_rate_eps4.0,n_weighted,4.0,8,3,4.0,1,2,0.0,87.90763315277597,0.462671753435663,0.35650003329443836,0.9439252336448598,9.214953271028037,107
wearable,heart_rate_eps4.0,n_weighted,4.0,8,3,8.0,1,2,0.0,45.836980003799724,0.24124726317789327,0.2940859350112805,0.9439252336448598,9.214953271028037,107
wearable,heart_rate_eps4.0,n_weighted,4.0,8,3,16.0,1,2,0.0,37.87131077331714,0.19932268828061653,0.25655863642753773,0.9439252336448598,9.214953271028037,107
wearable,heart_rate_eps4.0,n_weighted,4.0,8,4,,1,2,0.0,49.645808072105645,0.2612937266952929,0.25963645165121135,0.9345794392523364,9.214953271028037,107
wearable,heart_rate_eps4.0,n_weighted,4.0,8,4,4.0,1,2,0.0,99.68213045156448,0.5246427918503394,0.36871725141709943,0.9345794392523364,9.214953271028037,107
wearable,heart_rate_eps4.0,n_weighted,4.0,8,4,8.0,1,2,0.0,57.61147730258823,0.30321830159256963,0.2975765539324651,0.9345794392523364,9.214953271028037,107
wearable,heart_rate_eps4.0,n_weighted,4.0,8,4,16.0,1,2,0.0,49.645808072105645,0.2612937266952929,0.25963645165121135,0.9345794392523364,9.214953271028037,107
wearable,heart_rate_eps4.0,n_weighted,4.0,8,6,,1,2,0.0,41.870289540402666,0.22036994494948772,0.25170844104224244,0.9339622641509434,9.273584905660377,106
wearable,heart_rate_eps4.0,n_weighted,4.0,8,6,8.0,1,2,0.0,49.91110659381433,0.262690034704286,0.29274212467314464,0.9339622641509434,9.273584905660377,106
wearable,heart_rate_eps4.0,n_weighted,4.0,8,6,16.0,1,2,0.0,41.870289540402666,0.22036994494948772,0.25170844104224244,0.9339622641509434,9.273584905660377,106
wearable,heart_rate_eps4.0,n_weighted,4.0,8,1,,1,4,0.0,82.4840618449385,0.43412664128914996,0.17911721760338106,1.0,8.403361344537815,119
wearable,heart_rate_eps4.0,n_weighted,4.0,8,1,4.0,1,4,0.0,127.4747046567208,0.6709194981932673,0.3660572096189578,1.0,8.403361344537815,119
wearable,heart_rate_eps4.0,n_weighted,4.0,8,1,8.0,1,4,0.0,89.64647031268333,0.47182352796149124,0.21722743702271663,1.0,8.403361344537815,119
wearable,heart_rate_eps4.0,n_weighted,4.0,8,1,16.0,1,4,0.0,82.4840618449385,0.43412664128914996,0.17911721760338106,1.0,8.403361344537815,119
wearable,heart_rate_eps4.0,n_weighted,4.0,8,2,,1,4,0.0,47.681197408244955,0.2509536705697103,0.4714259406861855,0.9719626168224299,9.233644859813085,107
wearable,heart_rate_eps4.0,n_weighted,4.0,8,2,4.0,1,4,0.0,97.7175197877038,0.5143027357247568,0.38168202310808147,0.9719626168224299,9.233644859813085,107
wearable,heart_rate_eps4.0,n_weighted,4.0,8,2,8.0,1,4,0.0,55.64686663872754,0.29287824546698704,0.29178225482789344,0.9719626168224299,9.233644859813085,107
wearable,heart_rate_eps4.0,n_weighted,4.0,8,2,16.0,1,4,0.0,47.681197408244955,0.2509536705697103,0.4714259406861855,0.9719626168224299,9.233644859813085,107
wearable,heart_rate_eps4.0,n_weighted,4.0,8,3,,1,4,0.0,38.08433574042794,0.20044387231804178,0.25655863642753773,0.9619047619047619,9.371428571428572,105
wearable,heart_rate_eps4.0,n_weighted,4.0,8,3,4.0,1,4,0.0,89.07373092711455,0.46880911014270815,0.35650003329443836,0.9619047619047619,9.371428571428572,105
wearable,heart_rate_eps4.0,n_weighted,4.0,8,3,8.0,1,4,0.0,46.201732003872095,0.24316701054669523,0.2940859350112805,0.9619047619047619,9.371428571428572,105
wearable,heart_rate_eps4.0,n_weighted,4.0,8,3,16.0,1,4,0.0,38.08433574042794,0.20044387231804178,0.25655863642753773,0.9619047619047619,9.371428571428572,105
wearable,heart_rate_eps4.0,n_weighted,4.0,8,4,,1,4,0.0,45.24760364536754,0.2381452823440397,0.25963645165121135,0.9615384615384616,9.442307692307692,104
wearable,heart_rate_eps4.0,n_weighted,4.0,8,4,4.0,1,4,0.0,96.72728147808,0.5090909551477895,0.36871725141709943,0.9615384615384616,9.442307692307692,104
wearable,heart_rate_eps4.0,n_weighted,4.0,8,4,8.0,1,4,0.0,53.4430517959602,0.2812792199787379,0.2975765539324651,0.9615384615384616,9.442307692307692,104
wearable,heart_rate_eps4.0,n_weighted,4.0,8,4,16.0,1,4,0.0,45.24760364536754,0.2381452823440397,0.25963645165121135,0.9615384615384616,9.442307692307692,104
wearable,heart_rate_eps4.0,n_weighted,4.0,8,6,,1,4,0.0,40.149432049013626,0.21131280025796645,0.25170844104224244,0.9611650485436893,9.504854368932039,103
wearable,heart_rate_eps4.0,n_weighted,4.0,8,6,8.0,1,4,0.0,48.424447657379034,0.25486551398620544,0.29274212467314464,0.9611650485436893,9.504854368932039,103
wearable,heart_rate_eps4.0,n_weighted,4.0,8,6,16.0,1,4,0.0,40.149432049013626,0.21131280025796645,0.25170844104224244,0.9611650485436893,9.504854368932039,103
wearable,heart_rate_eps4.0,n_weighted,4.0,8,1,,2,0,0.0,90.22535673458927,0.4748702986031014,0.08118321827284715,1.0,8.383333333333333,60
wearable,heart_rate_eps4.0,n_weighted,4.0,8,1,4.0,2,0,0.0,130.14967045155706,0.6849982655345108,0.2431338783730404,1.0,8.383333333333333,60
wearable,heart_rate_eps4.0,n_weighted,4.0,8,1,8.0,2,0,0.0,96.5966474316273,0.5084034075348806,0.08118321827284715,1.0,8.383333333333333,60
wearable,heart_rate_eps4.0,n_weighted,4.0,8,1,16.0,2,0,0.0,90.22535673458927,0.4748702986031014,0.08118321827284715,1.0,8.383333333333333,60
wearable,heart_rate_eps4.0,n_weighted,4.0,8,2,,2,0,0.0,35.496913703079045,0.18682586159515288,0.3561696386114632,0.8666666666666667,8.383333333333333,60
wearable,heart_rate_eps4.0,n_weighted,4.0,8,2,4.0,2,0,0.0,75.42122742004685,0.39695382852656236,1.156774638659473,0.8666666666666667,8.383333333333333,60
wearable,heart_rate_eps4.0,n_weighted,4.0,8,2,8.0,2,0,0.0,41.86820440011708,0.22035897052693199,0.5417448664216808,0.8666666666666667,8.383333333333333,60
wearable,heart_rate_eps4.0,n_weighted,4.0,8,2,16.0,2,0,0.0,35.496913703079045,0.18682586159515288,0.3561696386114632,0.8666666666666667,8.383333333333333,60
wearable,heart_rate_eps4.0,n_weighted,4.0,8,3,,2,0,0.0,71.21529142950531,0.37481732331318585,0.386583281493916,0.85,8.383333333333333,60
wearable,heart_rate_eps4.0,n_weighted,4.0,8,3,4.0,2,0,0.0,111.13960514647313,0.5849452902445954,1.1352340875338625,0.85,8.383333333333333,60
wearable,heart_rate_eps4.0,n_weighted,4.0,8,3,8.0,2,0,0.0,77.58658212654335,0.408350432244965,0.5242715028761782,0.85,8.383333333333333,60
wearable,heart_rate_eps4.0,n_weighted,4.0,8,3,16.0,2,0,0.0,71.21529142950531,0.37481732331318585,0.386583281493916,0.85,8.383333333333333,60
wearable,heart_rate_eps4.0,n_weighted,4.0,8,4,,2,0,0.0,30.633350424878852,0.16122816013094132,0.38523396251346115,0.8333333333333334,8.383333333333333,60
wearable,heart_rate_eps4.0,n_weighted,4.0,8,4,4.0,2,0,0.0,70.7883671642863,0.3725703534962437,1.1154432649375612,0.8333333333333334,8.383333333333333,60
wearable,heart_rate_eps4.0,n_weighted,4.0,8,4,8.0,2,0,0.0,37.00464112191688,0.19476126906272043,0.44265654968728274,0.8333333333333334,8.383333333333333,60
wearable,heart_rate_eps4.0,n_weighted,4.0,8,4,16.0,2,0,0.0,30.633350424878852,0.16122816013094132,0.38523396251346115,0.8333333333333334,8.383333333333333,60
wearable,heart_rate_eps4.0,n_weighted,4.0,8,6,,2,0,0.0,30.633350424878852,0.16122816013094132,0.38523396251346115,0.8333333333333334,8.383333333333333,60
wearable,heart_rate_eps4.0,n_weighted,4.0,8,6,8.0,2,0,0.0,37.00464112191688,0.19476126906272043,0.44265654968728274,0.8333333333333334,8.383333333333333,60
wearable,heart_rate_eps4.0,n_weighted,4.0,8,6,16.0,2,0,0.0,30.633350424878852,0.16122816013094132,0.38523396251346115,0.8333333333333334,8.383333333333333,60
wearable,heart_rate_eps4.0,n_weighted,4.0,8,1,,2,2,0.0,90.22535673458927,0.4748702986031014,0.08118321827284715,1.0,8.383333333333333,60
wearable,heart_rate_eps4.0,n_weighted,4.0,8,1,4.0,2,2,0.0,130.14967045155706,0.6849982655345108,0.2431338783730404,1.0,8.383333333333333,60
wearable,heart_rate_eps4.0,n_weighted,4.0,8,1,8.0,2,2,0.0,96.5966474316273,0.5084034075348806,0.08118321827284715,1.0,8.383333333333333,60
wearable,heart_rate_eps4.0,n_weighted,4.0,8,1,16.0,2,2,0.0,90.22535673458927,0.4748702986031014,0.08118321827284715,1.0,8.383333333333333,60
wearable,heart_rate_eps4.0,n_weighted,4.0,8,2,,2,2,0.0,37.34141290900548,0.19653375215266042,0.3561696386114632,0.9454545454545454,9.054545454545455,55
wearable,heart_rate_eps4.0,n_weighted,4.0,8,2,4.0,2,2,0.0,80.89520969115216,0.4257642615323798,1.156774638659473,0.9454545454545454,9.054545454545455,55
wearable,heart_rate_eps4.0,n_weighted,4.0,8,2,8.0,2,2,0.0,44.2919118512288,0.23311532553278314,0.5417448664216808,0.9454545454545454,9.054545454545455,55
wearable,heart_rate_eps4.0,n_weighted,4.0,8,2,16.0,2,2,0.0,37.34141290900548,0.19653375215266042,0.3561696386114632,0.9454545454545454,9.054545454545455,55
wearable,heart_rate_eps4.0,n_weighted,4.0,8,3,,2,2,0.0,49.809338449452476,0.26215441289185515,0.386583281493916,0.9444444444444444,9.203703703703704,54
wearable,heart_rate_eps4.0,n_weighted,4.0,8,3,4.0,2,2,0.0,94.16968702386113,0.49562993170453223,1.1352340875338625,0.9444444444444444,9.203703703703704,54
wearable,heart_rate_eps4.0,n_weighted,4.0,8,3,8.0,2,2,0.0,56.8885503350503,0.2994134228160542,0.5242715028761782,0.9444444444444444,9.203703703703704,54
wearable,heart_rate_eps4.0,n_weighted,4.0,8,3,16.0,2,2,0.0,49.809338449452476,0.26215441289185515,0.386583281493916,0.9444444444444444,9.203703703703704,54
wearable,heart_rate_eps4.0,n_weighted,4.0,8,4,,2,2,0.0,31.947157037744184,0.16814293177760098,0.38523396251346115,0.9259259259259259,9.185185185185185,54
wearable,heart_rate_eps4.0,n_weighted,4.0,8,4,4.0,2,2,0.0,76.35591413898236,0.4018732323104335,1.1154432649375612,0.9259259259259259,9.185185185185185,54
wearable,heart_rate_eps4.0,n_weighted,4.0,8,4,8.0,2,2,0.0,39.026368923342,0.20540194170179998,0.44265654968728274,0.9259259259259259,9.185185185185185,54
wearable,heart_rate_eps4.0,n_weighted,4.0,8,4,16.0,2,2,0.0,31.947157037744184,0.16814293177760098,0.38523396251346115,0.9259259259259259,9.185185185185185,54
wearable,heart_rate_eps4.0,n_weighted,4.0,8,6,,2,2,0.0,31.947157037744184,0.16814293177760098,0.38523396251346115,0.9259259259259259,9.185185185185185,54
wearable,heart_rate_eps4.0,n_weighted,4.0,8,6,8.0,2,2,0.0,39.026368923342,0.20540194170179998,0.44265654968728274,0.9259259259259259,9.185185185185185,54
wearable,heart_rate_eps4.0,n_weighted,4.0,8,6,16.0,2,2,0.0,31.947157037744184,0.16814293177760098,0.38523396251346115,0.9259259259259259,9.185185185185185,54
wearable,heart_rate_eps4.0,n_weighted,4.0,8,1,,2,4,0.0,90.22535673458927,0.4748702986031014,0.08118321827284715,1.0,8.383333333333333,60
wearable,heart_rate_eps4.0,n_weighted,4.0,8,1,4.0,2,4,0.0,130.14967045155706,0.6849982655345108,0.2431338783730404,1.0,8.383333333333333,60
wearable,heart_rate_eps4.0,n_weighted,4.0,8,1,8.0,2,4,0.0,96.5966474316273,0.5084034075348806,0.08118321827284715,1.0,8.383333333333333,60
wearable,heart_rate_eps4.0,n_weighted,4.0,8,1,16.0,2,4,0.0,90.22535673458927,0.4748702986031014,0.08118321827284715,1.0,8.383333333333333,60
wearable,heart_rate_eps4.0,n_weighted,4.0,8,2,,2,4,0.0,37.60326759956664,0.19791193473456128,0.3561696386114632,0.9629629629629629,9.203703703703704,54
wearable,heart_rate_eps4.0,n_weighted,4.0,8,2,4.0,2,4,0.0,81.96361617397531,0.43138745354723845,1.156774638659473,0.9629629629629629,9.203703703703704,54
wearable,heart_rate_eps4.0,n_weighted,4.0,8,2,8.0,2,4,0.0,44.682479485164464,0.23517094465876034,0.5417448664216808,0.9629629629629629,9.203703703703704,54
wearable,heart_rate_eps4.0,n_weighted,4.0,8,2,16.0,2,4,0.0,37.60326759956664,0.19791193473456128,0.3561696386114632,0.9629629629629629,9.203703703703704,54
wearable,heart_rate_eps4.0,n_weighted,4.0,8,3,,2,4,0.0,45.87258331994265,0.24143464905232973,0.386583281493916,0.9622641509433962,9.358490566037736,53
wearable,heart_rate_eps4.0,n_weighted,4.0,8,3,4.0,2,4,0.0,91.06991960330244,0.47931536633317073,1.1352340875338625,0.9622641509433962,9.358490566037736,53
wearable,heart_rate_eps4.0,n_weighted,4.0,8,3,8.0,2,4,0.0,53.085365241117785,0.2793966591637778,0.5242715028761782,0.9622641509433962,9.358490566037736,53
wearable,heart_rate_eps4.0,n_weighted,4.0,8,3,16.0,2,4,0.0,45.87258331994265,0.24143464905232973,0.386583281493916,0.9622641509433962,9.358490566037736,53
wearable,heart_rate_eps4.0,n_weighted,4.0,8,4,,2,4,0.0,32.46686664984474,0.17087824552549863,0.38523396251346115,0.9615384615384616,9.5,52
wearable,heart_rate_eps4.0,n_weighted,4.0,8,4,4.0,2,4,0.0,78.7394555141802,0.4144181869167379,1.1154432649375612,0.9615384615384616,9.5,52
wearable,heart_rate_eps4.0,n_weighted,4.0,8,4,8.0,2,4,0.0,39.818355915657854,0.20957029429293608,0.44265654968728274,0.9615384615384616,9.5,52
wearable,heart_rate_eps4.0,n_weighted,4.0,8,4,16.0,2,4,0.0,32.46686664984474,0.17087824552549863,0.38523396251346115,0.9615384615384616,9.5,52
wearable,heart_rate_eps4.0,n_weighted,4.0,8,6,,2,4,0.0,32.46686664984474,0.17087824552549863,0.38523396251346115,0.9615384615384616,9.5,52
wearable,heart_rate_eps4.0,n_weighted,4.0,8,6,8.0,2,4,0.0,39.818355915657854,0.20957029429293608,0.44265654968728274,0.9615384615384616,9.5,52
wearable,heart_rate_eps4.0,n_weighted,4.0,8,6,16.0,2,4,0.0,32.46686664984474,0.17087824552549863,0.38523396251346115,0.9615384615384616,9.5,52
wearable,heart_rate_eps4.0,n_weighted,4.0,8,1,,4,0,0.0,77.55003366427384,0.40815807191723075,0.20901090763310193,1.0,8.433333333333334,30
wearable,heart_rate_eps4.0,n_weighted,4.0,8,1,4.0,4,0,0.0,115.97705403736407,0.610405547565074,0.3502624145936459,1.0,8.433333333333334,30
wearable,heart_rate_eps4.0,n_weighted,4.0,8,1,8.0,4,0,0.0,83.43634326439863,0.4391386487599928,0.24886096786100378,1.0,8.433333333333334,30
wearable,heart_rate_eps4.0,n_weighted,4.0,8,1,16.0,4,0,0.0,77.55003366427384,0.40815807191723075,0.20901090763310193,1.0,8.433333333333334,30
wearable,heart_rate_eps4.0,n_weighted,4.0,8,2,,4,0,0.0,44.11359208223668,0.23217680043282463,0.5780790273068437,0.8666666666666667,8.433333333333334,30
wearable,heart_rate_eps4.0,n_weighted,4.0,8,2,4.0,4,0,0.0,82.54061245532692,0.434424276080668,1.1023647647529915,0.8666666666666667,8.433333333333334,30
wearable,heart_rate_eps4.0,n_weighted,4.0,8,2,8.0,4,0,0.0,49.99990168236148,0.26315737727558675,0.7726412158998435,0.8666666666666667,8.433333333333334,30
wearable,heart_rate_eps4.0,n_weighted,4.0,8,2,16.0,4,0,0.0,44.11359208223668,0.23217680043282463,0.5780790273068437,0.8666666666666667,8.433333333333334,30
wearable,heart_rate_eps4.0,n_weighted,4.0,8,3,,4,0,0.0,44.11359208223668,0.23217680043282463,0.5780790273068437,0.8666666666666667,8.433333333333334,30
wearable,heart_rate_eps4.0,n_weighted,4.0,8,3,4.0,4,0,0.0,82.54061245532692,0.434424276080668,1.1023647647529915,0.8666666666666667,8.433333333333334,30
wearable,heart_rate_eps4.0,n_weighted,4.0,8,3,8.0,4,0,0.0,49.99990168236148,0.26315737727558675,0.7726412158998435,0.8666666666666667,8.433333333333334,30
wearable,heart_rate_eps4.0,n_weighted,4.0,8,3,16.0,4,0,0.0,44.11359208223668,0.23217680043282463,0.5780790273068437,0.8666666666666667,8.433333333333334,30
wearable,heart_rate_eps4.0,n_weighted,4.0,8,4,,4,0,0.0,46.712347858656706,0.24585446241398265,0.41719923900096345,0.8333333333333334,8.433333333333334,30
wearable,heart_rate_eps4.0,n_weighted,4.0,8,4,4.0,4,0,0.0,98.79845483387687,0.5199918675467204,1.0594954465346056,0.8333333333333334,8.433333333333334,30
wearable,heart_rate_eps4.0,n_weighted,4.0,8,4,8.0,4,0,0.0,52.59865745878151,0.2768350392567448,1.0660619604654147,0.8333333333333334,8.433333333333334,30
wearable,heart_rate_eps4.0,n_weighted,4.0,8,4,16.0,4,0,0.0,46.712347858656706,0.24585446241398265,0.41719923900096345,0.8333333333333334,8.433333333333334,30
wearable,heart_rate_eps4.0,n_weighted,4.0,8,6,,4,0,0.0,46.712347858656706,0.24585446241398265,0.41719923900096345,0.8333333333333334,8.433333333333334,30
wearable,heart_rate_eps4.0,n_weighted,4.0,8,6,8.0,4,0,0.0,52.59865745878151,0.2768350392567448,1.0660619604654147,0.8333333333333334,8.433333333333334,30
wearable,heart_rate_eps4.0,n_weighted,4.0,8,6,16.0,4,0,0.0,46.712347858656706,0.24585446241398265,0.41719923900096345,0.8333333333333334,8.433333333333334,30
wearable,heart_rate_eps4.0,n_weighted,4.0,8,1,,4,2,0.0,77.55003366427384,0.40815807191723075,0.20901090763310193,1.0,8.433333333333334,30
wearable,heart_rate_eps4.0,n_weighted,4.0,8,1,4.0,4,2,0.0,115.97705403736407,0.610405547565074,0.3502624145936459,1.0,8.433333333333334,30
wearable,heart_rate_eps4.0,n_weighted,4.0,8,1,8.0,4,2,0.0,83.43634326439863,0.4391386487599928,0.24886096786100378,1.0,8.433333333333334,30
wearable,heart_rate_eps4.0,n_weighted,4.0,8,1,16.0,4,2,0.0,77.55003366427384,0.40815807191723075,0.20901090763310193,1.0,8.433333333333334,30
wearable,heart_rate_eps4.0,n_weighted,4.0,8,2,,4,2,0.0,39.282629633033594,0.2067506822791242,0.5780790273068437,0.9285714285714286,8.964285714285714,28
wearable,heart_rate_eps4.0,n_weighted,4.0,8,2,4.0,4,2,0.0,80.45443717563028,0.42344440618752777,1.1023647647529915,0.9285714285714286,8.964285714285714,28
wearable,heart_rate_eps4.0,n_weighted,4.0,8,2,8.0,4,2,0.0,45.58938991888159,0.23994415746779782,0.7726412158998435,0.9285714285714286,8.964285714285714,28
wearable,heart_rate_eps4.0,n_weighted,4.0,8,2,16.0,4,2,0.0,39.282629633033594,0.2067506822791242,0.5780790273068437,0.9285714285714286,8.964285714285714,28
wearable,heart_rate_eps4.0,n_weighted,4.0,8,3,,4,2,0.0,39.282629633033594,0.2067506822791242,0.5780790273068437,0.9285714285714286,8.964285714285714,28
wearable,heart_rate_eps4.0,n_weighted,4.0,8,3,4.0,4,2,0.0,80.45443717563028,0.42344440618752777,1.1023647647529915,0.9285714285714286,8.964285714285714,28
wearable,heart_rate_eps4.0,n_weighted,4.0,8,3,8.0,4,2,0.0,45.58938991888159,0.23994415746779782,0.7726412158998435,0.9285714285714286,8.964285714285714,28
wearable,heart_rate_eps4.0,n_weighted,4.0,8,3,16.0,4,2,0.0,39.282629633033594,0.2067506822791242,0.5780790273068437,0.9285714285714286,8.964285714285714,28
wearable,heart_rate_eps4.0,n_weighted,4.0,8,4,,4,2,0.0,39.4475221700223,0.20761853773695949,0.41719923900096345,0.9259259259259259,9.25925925925926,27
wearable,heart_rate_eps4.0,n_weighted,4.0,8,4,4.0,4,2,0.0,88.21491662995811,0.4642890348945164,1.0594954465346056,0.9259259259259259,9.25925925925926,27
wearable,heart_rate_eps4.0,n_weighted,4.0,8,4,8.0,4,2,0.0,45.98786617016098,0.2420414008955841,1.0660619604654147,0.9259259259259259,9.25925925925926,27
wearable,heart_rate_eps4.0,n_weighted,4.0,8,4,16.0,4,2,0.0,39.4475221700223,0.20761853773695949,0.41719923900096345,0.9259259259259259,9.25925925925926,27
wearable,heart_rate_eps4.0,n_weighted,4.0,8,6,,4,2,0.0,39.4475221700223,0.20761853773695949,0.41719923900096345,0.9259259259259259,9.25925925925926,27
wearable,heart_rate_eps4.0,n_weighted,4.0,8,6,8.0,4,2,0.0,45.98786617016098,0.2420414008955841,1.0660619604654147,0.9259259259259259,9.25925925925926,27
wearable,heart_rate_eps4.0,n_weighted,4.0,8,6,16.0,4,2,0.0,39.4475221700223,0.20761853773695949,0.41719923900096345,0.9259259259259259,9.25925925925926,27
wearable,heart_rate_eps4.0,n_weighted,4.0,8,1,,4,4,0.0,77.55003366427384,0.40815807191723075,0.20901090763310193,1.0,8.433333333333334,30
wearable,heart_rate_eps4.0,n_weighted,4.0,8,1,4.0,4,4,0.0,115.97705403736407,0.610405547565074,0.3502624145936459,1.0,8.433333333333334,30
wearable,heart_rate_eps4.0,n_weighted,4.0,8,1,8.0,4,4,0.0,83.43634326439863,0.4391386487599928,0.24886096786100378,1.0,8.433333333333334,30
wearable,heart_rate_eps4.0,n_weighted,4.0,8,1,16.0,4,4,0.0,77.55003366427384,0.40815807191723075,0.20901090763310193,1.0,8.433333333333334,30
wearable,heart_rate_eps4.0,n_weighted,4.0,8,2,,4,4,0.0,37.75184802545163,0.19869393697606122,0.5780790273068437,0.9629629629629629,9.25925925925926,27
wearable,heart_rate_eps4.0,n_weighted,4.0,8,2,4.0,4,4,0.0,80.44853732888522,0.4234133543625538,1.1023647647529915,0.9629629629629629,9.25925925925926,27
wearable,heart_rate_eps4.0,n_weighted,4.0,8,2,8.0,4,4,0.0,44.292192025590296,0.23311680013468578,0.7726412158998435,0.9629629629629629,9.25925925925926,27
wearable,heart_rate_eps4.0,n_weighted,4.0,8,2,16.0,4,4,0.0,37.75184802545163,0.19869393697606122,0.5780790273068437,0.9629629629629629,9.25925925925926,27
wearable,heart_rate_eps4.0,n_weighted,4.0,8,3,,4,4,0.0,37.75184802545163,0.19869393697606122,0.5780790273068437,0.9629629629629629,9.25925925925926,27
wearable,heart_rate_eps4.0,n_weighted,4.0,8,3,4.0,4,4,0.0,80.44853732888522,0.4234133543625538,1.1023647647529915,0.9629629629629629,9.25925925925926,27
wearable,heart_rate_eps4.0,n_weighted,4.0,8,3,8.0,4,4,0.0,44.292192025590296,0.23311680013468578,0.7726412158998435,0.9629629629629629,9.25925925925926,27
wearable,heart_rate_eps4.0,n_weighted,4.0,8,3,16.0,4,4,0.0,37.75184802545163,0.19869393697606122,0.5780790273068437,0.9629629629629629,9.25925925925926,27
wearable,heart_rate_eps4.0,n_weighted,4.0,8,4,,4,4,0.0,36.269373011844905,0.19089143690444688,0.41719923900096345,0.9615384615384616,9.576923076923077,26
wearable,heart_rate_eps4.0,n_weighted,4.0,8,4,4.0,4,4,0.0,83.7603395812867,0.4408438925330879,1.0594954465346056,0.9615384615384616,9.576923076923077,26
wearable,heart_rate_eps4.0,n_weighted,4.0,8,4,8.0,4,4,0.0,43.0612687042966,0.22663825633840318,1.0660619604654147,0.9615384615384616,9.576923076923077,26
wearable,heart_rate_eps4.0,n_weighted,4.0,8,4,16.0,4,4,0.0,36.269373011844905,0.19089143690444688,0.41719923900096345,0.9615384615384616,9.576923076923077,26
wearable,heart_rate_eps4.0,n_weighted,4.0,8,6,,4,4,0.0,36.269373011844905,0.19089143690444688,0.41719923900096345,0.9615384615384616,9.576923076923077,26
wearable,heart_rate_eps4.0,n_weighted,4.0,8,6,8.0,4,4,0.0,43.0612687042966,0.22663825633840318,1.0660619604654147,0.9615384615384616,9.576923076923077,26
wearable,heart_rate_eps4.0,n_weighted,4.0,8,6,16.0,4,4,0.0,36.269373011844905,0.19089143690444688,0.41719923900096345,0.9615384615384616,9.576923076923077,26
